/*--------------------------------*- C++ -*----------------------------------*\
  =========                 |
  \\      /  F ield         | OpenFOAM: The Open Source CFD Toolbox
   \\    /   O peration     | Website:  https://openfoam.org
    \\  /    A nd           | Version:  14
     \\/     M anipulation  |
\*---------------------------------------------------------------------------*/
FoamFile
{
    format      ascii;
    class       surfaceScalarField;
    location    "3500";
    object      phi;
}
// * * * * * * * * * * * * * * * * * * * * * * * * * * * * * * * * * * * * * //

dimensions      [0 3 -1 0 0 0 0];

internalField   nonuniform List<scalar> 
10657
(
1.0681206e-16
-1.06812e-16
-2.3844411e-25
5.1609989e-16
-4.092878e-16
-1.0224096e-24
1.4108396e-15
-8.9473973e-16
-2.350645e-24
3.0637566e-15
-1.6529169e-15
-4.4403072e-24
5.878283e-15
-2.8145264e-15
-7.6519959e-24
1.0447503e-14
-4.5692196e-15
-1.250249e-23
1.7638847e-14
-7.1913445e-15
-1.972844e-23
2.8715518e-14
-1.1076672e-14
-3.0380696e-23
4.5510147e-14
-1.6794629e-14
-4.5948358e-23
7.0672517e-14
-2.516237e-14
-6.8472747e-23
1.0802194e-13
-3.7349421e-14
-1.0046554e-22
1.6304684e-13
-5.5024906e-14
-1.4411441e-22
2.4361047e-13
-8.0563625e-14
-1.9892028e-22
3.6094323e-13
-1.1733276e-13
-2.5777284e-22
5.3103107e-13
-1.7008784e-13
-3.0629001e-22
7.7654583e-13
-2.4551476e-13
-3.3955529e-22
1.1295098e-12
-3.52964e-13
-4.1003046e-22
1.6349424e-12
-5.0543255e-13
-6.7660398e-22
2.3558003e-12
-7.2085797e-13
-1.3381962e-21
3.3795946e-12
-1.0237943e-12
-2.3464429e-21
4.8271352e-12
-1.4475406e-12
-3.0934643e-21
6.8639217e-12
-2.0367865e-12
-2.6430856e-21
9.7147471e-12
-2.8508255e-12
-7.6220562e-22
1.3682121e-11
-3.9673735e-12
1.1289018e-21
1.9169137e-11
-5.4870161e-12
5.0496068e-22
2.6707457e-11
-7.5383208e-12
-4.1633852e-21
3.6991144e-11
-1.0283687e-11
-1.1733627e-20
5.0917222e-11
-1.3926078e-11
-1.9190275e-20
6.96341e-11
-1.8716877e-11
-2.4560534e-20
9.4599302e-11
-2.4965203e-11
-2.9240916e-20
1.2764836e-10
-3.304906e-11
-3.7122823e-20
1.7107741e-10
-4.3429049e-11
-5.0812295e-20
2.2774274e-10
-5.6665333e-11
-6.6601151e-20
3.0117901e-10
-7.3436261e-11
-8.8855803e-20
3.9573563e-10
-9.4556623e-11
-1.0838443e-19
5.1675763e-10
-1.21022e-10
-1.6134761e-19
6.7079023e-10
-1.540326e-10
-1.5515737e-19
8.6564862e-10
-1.9485839e-10
-2.2169414e-19
-2.4702598e-10
1.1126746e-09
-2.9440004e-19
1.1023142e-16
-2.1704337e-16
5.3260403e-16
-8.3166038e-16
1.4559025e-15
-1.8180383e-15
3.1615854e-15
-3.3585998e-15
6.0660349e-15
-5.718976e-15
1.0781424e-14
-9.2846085e-15
1.8203183e-14
-1.4613103e-14
2.9635407e-14
-2.2508896e-14
4.697023e-14
-3.4129452e-14
7.2943711e-14
-5.1135852e-14
1.1149983e-13
-7.5905543e-14
1.6830655e-13
-1.1183163e-13
2.514847e-13
-1.6374177e-13
3.7263283e-13
-2.3848089e-13
5.4826083e-13
-3.4571584e-13
8.0178284e-13
-4.9903677e-13
1.1662676e-12
-7.1744874e-13
1.6882016e-12
-1.0273666e-12
2.4325872e-12
-1.4652436e-12
3.4897684e-12
-2.0809756e-12
4.9844527e-12
-2.942225e-12
7.0874609e-12
-4.1397947e-12
1.0030793e-11
-5.7941573e-12
1.4126633e-11
-8.0632136e-12
1.9790951e-11
-1.1151335e-11
2.7572389e-11
-1.5319759e-11
3.8187203e-11
-2.0898501e-11
5.2561188e-11
-2.8300063e-11
7.1879761e-11
-3.803545e-11
9.7647728e-11
-5.073317e-11
1.3176067e-10
-6.7161999e-11
1.7659057e-10
-8.8258952e-11
2.3508955e-10
-1.1516432e-10
3.1091222e-10
-1.4925893e-10
4.0855934e-10
-1.9220375e-10
5.3356162e-10
-2.4602428e-10
6.927047e-10
-3.1317567e-10
8.940797e-10
-3.9623338e-10
-5.0236498e-10
1.1494187e-09
1.1418937e-16
-3.3123269e-16
5.5172705e-16
-1.269198e-15
1.5081782e-15
-2.7744895e-15
3.2751029e-15
-5.1255245e-15
6.2838224e-15
-8.7276956e-15
1.1168465e-14
-1.4169251e-14
1.8856558e-14
-2.2301197e-14
3.069892e-14
-3.4351258e-14
4.8655418e-14
-5.2085951e-14
7.5559966e-14
-7.8040402e-14
1.1549743e-13
-1.1584301e-13
1.7433791e-13
-1.7067211e-13
2.6049124e-13
-2.498951e-13
3.8596767e-13
-3.6395732e-13
5.6786109e-13
-5.2760927e-13
8.3041041e-13
-7.615861e-13
1.2078433e-12
-1.0948817e-12
1.748266e-12
-1.5677894e-12
2.5189309e-12
-2.2359084e-12
3.6132873e-12
-3.1753321e-12
5.1602992e-12
-4.4892369e-12
7.3365774e-12
-6.3160729e-12
1.0381938e-11
-8.8395178e-12
1.4619032e-11
-1.2300308e-11
2.0477737e-11
-1.7010039e-11
2.8525022e-11
-2.3367044e-11
3.9501129e-11
-3.1874609e-11
5.4363033e-11
-4.3161967e-11
7.4336443e-11
-5.800886e-11
1.0097797e-10
-7.7374702e-11
1.3624951e-10
-1.0243353e-10
1.8260762e-10
-1.3461706e-10
2.4311267e-10
-1.7566937e-10
3.2155659e-10
-2.2770285e-10
4.2261561e-10
-2.9326276e-10
5.5204047e-10
-3.7544914e-10
7.1689872e-10
-4.7803392e-10
9.2563583e-10
-6.0497049e-10
-7.6710027e-10
1.1903711e-09
1.1874565e-16
-4.4997829e-16
5.7373325e-16
-1.7241856e-15
1.5683104e-15
-3.7690666e-15
3.4056162e-15
-6.9628303e-15
6.5340712e-15
-1.1856151e-14
1.161289e-14
-1.9248069e-14
1.9606208e-14
-3.0294516e-14
3.1918008e-14
-4.6663058e-14
5.0585055e-14
-7.0752998e-14
7.8552059e-14
-1.0600741e-13
1.2006294e-13
-1.5735389e-13
1.8121534e-13
-2.3182451e-13
2.707434e-13
-3.3942317e-13
4.0111788e-13
-4.943318e-13
5.900839e-13
-7.1657529e-13
8.6279709e-13
-1.0342993e-12
1.2547693e-12
-1.4868539e-12
1.8158955e-12
-2.1289155e-12
2.6159041e-12
-3.0359171e-12
3.7516504e-12
-4.3110783e-12
5.3567482e-12
-6.0943347e-12
7.6141125e-12
-8.5734373e-12
1.0772041e-11
-1.1997447e-11
1.5164515e-11
-1.6692783e-11
2.1236436e-11
-2.3081959e-11
2.957457e-11
-3.1705179e-11
4.094509e-11
-4.3245129e-11
5.6338766e-11
-5.8555643e-11
7.7025176e-11
-7.869527e-11
1.0461768e-10
-1.0496721e-10
1.4115132e-10
-1.3896716e-10
1.8917675e-10
-1.8264249e-10
2.5187622e-10
-2.3836884e-10
3.3319806e-10
-3.0902469e-10
4.3802032e-10
-3.9808502e-10
5.7235162e-10
-5.0978044e-10
7.4358625e-10
-6.4926855e-10
9.6060827e-10
-8.2199251e-10
-1.042416e-09
1.235924e-09
1.2391197e-16
-5.7389021e-16
5.9867945e-16
-2.1989531e-15
1.6364616e-15
-4.8068487e-15
3.5535074e-15
-8.8798762e-15
6.8175891e-15
-1.5120232e-14
1.2116298e-14
-2.4546779e-14
2.0455153e-14
-3.863337e-14
3.3298188e-14
-5.9506094e-14
5.2768941e-14
-9.0223751e-14
8.1936988e-14
-1.3517545e-13
1.2522523e-13
-2.0064214e-13
1.8898689e-13
-2.9558616e-13
2.8231955e-13
-4.3275584e-13
4.1820874e-13
-6.3022099e-13
6.1512534e-13
-9.134919e-13
8.9924342e-13
-1.3184174e-12
1.3074963e-12
-1.8951068e-12
1.8917521e-12
-2.7131713e-12
2.7244606e-12
-3.8686257e-12
3.9062061e-12
-5.4928238e-12
5.5756765e-12
-7.7638052e-12
7.9226416e-12
-1.0920402e-11
1.1204594e-11
-1.5279399e-11
1.5767764e-11
-2.1255953e-11
2.2073269e-11
-2.9387465e-11
3.0729231e-11
-4.0361141e-11
4.2529816e-11
-5.5045713e-11
5.8502366e-11
-7.4528193e-11
7.9964129e-11
-1.0015703e-10
1.0859048e-10
-1.3359356e-10
1.4649686e-10
-1.7687355e-10
1.9633812e-10
-2.3248375e-10
2.6143292e-10
-3.0346365e-10
3.459063e-10
-3.9349807e-10
4.548661e-10
-5.0704481e-10
5.9461849e-10
-6.4953283e-10
7.7293273e-10
-8.275828e-10
9.9921403e-10
-1.0482738e-09
-1.3295674e-09
1.2863654e-09
1.2973704e-16
-7.036272e-16
6.2680238e-16
-2.6960184e-15
1.7132793e-15
-5.8933256e-15
3.7201768e-15
-1.0886774e-14
7.1370431e-15
-1.8537099e-14
1.2683384e-14
-3.009312e-14
2.1411222e-14
-4.7361208e-14
3.4852026e-14
-7.2946898e-14
5.5226669e-14
-1.105984e-13
8.5744636e-14
-1.6569342e-13
1.310291e-13
-2.459266e-13
1.9771877e-13
-3.6227583e-13
2.9531654e-13
-5.303536e-13
4.3738064e-13
-7.722851e-13
6.4318758e-13
-1.1192988e-12
9.4003872e-13
-1.6152685e-12
1.3664363e-12
-2.3215043e-12
1.9764184e-12
-3.3231534e-12
2.8454182e-12
-4.7376255e-12
4.0780926e-12
-6.7254982e-12
5.8186509e-12
-9.5043636e-12
8.2642963e-12
-1.3366048e-11
1.168246e-11
-1.8697563e-11
1.643258e-11
-2.6006072e-11
2.2993225e-11
-3.594811e-11
3.199548e-11
-4.9363396e-11
4.426363e-11
-6.7313863e-11
6.0864454e-11
-9.1129017e-11
8.3166788e-11
-1.2245937e-10
1.1291347e-10
-1.6334025e-10
1.5230783e-10
-2.1626791e-10
2.0411916e-10
-2.8429508e-10
2.7181759e-10
-3.7116207e-10
3.5972564e-10
-4.8140612e-10
4.7320952e-10
-6.205287e-10
6.189128e-10
-7.9523611e-10
8.0502904e-10
-1.013699e-09
1.0415616e-09
-1.2848063e-09
-1.6298304e-09
1.3418246e-09
1.3625003e-16
-8.3987719e-16
6.5824226e-16
-3.2180106e-15
1.7991466e-15
-7.03423e-15
3.9064562e-15
-1.2994083e-14
7.4940301e-15
-2.2124672e-14
1.3316986e-14
-3.5916075e-14
2.2479213e-14
-5.6523436e-14
3.6587339e-14
-8.7055024e-14
5.797064e-14
-1.319817e-13
8.9994272e-14
-1.9771705e-13
1.37504e-13
-2.9343634e-13
2.0745543e-13
-4.3222726e-13
3.098006e-13
-6.3269877e-13
4.5873134e-13
-9.2121584e-13
6.7441339e-13
-1.3349809e-12
9.8538944e-13
-1.9262446e-12
1.4318843e-12
-2.7679992e-12
2.0703119e-12
-3.961581e-12
2.9793597e-12
-5.6466734e-12
4.2681123e-12
-8.0142508e-12
6.0867605e-12
-1.1323012e-11
8.6405317e-12
-1.5919819e-11
1.2207553e-11
-2.2264584e-11
1.7161431e-11
-3.0959951e-11
2.3999429e-11
-4.2786108e-11
3.3377198e-11
-5.8741165e-11
4.6151256e-11
-8.0087921e-11
6.3430657e-11
-1.0840842e-10
8.6639719e-11
-1.4566843e-10
1.1759418e-10
-1.9429471e-10
1.5859268e-10
-2.5726641e-10
2.1252888e-10
-3.3823128e-10
2.8303923e-10
-4.4167242e-10
3.7466413e-10
-5.7303102e-10
4.9305589e-10
-7.3892046e-10
6.4523327e-10
-9.474135e-10
8.3986152e-10
-1.2083273e-09
1.0876085e-09
-1.5325533e-09
-1.9444354e-09
1.4022135e-09
1.4347093e-16
-9.8334807e-16
6.9309552e-16
-3.7676351e-15
1.894326e-15
-8.2354605e-15
4.1129119e-15
-1.5212669e-14
7.8896267e-15
-2.5901387e-14
1.4018996e-14
-4.2045445e-14
2.3662278e-14
-6.6166717e-14
3.8509174e-14
-1.0190192e-13
6.1008698e-14
-1.5448122e-13
9.4697801e-14
-2.3140616e-13
1.4466765e-13
-3.4340618e-13
2.1822278e-13
-5.0578239e-13
3.2580909e-13
-7.4028509e-13
4.8231394e-13
-1.0777207e-12
7.0887731e-13
-1.5615443e-12
1.0353989e-12
-2.2527661e-12
1.5039818e-12
-3.2365821e-12
2.1736228e-12
-4.6312221e-12
3.126537e-12
-6.5995876e-12
4.4765913e-12
-9.3643051e-12
6.3804148e-12
-1.3226835e-11
9.0518413e-12
-1.8591246e-11
1.278043e-11
-2.5993173e-11
1.7954896e-11
-3.6134417e-11
2.5092378e-11
-4.9923589e-11
3.4874623e-11
-6.852341e-11
4.8192378e-11
-9.3405677e-11
6.619964e-11
-1.2641568e-10
9.0379879e-11
-1.6984867e-10
1.2262691e-10
-2.2654174e-10
1.6534165e-10
-2.9998115e-10
2.2155102e-10
-3.9444065e-10
2.9507167e-10
-5.1519306e-10
3.9068064e-10
-6.6864e-10
5.1434132e-10
-8.6258114e-10
6.7348079e-10
-1.106553e-09
8.7727744e-10
-1.4121239e-09
1.1371143e-09
-1.7923901e-09
-2.2744829e-09
1.4671618e-09
1.513958e-16
-1.1347438e-15
7.3134269e-16
-4.347582e-15
1.9987633e-15
-9.5028811e-15
4.3394242e-15
-1.755333e-14
8.3235986e-15
-2.9885562e-14
1.478899e-14
-4.8510837e-14
2.4959678e-14
-7.6337405e-14
4.0616291e-14
-1.1755853e-13
6.4338808e-14
-1.7820374e-13
9.9851934e-14
-2.6691928e-13
1.5251477e-13
-3.9606902e-13
2.3001243e-13
-5.8328006e-13
3.4332876e-13
-8.5360141e-13
5.0810746e-13
-1.2424994e-12
7.4654619e-13
-1.799983e-12
1.0900146e-12
-2.5962345e-12
1.5826457e-12
-3.7292133e-12
2.2862201e-12
-5.3347965e-12
3.2867427e-12
-7.6001102e-12
4.7032021e-12
-1.0780765e-11
6.6990976e-12
-1.5222731e-11
9.4974147e-12
-2.1389563e-11
1.3399827e-11
-2.9895586e-11
1.8811007e-11
-4.1545597e-11
2.6269036e-11
-5.7381619e-11
3.6483109e-11
-7.8737482e-11
5.0379946e-11
-1.0730251e-10
6.9160798e-11
-1.4519653e-10
9.4371459e-11
-1.9505933e-10
1.2798843e-10
-2.6015871e-10
1.72521e-10
-3.4451372e-10
2.3113615e-10
-4.5305581e-10
3.0784274e-10
-5.9189965e-10
4.0767001e-10
-7.6846727e-10
5.3691243e-10
-9.9182356e-10
7.0343035e-10
-1.2730709e-09
9.1694628e-10
-1.6256399e-09
1.1895881e-09
-2.0650319e-09
-2.6208487e-09
1.5359539e-09
1.5999241e-16
-1.2947362e-15
7.7282779e-16
-4.9604173e-15
2.1120316e-15
-1.0842085e-14
4.5850639e-15
-2.0026362e-14
8.7941589e-15
-3.4094657e-14
1.5623781e-14
-5.5340459e-14
2.6366017e-14
-8.7079641e-14
4.2899872e-14
-1.3409239e-13
6.7946926e-14
-2.0325079e-13
1.0543474e-13
-3.044071e-13
1.6101163e-13
-4.5164591e-13
2.427731e-13
-6.6504153e-13
3.6228228e-13
-9.7311058e-13
5.3599624e-13
-1.4162134e-12
7.8724796e-13
-2.0512347e-12
1.1489818e-12
-2.9579684e-12
1.6675003e-12
-4.2477318e-12
2.4075513e-12
-6.0748474e-12
3.459167e-12
-8.651726e-12
4.9467607e-12
-1.2268358e-11
7.0410821e-12
-1.7317052e-11
9.9747389e-12
-2.432322e-11
1.4062096e-11
-3.3982943e-11
1.9724482e-11
-4.7207983e-11
2.7521781e-11
-6.5178918e-11
3.8191685e-11
-8.9407387e-11
5.2698218e-11
-1.2180905e-10
7.2291591e-11
-1.647899e-10
9.858225e-11
-2.2134999e-10
1.3363301e-10
-2.9520947e-10
1.8006627e-10
-3.9094698e-10
2.4119256e-10
-5.141821e-10
3.2122239e-10
-6.7192948e-10
4.2544647e-10
-8.7269134e-10
5.6050367e-10
-1.1268808e-09
7.3470025e-10
-1.4472675e-09
9.5831772e-10
-1.8492573e-09
1.2442333e-09
-2.3509475e-09
-2.9840761e-09
1.6074607e-09
1.6919087e-16
-1.463927e-15
8.1721405e-16
-5.6084405e-15
2.2332108e-15
-1.2258082e-14
4.8478337e-15
-2.2640985e-14
9.2974749e-15
-3.8544298e-14
1.6516556e-14
-6.255954e-14
2.7869784e-14
-9.8432869e-14
4.534116e-14
-1.5156376e-13
7.1803299e-14
-2.2971293e-13
1.1139996e-13
-3.4400376e-13
1.7008745e-13
-5.103334e-13
2.5639776e-13
-7.5135184e-13
3.8250945e-13
-1.0992223e-12
5.657424e-13
-1.5994463e-12
8.3063179e-13
-2.3161241e-12
1.2117861e-12
-3.3391227e-12
1.7577951e-12
-4.7937407e-12
2.536526e-12
-6.8535784e-12
3.6422326e-12
-9.7574326e-12
5.2049939e-12
-1.383112e-11
7.4031039e-12
-1.9515162e-11
1.0479143e-11
-2.7399259e-11
1.4760575e-11
-3.8264375e-11
2.0685856e-11
-5.3133264e-11
2.8837206e-11
-7.3330267e-11
3.998143e-11
-1.0055161e-10
5.5120559e-11
-1.3694818e-10
7.5554572e-11
-1.8522392e-10
1.0295954e-10
-2.4875496e-10
1.3948672e-10
-3.3173664e-10
1.8787443e-10
-4.3933469e-10
2.5157767e-10
-5.7788535e-10
3.3500992e-10
-7.5536172e-10
4.4372528e-10
-9.814067e-10
5.8471309e-10
-1.2678686e-09
7.667194e-10
-1.6292738e-09
1.0005763e-09
-2.0831142e-09
1.2998846e-09
-2.6502559e-09
-3.3643283e-09
1.6801368e-09
1.7887347e-16
-1.6428004e-15
8.6393288e-16
-6.2934999e-15
2.3607486e-15
-1.3754897e-14
5.1243653e-15
-2.5404602e-14
9.8270885e-15
-4.3247021e-14
1.7455844e-14
-7.0188296e-14
2.9451631e-14
-1.1042866e-13
4.7908689e-14
-1.7002082e-13
7.5858111e-14
-2.5766236e-13
1.1767034e-13
-3.8581598e-13
1.7962427e-13
-5.7228733e-13
2.7070866e-13
-8.4243623e-13
4.0374518e-13
-1.2322588e-12
5.9695392e-13
-1.792655e-12
8.7612212e-13
-2.5952923e-12
1.2775877e-12
-3.7405883e-12
1.8523112e-12
-5.3684642e-12
2.6713842e-12
-7.6726514e-12
3.8334088e-12
-1.0919457e-11
5.4742782e-12
-1.5471989e-11
7.7799965e-12
-2.1820881e-11
1.1003289e-11
-3.0622551e-11
1.5484885e-11
-4.2745971e-11
2.1680505e-11
-5.9328885e-11
3.0194788e-11
-8.184455e-11
4.1823658e-11
-1.1218048e-10
5.7607026e-11
-1.5273154e-10
7.8894252e-11
-2.0651114e-10
1.0742595e-10
-2.7728666e-10
1.4544105e-10
-3.6975175e-10
1.9579434e-10
-4.8968797e-10
2.6209328e-10
-6.4418429e-10
3.4891564e-10
-8.4218408e-10
4.6210266e-10
-1.0945937e-09
6.0897739e-10
-1.4147433e-09
7.9869447e-10
-1.8189909e-09
1.0425955e-09
-2.3270152e-09
1.3549157e-09
-2.9625761e-09
-3.7609061e-09
1.7514936e-09
1.8887038e-16
-1.8316708e-15
9.1216198e-16
-7.0167915e-15
2.4923946e-15
-1.533513e-14
5.4097697e-15
-2.8321977e-14
1.0373619e-14
-4.821087e-14
1.8424977e-14
-7.8239654e-14
3.108342e-14
-1.230871e-13
5.0556668e-14
-1.8949407e-13
8.0038826e-14
-2.8714451e-13
1.241333e-13
-4.2991045e-13
1.8945019e-13
-6.3760423e-13
2.8544661e-13
-9.3843265e-13
4.2560271e-13
-1.3724149e-12
6.2905872e-13
-1.9961111e-12
9.2287905e-13
-2.8891127e-12
1.3451614e-12
-4.1628707e-12
1.9492721e-12
-5.9725749e-12
2.8095637e-12
-8.5329431e-12
4.0290195e-12
-1.2138913e-11
5.7493651e-12
-1.7192335e-11
8.1643009e-12
-2.4235817e-11
1.1536626e-11
-3.3994876e-11
1.6220165e-11
-4.7429511e-11
2.268759e-11
-6.579631e-11
3.1565436e-11
-9.0722395e-11
4.3677942e-11
-1.2429299e-10
6.010176e-11
-1.6915536e-10
8.2234052e-11
-2.2864344e-10
1.1187689e-10
-3.069295e-10
1.5134863e-10
-4.0922348e-10
2.0360618e-10
-5.4194553e-10
2.7242887e-10
-7.1300698e-10
3.6254758e-10
-9.3230279e-10
4.8003987e-10
-1.212086e-09
6.3254903e-10
-1.5672525e-09
8.2958059e-10
-2.0160224e-09
1.0829058e-09
-2.5803405e-09
1.4072408e-09
-3.2869111e-09
-4.1721543e-09
1.818489e-09
1.989375e-16
-2.0306082e-15
9.6072193e-16
-7.7785759e-15
2.6249236e-15
-1.6999332e-14
5.6970471e-15
-3.1394101e-14
1.0923651e-14
-5.3437474e-14
1.9400143e-14
-8.6716146e-14
3.2725025e-14
-1.3641198e-13
5.3219918e-14
-2.0998896e-13
8.4242417e-14
-3.1816701e-13
1.3062935e-13
-4.7629739e-13
1.9932232e-13
-7.062972e-13
3.0024651e-13
-1.0393568e-12
4.4753914e-13
-1.5197075e-12
6.6125673e-13
-2.2098287e-12
9.6973247e-13
-3.1975884e-12
1.4128073e-12
-4.6059455e-12
2.0462226e-12
-6.6059901e-12
2.9475371e-12
-9.4342576e-12
4.2240212e-12
-1.3415397e-11
6.0230768e-12
-1.899139e-11
8.5458479e-12
-2.6758588e-11
1.2064808e-11
-3.7513836e-11
1.6946269e-11
-5.2310971e-11
2.3678936e-11
-7.2528977e-11
3.2909909e-11
-9.9953368e-11
4.548987e-11
-1.3687295e-10
6.2529737e-11
-1.8619523e-10
8.5471946e-11
-2.5158564e-10
1.1618093e-10
-3.3763848e-10
1.5704258e-10
-4.5008513e-10
2.1105753e-10
-5.9596048e-10
2.8213637e-10
-7.8408582e-10
3.7531681e-10
-1.0254832e-09
4.9684192e-10
-1.3336111e-09
6.5447848e-10
-1.724889e-09
8.580575e-10
-2.2196014e-09
1.1196714e-09
-2.8419544e-09
1.4543244e-09
-3.6215641e-09
-4.5956351e-09
1.8778052e-09
2.0876638e-16
-2.2393746e-15
1.0081263e-15
-8.5779357e-15
2.7542818e-15
-1.8745487e-14
5.9774047e-15
-3.4617223e-14
1.1460324e-14
-5.8920394e-14
2.0351395e-14
-9.5607217e-14
3.4325905e-14
-1.5038649e-13
5.5816191e-14
-2.3147925e-13
8.8338587e-14
-3.5068941e-13
1.3695627e-13
-5.2491507e-13
2.0893174e-13
-7.7827267e-13
3.1464251e-13
-1.1450676e-12
4.6885928e-13
-1.6739243e-12
6.9251962e-13
-2.433489e-12
1.0151729e-12
-3.5202416e-12
1.4783247e-12
-5.0690973e-12
2.1399742e-12
-7.2676396e-12
3.0807126e-12
-1.0374996e-11
4.4118391e-12
-1.4746524e-11
6.2860514e-12
-2.0865603e-11
8.9113779e-12
-2.9383914e-11
1.2569152e-11
-4.1171611e-11
1.763699e-11
-5.7378809e-11
2.4617934e-11
-7.9509921e-11
3.4177215e-11
-1.0951265e-10
4.7188442e-11
-1.4988418e-10
6.4791536e-11
-2.0379832e-10
8.8465057e-11
-2.7525917e-10
1.2011465e-10
-3.6928808e-10
1.6217547e-10
-4.9214595e-10
2.1779305e-10
-6.5157806e-10
2.909984e-10
-8.5729116e-10
3.8683861e-10
-1.1213234e-09
5.1169868e-10
-1.4584712e-09
6.7359843e-10
-1.8867888e-09
8.8251009e-10
-2.4285131e-09
1.1506683e-09
-3.1101126e-09
1.4931238e-09
-3.9640196e-09
-5.0278505e-09
1.9253392e-09
2.179321e-16
-2.4573066e-15
1.0523225e-15
-9.4123262e-15
2.8748623e-15
-2.0568027e-14
6.2386855e-15
-3.7981047e-14
1.1960366e-14
-6.4642074e-14
2.1237478e-14
-1.0488433e-13
3.5816638e-14
-1.6496565e-13
5.8232916e-14
-2.5389553e-13
9.2149757e-14
-3.8460625e-13
1.4283977e-13
-5.7560508e-13
2.1786186e-13
-8.5329476e-13
3.2801033e-13
-1.2552161e-12
4.8863793e-13
-1.8345519e-12
7.2148903e-13
-2.6663401e-12
1.0572218e-12
-3.8559744e-12
1.5388517e-12
-5.5507272e-12
2.2264122e-12
-7.9552002e-12
3.2032052e-12
-1.1351789e-11
4.5840972e-12
-1.6127416e-11
6.5264211e-12
-2.2807927e-11
9.2441501e-12
-3.2101643e-11
1.3026149e-11
-4.495361e-11
1.8259471e-11
-6.2612131e-11
2.5458886e-11
-8.6709336e-11
3.5304121e-11
-1.1935788e-10
4.8686678e-11
-1.6326673e-10
6.6768553e-11
-2.218802e-10
9.105556e-11
-2.9954617e-10
1.2348826e-10
-4.0172077e-10
1.6655692e-10
-5.3521462e-10
2.2347059e-10
-7.0849173e-10
2.9829966e-10
-9.3212022e-10
3.961722e-10
-1.219196e-09
5.2354116e-10
-1.5858401e-09
6.8849326e-10
-2.0517409e-09
9.0101657e-10
-2.6410364e-09
1.1732798e-09
-3.3823758e-09
1.5200915e-09
-4.3108313e-09
-5.4640824e-09
1.9563234e-09
2.2598335e-16
-2.6832899e-15
1.0911365e-15
-1.0277479e-14
2.9807277e-15
-2.2457618e-14
6.4679938e-15
-4.1468313e-14
1.2399011e-14
-7.0573091e-14
2.201432e-14
-1.1449964e-13
3.7122683e-14
-1.8007401e-13
6.0348476e-14
-2.7712132e-13
9.5482692e-14
-4.1974047e-13
1.4797894e-13
-6.2810133e-13
2.2565132e-13
-9.3096714e-13
3.3965135e-13
-1.3692161e-12
5.05828e-13
-2.0007286e-12
7.46609e-13
-2.9071211e-12
1.0935846e-12
-4.20295e-12
1.5910279e-12
-6.0481705e-12
2.3006489e-12
-8.6648213e-12
3.3079538e-12
-1.2359094e-11
4.7306645e-12
-1.7550126e-11
6.7297506e-12
-2.4807013e-11
9.5237377e-12
-3.489563e-11
1.3407085e-11
-4.8836957e-11
1.8773603e-11
-6.797865e-11
2.6146103e-11
-9.4081836e-11
3.6213774e-11
-1.2942555e-10
4.9879197e-11
-1.7693216e-10
6.8317355e-11
-2.4031836e-10
9.3049539e-11
-3.2427836e-10
1.2603578e-10
-4.3470701e-10
1.6979242e-10
-5.7897126e-10
2.2754595e-10
-7.6624526e-10
3.0338086e-10
-1.0079551e-09
4.0243571e-10
-1.3182508e-09
5.3114525e-10
-1.7145497e-09
6.9751719e-10
-2.2181128e-09
9.113607e-10
-2.8548799e-09
1.1845195e-09
-3.6555346e-09
1.5312232e-09
-4.6575349e-09
-5.8983087e-09
1.9654495e-09
2.3222242e-16
-2.9155123e-15
1.1211885e-15
-1.1166445e-14
3.0626438e-15
-2.4399073e-14
6.6453256e-15
-4.5050995e-14
1.2738026e-14
-7.6665791e-14
2.2614309e-14
-1.2437592e-13
3.8130598e-14
-1.955903e-13
6.1979583e-14
-3.0097031e-13
9.8049496e-14
-4.5581038e-13
1.5193138e-13
-6.8198322e-13
2.3163208e-13
-1.0106678e-12
3.4857118e-13
-1.4861552e-12
5.1896695e-13
-2.1711243e-12
7.6575023e-13
-3.1539044e-12
1.1211881e-12
-4.5583879e-12
1.6304505e-12
-6.5574329e-12
2.3564151e-12
-9.3907858e-12
3.3860763e-12
-1.3388755e-11
4.8390071e-12
-1.9003057e-11
6.8784131e-12
-2.6846419e-11
9.7254287e-12
-3.7742646e-11
1.3677433e-11
-5.2788962e-11
1.9131338e-11
-7.3432554e-11
2.6613022e-11
-1.0156352e-10
3.6814416e-11
-1.3962695e-10
5.0640118e-11
-1.9075786e-10
6.926595e-11
-2.5894419e-10
9.4212322e-11
-3.4922473e-10
1.2743598e-10
-4.6793067e-10
1.7144508e-10
-6.2298035e-10
2.2944104e-10
-8.2424122e-10
3.0546798e-10
-1.0839821e-09
4.0459409e-10
-1.417377e-09
5.3311994e-10
-1.8430755e-09
6.9880978e-10
-2.3838027e-09
9.1106202e-10
-3.0671322e-09
1.1810849e-09
-3.9255575e-09
1.5221442e-09
-4.9985942e-09
-6.3231551e-09
1.9469906e-09
2.361505e-16
-3.1516628e-15
1.1400956e-15
-1.207039e-14
3.1141127e-15
-2.6373091e-14
6.7565312e-15
-4.8693413e-14
1.2950095e-14
-8.2859354e-14
2.2988474e-14
-1.344143e-13
3.8756796e-14
-2.1135862e-13
6.2988365e-14
-3.2520188e-13
9.9628321e-14
-4.9245033e-13
1.5434661e-13
-7.3670151e-13
2.3525816e-13
-1.0915794e-12
3.5392857e-13
-1.6048256e-12
5.2677009e-13
-2.3439658e-12
7.7696607e-13
-3.4041004e-12
1.1371039e-12
-4.9185257e-12
1.6527465e-12
-7.0730756e-12
2.387232e-12
-1.0125271e-11
3.4280585e-12
-1.4429582e-11
4.8952886e-12
-2.0470287e-11
6.9524933e-12
-2.8903623e-11
9.8208562e-12
-4.0611009e-11
1.3797184e-11
-5.6765289e-11
1.9276739e-11
-7.8912109e-11
2.6782034e-11
-1.0906882e-10
3.6999059e-11
-1.4984397e-10
5.0822779e-11
-2.0458158e-10
6.9414206e-11
-2.7753562e-10
9.427178e-11
-3.740823e-10
1.2732011e-10
-5.00979e-10
1.7101931e-10
-6.6667955e-10
2.2849549e-10
-8.817174e-10
3.0368186e-10
-1.1591685e-09
4.0147767e-10
-1.5151728e-09
5.2791482e-10
-1.9695127e-09
6.903245e-10
-2.5462123e-09
8.974302e-10
-3.2742378e-09
1.1594477e-09
-4.1875751e-09
1.4882452e-09
-5.3273917e-09
-6.7298807e-09
1.8949708e-09
2.3652014e-16
-3.3881829e-15
1.1417852e-15
-1.2975655e-14
3.1185288e-15
-2.8349834e-14
6.7656988e-15
-5.2340583e-14
1.2966812e-14
-8.9060468e-14
2.3016426e-14
-1.4446391e-13
3.8800534e-14
-2.2714273e-13
6.305295e-14
-3.4945429e-13
9.9718248e-14
-5.2911563e-13
1.5446332e-13
-7.9144658e-13
2.3539484e-13
-1.1725109e-12
3.5406001e-13
-1.7234908e-12
5.2683351e-13
-2.5167393e-12
7.7682635e-13
-3.6540932e-12
1.1364915e-12
-5.2781908e-12
1.6511493e-12
-7.5877334e-12
2.3837109e-12
-1.0857833e-11
3.4209397e-12
-1.546681e-11
4.8816628e-12
-2.193101e-11
6.9274231e-12
-3.0949384e-11
9.7761578e-12
-4.3459743e-11
1.3719607e-11
-6.0708739e-11
1.9145313e-11
-8.4337815e-11
2.6564287e-11
-1.1648779e-10
3.6645711e-11
-1.599254e-10
5.0260414e-11
-2.1819628e-10
6.8535248e-11
-2.9581045e-10
9.2920759e-11
-3.9846781e-10
1.2527456e-10
-5.333328e-10
1.6796208e-10
-7.0936708e-10
2.2397349e-10
-9.377288e-10
2.9704815e-10
-1.2322431e-09
3.918032e-10
-1.6099278e-09
5.1384966e-10
-2.0915591e-09
6.6987768e-10
-2.7022404e-09
8.6764749e-10
-3.4720076e-09
1.1159865e-09
-4.4359141e-09
1.4248719e-09
-5.6362771e-09
-7.1083748e-09
1.803366e-09
2.3331081e-16
-3.6214937e-15
1.1262666e-15
-1.3868611e-14
3.0759724e-15
-3.029954e-14
6.6728028e-15
-5.5937413e-14
1.2787346e-14
-9.5175011e-14
2.2694732e-14
-1.543713e-13
3.8251824e-14
-2.4269983e-13
6.2148808e-14
-3.7335128e-13
9.8264954e-14
-5.6523178e-13
1.5216939e-13
-8.4535102e-13
2.3182247e-13
-1.252164e-12
3.4855228e-13
-1.8402206e-12
5.1840569e-13
-2.6865928e-12
7.640036e-13
-3.8996911e-12
1.1170679e-12
-5.6312552e-12
1.6218319e-12
-8.0924974e-12
2.3395974e-12
-1.1575598e-11
3.3547581e-12
-1.6481971e-11
4.7826724e-12
-2.3358924e-11
6.7798353e-12
-3.2946547e-11
9.5568776e-12
-4.6236786e-11
1.3395023e-11
-6.4546884e-11
1.866677e-11
-8.9609563e-11
2.5861794e-11
-1.2368281e-10
3.5619299e-11
-1.696829e-10
4.8768426e-11
-2.3134541e-10
6.6378542e-11
-3.1342056e-10
8.9821371e-11
-4.2191064e-10
1.2084652e-10
-5.6435795e-10
1.6167066e-10
-7.5019121e-10
2.1507733e-10
-9.9113547e-10
2.8451805e-10
-1.3016838e-09
3.7420318e-10
-1.6996129e-09
4.8915876e-10
-2.2065147e-09
6.3521759e-10
-2.8482992e-09
8.1888026e-10
-3.6556703e-09
1.0471626e-09
-4.6641965e-09
1.3275546e-09
-5.9166691e-09
-7.4471369e-09
1.6663168e-09
2.2378166e-16
-3.8452754e-15
1.0800839e-15
-1.4724913e-14
2.949564e-15
-3.216902e-14
6.3981955e-15
-5.9386045e-14
1.2260535e-14
-1.0103735e-13
2.1758841e-14
-1.6386961e-13
3.6672807e-14
-2.5761379e-13
5.9580463e-14
-3.9625893e-13
9.4198675e-14
-5.9984999e-13
1.4586214e-13
-8.9701448e-13
2.2219364e-13
-1.3284955e-12
3.3403622e-13
-1.9520632e-12
4.9674087e-13
-2.8492974e-12
7.3193115e-13
-4.1348814e-12
1.0699003e-12
-5.9692243e-12
1.5528348e-12
-8.575432e-12
2.2391038e-12
-1.2261867e-11
3.2088976e-12
-1.7451765e-11
4.571556e-12
-2.4721583e-11
6.4749783e-12
-3.4849969e-11
9.1175825e-12
-4.887939e-11
1.2763369e-11
-6.819267e-11
1.776077e-11
-9.4606964e-11
2.4566129e-11
-1.3048817e-10
3.3772875e-11
-1.7888965e-10
4.6147701e-11
-2.4372024e-10
6.2675228e-11
-3.2994809e-10
8.4612529e-11
-4.4384794e-10
1.1355419e-10
-5.9329961e-10
1.5150675e-10
-7.8814378e-10
2.0096763e-10
-1.0405963e-09
2.649972e-10
-1.3657134e-09
3.4726644e-10
-1.7818822e-09
4.520491e-10
-2.3112974e-09
5.8411185e-10
-2.9803619e-09
7.4842229e-10
-3.8199808e-09
9.4976952e-10
-4.8655437e-09
1.1923475e-09
-6.159247e-09
-7.7334265e-09
1.478637e-09
2.1010465e-16
-4.05538e-15
1.0141457e-15
-1.5528954e-14
2.7693595e-15
-3.3924234e-14
6.0064772e-15
-6.2623163e-14
1.1507587e-14
-1.0653846e-13
2.0417253e-14
-1.7277927e-13
3.4400591e-14
-2.7159713e-13
5.5867248e-14
-4.1772559e-13
8.8287318e-14
-6.3227006e-13
1.3663475e-13
-9.4536192e-13
2.0800624e-13
-1.399867e-12
3.1247955e-13
-2.0565365e-12
4.6429562e-13
-3.0011135e-12
6.8347334e-13
-4.3540591e-12
9.9799586e-13
-6.2837468e-12
1.4467411e-12
-9.0241772e-12
2.083367e-12
-1.2898493e-11
2.9814019e-12
-1.83498e-11
4.2408308e-12
-2.5981012e-11
5.9965078e-12
-3.6605646e-11
8.4287678e-12
-5.131165e-11
1.1776669e-11
-7.1540572e-11
1.6354389e-11
-9.9184684e-11
2.2571433e-11
-1.3670522e-10
3.095752e-11
-1.8727573e-10
4.2193171e-11
-2.5495589e-10
5.7147062e-11
-3.4490198e-10
7.6920867e-11
-4.6362175e-10
1.0290126e-10
-6.1928e-10
1.3681646e-10
-8.2205898e-10
1.8079068e-10
-1.0845706e-09
2.3738299e-10
-1.4223057e-09
3.0958891e-10
-1.8540881e-09
4.0076866e-10
-2.4024771e-09
5.1444446e-10
-3.0940377e-09
6.538641e-10
-3.9594004e-09
8.2135102e-10
-5.0330306e-09
1.0168874e-09
-6.3547835e-09
-7.9536013e-09
1.2370623e-09
1.8623376e-16
-4.2416137e-15
8.986517e-16
-1.6241372e-14
2.4535908e-15
-3.5479173e-14
5.3211636e-15
-6.5490735e-14
1.0194139e-14
-1.1141144e-13
1.8086362e-14
-1.806715e-13
3.0472758e-14
-2.8398352e-13
4.9487632e-14
-4.3674046e-13
7.8204284e-14
-6.6098671e-13
1.210272e-13
-9.8818483e-13
1.8423891e-13
-1.4630787e-12
2.7675743e-13
-2.149055e-12
4.1117712e-13
-3.1355332e-12
6.0518652e-13
-4.5480685e-12
8.8347997e-13
-6.5620402e-12
1.2803057e-12
-9.4210029e-12
1.8428194e-12
-1.3461007e-11
2.6354372e-12
-1.9142418e-11
3.7454075e-12
-2.7090982e-11
5.2898417e-12
-3.815008e-11
7.4244777e-12
-5.3446286e-11
1.0354491e-11
-7.4470585e-11
1.4347731e-11
-1.0317792e-10
1.9750863e-11
-1.4210835e-10
2.7008975e-11
-1.9453385e-10
3.66893e-11
-2.6463621e-10
4.9509565e-11
-3.5772225e-10
6.637095e-11
-4.8048313e-10
8.8394346e-11
-6.4130339e-10
1.1695599e-10
-8.5062062e-10
1.5371417e-10
-1.1213288e-09
2.0061223e-10
-1.4692038e-09
2.5983427e-10
-1.9133101e-09
3.3367835e-10
-2.4763212e-09
4.2429134e-10
-3.1846507e-09
5.3316948e-10
-4.0682785e-09
6.6048697e-10
-5.1603481e-09
8.0280966e-10
-6.4971062e-09
-8.0935023e-09
9.4271073e-10
1.6194291e-16
-4.4035567e-15
7.8144462e-16
-1.6860874e-14
2.1334838e-15
-3.6831212e-14
4.6265115e-15
-6.7983763e-14
8.86217e-15
-1.1564709e-13
1.5720485e-14
-1.8752981e-13
2.6480888e-14
-2.9474393e-13
4.2993359e-14
-4.5325293e-13
6.7919255e-14
-6.8591261e-13
1.0506826e-13
-1.0253338e-12
1.598668e-13
-1.5178772e-12
2.400043e-13
-2.2291925e-12
3.5631727e-13
-3.2518461e-12
5.2398669e-13
-4.7157379e-12
7.6414148e-13
-6.802195e-12
1.1059785e-12
-9.7628399e-12
1.5895253e-12
-1.3944554e-11
2.2691856e-12
-1.9822078e-11
3.2182123e-12
-2.8040009e-11
4.5342589e-12
-3.9466126e-11
6.3461564e-12
-5.5258183e-11
8.8220746e-12
-7.6946503e-11
1.217925e-11
-1.065351e-10
1.6695509e-11
-1.4662461e-10
2.2722857e-11
-2.005612e-10
3.0703363e-11
-2.7261672e-10
4.118727e-11
-3.6820615e-10
5.4852505e-11
-4.9414837e-10
7.252309e-11
-6.5897398e-10
9.518106e-11
-8.7327859e-10
1.2396191e-10
-1.1501096e-09
1.6011723e-10
-1.5053591e-09
2.0492092e-10
-1.9581138e-09
2.5948905e-10
-2.5308893e-09
3.2447358e-10
-3.2496353e-09
3.9956153e-10
-4.1433665e-09
4.8313755e-10
-5.2439241e-09
5.7181044e-10
-6.5857791e-09
-8.1982364e-09
6.7654446e-10
1.1677293e-16
-4.5203296e-15
5.6331723e-16
-1.7307418e-14
1.5373645e-15
-3.7805259e-14
3.3321312e-15
-6.977853e-14
6.3787756e-15
-1.1869374e-13
1.1306678e-14
-1.9245771e-13
1.9028694e-14
-3.0246594e-13
3.0861085e-14
-4.6508533e-13
4.8691259e-14
-7.0374278e-13
7.5210776e-14
-1.0518534e-12
1.1423656e-13
-1.556903e-12
1.711498e-13
-2.2861057e-12
2.5348945e-13
-3.3341858e-12
3.7174546e-13
-4.8339939e-12
5.4040432e-13
-6.9708539e-12
7.7930576e-13
-1.0001741e-11
1.1153718e-12
-1.428062e-11
1.584766e-12
-2.0291472e-11
2.2355299e-12
-2.8690773e-11
3.1307235e-12
-4.036132e-11
4.3520698e-12
-5.6479529e-11
6.0040714e-12
-7.8598505e-11
8.2185417e-12
-1.0874957e-10
1.1159465e-11
-1.4956553e-10
1.5028054e-11
-2.0442979e-10
2.0067741e-11
-2.776564e-10
2.6568389e-11
-3.747068e-10
3.4868128e-11
-5.0244811e-10
4.534941e-11
-6.6945526e-10
5.8422989e-11
-8.8635217e-10
7.448935e-11
-1.166176e-09
9.3861871e-11
-1.5247316e-09
1.1663108e-10
-1.980883e-09
1.4245042e-10
-2.5567087e-09
1.7021617e-10
-3.277401e-09
1.975309e-10
-4.1706812e-09
2.2052148e-10
-5.2669147e-09
2.3365882e-10
-6.5989164e-09
-8.1972849e-09
2.3270732e-10
6.220389e-17
-4.5825335e-15
2.9969695e-16
-1.7544911e-14
8.1712674e-16
-3.8322689e-14
1.7694429e-15
-7.0730846e-14
3.3839419e-15
-1.2030824e-13
5.9914565e-15
-1.9506523e-13
1.0070142e-14
-3.0654463e-13
1.6306514e-14
-4.713217e-13
2.5679842e-14
-7.1311611e-13
3.9577704e-14
-1.0657512e-12
5.9952382e-14
-1.5772777e-12
8.9529587e-14
-2.3156829e-12
1.3208226e-13
-3.3767385e-12
1.9278211e-13
-4.8946938e-12
2.7863899e-13
-7.0567107e-12
3.99031e-13
-1.0122133e-11
5.6631489e-13
-1.4447904e-11
7.9648333e-13
-2.0521641e-11
1.1098027e-12
-2.9004092e-11
1.5313211e-12
-4.0782838e-11
2.091084e-12
-5.7039292e-11
2.8238403e-12
-7.9331261e-11
3.7679601e-12
-1.0969369e-10
4.9632072e-12
-1.5076078e-10
6.4468718e-12
-2.0591345e-10
8.247496e-12
-2.7945703e-10
1.0374873e-11
-3.7683418e-10
1.2803966e-11
-5.048772e-10
1.5448626e-11
-6.7209992e-10
1.8118265e-11
-8.8902181e-10
2.0447051e-11
-1.1685047e-09
2.178116e-11
-1.5260657e-09
2.1006696e-11
-1.9801086e-09
1.6308755e-11
-2.5520107e-09
4.8607279e-12
-3.265953e-09
-1.7836346e-11
-4.1479841e-09
-5.8044042e-11
-5.226707e-09
-1.2407164e-10
-6.5328888e-09
-8.0960059e-09
-2.253506e-10
3.9803359e-18
-4.5865139e-15
1.8699219e-17
-1.755963e-14
4.9653243e-17
-3.8353643e-14
1.0414944e-16
-7.0785342e-14
1.9149749e-16
-1.2039559e-13
3.2279226e-16
-1.9519652e-13
5.0980529e-16
-3.0673164e-13
7.6205951e-16
-4.7157395e-13
1.0804179e-15
-7.1343447e-13
1.4442521e-15
-1.0661151e-12
1.7871463e-15
-1.5776206e-12
1.9526373e-15
-2.3158484e-12
1.6159589e-15
-3.3764018e-12
1.4909419e-16
-4.8932269e-12
-3.6067784e-15
-7.0529549e-12
-1.1716937e-14
-1.0114023e-11
-2.7760418e-14
-1.443186e-11
-5.7791287e-14
-2.049161e-11
-1.1182772e-13
-2.8950056e-11
-2.0610847e-13
-4.0688558e-11
-3.6643683e-13
-5.6878964e-11
-6.3302676e-13
-7.9064671e-11
-1.0673759e-12
-1.0925934e-10
-1.7618245e-12
-1.5006633e-10
-2.8526542e-12
-2.0482262e-10
-4.5379219e-12
-2.7777176e-10
-7.1018509e-12
-3.7427025e-10
-1.0948698e-11
-5.0103035e-10
-1.6650757e-11
-6.6639786e-10
-2.5017593e-11
-8.8065497e-10
-3.7196412e-11
-1.1563259e-09
-5.4815936e-11
-1.5084462e-09
-8.0187651e-11
-1.9547369e-09
-1.16579e-10
-2.5156194e-09
-1.6843292e-10
-3.2140991e-09
-2.4228806e-10
-4.074129e-09
-3.4664319e-10
-5.1223519e-09
-4.9207791e-10
-6.3874541e-09
-7.8967215e-09
-6.9136227e-10
-5.9756307e-17
-4.5267576e-15
-2.8904372e-16
-1.7330343e-14
-7.9092458e-16
-3.7851762e-14
-1.7194589e-15
-6.9856808e-14
-3.3033012e-15
-1.1881174e-13
-5.8799107e-15
-1.9261991e-13
-9.9451163e-15
-3.0266644e-13
-1.6224862e-14
-4.6529421e-13
-2.5778975e-14
-7.0388036e-13
-4.0151115e-14
-1.0517429e-12
-6.1585264e-14
-1.5561864e-12
-9.3337907e-14
-2.2840958e-12
-1.4012752e-13
-3.3296122e-12
-2.0878041e-13
-4.824574e-12
-3.0915622e-13
-6.9525791e-12
-4.5546911e-13
-9.9677103e-12
-6.6816486e-13
-1.4219164e-11
-9.7657107e-13
-2.0183203e-11
-1.4226093e-12
-2.8504017e-11
-2.065945e-12
-4.0045222e-11
-2.9910522e-12
-5.5953857e-11
-4.3167878e-12
-7.7738935e-11
-6.2092072e-12
-1.0736692e-10
-8.8985386e-12
-1.47377e-10
-1.2701495e-11
-2.0101966e-10
-1.8050527e-11
-2.7242273e-10
-2.5532299e-11
-3.6678848e-10
-3.5938766e-11
-4.9062389e-10
-5.0335818e-11
-6.5200081e-10
-7.0156569e-11
-8.6083422e-10
-9.7328198e-11
-1.1291543e-09
-1.344408e-10
-1.4713336e-09
-1.8496214e-10
-1.9042155e-09
-2.5357691e-10
-2.4470046e-09
-3.4622221e-10
-3.1214538e-09
-4.7133428e-10
-3.9490169e-09
-6.3926318e-10
-4.9544229e-09
-8.6253895e-10
-6.1641783e-09
-7.602919e-09
-1.1563415e-09
-1.2569226e-16
-4.4010654e-15
-6.0732263e-16
-1.6848713e-14
-1.6602107e-15
-3.6798874e-14
-3.6053938e-15
-6.7911625e-14
-6.9178587e-15
-1.1549928e-13
-1.2296035e-14
-1.8724174e-13
-2.0761692e-14
-2.9420078e-13
-3.3803237e-14
-4.5225266e-13
-5.3580778e-14
-6.8410281e-13
-8.321888e-14
-1.0221048e-12
-1.2722334e-13
-1.512182e-12
-1.9207276e-13
-2.2192464e-12
-2.8705512e-13
-3.2346298e-12
-4.2544626e-13
-4.6861829e-12
-6.2616176e-13
-6.7518636e-12
-9.1605987e-13
-9.6778122e-12
-1.3331313e-12
-1.3802093e-11
-1.9308848e-12
-1.958545e-11
-2.7843264e-12
-2.7650576e-11
-3.9980367e-12
-3.8831512e-11
-5.7169745e-12
-5.4234919e-11
-8.1407781e-12
-7.5315132e-11
-1.1542511e-11
-1.0396519e-10
-1.6293013e-11
-1.4262649e-10
-2.2892322e-11
-1.9442035e-10
-3.2010087e-11
-2.6330496e-10
-4.4537587e-11
-3.5426098e-10
-6.1655017e-11
-4.7350646e-10
-8.4919141e-11
-6.2873668e-10
-1.1637832e-10
-8.2937504e-10
-1.5872338e-10
-1.0868092e-09
-2.1547786e-10
-1.4145791e-09
-2.9119401e-10
-1.8284994e-09
-3.9180724e-10
-2.3463914e-09
-5.2504152e-10
-2.9882195e-09
-7.0038819e-10
-3.7736703e-09
-9.2988847e-10
-4.7249227e-09
-1.2281891e-09
-5.8658777e-09
-7.2192636e-09
-1.6118444e-09
-1.9336515e-16
-4.2077003e-15
-9.3400516e-16
-1.6108073e-14
-2.5524275e-15
-3.5180452e-14
-5.5409199e-15
-6.4923132e-14
-1.0627005e-14
-1.1041319e-13
-1.8878999e-14
-1.7898974e-13
-3.1857317e-14
-2.8122246e-13
-5.1830752e-14
-4.3227923e-13
-8.2084755e-14
-6.5384881e-13
-1.2735946e-13
-9.768301e-13
-1.9446995e-13
-1.4450715e-12
-2.9318103e-13
-2.1205353e-12
-4.3743576e-13
-3.0903751e-12
-6.4707187e-13
-4.4765468e-12
-9.5020619e-13
-6.4487292e-12
-1.3865258e-12
-9.2414926e-12
-2.0117971e-12
-1.3176822e-11
-2.9039934e-12
-1.8693254e-11
-4.1715465e-12
-2.6383023e-11
-5.9643523e-12
-3.7038706e-11
-8.4882971e-12
-5.1710974e-11
-1.202424e-11
-7.1779189e-11
-1.6952573e-11
-9.9036855e-11
-2.3784737e-11
-1.3579433e-10
-3.3203395e-11
-1.850017e-10
-4.6113457e-11
-2.503949e-10
-6.3706791e-11
-3.3666764e-10
-8.754435e-11
-4.496689e-10
-1.1966058e-10
-5.9662046e-10
-1.6269659e-10
-7.8633903e-10
-2.2007244e-10
-1.0294334e-09
-2.9621811e-10
-1.3384335e-09
-3.9684931e-10
-1.7278682e-09
-5.2867728e-10
-2.2145634e-09
-7.0090633e-10
-2.8159904e-09
-9.246708e-10
-3.5499058e-09
-1.2131636e-09
-4.4364299e-09
-1.5823733e-09
-5.4966679e-09
-6.7514527e-09
-2.0501842e-09
-2.6062476e-16
-3.9470756e-15
-1.2586666e-15
-1.5110031e-14
-3.43909e-15
-3.3000029e-14
-7.4643623e-15
-6.089786e-14
-1.4312966e-14
-1.0356459e-13
-2.5420802e-14
-1.6788191e-13
-4.2883582e-14
-2.6375968e-13
-6.9745638e-14
-4.0541717e-13
-1.1041076e-13
-6.1318369e-13
-1.7122457e-13
-9.1601629e-13
-2.6129683e-13
-1.3549992e-12
-3.9365757e-13
-1.9881746e-12
-5.8687436e-13
-2.8971583e-12
-8.6730215e-13
-4.196119e-12
-1.2721931e-12
-6.0438383e-12
-1.8539642e-12
-8.6597215e-12
-2.6860072e-12
-1.2344779e-11
-3.8705277e-12
-1.7508733e-11
-5.5490214e-12
-2.4704529e-11
-7.9161307e-12
-3.4671597e-11
-1.1237783e-11
-4.8389321e-11
-1.5874691e-11
-6.7142281e-11
-2.2312496e-11
-9.259905e-11
-3.1200122e-11
-1.269067e-10
-4.3398243e-11
-1.7280358e-10
-6.004023e-11
-2.3375292e-10
-8.2608554e-11
-3.1409932e-10
-1.1303028e-10
-4.1924717e-10
-1.5379592e-10
-5.5585482e-10
-2.0810587e-10
-7.3202908e-10
-2.8004672e-10
-9.5749254e-10
-3.7480192e-10
-1.2436783e-09
-4.9907824e-10
-1.6035918e-09
-6.6113983e-10
-2.0525018e-09
-8.7084583e-10
-2.6062844e-09
-1.1402224e-09
-3.2805292e-09
-1.4838587e-09
-4.0927936e-09
-1.9189175e-09
-5.0616091e-09
-6.206002e-09
-2.4643683e-09
-3.2605162e-16
-3.6210241e-15
-1.574479e-15
-1.3861604e-14
-4.301563e-15
-3.0272945e-14
-9.3352515e-15
-5.5864172e-14
-1.7898017e-14
-9.5001824e-14
-3.1783069e-14
-1.5399686e-13
-5.3606328e-14
-2.4193642e-13
-8.716561e-14
-3.7185789e-13
-1.379509e-13
-5.623984e-13
-2.1386658e-13
-8.4010061e-13
-3.2624942e-13
-1.2426164e-12
-4.9129675e-13
-1.8231272e-12
-7.3205951e-13
-2.6563955e-12
-1.0812069e-12
-3.8469716e-12
-1.5848355e-12
-5.5402097e-12
-2.307677e-12
-7.9368801e-12
-3.3401582e-12
-1.1312297e-11
-4.8078825e-12
-1.6041009e-11
-6.8842351e-12
-2.2628176e-11
-9.8069628e-12
-3.1748869e-11
-1.3899747e-11
-4.4296537e-11
-1.9599975e-11
-6.1442053e-11
-2.7494139e-11
-8.4704886e-11
-3.8362571e-11
-1.1603827e-10
-5.323558e-11
-1.5793057e-10
-7.3463516e-11
-2.1352498e-10
-1.0080381e-10
-2.8675902e-10
-1.375286e-10
-3.8252238e-10
-1.8655681e-10
-5.0682661e-10
-2.5161443e-10
-6.6697146e-10
-3.3742589e-10
-8.7168107e-10
-4.4993755e-10
-1.1311666e-09
-5.9646748e-10
-1.4570619e-09
-7.86336e-10
-1.8626333e-09
-1.0306694e-09
-2.3619511e-09
-1.342386e-09
-2.9688125e-09
-1.7368765e-09
-3.6983032e-09
-2.2321238e-09
-4.5663617e-09
-5.5900449e-09
-2.8480809e-09
-3.8782092e-16
-3.2332032e-15
-1.8726275e-15
-1.2376797e-14
-5.115778e-15
-2.7029794e-14
-1.1101422e-14
-4.9878528e-14
-2.128233e-14
-8.4820916e-14
-3.7788946e-14
-1.3749024e-13
-6.3728143e-14
-2.1599722e-13
-1.0360877e-13
-3.3197726e-13
-1.6394572e-13
-5.0206145e-13
-2.5411395e-13
-7.4993238e-13
-3.8755089e-13
-1.1091794e-12
-5.8344088e-13
-1.6272372e-12
-8.6906185e-13
-2.3707745e-12
-1.2830343e-12
-3.4329992e-12
-1.8797871e-12
-4.9434569e-12
-2.7356477e-12
-7.0810194e-12
-3.9570731e-12
-1.0090872e-11
-5.6916658e-12
-1.4306416e-11
-8.1427636e-12
-2.0177079e-11
-1.158855e-11
-2.8303083e-11
-1.6406805e-11
-3.9478282e-11
-2.3106617e-11
-5.4742242e-11
-3.2368594e-11
-7.5442909e-11
-4.5095413e-11
-1.0331145e-10
-6.2474881e-11
-1.405511e-10
-8.6058129e-11
-1.8994173e-10
-1.1785599e-10
-2.5496116e-10
-1.6045693e-10
-3.3992144e-10
-2.171699e-10
-4.5011364e-10
-2.9219445e-10
-5.9194691e-10
-3.9081804e-10
-7.7305748e-10
-5.196317e-10
-1.0023529e-09
-6.8672623e-10
-1.2899674e-09
-9.0210535e-10
-1.6472542e-09
-1.1778107e-09
-2.0862458e-09
-1.5276825e-09
-2.6189407e-09
-1.9678746e-09
-3.2581112e-09
-2.516983e-09
-4.0172533e-09
-4.9112707e-09
-3.1957572e-09
-4.4436122e-16
-2.7888421e-15
-2.1455325e-15
-1.0675626e-14
-5.8610453e-15
-2.3314281e-14
-1.2717995e-14
-4.3021578e-14
-2.4379886e-14
-7.3159025e-14
-4.3285718e-14
-1.1858441e-13
-7.2991499e-14
-1.8629144e-13
-1.1865646e-13
-2.8631229e-13
-1.8773277e-13
-4.3298515e-13
-2.9093999e-13
-6.4672516e-13
-4.4363575e-13
-9.5648367e-13
-6.6773393e-13
-1.4031391e-12
-9.9437386e-13
-2.0441346e-12
-1.4676102e-12
-2.9597628e-12
-2.149477e-12
-4.2615902e-12
-3.1268793e-12
-6.1036172e-12
-4.5208873e-12
-8.696864e-12
-6.4991441e-12
-1.2328159e-11
-9.2922505e-12
-1.7383972e-11
-1.3215158e-11
-2.4380175e-11
-1.8694781e-11
-3.3998659e-11
-2.6305231e-11
-4.7131791e-11
-3.6812324e-11
-6.4935817e-11
-5.1229264e-11
-8.8894514e-11
-7.0885781e-11
-1.2089458e-10
-9.7513369e-11
-1.6331414e-10
-1.3334962e-10
-2.1912491e-10
-1.8126475e-10
-2.9200631e-10
-2.4491298e-10
-3.8646541e-10
-3.2890984e-10
-5.0795006e-10
-4.3903309e-10
-6.6293422e-10
-5.824383e-10
-8.5894774e-10
-7.6787568e-10
-1.10453e-09
-1.0059858e-09
-1.409144e-09
-1.3094483e-09
-1.7827833e-09
-1.6928674e-09
-2.2355216e-09
-2.1730616e-09
-2.777917e-09
-2.7691613e-09
-3.4211537e-09
-4.1778512e-09
-3.5025808e-09
-4.9407645e-16
-2.2947657e-15
-2.3854839e-15
-8.7842184e-15
-6.5163017e-15
-1.9183464e-14
-1.4139295e-14
-3.5398585e-14
-2.7103232e-14
-6.0195088e-14
-4.8118362e-14
-9.7569278e-14
-8.1135525e-14
-1.5327428e-13
-1.3188567e-13
-2.3556215e-13
-2.0864484e-13
-3.5622597e-13
-3.2331444e-13
-5.3205556e-13
-4.9293972e-13
-7.8685839e-13
-7.4183325e-13
-1.1542455e-12
-1.1045271e-12
-1.6814408e-12
-1.6298497e-12
-2.4344402e-12
-2.3865137e-12
-3.5049261e-12
-3.4707102e-12
-5.0194207e-12
-5.0163321e-12
-7.1512421e-12
-7.2085964e-12
-1.0135895e-11
-1.0301993e-11
-1.4290576e-11
-1.4643663e-11
-2.0038506e-11
-2.0703484e-11
-2.7938838e-11
-2.9112359e-11
-3.8722917e-11
-4.0710398e-11
-5.3337778e-11
-5.6607007e-11
-7.2997905e-11
-7.8255176e-11
-9.9246414e-11
-1.0754263e-10
-1.3402669e-10
-1.4690273e-10
-1.7976481e-10
-1.99448e-10
-2.3946104e-10
-2.6912818e-10
-3.1678523e-10
-3.609129e-10
-4.1616534e-10
-4.8099526e-10
-5.4285186e-10
-6.3700707e-10
-7.0293593e-10
-8.3823455e-10
-9.0330251e-10
-1.0958545e-09
-1.151524e-09
-1.4230619e-09
-1.4555758e-09
-1.8350416e-09
-1.8235419e-09
-2.3491395e-09
-2.2638191e-09
-2.9849513e-09
-2.7853418e-09
-3.3983465e-09
-3.764456e-09
-5.3566237e-16
-1.7591034e-15
-2.5861995e-15
-6.7336814e-15
-7.0643879e-15
-1.4705275e-14
-1.5328085e-14
-2.7134888e-14
-2.9380968e-14
-4.6142205e-14
-5.2160074e-14
-7.4790172e-14
-8.7946313e-14
-1.1748804e-13
-1.4294853e-13
-1.8055993e-13
-2.2613137e-13
-2.7304313e-13
-3.5038388e-13
-4.0780306e-13
-5.3416131e-13
-6.0308096e-13
-8.0377992e-13
-8.8462691e-13
-1.196605e-12
-1.2886156e-12
-1.7654504e-12
-1.8655948e-12
-2.5846025e-12
-2.685774e-12
-3.7579988e-12
-3.8460244e-12
-5.4302241e-12
-5.4790168e-12
-7.8011415e-12
-7.7649776e-12
-1.1145139e-11
-1.0946578e-11
-1.5836149e-11
-1.5347496e-11
-2.2379783e-11
-2.1395204e-11
-3.1454125e-11
-2.9648576e-11
-4.396094e-11
-4.0830963e-11
-6.1089344e-11
-5.5869501e-11
-8.4394266e-11
-7.5941492e-11
-1.1589235e-10
-1.0252861e-10
-1.5817809e-10
-1.3747907e-10
-2.1456278e-10
-1.8307636e-10
-2.8923766e-10
-2.4211035e-10
-3.8746053e-10
-3.1794246e-10
-5.1576079e-10
-4.145516e-10
-6.8215285e-10
-5.3654387e-10
-8.9634441e-10
-6.8911095e-10
-1.1699352e-09
-8.7793326e-10
-1.5165298e-09
-1.1089812e-09
-1.9517485e-09
-1.3883232e-09
-2.493336e-09
-1.7222316e-09
-3.1612682e-09
-2.1174097e-09
-2.5816238e-09
-3.9779909e-09
-5.6700225e-16
-1.1921013e-15
-2.7374847e-15
-4.563199e-15
-7.4776656e-15
-9.9650943e-15
-1.622512e-14
-1.8387433e-14
-3.110158e-14
-3.1265746e-14
-5.5217941e-14
-5.0673811e-14
-9.3109921e-14
-7.9596062e-14
-1.5135784e-13
-1.2231201e-13
-2.3946401e-13
-1.8493696e-13
-3.7108747e-13
-2.761796e-13
-5.6577945e-13
-4.0838898e-13
-8.5141258e-13
-5.9899378e-13
-1.267552e-12
-8.7247621e-13
-1.8701043e-12
-1.2630425e-12
-2.737679e-12
-1.8181993e-12
-3.9802182e-12
-2.6034853e-12
-5.7505891e-12
-3.708646e-12
-8.2599928e-12
-5.2555739e-12
-1.179821e-11
-7.4083606e-12
-1.6759886e-11
-1.038582e-11
-2.3678238e-11
-1.4476852e-11
-3.3267768e-11
-2.0059046e-11
-4.647779e-11
-2.7620941e-11
-6.4558827e-11
-3.7788464e-11
-8.9144235e-11
-5.1356086e-11
-1.2234967e-10
-6.9323178e-11
-1.6689313e-10
-9.2935615e-11
-2.2623785e-10
-1.2373163e-10
-3.0475919e-10
-1.6358901e-10
-4.0793378e-10
-2.1476788e-10
-5.4254526e-10
-2.7994011e-10
-7.1689526e-10
-3.6219387e-10
-9.4100367e-10
-4.6500254e-10
-1.2267833e-09
-5.9215362e-10
-1.5881427e-09
-7.4762182e-10
-2.0410133e-09
-9.3545254e-10
-2.6034282e-09
-1.1598167e-09
-3.2956502e-09
-1.4251876e-09
-1.7367873e-09
-4.1404868e-09
-5.8881078e-16
-6.032906e-16
-2.8428614e-15
-2.3091484e-15
-7.7663596e-15
-5.0415962e-15
-1.6854059e-14
-9.2997336e-15
-3.2312634e-14
-1.5807172e-14
-5.7377939e-14
-2.5608506e-14
-9.6767392e-14
-4.0206609e-14
-1.5732175e-13
-6.1757656e-14
-2.4890939e-13
-9.3349322e-14
-3.8570296e-13
-1.3938603e-13
-5.8798943e-13
-2.0610251e-13
-8.8469644e-13
-3.0228676e-13
-1.3168832e-12
-4.4028941e-13
-1.9425586e-12
-6.373671e-13
-2.8432722e-12
-9.1748575e-13
-4.1330523e-12
-1.3137052e-12
-5.9704065e-12
-1.8712918e-12
-8.5742609e-12
-2.6517195e-12
-1.2244888e-11
-3.737734e-12
-1.7391048e-11
-5.2396592e-12
-2.4564768e-11
-7.3031323e-12
-3.4505352e-11
-1.0118462e-11
-4.8194468e-11
-1.3931825e-11
-6.6924377e-11
-1.9058555e-11
-9.2381675e-11
-2.5898788e-11
-1.2674915e-10
-3.4955706e-11
-1.7282838e-10
-4.6856385e-11
-2.3418528e-10
-6.2374725e-11
-3.1531931e-10
-8.2454978e-11
-4.2185425e-10
-1.0823294e-10
-5.6074407e-10
-1.4105029e-10
-7.4048175e-10
-1.8245619e-10
-9.7129344e-10
-2.3419085e-10
-1.2652989e-09
-2.9814815e-10
-1.636607e-09
-3.7631375e-10
-2.1013498e-09
-4.7070971e-10
-2.6777479e-09
-5.8341869e-10
-3.3862563e-09
-7.1667909e-10
-8.7311525e-10
-4.2499284e-09
-6.0329066e-16
7.7963712e-25
-2.9124392e-15
2.8645225e-24
-7.9540354e-15
6.1219242e-24
-1.7253769e-14
1.1154367e-23
-3.3060941e-14
1.8774295e-23
-5.8669447e-14
3.0132721e-23
-9.8876057e-14
4.6856832e-23
-1.6063371e-13
7.1241413e-23
-2.5398304e-13
1.0650161e-22
-3.9336907e-13
1.5673701e-22
-5.9947158e-13
2.2801203e-22
-9.0175834e-13
3.2988156e-22
-1.3420477e-12
4.7567174e-22
-1.9794148e-12
6.8489655e-22
-2.8969006e-12
9.8536033e-22
-4.2106058e-12
1.4142014e-21
-6.0818976e-12
2.016974e-21
-8.7336172e-12
2.8486458e-21
-1.2471351e-11
3.9921868e-21
-1.771101e-11
5.6142884e-21
-2.5014143e-11
8.024403e-21
-3.5132605e-11
1.1549375e-20
-4.906443e-11
1.5899723e-20
-6.8122986e-11
1.8987056e-20
-9.4021774e-11
1.6139301e-20
-1.2897748e-10
9.3182165e-22
-1.7583387e-10
-3.5443573e-20
-2.3820859e-10
-1.1127628e-19
-3.2066357e-10
-2.4183024e-19
-4.2889651e-10
-3.7197817e-19
-5.699468e-10
-3.8073718e-19
-7.5240299e-10
-2.1768808e-19
-9.8659384e-10
1.2113004e-19
-1.284742e-09
5.6311308e-19
-1.6610557e-09
7.4684426e-19
-2.1317654e-09
2.2426879e-19
-2.7151841e-09
-8.9863045e-19
-3.4318632e-09
-1.484306e-18
-4.3049785e-09
-3.8732152e-19
1.2964427e-09
-1.8376813e-10
-5.3341507e-20
1.4925441e-09
-1.9610136e-10
-1.4175384e-19
1.6973457e-09
-2.0480158e-10
-1.3038422e-20
1.9119258e-09
-2.1458017e-10
1.0074231e-19
2.1358048e-09
-2.2387899e-10
1.4256596e-20
2.3685487e-09
-2.3274386e-10
2.4970792e-19
2.6094796e-09
-2.4093094e-10
3.5234759e-19
2.8574987e-09
-2.4801904e-10
5.8694073e-19
3.1111154e-09
-2.5361674e-10
1.0966319e-18
3.3683103e-09
-2.5719482e-10
1.8636816e-18
3.6264479e-09
-2.5813762e-10
2.886988e-18
3.8821513e-09
-2.5570344e-10
3.6906158e-18
4.1312888e-09
-2.4913744e-10
5.2031882e-18
4.3681482e-09
-2.3685943e-10
4.9892548e-18
-2.200472e-10
4.5881954e-09
6.4035153e-18
1.3383541e-09
-3.7270356e-10
1.5402255e-09
-3.9797269e-10
1.751258e-09
-4.1583404e-10
1.9725582e-09
-4.3588045e-10
2.2035896e-09
-4.549103e-10
2.4439062e-09
-4.7306052e-10
2.6927807e-09
-4.898054e-10
2.9490707e-09
-5.0430898e-10
3.2112196e-09
-5.157656e-10
3.4771263e-09
-5.2310145e-10
3.7440555e-09
-5.2506684e-10
4.0084948e-09
-5.2014269e-10
4.2661726e-09
-5.0681524e-10
4.5111475e-09
-4.8183428e-10
-4.4762722e-10
4.7387274e-09
1.3851277e-09
-5.6746012e-10
1.593464e-09
-6.0630905e-10
1.8115145e-09
-6.3388455e-10
2.0403656e-09
-6.6473147e-10
2.2794324e-09
-6.9397717e-10
2.5282409e-09
-7.2186893e-10
2.7860041e-09
-7.4756865e-10
3.0515218e-09
-7.698267e-10
3.3231544e-09
-7.8739814e-10
3.5986998e-09
-7.9864688e-10
3.8753012e-09
-8.0166826e-10
4.1492888e-09
-7.941302e-10
4.4162209e-09
-7.737474e-10
4.6699195e-09
-7.3553286e-10
-6.8316129e-10
4.9054536e-09
1.437255e-09
-7.6879112e-10
1.6528608e-09
-8.2191478e-10
1.8788322e-09
-8.5985595e-10
2.1161815e-09
-9.0208074e-10
2.3642872e-09
-9.4208294e-10
2.6226266e-09
-9.8020832e-10
2.8903442e-09
-1.0152862e-09
3.1661644e-09
-1.0456469e-09
3.4483459e-09
-1.0695796e-09
3.7345647e-09
-1.0848657e-09
4.0218177e-09
-1.0889213e-09
4.3062554e-09
-1.0785679e-09
4.5832316e-09
-1.0507236e-09
4.8463259e-09
-9.9862713e-10
-9.2711381e-10
5.0902784e-09
1.4951126e-09
-9.7753836e-10
1.7189039e-09
-1.045706e-09
1.9538113e-09
-1.0947634e-09
2.2007239e-09
-1.1489933e-09
2.4589904e-09
-1.2003494e-09
2.728021e-09
-1.2492388e-09
3.0068798e-09
-1.2941451e-09
3.2941978e-09
-1.3329649e-09
3.5881112e-09
-1.3634931e-09
3.8861514e-09
-1.3829058e-09
4.1851433e-09
-1.3879132e-09
4.4810331e-09
-1.3744577e-09
4.7689351e-09
-1.3386256e-09
5.0421774e-09
-1.2718694e-09
-1.1800194e-09
5.2950829e-09
1.5589058e-09
-1.1946196e-09
1.7919008e-09
-1.2787011e-09
2.0368689e-09
-1.3397314e-09
2.2945216e-09
-1.406646e-09
2.5641842e-09
-1.4700121e-09
2.8451841e-09
-1.5302387e-09
3.1364916e-09
-1.5854525e-09
3.4366235e-09
-1.6330968e-09
3.7435728e-09
-1.6704424e-09
4.0547017e-09
-1.6940347e-09
4.3666365e-09
-1.699848e-09
4.6750943e-09
-1.6829154e-09
4.9749148e-09
-1.6384461e-09
5.2591624e-09
-1.556117e-09
-1.4425137e-09
5.5216567e-09
1.6286014e-09
-1.4210075e-09
1.8719031e-09
-1.5220028e-09
2.1281606e-09
-1.595989e-09
2.3978296e-09
-1.676315e-09
2.6802279e-09
-1.7524105e-09
2.9745868e-09
-1.8245976e-09
3.2797663e-09
-1.890632e-09
3.5941483e-09
-1.9474789e-09
3.9155597e-09
-1.9918538e-09
4.2411696e-09
-2.0196446e-09
4.5673791e-09
-2.0260576e-09
4.8896508e-09
-2.0051871e-09
5.2025167e-09
-1.9513121e-09
5.4987627e-09
-1.852363e-09
-1.7153723e-09
5.7716214e-09
1.7038512e-09
-1.6576968e-09
1.9586237e-09
-1.7767754e-09
2.2274973e-09
-1.8648625e-09
2.5105375e-09
-1.9593551e-09
2.8071009e-09
-2.0489739e-09
3.1163099e-09
-2.1338066e-09
3.4368938e-09
-2.2112158e-09
3.767078e-09
-2.2776631e-09
4.104501e-09
-2.3292767e-09
4.4461149e-09
-2.3612585e-09
4.7880705e-09
-2.3680132e-09
5.1255513e-09
-2.3426679e-09
5.4527512e-09
-2.278512e-09
5.7621612e-09
-2.161773e-09
-1.9995584e-09
6.0463472e-09
1.7839119e-09
-1.9056548e-09
2.0513622e-09
-2.0442257e-09
2.3342553e-09
-2.1477556e-09
2.6320712e-09
-2.257171e-09
2.9443012e-09
-2.3612039e-09
3.2699399e-09
-2.4594453e-09
3.6075607e-09
-2.5488366e-09
3.9552105e-09
-2.6253129e-09
4.3103175e-09
-2.6843837e-09
4.669595e-09
-2.720536e-09
5.0289208e-09
-2.7273389e-09
5.3831774e-09
-2.6969246e-09
5.7261931e-09
-2.6215276e-09
6.0501474e-09
-2.4857273e-09
-2.2962772e-09
6.3468662e-09
1.8679067e-09
-2.1661008e-09
2.1492871e-09
-2.3256061e-09
2.4473021e-09
-2.4457706e-09
2.7612952e-09
-2.5711641e-09
3.0907476e-09
-2.6906563e-09
3.4344693e-09
-2.803167e-09
3.7908489e-09
-2.9052162e-09
4.1577326e-09
-2.9921966e-09
4.5323188e-09
-3.0589698e-09
4.9110627e-09
-3.0992799e-09
5.2895501e-09
-3.1058264e-09
5.6623446e-09
-3.069719e-09
6.0228857e-09
-2.9820688e-09
6.3630263e-09
-2.8258679e-09
-2.6070366e-09
6.6737857e-09
1.9545895e-09
-2.4405536e-09
2.2509184e-09
-2.621935e-09
2.5647638e-09
-2.7596161e-09
2.8964139e-09
-2.9028142e-09
3.244693e-09
-3.0389354e-09
3.6082099e-09
-3.1666839e-09
3.9851487e-09
-3.2821551e-09
4.3731342e-09
-3.3801821e-09
4.7691173e-09
-3.4549529e-09
5.1692805e-09
-3.4994431e-09
5.5689039e-09
-3.5054498e-09
5.9622187e-09
-3.4630339e-09
6.3422592e-09
-3.3621093e-09
6.7005383e-09
-3.184147e-09
-2.9337104e-09
7.0272121e-09
2.0406446e-09
-2.7297046e-09
2.3530082e-09
-2.9342986e-09
2.6842049e-09
-3.0908128e-09
3.0349384e-09
-3.2535477e-09
3.4036609e-09
-3.4076578e-09
3.7887298e-09
-3.5517528e-09
4.1880975e-09
-3.6815228e-09
4.5991471e-09
-3.7912317e-09
5.0185684e-09
-3.8743743e-09
5.4422616e-09
-3.9231363e-09
5.8651938e-09
-3.928382e-09
6.2812577e-09
-3.8790978e-09
6.6830711e-09
-3.7639227e-09
7.0617985e-09
-3.5628744e-09
-3.2786005e-09
7.4066886e-09
2.1224761e-09
-3.0336917e-09
2.4518896e-09
-3.2637121e-09
2.8023176e-09
-3.4412408e-09
3.1736114e-09
-3.6248415e-09
3.564409e-09
-3.7984554e-09
3.9728248e-09
-3.9601685e-09
4.3965542e-09
-4.1052522e-09
4.8327225e-09
-4.2274e-09
5.2777494e-09
-4.3194012e-09
5.7272493e-09
-4.3726362e-09
6.1758769e-09
-4.3770095e-09
6.6171878e-09
-4.3204087e-09
7.0433801e-09
-4.190115e-09
7.4452661e-09
-3.9647604e-09
-3.6444928e-09
7.8111584e-09
2.1971791e-09
-3.3530656e-09
2.5442883e-09
-3.6108213e-09
2.9150782e-09
-3.8120307e-09
3.3084205e-09
-4.0181838e-09
3.7229433e-09
-4.2129782e-09
4.156535e-09
-4.3937603e-09
4.6066209e-09
-4.555338e-09
5.0700559e-09
-4.690835e-09
5.5429857e-09
-4.792331e-09
6.0207437e-09
-4.8503943e-09
6.4976809e-09
-4.8539466e-09
6.9670257e-09
-4.7897535e-09
7.4205609e-09
-4.6436501e-09
7.84875e-09
-4.3929496e-09
-4.0347016e-09
8.2389588e-09
2.2605854e-09
-3.6883119e-09
2.6258717e-09
-3.9761076e-09
3.017935e-09
-4.204094e-09
3.4346971e-09
-4.4349458e-09
3.8745862e-09
-4.6528673e-09
4.3352159e-09
-4.85439e-09
4.8137176e-09
-5.0338397e-09
5.3066649e-09
-5.1837824e-09
5.8099317e-09
-5.2955978e-09
6.3185824e-09
-5.359045e-09
6.8266819e-09
-5.3620461e-09
7.3271506e-09
-5.2902223e-09
7.8113677e-09
-5.1278672e-09
8.2694592e-09
-4.8510411e-09
-4.4530964e-09
8.687854e-09
2.3076932e-09
-4.0396816e-09
2.6915145e-09
-4.3599289e-09
3.1057177e-09
-4.6182972e-09
3.5472033e-09
-4.8764314e-09
4.0140936e-09
-5.1197576e-09
4.5036627e-09
-5.3439591e-09
5.0127132e-09
-5.5428902e-09
5.5375251e-09
-5.7085943e-09
6.0737074e-09
-5.8317801e-09
6.6160764e-09
-5.901414e-09
7.1584372e-09
-5.9044069e-09
7.6934292e-09
-5.8252143e-09
8.2120474e-09
-5.6464855e-09
8.7040987e-09
-5.3430923e-09
-4.9041062e-09
9.1551085e-09
2.3330454e-09
-4.4072776e-09
2.7356333e-09
-4.7625167e-09
3.1727875e-09
-5.0554515e-09
3.6402771e-09
-5.343921e-09
4.1358207e-09
-5.6153012e-09
4.6562879e-09
-5.8644262e-09
5.1981087e-09
-6.0847109e-09
5.7572561e-09
-6.2677417e-09
6.3290872e-09
-6.4036112e-09
6.908198e-09
-6.4805248e-09
7.4881682e-09
-6.4843772e-09
8.0613899e-09
-6.398436e-09
8.6185001e-09
-6.2035957e-09
9.1490113e-09
-5.8736035e-09
-5.3926975e-09
9.6376027e-09
2.3308456e-09
-4.7911325e-09
2.7523695e-09
-5.1840407e-09
3.2132421e-09
-5.516324e-09
3.7080345e-09
-5.8387133e-09
4.2339356e-09
-6.1412023e-09
4.787342e-09
-6.4178327e-09
5.3642629e-09
-6.6616318e-09
5.9603507e-09
-6.8638295e-09
6.5707285e-09
-7.013989e-09
7.1898077e-09
-7.099604e-09
7.810983e-09
-7.1055525e-09
8.4264366e-09
-7.0138895e-09
9.0264782e-09
-6.8036373e-09
9.6003569e-09
-6.4474821e-09
-5.9243245e-09
1.0131984e-08
2.2951387e-09
-5.1913005e-09
2.7358271e-09
-5.624729e-09
3.2211645e-09
-6.0016615e-09
3.7446153e-09
-6.3621642e-09
4.3026666e-09
-6.6992536e-09
4.8911654e-09
-7.0063315e-09
5.5056464e-09
-7.2761129e-09
6.141429e-09
-7.4996121e-09
6.7934262e-09
-7.6659861e-09
7.4559061e-09
-7.762084e-09
8.1221228e-09
-7.7717692e-09
8.7840857e-09
-7.6758524e-09
9.4318106e-09
-7.4513623e-09
1.0054316e-08
-7.0699879e-09
-6.5048517e-09
1.0634844e-08
2.2199867e-09
-5.6079212e-09
2.6803174e-09
-6.0850597e-09
3.1908899e-09
-6.5122339e-09
3.7444452e-09
-6.9157195e-09
4.3365643e-09
-7.2913727e-09
4.9624484e-09
-7.6322156e-09
5.6171009e-09
-7.9307653e-09
6.2954971e-09
-8.1780084e-09
6.9923696e-09
-8.3628586e-09
7.7018887e-09
-8.4716031e-09
8.4172113e-09
-8.4870918e-09
9.1302073e-09
-8.3888484e-09
9.8306314e-09
-8.1517864e-09
1.0507306e-08
-7.7466622e-09
-7.140454e-09
1.1142908e-08
2.0995289e-09
-6.0411333e-09
2.5804886e-09
-6.5660194e-09
3.1172157e-09
-7.048961e-09
3.7024666e-09
-7.5009704e-09
4.3307426e-09
-7.9196488e-09
4.9964782e-09
-8.2979511e-09
5.6940861e-09
-8.6283732e-09
6.4181925e-09
-8.9021147e-09
7.1633853e-09
-9.1080515e-09
7.9237843e-09
-9.232002e-09
8.6924884e-09
-9.2557959e-09
9.4612504e-09
-9.1576104e-09
1.0219595e-08
-8.9101308e-09
1.0956176e-08
-8.4832437e-09
-7.8374966e-09
1.1653219e-08
1.9283734e-09
-6.4908697e-09
2.4314487e-09
-7.0690947e-09
2.9956045e-09
-7.6131168e-09
3.614371e-09
-8.1197368e-09
4.2811155e-09
-8.5863933e-09
4.9893708e-09
-9.0062065e-09
5.7329052e-09
-9.3719075e-09
6.5060022e-09
-9.6752117e-09
7.3031495e-09
-9.9051989e-09
8.1184612e-09
-1.0047314e-08
8.9450082e-09
-1.0082343e-08
9.7744324e-09
-9.9870346e-09
1.0596057e-08
-9.7317555e-09
1.1398388e-08
-9.285575e-09
-8.6024048e-09
1.2163297e-08
1.7033535e-09
-6.957161e-09
2.2301867e-09
-7.5959279e-09
2.8231702e-09
-8.2061003e-09
3.4772411e-09
-8.7738077e-09
4.184807e-09
-9.2939592e-09
4.9383476e-09
-9.759747e-09
5.7309104e-09
-1.016447e-08
6.5564346e-09
-1.0500736e-08
7.4093429e-09
-1.0758107e-08
8.2837728e-09
-1.0921744e-08
9.1727776e-09
-1.0971348e-08
1.0067869e-08
-1.0882126e-08
1.0958207e-08
-1.0622093e-08
1.1832123e-08
-1.0159491e-08
-9.4415485e-09
1.2671267e-08
1.4292832e-09
-7.4437335e-09
1.9791112e-09
-8.1457558e-09
2.6006341e-09
-8.8276232e-09
3.2905071e-09
-9.4636807e-09
4.0405424e-09
-1.0043995e-08
4.8418583e-09
-1.0561063e-08
5.6865242e-09
-1.1009136e-08
6.5680109e-09
-1.1382223e-08
7.4806402e-09
-1.1670737e-08
8.4185535e-09
-1.1859657e-08
9.3747591e-09
-1.1927553e-08
1.0340599e-08
-1.1847966e-08
1.1305078e-08
-1.1586572e-08
1.2256454e-08
-1.1110866e-08
1.3175682e-08
-1.0360777e-08
4.6680925e-09
-7.9897129e-11
2.7677084e-18
4.750103e-09
-8.2010503e-11
7.0197975e-18
4.8323589e-09
-8.225588e-11
-3.2875084e-18
4.9141226e-09
-8.176375e-11
-5.0583356e-19
4.995283e-09
-8.116036e-11
-2.1332637e-18
5.0752283e-09
-7.9945352e-11
-1.905473e-18
5.1537006e-09
-7.8472259e-11
-2.5362453e-18
5.2304234e-09
-7.6722871e-11
8.7761093e-18
5.3050625e-09
-7.4639036e-11
-2.2971724e-17
5.3776304e-09
-7.2567903e-11
3.2832717e-17
5.4473721e-09
-6.9741753e-11
-8.5008033e-18
5.5155588e-09
-6.8186529e-11
-1.3295343e-16
5.577869e-09
-6.2310459e-11
3.0047999e-16
5.645537e-09
-6.766786e-11
-1.4512607e-16
-4.5373957e-11
5.1201549e-17
4.8198445e-09
-1.6101425e-10
4.9032225e-09
-1.6538852e-10
4.986954e-09
-1.6598752e-10
5.0703012e-09
-1.6511102e-10
5.1531229e-09
-1.6398206e-10
5.2347955e-09
-1.6161804e-10
5.3150396e-09
-1.5871642e-10
5.3935631e-09
-1.5524637e-10
5.4700151e-09
-1.5109116e-10
5.5443955e-09
-1.469483e-10
5.615928e-09
-1.4127435e-10
5.6858985e-09
-1.381573e-10
5.7498835e-09
-1.2629501e-10
5.8193586e-09
-1.371433e-10
-9.2002768e-11
4.9864588e-09
-2.4201948e-10
5.0699284e-09
-2.4885815e-10
5.15401e-09
-2.5006912e-10
5.2379375e-09
-2.4903848e-10
5.3215365e-09
-2.475811e-10
5.4041677e-09
-2.4424923e-10
5.4855185e-09
-2.4006722e-10
5.565272e-09
-2.3499989e-10
5.6430518e-09
-2.2887097e-10
5.718834e-09
-2.2273047e-10
5.7918147e-09
-2.142551e-10
5.8632813e-09
-2.0962388e-10
5.9287151e-09
-1.9172884e-10
5.9997663e-09
-2.081945e-10
-1.3975111e-10
5.1696588e-09
-3.2139997e-10
5.2517648e-09
-3.3096409e-10
5.3349065e-09
-3.3321087e-10
5.4182582e-09
-3.3239019e-10
5.5016128e-09
-3.3093571e-10
5.5843094e-09
-3.2694584e-10
5.6659909e-09
-3.2174872e-10
5.7463062e-09
-3.1531519e-10
5.8248428e-09
-3.0740752e-10
5.9015416e-09
-2.9942935e-10
5.9755634e-09
-2.8827683e-10
6.0481827e-09
-2.8224321e-10
6.1147908e-09
-2.5833691e-10
6.1871434e-09
-2.8054713e-10
-1.8845275e-10
5.3711651e-09
-3.9748216e-10
5.4502972e-09
-4.1009621e-10
5.5310561e-09
-4.1396971e-10
5.6125328e-09
-4.1386694e-10
5.6944876e-09
-4.1289047e-10
5.7762339e-09
-4.0869217e-10
5.8573591e-09
-4.0287389e-10
5.9374682e-09
-3.9542435e-10
6.0161021e-09
-3.8604135e-10
6.0931546e-09
-3.7648192e-10
6.1677421e-09
-3.6286432e-10
6.241111e-09
-3.5561209e-10
6.3085673e-09
-3.257932e-10
6.3818979e-09
-3.5387772e-10
-2.3791331e-10
5.5926447e-09
-4.6847016e-10
5.6670711e-09
-4.8452259e-10
5.7438737e-09
-4.907723e-10
5.8220497e-09
-4.92043e-10
5.9013265e-09
-4.9216727e-10
5.980991e-09
-4.8835662e-10
6.0605651e-09
-4.8244801e-10
6.1396015e-09
-4.7446082e-10
6.2175841e-09
-4.6402394e-10
6.2943478e-09
-4.5324556e-10
6.3689555e-09
-4.3747203e-10
6.4426075e-09
-4.2926414e-10
6.5105309e-09
-3.9371657e-10
6.5844642e-09
-4.2781098e-10
-2.8791013e-10
5.8356497e-09
-5.324985e-10
5.9035625e-09
-5.524354e-10
5.974739e-09
-5.6194886e-10
6.0480878e-09
-5.6539179e-10
6.1233041e-09
-5.6738356e-10
6.1996515e-09
-5.6470404e-10
6.27658e-09
-5.593765e-10
6.3535831e-09
-5.514639e-10
6.4300788e-09
-5.4051961e-10
6.5058314e-09
-5.2899818e-10
6.5798424e-09
-5.1148305e-10
6.6532457e-09
-5.0266744e-10
6.7211969e-09
-4.6166778e-10
6.7953106e-09
-5.0192468e-10
-3.3819971e-10
6.1015484e-09
-5.8769962e-10
6.1611228e-09
-6.120098e-10
6.2249526e-09
-6.2577869e-10
6.2918821e-09
-6.323213e-10
6.3615773e-09
-6.3707881e-10
6.433288e-09
-6.3641469e-10
6.5063896e-09
-6.3247812e-10
6.5803129e-09
-6.2538724e-10
6.654404e-09
-6.1461071e-10
6.7283466e-09
-6.0294081e-10
6.8010734e-09
-5.8420979e-10
6.8736293e-09
-5.7522337e-10
6.9411112e-09
-5.2914962e-10
7.0149418e-09
-5.7575533e-10
-3.885187e-10
6.3914512e-09
-6.3228464e-10
6.4409164e-09
-6.61475e-10
6.4956853e-09
-6.8054755e-10
6.5545836e-09
-6.9121966e-10
6.6172545e-09
-6.9974973e-10
6.6829505e-09
-7.0211064e-10
6.7509764e-09
-7.0050404e-10
6.8207013e-09
-6.9511219e-10
6.891397e-09
-6.8530636e-10
6.9626592e-09
-6.7420305e-10
7.0333462e-09
-6.5489679e-10
7.1043897e-09
-6.4626681e-10
7.1708456e-09
-5.9560552e-10
7.2438843e-09
-6.4879413e-10
-4.385779e-10
6.7061355e-09
-6.6463441e-10
6.743856e-09
-6.991955e-10
6.7879244e-09
-7.2461592e-10
6.8372153e-09
-7.4051056e-10
6.8913601e-09
-7.5389453e-10
6.9496391e-09
-7.6038967e-10
7.0112985e-09
-7.6216344e-10
7.0756527e-09
-7.5946643e-10
7.141902e-09
-7.5155565e-10
7.2095508e-09
-7.4185186e-10
7.2773801e-09
-7.2272612e-10
7.3461818e-09
-7.1506853e-10
7.4109979e-09
-6.6042154e-10
7.482693e-09
-7.2048928e-10
-4.8806107e-10
7.0459739e-09
-6.8339617e-10
7.0705373e-09
-7.2375895e-10
7.1024174e-09
-7.5649596e-10
7.1406241e-09
-7.7871724e-10
7.184795e-09
-7.9806551e-10
7.2342725e-09
-8.0986711e-10
7.2882648e-09
-8.1615583e-10
7.3460468e-09
-8.1724835e-10
7.4067565e-09
-8.1226541e-10
7.4698089e-09
-8.0490424e-10
7.5339085e-09
-7.8682571e-10
7.5996812e-09
-7.8084129e-10
7.6622001e-09
-7.2294036e-10
7.7319585e-09
-7.9024765e-10
-5.3661427e-10
7.4108719e-09
-6.8757948e-10
7.4211785e-09
-7.3406554e-10
7.4396166e-09
-7.7493398e-10
7.4654324e-09
-8.0453307e-10
7.4982959e-09
-8.3092908e-10
7.5376535e-09
-8.4922465e-10
7.5827077e-09
-8.612101e-10
7.6327167e-09
-8.6725734e-10
7.6867745e-09
-8.6632317e-10
7.7442142e-09
-8.6234404e-10
7.8036695e-09
-8.4628093e-10
7.8655799e-09
-8.427517e-10
7.9251087e-09
-7.8246913e-10
7.9922887e-09
-8.5742772e-10
-5.8384955e-10
7.8002223e-09
-6.7664341e-10
7.7955693e-09
-7.2941246e-10
7.7996286e-09
-7.789933e-10
7.8119907e-09
-8.1689522e-10
7.8323923e-09
-8.5133069e-10
7.8604329e-09
-8.7726524e-10
7.8953523e-09
-8.9612954e-10
7.9364248e-09
-9.0832984e-10
7.9827268e-09
-9.1262517e-10
8.0335261e-09
-9.1314328e-10
8.0873951e-09
-9.001499e-10
8.1445743e-09
-8.9993096e-10
8.2003864e-09
-8.3828119e-10
8.2642969e-09
-9.213382e-10
-6.2935114e-10
8.2128817e-09
-6.5056623e-10
8.1930351e-09
-7.0956591e-10
8.1821735e-09
-7.6813163e-10
8.1803354e-09
-8.1505716e-10
8.1873666e-09
-8.583619e-10
8.2030733e-09
-8.9297194e-10
8.2267856e-09
-9.1984188e-10
8.2578363e-09
-9.3938057e-10
8.2953206e-09
-9.5010949e-10
8.3384653e-09
-9.5628797e-10
8.3857982e-09
-9.4748278e-10
8.4373627e-09
-9.5149547e-10
8.4887132e-09
-8.8963162e-10
8.5486133e-09
-9.8123831e-10
-6.7266195e-10
8.6471765e-09
-6.0988874e-10
8.6124232e-09
-6.7481258e-10
8.5865573e-09
-7.4226574e-10
8.5701547e-09
-7.9865454e-10
8.5632179e-09
-8.5142518e-10
8.5658138e-09
-8.9556781e-10
8.5774242e-09
-9.3145233e-10
8.5974915e-09
-9.5944791e-10
8.6251756e-09
-9.7779353e-10
8.6596959e-09
-9.9080831e-10
8.699561e-09
-9.8734783e-10
8.7446407e-09
-9.965752e-10
8.7907748e-09
-9.3576565e-10
8.8458766e-09
-1.0363401e-09
-7.132902e-10
9.1009432e-09
-5.5572339e-10
9.0521139e-09
-6.2598328e-10
9.0116642e-09
-7.0181606e-10
8.980768e-09
-7.6775839e-10
8.9596346e-09
-8.302918e-10
8.9486403e-09
-8.8457351e-10
8.9474852e-09
-9.3029722e-10
8.955779e-09
-9.6774177e-10
8.9728006e-09
-9.9481509e-10
8.997805e-09
-1.0158127e-09
9.0293183e-09
-1.0188611e-09
9.0670752e-09
-1.034332e-09
9.107237e-09
-9.7592743e-10
9.1567228e-09
-1.085826e-09
-7.5072151e-10
9.5716033e-09
-4.8972397e-10
9.5100626e-09
-5.6444259e-10
9.4559708e-09
-6.4772424e-10
9.4111217e-09
-7.2290936e-10
9.3759771e-09
-7.9514723e-10
9.3512616e-09
-8.5985802e-10
9.3369594e-09
-9.1599501e-10
9.3329093e-09
-9.6369168e-10
9.3385697e-09
-1.0004755e-09
9.3532817e-09
-1.0305247e-09
9.3756375e-09
-1.0412169e-09
9.4052828e-09
-1.0639773e-09
9.4387341e-09
-1.0093788e-09
9.4817793e-09
-1.1288711e-09
-7.844266e-10
1.0056274e-08
-4.1401403e-10
9.9838726e-09
-4.920413e-10
9.9175866e-09
-5.8143828e-10
9.8598047e-09
-6.6512751e-10
9.8112761e-09
-7.4661859e-10
9.7730959e-09
-8.2167785e-10
9.7455917e-09
-8.8849081e-10
9.7288923e-09
-9.4699235e-10
9.7226995e-09
-9.9428261e-10
9.7264968e-09
-1.034322e-09
9.7389999e-09
-1.0537201e-09
9.7598212e-09
-1.0847986e-09
9.7858655e-09
-1.0354231e-09
9.8216572e-09
-1.1646628e-09
-8.1387128e-10
1.0551907e-08
-3.3107693e-10
1.0470897e-08
-4.1103195e-10
1.0394321e-08
-5.0486231e-10
1.0325087e-08
-5.9589317e-10
1.0264248e-08
-6.8577942e-10
1.021327e-08
-7.707001e-10
1.017287e-08
-8.4809042e-10
1.0143521e-08
-9.1764332e-10
1.012523e-08
-9.7599186e-10
1.0117683e-08
-1.0267748e-09
1.0119782e-08
-1.0558195e-09
1.0131173e-08
-1.0961899e-09
1.0149181e-08
-1.0534306e-09
1.0176941e-08
-1.1924226e-09
-8.3852833e-10
1.1055447e-08
-2.4361591e-10
1.0968367e-08
-3.2395215e-10
1.0883777e-08
-4.2027176e-10
1.080498e-08
-5.1709685e-10
1.0733329e-08
-6.14128e-10
1.0670634e-08
-7.08005e-10
1.0618023e-08
-7.9547969e-10
1.0576359e-08
-8.7597916e-10
1.0546008e-08
-9.4564148e-10
1.0526916e-08
-1.0076824e-09
1.0518238e-08
-1.0471411e-09
1.0519731e-08
-1.097683e-09
1.0529167e-08
-1.0628669e-09
1.0548176e-08
-1.2114312e-09
-8.5789144e-10
1.1564001e-08
-1.5439752e-10
1.1473532e-08
-2.3348396e-10
1.1383459e-08
-3.3019838e-10
1.1297321e-08
-4.3095915e-10
1.1216731e-08
-5.3353791e-10
1.1143791e-08
-6.3506494e-10
1.1080037e-08
-7.3172552e-10
1.1026744e-08
-8.2268651e-10
1.0984683e-08
-9.0357968e-10
1.0954106e-08
-9.7710538e-10
1.0934483e-08
-1.027518e-09
1.0925778e-08
-1.0889784e-09
1.0926236e-08
-1.0633251e-09
1.093586e-08
-1.2210551e-09
-8.7148996e-10
1.2074992e-08
-6.609291e-11
1.1983812e-08
-1.4230348e-10
1.1890906e-08
-2.3729304e-10
1.1799872e-08
-3.3992499e-10
1.1712516e-08
-4.4618185e-10
1.163115e-08
-5.5369853e-10
1.155768e-08
-6.5825572e-10
1.1493798e-08
-7.5880484e-10
1.1440699e-08
-8.5048e-10
1.1398982e-08
-9.3538931e-10
1.1368479e-08
-9.9701477e-10
1.1349405e-08
-1.0699046e-09
1.1340612e-08
-1.0545314e-09
1.1340411e-08
-1.2208547e-09
-8.7892509e-10
1.2586293e-08
1.8880761e-11
1.2496937e-08
-5.294741e-11
1.2403816e-08
-1.4417237e-10
1.2310431e-08
-2.4654022e-10
1.2218683e-08
-3.5443322e-10
1.2130985e-08
-4.6600036e-10
1.2049546e-08
-5.768166e-10
1.1976449e-08
-6.857082e-10
1.1913311e-08
-7.8734227e-10
1.1861101e-08
-8.831789e-10
1.1820034e-08
-9.5594836e-10
1.1790551e-08
-1.0404213e-09
1.1772354e-08
-1.0363342e-09
1.1762131e-08
-1.210632e-09
-8.7993248e-10
1.3096542e-08
9.8020949e-11
1.3011002e-08
3.2592237e-11
1.2920168e-08
-5.333841e-11
1.2826959e-08
-1.5333082e-10
1.2733267e-08
-2.6074161e-10
1.264152e-08
-3.7425322e-10
1.2554111e-08
-4.8940761e-10
1.2473471e-08
-6.0506831e-10
1.2401601e-08
-7.1547209e-10
1.2339849e-08
-8.2142682e-10
1.2288801e-08
-9.0490036e-10
1.2249127e-08
-1.0007479e-09
1.2221459e-08
-1.0086656e-09
1.2201231e-08
-1.1904046e-09
-8.743013e-10
7.4355102e-10
-1.0961251e-08
1.0894244e-08
8.1448043e-10
-1.8345326e-08
1.8274396e-08
8.1382043e-10
-3.0437281e-08
3.0437941e-08
6.4650809e-10
-4.9948371e-08
5.0115683e-08
2.4068879e-10
-8.136348e-08
8.1769299e-08
-4.7380026e-10
-1.3228631e-07
1.330008e-07
-1.6654492e-09
-2.1511546e-07
2.1630711e-07
-3.6985955e-09
-3.496948e-07
3.5172794e-07
-5.6667381e-07
5.7019812e-07
1.8258015e-10
-1.0911124e-08
4.0704518e-11
-1.820345e-08
-2.9502311e-10
-3.0101553e-08
-9.7664791e-10
-4.9266746e-08
-2.1774105e-09
-8.0162717e-08
-4.1594753e-09
-1.3030425e-07
-7.4063424e-09
-2.1186859e-07
-1.2768945e-08
-3.443322e-07
-5.5784358e-07
-4.0005946e-10
-1.0736415e-08
-7.460451e-10
-1.7857464e-08
-1.4051637e-09
-2.9442435e-08
-2.5837116e-09
-4.8088198e-08
-4.5605352e-09
-7.8185893e-08
-7.7899781e-09
-1.2707481e-07
-1.3061674e-08
-2.065969e-07
-2.1701946e-08
-3.3569192e-07
-5.4377811e-07
-9.8878466e-10
-1.0438993e-08
-1.5318336e-09
-1.7314416e-08
-2.5000284e-09
-2.847424e-08
-4.1556336e-09
-4.6432593e-08
-6.8850675e-09
-7.545646e-08
-1.132971e-08
-1.2263016e-07
-1.8573319e-08
-1.9935329e-07
-3.0404942e-08
-3.238603e-07
-5.2459185e-07
-1.5720484e-09
-1.0023286e-08
-2.3030629e-09
-1.6583401e-08
-3.5643495e-09
-2.7212953e-08
-5.6750721e-09
-4.432187e-08
-9.1283643e-09
-7.2003167e-08
-1.474489e-08
-1.1701364e-07
-2.3889326e-08
-1.9020885e-07
-3.8796829e-08
-3.089528e-07
-5.0045128e-07
-2.1399112e-09
-9.495219e-09
-3.0480488e-09
-1.5675263e-08
-4.5848697e-09
-2.5676132e-08
-7.1262772e-09
-4.1780463e-08
-1.1268853e-08
-6.7860592e-08
-1.8003095e-08
-1.102794e-07
-2.895997e-08
-1.7925198e-07
-4.6799032e-08
-2.9111374e-07
-4.7157283e-07
-2.683384e-09
-8.8620192e-09
-3.7564292e-09
-1.4602218e-08
-5.5497889e-09
-2.3882773e-08
-8.4947084e-09
-3.8835543e-08
-1.3286044e-08
-6.3069256e-08
-2.1073397e-08
-1.0249204e-07
-3.3737932e-08
-1.6658744e-07
-5.4337506e-08
-2.7051416e-07
-4.382216e-07
-3.1944405e-09
-8.131947e-09
-4.4190323e-09
-1.3377627e-08
-6.4485268e-09
-2.1853278e-08
-9.7669109e-09
-3.5517159e-08
-1.5160644e-08
-5.7675523e-08
-2.392659e-08
-9.3726097e-08
-3.8178534e-08
-1.523355e-07
-6.1341373e-08
-2.4735132e-07
-4.0070746e-07
-3.6659788e-09
-7.314049e-09
-5.0277856e-09
-1.201582e-08
-7.2716059e-09
-1.9609458e-08
-1.0930522e-08
-3.1858243e-08
-1.6874733e-08
-5.1731312e-08
-2.6535351e-08
-8.4065479e-08
-4.223885e-08
-1.36632e-07
-6.7747334e-08
-2.2184284e-07
-3.5938455e-07
-4.0917921e-09
-6.4180141e-09
-5.575632e-09
-1.053198e-08
-8.0105873e-09
-1.7174503e-08
-1.1974324e-08
-2.7894506e-08
-1.8411952e-08
-4.5293684e-08
-2.8874621e-08
-7.360281e-08
-4.5881817e-08
-1.196248e-07
-7.3496925e-08
-1.9422773e-07
-3.146469e-07
-4.4665276e-09
-5.4540672e-09
-6.0564629e-09
-8.9420446e-09
-8.6580421e-09
-1.4572924e-08
-1.2888309e-08
-2.366424e-08
-1.9757727e-08
-3.8424265e-08
-3.0920936e-08
-6.2439601e-08
-4.9065968e-08
-1.0147977e-07
-7.8529289e-08
-1.6476441e-07
-2.6691594e-07
-4.7856478e-09
-4.4328754e-09
-6.4650744e-09
-7.262618e-09
-9.2075471e-09
-1.1830451e-08
-1.3663719e-08
-1.9208067e-08
-2.0899461e-08
-3.1188524e-08
-3.2657425e-08
-5.0681638e-08
-5.1767928e-08
-8.2369266e-08
-8.2797591e-08
-1.3373475e-07
-2.1664358e-07
-5.0454023e-09
-3.365464e-09
-6.7971424e-09
-5.5108778e-09
-9.6537027e-09
-8.9738907e-09
-1.429313e-08
-1.456864e-08
-2.1826272e-08
-2.3655382e-08
-3.4067709e-08
-3.84402e-08
-5.3963675e-08
-6.24733e-08
-8.6265645e-08
-1.0143278e-07
-1.6431109e-07
-5.242808e-09
-2.2631428e-09
-7.0492101e-09
-3.7044758e-09
-9.9921528e-09
-6.030948e-09
-1.4770516e-08
-9.7902761e-09
-2.2529226e-08
-1.5896673e-08
-3.5137334e-08
-2.5832093e-08
-5.5628951e-08
-4.1981683e-08
-8.8896715e-08
-6.8165013e-08
-1.1041627e-07
-5.3756375e-09
-1.1374337e-09
-7.2186847e-09
-1.8614285e-09
-1.0219607e-08
-3.0300254e-09
-1.5091308e-08
-4.918575e-09
-2.3001581e-08
-7.9864e-09
-3.585584e-08
-1.2977834e-08
-5.6746489e-08
-2.1091034e-08
-9.0664301e-08
-3.42472e-08
-5.5470802e-08
-5.4424121e-09
1.2674496e-18
-7.3038407e-09
2.9475223e-18
-1.0333866e-08
-3.4894996e-19
-1.5252441e-08
1.4101556e-18
-2.3238841e-08
-1.0245082e-18
-3.6216675e-08
-8.92791e-18
-5.7307709e-08
8.6937799e-18
-9.1554909e-08
-3.035485e-17
-3.4195179e-17
1.0976605e-08
-7.5260937e-09
1.1042772e-08
-8.211923e-09
1.1077705e-08
-8.8625562e-09
1.1083012e-08
-9.4689881e-09
1.1061391e-08
-1.0022373e-08
1.1016697e-08
-1.0516369e-08
1.0954046e-08
-1.0946485e-08
1.0878458e-08
-1.1306635e-08
1.0793947e-08
-1.1586225e-08
1.0703134e-08
-1.1768844e-08
1.0607689e-08
-1.1832108e-08
1.0508704e-08
-1.1748981e-08
1.0407395e-08
-1.1485263e-08
1.0306325e-08
-1.1009797e-08
-1.025782e-08
1.0203368e-08
1.8405889e-08
-7.6575863e-09
1.847107e-08
-8.2771037e-09
1.8475446e-08
-8.8669326e-09
1.8427352e-08
-9.4208936e-09
1.8337951e-08
-9.9329726e-09
1.8218431e-08
-1.0396848e-08
1.8079052e-08
-1.0807107e-08
1.7927003e-08
-1.1154586e-08
1.7766786e-08
-1.1426007e-08
1.7600728e-08
-1.1602786e-08
1.743023e-08
-1.1661611e-08
1.7256302e-08
-1.1575053e-08
1.7081617e-08
-1.1310578e-08
1.6907247e-08
-1.0835426e-08
-1.0088986e-08
1.6738412e-08
3.0539987e-08
-7.7596326e-09
3.0547945e-08
-8.2850614e-09
3.0479065e-08
-8.7980527e-09
3.034745e-08
-9.2892786e-09
3.0167837e-08
-9.7533597e-09
2.995435e-08
-1.0183361e-08
2.9716719e-08
-1.0569476e-08
2.9461354e-08
-1.0899221e-08
2.9192118e-08
-1.1156772e-08
2.8911651e-08
-1.132232e-08
2.86227e-08
-1.1372659e-08
2.8329034e-08
-1.1281387e-08
2.8035997e-08
-1.1017541e-08
2.7746077e-08
-1.0545506e-08
-9.8158562e-09
2.7472948e-08
5.0091496e-08
-7.7354458e-09
4.9984058e-08
-8.1776232e-09
4.9804912e-08
-8.6189065e-09
4.9565775e-08
-9.0501422e-09
4.9276088e-08
-9.4636728e-09
4.8942878e-08
-9.8501501e-09
4.8571667e-08
-1.0198265e-08
4.8168386e-08
-1.049594e-08
4.7738326e-08
-1.0726712e-08
4.7288159e-08
-1.0872152e-08
4.6825043e-08
-1.0909543e-08
4.6357128e-08
-1.0813472e-08
4.5892392e-08
-1.0552805e-08
4.5438754e-08
-1.0091868e-08
-9.3898172e-09
4.5012715e-08
8.1506316e-08
-7.4724628e-09
8.1183782e-08
-7.8550896e-09
8.0802941e-08
-8.2380651e-09
8.0366302e-08
-8.613503e-09
7.9876785e-08
-8.974156e-09
7.9338309e-08
-9.3116743e-09
7.8756078e-08
-9.6160338e-09
7.8135216e-08
-9.875078e-09
7.74825e-08
-1.0073996e-08
7.6805684e-08
-1.0195336e-08
7.6114427e-08
-1.0218286e-08
7.5419051e-08
-1.0118096e-08
7.4731262e-08
-9.8650172e-09
7.4064907e-08
-9.4255127e-09
-8.7617463e-09
7.3436837e-08
1.3235619e-07
-6.8278526e-09
1.3166032e-07
-7.159213e-09
1.3091165e-07
-7.4893972e-09
1.3011054e-07
-7.8123891e-09
1.2925838e-07
-8.1219994e-09
1.2835765e-07
-8.410947e-09
1.2741197e-07
-8.6703534e-09
1.2642632e-07
-8.8894262e-09
1.2540749e-07
-9.0551644e-09
1.2436414e-07
-9.1519848e-09
1.2330715e-07
-9.1612959e-09
1.222501e-07
-9.0610514e-09
1.2121037e-07
-8.8252889e-09
1.2020851e-07
-8.4236502e-09
-7.8205967e-09
1.1926736e-07
2.1508554e-07
-5.6062826e-09
2.1379925e-07
-5.8729262e-09
2.1244743e-07
-6.1375793e-09
2.1103085e-07
-6.3958061e-09
2.0955154e-07
-6.6426844e-09
2.0801292e-07
-6.8723322e-09
2.0642015e-07
-7.0775877e-09
2.0478049e-07
-7.2497636e-09
2.0310372e-07
-7.3783952e-09
2.0140268e-07
-7.4509449e-09
1.9969385e-07
-7.4524643e-09
1.9799802e-07
-7.3652182e-09
1.96341e-07
-7.168271e-09
1.9475442e-07
-6.837072e-09
-6.3429193e-09
1.9327674e-07
3.4961593e-07
-3.4942694e-09
3.4740265e-07
-3.6596432e-09
3.4508862e-07
-3.8235484e-09
3.4267615e-07
-3.9833346e-09
3.4016944e-07
-4.1359735e-09
3.3757493e-07
-4.277823e-09
3.3490179e-07
-4.4044508e-09
3.3216251e-07
-4.5104852e-09
3.2937357e-07
-4.5894568e-09
3.2655624e-07
-4.6336153e-09
3.237375e-07
-4.6337183e-09
3.2095108e-07
-4.578798e-09
3.1823871e-07
-4.455904e-09
3.1565146e-07
-4.2498254e-09
-3.9428213e-09
3.1325136e-07
5.6670385e-07
5.6304421e-07
5.5922066e-07
5.5523733e-07
5.5110135e-07
5.4682353e-07
5.4241908e-07
5.3790859e-07
5.3331914e-07
5.2868552e-07
5.240518e-07
5.19473e-07
5.150171e-07
5.1076728e-07
5.0682445e-07
1.014952e-08
1.5186942e-10
1.0088428e-08
9.3683688e-11
1.0023356e-08
1.1733781e-11
9.9551554e-09
-8.5130159e-11
9.8852092e-09
-1.907954e-10
9.8153341e-09
-3.0437804e-10
9.7473307e-09
-4.2140418e-10
9.6832099e-09
-5.4094758e-10
9.6246681e-09
-6.569302e-10
9.5729785e-09
-7.6973729e-10
9.5287483e-09
-8.6067017e-10
9.492753e-09
-9.6475257e-10
9.4658655e-09
-9.8177804e-10
9.4443469e-09
-1.1688861e-09
-8.6558795e-10
1.6658179e-08
2.3210277e-10
1.6571222e-08
1.8064038e-10
1.6474561e-08
1.0839472e-10
1.6371221e-08
1.8210271e-11
1.6263169e-08
-8.2743131e-11
1.6152575e-08
-1.9378461e-10
1.6042437e-08
-3.1126555e-10
1.5936129e-08
-4.3464039e-10
1.5836725e-08
-5.575253e-10
1.574637e-08
-6.7938283e-10
1.5666862e-08
-7.8116165e-10
1.5598932e-08
-8.9682322e-10
1.5546335e-08
-9.2918084e-10
1.5500054e-08
-1.1226056e-09
-8.4503008e-10
2.7372086e-08
3.3296438e-10
2.7260275e-08
2.9245122e-10
2.7131777e-08
2.3689244e-10
2.6988549e-08
1.6143836e-10
2.6833792e-08
7.2013748e-11
2.6669247e-08
-2.9239033e-11
2.6499223e-08
-1.4124204e-10
2.6329297e-08
-2.6471443e-10
2.6164677e-08
-3.9290467e-10
2.600876e-08
-5.2346604e-10
2.5866299e-08
-6.3870115e-10
2.5736969e-08
-7.6749325e-10
2.5632388e-08
-8.2459999e-10
2.5531089e-08
-1.0213064e-09
-7.9721363e-10
4.4923066e-08
4.2261318e-10
4.481232e-08
4.0319762e-10
4.4677705e-08
3.7150694e-10
4.4516905e-08
3.2223904e-10
4.4331586e-08
2.5733206e-10
4.4121601e-08
1.8074616e-10
4.3891607e-08
8.8752126e-11
4.3649463e-08
-2.2570963e-11
4.3401638e-08
-1.4507937e-10
4.315295e-08
-2.7477794e-10
4.2912528e-08
-3.9827926e-10
4.2679044e-08
-5.340094e-10
4.247706e-08
-6.2261608e-10
4.2265393e-08
-8.0963984e-10
-6.8684489e-10
7.3402423e-08
4.5702642e-10
7.3343841e-08
4.6177943e-10
7.3257984e-08
4.5736449e-10
7.3140575e-08
4.3964822e-10
7.2990336e-08
4.0757111e-10
7.2805754e-08
3.6532808e-10
7.2585552e-08
3.0895388e-10
7.2329362e-08
2.3361923e-10
7.2042298e-08
1.4198446e-10
7.1728388e-08
3.9132538e-11
7.1396758e-08
-6.6649904e-11
7.104751e-08
-1.8476169e-10
7.0714048e-08
-2.8915347e-10
7.0343086e-08
-4.3867815e-10
-4.5257813e-10
1.1930666e-07
4.1772782e-10
1.1933068e-07
4.3776259e-10
1.1933416e-07
4.5387816e-10
1.193114e-07
4.6241181e-10
1.1925924e-07
4.5972597e-10
1.1917717e-07
4.4740407e-10
1.1906365e-07
4.2246874e-10
1.1891361e-07
3.8366255e-10
1.1872499e-07
3.3060785e-10
1.1849734e-07
2.6677874e-10
1.182324e-07
1.9829064e-10
1.1792231e-07
1.2532728e-10
1.1757845e-07
5.470901e-11
1.1715768e-07
-1.7909459e-11
-1.0614071e-10
1.9337762e-07
3.1685384e-10
1.9347542e-07
3.3996371e-10
1.935683e-07
3.6100021e-10
1.9365221e-07
3.7849725e-10
1.9372112e-07
3.9081261e-10
1.9377206e-07
3.9646995e-10
1.9379961e-07
3.949118e-10
1.9379671e-07
3.8657117e-10
1.9376006e-07
3.6725293e-10
1.9369065e-07
3.3619447e-10
1.9359003e-07
2.9890808e-10
1.9346123e-07
2.5412941e-10
1.9330941e-07
2.0652984e-10
1.9312691e-07
1.6458868e-10
1.1149752e-10
3.1339666e-07
1.7155801e-10
3.1354958e-07
1.870454e-10
3.1370826e-07
2.0232226e-10
3.1387015e-07
2.1660777e-10
3.1403191e-07
2.2904737e-10
3.1418977e-07
2.3860727e-10
3.1434053e-07
2.4415973e-10
3.144825e-07
2.4459814e-10
3.1461075e-07
2.3899782e-10
3.1472039e-07
2.2655387e-10
3.1481118e-07
2.0812549e-10
3.148778e-07
1.875066e-10
3.1491551e-07
1.688148e-10
3.149227e-07
1.5740051e-10
1.3938007e-10
5.0699601e-07
5.0718306e-07
5.0738538e-07
5.0760199e-07
5.0783103e-07
5.0806964e-07
5.083138e-07
5.085584e-07
5.087974e-07
5.0902395e-07
5.0923208e-07
5.0941958e-07
5.095884e-07
5.097458e-07
1.0681205e-16
-1.06812e-16
5.1609988e-16
-4.0928781e-16
1.4108396e-15
-8.9473974e-16
3.0637566e-15
-1.652917e-15
5.878283e-15
-2.8145265e-15
1.0447503e-14
-4.5692196e-15
1.7638847e-14
-7.1913446e-15
2.8715518e-14
-1.1076672e-14
4.5510147e-14
-1.6794629e-14
7.0672517e-14
-2.5162371e-14
1.0802194e-13
-3.7349422e-14
1.6304684e-13
-5.5024906e-14
2.4361047e-13
-8.0563626e-14
3.6094323e-13
-1.1733276e-13
5.3103107e-13
-1.7008784e-13
7.7654583e-13
-2.4551477e-13
1.1295098e-12
-3.52964e-13
1.6349424e-12
-5.0543256e-13
2.3558003e-12
-7.2085798e-13
3.3795946e-12
-1.0237943e-12
4.8271352e-12
-1.4475407e-12
6.8639217e-12
-2.0367865e-12
9.7147471e-12
-2.8508255e-12
1.3682121e-11
-3.9673736e-12
1.9169137e-11
-5.4870162e-12
2.6707457e-11
-7.5383209e-12
3.6991144e-11
-1.0283687e-11
5.0917222e-11
-1.3926078e-11
6.96341e-11
-1.8716878e-11
9.4599302e-11
-2.4965203e-11
1.2764836e-10
-3.3049061e-11
1.7107741e-10
-4.3429049e-11
2.2774274e-10
-5.6665333e-11
3.0117901e-10
-7.3436262e-11
3.9573563e-10
-9.4556623e-11
5.1675763e-10
-1.21022e-10
6.7079023e-10
-1.540326e-10
8.6564862e-10
-1.9485838e-10
-2.4702598e-10
1.1126746e-09
1.1023142e-16
-2.1704337e-16
5.3260402e-16
-8.3166039e-16
1.4559025e-15
-1.8180383e-15
3.1615854e-15
-3.3585998e-15
6.0660349e-15
-5.718976e-15
1.0781424e-14
-9.2846086e-15
1.8203182e-14
-1.4613103e-14
2.9635407e-14
-2.2508896e-14
4.697023e-14
-3.4129453e-14
7.2943711e-14
-5.1135853e-14
1.1149983e-13
-7.5905543e-14
1.6830655e-13
-1.1183163e-13
2.514847e-13
-1.6374177e-13
3.7263283e-13
-2.3848089e-13
5.4826083e-13
-3.4571585e-13
8.0178283e-13
-4.9903678e-13
1.1662676e-12
-7.1744875e-13
1.6882016e-12
-1.0273666e-12
2.4325872e-12
-1.4652436e-12
3.4897684e-12
-2.0809756e-12
4.9844527e-12
-2.942225e-12
7.0874609e-12
-4.1397947e-12
1.0030793e-11
-5.7941573e-12
1.4126633e-11
-8.0632137e-12
1.9790951e-11
-1.1151335e-11
2.7572389e-11
-1.5319759e-11
3.8187203e-11
-2.0898501e-11
5.2561188e-11
-2.8300063e-11
7.1879761e-11
-3.803545e-11
9.7647728e-11
-5.073317e-11
1.3176067e-10
-6.7161999e-11
1.7659057e-10
-8.8258952e-11
2.3508955e-10
-1.1516432e-10
3.1091222e-10
-1.4925893e-10
4.0855934e-10
-1.9220375e-10
5.3356162e-10
-2.4602428e-10
6.927047e-10
-3.1317567e-10
8.940797e-10
-3.9623339e-10
-5.0236498e-10
1.1494187e-09
1.1418937e-16
-3.3123269e-16
5.5172705e-16
-1.269198e-15
1.5081782e-15
-2.7744895e-15
3.2751029e-15
-5.1255245e-15
6.2838224e-15
-8.7276956e-15
1.1168465e-14
-1.4169251e-14
1.8856558e-14
-2.2301197e-14
3.069892e-14
-3.4351258e-14
4.8655417e-14
-5.2085951e-14
7.5559966e-14
-7.8040402e-14
1.1549743e-13
-1.1584301e-13
1.7433791e-13
-1.7067211e-13
2.6049124e-13
-2.498951e-13
3.8596766e-13
-3.6395732e-13
5.6786109e-13
-5.2760928e-13
8.3041041e-13
-7.615861e-13
1.2078433e-12
-1.0948817e-12
1.748266e-12
-1.5677894e-12
2.5189309e-12
-2.2359084e-12
3.6132873e-12
-3.1753321e-12
5.1602992e-12
-4.4892369e-12
7.3365774e-12
-6.316073e-12
1.0381938e-11
-8.8395178e-12
1.4619032e-11
-1.2300308e-11
2.0477737e-11
-1.7010039e-11
2.8525022e-11
-2.3367044e-11
3.9501129e-11
-3.1874609e-11
5.4363033e-11
-4.3161967e-11
7.4336443e-11
-5.800886e-11
1.0097797e-10
-7.7374702e-11
1.3624951e-10
-1.0243353e-10
1.8260762e-10
-1.3461706e-10
2.4311267e-10
-1.7566937e-10
3.2155659e-10
-2.2770285e-10
4.2261561e-10
-2.9326276e-10
5.5204047e-10
-3.7544914e-10
7.1689872e-10
-4.7803392e-10
9.2563583e-10
-6.0497049e-10
-7.6710027e-10
1.1903711e-09
1.1874565e-16
-4.4997829e-16
5.7373325e-16
-1.7241856e-15
1.5683104e-15
-3.7690666e-15
3.4056162e-15
-6.9628304e-15
6.5340712e-15
-1.1856151e-14
1.161289e-14
-1.9248069e-14
1.9606208e-14
-3.0294516e-14
3.1918008e-14
-4.6663058e-14
5.0585055e-14
-7.0752998e-14
7.8552059e-14
-1.0600741e-13
1.2006294e-13
-1.5735389e-13
1.8121534e-13
-2.3182451e-13
2.707434e-13
-3.3942317e-13
4.0111788e-13
-4.943318e-13
5.900839e-13
-7.1657529e-13
8.6279709e-13
-1.0342993e-12
1.2547693e-12
-1.4868539e-12
1.8158955e-12
-2.1289155e-12
2.6159041e-12
-3.0359171e-12
3.7516504e-12
-4.3110783e-12
5.3567482e-12
-6.0943347e-12
7.6141125e-12
-8.5734373e-12
1.0772041e-11
-1.1997447e-11
1.5164515e-11
-1.6692783e-11
2.1236436e-11
-2.3081959e-11
2.957457e-11
-3.1705179e-11
4.094509e-11
-4.3245129e-11
5.6338766e-11
-5.8555643e-11
7.7025176e-11
-7.869527e-11
1.0461768e-10
-1.0496721e-10
1.4115132e-10
-1.3896717e-10
1.8917675e-10
-1.8264249e-10
2.5187622e-10
-2.3836884e-10
3.3319806e-10
-3.0902469e-10
4.3802032e-10
-3.9808502e-10
5.7235162e-10
-5.0978044e-10
7.4358625e-10
-6.4926855e-10
9.6060827e-10
-8.2199251e-10
-1.042416e-09
1.235924e-09
1.2391197e-16
-5.7389021e-16
5.9867945e-16
-2.1989531e-15
1.6364616e-15
-4.8068487e-15
3.5535074e-15
-8.8798762e-15
6.8175891e-15
-1.5120232e-14
1.2116298e-14
-2.4546779e-14
2.0455153e-14
-3.863337e-14
3.3298188e-14
-5.9506094e-14
5.2768941e-14
-9.0223752e-14
8.1936988e-14
-1.3517545e-13
1.2522523e-13
-2.0064214e-13
1.8898689e-13
-2.9558616e-13
2.8231955e-13
-4.3275584e-13
4.1820874e-13
-6.3022099e-13
6.1512534e-13
-9.134919e-13
8.9924342e-13
-1.3184174e-12
1.3074963e-12
-1.8951068e-12
1.8917521e-12
-2.7131713e-12
2.7244606e-12
-3.8686257e-12
3.9062061e-12
-5.4928238e-12
5.5756765e-12
-7.7638052e-12
7.9226416e-12
-1.0920402e-11
1.1204594e-11
-1.5279399e-11
1.5767764e-11
-2.1255953e-11
2.2073269e-11
-2.9387465e-11
3.0729231e-11
-4.0361141e-11
4.2529816e-11
-5.5045713e-11
5.8502366e-11
-7.4528193e-11
7.9964129e-11
-1.0015703e-10
1.0859048e-10
-1.3359356e-10
1.4649686e-10
-1.7687355e-10
1.9633812e-10
-2.3248375e-10
2.6143292e-10
-3.0346365e-10
3.459063e-10
-3.9349807e-10
4.548661e-10
-5.0704481e-10
5.9461849e-10
-6.4953283e-10
7.7293273e-10
-8.275828e-10
9.9921403e-10
-1.0482738e-09
-1.3295674e-09
1.2863654e-09
1.2973704e-16
-7.036272e-16
6.2680238e-16
-2.6960184e-15
1.7132793e-15
-5.8933257e-15
3.7201768e-15
-1.0886774e-14
7.1370431e-15
-1.8537099e-14
1.2683384e-14
-3.009312e-14
2.1411222e-14
-4.7361208e-14
3.4852026e-14
-7.2946898e-14
5.5226669e-14
-1.105984e-13
8.5744636e-14
-1.6569342e-13
1.310291e-13
-2.459266e-13
1.9771877e-13
-3.6227583e-13
2.9531654e-13
-5.303536e-13
4.3738064e-13
-7.722851e-13
6.4318758e-13
-1.1192988e-12
9.4003872e-13
-1.6152685e-12
1.3664363e-12
-2.3215043e-12
1.9764184e-12
-3.3231534e-12
2.8454182e-12
-4.7376255e-12
4.0780926e-12
-6.7254982e-12
5.8186509e-12
-9.5043636e-12
8.2642963e-12
-1.3366048e-11
1.168246e-11
-1.8697563e-11
1.643258e-11
-2.6006072e-11
2.2993225e-11
-3.594811e-11
3.199548e-11
-4.9363396e-11
4.426363e-11
-6.7313863e-11
6.0864454e-11
-9.1129017e-11
8.3166788e-11
-1.2245937e-10
1.1291347e-10
-1.6334025e-10
1.5230783e-10
-2.1626791e-10
2.0411916e-10
-2.8429508e-10
2.7181759e-10
-3.7116207e-10
3.5972564e-10
-4.8140612e-10
4.7320952e-10
-6.205287e-10
6.189128e-10
-7.9523611e-10
8.0502904e-10
-1.013699e-09
1.0415616e-09
-1.2848063e-09
-1.6298304e-09
1.3418246e-09
1.3625003e-16
-8.3987719e-16
6.5824226e-16
-3.2180106e-15
1.7991466e-15
-7.03423e-15
3.9064562e-15
-1.2994083e-14
7.4940301e-15
-2.2124672e-14
1.3316986e-14
-3.5916075e-14
2.2479213e-14
-5.6523436e-14
3.6587339e-14
-8.7055024e-14
5.797064e-14
-1.319817e-13
8.9994272e-14
-1.9771705e-13
1.37504e-13
-2.9343634e-13
2.0745543e-13
-4.3222726e-13
3.098006e-13
-6.3269877e-13
4.5873134e-13
-9.2121584e-13
6.7441339e-13
-1.3349809e-12
9.8538944e-13
-1.9262446e-12
1.4318843e-12
-2.7679992e-12
2.0703119e-12
-3.961581e-12
2.9793597e-12
-5.6466734e-12
4.2681123e-12
-8.0142508e-12
6.0867605e-12
-1.1323012e-11
8.6405317e-12
-1.5919819e-11
1.2207553e-11
-2.2264584e-11
1.7161431e-11
-3.0959951e-11
2.3999429e-11
-4.2786108e-11
3.3377198e-11
-5.8741165e-11
4.6151256e-11
-8.0087921e-11
6.3430657e-11
-1.0840842e-10
8.6639719e-11
-1.4566843e-10
1.1759418e-10
-1.9429471e-10
1.5859268e-10
-2.5726641e-10
2.1252888e-10
-3.3823128e-10
2.8303923e-10
-4.4167242e-10
3.7466413e-10
-5.7303102e-10
4.9305589e-10
-7.3892046e-10
6.4523327e-10
-9.474135e-10
8.3986152e-10
-1.2083273e-09
1.0876085e-09
-1.5325533e-09
-1.9444354e-09
1.4022135e-09
1.4347093e-16
-9.8334807e-16
6.9309552e-16
-3.7676351e-15
1.894326e-15
-8.2354605e-15
4.1129119e-15
-1.5212669e-14
7.8896267e-15
-2.5901387e-14
1.4018996e-14
-4.2045445e-14
2.3662278e-14
-6.6166717e-14
3.8509174e-14
-1.0190192e-13
6.1008698e-14
-1.5448122e-13
9.4697801e-14
-2.3140616e-13
1.4466765e-13
-3.4340618e-13
2.1822278e-13
-5.0578239e-13
3.2580909e-13
-7.4028509e-13
4.8231394e-13
-1.0777207e-12
7.0887731e-13
-1.5615443e-12
1.0353989e-12
-2.2527661e-12
1.5039818e-12
-3.2365821e-12
2.1736228e-12
-4.6312221e-12
3.126537e-12
-6.5995876e-12
4.4765913e-12
-9.3643051e-12
6.3804148e-12
-1.3226835e-11
9.0518413e-12
-1.8591246e-11
1.278043e-11
-2.5993173e-11
1.7954896e-11
-3.6134417e-11
2.5092378e-11
-4.9923589e-11
3.4874623e-11
-6.852341e-11
4.8192378e-11
-9.3405677e-11
6.619964e-11
-1.2641568e-10
9.0379879e-11
-1.6984867e-10
1.2262691e-10
-2.2654174e-10
1.6534165e-10
-2.9998115e-10
2.2155102e-10
-3.9444065e-10
2.9507167e-10
-5.1519306e-10
3.9068064e-10
-6.6864e-10
5.1434132e-10
-8.6258114e-10
6.7348079e-10
-1.106553e-09
8.7727744e-10
-1.4121239e-09
1.1371143e-09
-1.7923901e-09
-2.2744829e-09
1.4671618e-09
1.513958e-16
-1.1347438e-15
7.3134269e-16
-4.347582e-15
1.9987633e-15
-9.5028811e-15
4.3394242e-15
-1.755333e-14
8.3235986e-15
-2.9885562e-14
1.478899e-14
-4.8510837e-14
2.4959678e-14
-7.6337405e-14
4.0616291e-14
-1.1755853e-13
6.4338808e-14
-1.7820374e-13
9.9851934e-14
-2.6691928e-13
1.5251477e-13
-3.9606902e-13
2.3001243e-13
-5.8328006e-13
3.4332876e-13
-8.5360141e-13
5.0810746e-13
-1.2424994e-12
7.4654619e-13
-1.799983e-12
1.0900146e-12
-2.5962345e-12
1.5826457e-12
-3.7292133e-12
2.2862201e-12
-5.3347965e-12
3.2867427e-12
-7.6001102e-12
4.7032021e-12
-1.0780765e-11
6.6990976e-12
-1.5222731e-11
9.4974147e-12
-2.1389563e-11
1.3399827e-11
-2.9895586e-11
1.8811007e-11
-4.1545597e-11
2.6269036e-11
-5.7381619e-11
3.6483109e-11
-7.8737482e-11
5.0379946e-11
-1.0730251e-10
6.9160798e-11
-1.4519653e-10
9.4371459e-11
-1.9505933e-10
1.2798843e-10
-2.6015871e-10
1.72521e-10
-3.4451372e-10
2.3113615e-10
-4.5305581e-10
3.0784274e-10
-5.9189965e-10
4.0767001e-10
-7.6846727e-10
5.3691243e-10
-9.9182356e-10
7.0343035e-10
-1.2730709e-09
9.1694628e-10
-1.6256399e-09
1.1895881e-09
-2.0650319e-09
-2.6208487e-09
1.5359539e-09
1.5999241e-16
-1.2947362e-15
7.7282779e-16
-4.9604173e-15
2.1120316e-15
-1.0842085e-14
4.5850639e-15
-2.0026362e-14
8.7941589e-15
-3.4094657e-14
1.5623781e-14
-5.5340459e-14
2.6366017e-14
-8.7079641e-14
4.2899872e-14
-1.3409239e-13
6.7946926e-14
-2.0325079e-13
1.0543474e-13
-3.044071e-13
1.6101163e-13
-4.5164591e-13
2.427731e-13
-6.6504153e-13
3.6228228e-13
-9.7311058e-13
5.3599624e-13
-1.4162134e-12
7.8724796e-13
-2.0512347e-12
1.1489818e-12
-2.9579684e-12
1.6675003e-12
-4.2477318e-12
2.4075513e-12
-6.0748474e-12
3.459167e-12
-8.651726e-12
4.9467607e-12
-1.2268358e-11
7.0410821e-12
-1.7317052e-11
9.9747389e-12
-2.432322e-11
1.4062096e-11
-3.3982943e-11
1.9724482e-11
-4.7207983e-11
2.7521781e-11
-6.5178918e-11
3.8191685e-11
-8.9407387e-11
5.2698218e-11
-1.2180905e-10
7.2291591e-11
-1.647899e-10
9.858225e-11
-2.2134999e-10
1.3363301e-10
-2.9520947e-10
1.8006627e-10
-3.9094698e-10
2.4119256e-10
-5.141821e-10
3.2122239e-10
-6.7192948e-10
4.2544647e-10
-8.7269134e-10
5.6050367e-10
-1.1268808e-09
7.3470025e-10
-1.4472675e-09
9.5831772e-10
-1.8492573e-09
1.2442333e-09
-2.3509475e-09
-2.9840761e-09
1.6074607e-09
1.6919087e-16
-1.463927e-15
8.1721405e-16
-5.6084405e-15
2.2332108e-15
-1.2258082e-14
4.8478337e-15
-2.2640985e-14
9.2974749e-15
-3.8544298e-14
1.6516556e-14
-6.255954e-14
2.7869784e-14
-9.8432869e-14
4.534116e-14
-1.5156376e-13
7.1803299e-14
-2.2971293e-13
1.1139996e-13
-3.4400376e-13
1.7008745e-13
-5.103334e-13
2.5639776e-13
-7.5135184e-13
3.8250945e-13
-1.0992223e-12
5.657424e-13
-1.5994463e-12
8.3063179e-13
-2.3161241e-12
1.2117861e-12
-3.3391227e-12
1.7577951e-12
-4.7937407e-12
2.536526e-12
-6.8535784e-12
3.6422326e-12
-9.7574326e-12
5.2049939e-12
-1.383112e-11
7.4031039e-12
-1.9515162e-11
1.0479143e-11
-2.7399259e-11
1.4760575e-11
-3.8264375e-11
2.0685856e-11
-5.3133264e-11
2.8837206e-11
-7.3330267e-11
3.998143e-11
-1.0055161e-10
5.5120559e-11
-1.3694818e-10
7.5554572e-11
-1.8522392e-10
1.0295954e-10
-2.4875496e-10
1.3948672e-10
-3.3173664e-10
1.8787443e-10
-4.3933469e-10
2.5157767e-10
-5.7788535e-10
3.3500992e-10
-7.5536172e-10
4.4372528e-10
-9.814067e-10
5.8471309e-10
-1.2678686e-09
7.667194e-10
-1.6292738e-09
1.0005763e-09
-2.0831142e-09
1.2998846e-09
-2.6502559e-09
-3.3643283e-09
1.6801368e-09
1.7887347e-16
-1.6428004e-15
8.6393288e-16
-6.2934999e-15
2.3607486e-15
-1.3754897e-14
5.1243653e-15
-2.5404602e-14
9.8270885e-15
-4.3247021e-14
1.7455844e-14
-7.0188296e-14
2.9451631e-14
-1.1042866e-13
4.7908689e-14
-1.7002082e-13
7.5858111e-14
-2.5766236e-13
1.1767034e-13
-3.8581598e-13
1.7962427e-13
-5.7228733e-13
2.7070866e-13
-8.4243623e-13
4.0374518e-13
-1.2322588e-12
5.9695392e-13
-1.792655e-12
8.7612212e-13
-2.5952923e-12
1.2775877e-12
-3.7405883e-12
1.8523112e-12
-5.3684642e-12
2.6713842e-12
-7.6726514e-12
3.8334088e-12
-1.0919457e-11
5.4742782e-12
-1.5471989e-11
7.7799965e-12
-2.1820881e-11
1.1003289e-11
-3.0622551e-11
1.5484885e-11
-4.2745971e-11
2.1680505e-11
-5.9328885e-11
3.0194788e-11
-8.184455e-11
4.1823658e-11
-1.1218048e-10
5.7607026e-11
-1.5273154e-10
7.8894252e-11
-2.0651114e-10
1.0742595e-10
-2.7728666e-10
1.4544105e-10
-3.6975175e-10
1.9579434e-10
-4.8968797e-10
2.6209328e-10
-6.4418429e-10
3.4891564e-10
-8.4218408e-10
4.6210266e-10
-1.0945937e-09
6.0897739e-10
-1.4147433e-09
7.9869447e-10
-1.8189909e-09
1.0425955e-09
-2.3270152e-09
1.3549157e-09
-2.9625761e-09
-3.7609061e-09
1.7514936e-09
1.8887038e-16
-1.8316708e-15
9.1216198e-16
-7.0167915e-15
2.4923946e-15
-1.533513e-14
5.4097697e-15
-2.8321977e-14
1.0373619e-14
-4.821087e-14
1.8424977e-14
-7.8239654e-14
3.108342e-14
-1.230871e-13
5.0556668e-14
-1.8949407e-13
8.0038826e-14
-2.8714451e-13
1.241333e-13
-4.2991045e-13
1.8945019e-13
-6.3760423e-13
2.8544661e-13
-9.3843265e-13
4.2560271e-13
-1.3724149e-12
6.2905872e-13
-1.9961111e-12
9.2287905e-13
-2.8891127e-12
1.3451614e-12
-4.1628707e-12
1.9492721e-12
-5.9725749e-12
2.8095637e-12
-8.5329431e-12
4.0290195e-12
-1.2138913e-11
5.7493651e-12
-1.7192335e-11
8.1643009e-12
-2.4235817e-11
1.1536626e-11
-3.3994876e-11
1.6220165e-11
-4.7429511e-11
2.268759e-11
-6.579631e-11
3.1565436e-11
-9.0722395e-11
4.3677942e-11
-1.2429299e-10
6.010176e-11
-1.6915536e-10
8.2234052e-11
-2.2864344e-10
1.1187689e-10
-3.069295e-10
1.5134863e-10
-4.0922348e-10
2.0360618e-10
-5.4194553e-10
2.7242887e-10
-7.1300698e-10
3.6254758e-10
-9.3230279e-10
4.8003987e-10
-1.212086e-09
6.3254903e-10
-1.5672525e-09
8.2958059e-10
-2.0160224e-09
1.0829058e-09
-2.5803405e-09
1.4072408e-09
-3.2869111e-09
-4.1721543e-09
1.818489e-09
1.989375e-16
-2.0306082e-15
9.6072193e-16
-7.7785759e-15
2.6249236e-15
-1.6999332e-14
5.6970471e-15
-3.1394101e-14
1.0923651e-14
-5.3437474e-14
1.9400143e-14
-8.6716146e-14
3.2725025e-14
-1.3641198e-13
5.3219918e-14
-2.0998896e-13
8.4242417e-14
-3.1816701e-13
1.3062935e-13
-4.7629739e-13
1.9932232e-13
-7.062972e-13
3.0024651e-13
-1.0393568e-12
4.4753914e-13
-1.5197075e-12
6.6125673e-13
-2.2098287e-12
9.6973247e-13
-3.1975884e-12
1.4128073e-12
-4.6059455e-12
2.0462226e-12
-6.6059901e-12
2.9475371e-12
-9.4342576e-12
4.2240212e-12
-1.3415397e-11
6.0230768e-12
-1.899139e-11
8.5458479e-12
-2.6758588e-11
1.2064808e-11
-3.7513836e-11
1.6946269e-11
-5.2310971e-11
2.3678936e-11
-7.2528977e-11
3.2909909e-11
-9.9953368e-11
4.548987e-11
-1.3687295e-10
6.2529737e-11
-1.8619523e-10
8.5471946e-11
-2.5158564e-10
1.1618093e-10
-3.3763848e-10
1.5704258e-10
-4.5008513e-10
2.1105753e-10
-5.9596048e-10
2.8213637e-10
-7.8408582e-10
3.7531681e-10
-1.0254832e-09
4.9684192e-10
-1.3336111e-09
6.5447848e-10
-1.724889e-09
8.580575e-10
-2.2196014e-09
1.1196714e-09
-2.8419544e-09
1.4543244e-09
-3.6215641e-09
-4.5956351e-09
1.8778052e-09
2.0876638e-16
-2.2393746e-15
1.0081263e-15
-8.5779357e-15
2.7542818e-15
-1.8745487e-14
5.9774047e-15
-3.4617223e-14
1.1460324e-14
-5.8920394e-14
2.0351395e-14
-9.5607217e-14
3.4325905e-14
-1.5038649e-13
5.5816191e-14
-2.3147925e-13
8.8338587e-14
-3.5068941e-13
1.3695627e-13
-5.2491507e-13
2.0893174e-13
-7.7827267e-13
3.1464251e-13
-1.1450676e-12
4.6885928e-13
-1.6739243e-12
6.9251962e-13
-2.433489e-12
1.0151729e-12
-3.5202416e-12
1.4783247e-12
-5.0690973e-12
2.1399742e-12
-7.2676396e-12
3.0807126e-12
-1.0374996e-11
4.4118391e-12
-1.4746524e-11
6.2860514e-12
-2.0865603e-11
8.9113779e-12
-2.9383914e-11
1.2569152e-11
-4.1171611e-11
1.763699e-11
-5.7378809e-11
2.4617934e-11
-7.9509921e-11
3.4177215e-11
-1.0951265e-10
4.7188442e-11
-1.4988418e-10
6.4791536e-11
-2.0379832e-10
8.8465057e-11
-2.7525917e-10
1.2011465e-10
-3.6928808e-10
1.6217547e-10
-4.9214595e-10
2.1779305e-10
-6.5157806e-10
2.909984e-10
-8.5729116e-10
3.8683861e-10
-1.1213234e-09
5.1169868e-10
-1.4584712e-09
6.7359843e-10
-1.8867888e-09
8.8251009e-10
-2.4285131e-09
1.1506683e-09
-3.1101126e-09
1.4931238e-09
-3.9640196e-09
-5.0278505e-09
1.9253392e-09
2.179321e-16
-2.4573066e-15
1.0523225e-15
-9.4123262e-15
2.8748623e-15
-2.0568027e-14
6.2386855e-15
-3.7981047e-14
1.1960366e-14
-6.4642074e-14
2.1237478e-14
-1.0488433e-13
3.5816638e-14
-1.6496565e-13
5.8232916e-14
-2.5389553e-13
9.2149757e-14
-3.8460625e-13
1.4283977e-13
-5.7560508e-13
2.1786186e-13
-8.5329476e-13
3.2801033e-13
-1.2552161e-12
4.8863793e-13
-1.8345519e-12
7.2148903e-13
-2.6663401e-12
1.0572218e-12
-3.8559744e-12
1.5388517e-12
-5.5507272e-12
2.2264122e-12
-7.9552002e-12
3.2032052e-12
-1.1351789e-11
4.5840972e-12
-1.6127416e-11
6.5264211e-12
-2.2807927e-11
9.2441501e-12
-3.2101643e-11
1.3026149e-11
-4.495361e-11
1.8259471e-11
-6.2612131e-11
2.5458886e-11
-8.6709336e-11
3.5304121e-11
-1.1935788e-10
4.8686678e-11
-1.6326673e-10
6.6768553e-11
-2.218802e-10
9.105556e-11
-2.9954617e-10
1.2348826e-10
-4.0172077e-10
1.6655692e-10
-5.3521462e-10
2.2347059e-10
-7.0849173e-10
2.9829966e-10
-9.3212022e-10
3.961722e-10
-1.219196e-09
5.2354116e-10
-1.5858401e-09
6.8849326e-10
-2.0517409e-09
9.0101657e-10
-2.6410364e-09
1.1732798e-09
-3.3823758e-09
1.5200915e-09
-4.3108313e-09
-5.4640824e-09
1.9563234e-09
2.2598335e-16
-2.6832899e-15
1.0911365e-15
-1.0277479e-14
2.9807277e-15
-2.2457618e-14
6.4679938e-15
-4.1468313e-14
1.2399011e-14
-7.0573091e-14
2.201432e-14
-1.1449964e-13
3.7122683e-14
-1.8007401e-13
6.0348476e-14
-2.7712132e-13
9.5482692e-14
-4.1974047e-13
1.4797894e-13
-6.2810133e-13
2.2565132e-13
-9.3096714e-13
3.3965135e-13
-1.3692161e-12
5.05828e-13
-2.0007286e-12
7.46609e-13
-2.9071211e-12
1.0935846e-12
-4.20295e-12
1.5910279e-12
-6.0481705e-12
2.3006489e-12
-8.6648213e-12
3.3079538e-12
-1.2359094e-11
4.7306645e-12
-1.7550126e-11
6.7297507e-12
-2.4807013e-11
9.5237377e-12
-3.489563e-11
1.3407085e-11
-4.8836957e-11
1.8773603e-11
-6.797865e-11
2.6146103e-11
-9.4081836e-11
3.6213774e-11
-1.2942555e-10
4.9879197e-11
-1.7693216e-10
6.8317355e-11
-2.4031836e-10
9.3049539e-11
-3.2427836e-10
1.2603578e-10
-4.3470701e-10
1.6979242e-10
-5.7897126e-10
2.2754595e-10
-7.6624526e-10
3.0338086e-10
-1.0079551e-09
4.0243571e-10
-1.3182508e-09
5.3114525e-10
-1.7145497e-09
6.9751719e-10
-2.2181128e-09
9.113607e-10
-2.8548799e-09
1.1845195e-09
-3.6555346e-09
1.5312232e-09
-4.6575349e-09
-5.8983087e-09
1.9654495e-09
2.3222242e-16
-2.9155123e-15
1.1211885e-15
-1.1166445e-14
3.0626438e-15
-2.4399073e-14
6.6453256e-15
-4.5050995e-14
1.2738026e-14
-7.6665791e-14
2.2614309e-14
-1.2437592e-13
3.8130598e-14
-1.955903e-13
6.1979583e-14
-3.0097031e-13
9.8049496e-14
-4.5581038e-13
1.5193138e-13
-6.8198322e-13
2.3163208e-13
-1.0106678e-12
3.4857118e-13
-1.4861552e-12
5.1896695e-13
-2.1711243e-12
7.6575023e-13
-3.1539044e-12
1.1211881e-12
-4.5583879e-12
1.6304505e-12
-6.5574329e-12
2.3564151e-12
-9.3907858e-12
3.3860763e-12
-1.3388755e-11
4.8390071e-12
-1.9003057e-11
6.8784131e-12
-2.6846419e-11
9.7254287e-12
-3.7742646e-11
1.3677433e-11
-5.2788962e-11
1.9131338e-11
-7.3432554e-11
2.6613022e-11
-1.0156352e-10
3.6814416e-11
-1.3962695e-10
5.0640118e-11
-1.9075786e-10
6.926595e-11
-2.5894419e-10
9.4212322e-11
-3.4922473e-10
1.2743598e-10
-4.6793067e-10
1.7144508e-10
-6.2298035e-10
2.2944104e-10
-8.2424122e-10
3.0546798e-10
-1.0839821e-09
4.0459409e-10
-1.417377e-09
5.3311994e-10
-1.8430755e-09
6.9880978e-10
-2.3838027e-09
9.1106202e-10
-3.0671322e-09
1.1810849e-09
-3.9255575e-09
1.5221442e-09
-4.9985942e-09
-6.3231551e-09
1.9469906e-09
2.361505e-16
-3.1516628e-15
1.1400956e-15
-1.207039e-14
3.1141127e-15
-2.6373091e-14
6.7565312e-15
-4.8693413e-14
1.2950095e-14
-8.2859354e-14
2.2988474e-14
-1.344143e-13
3.8756796e-14
-2.1135862e-13
6.2988365e-14
-3.2520188e-13
9.9628321e-14
-4.9245033e-13
1.5434661e-13
-7.3670151e-13
2.3525816e-13
-1.0915794e-12
3.5392857e-13
-1.6048256e-12
5.2677009e-13
-2.3439658e-12
7.7696607e-13
-3.4041004e-12
1.1371039e-12
-4.9185257e-12
1.6527465e-12
-7.0730756e-12
2.387232e-12
-1.0125271e-11
3.4280585e-12
-1.4429582e-11
4.8952886e-12
-2.0470287e-11
6.9524933e-12
-2.8903623e-11
9.8208562e-12
-4.0611009e-11
1.3797184e-11
-5.6765289e-11
1.9276739e-11
-7.8912109e-11
2.6782034e-11
-1.0906882e-10
3.6999059e-11
-1.4984397e-10
5.0822779e-11
-2.0458158e-10
6.9414206e-11
-2.7753562e-10
9.427178e-11
-3.740823e-10
1.2732011e-10
-5.00979e-10
1.7101931e-10
-6.6667955e-10
2.2849549e-10
-8.817174e-10
3.0368186e-10
-1.1591685e-09
4.0147767e-10
-1.5151728e-09
5.2791482e-10
-1.9695127e-09
6.903245e-10
-2.5462123e-09
8.974302e-10
-3.2742378e-09
1.1594477e-09
-4.1875751e-09
1.4882452e-09
-5.3273917e-09
-6.7298807e-09
1.8949708e-09
2.3652014e-16
-3.3881829e-15
1.1417852e-15
-1.2975655e-14
3.1185288e-15
-2.8349834e-14
6.7656988e-15
-5.2340583e-14
1.2966812e-14
-8.9060468e-14
2.3016426e-14
-1.4446391e-13
3.8800534e-14
-2.2714273e-13
6.305295e-14
-3.4945429e-13
9.9718248e-14
-5.2911563e-13
1.5446332e-13
-7.9144658e-13
2.3539484e-13
-1.1725109e-12
3.5406001e-13
-1.7234908e-12
5.2683351e-13
-2.5167393e-12
7.7682635e-13
-3.6540932e-12
1.1364915e-12
-5.2781908e-12
1.6511493e-12
-7.5877334e-12
2.3837109e-12
-1.0857833e-11
3.4209397e-12
-1.546681e-11
4.8816628e-12
-2.193101e-11
6.9274231e-12
-3.0949384e-11
9.7761578e-12
-4.3459743e-11
1.3719607e-11
-6.0708739e-11
1.9145313e-11
-8.4337815e-11
2.6564287e-11
-1.1648779e-10
3.6645711e-11
-1.599254e-10
5.0260414e-11
-2.1819628e-10
6.8535248e-11
-2.9581045e-10
9.2920759e-11
-3.9846781e-10
1.2527456e-10
-5.333328e-10
1.6796208e-10
-7.0936708e-10
2.2397349e-10
-9.377288e-10
2.9704815e-10
-1.2322431e-09
3.918032e-10
-1.6099278e-09
5.1384966e-10
-2.0915591e-09
6.6987768e-10
-2.7022404e-09
8.6764749e-10
-3.4720076e-09
1.1159865e-09
-4.4359141e-09
1.4248719e-09
-5.6362771e-09
-7.1083748e-09
1.803366e-09
2.3331081e-16
-3.6214937e-15
1.1262666e-15
-1.3868611e-14
3.0759724e-15
-3.029954e-14
6.6728028e-15
-5.5937413e-14
1.2787346e-14
-9.5175011e-14
2.2694732e-14
-1.543713e-13
3.8251824e-14
-2.4269983e-13
6.2148808e-14
-3.7335128e-13
9.8264954e-14
-5.6523178e-13
1.5216939e-13
-8.4535102e-13
2.3182247e-13
-1.252164e-12
3.4855228e-13
-1.8402206e-12
5.1840569e-13
-2.6865928e-12
7.640036e-13
-3.8996911e-12
1.1170679e-12
-5.6312552e-12
1.6218319e-12
-8.0924974e-12
2.3395974e-12
-1.1575598e-11
3.3547581e-12
-1.6481971e-11
4.7826724e-12
-2.3358924e-11
6.7798353e-12
-3.2946547e-11
9.5568776e-12
-4.6236786e-11
1.3395023e-11
-6.4546884e-11
1.866677e-11
-8.9609563e-11
2.5861794e-11
-1.2368281e-10
3.5619299e-11
-1.696829e-10
4.8768426e-11
-2.3134541e-10
6.6378542e-11
-3.1342056e-10
8.9821371e-11
-4.2191064e-10
1.2084652e-10
-5.6435795e-10
1.6167066e-10
-7.5019121e-10
2.1507733e-10
-9.9113547e-10
2.8451805e-10
-1.3016838e-09
3.7420318e-10
-1.6996129e-09
4.8915876e-10
-2.2065147e-09
6.3521759e-10
-2.8482992e-09
8.1888026e-10
-3.6556703e-09
1.0471626e-09
-4.6641965e-09
1.3275546e-09
-5.9166691e-09
-7.4471369e-09
1.6663168e-09
2.2378166e-16
-3.8452754e-15
1.0800839e-15
-1.4724913e-14
2.949564e-15
-3.216902e-14
6.3981955e-15
-5.9386045e-14
1.2260535e-14
-1.0103735e-13
2.1758841e-14
-1.6386961e-13
3.6672807e-14
-2.5761379e-13
5.9580463e-14
-3.9625893e-13
9.4198675e-14
-5.9984999e-13
1.4586214e-13
-8.9701448e-13
2.2219364e-13
-1.3284955e-12
3.3403622e-13
-1.9520632e-12
4.9674087e-13
-2.8492974e-12
7.3193115e-13
-4.1348814e-12
1.0699003e-12
-5.9692243e-12
1.5528348e-12
-8.575432e-12
2.2391038e-12
-1.2261867e-11
3.2088976e-12
-1.7451765e-11
4.571556e-12
-2.4721583e-11
6.4749783e-12
-3.4849969e-11
9.1175825e-12
-4.887939e-11
1.2763369e-11
-6.819267e-11
1.776077e-11
-9.4606964e-11
2.4566129e-11
-1.3048817e-10
3.3772875e-11
-1.7888965e-10
4.6147701e-11
-2.4372024e-10
6.2675228e-11
-3.2994809e-10
8.4612529e-11
-4.4384794e-10
1.1355419e-10
-5.9329961e-10
1.5150675e-10
-7.8814378e-10
2.0096763e-10
-1.0405963e-09
2.649972e-10
-1.3657134e-09
3.4726644e-10
-1.7818822e-09
4.520491e-10
-2.3112974e-09
5.8411185e-10
-2.980362e-09
7.4842229e-10
-3.8199808e-09
9.4976952e-10
-4.8655437e-09
1.1923475e-09
-6.159247e-09
-7.7334265e-09
1.478637e-09
2.1010465e-16
-4.05538e-15
1.0141457e-15
-1.5528954e-14
2.7693595e-15
-3.3924234e-14
6.0064772e-15
-6.2623163e-14
1.1507587e-14
-1.0653846e-13
2.0417253e-14
-1.7277927e-13
3.4400591e-14
-2.7159713e-13
5.5867248e-14
-4.1772559e-13
8.8287318e-14
-6.3227006e-13
1.3663475e-13
-9.4536192e-13
2.0800624e-13
-1.399867e-12
3.1247955e-13
-2.0565365e-12
4.6429562e-13
-3.0011135e-12
6.8347334e-13
-4.3540591e-12
9.9799586e-13
-6.2837468e-12
1.4467411e-12
-9.0241772e-12
2.083367e-12
-1.2898493e-11
2.9814019e-12
-1.83498e-11
4.2408308e-12
-2.5981012e-11
5.9965078e-12
-3.6605646e-11
8.4287678e-12
-5.131165e-11
1.1776669e-11
-7.1540572e-11
1.6354389e-11
-9.9184684e-11
2.2571433e-11
-1.3670522e-10
3.095752e-11
-1.8727573e-10
4.2193171e-11
-2.5495589e-10
5.7147062e-11
-3.4490198e-10
7.6920867e-11
-4.6362175e-10
1.0290126e-10
-6.1928e-10
1.3681646e-10
-8.2205898e-10
1.8079068e-10
-1.0845706e-09
2.3738299e-10
-1.4223057e-09
3.0958891e-10
-1.8540881e-09
4.0076866e-10
-2.4024771e-09
5.1444446e-10
-3.0940377e-09
6.538641e-10
-3.9594004e-09
8.2135102e-10
-5.0330306e-09
1.0168874e-09
-6.3547835e-09
-7.9536013e-09
1.2370623e-09
1.8623376e-16
-4.2416137e-15
8.986517e-16
-1.6241372e-14
2.4535908e-15
-3.5479173e-14
5.3211636e-15
-6.5490735e-14
1.0194139e-14
-1.1141144e-13
1.8086362e-14
-1.806715e-13
3.0472758e-14
-2.8398352e-13
4.9487632e-14
-4.3674046e-13
7.8204284e-14
-6.6098671e-13
1.210272e-13
-9.8818483e-13
1.8423891e-13
-1.4630787e-12
2.7675743e-13
-2.149055e-12
4.1117712e-13
-3.1355332e-12
6.0518652e-13
-4.5480685e-12
8.8347997e-13
-6.5620402e-12
1.2803057e-12
-9.4210029e-12
1.8428194e-12
-1.3461007e-11
2.6354372e-12
-1.9142418e-11
3.7454075e-12
-2.7090982e-11
5.2898417e-12
-3.815008e-11
7.4244777e-12
-5.3446286e-11
1.0354491e-11
-7.4470585e-11
1.4347731e-11
-1.0317792e-10
1.9750863e-11
-1.4210835e-10
2.7008975e-11
-1.9453385e-10
3.66893e-11
-2.6463621e-10
4.9509565e-11
-3.5772225e-10
6.637095e-11
-4.8048313e-10
8.8394346e-11
-6.4130339e-10
1.1695599e-10
-8.5062062e-10
1.5371417e-10
-1.1213288e-09
2.0061223e-10
-1.4692038e-09
2.5983427e-10
-1.9133101e-09
3.3367835e-10
-2.4763212e-09
4.2429134e-10
-3.1846507e-09
5.3316948e-10
-4.0682785e-09
6.6048697e-10
-5.1603481e-09
8.0280966e-10
-6.4971062e-09
-8.0935023e-09
9.4271073e-10
1.6194291e-16
-4.4035567e-15
7.8144462e-16
-1.6860874e-14
2.1334838e-15
-3.6831212e-14
4.6265115e-15
-6.7983763e-14
8.86217e-15
-1.1564709e-13
1.5720485e-14
-1.8752981e-13
2.6480888e-14
-2.9474393e-13
4.2993359e-14
-4.5325293e-13
6.7919255e-14
-6.8591261e-13
1.0506826e-13
-1.0253338e-12
1.598668e-13
-1.5178772e-12
2.400043e-13
-2.2291925e-12
3.5631727e-13
-3.2518461e-12
5.2398669e-13
-4.7157379e-12
7.6414148e-13
-6.802195e-12
1.1059785e-12
-9.7628399e-12
1.5895253e-12
-1.3944554e-11
2.2691856e-12
-1.9822078e-11
3.2182123e-12
-2.8040009e-11
4.5342589e-12
-3.9466126e-11
6.3461564e-12
-5.5258183e-11
8.8220746e-12
-7.6946503e-11
1.217925e-11
-1.065351e-10
1.6695509e-11
-1.4662461e-10
2.2722857e-11
-2.005612e-10
3.0703363e-11
-2.7261672e-10
4.118727e-11
-3.6820615e-10
5.4852505e-11
-4.9414837e-10
7.252309e-11
-6.5897398e-10
9.518106e-11
-8.7327859e-10
1.2396191e-10
-1.1501096e-09
1.6011723e-10
-1.5053591e-09
2.0492092e-10
-1.9581138e-09
2.5948905e-10
-2.5308893e-09
3.2447358e-10
-3.2496353e-09
3.9956153e-10
-4.1433665e-09
4.8313755e-10
-5.2439241e-09
5.7181044e-10
-6.5857791e-09
-8.1982364e-09
6.7654446e-10
1.1677293e-16
-4.5203296e-15
5.6331723e-16
-1.7307418e-14
1.5373645e-15
-3.7805259e-14
3.3321312e-15
-6.977853e-14
6.3787756e-15
-1.1869374e-13
1.1306678e-14
-1.9245771e-13
1.9028694e-14
-3.0246594e-13
3.0861085e-14
-4.6508533e-13
4.8691259e-14
-7.0374278e-13
7.5210776e-14
-1.0518534e-12
1.1423656e-13
-1.556903e-12
1.711498e-13
-2.2861057e-12
2.5348945e-13
-3.3341858e-12
3.7174546e-13
-4.8339939e-12
5.4040432e-13
-6.9708539e-12
7.7930576e-13
-1.0001741e-11
1.1153718e-12
-1.428062e-11
1.584766e-12
-2.0291472e-11
2.2355299e-12
-2.8690773e-11
3.1307235e-12
-4.036132e-11
4.3520698e-12
-5.6479529e-11
6.0040714e-12
-7.8598505e-11
8.2185417e-12
-1.0874957e-10
1.1159465e-11
-1.4956553e-10
1.5028054e-11
-2.0442979e-10
2.0067741e-11
-2.776564e-10
2.6568389e-11
-3.747068e-10
3.4868128e-11
-5.0244811e-10
4.534941e-11
-6.6945526e-10
5.8422989e-11
-8.8635217e-10
7.448935e-11
-1.166176e-09
9.3861871e-11
-1.5247316e-09
1.1663108e-10
-1.980883e-09
1.4245042e-10
-2.5567087e-09
1.7021617e-10
-3.277401e-09
1.975309e-10
-4.1706812e-09
2.2052148e-10
-5.2669147e-09
2.3365882e-10
-6.5989164e-09
-8.1972849e-09
2.3270732e-10
6.220389e-17
-4.5825335e-15
2.9969695e-16
-1.7544911e-14
8.1712673e-16
-3.8322689e-14
1.7694429e-15
-7.0730846e-14
3.3839419e-15
-1.2030824e-13
5.9914565e-15
-1.9506523e-13
1.0070142e-14
-3.0654463e-13
1.6306514e-14
-4.713217e-13
2.5679842e-14
-7.1311611e-13
3.9577704e-14
-1.0657512e-12
5.9952382e-14
-1.5772777e-12
8.9529587e-14
-2.315683e-12
1.3208226e-13
-3.3767385e-12
1.9278211e-13
-4.8946938e-12
2.7863899e-13
-7.0567107e-12
3.99031e-13
-1.0122133e-11
5.6631489e-13
-1.4447904e-11
7.9648333e-13
-2.0521641e-11
1.1098027e-12
-2.9004092e-11
1.5313211e-12
-4.0782838e-11
2.0910839e-12
-5.7039292e-11
2.8238403e-12
-7.9331261e-11
3.7679601e-12
-1.0969369e-10
4.9632072e-12
-1.5076078e-10
6.4468718e-12
-2.0591345e-10
8.247496e-12
-2.7945703e-10
1.0374873e-11
-3.7683418e-10
1.2803966e-11
-5.048772e-10
1.5448626e-11
-6.7209992e-10
1.8118265e-11
-8.8902181e-10
2.0447051e-11
-1.1685047e-09
2.178116e-11
-1.5260657e-09
2.1006695e-11
-1.9801086e-09
1.6308755e-11
-2.5520107e-09
4.8607277e-12
-3.265953e-09
-1.7836347e-11
-4.1479841e-09
-5.8044042e-11
-5.226707e-09
-1.2407164e-10
-6.5328888e-09
-8.0960059e-09
-2.253506e-10
3.9803357e-18
-4.5865139e-15
1.8699218e-17
-1.755963e-14
4.9653241e-17
-3.8353643e-14
1.0414944e-16
-7.0785342e-14
1.9149748e-16
-1.2039559e-13
3.2279224e-16
-1.9519652e-13
5.0980526e-16
-3.0673164e-13
7.6205946e-16
-4.7157395e-13
1.0804178e-15
-7.1343447e-13
1.444252e-15
-1.0661151e-12
1.7871462e-15
-1.5776206e-12
1.9526371e-15
-2.3158484e-12
1.6159586e-15
-3.3764018e-12
1.4909378e-16
-4.8932269e-12
-3.6067789e-15
-7.0529549e-12
-1.1716938e-14
-1.0114023e-11
-2.7760419e-14
-1.443186e-11
-5.7791288e-14
-2.049161e-11
-1.1182772e-13
-2.8950056e-11
-2.0610848e-13
-4.0688558e-11
-3.6643683e-13
-5.6878964e-11
-6.3302677e-13
-7.9064671e-11
-1.067376e-12
-1.0925934e-10
-1.7618245e-12
-1.5006633e-10
-2.8526542e-12
-2.0482262e-10
-4.5379219e-12
-2.7777176e-10
-7.1018509e-12
-3.7427025e-10
-1.0948698e-11
-5.0103035e-10
-1.6650757e-11
-6.6639786e-10
-2.5017593e-11
-8.8065497e-10
-3.7196412e-11
-1.1563259e-09
-5.4815936e-11
-1.5084462e-09
-8.0187651e-11
-1.9547369e-09
-1.16579e-10
-2.5156194e-09
-1.6843292e-10
-3.2140991e-09
-2.4228806e-10
-4.074129e-09
-3.4664319e-10
-5.1223519e-09
-4.9207791e-10
-6.3874541e-09
-7.8967215e-09
-6.9136227e-10
-5.9756308e-17
-4.5267576e-15
-2.8904372e-16
-1.7330343e-14
-7.9092459e-16
-3.7851762e-14
-1.7194589e-15
-6.9856808e-14
-3.3033012e-15
-1.1881174e-13
-5.8799107e-15
-1.9261991e-13
-9.9451163e-15
-3.0266644e-13
-1.6224862e-14
-4.6529421e-13
-2.5778975e-14
-7.0388036e-13
-4.0151115e-14
-1.0517429e-12
-6.1585264e-14
-1.5561864e-12
-9.3337907e-14
-2.2840958e-12
-1.4012752e-13
-3.3296122e-12
-2.0878042e-13
-4.824574e-12
-3.0915622e-13
-6.9525791e-12
-4.5546911e-13
-9.9677103e-12
-6.6816486e-13
-1.4219164e-11
-9.7657107e-13
-2.0183203e-11
-1.4226093e-12
-2.8504017e-11
-2.065945e-12
-4.0045222e-11
-2.9910522e-12
-5.5953857e-11
-4.3167878e-12
-7.7738935e-11
-6.2092072e-12
-1.0736692e-10
-8.8985386e-12
-1.47377e-10
-1.2701495e-11
-2.0101966e-10
-1.8050527e-11
-2.7242273e-10
-2.5532299e-11
-3.6678848e-10
-3.5938766e-11
-4.9062389e-10
-5.0335818e-11
-6.5200081e-10
-7.0156569e-11
-8.6083422e-10
-9.7328198e-11
-1.1291543e-09
-1.344408e-10
-1.4713336e-09
-1.8496214e-10
-1.9042155e-09
-2.5357691e-10
-2.4470046e-09
-3.4622221e-10
-3.1214538e-09
-4.7133428e-10
-3.9490169e-09
-6.3926318e-10
-4.9544229e-09
-8.6253895e-10
-6.1641783e-09
-7.602919e-09
-1.1563415e-09
-1.2569226e-16
-4.4010654e-15
-6.0732263e-16
-1.6848713e-14
-1.6602107e-15
-3.6798874e-14
-3.6053938e-15
-6.7911625e-14
-6.9178587e-15
-1.1549928e-13
-1.2296035e-14
-1.8724174e-13
-2.0761692e-14
-2.9420078e-13
-3.3803237e-14
-4.5225266e-13
-5.3580779e-14
-6.8410281e-13
-8.321888e-14
-1.0221048e-12
-1.2722335e-13
-1.512182e-12
-1.9207276e-13
-2.2192464e-12
-2.8705512e-13
-3.2346298e-12
-4.2544626e-13
-4.6861829e-12
-6.2616176e-13
-6.7518636e-12
-9.1605988e-13
-9.6778122e-12
-1.3331313e-12
-1.3802093e-11
-1.9308848e-12
-1.958545e-11
-2.7843264e-12
-2.7650576e-11
-3.9980367e-12
-3.8831512e-11
-5.7169745e-12
-5.4234919e-11
-8.1407781e-12
-7.5315132e-11
-1.1542511e-11
-1.0396519e-10
-1.6293013e-11
-1.4262649e-10
-2.2892322e-11
-1.9442035e-10
-3.2010087e-11
-2.6330496e-10
-4.4537587e-11
-3.5426098e-10
-6.1655017e-11
-4.7350646e-10
-8.4919141e-11
-6.2873668e-10
-1.1637832e-10
-8.2937504e-10
-1.5872338e-10
-1.0868092e-09
-2.1547786e-10
-1.4145791e-09
-2.9119401e-10
-1.8284994e-09
-3.9180724e-10
-2.3463914e-09
-5.2504152e-10
-2.9882195e-09
-7.0038819e-10
-3.7736703e-09
-9.2988847e-10
-4.7249227e-09
-1.2281891e-09
-5.8658777e-09
-7.2192636e-09
-1.6118444e-09
-1.9336515e-16
-4.2077003e-15
-9.3400516e-16
-1.6108073e-14
-2.5524275e-15
-3.5180452e-14
-5.5409199e-15
-6.4923132e-14
-1.0627005e-14
-1.1041319e-13
-1.8878999e-14
-1.7898974e-13
-3.1857317e-14
-2.8122246e-13
-5.1830752e-14
-4.3227923e-13
-8.2084755e-14
-6.5384881e-13
-1.2735946e-13
-9.768301e-13
-1.9446995e-13
-1.4450715e-12
-2.9318103e-13
-2.1205353e-12
-4.3743576e-13
-3.0903751e-12
-6.4707187e-13
-4.4765468e-12
-9.5020619e-13
-6.4487292e-12
-1.3865258e-12
-9.2414926e-12
-2.0117971e-12
-1.3176822e-11
-2.9039934e-12
-1.8693254e-11
-4.1715465e-12
-2.6383023e-11
-5.9643523e-12
-3.7038706e-11
-8.4882971e-12
-5.1710974e-11
-1.202424e-11
-7.1779189e-11
-1.6952573e-11
-9.9036855e-11
-2.3784737e-11
-1.3579433e-10
-3.3203395e-11
-1.850017e-10
-4.6113457e-11
-2.503949e-10
-6.3706791e-11
-3.3666764e-10
-8.754435e-11
-4.496689e-10
-1.1966058e-10
-5.9662046e-10
-1.6269659e-10
-7.8633903e-10
-2.2007244e-10
-1.0294334e-09
-2.9621811e-10
-1.3384335e-09
-3.9684931e-10
-1.7278682e-09
-5.2867728e-10
-2.2145634e-09
-7.0090633e-10
-2.8159904e-09
-9.246708e-10
-3.5499058e-09
-1.2131636e-09
-4.4364299e-09
-1.5823733e-09
-5.4966679e-09
-6.7514527e-09
-2.0501842e-09
-2.6062476e-16
-3.9470756e-15
-1.2586666e-15
-1.5110031e-14
-3.43909e-15
-3.3000029e-14
-7.4643623e-15
-6.089786e-14
-1.4312966e-14
-1.0356459e-13
-2.5420802e-14
-1.6788191e-13
-4.2883582e-14
-2.6375968e-13
-6.9745638e-14
-4.0541717e-13
-1.1041076e-13
-6.1318369e-13
-1.7122457e-13
-9.1601629e-13
-2.6129683e-13
-1.3549992e-12
-3.9365757e-13
-1.9881746e-12
-5.8687436e-13
-2.8971583e-12
-8.6730215e-13
-4.196119e-12
-1.2721931e-12
-6.0438383e-12
-1.8539642e-12
-8.6597215e-12
-2.6860072e-12
-1.2344779e-11
-3.8705277e-12
-1.7508733e-11
-5.5490214e-12
-2.4704529e-11
-7.9161307e-12
-3.4671597e-11
-1.1237784e-11
-4.8389321e-11
-1.5874691e-11
-6.7142281e-11
-2.2312496e-11
-9.259905e-11
-3.1200122e-11
-1.269067e-10
-4.3398243e-11
-1.7280358e-10
-6.004023e-11
-2.3375292e-10
-8.2608554e-11
-3.1409932e-10
-1.1303028e-10
-4.1924717e-10
-1.5379592e-10
-5.5585482e-10
-2.0810587e-10
-7.3202908e-10
-2.8004672e-10
-9.5749254e-10
-3.7480192e-10
-1.2436783e-09
-4.9907824e-10
-1.6035918e-09
-6.6113983e-10
-2.0525018e-09
-8.7084583e-10
-2.6062844e-09
-1.1402224e-09
-3.2805292e-09
-1.4838587e-09
-4.0927936e-09
-1.9189175e-09
-5.0616091e-09
-6.206002e-09
-2.4643683e-09
-3.2605162e-16
-3.6210241e-15
-1.574479e-15
-1.3861604e-14
-4.301563e-15
-3.0272945e-14
-9.3352515e-15
-5.5864172e-14
-1.7898017e-14
-9.5001824e-14
-3.1783069e-14
-1.5399686e-13
-5.3606328e-14
-2.4193642e-13
-8.716561e-14
-3.7185789e-13
-1.379509e-13
-5.623984e-13
-2.1386658e-13
-8.4010061e-13
-3.2624942e-13
-1.2426164e-12
-4.9129675e-13
-1.8231272e-12
-7.3205952e-13
-2.6563955e-12
-1.0812069e-12
-3.8469716e-12
-1.5848355e-12
-5.5402097e-12
-2.307677e-12
-7.9368801e-12
-3.3401582e-12
-1.1312297e-11
-4.8078825e-12
-1.6041009e-11
-6.8842351e-12
-2.2628176e-11
-9.8069628e-12
-3.1748869e-11
-1.3899747e-11
-4.4296537e-11
-1.9599975e-11
-6.1442053e-11
-2.7494139e-11
-8.4704886e-11
-3.8362571e-11
-1.1603827e-10
-5.323558e-11
-1.5793057e-10
-7.3463516e-11
-2.1352498e-10
-1.0080381e-10
-2.8675902e-10
-1.375286e-10
-3.8252238e-10
-1.8655681e-10
-5.0682661e-10
-2.5161443e-10
-6.6697146e-10
-3.3742589e-10
-8.7168108e-10
-4.4993756e-10
-1.1311666e-09
-5.9646748e-10
-1.4570619e-09
-7.86336e-10
-1.8626333e-09
-1.0306694e-09
-2.3619511e-09
-1.342386e-09
-2.9688125e-09
-1.7368765e-09
-3.6983032e-09
-2.2321238e-09
-4.5663617e-09
-5.5900449e-09
-2.8480809e-09
-3.8782092e-16
-3.2332032e-15
-1.8726275e-15
-1.2376797e-14
-5.115778e-15
-2.7029794e-14
-1.1101422e-14
-4.9878528e-14
-2.128233e-14
-8.4820916e-14
-3.7788947e-14
-1.3749024e-13
-6.3728143e-14
-2.1599722e-13
-1.0360877e-13
-3.3197726e-13
-1.6394572e-13
-5.0206145e-13
-2.5411395e-13
-7.4993238e-13
-3.8755089e-13
-1.1091794e-12
-5.8344088e-13
-1.6272372e-12
-8.6906185e-13
-2.3707745e-12
-1.2830343e-12
-3.4329992e-12
-1.8797871e-12
-4.9434569e-12
-2.7356477e-12
-7.0810194e-12
-3.9570731e-12
-1.0090872e-11
-5.6916658e-12
-1.4306416e-11
-8.1427636e-12
-2.0177079e-11
-1.158855e-11
-2.8303083e-11
-1.6406805e-11
-3.9478282e-11
-2.3106617e-11
-5.4742242e-11
-3.2368594e-11
-7.5442909e-11
-4.5095413e-11
-1.0331145e-10
-6.2474881e-11
-1.405511e-10
-8.6058129e-11
-1.8994173e-10
-1.1785599e-10
-2.5496116e-10
-1.6045693e-10
-3.3992144e-10
-2.171699e-10
-4.5011364e-10
-2.9219445e-10
-5.9194691e-10
-3.9081805e-10
-7.7305748e-10
-5.196317e-10
-1.0023529e-09
-6.8672623e-10
-1.2899674e-09
-9.0210535e-10
-1.6472542e-09
-1.1778107e-09
-2.0862458e-09
-1.5276825e-09
-2.6189407e-09
-1.9678746e-09
-3.2581112e-09
-2.516983e-09
-4.0172533e-09
-4.9112707e-09
-3.1957572e-09
-4.4436122e-16
-2.7888421e-15
-2.1455325e-15
-1.0675626e-14
-5.8610453e-15
-2.3314281e-14
-1.2717995e-14
-4.3021578e-14
-2.4379886e-14
-7.3159025e-14
-4.3285718e-14
-1.1858441e-13
-7.2991499e-14
-1.8629144e-13
-1.1865646e-13
-2.8631229e-13
-1.8773277e-13
-4.3298514e-13
-2.9093999e-13
-6.4672516e-13
-4.4363575e-13
-9.5648367e-13
-6.6773393e-13
-1.4031391e-12
-9.9437386e-13
-2.0441346e-12
-1.4676102e-12
-2.9597628e-12
-2.149477e-12
-4.2615901e-12
-3.1268793e-12
-6.1036172e-12
-4.5208873e-12
-8.696864e-12
-6.4991441e-12
-1.2328159e-11
-9.2922505e-12
-1.7383972e-11
-1.3215158e-11
-2.4380175e-11
-1.8694781e-11
-3.3998659e-11
-2.6305231e-11
-4.7131791e-11
-3.6812324e-11
-6.4935817e-11
-5.1229264e-11
-8.8894514e-11
-7.0885781e-11
-1.2089458e-10
-9.7513369e-11
-1.6331414e-10
-1.3334962e-10
-2.1912491e-10
-1.8126475e-10
-2.9200631e-10
-2.4491298e-10
-3.8646541e-10
-3.2890984e-10
-5.0795006e-10
-4.3903309e-10
-6.6293422e-10
-5.824383e-10
-8.5894774e-10
-7.6787568e-10
-1.10453e-09
-1.0059858e-09
-1.409144e-09
-1.3094483e-09
-1.7827833e-09
-1.6928674e-09
-2.2355216e-09
-2.1730616e-09
-2.777917e-09
-2.7691613e-09
-3.4211537e-09
-4.1778512e-09
-3.5025808e-09
-4.9407645e-16
-2.2947657e-15
-2.3854839e-15
-8.7842184e-15
-6.5163017e-15
-1.9183464e-14
-1.4139295e-14
-3.5398585e-14
-2.7103232e-14
-6.0195088e-14
-4.8118362e-14
-9.7569278e-14
-8.1135525e-14
-1.5327428e-13
-1.3188567e-13
-2.3556215e-13
-2.0864484e-13
-3.5622597e-13
-3.2331444e-13
-5.3205556e-13
-4.9293972e-13
-7.8685839e-13
-7.4183325e-13
-1.1542455e-12
-1.1045271e-12
-1.6814408e-12
-1.6298497e-12
-2.4344402e-12
-2.3865137e-12
-3.5049261e-12
-3.4707102e-12
-5.0194207e-12
-5.0163321e-12
-7.1512421e-12
-7.2085964e-12
-1.0135895e-11
-1.0301993e-11
-1.4290576e-11
-1.4643663e-11
-2.0038506e-11
-2.0703484e-11
-2.7938838e-11
-2.9112359e-11
-3.8722917e-11
-4.0710398e-11
-5.3337778e-11
-5.6607007e-11
-7.2997905e-11
-7.8255176e-11
-9.9246414e-11
-1.0754263e-10
-1.3402669e-10
-1.4690273e-10
-1.7976481e-10
-1.99448e-10
-2.3946104e-10
-2.6912818e-10
-3.1678523e-10
-3.609129e-10
-4.1616534e-10
-4.8099526e-10
-5.4285186e-10
-6.3700707e-10
-7.0293593e-10
-8.3823455e-10
-9.0330251e-10
-1.0958545e-09
-1.151524e-09
-1.4230619e-09
-1.4555758e-09
-1.8350416e-09
-1.8235419e-09
-2.3491395e-09
-2.2638191e-09
-2.9849513e-09
-2.7853418e-09
-3.3983465e-09
-3.764456e-09
-5.3566237e-16
-1.7591034e-15
-2.5861995e-15
-6.7336814e-15
-7.0643879e-15
-1.4705275e-14
-1.5328085e-14
-2.7134888e-14
-2.9380968e-14
-4.6142205e-14
-5.2160074e-14
-7.4790172e-14
-8.7946313e-14
-1.1748804e-13
-1.4294853e-13
-1.8055993e-13
-2.2613137e-13
-2.7304313e-13
-3.5038387e-13
-4.0780306e-13
-5.3416131e-13
-6.0308096e-13
-8.0377992e-13
-8.8462691e-13
-1.196605e-12
-1.2886156e-12
-1.7654504e-12
-1.8655948e-12
-2.5846025e-12
-2.685774e-12
-3.7579988e-12
-3.8460244e-12
-5.4302241e-12
-5.4790168e-12
-7.8011415e-12
-7.7649776e-12
-1.1145139e-11
-1.0946578e-11
-1.5836149e-11
-1.5347496e-11
-2.2379783e-11
-2.1395204e-11
-3.1454125e-11
-2.9648576e-11
-4.396094e-11
-4.0830963e-11
-6.1089344e-11
-5.5869501e-11
-8.4394266e-11
-7.5941492e-11
-1.1589235e-10
-1.0252861e-10
-1.5817809e-10
-1.3747907e-10
-2.1456278e-10
-1.8307636e-10
-2.8923766e-10
-2.4211035e-10
-3.8746053e-10
-3.1794246e-10
-5.1576079e-10
-4.145516e-10
-6.8215285e-10
-5.3654387e-10
-8.9634441e-10
-6.8911095e-10
-1.1699352e-09
-8.7793326e-10
-1.5165298e-09
-1.1089812e-09
-1.9517485e-09
-1.3883232e-09
-2.493336e-09
-1.7222316e-09
-3.1612682e-09
-2.1174097e-09
-2.5816238e-09
-3.9779909e-09
-5.6700225e-16
-1.1921013e-15
-2.7374847e-15
-4.563199e-15
-7.4776656e-15
-9.9650943e-15
-1.622512e-14
-1.8387433e-14
-3.110158e-14
-3.1265746e-14
-5.5217941e-14
-5.0673811e-14
-9.3109921e-14
-7.9596062e-14
-1.5135784e-13
-1.2231201e-13
-2.3946401e-13
-1.8493696e-13
-3.7108747e-13
-2.761796e-13
-5.6577945e-13
-4.0838898e-13
-8.5141258e-13
-5.9899378e-13
-1.267552e-12
-8.7247621e-13
-1.8701043e-12
-1.2630425e-12
-2.7376791e-12
-1.8181993e-12
-3.9802182e-12
-2.6034853e-12
-5.7505891e-12
-3.708646e-12
-8.2599928e-12
-5.2555739e-12
-1.179821e-11
-7.4083606e-12
-1.6759886e-11
-1.038582e-11
-2.3678238e-11
-1.4476852e-11
-3.3267768e-11
-2.0059046e-11
-4.647779e-11
-2.7620941e-11
-6.4558828e-11
-3.7788464e-11
-8.9144235e-11
-5.1356085e-11
-1.2234967e-10
-6.9323178e-11
-1.6689313e-10
-9.2935615e-11
-2.2623785e-10
-1.2373163e-10
-3.0475919e-10
-1.6358901e-10
-4.0793378e-10
-2.1476788e-10
-5.4254526e-10
-2.7994011e-10
-7.1689526e-10
-3.6219387e-10
-9.4100367e-10
-4.6500254e-10
-1.2267833e-09
-5.9215362e-10
-1.5881427e-09
-7.4762182e-10
-2.0410133e-09
-9.3545254e-10
-2.6034282e-09
-1.1598167e-09
-3.2956502e-09
-1.4251876e-09
-1.7367873e-09
-4.1404868e-09
-5.8881077e-16
-6.032906e-16
-2.8428614e-15
-2.3091484e-15
-7.7663596e-15
-5.0415962e-15
-1.6854059e-14
-9.2997336e-15
-3.2312634e-14
-1.5807172e-14
-5.7377939e-14
-2.5608506e-14
-9.6767392e-14
-4.0206609e-14
-1.5732175e-13
-6.1757656e-14
-2.4890939e-13
-9.3349322e-14
-3.8570296e-13
-1.3938603e-13
-5.8798943e-13
-2.0610251e-13
-8.8469644e-13
-3.0228676e-13
-1.3168832e-12
-4.4028941e-13
-1.9425586e-12
-6.373671e-13
-2.8432722e-12
-9.1748574e-13
-4.1330523e-12
-1.3137052e-12
-5.9704065e-12
-1.8712918e-12
-8.5742609e-12
-2.6517195e-12
-1.2244888e-11
-3.737734e-12
-1.7391048e-11
-5.2396592e-12
-2.4564768e-11
-7.3031323e-12
-3.4505352e-11
-1.0118462e-11
-4.8194468e-11
-1.3931825e-11
-6.6924377e-11
-1.9058555e-11
-9.2381675e-11
-2.5898788e-11
-1.2674915e-10
-3.4955706e-11
-1.7282838e-10
-4.6856385e-11
-2.3418528e-10
-6.2374725e-11
-3.1531931e-10
-8.2454978e-11
-4.2185425e-10
-1.0823294e-10
-5.6074407e-10
-1.4105029e-10
-7.4048175e-10
-1.8245619e-10
-9.7129344e-10
-2.3419085e-10
-1.2652989e-09
-2.9814815e-10
-1.636607e-09
-3.7631375e-10
-2.1013498e-09
-4.7070971e-10
-2.6777479e-09
-5.8341869e-10
-3.3862563e-09
-7.1667909e-10
-8.7311525e-10
-4.2499284e-09
-6.0329066e-16
-2.9124391e-15
-7.9540354e-15
-1.7253769e-14
-3.3060941e-14
-5.8669447e-14
-9.8876056e-14
-1.6063371e-13
-2.5398303e-13
-3.9336907e-13
-5.9947157e-13
-9.0175834e-13
-1.3420477e-12
-1.9794148e-12
-2.8969006e-12
-4.2106058e-12
-6.0818976e-12
-8.7336171e-12
-1.2471351e-11
-1.771101e-11
-2.5014143e-11
-3.5132605e-11
-4.906443e-11
-6.8122986e-11
-9.4021774e-11
-1.2897748e-10
-1.7583387e-10
-2.3820859e-10
-3.2066357e-10
-4.2889651e-10
-5.699468e-10
-7.5240299e-10
-9.8659384e-10
-1.284742e-09
-1.6610557e-09
-2.1317654e-09
-2.7151841e-09
-3.4318632e-09
-4.3049785e-09
1.2964427e-09
-1.8376812e-10
1.4925441e-09
-1.9610135e-10
1.6973457e-09
-2.0480157e-10
1.9119258e-09
-2.1458016e-10
2.1358048e-09
-2.2387898e-10
2.3685487e-09
-2.3274384e-10
2.6094796e-09
-2.4093092e-10
2.8574987e-09
-2.4801901e-10
3.1111154e-09
-2.5361671e-10
3.3683103e-09
-2.5719478e-10
3.6264479e-09
-2.5813758e-10
3.8821513e-09
-2.5570341e-10
4.1312888e-09
-2.4913742e-10
4.3681482e-09
-2.3685943e-10
-2.2004721e-10
4.5881954e-09
1.3383541e-09
-3.7270356e-10
1.5402255e-09
-3.9797269e-10
1.751258e-09
-4.1583404e-10
1.9725582e-09
-4.3588045e-10
2.2035896e-09
-4.549103e-10
2.4439062e-09
-4.7306052e-10
2.6927807e-09
-4.898054e-10
2.9490707e-09
-5.0430898e-10
3.2112196e-09
-5.157656e-10
3.4771263e-09
-5.2310145e-10
3.7440555e-09
-5.2506683e-10
4.0084948e-09
-5.2014268e-10
4.2661726e-09
-5.0681523e-10
4.5111474e-09
-4.8183428e-10
-4.4762721e-10
4.7387274e-09
1.3851277e-09
-5.6746012e-10
1.593464e-09
-6.0630905e-10
1.8115145e-09
-6.3388455e-10
2.0403656e-09
-6.6473147e-10
2.2794324e-09
-6.9397717e-10
2.5282409e-09
-7.2186893e-10
2.7860041e-09
-7.4756865e-10
3.0515218e-09
-7.698267e-10
3.3231544e-09
-7.8739814e-10
3.5986998e-09
-7.9864687e-10
3.8753012e-09
-8.0166825e-10
4.1492888e-09
-7.9413019e-10
4.4162209e-09
-7.7374739e-10
4.6699195e-09
-7.3553285e-10
-6.8316129e-10
4.9054535e-09
1.437255e-09
-7.6879112e-10
1.6528608e-09
-8.2191478e-10
1.8788322e-09
-8.5985595e-10
2.1161815e-09
-9.0208074e-10
2.3642872e-09
-9.4208294e-10
2.6226266e-09
-9.8020832e-10
2.8903442e-09
-1.0152862e-09
3.1661644e-09
-1.0456469e-09
3.4483459e-09
-1.0695796e-09
3.7345647e-09
-1.0848657e-09
4.0218177e-09
-1.0889213e-09
4.3062554e-09
-1.0785679e-09
4.5832316e-09
-1.0507236e-09
4.8463259e-09
-9.9862712e-10
-9.271138e-10
5.0902784e-09
1.4951126e-09
-9.7753836e-10
1.7189039e-09
-1.045706e-09
1.9538113e-09
-1.0947634e-09
2.2007239e-09
-1.1489933e-09
2.4589904e-09
-1.2003494e-09
2.728021e-09
-1.2492388e-09
3.0068798e-09
-1.2941451e-09
3.2941978e-09
-1.3329648e-09
3.5881112e-09
-1.3634931e-09
3.8861514e-09
-1.3829058e-09
4.1851433e-09
-1.3879132e-09
4.4810331e-09
-1.3744577e-09
4.7689351e-09
-1.3386256e-09
5.0421774e-09
-1.2718694e-09
-1.1800194e-09
5.2950829e-09
1.5589058e-09
-1.1946196e-09
1.7919008e-09
-1.2787011e-09
2.0368689e-09
-1.3397314e-09
2.2945216e-09
-1.406646e-09
2.5641842e-09
-1.4700121e-09
2.8451841e-09
-1.5302387e-09
3.1364916e-09
-1.5854525e-09
3.4366235e-09
-1.6330968e-09
3.7435728e-09
-1.6704424e-09
4.0547017e-09
-1.6940347e-09
4.3666365e-09
-1.699848e-09
4.6750943e-09
-1.6829154e-09
4.9749148e-09
-1.6384461e-09
5.2591624e-09
-1.556117e-09
-1.4425137e-09
5.5216567e-09
1.6286014e-09
-1.4210075e-09
1.8719031e-09
-1.5220028e-09
2.1281606e-09
-1.595989e-09
2.3978296e-09
-1.676315e-09
2.6802279e-09
-1.7524105e-09
2.9745868e-09
-1.8245976e-09
3.2797663e-09
-1.890632e-09
3.5941483e-09
-1.9474789e-09
3.9155597e-09
-1.9918538e-09
4.2411696e-09
-2.0196446e-09
4.5673791e-09
-2.0260576e-09
4.8896508e-09
-2.0051871e-09
5.2025167e-09
-1.9513121e-09
5.4987627e-09
-1.852363e-09
-1.7153723e-09
5.7716213e-09
1.7038512e-09
-1.6576968e-09
1.9586237e-09
-1.7767754e-09
2.2274973e-09
-1.8648625e-09
2.5105375e-09
-1.9593551e-09
2.8071009e-09
-2.0489739e-09
3.1163099e-09
-2.1338066e-09
3.4368938e-09
-2.2112158e-09
3.767078e-09
-2.2776631e-09
4.104501e-09
-2.3292767e-09
4.4461149e-09
-2.3612585e-09
4.7880705e-09
-2.3680132e-09
5.1255513e-09
-2.3426679e-09
5.4527512e-09
-2.278512e-09
5.7621612e-09
-2.161773e-09
-1.9995584e-09
6.0463472e-09
1.7839119e-09
-1.9056548e-09
2.0513622e-09
-2.0442257e-09
2.3342553e-09
-2.1477556e-09
2.6320712e-09
-2.257171e-09
2.9443012e-09
-2.3612039e-09
3.2699399e-09
-2.4594453e-09
3.6075607e-09
-2.5488366e-09
3.9552105e-09
-2.6253129e-09
4.3103175e-09
-2.6843837e-09
4.669595e-09
-2.720536e-09
5.0289208e-09
-2.7273389e-09
5.3831774e-09
-2.6969246e-09
5.7261931e-09
-2.6215276e-09
6.0501474e-09
-2.4857273e-09
-2.2962772e-09
6.3468662e-09
1.8679067e-09
-2.1661008e-09
2.1492871e-09
-2.3256061e-09
2.4473021e-09
-2.4457706e-09
2.7612952e-09
-2.5711641e-09
3.0907476e-09
-2.6906563e-09
3.4344693e-09
-2.803167e-09
3.7908489e-09
-2.9052162e-09
4.1577326e-09
-2.9921966e-09
4.5323188e-09
-3.0589698e-09
4.9110627e-09
-3.0992799e-09
5.2895501e-09
-3.1058264e-09
5.6623446e-09
-3.069719e-09
6.0228857e-09
-2.9820688e-09
6.3630263e-09
-2.8258679e-09
-2.6070366e-09
6.6737857e-09
1.9545895e-09
-2.4405536e-09
2.2509184e-09
-2.621935e-09
2.5647638e-09
-2.7596161e-09
2.8964139e-09
-2.9028142e-09
3.244693e-09
-3.0389354e-09
3.6082099e-09
-3.1666839e-09
3.9851487e-09
-3.2821551e-09
4.3731342e-09
-3.3801821e-09
4.7691173e-09
-3.4549529e-09
5.1692805e-09
-3.4994431e-09
5.5689039e-09
-3.5054498e-09
5.9622187e-09
-3.4630339e-09
6.3422592e-09
-3.3621092e-09
6.7005383e-09
-3.184147e-09
-2.9337104e-09
7.0272121e-09
2.0406446e-09
-2.7297046e-09
2.3530082e-09
-2.9342986e-09
2.6842049e-09
-3.0908128e-09
3.0349384e-09
-3.2535477e-09
3.4036609e-09
-3.4076578e-09
3.7887298e-09
-3.5517528e-09
4.1880975e-09
-3.6815227e-09
4.5991471e-09
-3.7912317e-09
5.0185684e-09
-3.8743743e-09
5.4422616e-09
-3.9231363e-09
5.8651938e-09
-3.928382e-09
6.2812577e-09
-3.8790978e-09
6.6830711e-09
-3.7639227e-09
7.0617985e-09
-3.5628744e-09
-3.2786005e-09
7.4066886e-09
2.1224761e-09
-3.0336917e-09
2.4518896e-09
-3.2637121e-09
2.8023176e-09
-3.4412408e-09
3.1736114e-09
-3.6248415e-09
3.564409e-09
-3.7984554e-09
3.9728248e-09
-3.9601685e-09
4.3965542e-09
-4.1052522e-09
4.8327226e-09
-4.2274e-09
5.2777494e-09
-4.3194012e-09
5.7272493e-09
-4.3726362e-09
6.1758769e-09
-4.3770095e-09
6.6171878e-09
-4.3204087e-09
7.0433801e-09
-4.190115e-09
7.4452661e-09
-3.9647604e-09
-3.6444928e-09
7.8111584e-09
2.1971791e-09
-3.3530656e-09
2.5442883e-09
-3.6108213e-09
2.9150782e-09
-3.8120307e-09
3.3084205e-09
-4.0181838e-09
3.7229433e-09
-4.2129782e-09
4.156535e-09
-4.3937603e-09
4.6066209e-09
-4.555338e-09
5.0700559e-09
-4.690835e-09
5.5429857e-09
-4.792331e-09
6.0207437e-09
-4.8503943e-09
6.4976809e-09
-4.8539466e-09
6.9670257e-09
-4.7897535e-09
7.4205609e-09
-4.6436501e-09
7.84875e-09
-4.3929496e-09
-4.0347016e-09
8.2389588e-09
2.2605854e-09
-3.6883119e-09
2.6258717e-09
-3.9761076e-09
3.017935e-09
-4.204094e-09
3.4346971e-09
-4.4349458e-09
3.8745862e-09
-4.6528673e-09
4.3352159e-09
-4.85439e-09
4.8137176e-09
-5.0338397e-09
5.3066649e-09
-5.1837824e-09
5.8099317e-09
-5.2955978e-09
6.3185824e-09
-5.359045e-09
6.8266819e-09
-5.3620461e-09
7.3271506e-09
-5.2902223e-09
7.8113677e-09
-5.1278672e-09
8.2694592e-09
-4.8510411e-09
-4.4530964e-09
8.687854e-09
2.3076932e-09
-4.0396816e-09
2.6915145e-09
-4.3599289e-09
3.1057177e-09
-4.6182972e-09
3.5472033e-09
-4.8764314e-09
4.0140936e-09
-5.1197576e-09
4.5036627e-09
-5.3439591e-09
5.0127132e-09
-5.5428902e-09
5.5375251e-09
-5.7085943e-09
6.0737074e-09
-5.8317801e-09
6.6160764e-09
-5.901414e-09
7.1584372e-09
-5.9044069e-09
7.6934292e-09
-5.8252143e-09
8.2120474e-09
-5.6464855e-09
8.7040987e-09
-5.3430923e-09
-4.9041062e-09
9.1551085e-09
2.3330454e-09
-4.4072776e-09
2.7356333e-09
-4.7625167e-09
3.1727875e-09
-5.0554515e-09
3.6402771e-09
-5.343921e-09
4.1358207e-09
-5.6153012e-09
4.6562879e-09
-5.8644262e-09
5.1981087e-09
-6.0847109e-09
5.7572561e-09
-6.2677417e-09
6.3290872e-09
-6.4036112e-09
6.908198e-09
-6.4805248e-09
7.4881682e-09
-6.4843772e-09
8.0613899e-09
-6.398436e-09
8.6185001e-09
-6.2035957e-09
9.1490113e-09
-5.8736035e-09
-5.3926975e-09
9.6376027e-09
2.3308456e-09
-4.7911325e-09
2.7523695e-09
-5.1840407e-09
3.2132421e-09
-5.516324e-09
3.7080345e-09
-5.8387133e-09
4.2339356e-09
-6.1412023e-09
4.787342e-09
-6.4178327e-09
5.3642629e-09
-6.6616318e-09
5.9603507e-09
-6.8638295e-09
6.5707285e-09
-7.013989e-09
7.1898077e-09
-7.099604e-09
7.810983e-09
-7.1055525e-09
8.4264366e-09
-7.0138895e-09
9.0264782e-09
-6.8036373e-09
9.6003569e-09
-6.4474821e-09
-5.9243245e-09
1.0131984e-08
2.2951387e-09
-5.1913005e-09
2.7358271e-09
-5.624729e-09
3.2211645e-09
-6.0016615e-09
3.7446153e-09
-6.3621642e-09
4.3026666e-09
-6.6992536e-09
4.8911654e-09
-7.0063315e-09
5.5056464e-09
-7.2761129e-09
6.141429e-09
-7.4996121e-09
6.7934262e-09
-7.6659862e-09
7.4559061e-09
-7.762084e-09
8.1221228e-09
-7.7717692e-09
8.7840857e-09
-7.6758524e-09
9.4318106e-09
-7.4513623e-09
1.0054316e-08
-7.0699879e-09
-6.5048517e-09
1.0634844e-08
2.2199867e-09
-5.6079212e-09
2.6803174e-09
-6.0850597e-09
3.1908899e-09
-6.5122339e-09
3.7444452e-09
-6.9157195e-09
4.3365643e-09
-7.2913727e-09
4.9624484e-09
-7.6322156e-09
5.6171009e-09
-7.9307653e-09
6.2954971e-09
-8.1780084e-09
6.9923696e-09
-8.3628586e-09
7.7018887e-09
-8.4716031e-09
8.4172113e-09
-8.4870918e-09
9.1302073e-09
-8.3888484e-09
9.8306314e-09
-8.1517864e-09
1.0507306e-08
-7.7466622e-09
-7.140454e-09
1.1142908e-08
2.0995289e-09
-6.0411333e-09
2.5804886e-09
-6.5660194e-09
3.1172157e-09
-7.048961e-09
3.7024666e-09
-7.5009704e-09
4.3307426e-09
-7.9196488e-09
4.9964782e-09
-8.2979511e-09
5.6940861e-09
-8.6283732e-09
6.4181925e-09
-8.9021147e-09
7.1633853e-09
-9.1080515e-09
7.9237843e-09
-9.232002e-09
8.6924884e-09
-9.2557959e-09
9.4612504e-09
-9.1576104e-09
1.0219595e-08
-8.9101308e-09
1.0956176e-08
-8.4832437e-09
-7.8374966e-09
1.1653219e-08
1.9283734e-09
-6.4908697e-09
2.4314487e-09
-7.0690947e-09
2.9956045e-09
-7.6131168e-09
3.614371e-09
-8.1197368e-09
4.2811155e-09
-8.5863933e-09
4.9893708e-09
-9.0062065e-09
5.7329052e-09
-9.3719075e-09
6.5060022e-09
-9.6752117e-09
7.3031495e-09
-9.9051989e-09
8.1184612e-09
-1.0047314e-08
8.9450082e-09
-1.0082343e-08
9.7744324e-09
-9.9870346e-09
1.0596057e-08
-9.7317555e-09
1.1398388e-08
-9.285575e-09
-8.6024048e-09
1.2163297e-08
1.7033535e-09
-6.957161e-09
2.2301867e-09
-7.5959279e-09
2.8231702e-09
-8.2061003e-09
3.4772411e-09
-8.7738077e-09
4.184807e-09
-9.2939592e-09
4.9383476e-09
-9.759747e-09
5.7309104e-09
-1.016447e-08
6.5564346e-09
-1.0500736e-08
7.4093429e-09
-1.0758107e-08
8.2837728e-09
-1.0921744e-08
9.1727776e-09
-1.0971348e-08
1.0067869e-08
-1.0882126e-08
1.0958207e-08
-1.0622093e-08
1.1832123e-08
-1.0159491e-08
-9.4415485e-09
1.2671267e-08
1.4292832e-09
-7.4437335e-09
1.9791112e-09
-8.1457558e-09
2.6006341e-09
-8.8276232e-09
3.2905071e-09
-9.4636807e-09
4.0405424e-09
-1.0043995e-08
4.8418583e-09
-1.0561063e-08
5.6865242e-09
-1.1009136e-08
6.5680109e-09
-1.1382223e-08
7.4806403e-09
-1.1670737e-08
8.4185535e-09
-1.1859657e-08
9.3747591e-09
-1.1927553e-08
1.0340599e-08
-1.1847966e-08
1.1305078e-08
-1.1586572e-08
1.2256454e-08
-1.1110866e-08
1.3175682e-08
-1.0360777e-08
4.6680925e-09
-7.9897173e-11
4.750103e-09
-8.2010554e-11
4.8323589e-09
-8.2255962e-11
4.9141226e-09
-8.1763815e-11
4.995283e-09
-8.1160419e-11
5.0752283e-09
-7.9945393e-11
5.1537006e-09
-7.8472279e-11
5.2304234e-09
-7.6722911e-11
5.3050625e-09
-7.4639152e-11
5.3776304e-09
-7.2567917e-11
5.4473721e-09
-6.9741884e-11
5.5155588e-09
-6.8186724e-11
5.577869e-09
-6.231013e-11
5.645537e-09
-6.7668146e-11
-4.5373783e-11
4.8198445e-09
-1.6101424e-10
4.9032225e-09
-1.6538852e-10
4.986954e-09
-1.6598752e-10
5.0703012e-09
-1.6511102e-10
5.1531229e-09
-1.6398206e-10
5.2347955e-09
-1.6161804e-10
5.3150396e-09
-1.5871642e-10
5.3935631e-09
-1.5524637e-10
5.4700151e-09
-1.5109117e-10
5.5443955e-09
-1.4694829e-10
5.615928e-09
-1.4127436e-10
5.6858985e-09
-1.3815729e-10
5.7498835e-09
-1.2629506e-10
5.8193586e-09
-1.3714329e-10
-9.2002815e-11
4.9864588e-09
-2.4201948e-10
5.0699284e-09
-2.4885814e-10
5.15401e-09
-2.5006912e-10
5.2379375e-09
-2.4903849e-10
5.3215365e-09
-2.475811e-10
5.4041677e-09
-2.4424924e-10
5.4855185e-09
-2.4006721e-10
5.565272e-09
-2.349999e-10
5.6430518e-09
-2.2887097e-10
5.718834e-09
-2.2273046e-10
5.7918147e-09
-2.1425511e-10
5.8632813e-09
-2.0962387e-10
5.9287151e-09
-1.9172889e-10
5.9997663e-09
-2.0819449e-10
-1.3975115e-10
5.1696588e-09
-3.2139996e-10
5.2517648e-09
-3.3096408e-10
5.3349065e-09
-3.3321087e-10
5.4182582e-09
-3.3239019e-10
5.5016128e-09
-3.3093571e-10
5.5843094e-09
-3.2694585e-10
5.6659909e-09
-3.2174871e-10
5.7463062e-09
-3.153152e-10
5.8248428e-09
-3.0740752e-10
5.9015416e-09
-2.9942934e-10
5.9755634e-09
-2.8827684e-10
6.0481827e-09
-2.822432e-10
6.1147908e-09
-2.5833696e-10
6.1871434e-09
-2.8054712e-10
-1.884528e-10
5.3711651e-09
-3.9748216e-10
5.4502972e-09
-4.100962e-10
5.5310561e-09
-4.1396971e-10
5.6125328e-09
-4.1386694e-10
5.6944876e-09
-4.1289047e-10
5.7762339e-09
-4.0869218e-10
5.8573591e-09
-4.0287389e-10
5.9374682e-09
-3.9542435e-10
6.0161021e-09
-3.8604135e-10
6.0931546e-09
-3.7648191e-10
6.1677421e-09
-3.6286432e-10
6.241111e-09
-3.5561208e-10
6.3085673e-09
-3.2579324e-10
6.3818979e-09
-3.5387771e-10
-2.3791335e-10
5.5926447e-09
-4.6847016e-10
5.6670711e-09
-4.8452258e-10
5.7438737e-09
-4.907723e-10
5.8220497e-09
-4.92043e-10
5.9013265e-09
-4.9216727e-10
5.980991e-09
-4.8835663e-10
6.0605651e-09
-4.8244801e-10
6.1396015e-09
-4.7446083e-10
6.2175841e-09
-4.6402394e-10
6.2943478e-09
-4.5324555e-10
6.3689555e-09
-4.3747204e-10
6.4426075e-09
-4.2926412e-10
6.5105309e-09
-3.9371661e-10
6.5844642e-09
-4.2781097e-10
-2.8791017e-10
5.8356497e-09
-5.3249849e-10
5.9035625e-09
-5.524354e-10
5.974739e-09
-5.6194886e-10
6.0480878e-09
-5.6539179e-10
6.1233041e-09
-5.6738357e-10
6.1996515e-09
-5.6470405e-10
6.27658e-09
-5.593765e-10
6.3535831e-09
-5.5146391e-10
6.4300788e-09
-5.4051961e-10
6.5058314e-09
-5.2899818e-10
6.5798424e-09
-5.1148306e-10
6.6532457e-09
-5.0266743e-10
6.7211969e-09
-4.6166783e-10
6.7953106e-09
-5.0192467e-10
-3.3819975e-10
6.1015484e-09
-5.8769961e-10
6.1611228e-09
-6.120098e-10
6.2249526e-09
-6.2577868e-10
6.2918821e-09
-6.323213e-10
6.3615773e-09
-6.3707881e-10
6.433288e-09
-6.364147e-10
6.5063896e-09
-6.3247812e-10
6.5803129e-09
-6.2538725e-10
6.654404e-09
-6.1461071e-10
6.7283466e-09
-6.0294081e-10
6.8010734e-09
-5.842098e-10
6.8736293e-09
-5.7522336e-10
6.9411112e-09
-5.2914967e-10
7.0149418e-09
-5.7575532e-10
-3.8851873e-10
6.3914512e-09
-6.3228464e-10
6.4409164e-09
-6.61475e-10
6.4956853e-09
-6.8054755e-10
6.5545836e-09
-6.9121966e-10
6.6172545e-09
-6.9974974e-10
6.6829505e-09
-7.0211064e-10
6.7509764e-09
-7.0050405e-10
6.8207013e-09
-6.951122e-10
6.891397e-09
-6.8530636e-10
6.9626592e-09
-6.7420305e-10
7.0333462e-09
-6.548968e-10
7.1043897e-09
-6.462668e-10
7.1708456e-09
-5.9560556e-10
7.2438843e-09
-6.4879412e-10
-4.3857793e-10
6.7061355e-09
-6.646344e-10
6.743856e-09
-6.991955e-10
6.7879244e-09
-7.2461591e-10
6.8372153e-09
-7.4051056e-10
6.8913601e-09
-7.5389453e-10
6.9496391e-09
-7.6038968e-10
7.0112985e-09
-7.6216344e-10
7.0756527e-09
-7.5946644e-10
7.141902e-09
-7.5155565e-10
7.2095508e-09
-7.4185186e-10
7.2773801e-09
-7.2272613e-10
7.3461818e-09
-7.1506852e-10
7.4109979e-09
-6.6042158e-10
7.482693e-09
-7.2048927e-10
-4.880611e-10
7.0459739e-09
-6.8339616e-10
7.0705373e-09
-7.2375894e-10
7.1024174e-09
-7.5649596e-10
7.1406241e-09
-7.7871724e-10
7.184795e-09
-7.9806552e-10
7.2342725e-09
-8.0986711e-10
7.2882648e-09
-8.1615583e-10
7.3460468e-09
-8.1724836e-10
7.4067565e-09
-8.1226541e-10
7.4698089e-09
-8.0490424e-10
7.5339085e-09
-7.8682572e-10
7.5996812e-09
-7.8084128e-10
7.6622001e-09
-7.229404e-10
7.7319585e-09
-7.9024764e-10
-5.366143e-10
7.4108719e-09
-6.8757947e-10
7.4211785e-09
-7.3406553e-10
7.4396166e-09
-7.7493398e-10
7.4654324e-09
-8.0453307e-10
7.4982959e-09
-8.3092908e-10
7.5376535e-09
-8.4922465e-10
7.5827077e-09
-8.612101e-10
7.6327167e-09
-8.6725735e-10
7.6867745e-09
-8.6632317e-10
7.7442142e-09
-8.6234404e-10
7.8036695e-09
-8.4628094e-10
7.8655799e-09
-8.4275168e-10
7.9251087e-09
-7.8246917e-10
7.9922887e-09
-8.5742771e-10
-5.8384957e-10
7.8002223e-09
-6.766434e-10
7.7955693e-09
-7.2941246e-10
7.7996286e-09
-7.789933e-10
7.8119907e-09
-8.1689522e-10
7.8323923e-09
-8.513307e-10
7.8604329e-09
-8.7726525e-10
7.8953523e-09
-8.9612955e-10
7.9364248e-09
-9.0832985e-10
7.9827269e-09
-9.1262518e-10
8.0335261e-09
-9.1314328e-10
8.0873951e-09
-9.0014991e-10
8.1445743e-09
-8.9993094e-10
8.2003864e-09
-8.3828122e-10
8.2642969e-09
-9.2133819e-10
-6.2935117e-10
8.2128817e-09
-6.5056623e-10
8.1930351e-09
-7.0956591e-10
8.1821735e-09
-7.6813163e-10
8.1803354e-09
-8.1505716e-10
8.1873666e-09
-8.583619e-10
8.2030733e-09
-8.9297194e-10
8.2267856e-09
-9.1984189e-10
8.2578363e-09
-9.3938058e-10
8.2953206e-09
-9.5010949e-10
8.3384653e-09
-9.5628797e-10
8.3857982e-09
-9.4748279e-10
8.4373627e-09
-9.5149545e-10
8.4887132e-09
-8.8963166e-10
8.5486133e-09
-9.812383e-10
-6.7266197e-10
8.6471765e-09
-6.0988874e-10
8.6124232e-09
-6.7481258e-10
8.5865573e-09
-7.4226574e-10
8.5701547e-09
-7.9865454e-10
8.5632179e-09
-8.5142518e-10
8.5658138e-09
-8.9556781e-10
8.5774242e-09
-9.3145234e-10
8.5974915e-09
-9.5944792e-10
8.6251756e-09
-9.7779353e-10
8.6596959e-09
-9.9080831e-10
8.699561e-09
-9.8734784e-10
8.7446407e-09
-9.9657518e-10
8.7907748e-09
-9.3576568e-10
8.8458766e-09
-1.0363401e-09
-7.1329022e-10
9.1009432e-09
-5.5572339e-10
9.0521139e-09
-6.2598328e-10
9.0116642e-09
-7.0181606e-10
8.980768e-09
-7.6775839e-10
8.9596346e-09
-8.3029181e-10
8.9486403e-09
-8.8457352e-10
8.9474852e-09
-9.3029723e-10
8.955779e-09
-9.6774178e-10
8.9728006e-09
-9.948151e-10
8.997805e-09
-1.0158127e-09
9.0293183e-09
-1.0188612e-09
9.0670752e-09
-1.034332e-09
9.107237e-09
-9.7592746e-10
9.1567228e-09
-1.0858259e-09
-7.5072153e-10
9.5716033e-09
-4.8972397e-10
9.5100626e-09
-5.6444259e-10
9.4559708e-09
-6.4772424e-10
9.4111217e-09
-7.2290936e-10
9.3759771e-09
-7.9514723e-10
9.3512616e-09
-8.5985803e-10
9.3369594e-09
-9.1599501e-10
9.3329093e-09
-9.6369168e-10
9.3385697e-09
-1.0004755e-09
9.3532817e-09
-1.0305247e-09
9.3756375e-09
-1.041217e-09
9.4052828e-09
-1.0639773e-09
9.4387341e-09
-1.0093788e-09
9.4817793e-09
-1.1288711e-09
-7.8442662e-10
1.0056274e-08
-4.1401403e-10
9.9838726e-09
-4.920413e-10
9.9175866e-09
-5.8143828e-10
9.8598047e-09
-6.6512751e-10
9.8112761e-09
-7.466186e-10
9.7730959e-09
-8.2167786e-10
9.7455917e-09
-8.8849081e-10
9.7288923e-09
-9.4699235e-10
9.7226995e-09
-9.9428262e-10
9.7264968e-09
-1.034322e-09
9.7389999e-09
-1.0537201e-09
9.7598212e-09
-1.0847986e-09
9.7858655e-09
-1.0354231e-09
9.8216572e-09
-1.1646628e-09
-8.138713e-10
1.0551907e-08
-3.3107693e-10
1.0470897e-08
-4.1103195e-10
1.0394321e-08
-5.0486231e-10
1.0325087e-08
-5.9589317e-10
1.0264248e-08
-6.8577942e-10
1.021327e-08
-7.707001e-10
1.017287e-08
-8.4809042e-10
1.0143521e-08
-9.1764333e-10
1.012523e-08
-9.7599187e-10
1.0117683e-08
-1.0267748e-09
1.0119782e-08
-1.0558195e-09
1.0131173e-08
-1.0961899e-09
1.0149181e-08
-1.0534306e-09
1.0176941e-08
-1.1924226e-09
-8.3852834e-10
1.1055447e-08
-2.4361591e-10
1.0968367e-08
-3.2395215e-10
1.0883777e-08
-4.2027176e-10
1.080498e-08
-5.1709685e-10
1.0733329e-08
-6.14128e-10
1.0670634e-08
-7.08005e-10
1.0618023e-08
-7.954797e-10
1.0576359e-08
-8.7597916e-10
1.0546008e-08
-9.4564149e-10
1.0526916e-08
-1.0076824e-09
1.0518238e-08
-1.0471411e-09
1.0519731e-08
-1.097683e-09
1.0529167e-08
-1.0628669e-09
1.0548176e-08
-1.2114311e-09
-8.5789145e-10
1.1564001e-08
-1.5439752e-10
1.1473532e-08
-2.3348396e-10
1.1383459e-08
-3.3019838e-10
1.1297321e-08
-4.3095915e-10
1.1216731e-08
-5.3353791e-10
1.1143791e-08
-6.3506494e-10
1.1080037e-08
-7.3172552e-10
1.1026744e-08
-8.2268652e-10
1.0984683e-08
-9.0357968e-10
1.0954106e-08
-9.7710539e-10
1.0934483e-08
-1.027518e-09
1.0925778e-08
-1.0889784e-09
1.0926236e-08
-1.0633251e-09
1.093586e-08
-1.2210551e-09
-8.7148997e-10
1.2074992e-08
-6.6092911e-11
1.1983812e-08
-1.4230348e-10
1.1890906e-08
-2.3729304e-10
1.1799872e-08
-3.3992499e-10
1.1712516e-08
-4.4618185e-10
1.163115e-08
-5.5369853e-10
1.155768e-08
-6.5825573e-10
1.1493798e-08
-7.5880484e-10
1.1440699e-08
-8.5048001e-10
1.1398982e-08
-9.3538932e-10
1.1368479e-08
-9.9701477e-10
1.1349405e-08
-1.0699046e-09
1.1340612e-08
-1.0545314e-09
1.1340411e-08
-1.2208547e-09
-8.789251e-10
1.2586293e-08
1.8880759e-11
1.2496937e-08
-5.294741e-11
1.2403816e-08
-1.4417237e-10
1.2310431e-08
-2.4654022e-10
1.2218683e-08
-3.5443322e-10
1.2130985e-08
-4.6600036e-10
1.2049546e-08
-5.7681661e-10
1.1976449e-08
-6.857082e-10
1.1913311e-08
-7.8734228e-10
1.1861101e-08
-8.8317891e-10
1.1820034e-08
-9.5594837e-10
1.1790551e-08
-1.0404213e-09
1.1772354e-08
-1.0363342e-09
1.1762131e-08
-1.210632e-09
-8.7993249e-10
1.3096542e-08
9.8020947e-11
1.3011002e-08
3.2592236e-11
1.2920168e-08
-5.333841e-11
1.2826959e-08
-1.5333082e-10
1.2733267e-08
-2.6074161e-10
1.264152e-08
-3.7425322e-10
1.2554111e-08
-4.8940762e-10
1.2473471e-08
-6.0506831e-10
1.2401601e-08
-7.154721e-10
1.2339849e-08
-8.2142684e-10
1.2288801e-08
-9.0490037e-10
1.2249127e-08
-1.0007479e-09
1.2221459e-08
-1.0086656e-09
1.2201231e-08
-1.1904046e-09
-8.7430132e-10
7.4355102e-10
-1.0961251e-08
1.0894244e-08
8.1448043e-10
-1.8345326e-08
1.8274396e-08
8.1382043e-10
-3.0437281e-08
3.0437941e-08
6.4650809e-10
-4.9948371e-08
5.0115683e-08
2.4068879e-10
-8.136348e-08
8.1769299e-08
-4.7380026e-10
-1.3228631e-07
1.330008e-07
-1.6654492e-09
-2.1511546e-07
2.1630711e-07
-3.6985955e-09
-3.496948e-07
3.5172794e-07
-5.6667381e-07
5.7019812e-07
1.8258015e-10
-1.0911124e-08
4.0704517e-11
-1.820345e-08
-2.9502311e-10
-3.0101553e-08
-9.7664791e-10
-4.9266746e-08
-2.1774105e-09
-8.0162717e-08
-4.1594753e-09
-1.3030425e-07
-7.4063424e-09
-2.1186859e-07
-1.2768945e-08
-3.443322e-07
-5.5784358e-07
-4.0005946e-10
-1.0736415e-08
-7.460451e-10
-1.7857464e-08
-1.4051637e-09
-2.9442435e-08
-2.5837116e-09
-4.8088198e-08
-4.5605352e-09
-7.8185893e-08
-7.7899781e-09
-1.2707481e-07
-1.3061674e-08
-2.065969e-07
-2.1701946e-08
-3.3569192e-07
-5.4377811e-07
-9.8878466e-10
-1.0438993e-08
-1.5318336e-09
-1.7314416e-08
-2.5000284e-09
-2.847424e-08
-4.1556336e-09
-4.6432593e-08
-6.8850675e-09
-7.545646e-08
-1.132971e-08
-1.2263016e-07
-1.8573319e-08
-1.9935329e-07
-3.0404942e-08
-3.238603e-07
-5.2459185e-07
-1.5720484e-09
-1.0023286e-08
-2.3030629e-09
-1.6583401e-08
-3.5643495e-09
-2.7212953e-08
-5.6750721e-09
-4.432187e-08
-9.1283643e-09
-7.2003167e-08
-1.474489e-08
-1.1701364e-07
-2.3889326e-08
-1.9020885e-07
-3.8796829e-08
-3.089528e-07
-5.0045128e-07
-2.1399112e-09
-9.495219e-09
-3.0480488e-09
-1.5675263e-08
-4.5848697e-09
-2.5676132e-08
-7.1262772e-09
-4.1780463e-08
-1.1268853e-08
-6.7860592e-08
-1.8003095e-08
-1.102794e-07
-2.895997e-08
-1.7925198e-07
-4.6799032e-08
-2.9111374e-07
-4.7157283e-07
-2.683384e-09
-8.8620192e-09
-3.7564292e-09
-1.4602218e-08
-5.5497889e-09
-2.3882773e-08
-8.4947084e-09
-3.8835543e-08
-1.3286044e-08
-6.3069256e-08
-2.1073397e-08
-1.0249204e-07
-3.3737932e-08
-1.6658744e-07
-5.4337506e-08
-2.7051416e-07
-4.382216e-07
-3.1944405e-09
-8.131947e-09
-4.4190323e-09
-1.3377627e-08
-6.4485268e-09
-2.1853278e-08
-9.7669109e-09
-3.5517159e-08
-1.5160644e-08
-5.7675523e-08
-2.392659e-08
-9.3726097e-08
-3.8178534e-08
-1.523355e-07
-6.1341373e-08
-2.4735132e-07
-4.0070746e-07
-3.6659788e-09
-7.314049e-09
-5.0277856e-09
-1.201582e-08
-7.2716059e-09
-1.9609458e-08
-1.0930522e-08
-3.1858243e-08
-1.6874733e-08
-5.1731312e-08
-2.6535351e-08
-8.4065479e-08
-4.223885e-08
-1.36632e-07
-6.7747334e-08
-2.2184284e-07
-3.5938455e-07
-4.0917921e-09
-6.4180141e-09
-5.575632e-09
-1.053198e-08
-8.0105873e-09
-1.7174503e-08
-1.1974324e-08
-2.7894506e-08
-1.8411952e-08
-4.5293684e-08
-2.8874621e-08
-7.360281e-08
-4.5881817e-08
-1.196248e-07
-7.3496925e-08
-1.9422773e-07
-3.146469e-07
-4.4665276e-09
-5.4540672e-09
-6.0564629e-09
-8.9420446e-09
-8.6580421e-09
-1.4572924e-08
-1.2888309e-08
-2.366424e-08
-1.9757727e-08
-3.8424265e-08
-3.0920936e-08
-6.2439601e-08
-4.9065968e-08
-1.0147977e-07
-7.8529289e-08
-1.6476441e-07
-2.6691594e-07
-4.7856478e-09
-4.4328754e-09
-6.4650744e-09
-7.262618e-09
-9.2075471e-09
-1.1830451e-08
-1.3663719e-08
-1.9208067e-08
-2.0899461e-08
-3.1188524e-08
-3.2657425e-08
-5.0681638e-08
-5.1767928e-08
-8.2369266e-08
-8.2797591e-08
-1.3373475e-07
-2.1664358e-07
-5.0454023e-09
-3.365464e-09
-6.7971424e-09
-5.5108778e-09
-9.6537027e-09
-8.9738907e-09
-1.429313e-08
-1.456864e-08
-2.1826272e-08
-2.3655382e-08
-3.4067709e-08
-3.84402e-08
-5.3963675e-08
-6.24733e-08
-8.6265645e-08
-1.0143278e-07
-1.6431109e-07
-5.242808e-09
-2.2631428e-09
-7.0492101e-09
-3.7044758e-09
-9.9921528e-09
-6.030948e-09
-1.4770516e-08
-9.7902761e-09
-2.2529226e-08
-1.5896673e-08
-3.5137334e-08
-2.5832093e-08
-5.5628951e-08
-4.1981683e-08
-8.8896715e-08
-6.8165013e-08
-1.1041627e-07
-5.3756375e-09
-1.1374337e-09
-7.2186847e-09
-1.8614285e-09
-1.0219607e-08
-3.0300254e-09
-1.5091308e-08
-4.918575e-09
-2.3001581e-08
-7.9864e-09
-3.585584e-08
-1.2977834e-08
-5.6746489e-08
-2.1091034e-08
-9.0664301e-08
-3.42472e-08
-5.5470802e-08
-5.4424121e-09
-7.3038407e-09
-1.0333866e-08
-1.5252441e-08
-2.3238841e-08
-3.6216675e-08
-5.7307709e-08
-9.1554909e-08
1.0976605e-08
-7.5260937e-09
1.1042772e-08
-8.211923e-09
1.1077705e-08
-8.8625562e-09
1.1083012e-08
-9.4689881e-09
1.1061391e-08
-1.0022373e-08
1.1016697e-08
-1.0516369e-08
1.0954046e-08
-1.0946485e-08
1.0878458e-08
-1.1306635e-08
1.0793947e-08
-1.1586225e-08
1.0703134e-08
-1.1768844e-08
1.0607689e-08
-1.1832108e-08
1.0508704e-08
-1.1748981e-08
1.0407395e-08
-1.1485263e-08
1.0306325e-08
-1.1009797e-08
-1.025782e-08
1.0203368e-08
1.8405889e-08
-7.6575863e-09
1.847107e-08
-8.2771037e-09
1.8475446e-08
-8.8669326e-09
1.8427352e-08
-9.4208936e-09
1.8337951e-08
-9.9329726e-09
1.8218431e-08
-1.0396848e-08
1.8079052e-08
-1.0807107e-08
1.7927003e-08
-1.1154586e-08
1.7766786e-08
-1.1426007e-08
1.7600728e-08
-1.1602786e-08
1.743023e-08
-1.1661611e-08
1.7256302e-08
-1.1575053e-08
1.7081617e-08
-1.1310578e-08
1.6907247e-08
-1.0835426e-08
-1.0088986e-08
1.6738412e-08
3.0539987e-08
-7.7596326e-09
3.0547945e-08
-8.2850614e-09
3.0479065e-08
-8.7980527e-09
3.034745e-08
-9.2892786e-09
3.0167837e-08
-9.7533597e-09
2.995435e-08
-1.0183361e-08
2.9716719e-08
-1.0569476e-08
2.9461354e-08
-1.0899221e-08
2.9192118e-08
-1.1156772e-08
2.8911651e-08
-1.132232e-08
2.86227e-08
-1.1372659e-08
2.8329034e-08
-1.1281387e-08
2.8035997e-08
-1.1017541e-08
2.7746077e-08
-1.0545506e-08
-9.8158562e-09
2.7472948e-08
5.0091496e-08
-7.7354458e-09
4.9984058e-08
-8.1776232e-09
4.9804912e-08
-8.6189065e-09
4.9565775e-08
-9.0501422e-09
4.9276088e-08
-9.4636728e-09
4.8942878e-08
-9.8501501e-09
4.8571667e-08
-1.0198265e-08
4.8168386e-08
-1.049594e-08
4.7738326e-08
-1.0726712e-08
4.7288159e-08
-1.0872152e-08
4.6825043e-08
-1.0909543e-08
4.6357128e-08
-1.0813472e-08
4.5892392e-08
-1.0552805e-08
4.5438754e-08
-1.0091868e-08
-9.3898172e-09
4.5012715e-08
8.1506316e-08
-7.4724628e-09
8.1183782e-08
-7.8550896e-09
8.0802941e-08
-8.2380651e-09
8.0366302e-08
-8.613503e-09
7.9876785e-08
-8.974156e-09
7.9338309e-08
-9.3116743e-09
7.8756078e-08
-9.6160338e-09
7.8135216e-08
-9.875078e-09
7.74825e-08
-1.0073996e-08
7.6805684e-08
-1.0195336e-08
7.6114427e-08
-1.0218286e-08
7.5419051e-08
-1.0118096e-08
7.4731262e-08
-9.8650172e-09
7.4064907e-08
-9.4255127e-09
-8.7617463e-09
7.3436837e-08
1.3235619e-07
-6.8278526e-09
1.3166032e-07
-7.159213e-09
1.3091165e-07
-7.4893972e-09
1.3011054e-07
-7.8123891e-09
1.2925838e-07
-8.1219994e-09
1.2835765e-07
-8.410947e-09
1.2741197e-07
-8.6703534e-09
1.2642632e-07
-8.8894262e-09
1.2540749e-07
-9.0551644e-09
1.2436414e-07
-9.1519848e-09
1.2330715e-07
-9.1612959e-09
1.222501e-07
-9.0610514e-09
1.2121037e-07
-8.8252889e-09
1.2020851e-07
-8.4236502e-09
-7.8205967e-09
1.1926736e-07
2.1508554e-07
-5.6062826e-09
2.1379925e-07
-5.8729262e-09
2.1244743e-07
-6.1375793e-09
2.1103085e-07
-6.3958061e-09
2.0955154e-07
-6.6426844e-09
2.0801292e-07
-6.8723322e-09
2.0642015e-07
-7.0775877e-09
2.0478049e-07
-7.2497636e-09
2.0310372e-07
-7.3783952e-09
2.0140268e-07
-7.4509449e-09
1.9969385e-07
-7.4524643e-09
1.9799802e-07
-7.3652182e-09
1.96341e-07
-7.168271e-09
1.9475442e-07
-6.837072e-09
-6.3429193e-09
1.9327674e-07
3.4961593e-07
-3.4942694e-09
3.4740265e-07
-3.6596432e-09
3.4508862e-07
-3.8235484e-09
3.4267615e-07
-3.9833346e-09
3.4016944e-07
-4.1359735e-09
3.3757493e-07
-4.277823e-09
3.3490179e-07
-4.4044508e-09
3.3216251e-07
-4.5104852e-09
3.2937357e-07
-4.5894568e-09
3.2655624e-07
-4.6336153e-09
3.237375e-07
-4.6337183e-09
3.2095108e-07
-4.578798e-09
3.1823871e-07
-4.455904e-09
3.1565146e-07
-4.2498254e-09
-3.9428213e-09
3.1325136e-07
5.6670385e-07
5.6304421e-07
5.5922066e-07
5.5523733e-07
5.5110135e-07
5.4682353e-07
5.4241908e-07
5.3790859e-07
5.3331914e-07
5.2868552e-07
5.240518e-07
5.19473e-07
5.150171e-07
5.1076728e-07
5.0682445e-07
1.014952e-08
1.5186941e-10
1.0088428e-08
9.3683687e-11
1.0023356e-08
1.1733781e-11
9.9551554e-09
-8.5130159e-11
9.8852092e-09
-1.907954e-10
9.8153341e-09
-3.0437804e-10
9.7473307e-09
-4.2140419e-10
9.6832099e-09
-5.4094758e-10
9.6246681e-09
-6.569302e-10
9.5729785e-09
-7.697373e-10
9.5287483e-09
-8.6067018e-10
9.492753e-09
-9.6475257e-10
9.4658655e-09
-9.8177806e-10
9.4443469e-09
-1.1688861e-09
-8.6558796e-10
1.6658179e-08
2.3210277e-10
1.6571222e-08
1.8064038e-10
1.6474561e-08
1.0839472e-10
1.6371221e-08
1.8210271e-11
1.6263169e-08
-8.2743132e-11
1.6152575e-08
-1.9378461e-10
1.6042437e-08
-3.1126556e-10
1.5936129e-08
-4.3464039e-10
1.5836725e-08
-5.5752531e-10
1.574637e-08
-6.7938285e-10
1.5666862e-08
-7.8116165e-10
1.5598932e-08
-8.9682322e-10
1.5546335e-08
-9.2918086e-10
1.5500054e-08
-1.1226056e-09
-8.4503009e-10
2.7372086e-08
3.3296438e-10
2.7260275e-08
2.9245122e-10
2.7131777e-08
2.3689244e-10
2.6988549e-08
1.6143836e-10
2.6833792e-08
7.2013747e-11
2.6669247e-08
-2.9239032e-11
2.6499223e-08
-1.4124204e-10
2.6329297e-08
-2.6471443e-10
2.6164677e-08
-3.9290468e-10
2.600876e-08
-5.2346605e-10
2.5866299e-08
-6.3870115e-10
2.5736969e-08
-7.6749325e-10
2.5632388e-08
-8.2460001e-10
2.5531089e-08
-1.0213064e-09
-7.9721364e-10
4.4923066e-08
4.2261318e-10
4.481232e-08
4.0319762e-10
4.4677705e-08
3.7150694e-10
4.4516905e-08
3.2223904e-10
4.4331586e-08
2.5733206e-10
4.4121601e-08
1.8074616e-10
4.3891607e-08
8.8752123e-11
4.3649463e-08
-2.2570964e-11
4.3401638e-08
-1.4507937e-10
4.315295e-08
-2.7477795e-10
4.2912528e-08
-3.9827926e-10
4.2679044e-08
-5.340094e-10
4.247706e-08
-6.226161e-10
4.2265393e-08
-8.0963984e-10
-6.868449e-10
7.3402423e-08
4.5702642e-10
7.3343841e-08
4.6177943e-10
7.3257984e-08
4.5736449e-10
7.3140575e-08
4.3964822e-10
7.2990336e-08
4.0757111e-10
7.2805754e-08
3.6532808e-10
7.2585552e-08
3.0895387e-10
7.2329362e-08
2.3361923e-10
7.2042298e-08
1.4198446e-10
7.1728388e-08
3.9132533e-11
7.1396758e-08
-6.6649905e-11
7.104751e-08
-1.847617e-10
7.0714048e-08
-2.8915348e-10
7.0343086e-08
-4.3867816e-10
-4.5257814e-10
1.1930666e-07
4.1772782e-10
1.1933068e-07
4.3776259e-10
1.1933416e-07
4.5387816e-10
1.193114e-07
4.6241181e-10
1.1925924e-07
4.5972597e-10
1.1917717e-07
4.4740407e-10
1.1906365e-07
4.2246874e-10
1.1891361e-07
3.8366255e-10
1.1872499e-07
3.3060785e-10
1.1849734e-07
2.6677874e-10
1.182324e-07
1.9829063e-10
1.1792231e-07
1.2532728e-10
1.1757845e-07
5.4709005e-11
1.1715768e-07
-1.7909463e-11
-1.0614072e-10
1.9337762e-07
3.1685384e-10
1.9347542e-07
3.3996371e-10
1.935683e-07
3.6100021e-10
1.9365221e-07
3.7849725e-10
1.9372112e-07
3.9081261e-10
1.9377206e-07
3.9646995e-10
1.9379961e-07
3.949118e-10
1.9379671e-07
3.8657117e-10
1.9376006e-07
3.6725293e-10
1.9369065e-07
3.3619447e-10
1.9359003e-07
2.9890808e-10
1.9346123e-07
2.541294e-10
1.9330941e-07
2.0652984e-10
1.9312691e-07
1.6458868e-10
1.1149752e-10
3.1339666e-07
1.7155801e-10
3.1354958e-07
1.870454e-10
3.1370826e-07
2.0232226e-10
3.1387015e-07
2.1660777e-10
3.1403191e-07
2.2904737e-10
3.1418977e-07
2.3860727e-10
3.1434053e-07
2.4415973e-10
3.144825e-07
2.4459814e-10
3.1461075e-07
2.3899782e-10
3.1472039e-07
2.2655387e-10
3.1481118e-07
2.0812549e-10
3.148778e-07
1.875066e-10
3.1491551e-07
1.688148e-10
3.149227e-07
1.574005e-10
1.3938007e-10
5.0699601e-07
5.0718306e-07
5.0738538e-07
5.0760199e-07
5.0783103e-07
5.0806964e-07
5.083138e-07
5.085584e-07
5.087974e-07
5.0902395e-07
5.0923208e-07
5.0941958e-07
5.095884e-07
5.097458e-07
)
;

boundaryField
{
    inlet
    {
        type            calculated;
        value           nonuniform List<scalar> 
92
(
-7.22291e-09
-2.1599169e-08
-3.5767417e-08
-4.9591205e-08
-6.2937402e-08
-7.5677478e-08
-8.7688738e-08
-9.8855508e-08
-1.0907025e-07
-1.1823458e-07
-1.2626024e-07
-1.3306996e-07
-1.3859813e-07
-1.4279153e-07
-1.4560977e-07
-1.4702571e-07
0
0
0
0
0
0
0
0
0
0
0
0
0
0
0
0
0
0
0
0
0
0
0
0
0
0
0
0
0
0
-7.22291e-09
-2.1599169e-08
-3.5767417e-08
-4.9591205e-08
-6.2937402e-08
-7.5677478e-08
-8.7688738e-08
-9.8855508e-08
-1.0907025e-07
-1.1823458e-07
-1.2626024e-07
-1.3306996e-07
-1.3859813e-07
-1.4279153e-07
-1.4560977e-07
-1.4702571e-07
0
0
0
0
0
0
0
0
0
0
0
0
0
0
0
0
0
0
0
0
0
0
0
0
0
0
0
0
0
0
)
;
    }
    outlet
    {
        type            calculated;
        value           nonuniform List<scalar> 
66
(
5.6909109e-09
5.8659876e-09
6.0475147e-09
6.2358451e-09
6.4313584e-09
6.634461e-09
6.8456002e-09
7.0652608e-09
7.2939435e-09
7.5321762e-09
7.7805116e-09
8.0395241e-09
8.3097985e-09
8.5919241e-09
8.8865048e-09
9.1941541e-09
9.5154844e-09
9.8511019e-09
1.0201598e-08
1.0567539e-08
1.0949459e-08
1.1347846e-08
1.1763139e-08
1.21956e-08
9.4356336e-09
1.5479497e-08
2.5483272e-08
4.2155024e-08
7.010882e-08
1.1681124e-07
1.9290927e-07
3.1489482e-07
5.0988518e-07
5.6909109e-09
5.8659876e-09
6.0475147e-09
6.2358451e-09
6.4313584e-09
6.634461e-09
6.8456002e-09
7.0652608e-09
7.2939435e-09
7.5321762e-09
7.7805116e-09
8.0395241e-09
8.3097985e-09
8.5919241e-09
8.8865048e-09
9.1941541e-09
9.5154844e-09
9.8511019e-09
1.0201598e-08
1.0567539e-08
1.0949459e-08
1.1347846e-08
1.1763139e-08
1.21956e-08
9.4356336e-09
1.5479497e-08
2.5483272e-08
4.2155024e-08
7.010882e-08
1.1681124e-07
1.9290927e-07
3.1489482e-07
5.0988518e-07
)
;
    }
    cylinder
    {
        type            calculated;
        value           uniform 0;
    }
    frontAndBack
    {
        type            empty;
    }
}


// ************************************************************************* //
