/*--------------------------------*- C++ -*----------------------------------*\
  =========                 |
  \\      /  F ield         | OpenFOAM: The Open Source CFD Toolbox
   \\    /   O peration     | Website:  https://openfoam.org
    \\  /    A nd           | Version:  14
     \\/     M anipulation  |
\*---------------------------------------------------------------------------*/
FoamFile
{
    format      ascii;
    class       surfaceScalarField;
    location    "1000";
    object      phi;
}
// * * * * * * * * * * * * * * * * * * * * * * * * * * * * * * * * * * * * * //

dimensions      [0 3 -1 0 0 0 0];

internalField   nonuniform List<scalar> 
10657
(
5.577905e-17
-5.5780625e-17
8.8012226e-21
2.7001564e-16
-2.1426575e-16
3.3432379e-20
7.3990293e-16
-4.6996004e-16
7.2252687e-20
1.6120202e-15
-8.722504e-16
1.313415e-19
3.1060111e-15
-1.4942149e-15
2.1894241e-19
5.5493113e-15
-2.4436584e-15
3.4611894e-19
9.4279803e-15
-3.8792209e-15
5.2753786e-19
1.5460958e-14
-6.0338056e-15
7.8238539e-19
2.4708311e-14
-9.2485662e-15
1.1353891e-18
3.8728632e-14
-1.4022065e-14
1.6178754e-18
5.9807294e-14
-2.1081123e-14
2.2687274e-18
9.1286393e-14
-3.148251e-14
3.1350099e-18
1.3803989e-13
-4.6758152e-14
4.2718643e-18
2.0715486e-13
-6.9121225e-14
5.7408894e-18
3.0890299e-13
-1.0175649e-13
7.6052188e-18
4.5811753e-13
-1.4922563e-13
9.9175643e-18
6.7612992e-13
-2.1802707e-13
1.2696019e-17
9.934699e-13
-3.1735916e-13
1.5886032e-17
1.4535902e-12
-4.601447e-13
1.9317554e-17
2.1179426e-12
-6.6438223e-13
2.2667232e-17
3.0728009e-12
-9.5489265e-13
2.5397533e-17
4.4382915e-12
-1.3655277e-12
2.6587907e-17
6.3801535e-12
-1.941899e-12
2.4598329e-17
9.1247977e-12
-2.7446757e-12
1.6650992e-17
1.2978275e-11
-3.8534945e-12
-1.4933361e-18
1.8349827e-11
-5.3715371e-12
-3.5748446e-17
2.5780767e-11
-7.4308679e-12
-9.4077687e-17
3.5979624e-11
-1.0198691e-11
-1.873582e-16
4.9864699e-11
-1.3884762e-11
-3.3074369e-16
6.8615455e-11
-1.8750226e-11
-5.4510807e-16
9.3734414e-11
-2.5118115e-11
-8.5808502e-16
1.2712161e-10
-3.3385902e-11
-1.3043914e-15
1.7116171e-10
-4.403819e-11
-1.926245e-15
2.2883228e-10
-5.7667802e-11
-2.7724427e-15
3.038216e-10
-7.4985417e-11
-3.8992155e-15
4.0067673e-10
-9.684973e-11
-5.3589996e-15
5.2496211e-10
-1.2427813e-10
-7.184917e-15
6.8324236e-10
-1.582707e-10
-9.4335458e-15
-2.0204169e-10
8.8529641e-10
-1.2176307e-14
5.7878453e-17
-1.1365254e-16
2.8016704e-16
-4.365511e-16
7.6767817e-16
-9.5747279e-16
1.6724716e-15
-1.7770476e-15
3.2223942e-15
-3.0441459e-15
5.7570948e-15
-4.9783765e-15
9.7807361e-15
-7.9028954e-15
1.6038992e-14
-1.229212e-14
2.5631272e-14
-1.8840944e-14
4.0173887e-14
-2.8564832e-14
6.2036608e-14
-4.2944071e-14
9.4684536e-14
-6.4130764e-14
1.4317028e-13
-9.5244362e-14
2.1483937e-13
-1.40791e-13
3.2033593e-13
-2.0725413e-13
4.750274e-13
-3.0391892e-13
7.0100785e-13
-4.4401055e-13
1.0298898e-12
-6.4624584e-13
1.506654e-12
-9.3691591e-13
2.1948953e-12
-1.3526329e-12
3.1838707e-12
-1.9438803e-12
4.5978289e-12
-2.7795019e-12
6.6081579e-12
-3.9522496e-12
9.4489409e-12
-5.5854882e-12
1.3436557e-11
-7.8411489e-12
1.8994018e-11
-1.0929045e-11
2.6680843e-11
-1.5117744e-11
3.722943e-11
-2.0747329e-11
5.1589129e-11
-2.8244511e-11
7.0979545e-11
-3.8140696e-11
9.6954809e-11
-5.1093436e-11
1.3148099e-10
-6.7912127e-11
1.7702679e-10
-8.9584009e-11
2.3667633e-10
-1.1731728e-10
3.1425424e-10
-1.5256313e-10
4.1447565e-10
-1.9707071e-10
5.4312586e-10
-2.5292755e-10
7.0702342e-10
-3.22167e-10
-4.1132762e-10
9.1631126e-10
6.0634438e-17
-1.7428036e-16
2.9349376e-16
-6.6940723e-16
8.0415096e-16
-1.4681317e-15
1.7518045e-15
-2.7247049e-15
3.3749328e-15
-4.6672826e-15
6.0289278e-15
-7.6323886e-15
1.0241152e-14
-1.2115151e-14
1.6791325e-14
-1.8842348e-14
2.6828635e-14
-2.8878345e-14
4.2041924e-14
-4.377826e-14
6.490629e-14
-6.5808643e-14
9.9039268e-14
-9.8264041e-14
1.497133e-13
-1.4591883e-13
2.2458978e-13
-2.1566813e-13
3.3476476e-13
-3.1743015e-13
4.9624943e-13
-4.6540527e-13
7.3205018e-13
-6.79814e-13
1.0750653e-12
-9.8926505e-13
1.5720771e-12
-1.4339335e-12
2.2891875e-12
-2.069751e-12
3.3191193e-12
-2.973822e-12
4.7908768e-12
-4.2512721e-12
6.8823237e-12
-6.0437122e-12
9.8362915e-12
-8.5394751e-12
1.3980885e-11
-1.1985764e-11
1.9754715e-11
-1.6702898e-11
2.7737907e-11
-2.3100959e-11
3.8689904e-11
-3.1699348e-11
5.3595374e-11
-4.3150001e-11
7.371984e-11
-5.8265181e-11
1.0067695e-10
-7.8050557e-11
1.365097e-10
-1.0374489e-10
1.8378579e-10
-1.368601e-10
2.4571683e-10
-1.7924829e-10
3.2629316e-10
-2.3313941e-10
4.3043957e-10
-3.0121702e-10
5.6421406e-10
-3.8670188e-10
7.347855e-10
-4.9273821e-10
-6.2922118e-10
9.526794e-10
6.4117817e-17
-2.3839126e-16
3.1032795e-16
-9.1561378e-16
8.5019132e-16
-2.0079964e-15
1.8518629e-15
-3.7263795e-15
3.5671218e-15
-6.3825488e-15
6.3709923e-15
-1.0436275e-14
1.0819666e-14
-1.6563854e-14
1.7735006e-14
-2.5757742e-14
2.8327563e-14
-3.947099e-14
4.4375179e-14
-5.9826015e-14
6.8481575e-14
-8.9915251e-14
1.044495e-13
-1.3423228e-13
1.578171e-13
-1.9928688e-13
2.3662541e-13
-2.9447711e-13
3.5251068e-13
-4.3331644e-13
5.222491e-13
-6.351453e-13
7.6992487e-13
-9.2749231e-13
1.1299463e-12
-1.3492903e-12
1.6511981e-12
-1.9551909e-12
2.4026906e-12
-2.8212512e-12
3.4811419e-12
-4.0522834e-12
5.0210056e-12
-5.7911484e-12
7.2075242e-12
-8.2302463e-12
1.0293451e-11
-1.162542e-11
1.4620141e-11
-1.6312475e-11
2.0643792e-11
-2.2726572e-11
2.8967746e-11
-3.1424936e-11
4.038196e-11
-4.3113583e-11
5.5911067e-11
-5.8679129e-11
7.6872821e-11
-7.9226953e-11
1.0494903e-10
-1.0612678e-10
1.4227167e-10
-1.4106753e-10
1.9152374e-10
-1.8611216e-10
2.5606748e-10
-2.4379201e-10
3.4009127e-10
-3.1716314e-10
4.4877549e-10
-4.0990114e-10
5.8850742e-10
-5.2643364e-10
7.6690993e-10
-6.7114045e-10
-8.5722585e-10
9.9491494e-10
6.8369012e-17
-3.0675305e-16
3.3086514e-16
-1.178106e-15
9.0633764e-16
-2.5834698e-15
1.9738314e-15
-4.7938759e-15
3.8012737e-15
-8.2099977e-15
6.7874844e-15
-1.34225e-14
1.1523532e-14
-2.129993e-14
1.888216e-14
-3.3116422e-14
3.0147823e-14
-5.0736741e-14
4.7205279e-14
-7.6883611e-14
7.2812308e-14
-1.1552249e-13
1.1099276e-13
-1.7241304e-13
1.676008e-13
-2.5589538e-13
2.5112719e-13
-3.7800415e-13
3.7384518e-13
-5.560354e-13
5.5342874e-13
-8.1473038e-13
8.1522054e-13
-1.1892865e-12
1.1953827e-12
-1.7294562e-12
1.7452288e-12
-2.5050426e-12
2.5371109e-12
-3.613141e-12
3.6723132e-12
-5.1874958e-12
5.2914846e-12
-7.4103326e-12
7.5882173e-12
-1.0526994e-11
1.0826443e-11
-1.4863664e-11
1.5362399e-11
-2.084845e-11
2.1671994e-11
-2.9036188e-11
3.0384574e-11
-4.0137538e-11
4.2324308e-11
-5.5053339e-11
5.8560762e-11
-7.4915602e-11
8.0470661e-11
-1.0113687e-10
1.0981325e-10
-1.3546938e-10
1.4882233e-10
-1.8007662e-10
2.0031374e-10
-2.3760356e-10
2.6782513e-10
-3.1130336e-10
3.557776e-10
-4.0511554e-10
4.6965583e-10
-5.2377926e-10
6.1623781e-10
-6.7301547e-10
8.0370344e-10
-8.5860581e-10
-1.0969488e-09
1.0434267e-09
7.3446725e-17
-3.8019231e-16
3.5538966e-16
-1.4600447e-15
9.7336695e-16
-3.2014477e-15
2.1193924e-15
-5.9399032e-15
4.0806012e-15
-1.0171212e-14
7.2840786e-15
-1.662599e-14
1.2362259e-14
-2.6378137e-14
2.0248129e-14
-4.100234e-14
3.2313485e-14
-6.2802178e-14
5.0569174e-14
-9.5139431e-14
7.7954247e-14
-1.4290777e-13
1.1875204e-13
-2.1321113e-13
1.7918656e-13
-3.1633031e-13
2.682732e-13
-4.670914e-13
3.9902583e-13
-6.8678895e-13
5.9015832e-13
-1.0058643e-12
8.6846515e-13
-1.4675957e-12
1.2721229e-12
-2.1331177e-12
1.8552225e-12
-3.0881477e-12
2.6939186e-12
-4.4518448e-12
3.8946667e-12
-6.3882539e-12
5.6051001e-12
-9.1207783e-12
8.028182e-12
-1.2950091e-11
1.1440345e-11
-1.8275844e-11
1.6214414e-11
-2.5622538e-11
2.2848229e-11
-3.5670024e-11
3.2000052e-11
-4.9289382e-11
4.453212e-11
-6.7585426e-11
6.1564102e-11
-9.19476e-11
8.4538722e-11
-1.241115e-10
1.153023e-10
-1.6623296e-10
1.5620396e-10
-2.2097827e-10
2.1021052e-10
-2.9161009e-10
2.8106076e-10
-3.8215356e-10
3.7344462e-10
-4.9749932e-10
4.9320094e-10
-6.4353546e-10
6.4756253e-10
-8.2737691e-10
8.4536482e-10
-1.0564078e-09
-1.3500487e-09
1.098465e-09
7.9393454e-17
-4.5957808e-16
3.8410585e-16
-1.7647529e-15
1.0518365e-15
-3.869179e-15
2.2897537e-15
-7.1778225e-15
4.4074166e-15
-1.2288881e-14
7.8648746e-15
-2.0083462e-14
1.3342748e-14
-3.1856038e-14
2.1844109e-14
-4.9503751e-14
3.4842219e-14
-7.5800374e-14
5.4494173e-14
-1.1479152e-13
8.3948897e-14
-1.723627e-13
1.2778958e-13
-2.5705212e-13
1.9266662e-13
-3.8120779e-13
2.8819885e-13
-5.6262424e-13
4.2824959e-13
-8.2684059e-13
6.3272177e-13
-1.2103379e-12
9.3006431e-13
-1.7649404e-12
1.360741e-12
-2.5637978e-12
1.9819833e-12
-3.7093952e-12
2.8742287e-12
-5.3440976e-12
4.1497318e-12
-7.6637666e-12
5.9639255e-12
-1.0934984e-11
8.5301964e-12
-1.5516376e-11
1.2138831e-11
-2.1884494e-11
1.718099e-11
-3.0664715e-11
2.4178706e-11
-4.2667758e-11
3.3822107e-11
-5.8932802e-11
4.7015407e-11
-8.0778742e-11
6.4933617e-11
-1.0986582e-10
8.909255e-11
-1.4827044e-10
1.2143534e-10
-1.9857575e-10
1.6444003e-10
-2.6398295e-10
2.2124252e-10
-3.4841256e-10
2.9580869e-10
-4.5671969e-10
3.9313323e-10
-5.9482379e-10
5.1945805e-10
-7.6986017e-10
6.825348e-10
-9.9045354e-10
8.919439e-10
-1.2658167e-09
-1.6181687e-09
1.1600641e-09
8.62396e-17
-5.4580977e-16
4.1716056e-16
-2.0956694e-15
1.1421473e-15
-4.5941655e-15
2.4857819e-15
-8.5214582e-15
4.7833718e-15
-1.4586475e-14
8.5327842e-15
-2.3832886e-14
1.4469867e-14
-3.7793144e-14
2.367793e-14
-5.871186e-14
3.7746264e-14
-8.9868786e-14
5.8998974e-14
-1.3604436e-13
9.0824306e-14
-2.0418823e-13
1.3814679e-13
-3.043749e-13
2.0810135e-13
-4.5116276e-13
3.1099108e-13
-6.6551454e-13
4.616403e-13
-9.7749064e-13
6.8129373e-13
-1.4299926e-12
1.0002619e-12
-2.0839106e-12
1.461574e-12
-3.0251132e-12
2.1259723e-12
-4.3737985e-12
3.0786639e-12
-6.2967962e-12
4.4383372e-12
-9.0234492e-12
6.3690444e-12
-1.2865702e-11
9.095649e-12
-1.8242993e-11
1.292364e-11
-2.57125e-11
1.826424e-11
-3.6005331e-11
2.5665899e-11
-5.0069433e-11
3.5853515e-11
-6.9120433e-11
4.9777095e-11
-9.4702335e-11
6.8672094e-11
-1.2876083e-10
9.4134311e-11
-1.7373266e-10
1.2821309e-10
-2.3265453e-10
1.7352848e-10
-3.0929832e-10
2.334027e-10
-4.0828674e-10
3.1205391e-10
-5.3537084e-10
4.1481515e-10
-6.9758496e-10
5.4837684e-10
-9.0342176e-10
7.2106996e-10
-1.1631466e-09
9.4329612e-10
-1.4880426e-09
-1.9028528e-09
1.2279804e-09
9.3993201e-17
-6.3979487e-16
4.5459254e-16
-2.4562642e-15
1.2444029e-15
-5.3839752e-15
2.7076981e-15
-9.984754e-15
5.2088822e-15
-1.7087663e-14
9.2885255e-15
-2.7912539e-14
1.5744786e-14
-4.4249427e-14
2.5751422e-14
-6.8718538e-14
4.1028373e-14
-1.0514581e-13
6.4087599e-14
-1.5910371e-13
9.8586178e-14
-2.38687e-13
1.4983155e-13
-3.5562054e-13
2.2550129e-13
-5.2683289e-13
3.3666346e-13
-7.7667726e-13
4.9921466e-13
-1.1400426e-12
7.3589333e-13
-1.6666724e-12
1.0790772e-12
-2.4270963e-12
1.5746363e-12
-3.5206753e-12
2.2871883e-12
-5.0863551e-12
3.3071881e-12
-7.3168025e-12
4.7603775e-12
-1.0476647e-11
6.8202242e-12
-1.492556e-11
9.7240829e-12
-2.1146864e-11
1.3793934e-11
-2.9782365e-11
1.9462702e-11
-4.1674113e-11
2.730735e-11
-5.7914095e-11
3.8090254e-11
-7.9903349e-11
5.2810772e-11
-1.0942286e-10
7.2769526e-11
-1.4871959e-10
9.9648652e-11
-2.0061178e-10
1.3561229e-10
-2.6861815e-10
1.8343408e-10
-3.5712009e-10
2.4663769e-10
-4.7149031e-10
3.2971776e-10
-6.1845086e-10
4.3837301e-10
-8.0624016e-10
5.7978157e-10
-1.0448302e-09
7.6290699e-10
-1.3462719e-09
9.9903517e-10
-1.7241706e-09
-2.2054496e-09
1.3016321e-09
1.0263531e-16
-7.4242186e-16
4.9630919e-16
-2.8499332e-15
1.3583489e-15
-6.2460137e-15
2.9549455e-15
-1.1581351e-14
5.6828686e-15
-1.9815588e-14
1.0130158e-14
-3.2359837e-14
1.7164186e-14
-5.1283474e-14
2.8059091e-14
-7.9613482e-14
4.4679687e-14
-1.2176648e-13
6.9746013e-14
-1.8417015e-13
1.072126e-13
-2.7615376e-13
1.6280999e-13
-4.112182e-13
2.4481457e-13
-6.0883783e-13
3.6513715e-13
-8.9700033e-13
5.4085344e-13
-1.3157596e-12
7.9634116e-13
-1.9221611e-12
1.1662414e-12
-2.7969982e-12
1.6995267e-12
-4.0539632e-12
2.465035e-12
-5.8518675e-12
3.5589175e-12
-8.410691e-12
5.1145471e-12
-1.2032285e-11
7.3155415e-12
-1.7126564e-11
1.0412673e-11
-2.4244007e-11
1.4745578e-11
-3.4115281e-11
2.077034e-11
-4.7698887e-11
2.9094283e-11
-6.6238049e-11
4.0519618e-11
-9.1328692e-11
5.6098115e-11
-1.2500137e-10
7.7199618e-11
-1.6982109e-10
1.0559802e-10
-2.2901019e-10
1.4357929e-10
-3.065994e-10
1.9407943e-10
-4.0762021e-10
2.608362e-10
-5.3824705e-10
3.4864218e-10
-7.0625679e-10
4.6357815e-10
-9.2117607e-10
6.1334015e-10
-1.1945922e-09
8.0756368e-10
-1.5404954e-09
1.0584788e-09
-1.9750856e-09
-2.5274253e-09
1.3804546e-09
1.1211205e-16
-8.5452533e-16
5.4204993e-16
-3.279866e-15
1.4832716e-15
-7.1872336e-15
3.2259705e-15
-1.3324048e-14
6.2023403e-15
-2.2791959e-14
1.1052344e-14
-3.7209847e-14
1.8719005e-14
-5.8950152e-14
3.0586101e-14
-9.1480611e-14
4.8676532e-14
-1.3985697e-13
7.5937184e-14
-2.1143091e-13
1.1664651e-13
-3.1686324e-13
1.7699527e-13
-4.7156719e-13
2.6591026e-13
-6.9775315e-13
3.9621633e-13
-1.0273068e-12
5.8626581e-13
-1.5058096e-12
8.622078e-13
-2.198104e-12
1.2611238e-12
-3.1959155e-12
1.8353232e-12
-4.6281648e-12
2.6581703e-12
-6.674718e-12
3.8319073e-12
-9.584433e-12
5.4980389e-12
-1.3698423e-11
7.8509599e-12
-1.9479493e-11
1.1155638e-11
-2.7548693e-11
1.5770317e-11
-3.8729969e-11
2.2175416e-11
-5.4103993e-11
3.1010057e-11
-7.5072697e-11
4.3118091e-11
-1.0343673e-10
5.9605994e-11
-1.4148927e-10
8.1915835e-11
-1.9213093e-10
1.1191752e-10
-2.5901187e-10
1.5202379e-10
-3.4670566e-10
2.0533449e-10
-4.6093087e-10
2.7581778e-10
-6.0873029e-10
3.6857125e-10
-7.9901021e-10
4.9006642e-10
-1.0426712e-09
6.4853073e-10
-1.3530564e-09
8.5428391e-10
-1.7462486e-09
1.1205029e-09
-2.2413045e-09
-2.8694212e-09
1.4624989e-09
1.2232548e-16
-9.7684205e-16
5.9134156e-16
-3.7488768e-15
1.6178769e-15
-8.2137666e-15
3.5179594e-15
-1.5224129e-14
6.7618903e-15
-2.6035891e-14
1.2045454e-14
-4.2493416e-14
2.0392951e-14
-6.7297663e-14
3.3305854e-14
-1.0439354e-13
5.2976629e-14
-1.595278e-13
8.2595246e-14
-2.4104962e-13
1.2678689e-13
-3.6105504e-13
1.9223439e-13
-5.3701491e-13
2.8855899e-13
-7.9407805e-13
4.2956001e-13
-1.1683082e-12
6.3494851e-13
-1.7111986e-12
9.3275517e-13
-2.4959113e-12
1.362648e-12
-3.6258094e-12
1.9804639e-12
-5.2459823e-12
2.8643388e-12
-7.5585956e-12
4.122915e-12
-1.0843013e-11
5.9062118e-12
-1.5481725e-11
8.4198655e-12
-2.1993153e-11
1.1943591e-11
-3.1072425e-11
1.6854887e-11
-4.3641271e-11
2.3659252e-11
-6.0908362e-11
3.3028473e-11
-8.4441921e-11
4.5849038e-11
-1.162573e-10
6.3283303e-11
-1.5892353e-10
8.6846982e-11
-2.156946e-10
1.1850869e-10
-2.9067357e-10
1.6081636e-10
-3.8901331e-10
2.1701291e-10
-5.1712738e-10
2.9131139e-10
-6.8302872e-10
3.8913506e-10
-8.9683384e-10
5.1731435e-10
-1.1708505e-09
6.8461053e-10
-1.5203525e-09
9.0199934e-10
-1.9636373e-09
1.1834919e-09
-2.5227969e-09
-3.2307559e-09
1.5448266e-09
1.3312836e-16
-1.1099615e-15
6.4347283e-16
-4.2592159e-15
1.7602198e-15
-9.3305108e-15
3.8266854e-15
-1.7290593e-14
7.3533989e-15
-2.9562604e-14
1.3095034e-14
-4.8235054e-14
2.2161569e-14
-7.636421e-14
3.6178448e-14
-1.1841045e-13
5.7516577e-14
-1.8086598e-13
8.962147e-14
-2.731546e-13
1.3748241e-13
-4.0891612e-13
2.0829827e-13
-6.0783096e-13
3.1241756e-13
-8.9819762e-13
4.6465844e-13
-1.3205494e-12
6.8614996e-13
-1.9326905e-12
1.0068824e-12
-2.8166442e-12
1.4692111e-12
-4.0881388e-12
2.1326281e-12
-5.9094006e-12
3.0801982e-12
-8.5061677e-12
4.427152e-12
-1.218997e-11
6.3322386e-12
-1.7386816e-11
9.0125715e-12
-2.467349e-11
1.2762851e-11
-3.4822709e-11
1.7980053e-11
-4.8858476e-11
2.5194919e-11
-6.8123229e-11
3.5111972e-11
-9.4358971e-11
4.8660254e-11
-1.2980557e-10
6.7057665e-11
-1.7732093e-10
9.1892581e-11
-2.4052951e-10
1.2522846e-10
-3.2400943e-10
1.6974383e-10
-4.3352865e-10
2.2884177e-10
-5.762253e-10
3.0695461e-10
-7.6114153e-10
4.0979134e-10
-9.9967052e-10
5.4460974e-10
-1.3056689e-09
7.2058925e-10
-1.696332e-09
9.493139e-10
-2.192362e-09
1.24551e-09
-2.8189928e-09
-3.6105345e-09
1.6252888e-09
1.443076e-16
-1.2542602e-15
6.9741379e-16
-4.8123166e-15
1.9074844e-15
-1.0540578e-14
4.1460326e-15
-1.9529138e-14
7.9651298e-15
-3.3381699e-14
1.4180218e-14
-5.4450144e-14
2.3989622e-14
-8.6173623e-14
3.9146499e-14
-1.3356735e-13
6.2205407e-14
-2.0392493e-13
9.6874578e-14
-3.0782385e-13
1.4851716e-13
-4.6055883e-13
2.2486116e-13
-6.8417514e-13
3.3699967e-13
-1.0103364e-12
5.0079205e-13
-1.4843421e-12
7.3881351e-13
-2.1707123e-12
1.0830481e-12
-3.1608791e-12
1.5785779e-12
-4.583669e-12
2.2885919e-12
-6.6194153e-12
3.3011225e-12
-9.5186995e-12
4.7380121e-12
-1.3626862e-11
6.7667314e-12
-1.9415538e-11
9.6157995e-12
-2.7522561e-11
1.3594728e-11
-3.8801639e-11
1.9119622e-11
-5.438337e-11
2.6745878e-11
-7.5749481e-11
3.7209797e-11
-1.0482288e-10
5.1481524e-11
-1.4407729e-10
7.0832447e-11
-1.9667185e-10
9.6921237e-11
-2.6661829e-10
1.3190158e-10
-3.5898975e-10
1.7854102e-10
-4.8016805e-10
2.404359e-10
-6.3812015e-10
3.2228673e-10
-8.4299233e-10
4.299655e-10
-1.1073493e-09
5.7106233e-10
-1.4467657e-09
7.5520393e-10
-1.8804735e-09
9.9446271e-10
-2.4316208e-09
1.3041125e-09
-3.1286425e-09
-4.0069604e-09
1.7005385e-09
1.5559142e-16
-1.4098425e-15
7.518527e-16
-5.4085723e-15
2.0560857e-15
-1.1844807e-14
4.4682124e-15
-2.1941261e-14
8.5821257e-15
-3.7495609e-14
1.527439e-14
-6.1142408e-14
2.5832102e-14
-9.6731339e-14
4.2136602e-14
-1.4987187e-13
6.6926546e-14
-2.2871491e-13
1.0417316e-13
-3.4507052e-13
1.5961325e-13
-5.1599902e-13
2.4150274e-13
-7.6606476e-13
3.6167612e-13
-1.1305099e-12
5.3702715e-13
-1.6596933e-12
7.9156413e-13
-2.4252494e-12
1.159241e-12
-3.5285561e-12
1.6878252e-12
-5.1122531e-12
2.4441325e-12
-7.3757226e-12
3.5210464e-12
-1.0595614e-11
5.0468342e-12
-1.515265e-11
7.1973904e-12
-2.1566095e-11
1.0212177e-11
-3.0537348e-11
1.441481e-11
-4.3004271e-11
2.0239464e-11
-6.0208021e-11
2.826462e-11
-8.377463e-11
3.9256068e-11
-1.1581432e-10
5.422172e-11
-1.5904293e-10
7.4481425e-11
-2.1693154e-10
1.0175563e-10
-2.9389248e-10
1.3827637e-10
-3.9551048e-10
1.8693014e-10
-5.2882179e-10
2.5147083e-10
-7.026608e-10
3.3671255e-10
-9.2823402e-10
4.4878428e-10
-1.219421e-09
5.9553129e-10
-1.5935127e-09
7.8688994e-10
-2.0718322e-09
1.0352816e-09
-2.6800124e-09
1.3563089e-09
-3.4496698e-09
-4.4170894e-09
1.766438e-09
1.6660543e-16
-1.5764389e-15
8.0497933e-16
-6.0469404e-15
2.2010754e-15
-1.3240898e-14
4.7824856e-15
-2.4522666e-14
9.183799e-15
-4.1896918e-14
1.6340999e-14
-6.8299603e-14
2.7627377e-14
-1.0801772e-13
4.5048588e-14
-1.6729308e-13
7.1521563e-14
-2.5518791e-13
1.112718e-13
-3.848208e-13
1.7039672e-13
-5.75124e-13
2.5766067e-13
-8.533288e-13
3.856105e-13
-1.2584598e-12
5.721311e-13
-1.8462139e-12
8.4259941e-13
-2.6957176e-12
1.2328437e-12
-3.9188001e-12
1.7931746e-12
-5.6725835e-12
2.593825e-12
-8.1763722e-12
3.7322203e-12
-1.1734008e-11
5.3425995e-12
-1.6763028e-11
7.6086219e-12
-2.3832116e-11
1.0779741e-11
-3.3708466e-11
1.5192311e-11
-4.7416836e-11
2.1296637e-11
-6.6312341e-11
2.9691544e-11
-9.2169524e-11
4.116846e-11
-1.2729122e-10
5.6767681e-11
-1.7464213e-10
7.7850102e-11
-2.3801394e-10
1.0618849e-10
-3.2223085e-10
1.4408335e-10
-4.3340531e-10
1.9451372e-10
-5.7925214e-10
2.6134076e-10
-7.6948781e-10
3.4948655e-10
-1.0163798e-09
4.6525327e-10
-1.3351877e-09
6.1664884e-10
-1.7449083e-09
8.1377531e-10
-2.2689586e-09
1.0692012e-09
-2.9354382e-09
1.3985762e-09
-3.7790447e-09
-4.8366902e-09
1.8181773e-09
1.7694063e-16
-1.7533706e-15
8.5482363e-16
-6.7248176e-15
2.3370724e-15
-1.4723141e-14
5.0771586e-15
-2.7262747e-14
9.7476785e-15
-4.6567431e-14
1.7340013e-14
-7.5891932e-14
2.9307668e-14
-1.1998537e-13
4.7771727e-14
-1.8575714e-13
7.5814268e-14
-2.8323045e-13
1.1789568e-13
-4.2690223e-13
1.8044552e-13
-6.3767387e-13
2.7269477e-13
-9.4557809e-13
4.0784148e-13
-1.3936065e-12
6.0467261e-13
-2.043045e-12
8.898045e-13
-2.9808492e-12
1.3007529e-12
-4.3297479e-12
1.8901031e-12
-6.2619327e-12
2.7311206e-12
-9.0173882e-12
3.9252261e-12
-1.2928112e-11
5.6118548e-12
-1.8449655e-11
7.9813369e-12
-2.6201595e-11
1.1291579e-11
-3.7018704e-11
1.5889524e-11
-5.2014774e-11
2.2238615e-11
-7.2661422e-11
3.095388e-11
-1.0088477e-10
4.2846693e-11
-1.3918402e-10
5.8981945e-11
-1.9077736e-10
8.0751008e-11
-2.5978298e-10
1.0996471e-10
-3.5144454e-10
1.4897171e-10
-4.7241229e-10
2.0081069e-10
-6.3109109e-10
2.6940084e-10
-8.3807794e-10
3.5973801e-10
-1.1067169e-09
4.7819369e-10
-1.4536433e-09
6.3281589e-10
-1.8995305e-09
8.3368708e-10
-2.4698298e-09
1.0932652e-09
-3.1950162e-09
1.4269001e-09
-4.1126794e-09
-5.2601356e-09
1.8503457e-09
1.8598444e-16
-1.9393461e-15
8.9841715e-16
-7.4372445e-15
2.4559619e-15
-1.628068e-14
5.3346369e-15
-3.0141415e-14
1.0240092e-14
-5.1472879e-14
1.8211793e-14
-8.3863624e-14
3.0772709e-14
-1.3254627e-13
5.014364e-14
-2.0512807e-13
7.9548918e-14
-3.1263573e-13
1.2365061e-13
-4.7100393e-13
1.8916238e-13
-7.0318564e-13
2.8571266e-13
-1.0421284e-12
4.2705128e-13
-1.5349451e-12
6.3272492e-13
-2.2487184e-12
9.303859e-13
-3.2785098e-12
1.3589476e-12
-4.7583088e-12
1.972858e-12
-6.8758416e-12
2.8478309e-12
-9.8923591e-12
4.088457e-12
-1.4168735e-11
5.8382082e-12
-2.0199403e-11
8.292466e-12
-2.8655848e-11
1.1715346e-11
-4.0441577e-11
1.6461284e-11
-5.6760703e-11
2.3002628e-11
-7.9202752e-11
3.1964821e-11
-1.0984695e-10
4.4171314e-11
-1.5139049e-10
6.0700897e-11
-2.0730692e-10
8.2960892e-11
-2.8204295e-10
1.127803e-10
-3.8126393e-10
1.5252787e-10
-5.1215985e-10
2.0526114e-10
-6.8382433e-10
2.7490695e-10
-9.0772374e-10
3.6646055e-10
-1.1982706e-09
4.8625112e-10
-1.5734339e-09
6.4221105e-10
-2.0554905e-09
8.4417577e-10
-2.6717944e-09
1.1041772e-09
-3.4550175e-09
1.4368537e-09
-4.4453559e-09
-5.6803278e-09
1.8570461e-09
1.9326601e-16
-2.1326032e-15
9.3350597e-16
-8.1774777e-15
2.5515875e-15
-1.7898756e-14
5.5415106e-15
-3.3131332e-14
1.063516e-14
-5.656652e-14
1.8909962e-14
-9.2138416e-14
3.1943396e-14
-1.455797e-13
5.2033963e-14
-2.2521862e-13
8.2515962e-14
-3.4311772e-13
1.2820595e-13
-5.166939e-13
1.9603292e-13
-7.7101259e-13
2.9592291e-13
-1.1420183e-12
4.4203322e-13
-1.6810553e-12
6.5446246e-13
-2.4611474e-12
9.6160155e-13
-3.5856483e-12
1.4033386e-12
-5.2000449e-12
2.0353872e-12
-7.5078884e-12
2.9350733e-12
-1.0792042e-11
4.2089945e-12
-1.5442652e-11
6.0030524e-12
-2.1993455e-11
8.5154679e-12
-3.1168257e-11
1.2013531e-11
-4.3939631e-11
1.6855024e-11
-6.1602184e-11
2.351554e-11
-8.5863251e-11
3.2623273e-11
-1.1895466e-10
4.5003372e-11
-1.6377056e-10
6.1734522e-11
-2.2403805e-10
8.4221047e-11
-3.0452945e-10
1.1428432e-10
-4.1132719e-10
1.542777e-10
-5.5215321e-10
2.072287e-10
-7.3677531e-10
2.7700782e-10
-9.7750285e-10
3.6851573e-10
-1.2897785e-09
4.8790854e-10
-1.6928267e-09
6.4281721e-10
-2.2103991e-09
8.4256458e-10
-2.8715417e-09
1.0983853e-09
-3.710838e-09
1.4237294e-09
-4.7706999e-09
-6.0886625e-09
1.8320645e-09
1.9771687e-16
-2.3303116e-15
9.5488987e-16
-8.934644e-15
2.6097294e-15
-1.9553591e-14
5.6669987e-15
-3.6188594e-14
1.0874165e-14
-6.1773677e-14
1.9330999e-14
-1.0059524e-13
3.2646728e-14
-1.5889541e-13
5.3164566e-14
-2.4573644e-13
8.4281211e-14
-3.7423434e-13
1.3089943e-13
-5.633121e-13
2.0006602e-13
-8.4017913e-13
3.0186586e-13
-1.2438181e-12
4.5066711e-13
-1.8298564e-12
6.6684264e-13
-2.6773226e-12
9.7913106e-13
-3.8979361e-12
1.4278458e-12
-5.6487584e-12
2.0691946e-12
-8.1492353e-12
2.9810347e-12
-1.170388e-11
4.2704581e-12
-1.6732072e-11
6.0836898e-12
-2.3806681e-11
8.6188787e-12
-3.3703438e-11
1.2142501e-11
-4.7463243e-11
1.7010276e-11
-6.6469945e-11
2.369375e-11
-9.2546705e-11
3.2814073e-11
-1.2807496e-10
4.5184966e-11
-1.7614143e-10
6.1867396e-11
-2.4072045e-10
8.4239012e-11
-3.2690105e-10
1.1408164e-10
-4.411698e-10
1.5368998e-10
-5.9176154e-10
2.0600332e-10
-7.8908862e-10
2.7475773e-10
-1.0462573e-09
3.6464984e-10
-1.3796706e-09
4.8151295e-10
-1.8096898e-09
6.3246702e-10
-2.3613532e-09
8.2602641e-10
-3.065101e-09
1.0722094e-09
-3.9570207e-09
1.3827284e-09
-5.0812189e-09
-6.4750218e-09
1.7690881e-09
1.9921335e-16
-2.5295172e-15
9.6206017e-16
-9.6974846e-15
2.6290447e-15
-2.1220571e-14
5.7080368e-15
-3.9267579e-14
1.0950626e-14
-6.7016257e-14
1.9461858e-14
-1.0910646e-13
3.2857397e-14
-1.7229094e-13
5.3487758e-14
-2.6636679e-13
8.4756905e-14
-4.0550346e-13
1.3157284e-13
-6.10128e-13
2.0098154e-13
-9.0958778e-13
3.0305374e-13
-1.3458902e-12
4.5211708e-13
-1.9789195e-12
6.6845576e-13
-2.8936609e-12
9.8063552e-13
-4.2101151e-12
1.4286553e-12
-6.0967769e-12
2.068177e-12
-8.7887549e-12
2.9761436e-12
-1.2611843e-11
4.2581573e-12
-1.801408e-11
6.0580674e-12
-2.5606585e-11
8.5703031e-12
-3.6215665e-11
1.2055606e-11
-5.0948534e-11
1.6860987e-11
-7.1275311e-11
2.3444992e-11
-9.913069e-11
3.2409691e-11
-1.3703964e-10
4.4541255e-11
-1.8827297e-10
6.0861415e-11
-2.5704059e-10
8.269246e-11
-3.4873207e-10
1.1173838e-10
-4.7021571e-10
1.501841e-10
-6.3020724e-10
2.0081255e-10
-8.3971705e-10
2.6713473e-10
-1.1125794e-09
3.5352042e-10
-1.4660563e-09
4.6531601e-10
-1.9214853e-09
6.089073e-10
-2.5049444e-09
7.9168969e-10
-3.2478832e-09
1.0220117e-09
-4.1873424e-09
1.309193e-09
-5.3684001e-09
-6.8277734e-09
1.661945e-09
1.954994e-16
-2.7250096e-15
9.4393962e-16
-1.0445919e-14
2.579156e-15
-2.2855782e-14
5.5989574e-15
-4.2287374e-14
1.0739749e-14
-7.215704e-14
1.9083769e-14
-1.1745047e-13
3.2212559e-14
-1.8541971e-13
5.2425757e-14
-2.8657996e-13
8.3051676e-14
-4.3612935e-13
1.2888609e-13
-6.5596237e-13
1.9680882e-13
-9.7751044e-13
2.9664485e-13
-1.4457261e-12
4.4235877e-13
-2.1246332e-12
6.5369843e-13
-3.1050001e-12
9.5843702e-13
-4.5148529e-12
1.3954014e-12
-6.5337399e-12
2.0185188e-12
-9.4118701e-12
2.9021639e-12
-1.3495484e-11
4.1481421e-12
-1.9260053e-11
5.894711e-12
-2.7353146e-11
8.3281224e-12
-3.8649067e-11
1.1697274e-11
-5.4317672e-11
1.6332218e-11
-7.5910238e-11
2.2667484e-11
-1.0546594e-10
3.127147e-11
-1.456436e-10
4.2883521e-11
-1.9988499e-10
5.8460665e-11
-2.7261772e-10
7.9236148e-11
-3.6950754e-10
1.0679157e-10
-4.9777112e-10
1.431432e-10
-6.6655886e-10
1.9084024e-10
-8.8741408e-10
2.5306717e-10
-1.1748063e-09
3.337339e-10
-1.5467231e-09
4.3752865e-10
-2.02528e-09
5.6988179e-10
-2.6372974e-09
7.3677513e-10
-3.4147764e-09
9.4443689e-10
-4.3950038e-09
1.1989376e-09
-5.6229007e-09
-7.1339273e-09
1.5050921e-09
1.880939e-16
-2.9130976e-15
9.08222e-16
-1.1166042e-14
2.4813421e-15
-2.4428898e-14
5.3855723e-15
-4.5191598e-14
1.0327545e-14
-7.7099004e-14
1.8344671e-14
-1.2546758e-13
3.0951226e-14
-1.9802625e-13
5.0346175e-14
-3.0597489e-13
7.9707524e-14
-4.6549067e-13
1.2360712e-13
-6.9986192e-13
1.885919e-13
-1.0424952e-12
2.8399334e-13
-1.5411274e-12
4.2304648e-13
-2.2636862e-12
6.2442479e-13
-3.3063781e-12
9.1432655e-13
-4.804754e-12
1.329283e-12
-6.948695e-12
1.9198974e-12
-1.0002482e-11
2.7557676e-12
-1.4331351e-11
3.9318875e-12
-2.0436168e-11
5.5768742e-12
-2.8998126e-11
7.8634229e-12
-4.0935606e-11
1.1021468e-11
-5.7475705e-11
1.5354658e-11
-8.0243411e-11
2.1260928e-11
-1.1137219e-10
2.9258245e-11
-1.5364089e-10
4.0016861e-11
-2.1064359e-10
5.4399664e-11
-2.870005e-10
7.3512131e-11
-3.8861999e-10
9.8762728e-11
-5.2302171e-10
1.3193291e-10
-6.9972904e-10
1.7525233e-10
-9.3073348e-10
2.3146888e-10
-1.2310229e-09
3.0389342e-10
-1.6191477e-09
3.9638619e-10
-2.1177727e-09
5.1322432e-10
-2.7541354e-09
6.5875767e-10
-3.5603096e-09
8.3680463e-10
-4.5730504e-09
1.0492683e-09
-5.8353641e-09
-7.3797127e-09
1.2950542e-09
1.7252993e-16
-3.0856229e-15
8.3277329e-16
-1.1826282e-14
2.2746439e-15
-2.5870765e-14
4.9358682e-15
-4.7852817e-14
9.4630186e-15
-8.1626146e-14
1.6804748e-14
-1.328093e-13
2.8344853e-14
-2.0956634e-13
4.6091384e-14
-3.237214e-13
7.2944193e-14
-4.9234345e-13
1.1307147e-13
-7.3998915e-13
1.7243662e-13
-1.1018602e-12
2.5953052e-13
-1.6282212e-12
3.8638162e-13
-2.390537e-12
5.6993699e-13
-3.489933e-12
8.3393231e-13
-5.0687485e-12
1.2113955e-12
-7.3261568e-12
1.7479585e-12
-1.0539043e-11
2.5061804e-12
-1.508957e-11
3.5711163e-12
-2.1501099e-11
5.0573989e-12
-3.0484402e-11
7.1181415e-12
-4.2996339e-11
9.9560367e-12
-6.0313588e-11
1.383712e-11
-8.412448e-11
1.9107811e-11
-1.1664286e-10
2.6216016e-11
-1.6074908e-10
3.5737284e-11
-2.2016483e-10
4.8407036e-11
-2.9967024e-10
6.5159684e-11
-4.0537263e-10
8.7174428e-11
-5.4503646e-10
1.1592547e-10
-7.2848008e-10
1.5323041e-10
-9.6803842e-10
2.0128424e-10
-1.2790767e-09
2.6265673e-10
-1.6805202e-09
3.4021808e-10
-2.1953339e-09
4.3693447e-10
-2.8508516e-09
5.5544858e-10
-3.6788234e-09
6.9738641e-10
-4.7149877e-09
8.6110368e-10
-5.9990811e-09
-7.5504784e-09
1.0318696e-09
1.571364e-16
-3.2427563e-15
7.5844432e-16
-1.2427587e-14
2.0713766e-15
-2.7183695e-14
4.4938548e-15
-5.0275291e-14
8.6130819e-15
-8.5745368e-14
1.5289658e-14
-1.3948587e-13
2.577739e-14
-2.2005406e-13
4.1893198e-14
-3.3983719e-13
6.6256871e-14
-5.1670709e-13
1.0262754e-13
-7.7635976e-13
1.5637286e-13
-1.1556055e-12
2.3511861e-13
-1.7069668e-12
3.4964058e-13
-2.5050587e-12
5.1507748e-13
-3.6553695e-12
7.5256286e-13
-5.3062332e-12
1.0913941e-12
-7.664987e-12
1.5718771e-12
-1.1019524e-11
2.2490022e-12
-1.5766692e-11
3.1971252e-12
-2.2449218e-11
4.515835e-12
-3.1803105e-11
6.3372124e-12
-4.4817708e-11
8.8347068e-12
-6.2811071e-11
1.2233922e-11
-8.7523681e-11
1.6825694e-11
-1.2123461e-10
2.2981965e-11
-1.6690533e-10
3.1175039e-11
-2.2835789e-10
4.2000694e-11
-3.1049588e-10
5.6205109e-11
-4.1957705e-10
7.4714264e-11
-5.6354562e-10
9.8661875e-11
-7.524277e-10
1.2940766e-10
-9.9878421e-10
1.6853114e-10
-1.3182002e-09
2.1777771e-10
-1.7297668e-09
2.7892366e-10
-2.2564797e-09
3.5351781e-10
-2.9254454e-09
4.4246196e-10
-3.7677672e-09
5.4552876e-10
-4.8180539e-09
6.6065679e-10
-6.1142087e-09
-7.6908138e-09
8.0099256e-10
1.2230007e-16
-3.3650556e-15
5.9012756e-16
-1.2895414e-14
1.6110094e-15
-2.8204574e-14
3.4930793e-15
-5.2157358e-14
6.6900474e-15
-8.8942331e-14
1.1865202e-14
-1.4466101e-13
1.9982153e-14
-2.28171e-13
3.2432827e-14
-3.5228784e-13
5.1217013e-14
-5.3549125e-13
7.9192608e-14
-8.0433531e-13
1.204219e-13
-1.1968347e-12
1.8064675e-13
-1.7671915e-12
2.6793451e-13
-2.5923463e-12
3.9354642e-13
-3.780981e-12
5.7309052e-13
-5.4857766e-12
8.280309e-13
-7.9199262e-12
1.187632e-12
-1.1379124e-11
1.6914203e-12
-1.6270478e-11
2.3922419e-12
-2.3150036e-11
3.3599889e-12
-3.2770847e-11
4.6860522e-12
-4.6143764e-11
6.4885526e-12
-6.4613562e-11
8.9184046e-12
-8.9953522e-11
1.2166285e-11
-1.2448248e-10
1.6470603e-11
-1.7120964e-10
2.2126522e-11
-2.340138e-10
2.9495822e-11
-3.1786517e-10
3.9016677e-11
-4.290979e-10
5.1210894e-11
-5.7573985e-10
6.668349e-11
-7.6790031e-10
8.6105234e-11
-1.018206e-09
1.1016312e-10
-1.3422581e-09
1.3945723e-10
-1.7590608e-09
1.7431677e-10
-2.291339e-09
2.1450554e-10
-2.9656338e-09
2.5879167e-10
-3.8120529e-09
3.045303e-10
-4.863792e-09
3.4722404e-10
-6.1569018e-09
-7.7271856e-09
3.8359523e-10
7.95419e-17
-3.4445987e-15
3.8342051e-16
-1.3199293e-14
1.0457488e-15
-2.8866901e-14
2.2650868e-15
-5.3376695e-14
4.3327426e-15
-9.1009985e-14
7.6728382e-15
-1.480011e-13
1.2898675e-14
-2.3339682e-13
2.0891555e-14
-3.6028071e-13
3.2910222e-14
-5.4750989e-13
5.0741626e-14
-8.2216666e-13
7.6906636e-14
-1.2229996e-12
1.1493764e-13
-1.8052223e-12
1.6974821e-13
-2.6471565e-12
2.4811762e-13
-3.8593499e-12
3.5931386e-13
-5.5969721e-12
5.1587645e-13
-8.0764877e-12
7.345726e-13
-1.1597818e-11
1.0375253e-12
-1.6573428e-11
1.4534879e-12
-2.3565995e-11
2.0192072e-12
-3.3336562e-11
2.7807798e-12
-4.690533e-11
3.7948661e-12
-6.5627641e-11
5.1295936e-12
-9.1288239e-11
6.864936e-12
-1.2621781e-10
9.0922788e-12
-1.7343697e-10
1.1912689e-11
-2.368342e-10
1.5432984e-11
-3.2138547e-10
1.9757804e-11
-4.3342273e-10
2.4974276e-11
-5.8095634e-10
3.1123184e-11
-7.7404925e-10
3.8146635e-11
-1.0252294e-09
4.5797455e-11
-1.349909e-09
5.3491205e-11
-1.7667545e-09
6.0080567e-11
-2.297928e-09
6.3532391e-11
-2.9690852e-09
6.0438619e-11
-3.8089588e-09
4.5584916e-11
-4.8489381e-09
1.115609e-11
-6.1224715e-09
-7.6641692e-09
-5.1859106e-11
3.2690725e-17
-3.4772929e-15
1.571971e-16
-1.3323801e-14
4.2743558e-16
-2.9137141e-14
9.2208197e-16
-5.3871342e-14
1.7546747e-15
-9.1842578e-14
3.0873737e-15
-1.493338e-13
5.1495005e-15
-2.3545895e-13
8.2621439e-15
-3.6339334e-13
1.28702e-14
-5.5211791e-13
1.9583057e-14
-8.2887946e-13
2.9224523e-14
-1.2326409e-12
4.2891099e-14
-1.8188887e-12
6.2014753e-14
-2.6662799e-12
8.8421028e-14
-3.8857557e-12
1.2436435e-13
-5.6329147e-12
1.7250807e-13
-8.1246304e-12
2.3579532e-13
-1.1661104e-11
3.1712559e-13
-1.6654756e-11
4.1870975e-13
-2.3667576e-11
5.4092128e-13
-3.345877e-11
6.8039412e-13
-4.7044798e-11
8.2703846e-13
-6.5774279e-11
9.5955659e-13
-9.1420751e-11
1.038933e-12
-1.2629718e-10
9.9921506e-13
-1.7339725e-10
7.3461533e-13
-2.365696e-10
8.1419189e-14
-3.2073228e-10
-1.2078229e-12
-4.3213351e-10
-3.5020224e-12
-5.7866217e-10
-7.3479758e-12
-7.7020333e-10
-1.355575e-11
-1.0190217e-09
-2.3327175e-11
-1.3401375e-09
-3.844388e-11
-1.7516376e-09
-6.1526188e-11
-2.2748453e-09
-9.6351939e-11
-2.9342591e-09
-1.4843091e-10
-3.7568795e-09
-2.2546302e-10
-4.7719054e-09
-3.3811485e-10
-6.0098199e-09
-7.5034363e-09
-4.9884653e-10
-1.9268464e-17
-3.4580301e-15
-9.3797432e-17
-1.3249276e-14
-2.5859829e-16
-2.8972342e-14
-5.6767577e-16
-5.3562267e-14
-1.1039543e-15
-9.1306301e-14
-1.9943098e-15
-1.4844345e-13
-3.4323057e-15
-2.3402095e-13
-5.7125439e-15
-3.6111309e-13
-9.2824995e-15
-5.4854793e-13
-1.4820629e-14
-8.2334127e-13
-2.335387e-14
-1.2241076e-12
-3.643403e-14
-1.8058084e-12
-5.6401908e-14
-2.6463117e-12
-8.6781451e-14
-3.8553757e-12
-1.328655e-13
-5.5868299e-12
-2.025815e-13
-8.0549133e-12
-3.0776239e-13
-1.1555922e-11
-4.6599658e-13
-1.649652e-11
-7.0329352e-13
-2.3430277e-11
-1.0578785e-12
-3.3104182e-11
-1.5855222e-12
-4.6517151e-11
-2.3669161e-12
-6.4992881e-11
-3.517735e-12
-9.0269928e-11
-5.2021924e-12
-1.2461272e-10
-7.6511409e-12
-1.709483e-10
-1.1186162e-11
-2.3303459e-10
-1.6251739e-11
-3.1566672e-10
-2.345865e-11
-4.2492662e-10
-3.3643367e-11
-5.6847749e-10
-4.7950533e-11
-7.5589621e-10
-6.7948619e-11
-9.9902362e-10
-9.579199e-11
-1.3122941e-09
-1.344444e-10
-1.712985e-09
-1.8797028e-10
-2.2213191e-09
-2.618067e-10
-2.8604223e-09
-3.6328585e-10
-3.6554e-09
-5.0276215e-10
-4.6324277e-09
-6.9260072e-10
-5.8199814e-09
-7.2480881e-09
-9.4794834e-10
-7.3668333e-17
-3.3843699e-15
-3.5650627e-16
-1.2966444e-14
-9.7656303e-16
-2.8352288e-14
-2.1267152e-15
-5.2412118e-14
-4.0955429e-15
-8.9337477e-14
-7.3125281e-15
-1.4522646e-13
-1.2414055e-14
-2.2891942e-13
-2.0339585e-14
-3.5318754e-13
-3.247148e-14
-5.36416e-13
-5.0837779e-14
-8.0497491e-13
-7.8405452e-14
-1.1965398e-12
-1.1950315e-13
-1.7647105e-12
-1.8042843e-13
-2.5853861e-12
-2.7031616e-13
-3.7654874e-12
-4.0237453e-13
-5.4547708e-12
-5.9563386e-13
-7.861653e-12
-8.7740461e-13
-1.127415e-11
-1.2867058e-12
-1.6087218e-11
-1.8790053e-12
-2.2837976e-11
-2.7327121e-12
-3.2250473e-11
-3.9579768e-12
-4.5291885e-11
-5.7084966e-12
-6.324236e-11
-8.1971894e-12
-8.7781235e-11
-1.1716821e-11
-1.210931e-10
-1.6666973e-11
-1.6599816e-10
-2.3589206e-11
-2.2611237e-10
-3.3212977e-11
-3.0604297e-10
-4.6515926e-11
-4.1162371e-10
-6.4803644e-11
-5.5018983e-10
-8.9815937e-11
-7.3088396e-10
-1.238688e-10
-9.6497077e-10
-1.7004349e-10
-1.2661193e-09
-2.3243713e-10
-1.6505911e-09
-3.1650254e-10
-2.1372532e-09
-4.2948927e-10
-2.7474352e-09
-5.800042e-10
-3.5048847e-09
-7.7998916e-10
-4.4324419e-09
-1.0444493e-09
-5.5555213e-09
-6.9021014e-09
-1.3904358e-09
-1.299502e-16
-3.25443e-15
-6.2831374e-16
-1.2468088e-14
-1.719356e-15
-2.726125e-14
-3.7394795e-15
-5.0392001e-14
-7.1896969e-15
-8.5887266e-14
-1.2811876e-14
-1.3960429e-13
-2.1699216e-14
-2.2003208e-13
-3.5455894e-14
-3.3943086e-13
-5.6427106e-14
-5.1544477e-13
-8.8029466e-14
-7.7337249e-13
-1.3522388e-13
-1.1493453e-12
-2.0518962e-13
-1.6947445e-12
-3.0828085e-13
-2.4822945e-12
-4.5937705e-13
-3.6143907e-12
-6.797784e-13
-5.2343687e-12
-9.9984853e-13
-7.541582e-12
-1.4626723e-12
-1.0811325e-11
-2.1290768e-12
-1.5420812e-11
-3.0844617e-12
-2.1882591e-11
-4.4480025e-12
-3.0886932e-11
-6.3849273e-12
-4.335496e-11
-9.1227306e-12
-6.0504558e-11
-1.2972393e-11
-8.3931577e-11
-1.8355934e-11
-1.1570956e-10
-2.5841999e-11
-1.5851211e-10
-3.6191687e-11
-2.1576271e-10
-5.0417584e-11
-2.9181711e-10
-6.9859938e-11
-3.9218141e-10
-9.6285205e-11
-5.2376462e-10
-1.3201355e-10
-6.9515567e-10
-1.8008313e-10
-9.169012e-10
-2.4445914e-10
-1.2017432e-09
-3.3029198e-10
-1.564758e-09
-4.4421538e-10
-2.0233294e-09
-5.9488965e-10
-2.5967603e-09
-7.9325149e-10
-3.3065221e-09
-1.0519406e-09
-4.1737519e-09
-1.3872729e-09
-5.2201889e-09
-6.4709543e-09
-1.8184206e-09
-1.8628051e-16
-3.0681619e-15
-9.0032998e-16
-1.1754047e-14
-2.4626746e-15
-2.5698911e-14
-5.3533029e-15
-4.7501379e-14
-1.0285722e-14
-8.0954855e-14
-1.831423e-14
-1.3157579e-13
-3.0988838e-14
-2.0735747e-13
-5.0578323e-14
-3.1984137e-13
-8.0390365e-14
-4.8563269e-13
-1.2522936e-13
-7.2853342e-13
-1.9204856e-13
-1.0825259e-12
-2.9087474e-13
-1.5959181e-12
-4.3611294e-13
-2.3370559e-12
-6.4837671e-13
-3.4021263e-12
-9.5703908e-13
-4.9257056e-12
-1.4037625e-12
-7.0948576e-12
-2.0473444e-12
-1.0167742e-11
-2.9703097e-12
-1.4497846e-11
-4.2877963e-12
-2.0565104e-11
-6.1594124e-12
-2.9015316e-11
-8.804901e-12
-4.0709473e-11
-1.2524635e-11
-5.6784827e-11
-1.7726193e-11
-7.8730026e-11
-2.4958574e-11
-1.084772e-10
-3.4956007e-11
-1.485147e-10
-4.8693864e-11
-2.0202489e-10
-6.7459945e-11
-2.7305108e-10
-9.2945284e-11
-3.6669612e-10
-1.2735965e-10
-4.8935032e-10
-1.7357777e-10
-6.489376e-10
-2.3532274e-10
-8.5515623e-10
-3.1739214e-10
-1.1196737e-09
-4.2593025e-10
-1.4562195e-09
-5.6875133e-10
-1.8805078e-09
-7.5554122e-10
-2.4099697e-09
-9.9873064e-10
-3.063332e-09
-1.3127156e-09
-3.8597661e-09
-1.7144822e-09
-4.8184223e-09
-5.9609645e-09
-2.2244723e-09
-2.4136554e-16
-2.8268109e-15
-1.1663274e-15
-1.0829096e-14
-3.1895146e-15
-2.367573e-14
-6.9312457e-15
-4.3759656e-14
-1.3312649e-14
-7.4573462e-14
-2.3693199e-14
-1.2119525e-13
-4.0068959e-14
-1.9098172e-13
-6.5357412e-14
-2.9455291e-13
-1.0380531e-13
-4.4718477e-13
-1.6157043e-13
-6.7076822e-13
-2.4754794e-13
-9.9654828e-13
-3.7453849e-13
-1.4689273e-12
-5.6089059e-13
-2.1507034e-12
-8.3279577e-13
-3.1302205e-12
-1.2274739e-12
-4.5310266e-12
-1.7975604e-12
-6.5247702e-12
-2.6170971e-12
-9.3482046e-12
-3.7896384e-12
-1.3325305e-11
-5.4591112e-12
-1.8895631e-11
-7.8242155e-12
-2.6650214e-11
-1.1157324e-11
-3.7376368e-11
-1.5829044e-11
-5.2113113e-11
-2.2339861e-11
-7.2219221e-11
-3.1360596e-11
-9.9456481e-11
-4.3783879e-11
-1.3609145e-10
-6.078938e-11
-1.8501944e-10
-8.3926269e-11
-2.4991425e-10
-1.1521717e-10
-3.3540529e-10
-1.5728855e-10
-4.47279e-10
-2.1353279e-10
-5.9269339e-10
-2.8830667e-10
-7.8038234e-10
-3.8716871e-10
-1.0208115e-09
-5.1715347e-10
-1.3262343e-09
-6.8706813e-10
-1.7105925e-09
-9.0779702e-10
-2.1892402e-09
-1.1926338e-09
-2.7784948e-09
-1.5573617e-09
-3.4950376e-09
-2.0200514e-09
-4.3557322e-09
-5.3791444e-09
-2.6018717e-09
-2.9360694e-16
-2.5332205e-15
-1.4185843e-15
-9.7041305e-15
-3.8787846e-15
-2.1215538e-14
-8.4275648e-15
-3.9210886e-14
-1.6182858e-14
-6.6818181e-14
-2.8793371e-14
-1.0858475e-13
-4.8677842e-14
-1.7109726e-13
-7.9368339e-14
-2.6386241e-13
-1.2600109e-13
-4.0055199e-13
-1.960155e-13
-6.0075375e-13
-3.0014513e-13
-8.9241851e-13
-4.5381581e-13
-1.3152563e-12
-6.7910679e-13
-1.925412e-12
-1.0074844e-12
-2.8018423e-12
-1.4835853e-12
-4.0549251e-12
-2.1704097e-12
-5.8379451e-12
-3.1563892e-12
-8.3622247e-12
-4.5649115e-12
-1.1916782e-11
-6.5670263e-12
-1.6893518e-11
-9.3982176e-12
-2.3819025e-11
-1.338031e-11
-3.3394281e-11
-1.8949795e-11
-4.6543637e-11
-2.6694141e-11
-6.4474892e-11
-3.7397977e-11
-8.8752673e-11
-5.2101538e-11
-1.2138793e-10
-7.2174283e-11
-1.6494675e-10
-9.9407326e-11
-2.2268128e-10
-1.361289e-10
-2.9868379e-10
-1.8534749e-10
-3.9806048e-10
-2.5092692e-10
-5.27114e-10
-3.3779627e-10
-6.9351296e-10
-4.5219408e-10
-9.0641348e-10
-6.0194046e-10
-1.1764876e-09
-7.9672074e-10
-1.5158116e-09
-1.0483643e-09
-1.9375959e-09
-1.3710768e-09
-2.4557816e-09
-1.7815376e-09
-3.0845762e-09
-2.2988122e-09
-3.8384572e-09
-4.7332153e-09
-2.9447414e-09
-3.4160089e-16
-2.1916374e-15
-1.6503209e-15
-8.3954227e-15
-4.5119691e-15
-1.8353899e-14
-9.8020701e-15
-3.3920796e-14
-1.8819259e-14
-5.7801005e-14
-3.347776e-14
-9.3926258e-14
-5.6584249e-14
-1.4799078e-13
-9.2234739e-14
-2.2821192e-13
-1.4638144e-13
-3.4640526e-13
-2.276391e-13
-5.1949602e-13
-3.4842675e-13
-7.7163072e-13
-5.2657605e-13
-1.1371068e-12
-7.8758391e-13
-1.6644037e-12
-1.1677465e-12
-2.4216791e-12
-1.7184879e-12
-3.504183e-12
-2.5122885e-12
-5.0441438e-12
-3.6507323e-12
-7.2237806e-12
-5.2753209e-12
-1.0292194e-11
-7.5818548e-12
-1.4586986e-11
-1.0839352e-11
-2.0561532e-11
-1.5414666e-11
-2.8818974e-11
-2.18042e-11
-4.0154115e-11
-3.067439e-11
-5.5604724e-11
-4.2912986e-11
-7.6514112e-11
-5.9693657e-11
-1.0460732e-10
-8.2556968e-11
-1.4208352e-10
-1.1351144e-10
-1.917269e-10
-1.5515885e-10
-2.5703648e-10
-2.1084794e-10
-3.4237147e-10
-2.8485992e-10
-4.5310206e-10
-3.8262682e-10
-5.9574602e-10
-5.1097925e-10
-7.7806087e-10
-6.7841366e-10
-1.0090528e-09
-8.9536025e-10
-1.2988643e-09
-1.1744279e-09
-1.6585276e-09
-1.5305898e-09
-2.0996188e-09
-1.9812472e-09
-2.6339182e-09
-2.5462245e-09
-3.2734797e-09
-4.031453e-09
-3.2479871e-09
-3.8393296e-16
-1.8077239e-15
-1.8547162e-15
-6.9246534e-15
-5.0704126e-15
-1.5138213e-14
-1.1014279e-14
-2.7976942e-14
-2.1144274e-14
-4.7671024e-14
-3.7608708e-14
-7.7461839e-14
-6.3556235e-14
-1.2204326e-13
-1.0357995e-13
-1.8818821e-13
-1.6435119e-13
-2.8563399e-13
-2.5552044e-13
-4.2832669e-13
-3.9099169e-13
-6.3615931e-13
-5.907159e-13
-9.3738229e-13
-8.831998e-13
-1.3719194e-12
-1.308992e-12
-1.9958863e-12
-1.9254904e-12
-2.8876839e-12
-2.8135157e-12
-4.1561178e-12
-4.0862169e-12
-5.9510791e-12
-5.9010136e-12
-8.4773985e-12
-8.4754396e-12
-1.2012562e-11
-1.2107932e-11
-1.6929045e-11
-1.7204806e-11
-2.3722108e-11
-2.4314905e-11
-3.304403e-11
-3.4173685e-11
-4.574597e-11
-4.7758878e-11
-6.2928961e-11
-6.6360357e-11
-8.6005905e-11
-9.1667349e-11
-1.1677662e-10
-1.2587673e-10
-1.5751763e-10
-1.7182642e-10
-2.110869e-10
-2.3315768e-10
-2.8104029e-10
-3.1450865e-10
-3.7175111e-10
-4.2173856e-10
-4.88516e-10
-5.621769e-10
-6.3762231e-10
-7.4488413e-10
-8.2634508e-10
-9.8090318e-10
-1.0628445e-09
-1.2834745e-09
-1.3559557e-09
-1.6681847e-09
-1.7149079e-09
-2.1530173e-09
-2.1490852e-09
-2.7583764e-09
-2.6681204e-09
-3.282561e-09
-3.5072687e-09
-4.1942504e-16
-1.3883197e-15
-2.0260785e-15
-5.3180153e-15
-5.5385941e-15
-1.1625707e-14
-1.203052e-14
-2.148503e-14
-2.309333e-14
-3.660823e-14
-4.1071471e-14
-5.9483714e-14
-6.9400096e-14
-9.371465e-14
-1.1308867e-13
-1.4449964e-13
-1.7941081e-13
-2.1931182e-13
-2.7888423e-13
-3.288532e-13
-4.2665602e-13
-4.8838737e-13
-6.4445076e-13
-7.1958728e-13
-9.6329339e-13
-1.0530763e-12
-1.427289e-12
-1.53189e-12
-2.0988299e-12
-2.2161423e-12
-3.0657065e-12
-3.1892407e-12
-4.4507279e-12
-4.5660578e-12
-6.4246025e-12
-6.5035251e-12
-9.2229975e-12
-9.2141702e-12
-1.3168879e-11
-1.298317e-11
-1.870144e-11
-1.8189557e-11
-2.6413173e-11
-2.5332316e-11
-3.7096915e-11
-3.5062257e-11
-5.1805111e-11
-4.8220815e-11
-7.1923952e-11
-6.5887141e-11
-9.9265643e-11
-8.9435034e-11
-1.361825e-10
-1.2060091e-10
-1.8570675e-10
-1.6156278e-10
-2.5171945e-10
-2.1502767e-10
-3.3915005e-10
-2.8432049e-10
-4.5420451e-10
-3.7346137e-10
-6.0461436e-10
-4.8721217e-10
-7.9989063e-10
-6.3106827e-10
-1.0515603e-09
-8.1117414e-10
-1.3733567e-09
-1.0341587e-09
-1.7813403e-09
-1.3069237e-09
-2.2939427e-09
-1.6364826e-09
-2.9320085e-09
-2.0300545e-09
-2.4955799e-09
-3.7189898e-09
-4.4629622e-16
-9.420454e-16
-2.1558394e-15
-3.6084888e-15
-5.8932424e-15
-7.8883147e-15
-1.2800815e-14
-1.4577472e-14
-2.4572133e-14
-2.483693e-14
-4.3702437e-14
-4.0353428e-14
-7.3848532e-14
-6.3568572e-14
-1.2034401e-13
-9.8004164e-14
-1.9093323e-13
-1.4872259e-13
-2.9681069e-13
-2.2297568e-13
-4.5409089e-13
-3.3110703e-13
-6.8587777e-13
-4.8780016e-13
-1.0251537e-12
-7.1379998e-13
-1.5187872e-12
-1.038256e-12
-2.233049e-12
-1.5018801e-12
-3.2611387e-12
-2.1611508e-12
-4.7333579e-12
-3.093839e-12
-6.830716e-12
-4.4061688e-12
-9.802927e-12
-6.2419631e-12
-1.3991946e-11
-8.7941581e-12
-1.9862401e-11
-1.2319114e-11
-2.8040525e-11
-1.7154212e-11
-3.936348e-11
-2.3739336e-11
-5.4941355e-11
-3.2642995e-11
-7.6234575e-11
-4.4594008e-11
-1.0514997e-10
-6.0519759e-11
-1.4415924e-10
-8.159179e-11
-1.964435e-10
-1.0927867e-10
-2.6606701e-10
-1.4540425e-10
-3.5818097e-10
-1.9220649e-10
-4.7925412e-10
-2.5238798e-10
-6.3732091e-10
-3.2914498e-10
-8.4222958e-10
-4.2615898e-10
-1.1058661e-09
-5.475369e-10
-1.442326e-09
-6.9769823e-10
-1.8680154e-09
-8.8123393e-10
-2.4016906e-09
-1.1028073e-09
-3.064516e-09
-1.3672289e-09
-1.6798108e-09
-3.8802851e-09
-4.649668e-16
-4.7710123e-16
-2.2460784e-15
-1.8273949e-15
-6.1405283e-15
-3.9938754e-15
-1.3339757e-14
-7.378258e-15
-2.5610513e-14
-1.2566193e-14
-4.5556008e-14
-2.0407955e-14
-7.6990631e-14
-3.2133971e-14
-1.254749e-13
-4.9519912e-14
-1.9907405e-13
-7.5123436e-14
-3.0943552e-13
-1.1261416e-13
-4.7332508e-13
-1.6721736e-13
-7.1478345e-13
-2.4634159e-13
-1.0681248e-12
-3.6045831e-13
-1.5820989e-12
-5.2428155e-13
-2.325618e-12
-7.5836072e-13
-3.3955679e-12
-1.0912008e-12
-4.9273587e-12
-1.562049e-12
-7.1090255e-12
-2.2245044e-12
-1.0199865e-11
-3.1511283e-12
-1.4554786e-11
-4.4392453e-12
-2.0655762e-11
-6.2181509e-12
-2.9152025e-11
-8.6579714e-12
-4.0910925e-11
-1.1980474e-11
-5.7081777e-11
-1.6472205e-11
-7.9175462e-11
-2.2500423e-11
-1.0916305e-10
-3.0532308e-11
-1.4959716e-10
-4.1157851e-11
-2.0375967e-10
-5.5116334e-11
-2.7583857e-10
-7.3325454e-11
-3.711344e-10
-9.6910595e-11
-4.9629233e-10
-1.2722975e-10
-6.5954936e-10
-1.6588745e-10
-8.7097803e-10
-2.147296e-10
-1.1427016e-09
-2.7581257e-10
-1.4890535e-09
-3.5134588e-10
-1.9266655e-09
-4.4362171e-10
-2.4745049e-09
-5.5496772e-10
-3.1539452e-09
-6.8778838e-10
-8.4474526e-10
-3.9890104e-09
-4.771195e-16
3.8215752e-21
-2.304545e-15
1.3395483e-20
-6.298457e-15
2.5433086e-20
-1.3676768e-14
3.6818061e-20
-2.6243024e-14
4.025966e-20
-4.665103e-14
2.1162632e-20
-7.8784995e-14
-4.7331718e-20
-1.2830473e-13
-2.1203173e-19
-2.034276e-13
-5.5145511e-19
-3.1604048e-13
-1.1951044e-18
-4.8325536e-13
-2.3493494e-18
-7.2959242e-13
-4.3343235e-18
-1.0900428e-12
-7.642189e-18
-1.614311e-12
-1.3014633e-17
-2.3726499e-12
-2.1551841e-17
-3.4638161e-12
-3.4861239e-17
-5.0258108e-12
-5.5256406e-17
-7.2502319e-12
-8.6016194e-17
-1.0401234e-11
-1.3171076e-16
-1.4840289e-11
-1.9859724e-16
-2.1058158e-11
-2.9509385e-16
-2.9715721e-11
-4.3236828e-16
-4.169561e-11
-6.2510215e-16
-5.8166991e-11
-8.9242837e-16
-8.0666264e-11
-1.2587933e-15
-1.1119697e-10
-1.7541523e-15
-1.523526e-10
-2.4128104e-15
-2.0746585e-10
-3.270441e-15
-2.8078705e-10
-4.3574497e-15
-3.776919e-10
-5.6810573e-15
-5.0491412e-10
-7.1948343e-15
-6.7079215e-10
-8.7967857e-15
-8.8551057e-10
-1.0358736e-14
-1.1613107e-09
-1.1682562e-14
-1.5126437e-09
-1.2503487e-14
-1.9562529e-09
-1.2502443e-14
-2.5112096e-09
-1.1060837e-14
-3.1989902e-09
-7.2859086e-15
-4.0437336e-09
-8.984678e-16
1.0369616e-09
-1.5165082e-10
-1.4022788e-14
1.1993841e-09
-1.6240637e-10
-1.5814446e-14
1.3685497e-09
-1.6914752e-10
-1.7612442e-14
1.5456161e-09
-1.770465e-10
-1.9394742e-14
1.7300546e-09
-1.8441656e-10
-2.1245052e-14
1.9214651e-09
-1.913866e-10
-2.3057982e-14
2.1192395e-09
-1.9774857e-10
-2.4915641e-14
2.3223818e-09
-2.0311441e-10
-2.6776015e-14
2.5295607e-09
-2.0714905e-10
-2.8663341e-14
2.7389668e-09
-2.093742e-10
-3.0566447e-14
2.9482378e-09
-2.0923712e-10
-3.2510597e-14
3.1543401e-09
-2.060665e-10
-3.4677333e-14
3.3536123e-09
-1.9923464e-10
-3.688181e-14
3.540708e-09
-1.8705587e-10
-3.9854295e-14
-1.7167439e-10
3.7124247e-09
-4.2872286e-14
1.0723807e-09
-3.0771776e-10
1.2397592e-09
-3.2978186e-10
1.4142835e-09
-3.4366823e-10
1.5971404e-09
-3.5989917e-10
1.7877421e-09
-3.7501326e-10
1.9856788e-09
-3.8931719e-10
2.190292e-09
-4.0235468e-10
2.4005449e-09
-4.1335925e-10
2.6150416e-09
-4.2163679e-10
2.8318927e-09
-4.2621638e-10
3.0486392e-09
-4.2597586e-10
3.26211e-09
-4.1953237e-10
3.4685124e-09
-4.0563627e-10
3.6622571e-09
-3.8080554e-10
-3.4943909e-10
3.8400112e-09
1.1138862e-09
-4.6892407e-10
1.287011e-09
-5.0290612e-10
1.4677974e-09
-5.2445383e-10
1.6574057e-09
-5.4950672e-10
1.8552007e-09
-5.7280714e-10
2.0607432e-09
-5.9485855e-10
2.2733143e-09
-6.1492434e-10
2.4918196e-09
-6.31863e-10
2.7147787e-09
-6.4459426e-10
2.9401993e-09
-6.5163554e-10
3.1654978e-09
-6.512732e-10
3.3873375e-09
-6.413714e-10
3.6017527e-09
-6.2005157e-10
3.8028996e-09
-5.8195336e-10
-5.3374801e-10
3.9872066e-09
1.1620961e-09
-6.3610473e-10
1.3418744e-09
-6.8268387e-10
1.5299503e-09
-7.1252892e-10
1.7273973e-09
-7.4695295e-10
1.9335476e-09
-7.7895623e-10
2.1479098e-09
-8.0921959e-10
2.369694e-09
-8.367071e-10
2.5977291e-09
-8.5989659e-10
2.8304283e-09
-8.7729189e-10
3.0656705e-09
-8.8687639e-10
3.3007166e-09
-8.8631831e-10
3.5320341e-09
-8.7268836e-10
3.7554368e-09
-8.4345464e-10
3.9648151e-09
-7.913327e-10
-7.2517474e-10
4.1562396e-09
1.2175127e-09
-8.1019024e-10
1.4049727e-09
-8.7014334e-10
1.6014873e-09
-9.0904268e-10
1.8079877e-09
-9.5345266e-10
2.0237852e-09
-9.9475255e-10
2.2483154e-09
-1.0337486e-09
2.4807049e-09
-1.0690953e-09
2.719685e-09
-1.0988752e-09
2.9635385e-09
-1.1211441e-09
3.2099877e-09
-1.1333244e-09
3.4561044e-09
-1.1324343e-09
3.6981275e-09
-1.1147111e-09
3.9316012e-09
-1.076929e-09
4.150132e-09
-1.0098646e-09
-9.2436156e-10
4.3493165e-09
1.2804676e-09
-9.9219228e-10
1.4767511e-09
-1.0664264e-09
1.6829738e-09
-1.1152646e-09
1.8998645e-09
-1.1703427e-09
2.1267262e-09
-1.2216131e-09
2.3629038e-09
-1.2699252e-09
2.6074262e-09
-1.3136165e-09
2.8589044e-09
-1.3503522e-09
3.1154657e-09
-1.3777042e-09
3.3746458e-09
-1.3925037e-09
3.6332929e-09
-1.3910808e-09
3.8873817e-09
-1.3688e-09
4.1321376e-09
-1.3216858e-09
4.3608588e-09
-1.2385867e-09
-1.1320594e-09
4.5685541e-09
1.3510543e-09
-1.183182e-09
1.5574017e-09
-1.2727735e-09
1.7747202e-09
-1.3325823e-09
2.0034487e-09
-1.3990708e-09
2.2429068e-09
-1.4610701e-09
2.4923358e-09
-1.5193533e-09
2.7506492e-09
-1.5719288e-09
3.0163145e-09
-1.6160165e-09
3.2872773e-09
-1.6486661e-09
3.5608561e-09
-1.6660819e-09
3.8336397e-09
-1.6638642e-09
4.1013028e-09
-1.6364633e-09
4.3587026e-09
-1.5790867e-09
4.5987995e-09
-1.4786845e-09
-1.3491674e-09
4.8159049e-09
1.4290506e-09
-1.3842517e-09
1.6467803e-09
-1.4905029e-09
1.8766971e-09
-1.5624982e-09
2.1188033e-09
-1.6411765e-09
2.3724906e-09
-1.7147564e-09
2.6368881e-09
-1.7837501e-09
2.9107734e-09
-1.8458132e-09
3.1924465e-09
-1.8976887e-09
3.4796443e-09
-1.9358632e-09
3.7694379e-09
-1.9558753e-09
4.0581219e-09
-1.9525483e-09
4.3410345e-09
-1.9193762e-09
4.6126175e-09
-1.850671e-09
4.8654604e-09
-1.731528e-09
-1.5767803e-09
5.0930708e-09
1.5138332e-09
-1.5964524e-09
1.7443246e-09
-1.7209941e-09
1.9884499e-09
-1.8066229e-09
2.2455357e-09
-1.8982618e-09
2.5151653e-09
-1.9843851e-09
2.7963474e-09
-2.0649315e-09
3.0876977e-09
-2.1371628e-09
3.387324e-09
-2.1973142e-09
3.6927283e-09
-2.2412671e-09
4.0007056e-09
-2.2638524e-09
4.3072232e-09
-2.2590661e-09
4.6072479e-09
-2.2194014e-09
4.894762e-09
-2.1381864e-09
5.1619489e-09
-1.9987151e-09
-1.8162451e-09
5.4014113e-09
1.6056201e-09
-1.8216175e-09
1.8498813e-09
-1.9652552e-09
2.1090646e-09
-2.0658054e-09
2.382696e-09
-2.1718928e-09
2.6700393e-09
-2.2717274e-09
2.9699033e-09
-2.3647949e-09
3.2807111e-09
-2.4479697e-09
3.6003524e-09
-2.5169549e-09
3.9260703e-09
-2.5669847e-09
4.2543568e-09
-2.5921389e-09
4.5808227e-09
-2.5855325e-09
4.9000321e-09
-2.5386111e-09
5.2054673e-09
-2.443623e-09
5.4888716e-09
-2.282119e-09
-2.0692226e-09
5.7418471e-09
1.7022515e-09
-2.0613697e-09
1.9615365e-09
-2.2245399e-09
2.2367963e-09
-2.3410646e-09
2.5286592e-09
-2.4637553e-09
2.8355421e-09
-2.5786094e-09
3.1560505e-09
-2.6853027e-09
3.4883933e-09
-2.7803118e-09
3.8302185e-09
-2.8587797e-09
4.1784882e-09
-2.9152541e-09
4.5293695e-09
-2.9430203e-09
4.8780928e-09
-2.9342563e-09
5.2187923e-09
-2.8793108e-09
5.5444159e-09
-2.7692479e-09
5.8462361e-09
-2.583938e-09
-2.3377546e-09
6.1147663e-09
1.7994645e-09
-2.3160072e-09
2.0757554e-09
-2.5008305e-09
2.3694103e-09
-2.6347189e-09
2.6810813e-09
-2.7754259e-09
3.0093432e-09
-2.9068705e-09
3.352508e-09
-3.028467e-09
3.708535e-09
-3.1363381e-09
4.0748101e-09
-3.2250544e-09
4.4479968e-09
-3.2884407e-09
4.8239218e-09
-3.3189453e-09
5.1974166e-09
-3.3077517e-09
5.5621668e-09
-3.2440611e-09
5.9105576e-09
-3.1176399e-09
6.2333663e-09
-2.9067447e-09
-2.6243297e-09
6.51994e-09
1.8953413e-09
-2.5860595e-09
2.1895308e-09
-2.7950197e-09
2.5034553e-09
-2.9486427e-09
2.8367692e-09
-3.1087393e-09
3.1882982e-09
-3.2583988e-09
3.5561698e-09
-3.3963381e-09
3.9380892e-09
-3.5182569e-09
4.3311676e-09
-3.6181325e-09
4.7317594e-09
-3.6890325e-09
5.1353413e-09
-3.7225274e-09
5.5363374e-09
-3.7087485e-09
5.9279735e-09
-3.635697e-09
6.3020517e-09
-3.4917192e-09
6.64884e-09
-3.2535301e-09
-2.9319455e-09
6.9564548e-09
1.986971e-09
-2.8724917e-09
2.2998088e-09
-3.1078572e-09
2.6351502e-09
-3.2839837e-09
2.9917764e-09
-3.4653651e-09
3.3684508e-09
-3.6350727e-09
3.763099e-09
-3.790986e-09
4.1731658e-09
-3.9283233e-09
4.5954801e-09
-4.0404467e-09
5.0260829e-09
-4.1196354e-09
5.4601009e-09
-4.1565457e-09
5.8915501e-09
-4.1401985e-09
6.3131961e-09
-4.0573427e-09
6.7162469e-09
-3.8947711e-09
7.0904586e-09
-3.6277381e-09
-3.2641593e-09
7.4226716e-09
2.0699098e-09
-3.1759633e-09
2.4020792e-09
-3.4400262e-09
2.7599412e-09
-3.6418453e-09
3.1414201e-09
-3.8468436e-09
3.5450734e-09
-4.0387256e-09
3.9685715e-09
-4.2144839e-09
4.4090787e-09
-4.3688303e-09
4.8631342e-09
-4.4945025e-09
5.3264685e-09
-4.58297e-09
5.793866e-09
-4.6239439e-09
6.2589452e-09
-4.6052786e-09
6.7140211e-09
-4.5124182e-09
7.149707e-09
-4.3304582e-09
7.5552594e-09
-4.0332862e-09
-3.6251209e-09
7.9162201e-09
2.1391282e-09
-3.496914e-09
2.4911572e-09
-3.7920549e-09
2.8725593e-09
-4.0232473e-09
3.2803374e-09
-4.2546213e-09
3.712757e-09
-4.4711451e-09
4.1671767e-09
-4.6689034e-09
4.6404511e-09
-4.8421047e-09
5.1288232e-09
-4.982875e-09
5.6277206e-09
-5.081868e-09
6.1316037e-09
-5.1278278e-09
6.6337122e-09
-5.1073885e-09
7.1259321e-09
-5.0046377e-09
7.5982911e-09
-4.8028188e-09
8.0395757e-09
-4.4745661e-09
-4.0195814e-09
8.4340352e-09
2.189037e-09
-3.8356053e-09
2.5612949e-09
-4.1643124e-09
2.9671611e-09
-4.4291134e-09
3.4026184e-09
-4.6900781e-09
3.865559e-09
-4.9340856e-09
4.3529759e-09
-5.15632e-09
4.8613814e-09
-5.3505102e-09
5.386716e-09
-5.5082102e-09
5.9241187e-09
-5.6192715e-09
6.4677509e-09
-5.6714611e-09
7.0105031e-09
-5.6501423e-09
7.5438619e-09
-5.5379962e-09
8.0572905e-09
-5.3162496e-09
8.5391518e-09
-4.9564224e-09
-4.4528686e-09
8.9724376e-09
2.213611e-09
-4.1921702e-09
2.6063632e-09
-4.5570641e-09
3.0375233e-09
-4.8602734e-09
3.5020013e-09
-5.1545555e-09
3.9972073e-09
-5.4292914e-09
4.5197162e-09
-5.6788284e-09
5.0656634e-09
-5.8964572e-09
5.6306821e-09
-6.0732295e-09
6.2096425e-09
-6.1982325e-09
6.7964395e-09
-6.2582595e-09
7.3836506e-09
-6.2373556e-09
7.9624005e-09
-6.1167457e-09
8.5216189e-09
-5.8754707e-09
9.0493084e-09
-5.4841071e-09
-4.9308362e-09
9.5272743e-09
2.2065752e-09
-4.5666808e-09
2.6200848e-09
-4.9705732e-09
3.07729e-09
-5.3174782e-09
3.5721196e-09
-5.6493844e-09
4.1013533e-09
-5.9585246e-09
4.6610887e-09
-6.238563e-09
5.2470492e-09
-6.4824174e-09
5.8545579e-09
-6.6807386e-09
6.4782399e-09
-6.8219151e-09
7.111762e-09
-6.891783e-09
7.7474294e-09
-6.8730254e-09
8.3760448e-09
-6.7453605e-09
8.9860461e-09
-6.4854754e-09
9.5651546e-09
-6.063211e-09
-5.4597843e-09
1.0094101e-08
2.161598e-09
-4.9591905e-09
2.5962872e-09
-5.4052619e-09
3.0802486e-09
-5.8014388e-09
3.6067779e-09
-6.1759129e-09
4.17185e-09
-6.5235961e-09
4.7710113e-09
-6.8377234e-09
5.3995359e-09
-7.1109417e-09
6.0524354e-09
-7.3336384e-09
6.7241176e-09
-7.4935977e-09
7.4080612e-09
-7.5757278e-09
8.0963406e-09
-7.5613074e-09
8.7794745e-09
-7.4284933e-09
9.4454602e-09
-7.1514647e-09
1.0081829e-08
-6.6995752e-09
-6.0463393e-09
1.0668382e-08
2.0723525e-09
-5.3695976e-09
2.5290477e-09
-5.8619567e-09
3.0405579e-09
-6.3129482e-09
3.6002064e-09
-6.7355612e-09
4.2030233e-09
-7.1264127e-09
4.8439101e-09
-7.4786098e-09
5.5176528e-09
-7.7846843e-09
6.2189533e-09
-8.0349395e-09
6.9420327e-09
-8.2166777e-09
7.6802209e-09
-8.3139169e-09
8.4253988e-09
-8.306488e-09
9.1678311e-09
-8.1709242e-09
9.8951365e-09
-7.8787733e-09
1.0594754e-08
-7.3991886e-09
-6.6973111e-09
1.1245725e-08
1.9327774e-09
-5.7972824e-09
2.4128377e-09
-6.3420172e-09
2.9529905e-09
-6.8531007e-09
3.5473357e-09
-7.3299068e-09
4.189954e-09
-7.7690314e-09
4.8750023e-09
-8.1636585e-09
5.5967419e-09
-8.5064245e-09
6.3495748e-09
-8.7877732e-09
7.1275684e-09
-8.9946719e-09
7.9239376e-09
-9.1102866e-09
8.7303986e-09
-9.1129514e-09
9.5369787e-09
-8.9775021e-09
1.0330993e-08
-8.6727898e-09
1.1099884e-08
-8.1680757e-09
-7.4195373e-09
1.1822112e-08
1.7397264e-09
-6.2419542e-09
2.2441497e-09
-6.8464414e-09
2.8140431e-09
-7.4229947e-09
3.4445426e-09
-7.9604069e-09
4.1289813e-09
-8.4534707e-09
4.8606556e-09
-8.8953335e-09
5.6332389e-09
-9.2790083e-09
6.4408267e-09
-9.5953618e-09
7.2773521e-09
-9.8311976e-09
8.1359293e-09
-9.9688634e-09
9.0081201e-09
-9.9851436e-09
9.8837063e-09
-9.8530851e-09
1.0749807e-08
-9.5388904e-09
1.1593903e-08
-9.0121676e-09
-8.2197558e-09
1.2394126e-08
1.498288e-09
-6.7083722e-09
2.0256848e-09
-7.3738381e-09
2.6242701e-09
-8.0215798e-09
3.2908986e-09
-8.6270347e-09
4.0183303e-09
-9.1809019e-09
4.7987038e-09
-9.6757071e-09
5.6248456e-09
-1.010515e-08
6.4904111e-09
-1.0460928e-08
7.3891424e-09
-1.0729929e-08
8.3140152e-09
-1.0893735e-08
9.2564072e-09
-1.0927535e-08
1.0205829e-08
-1.0802502e-08
1.1149286e-08
-1.0482345e-08
1.2074547e-08
-9.9374246e-09
1.2958744e-08
-9.1039456e-09
3.7653864e-09
-5.2911793e-11
-5.1123974e-14
3.8165663e-09
-5.1121625e-11
-5.997174e-14
3.8624079e-09
-4.5767882e-11
-7.5409569e-14
3.9008591e-09
-3.8360179e-11
-9.2574456e-14
3.9304788e-09
-2.9503102e-11
-1.1756683e-13
3.948508e-09
-1.788141e-11
-1.483137e-13
3.952817e-09
-4.1204142e-12
-1.8888095e-13
3.9398307e-09
1.3212259e-11
-2.2602232e-13
3.9073908e-09
3.2720328e-11
-2.8059455e-13
3.8494642e-09
5.8183231e-11
-2.5693478e-13
3.7674288e-09
8.2340253e-11
-3.0504146e-13
3.6467041e-09
1.2085722e-10
-1.3270713e-13
3.5082251e-09
1.385451e-10
-6.6411148e-14
3.3083817e-09
1.995997e-10
2.4402486e-13
1.6643525e-10
2.7594264e-13
3.8933621e-09
-1.0628182e-10
3.9449839e-09
-1.0276566e-10
3.9912383e-09
-9.2050413e-11
4.0300399e-09
-7.7183607e-11
4.0598648e-09
-5.9345805e-11
4.0778944e-09
-3.5919194e-11
4.081907e-09
-8.1377619e-12
4.0682364e-09
2.6874828e-11
4.0346184e-09
6.6305821e-11
3.9748826e-09
1.1791884e-10
3.8903448e-09
1.6679626e-10
3.7661287e-09
2.4509314e-10
3.6235002e-09
2.8113804e-10
3.4178466e-09
4.0528027e-10
3.3810941e-10
4.0395831e-09
-1.5866029e-10
4.0903459e-09
-1.5353086e-10
4.1359071e-09
-1.3761315e-10
4.1741039e-09
-1.1538202e-10
4.2033292e-09
-8.8571732e-11
4.2207061e-09
-5.3296846e-11
4.2239056e-09
-1.1337929e-11
4.2091699e-09
4.1610242e-11
4.1741085e-09
1.0136623e-10
4.112419e-09
1.7960822e-10
4.0253078e-09
2.5390709e-10
3.8976495e-09
3.7275162e-10
3.7508901e-09
4.2789669e-10
3.5394708e-09
6.1670017e-10
5.1487203e-10
4.2060904e-09
-2.0851291e-10
4.254504e-09
-2.019471e-10
4.2980945e-09
-1.8120474e-10
4.3345728e-09
-1.5186221e-10
4.3622549e-09
-1.1625431e-10
4.3782033e-09
-6.9246409e-11
4.3799701e-09
-1.3105814e-11
4.3637025e-09
5.7877383e-11
4.3268662e-09
1.3820128e-10
4.2630273e-09
2.4344692e-10
4.173241e-09
3.436933e-10
4.0421682e-09
5.0382461e-10
3.8913025e-09
5.7876161e-10
3.6741558e-09
8.3384773e-10
6.9660135e-10
4.3949232e-09
-2.5412103e-10
4.4393343e-09
-2.4636093e-10
4.4795133e-09
-2.2138429e-10
4.5130086e-09
-1.8535969e-10
4.5380655e-09
-1.4131166e-10
4.5516873e-09
-8.2869575e-11
4.5512954e-09
-1.2715578e-11
4.5329403e-09
7.6231716e-11
4.4939269e-09
1.772134e-10
4.4276898e-09
3.0968361e-10
4.3350905e-09
4.3629294e-10
4.2006117e-09
6.3830354e-10
4.0456599e-09
7.337128e-10
3.822838e-09
1.0566706e-09
8.8323694e-10
4.6080693e-09
-2.9363707e-10
4.6466944e-09
-2.8498876e-10
4.6818787e-09
-2.5656837e-10
4.7109899e-09
-2.1447329e-10
4.7322096e-09
-1.6253181e-10
4.7424872e-09
-9.3148991e-11
4.7391052e-09
-9.3358392e-12
4.7180173e-09
9.7318587e-11
4.6763512e-09
2.1887817e-10
4.6074116e-09
3.7862265e-10
4.511823e-09
5.3188238e-10
4.3739252e-09
7.7620156e-10
4.2149019e-09
8.9273547e-10
3.986478e-09
1.2850957e-09
1.074698e-09
4.8474042e-09
-3.2513653e-10
4.8783751e-09
-3.1596233e-10
4.9068703e-09
-2.850625e-10
4.9300827e-09
-2.3768829e-10
4.9461382e-09
-1.785878e-10
4.9519445e-09
-9.8957428e-11
4.9446402e-09
-2.0345935e-12
4.9200861e-09
1.218714e-10
4.8752184e-09
2.637445e-10
4.8032151e-09
4.5062522e-10
4.7044212e-09
6.3067759e-10
4.5630675e-09
9.1755558e-10
4.3999823e-09
1.0558201e-09
4.1660577e-09
1.5190216e-09
1.2708779e-09
5.1146199e-09
-3.4668484e-10
5.1360426e-09
-3.3738748e-10
5.1560869e-09
-3.0510502e-10
5.1718056e-09
-2.5340966e-10
5.1812785e-09
-1.8806128e-10
5.1813919e-09
-9.907351e-11
5.1691427e-09
1.0210764e-11
5.1403065e-09
1.5070599e-10
5.0916176e-09
3.1243223e-10
5.016133e-09
5.2610884e-10
4.9138783e-09
7.3293424e-10
4.769007e-09
1.0624273e-09
4.601865e-09
1.2229615e-09
4.3625758e-09
1.7583123e-09
1.4716388e-09
5.4111465e-09
-3.564181e-10
5.4211725e-09
-3.4741581e-10
5.4309939e-09
-3.1492374e-10
5.4375877e-09
-2.6000623e-10
5.439001e-09
-1.8947539e-10
5.4321295e-09
-9.2205182e-11
5.4138383e-09
2.8497355e-11
5.3798317e-09
1.8471059e-10
5.3266366e-09
3.6562627e-10
5.2471999e-09
6.0554447e-10
5.1411904e-09
8.3894626e-10
4.9927154e-09
1.210903e-09
4.8215202e-09
1.3941561e-09
4.5770435e-09
2.0027906e-09
1.6768079e-09
5.7380679e-09
-3.5263588e-10
5.7349784e-09
-3.4432822e-10
5.7328635e-09
-3.1280532e-10
5.7287204e-09
-2.558662e-10
5.720582e-09
-1.8133796e-10
5.7053948e-09
-7.702175e-11
5.6799128e-09
5.3973791e-11
5.6397906e-09
2.2483049e-10
5.5813492e-09
4.2406678e-10
5.4974416e-09
6.8945088e-10
5.3873486e-09
9.4904247e-10
5.2351616e-09
1.3630908e-09
5.0599198e-09
1.5693972e-09
4.8104798e-09
2.2522323e-09
1.8861831e-09
6.0960372e-09
-3.3390254e-10
6.078335e-09
-3.2662757e-10
6.0627101e-09
-2.9717619e-10
6.046304e-09
-2.3946345e-10
6.0271595e-09
-1.6219486e-10
6.0023283e-09
-5.2194907e-11
5.9684862e-09
8.7809506e-11
5.9212677e-09
2.7204647e-10
5.8567992e-09
4.8853465e-10
5.7678633e-09
7.7838554e-10
5.6533288e-09
1.0635808e-09
5.4973045e-09
1.5191164e-09
5.3180337e-09
1.7486672e-09
5.0639065e-09
2.5063616e-09
2.0995438e-09
6.4851945e-09
-2.9915155e-10
6.4517021e-09
-2.9313642e-10
6.4212231e-09
-2.6669241e-10
6.3911893e-09
-2.0943339e-10
6.3596861e-09
-1.3069337e-10
6.3239351e-09
-1.6448981e-11
6.2805815e-09
1.3115593e-10
6.2252786e-09
3.2734645e-10
6.1539815e-09
5.5983155e-10
6.0594344e-09
8.7293144e-10
5.9400801e-09
1.1829397e-09
5.7800829e-09
1.6791151e-09
5.5968194e-09
1.9319297e-09
5.3383247e-09
2.7648588e-09
2.3166523e-09
6.9050956e-09
-2.4778581e-10
6.8550523e-09
-2.4309417e-10
6.8086996e-09
-2.2033463e-10
6.7639179e-09
-1.6465584e-10
6.7188761e-09
-8.5653938e-11
6.6710413e-09
3.1380056e-11
6.6170899e-09
1.8509941e-10
6.5527432e-09
3.916901e-10
6.473821e-09
6.3875412e-10
6.3730718e-09
9.7367937e-10
6.2485108e-09
1.307506e-09
6.0844039e-09
1.843224e-09
5.8972048e-09
2.1191276e-09
5.6346862e-09
3.0273804e-09
2.5372562e-09
7.3546583e-09
-1.7976505e-10
7.2878092e-09
-1.7624618e-10
7.2249819e-09
-1.5750223e-10
7.1646624e-09
-1.0434102e-10
7.1051539e-09
-2.6148406e-11
7.0442497e-09
9.2277909e-11
6.9787335e-09
2.5060708e-10
6.904454e-09
4.659663e-10
6.8171474e-09
7.2606189e-10
6.7096205e-09
1.0812051e-09
6.5794733e-09
1.4376592e-09
6.4111286e-09
2.0115711e-09
6.2200709e-09
2.3101838e-09
5.9538956e-09
3.2935588e-09
2.7610789e-09
7.832134e-09
-9.5670975e-11
7.7488033e-09
-9.2916713e-11
7.6694055e-09
-7.8099813e-11
7.5931729e-09
-2.8113663e-11
7.5186019e-09
4.8418818e-11
7.4438931e-09
1.6697987e-10
7.3660243e-09
3.284669e-10
7.2810433e-09
5.5094405e-10
7.1846684e-09
8.2243894e-10
7.0698313e-09
1.1960411e-09
6.9337459e-09
1.5737514e-09
6.7610573e-09
2.1842625e-09
6.5662436e-09
2.5049959e-09
6.2968213e-09
3.5629844e-09
2.9877989e-09
8.3351127e-09
3.2594875e-12
8.2362511e-09
5.9434257e-12
8.1407627e-09
1.7392386e-11
8.0487325e-09
6.3910724e-11
7.9589144e-09
1.3823234e-10
7.8699892e-09
2.5589799e-10
7.7792237e-09
4.1922321e-10
7.6829469e-09
6.4721774e-10
7.5769394e-09
9.2844973e-10
7.4543366e-09
1.318643e-09
7.312013e-09
1.7160822e-09
7.1349134e-09
2.3613654e-09
6.9364836e-09
2.7034236e-09
6.664284e-09
3.8351875e-09
3.2170388e-09
8.8605736e-09
1.1513101e-10
8.7477652e-09
1.1874993e-10
8.6372905e-09
1.2786978e-10
8.5301305e-09
1.7106443e-10
8.42536e-09
2.4299757e-10
8.3221985e-09
3.5905243e-10
8.218302e-09
5.231108e-10
8.1103683e-09
7.5514867e-10
7.9943326e-09
1.04449e-09
7.8636242e-09
1.4493508e-09
7.7148441e-09
1.8648698e-09
7.5333247e-09
2.5428884e-09
7.3314719e-09
2.9052739e-09
7.0570345e-09
4.1096284e-09
3.448362e-09
9.4049658e-09
2.3744602e-10
9.2804097e-09
2.4330386e-10
9.1566881e-09
2.5159272e-10
9.0356547e-09
2.9209143e-10
8.9167565e-09
3.6189019e-10
8.7997917e-09
4.7601057e-10
8.6829022e-09
6.3999189e-10
8.5632432e-09
8.7480559e-10
8.4370048e-09
1.1707342e-09
8.2980093e-09
1.588346e-09
8.1426698e-09
2.0202171e-09
7.9568048e-09
2.7287573e-09
7.7517926e-09
3.1102832e-09
7.4757373e-09
4.3856871e-09
3.6812661e-09
9.9643414e-09
3.6721073e-10
9.8307921e-09
3.7685107e-10
9.6961659e-09
3.8621918e-10
9.5631067e-09
4.2514462e-10
9.4314636e-09
4.9352788e-10
9.3016281e-09
6.0584032e-10
9.1723116e-09
7.6930097e-10
9.041208e-09
1.0059078e-09
8.9048668e-09
1.3070828e-09
8.7576074e-09
1.7356053e-09
8.5957579e-09
2.1820743e-09
8.4057319e-09
2.9187874e-09
8.1979153e-09
3.3180964e-09
7.9209544e-09
4.6626512e-09
3.9151759e-09
1.053453e-08
5.0106651e-10
1.0395181e-08
5.1619946e-10
1.0252526e-08
5.288739e-10
1.0109847e-08
5.6781786e-10
9.9673996e-09
6.3597109e-10
9.826151e-09
7.4708466e-10
9.6854428e-09
9.1000314e-10
9.5435745e-09
1.1477757e-09
9.3975554e-09
1.4531106e-09
9.2423064e-09
1.8908543e-09
9.0741893e-09
2.3501984e-09
8.8803276e-09
3.112653e-09
8.6701767e-09
3.5282435e-09
8.3931275e-09
4.9397028e-09
4.1494355e-09
1.1111336e-08
6.3545851e-10
1.0969669e-08
6.5786682e-10
1.082228e-08
6.7626309e-10
1.0672876e-08
7.1721852e-10
1.0522085e-08
7.867592e-10
1.0371404e-08
8.9776373e-10
1.0220831e-08
1.0605719e-09
1.0069314e-08
1.2992929e-09
9.9144114e-09
1.6080233e-09
9.7517431e-09
2.0535224e-09
9.5778348e-09
2.5241126e-09
9.3806362e-09
3.3098552e-09
9.168762e-09
3.7401136e-09
8.8925609e-09
5.2159055e-09
4.3832988e-09
1.1690754e-08
7.6681883e-10
1.155037e-08
7.9825396e-10
1.1401806e-08
8.2482898e-10
1.1248943e-08
8.7008071e-10
1.1092716e-08
9.4298491e-10
1.0935071e-08
1.0554092e-09
1.0776648e-08
1.2189919e-09
1.0617055e-08
1.4588871e-09
1.0454466e-08
1.7706228e-09
1.0285284e-08
2.222704e-09
1.0106334e-08
2.7030662e-09
9.9065043e-09
3.5096879e-09
9.6936866e-09
3.9529264e-09
9.4194033e-09
5.490189e-09
4.6159207e-09
1.2269177e-08
8.9177144e-10
1.2133627e-08
9.3380883e-10
1.1987516e-08
9.7094467e-10
1.1834685e-08
1.0229145e-09
1.1676265e-08
1.1014056e-09
1.1514543e-08
1.2171333e-09
1.1350742e-08
1.3827916e-09
1.1185097e-08
1.6245332e-09
1.1016438e-08
1.9392915e-09
1.0842013e-08
2.3971273e-09
1.065908e-08
2.8860006e-09
1.0457566e-08
3.7112037e-09
1.0244777e-08
4.1657076e-09
9.973633e-09
5.7613319e-09
4.8463536e-09
1.2843943e-08
1.006579e-09
1.2716115e-08
1.0616429e-09
1.2576051e-08
1.111016e-09
1.2426798e-08
1.1721717e-09
1.2269608e-08
1.2585985e-09
1.210701e-08
1.3797346e-09
1.1940702e-08
1.5490982e-09
1.1771431e-08
1.7938047e-09
1.1598774e-08
2.1119564e-09
1.1420688e-08
2.5752099e-09
1.1235292e-08
3.0713949e-09
1.1033085e-08
3.9134099e-09
1.0821916e-08
4.3768741e-09
1.0554615e-08
6.028629e-09
5.0726235e-09
9.1370088e-10
-1.0398665e-08
1.0285955e-08
1.0629572e-09
-1.7603267e-08
1.7454007e-08
1.1758997e-09
-2.9565726e-08
2.9452778e-08
1.1465021e-09
-4.9052911e-08
4.9082302e-08
8.9483868e-10
-8.0569968e-08
8.0821624e-08
3.5529833e-10
-1.318734e-07
1.3241293e-07
-6.7784109e-10
-2.1568672e-07
2.1671984e-07
-2.7895379e-09
-3.5216913e-07
3.5428077e-07
-5.713746e-07
5.7580786e-07
3.8037008e-10
-1.039544e-08
3.1329011e-10
-1.7536193e-08
8.1243273e-11
-2.9333671e-08
-4.7994499e-10
-4.8491718e-08
-1.5489525e-09
-7.9500953e-08
-3.3867673e-09
-1.3003563e-07
-6.5196988e-09
-2.1255357e-07
-1.1993736e-08
-3.4669522e-07
-5.6176893e-07
-1.7951649e-10
-1.0267782e-08
-4.5452871e-10
-1.7261182e-08
-1.019914e-09
-2.8768287e-08
-2.0930651e-09
-4.7418568e-08
-3.956575e-09
-7.7637439e-08
-7.0691623e-09
-1.2692305e-07
-1.2268351e-08
-2.0735436e-07
-2.104997e-08
-3.3791363e-07
-5.4705145e-07
-7.4997299e-10
-1.0016655e-08
-1.2263247e-09
-1.6784833e-08
-2.1101896e-09
-2.7884424e-08
-3.6733364e-09
-4.5855423e-08
-6.3055517e-09
-7.5005221e-08
-1.0658075e-08
-1.2257054e-07
-1.7864477e-08
-2.0014794e-07
-2.9852471e-08
-3.2592565e-07
-5.2731273e-07
-1.3187976e-09
-9.6458064e-09
-1.9876438e-09
-1.6115989e-08
-3.173166e-09
-2.6698903e-08
-5.2025499e-09
-4.3826042e-08
-8.5728469e-09
-7.163492e-08
-1.4119328e-08
-1.1702407e-07
-2.3256518e-08
-1.9101074e-07
-3.8329426e-08
-3.1085277e-07
-5.0270474e-07
-1.8755382e-09
-9.1607042e-09
-2.7260284e-09
-1.52655e-08
-4.1946911e-09
-2.5230242e-08
-6.6642997e-09
-4.1356435e-08
-1.0736438e-08
-6.7562779e-08
-1.7420086e-08
-1.1034043e-07
-2.8394766e-08
-1.8003605e-07
-4.6404113e-08
-2.9284344e-07
-4.7343137e-07
-2.4107057e-09
-8.5684195e-09
-3.4303818e-09
-1.4245825e-08
-5.1622125e-09
-2.3498411e-08
-8.0435117e-09
-3.8475138e-08
-1.2775422e-08
-6.2830865e-08
-2.0529025e-08
-1.0258683e-07
-3.3231912e-08
-1.6733316e-07
-5.4004236e-08
-2.7207112e-07
-4.3974686e-07
-2.9157282e-09
-7.877164e-09
-4.0908715e-09
-1.3070683e-08
-6.0645438e-09
-2.1524739e-08
-9.3263207e-09
-3.5213363e-08
-1.4670186e-08
-5.7486995e-08
-2.3416547e-08
-9.3840474e-08
-3.7723969e-08
-1.5302573e-07
-6.1062753e-08
-2.4873233e-07
-4.019541e-07
-3.3830006e-09
-7.0960355e-09
-4.6988686e-09
-1.1754816e-08
-6.8917326e-09
-1.9331874e-08
-1.0500057e-08
-3.1605039e-08
-1.6402628e-08
-5.1584419e-08
-2.6054877e-08
-8.4188226e-08
-4.1828669e-08
-1.3725193e-07
-6.7516442e-08
-2.2304455e-07
-3.604003e-07
-3.8059043e-09
-6.2348732e-09
-5.2468696e-09
-1.0313851e-08
-7.6349713e-09
-1.6943771e-08
-1.1553264e-08
-2.7686748e-08
-1.7956381e-08
-4.5181296e-08
-2.8418422e-08
-7.3726186e-08
-4.5500656e-08
-1.2016969e-07
-7.3297071e-08
-1.9524812e-07
-3.1546279e-07
-4.178746e-09
-5.304115e-09
-5.7284128e-09
-8.7641856e-09
-8.286544e-09
-1.4385639e-08
-1.2475708e-08
-2.3497586e-08
-1.9316907e-08
-3.8340093e-08
-3.0487836e-08
-6.2555255e-08
-4.8713379e-08
-1.0194414e-07
-7.8353399e-08
-1.6560807e-07
-2.6755595e-07
-4.4967085e-09
-4.3146758e-09
-6.1380177e-09
-7.1228776e-09
-8.839808e-09
-1.1683847e-08
-1.3258449e-08
-1.9078948e-08
-2.0471257e-08
-3.112728e-08
-3.2244513e-08
-5.0781998e-08
-5.1441409e-08
-8.2747242e-08
-8.2642246e-08
-1.3440721e-07
-2.1712825e-07
-4.7558155e-09
-3.2778505e-09
-6.4711445e-09
-5.4075499e-09
-9.2891936e-09
-8.8657972e-09
-1.3893917e-08
-1.4474228e-08
-2.1408269e-08
-2.3612927e-08
-3.3670568e-08
-3.8519697e-08
-5.3658156e-08
-6.2759659e-08
-8.6129241e-08
-1.0193609e-07
-1.6465938e-07
-4.9529061e-09
-2.2052295e-09
-6.7241696e-09
-3.6362877e-09
-9.6302102e-09
-5.9597557e-09
-1.4375975e-08
-9.7284682e-09
-2.2118933e-08
-1.5869969e-08
-3.4751727e-08
-2.5886902e-08
-5.5337959e-08
-4.2173435e-08
-8.8773351e-08
-6.8500674e-08
-1.1064122e-07
-5.0856157e-09
-1.1086238e-09
-6.894372e-09
-1.8275329e-09
-9.8594595e-09
-2.9946675e-09
-1.469996e-08
-4.8879735e-09
-2.2596462e-08
-7.9734684e-09
-3.5477693e-08
-1.3005668e-08
-5.6464155e-08
-2.1186987e-08
-9.0549179e-08
-3.4415619e-08
-5.5580649e-08
-5.1523648e-09
8.0999891e-15
-6.9799275e-09
2.7549543e-14
-9.974651e-09
5.6287784e-14
-1.4862719e-08
8.8611345e-14
-2.2836309e-08
1.1842298e-13
-3.5842112e-08
1.3609045e-13
-5.7029272e-08
1.5668353e-13
-9.144498e-08
1.2457478e-13
4.9432343e-14
1.0406766e-08
-6.8291808e-09
1.0516331e-08
-7.4834043e-09
1.0595537e-08
-8.1007886e-09
1.064416e-08
-8.675658e-09
1.0665251e-08
-9.201992e-09
1.0663041e-08
-9.6734978e-09
1.0641976e-08
-1.0084085e-08
1.0605796e-08
-1.0424747e-08
1.0557142e-08
-1.0681274e-08
1.0497623e-08
-1.0834212e-08
1.0428251e-08
-1.0858162e-08
1.0349842e-08
-1.0724087e-08
1.0263805e-08
-1.0396303e-08
1.0174254e-08
-9.8478682e-09
-9.0063325e-09
1.0076648e-08
1.7643287e-08
-7.018457e-09
1.7769595e-08
-7.6097116e-09
1.7835248e-08
-8.1664413e-09
1.7848113e-08
-8.6885225e-09
1.7820669e-08
-9.1745476e-09
1.7763609e-08
-9.6164369e-09
1.7684643e-08
-1.0005118e-08
1.7588542e-08
-1.0328644e-08
1.7478003e-08
-1.0570733e-08
1.7354401e-08
-1.0710605e-08
1.7218609e-08
-1.0722364e-08
1.7071587e-08
-1.0577057e-08
1.6917398e-08
-1.0242104e-08
1.6758051e-08
-9.6885138e-09
-8.8482756e-09
1.6600002e-08
2.9634232e-08
-7.1999281e-09
2.9722911e-08
-7.6983923e-09
2.9737083e-08
-8.1806114e-09
2.9691017e-08
-8.6424547e-09
2.9597121e-08
-9.0806491e-09
2.9465911e-08
-9.4852251e-09
2.9304768e-08
-9.8439711e-09
2.9117898e-08
-1.0141769e-08
2.8908511e-08
-1.036134e-08
2.8678905e-08
-1.0480988e-08
2.8431181e-08
-1.0474628e-08
2.8169933e-08
-1.0315797e-08
2.7903924e-08
-9.9760843e-09
2.7637042e-08
-9.4216208e-09
-8.5986403e-09
2.7387417e-08
4.9156277e-08
-7.2739275e-09
4.9148061e-08
-7.6901773e-09
4.9070187e-08
-8.1027352e-09
4.8931269e-08
-8.5035343e-09
4.8736684e-08
-8.8860622e-09
4.8491911e-08
-9.24045e-09
4.8202038e-08
-9.5540942e-09
4.7872117e-08
-9.811845e-09
4.750835e-08
-9.9975664e-09
4.711806e-08
-1.0090686e-08
4.6710777e-08
-1.0067332e-08
4.6297635e-08
-9.902641e-09
4.5888445e-08
-9.5668806e-09
4.5490431e-08
-9.023591e-09
-8.2279316e-09
4.5119735e-08
8.0661018e-08
-7.1133229e-09
8.0441672e-08
-7.4708325e-09
8.0165021e-08
-7.8260854e-09
7.983278e-08
-8.1712927e-09
7.9446312e-08
-8.4995934e-09
7.9008043e-08
-8.8021809e-09
7.8522245e-08
-9.0682982e-09
7.799542e-08
-9.2850221e-09
7.7434794e-08
-9.4369422e-09
7.6849736e-08
-9.5056302e-09
7.6251751e-08
-9.4693496e-09
7.5651724e-08
-9.3026193e-09
7.5060081e-08
-8.9752423e-09
7.4489119e-08
-8.4526313e-09
-7.6936973e-09
7.3954874e-08
1.3186456e-07
-6.5648887e-09
1.3126809e-07
-6.8743571e-09
1.306222e-07
-7.1801996e-09
1.2992724e-07
-7.476333e-09
1.2918431e-07
-7.7566586e-09
1.2839566e-07
-8.0135258e-09
1.2756493e-07
-8.2375663e-09
1.2669741e-07
-8.4175008e-09
1.2580021e-07
-8.539738e-09
1.2488254e-07
-8.5879604e-09
1.2395589e-07
-8.5426953e-09
1.230341e-07
-8.3808293e-09
1.2213396e-07
-8.0751027e-09
1.2127491e-07
-7.5935726e-09
-6.8989431e-09
1.2048016e-07
2.1558535e-07
-5.430515e-09
2.1439162e-07
-5.6806346e-09
2.1313822e-07
-5.9268077e-09
2.1182642e-07
-6.1645272e-09
2.1045855e-07
-6.3887977e-09
2.0903848e-07
-6.5934526e-09
2.0757194e-07
-6.7710323e-09
2.0606684e-07
-6.9124039e-09
2.0453372e-07
-7.0066293e-09
2.0298633e-07
-7.0405758e-09
2.014422e-07
-6.9985827e-09
1.9992345e-07
-6.8620863e-09
1.9845744e-07
-6.6091138e-09
1.9707767e-07
-6.2138095e-09
-5.6458667e-09
1.9582457e-07
3.522494e-07
-3.3990458e-09
3.5012378e-07
-3.5550154e-09
3.4790531e-07
-3.7083381e-09
3.4559716e-07
-3.8563787e-09
3.432044e-07
-3.9960281e-09
3.4073443e-07
-4.1234749e-09
3.3819753e-07
-4.2341538e-09
3.3560753e-07
-4.3224085e-09
3.3298242e-07
-4.3815005e-09
3.3034515e-07
-4.4033113e-09
3.2772472e-07
-4.3781584e-09
3.2515724e-07
-4.2946023e-09
3.226872e-07
-4.1390837e-09
3.2036899e-07
-3.8956041e-09
-3.5453385e-09
3.1826845e-07
5.724087e-07
5.6885367e-07
5.6514533e-07
5.6128895e-07
5.5729293e-07
5.5316945e-07
5.489353e-07
5.4461289e-07
5.4023139e-07
5.3582807e-07
5.3144991e-07
5.2715531e-07
5.2301622e-07
5.1912061e-07
5.1557527e-07
9.999996e-09
1.0832379e-09
9.9099622e-09
1.1516823e-09
9.8112033e-09
1.2097814e-09
9.703897e-09
1.2794821e-09
9.589099e-09
1.3733991e-09
9.4688501e-09
1.4999856e-09
9.3446405e-09
1.6733063e-09
9.2171898e-09
1.9212542e-09
9.0868421e-09
2.2423111e-09
8.952157e-09
2.7098913e-09
8.8130199e-09
3.2105258e-09
8.6615562e-09
4.0648729e-09
8.5061999e-09
4.5322342e-09
8.3077473e-09
6.2270767e-09
5.2367336e-09
1.6487606e-08
1.1956427e-09
1.63626e-08
1.2766929e-09
1.6218817e-08
1.3535724e-09
1.6059681e-08
1.4386228e-09
1.588666e-08
1.5464217e-09
1.5702457e-08
1.6841893e-09
1.5509586e-08
1.8661735e-09
1.5310035e-08
2.1208014e-09
1.5104035e-08
2.4483097e-09
1.4892235e-08
2.9216845e-09
1.4671628e-08
3.4311274e-09
1.4438029e-08
4.2984659e-09
1.4192155e-08
4.7780951e-09
1.389581e-08
6.5234183e-09
5.5020782e-09
2.7252728e-08
1.3303483e-09
2.7100101e-08
1.429325e-09
2.6916565e-08
1.5371131e-09
2.6704002e-08
1.6511841e-09
2.6465962e-08
1.7844541e-09
2.6205362e-08
1.9447775e-09
2.5925465e-08
2.1460522e-09
2.5630628e-08
2.4156186e-09
2.5320503e-08
2.7584213e-09
2.5002904e-08
3.2392577e-09
2.4665391e-08
3.7686191e-09
2.4325081e-08
4.6387505e-09
2.3943154e-08
5.1599792e-09
2.3542778e-08
6.9237791e-09
5.9402193e-09
4.5019275e-08
1.4308286e-09
4.4886051e-08
1.5625654e-09
4.4712309e-08
1.7108668e-09
4.4492416e-08
1.871082e-09
4.4229743e-08
2.0471262e-09
4.392689e-08
2.2476253e-09
4.3584498e-08
2.4884294e-09
4.3208058e-08
2.7920435e-09
4.2798362e-08
3.1681189e-09
4.237285e-08
3.6647481e-09
4.1907662e-08
4.233785e-09
4.1460662e-08
5.0857238e-09
4.0913353e-08
5.7072473e-09
4.0459707e-08
7.3774079e-09
6.6403645e-09
7.3956279e-08
1.4294124e-09
7.3929024e-08
1.5898132e-09
7.3868459e-08
1.7714214e-09
7.3766403e-08
1.9731207e-09
7.3618886e-08
2.1946225e-09
7.342088e-08
2.4456091e-09
7.3165238e-08
2.7440483e-09
7.2855164e-08
3.1021056e-09
7.2491071e-08
3.5322411e-09
7.2087926e-08
4.0679055e-09
7.1623531e-08
4.6981824e-09
7.1179633e-08
5.5296458e-09
7.0589171e-08
6.2977769e-09
7.0234859e-08
7.7317649e-09
7.5453574e-09
1.2061631e-07
1.2932622e-09
1.2074874e-07
1.4573848e-09
1.2087853e-07
1.6416254e-09
1.2100474e-07
1.8469126e-09
1.2112113e-07
2.0782242e-09
1.2121739e-07
2.3493419e-09
1.2128919e-07
2.6722413e-09
1.2133819e-07
3.0531141e-09
1.2136044e-07
3.5100176e-09
1.2136228e-07
4.0660616e-09
1.2133191e-07
4.7284631e-09
1.2132357e-07
5.5379469e-09
1.2122019e-07
6.4012537e-09
1.2137654e-07
7.5752796e-09
8.0390189e-09
1.9610683e-07
1.0109833e-09
1.9641373e-07
1.1504735e-09
1.9674575e-07
1.309595e-09
1.9710193e-07
1.4907325e-09
1.9748277e-07
1.6973769e-09
1.9789678e-07
1.9353386e-09
1.9835684e-07
2.2122088e-09
1.9887327e-07
2.5367483e-09
1.994628e-07
2.9205756e-09
2.0015008e-07
3.378848e-09
2.0095067e-07
3.9278437e-09
2.0191595e-07
4.5727361e-09
2.0298157e-07
5.3358746e-09
2.0428091e-07
6.275796e-09
7.0368817e-09
3.186903e-07
5.8912495e-10
3.1916629e-07
6.7447917e-10
3.1970326e-07
7.7262343e-10
3.203089e-07
8.850845e-10
3.2099221e-07
1.0140628e-09
3.2176521e-07
1.1623378e-09
3.2264399e-07
1.333434e-09
3.2364899e-07
1.5317526e-09
3.2480686e-07
1.7627135e-09
3.2615279e-07
2.0328762e-09
3.2773061e-07
2.3498873e-09
3.2958407e-07
2.7192069e-09
3.3177502e-07
3.1449968e-09
3.3442303e-07
3.6276773e-09
4.1831208e-09
5.1616439e-07
5.1683886e-07
5.1761149e-07
5.1849658e-07
5.1951065e-07
5.20673e-07
5.2200645e-07
5.2353823e-07
5.2530097e-07
5.2733384e-07
5.2968367e-07
5.3240281e-07
5.355477e-07
5.3917535e-07
5.5778515e-17
-5.5763392e-17
2.7001515e-16
-2.1420018e-16
7.3990381e-16
-4.6981821e-16
1.6120236e-15
-8.7199248e-16
3.1060185e-15
-1.4937849e-15
5.5493249e-15
-2.4429785e-15
9.4280029e-15
-3.8781846e-15
1.5460994e-14
-6.0322688e-15
2.4708367e-14
-9.2463364e-15
3.872872e-14
-1.4018888e-14
5.9807431e-14
-2.1076671e-14
9.1286604e-14
-3.1476365e-14
1.380402e-13
-4.6749791e-14
2.0715527e-13
-6.9110018e-14
3.0890347e-13
-1.017417e-13
4.5811799e-13
-1.4920645e-13
6.761303e-13
-2.180027e-13
9.9347023e-13
-3.1732889e-13
1.4535907e-12
-4.6010815e-13
2.1179436e-12
-6.6433971e-13
3.0728026e-12
-9.5484582e-13
4.438294e-12
-1.3654807e-12
6.3801568e-12
-1.9418597e-12
9.1248019e-12
-2.7446576e-12
1.2978281e-11
-3.853519e-12
1.8349835e-11
-5.3716355e-12
2.5780777e-11
-7.4310867e-12
3.5979638e-11
-1.0199099e-11
4.9864717e-11
-1.388546e-11
6.8615478e-11
-1.8751359e-11
9.3734442e-11
-2.5119878e-11
1.2712164e-10
-3.338855e-11
1.7116175e-10
-4.404205e-11
2.2883233e-10
-5.7673286e-11
3.0382166e-10
-7.4993034e-11
4.0067679e-10
-9.6860056e-11
5.2496218e-10
-1.2429181e-10
6.8324244e-10
-1.5828846e-10
-2.020643e-10
8.8529649e-10
5.7878244e-17
-1.1363527e-16
2.8016643e-16
-4.3648546e-16
7.6767707e-16
-9.5733088e-16
1.6724699e-15
-1.7767896e-15
3.2223918e-15
-3.0437159e-15
5.7570919e-15
-4.9776968e-15
9.7807338e-15
-7.9018596e-15
1.6038993e-14
-1.2290585e-14
2.5631281e-14
-1.8838716e-14
4.0173912e-14
-2.856166e-14
6.2036661e-14
-4.2939626e-14
9.4684631e-14
-6.4124631e-14
1.4317043e-13
-9.5236019e-14
2.1483957e-13
-1.4077982e-13
3.2033619e-13
-2.0723938e-13
4.7502777e-13
-3.0389976e-13
7.0100846e-13
-4.4398615e-13
1.0298908e-12
-6.4621541e-13
1.5066559e-12
-9.3687899e-13
2.1948983e-12
-1.3525898e-12
3.1838751e-12
-1.9438324e-12
4.5978351e-12
-2.7794531e-12
6.6081667e-12
-3.9522067e-12
9.4489536e-12
-5.5854633e-12
1.3436575e-11
-7.8411616e-12
1.8994043e-11
-1.0929127e-11
2.6680878e-11
-1.5117944e-11
3.7229476e-11
-2.0747718e-11
5.1589187e-11
-2.8245191e-11
7.0979618e-11
-3.8141809e-11
9.69549e-11
-5.1095176e-11
1.314811e-10
-6.7914756e-11
1.7702693e-10
-8.9587876e-11
2.3667649e-10
-1.1732283e-10
3.1425442e-10
-1.5257092e-10
4.1447586e-10
-1.970814e-10
5.4312608e-10
-2.5294188e-10
7.0702365e-10
-3.221858e-10
-4.1135181e-10
9.1631149e-10
6.0634479e-17
-1.7426305e-16
2.934938e-16
-6.6934142e-16
8.0415093e-16
-1.4679895e-15
1.7518044e-15
-2.7244464e-15
3.3749327e-15
-4.666852e-15
6.0289283e-15
-7.6317085e-15
1.0241154e-14
-1.2114116e-14
1.6791331e-14
-1.8840815e-14
2.6828649e-14
-2.8876124e-14
4.2041951e-14
-4.3775102e-14
6.4906339e-14
-6.5804227e-14
9.9039354e-14
-9.8257959e-14
1.4971345e-13
-1.4591058e-13
2.2459004e-13
-2.156571e-13
3.3476522e-13
-3.1741562e-13
4.9625024e-13
-4.6538648e-13
7.3205159e-13
-6.7979014e-13
1.0750676e-12
-9.8923545e-13
1.5720808e-12
-1.4338978e-12
2.289193e-12
-2.0697097e-12
3.3191273e-12
-2.9737768e-12
4.7908883e-12
-4.2512267e-12
6.8823401e-12
-6.043674e-12
9.8363147e-12
-8.5394565e-12
1.3980917e-11
-1.1985785e-11
1.975476e-11
-1.6702992e-11
2.7737966e-11
-2.3101174e-11
3.8689981e-11
-3.1699755e-11
5.3595472e-11
-4.3150702e-11
7.3719964e-11
-5.8266319e-11
1.006771e-10
-7.8052325e-11
1.3650989e-10
-1.0374756e-10
1.8378602e-10
-1.36864e-10
2.4571709e-10
-1.7925388e-10
3.2629346e-10
-2.3314723e-10
4.3043991e-10
-3.0122773e-10
5.6421441e-10
-3.8671621e-10
7.3478587e-10
-4.92757e-10
-6.2924533e-10
9.5267974e-10
6.4118071e-17
-2.3837413e-16
3.10329e-16
-9.1554869e-16
8.5019402e-16
-2.0078557e-15
1.8518686e-15
-3.726124e-15
3.5671329e-15
-6.3821234e-15
6.3710121e-15
-1.0435603e-14
1.0819699e-14
-1.6562833e-14
1.7735062e-14
-2.5756231e-14
2.8327652e-14
-3.9468804e-14
4.4375317e-14
-5.9822911e-14
6.848179e-14
-8.9910916e-14
1.0444983e-13
-1.3422632e-13
1.578176e-13
-1.9927881e-13
2.3662619e-13
-2.9446635e-13
3.5251187e-13
-4.3330233e-13
5.2225093e-13
-6.3512711e-13
7.6992765e-13
-9.2746935e-13
1.1299504e-12
-1.3492621e-12
1.6512042e-12
-1.9551572e-12
2.4026994e-12
-2.8212126e-12
3.4811544e-12
-4.052242e-12
5.0210233e-12
-5.7911084e-12
7.2075491e-12
-8.2302154e-12
1.0293486e-11
-1.1625411e-11
1.4620188e-11
-1.6312509e-11
2.0643856e-11
-2.2726682e-11
2.8967831e-11
-3.1425172e-11
4.0382069e-11
-4.3114016e-11
5.5911207e-11
-5.867986e-11
7.6872997e-11
-7.9228125e-11
1.0494925e-10
-1.0612859e-10
1.4227193e-10
-1.4107024e-10
1.9152405e-10
-1.861161e-10
2.5606784e-10
-2.4379763e-10
3.4009168e-10
-3.17171e-10
4.4877594e-10
-4.0991188e-10
5.8850788e-10
-5.2644799e-10
7.6691039e-10
-6.7115924e-10
-8.5724994e-10
9.9491535e-10
6.8369148e-17
-3.0673608e-16
3.3086592e-16
-1.1780415e-15
9.0633994e-16
-2.5833306e-15
1.9738366e-15
-4.7936231e-15
3.8012842e-15
-8.2095772e-15
6.787504e-15
-1.3421837e-14
1.1523567e-14
-2.1298923e-14
1.8882221e-14
-3.3114934e-14
3.0147927e-14
-5.0734593e-14
4.7205451e-14
-7.6880569e-14
7.2812591e-14
-1.1551826e-13
1.1099322e-13
-1.7240724e-13
1.6760153e-13
-2.5588755e-13
2.5112831e-13
-3.7799376e-13
3.738469e-13
-5.5602186e-13
5.5343132e-13
-8.1471304e-13
8.1522438e-13
-1.1892648e-12
1.1953883e-12
-1.7294298e-12
1.745237e-12
-2.5050115e-12
2.5371228e-12
-3.6131062e-12
3.6723301e-12
-5.1874596e-12
5.2915086e-12
-7.4102996e-12
7.5882507e-12
-1.0526973e-11
1.082649e-11
-1.4863668e-11
1.5362462e-11
-2.0848501e-11
2.1672077e-11
-2.903632e-11
3.0384684e-11
-4.01378e-11
4.232445e-11
-5.5053804e-11
5.8560943e-11
-7.4916371e-11
8.0470887e-11
-1.0113808e-10
1.0981353e-10
-1.3547123e-10
1.4882266e-10
-1.8007937e-10
2.0031414e-10
-2.3760756e-10
2.6782558e-10
-3.1130903e-10
3.5577809e-10
-4.0512344e-10
4.6965636e-10
-5.2379003e-10
6.1623835e-10
-6.7302981e-10
8.0370394e-10
-8.5862456e-10
-1.0969728e-09
1.0434271e-09
7.3447011e-17
-3.8017572e-16
3.5539117e-16
-1.4599817e-15
9.7337127e-16
-3.2013117e-15
2.1194021e-15
-5.9396565e-15
4.0806201e-15
-1.0170802e-14
7.2841128e-15
-1.6625345e-14
1.2362318e-14
-2.6377158e-14
2.0248227e-14
-4.1000896e-14
3.2313642e-14
-6.2800099e-14
5.0569424e-14
-9.5136494e-14
7.7954639e-14
-1.4290369e-13
1.1875265e-13
-2.1320557e-13
1.791875e-13
-3.1632284e-13
2.6827465e-13
-4.6708154e-13
3.9902803e-13
-6.8677618e-13
5.9016164e-13
-1.0058481e-12
8.6847011e-13
-1.4675756e-12
1.2721302e-12
-2.1330936e-12
1.8552331e-12
-3.0881199e-12
2.6939338e-12
-4.4518146e-12
3.8946883e-12
-6.388224e-12
5.6051305e-12
-9.120754e-12
8.0282241e-12
-1.2950081e-11
1.1440402e-11
-1.8275863e-11
1.6214491e-11
-2.562261e-11
2.2848332e-11
-3.5670181e-11
3.2000187e-11
-4.9289676e-11
4.4532294e-11
-6.7585929e-11
6.1564322e-11
-9.1948415e-11
8.4538995e-11
-1.2411276e-10
1.1530264e-10
-1.6623488e-10
1.5620436e-10
-2.2098109e-10
2.1021098e-10
-2.9161415e-10
2.8106128e-10
-3.8215929e-10
3.7344518e-10
-4.9750727e-10
4.9320152e-10
-6.4354625e-10
6.4756308e-10
-8.2739123e-10
8.4536529e-10
-1.0564265e-09
-1.3500726e-09
1.0984653e-09
7.9393964e-17
-4.5956193e-16
3.841082e-16
-1.7646915e-15
1.0518428e-15
-3.8690467e-15
2.2897674e-15
-7.1775827e-15
4.4074432e-15
-1.2288483e-14
7.8649227e-15
-2.0082836e-14
1.3342831e-14
-3.1855091e-14
2.1844247e-14
-4.9502359e-14
3.4842442e-14
-7.5798375e-14
5.4494529e-14
-1.1478871e-13
8.3949455e-14
-1.7235882e-13
1.2779044e-13
-2.5704685e-13
1.9266793e-13
-3.8120075e-13
2.8820082e-13
-5.6261503e-13
4.2825252e-13
-8.2682876e-13
6.3272609e-13
-1.210323e-12
9.3007061e-13
-1.7649224e-12
1.3607501e-12
-2.5637766e-12
1.9819964e-12
-3.7093715e-12
2.8742474e-12
-5.344073e-12
4.1497582e-12
-7.6637446e-12
5.9639622e-12
-1.093497e-11
8.5302469e-12
-1.551638e-11
1.21389e-11
-2.1884532e-11
1.7181082e-11
-3.066481e-11
2.4178827e-11
-4.2667945e-11
3.3822265e-11
-5.8933133e-11
4.701561e-11
-8.077929e-11
6.4933872e-11
-1.0986669e-10
8.9092865e-11
-1.4827176e-10
1.2143572e-10
-1.9857773e-10
1.6444047e-10
-2.6398583e-10
2.2124303e-10
-3.4841668e-10
2.9580925e-10
-4.5672546e-10
3.9313382e-10
-5.9483176e-10
5.1945863e-10
-7.6987095e-10
6.8253531e-10
-9.9046779e-10
8.9194426e-10
-1.2658352e-09
-1.6181923e-09
1.1600642e-09
8.6240185e-17
-5.457942e-16
4.1716343e-16
-2.0956104e-15
1.1421552e-15
-4.5940382e-15
2.4857992e-15
-8.5212278e-15
4.7834054e-15
-1.4586093e-14
8.5328445e-15
-2.3832287e-14
1.446997e-14
-3.779224e-14
2.3678101e-14
-5.8710535e-14
3.7746538e-14
-8.986689e-14
5.8999408e-14
-1.3604171e-13
9.082498e-14
-2.0418458e-13
1.3814782e-13
-3.0436998e-13
2.0810292e-13
-4.5115626e-13
3.1099343e-13
-6.6550612e-13
4.616438e-13
-9.7747996e-13
6.8129888e-13
-1.4299794e-12
1.0002694e-12
-2.083895e-12
1.4615849e-12
-3.0250954e-12
2.1259879e-12
-4.3737795e-12
3.0786859e-12
-6.2967782e-12
4.4383681e-12
-9.0234361e-12
6.3690872e-12
-1.2865701e-11
9.0957075e-12
-1.8243014e-11
1.2923719e-11
-2.5712559e-11
1.8264346e-11
-3.6005453e-11
2.5666037e-11
-5.0069654e-11
3.5853693e-11
-6.9120805e-11
4.9777322e-11
-9.4702932e-11
6.8672377e-11
-1.2876175e-10
9.4134657e-11
-1.7373405e-10
1.2821351e-10
-2.3265657e-10
1.7352896e-10
-3.0930127e-10
2.3340323e-10
-4.0829092e-10
3.1205448e-10
-5.3537665e-10
4.1481572e-10
-6.9759294e-10
5.4837735e-10
-9.0343248e-10
7.2107033e-10
-1.1631607e-09
9.4329624e-10
-1.4880609e-09
-1.902876e-09
1.2279801e-09
9.3993931e-17
-6.3978005e-16
4.5459609e-16
-2.456208e-15
1.2444127e-15
-5.3838542e-15
2.7077195e-15
-9.9845352e-15
5.2089234e-15
-1.7087301e-14
9.2885994e-15
-2.7911973e-14
1.5744912e-14
-4.4248575e-14
2.5751629e-14
-6.8717295e-14
4.1028705e-14
-1.0514404e-13
6.408812e-14
-1.5910125e-13
9.8586983e-14
-2.3868364e-13
1.4983277e-13
-3.5561605e-13
2.2550314e-13
-5.2682702e-13
3.3666623e-13
-7.7666975e-13
4.9921875e-13
-1.1400333e-12
7.3589933e-13
-1.6666612e-12
1.0790859e-12
-2.4270834e-12
1.5746488e-12
-3.5206613e-12
2.2872062e-12
-5.0863415e-12
3.3072133e-12
-7.3167919e-12
4.7604127e-12
-1.0476644e-11
6.8202727e-12
-1.4925572e-11
9.7241488e-12
-2.1146902e-11
1.3794023e-11
-2.9782447e-11
1.9462819e-11
-4.1674264e-11
2.7307503e-11
-5.7914352e-11
3.8090449e-11
-7.9903765e-11
5.2811017e-11
-1.0942351e-10
7.2769829e-11
-1.4872057e-10
9.9649017e-11
-2.0061323e-10
1.3561271e-10
-2.6862026e-10
1.8343457e-10
-3.5712311e-10
2.4663821e-10
-4.7149452e-10
3.2971829e-10
-6.1845666e-10
4.383735e-10
-8.0624809e-10
5.7978195e-10
-1.0448408e-09
7.6290712e-10
-1.3462858e-09
9.990349e-10
-1.7241884e-09
-2.2054722e-09
1.3016313e-09
1.0263621e-16
-7.4240791e-16
4.9631349e-16
-2.8498804e-15
1.3583606e-15
-6.2459001e-15
2.954971e-15
-1.1581145e-14
5.6829178e-15
-1.981525e-14
1.0130246e-14
-3.235931e-14
1.7164335e-14
-5.1282684e-14
2.8059336e-14
-7.9612334e-14
4.4680078e-14
-1.2176485e-13
6.9746625e-14
-1.8416791e-13
1.0721354e-13
-2.7615073e-13
1.6281142e-13
-4.1121419e-13
2.4481672e-13
-6.0883267e-13
3.6514034e-13
-8.9699387e-13
5.4085814e-13
-1.3157517e-12
7.9634802e-13
-1.922152e-12
1.1662513e-12
-2.7969883e-12
1.6995409e-12
-4.0539535e-12
2.465055e-12
-5.8518597e-12
3.5589456e-12
-8.4106884e-12
5.1145861e-12
-1.2032293e-11
7.3155948e-12
-1.712659e-11
1.0412745e-11
-2.4244064e-11
1.4745674e-11
-3.4115387e-11
2.0770466e-11
-4.7699069e-11
2.9094446e-11
-6.6238343e-11
4.0519824e-11
-9.1329152e-11
5.6098372e-11
-1.2500206e-10
7.719993e-11
-1.6982213e-10
1.0559839e-10
-2.2901169e-10
1.4357971e-10
-3.0660156e-10
1.940799e-10
-4.0762326e-10
2.6083668e-10
-5.3825128e-10
3.4864262e-10
-7.0626255e-10
4.635785e-10
-9.2118391e-10
6.1334029e-10
-1.1946025e-09
8.0756344e-10
-1.5405089e-09
1.058478e-09
-1.9751028e-09
-2.527447e-09
1.3804529e-09
1.1211311e-16
-8.5451244e-16
5.4205504e-16
-3.2798172e-15
1.4832856e-15
-7.1871288e-15
3.2260009e-15
-1.332386e-14
6.2023986e-15
-2.2791649e-14
1.1052448e-14
-3.7209366e-14
1.8719181e-14
-5.8949434e-14
3.0586388e-14
-9.1479576e-14
4.8676989e-14
-1.3985551e-13
7.5937895e-14
-2.1142892e-13
1.1664759e-13
-3.1686059e-13
1.7699691e-13
-4.7156375e-13
2.6591271e-13
-6.977488e-13
3.9621994e-13
-1.0273015e-12
5.8627109e-13
-1.5058035e-12
8.6221545e-13
-2.1980973e-12
1.2611348e-12
-3.195909e-12
1.8353388e-12
-4.6281597e-12
2.6581923e-12
-6.6747167e-12
3.8319379e-12
-9.5844392e-12
5.498081e-12
-1.3698443e-11
7.8510171e-12
-1.9479534e-11
1.1155714e-11
-2.754877e-11
1.5770419e-11
-3.87301e-11
2.2175547e-11
-5.4104206e-11
3.1010225e-11
-7.5073028e-11
4.3118302e-11
-1.0343723e-10
5.9606252e-11
-1.4149002e-10
8.1916142e-11
-1.9213202e-10
1.1191787e-10
-2.5901342e-10
1.5202418e-10
-3.4670785e-10
2.053349e-10
-4.6093394e-10
2.7581815e-10
-6.0873448e-10
3.6857154e-10
-7.9901589e-10
4.9006655e-10
-1.0426789e-09
6.4853053e-10
-1.3530664e-09
8.5428317e-10
-1.7462615e-09
1.1205014e-09
-2.2413209e-09
-2.8694418e-09
1.4624962e-09
1.223267e-16
-9.7683041e-16
5.9134749e-16
-3.7488328e-15
1.6178932e-15
-8.2136723e-15
3.5179947e-15
-1.522396e-14
6.7619582e-15
-2.6035613e-14
1.2045575e-14
-4.2492987e-14
2.0393155e-14
-6.7297029e-14
3.3306185e-14
-1.0439264e-13
5.2977153e-14
-1.5952654e-13
8.2596057e-14
-2.4104793e-13
1.2678812e-13
-3.6105282e-13
1.9223624e-13
-5.3701209e-13
2.8856174e-13
-7.9407461e-13
4.2956403e-13
-1.1683042e-12
6.3495434e-13
-1.7111943e-12
9.3276355e-13
-2.4959072e-12
1.36266e-12
-3.6258064e-12
1.9804808e-12
-5.2459822e-12
2.8643624e-12
-7.5586011e-12
4.1229476e-12
-1.0843029e-11
5.9062562e-12
-1.5481757e-11
8.4199254e-12
-2.199321e-11
1.194367e-11
-3.1072522e-11
1.6854991e-11
-4.3641427e-11
2.3659385e-11
-6.0908605e-11
3.3028641e-11
-8.4442287e-11
4.5849245e-11
-1.1625784e-10
6.328355e-11
-1.5892432e-10
8.6847269e-11
-2.1569573e-10
1.18509e-10
-2.9067515e-10
1.6081668e-10
-3.8901551e-10
2.1701322e-10
-5.1713044e-10
2.9131163e-10
-6.8303284e-10
3.8913516e-10
-8.9683938e-10
5.1731417e-10
-1.1708579e-09
6.8460987e-10
-1.5203621e-09
9.0199795e-10
-1.9636495e-09
1.1834895e-09
-2.5228122e-09
-3.2307749e-09
1.5448227e-09
1.3312975e-16
-1.1099513e-15
6.4347957e-16
-4.2591773e-15
1.7602383e-15
-9.3304282e-15
3.8267254e-15
-1.7290445e-14
7.3534757e-15
-2.9562363e-14
1.309517e-14
-4.8234685e-14
2.2161798e-14
-7.636367e-14
3.617882e-14
-1.1840969e-13
5.7517163e-14
-1.8086494e-13
8.9622373e-14
-2.7315323e-13
1.3748378e-13
-4.0891437e-13
2.0830031e-13
-6.0782883e-13
3.1242058e-13
-8.9819516e-13
4.6466283e-13
-1.3205468e-12
6.861563e-13
-1.9326882e-12
1.0068915e-12
-2.8166429e-12
1.4692239e-12
-4.0881397e-12
2.132646e-12
-5.9094056e-12
3.080223e-12
-8.5061801e-12
4.4271859e-12
-1.2189995e-11
6.3322844e-12
-1.738686e-11
9.0126325e-12
-2.4673563e-11
1.2762931e-11
-3.4822825e-11
1.7980156e-11
-4.8858655e-11
2.5195049e-11
-6.8123499e-11
3.5112132e-11
-9.4359369e-11
4.8660447e-11
-1.2980615e-10
6.7057889e-11
-1.7732175e-10
9.1892829e-11
-2.4053066e-10
1.2522872e-10
-3.2401101e-10
1.6974407e-10
-4.3353084e-10
2.2884195e-10
-5.7622831e-10
3.0695466e-10
-7.6114551e-10
4.0979115e-10
-9.9967583e-10
5.4460913e-10
-1.3056758e-09
7.2058801e-10
-1.6963409e-09
9.4931171e-10
-2.1923732e-09
1.2455065e-09
-2.8190068e-09
-3.6105517e-09
1.6252834e-09
1.4430916e-16
-1.2542515e-15
6.9742133e-16
-4.812284e-15
1.907505e-15
-1.0540508e-14
4.1460771e-15
-1.9529014e-14
7.9652149e-15
-3.3381499e-14
1.4180368e-14
-5.444984e-14
2.3989875e-14
-8.6173185e-14
3.9146908e-14
-1.3356674e-13
6.2206049e-14
-2.0392412e-13
9.6875564e-14
-3.0782282e-13
1.4851865e-13
-4.6055758e-13
2.2486337e-13
-6.8417372e-13
3.3700292e-13
-1.0103349e-12
5.0079675e-13
-1.4843409e-12
7.3882024e-13
-2.170712e-12
1.0830576e-12
-3.1608805e-12
1.5785912e-12
-4.5836736e-12
2.2886105e-12
-6.6194255e-12
3.3011479e-12
-9.5187188e-12
4.7380465e-12
-1.3626895e-11
6.7667772e-12
-1.9415593e-11
9.6158597e-12
-2.7522648e-11
1.3594805e-11
-3.8801773e-11
1.9119721e-11
-5.4383571e-11
2.6745999e-11
-7.5749775e-11
3.7209943e-11
-1.0482331e-10
5.1481693e-11
-1.4407789e-10
7.0832633e-11
-1.9667269e-10
9.6921424e-11
-2.6661945e-10
1.3190175e-10
-3.5899132e-10
1.7854115e-10
-4.8017021e-10
2.4043591e-10
-6.3812303e-10
3.2228651e-10
-8.4299608e-10
4.2996492e-10
-1.1073542e-09
5.7106119e-10
-1.4467721e-09
7.5520197e-10
-1.8804816e-09
9.9445957e-10
-2.4316308e-09
1.3041077e-09
-3.1286549e-09
-4.0069755e-09
1.7005316e-09
1.5559314e-16
-1.4098356e-15
7.5186098e-16
-5.4085462e-15
2.0561082e-15
-1.1844751e-14
4.4682611e-15
-2.1941163e-14
8.5822186e-15
-3.7495453e-14
1.5274554e-14
-6.1142175e-14
2.5832376e-14
-9.673101e-14
4.2137044e-14
-1.4987142e-13
6.6927237e-14
-2.2871435e-13
1.0417421e-13
-3.4506985e-13
1.5961483e-13
-5.1599829e-13
2.4150508e-13
-7.6606409e-13
3.6167953e-13
-1.1305095e-12
5.3703206e-13
-1.6596936e-12
7.9157111e-13
-2.4252511e-12
1.1592509e-12
-3.5285603e-12
1.6878388e-12
-5.1122615e-12
2.4441512e-12
-7.3757379e-12
3.5210717e-12
-1.059564e-11
5.0468679e-12
-1.5152692e-11
7.1974347e-12
-2.1566161e-11
1.0212235e-11
-3.0537449e-11
1.4414882e-11
-4.300442e-11
2.0239553e-11
-6.0208239e-11
2.8264726e-11
-8.3774942e-11
3.925619e-11
-1.1581476e-10
5.4221852e-11
-1.5904354e-10
7.4481556e-11
-2.1693238e-10
1.0175574e-10
-2.9389362e-10
1.3827644e-10
-3.95512e-10
1.869301e-10
-5.2882384e-10
2.5147059e-10
-7.0266348e-10
3.36712e-10
-9.2823747e-10
4.4878324e-10
-1.2194254e-09
5.9552953e-10
-1.5935184e-09
7.8688715e-10
-2.0718392e-09
1.0352774e-09
-2.680021e-09
1.3563027e-09
-3.4496802e-09
-4.4171019e-09
1.7664294e-09
1.6660729e-16
-1.5764338e-15
8.0498828e-16
-6.0469214e-15
2.2010997e-15
-1.3240858e-14
4.7825381e-15
-2.4522597e-14
9.1838988e-15
-4.1896809e-14
1.6341174e-14
-6.8299446e-14
2.762767e-14
-1.0801751e-13
4.5049057e-14
-1.6729282e-13
7.1522293e-14
-2.551876e-13
1.1127291e-13
-3.848205e-13
1.7039837e-13
-5.7512382e-13
2.576631e-13
-8.533289e-13
3.8561401e-13
-1.2584605e-12
5.721361e-13
-1.8462157e-12
8.4260645e-13
-2.6957214e-12
1.2328535e-12
-3.9188071e-12
1.7931881e-12
-5.6725955e-12
2.5938431e-12
-8.1763922e-12
3.7322445e-12
-1.173404e-11
5.3426313e-12
-1.6763078e-11
7.6086627e-12
-2.3832191e-11
1.0779792e-11
-3.3708577e-11
1.5192373e-11
-4.7416998e-11
2.1296712e-11
-6.6312571e-11
2.9691627e-11
-9.2169847e-11
4.1168548e-11
-1.2729167e-10
5.6767763e-11
-1.7464274e-10
7.7850161e-11
-2.3801476e-10
1.061885e-10
-3.2223194e-10
1.4408326e-10
-4.3340674e-10
1.9451346e-10
-5.7925402e-10
2.6134022e-10
-7.6949021e-10
3.4948559e-10
-1.0163828e-09
4.6525169e-10
-1.3351915e-09
6.1664635e-10
-1.7449131e-09
8.1377158e-10
-2.2689644e-09
1.0691958e-09
-2.9354451e-09
1.3985686e-09
-3.7790529e-09
-4.8366999e-09
1.8181668e-09
1.7694261e-16
-1.7533674e-15
8.5483314e-16
-6.724806e-15
2.3370982e-15
-1.4723117e-14
5.0772142e-15
-2.7262707e-14
9.747784e-15
-4.6567372e-14
1.7340198e-14
-7.5891854e-14
2.9307975e-14
-1.1998528e-13
4.7772216e-14
-1.8575706e-13
7.5815025e-14
-2.8323042e-13
1.1789682e-13
-4.2690232e-13
1.8044721e-13
-6.3767423e-13
2.7269723e-13
-9.4557895e-13
4.07845e-13
-1.3936083e-12
6.0467757e-13
-2.0430482e-12
8.898114e-13
-2.9808549e-12
1.3007624e-12
-4.3297575e-12
1.8901159e-12
-6.261948e-12
2.7311375e-12
-9.0174124e-12
3.9252482e-12
-1.2928149e-11
5.611883e-12
-1.8449711e-11
7.981372e-12
-2.6201678e-11
1.1291622e-11
-3.7018822e-11
1.5889573e-11
-5.2014942e-11
2.2238669e-11
-7.2661657e-11
3.0953932e-11
-1.008851e-10
4.2846736e-11
-1.3918445e-10
5.8981961e-11
-1.9077794e-10
8.0750973e-11
-2.5978375e-10
1.0996459e-10
-3.5144554e-10
1.4897143e-10
-4.7241357e-10
2.0081016e-10
-6.3109272e-10
2.6939994e-10
-8.3807998e-10
3.5973658e-10
-1.1067194e-09
4.7819148e-10
-1.4536464e-09
6.328126e-10
-1.8995342e-09
8.3368232e-10
-2.4698341e-09
1.0932585e-09
-3.1950212e-09
1.4268909e-09
-4.1126852e-09
-5.2601423e-09
1.8503335e-09
1.859865e-16
-1.939345e-15
8.9842705e-16
-7.4372408e-15
2.4559887e-15
-1.6280673e-14
5.3346946e-15
-3.0141406e-14
1.0240202e-14
-5.1472872e-14
1.8211984e-14
-8.3863628e-14
3.0773025e-14
-1.3254631e-13
5.0144141e-14
-2.0512817e-13
7.9549687e-14
-3.1263596e-13
1.2365177e-13
-4.710044e-13
1.8916407e-13
-7.0318654e-13
2.8571508e-13
-1.04213e-12
4.2705471e-13
-1.5349479e-12
6.3272969e-13
-2.248723e-12
9.3039241e-13
-3.2785172e-12
1.3589564e-12
-4.7583206e-12
1.9728695e-12
-6.8758598e-12
2.8478458e-12
-9.8923867e-12
4.0884758e-12
-1.4168776e-11
5.8382313e-12
-2.0199463e-11
8.2924931e-12
-2.8655935e-11
1.1715376e-11
-4.0441699e-11
1.6461315e-11
-5.6760873e-11
2.3002654e-11
-7.9202983e-11
3.1964835e-11
-1.0984726e-10
4.41713e-11
-1.513909e-10
6.0700833e-11
-2.0730745e-10
8.2960742e-11
-2.8204363e-10
1.1278001e-10
-3.8126479e-10
1.5252737e-10
-5.1216091e-10
2.0526032e-10
-6.8382564e-10
2.7490565e-10
-9.077253e-10
3.6645858e-10
-1.1982724e-09
4.8624821e-10
-1.573436e-09
6.4220687e-10
-2.0554929e-09
8.4416991e-10
-2.671797e-09
1.1041691e-09
-3.4550203e-09
1.436843e-09
-4.4453589e-09
-5.6803312e-09
1.8570322e-09
1.9326811e-16
-2.1326042e-15
9.3351607e-16
-8.177482e-15
2.5516148e-15
-1.7898767e-14
5.5415692e-15
-3.3131354e-14
1.0635271e-14
-5.6566565e-14
1.8910154e-14
-9.2138502e-14
3.1943712e-14
-1.4557986e-13
5.2034462e-14
-2.2521891e-13
8.2516723e-14
-3.4311821e-13
1.2820708e-13
-5.1669475e-13
1.9603455e-13
-7.71014e-13
2.9592523e-13
-1.1420206e-12
4.4203645e-13
-1.681059e-12
6.5446686e-13
-2.4611532e-12
9.6160743e-13
-3.5856573e-12
1.4033463e-12
-5.2000585e-12
2.035397e-12
-7.5079088e-12
2.9350854e-12
-1.0792073e-11
4.2090089e-12
-1.5442696e-11
6.0030686e-12
-2.1993518e-11
8.5154847e-12
-3.1168345e-11
1.2013545e-11
-4.3939751e-11
1.6855032e-11
-6.1602347e-11
2.3515534e-11
-8.5863468e-11
3.2623238e-11
-1.1895494e-10
4.5003289e-11
-1.6377092e-10
6.1734361e-11
-2.240385e-10
8.4220761e-11
-3.0453001e-10
1.1428385e-10
-4.1132786e-10
1.5427694e-10
-5.5215399e-10
2.0722753e-10
-7.367762e-10
2.7700607e-10
-9.7750383e-10
3.6851318e-10
-1.2897795e-09
4.8790489e-10
-1.6928277e-09
6.428121e-10
-2.2104001e-09
8.4255759e-10
-2.8715424e-09
1.0983759e-09
-3.7108385e-09
1.4237173e-09
-4.7707001e-09
-6.0886627e-09
1.8320491e-09
1.9771896e-16
-2.3303148e-15
9.5489993e-16
-8.9346564e-15
2.6097566e-15
-1.9553619e-14
5.6670569e-15
-3.6188648e-14
1.0874275e-14
-6.1773774e-14
1.9331188e-14
-1.005954e-13
3.2647036e-14
-1.5889569e-13
5.3165049e-14
-2.457369e-13
8.428194e-14
-3.7423509e-13
1.309005e-13
-5.6331329e-13
2.0006754e-13
-8.4018101e-13
3.0186799e-13
-1.243821e-12
4.5067001e-13
-1.8298609e-12
6.6684649e-13
-2.6773294e-12
9.7913603e-13
-3.8979462e-12
1.427852e-12
-5.6487734e-12
2.0692021e-12
-8.149257e-12
2.9810431e-12
-1.1703911e-11
4.2704669e-12
-1.6732116e-11
6.0836974e-12
-2.3806742e-11
8.6188827e-12
-3.3703522e-11
1.2142497e-11
-4.7463355e-11
1.7010257e-11
-6.6470093e-11
2.3693703e-11
-9.2546896e-11
3.2813982e-11
-1.280752e-10
4.5184803e-11
-1.7614172e-10
6.1867123e-11
-2.407208e-10
8.4238572e-11
-3.2690144e-10
1.1408096e-10
-4.4117023e-10
1.5368895e-10
-5.9176197e-10
2.0600178e-10
-7.8908901e-10
2.7475549e-10
-1.0462575e-09
3.6464665e-10
-1.3796707e-09
4.8150851e-10
-1.8096895e-09
6.3246095e-10
-2.3613524e-09
8.260183e-10
-3.0650997e-09
1.0721988e-09
-3.9570187e-09
1.3827149e-09
-5.0812162e-09
-6.4750188e-09
1.7690715e-09
1.9921539e-16
-2.5295224e-15
9.6206992e-16
-9.6975047e-15
2.6290711e-15
-2.1220615e-14
5.7080929e-15
-3.9267663e-14
1.0950731e-14
-6.7016403e-14
1.9462039e-14
-1.091067e-13
3.2857689e-14
-1.7229133e-13
5.348821e-14
-2.6636741e-13
8.4757579e-14
-4.0550443e-13
1.3157381e-13
-6.1012949e-13
2.009829e-13
-9.0959006e-13
3.0305559e-13
-1.3458936e-12
4.5211952e-13
-1.9789246e-12
6.6845887e-13
-2.8936684e-12
9.806393e-13
-4.210126e-12
1.4286596e-12
-6.0967924e-12
2.0681816e-12
-8.788777e-12
2.9761476e-12
-1.2611874e-11
4.2581592e-12
-1.8014123e-11
6.0580648e-12
-2.5606642e-11
8.570292e-12
-3.6215741e-11
1.2055579e-11
-5.0948631e-11
1.6860935e-11
-7.1275433e-11
2.3444899e-11
-9.913084e-11
3.2409535e-11
-1.3703981e-10
4.4541001e-11
-1.8827316e-10
6.0861017e-11
-2.5704079e-10
8.2691849e-11
-3.4873226e-10
1.1173747e-10
-4.7021584e-10
1.5018275e-10
-6.3020724e-10
2.0081061e-10
-8.3971685e-10
2.6713198e-10
-1.1125789e-09
3.5351659e-10
-1.4660553e-09
4.6531078e-10
-1.9214837e-09
6.0890028e-10
-2.5049419e-09
7.9168049e-10
-3.2478797e-09
1.0219999e-09
-4.1873378e-09
1.3091784e-09
-5.3683945e-09
-6.8277674e-09
1.6619275e-09
1.9550133e-16
-2.7250168e-15
9.439488e-16
-1.0445946e-14
2.5791807e-15
-2.2855842e-14
5.5990098e-15
-4.2287485e-14
1.0739847e-14
-7.215723e-14
1.9083935e-14
-1.1745078e-13
3.2212825e-14
-1.854202e-13
5.2426163e-14
-2.8658073e-13
8.3052271e-14
-4.3613052e-13
1.2888693e-13
-6.5596411e-13
1.9680996e-13
-9.7751302e-13
2.9664634e-13
-1.4457299e-12
4.4236062e-13
-2.1246387e-12
6.537006e-13
-3.105008e-12
9.5843933e-13
-4.514864e-12
1.3954034e-12
-6.5337552e-12
2.0185198e-12
-9.4118912e-12
2.9021626e-12
-1.3495513e-11
4.1481361e-12
-1.9260091e-11
5.8946967e-12
-2.7353195e-11
8.328094e-12
-3.8649128e-11
1.1697223e-11
-5.4317747e-11
1.6332131e-11
-7.5910325e-11
2.2667341e-11
-1.0546603e-10
3.1271242e-11
-1.4564369e-10
4.2883168e-11
-1.9988507e-10
5.8460131e-11
-2.7261774e-10
7.9235354e-11
-3.6950746e-10
1.0679041e-10
-4.9777088e-10
1.4314153e-10
-6.6655836e-10
1.9083789e-10
-8.8741319e-10
2.5306388e-10
-1.1748049e-09
3.3372941e-10
-1.5467209e-09
4.3752262e-10
-2.0252768e-09
5.6987386e-10
-2.637293e-09
7.3676493e-10
-3.4147706e-09
9.4442412e-10
-4.3949966e-09
1.1989222e-09
-5.6228924e-09
-7.1339187e-09
1.5050741e-09
1.8809565e-16
-2.9131065e-15
9.0823035e-16
-1.1166076e-14
2.4813644e-15
-2.4428972e-14
5.3856194e-15
-4.5191734e-14
1.0327632e-14
-7.7099234e-14
1.8344818e-14
-1.2546795e-13
3.0951457e-14
-1.9802683e-13
5.034652e-14
-3.0597577e-13
7.9708015e-14
-4.6549198e-13
1.2360778e-13
-6.9986384e-13
1.8859276e-13
-1.0424979e-12
2.8399438e-13
-1.5411314e-12
4.2304762e-13
-2.2636917e-12
6.2442585e-13
-3.3063858e-12
9.1432713e-13
-4.8047646e-12
1.3292824e-12
-6.9487092e-12
1.9198944e-12
-1.0002501e-11
2.7557603e-12
-1.4331375e-11
3.9318726e-12
-2.0436199e-11
5.5768468e-12
-2.8998163e-11
7.8633754e-12
-4.0935648e-11
1.1021389e-11
-5.7475749e-11
1.5354531e-11
-8.0243451e-11
2.126073e-11
-1.1137221e-10
2.9257941e-11
-1.5364088e-10
4.0016403e-11
-2.1064351e-10
5.4398987e-11
-2.870003e-10
7.3511144e-11
-3.8861961e-10
9.8761313e-11
-5.2302104e-10
1.3193091e-10
-6.9972796e-10
1.7524955e-10
-9.3073182e-10
2.3146507e-10
-1.2310204e-09
3.0388829e-10
-1.6191442e-09
3.9637941e-10
-2.1177679e-09
5.1321555e-10
-2.754129e-09
6.587466e-10
-3.5603015e-09
8.3679105e-10
-4.5730406e-09
1.0492522e-09
-5.8353533e-09
-7.379702e-09
1.2950361e-09
1.7253144e-16
-3.0856334e-15
8.3278047e-16
-1.1826321e-14
2.274663e-15
-2.5870851e-14
4.9359081e-15
-4.7852974e-14
9.4630911e-15
-8.162641e-14
1.6804868e-14
-1.3280972e-13
2.8345037e-14
-2.0956698e-13
4.6091651e-14
-3.2372236e-13
7.2944555e-14
-4.9234485e-13
1.1307193e-13
-7.3999116e-13
1.7243714e-13
-1.1018631e-12
2.5953103e-13
-1.6282251e-12
3.8638193e-13
-2.3905424e-12
5.6993676e-13
-3.4899402e-12
8.3393093e-13
-5.068758e-12
1.211392e-12
-7.326169e-12
1.7479511e-12
-1.0539058e-11
2.5061664e-12
-1.5089587e-11
3.5710916e-12
-2.1501119e-11
5.0573573e-12
-3.0484421e-11
7.1180734e-12
-4.2996355e-11
9.9559285e-12
-6.0313592e-11
1.3836952e-11
-8.412446e-11
1.9107554e-11
-1.1664279e-10
2.6215632e-11
-1.6074894e-10
3.5736716e-11
-2.2016457e-10
4.8406211e-11
-2.9966978e-10
6.5158501e-11
-4.053719e-10
8.7172756e-11
-5.450353e-10
1.1592314e-10
-7.2847834e-10
1.5322721e-10
-9.6803589e-10
2.0127991e-10
-1.2790731e-09
2.62651e-10
-1.6805153e-09
3.4021061e-10
-2.1953274e-09
4.3692496e-10
-2.8508431e-09
5.5543679e-10
-3.678813e-09
6.9737225e-10
-4.7149756e-09
8.6108734e-10
-5.999068e-09
-7.5504661e-09
1.0318516e-09
1.571377e-16
-3.242768e-15
7.5845044e-16
-1.2427631e-14
2.0713927e-15
-2.7183791e-14
4.4938879e-15
-5.0275465e-14
8.6131408e-15
-8.5745657e-14
1.5289752e-14
-1.3948632e-13
2.5777529e-14
-2.2005474e-13
4.1893385e-14
-3.398382e-13
6.6257097e-14
-5.1670854e-13
1.0262777e-13
-7.7636179e-13
1.5637301e-13
-1.1556082e-12
2.3511853e-13
-1.7069705e-12
3.4963995e-13
-2.5050636e-12
5.1507577e-13
-3.6553756e-12
7.5255918e-13
-5.3062407e-12
1.091387e-12
-7.6649957e-12
1.5718642e-12
-1.1019534e-11
2.2489801e-12
-1.5766701e-11
3.1970884e-12
-2.2449223e-11
4.5157756e-12
-3.1803102e-11
6.3371184e-12
-4.4817689e-11
8.8345611e-12
-6.2811024e-11
1.22337e-11
-8.7523585e-11
1.6825362e-11
-1.2123444e-10
2.2981475e-11
-1.6690503e-10
3.1174326e-11
-2.2835741e-10
4.199967e-11
-3.1049512e-10
5.620366e-11
-4.1957588e-10
7.4712239e-11
-5.6354389e-10
9.8659086e-11
-7.524252e-10
1.2940387e-10
-9.9878069e-10
1.6852609e-10
-1.3181954e-09
2.1777109e-10
-1.7297603e-09
2.7891517e-10
-2.2564713e-09
3.5350717e-10
-2.9254348e-09
4.4244901e-10
-3.7677545e-09
5.4551353e-10
-4.8180395e-09
6.6063967e-10
-6.1141937e-09
-7.6908006e-09
8.0097459e-10
1.2230101e-16
-3.3650683e-15
5.9013193e-16
-1.2895462e-14
1.6110207e-15
-2.8204677e-14
3.4931019e-15
-5.2157544e-14
6.6900859e-15
-8.8942636e-14
1.186526e-14
-1.4466149e-13
1.9982229e-14
-2.281717e-13
3.2432909e-14
-3.5228886e-13
5.121707e-14
-5.3549267e-13
7.9192572e-14
-8.0433724e-13
1.2042163e-13
-1.1968372e-12
1.8064602e-13
-1.7671947e-12
2.679329e-13
-2.5923502e-12
3.9354324e-13
-3.7809855e-12
5.7308465e-13
-5.4857814e-12
8.2802057e-13
-7.9199305e-12
1.1876145e-12
-1.1379126e-11
1.6913914e-12
-1.6270475e-11
2.3921954e-12
-2.3150023e-11
3.3599156e-12
-3.2770817e-11
4.6859387e-12
-4.6143705e-11
6.4883798e-12
-6.4613456e-11
8.9181455e-12
-8.9953339e-11
1.2165902e-11
-1.2448218e-10
1.6470045e-11
-1.7120916e-10
2.2125719e-11
-2.3401307e-10
2.9494681e-11
-3.1786407e-10
3.9015077e-11
-4.2909628e-10
5.1208682e-11
-5.7573751e-10
6.6680473e-11
-7.6789701e-10
8.6101182e-11
-1.0182014e-09
1.1015777e-10
-1.342252e-09
1.394503e-10
-1.7590528e-09
1.74308e-10
-2.2913287e-09
2.1449474e-10
-2.9656212e-09
2.5877876e-10
-3.812038e-09
3.0451544e-10
-4.8637756e-09
3.4720775e-10
-6.1568853e-09
-7.727172e-09
3.8357855e-10
7.9542475e-17
-3.444612e-15
3.8342312e-16
-1.3199343e-14
1.0457552e-15
-2.8867008e-14
2.2650988e-15
-5.3376886e-14
4.3327607e-15
-9.1010296e-14
7.6728591e-15
-1.4800158e-13
1.2898689e-14
-2.3339752e-13
2.0891534e-14
-3.6028169e-13
3.2910115e-14
-5.4751122e-13
5.0741331e-14
-8.221684e-13
7.6905974e-14
-1.2230018e-12
1.149363e-13
-1.8052249e-12
1.6974568e-13
-2.6471593e-12
2.4811307e-13
-3.8593525e-12
3.5930598e-13
-5.5969736e-12
5.1586319e-13
-8.0764865e-12
7.3455084e-13
-1.1597812e-11
1.0374903e-12
-1.6573412e-11
1.4534327e-12
-2.3565962e-11
2.0191218e-12
-3.3336502e-11
2.7806494e-12
-4.6905226e-11
3.7946701e-12
-6.5627468e-11
5.1293028e-12
-9.1287963e-11
6.8645104e-12
-1.2621738e-10
9.0916639e-12
-1.7343631e-10
1.1911812e-11
-2.3683321e-10
1.5431748e-11
-3.2138401e-10
1.9756085e-11
-4.3342063e-10
2.4971919e-11
-5.8095337e-10
3.1119996e-11
-7.7404512e-10
3.8142392e-11
-1.0252238e-09
4.5791906e-11
-1.3499015e-09
5.3484097e-11
-1.7667449e-09
6.0071684e-11
-2.297916e-09
6.3521606e-11
-2.9690706e-09
6.0425943e-11
-3.808942e-09
4.557062e-11
-4.8489201e-09
1.1140762e-11
-6.122454e-09
-7.6641556e-09
-5.1874374e-11
3.2690973e-17
-3.4773064e-15
1.5719812e-16
-1.3323852e-14
4.2743768e-16
-2.9137249e-14
9.2208449e-16
-5.3871534e-14
1.7546744e-15
-9.1842886e-14
3.0873619e-15
-1.4933427e-13
5.1494579e-15
-2.3545961e-13
8.2620321e-15
-3.6339425e-13
1.2869947e-14
-5.5211911e-13
1.9582535e-14
-8.2888093e-13
2.9223513e-14
-1.2326426e-12
4.2889235e-14
-1.8188904e-12
6.2011439e-14
-2.6662812e-12
8.8415319e-14
-3.8857559e-12
1.2435476e-13
-5.6329123e-12
1.7249234e-13
-8.1246231e-12
2.3577002e-13
-1.1661088e-11
3.170856e-13
-1.6654725e-11
4.1864754e-13
-2.3667522e-11
5.4082598e-13
-3.3458676e-11
6.8025016e-13
-4.7044646e-11
8.268239e-13
-6.5774036e-11
9.5924093e-13
-9.1420373e-11
1.0384744e-12
-1.2629661e-10
9.9855702e-13
-1.7339639e-10
7.3368279e-13
-2.3656834e-10
8.0114229e-14
-3.2073045e-10
-1.2096254e-12
-4.3213091e-10
-3.5044783e-12
-5.7865855e-10
-7.3512729e-12
-7.7019837e-10
-1.3560105e-11
-1.019015e-09
-2.3332822e-11
-1.3401288e-09
-3.8451045e-11
-1.7516265e-09
-6.1535046e-11
-2.2748316e-09
-9.6362537e-11
-2.9342428e-09
-1.4844316e-10
-3.756861e-09
-2.2547658e-10
-4.771886e-09
-3.3812907e-10
-6.0098017e-09
-7.5034232e-09
-4.988603e-10
-1.9268508e-17
-3.4580436e-15
-9.3797826e-17
-1.3249327e-14
-2.5860005e-16
-2.8972448e-14
-5.6768164e-16
-5.3562454e-14
-1.1039707e-15
-9.1306599e-14
-1.9943503e-15
-1.4844389e-13
-3.4323967e-15
-2.3402156e-13
-5.7127343e-15
-3.611139e-13
-9.2828768e-15
-5.4854893e-13
-1.4821344e-14
-8.2334241e-13
-2.3355173e-14
-1.2241087e-12
-3.6436333e-14
-1.8058091e-12
-5.6405868e-14
-2.6463114e-12
-8.6788104e-14
-3.8553731e-12
-1.3287644e-13
-5.5868232e-12
-2.0259917e-13
-8.0548993e-12
-3.0779045e-13
-1.1555895e-11
-4.6604044e-13
-1.6496474e-11
-7.0336107e-13
-2.3430199e-11
-1.0579812e-12
-3.3104054e-11
-1.5856761e-12
-4.6516947e-11
-2.3671439e-12
-6.4992564e-11
-3.5180681e-12
-9.0269445e-11
-5.2026735e-12
-1.24612e-10
-7.6518273e-12
-1.7094723e-10
-1.118713e-11
-2.3303304e-10
-1.6253085e-11
-3.1566451e-10
-2.34605e-11
-4.2492353e-10
-3.3645871e-11
-5.6847322e-10
-4.7953874e-11
-7.5589041e-10
-6.7953001e-11
-9.9901593e-10
-9.5797629e-11
-1.3122841e-09
-1.344515e-10
-1.7129724e-09
-1.8797898e-10
-2.2213037e-09
-2.6181697e-10
-2.8604044e-09
-3.6329751e-10
-3.6553801e-09
-5.0277482e-10
-4.6324073e-09
-6.9261372e-10
-5.8199629e-09
-7.2480757e-09
-9.4796056e-10
-7.3668629e-17
-3.3843831e-15
-3.5650788e-16
-1.2966493e-14
-9.765681e-16
-2.8352391e-14
-2.1267283e-15
-5.2412298e-14
-4.095573e-15
-8.9337758e-14
-7.3125926e-15
-1.4522687e-13
-1.2414187e-14
-2.2891997e-13
-2.0339841e-14
-3.5318823e-13
-3.2471959e-14
-5.3641678e-13
-5.0838648e-14
-8.0497565e-13
-7.8406986e-14
-1.1965402e-12
-1.195058e-13
-1.76471e-12
-1.8043288e-13
-2.5853839e-12
-2.7032352e-13
-3.7654819e-12
-4.0238648e-13
-5.4547595e-12
-5.9565293e-13
-7.8616318e-12
-8.774346e-13
-1.1274112e-11
-1.2867523e-12
-1.6087154e-11
-1.8790764e-12
-2.2837873e-11
-2.7328194e-12
-3.2250309e-11
-3.9581367e-12
-4.5291628e-11
-5.7087321e-12
-6.3241968e-11
-8.1975319e-12
-8.7780645e-11
-1.1717313e-11
-1.2109222e-10
-1.6667672e-11
-1.6599688e-10
-2.3590187e-11
-2.2611055e-10
-3.3214335e-11
-3.0604039e-10
-4.6517783e-11
-4.1162012e-10
-6.4806145e-11
-5.5018491e-10
-8.9819255e-11
-7.3087736e-10
-1.2387313e-10
-9.6496208e-10
-1.7004901e-10
-1.2661081e-09
-2.3244403e-10
-1.6505771e-09
-3.1651093e-10
-2.1372363e-09
-4.2949915e-10
-2.7474158e-09
-5.8001524e-10
-3.5048636e-09
-7.8000091e-10
-4.4324208e-09
-1.044461e-09
-5.5555028e-09
-6.90209e-09
-1.3904465e-09
-1.2995072e-16
-3.2544427e-15
-6.2831639e-16
-1.2468135e-14
-1.7193639e-15
-2.7261348e-14
-3.7394986e-15
-5.0392169e-14
-7.1897384e-15
-8.5887524e-14
-1.281196e-14
-1.3960465e-13
-2.169938e-14
-2.2003255e-13
-3.5456201e-14
-3.394314e-13
-5.6427664e-14
-5.154453e-13
-8.8030453e-14
-7.733728e-13
-1.3522559e-13
-1.149345e-12
-2.0519251e-13
-1.6947429e-12
-3.0828565e-13
-2.4822904e-12
-4.5938489e-13
-3.6143822e-12
-6.7979098e-13
-5.2343527e-12
-9.9986845e-13
-7.5415535e-12
-1.4627034e-12
-1.0811276e-11
-2.1291246e-12
-1.5420732e-11
-3.0845344e-12
-2.1882463e-11
-4.4481117e-12
-3.0886731e-11
-6.3850892e-12
-4.3354651e-11
-9.1229679e-12
-6.050409e-11
-1.2972736e-11
-8.393088e-11
-1.8356426e-11
-1.1570854e-10
-2.5842695e-11
-1.5851063e-10
-3.6192659e-11
-2.1576061e-10
-5.0418925e-11
-2.9181416e-10
-6.9861763e-11
-3.9217733e-10
-9.6287652e-11
-5.2375908e-10
-1.3201678e-10
-6.9514829e-10
-1.8008731e-10
-9.1689155e-10
-2.4446444e-10
-1.2017309e-09
-3.3029853e-10
-1.5647427e-09
-4.4422326e-10
-2.0233112e-09
-5.9489887e-10
-2.5967395e-09
-7.9326175e-10
-3.3065e-09
-1.0519513e-09
-4.1737303e-09
-1.3872833e-09
-5.2201708e-09
-6.4709441e-09
-1.8184298e-09
-1.8628119e-16
-3.0681739e-15
-9.0033347e-16
-1.1754091e-14
-2.4626847e-15
-2.5699002e-14
-5.3533268e-15
-4.7501533e-14
-1.0285772e-14
-8.0955086e-14
-1.831433e-14
-1.315761e-13
-3.0989027e-14
-2.0735785e-13
-5.0578668e-14
-3.1984175e-13
-8.0390979e-14
-4.8563295e-13
-1.2523043e-13
-7.2853327e-13
-1.9205037e-13
-1.0825249e-12
-2.9087777e-13
-1.5959153e-12
-4.3611793e-13
-2.3370499e-12
-6.4838477e-13
-3.4021147e-12
-9.5705191e-13
-4.9256847e-12
-1.4037827e-12
-7.0948216e-12
-2.0473757e-12
-1.0167682e-11
-2.9703576e-12
-1.449775e-11
-4.2878687e-12
-2.0564951e-11
-6.1595205e-12
-2.9015079e-11
-8.8050607e-12
-4.0709112e-11
-1.2524868e-11
-5.6784286e-11
-1.7726529e-11
-7.8729226e-11
-2.4959055e-11
-1.0847603e-10
-3.4956684e-11
-1.4851303e-10
-4.8694806e-11
-2.0202253e-10
-6.746124e-11
-2.7304778e-10
-9.2947039e-11
-3.666916e-10
-1.2736199e-10
-4.893442e-10
-1.7358085e-10
-6.4892949e-10
-2.3532671e-10
-8.551457e-10
-3.1739713e-10
-1.1196604e-09
-4.2593638e-10
-1.4562031e-09
-5.6875862e-10
-1.8804884e-09
-7.5554962e-10
-2.4099478e-09
-9.9873994e-10
-3.063309e-09
-1.3127253e-09
-3.8597442e-09
-1.7144913e-09
-4.8184047e-09
-5.9609556e-09
-2.2244801e-09
-2.413663e-16
-2.8268221e-15
-1.1663312e-15
-1.0829137e-14
-3.1895256e-15
-2.3675814e-14
-6.9312715e-15
-4.3759796e-14
-1.3312703e-14
-7.4573665e-14
-2.3693304e-14
-1.2119551e-13
-4.0069155e-14
-1.9098201e-13
-6.5357766e-14
-2.9455314e-13
-1.0380593e-13
-4.4718476e-13
-1.6157151e-13
-6.7076763e-13
-2.4754976e-13
-9.9654649e-13
-3.745415e-13
-1.4689233e-12
-5.6089551e-13
-2.1506954e-12
-8.3280368e-13
-3.1302059e-12
-1.2274865e-12
-4.5310011e-12
-1.79758e-12
-6.5247272e-12
-2.6171274e-12
-9.3481342e-12
-3.7896847e-12
-1.3325192e-11
-5.459181e-12
-1.8895455e-11
-7.8243195e-12
-2.6649942e-11
-1.1157477e-11
-3.7375957e-11
-1.5829268e-11
-5.2112502e-11
-2.2340182e-11
-7.2218323e-11
-3.1361053e-11
-9.9455181e-11
-4.3784521e-11
-1.3608959e-10
-6.0790271e-11
-1.8501683e-10
-8.3927489e-11
-2.4991063e-10
-1.1521882e-10
-3.3540034e-10
-1.5729074e-10
-4.4727234e-10
-2.1353566e-10
-5.9268462e-10
-2.8831035e-10
-7.80371e-10
-3.8717331e-10
-1.0207972e-09
-5.1715908e-10
-1.3262169e-09
-6.8707477e-10
-1.7105721e-09
-9.0780457e-10
-2.1892174e-09
-1.192642e-09
-2.7784711e-09
-1.5573701e-09
-3.4950155e-09
-2.0200592e-09
-4.3557152e-09
-5.3791368e-09
-2.6018782e-09
-2.9360776e-16
-2.5332308e-15
-1.4185884e-15
-9.7041682e-15
-3.8787964e-15
-2.1215614e-14
-8.427592e-15
-3.921101e-14
-1.6182914e-14
-6.6818355e-14
-2.8793479e-14
-1.0858496e-13
-4.8678042e-14
-1.7109745e-13
-7.9368695e-14
-2.6386248e-13
-1.2600172e-13
-4.0055171e-13
-1.9601656e-13
-6.0075272e-13
-3.001469e-13
-8.9241601e-13
-4.5381873e-13
-1.3152512e-12
-6.7911154e-13
-1.9254022e-12
-1.007492e-12
-2.8018249e-12
-1.4835972e-12
-4.0548952e-12
-2.1704283e-12
-5.8378954e-12
-3.1564179e-12
-8.3621442e-12
-4.5649551e-12
-1.1916655e-11
-6.5670918e-12
-1.689332e-11
-9.3983149e-12
-2.3818722e-11
-1.3380453e-11
-3.3393825e-11
-1.8950003e-11
-4.6542961e-11
-2.6694439e-11
-6.4473904e-11
-3.73984e-11
-8.8751249e-11
-5.210213e-11
-1.2138591e-10
-7.2175103e-11
-1.6494392e-10
-9.9408446e-11
-2.2267736e-10
-1.3613041e-10
-2.9867846e-10
-1.8534949e-10
-3.9805334e-10
-2.5092952e-10
-5.2710463e-10
-3.3779959e-10
-6.9350091e-10
-4.5219821e-10
-9.0639838e-10
-6.0194547e-10
-1.1764692e-09
-7.9672662e-10
-1.5157903e-09
-1.048371e-09
-1.9375723e-09
-1.371084e-09
-2.4557573e-09
-1.7815448e-09
-3.084554e-09
-2.2988189e-09
-3.8384408e-09
-4.7332091e-09
-2.9447468e-09
-3.416017e-16
-2.191647e-15
-1.6503249e-15
-8.3954573e-15
-4.5119804e-15
-1.8353968e-14
-9.802096e-15
-3.3920906e-14
-1.8819312e-14
-5.7801152e-14
-3.3477861e-14
-9.392642e-14
-5.6584436e-14
-1.4799089e-13
-9.2235071e-14
-2.2821184e-13
-1.4638202e-13
-3.4640474e-13
-2.2764008e-13
-5.1949458e-13
-3.4842838e-13
-7.7162756e-13
-5.2657873e-13
-1.1371006e-12
-7.8758824e-13
-1.6643923e-12
-1.1677534e-12
-2.4216591e-12
-1.7184988e-12
-3.5041491e-12
-2.5123054e-12
-5.0440881e-12
-3.6507582e-12
-7.2236911e-12
-5.2753602e-12
-1.0292054e-11
-7.5819138e-12
-1.4586768e-11
-1.0839439e-11
-2.0561201e-11
-1.5414794e-11
-2.8818477e-11
-2.1804387e-11
-4.0153381e-11
-3.0674657e-11
-5.5603656e-11
-4.2913364e-11
-7.6512578e-11
-5.9694185e-11
-1.0460515e-10
-8.2557698e-11
-1.4208048e-10
-1.1351244e-10
-1.9172272e-10
-1.5516019e-10
-2.5703081e-10
-2.108497e-10
-3.4236391e-10
-2.8486221e-10
-4.5309216e-10
-3.8262973e-10
-5.9573335e-10
-5.1098285e-10
-7.7804507e-10
-6.78418e-10
-1.0090337e-09
-8.9536532e-10
-1.2988422e-09
-1.1744336e-09
-1.6585034e-09
-1.5305959e-09
-2.0995942e-09
-1.9812533e-09
-2.6338961e-09
-2.54623e-09
-3.2734639e-09
-4.031448e-09
-3.2479913e-09
-3.8393373e-16
-1.8077328e-15
-1.85472e-15
-6.924685e-15
-5.0704233e-15
-1.5138275e-14
-1.1014303e-14
-2.7977038e-14
-2.1144324e-14
-4.7671146e-14
-3.7608803e-14
-7.7461955e-14
-6.3556406e-14
-1.220433e-13
-1.0358025e-13
-1.88188e-13
-1.6435171e-13
-2.8563325e-13
-2.5552132e-13
-4.283249e-13
-3.9099315e-13
-6.3615558e-13
-5.9071828e-13
-9.3737517e-13
-8.8320363e-13
-1.3719065e-12
-1.3089981e-12
-1.995864e-12
-1.9254999e-12
-2.8876466e-12
-2.8135305e-12
-4.156057e-12
-4.0862395e-12
-5.9509819e-12
-5.9010478e-12
-8.4772462e-12
-8.4754908e-12
-1.2012327e-11
-1.2108007e-11
-1.692869e-11
-1.7204917e-11
-2.3721577e-11
-2.4315066e-11
-3.3043248e-11
-3.4173914e-11
-4.5744834e-11
-4.7759202e-11
-6.2927334e-11
-6.636081e-11
-8.6003606e-11
-9.1667974e-11
-1.1677341e-10
-1.2587758e-10
-1.5751323e-10
-1.7182756e-10
-2.1108094e-10
-2.3315919e-10
-2.8103238e-10
-3.1451059e-10
-3.7174078e-10
-4.2174101e-10
-4.8850282e-10
-5.6217991e-10
-6.3760593e-10
-7.4488774e-10
-8.2632538e-10
-9.8090737e-10
-1.0628218e-09
-1.2834792e-09
-1.355931e-09
-1.6681897e-09
-1.714883e-09
-2.1530222e-09
-2.1490632e-09
-2.7583808e-09
-2.6681052e-09
-3.282557e-09
-3.5072721e-09
-4.1942559e-16
-1.388328e-15
-2.0260813e-15
-5.3180447e-15
-5.5386021e-15
-1.1625764e-14
-1.2030538e-14
-2.1485116e-14
-2.3093367e-14
-3.6608333e-14
-4.1071543e-14
-5.9483797e-14
-6.9400226e-14
-9.3714626e-14
-1.130889e-13
-1.4449933e-13
-1.7941121e-13
-2.1931091e-13
-2.7888491e-13
-3.2885113e-13
-4.2665716e-13
-4.8838318e-13
-6.4445263e-13
-7.1957943e-13
-9.6329641e-13
-1.0530623e-12
-1.4272938e-12
-1.531866e-12
-2.0988374e-12
-2.2161023e-12
-3.0657182e-12
-3.1891757e-12
-4.4507459e-12
-4.5659543e-12
-6.4246297e-12
-6.5033636e-12
-9.2230384e-12
-9.2139221e-12
-1.3168939e-11
-1.2982795e-11
-1.8701529e-11
-1.8188998e-11
-2.6413301e-11
-2.5331494e-11
-3.7097099e-11
-3.5061067e-11
-5.1805371e-11
-4.8219113e-11
-7.1924317e-11
-6.5884739e-11
-9.9266149e-11
-8.9431693e-11
-1.3618318e-10
-1.2059633e-10
-1.8570767e-10
-1.615566e-10
-2.5172066e-10
-2.1501947e-10
-3.391516e-10
-2.8430982e-10
-4.5420645e-10
-3.7344777e-10
-6.0461673e-10
-4.8719533e-10
-7.9989346e-10
-6.3104807e-10
-1.0515636e-09
-8.1115096e-10
-1.3733604e-09
-1.0341336e-09
-1.7813442e-09
-1.3068987e-09
-2.2939465e-09
-1.6364607e-09
-2.9320119e-09
-2.0300397e-09
-2.4955768e-09
-3.7189922e-09
-4.4629667e-16
-9.4205322e-16
-2.1558418e-15
-3.6085164e-15
-5.8932492e-15
-7.8883674e-15
-1.280083e-14
-1.4577549e-14
-2.4572164e-14
-2.4837017e-14
-4.3702498e-14
-4.0353483e-14
-7.3848642e-14
-6.3568499e-14
-1.2034421e-13
-9.8003777e-14
-1.9093356e-13
-1.4872155e-13
-2.9681125e-13
-2.2297338e-13
-4.5409183e-13
-3.3110249e-13
-6.8587928e-13
-4.8779174e-13
-1.0251562e-12
-7.137851e-13
-1.5187911e-12
-1.0382306e-12
-2.2330549e-12
-1.501838e-12
-3.2611478e-12
-2.1610826e-12
-4.7333718e-12
-3.0937308e-12
-6.8307368e-12
-4.4060004e-12
-9.8029577e-12
-6.2417051e-12
-1.3991991e-11
-8.7937687e-12
-1.9862466e-11
-1.2318535e-11
-2.8040619e-11
-1.7153362e-11
-3.9363615e-11
-2.3738106e-11
-5.4941548e-11
-3.2641238e-11
-7.6234847e-11
-4.4591533e-11
-1.0515035e-10
-6.051632e-11
-1.4415975e-10
-8.1587083e-11
-1.9644418e-10
-1.0927233e-10
-2.660679e-10
-1.4539584e-10
-3.581821e-10
-1.9219556e-10
-4.7925552e-10
-2.5237409e-10
-6.3732262e-10
-3.291278e-10
-8.422316e-10
-4.2613843e-10
-1.1058684e-09
-5.475134e-10
-1.4423286e-09
-6.9767289e-10
-1.8680182e-09
-8.8120885e-10
-2.4016933e-09
-1.1027856e-09
-3.0645184e-09
-1.3672145e-09
-1.6798082e-09
-3.8802868e-09
-4.6496713e-16
-4.7710876e-16
-2.2460797e-15
-1.8274214e-15
-6.1405318e-15
-3.9939255e-15
-1.3339765e-14
-7.3783305e-15
-2.5610529e-14
-1.2566272e-14
-4.5556038e-14
-2.0407994e-14
-7.6990685e-14
-3.2133871e-14
-1.2547499e-13
-4.951948e-14
-1.9907421e-13
-7.512232e-14
-3.0943579e-13
-1.1261175e-13
-4.7332553e-13
-1.6721263e-13
-7.1478417e-13
-2.4633288e-13
-1.068126e-12
-3.6044297e-13
-1.5821008e-12
-5.2425545e-13
-2.325621e-12
-7.5831752e-13
-3.3955726e-12
-1.091131e-12
-4.9273661e-12
-1.5619383e-12
-7.1090367e-12
-2.2243322e-12
-1.0199882e-11
-3.1508647e-12
-1.4554811e-11
-4.4388477e-12
-2.0655799e-11
-6.2175598e-12
-2.9152079e-11
-8.6571045e-12
-4.0911005e-11
-1.197922e-11
-5.7081894e-11
-1.6470415e-11
-7.9175631e-11
-2.2497902e-11
-1.0916329e-10
-3.0528809e-11
-1.4959749e-10
-4.1153063e-11
-2.037601e-10
-5.5109886e-11
-2.7583913e-10
-7.3316922e-11
-3.7113509e-10
-9.6899523e-11
-4.9629317e-10
-1.2721569e-10
-6.5955036e-10
-1.6587006e-10
-8.7097921e-10
-2.1470882e-10
-1.142703e-09
-2.7578885e-10
-1.4890551e-09
-3.5132041e-10
-1.9266672e-09
-4.4359664e-10
-2.4745066e-09
-5.549462e-10
-3.1539466e-09
-6.8777421e-10
-8.4474274e-10
-3.9890113e-09
-4.7711884e-16
-2.3045434e-15
-6.2984542e-15
-1.3676763e-14
-2.6243015e-14
-4.6651016e-14
-7.878497e-14
-1.2830469e-13
-2.0342753e-13
-3.1604037e-13
-4.832552e-13
-7.2959221e-13
-1.0900426e-12
-1.6143108e-12
-2.3726499e-12
-3.4638165e-12
-5.0258119e-12
-7.2502339e-12
-1.0401237e-11
-1.4840294e-11
-2.1058167e-11
-2.9715737e-11
-4.1695638e-11
-5.8167038e-11
-8.0666336e-11
-1.1119707e-10
-1.5235273e-10
-2.0746602e-10
-2.8078726e-10
-3.7769211e-10
-5.0491434e-10
-6.7079242e-10
-8.8551092e-10
-1.1613112e-09
-1.5126443e-09
-1.9562536e-09
-2.5112101e-09
-3.1989906e-09
-4.043734e-09
1.0369615e-09
-1.5167663e-10
1.1993839e-09
-1.6243523e-10
1.3685494e-09
-1.6917959e-10
1.5456157e-09
-1.7708142e-10
1.7300541e-09
-1.8445467e-10
1.9214644e-09
-1.9142744e-10
2.1192388e-09
-1.9779224e-10
2.322381e-09
-2.0316104e-10
2.52956e-09
-2.0719884e-10
2.7389661e-09
-2.0942786e-10
2.9482372e-09
-2.0929592e-10
3.1543395e-09
-2.0613206e-10
3.3536119e-09
-1.9930845e-10
3.5407079e-09
-1.871406e-10
-1.7177013e-10
3.7124248e-09
1.0723808e-09
-3.0774547e-10
1.2397591e-09
-3.2981301e-10
1.4142833e-09
-3.4370304e-10
1.5971401e-09
-3.599375e-10
1.7877418e-09
-3.7505524e-10
1.9856783e-09
-3.8936288e-10
2.1902915e-09
-4.0240409e-10
2.4005444e-09
-4.1341243e-10
2.615041e-09
-4.2169392e-10
2.8318922e-09
-4.2627761e-10
3.0486386e-09
-4.2604124e-10
3.2621096e-09
-4.1960236e-10
3.4685121e-09
-4.0571106e-10
3.6622571e-09
-3.8088649e-10
-3.4952644e-10
3.8400115e-09
1.1138864e-09
-4.6895163e-10
1.2870111e-09
-5.0293712e-10
1.4677973e-09
-5.2448847e-10
1.6574055e-09
-5.4954495e-10
1.8552005e-09
-5.7284902e-10
2.0607429e-09
-5.9490417e-10
2.2733139e-09
-6.1497374e-10
2.4918193e-09
-6.3191624e-10
2.7147784e-09
-6.4465148e-10
2.940199e-09
-6.5169689e-10
3.1654976e-09
-6.5133881e-10
3.3873374e-09
-6.4144166e-10
3.6017528e-09
-6.201268e-10
3.8029e-09
-5.8203474e-10
-5.3383601e-10
3.9872073e-09
1.1620964e-09
-6.3613215e-10
1.3418746e-09
-6.8271475e-10
1.5299504e-09
-7.1256342e-10
1.7273972e-09
-7.4699111e-10
1.9335474e-09
-7.7899805e-10
2.1479096e-09
-8.092652e-10
2.3696938e-09
-8.3675655e-10
2.5977289e-09
-8.5994996e-10
2.8304281e-09
-8.7734929e-10
3.0656704e-09
-8.8693798e-10
3.3007166e-09
-8.8638423e-10
3.5320343e-09
-8.7275901e-10
3.7554372e-09
-8.4353036e-10
3.9648159e-09
-7.9141456e-10
-7.2526338e-10
4.1562407e-09
1.217513e-09
-8.1021753e-10
1.4049728e-09
-8.701741e-10
1.6014873e-09
-9.0907706e-10
1.8079876e-09
-9.5349074e-10
2.0237851e-09
-9.9479436e-10
2.2483152e-09
-1.0337943e-09
2.4807047e-09
-1.0691448e-09
2.7196848e-09
-1.0989288e-09
2.9635384e-09
-1.1212017e-09
3.2099877e-09
-1.1333863e-09
3.4561046e-09
-1.1325006e-09
3.6981279e-09
-1.1147823e-09
3.9316019e-09
-1.0770053e-09
4.1501331e-09
-1.009947e-09
-9.244509e-10
4.3493179e-09
1.2804677e-09
-9.9221944e-10
1.4767511e-09
-1.066457e-09
1.6829737e-09
-1.1152989e-09
1.8998643e-09
-1.1703807e-09
2.1267259e-09
-1.2216549e-09
2.3629035e-09
-1.2699709e-09
2.6074259e-09
-1.3136661e-09
2.8589042e-09
-1.3504059e-09
3.1154656e-09
-1.3777622e-09
3.3746459e-09
-1.3925659e-09
3.6332931e-09
-1.3911476e-09
3.8873822e-09
-1.3688716e-09
4.1321384e-09
-1.3217627e-09
4.36086e-09
-1.2386698e-09
-1.1321495e-09
4.5685557e-09
1.3510542e-09
-1.183209e-09
1.5574015e-09
-1.2728039e-09
1.7747198e-09
-1.3326164e-09
2.0034482e-09
-1.3991087e-09
2.2429063e-09
-1.4611119e-09
2.4923352e-09
-1.519399e-09
2.7506486e-09
-1.5719786e-09
3.016314e-09
-1.6160704e-09
3.2872769e-09
-1.6487243e-09
3.560856e-09
-1.6661446e-09
3.8336397e-09
-1.6639315e-09
4.1013032e-09
-1.6365355e-09
4.3587033e-09
-1.5791643e-09
4.5988007e-09
-1.4787682e-09
-1.3492583e-09
4.8159065e-09
1.4290501e-09
-1.3842786e-09
1.6467796e-09
-1.4905332e-09
1.8766963e-09
-1.5625322e-09
2.1188024e-09
-1.6412143e-09
2.3724895e-09
-1.7147981e-09
2.636887e-09
-1.7837958e-09
2.9107724e-09
-1.8458631e-09
3.1924456e-09
-1.8977428e-09
3.4796435e-09
-1.9359217e-09
3.7694373e-09
-1.9559383e-09
4.0581215e-09
-1.9526161e-09
4.3410345e-09
-1.9194491e-09
4.6126178e-09
-1.8507493e-09
4.8654613e-09
-1.7316125e-09
-1.5768721e-09
5.0930722e-09
1.5138322e-09
-1.596479e-09
1.7443233e-09
-1.7210241e-09
1.9884484e-09
-1.8066567e-09
2.245534e-09
-1.8982995e-09
2.5151635e-09
-1.9844267e-09
2.7963456e-09
-2.0649772e-09
3.087696e-09
-2.1372127e-09
3.3873223e-09
-2.1973685e-09
3.6927268e-09
-2.2413259e-09
4.0007044e-09
-2.2639158e-09
4.3072222e-09
-2.2591344e-09
4.6072473e-09
-2.2194748e-09
4.8947617e-09
-2.1382656e-09
5.1619493e-09
-1.9988004e-09
-1.8163378e-09
5.4014122e-09
1.6056182e-09
-1.8216439e-09
1.8498792e-09
-1.9652849e-09
2.1090622e-09
-2.065839e-09
2.3826934e-09
-2.1719303e-09
2.6700366e-09
-2.2717688e-09
2.9699006e-09
-2.3648406e-09
3.2807083e-09
-2.4480197e-09
3.6003497e-09
-2.5170093e-09
3.9260677e-09
-2.5670437e-09
4.2543545e-09
-2.5922027e-09
4.5808207e-09
-2.5856014e-09
4.9000305e-09
-2.5386853e-09
5.2054661e-09
-2.443703e-09
5.4888711e-09
-2.2822052e-09
-2.0693164e-09
5.7418472e-09
1.7022485e-09
-2.0613958e-09
1.9615333e-09
-2.2245694e-09
2.2367928e-09
-2.3410978e-09
2.5286554e-09
-2.4637925e-09
2.8355381e-09
-2.5786507e-09
3.1560464e-09
-2.6853483e-09
3.4883892e-09
-2.7803617e-09
3.8302145e-09
-2.8588342e-09
4.1784843e-09
-2.9153134e-09
4.5293659e-09
-2.9430845e-09
4.8780894e-09
-2.9343257e-09
5.2187893e-09
-2.8793857e-09
5.5444134e-09
-2.7693288e-09
5.8462343e-09
-2.5840252e-09
-2.3378494e-09
6.1147652e-09
1.7994602e-09
-2.316033e-09
2.0757508e-09
-2.5008596e-09
2.3694054e-09
-2.6347518e-09
2.6810761e-09
-2.7754628e-09
3.0093377e-09
-2.9069116e-09
3.3525024e-09
-3.0285124e-09
3.7085293e-09
-3.136388e-09
4.0748044e-09
-3.225109e-09
4.4479914e-09
-3.2885002e-09
4.8239165e-09
-3.3190099e-09
5.1974116e-09
-3.3078217e-09
5.5621623e-09
-3.2441367e-09
5.9105535e-09
-3.1177216e-09
6.2333629e-09
-2.9068329e-09
-2.6244257e-09
6.5199375e-09
1.8953356e-09
-2.5860848e-09
2.1895247e-09
-2.7950485e-09
2.5034488e-09
-2.9486754e-09
2.8367623e-09
-3.108776e-09
3.1882911e-09
-3.2584396e-09
3.5561625e-09
-3.3963833e-09
3.9380817e-09
-3.5183067e-09
4.3311601e-09
-3.6181871e-09
4.731752e-09
-3.6890922e-09
5.1353342e-09
-3.7225924e-09
5.5363306e-09
-3.708819e-09
5.9279671e-09
-3.6357733e-09
6.3020458e-09
-3.4918018e-09
6.6488347e-09
-3.2536193e-09
-2.9320428e-09
6.9564504e-09
1.9869636e-09
-2.8725166e-09
2.299801e-09
-3.1078856e-09
2.6351419e-09
-3.2840159e-09
2.9917677e-09
-3.4654013e-09
3.3684417e-09
-3.6351132e-09
3.7630896e-09
-3.7910309e-09
4.1731564e-09
-3.928373e-09
4.5954705e-09
-4.0405013e-09
5.0260735e-09
-4.1196953e-09
5.4600916e-09
-4.156611e-09
5.8915411e-09
-4.1402695e-09
6.3131875e-09
-4.0574197e-09
6.7162389e-09
-3.8948546e-09
7.0904512e-09
-3.6278284e-09
-3.2642578e-09
7.4226651e-09
2.0699007e-09
-3.1759876e-09
2.4020696e-09
-3.4400541e-09
2.759931e-09
-3.6418771e-09
3.1414095e-09
-3.8468794e-09
3.5450623e-09
-4.0387657e-09
3.9685601e-09
-4.2145285e-09
4.4090671e-09
-4.3688798e-09
4.8631226e-09
-4.494557e-09
5.3264568e-09
-4.58303e-09
5.7938546e-09
-4.6240095e-09
6.258934e-09
-4.6053502e-09
6.7140103e-09
-4.5124959e-09
7.1496966e-09
-4.3305425e-09
7.5552496e-09
-4.0333775e-09
-3.6252206e-09
7.9162113e-09
2.1391172e-09
-3.4969378e-09
2.4911457e-09
-3.7920822e-09
2.8725472e-09
-4.0232784e-09
3.2803248e-09
-4.2546566e-09
3.7127439e-09
-4.4711847e-09
4.1671633e-09
-4.6689476e-09
4.6404374e-09
-4.8421539e-09
5.1288094e-09
-4.9829295e-09
5.6277068e-09
-5.0819281e-09
6.13159e-09
-5.1278937e-09
6.6336988e-09
-5.1074605e-09
7.125919e-09
-5.004716e-09
7.5982784e-09
-4.8029039e-09
8.0395636e-09
-4.4746584e-09
-4.0196824e-09
8.434024e-09
2.1890242e-09
-3.8356284e-09
2.5612815e-09
-4.1643392e-09
2.9671471e-09
-4.429144e-09
3.4026039e-09
-4.6901129e-09
3.865544e-09
-4.9341247e-09
4.3529605e-09
-5.1563639e-09
4.8613657e-09
-5.3505591e-09
5.3867002e-09
-5.5082645e-09
5.9241029e-09
-5.6193316e-09
6.4677352e-09
-5.6715273e-09
7.0104876e-09
-5.6502147e-09
7.5438467e-09
-5.5380751e-09
8.0572757e-09
-5.3163353e-09
8.5391373e-09
-4.9565156e-09
-4.4529707e-09
8.972424e-09
2.2135965e-09
-4.1921927e-09
2.6063481e-09
-4.5570903e-09
3.0375077e-09
-4.8603034e-09
3.5019851e-09
-5.1545897e-09
3.9971906e-09
-5.42933e-09
4.5196991e-09
-5.6788718e-09
5.065646e-09
-5.8965059e-09
5.6306646e-09
-6.0732837e-09
6.2096249e-09
-6.1982926e-09
6.7964221e-09
-6.2583258e-09
7.3836334e-09
-6.2374283e-09
7.9623834e-09
-6.116825e-09
8.5216021e-09
-5.875557e-09
9.0492919e-09
-5.4842009e-09
-4.9309393e-09
9.5272584e-09
2.2065593e-09
-4.5667029e-09
2.6200684e-09
-4.9705989e-09
3.077273e-09
-5.3175076e-09
3.5721021e-09
-5.649418e-09
4.1013352e-09
-5.9585627e-09
4.6610702e-09
-6.238606e-09
5.2470305e-09
-6.4824658e-09
5.8545391e-09
-6.6807927e-09
6.4782211e-09
-6.8219752e-09
7.1117433e-09
-6.8918494e-09
7.7474109e-09
-6.8730984e-09
8.3760264e-09
-6.7454401e-09
8.9860277e-09
-6.485562e-09
9.5651364e-09
-6.0633053e-09
-5.4598883e-09
1.0094083e-08
2.1615809e-09
-4.9592121e-09
2.5962697e-09
-5.4052871e-09
3.0802305e-09
-5.8014678e-09
3.6067593e-09
-6.1759461e-09
4.171831e-09
-6.5236338e-09
4.7709919e-09
-6.8377661e-09
5.3995164e-09
-7.1109898e-09
6.0524158e-09
-7.3336924e-09
6.7240981e-09
-7.4936579e-09
7.4080419e-09
-7.5757945e-09
8.0963215e-09
-7.5613807e-09
8.7794553e-09
-7.4285732e-09
9.4454409e-09
-7.1515515e-09
1.0081809e-08
-6.6996699e-09
-6.0464438e-09
1.0668363e-08
2.0723346e-09
-5.3696188e-09
2.5290294e-09
-5.8619815e-09
3.0405392e-09
-6.3129768e-09
3.6001874e-09
-6.7355939e-09
4.203004e-09
-7.1264501e-09
4.8438905e-09
-7.4786522e-09
5.5176331e-09
-7.7847322e-09
6.2189337e-09
-8.0349934e-09
6.9420133e-09
-8.216738e-09
7.6802016e-09
-8.3139838e-09
8.4253796e-09
-8.3065614e-09
9.1678119e-09
-8.1710041e-09
9.895117e-09
-7.8788601e-09
1.0594734e-08
-7.3992833e-09
-6.6974159e-09
1.1245705e-08
1.9327592e-09
-5.7973034e-09
2.4128193e-09
-6.3420417e-09
2.9529718e-09
-6.8531291e-09
3.5473168e-09
-7.3299394e-09
4.1899348e-09
-7.7690686e-09
4.874983e-09
-8.1637008e-09
5.5967227e-09
-8.5064724e-09
6.3495558e-09
-8.7878273e-09
7.1275496e-09
-8.9947325e-09
7.9239191e-09
-9.1103539e-09
8.7303802e-09
-9.1130251e-09
9.5369602e-09
-8.977582e-09
1.0330974e-08
-8.6728765e-09
1.1099864e-08
-8.1681701e-09
-7.4196422e-09
1.1822092e-08
1.7397084e-09
-6.2419754e-09
2.2441317e-09
-6.8464659e-09
2.814025e-09
-7.4230229e-09
3.4445243e-09
-7.9604394e-09
4.128963e-09
-8.4535078e-09
4.8606374e-09
-8.8953758e-09
5.6332208e-09
-9.2790564e-09
6.440809e-09
-9.5954162e-09
7.2773348e-09
-9.8312587e-09
8.1359125e-09
-9.9689311e-09
9.0081034e-09
-9.9852174e-09
9.8836893e-09
-9.8531648e-09
1.0749789e-08
-9.5389767e-09
1.1593884e-08
-9.0122617e-09
-8.2198605e-09
1.2394107e-08
1.4982706e-09
-6.7083939e-09
2.0256676e-09
-7.3738627e-09
2.624253e-09
-8.0216081e-09
3.2908815e-09
-8.6270672e-09
4.0183134e-09
-9.1809392e-09
4.7986871e-09
-9.6757496e-09
5.6248294e-09
-1.0105199e-08
6.4903954e-09
-1.0460982e-08
7.3891274e-09
-1.072999e-08
8.3140007e-09
-1.0893803e-08
9.2563929e-09
-1.092761e-08
1.0205814e-08
-1.0802582e-08
1.114927e-08
-1.0482431e-08
1.2074531e-08
-9.9375182e-09
1.2958727e-08
-9.1040499e-09
3.7653865e-09
-5.3031125e-11
3.8165664e-09
-5.1262834e-11
3.862408e-09
-4.5943606e-11
3.9008592e-09
-3.8565814e-11
3.9304788e-09
-2.9755292e-11
3.9485077e-09
-1.8186888e-11
3.9528166e-09
-4.5003295e-12
3.93983e-09
1.2745604e-11
3.90739e-09
3.2147811e-11
3.8494632e-09
5.7624084e-11
3.7674281e-09
8.1730922e-11
3.6467032e-09
1.2052023e-10
3.5082249e-09
1.3843141e-10
3.3083815e-09
1.9999527e-10
1.6708798e-10
3.8933626e-09
-1.0638409e-10
3.9449843e-09
-1.0288693e-10
3.9912388e-09
-9.2199567e-11
4.0300402e-09
-7.7368711e-11
4.0598646e-09
-5.9580252e-11
4.0778937e-09
-3.6216628e-11
4.0819056e-09
-8.5127204e-12
4.0682344e-09
2.6416407e-11
4.0346159e-09
6.5765679e-11
3.9748794e-09
1.1735983e-10
3.8903424e-09
1.6626827e-10
3.7661261e-09
2.4473594e-10
3.6234994e-09
2.8105833e-10
3.4178463e-09
4.0564871e-10
3.3883551e-10
4.0395839e-09
-1.5876244e-10
4.0903466e-09
-1.5365225e-10
4.1359078e-09
-1.3776184e-10
4.1741042e-09
-1.155669e-10
4.2033289e-09
-8.8805431e-11
4.2207049e-09
-5.3593531e-11
4.2239033e-09
-1.1711975e-11
4.2091664e-09
4.1152559e-11
4.1741041e-09
1.0082739e-10
4.1124137e-09
1.7904916e-10
4.0253032e-09
2.5337952e-10
3.8976453e-09
3.7239321e-10
3.7508885e-09
4.2781543e-10
3.5394705e-09
6.1706693e-10
5.1559607e-10
4.2060916e-09
-2.0861484e-10
4.254505e-09
-2.0206845e-10
4.2980953e-09
-1.8135276e-10
4.3345731e-09
-1.5204661e-10
4.3622543e-09
-1.16487e-10
4.3782016e-09
-6.9541963e-11
4.3799667e-09
-1.3478525e-11
4.3636974e-09
5.7420925e-11
4.3268598e-09
1.3766432e-10
4.2630197e-09
2.4288797e-10
4.1732341e-09
3.4316624e-10
4.0421621e-09
5.0346454e-10
3.8912999e-09
5.7867803e-10
3.6741555e-09
8.3421155e-10
6.973226e-10
4.3949246e-09
-2.542227e-10
4.4393354e-09
-2.4648214e-10
4.4795142e-09
-2.2153157e-10
4.5130089e-09
-1.8554335e-10
4.5380647e-09
-1.415431e-10
4.5516849e-09
-8.31636e-11
4.5512909e-09
-1.3086495e-11
4.5329336e-09
7.5777029e-11
4.4939183e-09
1.7667882e-10
4.4276797e-09
3.0912509e-10
4.3350811e-09
4.357664e-10
4.2006036e-09
6.3794137e-10
4.045656e-09
7.3362604e-10
3.8228376e-09
1.0570302e-09
8.8395462e-10
4.6080709e-09
-2.9373848e-10
4.6466957e-09
-2.8510973e-10
4.6818796e-09
-2.5671485e-10
4.7109901e-09
-2.1465599e-10
4.7322084e-09
-1.6276177e-10
4.7424841e-09
-9.3441093e-11
4.7390995e-09
-9.7044769e-12
4.7180088e-09
9.6866254e-11
4.6763403e-09
2.1834651e-10
4.6073988e-09
3.7806494e-10
4.5118109e-09
5.3135637e-10
4.3739148e-09
7.7583687e-10
4.2148966e-09
8.9264468e-10
3.9864774e-09
1.2854498e-09
1.0754113e-09
4.8474058e-09
-3.2523772e-10
4.8783764e-09
-3.1608301e-10
4.9068711e-09
-2.8520817e-10
4.9300827e-09
-2.3786984e-10
4.9461366e-09
-1.7881608e-10
4.9519406e-09
-9.924723e-11
4.9446333e-09
-2.4004536e-12
4.9200757e-09
1.2142203e-10
4.8752051e-09
2.6321636e-10
4.8031994e-09
4.5006876e-10
4.7044062e-09
6.3015217e-10
4.5630546e-09
9.1718793e-10
4.3999753e-09
1.0557244e-09
4.1660568e-09
1.5193689e-09
1.271586e-09
5.1146213e-09
-3.4678588e-10
5.1360436e-09
-3.3750783e-10
5.1560876e-09
-3.052499e-10
5.1718053e-09
-2.535899e-10
5.1812764e-09
-1.8828767e-10
5.1813873e-09
-9.936066e-11
5.1691345e-09
9.8481834e-12
5.1402942e-09
1.5026021e-10
5.0916016e-09
3.1190822e-10
5.0161142e-09
5.2555411e-10
4.9138601e-09
7.3240952e-10
4.7689912e-09
1.0620563e-09
4.6018561e-09
1.2228601e-09
4.3625744e-09
1.7586513e-09
1.4723406e-09
5.4111473e-09
-3.5651908e-10
5.4211732e-09
-3.4753586e-10
5.4309941e-09
-3.1506786e-10
5.4375868e-09
-2.6018505e-10
5.4389983e-09
-1.8969972e-10
5.4321239e-09
-9.2489357e-11
5.4138286e-09
2.813855e-11
5.3798174e-09
1.8426905e-10
5.3266179e-09
3.6510703e-10
5.2471778e-09
6.0499201e-10
5.1411687e-09
8.3842242e-10
4.9926964e-09
1.2105282e-09
4.821509e-09
1.394048e-09
4.5770413e-09
2.00312e-09
1.6775024e-09
5.738068e-09
-3.5273692e-10
5.7349783e-09
-3.44448e-10
5.732863e-09
-3.1294875e-10
5.7287188e-09
-2.5604354e-10
5.7205784e-09
-1.8156008e-10
5.7053881e-09
-7.7302664e-11
5.6799016e-09
5.3619241e-11
5.6397741e-09
2.2439381e-10
5.5813277e-09
4.2355298e-10
5.497416e-09
6.889013e-10
5.3873232e-09
9.4851977e-10
5.2351392e-09
1.3627121e-09
5.059906e-09
1.5692817e-09
4.8104765e-09
2.2525504e-09
1.8868692e-09
6.0960363e-09
-3.3400378e-10
6.0783339e-09
-3.2674715e-10
6.0627086e-09
-2.9731901e-10
6.0463015e-09
-2.3963929e-10
6.027155e-09
-1.6241467e-10
6.0023204e-09
-5.2472317e-11
5.9684734e-09
8.7459662e-11
5.9212489e-09
2.7161527e-10
5.8567747e-09
4.8802697e-10
5.767834e-09
7.7783949e-10
5.6532995e-09
1.0630596e-09
5.4972783e-09
1.5187334e-09
5.318017e-09
1.7485433e-09
5.0639019e-09
2.5066668e-09
2.1002204e-09
6.4851921e-09
-2.9925315e-10
6.4516997e-09
-2.9325591e-10
6.4212204e-09
-2.6683474e-10
6.3911856e-09
-2.0960778e-10
6.3596802e-09
-1.3091081e-10
6.3239258e-09
-1.672269e-11
6.2805669e-09
1.308112e-10
6.2252575e-09
3.2692132e-10
6.153954e-09
5.5933069e-10
6.0594013e-09
8.7238962e-10
5.9400465e-09
1.1824203e-09
5.7800526e-09
1.6787277e-09
5.5967994e-09
1.9317968e-09
5.3383183e-09
2.7651496e-09
2.317318e-09
6.9050915e-09
-2.4788788e-10
6.8550482e-09
-2.4321369e-10
6.8086953e-09
-2.2047658e-10
6.7639127e-09
-1.6482883e-10
6.7188688e-09
-8.5868955e-11
6.6710304e-09
3.1110195e-11
6.6170734e-09
1.8476018e-10
6.5527196e-09
3.912716e-10
6.4737903e-09
6.3826075e-10
6.3730348e-09
9.7314254e-10
6.2484729e-09
1.306989e-09
6.0843691e-09
1.8428321e-09
5.897181e-09
2.1189851e-09
5.6346776e-09
3.0276551e-09
2.5379097e-09
7.3546521e-09
-1.7986772e-10
7.2878032e-09
-1.7636586e-10
7.2249758e-09
-1.5764391e-10
7.1646554e-09
-1.0451272e-10
7.1051449e-09
-2.6361001e-11
7.044237e-09
9.2011997e-11
6.9787149e-09
2.5027363e-10
6.9044279e-09
4.6555495e-10
6.8171135e-09
7.2557668e-10
6.7095794e-09
1.080674e-09
6.5794307e-09
1.4371452e-09
6.4110891e-09
2.0111748e-09
6.2200429e-09
2.3100311e-09
5.9538846e-09
3.2938158e-09
2.7617186e-09
7.8321254e-09
-9.5774301e-11
7.748795e-09
-9.3036648e-11
7.6693972e-09
-7.8241323e-11
7.5931638e-09
-2.8284187e-11
7.5185909e-09
4.8208628e-11
7.4438784e-09
1.6671797e-10
7.3660035e-09
3.281395e-10
7.2810145e-09
5.5054031e-10
7.1846311e-09
8.2196252e-10
7.0697861e-09
1.1955166e-09
6.9336984e-09
1.573241e-09
6.7610129e-09
2.1838619e-09
6.566211e-09
2.5048325e-09
6.2968075e-09
3.5632218e-09
2.9884232e-09
8.3351017e-09
3.1555101e-12
8.2362404e-09
5.8231646e-12
8.140752e-09
1.7250983e-11
8.0487211e-09
6.3741275e-11
7.9589012e-09
1.3802453e-10
7.8699722e-09
2.5564014e-10
7.7792005e-09
4.1890204e-10
7.6829153e-09
6.4682203e-10
7.5768987e-09
9.2798268e-10
7.4542872e-09
1.3181259e-09
7.3119607e-09
1.7155761e-09
7.1348636e-09
2.3609608e-09
6.9364462e-09
2.7032492e-09
6.664267e-09
3.8354037e-09
3.2176462e-09
8.86056e-09
1.1502648e-10
8.7477519e-09
1.1862934e-10
8.6372772e-09
1.2772848e-10
8.5301166e-09
1.7089599e-10
8.4253444e-09
2.4279212e-10
8.3221791e-09
3.5879863e-10
8.2182761e-09
5.2279598e-10
8.1103338e-09
7.5476134e-10
7.9942885e-09
1.0440328e-09
7.8635705e-09
1.4488419e-09
7.7147867e-09
1.8643689e-09
7.5332695e-09
2.5424802e-09
7.3314293e-09
2.9050884e-09
7.0570138e-09
4.1098219e-09
3.448951e-09
9.4049498e-09
2.3734111e-10
9.2803939e-09
2.4318304e-10
9.1566722e-09
2.5145157e-10
9.0356381e-09
2.9192398e-10
8.9167382e-09
3.616871e-10
8.7997697e-09
4.7576083e-10
8.6828737e-09
6.3968349e-10
8.5632058e-09
8.7442694e-10
8.4369573e-09
1.1702874e-09
8.2979515e-09
1.587846e-09
8.1426074e-09
2.0197222e-09
7.9567441e-09
2.7283461e-09
7.7517444e-09
3.1100864e-09
7.4757126e-09
4.3858563e-09
3.6818352e-09
9.9643232e-09
3.6710573e-10
9.8307739e-09
3.7673024e-10
9.6961474e-09
3.8607834e-10
9.5630874e-09
4.2497821e-10
9.4314426e-09
4.9332718e-10
9.3016034e-09
6.0559465e-10
9.1722804e-09
7.6899903e-10
9.0411677e-09
1.0055381e-09
8.904816e-09
1.3066468e-09
8.7575455e-09
1.735115e-09
8.5956905e-09
2.1815863e-09
8.4056655e-09
2.9183738e-09
8.1978613e-09
3.3178885e-09
7.9209251e-09
4.6627949e-09
3.9157236e-09
1.053451e-08
5.0096184e-10
1.039516e-08
5.1607893e-10
1.0252505e-08
5.2873363e-10
1.0109826e-08
5.6765265e-10
9.9673759e-09
6.3577287e-10
9.8261236e-09
7.4684311e-10
9.6854089e-09
9.0970769e-10
9.5435314e-09
1.147415e-09
9.3975013e-09
1.4526858e-09
9.2422406e-09
1.8903744e-09
9.0741172e-09
2.3497181e-09
8.8802557e-09
3.1122378e-09
8.6701168e-09
3.5280249e-09
8.3930934e-09
4.93982e-09
4.1499605e-09
1.1111315e-08
6.3535467e-10
1.0969647e-08
6.5774704e-10
1.0822257e-08
6.7612374e-10
1.0672852e-08
7.1705476e-10
1.0522059e-08
7.8656361e-10
1.0371374e-08
8.9752638e-10
1.0220794e-08
1.060283e-09
1.0069268e-08
1.2989415e-09
9.9143544e-09
1.6076098e-09
9.7516737e-09
2.0530536e-09
9.5777582e-09
2.5236409e-09
9.3805589e-09
3.3094393e-09
9.1686961e-09
3.7398849e-09
8.8925217e-09
5.2159953e-09
4.3837999e-09
1.1690732e-08
7.6671639e-10
1.1550346e-08
7.9813546e-10
1.1401781e-08
8.2469102e-10
1.1248917e-08
8.6991876e-10
1.1092688e-08
9.4279219e-10
1.0935039e-08
1.0551762e-09
1.077661e-08
1.2187095e-09
1.0617007e-08
1.4585451e-09
1.0454406e-08
1.770221e-09
1.0285211e-08
2.2222468e-09
1.0106254e-08
2.7026039e-09
9.906422e-09
3.5092723e-09
9.6936148e-09
3.9526883e-09
9.4193587e-09
5.490251e-09
4.6163968e-09
1.2269156e-08
8.9167104e-10
1.2133604e-08
9.3369222e-10
1.1987491e-08
9.7080869e-10
1.1834657e-08
1.0227548e-09
1.1676235e-08
1.1012161e-09
1.1514509e-08
1.2169049e-09
1.1350701e-08
1.3825159e-09
1.1185047e-08
1.6242007e-09
1.1016377e-08
1.9389016e-09
1.0841938e-08
2.3966822e-09
1.0658996e-08
2.8855485e-09
1.0457479e-08
3.7107896e-09
1.02447e-08
4.1654613e-09
9.9735831e-09
5.7613659e-09
4.8468039e-09
1.2843923e-08
1.0064813e-09
1.2716092e-08
1.0615288e-09
1.2576026e-08
1.1108826e-09
1.242677e-08
1.1720148e-09
1.2269577e-08
1.2584125e-09
1.2106975e-08
1.3795109e-09
1.194066e-08
1.5488291e-09
1.1771379e-08
1.7934817e-09
1.1598711e-08
2.1115785e-09
1.1420611e-08
2.5747775e-09
1.1235205e-08
3.0709536e-09
1.1032994e-08
3.9129984e-09
1.0821833e-08
4.376621e-09
1.0554559e-08
6.0286351e-09
5.0730475e-09
9.1368313e-10
-1.0398657e-08
1.0285947e-08
1.0629426e-09
-1.7603273e-08
1.745401e-08
1.1758926e-09
-2.9565772e-08
2.9452817e-08
1.1465055e-09
-4.9053029e-08
4.908241e-08
8.9485098e-10
-8.0570174e-08
8.0821821e-08
3.5531334e-10
-1.3187368e-07
1.3241321e-07
-6.7783e-10
-2.1568704e-07
2.1672017e-07
-2.7895323e-09
-3.5216944e-07
3.5428109e-07
-5.713748e-07
5.7580807e-07
3.8035426e-10
-1.0395433e-08
3.1327811e-10
-1.7536203e-08
8.1239284e-11
-2.9333725e-08
-4.7993896e-10
-4.8491846e-08
-1.548939e-09
-7.9501165e-08
-3.3867522e-09
-1.3003591e-07
-6.5196875e-09
-2.1255388e-07
-1.199373e-08
-3.4669553e-07
-5.6176912e-07
-1.7953035e-10
-1.0267777e-08
-4.5453822e-10
-1.7261197e-08
-1.0199155e-09
-2.876835e-08
-2.0930576e-09
-4.7418705e-08
-3.9565615e-09
-7.7637658e-08
-7.0691479e-09
-1.2692333e-07
-1.226834e-08
-2.0735467e-07
-2.1049964e-08
-3.3791393e-07
-5.4705164e-07
-7.4998492e-10
-1.0016652e-08
-1.226332e-09
-1.6784852e-08
-2.1101892e-09
-2.7884494e-08
-3.6733282e-09
-4.5855568e-08
-6.3055387e-09
-7.5005443e-08
-1.0658061e-08
-1.2257082e-07
-1.7864467e-08
-2.0014825e-07
-2.9852466e-08
-3.2592595e-07
-5.2731292e-07
-1.3188077e-09
-9.6458046e-09
-1.9876491e-09
-1.6116013e-08
-3.1731642e-09
-2.669898e-08
-5.2025413e-09
-4.3826193e-08
-8.5728347e-09
-7.1635147e-08
-1.4119315e-08
-1.1702435e-07
-2.3256508e-08
-1.9101105e-07
-3.832942e-08
-3.1085306e-07
-5.0270492e-07
-1.8755465e-09
-9.1607047e-09
-2.7260321e-09
-1.5265528e-08
-4.1946882e-09
-2.5230325e-08
-6.6642912e-09
-4.1356592e-08
-1.0736427e-08
-6.7563008e-08
-1.7420074e-08
-1.1034071e-07
-2.8394756e-08
-1.8003636e-07
-4.6404108e-08
-2.9284373e-07
-4.7343154e-07
-2.4107125e-09
-8.5684223e-09
-3.4303841e-09
-1.4245858e-08
-5.162209e-09
-2.3498501e-08
-8.0435036e-09
-3.84753e-08
-1.2775411e-08
-6.2831096e-08
-2.0529014e-08
-1.0258712e-07
-3.3231902e-08
-1.6733346e-07
-5.400423e-08
-2.720714e-07
-4.3974703e-07
-2.9157336e-09
-7.8771692e-09
-4.0908728e-09
-1.307072e-08
-6.06454e-09
-2.1524833e-08
-9.3263131e-09
-3.5213528e-08
-1.4670177e-08
-5.7487227e-08
-2.3416537e-08
-9.3840759e-08
-3.7723958e-08
-1.5302603e-07
-6.1062744e-08
-2.4873261e-07
-4.0195426e-07
-3.3830049e-09
-7.096043e-09
-4.6988692e-09
-1.1754856e-08
-6.8917287e-09
-1.9331972e-08
-1.050005e-08
-3.1605208e-08
-1.640262e-08
-5.1584652e-08
-2.6054869e-08
-8.4188511e-08
-4.1828661e-08
-1.3725223e-07
-6.7516435e-08
-2.2304483e-07
-3.6040045e-07
-3.8059075e-09
-6.2348828e-09
-5.2468696e-09
-1.0313895e-08
-7.6349675e-09
-1.6943873e-08
-1.1553258e-08
-2.768692e-08
-1.7956375e-08
-4.518153e-08
-2.8418417e-08
-7.3726469e-08
-4.5500651e-08
-1.2016999e-07
-7.3297065e-08
-1.9524839e-07
-3.1546294e-07
-4.1787484e-09
-5.3041264e-09
-5.7284125e-09
-8.7642321e-09
-8.2865405e-09
-1.4385744e-08
-1.2475703e-08
-2.349776e-08
-1.9316901e-08
-3.8340327e-08
-3.0487831e-08
-6.2555538e-08
-4.8713375e-08
-1.0194444e-07
-7.8353395e-08
-1.6560835e-07
-2.675561e-07
-4.4967102e-09
-4.3146888e-09
-6.1380171e-09
-7.1229263e-09
-8.839805e-09
-1.1683955e-08
-1.3258444e-08
-1.9079124e-08
-2.0471253e-08
-3.1127515e-08
-3.2244508e-08
-5.078228e-08
-5.1441405e-08
-8.2747544e-08
-8.2642243e-08
-1.3440748e-07
-2.1712839e-07
-4.7558166e-09
-3.2778646e-09
-6.4711439e-09
-5.4076003e-09
-9.2891912e-09
-8.8659063e-09
-1.3893914e-08
-1.4474405e-08
-2.1408265e-08
-2.3613162e-08
-3.3670564e-08
-3.8519978e-08
-5.3658152e-08
-6.2759961e-08
-8.6129238e-08
-1.0193637e-07
-1.6465952e-07
-4.9529067e-09
-2.2052445e-09
-6.7241691e-09
-3.6363394e-09
-9.6302084e-09
-5.9598658e-09
-1.4375973e-08
-9.7286459e-09
-2.2118931e-08
-1.5870204e-08
-3.4751724e-08
-2.5887181e-08
-5.5337957e-08
-4.2173737e-08
-8.877335e-08
-6.8500949e-08
-1.1064136e-07
-5.0856159e-09
-1.1086392e-09
-6.8943717e-09
-1.8275858e-09
-9.8594585e-09
-2.9947783e-09
-1.4699958e-08
-4.8881515e-09
-2.259646e-08
-7.9737047e-09
-3.5477692e-08
-1.3005948e-08
-5.6464154e-08
-2.1187288e-08
-9.0549179e-08
-3.4415895e-08
-5.5580793e-08
-5.1523648e-09
-6.9799275e-09
-9.9746508e-09
-1.4862718e-08
-2.2836309e-08
-3.5842111e-08
-5.7029272e-08
-9.1444981e-08
1.0406759e-08
-6.8292035e-09
1.0516325e-08
-7.4834302e-09
1.0595532e-08
-8.1008181e-09
1.0644157e-08
-8.6756915e-09
1.0665248e-08
-9.20203e-09
1.0663039e-08
-9.6735409e-09
1.0641974e-08
-1.0084134e-08
1.0605795e-08
-1.0424802e-08
1.0557141e-08
-1.0681336e-08
1.0497621e-08
-1.083428e-08
1.0428248e-08
-1.0858235e-08
1.0349837e-08
-1.0724165e-08
1.0263798e-08
-1.0396387e-08
1.0174245e-08
-9.8479604e-09
-9.0064352e-09
1.0076637e-08
1.7643291e-08
-7.0184803e-09
1.77696e-08
-7.6097384e-09
1.7835253e-08
-8.1664716e-09
1.7848119e-08
-8.6885566e-09
1.7820676e-08
-9.1745861e-09
1.7763616e-08
-9.6164805e-09
1.7684651e-08
-1.0005167e-08
1.7588549e-08
-1.0328699e-08
1.7478009e-08
-1.0570794e-08
1.7354406e-08
-1.0710671e-08
1.721861e-08
-1.0722434e-08
1.7071585e-08
-1.0577131e-08
1.6917392e-08
-1.0242185e-08
1.6758042e-08
-9.6886032e-09
-8.8483755e-09
1.659999e-08
2.963427e-08
-7.1999505e-09
2.9722948e-08
-7.6984183e-09
2.9737119e-08
-8.1806409e-09
2.9691053e-08
-8.6424881e-09
2.9597156e-08
-9.0806871e-09
2.9465946e-08
-9.4852684e-09
2.9304802e-08
-9.8440191e-09
2.911793e-08
-1.0141822e-08
2.8908539e-08
-1.0361397e-08
2.8678927e-08
-1.0481048e-08
2.8431196e-08
-1.0474691e-08
2.8169942e-08
-1.0315866e-08
2.7903928e-08
-9.9761604e-09
2.7637041e-08
-9.4217062e-09
-8.5987357e-09
2.7387412e-08
4.9156383e-08
-7.2739469e-09
4.9148163e-08
-7.6901999e-09
4.9070285e-08
-8.1027612e-09
4.8931364e-08
-8.5035639e-09
4.8736774e-08
-8.886096e-09
4.8491997e-08
-9.2404881e-09
4.8202117e-08
-9.5541355e-09
4.7872188e-08
-9.8118902e-09
4.7508413e-08
-9.9976155e-09
4.7118115e-08
-1.0090738e-08
4.6710825e-08
-1.0067388e-08
4.6297676e-08
-9.9027037e-09
4.5888479e-08
-9.5669506e-09
4.5490458e-08
-9.0236696e-09
-8.228019e-09
4.5119754e-08
8.0661211e-08
-7.1133379e-09
8.0441859e-08
-7.4708499e-09
8.0165202e-08
-7.8261054e-09
7.9832954e-08
-8.1713155e-09
7.9446478e-08
-8.4996192e-09
7.90082e-08
-8.8022098e-09
7.8522393e-08
-9.0683304e-09
7.7995559e-08
-9.2850577e-09
7.7434922e-08
-9.4369814e-09
7.6849856e-08
-9.5056734e-09
7.6251862e-08
-9.4693973e-09
7.5651825e-08
-9.3026721e-09
7.5060169e-08
-8.9753008e-09
7.4489194e-08
-8.4526966e-09
-7.6937694e-09
7.3954933e-08
1.3186484e-07
-6.5648991e-09
1.3126835e-07
-6.8743691e-09
1.3062246e-07
-7.1802134e-09
1.299275e-07
-7.4763488e-09
1.2918456e-07
-7.7566764e-09
1.2839589e-07
-8.0135459e-09
1.2756515e-07
-8.2375888e-09
1.2669763e-07
-8.417526e-09
1.2580041e-07
-8.5397661e-09
1.2488274e-07
-8.5879917e-09
1.2395607e-07
-8.5427301e-09
1.2303427e-07
-8.3808679e-09
1.2213411e-07
-8.0751456e-09
1.2127505e-07
-7.5936201e-09
-6.8989958e-09
1.2048028e-07
2.1558567e-07
-5.4305212e-09
2.1439193e-07
-5.6806416e-09
2.1313853e-07
-5.9268157e-09
2.1182672e-07
-6.1645364e-09
2.1045885e-07
-6.3888081e-09
2.0903876e-07
-6.5934644e-09
2.0757222e-07
-6.7710457e-09
2.060671e-07
-6.9124189e-09
2.0453397e-07
-7.0066462e-09
2.0298657e-07
-7.0405947e-09
2.0144243e-07
-6.9986038e-09
1.9992366e-07
-6.8621099e-09
1.9845764e-07
-6.6091402e-09
1.9707785e-07
-6.213839e-09
-5.6458997e-09
1.9582473e-07
3.5224971e-07
-3.399048e-09
3.5012409e-07
-3.555018e-09
3.4790561e-07
-3.7083411e-09
3.4559746e-07
-3.8563821e-09
3.4320469e-07
-3.996032e-09
3.4073472e-07
-4.1234794e-09
3.3819781e-07
-4.2341591e-09
3.3560779e-07
-4.3224145e-09
3.3298268e-07
-4.3815075e-09
3.303454e-07
-4.4033191e-09
3.2772496e-07
-4.3781672e-09
3.2515746e-07
-4.2946123e-09
3.2268741e-07
-4.139095e-09
3.2036918e-07
-3.8956168e-09
-3.5453528e-09
3.1826862e-07
5.724089e-07
5.6885387e-07
5.6514553e-07
5.6128915e-07
5.5729312e-07
5.5316964e-07
5.4893548e-07
5.4461306e-07
5.4023156e-07
5.3582823e-07
5.3145007e-07
5.2715545e-07
5.2301635e-07
5.1912073e-07
5.1557537e-07
9.9999827e-09
1.0831425e-09
9.9099464e-09
1.1515707e-09
9.8111851e-09
1.2096505e-09
9.7038764e-09
1.2793278e-09
9.5890758e-09
1.3732161e-09
9.4688236e-09
1.4997658e-09
9.3446087e-09
1.6730423e-09
9.2171509e-09
1.9209384e-09
9.0867942e-09
2.2419423e-09
8.9520988e-09
2.7094683e-09
8.8129538e-09
3.2100932e-09
8.6614871e-09
4.0644638e-09
8.5061354e-09
4.531977e-09
8.3077028e-09
6.2270625e-09
5.2371379e-09
1.6487589e-08
1.1955518e-09
1.6362579e-08
1.2765856e-09
1.6218791e-08
1.3534458e-09
1.6059651e-08
1.438473e-09
1.5886625e-08
1.5462437e-09
1.5702416e-08
1.6839757e-09
1.5509537e-08
1.865918e-09
1.5309975e-08
2.1204973e-09
1.510396e-08
2.4479552e-09
1.4892143e-08
2.9212779e-09
1.4671523e-08
3.4307086e-09
1.4437918e-08
4.2980622e-09
1.419205e-08
4.7778327e-09
1.3895733e-08
6.5233751e-09
5.5024506e-09
2.7252714e-08
1.3302651e-09
2.710008e-08
1.4292257e-09
2.6916534e-08
1.536995e-09
2.6703964e-08
1.651043e-09
2.6465915e-08
1.7842852e-09
2.6205305e-08
1.9445746e-09
2.5925394e-08
2.1458108e-09
2.563054e-08
2.415333e-09
2.5320393e-08
2.758089e-09
2.5002767e-08
3.2388772e-09
2.4665232e-08
3.768224e-09
2.4324907e-08
4.6383599e-09
2.3942986e-08
5.1597127e-09
2.3542646e-08
6.9236985e-09
5.940539e-09
4.5019282e-08
1.4307571e-09
4.4886044e-08
1.5624795e-09
4.4712288e-08
1.7107634e-09
4.449238e-08
1.8709566e-09
4.4229692e-08
2.0469737e-09
4.3926822e-08
2.247441e-09
4.3584408e-08
2.4882112e-09
4.320794e-08
2.7917863e-09
4.2798211e-08
3.1678198e-09
4.2372658e-08
3.6644073e-09
4.1907433e-08
4.2334285e-09
4.1460405e-08
5.0853598e-09
4.0913094e-08
5.7069841e-09
4.0459483e-08
7.3772909e-09
6.6406006e-09
7.3956324e-08
1.4293558e-09
7.3929052e-08
1.5897442e-09
7.3868468e-08
1.771337e-09
7.3766392e-08
1.9730163e-09
7.3618852e-08
2.1944949e-09
7.3420817e-08
2.4454546e-09
7.3165141e-08
2.7438652e-09
7.2855027e-08
3.1018889e-09
7.2490887e-08
3.5319902e-09
7.2087683e-08
4.0676223e-09
7.1623232e-08
4.6978851e-09
7.1179295e-08
5.5293179e-09
7.0588812e-08
6.297537e-09
7.0234511e-08
7.7316361e-09
7.5454787e-09
1.2061641e-07
1.2932211e-09
1.2074882e-07
1.4573335e-09
1.208786e-07
1.6415608e-09
1.2100478e-07
1.8468325e-09
1.2112114e-07
2.0781297e-09
1.2121735e-07
2.3492285e-09
1.2128911e-07
2.6721054e-09
1.2133805e-07
3.0529531e-09
1.2136024e-07
3.5098306e-09
1.2136201e-07
4.0658499e-09
1.2133157e-07
4.7282396e-09
1.2132317e-07
5.5376752e-09
1.2121975e-07
6.4010566e-09
1.2137609e-07
7.5751613e-09
8.0390261e-09
1.9610698e-07
1.0109571e-09
1.9641386e-07
1.1504412e-09
1.9674586e-07
1.3095551e-09
1.97102e-07
1.4906832e-09
1.9748281e-07
1.6973169e-09
1.9789678e-07
1.9352663e-09
1.9835679e-07
2.2121222e-09
1.9887316e-07
2.5366452e-09
1.9946262e-07
2.9204548e-09
2.0014983e-07
3.3787104e-09
2.0095035e-07
3.9276942e-09
2.0191552e-07
4.5725747e-09
2.0298109e-07
5.335727e-09
2.0428043e-07
6.2756825e-09
7.0368351e-09
3.1869046e-07
5.8911291e-10
3.1916643e-07
6.7446433e-10
3.1970338e-07
7.7260513e-10
3.20309e-07
8.8506198e-10
3.2099227e-07
1.0140352e-09
3.2176523e-07
1.1623042e-09
3.2264396e-07
1.3333936e-09
3.2364891e-07
1.5317044e-09
3.2480671e-07
1.762657e-09
3.2615257e-07
2.0328114e-09
3.2773032e-07
2.3498156e-09
3.2958369e-07
2.7191304e-09
3.3177457e-07
3.1449197e-09
3.3442254e-07
3.627606e-09
4.1830699e-09
5.1616448e-07
5.1683894e-07
5.1761155e-07
5.1849661e-07
5.1951066e-07
5.2067298e-07
5.2200639e-07
5.2353812e-07
5.253008e-07
5.273336e-07
5.2968336e-07
5.3240242e-07
5.3554724e-07
5.3917482e-07
)
;

boundaryField
{
    inlet
    {
        type            calculated;
        value           nonuniform List<scalar> 
92
(
-7.22291e-09
-2.1599169e-08
-3.5767417e-08
-4.9591205e-08
-6.2937402e-08
-7.5677478e-08
-8.7688738e-08
-9.8855508e-08
-1.0907025e-07
-1.1823458e-07
-1.2626024e-07
-1.3306996e-07
-1.3859813e-07
-1.4279153e-07
-1.4560977e-07
-1.4702571e-07
0
0
0
0
0
0
0
0
0
0
0
0
0
0
0
0
0
0
0
0
0
0
0
0
0
0
0
0
0
0
-7.22291e-09
-2.1599169e-08
-3.5767417e-08
-4.9591205e-08
-6.2937402e-08
-7.5677478e-08
-8.7688738e-08
-9.8855508e-08
-1.0907025e-07
-1.1823458e-07
-1.2626024e-07
-1.3306996e-07
-1.3859813e-07
-1.4279153e-07
-1.4560977e-07
-1.4702571e-07
0
0
0
0
0
0
0
0
0
0
0
0
0
0
0
0
0
0
0
0
0
0
0
0
0
0
0
0
0
0
)
;
    }
    outlet
    {
        type            calculated;
        value           nonuniform List<scalar> 
66
(
3.1416699e-09
3.2460972e-09
3.3627076e-09
3.4924259e-09
3.6362018e-09
3.7950162e-09
3.969877e-09
4.1618141e-09
4.3718731e-09
4.6011031e-09
4.8505452e-09
5.1212158e-09
5.4140807e-09
5.7300712e-09
6.0700999e-09
6.4350428e-09
6.82571e-09
7.242832e-09
7.6870435e-09
8.1588672e-09
8.658697e-09
9.1867812e-09
9.7432008e-09
1.0328346e-08
8.143635e-09
1.3630456e-08
2.3104625e-08
3.9759609e-08
6.9330091e-08
1.2088288e-07
2.0528288e-07
3.3727696e-07
5.4335899e-07
3.1416705e-09
3.2460986e-09
3.3627098e-09
3.4924287e-09
3.6362053e-09
3.7950204e-09
3.9698818e-09
4.1618193e-09
4.3718786e-09
4.6011087e-09
4.8505506e-09
5.1212206e-09
5.4140848e-09
5.7300745e-09
6.0701019e-09
6.4350431e-09
6.8257082e-09
7.2428276e-09
7.687036e-09
8.1588561e-09
8.658682e-09
9.1867619e-09
9.743177e-09
1.0328318e-08
8.1436102e-09
1.3630411e-08
2.3104546e-08
3.975947e-08
6.9329858e-08
1.2088254e-07
2.0528245e-07
3.3727648e-07
5.4335841e-07
)
;
    }
    cylinder
    {
        type            calculated;
        value           uniform 0;
    }
    frontAndBack
    {
        type            empty;
    }
}


// ************************************************************************* //
