/*--------------------------------*- C++ -*----------------------------------*\
  =========                 |
  \\      /  F ield         | OpenFOAM: The Open Source CFD Toolbox
   \\    /   O peration     | Website:  https://openfoam.org
    \\  /    A nd           | Version:  14
     \\/     M anipulation  |
\*---------------------------------------------------------------------------*/
FoamFile
{
    format      ascii;
    class       volVectorField;
    location    "1000";
    object      U;
}
// * * * * * * * * * * * * * * * * * * * * * * * * * * * * * * * * * * * * * //

dimensions      [0 1 -1 0 0 0 0];

internalField   nonuniform List<vector> 
5388
(
(1.3114869e-09 -4.7842968e-08 0)
(9.1573761e-09 -1.5312772e-07 0)
(2.5978272e-08 -2.7984848e-07 0)
(5.7773333e-08 -4.3267636e-07 -9.6494935e-26)
(1.121123e-07 -6.1732438e-07 1.0355491e-27)
(2.0063233e-07 -8.40673e-07 1.382496e-25)
(3.4054485e-07 -1.1109877e-06 0)
(5.5704729e-07 -1.4381588e-06 1.9572041e-25)
(8.8686344e-07 -1.8339631e-06 -5.6700635e-28)
(1.3832785e-06 -2.3123395e-06 -2.6725018e-25)
(2.1232169e-06 -2.8896669e-06 0)
(3.2171129e-06 -3.5850188e-06 0)
(4.8225256e-06 -4.4203589e-06 0)
(7.1626638e-06 -5.4206222e-06 5.1475685e-25)
(1.0551164e-05 -6.6136037e-06 -5.9490339e-25)
(1.5424545e-05 -8.0295521e-06 1.6793427e-25)
(2.2383586e-05 -9.7003393e-06 -1.4919934e-24)
(3.2244319e-05 -1.1658058e-05 8.3451847e-25)
(4.6098039e-05 -1.3932904e-05 2.7528786e-20)
(6.5377592e-05 -1.655024e-05 -3.1157216e-20)
(9.1923923e-05 -1.9526834e-05 0)
(0.00012804262 -2.2866438e-05 0)
(0.00017653551 -2.6555143e-05 0)
(0.00024068884 -3.0557198e-05 -7.0307048e-24)
(0.00032419855 -3.4812267e-05 3.3844707e-20)
(0.0004310183 -3.9235161e-05 -3.2530623e-20)
(0.00056512678 -4.3718829e-05 0)
(0.00073022882 -4.8140841e-05 -2.3300427e-24)
(0.00092942377 -5.2372683e-05 1.9142075e-23)
(0.0011648893 -5.6290324e-05 2.9558003e-23)
(0.0014376318 -5.9783783e-05 6.9149205e-21)
(0.0017473349 -6.2764983e-05 6.9391186e-21)
(0.0020923747 -6.5165697e-05 -3.0643122e-23)
(0.0024696931 -6.695576e-05 -6.8157193e-23)
(0.0028758224 -6.8098617e-05 -3.1663163e-24)
(0.0033043557 -6.8634746e-05 -8.7081948e-23)
(0.00375444 -6.8466782e-05 4.3362026e-24)
(0.0042076939 -6.7683536e-05 1.1948936e-22)
(0.0046864466 -6.7329115e-05 -1.8656586e-22)
(1.0189665e-08 -1.4490068e-07 -1.476846e-28)
(3.7613517e-08 -4.6372906e-07 0)
(7.8059023e-08 -8.4740323e-07 6.1481893e-28)
(1.3844823e-07 -1.3101479e-06 -3.6740693e-28)
(2.2747564e-07 -1.8692722e-06 -8.7778939e-28)
(3.5815488e-07 -2.5456236e-06 2.0955863e-27)
(5.4937804e-07 -3.3642472e-06 0)
(8.2839177e-07 -4.3551119e-06 -7.6001233e-25)
(1.2344149e-06 -5.5539003e-06 2.2158016e-27)
(1.8237646e-06 -7.0028412e-06 -2.1894806e-26)
(2.6770407e-06 -8.7515439e-06 1.2652467e-24)
(3.9091168e-06 -1.0857761e-05 4.6378768e-26)
(5.6828893e-06 -1.3387967e-05 0)
(8.2279415e-06 -1.6417588e-05 -1.8784419e-24)
(1.1865457e-05 -2.0030646e-05 2.31885e-24)
(1.7040784e-05 -2.431851e-05 1.6384925e-25)
(2.4364877e-05 -2.9377364e-05 7.3341931e-25)
(3.4665251e-05 -3.5303954e-05 8.0665865e-25)
(4.9045821e-05 -4.218917e-05 2.930306e-20)
(6.8952819e-05 -5.0109159e-05 -2.972546e-20)
(9.624075e-05 -5.9113957e-05 0)
(0.00013322808 -6.9214148e-05 -3.1450712e-21)
(0.00018272785 -8.0366823e-05 -3.1878721e-21)
(0.00024803462 -9.246299e-05 1.3403052e-25)
(0.00033284884 -0.00010531934 1.3155886e-23)
(0.00044112412 -0.00011867747 -3.1594202e-25)
(0.00057683458 -0.00013221306 -2.737942e-23)
(0.00074367673 -0.00014555546 -3.8791936e-23)
(0.00094473959 -0.0001583159 6.0896052e-21)
(0.0011821909 -0.00017011934 5.9733571e-21)
(0.0014570301 -0.00018063338 -6.7201697e-21)
(0.0017689403 -0.00018959173 -7.3376777e-21)
(0.0021163017 -0.00019678812 5.7436083e-23)
(0.0024960728 -0.00020213075 7.1527328e-23)
(0.0029048099 -0.00020551156 -1.1084746e-22)
(0.0033361386 -0.00020704593 7.922369e-23)
(0.0037893239 -0.00020644524 -3.1688533e-22)
(0.004245576 -0.00020398842 -1.0863046e-22)
(0.0047292559 -0.00020274195 1.8956516e-22)
(2.8796686e-08 -2.4508848e-07 -7.2996222e-32)
(9.7264019e-08 -7.8433656e-07 -5.1065067e-25)
(1.8725031e-07 -1.4332138e-06 6.1130366e-25)
(3.0762545e-07 -2.2157746e-06 -4.0284385e-23)
(4.6945335e-07 -3.1612606e-06 2.0999816e-23)
(6.8864889e-07 -4.3048845e-06 -1.0442423e-24)
(9.8764801e-07 -5.6889396e-06 4.8504608e-27)
(1.3980187e-06 -7.3640218e-06 0)
(1.9642399e-06 -9.3903545e-06 -1.7663389e-24)
(2.7490164e-06 -1.1839183e-05 2.0982045e-24)
(3.8406822e-06 -1.4794165e-05 0)
(5.363438e-06 -1.8352635e-05 2.7436862e-24)
(7.4913705e-06 -2.2626547e-05 -3.59301e-24)
(1.0467397e-05 -2.774282e-05 -3.7799512e-24)
(1.4628446e-05 -3.3842683e-05 4.5209063e-24)
(2.0438244e-05 -4.1079513e-05 -5.4159176e-24)
(2.852886e-05 -4.96145e-05 5.0564953e-24)
(3.9751583e-05 -5.9609415e-05 -6.2842723e-24)
(5.5236395e-05 -7.1215758e-05 8.6063279e-24)
(7.6457124e-05 -8.4559767e-05 -7.1547346e-24)
(0.00010529616 -9.9723277e-05 1.490912e-23)
(0.00014409843 -0.00011672132 2.4863626e-21)
(0.00019569976 -0.00013547858 3.8255305e-21)
(0.00026341159 -0.00015580843 1.3826194e-23)
(0.00035094311 -0.00017739924 -1.3530214e-23)
(0.00046224723 -0.00019981343 -2.8336491e-20)
(0.00060128794 -0.00022250303 4.150548e-20)
(0.00077174397 -0.00024484292 3.9401717e-23)
(0.00097668249 -0.00026617823 -2.4669944e-19)
(0.0012182505 -0.00028587794 3.9879283e-19)
(0.0014974324 -0.00030338334 -1.3892214e-23)
(0.0018139112 -0.00031824683 -9.0631802e-23)
(0.0021660752 -0.00033012134 -1.7343699e-22)
(0.0025509169 -0.00033885174 1.7697441e-23)
(0.0029650444 -0.000344262 -8.4069722e-23)
(0.0034021472 -0.00034653096 -4.1863212e-22)
(0.0038617358 -0.00034517207 3.2729482e-22)
(0.0043241821 -0.00034073683 5.3961216e-22)
(0.0048180027 -0.00033784453 -2.7951083e-23)
(5.8273968e-08 -3.4882821e-07 -2.8479082e-25)
(1.917567e-07 -1.1162647e-06 4.9614219e-25)
(3.6020831e-07 -2.0396143e-06 5.9245579e-25)
(5.7557469e-07 -3.1530362e-06 -3.2212131e-23)
(8.5265969e-07 -4.498035e-06 6.4890945e-23)
(1.2119549e-06 -6.1245673e-06 -1.0105357e-24)
(1.6814834e-06 -8.0926081e-06 -1.2037417e-26)
(2.2996208e-06 -1.0473869e-05 1.4250695e-24)
(3.1191249e-06 -1.3353658e-05 -1.3323076e-26)
(4.2127445e-06 -1.6832829e-05 -2.0162856e-24)
(5.6809586e-06 -2.1029718e-05 2.3893868e-24)
(7.6625936e-06 -2.6081883e-05 -2.7107589e-24)
(1.0349252e-05 -3.2147379e-05 3.4947975e-24)
(1.4004681e-05 -3.940516e-05 -4.7635046e-25)
(1.8990353e-05 -4.8054052e-05 -8.7403917e-24)
(2.5798566e-05 -5.8309571e-05 1.004208e-23)
(3.5094132e-05 -7.0397655e-05 1.4025223e-24)
(4.7765109e-05 -8.4544303e-05 -1.5413508e-23)
(6.4981673e-05 -0.00010096012 1.0197558e-23)
(8.8260082e-05 -0.00011981905 -1.410518e-23)
(0.00011952545 -0.0001412314 2.9279068e-20)
(0.00016116297 -0.00016521225 -4.0724498e-20)
(0.00021604303 -0.00019164859 0)
(0.00028750214 -0.00022027005 -1.3829355e-23)
(0.00037926195 -0.00025063015 3.9527921e-23)
(0.00049527315 -0.00028210553 -4.354397e-20)
(0.00063948298 -0.00031391842 2.7323608e-20)
(0.00081554177 -0.00034518384 0)
(0.0010264821 -0.00037497661 -4.3117542e-19)
(0.0012744183 -0.00040240676 2.3054765e-19)
(0.0015603118 -0.00042668768 0)
(0.0018838449 -0.00044718924 9.2522282e-23)
(0.0022434186 -0.00046342124 1.5834579e-22)
(0.0026360771 -0.00047516546 0)
(0.0030585102 -0.00048218101 2.2668476e-22)
(0.0035045028 -0.00048470122 3.3601292e-22)
(0.0039739339 -0.00048200204 6.5952304e-22)
(0.0044459141 -0.00047511763 -5.8060123e-22)
(0.0049552013 -0.00046925523 5.6569788e-23)
(9.9995973e-08 -4.5634779e-07 -5.5324626e-25)
(3.2548039e-07 -1.4602216e-06 0)
(6.0493168e-07 -2.6678542e-06 1.1517229e-24)
(9.5462026e-07 -4.1237797e-06 -1.3768446e-24)
(1.3946045e-06 -5.8820808e-06 0)
(1.9517989e-06 -8.0078125e-06 0)
(2.6620581e-06 -1.0579023e-05 2.3574761e-24)
(3.5732885e-06 -1.3688964e-05 -5.5626994e-24)
(4.7498234e-06 -1.7448476e-05 3.4543077e-26)
(6.2784335e-06 -2.1988472e-05 3.9295212e-24)
(8.2765269e-06 -2.746239e-05 -4.6255474e-24)
(1.090328e-05 -3.4048369e-05 1.0904392e-23)
(1.437462e-05 -4.195079e-05 -6.398573e-24)
(1.8983158e-05 -5.140065e-05 -7.1596488e-24)
(2.5124288e-05 -6.2654066e-05 -4.633406e-25)
(3.3329688e-05 -7.5987919e-05 1.1012951e-23)
(4.430916e-05 -9.1691505e-05 -1.2271947e-23)
(5.9001097e-05 -0.00011005287 1.2234753e-23)
(7.8630488e-05 -0.00013133858 5.5971922e-27)
(0.00010477119 -0.00015576605 -6.879998e-24)
(0.00013940602 -0.00018346862 3.8764309e-20)
(0.00018497425 -0.00021445498 -2.9998812e-20)
(0.00024439209 -0.00024856702 0)
(0.00032102874 -0.00028544278 0)
(0.00041862105 -0.00032449321 5.299631e-23)
(0.00054111479 -0.00036490205 -4.9027155e-23)
(0.00069243246 -0.00040565588 6.7448754e-23)
(0.00087618386 -0.00044560577 5.9642838e-23)
(0.0010953531 -0.00048355397 3.4249119e-23)
(0.0013520089 -0.00051835104 -9.5142696e-23)
(0.0016470802 -0.00054898348 -8.0356853e-23)
(0.0019802492 -0.00057463966 -1.3639668e-22)
(0.0023499322 -0.00059468422 0)
(0.0027532431 -0.00060883867 3.3434203e-22)
(0.0031869838 -0.00061679984 3.393345e-22)
(0.0036450653 -0.00061884922 5.20493e-23)
(0.0041278405 -0.00061395295 -7.0422813e-22)
(0.0046127767 -0.00060396178 7.1757897e-23)
(0.0051427879 -0.00059319085 -7.5463173e-22)
(1.5560172e-07 -5.6776279e-07 5.3708896e-25)
(5.0366686e-07 -1.8165525e-06 2.2047117e-28)
(9.309514e-07 -3.3185139e-06 -1.1193962e-24)
(1.4594388e-06 -5.1288032e-06 -1.3368955e-24)
(2.1161233e-06 -7.3143654e-06 1.5989475e-24)
(2.936384e-06 -9.9556592e-06 -1.9056757e-24)
(3.9663805e-06 -1.3149128e-05 4.5381501e-24)
(5.2665387e-06 -1.7009891e-05 -2.7092666e-24)
(6.916369e-06 -2.1674628e-05 -3.2107922e-24)
(9.0209901e-06 -2.7304572e-05 1.2554919e-26)
(1.1719913e-05 -3.408843e-05 4.5111041e-24)
(1.5198822e-05 -4.2244923e-05 0)
(1.9705246e-05 -5.2024513e-05 0)
(2.5569188e-05 -6.3709636e-05 -7.1889893e-24)
(3.3229859e-05 -7.7612582e-05 8.8776647e-24)
(4.3269629e-05 -9.406981e-05 -2.3745915e-24)
(5.6456004e-05 -0.00011343132 7.9653905e-24)
(7.3791678e-05 -0.0001360435 2.7952161e-24)
(9.6571345e-05 -0.00016222392 -9.814105e-24)
(0.00012644172 -0.00019222719 2.0395083e-23)
(0.0001654581 -0.0002262021 -2.9111385e-23)
(0.0002161271 -0.00026414218 -2.8798877e-23)
(0.00028142125 -0.00030583478 2.9498572e-23)
(0.00036474889 -0.00035081678 0)
(0.00046986333 -0.00039834761 -7.921128e-23)
(0.00060070107 -0.00044741072 2.5682e-23)
(0.00076115019 -0.00049675188 -9.0166343e-23)
(0.00095476627 -0.00054495562 0)
(0.0011844695 -0.00059055174 3.4517962e-23)
(0.0014522688 -0.00063213364 -3.294924e-23)
(0.0017590506 -0.00066846503 0)
(0.0021044971 -0.00069855644 1.8956616e-22)
(0.0024870388 -0.00072162574 3.2078854e-22)
(0.0029038791 -0.00073734021 3.3378615e-22)
(0.0033519591 -0.00074533737 -6.8507506e-23)
(0.0038253462 -0.00074594056 0)
(0.0043249402 -0.00073771045 7.444167e-23)
(0.0048262579 -0.00072374623 8.725612e-22)
(0.0053819784 -0.00070553008 1.6288792e-21)
(2.2699902e-07 -6.829554e-07 0)
(7.3240101e-07 -2.1848585e-06 -8.866402e-28)
(1.3493447e-06 -3.9908187e-06 1.0609413e-27)
(2.1070723e-06 -6.1668201e-06 -1.2953983e-24)
(3.0413816e-06 -8.7928961e-06 1.5584666e-24)
(4.1983763e-06 -1.1965139e-05 0)
(5.6372461e-06 -1.5798606e-05 0)
(7.4342157e-06 -2.0430472e-05 5.0597023e-21)
(9.687904e-06 -2.6023384e-05 -6.394507e-21)
(1.2526474e-05 -3.2768913e-05 0)
(1.6117125e-05 -4.0890874e-05 0)
(2.0678646e-05 -5.0648157e-05 -1.0105549e-23)
(2.6497912e-05 -6.233651e-05 1.2090441e-23)
(3.3951323e-05 -7.6288494e-05 1.4414063e-23)
(4.353225e-05 -9.2870552e-05 -1.7275387e-23)
(5.5885477e-05 -0.0001124758 1.1572788e-24)
(7.1849235e-05 -0.0001355109 2.6123638e-24)
(9.2504644e-05 -0.00016237518 0)
(0.00011923094 -0.00019343033 2.3797277e-20)
(0.0001537626 -0.00022895972 -3.7801069e-20)
(0.0001982416 -0.00026911768 -1.4115902e-23)
(0.00025525412 -0.00031387154 0)
(0.00032783813 -0.00036294256 -2.8225984e-23)
(0.00041944579 -0.00041575525 2.8492607e-23)
(0.00053384624 -0.00047140766 0)
(0.00067496029 -0.00052867552 -2.1106908e-20)
(0.00084662988 -0.00058605959 5.6349113e-20)
(0.0010523408 -0.00064187731 -4.2058117e-23)
(0.0012949324 -0.00069438891 6.9337672e-23)
(0.0015763383 -0.00074193615 -6.6300678e-23)
(0.0018973909 -0.0007830677 0)
(0.0022577724 -0.00081662291 -3.7681068e-22)
(0.0026559206 -0.0008416724 -2.5016844e-22)
(0.0030891507 -0.00085783881 -5.6520613e-22)
(0.0035545636 -0.00086470468 -5.3111308e-22)
(0.0040464109 -0.00086262701 9.0422519e-23)
(0.0045661691 -0.00084965341 6.2026396e-23)
(0.0050872 -0.00083062876 -1.34807e-21)
(0.0056731208 -0.00080187036 8.2411119e-23)
(3.1636686e-07 -8.015071e-07 -1.0130423e-24)
(1.018623e-06 -2.5637824e-06 0)
(1.8727422e-06 -4.6822447e-06 -2.108562e-24)
(2.9169372e-06 -7.2338443e-06 5.041313e-24)
(4.1978861e-06 -1.031184e-05 -6.0339088e-24)
(5.7749152e-06 -1.4028071e-05 3.5896214e-24)
(7.7232446e-06 -1.851628e-05 0)
(1.0138489e-05 -2.3935695e-05 5.2307964e-21)
(1.3142658e-05 -3.0474809e-05 -5.8751357e-21)
(1.6892044e-05 -3.8355234e-05 -7.2243391e-24)
(2.1587535e-05 -4.7835338e-05 3.6906283e-26)
(2.7488067e-05 -5.9213247e-05 1.9825255e-23)
(3.4928046e-05 -7.2828556e-05 -2.3773691e-23)
(4.4339696e-05 -8.9061818e-05 1.2826976e-23)
(5.6281265e-05 -0.0001083306 1.7634609e-23)
(7.1471934e-05 -0.00013108052 -1.8102106e-23)
(9.083379e-05 -0.00015776934 2.0206229e-23)
(0.00011554039 -0.00018884217 -6.0068154e-24)
(0.00014706995 -0.00022469594 3.3255013e-20)
(0.00018725889 -0.00026563209 -2.4772619e-20)
(0.00023834881 -0.00031179827 1.3942925e-23)
(0.00030301614 -0.00036312234 3.2518049e-25)
(0.00038437139 -0.00041924594 8.4732213e-23)
(0.00048591291 -0.00047946852 5.2720496e-23)
(0.0006114225 -0.00054271631 -1.0641956e-22)
(0.00076479633 -0.00060755023 -5.6348391e-20)
(0.00094981614 -0.00067222329 1.866594e-20)
(0.0011698804 -0.00073478774 1.6098731e-22)
(0.0014277289 -0.00079324039 0)
(0.0017252033 -0.00084568054 -6.0803579e-23)
(0.0020630683 -0.00089045368 3.2973607e-22)
(0.0024410076 -0.00092623833 3.3329937e-22)
(0.0028574445 -0.0009519609 -3.2294928e-22)
(0.0033098425 -0.00096720881 0)
(0.0037954646 -0.00097151941 -3.5155388e-22)
(0.0043087715 -0.00096527226 -1.5444456e-23)
(0.0048517945 -0.00094589563 -8.781473e-23)
(0.0053956629 -0.00092050242 5.7265521e-20)
(0.0060155458 -0.00087759097 4.8469364e-19)
(4.2612671e-07 -9.2258494e-07 -1.9647358e-24)
(1.3700484e-06 -2.9506445e-06 1.7096331e-24)
(2.5151743e-06 -5.3878602e-06 0)
(3.9105857e-06 -8.3221847e-06 -2.3879294e-27)
(5.6161411e-06 -1.1860107e-05 5.7050491e-27)
(7.7071421e-06 -1.6129161e-05 1.3608586e-26)
(1.027813e-05 -2.1281643e-05 0)
(1.3448027e-05 -2.7498571e-05 3.8617168e-26)
(1.7366881e-05 -3.499385e-05 0)
(2.2224593e-05 -4.4018429e-05 -6.9498716e-24)
(2.8262159e-05 -5.4864177e-05 1.6458601e-23)
(3.5786123e-05 -6.7866912e-05 -9.7157901e-24)
(4.5187024e-05 -8.3407873e-05 9.4507126e-28)
(5.696269e-05 -0.00010191255 4.1369634e-25)
(7.1747222e-05 -0.00012384548 -1.9095747e-24)
(9.0346292e-05 -0.00014969924 1.5210344e-23)
(0.00011377886 -0.00017997559 -1.9922327e-23)
(0.00014332451 -0.00021515643 2.7796433e-26)
(0.00018057404 -0.00025566298 -2.3936718e-23)
(0.00022747876 -0.00030180189 -1.2048689e-23)
(0.00028639108 -0.00035369969 1.4903638e-24)
(0.00036008612 -0.00041122942 2.8804101e-23)
(0.00045175131 -0.00047393784 -2.7862411e-23)
(0.00056493061 -0.00054098566 -5.4974522e-23)
(0.00070341221 -0.00061111657 -5.0387168e-23)
(0.00087105569 -0.00068267051 9.7804067e-23)
(0.0010715659 -0.00075365198 4.2534373e-23)
(0.0013082342 -0.00082185302 7.5640637e-23)
(0.0015836805 -0.00088501689 -7.5175005e-23)
(0.0018996364 -0.00094101358 2.5081743e-22)
(0.0022567835 -0.00098800207 -2.2248002e-22)
(0.0026548105 -0.0010245152 -4.6706634e-22)
(0.003092078 -0.0010493498 4.9319709e-22)
(0.0035662657 -0.0010620458 -7.4313875e-23)
(0.0040747653 -0.0010621319 4.7019247e-22)
(0.0046122699 -0.0010499933 5.8737465e-22)
(0.0051812886 -0.0010223482 1.7502057e-22)
(0.0057507915 -0.00098908323 -5.6221469e-19)
(0.0064074509 -0.00092799857 -5.8778179e-21)
(5.5889486e-07 -1.0448305e-06 -9.5190658e-25)
(1.7950113e-06 -3.3410881e-06 8.0944858e-28)
(3.2917863e-06 -6.0996801e-06 1.979964e-24)
(5.1112666e-06 -9.4194508e-06 -2.3672656e-24)
(7.3290222e-06 -1.341994e-05 0)
(1.0039347e-05 -1.8244103e-05 -3.3787441e-24)
(1.3359693e-05 -2.4062375e-05 4.0278745e-24)
(1.7436541e-05 -3.1076973e-05 -4.838114e-24)
(2.2452988e-05 -3.9526353e-05 1.137834e-23)
(2.8638407e-05 -4.9689611e-05 -6.704192e-24)
(3.6280721e-05 -6.1890445e-05 0)
(4.5741939e-05 -7.6500085e-05 0)
(5.7477669e-05 -9.393833e-05 3.4425517e-25)
(7.2061395e-05 -0.00011467149 -1.3557036e-23)
(9.0214175e-05 -0.00013920567 1.5816417e-23)
(0.00011284017 -0.00016807347 2.1259112e-24)
(0.00014106785 -0.00020181182 0)
(0.00017629564 -0.00024092862 -3.7147957e-23)
(0.00022023931 -0.00028585641 4.7559657e-23)
(0.00027497615 -0.00033689217 0)
(0.00034297825 -0.00039412485 -5.26267e-23)
(0.00042712485 -0.00045735558 8.3103615e-23)
(0.00053068138 -0.00052601976 2.7685338e-23)
(0.00065723308 -0.00059912511 -5.2803469e-23)
(0.00081056456 -0.00067522249 3.3807027e-24)
(0.00099448349 -0.00075242624 1.4574997e-22)
(0.0012125981 -0.0008284943 8.6545711e-23)
(0.0014680708 -0.00090096711 -2.948421e-24)
(0.0017633796 -0.00096734865 0)
(0.0021001266 -0.0010252974 -5.0363669e-22)
(0.0024788925 -0.0010728073 1.0478694e-22)
(0.002899379 -0.0011082776 2.8241283e-22)
(0.0033597879 -0.0011304344 6.3959453e-22)
(0.0038581586 -0.0011386873 5.4258597e-22)
(0.004391892 -0.0011326647 -9.1081166e-22)
(0.0049559529 -0.0011127206 1.5663761e-22)
(0.0055531949 -0.0010748051 1.2051757e-21)
(0.0061506852 -0.0010320546 -3.7073895e-22)
(0.0068459379 -0.00094892805 1.5027197e-21)
(7.1739714e-07 -1.166231e-06 9.2041565e-25)
(2.3021884e-06 -3.7286704e-06 -3.2042922e-24)
(4.218337e-06 -6.805923e-06 3.8322433e-24)
(6.5431512e-06 -1.0507415e-05 -2.2896168e-24)
(9.3706759e-06 -1.4965312e-05 2.7331155e-24)
(1.2817477e-05 -2.0337417e-05 -6.5408318e-24)
(1.70278e-05 -2.6811536e-05 3.8799211e-24)
(2.2180259e-05 -3.4610053e-05 4.6596008e-24)
(2.8496355e-05 -4.3994607e-05 -5.5101436e-24)
(3.6251161e-05 -5.5270616e-05 1.0154357e-25)
(4.5786701e-05 -6.8791205e-05 1.1999071e-25)
(5.7528624e-05 -8.4959865e-05 2.8253372e-25)
(7.2006813e-05 -0.00010423085 0)
(8.9880597e-05 -0.00012710598 7.76546e-25)
(0.00011196904 -0.00015412619 8.9200093e-25)
(0.00013928649 -0.00018585561 -2.0439453e-24)
(0.00017308286 -0.00022285586 2.3151678e-24)
(0.0002148871 -0.00026564822 0)
(0.0002665506 -0.00031466177 0)
(0.00033028536 -0.00037016708 0)
(0.00040868901 -0.0004321975 1.2922465e-23)
(0.00050474676 -0.00050046391 -8.5147597e-25)
(0.0006217989 -0.00057427326 -5.5099881e-23)
(0.00076346341 -0.0006524662 0)
(0.00093350708 -0.00073339182 2.5110477e-22)
(0.0011356665 -0.00081493652 -1.9472049e-22)
(0.0013734305 -0.00089461716 -3.5798658e-24)
(0.0016498081 -0.00096973568 -1.605727e-22)
(0.0019671122 -0.0010375763 -1.4362995e-22)
(0.0023267952 -0.0010956105 1.2130427e-22)
(0.0027293195 -0.0011416911 0)
(0.0031743986 -0.0011740381 -4.5858443e-22)
(0.0036598322 -0.0011914478 -1.1965113e-21)
(0.0041845613 -0.0011932334 -1.6728206e-23)
(0.0047454706 -0.001179076 1.8257246e-21)
(0.0053379416 -0.0011492809 -7.7450899e-22)
(0.0059649798 -0.0010990472 -1.2528956e-21)
(0.0065920931 -0.0010452286 -8.2931033e-22)
(0.0073264273 -0.00093672113 -1.3417633e-21)
(9.0434416e-07 -1.2839974e-06 1.7762281e-24)
(2.9002033e-06 -4.1044754e-06 -6.1850916e-24)
(5.3104769e-06 -7.4903082e-06 4.7234066e-27)
(8.2302206e-06 -1.1560935e-05 2.2436737e-27)
(1.1774938e-05 -1.6460401e-05 5.2837036e-24)
(1.6086992e-05 -2.2360404e-05 1.2338204e-26)
(2.1341575e-05 -2.9464893e-05 1.4705441e-26)
(2.7754302e-05 -3.801485e-05 0)
(3.5590737e-05 -4.8293081e-05 0)
(4.5178185e-05 -6.0628751e-05 -9.85788e-26)
(5.6920229e-05 -7.5401131e-05 -9.5568771e-28)
(7.1314564e-05 -9.3041795e-05 8.4648866e-21)
(8.8974683e-05 -0.00011403417 -1.2312606e-20)
(0.00011065592 -0.00013890901 2.4536948e-23)
(0.00013728616 -0.00016823382 -1.1754998e-24)
(0.00017000101 -0.00020259419 -2.9931617e-23)
(0.00021018279 -0.00024256433 3.3416491e-23)
(0.00025950105 -0.00028866455 -8.5443772e-23)
(0.00031995129 -0.00034130406 5.0260773e-23)
(0.00039388604 -0.00040070887 -4.7208795e-23)
(0.00048403064 -0.00046683766 3.8631515e-23)
(0.0005934738 -0.00053929221 1.0355617e-22)
(0.0007256229 -0.00061723417 -1.0599932e-22)
(0.00088411509 -0.0006993243 0)
(0.0010726805 -0.00078370316 -1.9779579e-22)
(0.0012949611 -0.00086803036 1.8940268e-22)
(0.0015543006 -0.00094959153 -1.7476562e-22)
(0.0018535278 -0.0010254685 2.298429e-22)
(0.0021947649 -0.0010927519 3.5088696e-22)
(0.0025792962 -0.0011487607 1.2956661e-22)
(0.003007474 -0.0011912325 0)
(0.0034790107 -0.0012179621 1.2140354e-23)
(0.0039908999 -0.0012288934 6.4213851e-22)
(0.0045439548 -0.001221899 -1.9453076e-23)
(0.0051332156 -0.0011972857 -1.5833689e-21)
(0.0057553104 -0.0011555054 -2.0381331e-22)
(0.0064129125 -0.0010909525 0)
(0.0070703023 -0.0010245517 3.9960796e-23)
(0.0078418574 -0.00088762219 0)
(1.122251e-06 -1.3944401e-06 1.7104156e-24)
(3.5970522e-06 -4.4567159e-06 -1.4444425e-27)
(6.5827024e-06 -8.131335e-06 -3.5562479e-24)
(1.0194659e-05 -1.254685e-05 4.2604025e-24)
(1.4573056e-05 -1.7858037e-05 4.9294986e-27)
(1.9889791e-05 -2.4249058e-05 6.052463e-24)
(2.6355376e-05 -3.193822e-05 -7.2305778e-24)
(3.4227531e-05 -4.1182863e-05 0)
(4.3821779e-05 -5.2284173e-05 1.0185126e-23)
(5.5524402e-05 -6.5591587e-05 -1.2122457e-23)
(6.9808169e-05 -8.15062e-05 -1.1220258e-25)
(8.7251322e-05 -0.00010048233 9.7230176e-21)
(0.00010856026 -0.00012302599 -9.2285213e-21)
(0.00013459626 -0.00014968878 -7.2229714e-25)
(0.00016640628 -0.00018105507 0)
(0.00020525745 -0.0002177202 0)
(0.00025267401 -0.00026025722 0)
(0.00031047425 -0.00030916965 9.6776142e-24)
(0.00038080351 -0.00036482915 5.1967379e-24)
(0.00046615728 -0.00042739814 -1.1431116e-23)
(0.00056938653 -0.00049674117 0)
(0.0006936762 -0.00057233254 -2.5563818e-23)
(0.00084248762 -0.00065317307 5.1710945e-23)
(0.0010194583 -0.00073773321 0)
(0.0012282576 -0.00082394182 9.4694317e-23)
(0.0014724058 -0.00090923742 -2.7770771e-22)
(0.0017550714 -0.00099068975 -8.1770013e-23)
(0.0020788739 -0.0010651849 -2.2634421e-22)
(0.0024457152 -0.0011296525 -2.7807005e-22)
(0.002856676 -0.0011812994 0)
(0.0033120282 -0.0012176985 -1.0007986e-22)
(0.0038111152 -0.001237166 6.3712635e-22)
(0.0043516733 -0.0012383288 -3.1199059e-22)
(0.0049325487 -0.0012204336 -6.3957164e-22)
(0.0055517661 -0.0011831998 1.1329671e-21)
(0.0062040019 -0.0011273608 0)
(0.0068920105 -0.0010466458 0)
(0.0075793489 -0.00096622751 1.0450853e-21)
(0.0083845026 -0.00079817856 0)
(1.3732186e-06 -1.4928878e-06 5.8249476e-30)
(4.3994051e-06 -4.7704772e-06 1.401568e-27)
(8.0470816e-06 -8.7018172e-06 0)
(1.2454888e-05 -1.3423266e-05 -4.0056704e-27)
(1.77909e-05 -1.9098694e-05 -4.7834288e-27)
(2.4260425e-05 -2.592272e-05 -1.1242976e-26)
(3.2113827e-05 -3.4125539e-05 0)
(4.1656166e-05 -4.3977823e-05 0)
(5.3258942e-05 -5.5795429e-05 -9.7930901e-24)
(6.7374238e-05 -6.9943535e-05 -5.5504066e-21)
(8.455165e-05 -8.6839552e-05 5.3912171e-21)
(0.00010545837 -0.00010695385 1.6170696e-23)
(0.00013090273 -0.00013080701 2.9222334e-25)
(0.00016186138 -0.00015896186 -6.80965e-25)
(0.00019950984 -0.00019200822 7.8783637e-25)
(0.00024525572 -0.00023053795 2.9008685e-23)
(0.00030077297 -0.00027510767 -3.5509222e-23)
(0.00036803433 -0.00032618711 -4.1466812e-23)
(0.00044933762 -0.00038409184 8.1762613e-23)
(0.0005473197 -0.00044890147 -3.3824128e-23)
(0.00066495053 -0.00052036757 2.3104901e-23)
(0.00080549864 -0.00059782013 -1.4570776e-22)
(0.00097246063 -0.00068008634 4.3911928e-24)
(0.0011694499 -0.00076543978 1.9577074e-22)
(0.0014000461 -0.00085159945 -9.7209929e-23)
(0.0016676159 -0.00093579452 1.777066e-22)
(0.0019751211 -0.0010149009 0)
(0.0023249424 -0.0010856403 2.9804397e-22)
(0.0027187393 -0.0011448202 3.8878607e-22)
(0.0031573881 -0.0011895862 1.057607e-22)
(0.0036411109 -0.0012174935 1.9464962e-22)
(0.0041674482 -0.0012268962 -5.3170737e-22)
(0.0047376388 -0.0012155989 1.4189933e-22)
(0.0053482377 -0.0011849728 -1.3706916e-22)
(0.005996842 -0.0011329086 0)
(0.0066787363 -0.0010610878 6.8159987e-22)
(0.0073959649 -0.00096271178 -1.0868673e-21)
(0.0081118736 -0.00086715275 0)
(0.0089454925 -0.00066635501 0)
(1.6586191e-06 -1.5736011e-06 3.8516175e-28)
(5.3116057e-06 -5.0274415e-06 -2.7190449e-24)
(9.7114395e-06 -9.1683873e-06 6.5077775e-24)
(1.5022787e-05 -1.4138807e-05 -3.8905996e-24)
(2.1445033e-05 -2.0109446e-05 4.631679e-24)
(2.9220825e-05 -2.7282686e-05 -3.3217564e-27)
(3.8644936e-05 -3.5897349e-05 -1.3178376e-23)
(5.0075021e-05 -4.6233484e-05 7.860751e-24)
(6.3944536e-05 -5.8616852e-05 -9.2593929e-24)
(8.077809e-05 -7.3422643e-05 -4.8952192e-21)
(0.00010120954 -9.1077728e-05 6.9853544e-21)
(0.00012600309 -0.00011206039 1.1763867e-25)
(0.00015607749 -0.00013689612 1.7786606e-23)
(0.00019253339 -0.00016614774 2.1510703e-23)
(0.00023668317 -0.00020039754 -2.5186768e-23)
(0.00029008227 -0.00024021908 -1.7159575e-24)
(0.00035455996 -0.0002861361 -3.1270317e-23)
(0.00043224631 -0.00033856661 3.5818302e-23)
(0.00052559066 -0.00039775138 -9.8994848e-24)
(0.00063736544 -0.00046366855 0)
(0.00077064787 -0.00053593953 2.2838161e-23)
(0.00092877205 -0.00061373605 -2.2989341e-23)
(0.0011152454 -0.00069570308 0)
(0.0013336272 -0.00077991633 0)
(0.0015873738 -0.00086389346 0)
(0.001879662 -0.0009446737 -8.7380132e-23)
(0.0022132119 -0.0010189696 -1.5507215e-22)
(0.0025901304 -0.0010833791 -1.4711986e-22)
(0.0030117975 -0.0011346308 -2.6317908e-22)
(0.0034787897 -0.0011698193 -3.4036914e-22)
(0.0039907998 -0.0011865018 4.884332e-22)
(0.0045467128 -0.0011829695 5.0933382e-22)
(0.0051459183 -0.0011580694 -7.159901e-22)
(0.005785321 -0.0011115071 0)
(0.0064625766 -0.0010428407 1.8979224e-22)
(0.0071728496 -0.00095346317 -8.761732e-22)
(0.0079170868 -0.00083643513 1.103826e-21)
(0.0086590675 -0.00072515129 0)
(0.0095144774 -0.00049150651 0)
(1.9788118e-06 -1.6298383e-06 0)
(6.3347594e-06 -5.2060971e-06 0)
(1.1577689e-05 -9.4918764e-06 -1.5235378e-27)
(1.7901109e-05 -1.4633194e-05 0)
(2.5539022e-05 -2.0804781e-05 4.3469274e-27)
(3.4775262e-05 -2.8213312e-05 0)
(4.5953451e-05 -3.7102059e-05 -6.249683e-24)
(5.9488908e-05 -4.7755453e-05 7.4457581e-24)
(7.5882769e-05 -6.0503198e-05 3.3913943e-26)
(9.5738539e-05 -7.5723424e-05 0)
(0.00011978128 -9.3844122e-05 0)
(0.00014887958 -0.00011534172 1.4245094e-23)
(0.00018407022 -0.00014073535 -1.6843031e-23)
(0.00022658525 -0.00017057484 0)
(0.00027788062 -0.00020542033 2.2093116e-23)
(0.00033966495 -0.00024581088 -2.3270667e-23)
(0.00041392586 -0.00029221986 1.8974816e-24)
(0.00050295043 -0.00034499527 0)
(0.00060933478 -0.00040428483 -4.5412083e-24)
(0.00073597653 -0.00046994819 -9.849441e-24)
(0.00088604347 -0.00054146239 0)
(0.0010629118 -0.0006178314 -4.2834212e-20)
(0.0012700701 -0.00069751535 1.533874e-20)
(0.0015109884 -0.00077839837 9.219442e-23)
(0.0017889616 -0.00085781362 0)
(0.0021069387 -0.0009326385 5.0155253e-25)
(0.0024673605 -0.00099946109 8.6945703e-23)
(0.0028720272 -0.001054803 -1.3243445e-22)
(0.0033220103 -0.0010953683 1.2960597e-22)
(0.0038176053 -0.0011182764 -6.5685026e-20)
(0.0043583256 -0.0011211901 -5.0007392e-21)
(0.0049430626 -0.0011024075 0)
(0.0055704246 -0.0010610358 5.6852141e-22)
(0.006237691 -0.00099695995 -2.1679598e-22)
(0.0069420025 -0.00091007467 3.0526697e-23)
(0.0076783745 -0.00080201534 4.6367005e-22)
(0.0084463407 -0.00066603347 -4.1232652e-23)
(0.0092107468 -0.00053919331 -2.3223685e-22)
(0.010079856 -0.00027443498 0)
(2.3326067e-06 -1.653819e-06 -1.3937903e-24)
(7.4650358e-06 -5.281627e-06 2.4222097e-24)
(1.3638766e-05 -9.6271229e-06 -2.9002453e-24)
(2.1078809e-05 -1.4836973e-05 0)
(3.0056891e-05 -2.1086256e-05 -4.1314272e-24)
(4.0901625e-05 -2.8581596e-05 4.93523e-24)
(5.4009596e-05 -3.7565534e-05 0)
(6.9858451e-05 -4.8320737e-05 6.9658e-24)
(8.9022219e-05 -6.1173589e-05 -8.3078397e-24)
(0.00011218902 -7.6496648e-05 0)
(0.00014018125 -9.4709116e-05 -1.1546043e-23)
(0.00017397823 -0.00011627415 1.3910383e-23)
(0.00021474104 -0.00014169149 1.5393209e-23)
(0.00026383893 -0.00017148338 -1.9292528e-23)
(0.00032287616 -0.00020617172 -2.0693372e-23)
(0.00039371734 -0.00024624377 4.6340715e-23)
(0.00047850847 -0.00029210446 -2.8352317e-23)
(0.00057968981 -0.00034401375 -3.8403897e-24)
(0.00069999535 -0.00040200937 3.8744174e-23)
(0.00084243307 -0.0004658181 4.5581652e-23)
(0.0010102398 -0.0005347626 -8.2011492e-23)
(0.0012068055 -0.00060767548 -1.7438598e-20)
(0.0014355652 -0.00068283705 4.8353632e-20)
(0.0016998614 -0.00075795526 8.226799e-23)
(0.0020027866 -0.00083020579 -8.4771075e-23)
(0.0023470221 -0.00089634285 5.6220184e-20)
(0.0027346939 -0.00095287887 -1.1069414e-20)
(0.0031672652 -0.00099631543 -1.2582435e-22)
(0.0036454762 -0.0010233924 0)
(0.0041693275 -0.0010313133 2.1727018e-21)
(0.0047381037 -0.0010178846 6.6786512e-20)
(0.0053505009 -0.00098159588 0)
(0.0060047439 -0.00092184085 4.9422949e-22)
(0.0066979775 -0.00083868189 -2.0251765e-22)
(0.0074268522 -0.00073246657 -4.8516575e-22)
(0.0081860513 -0.00060525453 0)
(0.0089734353 -0.00045089543 0)
(0.00975552 -0.00030962949 -1.4169951e-22)
(0.010629131 -1.7603477e-05 -2.776687e-22)
(2.7171516e-06 -1.6371691e-06 -1.2952183e-24)
(8.693281e-06 -5.2273257e-06 2.2564279e-24)
(1.5877878e-05 -9.5255391e-06 2.6947446e-24)
(2.4529808e-05 -1.4675441e-05 -6.4423752e-24)
(3.4961236e-05 -2.0848028e-05 7.6877929e-24)
(4.7548661e-05 -2.8244604e-05 -1.4150509e-26)
(6.2745159e-05 -3.7100741e-05 -1.0915835e-23)
(8.1094644e-05 -4.7689979e-05 6.5040046e-24)
(0.00010324837 -6.0326767e-05 -1.4923841e-27)
(0.00012998371 -7.5368068e-05 -9.0204794e-24)
(0.00016222522 -9.3212761e-05 2.1531128e-23)
(0.00020106775 -0.00011429761 -1.2722018e-23)
(0.0002478011 -0.00013908821 2.3715293e-25)
(0.00030393534 -0.00016806302 5.5263895e-25)
(0.00037122516 -0.00020168818 -1.9834002e-23)
(0.00045169108 -0.0002403809 2.6000269e-23)
(0.00054763424 -0.00028445938 -2.0158478e-20)
(0.00066164053 -0.00033407825 1.7017908e-20)
(0.00079656902 -0.00038915053 0)
(0.000955519 -0.00044925965 -3.1343959e-20)
(0.0011417706 -0.00051356978 2.0996386e-20)
(0.0013586952 -0.0005807466 7.9767208e-23)
(0.0016096369 -0.00064890533 7.7318013e-23)
(0.0018977694 -0.00071560437 -8.127241e-23)
(0.002225941 -0.00077790083 -7.890238e-23)
(0.0025965264 -0.0008324763 1.4043229e-20)
(0.0030113034 -0.000875828 -5.9205848e-20)
(0.0034713718 -0.0009045046 1.2625862e-22)
(0.0039771209 -0.00091535306 -1.0353444e-22)
(0.0045282373 -0.00090573641 -2.790285e-22)
(0.0051237398 -0.00087367887 3.446975e-22)
(0.0057620552 -0.00081795098 1.3306598e-22)
(0.0064410271 -0.00073822954 -1.1927454e-21)
(0.0071575159 -0.00063492597 4.8371985e-22)
(0.0079075972 -0.00050894838 6.9062724e-22)
(0.0086854258 -0.00036293544 -4.9492531e-22)
(0.0094869935 -0.00019181435 7.6020208e-22)
(0.010281044 -3.8393348e-05 0)
(0.011149302 0.00027473809 4.192748e-22)
(3.1267592e-06 -1.5707925e-06 -5.7965039e-28)
(1.0001357e-05 -5.0141559e-06 5.2008629e-28)
(1.826194e-05 -9.1343531e-06 -2.4099837e-27)
(2.820309e-05 -1.4067524e-05 2.878528e-27)
(4.0179497e-05 -1.9975337e-05 3.5449701e-27)
(5.4617921e-05 -2.7047547e-05 0)
(7.2030575e-05 -3.5505415e-05 0)
(9.3030551e-05 -4.560476e-05 0)
(0.00011834943 -5.7638104e-05 6.9868527e-24)
(0.00014885706 -7.1935313e-05 -8.4545732e-24)
(0.00018558329 -8.8861843e-05 -7.4340741e-26)
(0.00022974135 -0.00010881335 1.1546005e-23)
(0.00028275193 -0.00013220508 -1.3661933e-23)
(0.0003462669 -0.00015945417 0)
(0.00042219058 -0.0001909527 -1.8144538e-23)
(0.00051269599 -0.00022702934 1.8569471e-23)
(0.00062023241 -0.00026789796 -1.4954701e-20)
(0.00074751992 -0.00031359257 2.3171284e-20)
(0.00089752575 -0.00036388999 0)
(0.0010734176 -0.00041822489 -1.9619318e-20)
(0.0012784895 -0.00047560559 3.5075926e-20)
(0.0015160598 -0.00053454391 0)
(0.0017893423 -0.00059301542 1.7360842e-23)
(0.0021013006 -0.00064846785 0)
(0.0024544995 -0.00069789204 0)
(0.0028509713 -0.00073796104 0)
(0.0032921167 -0.00076522956 6.4185942e-23)
(0.0037786507 -0.00077637125 2.1194409e-22)
(0.0043105961 -0.00076841985 -1.0541213e-23)
(0.0048873074 -0.00073897783 7.9464316e-24)
(0.0055075042 -0.00068636156 8.0413535e-23)
(0.0061692957 -0.00060969038 -2.3961387e-22)
(0.0068701181 -0.0005090021 4.5680466e-22)
(0.0076064143 -0.00038518204 -3.8011093e-22)
(0.008373575 -0.00023982569 0)
(0.0091650414 -7.6320824e-05 9.2724887e-22)
(0.009974821 0.00010880344 -1.4097177e-21)
(0.010774381 0.00027086091 -5.5441112e-22)
(0.011627312 0.00059653299 0)
(3.5541123e-06 -1.446255e-06 2.7230618e-28)
(1.1365806e-05 -4.6152312e-06 1.8671446e-24)
(2.0748054e-05 -8.404687e-06 -2.2345611e-24)
(3.2032288e-05 -1.2938154e-05 -2.6652701e-24)
(4.5616932e-05 -1.8361968e-05 9.3163754e-27)
(6.1980328e-05 -2.4847227e-05 3.8001079e-24)
(8.1695209e-05 -3.2592544e-05 0)
(0.00010544523 -4.1826301e-05 0)
(0.00013404359 -5.2807861e-05 2.5833276e-26)
(0.0001684537 -6.5827148e-05 7.505697e-24)
(0.00020981138 -8.120168e-05 -1.770279e-23)
(0.00025944822 -9.9269859e-05 1.0501421e-23)
(0.00031891475 -0.00012037898 0)
(0.00039000211 -0.00014486616 0)
(0.00047475964 -0.00017303019 4.8927774e-25)
(0.0005755055 -0.00020509244 2.0456291e-23)
(0.00069482633 -0.00024114545 -5.1653685e-25)
(0.0008355613 -0.00028108914 -2.1215908e-23)
(0.0010007658 -0.00032455651 0)
(0.0011936507 -0.00037083408 0)
(0.0014174935 -0.00041878604 0)
(0.0016755243 -0.00046679507 0)
(0.0019707891 -0.00051273626 -9.592204e-23)
(0.0023060036 -0.00055400033 1.2991002e-22)
(0.0026834138 -0.00058757864 -3.5818497e-23)
(0.0031046807 -0.00061021305 5.5751394e-23)
(0.0035708059 -0.00061860007 5.1423895e-23)
(0.0040821066 -0.00060962527 -1.0561374e-22)
(0.0046382295 -0.00058059517 0)
(0.0052381856 -0.00052943442 0)
(0.0058803705 -0.00045482719 0)
(0.00656254 -0.00035631109 2.4201823e-22)
(0.0072816841 -0.00023437867 -2.5937947e-22)
(0.0080337101 -9.0496268e-05 8.4968334e-23)
(0.0088132094 7.2924617e-05 0)
(0.0096127358 0.00025157064 -7.7692605e-22)
(0.010424281 0.00044677756 6.4767603e-22)
(0.011222464 0.00061271505 1.3820955e-22)
(0.012050612 0.00094000722 -1.9976231e-22)
(3.9863549e-06 -1.2548261e-06 0)
(1.2745666e-05 -4.0027864e-06 0)
(2.3261784e-05 -7.2860832e-06 0)
(3.5903073e-05 -1.1209918e-05 -1.8660876e-21)
(5.1111719e-05 -1.5898514e-05 2.2051766e-21)
(6.9417575e-05 -2.1496355e-05 -3.3493457e-24)
(9.1453679e-05 -2.8170107e-05 0)
(0.00011797381 -3.6109943e-05 4.7185376e-24)
(0.00014987206 -4.5529708e-05 -3.6274453e-26)
(0.00018820414 -5.6665365e-05 -6.6494538e-24)
(0.00023420996 -6.977084e-05 0)
(0.00028933661 -8.511013e-05 -9.1275167e-24)
(0.00035526035 -0.00010294425 2.147059e-23)
(0.00043390565 -0.00012351136 -2.4974393e-23)
(0.00052745871 -0.00014699832 1.3873026e-23)
(0.00063837173 -0.00017350205 -5.4519061e-25)
(0.00076935401 -0.00020297981 1.8508815e-23)
(0.00092334503 -0.00023518858 -4.2024515e-23)
(0.0011034652 -0.00026961611 2.0910616e-23)
(0.0013129405 -0.00030540905 -2.9374872e-24)
(0.001555001 -0.00034130762 0)
(0.0018327544 -0.00037559965 0)
(0.0021490446 -0.00040610949 2.8354051e-23)
(0.0025063083 -0.00043023648 1.3070631e-23)
(0.0029064462 -0.00044505259 -4.0377472e-24)
(0.0033507294 -0.0004474594 -5.545597e-23)
(0.0038397516 -0.00043439167 -5.7384344e-24)
(0.0043734296 -0.00040304324 -4.5625571e-23)
(0.0049510364 -0.00035108497 1.4137422e-22)
(0.0055712379 -0.00027684817 -7.1012969e-23)
(0.0062320927 -0.00017946081 5.3031441e-23)
(0.006930977 -5.8949146e-05 -5.1709078e-23)
(0.0076643931 8.3652391e-05 3.4937905e-23)
(0.0084276151 0.00024620321 1.1083881e-22)
(0.0092143301 0.00042536668 0)
(0.01001604 0.00061575093 3.5005516e-22)
(0.010822758 0.00081606287 1.6967018e-22)
(0.011612567 0.00098009985 3.9753043e-22)
(0.012407503 0.0012959937 3.5412647e-22)
(4.4125484e-06 -9.9120705e-07 4.0480545e-25)
(1.410578e-05 -3.1599897e-06 -7.0507054e-25)
(2.5738655e-05 -5.7480388e-06 0)
(3.9715397e-05 -8.836157e-06 -1.6606037e-21)
(5.652057e-05 -1.2519278e-05 2.0174837e-21)
(7.6733752e-05 -1.6906868e-05 -1.4272803e-24)
(0.00010104598 -2.2123877e-05 4.8526588e-23)
(0.00013027821 -2.8310987e-05 -8.3519575e-23)
(0.00016540162 -3.5623644e-05 2.3820806e-24)
(0.00020755945 -4.4229311e-05 -5.65226e-24)
(0.00025808963 -5.4302173e-05 3.3475861e-24)
(0.00031854719 -6.6014238e-05 0)
(0.00039072471 -7.9521565e-05 -6.5436396e-26)
(0.00047666858 -9.4944202e-05 -5.3433023e-24)
(0.00057868801 -0.00011233836 6.3982053e-24)
(0.00069935281 -0.00013165962 -2.0036794e-25)
(0.0008414758 -0.00015271668 -4.5343722e-25)
(0.0010080749 -0.00017511645 0)
(0.0012023109 -0.00019820335 2.1894366e-23)
(0.0014273991 -0.00022099873 -2.1303312e-23)
(0.0016864939 -0.00024214932 0)
(0.0019825544 -0.00025989682 0)
(0.0023181984 -0.00027208225 -7.6036858e-24)
(0.0026955637 -0.00027619769 -2.2695086e-24)
(0.0031161945 -0.00026949231 -3.6718756e-23)
(0.0035809689 -0.00024913099 4.1788373e-23)
(0.0040900786 -0.00021239139 0)
(0.0046430528 -0.00015687598 0)
(0.0052388061 -8.0712061e-05 -9.8732384e-23)
(0.0058756702 1.7280391e-05 -1.7569297e-23)
(0.0065513664 0.00013745753 8.1038829e-23)
(0.0072628769 0.00027923936 -7.0084756e-23)
(0.0080061841 0.00044097748 1.6183276e-22)
(0.0087758578 0.00061978747 -2.4364443e-22)
(0.0095645948 0.00081134555 6.3652699e-23)
(0.010362686 0.0010090985 -6.1725022e-23)
(0.011158181 0.0012087665 -1.3252997e-22)
(0.011932443 0.0013647499 4.591832e-23)
(0.012685612 0.0016546944 -2.2792893e-22)
(4.807608e-06 -6.5007266e-07 -8.8215743e-29)
(1.536653e-05 -2.0698653e-06 5.7099349e-25)
(2.8034468e-05 -3.7597169e-06 -1.9960304e-27)
(4.3248695e-05 -5.7695743e-06 -8.1570737e-25)
(6.1532808e-05 -8.1574745e-06 4.2417688e-28)
(8.3512131e-05 -1.0988981e-05 1.1540393e-24)
(0.000109931 -1.4337025e-05 3.9609709e-23)
(0.00014167197 -1.828097e-05 -2.576503e-23)
(0.00017977678 -2.2904431e-05 1.9414195e-24)
(0.00022546851 -2.8291363e-05 -3.9833699e-27)
(0.00028017413 -3.4519759e-05 0)
(0.00034554605 -4.1652075e-05 -3.1348834e-24)
(0.00042348089 -4.9721337e-05 1.2141034e-25)
(0.0005161326 -5.8711833e-05 4.3598949e-24)
(0.00062591671 -6.8533276e-05 0)
(0.00075550154 -7.8987687e-05 5.7526326e-24)
(0.0009077817 -8.9728902e-05 -1.2119544e-23)
(0.0010858296 -0.00010021588 7.2413548e-24)
(0.0012928211 -0.00010966293 -7.6657144e-24)
(0.0015319346 -0.00011699246 1.1037704e-23)
(0.0018062252 -0.00012079885 0)
(0.0021184823 -0.00011933445 0)
(0.0024710832 -0.00011052977 1.2880153e-23)
(0.0028658616 -9.2057593e-05 -4.37573e-23)
(0.0033040092 -6.144522e-05 -1.2232566e-23)
(0.003786027 -1.6229934e-05 2.1502568e-23)
(0.0043117299 4.5857156e-05 -2.4142129e-23)
(0.004880292 0.00012670027 3.9761812e-23)
(0.0054903025 0.00022762248 6.0871552e-24)
(0.0061397869 0.00034923594 4.1006922e-23)
(0.0068261455 0.00049131525 -3.9119988e-23)
(0.0075459699 0.00065267164 6.7885243e-23)
(0.0082947115 0.00083099201 -2.3168141e-23)
(0.009066203 0.0010226151 5.2451634e-23)
(0.0098521062 0.0012222435 2.5272872e-23)
(0.010641373 0.0014222223 0)
(0.011420016 0.0016153259 -3.404787e-23)
(0.012171118 0.0017584459 -4.6510376e-23)
(0.012870702 0.0020061419 5.6025499e-23)
(5.1646644e-06 -2.3353439e-07 -6.273641e-26)
(1.6505241e-05 -7.393342e-07 1.0883292e-25)
(3.0106567e-05 -1.3340266e-06 -1.3024672e-25)
(4.6434934e-05 -2.0306057e-06 -1.7263177e-28)
(6.6048022e-05 -2.8430445e-06 -4.1158918e-28)
(8.9610844e-05 -3.7846917e-06 2.1974184e-25)
(0.00011791364 -4.8668915e-06 -1.6256634e-27)
(0.00015189161 -6.0967814e-06 -3.1168127e-25)
(0.00019264623 -7.4738647e-06 -3.6582575e-25)
(0.00024146746 -8.9849829e-06 4.3978128e-25)
(0.00029985594 -1.0597157e-05 0)
(0.00036954362 -1.224764e-05 0)
(0.00045251059 -1.3830423e-05 0)
(0.00055099537 -1.5178445e-05 2.8867004e-26)
(0.00066749477 -1.6040866e-05 0)
(0.00080474911 -1.6055135e-05 0)
(0.00096570798 -1.47143e-05 -2.5071362e-24)
(0.0011534723 -1.1331211e-05 2.7002898e-24)
(0.0013712095 -5.0028979e-06 0)
(0.0016220416 5.4194513e-06 -3.0273393e-24)
(0.0019089104 2.1347446e-05 3.3921847e-24)
(0.0022344302 4.4450441e-05 0)
(0.0026007421 7.661961e-05 0)
(0.0030093921 0.00011989476 -8.0959971e-25)
(0.0034612493 0.00017635274 1.5593576e-20)
(0.0039564803 0.0002479638 -1.6195881e-20)
(0.0044945754 0.00033642943 -1.1144124e-23)
(0.0050744104 0.00044301951 8.9295875e-24)
(0.0056943034 0.00056842317 -1.0301049e-23)
(0.0063520197 0.00071261794 -1.9379208e-23)
(0.0070446732 0.00087474605 -4.1422105e-24)
(0.0077684878 0.001052973 2.1321729e-23)
(0.0085184025 0.0012442979 2.8874927e-24)
(0.0092875332 0.0014442941 0)
(0.010066551 0.0016467927 0)
(0.01084311 0.0018433114 0)
(0.011601362 0.0020246331 -5.8277312e-24)
(0.012324088 0.0021549853 -2.4420539e-23)
(0.012969105 0.0023408977 5.1024687e-23)
(5.4454812e-06 2.6795775e-07 7.6731124e-26)
(1.7401027e-05 8.6214167e-07 -1.3365089e-25)
(3.173685e-05 1.5846584e-06 6.5526143e-22)
(4.8941976e-05 2.4663634e-06 -7.8640589e-22)
(6.9600792e-05 3.5454408e-06 0)
(9.4409431e-05 4.870153e-06 0)
(0.00012419413 6.5015625e-06 4.3792391e-28)
(0.00015993139 8.517091e-06 0)
(0.0002027695 1.1015211e-05 -1.2186075e-27)
(0.00025405076 1.4121516e-05 0)
(0.00031533325 1.79965e-05 0)
(0.00038841041 2.2845423e-05 -3.8797361e-27)
(0.00047532604 2.8930645e-05 0)
(0.00057838162 3.658674e-05 -9.2645047e-25)
(0.00070013192 4.6238466e-05 1.1383921e-24)
(0.00084336446 5.8421324e-05 -5.2027958e-26)
(0.0010110581 7.3803728e-05 5.559992e-21)
(0.0012063167 9.3208874e-05 -6.6181461e-21)
(0.0014322758 0.00011763309 -1.7361733e-24)
(0.0016919825 0.00014825598 1.824561e-24)
(0.0019882559 0.00018643652 -2.7562029e-25)
(0.0023235376 0.00023368839 0)
(0.0026997509 0.00029162922 0)
(0.0031181893 0.00036190085 2.2893338e-24)
(0.0035794509 0.00044606299 8.09626e-21)
(0.0040834318 0.00054546788 -8.4644314e-21)
(0.0046293699 0.00066112819 0)
(0.005215916 0.0007935899 0)
(0.0058411858 0.00094281651 0)
(0.0065027425 0.0011080792 -1.0895163e-24)
(0.0071974591 0.001287835 -2.1819129e-24)
(0.0079212288 0.0014795683 0)
(0.0086685196 0.001679574 0)
(0.0094317994 0.0018826824 0)
(0.010200901 0.0020819723 -5.5867467e-23)
(0.01096249 0.002268458 6.1414198e-23)
(0.011699704 0.0024324769 0)
(0.012394575 0.0025527723 1.3797852e-22)
(0.01300032 0.0026682623 0)
(5.6382195e-06 8.3665838e-07 0)
(1.801494e-05 2.6780098e-06 -7.4155416e-30)
(3.285238e-05 4.8932197e-06 2.6999983e-22)
(5.0654061e-05 7.5624793e-06 -3.2116295e-22)
(7.2021189e-05 1.0782314e-05 0)
(9.7669152e-05 1.4669801e-05 5.4457145e-29)
(0.00012844603 1.9366653e-05 -4.3793458e-28)
(0.00016535281 2.5044167e-05 0)
(0.00020956476 3.1909151e-05 1.2186678e-27)
(0.00026245337 4.0210915e-05 0)
(0.00032560744 5.0249399e-05 0)
(0.00040085157 6.2384484e-05 3.1450716e-27)
(0.00049025961 7.7046428e-05 6.1241617e-25)
(0.00059615963 9.4747177e-05 -7.4432746e-25)
(0.00072112651 0.00011609206 1.6611816e-21)
(0.00086795758 0.0001417909 -1.9519624e-21)
(0.0010396266 0.00017266718 1.837508e-21)
(0.0012392122 0.00020966291 -1.9493811e-21)
(0.0014697994 0.00025383658 8.792281e-25)
(0.0017343556 0.00030635051 -3.5407781e-24)
(0.0020355881 0.00036844389 2.0624357e-24)
(0.0023757965 0.0004413884 4.8416307e-25)
(0.0027567379 0.00052642478 0)
(0.003179526 0.0006246817 8.7491317e-25)
(0.0036445809 0.00073708186 -7.1856134e-25)
(0.0041516372 0.00086424373 7.5166598e-25)
(0.0046997983 0.0010063876 -5.0171207e-24)
(0.005287607 0.001163251 0)
(0.0059130846 0.0013340101 0)
(0.0065736844 0.0015171916 -1.47857e-23)
(0.0072661148 0.0017105513 3.4267842e-23)
(0.007986008 0.0019108962 -1.6082739e-23)
(0.0087274432 0.0021138412 0)
(0.0094823675 0.002313526 -6.3014939e-23)
(0.010240003 0.0025023678 -1.4509325e-22)
(0.010986441 0.002670888 -1.0185864e-22)
(0.011704793 0.0028087741 0)
(0.01237813 0.002900494 -5.4312326e-22)
(0.012976631 0.002956143 0)
(5.6968273e-06 1.4272131e-06 5.7602464e-26)
(1.820103e-05 4.5629229e-06 7.9088619e-28)
(3.3189116e-05 8.3267334e-06 1.2550543e-27)
(5.1167951e-05 1.2849131e-05 -1.4660467e-25)
(7.2742336e-05 1.8286465e-05 1.7997719e-25)
(9.8631476e-05 2.482605e-05 -2.1585612e-25)
(0.00012968737 3.2691652e-05 -2.6577143e-25)
(0.00016691479 4.2149726e-05 -7.0049806e-27)
(0.00021149243 5.3516424e-05 7.8396754e-25)
(0.00026479433 6.716526e-05 -4.7416735e-25)
(0.00032841032 8.3535271e-05 0)
(0.0004041637 0.00010313933 -7.3762801e-25)
(0.00049412348 0.00012657212 8.7514576e-25)
(0.0006006079 0.00015451693 0)
(0.0007261753 0.00018775018 -1.5003741e-21)
(0.00087359772 0.00022714216 1.76342e-21)
(0.001045813 0.00027365196 0)
(0.0012458517 0.00032831433 3.0366579e-25)
(0.0014767376 0.00039221603 -3.7262729e-26)
(0.001741365 0.00046645937 -2.9395367e-24)
(0.0020423585 0.00055211179 -2.2890401e-25)
(0.0023819314 0.00065014179 4.470916e-24)
(0.0027617586 0.00076134453 -4.6722485e-24)
(0.0031828856 0.00088626272 1.3388908e-23)
(0.0036456874 0.0010251112 -3.397131e-24)
(0.0041498829 0.0011777127 0)
(0.004694589 0.0013434496 5.0176612e-24)
(0.0052783807 0.0015212264 0)
(0.0058993087 0.001709431 0)
(0.0065548214 0.0019058673 4.5293391e-23)
(0.0072415522 0.0021076327 8.7805499e-23)
(0.0079549587 0.0023109204 8.4553308e-23)
(0.0086888359 0.0025107515 6.5741422e-23)
(0.0094347604 0.0027006894 -9.0620321e-23)
(0.010181548 0.0028726468 3.3002092e-22)
(0.0109149 0.0030167883 0)
(0.011618046 0.0031221136 -3.1243243e-22)
(0.012274488 0.0031753899 1.2300327e-21)
(0.012862466 0.0031761504 1.0338884e-21)
(5.6241027e-06 2.0124342e-06 -2.3662986e-22)
(1.7967755e-05 6.4305737e-06 4.1831921e-22)
(3.2761751e-05 1.172795e-05 3.6863276e-28)
(5.050499e-05 1.8084526e-05 4.4132973e-28)
(7.179249e-05 2.5715167e-05 -7.7423138e-25)
(9.7331515e-05 3.4875785e-05 9.2775962e-25)
(0.00012795952 4.5870062e-05 -1.1124442e-24)
(0.00016466366 5.9056825e-05 -1.2173906e-21)
(0.00020860133 7.4857921e-05 1.530977e-21)
(0.00026112102 9.3766324e-05 0)
(0.00032378215 0.00011635398 2.2689127e-24)
(0.00039837208 0.00014327873 -2.3504783e-21)
(0.00048691784 0.00017528927 3.0835037e-21)
(0.00059168935 0.00021322682 3.8143052e-24)
(0.0007151903 0.0002580218 -9.0013227e-24)
(0.00086013241 0.0003106833 5.28731e-24)
(0.0010293889 0.00037227912 0)
(0.0012259242 0.00044390398 -9.0451637e-25)
(0.0014526984 0.00052663415 1.3741016e-24)
(0.0017125501 0.00062146803 -1.9730734e-23)
(0.0020080641 0.00072925388 2.1281257e-23)
(0.0023414383 0.00085060917 3.1122322e-23)
(0.0027143659 0.00098583883 -2.1081614e-23)
(0.0031279514 0.0011348622 2.7299161e-23)
(0.0035826744 0.0012971594 -3.9822145e-23)
(0.0040783999 0.0014717439 0)
(0.004614421 0.0016571616 2.2348026e-23)
(0.0051894968 0.0018515029 -7.3861335e-23)
(0.0058018393 0.0020524034 -1.8112791e-24)
(0.0064490004 0.0022569982 -1.2583273e-22)
(0.0071276278 0.0024617989 -4.2925317e-22)
(0.0078330857 0.002662477 1.9310261e-23)
(0.0085589776 0.0028535756 1.9017061e-22)
(0.0092966397 0.0030282269 -1.8606674e-22)
(0.010034654 0.0031780467 3.94437e-22)
(0.010758316 0.0032932488 1.0669164e-21)
(0.011451112 0.0033620518 -7.2735661e-23)
(0.012096719 0.0033730269 -7.5674887e-22)
(0.012676859 0.0033220319 -4.7247708e-22)
(5.4107731e-06 2.5590524e-06 -4.1407088e-22)
(1.7285987e-05 8.1746818e-06 7.1669977e-22)
(3.1518074e-05 1.4903453e-05 -1.5615296e-27)
(4.858636e-05 2.297107e-05 -2.3234226e-24)
(6.9062402e-05 3.264641e-05 -1.0563068e-27)
(9.3625561e-05 4.4248547e-05 0)
(0.00012308026 5.8154539e-05 0)
(0.00015837478 7.4807735e-05 -2.1582901e-21)
(0.00020062107 9.4726313e-05 2.4983979e-21)
(0.000251115 0.00011851156 -3.2060419e-26)
(0.00031135565 0.00014685515 0)
(0.00038306213 0.00018054441 -4.2522461e-21)
(0.00046818552 0.00022046403 4.7504615e-21)
(0.00056891303 0.00026759246 -1.3197862e-23)
(0.00068766068 0.00032299056 -2.9311348e-25)
(0.0008270507 0.00038777999 0)
(0.0009898698 0.00046310861 -2.0839072e-23)
(0.0011790054 0.00055010062 2.4743785e-23)
(0.0013973592 0.0006497905 -1.3740999e-24)
(0.0016477401 0.00076304162 3.0594986e-23)
(0.0019327446 0.0008904539 -2.9342278e-23)
(0.0022546348 0.0010322685 2.9342261e-23)
(0.0026152309 0.0011882815 -9.0641826e-25)
(0.0030158323 0.0013577803 -6.743563e-23)
(0.003457178 0.0015395155 -6.0164296e-23)
(0.0039394449 0.0017317136 8.9521708e-23)
(0.0044622657 0.0019321248 3.6749311e-23)
(0.0050247338 0.0021380838 7.2206972e-23)
(0.005625351 0.0023465484 1.608171e-20)
(0.0062618763 0.0025540748 -5.7937243e-20)
(0.0069310533 0.0027566936 -2.0531124e-22)
(0.0076282201 0.0029496782 0)
(0.0083468532 0.0031272397 5.7237893e-22)
(0.0090781398 0.0032822382 0)
(0.0098106626 0.003406134 4.0091039e-23)
(0.01052877 0.0034899096 -2.0709524e-21)
(0.011218492 0.0035211858 0)
(0.01185959 0.0034896946 -1.0560885e-19)
(0.012438926 0.0033927274 1.2214936e-18)
(5.0667109e-06 3.0366388e-06 -2.7102892e-24)
(1.6187097e-05 9.6982022e-06 4.718622e-24)
(2.9514997e-05 1.7676636e-05 -9.5119654e-28)
(4.54993e-05 2.7237171e-05 -3.3773458e-24)
(6.4675292e-05 3.869526e-05 -4.0333202e-24)
(8.7679464e-05 5.2424293e-05 9.6404426e-24)
(0.00011526584 6.8864223e-05 -5.7570921e-24)
(0.00014832381 8.8530563e-05 0)
(0.00018789714 0.00011202333 0)
(0.00023520349 0.00014003525 9.6751722e-24)
(0.0002916534 0.00017335827 -1.1579815e-23)
(0.00035886732 0.00021288696 -9.0123215e-26)
(0.00043868856 0.00025961692 0)
(0.00053318966 0.00031463597 0)
(0.00064466886 0.00037910507 2.9311329e-25)
(0.00077563335 0.00045422628 0)
(0.00092876574 0.00054119447 0)
(0.0011068712 0.00064113111 -3.3641707e-23)
(0.0013128042 0.00075499955 4.1399261e-23)
(0.0015493774 0.0008835048 0)
(0.0018192571 0.0010269845 -1.180867e-23)
(0.0021248562 0.0011853026 6.5105712e-23)
(0.0024682358 0.0013577619 -5.5388217e-23)
(0.0028510283 0.0015430521 -7.3766447e-24)
(0.0032743871 0.001739247 -2.541091e-23)
(0.0037389625 0.0019438567 -1.1432879e-22)
(0.004244884 0.0021539213 -1.0631318e-23)
(0.0047917204 0.002366118 2.1674416e-22)
(0.0053783809 0.0025768351 6.3174016e-20)
(0.0060029241 0.0027821675 -2.1240843e-20)
(0.006662258 0.002977796 5.1253385e-22)
(0.0073517454 0.0031587494 -1.779947e-22)
(0.008064764 0.0033190979 -5.7205735e-22)
(0.0087923972 0.0034516747 0)
(0.0095242059 0.0035480183 -1.1675804e-21)
(0.010244566 0.0035982322 9.069823e-22)
(0.010931328 0.0035936779 1.9619443e-21)
(0.011577062 0.0035245432 -1.2465205e-18)
(0.012165402 0.0033892625 9.5741417e-20)
(4.6042852e-06 3.4143325e-06 -1.7795934e-24)
(1.4710711e-05 1.0902726e-05 -8.4460569e-28)
(2.6824969e-05 1.9868459e-05 3.7031981e-24)
(4.1355856e-05 3.0607575e-05 -4.4350207e-24)
(5.8791037e-05 4.3471743e-05 -5.2915154e-24)
(7.9710925e-05 5.8876434e-05 6.3249044e-24)
(0.00010480388 7.7310107e-05 8.2155581e-27)
(0.00013488295 9.9343634e-05 8.9666573e-24)
(0.00017090396 0.00012563938 -1.0722096e-23)
(0.00021398434 0.00015695915 4.3721822e-26)
(0.00026542205 0.00019416972 -1.3629344e-26)
(0.00032671318 0.00023824446 -6.7286177e-21)
(0.00039956678 0.0002902586 9.3722157e-21)
(0.00048591467 0.00035137565 0)
(0.00058791348 0.00042282158 2.8502911e-23)
(0.00070793615 0.00050584357 -3.3423327e-23)
(0.0008485497 0.00060165021 3.9323382e-23)
(0.0010124769 0.00071133129 -4.4019172e-23)
(0.0012025409 0.00083575784 -2.7380026e-24)
(0.0014215927 0.00097546651 -7.5971864e-24)
(0.0016724268 0.0011305378 6.7202734e-24)
(0.0019576899 0.0013004823 3.9193435e-20)
(0.0022797919 0.0014841551 -8.341787e-21)
(0.0026408261 0.0016797161 3.212757e-23)
(0.0030425031 0.0018846542 -8.000797e-23)
(0.0034860931 0.0020958738 0)
(0.0039723622 0.0023098316 1.2852131e-22)
(0.0045014783 0.0025226821 0)
(0.0050728595 0.0027303841 0)
(0.0056849408 0.0029287137 2.6319163e-22)
(0.0063348527 0.0031131504 0)
(0.0070180246 0.0032786431 4.0089004e-22)
(0.0077277525 0.0034193165 -3.9332467e-22)
(0.0084548538 0.0035280995 0)
(0.0091865233 0.0035968613 1.7801448e-21)
(0.0099139403 0.0036175265 6.3211936e-22)
(0.010613849 0.0035804288 -7.4924037e-22)
(0.011269033 0.0034785862 -1.0398996e-21)
(0.011870013 0.0033126171 -3.7030871e-21)
(4.0460209e-06 3.6664155e-06 0)
(1.2928688e-05 1.1706251e-05 8.4460569e-28)
(2.3578811e-05 2.1329745e-05 4.5668874e-24)
(3.6357331e-05 3.2852973e-05 -5.4655215e-24)
(5.1695177e-05 4.6651045e-05 -6.5180289e-24)
(7.0106089e-05 6.3166462e-05 1.5580356e-23)
(9.2200547e-05 8.291858e-05 -9.3089632e-24)
(0.00011870131 0.00010651315 0)
(0.0001504605 0.00013465129 -1.3104778e-23)
(0.00018847789 0.00016813691 1.564589e-23)
(0.00023391981 0.00020788135 6.5458062e-26)
(0.0002881379 0.00025490314 -8.7927361e-21)
(0.00035268647 0.00031032068 9.024484e-21)
(0.0004293368 0.00037533464 -2.9962674e-23)
(0.00052008642 0.00045119673 3.5289228e-23)
(0.00062716093 0.00053916126 0)
(0.00075300578 0.00064041643 -1.3279931e-24)
(0.00090026569 0.00075599386 0)
(0.00107175 0.00088665747 0)
(0.0012703831 0.0010327775 7.5971979e-24)
(0.0014991421 0.0011942005 1.4392675e-22)
(0.0017609823 0.0013701328 1.8547665e-20)
(0.0020587563 0.0015590582 -5.5091387e-20)
(0.0023951291 0.0017587125 0)
(0.0027724879 0.0019661294 -9.0362163e-23)
(0.0031928437 0.0021777578 9.2845855e-24)
(0.0036577122 0.0023896319 5.0286404e-22)
(0.0041679579 0.002597549 -2.0370211e-23)
(0.0047235843 0.0027972005 -3.163783e-22)
(0.0053234598 0.0029842001 -5.6727996e-22)
(0.0059649778 0.0031539772 -5.2194298e-23)
(0.0066436742 0.003301548 -5.0043819e-22)
(0.0073528462 0.00342123 -4.2420922e-22)
(0.0080832523 0.0035064234 4.1493438e-22)
(0.0088229972 0.0035497392 0)
(0.0095571285 0.0035429934 -1.2294468e-21)
(0.010271364 0.0034787629 -3.3895641e-21)
(0.010945396 0.0033528781 3.1520485e-21)
(0.011566767 0.0031663828 1.8188e-21)
(3.4197458e-06 3.7721281e-06 0)
(1.0929857e-05 1.2042613e-05 1.1818134e-27)
(1.9938334e-05 2.1940183e-05 -5.3982618e-24)
(3.0752864e-05 3.3788538e-05 6.4635989e-24)
(4.3741329e-05 4.7971535e-05 4.0343813e-27)
(5.9343501e-05 6.4941469e-05 0)
(7.8083611e-05 8.5228465e-05 0)
(0.00010058463 0.00010944984 0)
(0.00012758437 0.00013831871 1.5521243e-23)
(0.00015995325 0.00017265076 -9.0829775e-26)
(0.00019871346 0.0002133679 -2.1950978e-23)
(0.00024505917 0.00026149658 -2.5417691e-23)
(0.00030037697 0.00031815833 3.038139e-23)
(0.00036626561 0.00038454937 0)
(0.00044455363 0.00046190567 0)
(0.00053731311 0.00055144983 0)
(0.00064686737 0.00065431695 -5.2559585e-23)
(0.00077579042 0.00077145802 6.3015003e-23)
(0.00092689555 0.00090352287 0)
(0.0011032109 0.001050729 1.0389991e-23)
(0.0013079402 0.001212729 -1.6773114e-22)
(0.0015444064 0.0013884945 6.5242919e-24)
(0.0018159779 0.0015762408 1.969529e-22)
(0.0021259734 0.0017734132 1.9491998e-22)
(0.0024775449 0.0019767509 -1.0279132e-23)
(0.0028735305 0.0021824277 -1.1233143e-23)
(0.0033162736 0.0023862446 -5.782292e-22)
(0.0038073994 0.0025838298 2.4418009e-23)
(0.004347545 0.0027707867 3.6246195e-22)
(0.004936042 0.0029427333 -9.5627907e-24)
(0.0055705618 0.003095206 1.5005133e-21)
(0.006246743 0.0032234434 0)
(0.0069578425 0.003322124 4.7824239e-22)
(0.0076944641 0.0033851996 -4.6787262e-22)
(0.0084444937 0.0034060187 0)
(0.0091935688 0.0033779578 -1.1605404e-22)
(0.0099251612 0.0032943182 -1.3739289e-21)
(0.01062129 0.0031527462 0)
(0.011267451 0.0029557736 6.5066305e-21)
(2.7587839e-06 3.7184437e-06 2.968656e-24)
(8.8205326e-06 1.187031e-05 -1.1818134e-27)
(1.6097073e-05 2.1624344e-05 -6.1722078e-24)
(2.4840216e-05 3.3298457e-05 7.3847594e-24)
(3.5351755e-05 4.7269408e-05 8.8020434e-24)
(4.7994011e-05 6.3980709e-05 -1.0542431e-23)
(6.3201027e-05 8.3951621e-05 0)
(8.149159e-05 0.00010778603 -1.4895463e-23)
(0.00010348438 0.00013618044 1.7740467e-23)
(0.00012991529 0.00016992997 2.1066316e-23)
(0.00016165706 0.00020993111 -2.4773155e-23)
(0.00019974111 0.00025717889 -2.1518219e-25)
(0.00024538154 0.00031275617 0)
(0.00030000081 0.00037781167 0)
(0.00036525644 0.00045352338 4.6739199e-23)
(0.00044306765 0.00054104375 -5.4807781e-23)
(0.00053564011 0.00064142386 6.0041355e-23)
(0.00064548658 0.00075551568 -7.1683077e-23)
(0.00077544005 0.00088385449 -5.2506719e-24)
(0.00092865527 0.0010265286 -1.0390115e-23)
(0.0011085933 0.0011830496 1.2697268e-23)
(0.0013189832 0.0013522416 -2.7227762e-23)
(0.0015637527 0.0015321732 0)
(0.001846923 0.001720155 5.9027997e-23)
(0.0021724584 0.0019128154 0)
(0.0025440687 0.0021062539 0)
(0.0029649617 0.0022962456 2.283846e-22)
(0.0034375505 0.0024784515 4.0252992e-22)
(0.0039631212 0.0026485735 -4.0535734e-22)
(0.0045414755 0.0028024025 3.7790245e-22)
(0.0051705606 0.0029357345 6.3233357e-23)
(0.0058461108 0.0030441739 0)
(0.0065613303 0.0031229032 0)
(0.0073066697 0.0031665543 0)
(0.0080698026 0.0031693657 9.9233298e-22)
(0.0088359679 0.0031256975 2.3703297e-21)
(0.0095884253 0.0030307763 -2.9783093e-21)
(0.010309211 0.002883208 1.2431453e-21)
(0.010982607 0.0026864066 -5.6711416e-21)
(2.0992808e-06 3.5006389e-06 3.3052547e-24)
(6.716053e-06 1.1174303e-05 -1.1509183e-23)
(1.2264973e-05 2.0354974e-05 6.8875612e-24)
(1.894238e-05 3.1341033e-05 0)
(2.6984453e-05 4.448594e-05 0)
(3.6676707e-05 6.020546e-05 1.0855562e-26)
(4.8363835e-05 7.8985941e-05 0)
(6.2461531e-05 0.00010139241 0)
(7.9470758e-05 0.0001280757 0)
(9.9994742e-05 0.00015977768 -2.3338316e-23)
(0.00012475911 0.0001973331 2.7681825e-23)
(0.00015463557 0.00024166617 -2.6645018e-25)
(0.00019066957 0.00029377934 3.8209088e-23)
(0.00023411209 0.00035473135 -4.5160113e-23)
(0.00028645567 0.00042560112 8.521808e-25)
(0.00034947403 0.00050743437 0)
(0.00042526406 0.00060117026 0)
(0.00051628769 0.00070754746 7.7849076e-23)
(0.00062540952 0.00082699194 -8.4214629e-23)
(0.00075592388 0.0009594937 0)
(0.00091156288 0.0011044852 -2.6594169e-23)
(0.0010964744 0.0012607399 -2.5434578e-24)
(0.0013151575 0.0014263136 0)
(0.0015723435 0.0015985494 5.379107e-24)
(0.0018728127 0.0017741591 -6.4934601e-23)
(0.0022211443 0.0019493784 0)
(0.0026214026 0.0021201708 -2.2844659e-22)
(0.0030767749 0.0022824339 4.4103335e-22)
(0.0035891803 0.0024321536 -6.6549926e-22)
(0.0041588725 0.0025654561 -3.7815223e-22)
(0.0047840583 0.0026785366 -2.9320669e-22)
(0.0054605524 0.0027674879 3.4435226e-22)
(0.0061814918 0.0028281053 -1.2313591e-21)
(0.0069371498 0.0028557914 0)
(0.0077149341 0.0028457177 -1.8564782e-21)
(0.0084996991 0.0027933305 1.7821717e-21)
(0.0092743026 0.0026952615 2.9890445e-21)
(0.010020483 0.002551122 -4.1721157e-21)
(0.010721532 0.002364744 -1.0815309e-21)
(1.4782115e-06 3.1232026e-06 -1.8013277e-24)
(4.7346751e-06 9.9688363e-06 -6.2643784e-24)
(8.6571042e-06 1.8158187e-05 1.4990101e-23)
(1.3390193e-05 2.7956623e-05 -8.9679507e-24)
(1.9108436e-05 3.9678694e-05 -5.4003007e-27)
(2.6025362e-05 5.3694087e-05 0)
(3.4401996e-05 7.0434949e-05 0)
(4.455758e-05 9.0402924e-05 0)
(5.6883062e-05 0.00011417527 -2.1445933e-23)
(7.1857843e-05 0.00014240914 4.7382437e-26)
(9.0070492e-05 0.00017584284 3.0246975e-23)
(0.00011224425 0.00021529213 3.5672945e-23)
(0.00013926826 0.00026163952 -8.3532762e-23)
(0.00017223527 0.00031581368 4.9129097e-23)
(0.00021248657 0.00037875624 -8.521824e-25)
(0.00026166401 0.00045137277 0)
(0.00032176839 0.00053446605 7.4568371e-23)
(0.00039522138 0.00062865093 -8.3633917e-23)
(0.00048492611 0.00073425325 0)
(0.00059431825 0.00085119938 -9.0903903e-23)
(0.00072739559 0.00097890829 1.3161119e-22)
(0.00088871092 0.0011162031 -2.1686385e-24)
(0.0010833106 0.0012612624 -1.2736571e-22)
(0.0013166021 0.0014116297 7.2993392e-23)
(0.0015941384 0.0015642937 6.4946174e-23)
(0.0019213175 0.0017158337 -2.5889457e-22)
(0.0023030058 0.0018626093 1.3434282e-22)
(0.0027431116 0.0020009513 2.522479e-22)
(0.0032441385 0.0021273044 2.214541e-22)
(0.0038067527 0.0022382779 -4.3633303e-22)
(0.0044293917 0.0023305888 -3.5137885e-22)
(0.0051079313 0.0024009179 0)
(0.0058354279 0.0024457513 1.2336279e-21)
(0.006601963 0.0024613133 9.6708985e-20)
(0.0073946581 0.0024437259 2.1146709e-19)
(0.0081979697 0.0023894821 -2.7076253e-21)
(0.0089942926 0.0022962893 0)
(0.0097648717 0.0021644779 1.444541e-21)
(0.01049213 0.001997908 1.3780481e-21)
(9.3123012e-07 2.5997909e-06 -1.9246206e-24)
(2.9898061e-06 8.2977456e-06 8.3780533e-28)
(5.4800278e-06 1.5113724e-05 1.8924961e-27)
(8.5013034e-06 2.3268058e-05 2.2613731e-27)
(1.2173936e-05 3.3022069e-05 5.7109379e-24)
(1.6648277e-05 4.4682684e-05 -6.8166845e-24)
(2.2111973e-05 5.8608489e-05 8.0976607e-24)
(2.8799731e-05 7.521547e-05 -9.6807303e-24)
(3.7006158e-05 9.4981941e-05 -2.2967549e-26)
(4.7102338e-05 0.0001184519 -1.3567957e-23)
(5.9557106e-05 0.00014623578 1.1013249e-25)
(7.4964232e-05 0.00017900698 1.5499848e-25)
(9.4076858e-05 0.0002174925 2.2395735e-23)
(0.00011785054 0.00026245526 -2.591203e-23)
(0.0001474961 0.00031466568 6.0621362e-23)
(0.00018454271 0.00037486016 -3.5299557e-23)
(0.00023091077 0.00044368467 0)
(0.00028899157 0.00052162306 -5.6701034e-24)
(0.00036172817 0.0006089123 -1.0082636e-22)
(0.00045268739 0.00070545028 2.05184e-22)
(0.00056610819 0.00081070635 -1.2531057e-22)
(0.00070690722 0.00092364895 -9.7292897e-23)
(0.00088061949 0.0010427073 1.7692007e-22)
(0.0010932533 0.0011657829 -1.3885532e-22)
(0.0013510454 0.0012903205 7.4326988e-23)
(0.0016601152 0.0014134345 0)
(0.0020260331 0.001532071 1.327551e-22)
(0.0024533367 0.0016431715 -5.0371951e-22)
(0.0029450364 0.0017437944 2.5321378e-22)
(0.0035021522 0.0018311615 -2.2559169e-22)
(0.0041233138 0.0019026129 4.488843e-22)
(0.0048044396 0.0019554949 -7.3919417e-22)
(0.0055385002 0.0019870363 3.9071337e-22)
(0.0063153884 0.0019943059 -1.9052756e-19)
(0.0071219447 0.0019743549 -1.2098941e-19)
(0.0079422431 0.0019246232 1.8945158e-21)
(0.0087582154 0.001843641 8.3180168e-22)
(0.0095505523 0.0017321065 -8.1017932e-22)
(0.01030092 0.0015935134 1.4704935e-21)
(4.9003296e-07 1.9524333e-06 4.0151208e-23)
(1.5824558e-06 6.2313541e-06 -8.1682429e-23)
(2.917539e-06 1.1349674e-05 4.2053372e-24)
(4.5582629e-06 1.7472549e-05 5.0167597e-24)
(6.5812709e-06 2.4795968e-05 -1.1988486e-23)
(9.0860618e-06 3.3550006e-05 7.1499876e-24)
(1.2201256e-05 4.4003346e-05 8.1244285e-27)
(1.6093626e-05 5.6467529e-05 0)
(2.0980447e-05 7.1300554e-05 2.2967551e-26)
(2.7145954e-05 8.8909295e-05 -2.8322859e-26)
(3.4963062e-05 0.00010974991 0)
(4.4921936e-05 0.00013432506 1.9738591e-23)
(5.76671e-05 0.00016317659 -2.3488807e-23)
(7.4044827e-05 0.00019687194 0)
(9.5162427e-05 0.00023598246 0)
(0.00012246037 0.00028105173 0)
(0.00015779678 0.00033255284 0)
(0.00020354158 0.00039083404 2.9128188e-24)
(0.00026267356 0.00045605477 -3.3934516e-24)
(0.00033886925 0.00052811626 6.5507019e-23)
(0.00043656633 0.00060659459 -2.2655624e-24)
(0.00056097909 0.00069068695 -8.7841611e-23)
(0.0007180405 0.00077918418 -3.5359062e-23)
(0.00091424663 0.00087048135 0)
(0.0011563876 0.00096263337 1.8098038e-22)
(0.0014511651 0.0010534526 -1.5249107e-22)
(0.0018047159 0.0011406333 -7.2311109e-23)
(0.002222082 0.0012218766 0)
(0.0027066775 0.0012949842 0)
(0.0032598019 0.0013578939 2.293542e-22)
(0.0038802332 0.0014086493 -4.1954947e-22)
(0.0045639157 0.0014453177 6.7798017e-24)
(0.0053037415 0.0014659033 -3.1977372e-22)
(0.0060894371 0.0014683216 -2.4799622e-21)
(0.0069075981 0.0014505123 5.5989351e-22)
(0.0077419673 0.0014107491 0)
(0.0085740686 0.0013481636 -8.6427941e-22)
(0.0093840844 0.0012635063 1.6909676e-21)
(0.010153066 0.0011595493 -2.0612451e-21)
(1.8093131e-07 1.2133705e-06 2.9474007e-23)
(5.9651756e-07 3.8724161e-06 -4.3104796e-23)
(1.1223671e-06 7.0527575e-06 -5.3373116e-28)
(1.7959762e-06 1.0856478e-05 -6.0745319e-28)
(2.6633911e-06 1.5404611e-05 -3.0891402e-24)
(3.7884753e-06 2.0838921e-05 3.6979855e-24)
(5.2584757e-06 2.7324622e-05 4.3295845e-27)
(7.1925551e-06 3.5053129e-05 0)
(9.7538793e-06 4.4245071e-05 -1.2231449e-26)
(1.3166005e-05 5.5153614e-05 2.8322864e-26)
(1.7734895e-05 6.8062924e-05 0)
(2.3878385e-05 8.3283876e-05 7.8961485e-26)
(3.2165178e-05 0.00010115092 1.2090426e-23)
(4.3365419e-05 0.00012201388 -1.667747e-25)
(5.8514515e-05 0.00014622437 -1.6501874e-23)
(7.8991586e-05 0.00017411594 -5.9583527e-25)
(0.00010661226 0.00020597729 -4.4984904e-20)
(0.00014373284 0.0002420184 4.9971382e-20)
(0.00019335896 0.00028233073 2.8130051e-23)
(0.00025924615 0.00032684406 -1.2198313e-22)
(0.00034597373 0.0003752851 7.1765593e-23)
(0.00045896714 0.00042714446 -5.2130863e-23)
(0.00060444074 0.00048166019 -5.968211e-24)
(0.00078923451 0.00053782518 -1.5343115e-23)
(0.0010205279 0.00059442257 6.1723935e-23)
(0.0013054312 0.00065008743 7.8479611e-23)
(0.0016504778 0.00070338499 7.2351958e-23)
(0.0020610618 0.00075288902 0)
(0.002540878 0.00079724053 -6.5595436e-23)
(0.0030914188 0.00083517082 2.3221176e-22)
(0.0037115626 0.00086548313 9.2362178e-23)
(0.0043972677 0.00088700358 -2.0942179e-22)
(0.0051413658 0.00089852909 0)
(0.0059334601 0.00089881453 9.5135957e-22)
(0.0067599645 0.00088664516 1.1465571e-21)
(0.0076043779 0.00086102999 -2.48599e-22)
(0.0084479201 0.0008215243 0)
(0.00927039 0.00076868357 -2.4579912e-21)
(0.010052405 0.00070428448 0)
(1.992815e-08 4.1361146e-07 -5.2933779e-25)
(8.7332278e-08 1.3192607e-06 9.2200681e-25)
(1.9541858e-07 2.4007407e-06 1.1019263e-24)
(3.6988946e-07 3.6914563e-06 -1.3190441e-24)
(6.4096599e-07 5.2314637e-06 1.5712873e-24)
(1.0543777e-06 7.0677415e-06 -1.8791715e-24)
(1.676506e-06 9.2557497e-06 2.2271419e-24)
(2.6037854e-06 1.1861561e-05 -2.6650441e-24)
(3.9682195e-06 1.49657e-05 1.2231451e-26)
(5.9584541e-06 1.86597e-05 0)
(8.8541903e-06 2.3036001e-05 -4.4059829e-24)
(1.3036326e-05 2.8194908e-05 5.2339766e-24)
(1.9028844e-05 3.4249612e-05 -6.185587e-24)
(2.756444e-05 4.1318081e-05 8.5032846e-26)
(3.9642364e-05 4.9518831e-05 8.3783652e-24)
(5.6610378e-05 5.8964164e-05 5.9583855e-25)
(8.0262462e-05 6.9751035e-05 -4.4390318e-20)
(0.00011294836 8.1949566e-05 5.3600449e-20)
(0.00015768803 9.5589532e-05 1.5542939e-23)
(0.00021827833 0.00011064575 -1.5716171e-23)
(0.0002993722 0.00012702403 -4.1784301e-24)
(0.00040650458 0.00014455001 1.7661074e-23)
(0.00054603543 0.00016296364 -9.9723717e-24)
(0.00072498249 0.00018192181 1.9271235e-23)
(0.00095072616 0.00020101049 -1.0865891e-19)
(0.0012305875 0.00021976579 1.1368031e-19)
(0.0015713038 0.0002377007 3.8604527e-23)
(0.0019784503 0.00025433173 -3.4197311e-23)
(0.0024558659 0.00026919897 1.0015134e-22)
(0.0030051412 0.00028187396 5.8908331e-23)
(0.0036252053 0.00029195361 -6.1815112e-23)
(0.0043120226 0.00029904395 -2.0394465e-22)
(0.0050583921 0.00030274298 1.8416007e-22)
(0.0058538513 0.0003026367 -8.6496462e-23)
(0.0066847174 0.00029832407 -5.8668209e-22)
(0.0075343599 0.00028948265 3.9810972e-22)
(0.008383836 0.0002759771 1.2415185e-22)
(0.0092127389 0.0002580103 6.3390394e-22)
(0.010001462 0.00023619426 1.9805051e-22)
(0.0051145391 -6.0157457e-05 -9.320366e-23)
(0.0054995175 -5.7253106e-05 9.2928032e-24)
(0.0058680892 -5.1662698e-05 0)
(0.0061892833 -4.7660282e-05 -4.1880633e-23)
(0.0064925008 -4.3779838e-05 0)
(0.0067672709 -4.0346758e-05 0)
(0.0070233377 -3.7226163e-05 0)
(0.0072601565 -3.4354185e-05 -2.9593359e-23)
(0.0074809266 -3.1683364e-05 1.8752531e-23)
(0.0076864361 -2.9166146e-05 -4.4234205e-24)
(0.0078786919 -2.6750979e-05 0)
(0.0080567736 -2.4411002e-05 -1.1119967e-23)
(0.0082248559 -2.2139008e-05 0)
(0.0083758463 -1.9684863e-05 0)
(0.0085216884 -1.7988237e-05 0)
(0.0051565095 -0.00018130187 8.5626599e-23)
(0.0055375883 -0.00017275015 0)
(0.0059045906 -0.00015582891 2.4681303e-23)
(0.0062242775 -0.00014371213 -1.3925494e-24)
(0.0065266067 -0.0001319782 1.9302728e-23)
(0.0068008465 -0.00012157067 0)
(0.0070565936 -0.00011212367 0)
(0.0072932778 -0.00010342533 2.5082165e-23)
(0.0075139946 -9.5345522e-05 -1.4113215e-23)
(0.0077194872 -8.773439e-05 -4.4942496e-24)
(0.0079117135 -8.0446498e-05 -3.6702727e-24)
(0.0080896808 -7.3385393e-05 1.5027896e-23)
(0.0082576055 -6.6553494e-05 -3.6759539e-23)
(0.0084081068 -5.9167092e-05 4.2165668e-23)
(0.0085537692 -5.4071363e-05 3.1820773e-24)
(0.0052446386 -0.00030217434 0)
(0.0056193228 -0.00028846344 0)
(0.005984135 -0.00026021524 2.2606773e-22)
(0.006301253 -0.0002400884 -3.940647e-23)
(0.0066020212 -0.00022047284 3.9325785e-23)
(0.0068751222 -0.00020307395 1.0449581e-22)
(0.0071300078 -0.00018724468 9.2242907e-23)
(0.007366047 -0.00017266472 -5.8998358e-24)
(0.0075861818 -0.00015911269 -5.1844739e-24)
(0.0077910839 -0.00014634526 2.1358518e-23)
(0.0079826297 -0.00013412698 -3.5716089e-20)
(0.0081597132 -0.00012228766 -9.4955101e-20)
(0.008326634 -0.00011085287 -4.9459282e-19)
(0.0084754651 -9.8489251e-05 6.0519462e-19)
(0.0086201196 -8.9950156e-05 1.2077434e-22)
(0.0053814955 -0.00041974428 0)
(0.0057472445 -0.00040164302 3.2243856e-22)
(0.0061092127 -0.00036228411 -6.3512525e-23)
(0.0064226448 -0.00033439519 0)
(0.0067211109 -0.00030702699 -2.8092855e-22)
(0.0069923943 -0.00028274544 -1.2972414e-22)
(0.0072458043 -0.00026060377 -7.0858237e-23)
(0.0074806114 -0.00024020356 1.1701303e-22)
(0.0076995566 -0.00022123082 5.5438747e-23)
(0.0079032104 -0.00020335795 -1.7229052e-23)
(0.0080933378 -0.00018626577 3.354638e-20)
(0.0082686735 -0.00016970916 9.9316635e-20)
(0.0084336501 -0.00015374417 -1.4290466e-19)
(0.0085795206 -0.00013649835 -1.5992386e-19)
(0.0087222409 -0.00012456413 -1.228431e-22)
(0.0055690423 -0.00053053208 -7.943439e-23)
(0.0059233228 -0.00050915736 -1.8600449e-22)
(0.0062817617 -0.00045915361 -2.3378005e-22)
(0.0065903513 -0.0004239439 -3.1145601e-22)
(0.0068857001 -0.00038914439 -4.5231171e-24)
(0.007154418 -0.00035824751 -2.4211031e-22)
(0.0074056652 -0.00033001567 1.5235412e-22)
(0.0076385777 -0.00030399607 -2.0238104e-22)
(0.0078556495 -0.00027978808 -5.6361396e-23)
(0.0080573193 -0.00025699106 1.3415118e-23)
(0.0082452127 -0.00023521026 -4.508503e-24)
(0.008417858 -0.00021413073 5.4634271e-23)
(0.0085798727 -0.00019383419 7.0755968e-19)
(0.0087214163 -0.00017195661 -5.1304656e-19)
(0.0088611993 -0.00015676638 0)
(0.0058084793 -0.00063070426 0)
(0.0061488096 -0.00060759378 5.1456998e-22)
(0.0065030184 -0.00054767287 3.6121779e-22)
(0.0068055848 -0.00050580779 8.1182226e-22)
(0.0070969233 -0.00046411261 6.8140312e-23)
(0.0073622628 -0.00042705295 -5.7422971e-23)
(0.0076105902 -0.0003931261 2.7598832e-23)
(0.0078408755 -0.00036184652 6.9592474e-23)
(0.0080553214 -0.00033273885 -8.3817833e-24)
(0.008254204 -0.0003053435 -5.3506726e-24)
(0.0084389844 -0.00027919965 0)
(0.0086079397 -0.00025393427 -8.6721663e-24)
(0.0087659211 -0.00022963893 1.5127587e-23)
(0.008901736 -0.00020353853 -1.8716157e-23)
(0.0090375321 -0.00018532943 -2.6114767e-22)
(0.0061000795 -0.00071613286 0)
(0.0064240598 -0.00069332896 -6.4531569e-22)
(0.0067733714 -0.00062449239 -3.4850543e-22)
(0.0070687159 -0.00057687248 -8.2736768e-24)
(0.0073550715 -0.00052905335 2.2288638e-22)
(0.0076161622 -0.00048649154 -2.944052e-19)
(0.007860751 -0.00044745622 -1.9363549e-19)
(0.0080876159 -0.00041145101 -3.0872295e-23)
(0.0082986266 -0.0003779433 7.636112e-20)
(0.0084938675 -0.00034643189 -1.886745e-19)
(0.0086746133 -0.000316401 1.0664954e-23)
(0.0088388493 -0.00028743713 -1.0450119e-23)
(0.0089917042 -0.00025961735 1.7285815e-22)
(0.0091204011 -0.00022986311 -2.0960309e-22)
(0.0092511513 -0.0002089774 2.717493e-22)
(0.0064430146 -0.00078245149 -1.6098813e-22)
(0.0067483266 -0.00076260926 4.0537039e-23)
(0.0070922348 -0.00068617794 1.2104753e-22)
(0.0073791236 -0.00063391972 -3.5179035e-22)
(0.0076594431 -0.00058100499 4.8415124e-22)
(0.0079153695 -0.00053383088 2.5788227e-19)
(0.0081553521 -0.00049048084 2.3505816e-19)
(0.0083779574 -0.00045047218 0)
(0.0085846844 -0.00041323847 2.5727882e-19)
(0.0087753988 -0.00037825773 -1.3880456e-19)
(0.0089511716 -0.00034497225 0)
(0.0091096636 -0.0003129506 1.2764899e-22)
(0.0092563145 -0.00028222515 1.2578576e-23)
(0.009376571 -0.00024954263 4.163827e-22)
(0.0095012514 -0.00022642935 0)
(0.00683527 -0.00082530816 -1.8509298e-22)
(0.0071195651 -0.00081159472 -3.5306135e-22)
(0.0074579602 -0.00072936528 -1.7373047e-23)
(0.0077350636 -0.00067374317 5.6630428e-22)
(0.0080082104 -0.00061703599 -5.4999032e-22)
(0.0082580297 -0.00056638731 4.0587762e-22)
(0.0084925098 -0.00051973475 -5.723147e-23)
(0.0087099909 -0.00047664014 -1.0847334e-22)
(0.0089115683 -0.00043653334 9.5501514e-23)
(0.0090968679 -0.00039889621 -1.7599596e-23)
(0.0092667434 -0.00036314449 1.5882984e-22)
(0.0094185093 -0.00032885531 -4.0387321e-22)
(0.009557938 -0.00029598274 -3.9598315e-22)
(0.009668558 -0.00026124296 -2.1874437e-22)
(0.0097862284 -0.00023645244 0)
(0.0072774734 -0.00083933953 -7.8547902e-22)
(0.0075407568 -0.0008355277 4.7439951e-22)
(0.0078678685 -0.0007505647 0)
(0.0081335459 -0.00069323248 -6.7127864e-22)
(0.0083983156 -0.00063437945 0)
(0.0086410826 -0.00058165768 -8.1557131e-23)
(0.0088691625 -0.00053293767 2.7270056e-23)
(0.0090806549 -0.00048786988 2.1902227e-22)
(0.009276227 -0.00044591861 1.1759388e-22)
(0.0094552497 -0.00040659838 3.647543e-23)
(0.0096183528 -0.00036931616 -1.4783539e-22)
(0.0097624944 -0.00033368719 5.7405202e-22)
(0.009893788 -0.00029955279 4.2601864e-22)
(0.0099937623 -0.00026375251 -2.6676279e-23)
(0.010103616 -0.0002379232 -6.320443e-22)
(0.007762269 -0.00082335745 2.3369005e-21)
(0.0080054184 -0.00082955044 -3.7263905e-22)
(0.0083157335 -0.0007449257 2.8422701e-23)
(0.0085700878 -0.00068953075 9.4687309e-22)
(0.0088254023 -0.00063060589 3.4297296e-22)
(0.0090602107 -0.00057746937 0)
(0.0092810263 -0.0005281327 -2.3415404e-22)
(0.0094856968 -0.00048239005 0)
(0.0096744485 -0.0004397863 -1.1802071e-22)
(0.0098463919 -0.00039990178 -4.1176803e-23)
(0.010001933 -0.00036215491 0)
(0.010137678 -0.0003262306 2.2747443e-23)
(0.010260075 -0.00029182412 4.4033448e-22)
(0.010348639 -0.00025605723 4.8327198e-22)
(0.010450052 -0.00022989479 1.2946253e-21)
(0.0082767512 -0.00077449835 -3.2310598e-22)
(0.008498396 -0.00079394543 3.0188531e-22)
(0.008797382 -0.00071135779 8.0786167e-22)
(0.009038828 -0.00066048647 -6.1688614e-22)
(0.0092838089 -0.00060378488 7.172738e-23)
(0.0095098509 -0.00055213605 1.5102341e-22)
(0.009722611 -0.00050382994 6.8338003e-22)
(0.0099196922 -0.00045887525 6.3641161e-23)
(0.010100882 -0.00041695187 -1.9873461e-23)
(0.010265037 -0.00037774298 0)
(0.010412347 -0.00034070087 2.3866652e-22)
(0.010539087 -0.00030561261 -6.6903454e-22)
(0.01065202 -0.00027199707 5.2740998e-23)
(0.010728708 -0.00023741738 -1.2095598e-23)
(0.010821276 -0.0002116666 -6.6163521e-22)
(0.0088185722 -0.00068866336 -3.4565364e-23)
(0.0090156049 -0.00072811672 1.9091873e-22)
(0.0093038879 -0.00064873412 -1.1678739e-21)
(0.0095325175 -0.00060473611 -4.0220612e-21)
(0.0097666235 -0.00055270678 5.3635664e-19)
(0.0099832768 -0.00050461756 1.6821694e-19)
(0.010187309 -0.00045914414 -1.6025024e-19)
(0.010376136 -0.0004165709 -5.9338652e-20)
(0.010549128 -0.00037676857 0)
(0.010704909 -0.00033956254 2.3234453e-23)
(0.010843471 -0.00030446283 -2.6142022e-22)
(0.010960798 -0.00027139102 2.9458689e-22)
(0.011063925 -0.00023966348 3.1280948e-19)
(0.011128605 -0.00020744004 3.4042072e-19)
(0.011212177 -0.00018285119 7.1179367e-22)
(0.0093784575 -0.00056383854 -2.6837605e-21)
(0.0095522071 -0.00062716661 -9.12194e-22)
(0.0098274087 -0.0005565048 -7.0927695e-22)
(0.010043178 -0.00052181906 -2.2648334e-19)
(0.010265964 -0.00047699013 -2.1775689e-19)
(0.010472783 -0.00043464336 -2.5389806e-19)
(0.010667569 -0.00039390949 1.2917378e-19)
(0.010847608 -0.00035539715 8.8883917e-20)
(0.011011903 -0.00031922187 3.5155414e-23)
(0.011158876 -0.00028539118 0)
(0.011288352 -0.00025349714 0)
(0.011396077 -0.00022362675 0)
(0.011489304 -0.00019487306 -2.9292875e-19)
(0.011542204 -0.00016614046 -3.605689e-19)
(0.011616889 -0.0001434325 7.6276888e-22)
(0.009945851 -0.0004002603 8.0634722e-19)
(0.010098232 -0.00049137161 1.3465147e-19)
(0.010358939 -0.00043446876 7.1779429e-22)
(0.010561994 -0.00041207459 1.447979e-22)
(0.010773199 -0.00037714072 -7.5871013e-22)
(0.010969936 -0.00034279311 4.4907658e-22)
(0.01115514 -0.0003087565 2.0096655e-22)
(0.011326024 -0.00027601797 4.2272588e-23)
(0.01148128 -0.00024499131 -2.8794754e-23)
(0.011619182 -0.00021590557 0)
(0.011739425 -0.00018845867 -4.6329109e-23)
(0.011837589 -0.00016293104 -8.2475852e-22)
(0.011921077 -0.00013817775 1.0859794e-21)
(0.011962781 -0.00011398449 1.1319851e-21)
(0.012028945 -9.3808412e-05 -1.4749033e-21)
(0.010509286 -0.00019938503 -4.9315988e-19)
(0.010642923 -0.00032157019 -4.3767633e-19)
(0.010888632 -0.00028374715 1.154551e-21)
(0.011079577 -0.0002768287 -6.9747853e-22)
(0.011279245 -0.0002545979 4.9077594e-22)
(0.011465902 -0.00023053022 -5.2425898e-22)
(0.0116414 -0.00020513977 -3.5079298e-22)
(0.011802943 -0.00017986342 7.0363533e-24)
(0.011948993 -0.00015546838 -4.9700528e-23)
(0.012077743 -0.00013244334 4.2174293e-23)
(0.012188802 -0.00011061423 -2.2583167e-19)
(0.012277674 -9.0478546e-05 -2.6134055e-19)
(0.012351822 -7.0645778e-05 -1.0093929e-21)
(0.012383246 -5.1904842e-05 -1.1980862e-21)
(0.012441478 -3.4810749e-05 1.5723545e-21)
(0.011056782 3.5769537e-05 1.0525299e-21)
(0.011175246 -0.00011994375 -4.5732992e-22)
(0.011406315 -0.00010673436 -1.3728247e-21)
(0.011586366 -0.00011845841 1.5663317e-21)
(0.011774951 -0.00011173507 -6.8410536e-22)
(0.011951819 -0.00010017877 -1.7676591e-22)
(0.012117726 -8.5307562e-05 1.7963245e-22)
(0.012269941 -6.9096361e-05 -2.1091958e-23)
(0.012406801 -5.2722616e-05 2.0850468e-23)
(0.012526497 -3.6969916e-05 -5.2897512e-22)
(0.012628609 -2.1811673e-05 1.8756017e-19)
(0.012708661 -7.9799225e-06 2.9657067e-19)
(0.012774075 6.1606237e-06 1.1307616e-21)
(0.012796418 1.8714724e-05 4.3817499e-23)
(0.012847477 3.2304011e-05 -3.2250747e-21)
(0.011576281 0.00030052556 -1.8335322e-22)
(0.011684323 0.00010997226 8.6081176e-22)
(0.011902019 9.3025781e-05 2.9126352e-22)
(0.012073072 5.9668865e-05 -1.2711324e-21)
(0.012251518 4.8219447e-05 -4.5658658e-23)
(0.012419213 4.516897e-05 1.9654322e-22)
(0.012575896 4.7793383e-05 0)
(0.012719001 5.3480911e-05 2.6017778e-22)
(0.012846865 6.0588097e-05 -3.5407781e-23)
(0.012957776 6.8006104e-05 7.01056e-22)
(0.013051342 7.559845e-05 -1.0336533e-21)
(0.013123216 8.2389038e-05 4.6597332e-23)
(0.013180659 9.0246756e-05 5.7906534e-23)
(0.013195329 9.6090302e-05 7.6442686e-23)
(0.013240075 0.00010589479 1.6068831e-21)
(0.01205611 0.00058860508 -1.8537396e-21)
(0.012159867 0.00036342306 1.5436319e-22)
(0.012366451 0.00031107455 -6.4628191e-22)
(0.012531121 0.00025337663 5.3707225e-22)
(0.012700913 0.00022135647 0)
(0.012860398 0.00020182249 0)
(0.01300848 0.00019068046 0)
(0.013142889 0.00018458018 -2.2070106e-22)
(0.01326212 0.00018136132 0)
(0.013364668 0.00017956693 0)
(0.013450226 0.00017888659 0)
(0.013514687 0.00017810005 -3.8157676e-19)
(0.013565014 0.00017928514 -4.2220761e-19)
(0.01357354 0.00017812312 -1.282103e-21)
(0.013612847 0.00018400602 -1.7355841e-21)
(0.012485582 0.00089210134 1.7298867e-21)
(0.012592712 0.00063448908 0)
(0.012791459 0.00054227044 5.1762883e-22)
(0.012953063 0.0004578945 1.1261923e-22)
(0.01311626 0.0004032935 3.2282595e-23)
(0.013268841 0.00036569577 -4.0199403e-23)
(0.013409187 0.00033953069 0)
(0.0135355 0.00032061409 -4.9371278e-22)
(0.01364661 0.00030622738 0)
(0.013741343 0.00029455294 -8.9862892e-22)
(0.013819531 0.0002851008 -1.0696175e-21)
(0.013877411 0.00027641722 3.2479731e-19)
(0.013921504 0.00027074614 4.6661751e-19)
(0.013925436 0.00026251479 -1.6239835e-21)
(0.013960106 0.00026446926 1.7688984e-21)
(0.012855934 0.0012009953 8.4715847e-23)
(0.012975826 0.00091550599 -5.1347407e-23)
(0.013170808 0.00078056643 -3.5054409e-23)
(0.013333145 0.00066779076 0)
(0.013492288 0.00058919876 0)
(0.013639537 0.00053239505 3.3250907e-23)
(0.013773196 0.00049030609 3.89008e-22)
(0.01389215 0.00045784218 -2.2667287e-22)
(0.013995764 0.00043170575 8.1146481e-23)
(0.014083321 0.00040972303 7.5397277e-22)
(0.014154834 0.00039122628 1.1768141e-21)
(0.014206973 0.00037455172 0)
(0.014245665 0.00036204221 0)
(0.014246478 0.00034690118 5.5882879e-21)
(0.014277157 0.00034502433 -3.4886649e-21)
(0.013159818 0.001504162 4.8787003e-23)
(0.013304993 0.0011971581 -6.4727085e-23)
(0.013500974 0.0010191328 -1.7612224e-23)
(0.013667863 0.00087717201 3.9865235e-23)
(0.013825724 0.00077400657 -1.959538e-22)
(0.013969314 0.00069744099 4.6823099e-23)
(0.014097396 0.00063896869 -3.772685e-22)
(0.014209787 0.00059257384 5.3966313e-22)
(0.014306589 0.00055439616 -2.3353233e-19)
(0.014387651 0.00052193482 -2.2079331e-19)
(0.014453189 0.00049435518 0)
(0.014500374 0.00046981902 -1.7002112e-22)
(0.014534384 0.00045067144 -2.755013e-21)
(0.014533391 0.00042898524 -2.9218774e-21)
(0.014560502 0.00042343783 3.545161e-21)
(0.01338432 0.0017981848 -3.5218338e-22)
(0.013572928 0.0014759551 3.8277384e-22)
(0.013777593 0.0012559888 4.2349053e-22)
(0.013953715 0.0010837454 -2.959514e-23)
(0.014113822 0.0009552296 2.1227389e-22)
(0.014255895 0.00085820827 0)
(0.014379808 0.00078282854 0)
(0.014486644 0.0007221217 0)
(0.014577472 0.00067166476 1.5842315e-19)
(0.014652818 0.00062864264 2.8408847e-19)
(0.014713105 0.00059204968 -1.6259402e-22)
(0.014756051 0.00055989933 1.6172424e-22)
(0.014785952 0.00053441484 2.6853378e-21)
(0.014784268 0.00050667076 1.8480366e-22)
(0.014807942 0.00049766404 0)
(0.013503959 0.0020999722 3.3482897e-22)
(0.01375373 0.0017675461 -4.1194225e-22)
(0.01398354 0.0015043547 3.2212571e-22)
(0.014179552 0.0012959733 -9.207123e-23)
(0.014349644 0.0011375803 1.7548284e-19)
(0.01449503 0.001016887 1.1775587e-19)
(0.01461781 0.000922502 9.5771554e-22)
(0.014721108 0.00084615446 -2.1457043e-21)
(0.014807445 0.00078260952 2.36675e-21)
(0.014878247 0.00072860216 0)
(0.014934205 0.00068286169 2.7415552e-21)
(0.014973653 0.00064324169 -1.8092491e-22)
(0.014999924 0.00061166639 1.7815835e-22)
(0.014998539 0.00057830921 0)
(0.015018521 0.00056622 -3.4161846e-21)
(0.0086534313 -1.416302e-05 0)
(0.0087693949 -1.2031349e-05 0)
(0.0088867473 -9.4709149e-06 0)
(0.0089821222 -6.97922e-06 0)
(0.0090625294 -4.717686e-06 0)
(0.0091180884 -2.509085e-06 0)
(0.0091436016 -4.9800178e-07 0)
(0.0091363543 1.4543593e-06 0)
(0.0090797908 3.1541154e-06 0)
(0.0089848309 4.9197651e-06 0)
(0.0088049756 6.1222192e-06 0)
(0.0086066873 7.8915258e-06 0)
(0.0082314533 7.9456457e-06 0)
(0.0079806171 1.0064058e-05 0)
(0.0072678616 7.413393e-06 0)
(0.0086835884 -4.265376e-05 0)
(0.0087965322 -3.6272534e-05 0)
(0.0089116297 -2.8576717e-05 0)
(0.0090049744 -2.1080999e-05 0)
(0.0090836679 -1.4270469e-05 0)
(0.0091378417 -7.6169896e-06 0)
(0.0091622688 -1.5553161e-06 0)
(0.0091542251 4.3353656e-06 0)
(0.0090971587 9.4621728e-06 0)
(0.0090019332 1.4823314e-05 0)
(0.0088221189 1.8456093e-05 0)
(0.0086239556 2.3861973e-05 0)
(0.0082493323 2.4070773e-05 0)
(0.0079985652 3.052666e-05 0)
(0.0072866653 2.2444784e-05 0)
(0.0087456717 -7.1015906e-05 0)
(0.0088523462 -6.0435115e-05 0)
(0.0089627435 -4.7639027e-05 0)
(0.0090518466 -3.5148753e-05 0)
(0.009126948 -2.3769426e-05 0)
(0.0091782027 -1.2640655e-05 0)
(0.0092003251 -2.4810443e-06 0)
(0.0091905728 7.4024998e-06 0)
(0.0091324023 1.6018159e-05 0)
(0.0090365622 2.5041803e-05 0)
(0.0088567635 3.1164724e-05 0)
(0.0086588002 4.0283591e-05 0)
(0.0082853646 4.0671336e-05 0)
(0.0080347296 5.1575761e-05 0)
(0.0073245155 3.7871453e-05 0)
(0.0088410602 -9.8458691e-05 0)
(0.0089380653 -8.3857315e-05 0)
(0.0090411666 -6.615955e-05 0)
(0.0091236673 -4.8802568e-05 0)
(0.0091931532 -3.2932307e-05 0)
(0.0092398189 -1.7378052e-05 -5.0267132e-35)
(0.0092582919 -3.1340099e-06 4.4507817e-35)
(0.0092458036 1.0748769e-05 0)
(0.0091858258 2.2882507e-05 0)
(0.0090889328 3.5603583e-05 0)
(0.0089090486 4.4267058e-05 0)
(0.0087113006 5.7151401e-05 0)
(0.0083395786 5.7743445e-05 0)
(0.0080891361 7.3206281e-05 0)
(0.0073814134 5.3785957e-05 0)
(0.008970763 -0.00012411048 0)
(0.0090546442 -0.0001058023 0)
(0.0091477593 -8.3580938e-05 0)
(0.0092211966 -6.1612887e-05 0)
(0.0092829329 -4.143762e-05 0)
(0.0093232283 -2.1594619e-05 0)
(0.0093365983 -3.3483682e-06 0)
(0.009320243 1.4484691e-05 0)
(0.0092576606 3.0122421e-05 0)
(0.0091591919 4.6546184e-05 0)
(0.0089790477 5.7775384e-05 0)
(0.0087814738 7.4463005e-05 0)
(0.0084119346 7.5285099e-05 0)
(0.0081617471 9.5412701e-05 0)
(0.0074573194 7.0148285e-05 0)
(0.0091353385 -0.00014701587 0)
(0.0092026977 -0.00012545993 0)
(0.0092831107 -9.9277272e-05 0)
(0.0093449839 -7.3094488e-05 0)
(0.0093967699 -4.8918367e-05 0)
(0.0094288353 -2.5020722e-05 0)
(0.0094355639 -2.9314098e-06 0)
(0.0094141241 1.8740913e-05 0)
(0.0093480568 3.7821414e-05 0)
(0.0092474122 5.7916201e-05 0)
(0.0090667647 7.1711998e-05 0)
(0.0088692708 9.2218585e-05 0)
(0.0085023233 9.3294644e-05 0)
(0.0082524613 0.00011818857 0)
(0.0075521496 8.6940622e-05 0)
(0.0093348102 -0.00016616168 0)
(0.0093824292 -0.00014196772 0)
(0.0094474817 -0.00011256807 0)
(0.0094953233 -8.2715275e-05 0)
(0.009534946 -5.4967271e-05 0)
(0.0095568849 -2.7353966e-05 0)
(0.0095553793 -1.6645234e-06 0)
(0.0095275733 2.3667724e-05 0)
(0.0094570732 4.6077816e-05 0)
(0.0093535858 6.9769716e-05 0)
(0.0091721287 8.6106213e-05 0)
(0.0089745725 0.00011042148 0)
(0.0086105636 0.00011177053 0)
(0.0083611124 0.00014152494 0)
(0.0076657694 0.00010415452 0)
(0.0095685848 -0.00018050986 0)
(0.0095935601 -0.00015443604 0)
(0.0096407452 -0.00012273506 0)
(0.0096722048 -8.9907199e-05 0)
(0.0096975042 -5.9143516e-05 0)
(0.0097074333 -2.8262852e-05 0)
(0.0096960845 6.9485601e-07 0)
(0.009660595 2.9434158e-05 0)
(0.0095846658 5.5003831e-05 0)
(0.0094776155 8.2172417e-05 0)
(0.0092949883 0.00010099316 0)
(0.0090971858 0.00012907816 0)
(0.0087364014 0.00013071191 0)
(0.0084874687 0.0001654094 0)
(0.0077979874 0.00012178493 0)
(0.0098353774 -0.00018903715 0)
(0.0098352601 -0.00016197879 0)
(0.0098623279 -0.00012904292 0)
(0.0098752647 -9.4080264e-05 0)
(0.0098842085 -6.0981709e-05 0)
(0.0098803168 -2.7392229e-05 0)
(0.0098575455 4.4100605e-06 0)
(0.0098130537 3.6226339e-05 0)
(0.0097306756 6.4724761e-05 0)
(0.0096193066 9.5199349e-05 0)
(0.0094351057 0.00011641368 0)
(0.009236839 0.00014819833 0)
(0.008879508 0.00015011838 0)
(0.0086312336 0.00018983054 0)
(0.0079485466 0.00013984272 0)
(0.01013315 -0.00019078158 0)
(0.010106086 -0.00016374994 0)
(0.010111154 -0.00013076522 0)
(0.010103737 -9.4640564e-05 0)
(0.010094504 -6.0003958e-05 0)
(0.010075119 -2.4371039e-05 0)
(0.010039429 9.760395e-06 0)
(0.0099846551 4.4244756e-05 0)
(0.0098948143 7.5377611e-05 0)
(0.0097783563 0.0001089342 0)
(0.0095921493 0.00013241409 0)
(0.0093931763 0.00016779481 0)
(0.0090394799 0.00016998954 0)
(0.0087920473 0.00021478736 0)
(0.008117115 0.00015828291 0)
(0.010459068 -0.00018489479 0)
(0.010403932 -0.00015898521 0)
(0.010385599 -0.00012721565 0)
(0.010356407 -9.1012476e-05 0)
(0.010327476 -5.5735299e-05 0)
(0.010291138 -1.8822568e-05 0)
(0.010241177 1.7034544e-05 0)
(0.010174926 5.3700273e-05 0)
(0.010076649 8.7108797e-05 0)
(0.0099543432 0.0001234681 0)
(0.0097656862 0.00014904555 0)
(0.0095657522 0.00018788303 0)
(0.0092158393 0.00019032416 0)
(0.008969485 0.00024021903 0)
(0.0083032779 0.00017702183 0)
(0.01080949 -0.00017069769 0)
(0.010725998 -0.00014704733 0)
(0.010683451 -0.00011778362 0)
(0.010631573 -8.2664659e-05 0)
(0.010581815 -4.7722433e-05 0)
(0.010527353 -1.0377315e-05 0)
(0.010461977 2.6521974e-05 0)
(0.010383192 6.4808722e-05 0)
(0.010275588 0.00010007086 0)
(0.010146715 0.00013889774 0)
(0.0099551733 0.00016636301 0)
(0.0097540253 0.00020848027 0)
(0.0094080307 0.00021111928 0)
(0.0091630365 0.00026607091 0)
(0.0085065116 0.00019609676 0)
(0.011179989 -0.00014773599 0)
(0.011068783 -0.00012747244 0)
(0.011001892 -0.00010197285 0)
(0.01092702 -6.9139148e-05 0)
(0.010855787 -3.5555448e-05 0)
(0.010782398 1.3116539e-06 0)
(0.010700741 3.8502274e-05 0)
(0.010608558 7.7783971e-05 0)
(0.010490859 0.00011441812 0)
(0.010354776 0.00015532279 0)
(0.010159949 0.00018442368 0)
(0.0099573518 0.0002296046 0)
(0.0096154101 0.00023236955 0)
(0.0093720857 0.00029236943 0)
(0.0087261455 0.00021555129 0)
(0.011565412 -0.00011583142 0)
(0.011428112 -0.00010001469 0)
(0.011337504 -7.9441046e-05 0)
(0.011240002 -5.008243e-05 0)
(0.011147211 -1.8892063e-05 0)
(0.011054538 1.6550897e-05 0)
(0.010956079 5.3232575e-05 0)
(0.010849886 9.282943e-05 0)
(0.0107215 0.00013030109 0)
(0.010577676 0.00017284251 0)
(0.010379222 0.00020328498 0)
(0.010174978 0.00025127365 0)
(0.0098372349 0.00025406736 0)
(0.0095958986 0.00031906119 0)
(0.0089614128 0.00023530565 0)
(0.011959999 -7.5123505e-05 0)
(0.011799198 -6.4685324e-05 0)
(0.011686299 -5.0037986e-05 0)
(0.011567258 -2.5276842e-05 0)
(0.011453454 2.5166808e-06 0)
(0.011341656 3.558676e-05 0)
(0.011226284 7.0933359e-05 0)
(0.011105781 0.00011012804 0)
(0.010966337 0.00014785978 0)
(0.010814393 0.00019155146 0)
(0.010612065 0.00022300189 0)
(0.010406034 0.00027350314 0)
(0.010072659 0.00027620262 0)
(0.0098336364 0.00034610127 0)
(0.0092114966 0.0002553256 0)
(0.012357536 -2.6097155e-05 0)
(0.012176742 -2.1781632e-05 0)
(0.01204378 -1.383876e-05 0)
(0.011905035 5.3299732e-06 0)
(0.011771442 2.8800404e-05 0)
(0.011641252 5.8584787e-05 0)
(0.011509321 9.1772926e-05 0)
(0.011374574 0.00012983088 0)
(0.011223974 0.00016721573 0)
(0.011063726 0.00021153425 0)
(0.010857401 0.00024362364 0)
(0.010649527 0.00029630494 0)
(0.01032073 0.00029876174 0)
(0.010084364 0.00037344594 0)
(0.0094755134 0.00027557871 0)
(0.012751561 3.0407462e-05 0)
(0.012555082 2.8100275e-05 0)
(0.012405047 2.8831248e-05 0)
(0.012249159 4.1599122e-05 0)
(0.012097696 5.9945229e-05 0)
(0.011950448 8.5609535e-05 0)
(0.011802826 0.00011585104 0)
(0.011654314 0.00015204474 0)
(0.011492783 0.00018846301 0)
(0.011324284 0.00023285945 0)
(0.011114 0.00026518965 0)
(0.010904331 0.00031968463 0)
(0.010580382 0.00032172604 0)
(0.01034705 0.00040104513 0)
(0.0097524808 0.00029603701 0)
(0.013135611 9.3207197e-05 0)
(0.012928382 8.4066204e-05 0)
(0.01276493 7.7382611e-05 0)
(0.012595126 8.3181753e-05 0)
(0.012428386 9.5774502e-05 0)
(0.012266023 0.00011660597 0)
(0.012104116 0.0001431827 0)
(0.011942774 0.0001768191 0)
(0.011770898 0.0002116584 0)
(0.011594477 0.0002555726 0)
(0.011380465 0.00028772487 0)
(0.011169189 0.00034363866 0)
(0.010850432 0.00034506978 0)
(0.010620556 0.00042884058 0)
(0.010041315 0.00031665965 0)
(0.013503492 0.00016082031 0)
(0.013290851 0.00014494293 0)
(0.01311816 0.00013096627 0)
(0.012938224 0.00012951198 0)
(0.012759409 0.00013593585 0)
(0.012584463 0.00015138401 0)
(0.01241022 0.00017368329 0)
(0.012237458 0.00020413335 0)
(0.012056218 0.00023681121 0)
(0.011872516 0.00027968879 0)
(0.011655237 0.00031123453 0)
(0.011442699 0.00036815108 0)
(0.011129581 0.00036875794 0)
(0.010903643 0.0004567654 0)
(0.010340827 0.00033739837 0)
(0.013849543 0.00023153212 0)
(0.013636972 0.00020932072 0)
(0.013459555 0.00018849543 0)
(0.013273677 0.00017981226 0)
(0.0130865 0.00017989671 0)
(0.012902028 0.00018960836 0)
(0.012717919 0.00020715675 0)
(0.012535628 0.00023388539 0)
(0.012346417 0.00026387368 0)
(0.012156415 0.00030518526 0)
(0.011936585 0.00033569878 0)
(0.011723321 0.00039319023 0)
(0.011416406 0.00039274414 0)
(0.011194961 0.0004847434 0)
(0.010649723 0.000358198 0)
(0.014168886 0.00030347996 0)
(0.013961741 0.00027561528 0)
(0.01378423 0.000248684 0)
(0.013596821 0.00023311223 0)
(0.013405357 0.00022694969 0)
(0.013214855 0.00023079465 0)
(0.013023815 0.00024328698 0)
(0.01283434 0.00026588147 0)
(0.012638969 0.00029273125 0)
(0.012443998 0.00033199276 0)
(0.012222618 0.00036106642 0)
(0.012009373 0.00041870346 0)
(0.011709366 0.00041696893 0)
(0.011493055 0.00051268591 0)
(0.010966603 0.0003789984 0)
(0.014457648 0.00037474811 0)
(0.014260896 0.00034213607 0)
(0.014087806 0.00031009683 0)
(0.013903283 0.00028827746 0)
(0.013711798 0.00027622429 0)
(0.013519066 0.00027430813 0)
(0.013324411 0.00028162891 0)
(0.013130507 0.00029982283 0)
(0.01293118 0.00032318824 0)
(0.012732928 0.00035998093 0)
(0.01251129 0.00038724244 0)
(0.012299039 0.00044460461 0)
(0.012006803 0.00044135374 0)
(0.011796366 0.00054048126 0)
(0.011289965 0.00039973804 0)
(0.014713132 0.00044341305 0)
(0.014531119 0.00040716509 0)
(0.014366611 0.00037120337 0)
(0.014189173 0.00034404515 0)
(0.01400192 0.00032670632 0)
(0.013810905 0.00031936792 0)
(0.013616213 0.00032160243 0)
(0.013420966 0.00033529467 0)
(0.013220236 0.00035495233 0)
(0.013020727 0.00038894465 0)
(0.012800421 0.00041407092 0)
(0.012590378 0.00047076548 0)
(0.012306947 0.00046577926 0)
(0.012103234 0.00056799562 0)
(0.011618202 0.00042032987 0)
(0.014933912 0.00050750047 0)
(0.014770208 0.00046922125 0)
(0.014617841 0.00043052369 0)
(0.014451249 0.00039915325 0)
(0.014272261 0.00037735994 0)
(0.014086878 0.00036515267 0)
(0.013895848 0.00036258479 0)
(0.013702567 0.00037185777 0)
(0.013503271 0.00038771367 0)
(0.013304828 0.0004186974 0)
(0.013087727 0.00044140048 0)
(0.012881347 0.00049712289 0)
(0.012607933 0.00049003894 0)
(0.012411914 0.0005952075 0)
(0.0119496 0.00044055581 0)
(0.013629436 0.0026915532 -2.7064752e-22)
(0.014185679 0.0025972966 1.1023704e-22)
(0.014671348 0.0023791201 -8.298763e-23)
(0.01498927 0.0019578092 -5.0128938e-21)
(0.015144185 0.0014505072 -7.4702764e-21)
(0.015229765 0.0010096575 1.0845799e-20)
(0.015297238 0.00067304886 -3.0410946e-20)
(0.015339607 0.00039043359 0)
(0.015297122 0.00012061158 3.3079863e-21)
(0.01358228 0.0029312207 2.5167751e-22)
(0.014110482 0.0027683742 0)
(0.014556361 0.0024552478 0)
(0.014856804 0.0019606094 5.3070411e-21)
(0.01502848 0.0014254307 7.1454323e-21)
(0.015144683 0.00098338696 1.4413062e-20)
(0.015235053 0.0006502417 1.0460796e-19)
(0.01528735 0.00037502786 0)
(0.015234401 0.00011781421 0)
(0.013422756 0.0030961773 1.8692096e-21)
(0.013940165 0.0028730802 0)
(0.014384561 0.0024821309 0)
(0.014701273 0.001936315 0)
(0.014907715 0.0013892521 2.2518144e-21)
(0.015059235 0.0009517831 -2.7369446e-20)
(0.015173569 0.00062358862 -1.4021195e-19)
(0.015237114 0.0003558714 8.5604993e-21)
(0.015194258 0.00011111865 -7.9935907e-21)
(0.013215766 0.0031898658 -3.3971122e-21)
(0.013732022 0.0029136485 7.9948367e-22)
(0.01419108 0.0024637968 1.1066829e-20)
(0.014539152 0.0018878923 1.350468e-20)
(0.014787331 0.0013414044 -4.3550365e-20)
(0.014975649 0.00091357201 8.6274966e-21)
(0.01511451 0.00059366205 7.8380179e-20)
(0.01519067 0.00033616928 5.669191e-21)
(0.015157373 0.00010501484 -8.3832876e-21)
(0.01297315 0.003215338 -7.7855649e-22)
(0.013499807 0.0028955593 8.1641299e-22)
(0.013986318 0.0024057565 -2.1049412e-20)
(0.014375867 0.0018180864 -1.3638946e-20)
(0.014669592 0.001282266 -2.8070783e-18)
(0.014894894 0.00086880911 -2.6106239e-18)
(0.015058224 0.0005605368 1.6221959e-19)
(0.015147791 0.00031531 -2.1181157e-19)
(0.015126716 9.8467562e-05 -3.4494828e-20)
(0.01270668 0.0031749596 6.964945e-21)
(0.013254276 0.0028233109 -8.4994597e-21)
(0.013778053 0.0023121189 1.104286e-20)
(0.01421539 0.0017286942 0)
(0.014556148 0.0012122094 2.1214924e-18)
(0.014817739 0.00081768054 3.4000591e-18)
(0.015005145 0.00052421355 -3.4132799e-19)
(0.015108612 0.00029326259 -2.5693438e-19)
(0.015100241 9.1633082e-05 -5.7435051e-19)
(0.012428281 0.0030719587 -4.3303599e-21)
(0.013005154 0.0027017324 1.6690929e-20)
(0.01357278 0.0021865995 0)
(0.014060988 0.0016212718 0)
(0.014448442 0.0011317206 -5.3507876e-20)
(0.014744862 0.00076046829 -2.6172613e-19)
(0.014955624 0.00048472042 1.8541788e-19)
(0.015073026 0.00026989612 4.2201259e-19)
(0.015077679 8.4497258e-05 1.2226166e-18)
(0.012148882 0.0029109359 3.4167791e-21)
(0.012760786 0.0025358184 -1.0704344e-20)
(0.0133758 0.0020326334 0)
(0.013915364 0.0014973051 -4.52212e-21)
(0.014347774 0.0010414001 3.6073274e-21)
(0.01467688 0.00069754485 1.3892741e-19)
(0.014910139 0.00044233758 0)
(0.01504166 0.00024506759 0)
(0.015058254 7.7029154e-05 -6.9684093e-19)
(0.011877933 0.0026970573 -3.7260024e-21)
(0.012528113 0.0023304306 -9.5324634e-21)
(0.013191403 0.0018533856 0)
(0.013780764 0.0013582671 4.1660705e-20)
(0.014255334 0.00094194613 0)
(0.014614439 0.00062933529 8.9843303e-21)
(0.014868648 0.0003976843 -2.2147854e-19)
(0.015014827 0.00021880745 8.8572269e-21)
(0.015041048 6.8977253e-05 7.2269559e-19)
(0.011623658 0.0024357642 -8.213596e-21)
(0.012312936 0.0020902712 2.2758565e-20)
(0.013023108 0.001651842 0)
(0.013659079 0.0012056672 -4.7580868e-20)
(0.014172218 0.00083415563 -4.8908077e-20)
(0.014558341 0.0005562255 -1.6762219e-19)
(0.014829593 0.0003509649 4.2741819e-19)
(0.014989557 0.00019210024 6.0859025e-19)
(0.015027759 6.0359013e-05 -5.7732047e-20)
(0.011393129 0.002132818 1.4878276e-20)
(0.012120098 0.0018199566 -1.1831174e-20)
(0.012873823 0.0014309053 0)
(0.013551905 0.001041083 0)
(0.014099338 0.0007189216 -1.7467871e-21)
(0.014509525 0.00047860682 1.584498e-19)
(0.014795914 0.00030177836 -4.505635e-19)
(0.014967453 0.00016497492 -2.618831e-19)
(0.015016814 5.1362167e-05 -8.6669123e-19)
(0.011192279 0.0017942427 -6.5459473e-21)
(0.0119536 0.001524072 -1.2976375e-21)
(0.012745945 0.0011934633 -1.5578173e-20)
(0.01346059 0.00086617526 -2.180622e-20)
(0.014037438 0.00059723033 1.3082364e-19)
(0.0144684 0.00039700955 0)
(0.014768628 0.00024994708 2.4529238e-19)
(0.014949301 0.00013644459 -3.3318956e-19)
(0.015007263 4.2321026e-05 0)
(0.011025959 0.0014262653 -3.5265652e-21)
(0.011816677 0.0012072073 0)
(0.012641413 0.00094242848 1.6218002e-20)
(0.013386248 0.00068268947 2.7187075e-20)
(0.013987151 0.00047014786 -6.581241e-20)
(0.014435069 0.00031211506 -1.5015762e-20)
(0.014746902 0.00019609705 1.2785992e-19)
(0.01493636 0.00010683092 1.2437775e-20)
(0.014999422 3.3171137e-05 6.522853e-20)
(0.010897977 0.0010352694 4.8324876e-21)
(0.011711856 0.00087397812 0)
(0.012561747 0.0006807572 2.2936696e-21)
(0.013329763 0.00049244915 2.5242226e-20)
(0.013948999 0.00033881127 -4.4115207e-21)
(0.014409755 0.00022465777 -4.8827458e-20)
(0.014730258 0.00014088201 -1.3672301e-19)
(0.014926261 7.6696163e-05 2.2460995e-19)
(0.014993369 2.3701887e-05 -1.8850777e-20)
(0.010811141 0.00062776116 1.2682426e-21)
(0.011640991 0.00052904079 0)
(0.012508059 0.00041146384 0)
(0.013291784 0.0002973579 -1.3917358e-20)
(0.013923379 0.00020443023 2.2204184e-20)
(0.014392715 0.00013540473 2.5873841e-20)
(0.014718764 8.4779963e-05 0)
(0.014918436 4.6217242e-05 -1.149984e-19)
(0.014990041 1.4128824e-05 0)
(0.010767287 0.00021035021 -9.7808978e-22)
(0.011605282 0.00017711151 1.8568806e-22)
(0.012481063 0.0001376423 -9.8227526e-22)
(0.013272722 9.9420405e-05 -1.5045279e-20)
(0.013910535 6.8320253e-05 -2.0177763e-20)
(0.01438416 4.5221582e-05 3.0319645e-20)
(0.014712953 2.8308037e-05 -2.6824083e-21)
(0.014914461 1.5532566e-05 -1.2630915e-19)
(0.014988437 4.5312176e-06 -1.5875658e-20)
(0.013806224 0.002330335 0)
(0.014067769 0.0020011626 -2.0529427e-19)
(0.014294733 0.0017202531 -1.820835e-19)
(0.014482115 0.0014908029 1.4151764e-24)
(0.014637409 0.0013103933 -1.3781856e-19)
(0.014764157 0.001168874 -1.6503242e-19)
(0.014867289 0.0010555448 -9.9583699e-22)
(0.014951961 0.00096237303 2.2396945e-21)
(0.01502161 0.00088424892 3.2674015e-22)
(0.015077913 0.00081797003 -2.9635648e-21)
(0.015121246 0.00076204579 -5.9869004e-21)
(0.015150235 0.0007143315 0)
(0.015166917 0.00067586691 3.3123316e-21)
(0.015161279 0.00063672914 -6.454588e-18)
(0.015172502 0.00062097964 -7.6643456e-18)
(0.014353809 0.002320285 1.4604753e-21)
(0.014604064 0.0020442806 1.9812769e-19)
(0.014785044 0.0018062692 1.7502725e-19)
(0.014918686 0.0016054407 1.8481359e-21)
(0.015022524 0.0014373568 0)
(0.015103514 0.0012958012 2.4300897e-23)
(0.01516786 0.0011752649 -2.4371305e-23)
(0.015220236 0.0010717868 0)
(0.015262821 0.00098277618 -3.0152853e-21)
(0.01529617 0.00090639733 -4.6438188e-22)
(0.015319652 0.00084155219 7.169532e-21)
(0.015331935 0.0007864154 -2.8277044e-23)
(0.015334106 0.00074082958 2.2038603e-22)
(0.015320725 0.00069624115 7.147029e-18)
(0.01532035 0.00067473554 8.4365137e-18)
(0.014820134 0.0022245722 -1.1625474e-21)
(0.01500614 0.0020403203 9.1577989e-22)
(0.015136714 0.0018617926 1.5790498e-21)
(0.01523329 0.0016960903 -1.4500832e-21)
(0.015310631 0.0015446049 -5.5113475e-23)
(0.015372125 0.0014077658 0)
(0.015421043 0.0012856091 -5.4047267e-23)
(0.015459319 0.0011774756 2.0454692e-21)
(0.015488211 0.0010826028 5.6713214e-25)
(0.01550816 0.001000263 3.4099491e-21)
(0.015518488 0.00092987263 -3.6319474e-21)
(0.015519064 0.00086983405 6.2863802e-23)
(0.015512097 0.00081834607 -4.0028768e-21)
(0.015496692 0.00077047175 4.3220971e-21)
(0.015490698 0.00073956676 0)
(0.015114489 0.0018961925 0)
(0.015233495 0.0017937028 8.5821975e-22)
(0.015326371 0.0016842774 -9.8431136e-23)
(0.015401543 0.0015765326 1.7940735e-21)
(0.015464924 0.0014725021 1.7927602e-21)
(0.015517069 0.00137298 -1.028635e-22)
(0.015558635 0.0012794864 1.7240433e-21)
(0.015589632 0.0011933522 -3.2113835e-21)
(0.015611977 0.0011147756 -3.7784709e-21)
(0.015626385 0.0010447319 2.1831154e-22)
(0.015633951 0.00098396925 0)
(0.015637518 0.00093024868 3.6688866e-21)
(0.015638442 0.00088082628 -3.7447657e-21)
(0.015636118 0.00083444176 2.9268472e-22)
(0.015638387 0.00079681526 3.9695127e-21)
(0.015236742 0.001444643 0)
(0.015304185 0.0014025597 -1.002969e-21)
(0.015363547 0.0013537442 -1.5167522e-22)
(0.015416103 0.0013029965 -2.485341e-21)
(0.01546339 0.0012512739 -9.6737479e-22)
(0.015505291 0.0011991629 0)
(0.015541621 0.001147303 -1.1620828e-21)
(0.015572943 0.0010965218 1.1917385e-21)
(0.015599905 0.0010473892 2.4507194e-21)
(0.01562314 0.0010003711 0)
(0.015643554 0.00095574378 -2.8875943e-21)
(0.015661945 0.00091371333 -2.6789698e-21)
(0.015678535 0.00087462203 2.7649558e-21)
(0.015693149 0.00083780954 2.2546946e-22)
(0.015708293 0.00080410242 -2.8942471e-21)
(0.015291053 0.0010265776 -3.3332753e-22)
(0.015326281 0.0010142314 8.3550341e-22)
(0.015359937 0.00099788298 -5.8212762e-22)
(0.015392134 0.00097972143 1.5867967e-21)
(0.015423463 0.00096015701 4.119864e-22)
(0.015453875 0.00093943242 0)
(0.015483238 0.00091781368 -4.5594336e-22)
(0.01551155 0.0008955806 -4.6406967e-22)
(0.01553887 0.00087302354 0)
(0.015565281 0.00085046785 0)
(0.015590879 0.00082825335 2.3812898e-21)
(0.015615754 0.00080666613 -1.0213314e-21)
(0.015639961 0.00078590477 5.2871581e-22)
(0.01566358 0.0007661278 -2.3083013e-21)
(0.015686079 0.0007474519 2.6762052e-22)
(0.015338598 0.00069684595 2.9847215e-22)
(0.01535692 0.00069574663 -9.9398061e-24)
(0.015375148 0.00069285412 0)
(0.015393545 0.00068911309 0)
(0.015412519 0.00068466213 7.751153e-22)
(0.015432056 0.00067955256 -2.1898949e-21)
(0.015452084 0.00067381946 5.8324617e-22)
(0.015472613 0.00066749415 -5.6317733e-22)
(0.015493653 0.00066066334 2.4551309e-21)
(0.015515223 0.00065342639 -2.5397367e-21)
(0.015537365 0.00064587288 1.3242014e-21)
(0.015560131 0.00063810929 0)
(0.015583591 0.00063026881 0)
(0.015607869 0.00062251469 0)
(0.015632713 0.00061500887 0)
(0.015373016 0.00041413734 -4.4417557e-22)
(0.015382886 0.00041597269 6.6739632e-22)
(0.015393042 0.0004171221 -6.3932874e-22)
(0.015403725 0.00041798924 1.1863601e-21)
(0.015415115 0.00041864816 -2.8156198e-21)
(0.015427355 0.00041910028 1.3170199e-21)
(0.015440531 0.0004192348 -1.6831822e-22)
(0.015454259 0.00041904112 3.6442669e-22)
(0.015469064 0.00041867643 0)
(0.015485008 0.00041818559 1.5327313e-21)
(0.01550191 0.00041755718 -2.6739869e-23)
(0.015519952 0.00041682916 -1.2592176e-21)
(0.015539267 0.00041606245 0)
(0.015559956 0.00041533868 8.6356519e-22)
(0.015581927 0.00041476852 -8.8056496e-22)
(0.015319755 0.00013691312 5.7788435e-23)
(0.015327702 0.00013801207 0)
(0.015334609 0.00013887836 -1.3053942e-21)
(0.01534192 0.00013967216 2.842926e-21)
(0.01535006 0.00014040991 -1.4002022e-21)
(0.015358939 0.00014108707 0)
(0.015368542 0.000141713 1.0493341e-22)
(0.015378945 0.00014230431 0)
(0.015390224 0.00014284894 0)
(0.015402452 0.00014334492 0)
(0.015415714 0.00014380702 -3.7924004e-21)
(0.015430099 0.00014424895 3.7255829e-21)
(0.015445699 0.00014469154 0)
(0.01546262 0.00014518399 0)
(0.015481179 0.00014587954 0)
(0.015096159 0.00055812065 0)
(0.014950799 0.00051991665 0)
(0.014811284 0.00047964449 0)
(0.014656951 0.00044567881 0)
(0.01448834 0.0004208742 0)
(0.01431112 0.00040506188 0)
(0.014126508 0.00039871944 0)
(0.013937949 0.00040438378 0)
(0.013742586 0.00041696944 0)
(0.013547356 0.00044528399 0)
(0.013334965 0.00046565463 0)
(0.013133307 0.00052037737 0)
(0.01287009 0.00051123405 0)
(0.012681656 0.00061884553 0)
(0.012240282 0.00045781786 0)
(0.015253255 0.00061014206 0)
(0.015130036 0.00057181995 0)
(0.015006124 0.00053096383 0)
(0.014867589 0.00049502226 0)
(0.014713016 0.00046756499 0)
(0.014547555 0.00044834594 0)
(0.014372862 0.00043823086 0)
(0.014192249 0.0004401209 0)
(0.014003785 0.00044922049 0)
(0.013814386 0.00047448779 0)
(0.013609276 0.00049228765 0)
(0.013414561 0.00054556217 0)
(0.013164455 0.00053426846 7.1647562e-18)
(0.012985754 0.00064416255 6.8824469e-18)
(0.012569526 0.00047687778 0)
(0.015442382 0.00068110456 0)
(0.015354423 0.00064158291 0)
(0.015257617 0.00060256268 0)
(0.015146688 0.00056611752 0)
(0.015018385 0.00053624646 0)
(0.014876414 0.0005133417 0)
(0.014722767 0.00049865905 0)
(0.014560151 0.00049539986 0)
(0.014387768 0.00049975345 0)
(0.014212244 0.00051998079 0)
(0.014022598 0.00053436708 0)
(0.013842011 0.00058376003 0)
(0.013614799 0.00057071735 -1.0325158e-17)
(0.013453289 0.00068045355 -1.0050546e-17)
(0.013079393 0.00050846348 0)
(0.015618355 0.00075236109 0)
(0.015576073 0.00071759717 0)
(0.015521632 0.00068475952 0)
(0.015453775 0.00065278342 0)
(0.015369763 0.00062397754 0)
(0.015270926 0.00059962549 0)
(0.015158374 0.00058172453 0)
(0.015033278 0.00057358416 0)
(0.014895845 0.00057309676 0)
(0.014751604 0.00058622099 0)
(0.014594241 0.00059699791 0)
(0.014442414 0.00063766178 0)
(0.014255088 0.00062650539 0)
(0.014123165 0.000725998 0)
(0.013819278 0.00056071581 0)
(0.015713315 0.00077652581 0)
(0.015710901 0.00075674495 0)
(0.015701694 0.00073934676 0)
(0.01568453 0.00072182459 0)
(0.015658209 0.00070300064 0)
(0.015621205 0.00068446915 0)
(0.015572656 0.00067046165 0)
(0.01551209 0.00066289179 0)
(0.015439931 0.00066037434 0)
(0.01535831 0.00066723466 0)
(0.015264236 0.00067569746 0)
(0.015170016 0.00070377876 0)
(0.015052063 0.00069939998 0)
(0.014973285 0.0007730632 0)
(0.014779447 0.00063841663 0)
(0.015705928 0.00073552487 0)
(0.015723637 0.00072652207 0)
(0.015740851 0.00071715882 0)
(0.015757217 0.00070674398 0)
(0.015774197 0.0006964692 0)
(0.015787802 0.00069039222 0)
(0.015798328 0.00068994483 0)
(0.015806518 0.00069277356 0)
(0.015811114 0.00070010092 0)
(0.015812704 0.00071328732 0)
(0.015810171 0.0007278912 0)
(0.01580821 0.00075014899 0)
(0.015798309 0.00075754128 0)
(0.015805811 0.0007955906 0)
(0.015776552 0.00071976616 0)
(0.015656723 0.00061235732 0)
(0.015680446 0.00061168509 0)
(0.015706167 0.00061115572 0)
(0.015733731 0.00061065481 0)
(0.015763208 0.00061045179 0)
(0.015794882 0.00061138708 0)
(0.015829695 0.00061412386 0)
(0.015868605 0.00061925787 0)
(0.015912686 0.00062750086 0)
(0.015963404 0.00063970524 0)
(0.016023342 0.00065586725 0)
(0.016089881 0.00067443559 0)
(0.016182603 0.00069197423 0)
(0.016256058 0.00071942656 0)
(0.016397329 0.00069385639 0)
(0.015603726 0.00041640631 0)
(0.015625827 0.00041925873 0)
(0.015650704 0.00042232791 0)
(0.015678692 0.00042545332 0)
(0.015710268 0.00042871351 0)
(0.015745944 0.00043229512 -1.6193556e-33)
(0.015786385 0.00043644313 1.6829439e-33)
(0.015832477 0.00044141241 0)
(0.01588538 0.00044748287 0)
(0.01594654 0.00045490005 0)
(0.016018161 0.00046374822 0)
(0.016101322 0.00047347944 0)
(0.016203745 0.00048333372 0)
(0.016303841 0.00049510578 0)
(0.016505215 0.00049930419 0)
(0.015499079 0.00014614759 0)
(0.015518608 0.00014745451 0)
(0.015540306 0.00014894904 0)
(0.015565095 0.00015049661 0)
(0.015593615 0.0001520885 0)
(0.01562633 0.00015373652 0)
(0.015663827 0.00015545972 0)
(0.015706859 0.00015727969 0)
(0.015756333 0.00015921449 0)
(0.015813331 0.00016125241 0)
(0.015879119 0.00016336917 0)
(0.015955317 0.0001652406 0)
(0.016043278 0.0001671236 0)
(0.016142238 0.00016704047 0)
(0.016296852 0.00016494202 0)
(1.3107888e-09 4.7812801e-08 0)
(9.1551838e-09 1.530321e-07 0)
(2.597437e-08 2.7967613e-07 0)
(5.7767505e-08 4.3241513e-07 9.6494998e-26)
(1.1210431e-07 6.1696131e-07 -1.0355496e-27)
(2.0062195e-07 8.4019448e-07 -1.3824969e-25)
(3.4053187e-07 1.1103796e-06 0)
(5.5703152e-07 1.4374071e-06 -1.9572053e-25)
(8.8684481e-07 1.8330538e-06 5.6700807e-28)
(1.3832571e-06 2.3112595e-06 2.6725036e-25)
(2.1231931e-06 2.8884047e-06 0)
(3.2170874e-06 3.5835653e-06 0)
(4.8224995e-06 4.4187088e-06 0)
(7.1626375e-06 5.4187752e-06 -5.1475721e-25)
(1.0551137e-05 6.611567e-06 5.9490379e-25)
(1.5424515e-05 8.0273434e-06 -1.6793431e-25)
(2.238355e-05 9.6979899e-06 1.4919948e-24)
(3.2244278e-05 1.1655616e-05 -1.6574319e-24)
(4.6097999e-05 1.3930437e-05 2.7529678e-20)
(6.5377565e-05 1.6547837e-05 -3.1159115e-20)
(9.1923922e-05 1.9524605e-05 0)
(0.00012804265 2.2864528e-05 0)
(0.00017653558 2.6553732e-05 0)
(0.00024068894 3.0556508e-05 7.0307052e-24)
(0.0003241987 3.4812555e-05 3.3844745e-20)
(0.00043101852 3.9236702e-05 -3.253066e-20)
(0.00056512709 4.3721916e-05 0)
(0.00073022923 4.8145797e-05 2.1563756e-23)
(0.00092942429 5.2379865e-05 -1.9142074e-23)
(0.0011648899 5.6300117e-05 -2.9557997e-23)
(0.0014376326 5.9796566e-05 6.8893216e-21)
(0.0017473358 6.278109e-05 7.0324289e-21)
(0.0020923757 6.5185403e-05 3.0643117e-23)
(0.0024696942 6.6979253e-05 6.8157187e-23)
(0.0028758236 6.8125988e-05 3.1663115e-24)
(0.003304357 6.8665891e-05 8.7081976e-23)
(0.0037544413 6.850138e-05 -4.3361886e-24)
(0.0042076952 6.7721196e-05 -1.1948949e-22)
(0.0046864479 6.7369369e-05 0)
(1.0187663e-08 1.4487162e-07 1.5134616e-25)
(3.7607163e-08 4.6363689e-07 0)
(7.8047558e-08 8.47237e-07 -6.1481894e-28)
(1.3843084e-07 1.3098958e-06 3.6740699e-28)
(2.2745145e-07 1.8689216e-06 8.7778953e-28)
(3.5812297e-07 2.5451612e-06 -2.0955863e-27)
(5.4933749e-07 3.3636593e-06 0)
(8.283417e-07 4.3543847e-06 7.6001207e-25)
(1.2343545e-06 5.55302e-06 -2.2158049e-27)
(1.8236933e-06 7.001795e-06 2.1894803e-26)
(2.6769581e-06 8.7503206e-06 -1.2652462e-24)
(3.9090229e-06 1.0856352e-05 -4.6378768e-26)
(5.6827842e-06 1.3386368e-05 1.083636e-25)
(8.2278255e-06 1.64158e-05 1.8784412e-24)
(1.1865331e-05 2.0028678e-05 -2.3188492e-24)
(1.7040649e-05 2.431638e-05 -1.6384919e-25)
(2.4364739e-05 2.9375103e-05 -3.650871e-24)
(3.466512e-05 3.5301605e-05 3.2487066e-24)
(4.9045709e-05 4.2186796e-05 2.930394e-20)
(6.8952745e-05 5.0106847e-05 -2.9721745e-20)
(9.6240728e-05 5.9111823e-05 0)
(0.00013322813 6.9212342e-05 -3.1376369e-21)
(0.00018272799 8.0365527e-05 -3.1880018e-21)
(0.00024803489 9.2462416e-05 -1.3403902e-25)
(0.0003328493 0.00010531972 -1.3155869e-23)
(0.00044112482 0.00011867908 3.1594189e-25)
(0.00057683556 0.00013221618 2.737939e-23)
(0.000743678 0.00014556044 1.9357378e-23)
(0.00094474118 0.0001583231 6.1238782e-21)
(0.0011821928 0.00017012914 5.9734944e-21)
(0.0014570324 0.00018064613 -6.719034e-21)
(0.0017689429 0.00018960776 -7.3821435e-21)
(0.0021163048 0.00019680771 -4.837832e-23)
(0.0024960762 0.00020215409 -8.0215186e-23)
(0.0029048136 0.00020553875 1.8938878e-24)
(0.0033361425 0.00020707688 -7.9223686e-23)
(0.003789328 0.00020647963 2.9929227e-22)
(0.0042455801 0.00020402588 1.2575706e-22)
(0.00472926 0.00020278195 0)
(2.8793198e-08 2.4505852e-07 7.3030372e-32)
(9.725296e-08 7.8424163e-07 5.1065086e-25)
(1.8723038e-07 1.4330428e-06 -6.1130389e-25)
(3.0759525e-07 2.2155154e-06 -4.0284399e-23)
(4.694114e-07 3.1609007e-06 1.9257218e-23)
(6.8859366e-07 4.3044105e-06 1.0442427e-24)
(9.8757795e-07 5.688338e-06 -4.850462e-27)
(1.3979323e-06 7.3632788e-06 0)
(1.9641357e-06 9.3894568e-06 1.7663395e-24)
(2.7488932e-06 1.1838118e-05 -2.0982053e-24)
(3.840539e-06 1.4792923e-05 0)
(5.3632744e-06 1.8351208e-05 -2.7436872e-24)
(7.4911867e-06 2.2624931e-05 3.4876046e-24)
(1.0467194e-05 2.7741017e-05 3.7799523e-24)
(1.4628229e-05 3.3840702e-05 -4.5209077e-24)
(2.0438018e-05 4.1077372e-05 5.4159186e-24)
(2.8528635e-05 4.9612227e-05 -5.0564966e-24)
(3.9751375e-05 5.9607054e-05 6.2842727e-24)
(5.5236223e-05 7.1213372e-05 -8.6063279e-24)
(7.6457012e-05 8.4557444e-05 7.1547342e-24)
(0.00010529614 9.9721129e-05 -1.4909119e-23)
(0.00014409853 0.00011671948 2.5239403e-21)
(0.00019570003 0.00013547723 3.8251589e-21)
(0.00026341209 0.00015580776 -2.8204289e-23)
(0.00035094392 0.00017739949 1.3530208e-23)
(0.00046224841 0.00019981488 -2.8360756e-20)
(0.00060128954 0.00022250598 4.1505323e-20)
(0.00077174606 0.00024484774 -3.9401681e-23)
(0.00097668512 0.00026618527 -2.4669929e-19)
(0.0012182537 0.00028588755 3.989456e-19)
(0.0014974362 0.00030339588 -9.1357264e-23)
(0.0018139156 0.00031826264 9.0631763e-23)
(0.0021660803 0.00033014075 0)
(0.0025509225 0.00033887498 0)
(0.0029650504 0.00034428923 1.9552714e-22)
(0.0034021537 0.00034656216 4.1863261e-22)
(0.0038617425 0.00034520696 -3.272958e-22)
(0.0043241889 0.00034077505 -5.396137e-22)
(0.0048180095 0.00033788556 2.7951181e-23)
(5.8269155e-08 3.4879927e-07 2.8479086e-25)
(1.9174146e-07 1.1161729e-06 -4.9614225e-25)
(3.6018086e-07 2.0394489e-06 -5.9245586e-25)
(5.7553317e-07 3.1527857e-06 -3.220796e-23)
(8.526021e-07 4.4976869e-06 6.6584932e-23)
(1.2118793e-06 6.1241089e-06 1.0105358e-24)
(1.6813876e-06 8.0920262e-06 2.6170737e-27)
(2.299503e-06 1.047315e-05 -1.4250697e-24)
(3.1189833e-06 1.335279e-05 1.3323078e-26)
(4.2125777e-06 1.68318e-05 2.0162858e-24)
(5.6807659e-06 2.1028518e-05 -2.389387e-24)
(7.6623748e-06 2.6080506e-05 2.7107591e-24)
(1.0349008e-05 3.2145821e-05 -3.4947978e-24)
(1.4004416e-05 3.9403422e-05 4.7635053e-25)
(1.8990073e-05 4.8052145e-05 8.1920062e-24)
(2.5798279e-05 5.8307513e-05 -1.004208e-23)
(3.5093852e-05 7.0395476e-05 -1.4025223e-24)
(4.7764857e-05 8.4542048e-05 1.5413507e-23)
(6.4981474e-05 0.00010095785 -1.0197557e-23)
(8.8259968e-05 0.00011981686 1.4105179e-23)
(0.00011952546 0.00014122939 2.9234632e-20)
(0.00016116317 0.00016521057 -4.0739153e-20)
(0.00021604347 0.0001916474 0)
(0.00028750291 0.00022026953 1.382935e-23)
(0.00037926313 0.00025063055 -3.9527904e-23)
(0.00049527483 0.00028210711 -4.3492963e-20)
(0.00063948526 0.00031392148 2.7302013e-20)
(0.00081554471 0.00034518873 0)
(0.0010264858 0.00037498366 -4.3108802e-19)
(0.0012744228 0.00040241632 2.3028491e-19)
(0.0015603171 0.00042670011 1.073401e-22)
(0.001883851 0.00044720489 -9.2522242e-23)
(0.0022434256 0.00046344042 0)
(0.0026360848 0.00047518841 0)
(0.0030585186 0.0004822079 -2.2668489e-22)
(0.0035045117 0.00048473204 -3.360133e-22)
(0.0039739431 0.00048203653 -6.5952448e-22)
(0.0044459234 0.00047515544 5.8060288e-22)
(0.0049552105 0.00046929584 -5.6569974e-23)
(9.9989675e-08 4.5631897e-07 5.5351681e-25)
(3.2546046e-07 1.4601303e-06 0)
(6.048958e-07 2.6676898e-06 -1.1517233e-24)
(9.5456599e-07 4.1235307e-06 1.376845e-24)
(1.3945293e-06 5.8817353e-06 0)
(1.9517002e-06 8.0073582e-06 0)
(2.6619333e-06 1.0578447e-05 -2.3483337e-24)
(3.5731352e-06 1.3688254e-05 5.562701e-24)
(4.7496395e-06 1.744762e-05 -3.4543123e-26)
(6.2782175e-06 2.198746e-05 -3.9295223e-24)
(8.2762783e-06 2.7461213e-05 4.6255485e-24)
(1.0902999e-05 3.4047022e-05 -1.0904394e-23)
(1.437431e-05 4.1949271e-05 6.3985744e-24)
(1.8982823e-05 5.1398964e-05 -2.3179644e-25)
(2.5123938e-05 6.2652224e-05 9.5810866e-24)
(3.3329334e-05 7.5985942e-05 -2.0710816e-23)
(4.430882e-05 9.1689427e-05 1.2403903e-23)
(5.9000795e-05 0.00011005074 -4.0701071e-27)
(7.863026e-05 0.00013133646 -5.5972569e-27)
(0.00010477108 0.00015576402 6.8799967e-24)
(0.00013940609 0.0001834668 3.8734794e-20)
(0.00018497456 0.00021445349 -2.9984024e-20)
(0.00024439272 0.00024856602 0)
(0.0003210298 0.00028544247 -2.8085171e-23)
(0.00041862264 0.00032449381 0)
(0.00054111701 0.00036490381 4.9027117e-23)
(0.00069243543 0.0004056591 2.1730104e-23)
(0.00087618767 0.00044561076 -5.9642788e-23)
(0.0010953578 0.00048356105 3.7054159e-23)
(0.0013520146 0.00051836056 -2.9932652e-23)
(0.001647087 0.00054899579 8.0356796e-23)
(0.001980257 0.0005746551 -4.9492856e-23)
(0.002349941 0.00059470309 -3.1808602e-22)
(0.0027532528 0.00060886122 -3.3434215e-22)
(0.0031869942 0.00061682626 -3.3933484e-22)
(0.0036450763 0.00061887948 -5.2049357e-23)
(0.0041278518 0.00061398679 7.0422976e-22)
(0.0046127881 0.00060399891 -7.1758114e-23)
(0.0051427991 0.00059323074 7.5463706e-22)
(1.5559411e-07 5.6773501e-07 5.3750816e-25)
(5.0364281e-07 1.8164645e-06 0)
(9.3090815e-07 3.3183554e-06 0)
(1.4593735e-06 5.1285634e-06 1.336896e-24)
(2.1160328e-06 7.3140328e-06 -1.5989481e-24)
(2.9362655e-06 9.9552222e-06 1.9056763e-24)
(3.9662308e-06 1.3148575e-05 -4.5292694e-24)
(5.2663553e-06 1.700921e-05 2.7092676e-24)
(6.9161496e-06 2.1673808e-05 3.2107933e-24)
(9.020733e-06 2.7303605e-05 -1.2554978e-26)
(1.1719618e-05 3.4087308e-05 -4.5111055e-24)
(1.519849e-05 4.2243642e-05 0)
(1.9704881e-05 5.2023073e-05 0)
(2.5568796e-05 6.3708044e-05 7.1889907e-24)
(3.3229451e-05 7.7610851e-05 -8.8776665e-24)
(4.3269222e-05 9.4067963e-05 2.3745917e-24)
(5.6455621e-05 0.0001134294 -7.9653905e-24)
(7.379135e-05 0.00013604154 -2.7952152e-24)
(9.6571115e-05 0.00016222198 9.8141044e-24)
(0.00012644164 0.00019222537 -2.0395077e-23)
(0.00016545824 0.0002262005 2.9111378e-23)
(0.00021612755 0.00026414092 2.8798863e-23)
(0.0002814221 0.00030583402 -2.9498558e-23)
(0.00036475025 0.00035081671 2.8116452e-23)
(0.00046986533 0.00039834844 0)
(0.00060070384 0.00044741269 -3.3426363e-25)
(0.00076115385 0.00049675526 4.3635522e-23)
(0.00095477094 0.00054496071 -4.1893434e-23)
(0.0011844753 0.00059055885 -3.4517926e-23)
(0.0014522757 0.0006321431 3.2949206e-23)
(0.0017590588 0.00066847718 0)
(0.0021045064 0.00069857162 0)
(0.0024870493 0.00072164424 3.844604e-24)
(0.0029038905 0.00073736229 -3.3378634e-22)
(0.0033519714 0.00074536322 6.8507436e-23)
(0.0038253591 0.00074597017 0)
(0.0043249534 0.00073774358 -7.4441961e-23)
(0.0048262711 0.00072378262 -8.7256563e-22)
(0.0053819912 0.00070556924 -1.628892e-21)
(2.2699014e-07 6.8292866e-07 0)
(7.3237294e-07 2.1847738e-06 0)
(1.3492943e-06 3.9906663e-06 -1.0609417e-27)
(2.1069962e-06 6.1665896e-06 1.2953988e-24)
(3.0412764e-06 8.7925769e-06 -1.5584672e-24)
(4.1982386e-06 1.196472e-05 0)
(5.6370728e-06 1.5798077e-05 -8.62063e-27)
(7.4340039e-06 2.0429822e-05 5.0570797e-21)
(9.6876517e-06 2.6022604e-05 -6.3913831e-21)
(1.252618e-05 3.2767994e-05 0)
(1.611679e-05 4.0889812e-05 0)
(2.0678272e-05 5.064695e-05 1.0105551e-23)
(2.6497504e-05 6.233516e-05 -1.2090443e-23)
(3.3950889e-05 7.6287009e-05 -4.3804251e-25)
(4.3531805e-05 9.2868948e-05 1.0111435e-24)
(5.588504e-05 0.0001124741 -1.157279e-24)
(7.1848835e-05 0.00013550915 -2.6123639e-24)
(9.2504319e-05 0.00016237341 0)
(0.00011923074 0.00019342862 2.3747067e-20)
(0.00015376259 0.00022895814 -3.7753051e-20)
(0.00019824186 0.00026911634 0)
(0.00025525474 0.00031387057 0)
(0.00032783923 0.0003629421 0)
(0.00041944749 0.00041575547 2.7784981e-23)
(0.00053384869 0.00047140875 0)
(0.00067496362 0.00052867773 -2.1351833e-20)
(0.00084663423 0.00058606315 5.626232e-20)
(0.0010523463 0.00064188251 0)
(0.0012949391 0.00069439604 -6.9337589e-23)
(0.0015763464 0.00074194553 6.6300597e-23)
(0.0018974003 0.00078307967 0)
(0.0022577832 0.00081663779 2.8643541e-22)
(0.0026559326 0.00084169047 3.3685568e-22)
(0.0030891637 0.00085786035 5.6520631e-22)
(0.0035545775 0.0008647299 9.9187039e-22)
(0.0040464254 0.00086265591 -9.0422795e-23)
(0.0045661838 0.00084968578 5.6624133e-22)
(0.0050872145 0.00083066435 1.348077e-21)
(0.0056731347 0.00080190875 -8.2413113e-23)
(3.1635683e-07 8.0148168e-07 1.0130427e-24)
(1.0185913e-06 2.5637019e-06 0)
(1.8726854e-06 4.6821e-06 2.1085629e-24)
(2.9168515e-06 7.2336257e-06 -5.0413152e-24)
(4.1977678e-06 1.0311538e-05 6.0339113e-24)
(5.7747607e-06 1.4027675e-05 -3.5896229e-24)
(7.7230506e-06 1.8515781e-05 0)
(1.0138252e-05 2.3935083e-05 5.2308381e-21)
(1.3142377e-05 3.0474077e-05 -5.8750906e-21)
(1.6891718e-05 3.8354376e-05 7.2243414e-24)
(2.1587166e-05 4.783435e-05 -8.5049689e-24)
(2.7487657e-05 5.921213e-05 -9.808311e-24)
(3.4927603e-05 7.2827314e-05 2.3773696e-23)
(4.4339231e-05 8.9060463e-05 7.4739577e-25)
(5.6280796e-05 0.00010832915 -3.3446889e-23)
(7.1471484e-05 0.000131079 1.6978753e-23)
(9.0833395e-05 0.00015776779 -2.0206227e-23)
(0.0001155401 0.00018884064 6.0068166e-24)
(0.00014706981 0.00022469449 3.335408e-20)
(0.00018725899 0.0002656308 -2.4793187e-20)
(0.00023834922 0.00031179724 0)
(0.00030301698 0.00036312169 -3.2517969e-25)
(0.00038437278 0.0004192458 -8.4732147e-23)
(0.00048591499 0.00047946906 -8.048563e-23)
(0.00061142542 0.0005427177 1.0641944e-22)
(0.00076480023 0.0006075527 -5.6153996e-20)
(0.00094982118 0.00067222705 1.8663315e-20)
(0.0011698867 0.00073479306 -1.6098707e-22)
(0.0014277365 0.00079324755 0)
(0.0017252124 0.00084568984 6.0803503e-23)
(0.0020630788 0.00089046545 -3.2973568e-22)
(0.0024410196 0.00092625289 -3.3329913e-22)
(0.0028574577 0.00095197852 3.229492e-22)
(0.0033098567 0.00096722976 0)
(0.0037954797 0.00097154395 -1.1860913e-22)
(0.0043087871 0.00096530038 1.5444348e-23)
(0.0048518102 0.00094592717 -5.5333233e-22)
(0.0053956781 0.00092053717 5.8338508e-20)
(0.0060155601 0.0008776286 4.8618218e-19)
(4.2611575e-07 9.225612e-07 1.9647366e-24)
(1.3700138e-06 2.9505694e-06 -1.7096338e-24)
(2.5151123e-06 5.3877252e-06 0)
(3.9104923e-06 8.321981e-06 2.3879304e-27)
(5.6160124e-06 1.1859826e-05 -5.7050514e-27)
(7.7069745e-06 1.6128794e-05 -1.3608591e-26)
(1.027792e-05 2.128118e-05 0)
(1.3447773e-05 2.7498007e-05 -3.861718e-26)
(1.7366581e-05 3.4993177e-05 -4.5920325e-26)
(2.2224246e-05 4.4017644e-05 6.9498735e-24)
(2.8261768e-05 5.4863278e-05 -1.6458606e-23)
(3.5785694e-05 6.7865902e-05 9.7157925e-24)
(4.5186565e-05 8.3406759e-05 -9.4510281e-28)
(5.6962216e-05 0.00010191134 -1.2758594e-23)
(7.1746754e-05 0.0001238442 1.7264782e-23)
(9.0345858e-05 0.00014969793 -1.4115341e-23)
(0.0001137785 0.00017997427 1.9922325e-23)
(0.00014332427 0.00021515516 -2.7797162e-26)
(0.000180574 0.00025566182 2.3936708e-23)
(0.00022747899 0.00030180092 1.2048677e-23)
(0.00028639169 0.000353699 -1.4903709e-24)
(0.00036008722 0.00041122912 -2.8804081e-23)
(0.00045175303 0.00047393806 2.7862382e-23)
(0.00056493311 0.00054098655 5.4974467e-23)
(0.00070341562 0.00061111828 5.0387089e-23)
(0.00087106017 0.00068267325 -5.0298987e-23)
(0.0010715716 0.00075365595 -1.7572566e-22)
(0.0013082413 0.00082185846 1.6871805e-22)
(0.001583689 0.00088502407 7.5174883e-23)
(0.0018996464 0.00094102279 -2.5081703e-22)
(0.002256795 0.00098801363 2.2247976e-22)
(0.0026548234 0.0010245294 4.6706594e-22)
(0.0030920921 0.0010493669 -4.9319698e-22)
(0.0035662808 0.0010620661 -4.7245623e-22)
(0.0040747812 0.0010621557 -4.7019326e-22)
(0.0046122861 0.0010500206 -5.8737654e-22)
(0.0051813046 0.0010223789 -1.7502129e-22)
(0.0057508069 0.00098911716 -5.6342853e-19)
(0.0064074649 0.00092803552 -6.1342135e-21)
(5.5888318e-07 1.0448087e-06 9.5190691e-25)
(1.7949745e-06 3.341019e-06 -8.0944889e-28)
(3.2917202e-06 6.0995561e-06 -1.9799647e-24)
(5.1111673e-06 9.419264e-06 2.3672664e-24)
(7.3288859e-06 1.3419682e-05 -2.8262499e-24)
(1.003917e-05 1.8243767e-05 6.7572884e-24)
(1.3359472e-05 2.4061954e-05 -4.0278756e-24)
(1.7436275e-05 3.1076461e-05 4.8007736e-24)
(2.2452675e-05 3.9525746e-05 -1.1378342e-23)
(2.8638048e-05 4.9688907e-05 6.7041934e-24)
(3.6280322e-05 6.1889645e-05 0)
(4.5741505e-05 7.6499194e-05 0)
(5.7477212e-05 9.3937357e-05 -3.4425521e-25)
(7.2060934e-05 0.00011467045 1.2754793e-23)
(9.0213735e-05 0.00013920459 -1.5816417e-23)
(0.00011283979 0.00016807238 -2.125911e-24)
(0.00014106756 0.00020181075 0)
(0.00017629551 0.00024092763 3.7147939e-23)
(0.00022023942 0.00028585556 -4.7559636e-23)
(0.00027497657 0.00033689153 0)
(0.0003429791 0.00039412452 5.2626653e-23)
(0.00042712625 0.00045735565 -8.3103535e-23)
(0.00053068347 0.00052602035 -2.7685309e-23)
(0.00065723601 0.00059912634 -7.656927e-25)
(0.00081056848 0.00067522453 -3.3807189e-24)
(0.00099448855 0.00075242925 4.4198576e-23)
(0.0012126045 0.00082849847 -2.6471097e-22)
(0.0014680785 0.00090097267 2.085365e-24)
(0.0017633888 0.00096735584 -7.4823658e-23)
(0.0021001373 0.0010253065 5.0363584e-22)
(0.0024789047 0.0010728186 -1.0478682e-22)
(0.0028993926 0.0011082915 -2.824126e-22)
(0.0033598026 0.001130451 -6.3959441e-22)
(0.0038581741 0.0011387071 1.4480779e-23)
(0.0043919082 0.0011326878 9.1081372e-22)
(0.0049559691 0.0011127472 -1.5663878e-22)
(0.0055532106 0.0010748351 -1.2051843e-21)
(0.0061506999 0.0010320878 3.7074257e-22)
(0.0068459508 0.00094896445 -1.5027465e-21)
(7.1738503e-07 1.1662113e-06 -9.2041586e-25)
(2.3021502e-06 3.7286081e-06 1.6029267e-24)
(4.2182687e-06 6.8058114e-06 -1.9149709e-24)
(6.5430488e-06 1.0507247e-05 2.2896172e-24)
(9.3705356e-06 1.4965081e-05 -2.733116e-24)
(1.2817296e-05 2.0337117e-05 6.5281186e-24)
(1.7027575e-05 2.6811162e-05 -3.8799217e-24)
(2.2179989e-05 3.46096e-05 0)
(2.849604e-05 4.3994073e-05 0)
(3.6250804e-05 5.5270001e-05 6.4041695e-24)
(4.5786308e-05 6.8790513e-05 -7.7245385e-24)
(5.7528205e-05 8.4959103e-05 -2.8253368e-25)
(7.2006382e-05 0.00010423003 0)
(8.9880175e-05 0.00012710512 -7.7654593e-25)
(0.00011196866 0.00015412531 -8.9200061e-25)
(0.00013928619 0.00018585475 2.0439444e-24)
(0.00017308269 0.00022285506 -2.3151664e-24)
(0.00021488711 0.00026564753 0)
(0.00026655089 0.00031466125 0)
(0.00033028602 0.00037016679 0)
(0.00040869015 0.00043219753 -1.292245e-23)
(0.0005047485 0.00050046435 8.5147869e-25)
(0.00062180139 0.00057427421 5.5099808e-23)
(0.00076346679 0.00065246778 5.3385152e-23)
(0.00093351151 0.00073339416 -2.5110431e-22)
(0.0011356721 0.00081493979 9.8473516e-23)
(0.0013734374 0.00089462151 1.7730935e-22)
(0.0016498165 0.00096974133 3.4901944e-24)
(0.001967122 0.0010375835 1.4362961e-22)
(0.0023268064 0.0010956194 1.2504608e-22)
(0.0027293321 0.0011417023 0)
(0.0031744124 0.0011740517 4.5858396e-22)
(0.0036598471 0.001191464 1.1965113e-21)
(0.0041845765 0.0011932526 1.6728307e-23)
(0.0047454866 0.0011790985 -1.825729e-21)
(0.0053379573 0.0011493068 7.7451206e-22)
(0.0059649946 0.0010990764 1.2529042e-21)
(0.0065921064 0.0010452612 8.2931818e-22)
(0.0073264382 0.00093675714 1.3417876e-21)
(9.0433199e-07 1.2839801e-06 -1.7762282e-24)
(2.900165e-06 4.1044208e-06 3.0941464e-24)
(5.3104085e-06 7.4902105e-06 3.6942338e-24)
(8.2301184e-06 1.1560789e-05 -4.4191673e-24)
(1.1774798e-05 1.64602e-05 0)
(1.6086813e-05 2.2360144e-05 0)
(2.1341353e-05 2.946457e-05 -2.9303326e-26)
(2.7754038e-05 3.8014462e-05 0)
(3.5590433e-05 4.8292628e-05 -4.1264171e-26)
(4.5177846e-05 6.0628234e-05 9.8578796e-26)
(5.6919862e-05 7.5400556e-05 -1.1555698e-25)
(7.1314182e-05 9.3041171e-05 8.4828772e-21)
(8.8974304e-05 0.00011403352 -1.2332876e-20)
(0.00011065557 0.00013890833 -2.4536937e-23)
(0.00013728587 0.00016823316 3.1614443e-25)
(0.00017000083 0.00020259358 2.9931601e-23)
(0.00021018277 0.0002425638 2.2582249e-24)
(0.00025950126 0.00028866415 4.484189e-23)
(0.00031995181 0.00034130385 -9.404844e-23)
(0.00039388698 0.00040070892 9.5663088e-23)
(0.00048403211 0.00046683804 -3.8631466e-23)
(0.00059347593 0.000539293 -1.0355601e-22)
(0.00072562582 0.00061723547 1.0599914e-22)
(0.00088411895 0.0006993262 0)
(0.0010726854 0.00078370579 1.9779539e-22)
(0.0012949673 0.00086803385 -1.8940225e-22)
(0.0015543081 0.00094959605 0)
(0.0018535366 0.0010254742 -7.1387122e-23)
(0.0021947751 0.001092759 -3.5088613e-22)
(0.0025793077 0.0011487696 -3.7914307e-22)
(0.0030074867 0.0011912434 0)
(0.0034790244 0.0012179754 -1.2140413e-23)
(0.0039909145 0.0012289092 -6.4213848e-22)
(0.0045439699 0.0012219177 1.9452954e-23)
(0.0051332311 0.0011973077 1.5833734e-21)
(0.0057553249 0.0011555307 2.0381407e-22)
(0.0064129256 0.0010909813 0)
(0.0070703135 0.0010245839 -3.9959735e-23)
(0.0078418656 0.00088765807 0)
(1.1222392e-06 1.3944254e-06 -1.7104153e-24)
(3.5970151e-06 4.4566696e-06 1.4444419e-27)
(6.5826363e-06 8.1312523e-06 3.5579921e-24)
(1.019456e-05 1.2546726e-05 -4.2604014e-24)
(1.4572923e-05 1.7857868e-05 -4.9294963e-27)
(1.988962e-05 2.424884e-05 -6.052461e-24)
(2.6355167e-05 3.1937952e-05 7.2447421e-24)
(3.4227285e-05 4.1182543e-05 0)
(4.38215e-05 5.2283804e-05 -1.0145069e-23)
(5.5524096e-05 6.5591172e-05 1.2122452e-23)
(6.9807847e-05 8.1505746e-05 1.1220254e-25)
(8.7250999e-05 0.00010048184 9.7062435e-21)
(0.00010855996 0.0001230255 -9.2090227e-21)
(0.00013459601 0.0001496883 7.2229674e-25)
(0.00016640612 0.00018105462 1.6608476e-24)
(0.00020525743 0.00021771983 0)
(0.00025267418 0.00026025695 0)
(0.00031047469 0.00030916954 -9.6776025e-24)
(0.00038080431 0.00036482925 -5.1967276e-24)
(0.00046615854 0.00042739851 0)
(0.00056938837 0.00049674188 0)
(0.00069367874 0.00057233366 2.5563775e-23)
(0.00084249099 0.00065317468 -5.1710847e-23)
(0.0010194626 0.0007377354 0)
(0.001228263 0.0008239447 -9.4694081e-23)
(0.0014724123 0.00090924111 2.77707e-22)
(0.0017550793 0.0009906944 8.1769793e-23)
(0.0020788831 0.0010651907 2.263436e-22)
(0.0024457256 0.0011296596 2.7806937e-22)
(0.0028566875 0.0011813082 0)
(0.0033120407 0.0012177092 0)
(0.0038111289 0.001237179 -5.4064956e-22)
(0.0043516871 0.0012383443 3.1199053e-22)
(0.004932563 0.001220452 -1.1831763e-22)
(0.0055517799 0.0011832215 -8.9496102e-22)
(0.0062040144 0.0011273859 0)
(0.0068920211 0.0010466744 0)
(0.0075793572 0.00096625968 -1.0450975e-21)
(0.0083845075 0.00079821466 0)
(1.3732076e-06 1.4928758e-06 -5.8251087e-30)
(4.3993706e-06 4.7704395e-06 -1.4015674e-27)
(8.0470202e-06 8.7017499e-06 0)
(1.2454797e-05 1.3423166e-05 4.0056686e-27)
(1.7790778e-05 1.9098558e-05 4.7834265e-27)
(2.426027e-05 2.5922546e-05 1.1242966e-26)
(3.2113639e-05 3.4125327e-05 0)
(4.1655949e-05 4.3977573e-05 0)
(5.3258701e-05 5.5795144e-05 3.784656e-26)
(6.7373982e-05 6.9943222e-05 -5.5619244e-21)
(8.4551392e-05 8.683922e-05 5.4186075e-21)
(0.00010545813 0.00010695351 -1.6170681e-23)
(0.00013090253 0.00013080668 1.8510178e-23)
(0.00016186125 0.00015896156 -2.2123042e-23)
(0.00019950983 0.00019200798 -1.5901411e-24)
(0.00024525588 0.0002305378 -2.9008644e-23)
(0.00030077337 0.00027510766 6.6340018e-23)
(0.00036803504 0.00032618727 3.9216578e-24)
(0.00044933873 0.00038409223 -8.1762462e-23)
(0.00054732132 0.00044890214 4.5035484e-23)
(0.00066495276 0.00052036857 -2.3104853e-23)
(0.00080550161 0.00059782153 1.4570742e-22)
(0.00097246444 0.00068008821 -4.3911999e-24)
(0.0011694546 0.00076544221 -1.9577021e-22)
(0.001400052 0.00085160252 9.7209659e-23)
(0.0016676228 0.00093579836 -1.7770606e-22)
(0.0019751292 0.0010149056 0)
(0.0023249516 0.0010856461 -4.4170414e-22)
(0.0027187497 0.0011448273 1.3989523e-22)
(0.0031573993 0.0011895948 -2.2965935e-22)
(0.003641123 0.001217504 -1.9464929e-22)
(0.0041674614 0.0012269089 5.317066e-22)
(0.0047376514 0.0012156143 -1.4189941e-22)
(0.0053482502 0.001184991 8.9537927e-22)
(0.0059968535 0.0011329303 -2.3050969e-22)
(0.0066787461 0.0010611129 -6.8160496e-22)
(0.0073959725 0.00096274062 1.0868804e-21)
(0.0081118784 0.00086718525 0)
(0.0089454935 0.00066639173 0)
(1.6586093e-06 1.5735918e-06 -3.8516144e-28)
(5.3115751e-06 5.0274123e-06 2.719042e-24)
(9.7113855e-06 9.1683355e-06 -6.5062003e-24)
(1.5022708e-05 1.413873e-05 3.8943474e-24)
(2.1444927e-05 2.0109342e-05 4.4797144e-27)
(2.9220692e-05 2.7282556e-05 -5.5398128e-24)
(3.8644779e-05 3.5897191e-05 6.5929971e-24)
(5.0074844e-05 4.6233302e-05 0)
(6.3944346e-05 5.861665e-05 -3.6733483e-26)
(8.0777899e-05 7.3422429e-05 -4.9173752e-21)
(0.00010120937 9.1077511e-05 7.0243189e-21)
(0.00012600295 0.00011206018 -1.5408139e-23)
(0.00015607741 0.00013689594 -1.7621719e-23)
(0.00019253342 0.00016614761 2.0431593e-23)
(0.00023668335 0.00020039749 1.5142762e-24)
(0.00029008265 0.00024021914 0)
(0.00035456062 0.00028613631 3.3268337e-23)
(0.00043224732 0.000338567 -3.5818227e-23)
(0.00052559211 0.000397752 9.8994644e-24)
(0.00063736743 0.00046366945 1.0431609e-23)
(0.0007706505 0.00053594077 -2.2838106e-23)
(0.00092877543 0.00061373767 2.2989267e-23)
(0.0011152496 0.00069570515 9.2850544e-23)
(0.0013336324 0.00077991893 -9.6593696e-23)
(0.0015873799 0.00086389667 0)
(0.0018796692 0.00094467763 8.7379849e-23)
(0.0022132201 0.0010189744 1.5507156e-22)
(0.0025901396 0.0010833849 1.4711938e-22)
(0.0030118076 0.0011346379 0)
(0.0034788005 0.0011698279 2.3211905e-22)
(0.0039908113 0.0011865123 -3.8364649e-22)
(0.0045467242 0.0011829823 -5.0933324e-22)
(0.0051459292 0.0011580848 7.1598994e-22)
(0.0057853313 0.0011115255 0)
(0.0064625854 0.0010428627 -1.8979341e-22)
(0.0071728562 0.00095348873 8.7617952e-22)
(0.0079170907 0.00083646455 -1.1038393e-21)
(0.0086590684 0.00072518452 0)
(0.0095144742 0.00049154426 0)
(1.9788038e-06 1.6298317e-06 0)
(6.3347344e-06 5.2060763e-06 0)
(1.1577645e-05 9.4918397e-06 0)
(1.7901045e-05 1.463314e-05 -3.6408359e-27)
(2.5538939e-05 2.080471e-05 -4.3469212e-27)
(3.477516e-05 2.8213223e-05 0)
(4.5953334e-05 3.7101954e-05 6.2496717e-24)
(5.9488783e-05 4.7755336e-05 -7.4457447e-24)
(7.5882645e-05 6.0503074e-05 -8.8356056e-24)
(9.573843e-05 7.5723302e-05 1.0479959e-23)
(0.00011978121 9.3844013e-05 0)
(0.00014887957 0.00011534164 -1.4245064e-23)
(0.0001840703 0.00014073531 1.6842995e-23)
(0.00022658545 0.00017057487 6.2835383e-25)
(0.00027788101 0.00020542044 -2.2820495e-23)
(0.00033966558 0.00024581112 2.655772e-23)
(0.00041392679 0.00029222025 -1.8974772e-24)
(0.00050295175 0.00034499585 -4.1139389e-24)
(0.00060933657 0.00040428564 4.5411929e-24)
(0.00073597888 0.00046994928 -3.7121693e-25)
(0.00088604648 0.0005414638 0)
(0.0010629156 0.00061783318 -4.2922874e-20)
(0.0012700746 0.00069751756 1.5427002e-20)
(0.0015109939 0.00077840108 0)
(0.001788968 0.00085781691 0)
(0.0021069459 0.00093264248 -5.0152258e-25)
(0.0024673686 0.00099946591 -8.694544e-23)
(0.0028720361 0.0010548089 1.3243394e-22)
(0.0033220197 0.0010953754 -1.2960547e-22)
(0.0038176152 0.0011182851 -6.5684827e-20)
(0.0043583356 0.0011212008 -4.5888712e-21)
(0.0049430722 0.0011024205 1.5309885e-22)
(0.0055704332 0.0010610515 -7.1659476e-22)
(0.0062376984 0.00099697888 6.6193873e-22)
(0.0069420079 0.00091009724 -3.0526231e-23)
(0.0076783774 0.00080204172 -4.6367472e-22)
(0.0084463406 0.00066606393 4.123191e-23)
(0.0092107434 0.00053922772 2.3224077e-22)
(0.010079849 0.00027447412 0)
(2.3326009e-06 1.6538149e-06 1.393787e-24)
(7.4650179e-06 5.2816142e-06 -2.4222039e-24)
(1.3638735e-05 9.6271005e-06 2.9002384e-24)
(2.1078765e-05 1.483694e-05 3.4583331e-24)
(3.0056836e-05 2.1086214e-05 -6.0476292e-27)
(4.090156e-05 2.8581546e-05 -4.9352179e-24)
(5.4009528e-05 3.7565478e-05 0)
(6.9858388e-05 4.832068e-05 -6.965782e-24)
(8.9022173e-05 6.1173537e-05 8.3078182e-24)
(0.00011218901 7.6496609e-05 0)
(0.00014018129 9.47091e-05 1.1546011e-23)
(0.00017397835 0.00011627418 -1.3910344e-23)
(0.00021474128 0.00014169157 -1.5393163e-23)
(0.00026383933 0.00017148354 1.929247e-23)
(0.00032287677 0.00020617197 2.0693304e-23)
(0.00039371822 0.00024624415 -4.7914088e-23)
(0.00047850969 0.00029210499 2.8352221e-23)
(0.00057969143 0.00034401447 7.8534928e-24)
(0.00069999746 0.00040201031 -3.8744026e-23)
(0.00084243576 0.0004658193 -4.5581464e-23)
(0.0010102431 0.0005347641 8.2011159e-23)
(0.0012068095 0.00060767734 -1.7313667e-20)
(0.00143557 0.00068283931 4.826599e-20)
(0.0016998671 0.000757958 -8.2267602e-23)
(0.002002793 0.0008302091 8.4770709e-23)
(0.0023470292 0.00089634685 5.6218086e-20)
(0.0027347016 0.00095288372 -1.1439905e-20)
(0.0031672734 0.00099632134 1.2582372e-22)
(0.0036454846 0.0010233996 0)
(0.0041693359 0.0010313222 1.6812764e-21)
(0.0047381118 0.0010178956 6.7931883e-20)
(0.0053505081 0.00098160941 0)
(0.0060047497 0.00092185724 -6.1571817e-22)
(0.0066979816 0.00083870169 -1.3127893e-22)
(0.0074268539 0.00073249019 4.8516986e-22)
(0.00818605 0.00060528221 0)
(0.0089734308 0.00045092738 0)
(0.0097555121 0.00030966552 1.4170465e-22)
(0.010629119 1.7644312e-05 2.7770962e-22)
(2.7171485e-06 1.6371672e-06 1.2952141e-24)
(8.6932718e-06 5.2273199e-06 -2.2564206e-24)
(1.5877863e-05 9.5255293e-06 -2.6947357e-24)
(2.4529788e-05 1.4675427e-05 6.4423538e-24)
(3.4961214e-05 2.0848012e-05 -7.6877671e-24)
(4.7548641e-05 2.8244588e-05 1.4150654e-26)
(6.2745148e-05 3.7100728e-05 1.0915797e-23)
(8.1094654e-05 4.7689973e-05 -1.2979154e-23)
(0.00010324841 6.0326774e-05 7.7529009e-24)
(0.0001299838 7.5368097e-05 9.0204465e-24)
(0.00016222539 9.3212822e-05 -1.0806549e-23)
(0.00020106802 0.00011429771 0)
(0.00024780152 0.00013908838 -2.3715212e-25)
(0.00030393594 0.00016806326 -5.52637e-25)
(0.00037122599 0.00020168852 1.9833919e-23)
(0.00045169221 0.00024038137 -2.6000159e-23)
(0.00054763572 0.00028445999 -2.0105277e-20)
(0.00066164244 0.00033407904 1.6947631e-20)
(0.00079657142 0.00038915153 0)
(0.00095552196 0.00044926089 -3.1343798e-20)
(0.0011417741 0.0005135713 2.1151925e-20)
(0.0013586994 0.00058074845 -7.976679e-23)
(0.0016096419 0.00064890758 -7.7317583e-23)
(0.001897775 0.00071560708 8.1271958e-23)
(0.0022259472 0.00077790411 4.1670931e-23)
(0.0025965331 0.0008324803 1.4123428e-20)
(0.0030113104 0.0008758329 -5.9007075e-20)
(0.0034713789 0.00090451064 -1.2625799e-22)
(0.0039771279 0.00091536054 1.0353396e-22)
(0.0045282438 0.00090574572 2.790274e-22)
(0.0051237455 0.00087369046 -3.4469658e-22)
(0.0057620595 0.0008179653 -1.3306592e-22)
(0.0064410296 0.00073824699 1.1927464e-21)
(0.0071575161 0.00063494708 -4.8372176e-22)
(0.0079075946 0.00050897356 -7.6129102e-23)
(0.00868542 0.0003629649 4.9493278e-22)
(0.0094869844 0.00019184826 0)
(0.010281032 3.8431398e-05 0)
(0.011149286 -0.00027469535 -4.1932127e-22)
(3.1267592e-06 1.5707925e-06 -1.1897639e-24)
(1.0001357e-05 5.0141561e-06 -5.2008431e-28)
(1.8261942e-05 9.1343538e-06 2.4745406e-24)
(2.8203097e-05 1.4067526e-05 -2.9618896e-24)
(4.0179512e-05 1.9975342e-05 -3.5449563e-27)
(5.4617951e-05 2.7047558e-05 0)
(7.2030629e-05 3.5505435e-05 0)
(9.303064e-05 4.5604793e-05 5.9377988e-24)
(0.00011834957 5.7638157e-05 -1.4097018e-23)
(0.00014885727 7.1935393e-05 8.4545331e-24)
(0.0001855836 8.8861959e-05 7.4340325e-26)
(0.00022974178 0.00010881351 0)
(0.00028275253 0.0001322053 0)
(0.00034626771 0.00015945447 0)
(0.00042219164 0.0001909531 5.5052103e-25)
(0.00051269735 0.00022702985 2.6154167e-24)
(0.00062023414 0.0002678986 -1.4979707e-20)
(0.00074752207 0.00031359337 2.3208108e-20)
(0.00089752838 0.00036389098 0)
(0.0010734207 0.00041822609 -1.9587658e-20)
(0.0012784932 0.00047560706 3.5031896e-20)
(0.0015160641 0.0005345457 0)
(0.0017893471 0.00059301758 -1.7360712e-23)
(0.0021013059 0.00064847048 0)
(0.0024545052 0.00069789528 -3.6477787e-23)
(0.0028509773 0.00073796504 -6.3039364e-23)
(0.0032921227 0.00076523456 -6.4185549e-23)
(0.0037786564 0.00077637751 -2.1194271e-22)
(0.0043106013 0.00076842774 1.0541078e-23)
(0.0048873117 0.00073898776 -7.9464626e-24)
(0.0055075071 0.00068637402 -8.0413198e-23)
(0.0061692967 0.00060970585 2.3961351e-22)
(0.0068701169 0.00050902103 -4.5680512e-22)
(0.0076064103 0.00038520493 3.8011264e-22)
(0.008373568 0.00023985292 -8.6003454e-23)
(0.009165031 7.6352567e-05 -9.2726453e-22)
(0.0099748073 -0.00010876715 4.7020469e-22)
(0.010774364 -0.00027082051 7.1814888e-22)
(0.011627292 -0.00059648828 0)
(3.5541157e-06 1.4462564e-06 -2.7230481e-28)
(1.1365818e-05 4.6152357e-06 -1.8671336e-24)
(2.0748075e-05 8.4046954e-06 2.2345481e-24)
(3.2032324e-05 1.2938168e-05 2.6652544e-24)
(4.5616988e-05 1.8361988e-05 -9.3164679e-27)
(6.1980412e-05 2.4847257e-05 -3.8000852e-24)
(8.169533e-05 3.2592587e-05 0)
(0.0001054454 4.182636e-05 0)
(0.00013404383 5.2807943e-05 -4.9553387e-26)
(0.00016845403 6.5827258e-05 0)
(0.00020981183 8.1201826e-05 -7.2164315e-26)
(0.00025944881 9.927005e-05 0)
(0.00031891552 0.00012037923 0)
(0.00039000309 0.00014486648 0)
(0.00047476088 0.00017303059 -1.024386e-24)
(0.00057550706 0.00020509293 -2.0456146e-23)
(0.00069482824 0.00024114606 5.1653694e-25)
(0.00083556361 0.00028108989 2.121575e-23)
(0.0010007686 0.00032455742 -3.145429e-24)
(0.0011936539 0.0003708352 0)
(0.0014174972 0.0004187874 0)
(0.0016755285 0.00046679673 0)
(0.0019707936 0.00051273831 9.5921236e-23)
(0.0023060084 0.00055400288 -1.2990893e-22)
(0.0026834188 0.00058758185 3.5818223e-23)
(0.0031046855 0.00061021713 5.5786138e-24)
(0.0035708105 0.00061860527 6.3302609e-24)
(0.0040821105 0.00060963193 1.0561301e-22)
(0.0046382324 0.0005806037 0)
(0.0052381871 0.00052944528 0)
(0.0058803702 0.00045484089 1.2266136e-22)
(0.0065625373 0.00035632816 -2.4201787e-22)
(0.0072816787 0.00023439957 2.5938014e-22)
(0.0080337016 9.0521466e-05 -8.4968643e-23)
(0.0088131977 -7.2894815e-05 -5.4338991e-22)
(0.0096127208 -0.00025153615 7.7694292e-22)
(0.010424263 -0.0004467385 -6.4769595e-22)
(0.011222444 -0.00061267209 -1.3820843e-22)
(0.01205059 -0.0009399606 1.9974909e-22)
(3.9863618e-06 1.2548282e-06 -9.461662e-25)
(1.2745688e-05 4.0027934e-06 1.6479729e-24)
(2.3261826e-05 7.2860959e-06 0)
(3.590314e-05 1.1209938e-05 -1.8684203e-21)
(5.1111817e-05 1.5898543e-05 2.2023699e-21)
(6.9417712e-05 2.1496395e-05 3.3493193e-24)
(9.1453868e-05 2.8170161e-05 0)
(0.00011797407 3.6110014e-05 -4.7184994e-24)
(0.00014987239 4.55298e-05 5.9294945e-26)
(0.00018820458 5.6665483e-05 6.6493993e-24)
(0.00023421053 6.977099e-05 0)
(0.00028933734 8.5110319e-05 9.1274385e-24)
(0.00035526126 0.00010294449 -2.1470404e-23)
(0.00043390678 0.00012351165 2.4974173e-23)
(0.0005274601 0.00014699867 -1.3872903e-23)
(0.00063837342 0.00017350248 5.4518623e-25)
(0.00076935603 0.00020298034 -1.8508641e-23)
(0.0009233474 0.00023518923 4.2024115e-23)
(0.0011034679 0.0002696169 4.9606495e-24)
(0.0013129436 0.00030541002 -2.2789347e-23)
(0.0015550044 0.00034130883 0)
(0.0018327581 0.00037560117 0)
(0.0021490486 0.00040611144 -2.8353752e-23)
(0.0025063123 0.00043023899 -1.3070474e-23)
(0.0029064501 0.00044505585 4.0377732e-24)
(0.0033507328 0.00044746367 4.9605497e-23)
(0.0038397543 0.00043439726 -4.4522659e-23)
(0.0043734312 0.00040305054 4.5625122e-23)
(0.0049510365 0.00035109445 -1.4137298e-22)
(0.0055712362 0.00027686032 7.1012409e-23)
(0.0062320887 0.0001794762 -1.7664004e-22)
(0.0069309702 5.8968305e-05 5.1708892e-23)
(0.0076643834 -8.3628985e-05 -3.4937852e-23)
(0.0084276021 -0.00024617516 -1.1083993e-22)
(0.0092143137 -0.00042533379 0)
(0.010016021 -0.00061571325 -3.5006396e-22)
(0.010822736 -0.00081602076 -1.6968127e-22)
(0.011612544 -0.00098005422 -5.3260186e-22)
(0.012407479 -0.0012959454 -3.5407961e-22)
(4.4125588e-06 9.9120939e-07 -4.0480129e-25)
(1.4105813e-05 3.1599972e-06 7.050633e-25)
(2.5738717e-05 5.7480522e-06 0)
(3.9715493e-05 8.8361777e-06 -1.6615883e-21)
(5.6520708e-05 1.2519308e-05 2.0162707e-21)
(7.6733942e-05 1.6906908e-05 1.4272654e-24)
(0.00010104624 2.2123929e-05 5.022309e-23)
(0.00013027854 2.8311054e-05 -8.552818e-23)
(0.00016540205 3.5623727e-05 -2.3820547e-24)
(0.00020755999 4.4229415e-05 5.6521982e-24)
(0.0002580903 5.4302302e-05 -3.3475493e-24)
(0.00031854802 6.6014395e-05 0)
(0.00039072572 7.9521756e-05 0)
(0.00047666981 9.4944432e-05 5.3432398e-24)
(0.00057868948 0.00011233864 -6.3981308e-24)
(0.00069935454 0.00013165996 2.0036514e-25)
(0.00084147781 0.0001527171 4.5343077e-25)
(0.0010080772 0.00017511696 0)
(0.0012023135 0.00019820399 -2.0778166e-23)
(0.0014274019 0.00022099955 2.1303029e-23)
(0.0016864969 0.00024215039 0)
(0.0019825575 0.00025989823 0)
(0.0023182014 0.00027208415 7.6036161e-24)
(0.0026955665 0.00027620024 2.2695227e-24)
(0.0031161968 0.00026949576 3.6718321e-23)
(0.0035809705 0.00024913564 -2.2623184e-23)
(0.004090079 0.00021239763 0)
(0.0046430517 0.00015688424 0)
(0.0052388031 8.0722864e-05 9.8731417e-23)
(0.0058756649 -1.7266485e-05 1.7569095e-23)
(0.0065513584 -0.00013743994 -8.1038345e-23)
(0.0072628658 -0.00027921755 7.0084398e-23)
(0.0080061698 -0.00044095101 -1.6183357e-22)
(0.0087758402 -0.00061975604 2.8667824e-22)
(0.009564574 -0.00081130909 -1.0543128e-22)
(0.010362663 -0.0010090573 6.1727076e-23)
(0.011158156 -0.0012087212 1.3253536e-22)
(0.011932417 -0.0013647017 9.0827928e-23)
(0.012685588 -0.0016546448 2.279019e-22)
(4.8076218e-06 6.5007452e-07 8.8214685e-29)
(1.5366574e-05 2.0698712e-06 -5.7098538e-25)
(2.8034548e-05 3.7597275e-06 1.9960448e-27)
(4.3248819e-05 5.7695903e-06 8.1569574e-25)
(6.1532983e-05 8.1574968e-06 0)
(8.3512368e-05 1.098901e-05 -1.1540225e-24)
(0.00010993131 1.4337062e-05 3.9621157e-23)
(0.00014167236 1.8281017e-05 -1.9230377e-23)
(0.00017977728 2.2904489e-05 -1.9413909e-24)
(0.00022546913 2.8291433e-05 3.9832989e-27)
(0.00028017488 3.4519844e-05 0)
(0.00034554696 4.1652176e-05 3.1348349e-24)
(0.00042348197 4.9721458e-05 -5.7870302e-26)
(0.00051613387 5.8711979e-05 -4.3598266e-24)
(0.00062591818 6.8533456e-05 0)
(0.00075550322 7.8987911e-05 -5.7525381e-24)
(0.00090778359 8.9729188e-05 1.2119341e-23)
(0.0010858317 0.00010021626 -7.2412329e-24)
(0.0012928233 0.00010966344 6.5772587e-24)
(0.0015319369 0.00011699317 -1.1966165e-23)
(0.0018062275 0.00012079983 0)
(0.0021184844 0.00011933584 0)
(0.002471085 0.00011053174 -1.2879898e-23)
(0.0028658629 9.2060362e-05 4.3756528e-23)
(0.0033040097 6.1449083e-05 1.2232352e-23)
(0.0037860263 1.6235255e-05 -4.0532932e-23)
(0.0043117276 -4.5849936e-05 2.414172e-23)
(0.0048802879 -0.00012669064 -3.976114e-23)
(0.0054902961 -0.00022760987 -6.0870701e-24)
(0.0061397778 -0.00034921975 -4.1006474e-23)
(0.0068261334 -0.00049129489 3.9119699e-23)
(0.0075459544 -0.00065264659 -6.7885172e-23)
(0.0082946927 -0.00083096189 2.3168153e-23)
(0.0090661809 -0.0010225797 -5.2452065e-23)
(0.0098520813 -0.001222203 -2.5273644e-23)
(0.010641346 -0.0014221773 0)
(0.011419988 -0.0016152773 3.7789828e-23)
(0.012171091 -0.0017583953 4.2912246e-23)
(0.012870679 -0.0020060915 2.0232712e-22)
(5.1646811e-06 2.3353515e-07 6.2735138e-26)
(1.6505294e-05 7.3933654e-07 -1.088307e-25)
(3.0106663e-05 1.3340308e-06 1.3024406e-25)
(4.6435082e-05 2.0306117e-06 1.7262884e-28)
(6.6048229e-05 2.8430527e-06 0)
(8.961112e-05 3.7847021e-06 -2.1973726e-25)
(0.000117914 4.8669044e-06 1.6256724e-27)
(0.00015189206 6.0967967e-06 3.1167473e-25)
(0.00019264679 7.4738829e-06 3.6581792e-25)
(0.00024146813 8.9850042e-06 -4.3977188e-25)
(0.00029985674 1.0597182e-05 0)
(0.00036954455 1.2247671e-05 0)
(0.00045251167 1.3830462e-05 0)
(0.0005509966 1.5178498e-05 -2.8866461e-26)
(0.00066749615 1.6040942e-05 0)
(0.00080475061 1.6055249e-05 0)
(0.00096570959 1.4714477e-05 2.5070761e-24)
(0.001153474 1.1331486e-05 -2.7002241e-24)
(0.0013712112 5.0033275e-06 0)
(0.0016220431 -5.4187861e-06 3.9352796e-24)
(0.0019089118 -2.134643e-05 -3.3920966e-24)
(0.0022344311 -4.4448916e-05 0)
(0.0026007424 -7.6617364e-05 0)
(0.0030093914 -0.00011989151 8.095993e-25)
(0.0034612475 -0.00017634815 1.5598115e-20)
(0.0039564769 -0.00024795742 -1.6187493e-20)
(0.0044945702 -0.00033642078 6.3638406e-24)
(0.0050744028 -0.000443008 0)
(0.0056942932 -0.00056840819 6.2022417e-24)
(0.0063520065 -0.00071259886 1.9378863e-23)
(0.0070446567 -0.00087472228 4.142159e-24)
(0.0077684679 -0.0010529441 -2.1321594e-23)
(0.0085183794 -0.0012442636 -2.8874972e-24)
(0.009287507 -0.0014442543 0)
(0.010066523 -0.0016467479 0)
(0.01084308 -0.0018432625 0)
(0.011601332 -0.0020245813 5.8246033e-24)
(0.012324061 -0.0021549328 2.4418723e-23)
(0.012969083 -0.0023408471 -3.1480841e-22)
(5.4455004e-06 -2.679587e-07 -7.672852e-26)
(1.7401088e-05 -8.6214471e-07 1.3364636e-25)
(3.173696e-05 -1.584664e-06 6.5523907e-22)
(4.8942143e-05 -2.4663721e-06 -7.8637901e-22)
(6.9601024e-05 -3.5454531e-06 0)
(9.4409736e-05 -4.8701695e-06 0)
(0.00012419452 -6.5015839e-06 -4.3790111e-28)
(0.00015993187 -8.5171178e-06 0)
(0.00020277008 -1.1015244e-05 1.2185424e-27)
(0.00025405145 -1.4121555e-05 0)
(0.00031533405 -1.7996544e-05 0)
(0.00038841131 -2.2845469e-05 3.8795179e-27)
(0.00047532705 -2.8930689e-05 0)
(0.00057838272 -3.6586773e-05 9.2641461e-25)
(0.00070013309 -4.6238475e-05 -1.1383471e-24)
(0.00084336566 -5.8421287e-05 5.2024687e-26)
(0.0010110593 -7.3803611e-05 5.5611149e-21)
(0.0012063178 -9.3208624e-05 -6.619684e-21)
(0.0014322767 -0.00011763263 1.7360914e-24)
(0.0016919831 -0.00014825521 -1.8244787e-24)
(0.001988256 -0.00018643529 2.7559781e-25)
(0.0023235369 -0.00023368649 0)
(0.0026997493 -0.00029162639 0)
(0.0031181864 -0.00036189676 -3.1600163e-24)
(0.0035794465 -0.00044605722 8.1024782e-21)
(0.0040834254 -0.00054545995 -8.463921e-21)
(0.0046293613 -0.00066111751 0)
(0.0052159047 -0.00079357585 0)
(0.0058411715 -0.00094279844 0)
(0.006502725 -0.0011080564 1.089406e-24)
(0.0071974382 -0.001287807 2.1821765e-24)
(0.0079212045 -0.0014795348 8.7570152e-24)
(0.0086684923 -0.0016795347 0)
(0.0094317695 -0.0018826376 0)
(0.010200869 -0.0020819228 5.5865273e-23)
(0.010962458 -0.0022684049 -6.1411351e-23)
(0.011699673 -0.0024324221 0)
(0.012394549 -0.0025527183 -1.3797105e-22)
(0.013000301 -0.0026682123 0)
(5.6382404e-06 -8.3666149e-07 -6.3977048e-26)
(1.8015006e-05 -2.6780197e-06 1.1144339e-25)
(3.2852498e-05 -4.8932375e-06 2.6997547e-22)
(5.065424e-05 -7.5625062e-06 -3.2113393e-22)
(7.2021435e-05 -1.0782352e-05 0)
(9.7669473e-05 -1.466985e-05 -5.4436607e-29)
(0.00012844644 -1.9366714e-05 4.3791177e-28)
(0.0001653533 -2.5044241e-05 0)
(0.00020956533 -3.1909238e-05 -1.2186028e-27)
(0.00026245403 -4.0211014e-05 0)
(0.00032560818 -5.0249507e-05 0)
(0.00040085239 -6.2384597e-05 -3.1453214e-27)
(0.00049026048 -7.7046535e-05 -6.1234781e-25)
(0.00059616051 -9.4747264e-05 7.4424546e-25)
(0.00072112737 -0.0001160921 1.6595215e-21)
(0.00086795835 -0.00014179087 -1.950048e-21)
(0.0010396272 -0.00017266702 1.8372498e-21)
(0.0012392125 -0.00020966255 -1.9505968e-21)
(0.0014697993 -0.00025383592 -8.7908891e-25)
(0.0017343549 -0.0003063494 3.5400867e-24)
(0.0020355867 -0.00036844214 -2.062032e-24)
(0.002375794 -0.00044138577 -4.8426282e-25)
(0.0027567341 -0.00052642095 0)
(0.0031795205 -0.00062467627 -6.9893866e-26)
(0.0036445735 -0.00073707435 7.9315871e-25)
(0.0041516276 -0.00086423358 -7.5204235e-25)
(0.004699786 -0.0010063742 0)
(0.0052875918 -0.0011632336 0)
(0.0059130661 -0.0013339881 0)
(0.0065736626 -0.0015171644 1.4786151e-23)
(0.0072660897 -0.0017105184 -3.426865e-23)
(0.0079859797 -0.0019108572 7.2223142e-24)
(0.0087274121 -0.0021137962 0)
(0.0094823345 -0.0023134756 6.3014354e-23)
(0.010239969 -0.0025023132 1.4509131e-22)
(0.010986408 -0.0026708308 1.0185449e-22)
(0.011704763 -0.0028087166 0)
(0.012378105 -0.0029004391 5.4310014e-22)
(0.012976614 -0.0029560942 0)
(5.6968491e-06 -1.4272186e-06 1.9276938e-29)
(1.8201099e-05 -4.5629402e-06 -1.0117824e-25)
(3.3189239e-05 -8.3267642e-06 -1.2550627e-27)
(5.1168134e-05 -1.2849177e-05 1.4663496e-25)
(7.2742586e-05 -1.8286528e-05 -1.8001347e-25)
(9.8631798e-05 -2.4826131e-05 2.1589953e-25)
(0.00012968776 -3.2691752e-05 2.6582323e-25)
(0.00016691526 -4.2149844e-05 7.0049451e-27)
(0.00021149298 -5.3516559e-05 -7.8411501e-25)
(0.00026479493 -6.7165408e-05 9.6220444e-25)
(0.00032841097 -8.3535425e-05 -5.8069246e-25)
(0.00040416438 -0.00010313948 7.377515e-25)
(0.00049412414 -0.00012657225 -8.7529157e-25)
(0.0006006085 -0.00015451701 0)
(0.00072617576 -0.00018775018 -1.4978176e-21)
(0.00087359796 -0.00022714202 1.7604048e-21)
(0.0010458129 -0.00027365161 0)
(0.0012458511 -0.00032831368 -3.0368465e-25)
(0.0014767364 -0.00039221493 3.7282907e-26)
(0.001741363 -0.00046645765 2.9398454e-24)
(0.0020423554 -0.00055210921 2.2888369e-25)
(0.0023819269 -0.00065013805 -4.4712371e-24)
(0.0027617525 -0.00076133925 4.6724587e-24)
(0.0031828775 -0.00088625544 0)
(0.0036456771 -0.0010251014 -1.08245e-23)
(0.00414987 -0.0011776998 0)
(0.0046945731 -0.0013434327 1.6588098e-23)
(0.0052783617 -0.001521205 -1.6888338e-23)
(0.0058992864 -0.0017094044 0)
(0.0065547958 -0.0019058349 -4.529396e-23)
(0.0072415233 -0.0021075941 -8.7806125e-23)
(0.007954927 -0.0023108754 -8.4553436e-23)
(0.008688802 -0.0025107005 0)
(0.0094347253 -0.0027006333 2.6289372e-23)
(0.010181513 -0.0028725871 -3.1524955e-23)
(0.010914867 -0.0030167272 -5.7384399e-22)
(0.011618017 -0.0031220538 3.1242587e-22)
(0.012274465 -0.0031753347 -1.229993e-21)
(0.012862453 -0.0031761035 -1.0338556e-21)
(5.6241245e-06 -2.012442e-06 -2.3689983e-22)
(1.7967824e-05 -6.4305982e-06 4.1833956e-22)
(3.2761872e-05 -1.1727994e-05 -3.6864584e-28)
(5.050517e-05 -1.8084591e-05 0)
(7.1792734e-05 -2.5715254e-05 7.7426924e-25)
(9.7331824e-05 -3.4875895e-05 -9.2780498e-25)
(0.00012795989 -4.5870196e-05 1.1124984e-24)
(0.00016466409 -5.9056978e-05 -1.2201094e-21)
(0.00020860181 -7.485809e-05 1.5310555e-21)
(0.00026112154 -9.3766501e-05 -1.9011749e-24)
(0.00032378267 -0.00011635415 -6.4945682e-27)
(0.00039837257 -0.00014327888 -2.3506661e-21)
(0.00048691824 -0.00017528936 3.0899886e-21)
(0.00059168959 -0.00021322682 -3.8957011e-24)
(0.0007151903 -0.00025802165 9.0017347e-24)
(0.00086013206 -0.00031068294 -5.2875499e-24)
(0.0010293881 -0.00037227843 0)
(0.0012259227 -0.00044390283 9.0455457e-25)
(0.001452696 -0.00052663238 -1.3741446e-24)
(0.0017125466 -0.0006214654 1.973151e-23)
(0.0020080593 -0.0007292501 -2.1282079e-23)
(0.0023414319 -0.0008506039 -3.1123341e-23)
(0.0027143575 -0.00098583162 2.108229e-23)
(0.0031279408 -0.0011348525 -2.7299961e-23)
(0.0035826612 -0.0012971467 3.9823392e-23)
(0.0040783839 -0.0014717274 0)
(0.0046144019 -0.0016571407 0)
(0.0051894745 -0.0018514769 1.3684394e-23)
(0.0058018136 -0.0020523716 1.8115327e-24)
(0.0064489715 -0.00225696 1.2583422e-22)
(0.0071275959 -0.0024617541 4.2925567e-22)
(0.0078330513 -0.0026624257 -1.931053e-23)
(0.0085589415 -0.0028535184 -1.9016949e-22)
(0.0092966032 -0.003028165 1.8606566e-22)
(0.010034619 -0.0031779821 -2.9848388e-22)
(0.010758283 -0.0032931843 -4.9332843e-22)
(0.011451085 -0.0033619902 7.2735844e-23)
(0.012096699 -0.003372972 7.5672447e-22)
(0.01267685 -0.0033219876 4.7246085e-22)
(5.4107942e-06 -2.5590623e-06 -4.1315156e-22)
(1.7286053e-05 -8.174713e-06 7.1185675e-22)
(3.151819e-05 -1.4903508e-05 1.941646e-24)
(4.8586532e-05 -2.2971151e-05 6.9560182e-28)
(6.9062631e-05 -3.2646518e-05 1.0563443e-27)
(9.3625847e-05 -4.4248682e-05 0)
(0.0001230806 -5.8154697e-05 0)
(0.00015837516 -7.4807912e-05 -2.1536175e-21)
(0.00020062148 -9.4726498e-05 2.4871786e-21)
(0.00025111541 -0.00011851174 4.1338717e-26)
(0.00031135601 -0.0001468553 8.02201e-24)
(0.0003830624 -0.0001805445 -4.2524868e-21)
(0.00046818564 -0.00022046402 4.728327e-21)
(0.00056891291 -0.00026759229 1.3279445e-23)
(0.00068766021 -0.00032299016 0)
(0.00082704974 -0.00038777925 0)
(0.00098986819 -0.00046310739 2.0839618e-23)
(0.001179003 -0.00055009876 -2.4744437e-23)
(0.0013973557 -0.00064978778 1.3741429e-24)
(0.0016477353 -0.00076303777 -3.0595724e-23)
(0.0019327382 -0.00089044857 2.9343009e-23)
(0.0022546265 -0.0010322613 -2.9342866e-23)
(0.0026152204 -0.0011882719 9.0648916e-25)
(0.0030158194 -0.0013577677 6.7436935e-23)
(0.0034571623 -0.0015394993 6.0165409e-23)
(0.0039394262 -0.0017316932 -1.7591597e-22)
(0.0044622437 -0.0019320993 8.9091268e-23)
(0.0050247086 -0.0021380525 -7.2208034e-23)
(0.0056253225 -0.0023465108 1.5921716e-20)
(0.0062618448 -0.0025540304 -5.8045266e-20)
(0.006931019 -0.0027566423 2.0531181e-22)
(0.0076281838 -0.0029496204 0)
(0.0083468159 -0.0031271762 -5.7237749e-22)
(0.009078103 -0.0032821707 0)
(0.0098106279 -0.0034060648 -4.3397823e-22)
(0.010528739 -0.003489842 2.0709237e-21)
(0.011218468 -0.0035211232 0)
(0.011859574 -0.0034896408 -1.0856303e-19)
(0.012438921 -0.0033926864 1.2263875e-18)
(5.0667307e-06 -3.0366506e-06 2.7101501e-24)
(1.6187159e-05 -9.698239e-06 -4.718713e-24)
(2.9515105e-05 -1.7676701e-05 9.5118088e-28)
(4.5499457e-05 -2.7237265e-05 3.377411e-24)
(6.4675499e-05 -3.8695384e-05 0)
(8.7679718e-05 -5.2424444e-05 -4.8169112e-24)
(0.00011526613 -6.8864395e-05 5.7572034e-24)
(0.00014832412 -8.8530747e-05 0)
(0.00018789745 -0.00011202351 0)
(0.00023520377 -0.0001400354 -9.6753597e-24)
(0.0002916536 -0.00017335836 1.1541983e-23)
(0.00035886738 -0.00021288694 9.0125266e-26)
(0.0004386884 -0.00025961674 1.6014127e-23)
(0.00053318916 -0.00031463554 -1.8927415e-23)
(0.00064466791 -0.0003791043 0)
(0.0007756318 -0.00045422502 0)
(0.0009287634 -0.00054119256 0)
(0.0011068678 -0.00064112833 3.3642318e-23)
(0.0013127997 -0.00075499564 -4.1400006e-23)
(0.0015493714 -0.00088349943 0)
(0.0018192493 -0.0010269772 1.1808869e-23)
(0.0021248463 -0.001185293 -6.5106726e-23)
(0.0024682236 -0.0013577495 5.5389101e-23)
(0.0028510133 -0.0015430362 7.3766363e-24)
(0.0032743692 -0.0017392269 2.5411307e-23)
(0.0037389416 -0.0019438317 0)
(0.0042448598 -0.0021538907 1.2852871e-22)
(0.004791693 -0.002366081 -2.1674601e-22)
(0.0053783504 -0.0025767913 6.3610948e-20)
(0.0060028907 -0.0027821166 -2.1240993e-20)
(0.0066622223 -0.002977738 -5.1253539e-22)
(0.0073517081 -0.0031586849 1.7799506e-22)
(0.0080647264 -0.0033190282 5.7205593e-22)
(0.0087923607 -0.0034516017 0)
(0.0095241729 -0.0035479447 1.167571e-21)
(0.010244538 -0.0035981619 -9.0697061e-22)
(0.010931306 -0.0035936144 -1.9619174e-21)
(0.011577049 -0.003524491 -1.2457668e-18)
(0.0121654 -0.0033892254 9.0620785e-20)
(4.6043031e-06 -3.4143458e-06 1.7798105e-24)
(1.4710767e-05 -1.0902767e-05 8.4461644e-28)
(2.6825066e-05 -1.9868531e-05 -3.7032518e-24)
(4.1355995e-05 -3.0607678e-05 4.435085e-24)
(5.8791217e-05 -4.3471877e-05 5.2915922e-24)
(7.971114e-05 -5.8876593e-05 -6.3249963e-24)
(0.00010480412 -7.7310281e-05 -8.2156632e-27)
(0.00013488319 -9.9343808e-05 -8.9667879e-24)
(0.00017090417 -0.00012563953 1.0722252e-23)
(0.0002139845 -0.00015695924 1.2615498e-23)
(0.00026542208 -0.00019416971 -1.5051697e-23)
(0.00032671302 -0.00023824429 -6.7464269e-21)
(0.00039956634 -0.00029025819 9.3937061e-21)
(0.00048591383 -0.00035137488 0)
(0.00058791211 -0.00042282033 -2.850332e-23)
(0.00070793408 -0.00050584167 3.3423806e-23)
(0.00084854673 -0.00060164745 -3.9323932e-23)
(0.0010124729 -0.0007113274 4.401979e-23)
(0.0012025354 -0.00083575251 2.7380453e-24)
(0.0014215856 -0.00097545936 7.5972762e-24)
(0.0016724178 -0.0011305284 -6.7203725e-24)
(0.0019576787 -0.0013004701 3.922297e-20)
(0.0022797782 -0.0014841395 -8.303938e-21)
(0.0026408096 -0.0016796965 -3.212798e-23)
(0.0030424837 -0.0018846298 8.0008718e-23)
(0.0034860706 -0.002095844 0)
(0.0039723365 -0.0023097955 -1.2852254e-22)
(0.0045014495 -0.0025226391 0)
(0.0050728278 -0.0027303339 0)
(0.0056849065 -0.0029286561 -2.6319264e-22)
(0.0063348165 -0.0031130856 0)
(0.0070179874 -0.0032785721 -4.008898e-22)
(0.0077277154 -0.0034192408 3.9332445e-22)
(0.0084548182 -0.0035280215 0)
(0.0091864913 -0.0035967842 -1.7801302e-21)
(0.0099139145 -0.003617454 -6.321132e-22)
(0.01061383 -0.0035803657 7.4922594e-22)
(0.011269023 -0.0034785363 -5.9003635e-23)
(0.011870014 -0.0033125844 2.7943458e-21)
(4.0460366e-06 -3.6664297e-06 0)
(1.2928736e-05 -1.1706295e-05 -8.4461644e-28)
(2.3578895e-05 -2.1329821e-05 -4.5669391e-24)
(3.6357451e-05 -3.2853081e-05 5.4655835e-24)
(5.1695329e-05 -4.6651181e-05 -2.8856764e-27)
(7.0106265e-05 -6.3166619e-05 -7.7817963e-24)
(9.2200731e-05 -8.2918743e-05 9.309069e-24)
(0.00011870148 -0.0001065133 0)
(0.00015046063 -0.00013465139 1.3104928e-23)
(0.00018847792 -0.00016813692 -7.0681435e-26)
(0.00023391969 -0.0002078812 -1.8601221e-23)
(0.00028813755 -0.00025490276 -8.7710792e-21)
(0.00035268579 -0.00031031997 8.9984332e-21)
(0.00042933567 -0.00037533346 0)
(0.0005200847 -0.00045119492 0)
(0.00062715844 -0.0005391586 0)
(0.00075300232 -0.00064041268 1.3280096e-24)
(0.00090026104 -0.0007559887 0)
(0.0010717439 -0.00088665054 0)
(0.0012703753 -0.0010327684 -7.5972878e-24)
(0.0014991323 -0.0011941887 -1.4392821e-22)
(0.0017609702 -0.0013701176 1.8867623e-20)
(0.0020587417 -0.0015590391 -5.5129922e-20)
(0.0023951117 -0.0017586889 0)
(0.0027724676 -0.0019661004 9.0362791e-23)
(0.0031928204 -0.0021777228 -9.2847901e-24)
(0.0036576858 -0.0023895901 -5.0286743e-22)
(0.0041679285 -0.0025974999 2.0370672e-23)
(0.0047235523 -0.0027971439 3.1638001e-22)
(0.0053234256 -0.0029841358 5.6728193e-22)
(0.0059649422 -0.0031539058 5.6012885e-22)
(0.0066436379 -0.0033014707 0)
(0.0073528105 -0.0034211487 4.2420818e-22)
(0.0080832188 -0.0035063408 -4.1493337e-22)
(0.008822967 -0.003549659 0)
(0.009557105 -0.0035429195 2.4986642e-21)
(0.010271348 -0.0034787004 2.1559547e-21)
(0.01094539 -0.0033528308 -1.1167613e-21)
(0.01156677 -0.0031663545 -1.8187712e-21)
(3.4197592e-06 -3.7721428e-06 0)
(1.0929898e-05 -1.2042659e-05 -1.1818229e-27)
(1.9938404e-05 -2.1940261e-05 5.3983106e-24)
(3.0752962e-05 -3.3788646e-05 -6.4636574e-24)
(4.374145e-05 -4.7971668e-05 -7.7059453e-24)
(5.9343636e-05 -6.4941616e-05 9.2110532e-24)
(7.8083742e-05 -8.5228606e-05 0)
(0.00010058473 -0.00010944995 0)
(0.00012758441 -0.00013831874 -1.5521384e-23)
(0.00015995318 -0.00017265066 1.8459534e-23)
(0.00019871322 -0.00021336759 9.1180105e-26)
(0.00024505867 -0.00026149595 -2.1518389e-25)
(0.00030037611 -0.00031815727 0)
(0.00036626427 -0.00038454771 -3.5249913e-23)
(0.00044455166 -0.00046190322 4.1516405e-23)
(0.00053731034 -0.00055144634 0)
(0.0006468636 -0.00065431211 5.256005e-23)
(0.00077578541 -0.00077145149 -6.3015559e-23)
(0.00092688906 -0.00090351423 0)
(0.0011032027 -0.0010507178 -1.0390069e-23)
(0.00130793 -0.0012127146 1.677325e-22)
(0.001544394 -0.0013884763 -6.5243988e-24)
(0.0018159629 -0.0015762182 -1.9695444e-22)
(0.0021259558 -0.0017733854 -1.9492135e-22)
(0.0024775244 -0.0019767172 1.0279305e-23)
(0.0028735071 -0.0021823874 1.1233334e-23)
(0.0033162474 -0.002386197 5.7823235e-22)
(0.0038073706 -0.0025837746 -2.441844e-23)
(0.0043475138 -0.0027707236 -3.6246355e-22)
(0.0049360089 -0.0029426625 9.5625621e-24)
(0.0055705275 -0.0030951282 -9.238342e-22)
(0.0062467085 -0.0032233601 -5.682356e-22)
(0.006957809 -0.0033220374 -4.7824142e-22)
(0.0076944331 -0.0033851129 4.6787169e-22)
(0.0084444666 -0.0034059359 0)
(0.0091935479 -0.0033778832 1.5291541e-21)
(0.0099251479 -0.0032942567 0)
(0.010621286 -0.003152702 0)
(0.011267456 -0.0029557499 -6.5065591e-21)
(2.758795e-06 -3.7184587e-06 -2.9682943e-24)
(8.8205664e-06 -1.1870356e-05 1.1818229e-27)
(1.609713e-05 -2.1624421e-05 6.1722523e-24)
(2.4840295e-05 -3.3298563e-05 -7.3848127e-24)
(3.5351849e-05 -4.7269534e-05 -8.802107e-24)
(4.7994111e-05 -6.398084e-05 1.0542507e-23)
(6.3201113e-05 -8.3951733e-05 0)
(8.1491637e-05 -0.00010778609 1.4895571e-23)
(0.00010348435 -0.00013618038 -1.7740596e-23)
(0.00012991514 -0.00016992974 -8.6806562e-26)
(0.00016165672 -0.00020993061 -1.938811e-25)
(0.00019974051 -0.000257178 2.1518394e-25)
(0.00024538058 -0.00031275474 0)
(0.00029999935 -0.00037780951 0)
(0.00036525436 -0.00045352026 -4.6739535e-23)
(0.00044306476 -0.00054103938 5.4808174e-23)
(0.00053563623 -0.00064141791 -6.0041777e-23)
(0.00064548148 -0.00075550774 7.1683583e-23)
(0.00077543351 -0.00088384409 5.2507044e-24)
(0.00092864704 -0.0010265153 1.0390193e-23)
(0.0011085832 -0.0011830327 -1.2697343e-23)
(0.0013189709 -0.0013522204 2.7227918e-23)
(0.001563738 -0.001532147 0)
(0.0018469058 -0.0017201231 -5.9028305e-23)
(0.0021724386 -0.0019127771 0)
(0.0025440462 -0.0021062085 0)
(0.0029649367 -0.0022961926 -2.2838551e-22)
(0.003437523 -0.0024783904 -4.0253135e-22)
(0.0039630918 -0.0026485042 4.0535879e-22)
(0.0045414445 -0.0028023256 0)
(0.0051705288 -0.0029356508 -6.323328e-23)
(0.0058460791 -0.0030440851 0)
(0.0065612998 -0.0031228119 0)
(0.0073066418 -0.003166464 0)
(0.0080697786 -0.0031692805 -9.9233053e-22)
(0.0088359497 -0.0031256224 -2.3703168e-21)
(0.0095884145 -0.0030307162 2.9782904e-21)
(0.010309208 -0.002883167 0)
(0.010982613 -0.0026863874 4.4598889e-21)
(2.0992896e-06 -3.5006535e-06 -3.3056569e-24)
(6.7160796e-06 -1.1174347e-05 1.150925e-23)
(1.2265018e-05 -2.0355048e-05 -6.8876011e-24)
(1.894244e-05 -3.1341132e-05 0)
(2.6984522e-05 -4.4486053e-05 -9.8077132e-24)
(3.6676774e-05 -6.0205568e-05 1.1718619e-23)
(4.8363882e-05 -7.8986014e-05 0)
(6.2461533e-05 -0.0001013924 0)
(7.947068e-05 -0.00012807556 0)
(9.9994539e-05 -0.00015977731 2.3338452e-23)
(0.00012475872 -0.0001973324 -2.7794955e-23)
(0.00015463492 -0.000241665 2.6645154e-25)
(0.00019066856 -0.00029377753 0)
(0.00023411061 -0.00035472868 0)
(0.00028645359 -0.00042559733 0)
(0.00034947118 -0.00050742913 0)
(0.00042526027 -0.0006011632 0)
(0.00051628277 -0.00070753813 -7.7849512e-23)
(0.00062540325 -0.00082697983 8.4215098e-23)
(0.00075591604 -0.00095947823 0)
(0.00091155326 -0.0011044657 2.6594308e-23)
(0.0010964628 -0.0012607157 2.5434363e-24)
(0.0013151437 -0.001426284 0)
(0.0015723274 -0.0015985136 -5.3790643e-24)
(0.0018727943 -0.0017741164 6.4934852e-23)
(0.0022211235 -0.0019493282 -2.4005991e-22)
(0.0026213796 -0.0021201125 4.7603669e-22)
(0.0030767499 -0.0022823672 0)
(0.0035891536 -0.0024320787 -4.1276427e-22)
(0.0041588446 -0.0025653735 4.119973e-22)
(0.0047840298 -0.0026784475 2.9320705e-22)
(0.0054605242 -0.0027673942 -3.4435255e-22)
(0.0061814648 -0.0028280099 1.2313585e-21)
(0.0069371253 -0.002855698 0)
(0.0077149135 -0.0028456307 1.8564719e-21)
(0.0084996839 -0.0027932552 -1.7821647e-21)
(0.0092742941 -0.0026952028 -2.9890255e-21)
(0.010020482 -0.002551084 4.1720889e-21)
(0.010721539 -0.0023647289 1.0815213e-21)
(1.4782183e-06 -3.123217e-06 1.8013356e-24)
(4.7346954e-06 -9.9688793e-06 6.2644061e-24)
(8.6571379e-06 -1.8158258e-05 -7.5002247e-24)
(1.3390237e-05 -2.7956716e-05 0)
(1.9108485e-05 -3.9678795e-05 5.4003219e-27)
(2.6025405e-05 -5.3694174e-05 0)
(3.4402016e-05 -7.0434986e-05 0)
(4.4557556e-05 -9.0402862e-05 0)
(5.6882961e-05 -0.00011417503 0)
(7.1857624e-05 -0.00014240864 9.5503819e-26)
(9.00701e-05 -0.00017584196 1.1296759e-25)
(0.00011224362 -0.00021529071 -3.5673104e-23)
(0.0001392673 -0.00026163736 8.3533134e-23)
(0.00017223389 -0.00031581054 -4.8734899e-23)
(0.00021248464 -0.00037875183 0)
(0.0002616614 -0.00045136673 0)
(0.00032176494 -0.00053445796 -7.4568694e-23)
(0.00039521691 -0.00062864032 8.3634281e-23)
(0.00048492045 -0.00073423957 0)
(0.00059431121 -0.000851182 9.0904283e-23)
(0.00072738698 -0.00097888654 -1.3161174e-22)
(0.00088870056 -0.0011161763 2.1686152e-24)
(0.0010832984 -0.0012612297 1.2736618e-22)
(0.0013165879 -0.0014115904 -7.2993637e-23)
(0.0015941222 -0.001564247 -6.4946425e-23)
(0.0019212992 -0.0017157791 0)
(0.0023029857 -0.0018625463 0)
(0.0027430899 -0.0020008798 -2.5224843e-22)
(0.0032441154 -0.0021272245 4.437557e-22)
(0.0038067287 -0.0022381904 -4.4302334e-22)
(0.0044293673 -0.002330495 3.513793e-22)
(0.0051079072 -0.00240082 0)
(0.005835405 -0.0024456522 -1.2336274e-21)
(0.0066019424 -0.0024612173 9.9614597e-20)
(0.007394641 -0.0024436376 2.1396396e-19)
(0.0081979574 -0.0023894068 2.7076154e-21)
(0.0089942862 -0.0022962321 0)
(0.0097648717 -0.0021644426 -2.8558423e-21)
(0.010492136 -0.0019978966 -1.2583374e-21)
(9.3123503e-07 -2.5998046e-06 -2.4078398e-28)
(2.9898206e-06 -8.2977861e-06 -8.3780769e-28)
(5.4800515e-06 -1.511379e-05 -1.8925036e-27)
(8.5013335e-06 -2.3268141e-05 0)
(1.2173967e-05 -3.3022154e-05 -5.7109577e-24)
(1.66483e-05 -4.4682746e-05 6.8167081e-24)
(2.2111974e-05 -5.8608486e-05 -8.0976889e-24)
(2.879969e-05 -7.5215346e-05 9.6807639e-24)
(3.7006049e-05 -9.4981619e-05 2.2967614e-26)
(4.7102126e-05 -0.00011845128 0)
(5.9556745e-05 -0.00014623472 1.6036714e-23)
(7.4963666e-05 -0.00017900531 -1.5499908e-25)
(9.4076015e-05 -0.00021749001 -2.2395813e-23)
(0.00011784934 -0.00026245168 2.5517703e-23)
(0.00014749444 -0.0003146607 -6.0621571e-23)
(0.00018454048 -0.0003748534 3.5299678e-23)
(0.00023090783 -0.00044367567 0)
(0.00028898779 -0.00052161132 5.6701219e-24)
(0.0003617234 -0.00060889722 1.0082669e-22)
(0.00045268148 -0.00070543122 -2.0518467e-22)
(0.00056610098 -0.00081068261 1.2531097e-22)
(0.00070689859 -0.00092361977 9.7293172e-23)
(0.00088060932 -0.0010426719 -1.7692058e-22)
(0.0010932415 -0.0011657405 1.3885569e-22)
(0.001351032 -0.0012902705 -7.4327226e-23)
(0.0016601002 -0.0014133762 0)
(0.0020260166 -0.0015320041 2.6499047e-22)
(0.002453319 -0.0016430958 2.3381661e-22)
(0.0029450177 -0.0017437103 -4.8801062e-22)
(0.0035021327 -0.0018310698 8.9684616e-22)
(0.0041232941 -0.0019025152 -4.4888473e-22)
(0.0048044201 -0.0019553934 7.3919441e-22)
(0.0055384818 -0.0019869343 2.9508491e-22)
(0.0063153719 -0.0019942077 -1.9778682e-19)
(0.0071219313 -0.0019742655 -1.1870041e-19)
(0.0079422337 -0.0019245481 7.8239442e-23)
(0.0087582108 -0.0018435851 -8.3179867e-22)
(0.0095505529 -0.0017320737 8.1017631e-22)
(0.010300925 -0.0015935051 -1.4704892e-21)
(4.9003638e-07 -1.9524469e-06 4.418986e-23)
(1.5824658e-06 -6.2313942e-06 -8.5202992e-23)
(2.9175552e-06 -1.1349738e-05 0)
(4.5582832e-06 -1.7472629e-05 -5.0167708e-24)
(6.581291e-06 -2.4796047e-05 1.1988512e-23)
(9.0860748e-06 -3.3550054e-05 -7.1500033e-24)
(1.2201251e-05 -4.4003321e-05 -8.1244514e-27)
(1.6093589e-05 -5.646737e-05 0)
(2.0980357e-05 -7.1300176e-05 -2.2967616e-26)
(2.7145785e-05 -8.8908587e-05 2.8322913e-26)
(3.4962781e-05 -0.00010974872 0)
(4.4921499e-05 -0.00013432322 -1.9738634e-23)
(5.7666455e-05 -0.00016317386 2.3488859e-23)
(7.4043911e-05 -0.00019686805 0)
(9.5161167e-05 -0.00023597705 0)
(0.00012245868 -0.00028104442 0)
(0.00015779457 -0.00033254315 0)
(0.00020353873 -0.00039082143 -2.9128268e-24)
(0.00026266997 -0.00045603861 3.3934578e-24)
(0.00033886481 -0.0005280959 -6.550716e-23)
(0.00043656091 -0.00060656929 2.2655701e-24)
(0.00056097261 -0.00069065594 8.7841784e-23)
(0.00071803289 -0.00077914666 3.5359147e-23)
(0.00091423783 -0.00087043658 1.4511611e-22)
(0.0011563776 -0.00096258066 -3.3516011e-22)
(0.001451154 -0.0010533914 1.5249132e-22)
(0.0018047037 -0.0011405633 7.231119e-23)
(0.002222069 -0.0012217977 0)
(0.0027066638 -0.0012948968 0)
(0.0032597877 -0.0013577991 -2.2935445e-22)
(0.0038802188 -0.0014085486 4.1954981e-22)
(0.0045639014 -0.0014452135 -3.8083485e-22)
(0.0053037279 -0.0014657992 3.3732894e-22)
(0.006089425 -0.0014682218 2.1491391e-21)
(0.0069075884 -0.0014504221 -5.5989269e-22)
(0.0077419608 -0.0014106742 -1.9827477e-21)
(0.0085740657 -0.001348109 8.6427727e-22)
(0.0093840852 -0.0012634754 -2.4595265e-21)
(0.01015307 -0.0011595433 2.8138881e-21)
(1.8093321e-07 -1.2133832e-06 2.843225e-23)
(5.9652308e-07 -3.8724532e-06 -4.1289799e-23)
(1.1223759e-06 -7.0528163e-06 2.1667046e-24)
(1.7959868e-06 -1.0856548e-05 -2.5923766e-24)
(2.6634007e-06 -1.5404675e-05 3.0891451e-24)
(3.7884795e-06 -2.0838946e-05 -3.6979914e-24)
(5.2584678e-06 -2.7324564e-05 -4.3924418e-24)
(7.1925257e-06 -3.5052921e-05 5.2407178e-24)
(9.7538157e-06 -4.4244624e-05 1.2231459e-26)
(1.316589e-05 -5.5152812e-05 -2.8322918e-26)
(1.7734707e-05 -6.8061615e-05 0)
(2.3878098e-05 -8.3281867e-05 -7.8961636e-26)
(3.2164759e-05 -0.00010114797 -1.2090445e-23)
(4.3364828e-05 -0.0001220097 1.6677505e-25)
(5.8513706e-05 -0.00014621861 1.6501901e-23)
(7.8990506e-05 -0.00017410818 5.9583574e-25)
(0.00010661084 -0.00020596703 -4.5027908e-20)
(0.00014373103 -0.0002420051 4.9969488e-20)
(0.00019335669 -0.00028231375 -2.8130097e-23)
(0.00025924334 -0.00032682271 1.2198332e-22)
(0.00034597031 -0.00037525863 -7.1765698e-23)
(0.00045896306 -0.00042711208 5.2130929e-23)
(0.00060443597 -0.00048162112 5.9682011e-24)
(0.00078922903 -0.00053777867 -7.8617606e-23)
(0.0010205218 -0.00059436796 1.7641703e-23)
(0.0013054245 -0.0006500242 6.9003703e-23)
(0.0016504705 -0.00070331285 -2.2453999e-22)
(0.0020610539 -0.00075280798 0)
(0.0025408697 -0.00079715105 6.5595528e-23)
(0.0030914101 -0.0008350739 -2.3221194e-22)
(0.0037115537 -0.0008653804 -9.2362312e-23)
(0.0043972588 -0.00088689756 8.4948494e-24)
(0.0051413572 -0.00089842336 0)
(0.0059334526 -0.00089871371 -9.5135916e-22)
(0.0067599586 -0.00088655463 -1.1465557e-21)
(0.0076043743 -0.00086095542 2.485989e-22)
(0.0084479187 -0.00082147062 0)
(0.0092703906 -0.0007686539 2.4579876e-21)
(0.010052408 -0.00070427982 0)
(1.9928771e-08 -4.1362455e-07 -5.2933781e-25)
(8.733414e-08 -1.319299e-06 1.8430927e-24)
(1.9542152e-07 -2.4008013e-06 -1.1034771e-24)
(3.6989298e-07 -3.6915295e-06 1.3167367e-24)
(6.4096913e-07 -5.2315303e-06 -1.5747713e-24)
(1.0543789e-06 -7.0677705e-06 1.8738567e-24)
(1.6765029e-06 -9.2556947e-06 -3.8447454e-27)
(2.6037749e-06 -1.1861356e-05 -2.6650442e-24)
(3.9681964e-06 -1.4965257e-05 -1.2231461e-26)
(5.9584125e-06 -1.8658899e-05 0)
(8.8541232e-06 -2.3034689e-05 0)
(1.3036223e-05 -2.8192889e-05 0)
(1.9028694e-05 -3.4246645e-05 6.1855873e-24)
(2.7564228e-05 -4.1313868e-05 -7.1987213e-24)
(3.9642075e-05 -4.9513014e-05 -8.2612282e-24)
(5.6609995e-05 -5.8956319e-05 1.8619337e-23)
(8.0261965e-05 -6.9740666e-05 -4.4423223e-20)
(0.00011294772 -8.1936106e-05 5.3641135e-20)
(0.00015768723 -9.5572346e-05 -1.5916296e-23)
(0.00021827733 -0.00011062414 0)
(0.000299371 -0.00012699724 2.0730244e-23)
(0.00040650316 -0.00014451727 -7.3045902e-25)
(0.00054603381 -0.00016292416 -2.8724249e-23)
(0.0007249807 -0.00018187481 0)
(0.00095072424 -0.00020095523 -1.0862009e-19)
(0.0012305854 -0.00021970167 1.1368028e-19)
(0.0015713017 -0.00023762732 3.8604532e-23)
(0.001978448 -0.00025424902 -1.2556024e-37)
(0.0024558633 -0.00026910738 -6.566997e-23)
(0.0030051383 -0.00028177464 0)
(0.0036252021 -0.00029184866 2.1858014e-22)
(0.0043120192 -0.00029893644 -2.512044e-24)
(0.0050583888 -0.00030263678 1.8416004e-22)
(0.0058538486 -0.00030253633 -8.6496388e-23)
(0.0066847156 -0.00029823437 7.2852078e-22)
(0.0075343592 -0.00028940845 -7.9070352e-22)
(0.0083838357 -0.00027592317 -1.0213966e-22)
(0.0092127389 -0.00025798075 -8.1551268e-22)
(0.010001463 -0.00023619067 1.9805043e-22)
(0.0051145404 6.0199954e-05 9.2340239e-24)
(0.0054995187 5.7297675e-05 -9.2927374e-24)
(0.0058680903 5.1708994e-05 0)
(0.0061892843 4.7707619e-05 3.2383865e-23)
(0.0064925018 4.382816e-05 9.487586e-24)
(0.0067672718 4.039541e-05 0)
(0.0070233385 3.727499e-05 0)
(0.0072601573 3.440302e-05 2.9593382e-23)
(0.0074809274 3.1732102e-05 -1.8752569e-23)
(0.0076864368 2.9214913e-05 0)
(0.0078786926 2.6800131e-05 0)
(0.0080567742 2.4461082e-05 1.111966e-23)
(0.0082248565 2.2190241e-05 0)
(0.0083758468 1.9738284e-05 0)
(0.0085216889 1.8043376e-05 0)
(0.0051565135 0.00018134424 0)
(0.005537592 0.0001727945 0)
(0.0059045941 0.00015587505 -2.4681776e-23)
(0.0062242807 0.0001437593 1.3933337e-24)
(0.0065266097 0.00013202633 -1.9303209e-23)
(0.0068008494 0.0001216192 0)
(0.0070565963 0.00011217237 0)
(0.0072932803 0.00010347406 -2.5082499e-23)
(0.0075139969 9.5394242e-05 1.4113565e-23)
(0.0077194891 8.7783257e-05 1.6496366e-25)
(0.0079117151 8.0495809e-05 3.6688361e-24)
(0.0080896822 7.3435648e-05 -1.5026972e-23)
(0.0082576066 6.6604935e-05 3.6758425e-23)
(0.0084081078 5.9220655e-05 -4.2165322e-23)
(0.0085537699 5.4126634e-05 -3.1821115e-24)
(0.0052446453 0.00030221808 0)
(0.0056193289 0.00028850937 0)
(0.0059841407 0.00026026317 -2.2606968e-22)
(0.0063012584 0.00024013771 3.9407012e-23)
(0.0066020262 0.00022052325 -3.9326325e-23)
(0.006875127 0.00020312517 -1.0449788e-22)
(0.0071300123 0.00018729639 -9.2245506e-23)
(0.0073660512 0.00017271669 5.8998397e-24)
(0.0075861857 0.00015916478 5.1844907e-24)
(0.0077910873 0.00014639737 -1.2281654e-23)
(0.0079826327 0.00013417893 -3.5691005e-20)
(0.0081597158 0.00012233952 -9.5003573e-20)
(0.0083266361 0.00011090461 -4.9465869e-19)
(0.008475467 9.8541455e-05 6.05468e-19)
(0.0086201212 9.0002749e-05 -1.2077176e-22)
(0.0053815044 0.00041978769 0)
(0.0057472527 0.00040168869 -3.2244149e-22)
(0.0061092204 0.00036233176 6.3512723e-23)
(0.006422652 0.00033444437 0)
(0.0067211176 0.00030707729 2.4974018e-22)
(0.0069924007 0.00028279661 1.607706e-22)
(0.0072458102 0.00026065551 7.0860332e-23)
(0.007480617 0.00024025561 -1.1701806e-22)
(0.0076995617 0.00022128303 -5.5443166e-23)
(0.0079032151 0.00020341016 1.7233324e-23)
(0.0080933421 0.00018631783 3.3525593e-20)
(0.0082686773 0.00016976108 9.9452627e-20)
(0.0084336533 0.00015379594 -1.4281948e-19)
(0.0085795236 0.00013655044 -1.6029964e-19)
(0.0087222434 0.00012461659 1.2284047e-22)
(0.0055690532 0.00053057484 7.9435071e-23)
(0.0059233329 0.00050920242 1.8600628e-22)
(0.0062817711 0.00045920067 2.3378239e-22)
(0.0065903601 0.00042399256 -4.0180041e-23)
(0.0068857083 0.00038919422 4.5245305e-24)
(0.0071544257 0.00035829824 2.4211718e-22)
(0.0074056723 0.00033006701 -1.5236017e-22)
(0.0076385844 0.00030404778 1.0265827e-22)
(0.0078556557 0.00027983997 5.6365889e-23)
(0.008057325 0.00025704299 -1.3420654e-23)
(0.0082452178 0.0002352621 4.50791e-24)
(0.0084178627 0.00021418253 -5.4629674e-23)
(0.0085798767 0.00019388596 7.0776115e-19)
(0.0087214199 0.00017200875 -5.1281531e-19)
(0.0088612024 0.00015681903 0)
(0.0058084917 0.00063074638 0)
(0.0061488211 0.00060763825 -5.1457771e-22)
(0.0065030291 0.00054771939 1.0356134e-22)
(0.0068055947 0.00050585598 -4.5433733e-22)
(0.0070969325 0.00046416205 -2.8650413e-22)
(0.0073622714 0.00042710336 -4.8004656e-24)
(0.0076105982 0.00039317718 4.3559527e-24)
(0.0078408829 0.00036189804 0)
(0.0080553282 0.00033279059 8.3833812e-24)
(0.0082542103 0.00030539532 3.9984757e-24)
(0.0084389901 0.00027925142 1.3326153e-24)
(0.0086079448 0.00025398605 0)
(0.0087659256 0.00022969072 -6.6566193e-24)
(0.0089017401 0.00020359068 1.8715191e-23)
(0.0090375355 0.00018538214 2.6113683e-22)
(0.006100093 0.00071617432 -7.6481149e-22)
(0.0064240722 0.00069337279 6.4532564e-22)
(0.0067733829 0.00062453837 3.4070142e-22)
(0.0070687265 0.00057692022 8.2724726e-24)
(0.0073550813 0.00052910243 0)
(0.0076161713 0.00048654167 -2.9572898e-19)
(0.0078607594 0.00044750709 -1.9340484e-19)
(0.0080876236 0.00041150238 3.0874274e-23)
(0.0082986337 0.00037799494 7.6206965e-20)
(0.0084938739 0.00034648367 -1.887293e-19)
(0.0086746191 0.00031645278 -1.0663216e-23)
(0.0088388545 0.00028748893 -7.8259602e-24)
(0.0089917087 0.00025966918 -1.5499115e-22)
(0.0091204051 0.00022991525 2.0959066e-22)
(0.0092511546 0.00020903011 -2.7173801e-22)
(0.0064430284 0.00078249227 9.3564469e-22)
(0.0067483393 0.00076265243 -4.0536955e-23)
(0.0070922464 0.00068622337 -4.8825092e-22)
(0.0073791343 0.00063396699 2.4967655e-22)
(0.0076594529 0.0005810537 -4.8416931e-22)
(0.0079153784 0.00053388072 2.5949965e-19)
(0.0081553602 0.0004905315 2.3498399e-19)
(0.0083779649 0.00045052341 0)
(0.0085846912 0.00041329004 2.5762402e-19)
(0.008775405 0.00037830948 -1.3885208e-19)
(0.008951177 0.00034502406 7.2016925e-23)
(0.0091096684 0.00031300245 0)
(0.0092563186 0.00028227706 -1.2577673e-23)
(0.0093765746 0.00024959478 -4.1635676e-22)
(0.0095012543 0.00022648209 0)
(0.0068352834 0.00082534829 1.8509552e-22)
(0.0071195773 0.00081163725 3.5307039e-22)
(0.0074579714 0.00072941021 1.7373053e-23)
(0.0077350738 0.00067379002 -5.6632496e-22)
(0.0080082195 0.00061708436 5.5001098e-22)
(0.0082580379 0.00056643689 -4.0589796e-22)
(0.0084925172 0.00051978523 5.7236675e-23)
(0.0087099976 0.00047669127 1.0848967e-22)
(0.0089115742 0.00043658489 -1.0183394e-23)
(0.0090968731 0.00039894799 1.3907512e-23)
(0.0092667479 0.00036319638 -2.2810161e-22)
(0.0094185132 0.00032890724 0)
(0.0095579411 0.00029603478 4.2215441e-22)
(0.0096685606 0.00026129516 1.9318085e-22)
(0.0097862303 0.00023650524 0)
(0.0072774852 0.00083937931 7.854908e-22)
(0.0075407681 0.00083556964 -4.7441141e-22)
(0.0078678785 0.00075060921 0)
(0.0081335549 0.00069327899 6.7130225e-22)
(0.0083983235 0.00063442758 0)
(0.0086410895 0.0005817071 4.5215171e-22)
(0.0088691685 0.00053298807 -2.7270157e-23)
(0.0090806601 0.000487921 -2.1904961e-22)
(0.0092762314 0.00044597021 -1.1763998e-22)
(0.0094552535 0.00040665027 -3.6416342e-23)
(0.0096183559 0.00036936823 1.4780161e-22)
(0.0097624968 0.00033373929 -2.9710664e-22)
(0.0098937896 0.00029960502 -4.2598056e-22)
(0.0099937634 0.00026380484 2.6674066e-23)
(0.010103617 0.00023797611 6.3200854e-22)
(0.0077622784 0.00082339707 -2.3369381e-21)
(0.0080054276 0.00082959223 3.7264921e-22)
(0.0083157415 0.00074496993 -2.1731052e-22)
(0.0085700948 0.00068957707 -7.584872e-22)
(0.0088254083 0.0006306539 -2.3437963e-22)
(0.0090602156 0.00057751875 -1.3098685e-22)
(0.0092810304 0.00052818314 2.3418093e-22)
(0.0094857 0.00048244128 0)
(0.009674451 0.00043983808 1.1806698e-22)
(0.0098463936 0.00039995389 4.1132413e-23)
(0.010001934 0.00036220724 0)
(0.010137678 0.00032628296 -2.2743835e-23)
(0.010260074 0.00029187663 -4.4029191e-22)
(0.010348638 0.00025610978 -4.8323282e-22)
(0.01045005 0.00022994788 -1.2945505e-21)
(0.0082767581 0.00077453789 3.2311119e-22)
(0.0084984024 0.0007939873 -3.0189244e-22)
(0.0087973875 0.00071140203 -6.2780217e-22)
(0.0090388325 0.00066053281 4.3727336e-22)
(0.0092838123 0.00060383297 -7.1737109e-23)
(0.0095098534 0.00055218558 -5.0038567e-22)
(0.0097226125 0.00050388058 -6.8346539e-22)
(0.009919693 0.00045892674 -6.3654758e-23)
(0.010100882 0.00041700398 1.98801e-23)
(0.010265036 0.00037779544 0)
(0.010412345 0.00034075359 -2.3861628e-22)
(0.010539085 0.00030566535 3.2185498e-22)
(0.010652017 0.00027204995 -5.2735172e-23)
(0.010728704 0.00023747024 -6.2799841e-24)
(0.010821272 0.00021171995 6.7949239e-22)
(0.0088185759 0.00068870309 3.4563353e-23)
(0.0090156082 0.00072815874 -1.9092694e-22)
(0.0093038903 0.00064877863 1.1679214e-21)
(0.009532519 0.0006047827 -3.6929981e-21)
(0.0097666239 0.00055275515 5.3718081e-19)
(0.0099832763 0.0005046674 1.6888232e-19)
(0.010187308 0.00045919516 -1.5988062e-19)
(0.010376134 0.00041662281 -5.9285551e-20)
(0.010549125 0.00037682113 0)
(0.010704905 0.0003396155 -2.3227756e-23)
(0.010843467 0.00030451605 2.6136342e-22)
(0.010960794 0.00027144425 0)
(0.011063919 0.00023971682 3.1365662e-19)
(0.011128599 0.00020749331 3.4139742e-19)
(0.01121217 0.00018290489 -7.1174921e-22)
(0.0093784573 0.00056387882 1.2284842e-21)
(0.0095522069 0.00062720909 9.1223879e-22)
(0.0098274076 0.00055654977 7.093127e-22)
(0.010043176 0.00052186612 -2.2642463e-19)
(0.010265961 0.00047703896 -2.1873897e-19)
(0.010472779 0.00043469369 -2.5372639e-19)
(0.010667564 0.00039396103 1.2941945e-19)
(0.010847603 0.00035544962 8.8944159e-20)
(0.011011897 0.00031927502 -3.509351e-23)
(0.011158869 0.00028544474 0)
(0.011288345 0.00025355097 0)
(0.011396069 0.00022368058 0)
(0.011489295 0.00019492695 -2.9283419e-19)
(0.011542195 0.00016619422 -3.6060125e-19)
(0.011616879 0.00014348661 -7.6271935e-22)
(0.0099458467 0.00040030145 8.0630591e-19)
(0.010098228 0.00049141481 1.3259954e-19)
(0.010358934 0.00043451439 -7.178299e-22)
(0.010561988 0.00041212228 -6.3975855e-22)
(0.010773192 0.00037719017 0)
(0.010969929 0.00034284407 -4.4914891e-22)
(0.011155132 0.00030880868 -2.0101981e-22)
(0.011326015 0.00027607111 -4.227299e-23)
(0.01148127 0.00024504513 2.8717144e-23)
(0.011619172 0.00021595982 0)
(0.011739414 0.00018851316 0)
(0.011837578 0.00016298552 8.7019728e-22)
(0.011921065 0.00013823223 -1.0858707e-21)
(0.011962768 0.0001140388 -1.0908786e-21)
(0.012028932 9.3862983e-05 1.4347422e-21)
(0.010509278 0.00019942731 -4.9196528e-19)
(0.010642915 0.00032161436 -4.3659496e-19)
(0.010888623 0.00028379362 -1.1546302e-21)
(0.011079568 0.00027687717 6.9754787e-22)
(0.011279235 0.00025464809 -4.9084412e-22)
(0.011465892 0.00023058189 5.2434888e-22)
(0.011641389 0.00020519265 3.5091767e-22)
(0.011802931 0.00017991725 -7.0193206e-24)
(0.011948981 0.00015552291 4.966731e-23)
(0.01207773 0.0001324983 -4.2158122e-23)
(0.012188789 0.0001106694 -2.2504139e-19)
(0.01227766 9.0533673e-05 -2.6397186e-19)
(0.012351807 7.0700842e-05 1.0092916e-21)
(0.01238323 5.1959696e-05 1.1979774e-21)
(0.012441461 3.4865804e-05 -1.5722515e-21)
(0.011056769 -3.5725939e-05 -1.0525548e-21)
(0.011175234 0.00011998905 -3.32827e-22)
(0.011406303 0.00010678175 1.3729229e-21)
(0.011586353 0.00011850771 -1.5665014e-21)
(0.011774939 0.000111786 6.8420159e-22)
(0.011951806 0.00010023114 1.7682505e-22)
(0.012117712 8.5361122e-05 -1.7970489e-22)
(0.012269927 6.9150864e-05 2.1074266e-23)
(0.012406786 5.2777802e-05 -2.0832979e-23)
(0.012526482 3.7025525e-05 -8.4498637e-23)
(0.012628593 2.1867462e-05 1.8611868e-19)
(0.012708644 8.0356366e-06 2.9739266e-19)
(0.012774057 -6.1050373e-06 0)
(0.012796399 -1.8659383e-05 -4.3814122e-23)
(0.012847458 -3.2248506e-05 3.2248622e-21)
(0.011576265 -0.00030048058 1.8336294e-22)
(0.011684308 -0.00010992578 -8.5324472e-23)
(0.011902004 -9.2977479e-05 -2.9129462e-22)
(0.012073057 -5.9618806e-05 1.2712975e-21)
(0.012251502 -4.8167851e-05 4.5658984e-23)
(0.012419198 -4.511601e-05 -3.9103641e-22)
(0.01257588 -4.7739277e-05 0)
(0.012718984 -5.3425885e-05 -3.577335e-23)
(0.012846848 -6.0532405e-05 3.5389737e-23)
(0.012957759 -6.7949999e-05 -9.5054567e-23)
(0.013051324 -7.5542203e-05 2.1251825e-22)
(0.013123197 -8.2332895e-05 -4.6589136e-23)
(0.013180639 -9.0190794e-05 -1.2438262e-21)
(0.013195308 -9.6034606e-05 -7.6435484e-23)
(0.013240054 -0.00010583894 -1.6067771e-21)
(0.012056091 -0.00058855877 1.8538277e-21)
(0.01215985 -0.00036337549 -1.5437325e-22)
(0.012366433 -0.00031102548 6.463688e-22)
(0.012531104 -0.00025332599 -5.3715492e-22)
(0.012700896 -0.00022130443 0)
(0.012860381 -0.00020176918 1.9091287e-22)
(0.013008462 -0.00019062606 0)
(0.013142871 -0.00018452489 0)
(0.013262102 -0.00018130538 0)
(0.01336465 -0.00017951059 0)
(0.013450207 -0.00017883014 0)
(0.013514667 -0.00017804373 -3.8138476e-19)
(0.013564993 -0.00017922904 -4.2114407e-19)
(0.013573518 -0.00017806728 1.2819885e-21)
(0.013612824 -0.00018394999 1.7354686e-21)
(0.012485561 -0.00089205393 -1.7299724e-21)
(0.012592692 -0.00063444067 0)
(0.01279144 -0.00054222089 -5.1769202e-22)
(0.012953045 -0.00045784361 -1.1264079e-22)
(0.013116242 -0.00040324137 -3.2303529e-23)
(0.013268823 -0.00036564248 4.0387982e-23)
(0.013409169 -0.00033947637 3.6507454e-23)
(0.013535482 -0.00032055891 -3.6240163e-23)
(0.013646591 -0.00030617157 0)
(0.013741325 -0.00029449673 8.9848449e-22)
(0.013819512 -0.00028504451 1.0694793e-21)
(0.013877391 -0.00027636107 3.2460387e-19)
(0.013921483 -0.00027069022 4.6785003e-19)
(0.013925413 -0.0002624591 1.6238448e-21)
(0.013960081 -0.0002644133 -1.7687803e-21)
(0.012855912 -0.0012009472 -8.4726025e-23)
(0.012975806 -0.00091545716 5.134706e-23)
(0.013170789 -0.00078051685 3.5065193e-23)
(0.013333126 -0.00066774009 0)
(0.01349227 -0.00058914703 0)
(0.01363952 -0.00053234227 -3.339396e-23)
(0.013773178 -0.00049025234 2.5301598e-23)
(0.013892133 -0.00045778758 7.0934782e-22)
(0.013995747 -0.00043165052 -8.1127492e-23)
(0.014083304 -0.00040966741 -7.5384881e-22)
(0.014154816 -0.00039117059 -1.1766608e-21)
(0.014206954 -0.0003744962 -1.6309772e-22)
(0.014245644 -0.00036198689 1.6158175e-22)
(0.014246455 -0.000346846 -5.5878063e-21)
(0.014277133 -0.00034496877 3.4884357e-21)
(0.013159796 -0.0015041136 -4.8797176e-23)
(0.013304973 -0.0011971095 6.4748053e-23)
(0.013500955 -0.0010190838 1.7623071e-23)
(0.013667846 -0.00087712217 -2.6202321e-23)
(0.013825708 -0.00077395585 1.8204961e-22)
(0.013969298 -0.00069738933 -4.6802579e-23)
(0.01409738 -0.0006389161 -2.600476e-23)
(0.014209772 -0.00059252042 -5.3952945e-22)
(0.014306574 -0.00055434209 -2.3256109e-19)
(0.014387636 -0.00052188033 -2.2076441e-19)
(0.014453173 -0.00049430064 0)
(0.014500357 -0.00046976463 1.700048e-22)
(0.014534365 -0.00045061721 2.7547728e-21)
(0.01453337 -0.000428931 2.9216296e-21)
(0.014560479 -0.00042338306 -3.5449273e-21)
(0.013384299 -0.0017981369 3.5210773e-22)
(0.01357291 -0.0014759074 -3.7072122e-22)
(0.013777577 -0.0012559411 -4.3548818e-22)
(0.0139537 -0.0010836971 -4.5634788e-22)
(0.014113808 -0.00095518061 -1.5257211e-22)
(0.014255882 -0.00085815843 0)
(0.014379795 -0.00078277779 0)
(0.014486632 -0.0007220701 0)
(0.014577461 -0.00067161246 1.5748758e-19)
(0.014652806 -0.00062858989 2.8405014e-19)
(0.014713092 -0.00059199687 1.62577e-22)
(0.014756037 -0.00055984665 -1.6170731e-22)
(0.014785936 -0.0005343622 -2.6851016e-21)
(0.014784248 -0.0005066179 -1.8478811e-22)
(0.014807921 -0.00049761048 0)
(0.013503941 -0.0020999254 -3.3473974e-22)
(0.013753715 -0.0017675002 4.1185031e-22)
(0.013983527 -0.0015043091 4.7548305e-22)
(0.01417954 -0.0012959275 5.5139738e-22)
(0.014349633 -0.0011375339 1.7459016e-19)
(0.014495021 -0.0010168398 1.1753018e-19)
(0.014617802 -0.00092245384 1.0549648e-22)
(0.0147211 -0.00084610536 2.1453836e-21)
(0.014807437 -0.00078255964 -2.3664449e-21)
(0.01487824 -0.00072855177 0)
(0.014934196 -0.0006828112 -2.7412784e-21)
(0.014973642 -0.00064319127 1.8090886e-22)
(0.014999911 -0.00061161586 -1.7814254e-22)
(0.014998523 -0.00057825818 0)
(0.015018503 -0.0005661681 3.4159677e-21)
(0.0086534317 1.4222373e-05 0)
(0.0087693952 1.2092877e-05 0)
(0.0088867475 9.5386957e-06 0)
(0.0089821224 7.0504218e-06 0)
(0.0090625293 4.7957379e-06 0)
(0.009118088 2.5937633e-06 0)
(0.0091436008 5.9173735e-07 0)
(0.0091363529 -1.3544076e-06 0)
(0.0090797892 -3.0453236e-06 0)
(0.0089848287 -4.8293216e-06 0)
(0.0088049734 -6.0323485e-06 0)
(0.0086066856 -7.8489937e-06 0)
(0.0082314519 -7.9390087e-06 0)
(0.0079806165 -1.0098524e-05 0)
(0.0072678625 -7.4715155e-06 0)
(0.0086835892 4.2712875e-05 0)
(0.0087965332 3.6334131e-05 0)
(0.0089116306 2.8643817e-05 0)
(0.0090049753 2.1151969e-05 0)
(0.0090836681 1.4348232e-05 0)
(0.0091378408 7.7017241e-06 0)
(0.0091622665 1.6486471e-06 0)
(0.0091542211 -4.2347318e-06 0)
(0.0090971536 -9.3556793e-06 0)
(0.0090019266 -1.4729118e-05 0)
(0.0088221121 -1.8371915e-05 0)
(0.0086239504 -2.3816257e-05 0)
(0.0082493282 -2.4061247e-05 0)
(0.0079985636 -3.0562117e-05 0)
(0.0072866678 -2.2507232e-05 0)
(0.0087456734 7.1070337e-05 0)
(0.008852348 6.0491981e-05 0)
(0.008962745 4.7700424e-05 0)
(0.0090518478 3.5215886e-05 0)
(0.009126948 2.3844191e-05 0)
(0.0091782011 1.2724154e-05 0)
(0.0092003213 2.5736157e-06 0)
(0.0091905662 -7.3027518e-06 0)
(0.0091323937 -1.5915053e-05 0)
(0.0090365513 -2.4947371e-05 0)
(0.0088567521 -3.1086688e-05 0)
(0.0086587909 -4.023743e-05 0)
(0.0082853577 -4.0660706e-05 0)
(0.008034727 -5.1613686e-05 0)
(0.0073245195 -3.7935665e-05 0)
(0.0088410626 9.8512705e-05 0)
(0.0089380676 8.3913844e-05 0)
(0.0090411685 6.6220309e-05 0)
(0.0091236687 4.8869288e-05 0)
(0.009193153 3.3006566e-05 0)
(0.0092398165 1.746119e-05 0)
(0.0092582865 3.2262818e-06 0)
(0.0092457944 -1.0649364e-05 0)
(0.0091858135 -2.2779815e-05 0)
(0.0090889175 -3.5509402e-05 0)
(0.0089090324 -4.4189355e-05 0)
(0.008711287 -5.7104895e-05 0)
(0.0083395687 -5.7733103e-05 0)
(0.0080891324 -7.3244387e-05 0)
(0.0073814186 -5.3849866e-05 0)
(0.008970766 0.00012416467 0)
(0.009054647 0.0001058591 0)
(0.0091477615 8.3641774e-05 0)
(0.009221198 6.1679642e-05 0)
(0.0092829324 4.1511702e-05 0)
(0.009323225 2.1677453e-05 0)
(0.0093365913 3.440303e-06 0)
(0.0093202312 -1.4385582e-05 0)
(0.0092576447 -3.0019898e-05 0)
(0.009159172 -4.6452086e-05 0)
(0.0089790267 -5.7697378e-05 0)
(0.0087814558 -7.4416072e-05 0)
(0.0084119216 -7.5274844e-05 0)
(0.0081617421 -9.5450273e-05 0)
(0.0074573259 -7.0211741e-05 0)
(0.0091353417 0.00014706999 0)
(0.0092027007 0.00012551673 0)
(0.009283113 9.9337883e-05 0)
(0.0093449853 7.3161004e-05 0)
(0.009396769 4.8992064e-05 0)
(0.0094288312 2.5103091e-05 0)
(0.0094355553 3.0228557e-06 0)
(0.0094141097 -1.8642236e-05 0)
(0.0093480373 -3.7719348e-05 0)
(0.0092473878 -5.7822178e-05 0)
(0.0090667387 -7.1634e-05 0)
(0.0088692481 -9.2171298e-05 0)
(0.0085023068 -9.3284031e-05 0)
(0.0082524546 -0.00011822559 0)
(0.0075521572 -8.7003652e-05 0)
(0.0093348132 0.00016621565 0)
(0.0093824321 0.00014202437 0)
(0.0094474837 0.00011262833 0)
(0.0094953244 8.2781392e-05 0)
(0.0095349447 5.5040453e-05 0)
(0.0095568799 2.7435736e-05 0)
(0.0095553692 1.7553443e-06 0)
(0.0095275563 -2.3569621e-05 0)
(0.00945705 -4.5976374e-05 0)
(0.0093535567 -6.9675853e-05 0)
(0.0091720975 -8.6028322e-05 0)
(0.0089745449 -0.00011037383 0)
(0.0086105434 -0.0001117594 0)
(0.0083611037 -0.00014156132 0)
(0.0076657779 -0.00010421711 0)
(0.0095685873 0.00018056372 0)
(0.0095935625 0.00015449254 0)
(0.0096407468 0.00012279497 0)
(0.0096722053 8.9972858e-05 0)
(0.0096975021 5.9216118e-05 0)
(0.0097074272 2.8343922e-05 0)
(0.0096960728 -6.047837e-07 0)
(0.0096605754 -2.9336768e-05 0)
(0.009584639 -5.4903118e-05 0)
(0.0094775819 -8.2078809e-05 0)
(0.0092949518 -0.00010091537 0)
(0.0090971532 -0.00012903011 0)
(0.0087363772 -0.00013070016 0)
(0.0084874577 -0.00016544498 0)
(0.0077979964 -0.00012184704 0)
(0.0098353789 0.00018909095 0)
(0.0098352617 0.00016203514 0)
(0.0098623287 0.00012910251 0)
(0.0098752643 9.4145424e-05 0)
(0.0098842055 6.1053678e-05 0)
(0.0098803094 2.7472507e-05 0)
(0.0098575321 -4.3208593e-06 0)
(0.0098130315 -3.6129804e-05 0)
(0.0097306452 -6.4624893e-05 0)
(0.0096192683 -9.5106086e-05 0)
(0.009435064 -0.00011633599 0)
(0.0092368011 -0.00014814983 0)
(0.0088794795 -0.00015010593 0)
(0.0086312199 -0.00018986518 0)
(0.0079485558 -0.00013990428 0)
(0.01013315 0.00019083538 0)
(0.010106086 0.00016380614 0)
(0.010111154 0.00013082451 0)
(0.010103735 9.4705194e-05 0)
(0.0100945 6.0075242e-05 0)
(0.01007511 2.4450437e-05 0)
(0.010039414 -9.6721868e-06 0)
(0.0099846304 -4.4149216e-05 0)
(0.0098947804 -7.5278716e-05 0)
(0.0097783135 -0.00010884138 0)
(0.0095921023 -0.00013233653 0)
(0.0093931329 -0.00016774582 0)
(0.0090394469 -0.00016997628 0)
(0.0087920304 -0.00021482092 0)
(0.0081171241 -0.00015834375 0)
(0.010459066 0.00018494867 0)
(0.01040393 0.0001590413 0)
(0.010385597 0.00012727468 0)
(0.010356404 9.1076561e-05 0)
(0.01032747 5.5805859e-05 0)
(0.010291127 1.8901013e-05 0)
(0.01024116 -1.6947445e-05 0)
(0.010174899 -5.3605863e-05 0)
(0.010076612 -8.7011007e-05 0)
(0.0099542959 -0.00012337583 0)
(0.0097656337 -0.00014896816 0)
(0.0095657032 -0.00018783351 0)
(0.0092158013 -0.00019031 0)
(0.0089694645 -0.00024025131 0)
(0.0083032863 -0.00017708182 0)
(0.010809486 0.00017075171 0)
(0.010725994 0.00014710335 0)
(0.010683447 0.00011784242 0)
(0.010631568 8.2728204e-05 0)
(0.010581808 4.779224e-05 0)
(0.010527341 1.0454743e-05 0)
(0.010461958 -2.6436093e-05 0)
(0.010383162 -6.4715573e-05 0)
(0.010275547 -9.9974309e-05 0)
(0.010146663 -0.00013880613 0)
(0.0099551155 -0.00016628585 0)
(0.0097539706 -0.0002084302 0)
(0.0094079875 -0.00021110413 0)
(0.0091630119 -0.00026610179 0)
(0.0085065189 -0.0001961561 0)
(0.011179982 0.00014779023 0)
(0.011068776 0.00012752845 0)
(0.011001886 0.00010203146 0)
(0.010927012 6.9202173e-05 0)
(0.010855778 3.5624485e-05 0)
(0.010782384 -1.2352899e-06 0)
(0.010700719 -3.8417709e-05 0)
(0.010608525 -7.7692209e-05 0)
(0.010490815 -0.00011432293 0)
(0.010354721 -0.00015523196 0)
(0.010159886 -0.00018434682 0)
(0.0099572912 -0.00022955395 0)
(0.0096153615 -0.00023235333 0)
(0.0093720565 -0.00029239874 0)
(0.0087261514 -0.0002156096 0)
(0.011565402 0.00011588596 0)
(0.011428103 0.00010007075 0)
(0.011337495 7.9499528e-05 0)
(0.011239992 5.0144966e-05 0)
(0.011147199 1.8960324e-05 0)
(0.011054521 -1.6475632e-05 0)
(0.010956055 -5.3149411e-05 0)
(0.010849851 -9.2739172e-05 0)
(0.010721452 -0.0001302074 0)
(0.010577616 -0.0001727526 0)
(0.010379154 -0.0002032085 0)
(0.010174912 -0.00025122244 0)
(0.0098371806 -0.00025405 0)
(0.0095958645 -0.00031908876 0)
(0.008961417 -0.00023536264 0)
(0.011959986 7.5178379e-05 0)
(0.011799185 6.4741479e-05 0)
(0.011686287 5.009638e-05 0)
(0.011567245 2.5338931e-05 0)
(0.011453439 -2.4491909e-06 0)
(0.011341637 -3.5512616e-05 0)
(0.011226258 -7.0851665e-05 0)
(0.011105744 -0.00011003939 0)
(0.010966286 -0.00014776772 0)
(0.010814329 -0.00019146259 0)
(0.010611992 -0.00022292589 0)
(0.010405962 -0.00027345138 0)
(0.010072599 -0.00027618405 0)
(0.0098335969 -0.00034612692 0)
(0.0092114988 -0.0002553814 0)
(0.01235752 2.6152389e-05 0)
(0.012176726 2.1837931e-05 0)
(0.012043765 1.3897103e-05 0)
(0.011905019 -5.2682904e-06 0)
(0.011771424 -2.8733678e-05 0)
(0.01164123 -5.8511777e-05 0)
(0.011509292 -9.1692754e-05 0)
(0.011374533 -0.00012974394 0)
(0.01122392 -0.00016712541 0)
(0.011063658 -0.00021144656 0)
(0.010857324 -0.00024354821 0)
(0.010649449 -0.00029625264 0)
(0.010320664 -0.00029874193 0)
(0.010084319 -0.00037346951 0)
(0.009475513 -0.0002756331 0)
(0.012751541 -3.0351893e-05 0)
(0.012555063 -2.8043814e-05 0)
(0.012405028 -2.877294e-05 0)
(0.01224914 -4.1537813e-05 0)
(0.012097675 -5.9879259e-05 0)
(0.011950423 -8.5537666e-05 0)
(0.011802795 -0.00011577243 0)
(0.011654271 -0.00015195959 0)
(0.011492726 -0.00018837454 0)
(0.011324213 -0.00023277308 0)
(0.011113917 -0.00026511492 0)
(0.010904248 -0.00031963185 0)
(0.01058031 -0.00032170496 0)
(0.010346999 -0.00040106645 0)
(0.0097524773 -0.00029608986 0)
(0.013135588 -9.3151367e-05 0)
(0.012928359 -8.4009602e-05 0)
(0.012764908 -7.7324348e-05 0)
(0.012595104 -8.31208e-05 0)
(0.012428362 -9.5709283e-05 0)
(0.012265996 -0.00011653524 0)
(0.012104082 -0.00014310567 0)
(0.011942729 -0.00017673581 0)
(0.011770839 -0.00021157187 0)
(0.011594403 -0.00025548767 0)
(0.011380379 -0.00028765096 0)
(0.0111691 -0.00034358545 0)
(0.010850355 -0.00034504741 0)
(0.0106205 -0.00042885949 0)
(0.010041308 -0.00031671081 0)
(0.013503468 -0.00016076435 0)
(0.013290826 -0.00014488626 0)
(0.013118135 -0.00013090809 0)
(0.012938199 -0.00012945139 0)
(0.012759383 -0.00013587139 0)
(0.012584433 -0.00015131442 0)
(0.012410183 -0.00017360786 0)
(0.012237411 -0.00020405197 0)
(0.012056157 -0.00023672671 0)
(0.01187244 -0.00027960545 0)
(0.011655147 -0.00031116156 0)
(0.011442606 -0.00036809753 0)
(0.011129498 -0.00036873428 0)
(0.01090358 -0.00045678178 0)
(0.010340816 -0.00033744771 0)
(0.013849517 -0.0002314762 0)
(0.013636946 -0.0002092641 0)
(0.013459528 -0.00018843743 0)
(0.01327365 -0.00017975207 0)
(0.01308647 -0.00017983301 0)
(0.012901996 -0.00018953992 0)
(0.01271788 -0.00020708292 0)
(0.012535578 -0.00023380597 0)
(0.012346354 -0.00026379129 0)
(0.012156335 -0.00030510361 0)
(0.011936493 -0.00033562688 0)
(0.011723224 -0.00039313643 0)
(0.011416318 -0.00039271922 0)
(0.011194892 -0.00048475713 0)
(0.010649707 -0.00035824539 0)
(0.01416886 -0.00030342435 0)
(0.013961714 -0.0002755589 0)
(0.013784202 -0.00024862628 0)
(0.013596791 -0.00023305251 0)
(0.013405325 -0.00022688681 0)
(0.01321482 -0.00023072738 0)
(0.013023774 -0.00024321476 0)
(0.012834288 -0.00026580404 0)
(0.012638904 -0.00029265102 0)
(0.012443917 -0.00033191293 0)
(0.012222523 -0.00036099573 0)
(0.012009273 -0.00041864951 0)
(0.011709273 -0.00041694281 0)
(0.011492981 -0.00051269689 0)
(0.010966583 -0.00037904373 0)
(0.014457623 -0.00037469308 0)
(0.014260869 -0.00034208015 0)
(0.014087777 -0.00031003959 0)
(0.013903252 -0.00028821833 0)
(0.013711765 -0.00027616228 0)
(0.013519029 -0.00027424205 0)
(0.013324368 -0.0002815583 0)
(0.013130454 -0.00029974743 0)
(0.012931114 -0.00032311022 0)
(0.012732846 -0.00035990302 0)
(0.012511193 -0.00038717308 0)
(0.012298936 -0.00044455064 0)
(0.012006706 -0.00044132654 0)
(0.011796286 -0.00054048942 0)
(0.01128994 -0.00039978121 0)
(0.014713108 -0.00044335894 0)
(0.014531092 -0.00040710992 0)
(0.014366582 -0.00037114682 0)
(0.014189141 -0.00034398676 0)
(0.014001886 -0.00032664527 0)
(0.013810867 -0.0003193031 0)
(0.013616169 -0.00032153346 0)
(0.013420912 -0.00033522133 0)
(0.013220169 -0.00035487657 0)
(0.013020645 -0.00038886875 0)
(0.012800324 -0.00041400301 0)
(0.012590274 -0.00047071163 0)
(0.012306847 -0.00046575113 0)
(0.01210315 -0.00056800093 0)
(0.011618173 -0.00042037077 0)
(0.014933891 -0.00050744762 0)
(0.014770183 -0.00046916713 0)
(0.014617813 -0.00043046809 0)
(0.014451218 -0.00039909579 0)
(0.014272227 -0.00037729998 0)
(0.01408684 -0.00036508916 0)
(0.013895804 -0.00036251747 0)
(0.013702513 -0.00037178651 0)
(0.013503205 -0.0003876402 0)
(0.013304746 -0.00041862358 0)
(0.01308763 -0.00044133412 0)
(0.012881242 -0.0004970693 0)
(0.01260783 -0.00049000939 0)
(0.012411825 -0.00059520997 0)
(0.011949566 -0.00044059441 0)
(0.013629426 -0.0026915108 2.7062918e-22)
(0.014185683 -0.0025972661 -1.1023019e-22)
(0.014671369 -0.0023791068 8.2982438e-23)
(0.014989304 -0.0019578116 5.0126894e-21)
(0.015144223 -0.0014505167 7.4700185e-21)
(0.015229797 -0.0010096664 0)
(0.015297261 -0.00067305369 0)
(0.015339621 -0.0003904356 0)
(0.015297127 -0.00012061175 -3.3079301e-21)
(0.013582275 -0.0029311815 -2.5166044e-22)
(0.014110493 -0.0027683491 0)
(0.014556388 -0.0024552418 0)
(0.014856841 -0.0019606187 -5.3068242e-21)
(0.015028518 -0.0014254452 -7.1451816e-21)
(0.015144714 -0.00098339903 -2.649869e-20)
(0.015235075 -0.00065024867 -7.0822985e-20)
(0.015287363 -0.0003750312 -9.2915533e-20)
(0.015234407 -0.00011781498 0)
(0.013422755 -0.0030961421 0)
(0.01394018 -0.0028730615 0)
(0.014384591 -0.0024821322 0)
(0.014701312 -0.0019363304 0)
(0.014907752 -0.0013892707 -2.2517517e-21)
(0.015059264 -0.00095179784 2.7368713e-20)
(0.01517359 -0.00062359748 1.40209e-19)
(0.015237127 -0.00035587594 8.4304282e-20)
(0.015194262 -0.00011111978 7.9934605e-21)
(0.01321577 -0.0031898354 5.2332369e-22)
(0.013732041 -0.0029136365 0)
(0.014191113 -0.0024638053 -1.1066513e-20)
(0.01453919 -0.0018879134 -1.3504318e-20)
(0.014787367 -0.0013414267 4.3549301e-20)
(0.014975677 -0.00091358921 -8.6273031e-21)
(0.01511453 -0.00059367269 -7.8378626e-20)
(0.015190682 -0.00033617494 -5.6691252e-21)
(0.015157378 -0.00010501628 4.111053e-20)
(0.012973157 -0.0032153129 1.3956405e-21)
(0.013499829 -0.0028955543 -8.1639137e-22)
(0.013986351 -0.002405772 2.1048858e-20)
(0.014375905 -0.0018181126 1.3638573e-20)
(0.014669627 -0.0012822916 -2.9412085e-18)
(0.014894921 -0.00086882861 -2.6026205e-18)
(0.015058243 -0.00056054911 -1.6221689e-19)
(0.015147802 -0.00031531668 2.118087e-19)
(0.015126721 -9.8469484e-05 0)
(0.01270669 -0.0031749403 -6.9647989e-21)
(0.0132543 -0.0028233129 8.4992843e-21)
(0.013778087 -0.0023121409 -1.1042591e-20)
(0.014215427 -0.0017287253 0)
(0.014556181 -0.001212238 2.0718523e-18)
(0.014817765 -0.00081770218 3.1284703e-18)
(0.015005162 -0.00052422743 3.4132259e-19)
(0.015108622 -0.00029327016 2.5693154e-19)
(0.015100245 -9.1635328e-05 5.7434455e-19)
(0.012428294 -0.0030719454 5.8208918e-21)
(0.013005179 -0.0027017411 -1.7875199e-20)
(0.013572813 -0.0021866275 0)
(0.014061023 -0.0016213071 0)
(0.014448473 -0.001131752 5.3506861e-20)
(0.014744885 -0.00076049186 2.6172184e-19)
(0.014955639 -0.00048473576 -1.8541511e-19)
(0.015073035 -0.00026990459 -4.2200741e-19)
(0.015077682 -8.4499786e-05 -1.2226044e-18)
(0.012148896 -0.0029109284 -3.4167281e-21)
(0.012760811 -0.0025358336 1.0704158e-20)
(0.013375832 -0.002032667 0)
(0.013915396 -0.0014973444 4.5220455e-21)
(0.014347802 -0.001041434 -3.6072675e-21)
(0.014676902 -0.00069757013 -1.3892526e-19)
(0.014910153 -0.00044235408 0)
(0.015041668 -0.00024507705 0)
(0.015058257 -7.7031916e-05 6.9683442e-19)
(0.011877948 -0.0026970555 3.7259559e-21)
(0.012528137 -0.0023304517 9.532345e-21)
(0.013191433 -0.0018534241 0)
(0.013780793 -0.0013583098 -4.1660144e-20)
(0.014255359 -0.00094198231 0)
(0.014614459 -0.00062936209 -1.6155862e-19)
(0.01486866 -0.00039770163 2.2147629e-19)
(0.015014833 -0.00021881761 -8.8571388e-21)
(0.015041051 -6.898027e-05 -7.2269013e-19)
(0.011623673 -0.0024357677 1.0128311e-20)
(0.012312958 -0.0020902976 -2.4294557e-20)
(0.013023135 -0.0016518848 0)
(0.013659105 -0.001205713 4.7580232e-20)
(0.014172241 -0.0008341938 4.8907551e-20)
(0.014558358 -0.00055625366 3.2547535e-19)
(0.014829605 -0.00035098297 -4.2741414e-19)
(0.014989564 -0.00019211064 -6.0858581e-19)
(0.015027761 -6.0362283e-05 5.7730806e-20)
(0.011393142 -0.0021328263 -1.4878146e-20)
(0.012120118 -0.0018199877 1.183105e-20)
(0.012873847 -0.0014309519 0)
(0.013551928 -0.0010411314 0)
(0.014099357 -0.0007189615 1.7468794e-21)
(0.01450954 -0.00047863619 -1.5844819e-19)
(0.014795924 -0.00030179734 4.505598e-19)
(0.014967459 -0.00016498559 2.6188081e-19)
(0.015016816 -5.1365572e-05 8.6668559e-19)
(0.011192291 -0.0017942551 7.7371315e-21)
(0.011953617 -0.0015241071 1.2976269e-21)
(0.012745964 -0.0011935129 1.5578064e-20)
(0.013460609 -0.0008662258 2.1806053e-20)
(0.014037454 -0.00059727168 -1.3082253e-19)
(0.014468412 -0.00039703994 0)
(0.014768635 -0.00024996695 -2.452905e-19)
(0.014949306 -0.00013645567 3.3318748e-19)
(0.015007264 -4.2324473e-05 -5.8431416e-20)
(0.011025969 -0.0014262811 -3.5021912e-21)
(0.011816691 -0.0012072456 1.8292989e-21)
(0.012641429 -0.0009424805 -1.6217884e-20)
(0.013386263 -0.00068274172 -2.7186865e-20)
(0.013987163 -0.00047019039 6.58119e-20)
(0.014435078 -0.00031214622 1.5015668e-20)
(0.014746908 -0.00019611754 -1.2785927e-19)
(0.014936363 -0.00010684236 -1.2437711e-20)
(0.014999423 -3.3174688e-05 5.2410405e-19)
(0.010897984 -0.0010352878 0)
(0.011711866 -0.00087401869 0)
(0.012561758 -0.00068081092 -2.2936586e-21)
(0.013329773 -0.00049250266 -2.5242116e-20)
(0.013949008 -0.00033885471 4.4114977e-21)
(0.014409762 -0.00022468949 4.882726e-20)
(0.014730262 -0.00014090289 1.3672229e-19)
(0.014926264 -7.6707894e-05 -2.2460925e-19)
(0.01499337 -2.370559e-05 -5.698743e-19)
(0.010811145 -0.00062778107 -1.2682406e-21)
(0.011640997 -0.00052908317 0)
(0.012508066 -0.00041151873 0)
(0.013291791 -0.00029741215 1.3917273e-20)
(0.013923384 -0.00020447435 -2.2204113e-20)
(0.014392719 -0.00013543678 -5.4067895e-20)
(0.014718767 -8.4801159e-05 0)
(0.014918438 -4.6229092e-05 1.149979e-19)
(0.014990042 -1.4132539e-05 0)
(0.010767288 -0.00021037138 1.5943966e-21)
(0.011605284 -0.00017715574 -2.5414608e-22)
(0.012481065 -0.00013769823 0)
(0.013272724 -9.9474889e-05 1.3839364e-20)
(0.013910537 -6.8364757e-05 2.0436643e-20)
(0.014384161 -4.5253424e-05 1.0729627e-21)
(0.014712954 -2.8329779e-05 0)
(0.014914462 -1.5543858e-05 1.4087336e-19)
(0.014988438 -4.5344194e-06 6.1954792e-21)
(0.013806213 -0.0023302927 0)
(0.014067761 -0.0020011211 -2.0456424e-19)
(0.014294726 -0.0017202119 -1.8008884e-19)
(0.014482109 -0.0014907613 -1.414786e-24)
(0.014637404 -0.0013103509 -1.3699526e-19)
(0.014764153 -0.0011688307 -1.6499801e-19)
(0.014867286 -0.0010555003 0)
(0.014951959 -0.0009623274 -2.2393594e-21)
(0.015021607 -0.00088420229 -3.2673932e-22)
(0.015077911 -0.00081792271 2.9632584e-21)
(0.015121242 -0.00076199824 5.9863151e-21)
(0.015150228 -0.00071428383 0)
(0.015166908 -0.00067581883 6.4026404e-24)
(0.015161267 -0.00063668017 -6.4574307e-18)
(0.015172488 -0.00062092957 -7.6710105e-18)
(0.014353811 -0.0023202526 -1.4603874e-21)
(0.014604067 -0.0020442478 1.9973801e-19)
(0.014785049 -0.0018062356 1.7786265e-19)
(0.014918691 -0.0016054061 -1.8479428e-21)
(0.01502253 -0.0014373208 0)
(0.01510352 -0.0012957638 -2.4297993e-23)
(0.015167866 -0.001175226 2.436839e-23)
(0.015220243 -0.0010717463 0)
(0.015262827 -0.00098273435 3.0149403e-21)
(0.015296175 -0.0009063546 4.6438404e-22)
(0.015319654 -0.000841509 -7.1688884e-21)
(0.015331934 -0.00078637172 2.8274594e-23)
(0.015334102 -0.00074078496 0)
(0.015320717 -0.0006961951 7.1501735e-18)
(0.015320341 -0.00067468806 8.4359663e-18)
(0.014820153 -0.0022245545 1.1624772e-21)
(0.015006159 -0.0020403002 -9.1570395e-22)
(0.015136733 -0.0018617702 -1.5788943e-21)
(0.015233309 -0.0016960656 1.4499306e-21)
(0.015310649 -0.001544578 5.510853e-23)
(0.015372144 -0.0014077367 0)
(0.015421061 -0.0012855777 5.4042453e-23)
(0.015459336 -0.0011774423 -2.0453085e-21)
(0.015488227 -0.0010825679 -5.6724979e-25)
(0.015508173 -0.0010002271 -3.409642e-21)
(0.015518497 -0.00092983603 3.6316373e-21)
(0.01551907 -0.00086979637 0)
(0.0155121 -0.00081830663 0)
(0.015496692 -0.00077043018 -4.3218185e-21)
(0.015490696 -0.00073952329 0)
(0.015114521 -0.0018961891 0)
(0.015233527 -0.0017936958 -8.5817721e-22)
(0.015326402 -0.001684267 1.7889579e-21)
(0.015401573 -0.0015765188 -1.7939732e-21)
(0.015464953 -0.0014724845 -1.7926562e-21)
(0.015517098 -0.0013729591 1.0285689e-22)
(0.015558661 -0.0012794634 0)
(0.015589657 -0.0011933271 3.2111646e-21)
(0.015611999 -0.0011147489 3.5680181e-21)
(0.015626404 -0.0010447048 0)
(0.015633967 -0.00098394134 0)
(0.015637532 -0.00093021821 -3.6686632e-21)
(0.015638454 -0.0008807929 3.7445458e-21)
(0.015636128 -0.0008344056 -2.9269612e-22)
(0.015638395 -0.000796777 -3.9692972e-21)
(0.015236779 -0.0014446475 0)
(0.015304221 -0.0014025609 1.0029246e-21)
(0.015363582 -0.0013537423 -8.0765969e-22)
(0.015416138 -0.0013029915 2.3317544e-21)
(0.015463423 -0.0012512659 9.6731737e-22)
(0.015505323 -0.001199152 0)
(0.015541651 -0.0011472897 0)
(0.015572971 -0.0010965061 -1.1916671e-21)
(0.015599932 -0.0010473713 -2.4505708e-21)
(0.015623164 -0.001000351 3.3666185e-22)
(0.015643577 -0.00095572152 2.5349767e-21)
(0.015661966 -0.0009136888 2.6788063e-21)
(0.015678554 -0.00087459534 -2.7647928e-21)
(0.015693166 -0.00083778016 -2.2548245e-22)
(0.015708308 -0.00080407085 2.8940901e-21)
(0.015291085 -0.0010265829 3.3331767e-22)
(0.015326312 -0.0010142345 -4.6310427e-22)
(0.015359968 -0.00099788387 5.8210706e-22)
(0.015392165 -0.00097972016 -1.5867342e-21)
(0.015423492 -0.00096015363 -4.1197322e-22)
(0.015453904 -0.00093942698 4.2545141e-22)
(0.015483266 -0.00091780621 5.7372628e-24)
(0.015511577 -0.00089557114 4.6405095e-22)
(0.015538896 -0.00087301212 0)
(0.015565305 -0.00085045452 -4.7953528e-22)
(0.015590902 -0.00082823813 -1.8767981e-21)
(0.015615776 -0.00080664904 1.0212874e-21)
(0.015639982 -0.00078588578 -5.2869293e-22)
(0.015663598 -0.00076610693 2.3081911e-21)
(0.015686095 -0.00074742917 -2.6760899e-22)
(0.015338621 -0.00069684841 -4.4261004e-22)
(0.015356942 -0.00069574787 -1.0810433e-22)
(0.01537517 -0.00069285411 0)
(0.015393567 -0.00068911182 0)
(0.015412541 -0.00068465963 -7.750955e-22)
(0.015432077 -0.00067954882 2.1898292e-21)
(0.015452105 -0.00067381446 -5.8322592e-22)
(0.015472633 -0.00066748783 5.6316052e-22)
(0.015493672 -0.00066065575 -2.4550523e-21)
(0.015515242 -0.0006534175 2.5396541e-21)
(0.015537383 -0.00064586266 -1.324158e-21)
(0.015560148 -0.00063809773 0)
(0.015583607 -0.00063025591 0)
(0.015607883 -0.00062250043 0)
(0.015632726 -0.00061499324 0)
(0.015373029 -0.00041413805 8.7594579e-23)
(0.0153829 -0.0004159729 -3.9638439e-22)
(0.015393055 -0.00041712178 5.6991856e-22)
(0.015403738 -0.0004179884 -1.186333e-21)
(0.015415128 -0.00041864686 2.8155545e-21)
(0.015427369 -0.00041909846 -1.3169891e-21)
(0.015440544 -0.00041923215 1.6831458e-22)
(0.015454271 -0.00041903769 -3.6441631e-22)
(0.015469077 -0.00041867247 0)
(0.01548502 -0.00041818099 -1.5326924e-21)
(0.015501922 -0.00041755191 1.613441e-21)
(0.015519962 -0.00041682321 -2.0464142e-21)
(0.015539277 -0.0004160558 1.7186499e-21)
(0.015559966 -0.00041533132 -8.6354229e-22)
(0.015581935 -0.00041476043 8.8054162e-22)
(0.015319761 -0.00013691293 -5.7787297e-23)
(0.015327707 -0.00013801179 0)
(0.015334615 -0.00013887796 1.3492201e-21)
(0.015341925 -0.00013967165 -2.8428736e-21)
(0.015350066 -0.00014040926 1.4001765e-21)
(0.015358945 -0.00014108626 0)
(0.015368547 -0.00014171204 -1.0493116e-22)
(0.01537895 -0.00014230323 0)
(0.015390229 -0.00014284767 0)
(0.015402457 -0.00014334349 0)
(0.015415719 -0.00014380541 3.7923214e-21)
(0.015430103 -0.00014424716 -3.7255061e-21)
(0.015445703 -0.00014468956 0)
(0.015462623 -0.00014518183 0)
(0.015481182 -0.00014587718 0)
(0.015096142 -0.00055806909 0)
(0.014950777 -0.00051986364 0)
(0.014811259 -0.00047958988 0)
(0.014656922 -0.00044562225 0)
(0.014488307 -0.00042081521 0)
(0.014311083 -0.00040499949 0)
(0.014126465 -0.00039865349 0)
(0.013937896 -0.00040431425 0)
(0.013742521 -0.00041689794 0)
(0.013547275 -0.00044521202 0)
(0.01333487 -0.00046558971 0)
(0.013133203 -0.00052032424 0)
(0.012869988 -0.00051120447 0)
(0.012681564 -0.00061884561 0)
(0.012240244 -0.00045785453 0)
(0.015253242 -0.0006100924 0)
(0.015130019 -0.00057176858 0)
(0.015006102 -0.0005309107 0)
(0.014867563 -0.00049496705 0)
(0.014712986 -0.00046750735 0)
(0.01454752 -0.00044828506 0)
(0.014372821 -0.00043816669 0)
(0.014192199 -0.00044005351 0)
(0.014003723 -0.00044915132 0)
(0.013814309 -0.00047441801 0)
(0.013609184 -0.00049222439 0)
(0.013414459 -0.0005455094 0)
(0.013164354 -0.00053423854 7.1653928e-18)
(0.012985661 -0.00064416005 6.882981e-18)
(0.012569484 -0.00047691206 0)
(0.015442377 -0.00068105831 0)
(0.015354413 -0.0006415345 0)
(0.015257603 -0.00060251218 0)
(0.015146669 -0.00056606468 0)
(0.015018361 -0.00053619105 0)
(0.014876385 -0.00051328322 0)
(0.014722731 -0.00049859769 0)
(0.014560107 -0.00049533581 0)
(0.014387712 -0.00049968785 0)
(0.014212175 -0.00051991465 0)
(0.014022513 -0.00053430664 0)
(0.013841914 -0.00058370831 0)
(0.0136147 -0.00057068592 -1.0326086e-17)
(0.013453195 -0.00068044731 -1.0051332e-17)
(0.013079346 -0.00050849388 0)
(0.015618359 -0.00075232001 0)
(0.015576073 -0.00071755375 0)
(0.015521627 -0.00068471376 0)
(0.015453765 -0.00065273498 0)
(0.015369748 -0.00062392619 0)
(0.015270906 -0.00059957111 0)
(0.015158346 -0.00058166781 0)
(0.015033242 -0.00057352546 0)
(0.014895798 -0.00057303668 0)
(0.014751544 -0.00058616056 0)
(0.014594167 -0.00059694223 0)
(0.014442328 -0.00063761266 0)
(0.014254998 -0.00062647423 0)
(0.014123073 -0.00072598755 0)
(0.013819224 -0.00056073997 0)
(0.015713326 -0.00077649252 0)
(0.015710909 -0.00075670977 0)
(0.015701698 -0.0007393093 0)
(0.01568453 -0.00072178401 0)
(0.015658204 -0.00070295636 0)
(0.015621195 -0.00068442156 0)
(0.015572639 -0.00067041221 0)
(0.015512066 -0.00066284018 0)
(0.015439897 -0.00066032167 0)
(0.015358265 -0.00066718242 0)
(0.015264177 -0.00067564932 0)
(0.015169947 -0.00070373536 0)
(0.015051989 -0.00069937031 0)
(0.014973205 -0.00077304894 0)
(0.01477939 -0.0006384316 0)
(0.015705941 -0.0007355 0)
(0.015723648 -0.0007264946 0)
(0.01574086 -0.00071712833 0)
(0.015757224 -0.00070671048 0)
(0.0157742 -0.00069643455 0)
(0.0157878 -0.00069035579 0)
(0.01579832 -0.00068990664 0)
(0.015806504 -0.00069273392 0)
(0.015811093 -0.00070006055 0)
(0.015812674 -0.00071324693 0)
(0.01581013 -0.0007278538 0)
(0.015808161 -0.00075010601 0)
(0.015798253 -0.00075751735 0)
(0.01580575 -0.00079558073 0)
(0.015776503 -0.00071976952 0)
(0.015656735 -0.00061234023 0)
(0.015680457 -0.00061166653 0)
(0.015706176 -0.00061113553 0)
(0.015733738 -0.00061063292 0)
(0.015763212 -0.0006104285 0)
(0.015794883 -0.00061136242 0)
(0.015829692 -0.00061409779 0)
(0.015868599 -0.00061923054 0)
(0.015912675 -0.0006274728 0)
(0.015963387 -0.00063967737 0)
(0.016023319 -0.00065584109 0)
(0.01608985 -0.00067441175 0)
(0.016182566 -0.00069195463 0)
(0.016256018 -0.00071941297 0)
(0.016397292 -0.00069385383 0)
(0.015603734 -0.00041639747 0)
(0.015625834 -0.00041924913 0)
(0.015650711 -0.00042231747 0)
(0.015678697 -0.00042544199 0)
(0.015710271 -0.0004287013 0)
(0.015745946 -0.00043228205 1.6193129e-33)
(0.015786385 -0.00043642925 -1.6828997e-33)
(0.015832474 -0.00044139786 0)
(0.015885374 -0.00044746789 0)
(0.015946531 -0.00045488498 0)
(0.016018149 -0.00046373361 0)
(0.016101305 -0.00047346562 0)
(0.016203725 -0.00048332189 0)
(0.016303818 -0.00049509664 0)
(0.016505191 -0.0004992987 0)
(0.015499082 -0.00014614507 0)
(0.01551861 -0.00014745181 0)
(0.015540308 -0.00014894614 0)
(0.015565096 -0.0001504935 0)
(0.015593616 -0.00015208518 0)
(0.01562633 -0.000153733 0)
(0.015663825 -0.00015545602 0)
(0.015706857 -0.00015727585 0)
(0.015756329 -0.00015921057 0)
(0.015813325 -0.00016124851 0)
(0.015879111 -0.00016336543 0)
(0.015955307 -0.00016523719 0)
(0.016043266 -0.00016712073 0)
(0.016142223 -0.00016703816 0)
(0.016296835 -0.0001649403 0)
)
;

boundaryField
{
    inlet
    {
        type            fixedValue;
        value           uniform (0.015 0 0);
    }
    outlet
    {
        type            zeroGradient;
    }
    cylinder
    {
        type            noSlip;
    }
    frontAndBack
    {
        type            empty;
    }
}


// ************************************************************************* //
