# Residuals     
# Time          	p               
0               	N/A             
1               	1.00000000e+00
2               	8.78778145e-02
3               	2.43582680e-02
4               	1.67896755e-02
5               	2.06844388e-02
6               	3.89291083e-02
7               	1.26134948e-01
8               	1.00001481e-01
9               	2.85130295e-02
10              	2.04496505e-02
11              	2.97013352e-02
12              	5.36883634e-02
13              	2.63631288e-01
14              	4.39083556e-02
15              	2.37445626e-02
16              	2.27567051e-02
17              	2.79525072e-02
18              	4.18745137e-02
19              	1.74440445e-01
20              	5.48284049e-02
21              	3.91836024e-02
22              	3.79099916e-02
23              	5.19684671e-02
24              	3.02778304e-01
25              	4.15972872e-02
26              	2.50727161e-02
27              	2.36379811e-02
28              	2.23265988e-02
29              	2.48740063e-02
30              	3.36029018e-02
31              	4.43181195e-02
32              	4.83051594e-02
33              	4.07327402e-02
34              	2.90880891e-02
35              	2.08590116e-02
36              	1.60773455e-02
37              	1.34306453e-02
38              	1.19214335e-02
39              	1.04320494e-02
40              	9.61437331e-03
41              	9.37257148e-03
42              	9.16000536e-03
43              	9.03980128e-03
44              	8.88272305e-03
45              	8.27175672e-03
46              	7.63095969e-03
47              	7.15738392e-03
48              	6.85989801e-03
49              	6.85677591e-03
50              	6.85096500e-03
51              	6.81862051e-03
52              	6.70409671e-03
53              	6.58866690e-03
54              	6.59446351e-03
55              	6.52857178e-03
56              	6.81743850e-03
57              	7.04163230e-03
58              	7.50475400e-03
59              	7.66059408e-03
60              	7.93743334e-03
61              	8.39958222e-03
62              	8.59756240e-03
63              	8.97454587e-03
64              	8.84151452e-03
65              	9.05361352e-03
66              	9.39686198e-03
67              	9.38052541e-03
68              	9.67327469e-03
69              	1.00097644e-02
70              	1.03454308e-02
71              	1.06981368e-02
72              	1.04805792e-02
73              	1.00479702e-02
74              	9.77829357e-03
75              	9.64321891e-03
76              	9.12568635e-03
77              	9.32071248e-03
78              	8.99032257e-03
79              	9.22012025e-03
80              	9.34436805e-03
81              	9.24737934e-03
82              	9.53788447e-03
83              	9.65160544e-03
84              	9.32991216e-03
85              	8.87417578e-03
86              	8.39535339e-03
87              	8.14356037e-03
88              	7.82790249e-03
89              	7.70773391e-03
90              	7.83342338e-03
91              	7.96056242e-03
92              	8.07024916e-03
93              	7.85075207e-03
94              	7.55331899e-03
95              	7.55864345e-03
96              	7.37653382e-03
97              	7.29868787e-03
98              	7.08534017e-03
99              	6.65680685e-03
100             	6.09079791e-03
101             	5.64969119e-03
102             	5.33868472e-03
103             	4.94568181e-03
104             	4.72147026e-03
105             	4.67255786e-03
106             	4.72667538e-03
107             	4.79807276e-03
108             	4.81006276e-03
109             	4.86128499e-03
110             	4.95430655e-03
111             	4.98286263e-03
112             	5.01899136e-03
113             	5.05807633e-03
114             	5.06050091e-03
115             	5.22626591e-03
116             	5.43101752e-03
117             	5.30032525e-03
118             	5.38323354e-03
119             	5.41890746e-03
120             	5.16642912e-03
121             	5.01471918e-03
122             	5.04840952e-03
123             	5.12638942e-03
124             	5.04245389e-03
125             	5.00552172e-03
126             	4.88772365e-03
127             	4.70735338e-03
128             	4.76649574e-03
129             	4.86088645e-03
130             	4.80535320e-03
131             	4.64656795e-03
132             	4.37726679e-03
133             	4.34173553e-03
134             	4.46594488e-03
135             	4.50538719e-03
136             	4.38198137e-03
137             	4.19710181e-03
138             	3.96183757e-03
139             	3.98912444e-03
140             	4.12360276e-03
141             	4.04220946e-03
142             	3.97586508e-03
143             	3.94193099e-03
144             	4.04531096e-03
145             	4.20150213e-03
146             	4.05482092e-03
147             	3.98895171e-03
148             	3.95558520e-03
149             	3.63260467e-03
150             	3.31514203e-03
151             	3.10124365e-03
152             	2.95455859e-03
153             	2.92990120e-03
154             	2.91053829e-03
155             	2.84919138e-03
156             	2.83190942e-03
157             	2.87563951e-03
158             	2.86173043e-03
159             	2.77805971e-03
160             	2.68201522e-03
161             	2.62368355e-03
162             	2.52219453e-03
163             	2.38906741e-03
164             	2.30743972e-03
165             	2.24651658e-03
166             	2.26676525e-03
167             	2.24882403e-03
168             	2.17068400e-03
169             	2.09712125e-03
170             	1.95548736e-03
171             	1.88272232e-03
172             	1.83260515e-03
173             	1.79212012e-03
174             	1.80571925e-03
175             	1.78816163e-03
176             	1.76389049e-03
177             	1.73418697e-03
178             	1.71616541e-03
179             	1.61644811e-03
180             	1.50415108e-03
181             	1.43238948e-03
182             	1.40456194e-03
183             	1.37174965e-03
184             	1.31263438e-03
185             	1.27395196e-03
186             	1.21835528e-03
187             	1.17916557e-03
188             	1.14680170e-03
189             	1.11423370e-03
190             	1.08878894e-03
191             	1.07424670e-03
192             	1.03643253e-03
193             	1.00365771e-03
194             	9.76421086e-04
195             	9.50586552e-04
196             	9.21540811e-04
197             	8.93943910e-04
198             	8.67035541e-04
199             	8.44809644e-04
200             	8.18127055e-04
201             	7.96015616e-04
202             	7.76953005e-04
203             	7.56295683e-04
204             	7.49976734e-04
205             	7.47027360e-04
206             	7.46057962e-04
207             	7.37394955e-04
208             	7.26747210e-04
209             	7.13367789e-04
210             	7.01285194e-04
211             	6.90011286e-04
212             	6.81711889e-04
213             	6.74863688e-04
214             	6.68278579e-04
215             	6.63533047e-04
216             	6.60296070e-04
217             	6.56461416e-04
218             	6.54609417e-04
219             	6.52792419e-04
220             	6.51306551e-04
221             	6.49434656e-04
222             	6.47099443e-04
223             	6.44340385e-04
224             	6.41081616e-04
225             	6.37054474e-04
226             	6.33428740e-04
227             	6.30367546e-04
228             	6.25731288e-04
229             	6.21717478e-04
230             	6.16441766e-04
231             	6.13194805e-04
232             	6.09534762e-04
233             	6.08489830e-04
234             	6.06221326e-04
235             	6.04614190e-04
236             	6.02322173e-04
237             	5.99234931e-04
238             	5.95644847e-04
239             	5.91827727e-04
240             	5.86213061e-04
241             	5.83283379e-04
242             	5.78915616e-04
243             	5.75292503e-04
244             	5.71860117e-04
245             	5.66949124e-04
246             	5.61526077e-04
247             	5.55851558e-04
248             	5.48858160e-04
249             	5.43682866e-04
250             	5.39826960e-04
251             	5.35793724e-04
252             	5.32714016e-04
253             	5.29484602e-04
254             	5.27189491e-04
255             	5.23249509e-04
256             	5.20736251e-04
257             	5.17457714e-04
258             	5.13799116e-04
259             	5.11209080e-04
260             	5.08075380e-04
261             	5.04774899e-04
262             	5.01201404e-04
263             	5.00938210e-04
264             	4.97437514e-04
265             	4.93622266e-04
266             	4.90324566e-04
267             	4.86752582e-04
268             	4.83430508e-04
269             	4.80660412e-04
270             	4.78877402e-04
271             	4.76148868e-04
272             	4.74951116e-04
273             	4.72625140e-04
274             	4.71371366e-04
275             	4.70483067e-04
276             	4.68707393e-04
277             	4.66406116e-04
278             	4.63387503e-04
279             	4.65502422e-04
280             	4.67168380e-04
281             	4.68959083e-04
282             	4.70351262e-04
283             	4.71935934e-04
284             	4.73107931e-04
285             	4.74554984e-04
286             	4.76091002e-04
287             	4.77433139e-04
288             	4.77851225e-04
289             	4.77658726e-04
290             	4.78086564e-04
291             	4.80394003e-04
292             	4.82762292e-04
293             	4.83823192e-04
294             	4.84671388e-04
295             	4.85182252e-04
296             	4.85308692e-04
297             	4.85636438e-04
298             	4.85887850e-04
299             	4.86470265e-04
300             	4.85705974e-04
301             	4.86413571e-04
302             	4.87426771e-04
303             	4.86934293e-04
304             	4.87570966e-04
305             	4.88202208e-04
306             	4.86559860e-04
307             	4.88193601e-04
308             	4.89306700e-04
309             	4.90217225e-04
310             	4.90117665e-04
311             	4.86490310e-04
312             	4.92455260e-04
313             	4.94083804e-04
314             	4.93559187e-04
315             	4.90941582e-04
316             	4.91764760e-04
317             	4.92492241e-04
318             	4.93384719e-04
319             	4.92047863e-04
320             	4.93517842e-04
321             	4.95122579e-04
322             	4.96267454e-04
323             	4.94227588e-04
324             	4.94359966e-04
325             	4.94525983e-04
326             	4.91772181e-04
327             	4.89019023e-04
328             	4.86192421e-04
329             	4.77959945e-04
330             	4.74669912e-04
331             	4.74388432e-04
332             	4.74894248e-04
333             	4.73543630e-04
334             	4.76917377e-04
335             	4.80603087e-04
336             	4.82992784e-04
337             	4.82993371e-04
338             	4.81362246e-04
339             	4.77771600e-04
340             	4.77371103e-04
341             	4.80608732e-04
342             	4.82915436e-04
343             	4.82764679e-04
344             	4.79795696e-04
345             	4.78855086e-04
346             	4.78461306e-04
347             	4.75410296e-04
348             	4.75092797e-04
349             	4.74602418e-04
350             	4.74162581e-04
351             	4.72096112e-04
352             	4.71975880e-04
353             	4.71991623e-04
354             	4.70026155e-04
355             	4.72687398e-04
356             	4.76036060e-04
357             	4.76334994e-04
358             	4.73938566e-04
359             	4.73430617e-04
360             	4.73204027e-04
361             	4.72823713e-04
362             	4.71181165e-04
363             	4.70320663e-04
364             	4.69324281e-04
365             	4.72655347e-04
366             	4.78167589e-04
367             	4.80905818e-04
368             	4.83333586e-04
369             	4.84455161e-04
370             	4.84642975e-04
371             	4.82355001e-04
372             	4.83218466e-04
373             	4.84036435e-04
374             	4.82307125e-04
375             	4.81706712e-04
376             	4.83934989e-04
377             	4.85102241e-04
378             	4.82718669e-04
379             	4.82633351e-04
380             	4.79098860e-04
381             	4.77563768e-04
382             	4.77797664e-04
383             	4.78422481e-04
384             	4.78521451e-04
385             	4.76928761e-04
386             	4.74478976e-04
387             	4.75387384e-04
388             	4.76276967e-04
389             	4.74459272e-04
390             	4.71694710e-04
391             	4.61965920e-04
392             	4.55375186e-04
393             	4.53166738e-04
394             	4.52227743e-04
395             	4.52624479e-04
396             	4.53049754e-04
397             	4.52997476e-04
398             	4.52357927e-04
399             	4.51315141e-04
400             	4.51246259e-04
401             	4.52189571e-04
402             	4.52117866e-04
403             	4.51703655e-04
404             	4.51086118e-04
405             	4.51319003e-04
406             	4.50940304e-04
407             	4.50589582e-04
408             	4.51291923e-04
409             	4.51774702e-04
410             	4.51268591e-04
411             	4.50352378e-04
412             	4.50054718e-04
413             	4.51120592e-04
414             	4.51570027e-04
415             	4.52091630e-04
416             	4.52809406e-04
417             	4.53151902e-04
418             	4.53014984e-04
419             	4.53297920e-04
420             	4.52682706e-04
421             	4.53052056e-04
422             	4.53031733e-04
423             	4.52584644e-04
424             	4.52132220e-04
425             	4.53187103e-04
426             	4.53602544e-04
427             	4.53547014e-04
428             	4.55095130e-04
429             	4.55793345e-04
430             	4.55548205e-04
431             	4.56071436e-04
432             	4.55930622e-04
433             	4.55751813e-04
434             	4.56589444e-04
435             	4.58067780e-04
436             	4.59601555e-04
437             	4.60458371e-04
438             	4.62085550e-04
439             	4.62874697e-04
440             	4.62172397e-04
441             	4.62809205e-04
442             	4.63592243e-04
443             	4.64064758e-04
444             	4.65113703e-04
445             	4.65829733e-04
446             	4.65083881e-04
447             	4.65791241e-04
448             	4.66416763e-04
449             	4.67050547e-04
450             	4.67587933e-04
451             	4.67809732e-04
452             	4.68256255e-04
453             	4.69174760e-04
454             	4.69254611e-04
455             	4.69988659e-04
456             	4.70656136e-04
457             	4.71175623e-04
458             	4.71197161e-04
459             	4.72363550e-04
460             	4.72647691e-04
461             	4.71074848e-04
462             	4.70314711e-04
463             	4.71709616e-04
464             	4.73086989e-04
465             	4.73317760e-04
466             	4.75063737e-04
467             	4.76770591e-04
468             	4.77064023e-04
469             	4.78817904e-04
470             	4.80288548e-04
471             	4.80906260e-04
472             	4.81461308e-04
473             	4.81526785e-04
474             	4.81985549e-04
475             	4.82835381e-04
476             	4.82314636e-04
477             	4.83164172e-04
478             	4.84796198e-04
479             	4.86192946e-04
480             	4.86040602e-04
481             	4.85207670e-04
482             	4.84986697e-04
483             	4.84904643e-04
484             	4.85142390e-04
485             	4.86723419e-04
486             	4.88060102e-04
487             	4.88941649e-04
488             	4.90453794e-04
489             	4.91828833e-04
490             	4.92358643e-04
491             	4.92494494e-04
492             	4.92791571e-04
493             	4.93440497e-04
494             	4.94573634e-04
495             	4.95704726e-04
496             	4.96143720e-04
497             	4.96456653e-04
498             	4.96854706e-04
499             	4.97279584e-04
500             	4.98729465e-04
501             	4.99695821e-04
502             	5.00787665e-04
503             	5.01503868e-04
504             	5.01643420e-04
505             	5.05006164e-04
506             	5.12133372e-04
507             	5.16492164e-04
508             	5.18992377e-04
509             	5.21713576e-04
510             	5.23364136e-04
511             	5.24602127e-04
512             	5.25237997e-04
513             	5.26385545e-04
514             	5.27897233e-04
515             	5.28965614e-04
516             	5.29945788e-04
517             	5.30871615e-04
518             	5.31372589e-04
519             	5.31715100e-04
520             	5.32679505e-04
521             	5.33730073e-04
522             	5.34529986e-04
523             	5.34771017e-04
524             	5.35834530e-04
525             	5.36375025e-04
526             	5.37678139e-04
527             	5.38561033e-04
528             	5.39127018e-04
529             	5.38770091e-04
530             	5.39736887e-04
531             	5.40547281e-04
532             	5.42064334e-04
533             	5.43081379e-04
534             	5.43844279e-04
535             	5.44140965e-04
536             	5.45210275e-04
537             	5.45920973e-04
538             	5.47259070e-04
539             	5.48605381e-04
540             	5.48996305e-04
541             	5.48713709e-04
542             	5.48719609e-04
543             	5.50022845e-04
544             	5.51129087e-04
545             	5.51694173e-04
546             	5.53459831e-04
547             	5.55505272e-04
548             	5.56460926e-04
549             	5.56738425e-04
550             	5.57333215e-04
551             	5.58240359e-04
552             	5.59138986e-04
553             	5.60232861e-04
554             	5.62075175e-04
555             	5.64883249e-04
556             	5.66198025e-04
557             	5.65296689e-04
558             	5.64945598e-04
559             	5.65231302e-04
560             	5.69701146e-04
561             	5.73798580e-04
562             	5.76191807e-04
563             	5.77328585e-04
564             	5.77248758e-04
565             	5.77314606e-04
566             	5.77993127e-04
567             	5.78876649e-04
568             	5.79989632e-04
569             	5.81156256e-04
570             	5.81285311e-04
571             	5.83063356e-04
572             	5.84163304e-04
573             	5.85680350e-04
574             	5.85883882e-04
575             	5.86596310e-04
576             	5.87405766e-04
577             	5.88644494e-04
578             	5.87447560e-04
579             	5.83707796e-04
580             	5.83451958e-04
581             	5.85773996e-04
582             	5.87043247e-04
583             	5.86276790e-04
584             	5.87077460e-04
585             	5.87755138e-04
586             	5.89436000e-04
587             	5.90746156e-04
588             	5.92232615e-04
589             	5.93074499e-04
590             	5.94617672e-04
591             	5.95752142e-04
592             	5.97345358e-04
593             	5.98432754e-04
594             	5.99776825e-04
595             	6.00893061e-04
596             	6.02292281e-04
597             	6.02446079e-04
598             	6.04297603e-04
599             	6.05758110e-04
600             	6.07471026e-04
601             	6.08236810e-04
602             	6.09211162e-04
603             	6.10425782e-04
604             	6.12199404e-04
605             	6.13187085e-04
606             	6.15341259e-04
607             	6.16828638e-04
608             	6.18555926e-04
609             	6.19729807e-04
610             	6.21347641e-04
611             	6.22633398e-04
612             	6.24106783e-04
613             	6.25263317e-04
614             	6.27430221e-04
615             	6.29436943e-04
616             	6.31485588e-04
617             	6.33189895e-04
618             	6.35281763e-04
619             	6.37379160e-04
620             	6.39244127e-04
621             	6.40656998e-04
622             	6.42617679e-04
623             	6.44501410e-04
624             	6.46602862e-04
625             	6.48738056e-04
626             	6.51355103e-04
627             	6.54050409e-04
628             	6.56153199e-04
629             	6.56695046e-04
630             	6.59003040e-04
631             	6.60885228e-04
632             	6.63436730e-04
633             	6.65523994e-04
634             	6.67734910e-04
635             	6.69657341e-04
636             	6.71953730e-04
637             	6.73966289e-04
638             	6.76034533e-04
639             	6.77054530e-04
640             	6.79957246e-04
641             	6.81336771e-04
642             	6.84289695e-04
643             	6.86168298e-04
644             	6.87961358e-04
645             	6.90094774e-04
646             	6.92490177e-04
647             	6.95186637e-04
648             	6.98243425e-04
649             	7.00813655e-04
650             	7.03054991e-04
651             	7.05180266e-04
652             	7.07339026e-04
653             	7.07955646e-04
654             	7.11694068e-04
655             	7.14929889e-04
656             	7.16431649e-04
657             	7.19061611e-04
658             	7.21410218e-04
659             	7.23938356e-04
660             	7.26247862e-04
661             	7.28913106e-04
662             	7.31711760e-04
663             	7.34485217e-04
664             	7.37216667e-04
665             	7.39985178e-04
666             	7.42798432e-04
667             	7.45773292e-04
668             	7.48734440e-04
669             	7.51308299e-04
670             	7.53747176e-04
671             	7.56502790e-04
672             	7.58204374e-04
673             	7.61794716e-04
674             	7.64835905e-04
675             	7.67338637e-04
676             	7.68046531e-04
677             	7.70804565e-04
678             	7.74203244e-04
679             	7.77868515e-04
680             	7.81357324e-04
681             	7.86213883e-04
682             	7.93802867e-04
683             	8.04801477e-04
684             	8.14581638e-04
685             	8.27761473e-04
686             	8.41192749e-04
687             	8.38537657e-04
688             	8.27522105e-04
689             	8.26336060e-04
690             	8.31434365e-04
691             	8.34815952e-04
692             	8.35295698e-04
693             	8.34041785e-04
694             	8.34072855e-04
695             	8.34607907e-04
696             	8.36922252e-04
697             	8.40684669e-04
698             	8.45587019e-04
699             	8.49785431e-04
700             	8.52926215e-04
701             	8.54385943e-04
702             	8.54709324e-04
703             	8.58246457e-04
704             	8.62675919e-04
705             	8.67871068e-04
706             	8.73873695e-04
707             	8.80793187e-04
708             	8.87052301e-04
709             	8.93068324e-04
710             	8.93444801e-04
711             	8.96139742e-04
712             	9.03607601e-04
713             	9.09303882e-04
714             	9.14323283e-04
715             	9.18360978e-04
716             	9.22746562e-04
717             	9.27146054e-04
718             	9.32204122e-04
719             	9.37650421e-04
720             	9.43271028e-04
721             	9.48554697e-04
722             	9.54135203e-04
723             	9.59732055e-04
724             	9.64898431e-04
725             	9.69716070e-04
726             	9.74852910e-04
727             	9.78674888e-04
728             	9.86068050e-04
729             	9.91720275e-04
730             	9.98158833e-04
731             	1.00314190e-03
732             	1.00725485e-03
733             	1.01227910e-03
734             	1.01837992e-03
735             	1.02517105e-03
736             	1.03228473e-03
737             	1.03900185e-03
738             	1.04521914e-03
739             	1.05149678e-03
740             	1.05837528e-03
741             	1.06563548e-03
742             	1.07224584e-03
743             	1.07830490e-03
744             	1.08631830e-03
745             	1.09414814e-03
746             	1.10119947e-03
747             	1.10845721e-03
748             	1.11564580e-03
749             	1.12362524e-03
750             	1.13183530e-03
751             	1.14043393e-03
752             	1.14856516e-03
753             	1.15631566e-03
754             	1.16406456e-03
755             	1.17255162e-03
756             	1.18149515e-03
757             	1.19009468e-03
758             	1.19885097e-03
759             	1.20814481e-03
760             	1.22006044e-03
761             	1.23128438e-03
762             	1.24311647e-03
763             	1.25491578e-03
764             	1.26659388e-03
765             	1.27736260e-03
766             	1.28805866e-03
767             	1.30100696e-03
768             	1.31326621e-03
769             	1.32355515e-03
770             	1.33235602e-03
771             	1.34420983e-03
772             	1.35578101e-03
773             	1.36683160e-03
774             	1.37825435e-03
775             	1.39007482e-03
776             	1.39209349e-03
777             	1.40947358e-03
778             	1.42528633e-03
779             	1.42838027e-03
780             	1.43711272e-03
781             	1.45538689e-03
782             	1.47266506e-03
783             	1.49065392e-03
784             	1.50461592e-03
785             	1.51895135e-03
786             	1.52259463e-03
787             	1.54483941e-03
788             	1.56612175e-03
789             	1.58576899e-03
790             	1.60368800e-03
791             	1.60837048e-03
792             	1.63309637e-03
793             	1.65622824e-03
794             	1.67506880e-03
795             	1.69276288e-03
796             	1.69748137e-03
797             	1.72383869e-03
798             	1.74953259e-03
799             	1.75997828e-03
800             	1.78777875e-03
801             	1.81375536e-03
802             	1.82326640e-03
803             	1.85188200e-03
804             	1.87896859e-03
805             	1.89051503e-03
806             	1.92170512e-03
807             	1.93694307e-03
808             	1.97098536e-03
809             	2.00034239e-03
810             	2.01603697e-03
811             	2.04099268e-03
812             	2.06932750e-03
813             	2.09586599e-03
814             	2.12410790e-03
815             	2.15907151e-03
816             	2.18602720e-03
817             	2.21937647e-03
818             	2.26190325e-03
819             	2.29188028e-03
820             	2.33522040e-03
821             	2.36268496e-03
822             	2.39845763e-03
823             	2.44588489e-03
824             	2.47475897e-03
825             	2.47743861e-03
826             	2.48126708e-03
827             	2.49317579e-03
828             	2.50904426e-03
829             	2.49698084e-03
830             	2.47792638e-03
831             	2.46894057e-03
832             	2.44595517e-03
833             	2.42367468e-03
834             	2.39498618e-03
835             	2.37359350e-03
836             	2.34357382e-03
837             	2.31780896e-03
838             	2.29330293e-03
839             	2.26768712e-03
840             	2.24504256e-03
841             	2.20801218e-03
842             	2.17522350e-03
843             	2.14721807e-03
844             	2.12219921e-03
845             	2.09963951e-03
846             	2.07977960e-03
847             	2.05049472e-03
848             	2.03264009e-03
849             	2.01239409e-03
850             	1.99171368e-03
851             	1.96877576e-03
852             	1.94731574e-03
853             	1.93331829e-03
854             	1.90724472e-03
855             	1.88356718e-03
856             	1.86244728e-03
857             	1.84110680e-03
858             	1.81972255e-03
859             	1.79869641e-03
860             	1.77850206e-03
861             	1.75913990e-03
862             	1.74110976e-03
863             	1.72850925e-03
864             	1.71477773e-03
865             	1.69935849e-03
866             	1.68351234e-03
867             	1.66777932e-03
868             	1.65210613e-03
869             	1.63678198e-03
870             	1.62129595e-03
871             	1.60552825e-03
872             	1.59027607e-03
873             	1.57520390e-03
874             	1.55999175e-03
875             	1.54573573e-03
876             	1.53149095e-03
877             	1.51699694e-03
878             	1.49959327e-03
879             	1.47777023e-03
880             	1.46511471e-03
881             	1.45592518e-03
882             	1.44650324e-03
883             	1.43649106e-03
884             	1.42891542e-03
885             	1.42132629e-03
886             	1.41152246e-03
887             	1.40035186e-03
888             	1.38813388e-03
889             	1.37644761e-03
890             	1.36481410e-03
891             	1.35304184e-03
892             	1.34093156e-03
893             	1.32751897e-03
894             	1.31125388e-03
895             	1.29526862e-03
896             	1.28126516e-03
897             	1.26879689e-03
898             	1.25768621e-03
899             	1.24725668e-03
900             	1.23736301e-03
901             	1.22729810e-03
902             	1.21708189e-03
903             	1.20765406e-03
904             	1.19855773e-03
905             	1.18995155e-03
906             	1.18164839e-03
907             	1.17265623e-03
908             	1.16466022e-03
909             	1.15757019e-03
910             	1.14767022e-03
911             	1.13343392e-03
912             	1.12868883e-03
913             	1.12303136e-03
914             	1.11667003e-03
915             	1.10892083e-03
916             	1.10151065e-03
917             	1.09344830e-03
918             	1.08412837e-03
919             	1.07731976e-03
920             	1.06980039e-03
921             	1.06181182e-03
922             	1.05448273e-03
923             	1.04695316e-03
924             	1.03883075e-03
925             	1.03114191e-03
926             	1.02584560e-03
927             	1.02136239e-03
928             	1.01642419e-03
929             	1.01079584e-03
930             	1.00424931e-03
931             	9.96829596e-04
932             	9.90975321e-04
933             	9.85839197e-04
934             	9.79905883e-04
935             	9.71799781e-04
936             	9.61429294e-04
937             	9.52115230e-04
938             	9.44398995e-04
939             	9.38769226e-04
940             	9.32578482e-04
941             	9.26097111e-04
942             	9.20068227e-04
943             	9.13758397e-04
944             	9.04550547e-04
945             	9.01630832e-04
946             	9.00162274e-04
947             	8.96829883e-04
948             	8.92339594e-04
949             	8.86765453e-04
950             	8.81384596e-04
951             	8.75643800e-04
952             	8.70938160e-04
953             	8.65967833e-04
954             	8.60473346e-04
955             	8.54391151e-04
956             	8.50336749e-04
957             	8.46188389e-04
958             	8.41898475e-04
959             	8.38552770e-04
960             	8.35423620e-04
961             	8.31280236e-04
962             	8.26023073e-04
963             	8.20225953e-04
964             	8.14820294e-04
965             	8.10270766e-04
966             	8.05847170e-04
967             	8.00844587e-04
968             	7.96421783e-04
969             	7.91817663e-04
970             	7.86494557e-04
971             	7.81168494e-04
972             	7.76523991e-04
973             	7.72010571e-04
974             	7.67633895e-04
975             	7.63515844e-04
976             	7.59113561e-04
977             	7.53120303e-04
978             	7.44072113e-04
979             	7.38143963e-04
980             	7.37602829e-04
981             	7.36000517e-04
982             	7.34208413e-04
983             	7.32231161e-04
984             	7.29703341e-04
985             	7.26694553e-04
986             	7.22971009e-04
987             	7.18666048e-04
988             	7.14799734e-04
989             	7.11016926e-04
990             	7.07221753e-04
991             	7.03013753e-04
992             	6.98903360e-04
993             	6.94860467e-04
994             	6.91370747e-04
995             	6.87811549e-04
996             	6.84338843e-04
997             	6.80569247e-04
998             	6.77063333e-04
999             	6.73800662e-04
1000            	6.70702875e-04
1001            	6.67464427e-04
1002            	6.64384613e-04
1003            	6.60895089e-04
1004            	6.58012366e-04
1005            	6.55188759e-04
1006            	6.52739544e-04
1007            	6.49897959e-04
1008            	6.46733382e-04
1009            	6.43495621e-04
1010            	6.39444084e-04
1011            	6.35830784e-04
1012            	6.32716262e-04
1013            	6.29827914e-04
1014            	6.27006918e-04
1015            	6.24312612e-04
1016            	6.23955499e-04
1017            	6.23296376e-04
1018            	6.22015827e-04
1019            	6.19446915e-04
1020            	6.17090885e-04
1021            	6.13150435e-04
1022            	6.09108965e-04
1023            	6.05252918e-04
1024            	6.01959206e-04
1025            	5.98959236e-04
1026            	5.96225685e-04
1027            	5.93222551e-04
1028            	5.89775488e-04
1029            	5.87099132e-04
1030            	5.84542267e-04
1031            	5.81966531e-04
1032            	5.79300294e-04
1033            	5.76769716e-04
1034            	5.74306258e-04
1035            	5.71732327e-04
1036            	5.68770057e-04
1037            	5.65459116e-04
1038            	5.63080732e-04
1039            	5.60750426e-04
1040            	5.58249830e-04
1041            	5.54457032e-04
1042            	5.51295493e-04
1043            	5.48518590e-04
1044            	5.46266525e-04
1045            	5.43683554e-04
1046            	5.41987077e-04
1047            	5.40238045e-04
1048            	5.37812367e-04
1049            	5.35009178e-04
1050            	5.32072546e-04
1051            	5.30950850e-04
1052            	5.32625364e-04
1053            	5.33707374e-04
1054            	5.32763247e-04
1055            	5.32408197e-04
1056            	5.32051872e-04
1057            	5.31238103e-04
1058            	5.29739735e-04
1059            	5.27833751e-04
1060            	5.25687313e-04
1061            	5.23527385e-04
1062            	5.21319366e-04
1063            	5.18542399e-04
1064            	5.16375493e-04
1065            	5.14123032e-04
1066            	5.11799149e-04
1067            	5.09616499e-04
1068            	5.06561259e-04
1069            	5.03407340e-04
1070            	5.00682274e-04
1071            	4.98872977e-04
1072            	4.97771689e-04
1073            	4.96366405e-04
1074            	4.93481574e-04
1075            	4.90602339e-04
1076            	4.88866087e-04
1077            	4.87304876e-04
1078            	4.85309520e-04
1079            	4.83371589e-04
1080            	4.81238765e-04
1081            	4.79343555e-04
1082            	4.77261252e-04
1083            	4.75167606e-04
1084            	4.73115620e-04
1085            	4.71493315e-04
1086            	4.69920012e-04
1087            	4.67789925e-04
1088            	4.63029786e-04
1089            	4.57302267e-04
1090            	4.52201549e-04
1091            	4.49577113e-04
1092            	4.47944972e-04
1093            	4.46242300e-04
1094            	4.44409929e-04
1095            	4.42496878e-04
1096            	4.40549481e-04
1097            	4.39138040e-04
1098            	4.39108223e-04
1099            	4.38713141e-04
1100            	4.37669128e-04
1101            	4.37273339e-04
1102            	4.36483886e-04
1103            	4.35658693e-04
1104            	4.33927130e-04
1105            	4.31795720e-04
1106            	4.30251011e-04
1107            	4.29054927e-04
1108            	4.27426302e-04
1109            	4.25660305e-04
1110            	4.23651836e-04
1111            	4.21027265e-04
1112            	4.19284700e-04
1113            	4.17830096e-04
1114            	4.16052604e-04
1115            	4.13997017e-04
1116            	4.11941193e-04
1117            	4.09913357e-04
1118            	4.08234601e-04
1119            	4.06184106e-04
1120            	4.03871876e-04
1121            	4.01810189e-04
1122            	3.99967291e-04
1123            	3.98465318e-04
1124            	3.97095225e-04
1125            	3.95485594e-04
1126            	3.93852798e-04
1127            	3.92213312e-04
1128            	3.90563410e-04
1129            	3.89037106e-04
1130            	3.87613304e-04
1131            	3.86286138e-04
1132            	3.85006413e-04
1133            	3.83587125e-04
1134            	3.82250397e-04
1135            	3.80926097e-04
1136            	3.79755320e-04
1137            	3.78453395e-04
1138            	3.76899156e-04
1139            	3.75207536e-04
1140            	3.73674245e-04
1141            	3.72310108e-04
1142            	3.71026149e-04
1143            	3.71086378e-04
1144            	3.71289908e-04
1145            	3.70641588e-04
1146            	3.69241769e-04
1147            	3.68228554e-04
1148            	3.65408079e-04
1149            	3.63741793e-04
1150            	3.62759414e-04
1151            	3.61822338e-04
1152            	3.60680120e-04
1153            	3.59890936e-04
1154            	3.59010184e-04
1155            	3.57552143e-04
1156            	3.56214406e-04
1157            	3.54761932e-04
1158            	3.53545663e-04
1159            	3.52885287e-04
1160            	3.52113063e-04
1161            	3.50707773e-04
1162            	3.49450550e-04
1163            	3.48071913e-04
1164            	3.46275492e-04
1165            	3.45178410e-04
1166            	3.44303645e-04
1167            	3.43341616e-04
1168            	3.42259910e-04
1169            	3.40807263e-04
1170            	3.39523681e-04
1171            	3.38946318e-04
1172            	3.38487304e-04
1173            	3.38141627e-04
1174            	3.36939030e-04
1175            	3.35658219e-04
1176            	3.34198074e-04
1177            	3.32830072e-04
1178            	3.29612338e-04
1179            	3.27510235e-04
1180            	3.27892839e-04
1181            	3.28104128e-04
1182            	3.27928011e-04
1183            	3.26866722e-04
1184            	3.25506345e-04
1185            	3.24044271e-04
1186            	3.22876922e-04
1187            	3.21269713e-04
1188            	3.19696838e-04
1189            	3.18449344e-04
1190            	3.17041919e-04
1191            	3.15809087e-04
1192            	3.15383192e-04
1193            	3.14970127e-04
1194            	3.14715856e-04
1195            	3.13807432e-04
1196            	3.13090040e-04
1197            	3.12204831e-04
1198            	3.11240799e-04
1199            	3.10059133e-04
1200            	3.08213968e-04
1201            	3.06863625e-04
1202            	3.05579508e-04
1203            	3.04546877e-04
1204            	3.03623018e-04
1205            	3.02582729e-04
1206            	3.01916952e-04
1207            	3.01318275e-04
1208            	3.00281412e-04
1209            	2.99059972e-04
1210            	2.98153749e-04
1211            	2.97380771e-04
1212            	2.96469178e-04
1213            	2.94656581e-04
1214            	2.93875861e-04
1215            	2.93064811e-04
1216            	2.91927370e-04
1217            	2.90820669e-04
1218            	2.89783573e-04
1219            	2.88912826e-04
1220            	2.88139624e-04
1221            	2.87536571e-04
1222            	2.86737973e-04
1223            	2.85891981e-04
1224            	2.84982282e-04
1225            	2.83890660e-04
1226            	2.83070690e-04
1227            	2.82208055e-04
1228            	2.81031143e-04
1229            	2.79751943e-04
1230            	2.78401562e-04
1231            	2.77513215e-04
1232            	2.76674357e-04
1233            	2.75658571e-04
1234            	2.74723080e-04
1235            	2.73888482e-04
1236            	2.72908609e-04
1237            	2.71593777e-04
1238            	2.70460997e-04
1239            	2.69444099e-04
1240            	2.69056552e-04
1241            	2.68665907e-04
1242            	2.68307503e-04
1243            	2.67741987e-04
1244            	2.67021186e-04
1245            	2.66165635e-04
1246            	2.64997098e-04
1247            	2.63228531e-04
1248            	2.62138919e-04
1249            	2.61246981e-04
1250            	2.60522535e-04
1251            	2.59700217e-04
1252            	2.58873849e-04
1253            	2.58023929e-04
1254            	2.57148887e-04
1255            	2.56265541e-04
1256            	2.55261524e-04
1257            	2.54347853e-04
1258            	2.53508155e-04
1259            	2.52676914e-04
1260            	2.51683173e-04
1261            	2.50840566e-04
1262            	2.49767630e-04
1263            	2.48881361e-04
1264            	2.48109321e-04
1265            	2.47383327e-04
1266            	2.46641654e-04
1267            	2.46013538e-04
1268            	2.45655638e-04
1269            	2.45167558e-04
1270            	2.44350961e-04
1271            	2.43547958e-04
1272            	2.43230809e-04
1273            	2.43938408e-04
1274            	2.44522605e-04
1275            	2.44598923e-04
1276            	2.44147298e-04
1277            	2.43287459e-04
1278            	2.42265265e-04
1279            	2.41160950e-04
1280            	2.40096872e-04
1281            	2.39193615e-04
1282            	2.38213921e-04
1283            	2.37058160e-04
1284            	2.36103432e-04
1285            	2.35269404e-04
1286            	2.34523117e-04
1287            	2.33767493e-04
1288            	2.33123652e-04
1289            	2.32400483e-04
1290            	2.31713751e-04
1291            	2.31076631e-04
1292            	2.30400548e-04
1293            	2.29592439e-04
1294            	2.28815310e-04
1295            	2.28071420e-04
1296            	2.27280234e-04
1297            	2.26367459e-04
1298            	2.25629312e-04
1299            	2.24874476e-04
1300            	2.24075786e-04
1301            	2.23288377e-04
1302            	2.22497106e-04
1303            	2.21776484e-04
1304            	2.21130386e-04
1305            	2.20682609e-04
1306            	2.19998020e-04
1307            	2.19270713e-04
1308            	2.18653166e-04
1309            	2.18043451e-04
1310            	2.17825465e-04
1311            	2.17141662e-04
1312            	2.16201894e-04
1313            	2.15624734e-04
1314            	2.14979860e-04
1315            	2.14361733e-04
1316            	2.13973864e-04
1317            	2.13740269e-04
1318            	2.13293798e-04
1319            	2.12675982e-04
1320            	2.11860955e-04
1321            	2.10977545e-04
1322            	2.10176454e-04
1323            	2.09531012e-04
1324            	2.08921793e-04
1325            	2.08328307e-04
1326            	2.07732428e-04
1327            	2.07032958e-04
1328            	2.06362334e-04
1329            	2.05644497e-04
1330            	2.04850597e-04
1331            	2.04180316e-04
1332            	2.03531556e-04
1333            	2.02613160e-04
1334            	2.01669975e-04
1335            	2.00823180e-04
1336            	2.00024313e-04
1337            	1.99203391e-04
1338            	1.98495167e-04
1339            	1.97850632e-04
1340            	1.97244326e-04
1341            	1.96598262e-04
1342            	1.96030715e-04
1343            	1.95356103e-04
1344            	1.94678343e-04
1345            	1.94067721e-04
1346            	1.93408464e-04
1347            	1.92748490e-04
1348            	1.92149856e-04
1349            	1.91706462e-04
1350            	1.91007984e-04
1351            	1.90222133e-04
1352            	1.89606671e-04
1353            	1.89032432e-04
1354            	1.88580344e-04
1355            	1.88048911e-04
1356            	1.87470080e-04
1357            	1.87242625e-04
1358            	1.86859735e-04
1359            	1.86496988e-04
1360            	1.86012174e-04
1361            	1.85561355e-04
1362            	1.85117266e-04
1363            	1.84575898e-04
1364            	1.84042742e-04
1365            	1.83485653e-04
1366            	1.82952007e-04
1367            	1.82399098e-04
1368            	1.82038154e-04
1369            	1.81708277e-04
1370            	1.81313394e-04
1371            	1.80870333e-04
1372            	1.80329618e-04
1373            	1.79791991e-04
1374            	1.79360965e-04
1375            	1.78827137e-04
1376            	1.78206251e-04
1377            	1.77730073e-04
1378            	1.77276664e-04
1379            	1.76650299e-04
1380            	1.76158380e-04
1381            	1.75572312e-04
1382            	1.75467487e-04
1383            	1.75308641e-04
1384            	1.75014506e-04
1385            	1.74637719e-04
1386            	1.74207869e-04
1387            	1.73712440e-04
1388            	1.73249905e-04
1389            	1.72628801e-04
1390            	1.72041376e-04
1391            	1.71440999e-04
1392            	1.70848486e-04
1393            	1.70261989e-04
1394            	1.69703640e-04
1395            	1.69184122e-04
1396            	1.68754416e-04
1397            	1.69327886e-04
1398            	1.69611413e-04
1399            	1.69722794e-04
1400            	1.69439353e-04
1401            	1.69066821e-04
1402            	1.68578152e-04
1403            	1.68147294e-04
1404            	1.67602248e-04
1405            	1.67155523e-04
1406            	1.66609796e-04
1407            	1.66050229e-04
1408            	1.65390670e-04
1409            	1.64900145e-04
1410            	1.64355196e-04
1411            	1.63860707e-04
1412            	1.63354065e-04
1413            	1.62890079e-04
1414            	1.62357749e-04
1415            	1.61799265e-04
1416            	1.61233987e-04
1417            	1.60604911e-04
1418            	1.60019055e-04
1419            	1.59604428e-04
1420            	1.59151406e-04
1421            	1.58721490e-04
1422            	1.58305386e-04
1423            	1.57922564e-04
1424            	1.57411212e-04
1425            	1.56942300e-04
1426            	1.56475503e-04
1427            	1.56035958e-04
1428            	1.55609840e-04
1429            	1.55208511e-04
1430            	1.54751069e-04
1431            	1.54426723e-04
1432            	1.54100310e-04
1433            	1.53734537e-04
1434            	1.53324049e-04
1435            	1.52856741e-04
1436            	1.52366546e-04
1437            	1.51647007e-04
1438            	1.50464367e-04
1439            	1.49392903e-04
1440            	1.49054318e-04
1441            	1.49236403e-04
1442            	1.49054487e-04
1443            	1.48558395e-04
1444            	1.47836870e-04
1445            	1.47070527e-04
1446            	1.46478170e-04
1447            	1.46020387e-04
1448            	1.47662917e-04
1449            	1.49014477e-04
1450            	1.49736654e-04
1451            	1.49446146e-04
1452            	1.48965882e-04
1453            	1.48566631e-04
1454            	1.48380608e-04
1455            	1.48752510e-04
1456            	1.48729612e-04
1457            	1.48127557e-04
1458            	1.47389875e-04
1459            	1.45937788e-04
1460            	1.45428425e-04
1461            	1.45389792e-04
1462            	1.45215594e-04
1463            	1.44904505e-04
1464            	1.44410304e-04
1465            	1.43890735e-04
1466            	1.43669660e-04
1467            	1.43251709e-04
1468            	1.42700849e-04
1469            	1.42104502e-04
1470            	1.40512478e-04
1471            	1.37577372e-04
1472            	1.35757482e-04
1473            	1.36259388e-04
1474            	1.36400097e-04
1475            	1.36223514e-04
1476            	1.35926182e-04
1477            	1.35729277e-04
1478            	1.35549797e-04
1479            	1.35245378e-04
1480            	1.34927285e-04
1481            	1.34570233e-04
1482            	1.34163024e-04
1483            	1.33758686e-04
1484            	1.33387978e-04
1485            	1.32996439e-04
1486            	1.32624074e-04
1487            	1.32221675e-04
1488            	1.31755458e-04
1489            	1.31226727e-04
1490            	1.30893292e-04
1491            	1.30581417e-04
1492            	1.30074458e-04
1493            	1.29564984e-04
1494            	1.29017923e-04
1495            	1.28305049e-04
1496            	1.27807021e-04
1497            	1.27442919e-04
1498            	1.27076212e-04
1499            	1.26689562e-04
1500            	1.26278039e-04
1501            	1.25851811e-04
1502            	1.25486168e-04
1503            	1.25140508e-04
1504            	1.24670212e-04
1505            	1.24255529e-04
1506            	1.23888662e-04
1507            	1.23324614e-04
1508            	1.22496404e-04
1509            	1.21775268e-04
1510            	1.21231125e-04
1511            	1.20967241e-04
1512            	1.20712859e-04
1513            	1.20403544e-04
1514            	1.20087197e-04
1515            	1.19802563e-04
1516            	1.19533226e-04
1517            	1.19261876e-04
1518            	1.19030376e-04
1519            	1.18722685e-04
1520            	1.18346200e-04
1521            	1.17981306e-04
1522            	1.17656364e-04
1523            	1.17352671e-04
1524            	1.17072735e-04
1525            	1.16761129e-04
1526            	1.16455860e-04
1527            	1.16145015e-04
1528            	1.16005923e-04
1529            	1.16732295e-04
1530            	1.17400812e-04
1531            	1.17809149e-04
1532            	1.17780781e-04
1533            	1.17481834e-04
1534            	1.17044535e-04
1535            	1.16893509e-04
1536            	1.16782507e-04
1537            	1.16451472e-04
1538            	1.15826281e-04
1539            	1.15180641e-04
1540            	1.14765727e-04
1541            	1.14341711e-04
1542            	1.13835723e-04
1543            	1.13356947e-04
1544            	1.12941259e-04
1545            	1.12447247e-04
1546            	1.11950906e-04
1547            	1.11529741e-04
1548            	1.11308983e-04
1549            	1.11001768e-04
1550            	1.10747999e-04
1551            	1.10459087e-04
1552            	1.10141238e-04
1553            	1.09810265e-04
1554            	1.09500523e-04
1555            	1.09200399e-04
1556            	1.08872212e-04
1557            	1.08337183e-04
1558            	1.06845866e-04
1559            	1.07174354e-04
1560            	1.09280930e-04
1561            	1.10468753e-04
1562            	1.10450211e-04
1563            	1.09839027e-04
1564            	1.09345142e-04
1565            	1.09041817e-04
1566            	1.09080039e-04
1567            	1.08875372e-04
1568            	1.08336919e-04
1569            	1.07745775e-04
1570            	1.07168887e-04
1571            	1.06674704e-04
1572            	1.06277978e-04
1573            	1.05786576e-04
1574            	1.05293749e-04
1575            	1.04875736e-04
1576            	1.04515173e-04
1577            	1.04217338e-04
1578            	1.03930927e-04
1579            	1.03567374e-04
1580            	1.03162347e-04
1581            	1.02791995e-04
1582            	1.02487735e-04
1583            	1.02336895e-04
1584            	1.02167245e-04
1585            	1.01929568e-04
1586            	1.01672075e-04
1587            	1.01379026e-04
1588            	1.01055213e-04
1589            	1.00727245e-04
1590            	1.00373750e-04
1591            	9.99340890e-05
1592            	9.95619687e-05
1593            	9.92876627e-05
1594            	9.90101100e-05
1595            	9.87229473e-05
1596            	9.91430131e-05
1597            	1.00966761e-04
1598            	1.02431626e-04
1599            	1.02697585e-04
1600            	1.01886081e-04
1601            	1.00696806e-04
1602            	9.99300218e-05
1603            	9.99369575e-05
1604            	1.00423546e-04
1605            	1.00871616e-04
1606            	1.00850965e-04
1607            	1.00417418e-04
1608            	9.97612637e-05
1609            	9.92539735e-05
1610            	9.90257808e-05
1611            	9.89634463e-05
1612            	9.88979630e-05
1613            	9.86979316e-05
1614            	9.82936444e-05
1615            	9.78212268e-05
1616            	9.74230053e-05
1617            	9.70756675e-05
1618            	9.68220878e-05
1619            	9.65884495e-05
1620            	9.63770660e-05
1621            	9.61427976e-05
1622            	9.58411699e-05
1623            	9.53498917e-05
1624            	9.48869995e-05
1625            	9.46191730e-05
1626            	9.43231176e-05
1627            	9.36963610e-05
1628            	9.27383819e-05
1629            	9.20029417e-05
1630            	9.17033270e-05
1631            	9.15792374e-05
1632            	9.14889149e-05
1633            	9.12288844e-05
1634            	9.07335682e-05
1635            	9.02003979e-05
1636            	8.97678079e-05
1637            	8.93988994e-05
1638            	8.89983257e-05
1639            	8.87187706e-05
1640            	8.85312390e-05
1641            	8.83326082e-05
1642            	8.79058252e-05
1643            	8.76792957e-05
1644            	8.80376312e-05
1645            	8.82014650e-05
1646            	8.83433359e-05
1647            	8.82586662e-05
1648            	8.79534851e-05
1649            	8.77936753e-05
1650            	8.77469237e-05
1651            	8.76490359e-05
1652            	8.75245527e-05
1653            	8.73336064e-05
1654            	8.71283618e-05
1655            	8.69370496e-05
1656            	8.66724018e-05
1657            	8.64131543e-05
1658            	8.61904145e-05
1659            	8.64381093e-05
1660            	8.74051749e-05
1661            	8.86866722e-05
1662            	8.98130213e-05
1663            	9.04070695e-05
1664            	9.03615232e-05
1665            	8.94524830e-05
1666            	8.85951978e-05
1667            	8.81413001e-05
1668            	8.78986014e-05
1669            	8.75233818e-05
1670            	8.70686033e-05
1671            	8.67396826e-05
1672            	8.65739845e-05
1673            	8.63153239e-05
1674            	8.60211050e-05
1675            	8.56513037e-05
1676            	8.53856410e-05
1677            	8.51997645e-05
1678            	8.51332803e-05
1679            	8.50527615e-05
1680            	8.49131865e-05
1681            	8.46978186e-05
1682            	8.43840120e-05
1683            	8.40742676e-05
1684            	8.36721677e-05
1685            	8.32890243e-05
1686            	8.29419244e-05
1687            	8.25352127e-05
1688            	8.21794004e-05
1689            	8.19232327e-05
1690            	8.15375192e-05
1691            	8.09804494e-05
1692            	8.05528582e-05
1693            	8.02763510e-05
1694            	8.00395554e-05
1695            	7.98069774e-05
1696            	7.97157819e-05
1697            	7.95610844e-05
1698            	7.93162236e-05
1699            	7.89903380e-05
1700            	7.87977637e-05
1701            	7.91380091e-05
1702            	7.92451579e-05
1703            	7.90253163e-05
1704            	7.87833359e-05
1705            	7.84612603e-05
1706            	7.81308136e-05
1707            	7.79550660e-05
1708            	7.79340510e-05
1709            	7.77921402e-05
1710            	7.75283859e-05
1711            	7.71441114e-05
1712            	7.68316511e-05
1713            	7.66851890e-05
1714            	7.65153718e-05
1715            	7.64902085e-05
1716            	7.51000223e-05
1717            	7.29993974e-05
1718            	7.16170201e-05
1719            	7.29879266e-05
1720            	7.39481264e-05
1721            	7.42771477e-05
1722            	7.34174504e-05
1723            	7.26803684e-05
1724            	7.22202600e-05
1725            	7.20613778e-05
1726            	7.21585660e-05
1727            	7.22188407e-05
1728            	7.20388975e-05
1729            	7.20001136e-05
1730            	7.20541787e-05
1731            	7.18333960e-05
1732            	7.11230542e-05
1733            	7.07459195e-05
1734            	7.06901337e-05
1735            	7.07646778e-05
1736            	7.07362063e-05
1737            	7.02641168e-05
1738            	6.99640836e-05
1739            	6.97411016e-05
1740            	6.92825315e-05
1741            	6.89608609e-05
1742            	6.89285245e-05
1743            	6.89926853e-05
1744            	6.90575146e-05
1745            	6.87750032e-05
1746            	6.82752996e-05
1747            	6.77440528e-05
1748            	6.75232023e-05
1749            	6.74860928e-05
1750            	6.75586577e-05
1751            	6.75043794e-05
1752            	6.70410458e-05
1753            	6.68159471e-05
1754            	6.68013361e-05
1755            	6.67686909e-05
1756            	6.68332828e-05
1757            	6.66540836e-05
1758            	6.64460364e-05
1759            	6.64548098e-05
1760            	6.64492388e-05
1761            	6.63136658e-05
1762            	6.57874611e-05
1763            	6.53601902e-05
1764            	6.52394541e-05
1765            	6.52051483e-05
1766            	6.53211725e-05
1767            	6.50666223e-05
1768            	6.48539749e-05
1769            	6.47425480e-05
1770            	6.44991247e-05
1771            	6.42385415e-05
1772            	6.39454166e-05
1773            	6.38038673e-05
1774            	6.37096462e-05
1775            	6.36481447e-05
1776            	6.33866983e-05
1777            	6.27984164e-05
1778            	6.24258901e-05
1779            	6.22897139e-05
1780            	6.20649399e-05
1781            	6.17165833e-05
1782            	6.14894783e-05
1783            	6.12712099e-05
1784            	6.08169731e-05
1785            	6.05871239e-05
1786            	6.04929960e-05
1787            	6.04822927e-05
1788            	6.04346334e-05
1789            	6.03047163e-05
1790            	5.91126461e-05
1791            	5.81129400e-05
1792            	5.75877916e-05
1793            	5.71875870e-05
1794            	5.69156497e-05
1795            	5.67793903e-05
1796            	5.65999961e-05
1797            	5.64232853e-05
1798            	5.62483962e-05
1799            	5.60579706e-05
1800            	5.58828125e-05
1801            	5.57008511e-05
1802            	5.53340458e-05
1803            	5.46117056e-05
1804            	5.39428681e-05
1805            	5.35613428e-05
1806            	5.36166136e-05
1807            	5.35016265e-05
1808            	5.34238168e-05
1809            	5.33784405e-05
1810            	5.33578067e-05
1811            	5.33590710e-05
1812            	5.32840170e-05
1813            	5.31623356e-05
1814            	5.30128402e-05
1815            	5.28384258e-05
1816            	5.26532898e-05
1817            	5.24680014e-05
1818            	5.23003042e-05
1819            	5.21217779e-05
1820            	5.19625875e-05
1821            	5.18478252e-05
1822            	5.17188412e-05
1823            	5.15582585e-05
1824            	5.13936610e-05
1825            	5.12342109e-05
1826            	5.10810141e-05
1827            	5.09323769e-05
1828            	5.08106137e-05
1829            	5.07616728e-05
1830            	5.07114549e-05
1831            	5.06236305e-05
1832            	5.05062453e-05
1833            	5.03788342e-05
1834            	5.02516913e-05
1835            	5.01271576e-05
1836            	4.99887533e-05
1837            	4.98356169e-05
1838            	4.96669029e-05
1839            	4.95132692e-05
1840            	4.93782875e-05
1841            	4.91894131e-05
1842            	4.90364256e-05
1843            	4.88839902e-05
1844            	4.87766198e-05
1845            	4.86538638e-05
1846            	4.85126478e-05
1847            	4.83641660e-05
1848            	4.82493592e-05
1849            	4.81227956e-05
1850            	4.80275537e-05
1851            	4.78751696e-05
1852            	4.77886700e-05
1853            	4.76944102e-05
1854            	4.73780120e-05
1855            	4.71750298e-05
1856            	4.69913061e-05
1857            	4.68024526e-05
1858            	4.65962610e-05
1859            	4.64506517e-05
1860            	4.63206719e-05
1861            	4.61532712e-05
1862            	4.59922067e-05
1863            	4.58504408e-05
1864            	4.57191790e-05
1865            	4.55556632e-05
1866            	4.53769590e-05
1867            	4.52172987e-05
1868            	4.50452460e-05
1869            	4.49321702e-05
1870            	4.48243129e-05
1871            	4.47037087e-05
1872            	4.45816808e-05
1873            	4.44328662e-05
1874            	4.43113519e-05
1875            	4.42080679e-05
1876            	4.41380057e-05
1877            	4.41041471e-05
1878            	4.43789519e-05
1879            	4.45759421e-05
1880            	4.43091212e-05
1881            	4.39906118e-05
1882            	4.36842554e-05
1883            	4.34157369e-05
1884            	4.31939763e-05
1885            	4.30357333e-05
1886            	4.29117678e-05
1887            	4.27765585e-05
1888            	4.27206311e-05
1889            	4.28434854e-05
1890            	4.29147800e-05
1891            	4.29219408e-05
1892            	4.28822640e-05
1893            	4.28063245e-05
1894            	4.27116585e-05
1895            	4.26124784e-05
1896            	4.25050513e-05
1897            	4.23937505e-05
1898            	4.22781683e-05
1899            	4.21598227e-05
1900            	4.19088598e-05
1901            	4.13305766e-05
1902            	4.09852477e-05
1903            	4.07891774e-05
1904            	4.06652633e-05
1905            	4.06493789e-05
1906            	4.07764003e-05
1907            	4.09220470e-05
1908            	4.10119120e-05
1909            	4.11673376e-05
1910            	4.12750581e-05
1911            	4.11853683e-05
1912            	4.08869051e-05
1913            	4.06672661e-05
1914            	4.05843986e-05
1915            	4.05489576e-05
1916            	4.04787475e-05
1917            	4.03702698e-05
1918            	4.02637985e-05
1919            	4.01315478e-05
1920            	3.99949361e-05
1921            	3.98512331e-05
1922            	3.96995047e-05
1923            	3.92827449e-05
1924            	3.89770930e-05
1925            	3.88946679e-05
1926            	3.89587421e-05
1927            	3.89500372e-05
1928            	3.88518081e-05
1929            	3.86969710e-05
1930            	3.85402591e-05
1931            	3.82893103e-05
1932            	3.80541480e-05
1933            	3.78610294e-05
1934            	3.76404903e-05
1935            	3.75150620e-05
1936            	3.73677005e-05
1937            	3.70524591e-05
1938            	3.66508784e-05
1939            	3.63225770e-05
1940            	3.60946671e-05
1941            	3.58685321e-05
1942            	3.56897945e-05
1943            	3.55665950e-05
1944            	3.55445749e-05
1945            	3.55018078e-05
1946            	3.54082870e-05
1947            	3.53082892e-05
1948            	3.52049746e-05
1949            	3.50837461e-05
1950            	3.49823559e-05
1951            	3.48824324e-05
1952            	3.47789273e-05
1953            	3.46848717e-05
1954            	3.45768516e-05
1955            	3.44843020e-05
1956            	3.43914484e-05
1957            	3.42934085e-05
1958            	3.41953979e-05
1959            	3.40680045e-05
1960            	3.39592115e-05
1961            	3.38555332e-05
1962            	3.37436633e-05
1963            	3.36371045e-05
1964            	3.35410197e-05
1965            	3.34478957e-05
1966            	3.33639277e-05
1967            	3.32654690e-05
1968            	3.31968064e-05
1969            	3.31049537e-05
1970            	3.30318287e-05
1971            	3.29427070e-05
1972            	3.28697747e-05
1973            	3.27707866e-05
1974            	3.26916270e-05
1975            	3.26131594e-05
1976            	3.25154401e-05
1977            	3.24292701e-05
1978            	3.23228868e-05
1979            	3.22246169e-05
1980            	3.21254870e-05
1981            	3.20378139e-05
1982            	3.19597528e-05
1983            	3.18890531e-05
1984            	3.18147596e-05
1985            	3.17313503e-05
1986            	3.16505689e-05
1987            	3.15771743e-05
1988            	3.14800085e-05
1989            	3.14072603e-05
1990            	3.13149799e-05
1991            	3.12384622e-05
1992            	3.11467245e-05
1993            	3.10824808e-05
1994            	3.11088662e-05
1995            	3.10843302e-05
1996            	3.10204005e-05
1997            	3.09493415e-05
1998            	3.08864967e-05
1999            	3.08267468e-05
2000            	3.07816611e-05
2001            	3.07295745e-05
2002            	3.06407707e-05
2003            	3.05670161e-05
2004            	3.04874378e-05
2005            	3.04014799e-05
2006            	3.03173094e-05
2007            	3.01954501e-05
2008            	3.00937874e-05
2009            	3.00200797e-05
2010            	2.99412887e-05
2011            	2.98930186e-05
2012            	2.98231853e-05
2013            	2.97335144e-05
2014            	2.96338614e-05
2015            	2.95525406e-05
2016            	2.94736419e-05
2017            	2.93883027e-05
2018            	2.92827205e-05
2019            	2.92125175e-05
2020            	2.91522687e-05
2021            	2.90642822e-05
2022            	2.89826615e-05
2023            	2.89007105e-05
2024            	2.88228319e-05
2025            	2.87408469e-05
2026            	2.86593336e-05
2027            	2.85897905e-05
2028            	2.85141240e-05
2029            	2.84243152e-05
2030            	2.83595810e-05
2031            	2.82870518e-05
2032            	2.82079500e-05
2033            	2.81241882e-05
2034            	2.80102387e-05
2035            	2.79742290e-05
2036            	2.79100426e-05
2037            	2.78572474e-05
2038            	2.77791445e-05
2039            	2.76964684e-05
2040            	2.76228066e-05
2041            	2.75528338e-05
2042            	2.74586954e-05
2043            	2.73990589e-05
2044            	2.73362102e-05
2045            	2.72608341e-05
2046            	2.71925653e-05
2047            	2.71226049e-05
2048            	2.70172926e-05
2049            	2.69496507e-05
2050            	2.69067075e-05
2051            	2.68916702e-05
2052            	2.68512076e-05
2053            	2.67835869e-05
2054            	2.66424740e-05
2055            	2.65431156e-05
2056            	2.64861389e-05
2057            	2.64527775e-05
2058            	2.64007861e-05
2059            	2.63234555e-05
2060            	2.62534735e-05
2061            	2.61847585e-05
2062            	2.61132686e-05
2063            	2.60300460e-05
2064            	2.59677796e-05
2065            	2.59062101e-05
2066            	2.58413094e-05
2067            	2.57670124e-05
2068            	2.56936682e-05
2069            	2.56094891e-05
2070            	2.55234734e-05
2071            	2.54402238e-05
2072            	2.53400845e-05
2073            	2.51903651e-05
2074            	2.50802219e-05
2075            	2.49945164e-05
2076            	2.49298860e-05
2077            	2.48811464e-05
2078            	2.48220758e-05
2079            	2.47636798e-05
2080            	2.46938102e-05
2081            	2.46246910e-05
2082            	2.45615043e-05
2083            	2.44955509e-05
2084            	2.44335637e-05
2085            	2.43755315e-05
2086            	2.43134305e-05
2087            	2.42447871e-05
2088            	2.41761995e-05
2089            	2.41144324e-05
2090            	2.40576052e-05
2091            	2.39960495e-05
2092            	2.39320781e-05
2093            	2.38654300e-05
2094            	2.38068020e-05
2095            	2.37368767e-05
2096            	2.36770130e-05
2097            	2.36216371e-05
2098            	2.35604941e-05
2099            	2.34969718e-05
2100            	2.34315622e-05
2101            	2.33721168e-05
2102            	2.33078126e-05
2103            	2.32510656e-05
2104            	2.32003099e-05
2105            	2.31114959e-05
2106            	2.30602323e-05
2107            	2.30269273e-05
2108            	2.29639678e-05
2109            	2.29403489e-05
2110            	2.28987065e-05
2111            	2.28463530e-05
2112            	2.27828072e-05
2113            	2.27214364e-05
2114            	2.26489109e-05
2115            	2.25728290e-05
2116            	2.24931182e-05
2117            	2.24336734e-05
2118            	2.23794005e-05
2119            	2.23367151e-05
2120            	2.22736579e-05
2121            	2.22239813e-05
2122            	2.21543992e-05
2123            	2.21019911e-05
2124            	2.20506485e-05
2125            	2.19840397e-05
2126            	2.19228791e-05
2127            	2.18415731e-05
2128            	2.17518572e-05
2129            	2.17089099e-05
2130            	2.16671394e-05
2131            	2.16123500e-05
2132            	2.15546364e-05
2133            	2.14858690e-05
2134            	2.14295379e-05
2135            	2.13775025e-05
2136            	2.13161342e-05
2137            	2.12573447e-05
2138            	2.12052147e-05
2139            	2.11506001e-05
2140            	2.10957891e-05
2141            	2.10787859e-05
2142            	2.10742791e-05
2143            	2.10564770e-05
2144            	2.10296770e-05
2145            	2.09878701e-05
2146            	2.09168943e-05
2147            	2.08627391e-05
2148            	2.08147417e-05
2149            	2.07518033e-05
2150            	2.07074384e-05
2151            	2.06285584e-05
2152            	2.05865723e-05
2153            	2.05425092e-05
2154            	2.04968501e-05
2155            	2.04372811e-05
2156            	2.03612806e-05
2157            	2.03011221e-05
2158            	2.02457732e-05
2159            	2.02038987e-05
2160            	2.01482741e-05
2161            	2.01040986e-05
2162            	2.00259789e-05
2163            	1.99705626e-05
2164            	1.99375381e-05
2165            	1.98981096e-05
2166            	1.98599898e-05
2167            	1.98226916e-05
2168            	1.97798594e-05
2169            	1.97471137e-05
2170            	1.97190998e-05
2171            	1.96795909e-05
2172            	1.96101551e-05
2173            	1.95582495e-05
2174            	1.95098489e-05
2175            	1.94621433e-05
2176            	1.93985240e-05
2177            	1.93566370e-05
2178            	1.93060371e-05
2179            	1.92646268e-05
2180            	1.92074625e-05
2181            	1.91628424e-05
2182            	1.91202183e-05
2183            	1.90683133e-05
2184            	1.90170293e-05
2185            	1.89519900e-05
2186            	1.89025047e-05
2187            	1.88529898e-05
2188            	1.88153291e-05
2189            	1.87628174e-05
2190            	1.87096845e-05
2191            	1.86470793e-05
2192            	1.85909195e-05
2193            	1.85447890e-05
2194            	1.84985811e-05
2195            	1.84488702e-05
2196            	1.84065222e-05
2197            	1.83671574e-05
2198            	1.83255033e-05
2199            	1.82759225e-05
2200            	1.82215199e-05
2201            	1.81777157e-05
2202            	1.81388400e-05
2203            	1.80962348e-05
2204            	1.80502823e-05
2205            	1.80003530e-05
2206            	1.79493376e-05
2207            	1.78504332e-05
2208            	1.77878348e-05
2209            	1.77331316e-05
2210            	1.76714067e-05
2211            	1.75993370e-05
2212            	1.75652638e-05
2213            	1.75317945e-05
2214            	1.74975673e-05
2215            	1.74600569e-05
2216            	1.74180960e-05
2217            	1.73825242e-05
2218            	1.73492998e-05
2219            	1.73018943e-05
2220            	1.72725179e-05
2221            	1.72414505e-05
2222            	1.72128626e-05
2223            	1.71778486e-05
2224            	1.71067443e-05
2225            	1.70860343e-05
2226            	1.70597542e-05
2227            	1.70204365e-05
2228            	1.69473633e-05
2229            	1.68960958e-05
2230            	1.68778749e-05
2231            	1.68557574e-05
2232            	1.68336301e-05
2233            	1.67907570e-05
2234            	1.67582445e-05
2235            	1.67117226e-05
2236            	1.66753098e-05
2237            	1.66374947e-05
2238            	1.66000356e-05
2239            	1.65285364e-05
2240            	1.64835998e-05
2241            	1.64554955e-05
2242            	1.64212135e-05
2243            	1.63971255e-05
2244            	1.63480993e-05
2245            	1.63102529e-05
2246            	1.62724080e-05
2247            	1.62335838e-05
2248            	1.61913262e-05
2249            	1.61509184e-05
2250            	1.61096401e-05
2251            	1.60320928e-05
2252            	1.59827774e-05
2253            	1.59536245e-05
2254            	1.59265892e-05
2255            	1.58833983e-05
2256            	1.58336159e-05
2257            	1.57793135e-05
2258            	1.57203610e-05
2259            	1.56714280e-05
2260            	1.56311976e-05
2261            	1.55924949e-05
2262            	1.55502645e-05
2263            	1.54995868e-05
2264            	1.54696454e-05
2265            	1.54389906e-05
2266            	1.54054353e-05
2267            	1.53728038e-05
2268            	1.53335117e-05
2269            	1.52821353e-05
2270            	1.52137013e-05
2271            	1.51586478e-05
2272            	1.51007688e-05
2273            	1.50433472e-05
2274            	1.49951619e-05
2275            	1.49483427e-05
2276            	1.49080719e-05
2277            	1.48755873e-05
2278            	1.48439361e-05
2279            	1.48088978e-05
2280            	1.47681887e-05
2281            	1.47362379e-05
2282            	1.47065562e-05
2283            	1.46722936e-05
2284            	1.46362942e-05
2285            	1.45968327e-05
2286            	1.45630124e-05
2287            	1.45141397e-05
2288            	1.44784115e-05
2289            	1.44534023e-05
2290            	1.44097550e-05
2291            	1.43859501e-05
2292            	1.43597195e-05
2293            	1.43288930e-05
2294            	1.42952271e-05
2295            	1.42553891e-05
2296            	1.42219130e-05
2297            	1.41866018e-05
2298            	1.41408250e-05
2299            	1.41163139e-05
2300            	1.40844696e-05
2301            	1.40559597e-05
2302            	1.40209053e-05
2303            	1.39722649e-05
2304            	1.39503837e-05
2305            	1.39329731e-05
2306            	1.39013083e-05
2307            	1.38192676e-05
2308            	1.38037860e-05
2309            	1.37746208e-05
2310            	1.37757585e-05
2311            	1.37731710e-05
2312            	1.37856364e-05
2313            	1.37868555e-05
2314            	1.37616124e-05
2315            	1.37074571e-05
2316            	1.36862502e-05
2317            	1.37132173e-05
2318            	1.37309549e-05
2319            	1.37089897e-05
2320            	1.36604904e-05
2321            	1.35909943e-05
2322            	1.35399614e-05
2323            	1.34931372e-05
2324            	1.34680260e-05
2325            	1.34461582e-05
2326            	1.33936411e-05
2327            	1.33493819e-05
2328            	1.32796512e-05
2329            	1.32427422e-05
2330            	1.32135568e-05
2331            	1.31963097e-05
2332            	1.31802061e-05
2333            	1.31444702e-05
2334            	1.31302325e-05
2335            	1.31091850e-05
2336            	1.30798519e-05
2337            	1.30555895e-05
2338            	1.30265790e-05
2339            	1.29910394e-05
2340            	1.29490217e-05
2341            	1.29195970e-05
2342            	1.28911821e-05
2343            	1.28608675e-05
2344            	1.28207072e-05
2345            	1.27997437e-05
2346            	1.27725482e-05
2347            	1.27410372e-05
2348            	1.27000313e-05
2349            	1.26689859e-05
2350            	1.26426273e-05
2351            	1.26039925e-05
2352            	1.25735698e-05
2353            	1.25403538e-05
2354            	1.25095509e-05
2355            	1.24740813e-05
2356            	1.24248832e-05
2357            	1.23841902e-05
2358            	1.23475238e-05
2359            	1.23014544e-05
2360            	1.22777754e-05
2361            	1.22601881e-05
2362            	1.22151230e-05
2363            	1.22065954e-05
2364            	1.21712808e-05
2365            	1.21447169e-05
2366            	1.21241963e-05
2367            	1.21002075e-05
2368            	1.20743652e-05
2369            	1.20565421e-05
2370            	1.20393115e-05
2371            	1.20040388e-05
2372            	1.19780424e-05
2373            	1.19695996e-05
2374            	1.19510130e-05
2375            	1.19120672e-05
2376            	1.18656581e-05
2377            	1.18319508e-05
2378            	1.17998924e-05
2379            	1.17484030e-05
2380            	1.17137401e-05
2381            	1.16856459e-05
2382            	1.16548302e-05
2383            	1.16252102e-05
2384            	1.15940443e-05
2385            	1.15650271e-05
2386            	1.15312485e-05
2387            	1.15041646e-05
2388            	1.14765207e-05
2389            	1.14361399e-05
2390            	1.14169223e-05
2391            	1.13971945e-05
2392            	1.13412170e-05
2393            	1.13292061e-05
2394            	1.12904079e-05
2395            	1.12694460e-05
2396            	1.12467456e-05
2397            	1.12191907e-05
2398            	1.11866198e-05
2399            	1.11542832e-05
2400            	1.11240581e-05
2401            	1.10945382e-05
2402            	1.10673912e-05
2403            	1.10456367e-05
2404            	1.10157467e-05
2405            	1.09924965e-05
2406            	1.09684536e-05
2407            	1.09349193e-05
2408            	1.09119659e-05
2409            	1.08882518e-05
2410            	1.08685759e-05
2411            	1.08268681e-05
2412            	1.07883360e-05
2413            	1.07350930e-05
2414            	1.07188245e-05
2415            	1.06986355e-05
2416            	1.06747793e-05
2417            	1.06432551e-05
2418            	1.06148034e-05
2419            	1.05938279e-05
2420            	1.05778861e-05
2421            	1.05602401e-05
2422            	1.05411480e-05
2423            	1.05149255e-05
2424            	1.04870333e-05
2425            	1.04635065e-05
2426            	1.04392290e-05
2427            	1.04250132e-05
2428            	1.04056560e-05
2429            	1.03836953e-05
2430            	1.03587374e-05
2431            	1.03358743e-05
2432            	1.03108756e-05
2433            	1.02937376e-05
2434            	1.02726647e-05
2435            	1.02438640e-05
2436            	1.02216787e-05
2437            	1.01664410e-05
2438            	1.01431339e-05
2439            	1.01254839e-05
2440            	1.01331286e-05
2441            	1.01305733e-05
2442            	1.00709061e-05
2443            	1.00361789e-05
2444            	1.00070578e-05
2445            	9.97985108e-06
2446            	9.95252913e-06
2447            	9.93192649e-06
2448            	9.91985425e-06
2449            	9.90161392e-06
2450            	9.88602486e-06
2451            	9.92003058e-06
2452            	9.93650774e-06
2453            	9.91017419e-06
2454            	9.85778513e-06
2455            	9.81045974e-06
2456            	9.79102977e-06
2457            	9.77761258e-06
2458            	9.77514939e-06
2459            	9.72520919e-06
2460            	9.71489340e-06
2461            	9.70629796e-06
2462            	9.65587310e-06
2463            	9.64713684e-06
2464            	9.63561950e-06
2465            	9.60790790e-06
2466            	9.58522943e-06
2467            	9.55858962e-06
2468            	9.53593438e-06
2469            	9.51635414e-06
2470            	9.48451508e-06
2471            	9.46112440e-06
2472            	9.44329873e-06
2473            	9.42880982e-06
2474            	9.42692164e-06
2475            	9.40321315e-06
2476            	9.37807857e-06
2477            	9.35538261e-06
2478            	9.29100521e-06
2479            	9.28122226e-06
2480            	9.27364870e-06
2481            	9.27030727e-06
2482            	9.24909100e-06
2483            	9.22312852e-06
2484            	9.21871879e-06
2485            	9.16947386e-06
2486            	9.15346858e-06
2487            	9.14914237e-06
2488            	9.09954455e-06
2489            	9.00007715e-06
2490            	9.00227047e-06
2491            	9.00128764e-06
2492            	8.98403416e-06
2493            	8.95973039e-06
2494            	8.94751732e-06
2495            	8.93288827e-06
2496            	8.90311229e-06
2497            	8.88386480e-06
2498            	8.85783347e-06
2499            	8.83798825e-06
2500            	8.81645003e-06
2501            	8.80214969e-06
2502            	8.78469866e-06
2503            	8.77027847e-06
2504            	8.74890668e-06
2505            	8.72655150e-06
2506            	8.70188011e-06
2507            	8.67564516e-06
2508            	8.62929431e-06
2509            	8.60842373e-06
2510            	8.59747948e-06
2511            	8.59066836e-06
2512            	8.57220385e-06
2513            	8.55742543e-06
2514            	8.54081820e-06
2515            	8.52396957e-06
2516            	8.50311294e-06
2517            	8.48146243e-06
2518            	8.44961777e-06
2519            	8.41572161e-06
2520            	8.40833754e-06
2521            	8.39966281e-06
2522            	8.37939760e-06
2523            	8.35971001e-06
2524            	8.33640820e-06
2525            	8.31361028e-06
2526            	8.29284039e-06
2527            	8.27500265e-06
2528            	8.25698253e-06
2529            	8.23797843e-06
2530            	8.21681598e-06
2531            	8.25414463e-06
2532            	8.19035360e-06
2533            	8.16723755e-06
2534            	8.15706458e-06
2535            	8.15468090e-06
2536            	8.10326389e-06
2537            	8.08283971e-06
2538            	8.05331045e-06
2539            	8.04136861e-06
2540            	8.02506943e-06
2541            	7.97478403e-06
2542            	7.94305154e-06
2543            	7.93787086e-06
2544            	7.93107275e-06
2545            	7.92615048e-06
2546            	7.91907141e-06
2547            	7.90816889e-06
2548            	7.89154778e-06
2549            	7.87622339e-06
2550            	7.88534805e-06
2551            	7.83372349e-06
2552            	7.81499619e-06
2553            	7.79232627e-06
2554            	7.76489341e-06
2555            	7.76451147e-06
2556            	7.72017093e-06
2557            	7.72833108e-06
2558            	7.68301876e-06
2559            	7.67228451e-06
2560            	7.61871020e-06
2561            	7.61719499e-06
2562            	7.61597624e-06
2563            	7.59763076e-06
2564            	7.61858093e-06
2565            	7.55840362e-06
2566            	7.53570138e-06
2567            	7.53113743e-06
2568            	7.51362850e-06
2569            	7.52961112e-06
2570            	7.46942721e-06
2571            	7.45074897e-06
2572            	7.44114202e-06
2573            	7.42489652e-06
2574            	7.39945517e-06
2575            	7.36923313e-06
2576            	7.35359583e-06
2577            	7.33864108e-06
2578            	7.32088793e-06
2579            	7.30069790e-06
2580            	7.28425447e-06
2581            	7.27074205e-06
2582            	7.25405273e-06
2583            	7.22521122e-06
2584            	7.21369653e-06
2585            	7.20370987e-06
2586            	7.17994074e-06
2587            	7.16444496e-06
2588            	7.14638547e-06
2589            	7.12778657e-06
2590            	7.09657728e-06
2591            	7.08807525e-06
2592            	7.07610994e-06
2593            	7.04191287e-06
2594            	7.02994814e-06
2595            	7.00837276e-06
2596            	6.96497019e-06
2597            	6.95981187e-06
2598            	6.95555967e-06
2599            	6.95859622e-06
2600            	6.95836273e-06
2601            	6.92745049e-06
2602            	6.91442470e-06
2603            	6.90723911e-06
2604            	6.87843676e-06
2605            	6.86508827e-06
2606            	6.85054419e-06
2607            	6.83113008e-06
2608            	6.80868618e-06
2609            	6.79297567e-06
2610            	6.77512821e-06
2611            	6.75237819e-06
2612            	6.73029688e-06
2613            	6.70674946e-06
2614            	6.68680762e-06
2615            	6.66834929e-06
2616            	6.64851355e-06
2617            	6.63132699e-06
2618            	6.61689303e-06
2619            	6.60090941e-06
2620            	6.58498598e-06
2621            	6.56892502e-06
2622            	6.54140905e-06
2623            	6.51935527e-06
2624            	6.49080501e-06
2625            	6.45622959e-06
2626            	6.41784665e-06
2627            	6.38589386e-06
2628            	6.36530347e-06
2629            	6.34714806e-06
2630            	6.33017321e-06
2631            	6.31137262e-06
2632            	6.29509225e-06
2633            	6.27906923e-06
2634            	6.26189060e-06
2635            	6.24595511e-06
2636            	6.22789878e-06
2637            	6.21435562e-06
2638            	6.19487614e-06
2639            	6.18177732e-06
2640            	6.16712257e-06
2641            	6.15182216e-06
2642            	6.13392485e-06
2643            	6.11434809e-06
2644            	6.09644772e-06
2645            	6.08158610e-06
2646            	6.06453898e-06
2647            	6.05088784e-06
2648            	6.02088327e-06
2649            	5.99059223e-06
2650            	5.98528698e-06
2651            	5.98513792e-06
2652            	5.98309722e-06
2653            	5.97395861e-06
2654            	5.96084507e-06
2655            	5.94476778e-06
2656            	5.92507886e-06
2657            	5.91167282e-06
2658            	5.89923967e-06
2659            	5.88575135e-06
2660            	5.85972349e-06
2661            	5.85290699e-06
2662            	5.84403569e-06
2663            	5.83165412e-06
2664            	5.81101944e-06
2665            	5.79375958e-06
2666            	5.77932498e-06
2667            	5.76548216e-06
2668            	5.74964275e-06
2669            	5.73268010e-06
2670            	5.71816544e-06
2671            	5.70056668e-06
2672            	5.68736703e-06
2673            	5.67447404e-06
2674            	5.65941674e-06
2675            	5.64591925e-06
2676            	5.63544404e-06
2677            	5.62446546e-06
2678            	5.60928181e-06
2679            	5.59096701e-06
2680            	5.56951310e-06
2681            	5.55705138e-06
2682            	5.55359475e-06
2683            	5.52817505e-06
2684            	5.52020052e-06
2685            	5.51256999e-06
2686            	5.48716514e-06
2687            	5.47582991e-06
2688            	5.46594830e-06
2689            	5.45198219e-06
2690            	5.43517926e-06
2691            	5.41808347e-06
2692            	5.40221274e-06
2693            	5.38827467e-06
2694            	5.37565157e-06
2695            	5.36243543e-06
2696            	5.34779390e-06
2697            	5.33754267e-06
2698            	5.32837592e-06
2699            	5.32248369e-06
2700            	5.29593952e-06
2701            	5.28590984e-06
2702            	5.27303622e-06
2703            	5.23753253e-06
2704            	5.21635803e-06
2705            	5.20334223e-06
2706            	5.19188775e-06
2707            	5.18044944e-06
2708            	5.16920489e-06
2709            	5.15838894e-06
2710            	5.14671182e-06
2711            	5.13469257e-06
2712            	5.12288573e-06
2713            	5.11158806e-06
2714            	5.09632337e-06
2715            	5.08191051e-06
2716            	5.07329746e-06
2717            	5.06011575e-06
2718            	5.04622409e-06
2719            	5.03063173e-06
2720            	5.01471409e-06
2721            	5.00136864e-06
2722            	4.99319147e-06
2723            	4.98971012e-06
2724            	4.96438289e-06
2725            	4.95579097e-06
2726            	4.94966421e-06
2727            	4.93656574e-06
2728            	4.91547926e-06
2729            	4.90539839e-06
2730            	4.89475121e-06
2731            	4.88219103e-06
2732            	4.86793322e-06
2733            	4.85072645e-06
2734            	4.83921881e-06
2735            	4.82897394e-06
2736            	4.81868579e-06
2737            	4.80822358e-06
2738            	4.79730722e-06
2739            	4.78422732e-06
2740            	4.77238598e-06
2741            	4.75519952e-06
2742            	4.74628838e-06
2743            	4.73922959e-06
2744            	4.72554276e-06
2745            	4.71219039e-06
2746            	4.70032951e-06
2747            	4.68706042e-06
2748            	4.67320090e-06
2749            	4.66273442e-06
2750            	4.67772936e-06
2751            	4.64147042e-06
2752            	4.63069324e-06
2753            	4.62454149e-06
2754            	4.61548739e-06
2755            	4.59795656e-06
2756            	4.57184525e-06
2757            	4.54388469e-06
2758            	4.52929633e-06
2759            	4.52114488e-06
2760            	4.51206658e-06
2761            	4.50088021e-06
2762            	4.49083728e-06
2763            	4.49058645e-06
2764            	4.47721569e-06
2765            	4.46655445e-06
2766            	4.45680067e-06
2767            	4.44399161e-06
2768            	4.43238855e-06
2769            	4.41283467e-06
2770            	4.41647596e-06
2771            	4.39600638e-06
2772            	4.38782523e-06
2773            	4.37900077e-06
2774            	4.36682316e-06
2775            	4.35197179e-06
2776            	4.33353749e-06
2777            	4.31190863e-06
2778            	4.28880888e-06
2779            	4.27187827e-06
2780            	4.26008653e-06
2781            	4.24857009e-06
2782            	4.24061908e-06
2783            	4.23250428e-06
2784            	4.22243378e-06
2785            	4.20875468e-06
2786            	4.19746705e-06
2787            	4.18627837e-06
2788            	4.16539411e-06
2789            	4.16005383e-06
2790            	4.15396991e-06
2791            	4.14466438e-06
2792            	4.13427361e-06
2793            	4.12314729e-06
2794            	4.11214964e-06
2795            	4.10195386e-06
2796            	4.09227974e-06
2797            	4.08167093e-06
2798            	4.07223754e-06
2799            	4.05392927e-06
2800            	4.03452954e-06
2801            	4.03515737e-06
2802            	4.04390964e-06
2803            	4.04574787e-06
2804            	4.04428742e-06
2805            	4.05444763e-06
2806            	4.01528054e-06
2807            	3.99984102e-06
2808            	3.99405929e-06
2809            	3.96016741e-06
2810            	3.95806213e-06
2811            	3.93017785e-06
2812            	3.93133236e-06
2813            	3.93374103e-06
2814            	3.92782370e-06
2815            	3.91628275e-06
2816            	3.91531874e-06
2817            	3.90118917e-06
2818            	3.89139130e-06
2819            	3.88752403e-06
2820            	3.87122445e-06
2821            	3.86538703e-06
2822            	3.85943518e-06
2823            	3.84936232e-06
2824            	3.83413774e-06
2825            	3.82550345e-06
2826            	3.82434148e-06
2827            	3.80673673e-06
2828            	3.80026882e-06
2829            	3.79350734e-06
2830            	3.78461762e-06
2831            	3.77317786e-06
2832            	3.75588375e-06
2833            	3.75041960e-06
2834            	3.75174217e-06
2835            	3.73428680e-06
2836            	3.72664894e-06
2837            	3.72100672e-06
2838            	3.71187547e-06
2839            	3.70047183e-06
2840            	3.68739863e-06
2841            	3.67694306e-06
2842            	3.66771218e-06
2843            	3.66013258e-06
2844            	3.65399459e-06
2845            	3.65477256e-06
2846            	3.63877838e-06
2847            	3.62825956e-06
2848            	3.62097176e-06
2849            	3.61196708e-06
2850            	3.60124360e-06
2851            	3.59064278e-06
2852            	3.57982277e-06
2853            	3.57022857e-06
2854            	3.56139814e-06
2855            	3.55309705e-06
2856            	3.54556156e-06
2857            	3.53158557e-06
2858            	3.51554112e-06
2859            	3.50663825e-06
2860            	3.50103759e-06
2861            	3.50740949e-06
2862            	3.49031005e-06
2863            	3.48090801e-06
2864            	3.47350699e-06
2865            	3.46662030e-06
2866            	3.45643053e-06
2867            	3.44344425e-06
2868            	3.43272429e-06
2869            	3.42640824e-06
2870            	3.41763960e-06
2871            	3.41279361e-06
2872            	3.40568622e-06
2873            	3.39706890e-06
2874            	3.38785746e-06
2875            	3.37612317e-06
2876            	3.36704259e-06
2877            	3.35804370e-06
2878            	3.35227332e-06
2879            	3.34528974e-06
2880            	3.33781929e-06
2881            	3.32848300e-06
2882            	3.32069338e-06
2883            	3.31286847e-06
2884            	3.30316521e-06
2885            	3.29548749e-06
2886            	3.28742269e-06
2887            	3.27966498e-06
2888            	3.26983388e-06
2889            	3.26150359e-06
2890            	3.25421737e-06
2891            	3.24663765e-06
2892            	3.24058350e-06
2893            	3.24071644e-06
2894            	3.22480096e-06
2895            	3.21654627e-06
2896            	3.21011011e-06
2897            	3.20321020e-06
2898            	3.19358035e-06
2899            	3.18240327e-06
2900            	3.17297565e-06
2901            	3.15916378e-06
2902            	3.14487081e-06
2903            	3.13611415e-06
2904            	3.12937859e-06
2905            	3.12319043e-06
2906            	3.11641476e-06
2907            	3.11379746e-06
2908            	3.10705373e-06
2909            	3.10168566e-06
2910            	3.10088099e-06
2911            	3.08669012e-06
2912            	3.07804196e-06
2913            	3.07020909e-06
2914            	3.06258934e-06
2915            	3.04956277e-06
2916            	3.04155323e-06
2917            	3.03469261e-06
2918            	3.02810905e-06
2919            	3.02013615e-06
2920            	3.01307741e-06
2921            	3.01173297e-06
2922            	3.00130865e-06
2923            	2.99436890e-06
2924            	2.99157316e-06
2925            	2.97845008e-06
2926            	2.96779753e-06
2927            	2.96649243e-06
2928            	2.95000819e-06
2929            	2.94389076e-06
2930            	2.93807724e-06
2931            	2.93453299e-06
2932            	2.92045627e-06
2933            	2.91478467e-06
2934            	2.90929113e-06
2935            	2.90263476e-06
2936            	2.89320360e-06
2937            	2.88381689e-06
2938            	2.87638132e-06
2939            	2.86501030e-06
2940            	2.85496243e-06
2941            	2.85325340e-06
2942            	2.84751396e-06
2943            	2.84266899e-06
2944            	2.83684805e-06
2945            	2.83219541e-06
2946            	2.82273396e-06
2947            	2.81514818e-06
2948            	2.80830330e-06
2949            	2.80448835e-06
2950            	2.79263041e-06
2951            	2.78729272e-06
2952            	2.78161366e-06
2953            	2.77457880e-06
2954            	2.76905198e-06
2955            	2.75677405e-06
2956            	2.75253784e-06
2957            	2.74747447e-06
2958            	2.74026196e-06
2959            	2.73295465e-06
2960            	2.72553368e-06
2961            	2.72083566e-06
2962            	2.71342653e-06
2963            	2.70982543e-06
2964            	2.70409768e-06
2965            	2.69675802e-06
2966            	2.69156666e-06
2967            	2.68051217e-06
2968            	2.67610926e-06
2969            	2.67095979e-06
2970            	2.66551496e-06
2971            	2.65455068e-06
2972            	2.64584269e-06
2973            	2.63906469e-06
2974            	2.62989685e-06
2975            	2.62315291e-06
2976            	2.61620576e-06
2977            	2.60992408e-06
2978            	2.60527233e-06
2979            	2.59959473e-06
2980            	2.59485371e-06
2981            	2.58947122e-06
2982            	2.58200839e-06
2983            	2.57416128e-06
2984            	2.56728454e-06
2985            	2.56370948e-06
2986            	2.55445012e-06
2987            	2.55040798e-06
2988            	2.54497495e-06
2989            	2.54170223e-06
2990            	2.53175642e-06
2991            	2.52622185e-06
2992            	2.52041102e-06
2993            	2.51400866e-06
2994            	2.50695993e-06
2995            	2.49942295e-06
2996            	2.49255519e-06
2997            	2.48458089e-06
2998            	2.47436663e-06
2999            	2.44977987e-06
3000            	2.42114702e-06
3001            	2.40736698e-06
3002            	2.40266218e-06
3003            	2.39914039e-06
3004            	2.39188031e-06
3005            	2.38669077e-06
3006            	2.38096833e-06
3007            	2.37576907e-06
3008            	2.37120579e-06
3009            	2.36697013e-06
3010            	2.36072130e-06
3011            	2.35526810e-06
3012            	2.35171950e-06
3013            	2.34693367e-06
3014            	2.34131568e-06
3015            	2.33571095e-06
3016            	2.33031208e-06
3017            	2.32532633e-06
3018            	2.32004339e-06
3019            	2.31429113e-06
3020            	2.30938720e-06
3021            	2.30370585e-06
3022            	2.29774134e-06
3023            	2.29214388e-06
3024            	2.28669845e-06
3025            	2.28090156e-06
3026            	2.27564427e-06
3027            	2.27030031e-06
3028            	2.26471504e-06
3029            	2.25970401e-06
3030            	2.25355439e-06
3031            	2.24773628e-06
3032            	2.24306811e-06
3033            	2.23841136e-06
3034            	2.23328769e-06
3035            	2.22815223e-06
3036            	2.22177999e-06
3037            	2.21671838e-06
3038            	2.21063787e-06
3039            	2.20568691e-06
3040            	2.20120626e-06
3041            	2.19612461e-06
3042            	2.19152100e-06
3043            	2.18576410e-06
3044            	2.18031413e-06
3045            	2.17436275e-06
3046            	2.16936757e-06
3047            	2.16378960e-06
3048            	2.15920748e-06
3049            	2.15424023e-06
3050            	2.14898082e-06
3051            	2.14479344e-06
3052            	2.13926721e-06
3053            	2.13322290e-06
3054            	2.12856463e-06
3055            	2.12367313e-06
3056            	2.11828534e-06
3057            	2.11398007e-06
3058            	2.10946307e-06
3059            	2.10425981e-06
3060            	2.09944157e-06
3061            	2.09403720e-06
3062            	2.08881912e-06
3063            	2.08398260e-06
3064            	2.07895837e-06
3065            	2.07378668e-06
3066            	2.06911921e-06
3067            	2.06448716e-06
3068            	2.05910974e-06
3069            	2.05357407e-06
3070            	2.04766769e-06
3071            	2.04224121e-06
3072            	2.03777462e-06
3073            	2.03249576e-06
3074            	2.02803317e-06
3075            	2.02281280e-06
3076            	2.01796297e-06
3077            	2.01368939e-06
3078            	2.00900383e-06
3079            	2.00469055e-06
3080            	1.99992218e-06
3081            	1.99520687e-06
3082            	1.99024880e-06
3083            	1.98473169e-06
3084            	1.98027828e-06
3085            	1.97570612e-06
3086            	1.97084172e-06
3087            	1.96670835e-06
3088            	1.96250021e-06
3089            	1.95754594e-06
3090            	1.95328574e-06
3091            	1.94790447e-06
3092            	1.94312750e-06
3093            	1.93830654e-06
3094            	1.93398104e-06
3095            	1.92927391e-06
3096            	1.92450814e-06
3097            	1.92037363e-06
3098            	1.91503219e-06
3099            	1.91039290e-06
3100            	1.90475553e-06
3101            	1.90162602e-06
3102            	1.89822231e-06
3103            	1.89353208e-06
3104            	1.88841563e-06
3105            	1.88352765e-06
3106            	1.87839168e-06
3107            	1.87382267e-06
3108            	1.86910412e-06
3109            	1.86541089e-06
3110            	1.86152211e-06
3111            	1.85723659e-06
3112            	1.85223161e-06
3113            	1.84747522e-06
3114            	1.84284829e-06
3115            	1.83854295e-06
3116            	1.83448344e-06
3117            	1.83041817e-06
3118            	1.82611315e-06
3119            	1.82207331e-06
3120            	1.81758150e-06
3121            	1.81287869e-06
3122            	1.80862585e-06
3123            	1.80424323e-06
3124            	1.79960856e-06
3125            	1.79551471e-06
3126            	1.79101381e-06
3127            	1.78686617e-06
3128            	1.78272871e-06
3129            	1.77847946e-06
3130            	1.77426259e-06
3131            	1.76968855e-06
3132            	1.76558001e-06
3133            	1.76094515e-06
3134            	1.75683364e-06
3135            	1.75261575e-06
3136            	1.74989594e-06
3137            	1.74626239e-06
3138            	1.74193327e-06
3139            	1.73702128e-06
3140            	1.73231294e-06
3141            	1.72743311e-06
3142            	1.72350646e-06
3143            	1.71959654e-06
3144            	1.71542081e-06
3145            	1.71163298e-06
3146            	1.70751977e-06
3147            	1.70428820e-06
3148            	1.70057873e-06
3149            	1.69607080e-06
3150            	1.69141405e-06
3151            	1.68677572e-06
3152            	1.68252319e-06
3153            	1.67895428e-06
3154            	1.67533244e-06
3155            	1.67177718e-06
3156            	1.66774725e-06
3157            	1.66382028e-06
3158            	1.65404547e-06
3159            	1.65226888e-06
3160            	1.64987846e-06
3161            	1.64702378e-06
3162            	1.64410615e-06
3163            	1.64046823e-06
3164            	1.63539173e-06
3165            	1.63041516e-06
3166            	1.62631791e-06
3167            	1.62293910e-06
3168            	1.61989229e-06
3169            	1.61590248e-06
3170            	1.61184119e-06
3171            	1.60798325e-06
3172            	1.60453401e-06
3173            	1.60064872e-06
3174            	1.59733563e-06
3175            	1.59373536e-06
3176            	1.58965881e-06
3177            	1.58555049e-06
3178            	1.58116911e-06
3179            	1.57803978e-06
3180            	1.57503998e-06
3181            	1.57158510e-06
3182            	1.56808995e-06
3183            	1.56416167e-06
3184            	1.56093911e-06
3185            	1.55672547e-06
3186            	1.55334910e-06
3187            	1.55004835e-06
3188            	1.54628204e-06
3189            	1.54279978e-06
3190            	1.53890014e-06
3191            	1.53520063e-06
3192            	1.53112961e-06
3193            	1.52752067e-06
3194            	1.52441460e-06
3195            	1.51996998e-06
3196            	1.51680386e-06
3197            	1.51294027e-06
3198            	1.50956899e-06
3199            	1.50671595e-06
3200            	1.50331891e-06
3201            	1.49943066e-06
3202            	1.49537344e-06
3203            	1.49138181e-06
3204            	1.48801714e-06
3205            	1.48423890e-06
3206            	1.48120149e-06
3207            	1.47750342e-06
3208            	1.47401727e-06
3209            	1.47120754e-06
3210            	1.46798435e-06
3211            	1.46425270e-06
3212            	1.46025564e-06
3213            	1.45596518e-06
3214            	1.45272580e-06
3215            	1.44950200e-06
3216            	1.44644178e-06
3217            	1.44281521e-06
3218            	1.43972118e-06
3219            	1.43602815e-06
3220            	1.43245568e-06
3221            	1.42906659e-06
3222            	1.42546356e-06
3223            	1.42186475e-06
3224            	1.41844183e-06
3225            	1.41526606e-06
3226            	1.41156290e-06
3227            	1.40829484e-06
3228            	1.40111273e-06
3229            	1.39856225e-06
3230            	1.39612697e-06
3231            	1.39528597e-06
3232            	1.39248143e-06
3233            	1.39059868e-06
3234            	1.38879326e-06
3235            	1.38586630e-06
3236            	1.38174264e-06
3237            	1.37844045e-06
3238            	1.37540185e-06
3239            	1.37223162e-06
3240            	1.37002491e-06
3241            	1.36658360e-06
3242            	1.36096108e-06
3243            	1.35835448e-06
3244            	1.35634916e-06
3245            	1.35375269e-06
3246            	1.34854797e-06
3247            	1.34522104e-06
3248            	1.34293845e-06
3249            	1.34072373e-06
3250            	1.33739151e-06
3251            	1.33353493e-06
3252            	1.32954438e-06
3253            	1.32630064e-06
3254            	1.32249800e-06
3255            	1.31965718e-06
3256            	1.31745376e-06
3257            	1.31535844e-06
3258            	1.31204744e-06
3259            	1.30734861e-06
3260            	1.30312139e-06
3261            	1.30005140e-06
3262            	1.29756248e-06
3263            	1.29451143e-06
3264            	1.29254682e-06
3265            	1.29022811e-06
3266            	1.28662566e-06
3267            	1.28281751e-06
3268            	1.27912208e-06
3269            	1.27599669e-06
3270            	1.27331205e-06
3271            	1.27067672e-06
3272            	1.26776175e-06
3273            	1.26441337e-06
3274            	1.26087890e-06
3275            	1.25745875e-06
3276            	1.25378027e-06
3277            	1.25139874e-06
3278            	1.25167004e-06
3279            	1.24542156e-06
3280            	1.24238370e-06
3281            	1.24082691e-06
3282            	1.23865828e-06
3283            	1.23508660e-06
3284            	1.23125433e-06
3285            	1.22762268e-06
3286            	1.22447136e-06
3287            	1.22160441e-06
3288            	1.21897501e-06
3289            	1.21622260e-06
3290            	1.21363085e-06
3291            	1.21022692e-06
3292            	1.20771628e-06
3293            	1.20686201e-06
3294            	1.20263069e-06
3295            	1.19899972e-06
3296            	1.19614489e-06
3297            	1.19380474e-06
3298            	1.19059146e-06
3299            	1.18712489e-06
3300            	1.18379157e-06
3301            	1.18083641e-06
3302            	1.17813824e-06
3303            	1.17570997e-06
3304            	1.17283682e-06
3305            	1.17013349e-06
3306            	1.16785430e-06
3307            	1.16558869e-06
3308            	1.16267320e-06
3309            	1.15903465e-06
3310            	1.15548852e-06
3311            	1.15304679e-06
3312            	1.15096580e-06
3313            	1.14816092e-06
3314            	1.14579115e-06
3315            	1.14224780e-06
3316            	1.13915241e-06
3317            	1.13687388e-06
3318            	1.13509188e-06
3319            	1.13241431e-06
3320            	1.12917185e-06
3321            	1.12585792e-06
3322            	1.12255983e-06
3323            	1.12713290e-06
3324            	1.11926129e-06
3325            	1.11614223e-06
3326            	1.11423252e-06
3327            	1.11242627e-06
3328            	1.10953769e-06
3329            	1.10549642e-06
3330            	1.10142768e-06
3331            	1.09865647e-06
3332            	1.09572037e-06
3333            	1.09338763e-06
3334            	1.09186522e-06
3335            	1.08966138e-06
3336            	1.08733923e-06
3337            	1.08485323e-06
3338            	1.07980319e-06
3339            	1.07758971e-06
3340            	1.07601080e-06
3341            	1.07446486e-06
3342            	1.06962274e-06
3343            	1.06761759e-06
3344            	1.06577806e-06
3345            	1.06373406e-06
3346            	1.06108758e-06
3347            	1.05788710e-06
3348            	1.05483643e-06
3349            	1.05244210e-06
3350            	1.04927889e-06
3351            	1.04771133e-06
3352            	1.04592503e-06
3353            	1.04340875e-06
3354            	1.04057298e-06
3355            	1.03762176e-06
3356            	1.03529974e-06
3357            	1.03248811e-06
3358            	1.03033514e-06
3359            	1.02791094e-06
3360            	1.02506375e-06
3361            	1.02282121e-06
3362            	1.02079108e-06
3363            	1.01895908e-06
3364            	1.01627909e-06
3365            	1.01308185e-06
3366            	1.01037428e-06
3367            	1.00769509e-06
3368            	1.00556823e-06
3369            	1.00285872e-06
3370            	1.00137283e-06
3371            	9.99561696e-07
3372            	9.96559474e-07
3373            	9.95019513e-07
3374            	9.92743198e-07
3375            	9.89866879e-07
3376            	9.86702530e-07
3377            	9.84054898e-07
3378            	9.81338516e-07
3379            	9.80069619e-07
3380            	9.76855811e-07
3381            	9.75389445e-07
3382            	9.73708546e-07
3383            	9.70510125e-07
3384            	9.69025043e-07
3385            	9.66487992e-07
3386            	9.62614619e-07
3387            	9.60684025e-07
3388            	9.58743626e-07
3389            	9.56755944e-07
3390            	9.54600059e-07
3391            	9.51929624e-07
3392            	9.49518948e-07
3393            	9.47376209e-07
3394            	9.45134787e-07
3395            	9.42697033e-07
3396            	9.40468237e-07
3397            	9.38409628e-07
3398            	9.36481320e-07
3399            	9.34361107e-07
3400            	9.32709507e-07
3401            	9.28550451e-07
3402            	9.26624437e-07
3403            	9.24847617e-07
3404            	9.23358047e-07
3405            	9.21199543e-07
3406            	9.18703284e-07
3407            	9.15825451e-07
3408            	9.13638569e-07
3409            	9.11545370e-07
3410            	9.09394414e-07
3411            	9.07478114e-07
3412            	9.05724496e-07
3413            	9.03826483e-07
3414            	9.02558855e-07
3415            	8.98639855e-07
3416            	8.96371707e-07
3417            	8.94431046e-07
3418            	8.92972652e-07
3419            	8.90743442e-07
3420            	8.88340653e-07
3421            	8.85806287e-07
3422            	8.83411720e-07
3423            	8.81511237e-07
3424            	8.79563281e-07
3425            	8.77459577e-07
3426            	8.75618903e-07
3427            	8.73788630e-07
3428            	8.71816674e-07
3429            	8.70051882e-07
3430            	8.67837738e-07
3431            	8.65236655e-07
3432            	8.62893944e-07
3433            	8.59898017e-07
3434            	8.58568670e-07
3435            	8.56914233e-07
3436            	8.55346962e-07
3437            	8.53419168e-07
3438            	8.50002840e-07
3439            	8.48181961e-07
3440            	8.46753779e-07
3441            	8.45145243e-07
3442            	8.43235357e-07
3443            	8.40095056e-07
3444            	8.37813638e-07
3445            	8.36544864e-07
3446            	8.35031281e-07
3447            	8.33186980e-07
3448            	8.30132255e-07
3449            	8.28456475e-07
3450            	8.26924615e-07
3451            	8.25066695e-07
3452            	8.23220929e-07
3453            	8.21273888e-07
3454            	8.19096901e-07
3455            	8.17170492e-07
3456            	8.15341400e-07
3457            	8.14096072e-07
3458            	8.10257536e-07
3459            	8.08640592e-07
3460            	8.07245338e-07
3461            	8.05716700e-07
3462            	8.03668760e-07
3463            	8.01147761e-07
3464            	7.99104035e-07
3465            	7.96888155e-07
3466            	7.95377992e-07
3467            	7.93840962e-07
3468            	7.92298371e-07
3469            	7.90415432e-07
3470            	7.88455201e-07
3471            	7.85411129e-07
3472            	7.83761018e-07
3473            	7.82446429e-07
3474            	7.81052002e-07
3475            	7.78264587e-07
3476            	7.76456847e-07
3477            	7.75100703e-07
3478            	7.73750708e-07
3479            	7.71704881e-07
3480            	7.69664352e-07
3481            	7.67626632e-07
3482            	7.65666953e-07
3483            	7.63815209e-07
3484            	7.61968646e-07
3485            	7.60135076e-07
3486            	7.58601673e-07
3487            	7.56894631e-07
3488            	7.55161145e-07
3489            	7.54725598e-07
3490            	7.51823373e-07
3491            	7.49975818e-07
3492            	7.48394875e-07
3493            	7.46475684e-07
3494            	7.43688431e-07
3495            	7.41974099e-07
3496            	7.40381818e-07
3497            	7.39198868e-07
3498            	7.37803596e-07
3499            	7.34797438e-07
3500            	7.33320746e-07
3501            	7.32033871e-07
3502            	7.30706575e-07
3503            	7.28989315e-07
3504            	7.26966286e-07
3505            	7.24020295e-07
3506            	7.22726112e-07
3507            	7.21512155e-07
3508            	7.20224101e-07
3509            	7.18508285e-07
3510            	7.16238500e-07
3511            	7.14258891e-07
3512            	7.12487347e-07
3513            	7.11409028e-07
3514            	7.09568949e-07
3515            	7.07527449e-07
3516            	7.05847582e-07
3517            	7.04363313e-07
3518            	7.03017135e-07
3519            	7.01308177e-07
3520            	6.99600110e-07
3521            	6.97031194e-07
3522            	6.95330123e-07
3523            	6.94209433e-07
3524            	6.93213697e-07
3525            	6.91455874e-07
3526            	6.89628248e-07
3527            	6.87531559e-07
3528            	6.85735920e-07
3529            	6.84153028e-07
3530            	6.82767401e-07
3531            	6.81737175e-07
3532            	6.80155495e-07
3533            	6.79697435e-07
3534            	6.77084119e-07
3535            	6.74912680e-07
3536            	6.73371742e-07
3537            	6.72225337e-07
3538            	6.70633429e-07
3539            	6.68707757e-07
3540            	6.66661017e-07
3541            	6.64846009e-07
3542            	6.63315429e-07
3543            	6.61996745e-07
3544            	6.60531121e-07
3545            	6.59325576e-07
3546            	6.57951894e-07
3547            	6.56460683e-07
3548            	6.54811345e-07
3549            	6.52760362e-07
3550            	6.50992221e-07
3551            	6.49404013e-07
3552            	6.48016585e-07
3553            	6.46462915e-07
3554            	6.46025700e-07
3555            	6.43903657e-07
3556            	6.41853565e-07
3557            	6.40461677e-07
3558            	6.39102866e-07
3559            	6.37558666e-07
3560            	6.35886472e-07
3561            	6.34227576e-07
3562            	6.32498406e-07
3563            	6.31051876e-07
3564            	6.29518926e-07
3565            	6.28138184e-07
3566            	6.26737678e-07
3567            	6.25210484e-07
3568            	6.24137612e-07
3569            	6.22534768e-07
3570            	6.20870604e-07
3571            	6.19381762e-07
3572            	6.18172637e-07
3573            	6.16666746e-07
3574            	6.15080576e-07
3575            	6.12984809e-07
3576            	6.11697294e-07
3577            	6.10539626e-07
3578            	6.09436166e-07
3579            	6.08032545e-07
3580            	6.06212237e-07
3581            	6.04701387e-07
3582            	6.03112358e-07
3583            	6.01817056e-07
3584            	6.00355500e-07
3585            	5.99420947e-07
3586            	5.97333344e-07
3587            	5.96421506e-07
3588            	5.95402396e-07
3589            	5.94104706e-07
3590            	5.92535322e-07
3591            	5.90670669e-07
3592            	5.88922183e-07
3593            	5.87340278e-07
3594            	5.86213650e-07
3595            	5.84708217e-07
3596            	5.83472547e-07
3597            	5.82358337e-07
3598            	5.81414859e-07
3599            	5.79863106e-07
3600            	5.77992042e-07
3601            	5.76450910e-07
3602            	5.74986656e-07
3603            	5.73641608e-07
3604            	5.72363412e-07
3605            	5.71189466e-07
3606            	5.69922044e-07
3607            	5.68456725e-07
3608            	5.66897057e-07
3609            	5.65674165e-07
3610            	5.64012268e-07
3611            	5.63054470e-07
3612            	5.62165660e-07
3613            	5.60773631e-07
3614            	5.59187905e-07
3615            	5.57582583e-07
3616            	5.56242561e-07
3617            	5.54849762e-07
3618            	5.53558915e-07
3619            	5.52642665e-07
3620            	5.51399692e-07
3621            	5.49729596e-07
3622            	5.48647992e-07
3623            	5.47621101e-07
3624            	5.46491851e-07
3625            	5.44381815e-07
3626            	5.43267761e-07
3627            	5.42103142e-07
3628            	5.41165101e-07
3629            	5.39749312e-07
3630            	5.38281837e-07
3631            	5.36860021e-07
3632            	5.35289855e-07
3633            	5.34099477e-07
3634            	5.32957549e-07
3635            	5.31997084e-07
3636            	5.30735032e-07
3637            	5.29620992e-07
3638            	5.28153110e-07
3639            	5.26994715e-07
3640            	5.25129033e-07
3641            	5.24195919e-07
3642            	5.23996768e-07
3643            	5.22160327e-07
3644            	5.20806042e-07
3645            	5.19692437e-07
3646            	5.18792727e-07
3647            	5.17482575e-07
3648            	5.15897150e-07
3649            	5.14308858e-07
3650            	5.13169664e-07
3651            	5.11816973e-07
3652            	5.10781896e-07
3653            	5.09747554e-07
3654            	5.08810452e-07
3655            	5.07465032e-07
3656            	5.06077856e-07
3657            	5.04734587e-07
3658            	5.03413055e-07
3659            	5.02232510e-07
3660            	5.01047996e-07
3661            	4.99919479e-07
3662            	4.98893750e-07
3663            	4.97813657e-07
3664            	4.96694401e-07
3665            	4.96108450e-07
3666            	4.93945782e-07
3667            	4.92764566e-07
3668            	4.91993540e-07
3669            	4.91024171e-07
3670            	4.89885188e-07
3671            	4.88379806e-07
3672            	4.86921401e-07
3673            	4.85693142e-07
3674            	4.84457666e-07
3675            	4.83469363e-07
3676            	4.82720270e-07
3677            	4.81616564e-07
3678            	4.80395550e-07
3679            	4.79149219e-07
3680            	4.78077490e-07
3681            	4.77048981e-07
3682            	4.75873418e-07
3683            	4.74419958e-07
3684            	4.73171306e-07
3685            	4.71874193e-07
3686            	4.70918744e-07
3687            	4.70114498e-07
3688            	4.69370270e-07
3689            	4.68140898e-07
3690            	4.66656184e-07
3691            	4.65425968e-07
3692            	4.64301304e-07
3693            	4.63390712e-07
3694            	4.62391856e-07
3695            	4.60805540e-07
3696            	4.60300809e-07
3697            	4.59571833e-07
3698            	4.58352572e-07
3699            	4.56942987e-07
3700            	4.55533464e-07
3701            	4.54103776e-07
3702            	4.53257197e-07
3703            	4.52463357e-07
3704            	4.51422749e-07
3705            	4.50757263e-07
3706            	4.49271507e-07
3707            	4.48342761e-07
3708            	4.47473519e-07
3709            	4.46583011e-07
3710            	4.45314740e-07
3711            	4.44063039e-07
3712            	4.42961476e-07
3713            	4.41423896e-07
3714            	4.40772042e-07
3715            	4.40008236e-07
3716            	4.39511571e-07
3717            	4.37827909e-07
3718            	4.36765061e-07
3719            	4.35917447e-07
3720            	4.34994401e-07
3721            	4.33979162e-07
3722            	4.32807581e-07
3723            	4.31496745e-07
3724            	4.30466865e-07
3725            	4.29377073e-07
3726            	4.28332255e-07
3727            	4.27359336e-07
3728            	4.26655765e-07
3729            	4.25611950e-07
3730            	4.24517405e-07
3731            	4.23647338e-07
3732            	4.22742655e-07
3733            	4.21706021e-07
3734            	4.20521143e-07
3735            	4.19464748e-07
3736            	4.18177608e-07
3737            	4.17270100e-07
3738            	4.16384202e-07
3739            	4.15479197e-07
3740            	4.14647589e-07
3741            	4.13010007e-07
3742            	4.12808517e-07
3743            	4.12272640e-07
3744            	4.11152446e-07
3745            	4.10172455e-07
3746            	4.11563766e-07
3747            	4.08167028e-07
3748            	4.07062148e-07
3749            	4.06364514e-07
3750            	4.05774875e-07
3751            	4.04634488e-07
3752            	4.02834126e-07
3753            	4.01562241e-07
3754            	4.00686568e-07
3755            	4.00336770e-07
3756            	3.99359788e-07
3757            	3.98186760e-07
3758            	3.97412687e-07
3759            	3.96366663e-07
3760            	3.95547545e-07
3761            	3.94507596e-07
3762            	3.93716638e-07
3763            	3.92566591e-07
3764            	3.91665663e-07
3765            	3.90796382e-07
3766            	3.89984506e-07
3767            	3.88811305e-07
3768            	3.87699739e-07
3769            	3.87447003e-07
3770            	3.86096655e-07
3771            	3.85286988e-07
3772            	3.84449617e-07
3773            	3.83700012e-07
3774            	3.82707268e-07
3775            	3.81537763e-07
3776            	3.80304008e-07
3777            	3.79384991e-07
3778            	3.78674144e-07
3779            	3.77975633e-07
3780            	3.77661757e-07
3781            	3.76159210e-07
3782            	3.75218964e-07
3783            	3.74480066e-07
3784            	3.73807150e-07
3785            	3.72852236e-07
3786            	3.71755841e-07
3787            	3.70669190e-07
3788            	3.69685287e-07
3789            	3.68976439e-07
3790            	3.69337592e-07
3791            	3.67658419e-07
3792            	3.66654081e-07
3793            	3.65991501e-07
3794            	3.65336801e-07
3795            	3.63880789e-07
3796            	3.62918361e-07
3797            	3.62089682e-07
3798            	3.61398466e-07
3799            	3.60345019e-07
3800            	3.59512638e-07
3801            	3.58737262e-07
3802            	3.57864200e-07
3803            	3.56929856e-07
3804            	3.55837530e-07
3805            	3.55206432e-07
3806            	3.54595426e-07
3807            	3.53869316e-07
3808            	3.53051302e-07
3809            	3.52072719e-07
3810            	3.51240182e-07
3811            	3.50458346e-07
3812            	3.49745405e-07
3813            	3.48899164e-07
3814            	3.47884383e-07
3815            	3.46919543e-07
3816            	3.46045945e-07
3817            	3.45268404e-07
3818            	3.44442241e-07
3819            	3.43658012e-07
3820            	3.42920339e-07
3821            	3.41743029e-07
3822            	3.41282812e-07
3823            	3.40475253e-07
3824            	3.39137191e-07
3825            	3.38182960e-07
3826            	3.37725374e-07
3827            	3.37108160e-07
3828            	3.36496648e-07
3829            	3.35819978e-07
3830            	3.35196690e-07
3831            	3.34449889e-07
3832            	3.33715309e-07
3833            	3.33297422e-07
3834            	3.32067126e-07
3835            	3.31587070e-07
3836            	3.31052291e-07
3837            	3.30462167e-07
3838            	3.29258924e-07
3839            	3.28328078e-07
3840            	3.27705945e-07
3841            	3.27068404e-07
3842            	3.26277969e-07
3843            	3.25408118e-07
3844            	3.24742403e-07
3845            	3.26012450e-07
3846            	3.23669151e-07
3847            	3.22810195e-07
3848            	3.22490582e-07
3849            	3.21154897e-07
3850            	3.20275486e-07
3851            	3.19666659e-07
3852            	3.18899972e-07
3853            	3.17956102e-07
3854            	3.17016941e-07
3855            	3.16161764e-07
3856            	3.15443509e-07
3857            	3.14821480e-07
3858            	3.14190718e-07
3859            	3.13680623e-07
3860            	3.12599233e-07
3861            	3.11936393e-07
3862            	3.11331948e-07
3863            	3.10731758e-07
3864            	3.09934436e-07
3865            	3.09031229e-07
3866            	3.08161265e-07
3867            	3.07365349e-07
3868            	3.06672367e-07
3869            	3.06070345e-07
3870            	3.05390765e-07
3871            	3.04820924e-07
3872            	3.04127608e-07
3873            	3.03502708e-07
3874            	3.02816212e-07
3875            	3.02619116e-07
3876            	3.01125987e-07
3877            	3.00406430e-07
3878            	2.99932225e-07
3879            	2.99566399e-07
3880            	2.98298998e-07
3881            	2.97622640e-07
3882            	2.97065985e-07
3883            	2.96629160e-07
3884            	2.95429293e-07
3885            	2.94787231e-07
3886            	2.94258863e-07
3887            	2.93713914e-07
3888            	2.92998534e-07
3889            	2.92195218e-07
3890            	2.91367692e-07
3891            	2.90658115e-07
3892            	2.89933126e-07
3893            	2.89304644e-07
3894            	2.88663958e-07
3895            	2.88010908e-07
3896            	2.87365046e-07
3897            	2.86631867e-07
3898            	2.86070772e-07
3899            	2.85370653e-07
3900            	2.84720800e-07
3901            	2.84123251e-07
3902            	2.83525690e-07
3903            	2.82886825e-07
3904            	2.81997204e-07
3905            	2.81295953e-07
3906            	2.80540437e-07
3907            	2.79718494e-07
3908            	2.79250556e-07
3909            	2.78759699e-07
3910            	2.78185221e-07
3911            	2.77786241e-07
3912            	2.76847308e-07
3913            	2.76089246e-07
3914            	2.75592589e-07
3915            	2.75101212e-07
3916            	2.74493630e-07
3917            	2.73643784e-07
3918            	2.72627655e-07
3919            	2.72061132e-07
3920            	2.71549864e-07
3921            	2.71048711e-07
3922            	2.70420319e-07
3923            	2.69712521e-07
3924            	2.68865467e-07
3925            	2.68279360e-07
3926            	2.67580254e-07
3927            	2.67089416e-07
3928            	2.66400339e-07
3929            	2.65871048e-07
3930            	2.65380419e-07
3931            	2.64701122e-07
3932            	2.64105923e-07
3933            	2.63559719e-07
3934            	2.62990003e-07
3935            	2.62421936e-07
3936            	2.61286928e-07
3937            	2.60802909e-07
3938            	2.60804657e-07
3939            	2.59729055e-07
3940            	2.59173636e-07
3941            	2.59120436e-07
3942            	2.59572745e-07
3943            	2.57423563e-07
3944            	2.56805376e-07
3945            	2.56466782e-07
3946            	2.55622678e-07
3947            	2.54918499e-07
3948            	2.54393458e-07
3949            	2.53691162e-07
3950            	2.53105777e-07
3951            	2.52350870e-07
3952            	2.51744477e-07
3953            	2.51189388e-07
3954            	2.50711246e-07
3955            	2.50188957e-07
3956            	2.49729032e-07
3957            	2.49121981e-07
3958            	2.48381014e-07
3959            	2.47697548e-07
3960            	2.46988391e-07
3961            	2.46389367e-07
3962            	2.45827272e-07
3963            	2.45611092e-07
3964            	2.44717186e-07
3965            	2.44349730e-07
3966            	2.43938511e-07
3967            	2.43248092e-07
3968            	2.42724619e-07
3969            	2.42090445e-07
3970            	2.41358243e-07
3971            	2.40682751e-07
3972            	2.40068790e-07
3973            	2.39513107e-07
3974            	2.39020860e-07
3975            	2.38455171e-07
3976            	2.37660302e-07
3977            	2.37379884e-07
3978            	2.36820979e-07
3979            	2.36503253e-07
3980            	2.35972334e-07
3981            	2.35462726e-07
3982            	2.34687083e-07
3983            	2.34024228e-07
3984            	2.33442662e-07
3985            	2.32831970e-07
3986            	2.32263941e-07
3987            	2.31760738e-07
3988            	2.31321868e-07
3989            	2.30871919e-07
3990            	2.30293147e-07
3991            	2.29823757e-07
3992            	2.29290991e-07
3993            	2.28817628e-07
3994            	2.28249495e-07
3995            	2.27448881e-07
3996            	2.26926219e-07
3997            	2.26483461e-07
3998            	2.26071426e-07
3999            	2.25555982e-07
4000            	2.24690603e-07
4001            	2.24287334e-07
4002            	2.23927551e-07
4003            	2.23395512e-07
4004            	2.22900388e-07
4005            	2.22208039e-07
4006            	2.21843211e-07
4007            	2.20947981e-07
4008            	2.20685340e-07
4009            	2.20357965e-07
4010            	2.19748514e-07
4011            	2.19332232e-07
4012            	2.18786196e-07
4013            	2.18127819e-07
4014            	2.17470682e-07
4015            	2.16928011e-07
4016            	2.16606781e-07
4017            	2.16158348e-07
4018            	2.16188702e-07
4019            	2.15289611e-07
4020            	2.14638674e-07
4021            	2.14210653e-07
4022            	2.13857538e-07
4023            	2.13107173e-07
4024            	2.12375438e-07
4025            	2.11905829e-07
4026            	2.11436752e-07
4027            	2.10977390e-07
4028            	2.10506117e-07
4029            	2.09958881e-07
4030            	2.09629065e-07
4031            	2.08902825e-07
4032            	2.08577335e-07
4033            	2.08166751e-07
4034            	2.07703951e-07
4035            	2.07161288e-07
4036            	2.06581629e-07
4037            	2.05966118e-07
4038            	2.05491313e-07
4039            	2.05083067e-07
4040            	2.04551464e-07
4041            	2.04171283e-07
4042            	2.03792676e-07
4043            	2.03487091e-07
4044            	2.02751164e-07
4045            	2.02203527e-07
4046            	2.01786816e-07
4047            	2.01371395e-07
4048            	2.00955162e-07
4049            	2.00183987e-07
4050            	1.99815507e-07
4051            	1.99421855e-07
4052            	1.99083751e-07
4053            	1.98583927e-07
4054            	1.97812755e-07
4055            	1.97377851e-07
4056            	1.97032121e-07
4057            	1.96686501e-07
4058            	1.96218733e-07
4059            	1.95678149e-07
4060            	1.95130514e-07
4061            	1.94616187e-07
4062            	1.94222816e-07
4063            	1.93798091e-07
4064            	1.93383138e-07
4065            	1.92977902e-07
4066            	1.92590594e-07
4067            	1.92102119e-07
4068            	1.91530859e-07
4069            	1.91018493e-07
4070            	1.90526857e-07
4071            	1.90124234e-07
4072            	1.89668031e-07
4073            	1.89306735e-07
4074            	1.88907906e-07
4075            	1.88561898e-07
4076            	1.88000096e-07
4077            	1.87543685e-07
4078            	1.87145621e-07
4079            	1.86671798e-07
4080            	1.86123698e-07
4081            	1.85663825e-07
4082            	1.85387444e-07
4083            	1.84910265e-07
4084            	1.84437206e-07
4085            	1.84062306e-07
4086            	1.83910670e-07
4087            	1.83198380e-07
4088            	1.82785384e-07
4089            	1.82384746e-07
4090            	1.82003691e-07
4091            	1.81448083e-07
4092            	1.80974199e-07
4093            	1.80254297e-07
4094            	1.79968710e-07
4095            	1.79770148e-07
4096            	1.79374890e-07
4097            	1.78921664e-07
4098            	1.78428992e-07
4099            	1.77942847e-07
4100            	1.77509070e-07
4101            	1.77253586e-07
4102            	1.76774557e-07
4103            	1.76420353e-07
4104            	1.76346691e-07
4105            	1.75714013e-07
4106            	1.75178990e-07
4107            	1.74784753e-07
4108            	1.74404379e-07
4109            	1.73939481e-07
4110            	1.73465954e-07
4111            	1.72993945e-07
4112            	1.72617031e-07
4113            	1.72214180e-07
4114            	1.71821293e-07
4115            	1.71404689e-07
4116            	1.71092844e-07
4117            	1.70734617e-07
4118            	1.70233724e-07
4119            	1.69786126e-07
4120            	1.69409021e-07
4121            	1.69014277e-07
4122            	1.68241729e-07
4123            	1.68133579e-07
4124            	1.68008249e-07
4125            	1.67653784e-07
4126            	1.67211415e-07
4127            	1.67743610e-07
4128            	1.66335739e-07
4129            	1.65904223e-07
4130            	1.65668109e-07
4131            	1.65522874e-07
4132            	1.64747410e-07
4133            	1.64344912e-07
4134            	1.64016131e-07
4135            	1.63635805e-07
4136            	1.63035947e-07
4137            	1.62715432e-07
4138            	1.62436491e-07
4139            	1.62109286e-07
4140            	1.61719499e-07
4141            	1.61210421e-07
4142            	1.60807720e-07
4143            	1.60410849e-07
4144            	1.60002056e-07
4145            	1.59681120e-07
4146            	1.59354233e-07
4147            	1.58939758e-07
4148            	1.58492644e-07
4149            	1.58221510e-07
4150            	1.57887393e-07
4151            	1.57503449e-07
4152            	1.57091599e-07
4153            	1.56720319e-07
4154            	1.56267398e-07
4155            	1.55929831e-07
4156            	1.55538685e-07
4157            	1.55311735e-07
4158            	1.54894001e-07
4159            	1.54619156e-07
4160            	1.54297849e-07
4161            	1.53971732e-07
4162            	1.53725229e-07
4163            	1.52937726e-07
4164            	1.52650697e-07
4165            	1.52430105e-07
4166            	1.52250542e-07
4167            	1.51591492e-07
4168            	1.51298582e-07
4169            	1.51032919e-07
4170            	1.50713205e-07
4171            	1.50412809e-07
4172            	1.49744648e-07
4173            	1.50060621e-07
4174            	1.49250168e-07
4175            	1.48927410e-07
4176            	1.48700265e-07
4177            	1.48437533e-07
4178            	1.47733281e-07
4179            	1.47693991e-07
4180            	1.47113650e-07
4181            	1.46750119e-07
4182            	1.46463758e-07
4183            	1.46189727e-07
4184            	1.45843643e-07
4185            	1.45374093e-07
4186            	1.44933626e-07
4187            	1.44553083e-07
4188            	1.44262730e-07
4189            	1.43995256e-07
4190            	1.43703532e-07
4191            	1.43341793e-07
4192            	1.43019647e-07
4193            	1.42973028e-07
4194            	1.43348330e-07
4195            	1.42013624e-07
4196            	1.41642861e-07
4197            	1.41534215e-07
4198            	1.41354133e-07
4199            	1.40874192e-07
4200            	1.40317339e-07
4201            	1.39871386e-07
4202            	1.39501503e-07
4203            	1.39181774e-07
4204            	1.38965381e-07
4205            	1.38682932e-07
4206            	1.38435877e-07
4207            	1.38134830e-07
4208            	1.37817101e-07
4209            	1.37416237e-07
4210            	1.37040715e-07
4211            	1.36684096e-07
4212            	1.36231961e-07
4213            	1.35975891e-07
4214            	1.36072841e-07
4215            	1.36290188e-07
4216            	1.35255610e-07
4217            	1.34883205e-07
4218            	1.34699851e-07
4219            	1.34501984e-07
4220            	1.34094441e-07
4221            	1.33587199e-07
4222            	1.33152600e-07
4223            	1.32777207e-07
4224            	1.32518768e-07
4225            	1.32244359e-07
4226            	1.32011160e-07
4227            	1.31754386e-07
4228            	1.31472331e-07
4229            	1.31164444e-07
4230            	1.30817875e-07
4231            	1.30424680e-07
4232            	1.30014895e-07
4233            	1.29756699e-07
4234            	1.29491151e-07
4235            	1.29196860e-07
4236            	1.28856534e-07
4237            	1.28527947e-07
4238            	1.28216527e-07
4239            	1.27905905e-07
4240            	1.27616312e-07
4241            	1.27338791e-07
4242            	1.27042011e-07
4243            	1.26832861e-07
4244            	1.26469138e-07
4245            	1.26226041e-07
4246            	1.26200088e-07
4247            	1.25678419e-07
4248            	1.25327305e-07
4249            	1.25065609e-07
4250            	1.24926047e-07
4251            	1.24362804e-07
4252            	1.24106804e-07
4253            	1.23870731e-07
4254            	1.23707808e-07
4255            	1.23169488e-07
4256            	1.22896729e-07
4257            	1.22690590e-07
4258            	1.22468863e-07
4259            	1.22147667e-07
4260            	1.21799765e-07
4261            	1.21449689e-07
4262            	1.21150774e-07
4263            	1.20875627e-07
4264            	1.20623661e-07
4265            	1.20351833e-07
4266            	1.20144672e-07
4267            	1.19868969e-07
4268            	1.19564355e-07
4269            	1.19278879e-07
4270            	1.19035796e-07
4271            	1.18713369e-07
4272            	1.18418955e-07
4273            	1.18013532e-07
4274            	1.17776169e-07
4275            	1.17547617e-07
4276            	1.17328511e-07
4277            	1.17006628e-07
4278            	1.16756525e-07
4279            	1.16528069e-07
4280            	1.16295699e-07
4281            	1.15988575e-07
4282            	1.15603981e-07
4283            	1.15301146e-07
4284            	1.15094478e-07
4285            	1.14870426e-07
4286            	1.14598242e-07
4287            	1.14218856e-07
4288            	1.13975920e-07
4289            	1.13767850e-07
4290            	1.13517654e-07
4291            	1.13218724e-07
4292            	1.13053414e-07
4293            	1.13224125e-07
4294            	1.12612805e-07
4295            	1.12259181e-07
4296            	1.11993452e-07
4297            	1.11810863e-07
4298            	1.11552484e-07
4299            	1.11757303e-07
4300            	1.10834109e-07
4301            	1.10586914e-07
4302            	1.10427635e-07
4303            	1.10221966e-07
4304            	1.09755233e-07
4305            	1.09466273e-07
4306            	1.09397265e-07
4307            	1.08975759e-07
4308            	1.08759661e-07
4309            	1.08610449e-07
4310            	1.08408630e-07
4311            	1.08095163e-07
4312            	1.07763728e-07
4313            	1.07509680e-07
4314            	1.07189792e-07
4315            	1.06960390e-07
4316            	1.06789858e-07
4317            	1.06720887e-07
4318            	1.06230785e-07
4319            	1.05984557e-07
4320            	1.05800438e-07
4321            	1.05589940e-07
4322            	1.05327082e-07
4323            	1.05006758e-07
4324            	1.04790131e-07
4325            	1.04431201e-07
4326            	1.04244089e-07
4327            	1.04032536e-07
4328            	1.03863237e-07
4329            	1.03688259e-07
4330            	1.03258081e-07
4331            	1.02995432e-07
4332            	1.02826788e-07
4333            	1.02662952e-07
4334            	1.02412919e-07
4335            	1.02139237e-07
4336            	1.01828341e-07
4337            	1.01534349e-07
4338            	1.01306433e-07
4339            	1.01096302e-07
4340            	1.00866842e-07
4341            	1.00688170e-07
4342            	1.00472386e-07
4343            	1.00240479e-07
4344            	1.00189616e-07
4345            	9.97568664e-08
4346            	9.95035868e-08
4347            	9.93048617e-08
4348            	9.91102647e-08
4349            	9.88484391e-08
4350            	9.85333765e-08
4351            	9.83254708e-08
4352            	9.79517906e-08
4353            	9.78347415e-08
4354            	9.78387304e-08
4355            	9.74656527e-08
4356            	9.72065113e-08
4357            	9.70024304e-08
4358            	9.68263399e-08
4359            	9.65528534e-08
4360            	9.62394310e-08
4361            	9.59577664e-08
4362            	9.57836048e-08
4363            	9.58334725e-08
4364            	9.60503820e-08
4365            	9.52946733e-08
4366            	9.49815385e-08
4367            	9.50040515e-08
4368            	9.44580114e-08
4369            	9.42978851e-08
4370            	9.41883815e-08
4371            	9.39138873e-08
4372            	9.35265942e-08
4373            	9.33073877e-08
4374            	9.33473197e-08
4375            	9.35465251e-08
4376            	9.27719214e-08
4377            	9.25332078e-08
4378            	9.25768403e-08
4379            	9.21216019e-08
4380            	9.22849871e-08
4381            	9.23608466e-08
4382            	9.23044504e-08
4383            	9.19819268e-08
4384            	9.18300130e-08
4385            	9.16136171e-08
4386            	9.13391578e-08
4387            	9.10202359e-08
4388            	9.08075859e-08
4389            	9.05819338e-08
4390            	9.03372584e-08
4391            	9.01264901e-08
4392            	8.97752638e-08
4393            	8.96888068e-08
4394            	8.95192321e-08
4395            	8.92275138e-08
4396            	8.90134328e-08
4397            	8.88312943e-08
4398            	8.85900297e-08
4399            	8.84572341e-08
4400            	8.82694091e-08
4401            	8.80244855e-08
4402            	8.77795780e-08
4403            	8.75995502e-08
4404            	8.73690122e-08
4405            	8.71700832e-08
4406            	8.69212834e-08
4407            	8.67793581e-08
4408            	8.65914204e-08
4409            	8.63350987e-08
4410            	8.61290819e-08
4411            	8.59579792e-08
4412            	8.57171921e-08
4413            	8.55379945e-08
4414            	8.53142741e-08
4415            	8.51380481e-08
4416            	8.49596955e-08
4417            	8.47274297e-08
4418            	8.44394344e-08
4419            	8.43964924e-08
4420            	8.42159786e-08
4421            	8.39936746e-08
4422            	8.37690109e-08
4423            	8.35454080e-08
4424            	8.33787768e-08
4425            	8.31660590e-08
4426            	8.29846224e-08
4427            	8.27323038e-08
4428            	8.26461551e-08
4429            	8.24543789e-08
4430            	8.22357884e-08
4431            	8.19829704e-08
4432            	8.17605911e-08
4433            	8.16343753e-08
4434            	8.14626432e-08
4435            	8.12389422e-08
4436            	8.10125150e-08
4437            	8.08433876e-08
4438            	8.06742928e-08
4439            	8.04536201e-08
4440            	8.02811459e-08
4441            	8.00353138e-08
4442            	7.99376629e-08
4443            	7.97756071e-08
4444            	7.95096945e-08
4445            	7.93270442e-08
4446            	7.91559118e-08
4447            	7.89817328e-08
4448            	7.87872317e-08
4449            	7.86003679e-08
4450            	7.83955173e-08
4451            	7.82381866e-08
4452            	7.80342787e-08
4453            	7.78580207e-08
4454            	7.76934729e-08
4455            	7.74591266e-08
4456            	7.73459342e-08
4457            	7.71762497e-08
4458            	7.69418857e-08
4459            	7.67946779e-08
4460            	7.66006056e-08
4461            	7.63654125e-08
4462            	7.62325341e-08
4463            	7.60823266e-08
4464            	7.58430404e-08
4465            	7.56978507e-08
4466            	7.54945816e-08
4467            	7.53493049e-08
4468            	7.51381739e-08
4469            	7.49823628e-08
4470            	7.48700582e-08
4471            	7.46302991e-08
4472            	7.44870984e-08
4473            	7.43469033e-08
4474            	7.41790062e-08
4475            	7.40516366e-08
4476            	7.37517021e-08
4477            	7.37275469e-08
4478            	7.35356148e-08
4479            	7.32874602e-08
4480            	7.30485284e-08
4481            	7.28790480e-08
4482            	7.27180856e-08
4483            	7.25558561e-08
4484            	7.24032997e-08
4485            	7.22291120e-08
4486            	7.20821457e-08
4487            	7.19807774e-08
4488            	7.17173066e-08
4489            	7.15776286e-08
4490            	7.14542595e-08
4491            	7.13046587e-08
4492            	7.11089978e-08
4493            	7.09624262e-08
4494            	7.07729538e-08
4495            	7.05407279e-08
4496            	7.03640780e-08
4497            	7.02422877e-08
4498            	7.01128669e-08
4499            	6.99232831e-08
4500            	6.98565464e-08
4501            	6.96973533e-08
4502            	6.95309883e-08
4503            	6.91949324e-08
4504            	6.90221256e-08
4505            	6.88306480e-08
4506            	6.87690334e-08
4507            	6.86126099e-08
4508            	6.85456927e-08
4509            	6.82868474e-08
4510            	6.81555584e-08
4511            	6.80794672e-08
4512            	6.79305122e-08
4513            	6.77676729e-08
4514            	6.76218386e-08
4515            	6.73786706e-08
4516            	6.71620366e-08
4517            	6.69850795e-08
4518            	6.68579209e-08
4519            	6.67268051e-08
4520            	6.66185308e-08
4521            	6.62594209e-08
4522            	6.61998277e-08
4523            	6.59458109e-08
4524            	6.58259311e-08
4525            	6.57830615e-08
4526            	6.57350458e-08
4527            	6.54604638e-08
4528            	6.53467081e-08
4529            	6.52810376e-08
4530            	6.51484016e-08
4531            	6.50082619e-08
4532            	6.45365840e-08
4533            	6.44529183e-08
4534            	6.43599489e-08
4535            	6.41043560e-08
4536            	6.39262664e-08
4537            	6.37917104e-08
4538            	6.37671095e-08
4539            	6.37783221e-08
4540            	6.37276009e-08
4541            	6.28412090e-08
4542            	6.29081351e-08
4543            	6.29708986e-08
4544            	6.29919559e-08
4545            	6.29503229e-08
4546            	6.25365317e-08
4547            	6.24362542e-08
4548            	6.24027255e-08
4549            	6.20212010e-08
4550            	6.19949362e-08
4551            	6.14912157e-08
4552            	6.12816042e-08
4553            	6.14285296e-08
4554            	6.16386085e-08
4555            	6.13017867e-08
4556            	6.13186666e-08
4557            	6.09999172e-08
4558            	6.09401304e-08
4559            	6.07874304e-08
4560            	6.04370689e-08
4561            	5.99749151e-08
4562            	5.98754446e-08
4563            	5.96490062e-08
4564            	5.93336576e-08
4565            	5.90408475e-08
4566            	5.89266914e-08
4567            	5.89574838e-08
4568            	5.89800659e-08
4569            	5.89689412e-08
4570            	5.86838855e-08
4571            	5.85953495e-08
4572            	5.82676606e-08
4573            	5.81635029e-08
4574            	5.78573523e-08
4575            	5.77734115e-08
4576            	5.75178309e-08
4577            	5.74853898e-08
4578            	5.72105856e-08
4579            	5.71556802e-08
4580            	5.71060476e-08
4581            	5.70432142e-08
4582            	5.68623375e-08
4583            	5.67213386e-08
4584            	5.64665947e-08
4585            	5.64483704e-08
4586            	5.62066441e-08
4587            	5.61992496e-08
4588            	5.61480326e-08
4589            	5.59581037e-08
4590            	5.58196866e-08
4591            	5.54907483e-08
4592            	5.54848673e-08
4593            	5.53837210e-08
4594            	5.53836457e-08
4595            	5.50546490e-08
4596            	5.49984734e-08
4597            	5.47394490e-08
4598            	5.47347693e-08
4599            	5.46326572e-08
4600            	5.45646031e-08
4601            	5.43173311e-08
4602            	5.42393222e-08
4603            	5.39403156e-08
4604            	5.39402463e-08
4605            	5.39819590e-08
4606            	5.37054424e-08
4607            	5.36315576e-08
4608            	5.33478046e-08
4609            	5.33023540e-08
4610            	5.30623907e-08
4611            	5.30668231e-08
4612            	5.29422095e-08
4613            	5.29130353e-08
4614            	5.26588759e-08
4615            	5.26089438e-08
4616            	5.23614951e-08
4617            	5.23530462e-08
4618            	5.22570515e-08
4619            	5.21993086e-08
4620            	5.19497763e-08
4621            	5.18593208e-08
4622            	5.16113657e-08
4623            	5.15945288e-08
4624            	5.15631365e-08
4625            	5.14517105e-08
4626            	5.13131251e-08
4627            	5.10922204e-08
4628            	5.10452498e-08
4629            	5.07453272e-08
4630            	5.07692193e-08
4631            	5.07831746e-08
4632            	5.05679469e-08
4633            	5.04679286e-08
4634            	5.01723458e-08
4635            	5.01205676e-08
4636            	5.00909445e-08
4637            	4.99728305e-08
4638            	4.98876303e-08
4639            	4.96190638e-08
4640            	4.96103392e-08
4641            	4.94095926e-08
4642            	4.94004578e-08
4643            	4.92646521e-08
4644            	4.92037934e-08
4645            	4.89622762e-08
4646            	4.88879044e-08
4647            	4.86985835e-08
4648            	4.86746601e-08
4649            	4.85435116e-08
4650            	4.84976457e-08
4651            	4.83059965e-08
4652            	4.82480845e-08
4653            	4.80303465e-08
4654            	4.79930781e-08
4655            	4.79064148e-08
4656            	4.78371683e-08
4657            	4.76632494e-08
4658            	4.75605101e-08
4659            	4.73827246e-08
4660            	4.73556414e-08
4661            	4.71188704e-08
4662            	4.70604276e-08
4663            	4.70897916e-08
4664            	4.68400044e-08
4665            	4.67354026e-08
4666            	4.66460647e-08
4667            	4.65095392e-08
4668            	4.70110420e-08
4669            	4.78048540e-08
4670            	4.81894411e-08
4671            	4.82924496e-08
4672            	4.72464149e-08
4673            	4.71905536e-08
4674            	4.70062739e-08
4675            	4.72630632e-08
4676            	4.77747478e-08
4677            	4.71114150e-08
4678            	4.70268670e-08
4679            	4.70489757e-08
4680            	4.65972180e-08
4681            	4.67057167e-08
4682            	4.68325287e-08
4683            	4.63424418e-08
4684            	4.64056920e-08
4685            	4.61778875e-08
4686            	4.64472079e-08
4687            	4.61789488e-08
4688            	4.56490181e-08
4689            	4.56892803e-08
4690            	4.55907556e-08
4691            	4.58679338e-08
4692            	4.61259856e-08
4693            	4.56011645e-08
4694            	4.52531519e-08
4695            	4.53303427e-08
4696            	4.54829389e-08
4697            	4.52498117e-08
4698            	4.48394455e-08
4699            	4.41970220e-08
4700            	4.38227246e-08
4701            	4.36796474e-08
4702            	4.36205161e-08
4703            	4.35135254e-08
4704            	4.35121537e-08
4705            	4.33636852e-08
4706            	4.32934208e-08
4707            	4.31129481e-08
4708            	4.30418270e-08
4709            	4.28917449e-08
4710            	4.28359209e-08
4711            	4.26929154e-08
4712            	4.26395214e-08
4713            	4.24950316e-08
4714            	4.24434471e-08
4715            	4.22962226e-08
4716            	4.22396464e-08
4717            	4.20874947e-08
4718            	4.20307391e-08
4719            	4.18847557e-08
4720            	4.18354467e-08
4721            	4.16961030e-08
4722            	4.16482684e-08
4723            	4.15067390e-08
4724            	4.14556472e-08
4725            	4.13116661e-08
4726            	4.12594411e-08
4727            	4.11159249e-08
4728            	4.10642804e-08
4729            	4.09219886e-08
4730            	4.08714292e-08
4731            	4.07306679e-08
4732            	4.06809295e-08
4733            	4.05409524e-08
4734            	4.04910978e-08
4735            	4.03512043e-08
4736            	4.03012441e-08
4737            	4.01619665e-08
4738            	4.01124802e-08
4739            	3.99741637e-08
4740            	3.99251138e-08
4741            	3.97874745e-08
4742            	3.97385829e-08
4743            	3.96014513e-08
4744            	3.95526556e-08
4745            	3.94160692e-08
4746            	3.93674526e-08
4747            	3.92315112e-08
4748            	3.91831893e-08
4749            	3.90479763e-08
4750            	3.89999688e-08
4751            	3.88654465e-08
4752            	3.88176773e-08
4753            	3.86837623e-08
4754            	3.86361833e-08
4755            	3.85028644e-08
4756            	3.84554958e-08
4757            	3.83228059e-08
4758            	3.82756677e-08
4759            	3.81436132e-08
4760            	3.80967059e-08
4761            	3.79652731e-08
4762            	3.79185815e-08
4763            	3.82330893e-08
4764            	3.84229105e-08
4765            	3.88759263e-08
4766            	3.85413856e-08
4767            	3.80623886e-08
4768            	3.75045113e-08
4769            	3.79110937e-08
4770            	3.84726406e-08
4771            	3.87649301e-08
4772            	3.83817877e-08
4773            	3.82966173e-08
4774            	3.79520753e-08
4775            	3.76965339e-08
4776            	3.82443848e-08
4777            	3.87902225e-08
4778            	3.78935758e-08
4779            	3.76301382e-08
4780            	3.72514583e-08
4781            	3.75513234e-08
4782            	3.81169766e-08
4783            	3.82714683e-08
4784            	3.75100346e-08
4785            	3.70261397e-08
4786            	3.70098402e-08
4787            	3.68798987e-08
4788            	3.66743674e-08
4789            	3.66418540e-08
4790            	3.62715305e-08
4791            	3.66943323e-08
4792            	3.68733690e-08
4793            	3.66623939e-08
4794            	3.65720462e-08
4795            	3.61491224e-08
4796            	3.62843068e-08
4797            	3.61488943e-08
4798            	3.63837874e-08
4799            	3.57875173e-08
4800            	3.58409837e-08
4801            	3.57168321e-08
4802            	3.59202320e-08
4803            	3.56113258e-08
4804            	3.56694738e-08
4805            	3.54020131e-08
4806            	3.56894996e-08
4807            	3.51895947e-08
4808            	3.51835116e-08
4809            	3.50883654e-08
4810            	3.52799944e-08
4811            	3.47795687e-08
4812            	3.48855947e-08
4813            	3.46582956e-08
4814            	3.49134804e-08
4815            	3.45219019e-08
4816            	3.45690779e-08
4817            	3.44627855e-08
4818            	3.47374574e-08
4819            	3.41164034e-08
4820            	3.42091230e-08
4821            	3.45399651e-08
4822            	3.41266597e-08
4823            	3.42700893e-08
4824            	3.44000253e-08
4825            	3.41844511e-08
4826            	3.35823686e-08
4827            	3.34563318e-08
4828            	3.39770543e-08
4829            	3.35525719e-08
4830            	3.37672905e-08
4831            	3.39188191e-08
4832            	3.38207588e-08
4833            	3.29850603e-08
4834            	3.29545375e-08
4835            	3.33634273e-08
4836            	3.29816964e-08
4837            	3.32008117e-08
4838            	3.32257694e-08
4839            	3.35411678e-08
4840            	3.27394076e-08
4841            	3.29150591e-08
4842            	3.25119219e-08
4843            	3.32614286e-08
4844            	3.23262972e-08
4845            	3.23771889e-08
4846            	3.32167813e-08
4847            	3.27854486e-08
4848            	3.28261940e-08
4849            	3.27398550e-08
4850            	3.20245733e-08
4851            	3.27642348e-08
4852            	3.18797878e-08
4853            	3.18024271e-08
4854            	3.18360045e-08
4855            	3.24615408e-08
4856            	3.24682866e-08
4857            	3.24636936e-08
4858            	3.18172836e-08
4859            	3.18487802e-08
4860            	3.16901221e-08
4861            	3.21779683e-08
4862            	3.28849707e-08
4863            	3.18987181e-08
4864            	3.16915591e-08
4865            	3.17698009e-08
4866            	3.15213157e-08
4867            	3.19336510e-08
4868            	3.09802707e-08
4869            	3.10584315e-08
4870            	3.12055083e-08
4871            	3.06582069e-08
4872            	3.13023167e-08
4873            	3.04974556e-08
4874            	3.04773145e-08
4875            	3.06389738e-08
4876            	3.00751204e-08
4877            	3.07818987e-08
4878            	3.01082047e-08
4879            	3.01883203e-08
4880            	3.02580364e-08
4881            	3.02020799e-08
4882            	3.05373612e-08
4883            	2.97398793e-08
4884            	2.98308088e-08
4885            	3.01947365e-08
4886            	2.95386189e-08
4887            	3.03480167e-08
4888            	2.95096846e-08
4889            	3.01926782e-08
4890            	2.98265083e-08
4891            	3.00175594e-08
4892            	2.98724012e-08
4893            	2.96926268e-08
4894            	3.00098465e-08
4895            	2.92682624e-08
4896            	2.95695965e-08
4897            	2.89827306e-08
4898            	2.92171160e-08
4899            	2.91218092e-08
4900            	2.91948088e-08
4901            	2.91605405e-08
4902            	2.85860297e-08
4903            	2.90654635e-08
4904            	2.85893091e-08
4905            	2.89110163e-08
4906            	2.89588485e-08
4907            	2.81084162e-08
4908            	2.87911755e-08
4909            	2.80182953e-08
4910            	2.85756760e-08
4911            	2.81372459e-08
4912            	2.84697978e-08
4913            	2.83860127e-08
4914            	2.80575976e-08
4915            	2.83224130e-08
4916            	2.75532979e-08
4917            	2.80341678e-08
4918            	2.76038806e-08
4919            	2.82565113e-08
4920            	2.75629366e-08
4921            	2.79794021e-08
4922            	2.72802119e-08
4923            	2.75774091e-08
4924            	2.70641815e-08
4925            	2.73932352e-08
4926            	2.66574921e-08
4927            	2.68034843e-08
4928            	2.67983010e-08
4929            	2.75361583e-08
4930            	2.70578671e-08
4931            	2.74549458e-08
4932            	2.68202810e-08
4933            	2.71791137e-08
4934            	2.65782395e-08
4935            	2.68458971e-08
4936            	2.63912301e-08
4937            	2.67699721e-08
4938            	2.62626272e-08
4939            	2.66223405e-08
4940            	2.61769304e-08
4941            	2.65716826e-08
4942            	2.60527698e-08
4943            	2.63708996e-08
4944            	2.59220951e-08
4945            	2.63099115e-08
4946            	2.57844362e-08
4947            	2.61181338e-08
4948            	2.56778105e-08
4949            	2.60631663e-08
4950            	2.52937289e-08
4951            	2.53513952e-08
4952            	2.51357697e-08
4953            	2.57725001e-08
4954            	2.53123242e-08
4955            	2.57926920e-08
4956            	2.49720013e-08
4957            	2.50285334e-08
4958            	2.50265440e-08
4959            	2.56416727e-08
4960            	2.52947813e-08
4961            	2.55189177e-08
4962            	2.53351823e-08
4963            	2.54627012e-08
4964            	2.61582914e-08
4965            	2.50455118e-08
4966            	2.52906184e-08
4967            	2.50816863e-08
4968            	2.61823446e-08
4969            	2.52454409e-08
4970            	2.52202384e-08
4971            	2.50866185e-08
4972            	2.51426468e-08
4973            	2.49686251e-08
4974            	2.49498594e-08
4975            	2.56505798e-08
4976            	2.44336179e-08
4977            	2.46006866e-08
4978            	2.43432332e-08
4979            	2.55795811e-08
4980            	2.57234041e-08
4981            	2.44810831e-08
4982            	2.46042192e-08
4983            	2.44747926e-08
4984            	2.53701419e-08
4985            	2.55443045e-08
4986            	2.42403579e-08
4987            	2.43633639e-08
4988            	2.38335821e-08
4989            	2.51311426e-08
4990            	2.49783933e-08
4991            	2.41480169e-08
4992            	2.43339723e-08
4993            	2.36859135e-08
4994            	2.48229899e-08
4995            	2.46977169e-08
4996            	2.37822544e-08
4997            	2.39694845e-08
4998            	2.33909204e-08
4999            	2.45451312e-08
5000            	2.43955633e-08
