/*--------------------------------*- C++ -*----------------------------------*\
  =========                 |
  \\      /  F ield         | OpenFOAM: The Open Source CFD Toolbox
   \\    /   O peration     | Website:  https://openfoam.org
    \\  /    A nd           | Version:  14
     \\/     M anipulation  |
\*---------------------------------------------------------------------------*/
FoamFile
{
    format      ascii;
    class       surfaceScalarField;
    location    "1500";
    object      phi;
}
// * * * * * * * * * * * * * * * * * * * * * * * * * * * * * * * * * * * * * //

dimensions      [0 3 -1 0 0 0 0];

internalField   nonuniform List<scalar> 
10657
(
8.7285834e-17
-8.7282083e-17
4.2025907e-22
4.2198293e-16
-3.3469598e-16
1.6014972e-21
1.1543843e-15
-7.3240455e-16
3.4866059e-21
2.5093057e-15
-1.3549276e-15
6.4153667e-21
4.8206219e-15
-2.3113281e-15
1.0875191e-20
8.5812683e-15
-3.7606674e-15
1.7569581e-20
1.4515503e-14
-5.9342702e-15
2.7514636e-20
2.3683117e-14
-9.1676721e-15
4.2180379e-20
3.7629371e-14
-1.3946345e-14
6.3699506e-20
5.860017e-14
-2.0970937e-14
9.5179364e-20
8.9850005e-14
-3.1250037e-14
1.4117625e-19
1.3608121e-13
-4.6231492e-14
2.0843183e-19
2.040682e-13
-6.798739e-14
3.0702538e-19
3.0354067e-13
-9.9473035e-14
4.5209857e-19
4.4842671e-13
-1.4488684e-13
6.6607506e-19
6.5859156e-13
-2.1016608e-13
9.8071125e-19
9.6225206e-13
-3.0366243e-13
1.4382239e-18
1.3993e-12
-4.3705101e-13
2.0936913e-18
2.0258307e-12
-6.265352e-13
3.0277079e-18
2.9202402e-12
-8.9441605e-13
4.3793114e-18
4.1913277e-12
-1.2710964e-12
6.3882071e-18
5.9889008e-12
-1.7975851e-12
9.4039038e-18
8.5174403e-12
-2.5285562e-12
1.3834732e-17
1.2053418e-11
-3.5360019e-12
2.009493e-17
1.6966898e-11
-4.9135134e-12
2.866438e-17
2.374808e-11
-6.7812302e-12
4.0287596e-17
3.3039556e-11
-9.291541e-12
5.6170812e-17
4.5675156e-11
-1.2635686e-11
7.7991528e-17
6.2726544e-11
-1.7051501e-11
1.0769849e-16
8.5559021e-11
-2.2832629e-11
1.472972e-16
1.1589831e-10
-3.0339487e-11
1.9885916e-16
1.5591069e-10
-4.001265e-11
2.647809e-16
2.0829808e-10
-5.238774e-11
3.4791614e-16
2.7641331e-10
-6.8115685e-11
4.5045801e-16
3.6439231e-10
-8.797957e-11
5.7492342e-16
4.7732342e-10
-1.1293182e-10
7.1892077e-16
6.2143722e-10
-1.4411466e-10
8.8985387e-16
8.041457e-10
-1.8270952e-10
1.0746682e-15
-2.321471e-10
1.0362916e-09
1.2904057e-15
9.0225828e-17
-1.7750403e-16
4.36181e-16
-6.8064887e-16
1.1931751e-15
-1.4893987e-15
2.5935815e-15
-2.7553347e-15
4.982514e-15
-4.7002627e-15
8.8695237e-15
-7.6476825e-15
1.5003317e-14
-1.2068075e-14
2.4479514e-14
-1.8643888e-14
3.8895684e-14
-2.8362546e-14
6.0573851e-14
-4.2649152e-14
9.2878896e-14
-6.3555147e-14
1.406727e-13
-9.4025381e-14
2.1095946e-13
-1.3827425e-13
3.1379849e-13
-2.0231222e-13
4.6358881e-13
-2.946774e-13
6.808654e-13
-4.2744314e-13
9.9479297e-13
-6.1759085e-13
1.4465976e-12
-8.8885705e-13
2.0942417e-12
-1.2741813e-12
3.0187178e-12
-1.8188947e-12
4.33241e-12
-2.5847916e-12
6.1900392e-12
-3.6552182e-12
8.8027646e-12
-5.1412874e-12
1.2456058e-11
-7.1893047e-12
1.7532002e-11
-9.9894708e-12
2.4536706e-11
-1.3785951e-11
3.4133626e-11
-1.888848e-11
4.7183737e-11
-2.5685815e-11
6.4793749e-11
-3.4661529e-11
8.837391e-11
-4.6412805e-11
1.1970724e-10
-6.1672836e-11
1.6103277e-10
-8.133819e-11
2.1514443e-10
-1.064994e-10
2.8551068e-10
-1.3848191e-10
3.7641418e-10
-1.7888299e-10
4.9312358e-10
-2.2964103e-10
6.4210403e-10
-2.930948e-10
8.3103699e-10
-3.7164198e-10
-4.7225674e-10
1.0711474e-09
9.3779297e-17
-2.7127943e-16
4.5335333e-16
-1.0402207e-15
1.2401324e-15
-2.2761779e-15
2.6955948e-15
-4.2107979e-15
5.1783449e-15
-7.1830152e-15
9.217801e-15
-1.1687144e-14
1.5591779e-14
-1.8442063e-14
2.543836e-14
-2.8490489e-14
4.0416824e-14
-4.3341041e-14
6.2938551e-14
-6.5170923e-14
9.6497372e-14
-9.7114029e-14
1.4614064e-13
-1.4366873e-13
2.1913836e-13
-2.1127208e-13
3.2592943e-13
-3.0910344e-13
4.8145261e-13
-4.5020084e-13
7.0700705e-13
-6.5299804e-13
1.0328339e-12
-9.4341844e-13
1.5016672e-12
-1.3576916e-12
2.1735697e-12
-1.9460854e-12
3.1324396e-12
-2.7777668e-12
4.4946542e-12
-3.9470088e-12
6.4203806e-12
-5.580948e-12
9.1281499e-12
-7.8490614e-12
1.2913333e-11
-1.0974494e-11
1.8171201e-11
-1.5247345e-11
2.5425294e-11
-2.1040052e-11
3.5361951e-11
-2.8825144e-11
4.887198e-11
-3.9195851e-11
6.7100776e-11
-5.2890331e-11
9.1508506e-11
-7.082054e-11
1.2394236e-10
-9.4106696e-11
1.6672364e-10
-1.2411947e-10
2.227516e-10
-1.6252735e-10
2.9562893e-10
-2.1135923e-10
3.8981109e-10
-2.7306512e-10
5.1078405e-10
-3.5061395e-10
6.6529283e-10
-4.4760351e-10
8.6137334e-10
-5.6772239e-10
-7.2152e-10
1.1106367e-09
9.8012016e-17
-3.6928743e-16
4.7379905e-16
-1.4160054e-15
1.296011e-15
-3.0983898e-15
2.8169108e-15
-5.7316981e-15
5.4110493e-15
-9.7771556e-15
9.6312732e-15
-1.5907373e-14
1.6289634e-14
-2.5100434e-14
2.6574015e-14
-3.8774887e-14
4.2215828e-14
-5.8982884e-14
6.5730552e-14
-8.8685693e-14
1.0076169e-13
-1.3214524e-13
1.5257104e-13
-1.9547816e-13
2.2873469e-13
-2.8743585e-13
3.4012683e-13
-4.2049574e-13
5.0230263e-13
-6.1237691e-13
7.3743027e-13
-8.8812611e-13
1.0769698e-12
-1.2829587e-12
1.5653556e-12
-1.8460785e-12
2.2650076e-12
-2.645739e-12
3.2630708e-12
-3.7758322e-12
4.6803633e-12
-5.3643041e-12
6.6830824e-12
-7.5836707e-12
9.4978882e-12
-1.0663872e-11
1.3431031e-11
-1.4907642e-11
1.8892237e-11
-2.0708559e-11
2.6424144e-11
-2.8571966e-11
3.6738157e-11
-3.9139165e-11
5.0757845e-11
-5.3215547e-11
6.9671247e-11
-7.180374e-11
9.4993883e-11
-9.6143182e-11
1.286446e-10
-1.2775742e-10
1.7303744e-10
-1.685123e-10
2.3119156e-10
-2.2068148e-10
3.0686433e-10
-2.8703198e-10
4.0471258e-10
-3.7091335e-10
5.3048044e-10
-4.7638176e-10
6.9124185e-10
-6.0836486e-10
8.9547854e-10
-7.7195897e-10
-9.812369e-10
1.1551956e-09
1.0294754e-16
-4.7223089e-16
4.976323e-16
-1.8106877e-15
1.3611287e-15
-3.9618861e-15
2.9582435e-15
-7.3288132e-15
5.6820579e-15
-1.2500972e-14
1.0112615e-14
-2.0337935e-14
1.7101662e-14
-3.2089491e-14
2.7894738e-14
-4.9567981e-14
4.4306644e-14
-7.5394821e-14
6.8972958e-14
-1.1335206e-13
1.057095e-13
-1.6888185e-13
1.600243e-13
-2.4979305e-13
2.3984396e-13
-3.6725564e-13
3.5653944e-13
-5.371914e-13
5.2636688e-13
-7.8220461e-13
7.7247872e-13
-1.1342384e-12
1.1277099e-12
-1.6381905e-12
1.6384042e-12
-2.356774e-12
2.3696175e-12
-3.3769539e-12
3.4121092e-12
-4.8183264e-12
4.89162e-12
-6.8438179e-12
6.9810042e-12
-9.6730586e-12
9.9158618e-12
-1.3598734e-11
1.4014369e-11
-1.9006155e-11
1.9702067e-11
-2.6396263e-11
2.7542449e-11
-3.6412356e-11
3.8274321e-11
-4.9871044e-11
5.2857121e-11
-6.7798354e-11
7.2525751e-11
-9.1472377e-11
9.885687e-11
-1.2247431e-10
1.3384897e-10
-1.6274952e-10
1.8001994e-10
-2.1468328e-10
2.4052448e-10
-2.8118601e-10
3.1929637e-10
-3.6580385e-10
4.2122431e-10
-4.7284126e-10
5.5235353e-10
-6.0751093e-10
7.2013989e-10
-7.7615114e-10
9.3360088e-10
-9.8541984e-10
-1.2527897e-09
1.2051538e-09
1.0863879e-16
-5.8086556e-16
5.2510973e-16
-2.2271562e-15
1.4361874e-15
-4.8729635e-15
3.1211111e-15
-9.0137369e-15
5.994265e-15
-1.5374127e-14
1.0666927e-14
-2.5010601e-14
1.8036383e-14
-3.9458957e-14
2.9414235e-14
-6.094585e-14
4.6710688e-14
-9.2691302e-14
7.2698512e-14
-1.3933993e-13
1.1138999e-13
-2.0757339e-13
1.6857334e-13
-3.069765e-13
2.5257305e-13
-4.5125547e-13
3.7532251e-13
-6.5994103e-13
5.538692e-13
-9.6075156e-13
8.1247315e-13
-1.3928427e-12
1.185511e-12
-2.011229e-12
1.7214597e-12
-2.8927239e-12
2.4883077e-12
-4.1438036e-12
3.5808198e-12
-5.9108408e-12
5.1301685e-12
-8.3931696e-12
7.3165248e-12
-1.1859419e-11
1.0385279e-11
-1.6667492e-11
1.4667625e-11
-2.3288506e-11
2.0606331e-11
-3.2334974e-11
2.8787581e-11
-4.4593613e-11
3.9979989e-11
-6.1063458e-11
5.5182084e-11
-8.3000457e-11
7.5679999e-11
-1.119703e-10
1.0311753e-10
-1.4991184e-10
1.3958105e-10
-1.9921304e-10
1.8770383e-10
-2.6280605e-10
2.5079212e-10
-3.4427429e-10
3.3297858e-10
-4.4799029e-10
4.3941517e-10
-5.7927782e-10
5.7649162e-10
-7.4458733e-10
7.5210021e-10
-9.5175967e-10
9.7587892e-10
-1.2091984e-09
-1.5375916e-09
1.260681e-09
1.1511926e-16
-6.9598071e-16
5.5639257e-16
-2.6684271e-15
1.5216272e-15
-5.8381977e-15
3.3064686e-15
-1.0798579e-14
6.349502e-15
-1.8417162e-14
1.1297463e-14
-2.9958566e-14
1.9099286e-14
-4.726079e-14
3.1141432e-14
-7.2988015e-14
4.944209e-14
-1.1099199e-13
7.6929119e-14
-1.6682701e-13
1.1783658e-13
-2.4848093e-13
1.7826845e-13
-3.6740848e-13
2.6699675e-13
-5.399839e-13
3.9658619e-13
-7.8953065e-13
5.8497025e-13
-1.1491359e-12
8.5764564e-13
-1.6655185e-12
1.2507049e-12
-2.404289e-12
1.8149915e-12
-3.4570116e-12
2.621735e-12
-4.9505488e-12
3.7701098e-12
-7.059218e-12
5.3972457e-12
-1.0020308e-11
7.6913075e-12
-1.4153484e-11
1.0908343e-11
-1.9884531e-11
1.5393676e-11
-2.7773844e-11
2.1608724e-11
-3.8550027e-11
3.0164208e-11
-5.3149103e-11
4.1860969e-11
-7.2760225e-11
5.773985e-11
-9.8879343e-11
7.9142582e-11
-1.3337304e-10
1.0778612e-10
-1.7855538e-10
1.458529e-10
-2.3727982e-10
1.961029e-10
-3.1305605e-10
2.6200991e-10
-4.1018129e-10
3.4792762e-10
-5.3390798e-10
4.5930205e-10
-6.9065222e-10
6.0290913e-10
-8.8819437e-10
7.8713059e-10
-1.1359811e-09
1.0222994e-09
-1.4443671e-09
-1.8370196e-09
1.3217275e-09
1.224113e-16
-8.1838788e-16
5.9158853e-16
-3.137602e-15
1.6177412e-15
-6.8643499e-15
3.5149493e-15
-1.2695787e-14
6.7489743e-15
-2.1651188e-14
1.2006343e-14
-3.5215939e-14
2.0293912e-14
-5.5548368e-14
3.3082013e-14
-8.5776133e-14
5.2509712e-14
-1.3041972e-13
8.1678278e-14
-1.9599562e-13
1.2506944e-13
-2.9187216e-13
1.8913927e-13
-4.3147841e-13
2.8315805e-13
-6.3400282e-13
4.2039201e-13
-9.2676479e-13
6.1975705e-13
-1.3485012e-12
9.0811783e-13
-1.9538797e-12
1.32346e-12
-2.8196318e-12
1.9192291e-12
-4.0527819e-12
2.770208e-12
-5.8015293e-12
3.9803872e-12
-8.2693995e-12
5.6933793e-12
-1.1733303e-11
8.106015e-12
-1.6566123e-11
1.1485855e-11
-2.3264375e-11
1.6193443e-11
-3.2481436e-11
2.2710227e-11
-4.5066816e-11
3.1673248e-11
-6.2112129e-11
4.3917894e-11
-8.5004876e-11
6.0530403e-11
-1.1549186e-10
8.2912286e-11
-1.5575492e-10
1.1285941e-10
-2.085025e-10
1.5265805e-10
-2.7707846e-10
2.0520534e-10
-3.6560332e-10
2.7415756e-10
-4.791335e-10
3.641104e-10
-6.2386081e-10
4.8083204e-10
-8.0737383e-10
6.3152191e-10
-1.0388842e-09
8.2509888e-10
-1.329558e-09
1.07265e-09
-1.6919182e-09
-2.1523296e-09
1.3879601e-09
1.3051266e-16
-9.4889644e-16
6.3068648e-16
-3.6377734e-15
1.7244984e-15
-7.9581611e-15
3.7464833e-15
-1.4717771e-14
7.1925435e-15
-2.5097249e-14
1.2793312e-14
-4.0816711e-14
2.1619807e-14
-6.4374871e-14
3.5235203e-14
-9.9391545e-14
5.5912253e-14
-1.510968e-13
8.6943835e-14
-2.2702725e-13
1.3308503e-13
-3.3801342e-13
2.0118007e-13
-4.9957355e-13
3.0104764e-13
-7.3387053e-13
4.4672489e-13
-1.0724422e-12
6.5820522e-13
-1.5599818e-12
9.6385037e-13
-2.2595252e-12
1.4037125e-12
-3.2594945e-12
2.0340701e-12
-4.6831405e-12
2.9335617e-12
-6.7010224e-12
4.211387e-12
-9.5472269e-12
6.0181445e-12
-1.3540064e-11
8.5599704e-12
-1.9107952e-11
1.2116744e-11
-2.6821152e-11
1.7065237e-11
-3.7429932e-11
2.3908205e-11
-5.1909789e-11
3.3310627e-11
-7.1514555e-11
4.6144526e-11
-9.783878e-11
6.3544296e-11
-1.3289163e-10
8.697495e-11
-1.7918558e-10
1.1831648e-10
-2.3984403e-10
1.5996588e-10
-3.1872785e-10
2.1496585e-10
-4.2060328e-10
2.8716818e-10
-5.5133582e-10
3.8142926e-10
-7.1812188e-10
5.0386212e-10
-9.2980667e-10
6.6211919e-10
-1.1971412e-09
8.6569437e-10
-1.5331331e-09
1.1264693e-09
-1.952693e-09
-2.4845606e-09
1.4587004e-09
1.3939212e-16
-1.0882845e-15
6.7353524e-16
-4.1719141e-15
1.8414849e-15
-9.1261098e-15
4.0001701e-15
-1.6876456e-14
7.6784774e-15
-2.8775557e-14
1.3655283e-14
-4.6793519e-14
2.3071744e-14
-7.3791338e-14
3.7592456e-14
-1.1391227e-13
5.9636107e-14
-1.7314047e-13
9.270455e-14
-2.6009573e-13
1.4185069e-13
-3.8715962e-13
2.1434117e-13
-5.7206411e-13
3.2059072e-13
-8.401202e-13
4.7547299e-13
-1.2273246e-12
7.0014855e-13
-1.7846575e-12
1.0245974e-12
-2.5839744e-12
1.4911002e-12
-3.7259978e-12
2.1589825e-12
-5.3510237e-12
3.1110174e-12
-7.6530586e-12
4.4619718e-12
-1.0898183e-11
6.3698849e-12
-1.5447979e-11
9.050766e-12
-2.1788836e-11
1.2797517e-11
-3.0567906e-11
1.8004006e-11
-4.2636424e-11
2.519537e-11
-5.9101156e-11
3.5065856e-11
-8.1385044e-11
4.8525821e-11
-1.1129875e-10
6.6759998e-11
-1.5112581e-10
9.1299864e-11
-2.0372545e-10
1.2411382e-10
-2.7265799e-10
1.6771498e-10
-3.6232902e-10
2.2529678e-10
-4.7818508e-10
3.0091607e-10
-6.2695508e-10
3.9970561e-10
-8.169114e-10
5.2813679e-10
-1.0582378e-09
6.9433286e-10
-1.3633372e-09
9.083852e-10
-1.7471854e-09
1.1829906e-09
-2.2272982e-09
-2.8345764e-09
1.5330065e-09
1.4898087e-16
-1.2372613e-15
7.1980239e-16
-4.7427333e-15
1.9677917e-15
-1.0374098e-14
4.2740356e-15
-1.9182699e-14
8.2029871e-15
-3.2704509e-14
1.4585518e-14
-5.3176052e-14
2.4638337e-14
-8.3844163e-14
4.0135225e-14
-1.2940917e-13
6.3651851e-14
-1.9665712e-13
9.8914679e-14
-2.953586e-13
1.5129642e-13
-4.3954142e-13
2.2851678e-13
-6.4928455e-13
3.4162896e-13
-9.5323249e-13
5.0640131e-13
-1.3920971e-12
7.452406e-13
-2.023497e-12
1.0898512e-12
-2.9285852e-12
1.5848829e-12
-4.22103e-12
2.2928921e-12
-6.0590337e-12
3.3010224e-12
-8.6611901e-12
4.7299067e-12
-1.2327069e-11
6.7453943e-12
-1.7463469e-11
9.5738191e-12
-2.4617263e-11
1.3521647e-11
-3.4515736e-11
1.9000484e-11
-4.8115263e-11
2.6558605e-11
-6.6659279e-11
3.6920432e-11
-9.1746872e-11
5.1035738e-11
-1.2541405e-10
7.0140928e-11
-1.70231e-10
9.583566e-11
-2.2942018e-10
1.3017977e-10
-3.0700209e-10
1.7580617e-10
-4.0795541e-10
2.3605908e-10
-5.3843798e-10
3.1520357e-10
-7.0609954e-10
4.1866187e-10
-9.2036968e-10
5.5326403e-10
-1.1928399e-09
7.2760464e-10
-1.5376778e-09
9.523715e-10
-1.9719523e-09
1.2410659e-09
-2.5159925e-09
-3.2026948e-09
1.6091843e-09
1.591625e-16
-1.3964199e-15
7.6892558e-16
-5.3524941e-15
2.1018821e-15
-1.1707053e-14
4.5647439e-15
-2.164556e-14
8.7596753e-15
-3.689944e-14
1.5572654e-14
-5.9989032e-14
2.6300416e-14
-9.457193e-14
4.2832321e-14
-1.4594109e-13
6.7910102e-14
-2.2173493e-13
1.0549762e-13
-3.3294615e-13
1.6130529e-13
-4.9534914e-13
2.4353066e-13
-7.3151e-13
3.638995e-13
-1.0736014e-12
5.3912117e-13
-1.5673189e-12
7.9291081e-13
-2.2772868e-12
1.1587794e-12
-3.294454e-12
1.6838532e-12
-4.7461041e-12
2.4340557e-12
-6.8092368e-12
3.5010718e-12
-9.7282071e-12
5.0116071e-12
-1.3837606e-11
7.1395651e-12
-1.9591429e-11
1.0121881e-11
-2.7599581e-11
1.4278887e-11
-3.8672744e-11
2.0040241e-11
-5.3876618e-11
2.7977671e-11
-7.4596709e-11
3.8846067e-11
-1.0261527e-10
5.363487e-11
-1.4020286e-10
7.3632281e-11
-1.9022841e-10
1.0050589e-10
-2.5629379e-10
1.3640768e-10
-3.4290388e-10
1.8409622e-10
-4.5564394e-10
2.4705429e-10
-6.0139603e-10
3.2974347e-10
-7.8878871e-10
4.379022e-10
-1.0285284e-09
5.7869092e-10
-1.3336286e-09
7.6115355e-10
-1.7201404e-09
9.9653905e-10
-2.2073377e-09
1.2990517e-09
-2.8185051e-09
-3.5881849e-09
1.6845419e-09
1.6976709e-16
-1.5661831e-15
8.2008575e-16
-6.0028105e-15
2.2415197e-15
-1.3128486e-14
4.8674415e-15
-2.4271481e-14
9.3392344e-15
-4.1371232e-14
1.6600155e-14
-6.7249954e-14
2.8030075e-14
-1.0600185e-13
4.563834e-14
-1.6354936e-13
7.2338941e-14
-2.4843555e-13
1.1234178e-13
-3.7294902e-13
1.7170685e-13
-5.5471426e-13
2.5912582e-13
-8.1892905e-13
3.8701889e-13
-1.2014946e-12
5.7306539e-13
-1.7533655e-12
8.4232651e-13
-2.546548e-12
1.2301677e-12
-3.6822954e-12
1.7862501e-12
-5.3021868e-12
2.5799344e-12
-7.6029215e-12
3.7075236e-12
-1.0855797e-11
5.3018748e-12
-1.5431958e-11
7.5450129e-12
-2.1834568e-11
1.068451e-11
-3.0739079e-11
1.5054537e-11
-4.3042771e-11
2.1102673e-11
-5.9924754e-11
2.9423809e-11
-8.2917845e-11
4.0802792e-11
-1.1399425e-10
5.6267921e-11
-1.5566798e-10
7.7157951e-11
-2.1111844e-10
1.0520574e-10
-2.8434157e-10
1.4264702e-10
-3.8034517e-10
1.9235136e-10
-5.0534826e-10
2.5797466e-10
-6.6701931e-10
3.4417487e-10
-8.749889e-10
4.5689956e-10
-1.141253e-09
6.0368067e-10
-1.4804097e-09
7.9394736e-10
-1.910407e-09
1.0394349e-09
-2.4528253e-09
1.3549055e-09
-3.1339755e-09
-3.9896563e-09
1.756377e-09
1.8055358e-16
-1.746733e-15
8.7211717e-16
-6.6943721e-15
2.3835202e-15
-1.4639887e-14
5.1752207e-15
-2.706318e-14
9.9284271e-15
-4.6124438e-14
1.7644529e-14
-7.4966057e-14
2.9787721e-14
-1.1814505e-13
4.8488957e-14
-1.8225061e-13
7.6836667e-14
-2.7678327e-13
1.1928966e-13
-4.1540204e-13
1.822612e-13
-6.1768585e-13
2.7494158e-13
-9.1160949e-13
4.104506e-13
-1.3370037e-12
6.0744305e-13
-1.9503581e-12
8.9233063e-13
-2.8314357e-12
1.3023345e-12
-4.0922994e-12
1.8896448e-12
-5.8894973e-12
2.7270378e-12
-8.4403148e-12
3.9153874e-12
-1.2044147e-11
5.5936078e-12
-1.711018e-11
7.9516768e-12
-2.4192638e-11
1.1247518e-11
-3.4034921e-11
1.5828677e-11
-4.7623931e-11
2.2159936e-11
-6.6256013e-11
3.0858265e-11
-9.1616172e-11
4.2736903e-11
-1.2587288e-10
5.8860879e-11
-1.7179196e-10
8.0617134e-11
-2.3287469e-10
1.0980365e-10
-3.1352808e-10
1.4873267e-10
-4.1927419e-10
2.0033384e-10
-5.5694941e-10
2.6841669e-10
-7.3510215e-10
3.5792116e-10
-9.6449334e-10
4.7496358e-10
-1.2582954e-09
6.2729198e-10
-1.6327381e-09
8.2467736e-10
-2.1077923e-09
1.0792378e-09
-2.7073857e-09
1.4061093e-09
-3.4608469e-09
-4.4048756e-09
1.8213287e-09
1.912202e-16
-1.9379495e-15
9.2356284e-16
-7.4267123e-15
2.5238972e-15
-1.624022e-14
5.479423e-15
-3.0018704e-14
1.051064e-14
-5.1155654e-14
1.8676249e-14
-8.3131666e-14
3.1523502e-14
-1.3099231e-13
5.1303021e-14
-2.0203013e-13
8.1274692e-14
-3.0675496e-13
1.2614164e-13
-4.6026901e-13
1.9266334e-13
-6.8420759e-13
2.9051786e-13
-1.0094641e-12
4.3350796e-13
-1.4799939e-12
6.4123825e-13
-2.1580884e-12
9.4143171e-13
-3.1316293e-12
1.3731052e-12
-4.5239729e-12
1.9908862e-12
-6.5072784e-12
2.8708277e-12
-9.3202564e-12
4.1181642e-12
-1.3291484e-11
5.877552e-12
-1.8869568e-11
8.3464508e-12
-2.6661537e-11
1.1792438e-11
-3.7480909e-11
1.6575416e-11
-5.2406908e-11
2.3175883e-11
-7.2856478e-11
3.2230747e-11
-1.0067103e-10
4.4578543e-11
-1.3822067e-10
6.1316444e-11
-1.8852985e-10
8.3871942e-11
-2.5543018e-10
1.1409173e-10
-3.4374787e-10
1.5434779e-10
-4.5953024e-10
2.0770256e-10
-6.1030417e-10
2.7810266e-10
-8.0550223e-10
3.7052806e-10
-1.0569187e-09
4.9128811e-10
-1.3790555e-09
6.4836481e-10
-1.7898148e-09
8.5173833e-10
-2.3111658e-09
1.1137337e-09
-2.969381e-09
1.4496227e-09
-3.7967358e-09
-4.8305003e-09
1.8752476e-09
2.0135063e-16
-2.1392965e-15
9.7241056e-16
-8.1977697e-15
2.657158e-15
-1.7924966e-14
5.7681381e-15
-3.3129683e-14
1.1063065e-14
-5.6450579e-14
1.9654877e-14
-9.1723476e-14
3.3169351e-14
-1.4450678e-13
5.3970114e-14
-2.228309e-13
8.5478748e-14
-3.382636e-13
1.3262843e-13
-5.074187e-13
2.0250403e-13
-7.5408322e-13
3.0524105e-13
-1.1122011e-12
4.5528105e-13
-1.6300339e-12
6.7311422e-13
-2.3759216e-12
9.8768146e-13
-3.4461965e-12
1.4396597e-12
-4.9759511e-12
2.085917e-12
-7.1535356e-12
3.0054982e-12
-1.0239837e-11
4.3075866e-12
-1.4593572e-11
6.1419882e-12
-2.0703969e-11
8.7127976e-12
-2.9232347e-11
1.2296042e-11
-4.1064153e-11
1.7262278e-11
-5.7373142e-11
2.410533e-11
-7.9699527e-11
3.3478705e-11
-1.100444e-10
4.6241587e-11
-1.5098355e-10
6.3516859e-11
-2.0580512e-10
8.6764095e-11
-2.7867741e-10
1.1787088e-10
-3.7485465e-10
1.5926824e-10
-5.0092759e-10
2.1409261e-10
-6.6512851e-10
2.8635347e-10
-8.7776308e-10
3.8111752e-10
-1.1516828e-09
5.0480689e-10
-1.5027448e-09
6.6549137e-10
-1.9504993e-09
8.732174e-10
-2.5188918e-09
1.140312e-09
-3.2364755e-09
1.4818937e-09
-4.1383174e-09
-5.2619456e-09
1.913339e-09
2.1049816e-16
-2.3497913e-15
1.0165105e-15
-9.0037796e-15
2.7774345e-15
-1.9685889e-14
6.0286256e-15
-3.6380872e-14
1.1561244e-14
-6.1983195e-14
2.0536888e-14
-1.0069912e-13
3.4651656e-14
-1.5862155e-13
5.6370149e-14
-2.4454939e-13
8.9258054e-14
-3.7115151e-13
1.3845295e-13
-5.5661361e-13
2.1132784e-13
-8.2695812e-13
3.184216e-13
-1.2192949e-12
4.7473641e-13
-1.7863487e-12
7.015354e-13
-2.6027206e-12
1.0288156e-12
-3.7734766e-12
1.4986824e-12
-5.4458177e-12
2.1699148e-12
-7.8247678e-12
3.1240821e-12
-1.1194004e-11
4.4736571e-12
-1.5943147e-11
6.3726691e-12
-2.2602981e-11
9.0305506e-12
-3.1890227e-11
1.2729971e-11
-4.4763572e-11
1.784963e-11
-6.2492798e-11
2.4893218e-11
-8.6743112e-11
3.4526094e-11
-1.1967727e-10
4.7621626e-11
-1.6407908e-10
6.5319718e-11
-2.235032e-10
8.9100573e-11
-3.0245826e-10
1.2087752e-10
-4.0663158e-10
1.6311495e-10
-5.4316501e-10
2.1898162e-10
-7.2099517e-10
2.9251482e-10
-9.5129625e-10
3.8881417e-10
-1.2479821e-09
5.1431159e-10
-1.6282422e-09
6.7703628e-10
-2.1132239e-09
8.8690574e-10
-2.7287612e-09
1.1559876e-09
-3.5055573e-09
1.4989039e-09
-4.4812336e-09
-5.693291e-09
1.9302495e-09
2.1798505e-16
-2.5677731e-15
1.0525803e-15
-9.8383725e-15
2.8757565e-15
-2.1509063e-14
6.241449e-15
-3.9746563e-14
1.1968014e-14
-6.7709758e-14
2.1256544e-14
-1.0998765e-13
3.5860074e-14
-1.7322507e-13
5.8324745e-14
-2.6701406e-13
9.2332244e-14
-4.0515901e-13
1.4318407e-13
-6.0746544e-13
2.1848322e-13
-9.0225727e-13
3.2908877e-13
-1.3299004e-12
4.9044493e-13
-1.9477048e-12
7.2441899e-13
-2.8366946e-12
1.0618246e-12
-4.110882e-12
1.5458567e-12
-5.9298496e-12
2.2367262e-12
-8.5156369e-12
3.2178516e-12
-1.2175129e-11
4.604047e-12
-1.7329341e-11
6.5522396e-12
-2.4551172e-11
9.275359e-12
-3.4613345e-11
1.3060178e-11
-4.8548389e-11
1.8290061e-11
-6.7722678e-11
2.5473827e-11
-9.3926873e-11
3.5282254e-11
-1.2948569e-10
4.8594215e-11
-1.7739103e-10
6.6554929e-11
-2.4146391e-10
9.0649432e-11
-3.2655275e-10
1.2279498e-10
-4.3877711e-10
1.6545725e-10
-5.8582727e-10
2.2179493e-10
-7.7733283e-10
2.9582037e-10
-1.0253217e-09
3.9258664e-10
-1.3447483e-09
5.184197e-10
-1.7540752e-09
6.8114736e-10
-2.2759516e-09
8.9032701e-10
-2.9379408e-09
1.1574528e-09
-3.7726831e-09
1.496254e-09
-4.8200347e-09
-6.1172244e-09
1.9201875e-09
2.2331347e-16
-2.7910836e-15
1.0782393e-15
-1.0693296e-14
2.9456317e-15
-2.3376454e-14
6.392473e-15
-4.3193402e-14
1.22561e-14
-7.3573383e-14
2.1764971e-14
-1.1949651e-13
3.6711238e-14
-1.8817134e-13
5.9696507e-14
-2.8999932e-13
9.4480444e-14
-4.3994294e-13
1.4647322e-13
-6.594582e-13
2.2342776e-13
-9.7921181e-13
3.3640785e-13
-1.4428805e-12
5.0113348e-13
-2.1124304e-12
7.3983826e-13
-3.0753993e-12
1.0838136e-12
-4.4548571e-12
1.5768646e-12
-6.4229002e-12
2.2799602e-12
-9.218732e-12
3.2774288e-12
-1.3172597e-11
4.6851255e-12
-1.8737037e-11
6.6610859e-12
-2.6527131e-11
9.4192849e-12
-3.7371542e-11
1.3247249e-11
-5.237635e-11
1.8528445e-11
-7.3003871e-11
2.5770629e-11
-1.0116905e-10
3.5641637e-11
-1.3935669e-10
4.9014584e-11
-1.9076397e-10
6.7024876e-11
-2.5947419e-10
9.1141961e-11
-3.5066983e-10
1.2325915e-10
-4.7089429e-10
1.6580496e-10
-6.2837308e-10
2.2187791e-10
-8.3340576e-10
2.9539727e-10
-1.098841e-09
3.912717e-10
-1.4406228e-09
5.1558772e-10
-1.8783912e-09
6.7578313e-10
-2.436147e-09
8.8078989e-10
-3.1429475e-09
1.1411662e-09
-4.0330593e-09
1.4692977e-09
-5.1481661e-09
-6.5250212e-09
1.8770946e-09
2.2528859e-16
-3.0163696e-15
1.0876717e-15
-1.1555677e-14
2.9711545e-15
-2.5259935e-14
6.4472911e-15
-4.6669536e-14
1.2359938e-14
-7.9486026e-14
2.1946722e-14
-1.2908329e-13
3.7012527e-14
-2.0323714e-13
6.0176349e-14
-3.1316314e-13
9.5221207e-14
-4.7498779e-13
1.4758791e-13
-7.118249e-13
2.2506844e-13
-1.0566923e-12
3.3877422e-13
-1.5565863e-12
5.0447976e-13
-2.2781359e-12
7.4447382e-13
-3.3153933e-12
1.0900896e-12
-4.8004727e-12
1.5851322e-12
-6.9179424e-12
2.290476e-12
-9.9240751e-12
3.2901678e-12
-1.4172288e-11
4.6994428e-12
-2.014631e-11
6.6751393e-12
-2.8502826e-11
9.4290998e-12
-4.01255e-11
1.3245266e-11
-5.6192513e-11
1.8501344e-11
-7.8259945e-11
2.5696146e-11
-1.0836385e-10
3.5484035e-11
-1.4914457e-10
4.8718296e-11
-2.0399822e-10
6.6505699e-11
-2.7726158e-10
9.0274887e-11
-3.74439e-10
1.2186127e-10
-5.0248066e-10
1.6361063e-10
-6.7012242e-10
2.1850121e-10
-8.8829632e-10
2.9027783e-10
-1.1706176e-09
3.8359235e-10
-1.5339373e-09
5.0414047e-10
-1.9989393e-09
6.5876079e-10
-2.5907673e-09
8.5546877e-10
-3.3396554e-09
1.1034832e-09
-4.2810736e-09
1.4133342e-09
-5.4580169e-09
-6.9065447e-09
1.7948578e-09
2.2384842e-16
-3.2402157e-15
1.0806804e-15
-1.2412507e-14
2.9518394e-15
-2.7131093e-14
6.4046672e-15
-5.0122362e-14
1.2276436e-14
-8.5357792e-14
2.1794506e-14
-1.3860136e-13
3.6747762e-14
-2.1819039e-13
5.9730306e-14
-3.3614568e-13
9.448642e-14
-5.097439e-13
1.463967e-13
-7.6373516e-13
2.2315958e-13
-1.1334552e-12
3.357414e-13
-1.6691681e-12
4.9969208e-13
-2.4420865e-12
7.3695385e-13
-3.5526549e-12
1.0783275e-12
-5.1418462e-12
1.5668046e-12
-7.4064191e-12
2.2620249e-12
-1.0619295e-11
3.2461762e-12
-1.5156438e-11
4.6317155e-12
-2.1531848e-11
6.5713612e-12
-3.0442469e-11
9.2708885e-12
-4.2825025e-11
1.3005365e-11
-5.9926986e-11
1.8139621e-11
-8.3394195e-11
2.5153963e-11
-1.1537818e-10
3.4676456e-11
-1.5866706e-10
4.752344e-11
-2.1684519e-10
6.4750286e-11
-2.9448842e-10
8.771458e-11
-3.9740329e-10
1.1815366e-10
-5.3291973e-10
1.5827729e-10
-7.1024604e-10
2.1087353e-10
-9.4089253e-10
2.7941962e-10
-1.2391637e-09
3.6818625e-10
-1.6227039e-09
4.8231436e-10
-2.1130673e-09
6.2782395e-10
-2.7362768e-09
8.1151319e-10
-3.5233445e-09
1.0408306e-09
-4.5103909e-09
1.3238392e-09
-5.7410255e-09
-7.2502421e-09
1.6675367e-09
2.1640941e-16
-3.4566232e-15
1.0445813e-15
-1.3240678e-14
2.8529174e-15
-2.8939428e-14
6.1894914e-15
-5.3458934e-14
1.1862991e-14
-9.1031289e-14
2.1058622e-14
-1.4779699e-13
3.5503409e-14
-2.3263517e-13
5.7701035e-14
-3.583433e-13
9.126408e-14
-5.4330693e-13
1.4138183e-13
-8.138529e-13
2.1547549e-13
-1.2075488e-12
3.2411033e-13
-1.7778029e-12
4.8225685e-13
-2.600233e-12
7.1102081e-13
-3.7814187e-12
1.0399956e-12
-5.4708207e-12
1.5104293e-12
-7.8768524e-12
2.1794431e-12
-1.1288308e-11
3.1255847e-12
-1.6102579e-11
4.4560552e-12
-2.2862317e-11
6.3160047e-12
-3.2302417e-11
8.9003707e-12
-4.5409388e-11
1.2468824e-11
-6.3495435e-11
1.7364527e-11
-8.8289893e-11
2.4037589e-11
-1.2205124e-10
3.3074348e-11
-1.6770381e-10
4.5233894e-11
-2.2900473e-10
6.1493475e-11
-3.1074799e-10
8.3104436e-11
-4.1901424e-10
1.1165974e-10
-5.6147502e-10
1.4917249e-10
-7.4775878e-10
1.9816149e-10
-9.8988151e-10
2.6173357e-10
-1.3027358e-09
3.4364533e-10
-1.7046156e-09
4.483144e-10
-2.2177364e-09
5.807284e-10
-2.8686907e-09
7.461881e-10
-3.6888041e-09
9.4994941e-10
-4.714152e-09
1.1967961e-09
-5.9878721e-09
-7.5432953e-09
1.4898495e-09
2.0491948e-16
-3.6615413e-15
9.8918115e-16
-1.4024938e-14
2.7014377e-15
-3.0651683e-14
5.8599289e-15
-5.6617424e-14
1.1228757e-14
-9.6400115e-14
1.9926829e-14
-1.5649506e-13
3.3582976e-14
-2.4629131e-13
5.45559e-14
-3.7931622e-13
8.6244689e-14
-5.7499571e-13
1.33525e-13
-8.6113319e-13
2.0335836e-13
-1.2773822e-12
3.0563801e-13
-1.8800825e-12
4.5435465e-13
-2.7489495e-12
6.691906e-13
-3.9962545e-12
9.7767989e-13
-5.7793097e-12
1.4181067e-12
-8.3172788e-12
2.0433524e-12
-1.1913553e-11
2.9259416e-12
-1.6985167e-11
4.1645806e-12
-2.4100955e-11
5.8925235e-12
-3.4030357e-11
8.2881478e-12
-4.7805009e-11
1.1588189e-11
-6.6795472e-11
1.610418e-11
-9.2805878e-11
2.2242806e-11
-1.2818986e-10
3.0531099e-11
-1.759921e-10
4.1647611e-11
-2.4012123e-10
5.6460797e-11
-3.2556117e-10
7.6075606e-11
-4.3862904e-10
1.0188833e-10
-5.8728773e-10
1.3564772e-10
-7.8151816e-10
1.795165e-10
-1.0337503e-09
2.3612072e-10
-1.35934e-09
3.0856567e-10
-1.7770606e-09
4.0038175e-10
-2.3095523e-09
5.1533797e-10
-2.9836468e-09
6.5703923e-10
-3.8305052e-09
8.2829577e-10
-4.8854084e-09
1.0297274e-09
-6.1893037e-09
-7.7721387e-09
1.258571e-09
1.8386773e-16
-3.8454082e-15
8.8727558e-16
-1.4728345e-14
2.422674e-15
-3.2187081e-14
5.2545371e-15
-5.9449286e-14
1.0067553e-14
-1.0121313e-13
1.7864109e-14
-1.6429161e-13
3.0103021e-14
-2.5853022e-13
4.8896167e-14
-3.9810936e-13
7.7285867e-14
-6.033854e-13
1.196342e-13
-9.0348151e-13
1.821662e-13
-1.3399141e-12
2.7372271e-13
-1.9716389e-12
4.0679575e-13
-2.8820225e-12
5.9894006e-13
-4.1883987e-12
8.7467802e-13
-6.0550475e-12
1.2680417e-12
-8.7106421e-12
1.8259226e-12
-1.2471433e-11
2.6124267e-12
-1.777167e-11
3.7144583e-12
-2.5202985e-11
5.2487824e-12
-3.5564679e-11
7.37085e-12
-4.9927074e-11
1.028572e-11
-6.9710338e-11
1.4261489e-11
-9.6781642e-11
1.9645742e-11
-1.3357411e-10
2.688568e-11
-1.8323203e-10
3.6552655e-11
-2.497882e-10
4.9371821e-11
-3.3838032e-10
6.6257145e-11
-4.5551436e-10
8.8350835e-11
-6.0938142e-10
1.1706385e-10
-8.1023116e-10
1.5410991e-10
-1.0707963e-09
2.0151905e-10
-1.4067491e-09
2.6160735e-10
-1.8371488e-09
3.3686531e-10
-2.3848102e-09
4.2970123e-10
-3.0764826e-09
5.4197347e-10
-3.9427773e-09
6.7431818e-10
-5.017753e-09
8.2388051e-10
-6.338866e-09
-7.922323e-09
9.7406468e-10
1.6262894e-16
-4.008037e-15
7.8477781e-16
-1.5350494e-14
2.1426449e-15
-3.3544948e-14
4.6465305e-15
-6.1953171e-14
8.9008666e-15
-1.0546746e-13
1.578987e-14
-1.7118061e-13
2.6599247e-14
-2.693396e-13
4.3188356e-14
-4.1469846e-13
6.8232541e-14
-6.2842958e-13
1.0556234e-13
-9.408113e-13
1.6063526e-13
-1.394987e-12
2.4118708e-13
-2.0521907e-12
3.5812343e-13
-2.9989588e-12
5.267285e-13
-4.3570036e-12
7.6828541e-13
-6.2966042e-12
1.1122214e-12
-9.0545777e-12
1.5989083e-12
-1.295812e-11
2.2832634e-12
-1.8456024e-11
3.2393048e-12
-2.6159025e-11
4.5658225e-12
-3.6891195e-11
6.3933292e-12
-5.1754578e-11
8.8924741e-12
-7.2209479e-11
1.2284133e-11
-1.001733e-10
1.6851459e-11
-1.3814143e-10
2.2954229e-11
-1.8933479e-10
3.1045841e-11
-2.5787981e-10
4.1693066e-11
-3.4902754e-10
5.5597963e-11
-4.6941925e-10
7.3619861e-11
-6.2740331e-10
9.679252e-11
-8.334038e-10
1.2632719e-10
-1.1003309e-09
1.6358609e-10
-1.4440079e-09
2.1000293e-10
-1.8835656e-09
2.669156e-10
-2.4417228e-09
3.3525273e-10
-3.1448196e-09
4.1507069e-10
-4.0225951e-09
5.0517955e-10
-5.1078617e-09
6.0260625e-10
-6.4362925e-09
-8.0386177e-09
7.1890105e-10
1.2075715e-16
-4.1287948e-15
5.8254949e-16
-1.5812286e-14
1.589865e-15
-3.4552263e-14
3.4459082e-15
-6.3809214e-14
6.5964683e-15
-1.0861802e-13
1.1692207e-14
-1.7627635e-13
1.9676753e-14
-2.7732414e-13
3.1910662e-14
-4.2693236e-13
5.0344824e-14
-6.4686373e-13
7.7761469e-14
-9.6822792e-13
1.1810662e-13
-1.4353321e-12
1.7694471e-13
-2.1110287e-12
2.6207415e-13
-3.0840881e-12
3.8435122e-13
-4.4792806e-12
5.5877818e-13
-6.4710309e-12
8.0591893e-13
-9.3017181e-12
1.1537092e-12
-1.3305909e-11
1.6397269e-12
-1.8942041e-11
2.3139806e-12
-2.6833278e-11
3.2422565e-12
-3.781947e-11
4.5100434e-12
-5.3022363e-11
6.2270301e-12
-7.3926463e-11
8.5321514e-12
-1.0247841e-10
1.1599149e-11
-1.4120842e-10
1.5642587e-11
-1.9337823e-10
2.0924149e-11
-2.6316136e-10
2.7758668e-11
-3.5586206e-10
3.651848e-11
-4.7817906e-10
4.7632998e-11
-6.3851782e-10
6.1577617e-11
-8.4734841e-10
7.8842026e-11
-1.1175953e-09
9.9863248e-11
-1.4650291e-09
1.2490404e-10
-1.9086064e-09
1.5384934e-10
-2.4706679e-09
1.8585064e-10
-3.1768207e-09
2.1884707e-10
-4.0555914e-09
2.4932905e-10
-5.1383435e-09
2.7211668e-10
-6.45908e-09
-8.0497021e-09
2.8320068e-10
6.9952605e-17
-4.1987488e-15
3.370723e-16
-1.6079407e-14
9.1903486e-16
-3.5134226e-14
1.9899313e-15
-6.4880111e-14
3.8049218e-15
-1.1043302e-13
6.7350808e-15
-1.7920651e-13
1.1316299e-14
-2.8190536e-13
1.8317459e-14
-4.3393352e-13
2.8834751e-14
-6.5738102e-13
4.4420992e-14
-9.8381415e-13
6.7261047e-14
-1.4581722e-12
1.0040678e-13
-2.1441744e-12
1.4808684e-13
-3.1317681e-12
2.1610757e-13
-4.5473011e-12
3.123595e-13
-6.5672826e-12
4.4743879e-13
-9.4367971e-12
6.3538095e-13
-1.3493851e-11
8.9448395e-13
-1.9201144e-11
1.2481677e-12
-2.7186961e-11
1.7257761e-12
-3.8297077e-11
2.3631808e-12
-5.3659766e-11
3.2029946e-12
-7.4766275e-11
4.2941503e-12
-1.0356957e-10
5.6905313e-12
-1.426048e-10
7.4482229e-12
-1.9513592e-10
9.6206987e-12
-2.6533384e-10
1.225074e-11
-3.584921e-10
1.5356882e-11
-4.812852e-10
1.8910436e-11
-6.4207138e-10
2.2796443e-11
-8.5123441e-10
2.674844e-11
-1.1215473e-09
3.0243918e-11
-1.4685246e-09
3.2347848e-11
-1.9107102e-09
3.1488639e-11
-2.4698086e-09
2.505441e-11
-3.1703863e-09
8.8391653e-12
-4.039376e-09
-2.3125754e-11
-5.1063784e-09
-7.8917399e-11
-6.403288e-09
-7.9606916e-09
-1.6792796e-10
1.5301052e-17
-4.2140521e-15
7.3279595e-17
-1.6137387e-14
1.9842056e-16
-3.5259368e-14
4.2590789e-16
-6.5107599e-14
8.0558382e-16
-1.1081269e-13
1.4070051e-15
-1.7980793e-13
2.3256962e-15
-2.8282405e-13
3.6904634e-15
-4.3529828e-13
5.6711798e-15
-6.5936173e-13
8.4855648e-15
-9.8662852e-13
1.2401879e-14
-1.4620885e-12
1.7731671e-14
-2.1495041e-12
2.4802027e-14
-3.1388384e-12
3.3889232e-14
-4.5563882e-12
4.508391e-14
-6.5784771e-12
5.8039829e-14
-9.4497528e-12
7.1532598e-14
-1.3507343e-11
8.2718113e-14
-1.9212329e-11
8.5931968e-14
-2.7190174e-11
7.080857e-14
-3.8281953e-11
1.9422183e-14
-5.3608378e-11
-9.7937981e-14
-7.4648913e-11
-3.2885035e-13
-1.0333865e-10
-7.4732002e-13
-1.4218633e-10
-1.4656187e-12
-1.9441762e-10
-2.6505381e-12
-2.6414892e-10
-4.5458028e-12
-3.5659684e-10
-7.5034861e-12
-4.7832752e-10
-1.2029053e-11
-6.3754581e-10
-1.884724e-11
-8.4441621e-10
-2.8998973e-11
-1.1113955e-09
-4.3980685e-11
-1.4535428e-09
-6.5928535e-11
-1.8887623e-09
-9.7837827e-11
-2.4378991e-09
-1.4400572e-10
-3.1242182e-09
-2.1072141e-10
-3.9726601e-09
-3.0628177e-10
-5.0108179e-09
-4.4113908e-10
-6.268431e-09
-7.7736912e-09
-6.2813922e-10
-4.4753831e-17
-4.1693014e-15
-2.1672003e-16
-1.5965423e-14
-5.9382802e-16
-3.4882261e-14
-1.2932748e-15
-6.4408154e-14
-2.4901698e-15
-1.096158e-13
-4.4448298e-15
-1.7785327e-13
-7.5427126e-15
-2.7972617e-13
-1.2352801e-14
-4.3048819e-13
-1.9712899e-14
-6.5200162e-13
-3.0854156e-14
-9.7548724e-13
-4.7582684e-14
-1.4453599e-12
-7.2544145e-14
-2.1245426e-12
-1.0960859e-13
-3.1017739e-12
-1.6442898e-13
-4.5015677e-12
-2.4524936e-13
-6.4976565e-12
-3.640697e-13
-9.3309322e-12
-5.3831589e-13
-1.3333097e-11
-7.932181e-13
-1.8957426e-11
-1.1651693e-12
-2.6818222e-11
-1.7064203e-12
-3.7740701e-11
-2.4915648e-12
-5.2823233e-11
-3.6263842e-12
-7.3514093e-11
-5.2597566e-12
-1.0170528e-10
-7.5995118e-12
-1.3984657e-10
-1.0933379e-11
-1.9108375e-10
-1.5656582e-11
-2.5942572e-10
-2.2308333e-11
-3.4994509e-10
-3.1620569e-11
-4.6901529e-10
-4.4583983e-11
-6.2458239e-10
-6.2538864e-11
-8.2646132e-10
-8.7301142e-11
-1.0866332e-09
-1.2133467e-10
-1.4195092e-09
-1.6796202e-10
-1.8421348e-09
-2.3153905e-10
-2.3743218e-09
-3.1791446e-10
-3.0378426e-09
-4.3533735e-10
-3.8552371e-09
-5.9411497e-10
-4.85204e-09
-8.0666759e-10
-6.0558785e-09
-7.4920146e-09
-1.0883442e-09
-1.0711003e-16
-4.0621953e-15
-5.1775251e-16
-1.5554783e-14
-1.4161424e-15
-3.3983873e-14
-3.0777129e-15
-6.2746586e-14
-5.9112412e-15
-1.0678227e-13
-1.0519821e-14
-1.7324469e-13
-1.778891e-14
-2.7245708e-13
-2.9013198e-14
-4.1926391e-13
-4.6079007e-14
-6.349358e-13
-7.1725888e-14
-9.4984035e-13
-1.0992076e-13
-1.407165e-12
-1.6639142e-13
-2.0680719e-12
-2.4938448e-13
-3.0187807e-12
-3.7073798e-13
-4.380214e-12
-5.4739168e-13
-6.3210026e-12
-8.0350217e-13
-9.0748215e-12
-1.1733855e-12
-1.2963213e-11
-1.7055806e-12
-1.8425231e-11
-2.4684139e-12
-2.6055389e-11
-3.5575478e-12
-3.6651568e-11
-5.1061194e-12
-5.1274662e-11
-7.2982184e-12
-7.1321995e-11
-1.0386624e-11
-9.8616876e-11
-1.471594e-11
-1.3551726e-10
-2.0752576e-11
-1.8504712e-10
-2.9123469e-11
-2.5105483e-10
-4.0666157e-11
-3.3840241e-10
-5.6493866e-11
-4.5318758e-10
-7.8080775e-11
-6.0299549e-10
-1.0737483e-10
-7.9716727e-10
-1.4694862e-10
-1.0470594e-09
-2.0020276e-10
-1.366255e-09
-2.7162318e-10
-1.7707143e-09
-3.6683807e-10
-2.2791067e-09
-4.9320219e-10
-2.9114782e-09
-6.6053782e-10
-3.6879013e-09
-8.8060457e-10
-4.6319729e-09
-1.1681817e-09
-5.7683014e-09
-7.1202043e-09
-1.5399921e-09
-1.7126204e-16
-3.8909379e-15
-8.274709e-16
-1.4898578e-14
-2.2621577e-15
-3.2549189e-14
-4.9134174e-15
-6.0095329e-14
-9.4301264e-15
-1.0226557e-13
-1.6767414e-14
-1.6590741e-13
-2.8323944e-14
-2.6090055e-13
-4.613879e-14
-4.0144906e-13
-7.3172968e-14
-6.0790162e-13
-1.1371075e-13
-9.0930255e-13
-1.7392975e-13
-1.3469459e-12
-2.6270764e-13
-1.979294e-12
-3.927585e-13
-2.8887297e-12
-5.8222564e-13
-4.1907468e-12
-8.5690134e-13
-6.0463267e-12
-1.2533002e-12
-8.6784225e-12
-1.822883e-12
-1.2393631e-11
-2.637815e-12
-1.7610299e-11
-3.7987448e-12
-2.489446e-11
-5.4452119e-12
-3.5005101e-11
-7.7694317e-12
-4.8950443e-11
-1.1034368e-11
-6.805706e-11
-1.5597202e-11
-9.4054045e-11
-2.1939563e-11
-1.291749e-10
-3.0706225e-11
-1.7628046e-10
-4.2754467e-11
-2.390066e-10
-5.9216973e-11
-3.2193991e-10
-8.1582054e-11
-4.3082251e-10
-1.117961e-10
-5.7278144e-10
-1.5239459e-10
-7.5656878e-10
-2.0667048e-10
-9.9278354e-10
-2.7889785e-10
-1.2940276e-09
-3.7467448e-10
-1.6749375e-09
-5.0085523e-10
-2.1529258e-09
-6.6603936e-10
-2.7462939e-09
-8.8151051e-10
-3.4724299e-09
-1.1604331e-09
-4.35305e-09
-1.5189669e-09
-5.4097677e-09
-6.6638941e-09
-1.9752772e-09
-2.3515611e-16
-3.6557873e-15
-1.1359184e-15
-1.399782e-14
-3.1046642e-15
-3.0580445e-14
-6.7414601e-15
-5.6458536e-14
-1.2934257e-14
-9.6072775e-14
-2.2988708e-14
-1.5585296e-13
-3.8814462e-14
-2.450748e-13
-6.3191726e-14
-3.770718e-13
-1.0015144e-13
-5.709419e-13
-1.5551565e-13
-8.5393832e-13
-2.3766249e-13
-1.2647991e-12
-3.5860452e-13
-1.8583519e-12
-5.3550109e-13
-2.7118331e-12
-7.927677e-13
-3.93348e-12
-1.164999e-12
-5.6740952e-12
-1.7009905e-12
-8.1424308e-12
-2.4692276e-12
-1.1625393e-11
-3.5653107e-12
-1.6514216e-11
-5.1219058e-12
-2.3337865e-11
-7.3219415e-12
-3.2805066e-11
-1.0415936e-11
-4.585645e-11
-1.4744514e-11
-6.3728485e-11
-2.0767395e-11
-8.8031167e-11
-2.9100419e-11
-1.2084188e-10
-4.0562526e-11
-1.6481837e-10
-5.6235139e-11
-2.23334e-10
-7.7537005e-11
-3.0063806e-10
-1.0631834e-10
-4.0204119e-10
-1.4497881e-10
-5.3412097e-10
-1.9661421e-10
-7.0493337e-10
-2.6519489e-10
-9.2420283e-10
-3.5577924e-10
-1.2034432e-09
-4.7486313e-10
-1.5558535e-09
-6.3074696e-10
-1.9970417e-09
-8.3324401e-10
-2.5437966e-09
-1.0941008e-09
-3.2115728e-09
-1.4281689e-09
-4.0189817e-09
-1.8527244e-09
-4.9852121e-09
-6.1295445e-09
-2.3870742e-09
-2.9740238e-16
-3.3583911e-15
-1.4364079e-15
-1.2858819e-14
-3.9254091e-15
-2.8091447e-14
-8.5222005e-15
-5.1861749e-14
-1.63475e-14
-8.824748e-14
-2.9048163e-14
-1.4315231e-13
-4.903111e-14
-2.2509186e-13
-7.9797576e-14
-3.4630533e-13
-1.2641907e-13
-5.243204e-13
-1.962126e-13
-7.8414478e-13
-2.9969462e-13
-1.161317e-12
-4.5192244e-13
-1.706124e-12
-6.7437037e-13
-2.489385e-12
-9.9753816e-13
-3.6103121e-12
-1.4645528e-12
-5.2070804e-12
-2.1361043e-12
-7.4708793e-12
-3.0971515e-12
-1.0664346e-11
-4.4659498e-12
-1.5145418e-11
-6.4060807e-12
-2.1397735e-11
-9.1423174e-12
-3.0068831e-11
-1.2981323e-11
-4.2017447e-11
-1.833838e-11
-5.8371432e-11
-2.5771578e-11
-8.0597976e-11
-3.6025183e-11
-1.1058829e-10
-5.0084315e-11
-1.5075925e-10
-6.9243539e-11
-2.0417479e-10
-9.5192587e-11
-2.7468903e-10
-1.3012307e-10
-3.6711071e-10
-1.7686052e-10
-4.8738353e-10
-2.3902599e-10
-6.427679e-10
-3.2123091e-10
-8.4199787e-10
-4.2930543e-10
-1.0953686e-09
-5.7045543e-10
-1.4147033e-09
-7.5383443e-10
-1.8136624e-09
-9.9068601e-10
-2.3069447e-09
-1.2937804e-09
-2.9084781e-09
-1.6787134e-09
-3.6340485e-09
-2.1636764e-09
-4.500249e-09
-5.5242696e-09
-2.7689514e-09
-3.5624112e-16
-3.0021568e-15
-1.7204393e-15
-1.1494626e-14
-4.7011818e-15
-2.5110708e-14
-1.0205324e-14
-4.6357612e-14
-1.9573546e-14
-7.8879263e-14
-3.4775105e-14
-1.2795075e-13
-5.8686752e-14
-2.0118022e-13
-9.5490878e-14
-3.0950121e-13
-1.5124188e-13
-4.685694e-13
-2.3466864e-13
-7.00718e-13
-3.5830671e-13
-1.0376789e-12
-5.4008766e-13
-1.524343e-12
-8.0555796e-13
-2.2239146e-12
-1.1909573e-12
-3.2249126e-12
-1.7474586e-12
-4.6505791e-12
-2.5469621e-12
-6.6713758e-12
-3.6899424e-12
-9.5213663e-12
-5.3159741e-12
-1.3519387e-11
-7.6177031e-12
-1.9096007e-11
-1.0859192e-11
-2.6827345e-11
-1.5399743e-11
-3.7476899e-11
-2.1724515e-11
-5.2046665e-11
-3.0483481e-11
-7.1839019e-11
-4.2540588e-11
-9.8531193e-11
-5.9035387e-11
-1.3426447e-10
-8.1459841e-11
-1.8175036e-10
-1.117536e-10
-2.4439529e-10
-1.524214e-10
-3.2644293e-10
-2.0667635e-10
-4.3312857e-10
-2.7861205e-10
-5.7083219e-10
-3.7340363e-10
-7.4720625e-10
-4.9752841e-10
-9.7124373e-10
-6.5896701e-10
-1.2532645e-09
-8.6765807e-10
-1.6049711e-09
-1.1357215e-09
-2.038881e-09
-1.4769571e-09
-2.5672423e-09
-1.9076707e-09
-3.2033348e-09
-2.4467401e-09
-3.9611794e-09
-4.8557665e-09
-3.1152434e-09
-4.1014958e-16
-2.5920147e-15
-1.9806642e-15
-9.9241169e-15
-5.4119198e-15
-2.1679456e-14
-1.1747304e-14
-4.0022232e-14
-2.2528952e-14
-6.8097622e-14
-4.0021358e-14
-1.1045836e-13
-6.753145e-14
-1.7367013e-13
-1.0986519e-13
-2.6716748e-13
-1.7397656e-13
-4.0445802e-13
-2.6988641e-13
-6.0480813e-13
-4.1197734e-13
-8.9558795e-13
-6.2080949e-13
-1.3155108e-12
-9.2565207e-13
-1.919072e-12
-1.3679899e-12
-2.7825747e-12
-2.0063449e-12
-4.012224e-12
-2.9228507e-12
-5.7548701e-12
-4.2321366e-12
-8.2120807e-12
-6.0932122e-12
-1.1658312e-11
-8.7251965e-12
-1.6464025e-11
-1.2427902e-11
-2.3124642e-11
-1.7608475e-11
-3.2296331e-11
-2.4815489e-11
-4.4839657e-11
-3.4782162e-11
-6.1872356e-11
-4.8480646e-11
-8.4832724e-11
-6.7189753e-11
-1.1555538e-10
-9.2578914e-11
-1.5636123e-10
-1.268116e-10
-2.1016263e-10
-1.7267169e-10
-2.8058287e-10
-2.3371576e-10
-3.720845e-10
-3.1445323e-10
-4.9009471e-10
-4.2055214e-10
-6.4110729e-10
-5.5906237e-10
-8.3273341e-10
-7.3864529e-10
-1.0736814e-09
-9.6991079e-10
-1.3737054e-09
-1.2656069e-09
-1.7431846e-09
-1.6403812e-09
-2.1924678e-09
-2.1112076e-09
-2.7325082e-09
-2.6975153e-09
-3.3748716e-09
-4.132236e-09
-3.4210458e-09
-4.5758753e-16
-2.1344351e-15
-2.2096473e-15
-8.1720629e-15
-6.0373062e-15
-1.7851802e-14
-1.3104076e-14
-3.2955468e-14
-2.5129323e-14
-5.6072382e-14
-4.4637277e-14
-9.0950408e-14
-7.5313293e-14
-1.4299412e-13
-1.2251185e-13
-2.1996893e-13
-1.9397822e-13
-3.3299165e-13
-3.0086955e-13
-4.9791679e-13
-4.591928e-13
-7.3726467e-13
-6.9181944e-13
-1.0828841e-12
-1.0312916e-12
-1.5795997e-12
-1.5237044e-12
-2.2901618e-12
-2.2340372e-12
-3.3018911e-12
-3.2534124e-12
-4.735495e-12
-4.7088865e-12
-6.7566071e-12
-6.7765215e-12
-9.5906783e-12
-9.6986463e-12
-1.3541902e-11
-1.3806389e-11
-1.9016902e-11
-1.9548755e-11
-2.6553969e-11
-2.7529735e-11
-3.6858684e-11
-3.8555179e-11
-5.0846924e-11
-5.3691476e-11
-6.9696444e-11
-7.4338472e-11
-9.4908414e-11
-1.0231943e-10
-1.283803e-10
-1.3999124e-10
-1.7249085e-10
-1.9037807e-10
-2.3019607e-10
-2.5733094e-10
-3.0513163e-10
-3.4571402e-10
-4.017116e-10
-4.6161451e-10
-5.2520674e-10
-6.1256795e-10
-6.8177986e-10
-8.0779032e-10
-8.7845888e-10
-1.0584462e-09
-1.1230492e-09
-1.3778036e-09
-1.4238271e-09
-1.7811407e-09
-1.7891304e-09
-2.2859868e-09
-2.2276619e-09
-2.9122358e-09
-2.7486224e-09
-3.3622836e-09
-3.6821883e-09
-4.9729077e-16
-1.6371528e-15
-2.4012925e-15
-6.2680675e-15
-6.5606966e-15
-1.3692402e-14
-1.4239522e-14
-2.5276648e-14
-2.7305412e-14
-4.3006499e-14
-4.8499866e-14
-6.9755963e-14
-8.182476e-14
-1.0966924e-13
-1.3309331e-13
-1.6870038e-13
-2.1071248e-13
-2.5537248e-13
-3.2678943e-13
-3.8183983e-13
-4.9868894e-13
-5.6536513e-13
-7.512141e-13
-8.3035887e-13
-1.1196415e-12
-1.2111723e-12
-1.6539168e-12
-1.7558864e-12
-2.4244109e-12
-2.5313969e-12
-3.5297482e-12
-3.6301579e-12
-5.1073516e-12
-5.1790042e-12
-7.3475012e-12
-7.3505299e-12
-1.0511866e-11
-1.0377539e-11
-1.4957652e-11
-1.457112e-11
-2.1168694e-11
-2.0342933e-11
-2.9795047e-11
-2.823234e-11
-4.1702862e-11
-3.8939121e-11
-5.8036657e-11
-5.3362668e-11
-8.0296435e-11
-7.2648666e-11
-1.1043249e-10
-9.8244285e-11
-1.5096103e-10
-1.3196236e-10
-2.0510354e-10
-1.7605359e-10
-2.7695202e-10
-2.3328315e-10
-3.7165989e-10
-3.0700369e-10
-4.9565461e-10
-4.0121193e-10
-6.5686283e-10
-5.205715e-10
-8.6493618e-10
-6.7038532e-10
-1.1314762e-09
-8.5650897e-10
-1.4701674e-09
-1.0851357e-09
-1.8967573e-09
-1.3625404e-09
-2.4291994e-09
-1.6952197e-09
-3.0877661e-09
-2.0900557e-09
-2.5548327e-09
-3.895217e-09
-5.272522e-16
-1.1099094e-15
-2.5459372e-15
-4.2493894e-15
-6.9558818e-15
-9.2824615e-15
-1.5097433e-14
-1.7135103e-14
-2.8951342e-14
-2.9152598e-14
-5.1425802e-14
-4.7281512e-14
-8.676718e-14
-7.4327871e-14
-1.411454e-13
-1.1432217e-13
-2.2348416e-13
-1.7303372e-13
-3.4663146e-13
-2.5869253e-13
-5.2900775e-13
-3.8298883e-13
-7.9691694e-13
-5.6244965e-13
-1.1877592e-12
-8.2032999e-13
-1.7544695e-12
-1.1891761e-12
-2.5716015e-12
-1.7142649e-12
-3.7435964e-12
-2.4581633e-12
-5.4159101e-12
-3.5066912e-12
-7.7898328e-12
-4.9766086e-12
-1.1142001e-11
-7.025373e-12
-1.5849787e-11
-9.8633381e-12
-2.2423943e-11
-1.3768783e-11
-3.1550095e-11
-1.9106196e-11
-4.4140921e-11
-2.6348309e-11
-6.1401151e-11
-3.6102459e-11
-8.4907882e-11
-4.9141967e-11
-1.1670903e-10
-6.6443179e-11
-1.59443e-10
-8.9228447e-11
-2.1648226e-10
-1.1901438e-10
-2.921027e-10
-1.5766273e-10
-3.9167775e-10
-2.074286e-10
-5.2189253e-10
-2.7099705e-10
-6.9096755e-10
-3.5149629e-10
-9.0887696e-10
-4.5247566e-10
-1.1875459e-09
-5.7783977e-10
-1.5409701e-09
-7.3171122e-10
-1.9852312e-09
-9.1827934e-10
-2.5385886e-09
-1.1418622e-09
-3.2216012e-09
-1.4070431e-09
-1.7190513e-09
-4.0573824e-09
-5.4808975e-16
-5.6182873e-16
-2.6466286e-15
-2.1508578e-15
-7.231753e-15
-4.6973415e-15
-1.5698484e-14
-8.6683789e-15
-3.0108844e-14
-1.4742247e-14
-5.3490679e-14
-2.3899687e-14
-9.0264513e-14
-3.7554049e-14
-1.4685021e-13
-5.7736484e-14
-2.3252341e-13
-8.7360529e-14
-3.6062673e-13
-1.3058921e-13
-5.502899e-13
-1.9332565e-13
-8.288347e-13
-2.8390483e-13
-1.2351044e-12
-4.1406031e-13
-1.8240664e-12
-6.0021409e-13
-2.6731205e-12
-8.6521091e-13
-3.8906675e-12
-1.2406166e-12
-5.6276357e-12
-1.7697239e-12
-8.0928189e-12
-2.5114271e-12
-1.1573057e-11
-3.5451378e-12
-1.6459469e-11
-4.9769296e-12
-2.3281155e-11
-6.9471041e-12
-3.2747968e-11
-9.639393e-12
-4.5804252e-11
-1.329204e-11
-6.3695679e-11
-1.8211056e-11
-8.8051702e-11
-2.4785981e-11
-1.2098645e-10
-3.3508477e-11
-1.6522108e-10
-4.4993884e-11
-2.2423015e-10
-6.0005356e-11
-3.0241361e-10
-7.9479278e-11
-4.0529297e-10
-1.0454919e-10
-5.3972615e-10
-1.3656372e-10
-7.1412958e-10
-1.7709262e-10
-9.386904e-10
-2.2791455e-10
-1.2255478e-09
-2.9098213e-10
-1.5889039e-09
-3.6835491e-10
-2.0450547e-09
-4.6212854e-10
-2.6124584e-09
-5.7445858e-10
-3.3118655e-09
-7.0763588e-10
-8.6428667e-10
-4.1666299e-09
-5.6183406e-16
-4.6610279e-22
-2.7126972e-15
-1.6216503e-21
-7.4100405e-15
-3.0248564e-21
-1.6078422e-14
-4.209069e-21
-3.0820675e-14
-4.1393962e-21
-5.4720375e-14
-8.0302877e-22
-9.2274454e-14
9.4210301e-21
-1.5001099e-13
3.2716227e-20
-2.373716e-13
7.9250608e-20
-3.6796097e-13
1.6539514e-19
-5.6128692e-13
3.1677943e-19
-8.4519231e-13
5.7248839e-19
-1.2592536e-12
9.9123263e-19
-1.8594694e-12
1.6595099e-18
-2.7246831e-12
2.7025013e-18
-3.9653045e-12
4.2981413e-18
-5.7350361e-12
6.6948126e-18
-8.2464752e-12
1.0233306e-17
-1.1791631e-11
1.5374215e-17
-1.6768588e-11
2.2731194e-17
-2.3715732e-11
3.3103149e-17
-3.3355183e-11
4.7479549e-17
-4.6647307e-11
6.6974203e-17
-6.4858483e-11
9.2656947e-17
-8.964463e-11
1.2529089e-16
-1.2315333e-10
1.6495062e-16
-1.6814749e-10
2.1053284e-16
-2.2815315e-10
2.59867e-16
-3.0763275e-10
3.1158681e-16
-4.1218223e-10
3.6632741e-16
-5.487462e-10
4.2164019e-16
-7.2583901e-10
4.6623928e-16
-9.5375372e-10
4.7637395e-16
-1.244736e-09
3.9689785e-16
-1.6130909e-09
1.3246337e-16
-2.0752191e-09
-4.2123257e-16
-2.6496765e-09
-1.2881716e-15
-3.3573099e-09
-2.3139413e-15
-4.2215928e-09
-3.3305131e-15
1.2095414e-09
-1.7325114e-10
1.427187e-15
1.3946555e-09
-1.8511555e-10
1.5678744e-15
1.5878689e-09
-1.9321483e-10
1.7064152e-15
1.7902803e-09
-2.0241312e-10
1.8740169e-15
2.001388e-09
-2.1110941e-10
2.0193493e-15
2.2207696e-09
-2.193834e-10
2.2013475e-15
2.4477747e-09
-2.2700702e-10
2.3784315e-15
2.681345e-09
-2.3357239e-10
2.5773553e-15
2.9200508e-09
-2.3870796e-10
2.8068278e-15
3.1619503e-09
-2.4190185e-10
3.0652302e-15
3.4045063e-09
-2.4255871e-10
3.3510045e-15
3.6444621e-09
-2.3995885e-10
3.6058029e-15
3.8778462e-09
-2.3338759e-10
3.9203347e-15
4.099066e-09
-2.2122377e-10
4.0018749e-15
-2.0496946e-10
4.3040309e-09
4.2897241e-15
1.2493151e-09
-3.5141786e-10
1.4399349e-09
-3.7573411e-10
1.6390983e-09
-3.9237673e-10
1.8479319e-09
-4.1124487e-10
2.0658754e-09
-4.290506e-10
2.2924956e-09
-4.4600068e-10
2.5270924e-09
-4.6160032e-10
2.7685654e-09
-4.7504124e-10
3.0154192e-09
-4.8555725e-10
3.2656317e-09
-4.9210972e-10
3.516567e-09
-4.934901e-10
3.7648325e-09
-4.8822177e-10
4.0063197e-09
-4.7487434e-10
4.2352022e-09
-4.5010873e-10
-4.1701245e-10
4.4472402e-09
1.2944048e-09
-5.3518568e-10
1.4912597e-09
-5.7258884e-10
1.6972035e-09
-5.9832013e-10
1.9133376e-09
-6.2737863e-10
2.1390531e-09
-6.5476556e-10
2.3738884e-09
-6.8083547e-10
2.6170843e-09
-7.0479551e-10
2.8674828e-09
-7.2543895e-10
3.1235055e-09
-7.4157911e-10
3.3830288e-09
-7.516323e-10
3.6432946e-09
-7.5375535e-10
3.9007502e-09
-7.4567699e-10
4.1511158e-09
-7.2524003e-10
4.3883225e-09
-6.8731587e-10
-6.3657996e-10
4.6078891e-09
1.3453477e-09
-7.2533751e-10
1.5492796e-09
-7.765205e-10
1.762953e-09
-8.1199316e-10
1.9873865e-09
-8.5181179e-10
2.2219345e-09
-8.8931298e-10
2.4660866e-09
-9.2498704e-10
2.7190148e-09
-9.5772295e-10
2.9794859e-09
-9.8590927e-10
3.2458186e-09
-1.0079111e-09
3.5157654e-09
-1.0215785e-09
3.7864191e-09
-1.0244085e-09
4.0540415e-09
-1.0132992e-09
4.3141426e-09
-9.8534129e-10
4.5604029e-09
-9.3357675e-10
-8.6417733e-10
4.7879992e-09
1.402564e-09
-9.2274744e-10
1.6145299e-09
-9.8848618e-10
1.8369985e-09
-1.0344613e-09
2.0708512e-09
-1.0856642e-09
2.3154144e-09
-1.1338756e-09
2.5701103e-09
-1.1796824e-09
2.8340305e-09
-1.2216425e-09
3.1058476e-09
-1.2577256e-09
3.3837557e-09
-1.2858185e-09
3.6653589e-09
-1.3031811e-09
3.9475723e-09
-1.3066216e-09
4.2264452e-09
-1.2921721e-09
4.4972367e-09
-1.2561332e-09
4.7533648e-09
-1.1897055e-09
-1.1003788e-09
4.9895651e-09
1.4663012e-09
-1.1283673e-09
1.6873645e-09
-1.2095493e-09
1.9198075e-09
-1.2669039e-09
2.1643141e-09
-1.3301704e-09
2.420192e-09
-1.3897529e-09
2.6867807e-09
-1.4462706e-09
2.9630779e-09
-1.4979391e-09
3.2476406e-09
-1.5422877e-09
3.5385163e-09
-1.5766937e-09
3.8331345e-09
-1.5977989e-09
4.128203e-09
-1.6016899e-09
4.41953e-09
-1.5834991e-09
4.7020838e-09
-1.5386874e-09
4.9690031e-09
-1.4566255e-09
-1.3458628e-09
5.2144857e-09
1.5365658e-09
-1.3432054e-09
1.7678798e-09
-1.4408632e-09
2.0115867e-09
-1.5106104e-09
2.2680836e-09
-1.5866669e-09
2.5366827e-09
-1.6583515e-09
2.8166282e-09
-1.7262157e-09
3.1068073e-09
-1.7881176e-09
3.4056402e-09
-1.84112e-09
3.7110034e-09
-1.8820565e-09
4.0201259e-09
-1.9069212e-09
4.3294788e-09
-1.9110428e-09
4.6345997e-09
-1.8886202e-09
4.9301272e-09
-1.8342156e-09
5.2089011e-09
-1.7354002e-09
-1.6014508e-09
5.4644878e-09
1.6130463e-09
-1.5682914e-09
1.8558327e-09
-1.6836494e-09
2.1121975e-09
-1.7669748e-09
2.3821016e-09
-1.8565707e-09
2.6649201e-09
-1.9411695e-09
2.959791e-09
-2.0210863e-09
3.2654699e-09
-2.093796e-09
3.5802175e-09
-2.1558672e-09
3.9017161e-09
-2.2035549e-09
4.2269682e-09
-2.2321732e-09
4.5521798e-09
-2.2362545e-09
4.8725892e-09
-2.20903e-09
5.1824689e-09
-2.1440961e-09
5.4743375e-09
-2.0272695e-09
-1.8681552e-09
5.7410407e-09
1.6950368e-09
-1.8046275e-09
1.9505665e-09
-1.939179e-09
2.2210674e-09
-2.0374752e-09
2.5058449e-09
-2.141348e-09
2.8044544e-09
-2.2397784e-09
3.1159099e-09
-2.3325413e-09
3.4388091e-09
-2.4166949e-09
3.7712306e-09
-2.4882884e-09
4.1106395e-09
-2.5429637e-09
4.4537876e-09
-2.5753214e-09
4.7965895e-09
-2.5790567e-09
5.1339582e-09
-2.5463991e-09
5.4597664e-09
-2.4699051e-09
5.7661888e-09
-2.3336924e-09
-2.147234e-09
6.0452665e-09
1.7820451e-09
-2.0536659e-09
2.0514804e-09
-2.208614e-09
2.337127e-09
-2.3231215e-09
2.6382249e-09
-2.4424457e-09
2.9542515e-09
-2.5558046e-09
3.2840259e-09
-2.6623154e-09
3.6259574e-09
-2.7586261e-09
3.9779193e-09
-2.8402501e-09
4.3371387e-09
-2.9021831e-09
4.7000956e-09
-2.9382784e-09
5.0623907e-09
-2.9413522e-09
5.4185885e-09
-2.9025973e-09
5.7621335e-09
-2.8134509e-09
6.0848343e-09
-2.6563935e-09
-2.4402517e-09
6.3778511e-09
1.8725759e-09
-2.3170572e-09
2.1570632e-09
-2.4931013e-09
2.4585155e-09
-2.6245734e-09
2.7774813e-09
-2.7614112e-09
3.112603e-09
-2.8909259e-09
3.4624904e-09
-3.0122025e-09
3.8253452e-09
-3.1214808e-09
4.1988142e-09
-3.2137191e-09
4.5798682e-09
-3.2832372e-09
4.9646985e-09
-3.323109e-09
5.3485748e-09
-3.325229e-09
5.7256952e-09
-3.279718e-09
6.0890523e-09
-3.1768088e-09
6.4300703e-09
-2.9974115e-09
-2.7491432e-09
6.7389612e-09
1.9627321e-09
-2.5952472e-09
2.2637066e-09
-2.7940757e-09
2.5828619e-09
-2.9437283e-09
2.9211522e-09
-3.0997013e-09
3.277057e-09
-3.2468304e-09
3.6488969e-09
-3.3840421e-09
4.0346341e-09
-3.5072179e-09
4.4316702e-09
-3.6107552e-09
4.8367057e-09
-3.6882729e-09
5.245632e-09
-3.7320355e-09
5.6533767e-09
-3.7329742e-09
6.0537603e-09
-3.680102e-09
6.439307e-09
-3.5623562e-09
6.8010424e-09
-3.3591464e-09
-3.0762767e-09
7.1281755e-09
2.0495189e-09
-2.8883888e-09
2.3677868e-09
-3.1123434e-09
2.7066803e-09
-3.2826216e-09
3.0659652e-09
-3.458986e-09
3.4443778e-09
-3.6252427e-09
3.8400465e-09
-3.7797107e-09
4.2506849e-09
-3.9178563e-09
4.6734366e-09
-4.0335069e-09
5.1047234e-09
-4.11956e-09
5.540132e-09
-4.1674446e-09
5.9742449e-09
-4.1670876e-09
6.4005014e-09
-4.1063587e-09
6.810948e-09
-3.9728033e-09
7.1962049e-09
-3.7444025e-09
-3.4245105e-09
7.5444387e-09
2.1302409e-09
-3.1973008e-09
2.4664997e-09
-3.4486021e-09
2.8261189e-09
-3.6422406e-09
3.2079186e-09
-3.8407855e-09
3.6105599e-09
-4.0278838e-09
4.0319594e-09
-4.2011101e-09
4.4695719e-09
-4.3554688e-09
4.9202739e-09
-4.4842092e-09
5.3802061e-09
-4.5794926e-09
5.8446535e-09
-4.6318925e-09
6.307858e-09
-4.6302926e-09
6.7628833e-09
-4.5613842e-09
7.2012974e-09
-4.4112178e-09
7.6133169e-09
-4.1564206e-09
-3.7972385e-09
7.9860453e-09
2.2004496e-09
-3.5225027e-09
2.5552842e-09
-3.8034365e-09
2.9366037e-09
-4.0235599e-09
3.3423244e-09
-4.2465061e-09
3.7708868e-09
-4.4564462e-09
4.2199378e-09
-4.6501611e-09
4.6866502e-09
-4.8221814e-09
5.1676248e-09
-4.9651842e-09
5.6587241e-09
-5.0705924e-09
6.1549422e-09
-5.1281112e-09
6.6501939e-09
-5.1255449e-09
7.1371816e-09
-5.048372e-09
7.6070026e-09
-4.881039e-09
8.0494819e-09
-4.5988983e-09
-4.1984181e-09
8.4506621e-09
2.2551372e-09
-3.8643007e-09
2.6289696e-09
-4.1772688e-09
3.0329044e-09
-4.4274946e-09
3.4638832e-09
-4.6774848e-09
3.9200379e-09
-4.912601e-09
4.3986842e-09
-5.1288074e-09
4.8966806e-09
-5.320178e-09
5.410343e-09
-5.4788471e-09
5.9352639e-09
-5.5955139e-09
6.466165e-09
-5.659013e-09
6.9966556e-09
-5.6560362e-09
7.5190999e-09
-5.5708164e-09
8.0241408e-09
-5.3860802e-09
8.5012352e-09
-5.0759907e-09
-4.632574e-09
8.935392e-09
2.2887904e-09
-4.2228415e-09
2.6818955e-09
-4.5703738e-09
3.109291e-09
-4.85489e-09
3.5668312e-09
-5.1350249e-09
4.0522506e-09
-5.3980205e-09
4.5624742e-09
-5.639031e-09
5.094009e-09
-5.851713e-09
5.6428767e-09
-6.0277154e-09
6.2044134e-09
-6.1570511e-09
6.7730939e-09
-6.2276942e-09
7.3422508e-09
-6.2251939e-09
7.9039397e-09
-6.1325053e-09
8.4483751e-09
-5.9305159e-09
8.9646795e-09
-5.592293e-09
-5.1047763e-09
9.4368829e-09
2.2955237e-09
-4.5981776e-09
2.7080973e-09
-4.9829473e-09
3.1597378e-09
-5.3065306e-09
3.6451441e-09
-5.620431e-09
4.1615329e-09
-5.9144093e-09
4.7053775e-09
-6.1828756e-09
5.272793e-09
-6.4191287e-09
5.8594987e-09
-6.6144216e-09
6.4605929e-09
-6.7581458e-09
7.0703352e-09
-6.8374373e-09
7.6818153e-09
-6.8366749e-09
8.286815e-09
-6.737505e-09
8.8751536e-09
-6.5188548e-09
9.435663e-09
-6.1528001e-09
-5.620588e-09
9.9514759e-09
2.269268e-09
-4.990351e-09
2.7015408e-09
-5.41522e-09
3.1781713e-09
-5.783161e-09
3.6927848e-09
-6.1350442e-09
4.2419145e-09
-6.4635389e-09
4.8215127e-09
-6.7624736e-09
5.4272599e-09
-7.0248759e-09
6.0545663e-09
-7.2417284e-09
6.6983154e-09
-7.4018953e-09
7.3525879e-09
-7.4917105e-09
8.0102665e-09
-7.4943544e-09
8.662895e-09
-7.3901333e-09
9.2999378e-09
-7.1558979e-09
9.9099886e-09
-6.7628485e-09
-6.1859849e-09
1.0475387e-08
2.2039564e-09
-5.3994497e-09
2.6563705e-09
-5.867634e-09
3.1587406e-09
-6.2855309e-09
3.703971e-09
-6.6802744e-09
4.2877152e-09
-7.047283e-09
4.9053173e-09
-7.3800754e-09
5.5519774e-09
-7.671536e-09
6.2227917e-09
-7.9125429e-09
6.9124564e-09
-8.0915602e-09
7.6149104e-09
-8.1941649e-09
8.3228644e-09
-8.2023091e-09
9.0276571e-09
-8.0949255e-09
9.7184445e-09
-7.8466855e-09
1.0383638e-08
-7.4280399e-09
-6.8072502e-09
1.1004905e-08
2.0935778e-09
-5.8254907e-09
2.5670435e-09
-6.3410996e-09
3.0960333e-09
-6.8145205e-09
3.6734147e-09
-7.2576557e-09
4.2937966e-09
-7.6676648e-09
4.9518052e-09
-8.0380839e-09
5.6421132e-09
-8.3618439e-09
6.3595019e-09
-8.6299318e-09
7.0985117e-09
-8.8305702e-09
7.8529755e-09
-8.948629e-09
8.6154612e-09
-8.9647954e-09
9.377129e-09
-8.8565925e-09
1.0126879e-08
-8.5964351e-09
1.0852995e-08
-8.1541542e-09
-7.4908451e-09
1.1536592e-08
1.9324511e-09
-6.2680922e-09
2.4284491e-09
-6.8370978e-09
2.9852898e-09
-7.3713612e-09
3.5965675e-09
-7.8689336e-09
4.2558127e-09
-8.3269102e-09
4.9568155e-09
-8.7390869e-09
5.6936778e-09
-9.0987064e-09
6.4608758e-09
-9.3971301e-09
7.2528295e-09
-9.6225241e-09
8.063296e-09
-9.7590955e-09
8.8847202e-09
-9.7862199e-09
9.7080999e-09
-9.679971e-09
1.0522138e-08
-9.4104732e-09
1.1315039e-08
-8.9470528e-09
-8.2432743e-09
1.206747e-08
1.7176568e-09
-6.7271781e-09
2.2374544e-09
-7.3568958e-09
2.8234416e-09
-7.9573487e-09
3.470298e-09
-8.5157904e-09
4.1706499e-09
-9.0272623e-09
4.9173146e-09
-9.4857519e-09
5.703754e-09
-9.8851461e-09
6.5241359e-09
-1.0217512e-08
7.372783e-09
-1.0471171e-08
8.2433864e-09
-1.0629698e-08
9.1282709e-09
-1.0671104e-08
1.0018272e-08
-1.056997e-08
1.0901975e-08
-1.0294175e-08
1.1767492e-08
-9.8125673e-09
-9.0709732e-09
1.2595193e-08
1.4541196e-09
-7.207233e-09
1.9967586e-09
-7.8995347e-09
2.6112095e-09
-8.5717997e-09
3.2939404e-09
-9.1985213e-09
4.0368904e-09
-9.7702123e-09
4.831581e-09
-1.0280443e-08
5.6705667e-09
-1.0724132e-08
6.5475773e-09
-1.1094523e-08
7.4567876e-09
-1.1380381e-08
8.39178e-09
-1.156469e-08
9.3447311e-09
-1.1624055e-08
1.0306304e-08
-1.1531541e-08
1.126502e-08
-1.125289e-08
1.2209029e-08
-1.0756573e-08
1.3117841e-08
-9.9797821e-09
4.3758616e-09
-7.1835451e-11
4.1422528e-15
4.4486195e-09
-7.2763672e-11
4.9123954e-15
4.5198881e-09
-7.1273931e-11
4.5210367e-15
4.5884645e-09
-6.8582265e-11
5.2175064e-15
4.6537571e-09
-6.5299223e-11
6.1441013e-15
4.7143523e-09
-6.0603681e-11
8.1377015e-15
4.7692399e-09
-5.4898451e-11
1.0706457e-14
4.8167336e-09
-4.7511082e-11
1.7345399e-14
4.8555007e-09
-3.8785001e-11
1.7686302e-14
4.8825165e-09
-2.7058573e-11
4.2729249e-14
4.8966171e-09
-1.4130665e-11
2.981423e-14
4.8907039e-09
5.8455841e-12
6.7648769e-14
4.8686013e-09
2.2062878e-11
3.9186064e-14
4.8075697e-09
6.0961441e-11
7.0542412e-14
6.0155592e-11
-4.2455499e-14
4.5200345e-09
-1.4463898e-10
4.5938754e-09
-1.4661536e-10
4.6662936e-09
-1.4370504e-10
4.7360749e-09
-1.383744e-10
4.8025799e-09
-1.3181265e-10
4.8643665e-09
-1.2239549e-10
4.9203767e-09
-1.1091283e-10
4.9688796e-09
-9.6020497e-11
5.0084862e-09
-7.8409952e-11
5.0360986e-09
-5.4670987e-11
5.050495e-09
-2.8558174e-11
5.0444111e-09
1.1937097e-11
5.0217011e-09
4.4763704e-11
4.9590976e-09
1.2360626e-10
1.2194515e-10
4.6802972e-09
-2.1704817e-10
4.7539295e-09
-2.2024875e-10
4.8263712e-09
-2.1614761e-10
4.896365e-09
-2.0836895e-10
4.9632216e-09
-1.9866958e-10
5.0254696e-09
-1.8464384e-10
5.081993e-09
-1.6743667e-10
5.131014e-09
-1.4504162e-10
5.1710784e-09
-1.1847494e-10
5.1990183e-09
-8.2610994e-11
5.2135507e-09
-4.3090588e-11
5.2072588e-09
1.8229089e-11
5.1840001e-09
6.8021633e-11
5.1200329e-09
1.8757712e-10
1.8525429e-10
4.8584876e-09
-2.8753767e-10
4.9304363e-09
-2.9219861e-10
5.001608e-09
-2.8732008e-10
5.070666e-09
-2.7742775e-10
5.136874e-09
-2.648779e-10
5.1987286e-09
-2.4649903e-10
5.2550466e-09
-2.2375523e-10
5.3039995e-09
-1.939948e-10
5.3440602e-09
-1.5853617e-10
5.3719915e-09
-1.1054256e-10
5.3864479e-09
-5.754673e-11
5.3798678e-09
2.4809149e-11
5.3561076e-09
9.1782276e-11
5.2909706e-09
2.5271755e-10
2.4995848e-10
5.0564375e-09
-3.5441104e-10
5.1250698e-09
-3.6083219e-10
5.1935211e-09
-3.5577189e-10
5.2603486e-09
-3.4425609e-10
5.3247717e-09
-3.2930143e-10
5.3852547e-09
-3.0698266e-10
5.4405377e-09
-2.7903915e-10
5.488739e-09
-2.4219641e-10
5.5282501e-09
-1.9804779e-10
5.5557658e-09
-1.3805872e-10
5.5698747e-09
-7.1655193e-11
5.5628794e-09
3.1804473e-11
5.5386521e-09
1.1601047e-10
5.4725226e-09
3.1884378e-10
3.1596812e-10
5.2759218e-09
-4.1584786e-10
5.3394809e-09
-4.2439253e-10
5.4036268e-09
-4.1991808e-10
5.4667988e-09
-4.0742898e-10
5.5281751e-09
-3.9067812e-10
5.5861899e-09
-3.6499828e-10
5.6395002e-09
-3.3235065e-10
5.6861685e-09
-2.8886515e-10
5.7244981e-09
-2.3637794e-10
5.7511174e-09
-1.6467852e-10
5.7645435e-09
-8.5080617e-11
5.756956e-09
3.9392069e-11
5.7322532e-09
1.4071235e-10
5.6652995e-09
3.8579362e-10
3.8317209e-10
5.5185963e-09
-4.6995684e-10
5.5752475e-09
-4.8104487e-10
5.6334024e-09
-4.780729e-10
5.6913888e-09
-4.654164e-10
5.7483478e-09
-4.4763759e-10
5.8026915e-09
-4.193429e-10
5.8529897e-09
-3.8265042e-10
5.8972493e-09
-3.3312535e-10
5.9336802e-09
-2.7280931e-10
5.9588467e-09
-1.8984572e-10
5.971188e-09
-9.7420933e-11
5.9627801e-09
4.7800104e-11
5.9375322e-09
1.6595884e-10
5.8699116e-09
4.5341487e-10
4.5140517e-10
5.7859273e-09
-5.1484375e-10
5.8338176e-09
-5.2893601e-10
5.8842403e-09
-5.2849537e-10
5.9354414e-09
-5.1661846e-10
5.9865302e-09
-4.9872697e-10
6.0359113e-09
-4.6872517e-10
6.0820688e-09
-4.2880979e-10
6.122957e-09
-3.7401435e-10
6.1566902e-09
-3.0654284e-10
6.1797733e-09
-2.1292972e-10
6.1905606e-09
-1.082069e-10
6.1810532e-09
5.730766e-11
6.1551151e-09
1.9189652e-10
6.0869714e-09
5.2156016e-10
5.20445e-10
6.0791155e-09
-5.4869263e-10
6.116445e-09
-5.6626621e-10
6.1573973e-09
-5.6944704e-10
6.2001889e-09
-5.594111e-10
6.2439071e-09
-5.4244594e-10
6.2869717e-09
-5.1179109e-10
6.3277885e-09
-4.6962892e-10
6.3642679e-09
-4.1049466e-10
6.3944301e-09
-3.3670518e-10
6.4147285e-09
-2.3322919e-10
6.4234269e-09
-1.1690367e-10
6.4124875e-09
6.8247349e-11
6.385667e-09
2.1871704e-10
6.3171017e-09
5.9012807e-10
5.9008669e-10
6.3990171e-09
-5.6985797e-10
6.4241221e-09
-5.9137167e-10
6.4539372e-09
-5.9926122e-10
6.4867271e-09
-5.9220213e-10
6.5215713e-09
-5.7729107e-10
6.5569365e-09
-5.4715776e-10
6.5911666e-09
-5.0386186e-10
6.6221426e-09
-4.4147167e-10
6.6477979e-09
-3.6236051e-10
6.6645467e-09
-2.4997915e-10
6.6705595e-09
-1.2291455e-10
6.6577999e-09
8.1007323e-11
6.6298657e-09
2.4665136e-10
6.5609404e-09
6.5905612e-10
6.601533e-10
6.7460675e-09
-5.7696316e-10
6.75751e-09
-6.0281431e-10
6.7746718e-09
-6.1642181e-10
6.7959651e-09
-6.1349654e-10
6.8204822e-09
-6.0180939e-10
6.8467781e-09
-5.7345539e-10
6.8731616e-09
-5.3024862e-10
6.8975061e-09
-4.6581726e-10
6.917673e-09
-3.8252716e-10
6.9300543e-09
-2.6236181e-10
6.9327295e-09
-1.2558743e-10
6.9177044e-09
9.6032944e-11
6.8883858e-09
2.7597003e-10
6.8191284e-09
7.2831496e-10
7.3050169e-10
7.1202133e-09
-5.6899922e-10
7.1168733e-09
-5.9947408e-10
7.1201014e-09
-6.1964852e-10
7.1285729e-09
-6.2196938e-10
7.1414221e-09
-6.1466002e-10
7.1573419e-09
-5.8937718e-10
7.1746442e-09
-5.475546e-10
7.1912256e-09
-4.8239988e-10
7.2048987e-09
-3.9619971e-10
7.2120573e-09
-2.6952189e-10
7.2106974e-09
-1.2422479e-10
7.1929092e-09
1.1382183e-10
7.1618881e-09
3.0699109e-10
7.0922886e-09
7.9791533e-10
8.0101092e-10
7.5208579e-09
-5.454161e-10
7.5020217e-09
-5.8063742e-10
7.4903587e-09
-6.0798398e-10
7.4849306e-09
-6.1654277e-10
7.4849507e-09
-6.1468194e-10
7.4893073e-09
-5.9373602e-10
7.4963653e-09
-5.5461668e-10
7.5040849e-09
-4.9012082e-10
7.5102628e-09
-4.0237657e-10
7.511326e-09
-2.705866e-10
7.5052018e-09
-1.1809751e-10
7.4841091e-09
1.3491535e-10
7.4510239e-09
3.4007626e-10
7.381031e-09
8.679093e-10
8.7158403e-10
7.9468297e-09
-5.0619761e-10
7.9122674e-09
-5.4607441e-10
7.8851614e-09
-5.808764e-10
7.8650799e-09
-5.9646308e-10
7.8513607e-09
-6.009649e-10
7.8431485e-09
-5.8552629e-10
7.8389226e-09
-5.5039522e-10
7.8367569e-09
-4.8795651e-10
7.8344751e-09
-4.000932e-10
7.8285775e-09
-2.6469057e-10
7.8169464e-09
-1.0646293e-10
7.7919761e-09
1.5988678e-10
7.7564274e-09
3.7562471e-10
7.6859485e-09
9.3838962e-10
9.4214957e-10
8.3963787e-09
-4.5191095e-10
8.3464016e-09
-4.9609646e-10
8.3037777e-09
-5.3825096e-10
8.268685e-09
-5.6137262e-10
8.240637e-09
-5.7291949e-10
8.2190959e-09
-5.6398786e-10
8.2027262e-09
-5.340302e-10
8.1897742e-09
-4.7500575e-10
8.1781437e-09
-3.8846048e-10
8.1644573e-09
-2.5100575e-10
8.1465853e-09
-8.8587236e-11
8.1171478e-09
1.8932574e-10
8.078708e-09
4.1406409e-10
8.0076113e-09
1.0094879e-09
1.0126618e-09
8.8672072e-09
-3.8372254e-10
8.8026981e-09
-4.3158658e-10
8.7450103e-09
-4.8056191e-10
8.6950049e-09
-5.1136976e-10
8.6524235e-09
-5.3034121e-10
8.6171018e-09
-5.2866889e-10
8.5879656e-09
-5.0489886e-10
8.5634993e-09
-4.5054051e-10
8.5417492e-09
-3.6670746e-10
8.5195178e-09
-2.2877579e-10
8.4947068e-09
-6.3772325e-11
8.4602154e-09
2.2381892e-10
8.4184405e-09
4.5583839e-10
8.3465602e-09
1.0813698e-09
1.0830993e-09
9.3565377e-09
-3.0337377e-10
9.2789474e-09
-3.5399553e-10
9.2072042e-09
-4.0881789e-10
9.1428822e-09
-4.4705077e-10
9.0860006e-09
-4.73463e-10
9.0368117e-09
-4.7948272e-10
8.9945799e-09
-4.6267186e-10
8.9580964e-09
-4.1405783e-10
8.9256198e-09
-3.3422705e-10
8.894197e-09
-1.9735436e-10
8.8618153e-09
-3.1386593e-11
8.8217094e-09
2.6392694e-10
8.7761546e-09
5.013923e-10
8.7032988e-09
1.1542271e-09
1.153462e-09
9.8612197e-09
-2.1311414e-10
9.7725245e-09
-2.6529973e-10
9.6882811e-09
-3.2457431e-10
9.6107542e-09
-3.6952706e-10
9.5402775e-09
-4.0299002e-10
9.4775462e-09
-4.1675392e-10
9.4222336e-09
-4.0736375e-10
9.3735054e-09
-3.6533021e-10
9.3299059e-09
-2.9062273e-10
9.2887963e-09
-1.5624597e-10
9.2483131e-09
9.1007252e-12
9.2020845e-09
3.101578e-10
9.1523237e-09
5.5115197e-10
9.0782857e-09
1.2282663e-09
1.2237666e-09
1.0377869e-08
-1.1559335e-10
1.028049e-08
-1.6792012e-10
1.0185804e-08
-2.2988866e-10
1.0096686e-08
-2.8041265e-10
1.0013803e-08
-3.2011127e-10
9.9382957e-09
-3.4124817e-10
9.8703012e-09
-3.3937331e-10
9.8094217e-09
-3.0445073e-10
9.7545585e-09
-2.3575374e-10
9.7034592e-09
-1.0514782e-10
9.6544811e-09
5.8082819e-11
9.6017039e-09
3.6293745e-10
9.5473518e-09
6.0550258e-10
9.471925e-09
1.3036942e-09
1.2940398e-09
1.0903034e-08
-1.3719575e-11
1.079972e-08
-6.4605862e-11
1.0697069e-08
-1.2723837e-10
1.0598432e-08
-1.8177869e-10
1.05048e-08
-2.2648325e-10
1.0417731e-08
-2.5418079e-10
1.0337864e-08
-2.5950915e-10
1.0265283e-08
-2.3186905e-10
1.0199311e-08
-1.6977556e-10
1.0138153e-08
-4.3990423e-11
1.0080461e-08
1.1577766e-10
1.0020823e-08
4.2257853e-10
9.961561e-09
6.6476297e-10
9.8845565e-09
1.3806991e-09
1.3643103e-09
1.143338e-08
8.9494671e-11
1.1327059e-08
4.1714623e-11
1.1219226e-08
-1.9405359e-11
1.1113519e-08
-7.607475e-11
1.1011216e-08
-1.2418314e-10
1.0914235e-08
-1.5720004e-10
1.0823719e-08
-1.6899594e-10
1.0740265e-08
-1.4841399e-10
1.0663669e-08
-9.317228e-11
1.0592652e-08
2.7025855e-11
1.0526241e-08
1.8219147e-10
1.0459573e-08
4.8924799e-10
1.0395177e-08
7.2915697e-10
1.0316447e-08
1.4594296e-09
1.4345999e-09
1.1965861e-08
1.9110578e-10
1.1859487e-08
1.4809013e-10
1.1749415e-08
9.0666146e-11
1.1639358e-08
3.3980002e-11
1.1530804e-08
-1.5631495e-11
1.1425947e-08
-5.234252e-11
1.1326408e-08
-6.9457813e-11
1.1233294e-08
-5.5298862e-11
1.1146906e-08
-6.7770983e-12
1.1066529e-08
1.0740164e-10
1.0991636e-08
2.5708612e-10
1.091798e-08
5.629054e-10
1.0848358e-08
7.9877653e-10
1.0767779e-08
1.5400072e-09
1.5049154e-09
1.2497877e-08
2.8842437e-10
1.2394286e-08
2.516816e-10
1.2284915e-08
2.000375e-10
1.2173366e-08
1.4552815e-10
1.2061221e-08
9.6512308e-11
1.1950841e-08
5.8039472e-11
1.1844259e-08
3.7123537e-11
1.1743067e-08
4.5893795e-11
1.1648075e-08
8.8222714e-11
1.1559155e-08
1.9631941e-10
1.1476283e-08
3.3995836e-10
1.139593e-08
6.4325881e-10
1.1321162e-08
8.735419e-10
1.1238643e-08
1.6225227e-09
1.575235e-09
1.3027659e-08
3.7860901e-10
1.2929113e-08
3.5022899e-10
1.2823291e-08
3.058603e-10
1.271311e-08
2.557088e-10
1.2600136e-08
2.0948624e-10
1.2486803e-08
1.7137511e-10
1.2375453e-08
1.4847285e-10
1.2268089e-08
1.5325849e-10
1.2166034e-08
1.9028468e-10
1.2069685e-08
2.9266556e-10
1.1979662e-08
4.299788e-10
1.1893073e-08
7.2984628e-10
1.1813619e-08
9.5299375e-10
1.1728894e-08
1.7072423e-09
1.6452406e-09
8.0051855e-10
-1.0785578e-08
1.070396e-08
8.9615893e-10
-1.8115535e-08
1.8019893e-08
9.3091412e-10
-3.016964e-08
3.0134883e-08
8.0574867e-10
-4.967689e-08
4.9802053e-08
4.461089e-10
-8.1127317e-08
8.1486954e-08
-2.1579291e-10
-1.3216833e-07
1.3283023e-07
-1.3586832e-09
-2.1529487e-07
2.1643775e-07
-3.4145563e-09
-3.5044853e-07
3.5250438e-07
-5.6815893e-07
5.7196725e-07
2.4798603e-10
-1.0750364e-08
1.2956722e-10
-1.7997118e-08
-1.7402405e-10
-2.9866047e-08
-8.1897617e-10
-4.9031937e-08
-1.9802283e-09
-7.9966062e-08
-3.9188699e-09
-1.3022969e-07
-7.1305244e-09
-2.1208313e-07
-1.2526098e-08
-3.4505304e-07
-5.5908575e-07
-3.2776036e-10
-1.0590531e-08
-6.5160207e-10
-1.7673277e-08
-1.2817944e-09
-2.9235855e-08
-2.4282988e-09
-4.7885433e-08
-4.3711209e-09
-7.802324e-08
-7.565404e-09
-1.2703541e-07
-1.281456e-08
-2.0683397e-07
-2.1497196e-08
-3.3637042e-07
-5.4481552e-07
-9.1101022e-10
-1.0307661e-08
-1.4333322e-09
-1.7150956e-08
-2.3755798e-09
-2.8293609e-08
-4.0031013e-09
-4.6257912e-08
-6.7033616e-09
-7.5322978e-08
-1.1120363e-08
-1.2261841e-07
-1.8352224e-08
-1.996021e-07
-3.0231265e-08
-3.2449139e-07
-5.2545557e-07
-1.4900079e-09
-9.9059971e-09
-2.2017518e-09
-1.6439213e-08
-3.43977e-09
-2.7055591e-08
-5.5257999e-09
-4.4171882e-08
-8.9542025e-09
-7.1894575e-08
-1.4549832e-08
-1.1702278e-07
-2.3691757e-08
-1.9046017e-07
-3.864911e-08
-3.0953404e-07
-5.0116727e-07
-2.0546342e-09
-9.3913552e-09
-2.9449283e-09
-1.5548919e-08
-4.4608395e-09
-2.553968e-08
-6.9804582e-09
-4.1652264e-08
-1.1101936e-08
-6.7773096e-08
-1.7821244e-08
-1.1030348e-07
-2.878357e-08
-1.7949784e-07
-4.6673604e-08
-2.9164402e-07
-4.7216339e-07
-2.595719e-09
-8.7709137e-09
-3.6522647e-09
-1.4492374e-08
-5.426762e-09
-2.3765183e-08
-8.3523813e-09
-3.8726644e-08
-1.3125948e-08
-6.2999527e-08
-2.0903533e-08
-1.025259e-07
-3.3580345e-08
-1.6682102e-07
-5.4230743e-08
-2.7099363e-07
-4.387054e-07
-3.1050639e-09
-8.0529242e-09
-4.3143852e-09
-1.3283053e-08
-6.3267762e-09
-2.1752792e-08
-9.6279954e-09
-3.5425425e-08
-1.5006854e-08
-5.7620666e-08
-2.3767341e-08
-9.376541e-08
-3.8036609e-08
-1.5255175e-07
-6.1252379e-08
-2.4777786e-07
-4.0110226e-07
-3.5754173e-09
-7.2464586e-09
-4.923049e-09
-1.1935422e-08
-7.1512634e-09
-1.9524577e-08
-1.0794848e-08
-3.178184e-08
-1.6726677e-08
-5.1688835e-08
-2.6385319e-08
-8.4106769e-08
-4.2111263e-08
-1.368258e-07
-6.7674451e-08
-2.2221468e-07
-3.5970646e-07
-4.0004458e-09
-6.3612564e-09
-5.4710639e-09
-1.0464804e-08
-7.8916752e-09
-1.7103966e-08
-1.1841652e-08
-2.7831863e-08
-1.8269062e-08
-4.5261424e-08
-2.873199e-08
-7.3643841e-08
-4.5762593e-08
-1.1979519e-07
-7.3433408e-08
-1.9454386e-07
-3.1490528e-07
-4.3746918e-09
-5.4076105e-09
-5.9522145e-09
-8.8872818e-09
-8.5404968e-09
-1.4515683e-08
-1.2758332e-08
-2.3614028e-08
-1.9619457e-08
-3.8400297e-08
-3.0785514e-08
-6.2477784e-08
-4.8955646e-08
-1.0162505e-07
-7.8473382e-08
-1.6502612e-07
-2.6711841e-07
-4.6935323e-09
-4.3962666e-09
-6.3612136e-09
-7.2196008e-09
-9.0912398e-09
-1.1785656e-08
-1.3536074e-08
-1.9169195e-08
-2.0765144e-08
-3.1171226e-08
-3.2528322e-08
-5.0714605e-08
-5.1665821e-08
-8.2487545e-08
-8.2748346e-08
-1.339436e-07
-2.1679679e-07
-4.9531482e-09
-3.3383355e-09
-6.693672e-09
-5.4790772e-09
-9.5384536e-09
-8.9408744e-09
-1.4167409e-08
-1.4540241e-08
-2.1695147e-08
-2.3643487e-08
-3.3943518e-08
-3.8466236e-08
-5.3868134e-08
-6.2562923e-08
-8.6222499e-08
-1.0158923e-07
-1.6442116e-07
-5.1505023e-09
-2.2452155e-09
-6.9460826e-09
-3.6834972e-09
-9.8777416e-09
-6.0092151e-09
-1.4646278e-08
-9.7717054e-09
-2.2400513e-08
-1.5889251e-08
-3.5016726e-08
-2.5850025e-08
-5.5537922e-08
-4.2041723e-08
-8.8857729e-08
-6.826943e-08
-1.1048735e-07
-5.2833253e-09
-1.1285199e-09
-7.1158135e-09
-1.8510092e-09
-1.0105781e-08
-3.0192476e-09
-1.4968084e-08
-4.9094046e-09
-2.2874487e-08
-7.9828474e-09
-3.573755e-08
-1.2986965e-08
-5.6658153e-08
-2.1121117e-08
-9.0627951e-08
-3.4299636e-08
-5.5505524e-08
-5.3501076e-09
-4.7558142e-15
-7.2011089e-09
-8.2449378e-15
-1.0220343e-08
-1.3315879e-14
-1.5129733e-08
-1.7539423e-14
-2.3112557e-08
-2.2412323e-14
-3.6099501e-08
-2.585206e-14
-5.7220587e-08
-2.6916934e-14
-9.1520202e-08
-2.6911903e-14
-1.1620922e-14
1.0799891e-08
-7.3031641e-09
1.0880665e-08
-7.9803098e-09
1.0930058e-08
-8.6211935e-09
1.094893e-08
-9.2173936e-09
1.0940451e-08
-9.7617325e-09
1.0909259e-08
-1.024925e-08
1.0860447e-08
-1.067532e-08
1.0798439e-08
-1.1032515e-08
1.0726442e-08
-1.1308384e-08
1.0646313e-08
-1.1484559e-08
1.0559308e-08
-1.1537048e-08
1.046668e-08
-1.1438911e-08
1.0370019e-08
-1.1156227e-08
1.0272368e-08
-1.0658919e-08
-9.8780697e-09
1.0170658e-08
1.8171114e-08
-7.4543855e-09
1.8256394e-08
-8.0655905e-09
1.8279948e-08
-8.6447464e-09
1.8250066e-08
-9.1875117e-09
1.8179886e-08
-9.6915531e-09
1.8081193e-08
-1.0150558e-08
1.796285e-08
-1.0556975e-08
1.7830629e-08
-1.0900293e-08
1.7687809e-08
-1.1165561e-08
1.7535754e-08
-1.1332502e-08
1.7375829e-08
-1.1377122e-08
1.7209819e-08
-1.1272897e-08
1.7041223e-08
-1.0987628e-08
1.6871193e-08
-1.0488885e-08
-9.7115939e-09
1.670472e-08
3.0263151e-08
-7.5826611e-09
3.029723e-08
-8.0996699e-09
3.0254976e-08
-8.6024917e-09
3.0151671e-08
-9.0842055e-09
3.0001896e-08
-9.5417761e-09
2.9817285e-08
-9.9659463e-09
2.9605756e-08
-1.0345444e-08
2.9372928e-08
-1.0667464e-08
2.9122397e-08
-1.0915028e-08
2.8856087e-08
-1.1066187e-08
2.8578213e-08
-1.1099242e-08
2.8293772e-08
-1.0988452e-08
2.8008801e-08
-1.0702651e-08
2.7725251e-08
-1.020533e-08
-9.4431212e-09
2.745678e-08
4.9810198e-08
-7.5908127e-09
4.9735562e-08
-8.0250354e-09
4.9590613e-08
-8.4575423e-09
4.9386052e-08
-8.8796438e-09
4.9128397e-08
-9.2841191e-09
4.8823658e-08
-9.6612061e-09
4.8477635e-08
-9.9994191e-09
4.8096113e-08
-1.0285939e-08
4.7684737e-08
-1.0503649e-08
4.7250725e-08
-1.0632171e-08
4.6803244e-08
-1.0651757e-08
4.6349638e-08
-1.053484e-08
4.5898163e-08
-1.0251172e-08
4.5458563e-08
-9.7657264e-09
-9.0327407e-09
4.5048184e-08
8.1257105e-08
-7.3609568e-09
8.0967994e-08
-7.7359247e-09
8.0620949e-08
-8.1104966e-09
8.0218118e-08
-8.4768118e-09
7.976173e-08
-8.8277317e-09
7.9255276e-08
-9.1547524e-09
7.870346e-08
-9.4476027e-09
7.8111396e-08
-9.6938752e-09
7.7486343e-08
-9.878595e-09
7.6837965e-08
-9.983793e-09
7.6174727e-08
-9.9885192e-09
7.5506751e-08
-9.8668668e-09
7.4845897e-08
-9.5903227e-09
7.4205976e-08
-9.1258083e-09
-8.4319e-09
7.3605128e-08
1.3221577e-07
-6.7464828e-09
1.3155093e-07
-7.0710901e-09
1.3083421e-07
-7.3937796e-09
1.3006591e-07
-7.7085076e-09
1.2924729e-07
-8.0091104e-09
1.2838073e-07
-8.2881946e-09
1.2746986e-07
-8.5367296e-09
1.2651975e-07
-8.7437607e-09
1.2553725e-07
-8.8960921e-09
1.2453137e-07
-8.9779125e-09
1.2351321e-07
-8.9703604e-09
1.2249745e-07
-8.8511038e-09
1.2150096e-07
-8.5938357e-09
1.2054271e-07
-8.1675636e-09
-7.5358343e-09
1.1964665e-07
2.152428e-07
-5.5515902e-09
2.1398477e-07
-5.8130616e-09
2.1266292e-07
-6.0719321e-09
2.1127816e-07
-6.3237435e-09
2.0983261e-07
-6.5635559e-09
2.083298e-07
-6.7853945e-09
2.0677505e-07
-6.981981e-09
2.0517579e-07
-7.1445013e-09
2.0354204e-07
-7.2623416e-09
2.0188691e-07
-7.322783e-09
2.002272e-07
-7.3106574e-09
1.9858405e-07
-7.2079617e-09
1.9698364e-07
-6.9934359e-09
1.9545821e-07
-6.6421375e-09
-6.1248843e-09
1.9404726e-07
3.5041729e-07
-3.4644344e-09
3.4823106e-07
-3.6268333e-09
3.4594652e-07
-3.7873902e-09
3.4356624e-07
-3.9434613e-09
3.4109469e-07
-4.0920021e-09
3.385386e-07
-4.2293121e-09
3.3590751e-07
-4.3508918e-09
3.3321431e-07
-4.4512965e-09
3.3047594e-07
-4.5239704e-09
3.2771421e-07
-4.5610564e-09
3.2495674e-07
-4.5531826e-09
3.2223799e-07
-4.4892216e-09
3.1960058e-07
-4.3560245e-09
3.1709657e-07
-4.1381289e-09
-3.8174408e-09
3.1478912e-07
5.6850277e-07
5.6487593e-07
5.6108854e-07
5.5714508e-07
5.5305307e-07
5.4882376e-07
5.4447287e-07
5.4002157e-07
5.354976e-07
5.3093655e-07
5.2638336e-07
5.2189414e-07
5.1753811e-07
5.1339998e-07
5.0958254e-07
1.0109687e-08
4.3958311e-10
1.0039714e-08
4.2020309e-10
9.964474e-09
3.8110113e-10
9.8845517e-09
3.3563129e-10
9.8010895e-09
2.9294896e-10
9.7159482e-09
2.5651885e-10
9.630991e-09
2.3342988e-10
9.5478957e-09
2.3635334e-10
9.4680242e-09
2.7016195e-10
9.3918562e-09
3.6883133e-10
9.3205204e-09
5.0131001e-10
9.251906e-09
7.9845949e-10
9.1899822e-09
1.014918e-09
9.1245363e-09
1.7726851e-09
1.6967948e-09
1.6614345e-08
5.2996133e-10
1.6515765e-08
5.1878283e-10
1.6405099e-08
4.9176722e-10
1.6285301e-08
4.5542928e-10
1.6157864e-08
4.2038535e-10
1.602511e-08
3.8927374e-10
1.589019e-08
3.683513e-10
1.5756219e-08
3.7032447e-10
1.5625372e-08
4.0100996e-10
1.5499742e-08
4.9445902e-10
1.5380322e-08
6.2072884e-10
1.5267582e-08
9.1119825e-10
1.516335e-08
1.1191434e-09
1.5060955e-08
1.8750822e-09
1.7819896e-09
2.7344883e-08
6.4185832e-10
2.7221006e-08
6.4265704e-10
2.7076909e-08
6.3586278e-10
2.6914041e-08
6.182966e-10
2.6734883e-08
5.9954137e-10
2.654171e-08
5.8244623e-10
2.6339231e-08
5.7082679e-10
2.6132942e-08
5.7660633e-10
2.5925937e-08
6.0801262e-10
2.572442e-08
6.9596459e-10
2.5527366e-08
8.1777565e-10
2.5345927e-08
1.0926244e-09
2.5169448e-08
1.2956049e-09
2.5018186e-08
2.0263404e-09
1.9280044e-09
4.4956487e-08
7.335592e-10
4.4841076e-08
7.5806867e-10
4.4697905e-08
7.7903456e-10
4.4522459e-08
7.9374509e-10
4.4314838e-08
8.0716515e-10
4.407742e-08
8.1986706e-10
4.3815479e-08
8.3276618e-10
4.3535901e-08
8.5618212e-10
4.3242436e-08
9.0148508e-10
4.2946721e-08
9.9166568e-10
4.2645443e-08
1.1190382e-09
4.2368441e-08
1.3696008e-09
4.2083042e-08
1.5809785e-09
4.1877375e-08
2.2319907e-09
2.1755764e-09
7.358167e-08
7.5701076e-10
7.3532044e-08
8.0768986e-10
7.3453403e-08
8.5767283e-10
7.3341235e-08
9.0591019e-10
7.3192362e-08
9.5603643e-10
7.3003781e-08
1.0084485e-09
7.2774209e-08
1.0623345e-09
7.2505968e-08
1.1244211e-09
7.220101e-08
1.206461e-09
7.1870195e-08
1.3224712e-09
7.150972e-08
1.4795013e-09
7.116263e-08
1.7166892e-09
7.0787676e-08
1.9559631e-09
7.0543513e-08
2.4761555e-09
2.5279008e-09
1.1971486e-07
6.8879781e-10
1.197679e-07
7.5465134e-10
1.1980187e-07
8.2370162e-10
1.1981459e-07
8.9318769e-10
1.1980744e-07
9.6318666e-10
1.1977949e-07
1.0364033e-09
1.1972753e-07
1.1142901e-09
1.1964702e-07
1.2049354e-09
1.1953401e-07
1.3194912e-09
1.1938901e-07
1.4674725e-09
1.1920702e-07
1.6614482e-09
1.19017e-07
1.9066962e-09
1.1879422e-07
2.178804e-09
1.1868633e-07
2.5839765e-09
2.7715807e-09
1.9420278e-07
5.3326723e-10
1.9436477e-07
5.926587e-10
1.9453172e-07
6.5674595e-10
1.9469939e-07
7.2551896e-10
1.9486316e-07
7.9941574e-10
1.9502011e-07
8.794532e-10
1.9516957e-07
9.6483383e-10
1.9531525e-07
1.0592797e-09
1.9546612e-07
1.1686595e-09
1.9563442e-07
1.2992126e-09
1.9583811e-07
1.4577301e-09
1.960915e-07
1.6533289e-09
1.9637488e-07
1.8955325e-09
1.9675056e-07
2.2082359e-09
2.4827122e-09
3.1501935e-07
3.0303297e-10
3.1527139e-07
3.4061948e-10
3.15546e-07
3.8213076e-10
3.1584398e-07
4.2753249e-10
3.1616643e-07
4.7696924e-10
3.1651522e-07
5.3065744e-10
3.1689114e-07
5.8892339e-10
3.1729756e-07
6.5286354e-10
3.1774227e-07
7.2397702e-10
3.1823679e-07
8.0467754e-10
3.1879616e-07
8.9830436e-10
3.1944049e-07
1.0089973e-09
3.2019478e-07
1.1412504e-09
3.2110226e-07
1.3007104e-09
1.4934474e-09
5.0988557e-07
5.1022619e-07
5.1060832e-07
5.1103585e-07
5.1151282e-07
5.1204348e-07
5.1263241e-07
5.1328528e-07
5.1400927e-07
5.1481395e-07
5.1571224e-07
5.167212e-07
5.1786238e-07
5.1916307e-07
8.7285528e-17
-8.7281335e-17
4.2198242e-16
-3.346931e-16
1.154384e-15
-7.3239824e-16
2.5093057e-15
-1.354916e-15
4.8206225e-15
-2.3113083e-15
8.5812697e-15
-3.7606353e-15
1.4515506e-14
-5.9342197e-15
2.3683122e-14
-9.1675944e-15
3.7629381e-14
-1.3946227e-14
5.8600189e-14
-2.0970761e-14
8.985004e-14
-3.1249774e-14
1.3608127e-13
-4.6231103e-14
2.0406829e-13
-6.7986816e-14
3.035408e-13
-9.9472192e-14
4.4842683e-13
-1.4488561e-13
6.5859162e-13
-2.1016428e-13
9.62252e-13
-3.036598e-13
1.3992998e-12
-4.3704717e-13
2.0258304e-12
-6.2652958e-13
2.9202401e-12
-8.9440778e-13
4.1913277e-12
-1.2710843e-12
5.9889008e-12
-1.7975676e-12
8.5174401e-12
-2.5285312e-12
1.2053418e-11
-3.5359665e-12
1.6966897e-11
-4.9134633e-12
2.3748079e-11
-6.7811589e-12
3.3039555e-11
-9.2914385e-12
4.5675155e-11
-1.2635539e-11
6.2726542e-11
-1.7051295e-11
8.5559019e-11
-2.2832344e-11
1.158983e-10
-3.0339099e-11
1.5591068e-10
-4.0012127e-11
2.0829807e-10
-5.2387038e-11
2.7641331e-10
-6.8114753e-11
3.6439231e-10
-8.7978343e-11
4.7732342e-10
-1.1293022e-10
6.2143722e-10
-1.441126e-10
8.0414571e-10
-1.8270692e-10
-2.3214383e-10
1.0362916e-09
9.0225731e-17
-1.7750327e-16
4.361807e-16
-6.8064596e-16
1.1931745e-15
-1.4893923e-15
2.5935805e-15
-2.755323e-15
4.9825124e-15
-4.7002427e-15
8.8695212e-15
-7.64765e-15
1.5003314e-14
-1.2068024e-14
2.447951e-14
-1.8643809e-14
3.8895679e-14
-2.8362427e-14
6.0573847e-14
-4.2648972e-14
9.2878893e-14
-6.3554878e-14
1.406727e-13
-9.4024981e-14
2.1095944e-13
-1.3827366e-13
3.1379844e-13
-2.0231134e-13
4.635887e-13
-2.9467612e-13
6.8086522e-13
-4.2744126e-13
9.947927e-13
-6.1758808e-13
1.4465973e-12
-8.8885296e-13
2.0942413e-12
-1.2741753e-12
3.0187174e-12
-1.8188859e-12
4.3324094e-12
-2.5847788e-12
6.190038e-12
-3.6551996e-12
8.8027628e-12
-5.1412604e-12
1.2456056e-11
-7.1892656e-12
1.7532e-11
-9.9894143e-12
2.4536703e-11
-1.378587e-11
3.4133623e-11
-1.8888366e-11
4.7183733e-11
-2.5685657e-11
6.4793744e-11
-3.4661312e-11
8.8373903e-11
-4.6412509e-11
1.1970724e-10
-6.1672437e-11
1.6103277e-10
-8.1337657e-11
2.1514443e-10
-1.0649869e-10
2.8551068e-10
-1.38481e-10
3.7641418e-10
-1.7888182e-10
4.9312358e-10
-2.2963958e-10
6.4210404e-10
-2.93093e-10
8.3103702e-10
-3.716398e-10
-4.7225411e-10
1.0711474e-09
9.3779324e-17
-2.7127865e-16
4.5335337e-16
-1.0402177e-15
1.2401324e-15
-2.2761714e-15
2.6955947e-15
-4.2107858e-15
5.1783445e-15
-7.1829946e-15
9.2178001e-15
-1.1687111e-14
1.5591777e-14
-1.844201e-14
2.5438357e-14
-2.8490407e-14
4.0416818e-14
-4.3340917e-14
6.2938538e-14
-6.5170737e-14
9.6497348e-14
-9.7113751e-14
1.461406e-13
-1.4366832e-13
2.1913829e-13
-2.1127147e-13
3.2592931e-13
-3.0910254e-13
4.8145243e-13
-4.5019951e-13
7.0700681e-13
-6.5299609e-13
1.0328336e-12
-9.4341557e-13
1.5016669e-12
-1.3576874e-12
2.1735692e-12
-1.9460792e-12
3.1324389e-12
-2.7777577e-12
4.494653e-12
-3.9469957e-12
6.4203788e-12
-5.5809289e-12
9.1281475e-12
-7.8490336e-12
1.291333e-11
-1.0974454e-11
1.8171197e-11
-1.5247288e-11
2.5425289e-11
-2.103997e-11
3.5361945e-11
-2.882503e-11
4.8871973e-11
-3.9195693e-11
6.7100767e-11
-5.2890113e-11
9.1508495e-11
-7.0820243e-11
1.2394235e-10
-9.4106295e-11
1.6672363e-10
-1.2411894e-10
2.2275159e-10
-1.6252665e-10
2.9562892e-10
-2.1135832e-10
3.8981109e-10
-2.7306396e-10
5.1078405e-10
-3.506125e-10
6.6529285e-10
-4.4760172e-10
8.6137337e-10
-5.6772022e-10
-7.2151738e-10
1.1106368e-09
9.8012061e-17
-3.6928667e-16
4.7379921e-16
-1.4160025e-15
1.2960113e-15
-3.0983834e-15
2.8169114e-15
-5.7316863e-15
5.4110504e-15
-9.7771353e-15
9.6312748e-15
-1.590734e-14
1.6289637e-14
-2.5100382e-14
2.6574017e-14
-3.8774806e-14
4.221583e-14
-5.8982761e-14
6.5730552e-14
-8.8685506e-14
1.0076169e-13
-1.3214495e-13
1.5257102e-13
-1.9547774e-13
2.2873465e-13
-2.8743523e-13
3.4012676e-13
-4.2049482e-13
5.0230253e-13
-6.1237554e-13
7.3743011e-13
-8.8812409e-13
1.0769695e-12
-1.2829557e-12
1.5653552e-12
-1.8460742e-12
2.2650069e-12
-2.6457326e-12
3.2630699e-12
-3.7758229e-12
4.6803618e-12
-5.3642905e-12
6.6830802e-12
-7.583651e-12
9.4978852e-12
-1.0663843e-11
1.3431027e-11
-1.4907601e-11
1.8892232e-11
-2.07085e-11
2.6424137e-11
-2.8571883e-11
3.6738148e-11
-3.9139049e-11
5.0757834e-11
-5.3215386e-11
6.9671235e-11
-7.180352e-11
9.4993869e-11
-9.6142882e-11
1.2864459e-10
-1.2775702e-10
1.7303742e-10
-1.6851177e-10
2.3119155e-10
-2.2068077e-10
3.0686432e-10
-2.8703107e-10
4.0471258e-10
-3.7091219e-10
5.3048044e-10
-4.7638032e-10
6.9124187e-10
-6.0836308e-10
8.9547859e-10
-7.7195682e-10
-9.8123431e-10
1.1551957e-09
1.0294753e-16
-4.7223013e-16
4.9763226e-16
-1.8106848e-15
1.3611287e-15
-3.9618797e-15
2.9582434e-15
-7.3288013e-15
5.6820577e-15
-1.2500951e-14
1.0112615e-14
-2.0337901e-14
1.7101661e-14
-3.2089438e-14
2.7894736e-14
-4.9567899e-14
4.430664e-14
-7.5394694e-14
6.8972951e-14
-1.1335186e-13
1.0570949e-13
-1.6888156e-13
1.6002428e-13
-2.4979262e-13
2.3984392e-13
-3.6725499e-13
3.5653937e-13
-5.3719044e-13
5.2636677e-13
-7.8220319e-13
7.7247853e-13
-1.1342363e-12
1.1277095e-12
-1.6381874e-12
1.6384037e-12
-2.3567695e-12
2.3696166e-12
-3.3769472e-12
3.412108e-12
-4.8183166e-12
4.8916181e-12
-6.8438038e-12
6.9810016e-12
-9.6730381e-12
9.9158582e-12
-1.3598704e-11
1.4014364e-11
-1.9006112e-11
1.970206e-11
-2.6396203e-11
2.7542441e-11
-3.6412271e-11
3.827431e-11
-4.9870925e-11
5.2857107e-11
-6.7798191e-11
7.2525735e-11
-9.1472153e-11
9.8856851e-11
-1.22474e-10
1.3384894e-10
-1.6274911e-10
1.8001992e-10
-2.1468274e-10
2.4052446e-10
-2.811853e-10
3.1929635e-10
-3.6580294e-10
4.212243e-10
-4.7284012e-10
5.5235354e-10
-6.075095e-10
7.2013992e-10
-7.7614939e-10
9.3360095e-10
-9.8541773e-10
-1.2527871e-09
1.2051539e-09
1.0863879e-16
-5.8086483e-16
5.2510977e-16
-2.2271534e-15
1.4361876e-15
-4.8729573e-15
3.1211114e-15
-9.0137255e-15
5.9942655e-15
-1.5374107e-14
1.0666928e-14
-2.5010569e-14
1.8036384e-14
-3.9458905e-14
2.9414235e-14
-6.0945769e-14
4.6710684e-14
-9.2691176e-14
7.2698503e-14
-1.3933973e-13
1.1138997e-13
-2.075731e-13
1.6857331e-13
-3.0697606e-13
2.5257299e-13
-4.512548e-13
3.753224e-13
-6.5994004e-13
5.5386903e-13
-9.6075008e-13
8.1247289e-13
-1.3928406e-12
1.1855105e-12
-2.0112258e-12
1.7214591e-12
-2.8927192e-12
2.4883067e-12
-4.1437967e-12
3.5808183e-12
-5.9108307e-12
5.1301663e-12
-8.3931548e-12
7.3165217e-12
-1.1859397e-11
1.0385274e-11
-1.6667461e-11
1.4667619e-11
-2.3288462e-11
2.0606323e-11
-3.2334912e-11
2.8787571e-11
-4.4593526e-11
3.9979976e-11
-6.1063338e-11
5.5182068e-11
-8.300029e-11
7.567998e-11
-1.1197007e-10
1.0311751e-10
-1.4991154e-10
1.3958103e-10
-1.9921263e-10
1.877038e-10
-2.6280551e-10
2.507921e-10
-3.4427359e-10
3.3297856e-10
-4.4798939e-10
4.3941516e-10
-5.7927669e-10
5.7649164e-10
-7.4458593e-10
7.5210025e-10
-9.5175795e-10
9.7587901e-10
-1.2091964e-09
-1.5375892e-09
1.2606812e-09
1.151193e-16
-6.9597999e-16
5.563927e-16
-2.6684244e-15
1.5216274e-15
-5.8381916e-15
3.3064691e-15
-1.0798567e-14
6.3495028e-15
-1.8417142e-14
1.1297464e-14
-2.9958534e-14
1.9099288e-14
-4.7260738e-14
3.1141434e-14
-7.2987932e-14
4.944209e-14
-1.1099186e-13
7.6929117e-14
-1.6682681e-13
1.1783657e-13
-2.4848063e-13
1.7826843e-13
-3.6740802e-13
2.6699671e-13
-5.3998321e-13
3.9658611e-13
-7.8952962e-13
5.849701e-13
-1.1491343e-12
8.5764536e-13
-1.6655162e-12
1.2507045e-12
-2.4042856e-12
1.8149908e-12
-3.4570066e-12
2.6217338e-12
-4.9505415e-12
3.7701081e-12
-7.0592073e-12
5.3972432e-12
-1.0020293e-11
7.691304e-12
-1.4153461e-11
1.0908338e-11
-1.9884499e-11
1.539367e-11
-2.7773799e-11
2.1608715e-11
-3.8549963e-11
3.0164197e-11
-5.3149014e-11
4.1860954e-11
-7.2760101e-11
5.7739831e-11
-9.8879173e-11
7.9142561e-11
-1.333728e-10
1.0778609e-10
-1.7855507e-10
1.4585287e-10
-2.372794e-10
1.9610287e-10
-3.1305551e-10
2.6200989e-10
-4.1018059e-10
3.4792761e-10
-5.339071e-10
4.5930205e-10
-6.906511e-10
6.0290917e-10
-8.8819299e-10
7.8713067e-10
-1.1359794e-09
1.0222995e-09
-1.4443651e-09
-1.8370172e-09
1.3217277e-09
1.224113e-16
-8.1838717e-16
5.9158858e-16
-3.1375992e-15
1.6177414e-15
-6.8643438e-15
3.5149495e-15
-1.2695775e-14
6.7489746e-15
-2.1651169e-14
1.2006343e-14
-3.5215906e-14
2.0293911e-14
-5.5548315e-14
3.3082011e-14
-8.5776049e-14
5.2509707e-14
-1.3041959e-13
8.1678267e-14
-1.9599541e-13
1.2506941e-13
-2.9187184e-13
1.8913923e-13
-4.3147793e-13
2.8315798e-13
-6.3400209e-13
4.2039188e-13
-9.267637e-13
6.1975684e-13
-1.3484995e-12
9.0811748e-13
-1.9538773e-12
1.3234594e-12
-2.8196282e-12
1.9192283e-12
-4.0527766e-12
2.7702067e-12
-5.8015215e-12
3.9803853e-12
-8.2693882e-12
5.6933765e-12
-1.1733287e-11
8.106011e-12
-1.6566099e-11
1.148585e-11
-2.3264341e-11
1.6193435e-11
-3.2481389e-11
2.2710217e-11
-4.506675e-11
3.1673235e-11
-6.2112037e-11
4.3917877e-11
-8.5004749e-11
6.0530383e-11
-1.1549168e-10
8.2912263e-11
-1.5575469e-10
1.1285938e-10
-2.0850219e-10
1.5265803e-10
-2.7707805e-10
2.0520531e-10
-3.6560278e-10
2.7415754e-10
-4.7913281e-10
3.6411039e-10
-6.2385993e-10
4.8083206e-10
-8.0737274e-10
6.3152196e-10
-1.0388828e-09
8.2509898e-10
-1.3295564e-09
1.0726502e-09
-1.6919162e-09
-2.1523273e-09
1.3879604e-09
1.3051266e-16
-9.4889573e-16
6.3068648e-16
-3.6377707e-15
1.7244984e-15
-7.9581551e-15
3.7464833e-15
-1.471776e-14
7.1925432e-15
-2.5097229e-14
1.2793311e-14
-4.0816677e-14
2.1619805e-14
-6.4374817e-14
3.5235198e-14
-9.9391458e-14
5.5912244e-14
-1.5109666e-13
8.6943817e-14
-2.2702703e-13
1.33085e-13
-3.3801309e-13
2.0118001e-13
-4.9957304e-13
3.0104755e-13
-7.3386976e-13
4.4672472e-13
-1.072441e-12
6.5820496e-13
-1.55998e-12
9.6384995e-13
-2.2595226e-12
1.4037118e-12
-3.2594907e-12
2.0340691e-12
-4.6831349e-12
2.9335602e-12
-6.7010142e-12
4.2113848e-12
-9.547215e-12
6.0181414e-12
-1.3540046e-11
8.5599661e-12
-1.9107927e-11
1.2116738e-11
-2.6821117e-11
1.7065228e-11
-3.7429883e-11
2.3908195e-11
-5.190972e-11
3.3310613e-11
-7.151446e-11
4.6144509e-11
-9.783865e-11
6.3544275e-11
-1.3289145e-10
8.6974927e-11
-1.7918534e-10
1.1831645e-10
-2.3984372e-10
1.5996585e-10
-3.1872744e-10
2.1496582e-10
-4.2060275e-10
2.8716817e-10
-5.5133513e-10
3.8142927e-10
-7.1812101e-10
5.0386216e-10
-9.298056e-10
6.6211927e-10
-1.1971399e-09
8.6569452e-10
-1.5331316e-09
1.1264695e-09
-1.9526911e-09
-2.4845584e-09
1.4587007e-09
1.3939212e-16
-1.0882838e-15
6.7353519e-16
-4.1719113e-15
1.8414847e-15
-9.1261036e-15
4.0001697e-15
-1.6876444e-14
7.6784765e-15
-2.8775537e-14
1.3655281e-14
-4.6793485e-14
2.307174e-14
-7.3791282e-14
3.7592448e-14
-1.1391218e-13
5.9636093e-14
-1.7314033e-13
9.2704525e-14
-2.6009551e-13
1.4185065e-13
-3.8715928e-13
2.143411e-13
-5.7206358e-13
3.205906e-13
-8.4011939e-13
4.7547279e-13
-1.2273234e-12
7.0014824e-13
-1.7846557e-12
1.0245969e-12
-2.5839716e-12
1.4910994e-12
-3.7259937e-12
2.1589814e-12
-5.3510178e-12
3.1110157e-12
-7.6530499e-12
4.4619695e-12
-1.0898171e-11
6.3698815e-12
-1.5447961e-11
9.0507613e-12
-2.178881e-11
1.2797511e-11
-3.0567869e-11
1.8003998e-11
-4.2636373e-11
2.5195359e-11
-5.9101085e-11
3.5065842e-11
-8.1384946e-11
4.8525803e-11
-1.1129861e-10
6.6759978e-11
-1.5112563e-10
9.1299842e-11
-2.0372521e-10
1.2411379e-10
-2.7265767e-10
1.6771496e-10
-3.6232861e-10
2.2529677e-10
-4.7818455e-10
3.0091607e-10
-6.2695441e-10
3.9970564e-10
-8.1691056e-10
5.2813685e-10
-1.0582368e-09
6.9433298e-10
-1.363336e-09
9.083854e-10
-1.7471839e-09
1.1829909e-09
-2.2272965e-09
-2.8345744e-09
1.533007e-09
1.4898086e-16
-1.2372606e-15
7.198023e-16
-4.7427304e-15
1.9677914e-15
-1.0374092e-14
4.2740349e-15
-1.9182687e-14
8.2029857e-15
-3.2704487e-14
1.4585515e-14
-5.3176016e-14
2.4638332e-14
-8.3844104e-14
4.0135215e-14
-1.2940908e-13
6.3651833e-14
-1.9665697e-13
9.8914648e-14
-2.9535836e-13
1.5129637e-13
-4.3954106e-13
2.2851669e-13
-6.4928398e-13
3.4162882e-13
-9.5323163e-13
5.0640108e-13
-1.3920958e-12
7.4524024e-13
-2.023495e-12
1.0898506e-12
-2.9285823e-12
1.5848821e-12
-4.2210256e-12
2.2928909e-12
-6.0590273e-12
3.3010206e-12
-8.6611808e-12
4.7299041e-12
-1.2327056e-11
6.7453907e-12
-1.746345e-11
9.5738142e-12
-2.4617236e-11
1.3521641e-11
-3.4515698e-11
1.9000475e-11
-4.8115209e-11
2.6558594e-11
-6.6659205e-11
3.6920418e-11
-9.1746772e-11
5.1035722e-11
-1.2541392e-10
7.014091e-11
-1.7023082e-10
9.5835641e-11
-2.2941994e-10
1.3017975e-10
-3.0700178e-10
1.7580615e-10
-4.0795501e-10
2.3605908e-10
-5.3843746e-10
3.1520358e-10
-7.0609888e-10
4.1866192e-10
-9.2036886e-10
5.5326413e-10
-1.192839e-09
7.276048e-10
-1.5376766e-09
9.5237176e-10
-1.9719509e-09
1.2410663e-09
-2.5159909e-09
-3.2026929e-09
1.6091849e-09
1.5916246e-16
-1.3964191e-15
7.6892541e-16
-5.3524911e-15
2.1018817e-15
-1.1707047e-14
4.5647428e-15
-2.1645547e-14
8.7596732e-15
-3.6899418e-14
1.557265e-14
-5.9988995e-14
2.6300408e-14
-9.4571869e-14
4.2832308e-14
-1.4594099e-13
6.7910079e-14
-2.2173477e-13
1.0549758e-13
-3.329459e-13
1.6130522e-13
-4.9534875e-13
2.4353055e-13
-7.315094e-13
3.6389933e-13
-1.0736005e-12
5.3912091e-13
-1.5673175e-12
7.9291041e-13
-2.2772847e-12
1.1587788e-12
-3.2944509e-12
1.6838523e-12
-4.7460995e-12
2.4340544e-12
-6.8092301e-12
3.5010699e-12
-9.7281974e-12
5.0116045e-12
-1.3837592e-11
7.1395615e-12
-1.9591409e-11
1.0121876e-11
-2.7599553e-11
1.427888e-11
-3.8672704e-11
2.0040232e-11
-5.3876563e-11
2.797766e-11
-7.4596634e-11
3.8846054e-11
-1.0261517e-10
5.3634856e-11
-1.4020272e-10
7.3632265e-11
-1.9022823e-10
1.0050588e-10
-2.5629355e-10
1.3640767e-10
-3.4290357e-10
1.8409622e-10
-4.5564354e-10
2.470543e-10
-6.0139553e-10
3.2974351e-10
-7.8878808e-10
4.3790228e-10
-1.0285276e-09
5.7869106e-10
-1.3336277e-09
7.6115378e-10
-1.7201393e-09
9.9653938e-10
-2.2073364e-09
1.2990522e-09
-2.8185036e-09
-3.5881831e-09
1.6845425e-09
1.6976703e-16
-1.5661823e-15
8.2008548e-16
-6.0028074e-15
2.241519e-15
-1.3128479e-14
4.8674399e-15
-2.4271467e-14
9.3392312e-15
-4.1371209e-14
1.6600149e-14
-6.7249914e-14
2.8030065e-14
-1.0600179e-13
4.5638323e-14
-1.6354926e-13
7.2338911e-14
-2.4843538e-13
1.1234173e-13
-3.7294876e-13
1.7170677e-13
-5.5471385e-13
2.591257e-13
-8.1892841e-13
3.870187e-13
-1.2014936e-12
5.7306511e-13
-1.753364e-12
8.4232608e-13
-2.5465458e-12
1.230167e-12
-3.6822921e-12
1.7862492e-12
-5.302182e-12
2.579933e-12
-7.6029144e-12
3.7075217e-12
-1.0855787e-11
5.3018722e-12
-1.5431944e-11
7.5450094e-12
-2.1834547e-11
1.0684505e-11
-3.073905e-11
1.5054531e-11
-4.3042731e-11
2.1102665e-11
-5.9924698e-11
2.94238e-11
-8.2917768e-11
4.0802781e-11
-1.1399415e-10
5.626791e-11
-1.5566785e-10
7.7157941e-11
-2.1111826e-10
1.0520573e-10
-2.8434134e-10
1.4264702e-10
-3.8034487e-10
1.9235137e-10
-5.0534788e-10
2.5797469e-10
-6.6701883e-10
3.4417494e-10
-8.7498831e-10
4.5689968e-10
-1.1412523e-09
6.0368086e-10
-1.4804089e-09
7.9394765e-10
-1.910406e-09
1.0394353e-09
-2.4528241e-09
1.354906e-09
-3.1339742e-09
-3.9896548e-09
1.7563778e-09
1.805535e-16
-1.7467321e-15
8.7211679e-16
-6.6943687e-15
2.3835192e-15
-1.4639879e-14
5.1752184e-15
-2.7063165e-14
9.9284226e-15
-4.6124412e-14
1.7644521e-14
-7.4966013e-14
2.9787707e-14
-1.1814498e-13
4.8488934e-14
-1.8225049e-13
7.6836631e-14
-2.7678309e-13
1.192896e-13
-4.1540175e-13
1.8226111e-13
-6.176854e-13
2.7494144e-13
-9.1160881e-13
4.1045039e-13
-1.3370027e-12
6.0744274e-13
-1.9503565e-12
8.9233018e-13
-2.8314334e-12
1.3023339e-12
-4.0922959e-12
1.8896439e-12
-5.8894922e-12
2.7270365e-12
-8.4403073e-12
3.9153856e-12
-1.2044136e-11
5.5936054e-12
-1.7110164e-11
7.9516735e-12
-2.4192617e-11
1.1247513e-11
-3.4034891e-11
1.5828671e-11
-4.7623889e-11
2.215993e-11
-6.6255956e-11
3.0858258e-11
-9.1616095e-11
4.2736895e-11
-1.2587278e-10
5.8860872e-11
-1.7179182e-10
8.061713e-11
-2.3287451e-10
1.0980365e-10
-3.1352786e-10
1.4873269e-10
-4.192739e-10
2.0033387e-10
-5.5694905e-10
2.6841675e-10
-7.3510169e-10
3.5792126e-10
-9.6449279e-10
4.7496374e-10
-1.2582948e-09
6.2729223e-10
-1.6327373e-09
8.2467772e-10
-2.1077914e-09
1.0792383e-09
-2.7073846e-09
1.40611e-09
-3.4608457e-09
-4.4048742e-09
1.8213296e-09
1.912201e-16
-1.9379485e-15
9.2356235e-16
-7.4267084e-15
2.5238958e-15
-1.6240212e-14
5.47942e-15
-3.0018688e-14
1.0510634e-14
-5.1155625e-14
1.8676239e-14
-8.3131618e-14
3.1523485e-14
-1.3099223e-13
5.1302993e-14
-2.0203001e-13
8.1274648e-14
-3.0675476e-13
1.2614157e-13
-4.602687e-13
1.9266323e-13
-6.8420711e-13
2.9051771e-13
-1.0094633e-12
4.3350774e-13
-1.4799927e-12
6.4123793e-13
-2.1580868e-12
9.4143125e-13
-3.1316267e-12
1.3731045e-12
-4.5239692e-12
1.9908853e-12
-6.507273e-12
2.8708264e-12
-9.3202486e-12
4.1181625e-12
-1.3291473e-11
5.8775498e-12
-1.8869552e-11
8.346448e-12
-2.6661515e-11
1.1792435e-11
-3.7480878e-11
1.6575412e-11
-5.2406866e-11
2.3175878e-11
-7.2856421e-11
3.2230742e-11
-1.0067096e-10
4.4578539e-11
-1.3822057e-10
6.1316442e-11
-1.8852972e-10
8.3871946e-11
-2.5543001e-10
1.1409175e-10
-3.4374765e-10
1.5434782e-10
-4.5952996e-10
2.0770261e-10
-6.1030382e-10
2.7810274e-10
-8.0550181e-10
3.705282e-10
-1.0569182e-09
4.9128832e-10
-1.3790549e-09
6.4836512e-10
-1.7898141e-09
8.5173876e-10
-2.311165e-09
1.1137343e-09
-2.9693801e-09
1.4496235e-09
-3.7967348e-09
-4.8304992e-09
1.8752486e-09
2.0135051e-16
-2.1392954e-15
9.7240997e-16
-8.1977654e-15
2.6571564e-15
-1.7924957e-14
5.7681346e-15
-3.3129665e-14
1.1063059e-14
-5.6450548e-14
1.9654865e-14
-9.1723423e-14
3.3169331e-14
-1.4450669e-13
5.3970082e-14
-2.2283076e-13
8.5478698e-14
-3.3826338e-13
1.3262835e-13
-5.0741836e-13
2.0250392e-13
-7.5408269e-13
3.0524089e-13
-1.1122003e-12
4.5528081e-13
-1.6300327e-12
6.7311389e-13
-2.3759199e-12
9.8768099e-13
-3.4461938e-12
1.4396591e-12
-4.9759472e-12
2.0859162e-12
-7.15353e-12
3.0054971e-12
-1.0239829e-11
4.3075851e-12
-1.4593561e-11
6.1419864e-12
-2.0703953e-11
8.7127955e-12
-2.9232324e-11
1.229604e-11
-4.1064122e-11
1.7262275e-11
-5.73731e-11
2.4105327e-11
-7.9699471e-11
3.3478704e-11
-1.1004433e-10
4.6241588e-11
-1.5098345e-10
6.3516864e-11
-2.0580499e-10
8.6764108e-11
-2.7867725e-10
1.178709e-10
-3.7485444e-10
1.5926829e-10
-5.0092734e-10
2.1409268e-10
-6.651282e-10
2.8635359e-10
-8.777627e-10
3.811177e-10
-1.1516823e-09
5.0480715e-10
-1.5027443e-09
6.6549175e-10
-1.9504987e-09
8.7321791e-10
-2.5188911e-09
1.1403127e-09
-3.2364748e-09
1.4818945e-09
-4.1383166e-09
-5.2619447e-09
1.9133401e-09
2.1049802e-16
-2.34979e-15
1.0165098e-15
-9.0037747e-15
2.7774326e-15
-1.9685878e-14
6.0286216e-15
-3.6380852e-14
1.1561236e-14
-6.198316e-14
2.0536875e-14
-1.0069906e-13
3.4651634e-14
-1.5862145e-13
5.6370114e-14
-2.4454924e-13
8.9258e-14
-3.7115127e-13
1.3845287e-13
-5.5661324e-13
2.1132772e-13
-8.2695756e-13
3.1842143e-13
-1.219294e-12
4.7473617e-13
-1.7863474e-12
7.0153507e-13
-2.6027187e-12
1.0288151e-12
-3.7734738e-12
1.4986818e-12
-5.4458137e-12
2.1699141e-12
-7.824762e-12
3.1240811e-12
-1.1193996e-11
4.4736559e-12
-1.5943135e-11
6.3726678e-12
-2.2602964e-11
9.0305492e-12
-3.1890205e-11
1.272997e-11
-4.4763542e-11
1.7849629e-11
-6.2492757e-11
2.4893219e-11
-8.6743057e-11
3.4526097e-11
-1.196772e-10
4.7621633e-11
-1.6407898e-10
6.5319732e-11
-2.2350308e-10
8.9100598e-11
-3.0245811e-10
1.2087756e-10
-4.0663139e-10
1.6311501e-10
-5.4316478e-10
2.1898172e-10
-7.2099489e-10
2.9251497e-10
-9.5129593e-10
3.8881439e-10
-1.2479817e-09
5.1431191e-10
-1.6282418e-09
6.7703672e-10
-2.1132235e-09
8.8690633e-10
-2.7287607e-09
1.1559884e-09
-3.5055568e-09
1.4989049e-09
-4.481233e-09
-5.6932903e-09
1.9302507e-09
2.1798489e-16
-2.5677717e-15
1.0525795e-15
-9.838367e-15
2.8757544e-15
-2.1509051e-14
6.2414446e-15
-3.974654e-14
1.1968006e-14
-6.7709719e-14
2.125653e-14
-1.0998758e-13
3.5860051e-14
-1.7322497e-13
5.8324708e-14
-2.6701389e-13
9.2332187e-14
-4.0515875e-13
1.4318399e-13
-6.0746504e-13
2.184831e-13
-9.0225667e-13
3.2908861e-13
-1.3298996e-12
4.904447e-13
-1.9477035e-12
7.2441868e-13
-2.8366927e-12
1.0618242e-12
-4.1108791e-12
1.5458562e-12
-5.9298455e-12
2.2367256e-12
-8.515631e-12
3.2178509e-12
-1.2175121e-11
4.6040463e-12
-1.732933e-11
6.552239e-12
-2.4551156e-11
9.2753587e-12
-3.4613323e-11
1.3060178e-11
-4.8548359e-11
1.8290062e-11
-6.7722638e-11
2.5473831e-11
-9.3926821e-11
3.5282262e-11
-1.2948563e-10
4.8594229e-11
-1.7739094e-10
6.6554953e-11
-2.414638e-10
9.0649471e-11
-3.2655262e-10
1.2279504e-10
-4.3877695e-10
1.6545734e-10
-5.8582708e-10
2.2179507e-10
-7.773326e-10
2.9582056e-10
-1.0253214e-09
3.9258692e-10
-1.3447481e-09
5.1842008e-10
-1.7540749e-09
6.8114787e-10
-2.2759512e-09
8.9032767e-10
-2.9379404e-09
1.1574537e-09
-3.7726827e-09
1.496255e-09
-4.8200342e-09
-6.1172238e-09
1.9201886e-09
2.233133e-16
-2.7910821e-15
1.0782384e-15
-1.069329e-14
2.9456295e-15
-2.3376441e-14
6.3924683e-15
-4.3193377e-14
1.2256092e-14
-7.3573339e-14
2.1764956e-14
-1.1949644e-13
3.6711214e-14
-1.8817122e-13
5.9696469e-14
-2.8999915e-13
9.4480388e-14
-4.3994267e-13
1.4647313e-13
-6.5945779e-13
2.2342765e-13
-9.7921118e-13
3.3640769e-13
-1.4428796e-12
5.0113327e-13
-2.1124291e-12
7.3983799e-13
-3.0753973e-12
1.0838133e-12
-4.4548542e-12
1.5768642e-12
-6.422896e-12
2.2799598e-12
-9.2187261e-12
3.2774285e-12
-1.3172589e-11
4.6851253e-12
-1.8737025e-11
6.6610861e-12
-2.6527115e-11
9.4192858e-12
-3.7371521e-11
1.3247251e-11
-5.2376321e-11
1.852845e-11
-7.3003834e-11
2.5770637e-11
-1.01169e-10
3.564165e-11
-1.3935663e-10
4.9014606e-11
-1.9076389e-10
6.7024911e-11
-2.5947409e-10
9.1142015e-11
-3.5066971e-10
1.2325923e-10
-4.7089415e-10
1.6580508e-10
-6.2837292e-10
2.2187808e-10
-8.3340558e-10
2.9539751e-10
-1.0988408e-09
3.9127203e-10
-1.4406226e-09
5.1558815e-10
-1.878391e-09
6.757837e-10
-2.4361468e-09
8.8079062e-10
-3.1429473e-09
1.1411671e-09
-4.033059e-09
1.4692987e-09
-5.1481657e-09
-6.5250207e-09
1.8770957e-09
2.2528841e-16
-3.0163678e-15
1.0876709e-15
-1.155567e-14
2.9711522e-15
-2.525992e-14
6.4472863e-15
-4.6669509e-14
1.2359929e-14
-7.9485979e-14
2.1946707e-14
-1.2908322e-13
3.7012502e-14
-2.0323701e-13
6.0176312e-14
-3.1316295e-13
9.5221151e-14
-4.749875e-13
1.4758783e-13
-7.1182446e-13
2.2506833e-13
-1.0566917e-12
3.3877408e-13
-1.5565853e-12
5.0447958e-13
-2.2781345e-12
7.4447361e-13
-3.3153912e-12
1.0900894e-12
-4.8004698e-12
1.585132e-12
-6.9179383e-12
2.2904758e-12
-9.9240693e-12
3.2901679e-12
-1.417228e-11
4.6994433e-12
-2.0146299e-11
6.6751406e-12
-2.8502811e-11
9.4291023e-12
-4.012548e-11
1.3245271e-11
-5.6192486e-11
1.8501352e-11
-7.8259911e-11
2.5696159e-11
-1.083638e-10
3.5484056e-11
-1.4914452e-10
4.8718327e-11
-2.0399815e-10
6.6505747e-11
-2.772615e-10
9.0274957e-11
-3.7443891e-10
1.2186137e-10
-5.0248055e-10
1.6361077e-10
-6.701223e-10
2.1850141e-10
-8.882962e-10
2.9027811e-10
-1.1706175e-09
3.8359273e-10
-1.5339372e-09
5.0414096e-10
-1.9989392e-09
6.5876142e-10
-2.5907672e-09
8.5546955e-10
-3.3396553e-09
1.1034841e-09
-4.2810735e-09
1.4133352e-09
-5.4580167e-09
-6.9065443e-09
1.7948589e-09
2.2384824e-16
-3.2402138e-15
1.0806795e-15
-1.24125e-14
2.9518371e-15
-2.7131077e-14
6.4046624e-15
-5.0122332e-14
1.2276427e-14
-8.5357741e-14
2.1794491e-14
-1.3860128e-13
3.6747739e-14
-2.1819026e-13
5.9730271e-14
-3.3614548e-13
9.4486369e-14
-5.0974359e-13
1.4639663e-13
-7.637347e-13
2.2315949e-13
-1.1334545e-12
3.3574129e-13
-1.6691671e-12
4.9969196e-13
-2.4420851e-12
7.3695372e-13
-3.5526529e-12
1.0783274e-12
-5.1418433e-12
1.5668046e-12
-7.406415e-12
2.2620251e-12
-1.0619289e-11
3.2461769e-12
-1.515643e-11
4.6317168e-12
-2.1531838e-11
6.5713637e-12
-3.0442456e-11
9.2708929e-12
-4.2825007e-11
1.3005373e-11
-5.9926963e-11
1.8139633e-11
-8.3394166e-11
2.5153981e-11
-1.1537815e-10
3.4676484e-11
-1.5866702e-10
4.7523482e-11
-2.1684514e-10
6.4750347e-11
-2.9448836e-10
8.7714668e-11
-3.9740322e-10
1.1815378e-10
-5.3291966e-10
1.5827747e-10
-7.1024598e-10
2.1087377e-10
-9.4089248e-10
2.7941994e-10
-1.2391636e-09
3.6818667e-10
-1.6227039e-09
4.823149e-10
-2.1130674e-09
6.2782462e-10
-2.7362768e-09
8.11514e-10
-3.5233445e-09
1.0408316e-09
-4.5103909e-09
1.3238402e-09
-5.7410253e-09
-7.2502416e-09
1.6675376e-09
2.1640924e-16
-3.4566211e-15
1.0445805e-15
-1.3240669e-14
2.8529152e-15
-2.893941e-14
6.1894869e-15
-5.3458902e-14
1.1862983e-14
-9.1031234e-14
2.1058608e-14
-1.477969e-13
3.5503387e-14
-2.3263503e-13
5.7701004e-14
-3.5834309e-13
9.1264038e-14
-5.4330661e-13
1.4138177e-13
-8.1385243e-13
2.1547542e-13
-1.2075481e-12
3.2411026e-13
-1.7778019e-12
4.822568e-13
-2.6002316e-12
7.1102079e-13
-3.7814167e-12
1.0399957e-12
-5.4708179e-12
1.5104296e-12
-7.8768486e-12
2.1794437e-12
-1.1288303e-11
3.125586e-12
-1.6102572e-11
4.4560574e-12
-2.2862308e-11
6.3160086e-12
-3.2302405e-11
8.900377e-12
-4.5409372e-11
1.2468834e-11
-6.3495415e-11
1.7364543e-11
-8.8289869e-11
2.4037613e-11
-1.2205121e-10
3.3074384e-11
-1.6770378e-10
4.5233947e-11
-2.2900469e-10
6.149355e-11
-3.1074795e-10
8.3104542e-11
-4.1901421e-10
1.1165988e-10
-5.6147499e-10
1.4917269e-10
-7.4775877e-10
1.9816176e-10
-9.8988153e-10
2.6173393e-10
-1.3027358e-09
3.436458e-10
-1.7046157e-09
4.4831498e-10
-2.2177365e-09
5.8072911e-10
-2.8686909e-09
7.4618893e-10
-3.6888042e-09
9.4995031e-10
-4.7141521e-09
1.196797e-09
-5.9878719e-09
-7.5432946e-09
1.4898503e-09
2.0491933e-16
-3.6615391e-15
9.8918042e-16
-1.4024929e-14
2.7014358e-15
-3.0651664e-14
5.8599249e-15
-5.6617389e-14
1.1228749e-14
-9.6400057e-14
1.9926818e-14
-1.5649496e-13
3.3582959e-14
-2.4629117e-13
5.4555875e-14
-3.79316e-13
8.6244658e-14
-5.7499539e-13
1.3352496e-13
-8.6113272e-13
2.0335833e-13
-1.2773815e-12
3.0563799e-13
-1.8800815e-12
4.5435468e-13
-2.7489482e-12
6.6919072e-13
-3.9962526e-12
9.7768018e-13
-5.7793072e-12
1.4181073e-12
-8.3172753e-12
2.0433535e-12
-1.1913548e-11
2.9259436e-12
-1.6985161e-11
4.164584e-12
-2.4100947e-11
5.8925289e-12
-3.4030347e-11
8.2881564e-12
-4.7804997e-11
1.1588202e-11
-6.6795457e-11
1.61042e-11
-9.2805862e-11
2.2242836e-11
-1.2818984e-10
3.0531143e-11
-1.7599208e-10
4.1647674e-11
-2.4012122e-10
5.6460886e-11
-3.2556116e-10
7.607573e-11
-4.3862904e-10
1.018885e-10
-5.8728775e-10
1.3564795e-10
-7.8151821e-10
1.795168e-10
-1.0337504e-09
2.3612112e-10
-1.3593401e-09
3.0856617e-10
-1.7770608e-09
4.0038237e-10
-2.3095526e-09
5.153387e-10
-2.9836471e-09
6.5704005e-10
-3.8305055e-09
8.2829663e-10
-4.8854085e-09
1.0297282e-09
-6.1893035e-09
-7.7721378e-09
1.2585716e-09
1.838676e-16
-3.8454058e-15
8.8727498e-16
-1.4728336e-14
2.4226724e-15
-3.2187061e-14
5.2545339e-15
-5.944925e-14
1.0067548e-14
-1.0121307e-13
1.78641e-14
-1.6429151e-13
3.0103009e-14
-2.5853007e-13
4.8896152e-14
-3.9810913e-13
7.7285851e-14
-6.0338508e-13
1.1963419e-13
-9.0348104e-13
1.8216621e-13
-1.3399135e-12
2.7372275e-13
-1.971638e-12
4.0679588e-13
-2.8820212e-12
5.9894033e-13
-4.188397e-12
8.7467855e-13
-6.0550451e-12
1.2680426e-12
-8.710639e-12
1.8259242e-12
-1.2471429e-11
2.6124295e-12
-1.7771665e-11
3.7144628e-12
-2.5202979e-11
5.2487895e-12
-3.5564672e-11
7.3708609e-12
-4.9927065e-11
1.0285737e-11
-6.9710329e-11
1.4261513e-11
-9.6781634e-11
1.9645778e-11
-1.335741e-10
2.6885732e-11
-1.8323203e-10
3.6552729e-11
-2.4978821e-10
4.9371924e-11
-3.3838035e-10
6.6257286e-11
-4.555144e-10
8.8351026e-11
-6.0938149e-10
1.170641e-10
-8.1023127e-10
1.5411024e-10
-1.0707965e-09
2.0151947e-10
-1.4067493e-09
2.6160788e-10
-1.8371491e-09
3.3686595e-10
-2.3848106e-09
4.2970196e-10
-3.076483e-09
5.4197427e-10
-3.9427776e-09
6.7431896e-10
-5.0177531e-09
8.2388118e-10
-6.3388656e-09
-7.9223219e-09
9.740651e-10
1.6262883e-16
-4.0080345e-15
7.8477733e-16
-1.5350484e-14
2.1426437e-15
-3.3544927e-14
4.6465281e-15
-6.1953133e-14
8.9008627e-15
-1.054674e-13
1.5789865e-14
-1.7118051e-13
2.6599241e-14
-2.6933945e-13
4.3188351e-14
-4.1469824e-13
6.8232543e-14
-6.2842926e-13
1.0556236e-13
-9.4081084e-13
1.6063532e-13
-1.3949864e-12
2.411872e-13
-2.0521898e-12
3.5812368e-13
-2.9989576e-12
5.2672896e-13
-4.3570021e-12
7.6828623e-13
-6.2966022e-12
1.1122228e-12
-9.0545753e-12
1.5989106e-12
-1.2958117e-11
2.2832671e-12
-1.8456021e-11
3.2393107e-12
-2.6159021e-11
4.5658316e-12
-3.6891191e-11
6.3933431e-12
-5.1754574e-11
8.8924949e-12
-7.2209477e-11
1.2284164e-11
-1.001733e-10
1.6851503e-11
-1.3814143e-10
2.2954292e-11
-1.8933481e-10
3.104593e-11
-2.5787984e-10
4.1693188e-11
-3.490276e-10
5.5598128e-11
-4.6941934e-10
7.3620083e-11
-6.2740344e-10
9.6792811e-11
-8.3340399e-10
1.2632756e-10
-1.1003312e-09
1.6358656e-10
-1.4440083e-09
2.1000351e-10
-1.883566e-09
2.6691627e-10
-2.4417232e-09
3.3525349e-10
-3.14482e-09
4.1507148e-10
-4.0225955e-09
5.0518027e-10
-5.1078617e-09
6.0260676e-10
-6.4362919e-09
-8.0386162e-09
7.1890111e-10
1.2075708e-16
-4.1287922e-15
5.8254922e-16
-1.5812277e-14
1.5898643e-15
-3.4552242e-14
3.445907e-15
-6.3809176e-14
6.5964668e-15
-1.0861796e-13
1.1692205e-14
-1.7627625e-13
1.9676754e-14
-2.7732399e-13
3.1910669e-14
-4.2693215e-13
5.0344845e-14
-6.4686343e-13
7.7761518e-14
-9.682275e-13
1.1810672e-13
-1.4353316e-12
1.769449e-13
-2.111028e-12
2.6207451e-13
-3.0840872e-12
3.8435185e-13
-4.4792793e-12
5.5877924e-13
-6.4710294e-12
8.059207e-13
-9.3017164e-12
1.153712e-12
-1.3305907e-11
1.6397314e-12
-1.8942039e-11
2.3139875e-12
-2.6833276e-11
3.2422671e-12
-3.7819469e-11
4.5100593e-12
-5.3022365e-11
6.2270536e-12
-7.3926469e-11
8.5321854e-12
-1.0247843e-10
1.1599198e-11
-1.4120844e-10
1.5642656e-11
-1.9337826e-10
2.0924245e-11
-2.6316142e-10
2.7758799e-11
-3.5586215e-10
3.6518655e-11
-4.7817919e-10
4.7633231e-11
-6.3851801e-10
6.1577918e-11
-8.4734867e-10
7.8842409e-11
-1.1175957e-09
9.9863722e-11
-1.4650296e-09
1.2490461e-10
-1.9086069e-09
1.5385e-10
-2.4706685e-09
1.8585135e-10
-3.1768212e-09
2.1884778e-10
-4.0555917e-09
2.4932964e-10
-5.1383433e-09
2.7211699e-10
-6.4590792e-09
-8.0497001e-09
2.8320052e-10
6.9952588e-17
-4.1987463e-15
3.3707225e-16
-1.6079397e-14
9.190348e-16
-3.5134205e-14
1.9899315e-15
-6.4880073e-14
3.8049228e-15
-1.1043295e-13
6.7350841e-15
-1.7920641e-13
1.1316308e-14
-2.8190522e-13
1.8317479e-14
-4.3393332e-13
2.8834792e-14
-6.5738073e-13
4.4421073e-14
-9.8381377e-13
6.7261197e-14
-1.4581717e-12
1.0040705e-13
-2.1441738e-12
1.4808731e-13
-3.1317673e-12
2.1610836e-13
-4.5473002e-12
3.1236079e-13
-6.5672816e-12
4.4744088e-13
-9.4367961e-12
6.3538426e-13
-1.349385e-11
8.944891e-13
-1.9201144e-11
1.2481755e-12
-2.7186962e-11
1.7257879e-12
-3.829708e-11
2.3631983e-12
-5.3659773e-11
3.2030203e-12
-7.4766288e-11
4.2941872e-12
-1.0356959e-10
5.6905837e-12
-1.4260483e-10
7.4482961e-12
-1.9513597e-10
9.6207996e-12
-2.6533392e-10
1.2250877e-11
-3.5849223e-10
1.5357064e-11
-4.8128538e-10
1.8910675e-11
-6.4207162e-10
2.279675e-11
-8.5123474e-10
2.6748825e-11
-1.1215477e-09
3.0244387e-11
-1.4685251e-09
3.2348401e-11
-1.9107108e-09
3.1489262e-11
-2.4698092e-09
2.5055067e-11
-3.1703868e-09
8.8397791e-12
-4.0393762e-09
-2.3125301e-11
-5.1063781e-09
-7.8917255e-11
-6.4032868e-09
-7.960689e-09
-1.679283e-10
1.5301076e-17
-4.2140496e-15
7.3279741e-17
-1.6137378e-14
1.9842105e-16
-3.5259347e-14
4.2590924e-16
-6.5107562e-14
8.0558711e-16
-1.1081263e-13
1.4070125e-15
-1.7980784e-13
2.3257117e-15
-2.8282391e-13
3.6904942e-15
-4.352981e-13
5.6712387e-15
-6.5936147e-13
8.4856729e-15
-9.8662818e-13
1.2402071e-14
-1.462088e-12
1.7732003e-14
-2.1495036e-12
2.4802587e-14
-3.1388378e-12
3.3890156e-14
-4.5563876e-12
4.5085404e-14
-6.5784766e-12
5.8042201e-14
-9.4497527e-12
7.15363e-14
-1.3507344e-11
8.2723801e-14
-1.9212331e-11
8.5940573e-14
-2.7190178e-11
7.08214e-14
-3.8281961e-11
1.944104e-14
-5.3608392e-11
-9.7910659e-14
-7.4648935e-11
-3.2881132e-13
-1.0333869e-10
-7.4726507e-13
-1.4218638e-10
-1.4655425e-12
-1.944177e-10
-2.6504339e-12
-2.6414903e-10
-4.5456626e-12
-3.56597e-10
-7.5033006e-12
-4.7832774e-10
-1.2028812e-11
-6.3754611e-10
-1.8846934e-11
-8.4441661e-10
-2.8998593e-11
-1.111396e-09
-4.3980229e-11
-1.4535434e-09
-6.5928006e-11
-1.888763e-09
-9.7837245e-11
-2.4378998e-09
-1.4400512e-10
-3.1242187e-09
-2.1072088e-10
-3.9726603e-09
-3.0628143e-10
-5.0108174e-09
-4.4113907e-10
-6.2684294e-09
-7.7736882e-09
-6.2813971e-10
-4.4753765e-17
-4.1692989e-15
-2.1671968e-16
-1.5965414e-14
-5.9382699e-16
-3.4882241e-14
-1.2932723e-15
-6.4408119e-14
-2.4901643e-15
-1.0961574e-13
-4.4448185e-15
-1.7785319e-13
-7.5426906e-15
-2.7972604e-13
-1.235276e-14
-4.3048803e-13
-1.9712824e-14
-6.520014e-13
-3.0854023e-14
-9.7548697e-13
-4.7582454e-14
-1.4453596e-12
-7.2543757e-14
-2.1245423e-12
-1.0960795e-13
-3.1017735e-12
-1.6442794e-13
-4.5015675e-12
-2.452477e-13
-6.4976567e-12
-3.640671e-13
-9.330933e-12
-5.3831188e-13
-1.3333099e-11
-7.93212e-13
-1.895743e-11
-1.1651602e-12
-2.6818229e-11
-1.7064068e-12
-3.7740714e-11
-2.491545e-12
-5.2823253e-11
-3.6263558e-12
-7.3514124e-11
-5.2597162e-12
-1.0170533e-10
-7.5994554e-12
-1.3984664e-10
-1.0933301e-11
-1.9108385e-10
-1.5656476e-11
-2.5942586e-10
-2.2308192e-11
-3.4994529e-10
-3.1620384e-11
-4.6901556e-10
-4.4583744e-11
-6.2458275e-10
-6.2538562e-11
-8.2646178e-10
-8.7300773e-11
-1.0866338e-09
-1.2133424e-10
-1.4195099e-09
-1.6796152e-10
-1.8421356e-09
-2.3153852e-10
-2.3743225e-09
-3.1791392e-10
-3.0378431e-09
-4.3533691e-10
-3.8552371e-09
-5.9411475e-10
-4.8520392e-09
-8.0666771e-10
-6.0558766e-09
-7.492011e-09
-1.0883448e-09
-1.0710993e-16
-4.0621929e-15
-5.1775201e-16
-1.5554775e-14
-1.4161409e-15
-3.3983854e-14
-3.0777095e-15
-6.2746552e-14
-5.911234e-15
-1.0678222e-13
-1.0519807e-14
-1.7324462e-13
-1.7788883e-14
-2.7245697e-13
-2.9013148e-14
-4.1926376e-13
-4.6078919e-14
-6.3493562e-13
-7.1725736e-14
-9.4984013e-13
-1.0992051e-13
-1.4071648e-12
-1.6639099e-13
-2.0680717e-12
-2.4938379e-13
-3.0187806e-12
-3.7073686e-13
-4.3802143e-12
-5.4738992e-13
-6.3210034e-12
-8.0349943e-13
-9.0748233e-12
-1.1733813e-12
-1.2963217e-11
-1.7055742e-12
-1.8425237e-11
-2.4684044e-12
-2.6055399e-11
-3.5575339e-12
-3.6651584e-11
-5.1060993e-12
-5.1274688e-11
-7.2981895e-12
-7.1322034e-11
-1.0386583e-11
-9.8616935e-11
-1.4715883e-11
-1.3551734e-10
-2.0752498e-11
-1.8504724e-10
-2.9123364e-11
-2.51055e-10
-4.0666018e-11
-3.3840264e-10
-5.6493683e-11
-4.531879e-10
-7.8080542e-11
-6.029959e-10
-1.0737454e-10
-7.9716779e-10
-1.4694826e-10
-1.0470601e-09
-2.0020234e-10
-1.3662558e-09
-2.7162272e-10
-1.770715e-09
-3.6683759e-10
-2.2791074e-09
-4.9320173e-10
-2.9114787e-09
-6.6053745e-10
-3.6879012e-09
-8.8060443e-10
-4.631972e-09
-1.1681819e-09
-5.7682991e-09
-7.1202003e-09
-1.5399928e-09
-1.7126192e-16
-3.8909357e-15
-8.2747029e-16
-1.489857e-14
-2.2621559e-15
-3.2549171e-14
-4.9134133e-15
-6.0095298e-14
-9.4301179e-15
-1.0226552e-13
-1.6767397e-14
-1.6590734e-13
-2.8323913e-14
-2.6090046e-13
-4.6138735e-14
-4.0144894e-13
-7.3172872e-14
-6.0790148e-13
-1.1371058e-13
-9.0930241e-13
-1.7392948e-13
-1.3469458e-12
-2.6270719e-13
-1.979294e-12
-3.9275777e-13
-2.88873e-12
-5.8222448e-13
-4.1907474e-12
-8.5689953e-13
-6.0463282e-12
-1.2532974e-12
-8.6784252e-12
-1.8228788e-12
-1.2393635e-11
-2.6378087e-12
-1.7610307e-11
-3.7987353e-12
-2.4894473e-11
-5.4451981e-12
-3.5005122e-11
-7.7694117e-12
-4.8950475e-11
-1.1034339e-11
-6.8057108e-11
-1.5597162e-11
-9.4054115e-11
-2.1939508e-11
-1.29175e-10
-3.0706149e-11
-1.7628061e-10
-4.2754365e-11
-2.390068e-10
-5.9216838e-11
-3.2194018e-10
-8.1581879e-11
-4.3082287e-10
-1.1179588e-10
-5.727819e-10
-1.5239431e-10
-7.5656935e-10
-2.0667014e-10
-9.9278423e-10
-2.7889746e-10
-1.2940284e-09
-3.7467406e-10
-1.6749383e-09
-5.0085479e-10
-2.1529265e-09
-6.6603898e-10
-2.7462943e-09
-8.8151023e-10
-3.4724298e-09
-1.1604331e-09
-4.3530489e-09
-1.5189671e-09
-5.4097651e-09
-6.6638896e-09
-1.975278e-09
-2.3515598e-16
-3.6557851e-15
-1.1359177e-15
-1.3997812e-14
-3.1046623e-15
-3.0580429e-14
-6.7414557e-15
-5.6458508e-14
-1.2934248e-14
-9.6072731e-14
-2.298869e-14
-1.558529e-13
-3.881443e-14
-2.4507472e-13
-6.3191669e-14
-3.770717e-13
-1.0015135e-13
-5.709418e-13
-1.5551549e-13
-8.5393824e-13
-2.3766222e-13
-1.2647991e-12
-3.5860406e-13
-1.858352e-12
-5.3550036e-13
-2.7118336e-12
-7.9276655e-13
-3.9334811e-12
-1.1649972e-12
-5.6740973e-12
-1.7009878e-12
-8.1424345e-12
-2.4692234e-12
-1.16254e-11
-3.5653045e-12
-1.6514226e-11
-5.1218966e-12
-2.3337881e-11
-7.3219281e-12
-3.2805091e-11
-1.0415917e-11
-4.5856488e-11
-1.4744486e-11
-6.3728541e-11
-2.0767357e-11
-8.8031249e-11
-2.9100366e-11
-1.20842e-10
-4.0562454e-11
-1.6481853e-10
-5.6235042e-11
-2.2333422e-10
-7.7536877e-11
-3.0063836e-10
-1.0631817e-10
-4.0204158e-10
-1.449786e-10
-5.3412148e-10
-1.9661395e-10
-7.04934e-10
-2.6519458e-10
-9.2420357e-10
-3.5577888e-10
-1.203444e-09
-4.7486274e-10
-1.5558543e-09
-6.3074656e-10
-1.9970424e-09
-8.3324368e-10
-2.543797e-09
-1.0941006e-09
-3.2115725e-09
-1.4281689e-09
-4.0189803e-09
-1.8527248e-09
-4.9852092e-09
-6.1295396e-09
-2.387075e-09
-2.9740222e-16
-3.3583891e-15
-1.4364071e-15
-1.2858812e-14
-3.9254069e-15
-2.8091432e-14
-8.5221955e-15
-5.1861723e-14
-1.634749e-14
-8.8247441e-14
-2.9048144e-14
-1.4315225e-13
-4.9031076e-14
-2.2509179e-13
-7.9797515e-14
-3.4630526e-13
-1.2641896e-13
-5.2432034e-13
-1.9621242e-13
-7.8414477e-13
-2.9969434e-13
-1.1613171e-12
-4.5192199e-13
-1.7061243e-12
-6.7436965e-13
-2.4893858e-12
-9.9753703e-13
-3.6103136e-12
-1.4645511e-12
-5.2070832e-12
-2.1361016e-12
-7.4708839e-12
-3.0971475e-12
-1.0664354e-11
-4.4659438e-12
-1.514543e-11
-6.406072e-12
-2.1397754e-11
-9.1423047e-12
-3.006886e-11
-1.2981305e-11
-4.2017491e-11
-1.8338355e-11
-5.8371495e-11
-2.5771542e-11
-8.0598068e-11
-3.6025133e-11
-1.1058842e-10
-5.0084248e-11
-1.5075943e-10
-6.9243449e-11
-2.0417504e-10
-9.5192468e-11
-2.7468936e-10
-1.3012292e-10
-3.6711114e-10
-1.7686033e-10
-4.8738407e-10
-2.3902575e-10
-6.4276857e-10
-3.2123063e-10
-8.4199866e-10
-4.293051e-10
-1.0953694e-09
-5.7045508e-10
-1.4147042e-09
-7.5383408e-10
-1.8136631e-09
-9.9068571e-10
-2.3069451e-09
-1.2937803e-09
-2.9084777e-09
-1.6787134e-09
-3.634047e-09
-2.1636768e-09
-4.5002458e-09
-5.5242643e-09
-2.7689522e-09
-3.5624096e-16
-3.002155e-15
-1.7204386e-15
-1.1494619e-14
-4.7011797e-15
-2.5110694e-14
-1.0205319e-14
-4.6357589e-14
-1.9573536e-14
-7.887923e-14
-3.4775087e-14
-1.2795071e-13
-5.8686719e-14
-2.0118017e-13
-9.5490821e-14
-3.0950116e-13
-1.5124178e-13
-4.6856938e-13
-2.3466848e-13
-7.0071806e-13
-3.5830645e-13
-1.0376791e-12
-5.4008723e-13
-1.5243435e-12
-8.0555729e-13
-2.2239157e-12
-1.1909562e-12
-3.2249145e-12
-1.747457e-12
-4.6505823e-12
-2.5469596e-12
-6.6713813e-12
-3.6899387e-12
-9.5213752e-12
-5.3159686e-12
-1.3519401e-11
-7.6176951e-12
-1.9096029e-11
-1.085918e-11
-2.6827378e-11
-1.5399727e-11
-3.7476948e-11
-2.1724492e-11
-5.2046735e-11
-3.0483448e-11
-7.1839121e-11
-4.2540543e-11
-9.8531335e-11
-5.9035326e-11
-1.3426467e-10
-8.1459759e-11
-1.8175063e-10
-1.1175349e-10
-2.4439565e-10
-1.5242126e-10
-3.2644339e-10
-2.0667618e-10
-4.3312916e-10
-2.7861184e-10
-5.708329e-10
-3.7340338e-10
-7.4720708e-10
-4.9752812e-10
-9.7124463e-10
-6.589667e-10
-1.2532654e-09
-8.6765777e-10
-1.6049718e-09
-1.1357212e-09
-2.0388813e-09
-1.476957e-09
-2.5672417e-09
-1.9076707e-09
-3.203333e-09
-2.4467405e-09
-3.9611759e-09
-4.8557608e-09
-3.1152441e-09
-4.1014943e-16
-2.5920131e-15
-1.9806634e-15
-9.9241108e-15
-5.4119176e-15
-2.1679444e-14
-1.17473e-14
-4.0022212e-14
-2.2528942e-14
-6.8097594e-14
-4.0021339e-14
-1.1045832e-13
-6.7531417e-14
-1.736701e-13
-1.0986513e-13
-2.6716746e-13
-1.7397647e-13
-4.0445804e-13
-2.6988626e-13
-6.0480825e-13
-4.1197709e-13
-8.9558825e-13
-6.2080909e-13
-1.3155114e-12
-9.2565145e-13
-1.9190732e-12
-1.367989e-12
-2.7825769e-12
-2.0063435e-12
-4.0122278e-12
-2.9228485e-12
-5.7548764e-12
-4.2321332e-12
-8.2120908e-12
-6.0932073e-12
-1.1658328e-11
-8.7251894e-12
-1.6464049e-11
-1.2427892e-11
-2.3124678e-11
-1.760846e-11
-3.2296384e-11
-2.4815469e-11
-4.4839734e-11
-3.4782133e-11
-6.1872466e-11
-4.8480606e-11
-8.4832878e-11
-6.7189699e-11
-1.155556e-10
-9.2578843e-11
-1.5636152e-10
-1.2681151e-10
-2.1016301e-10
-1.7267157e-10
-2.8058336e-10
-2.3371562e-10
-3.7208511e-10
-3.1445305e-10
-4.9009546e-10
-4.2055192e-10
-6.4110815e-10
-5.5906212e-10
-8.3273434e-10
-7.3864503e-10
-1.0736823e-09
-9.6991054e-10
-1.373706e-09
-1.2656067e-09
-1.7431848e-09
-1.6403811e-09
-2.1924672e-09
-2.1112077e-09
-2.7325062e-09
-2.6975157e-09
-3.3748679e-09
-4.1322301e-09
-3.4210464e-09
-4.5758741e-16
-2.1344336e-15
-2.2096467e-15
-8.1720573e-15
-6.0373045e-15
-1.785179e-14
-1.3104072e-14
-3.295545e-14
-2.5129315e-14
-5.6072357e-14
-4.4637263e-14
-9.0950379e-14
-7.5313267e-14
-1.429941e-13
-1.225118e-13
-2.1996892e-13
-1.9397815e-13
-3.329917e-13
-3.0086943e-13
-4.9791696e-13
-4.5919259e-13
-7.3726506e-13
-6.9181911e-13
-1.0828849e-12
-1.0312911e-12
-1.5796012e-12
-1.5237036e-12
-2.2901643e-12
-2.234036e-12
-3.3018954e-12
-3.2534106e-12
-4.7355019e-12
-4.7088837e-12
-6.7566181e-12
-6.7765175e-12
-9.5906954e-12
-9.6986404e-12
-1.3541928e-11
-1.380638e-11
-1.9016941e-11
-1.9548743e-11
-2.6554027e-11
-2.7529718e-11
-3.6858766e-11
-3.8555155e-11
-5.0847041e-11
-5.3691444e-11
-6.9696607e-11
-7.4338428e-11
-9.4908637e-11
-1.0231937e-10
-1.283806e-10
-1.3999117e-10
-1.7249125e-10
-1.9037797e-10
-2.3019658e-10
-2.5733081e-10
-3.0513227e-10
-3.4571387e-10
-4.0171237e-10
-4.6161433e-10
-5.2520762e-10
-6.1256775e-10
-6.817808e-10
-8.077901e-10
-8.7845976e-10
-1.058446e-09
-1.1230499e-09
-1.3778034e-09
-1.4238272e-09
-1.7811407e-09
-1.7891297e-09
-2.2859869e-09
-2.2276599e-09
-2.9122362e-09
-2.7486185e-09
-3.3622775e-09
-3.6821888e-09
-4.9729062e-16
-1.6371514e-15
-2.4012918e-15
-6.2680625e-15
-6.5606947e-15
-1.3692392e-14
-1.4239518e-14
-2.5276633e-14
-2.7305404e-14
-4.3006478e-14
-4.849985e-14
-6.9755942e-14
-8.1824733e-14
-1.0966923e-13
-1.3309327e-13
-1.687004e-13
-2.1071241e-13
-2.5537256e-13
-3.2678931e-13
-3.8184005e-13
-4.9868875e-13
-5.653656e-13
-7.5121379e-13
-8.3035977e-13
-1.119641e-12
-1.2111739e-12
-1.6539161e-12
-1.7558892e-12
-2.4244099e-12
-2.5314016e-12
-3.5297466e-12
-3.6301654e-12
-5.1073492e-12
-5.1790161e-12
-7.3474977e-12
-7.3505482e-12
-1.0511861e-11
-1.0377566e-11
-1.4957645e-11
-1.4571161e-11
-2.1168684e-11
-2.0342993e-11
-2.9795032e-11
-2.8232426e-11
-4.1702842e-11
-3.8939244e-11
-5.8036631e-11
-5.3362838e-11
-8.02964e-11
-7.2648899e-11
-1.1043245e-10
-9.8244599e-11
-1.5096097e-10
-1.3196277e-10
-2.0510346e-10
-1.7605412e-10
-2.7695192e-10
-2.3328382e-10
-3.7165977e-10
-3.0700449e-10
-4.9565447e-10
-4.0121284e-10
-6.5686266e-10
-5.2057246e-10
-8.64936e-10
-6.703862e-10
-1.131476e-09
-8.5650959e-10
-1.4701673e-09
-1.0851357e-09
-1.8967572e-09
-1.3625396e-09
-2.4291995e-09
-1.6952175e-09
-3.0877663e-09
-2.0900517e-09
-2.5548263e-09
-3.8952174e-09
-5.2725216e-16
-1.1099081e-15
-2.545937e-15
-4.2493846e-15
-6.9558813e-15
-9.2824519e-15
-1.5097432e-14
-1.7135088e-14
-2.8951339e-14
-2.9152579e-14
-5.1425797e-14
-4.7281493e-14
-8.6767171e-14
-7.4327863e-14
-1.4114538e-13
-1.143222e-13
-2.2348413e-13
-1.7303382e-13
-3.4663141e-13
-2.5869277e-13
-5.2900766e-13
-3.8298933e-13
-7.9691679e-13
-5.6245061e-13
-1.187759e-12
-8.2033171e-13
-1.7544691e-12
-1.189179e-12
-2.5716009e-12
-1.7142698e-12
-3.7435954e-12
-2.4581711e-12
-5.4159086e-12
-3.5067036e-12
-7.7898306e-12
-4.9766277e-12
-1.1141998e-11
-7.0254018e-12
-1.5849782e-11
-9.8633808e-12
-2.2423935e-11
-1.3768845e-11
-3.1550084e-11
-1.9106286e-11
-4.4140906e-11
-2.6348436e-11
-6.1401132e-11
-3.6102635e-11
-8.4907857e-11
-4.9142208e-11
-1.16709e-10
-6.6443501e-11
-1.5944296e-10
-8.9228871e-11
-2.1648221e-10
-1.1901492e-10
-2.9210263e-10
-1.576634e-10
-3.9167766e-10
-2.0742941e-10
-5.2189242e-10
-2.7099796e-10
-6.9096742e-10
-3.5149725e-10
-9.0887682e-10
-4.5247654e-10
-1.1875458e-09
-5.7784038e-10
-1.5409701e-09
-7.3171128e-10
-1.9852312e-09
-9.1827847e-10
-2.5385887e-09
-1.1418599e-09
-3.2216014e-09
-1.4070389e-09
-1.7190448e-09
-4.0573827e-09
-5.4808961e-16
-5.6182754e-16
-2.6466278e-15
-2.1508536e-15
-7.2317508e-15
-4.6973333e-15
-1.5698479e-14
-8.6683666e-15
-3.0108834e-14
-1.4742232e-14
-5.3490662e-14
-2.3899675e-14
-9.0264484e-14
-3.7554052e-14
-1.4685016e-13
-5.7736526e-14
-2.3252334e-13
-8.7360653e-14
-3.6062662e-13
-1.3058949e-13
-5.5028972e-13
-1.9332622e-13
-8.2883444e-13
-2.8390587e-13
-1.235104e-12
-4.1406215e-13
-1.8240658e-12
-6.0021721e-13
-2.6731197e-12
-8.6521604e-13
-3.8906664e-12
-1.2406248e-12
-5.6276342e-12
-1.7697368e-12
-8.0928167e-12
-2.5114468e-12
-1.1573054e-11
-3.5451675e-12
-1.6459465e-11
-4.9769735e-12
-2.3281149e-11
-6.947168e-12
-3.274796e-11
-9.6394847e-12
-4.5804242e-11
-1.3292169e-11
-6.3695668e-11
-1.8211235e-11
-8.805169e-11
-2.4786225e-11
-1.2098644e-10
-3.3508805e-11
-1.6522106e-10
-4.4994314e-11
-2.2423013e-10
-6.0005908e-11
-3.0241358e-10
-7.9479965e-11
-4.0529292e-10
-1.0455001e-10
-5.3972608e-10
-1.3656464e-10
-7.1412949e-10
-1.7709358e-10
-9.386903e-10
-2.2791542e-10
-1.2255477e-09
-2.9098273e-10
-1.5889039e-09
-3.6835495e-10
-2.0450548e-09
-4.6212767e-10
-2.6124585e-09
-5.7445632e-10
-3.3118656e-09
-7.0763166e-10
-8.6427995e-10
-4.1666301e-09
-5.6183361e-16
-2.7126956e-15
-7.4100366e-15
-1.6078414e-14
-3.082066e-14
-5.472035e-14
-9.2274411e-14
-1.5001092e-13
-2.373715e-13
-3.6796081e-13
-5.612867e-13
-8.4519199e-13
-1.2592532e-12
-1.8594688e-12
-2.7246825e-12
-3.9653037e-12
-5.7350351e-12
-8.246474e-12
-1.179163e-11
-1.6768586e-11
-2.3715729e-11
-3.335518e-11
-4.6647305e-11
-6.4858483e-11
-8.9644632e-11
-1.2315333e-10
-1.6814749e-10
-2.2815316e-10
-3.0763274e-10
-4.1218221e-10
-5.4874616e-10
-7.2583895e-10
-9.5375366e-10
-1.244736e-09
-1.613091e-09
-2.0752192e-09
-2.6496765e-09
-3.3573099e-09
-4.2215928e-09
1.2095414e-09
-1.7324744e-10
1.3946556e-09
-1.8511135e-10
1.5878689e-09
-1.9321016e-10
1.7902804e-09
-2.0240776e-10
2.0013881e-09
-2.1110342e-10
2.2207697e-09
-2.1937652e-10
2.4477748e-09
-2.2699927e-10
2.6813452e-09
-2.3356377e-10
2.920051e-09
-2.386985e-10
3.1619504e-09
-2.418919e-10
3.4045065e-09
-2.4254881e-10
3.6444622e-09
-2.3994964e-10
3.8778462e-09
-2.3337964e-10
4.099066e-09
-2.2121803e-10
-2.0496562e-10
4.3040308e-09
1.2493152e-09
-3.51415e-10
1.439935e-09
-3.7573092e-10
1.6390984e-09
-3.9237329e-10
1.8479321e-09
-4.1124104e-10
2.0658756e-09
-4.2904645e-10
2.2924958e-09
-4.459962e-10
2.5270926e-09
-4.6159544e-10
2.7685656e-09
-4.7503595e-10
3.0154194e-09
-4.8555155e-10
3.2656318e-09
-4.9210359e-10
3.5165671e-09
-4.9348348e-10
3.7648325e-09
-4.8821472e-10
4.0063196e-09
-4.7486681e-10
4.2352021e-09
-4.5010101e-10
-4.1700441e-10
4.44724e-09
1.2944049e-09
-5.3518284e-10
1.4912598e-09
-5.7258567e-10
1.6972036e-09
-5.9831669e-10
1.9133378e-09
-6.2737484e-10
2.1390533e-09
-6.5476142e-10
2.3738887e-09
-6.8083099e-10
2.6170845e-09
-7.0479064e-10
2.8674831e-09
-7.2543367e-10
3.1235057e-09
-7.4157342e-10
3.383029e-09
-7.5162617e-10
3.6432947e-09
-7.5374875e-10
3.9007502e-09
-7.4566997e-10
4.1511158e-09
-7.2523257e-10
4.3883224e-09
-6.8730818e-10
-6.3657201e-10
4.6078889e-09
1.3453478e-09
-7.2533469e-10
1.5492797e-09
-7.7651737e-10
1.7629531e-09
-8.1198974e-10
1.9873867e-09
-8.5180804e-10
2.2219347e-09
-8.8930887e-10
2.4660869e-09
-9.2498259e-10
2.719015e-09
-9.5771812e-10
2.9794862e-09
-9.8590404e-10
3.2458188e-09
-1.0079054e-09
3.5157656e-09
-1.0215724e-09
3.7864193e-09
-1.024402e-09
4.0540416e-09
-1.0132923e-09
4.3141426e-09
-9.8533389e-10
4.5604028e-09
-9.3356909e-10
-8.6416943e-10
4.787999e-09
1.4025641e-09
-9.2274465e-10
1.6145301e-09
-9.8848309e-10
1.8369987e-09
-1.0344579e-09
2.0708514e-09
-1.0856605e-09
2.3154147e-09
-1.1338715e-09
2.5701106e-09
-1.179678e-09
2.8340309e-09
-1.2216378e-09
3.1058479e-09
-1.2577204e-09
3.383756e-09
-1.285813e-09
3.6653592e-09
-1.3031751e-09
3.9475725e-09
-1.3066151e-09
4.2264454e-09
-1.2921651e-09
4.4972368e-09
-1.2561258e-09
4.7533648e-09
-1.1896978e-09
-1.100371e-09
4.9895649e-09
1.4663014e-09
-1.1283646e-09
1.6873648e-09
-1.2095463e-09
1.9198078e-09
-1.2669006e-09
2.1643144e-09
-1.3301667e-09
2.4201924e-09
-1.3897489e-09
2.6867811e-09
-1.4462662e-09
2.9630783e-09
-1.4979344e-09
3.2476411e-09
-1.5422826e-09
3.5385167e-09
-1.5766882e-09
3.8331348e-09
-1.597793e-09
4.1282033e-09
-1.6016835e-09
4.4195302e-09
-1.5834923e-09
4.7020839e-09
-1.5386801e-09
4.9690031e-09
-1.4566179e-09
-1.3458549e-09
5.2144857e-09
1.536566e-09
-1.3432027e-09
1.7678801e-09
-1.4408603e-09
2.0115871e-09
-1.5106071e-09
2.2680839e-09
-1.5866633e-09
2.5366831e-09
-1.6583475e-09
2.8166287e-09
-1.7262114e-09
3.1068078e-09
-1.788113e-09
3.4056407e-09
-1.841115e-09
3.7110039e-09
-1.8820511e-09
4.0201264e-09
-1.9069153e-09
4.3294792e-09
-1.9110365e-09
4.6346e-09
-1.8886134e-09
4.9301274e-09
-1.8342084e-09
5.2089013e-09
-1.7353926e-09
-1.6014429e-09
5.4644878e-09
1.6130467e-09
-1.5682887e-09
1.8558331e-09
-1.6836465e-09
2.1121979e-09
-1.7669716e-09
2.382102e-09
-1.8565672e-09
2.6649206e-09
-1.9411656e-09
2.9597916e-09
-2.021082e-09
3.2654705e-09
-2.0937915e-09
3.5802181e-09
-2.1558622e-09
3.9017168e-09
-2.2035495e-09
4.2269689e-09
-2.2321674e-09
4.5521803e-09
-2.2362482e-09
4.8725896e-09
-2.2090233e-09
5.1824692e-09
-2.1440889e-09
5.4743378e-09
-2.0272619e-09
-1.8681473e-09
5.7410407e-09
1.6950372e-09
-1.8046249e-09
1.950567e-09
-1.9391761e-09
2.2210679e-09
-2.037472e-09
2.5058455e-09
-2.1413445e-09
2.804455e-09
-2.2397746e-09
3.1159106e-09
-2.3325372e-09
3.4388099e-09
-2.4166904e-09
3.7712314e-09
-2.4882835e-09
4.1106403e-09
-2.5429584e-09
4.4537884e-09
-2.5753156e-09
4.7965902e-09
-2.5790504e-09
5.1339588e-09
-2.5463924e-09
5.4597669e-09
-2.469898e-09
5.7661891e-09
-2.3336848e-09
-2.1472261e-09
6.0452666e-09
1.7820457e-09
-2.0536633e-09
2.0514809e-09
-2.2086112e-09
2.3371276e-09
-2.3231184e-09
2.6382256e-09
-2.4424422e-09
2.9542523e-09
-2.5558008e-09
3.2840267e-09
-2.6623113e-09
3.6259583e-09
-2.7586217e-09
3.9779203e-09
-2.8402453e-09
4.3371397e-09
-2.9021779e-09
4.7000965e-09
-2.9382727e-09
5.0623916e-09
-2.941346e-09
5.4185893e-09
-2.9025906e-09
5.7621341e-09
-2.8134438e-09
6.0848348e-09
-2.6563859e-09
-2.4402438e-09
6.3778514e-09
1.8725765e-09
-2.3170547e-09
2.1570639e-09
-2.4930985e-09
2.4585163e-09
-2.6245703e-09
2.7774821e-09
-2.7614078e-09
3.1126039e-09
-2.8909222e-09
3.4624913e-09
-3.0121984e-09
3.8253463e-09
-3.1214764e-09
4.1988153e-09
-3.2137143e-09
4.5798694e-09
-3.283232e-09
4.9646996e-09
-3.3231033e-09
5.3485759e-09
-3.3252228e-09
5.7256961e-09
-3.2797114e-09
6.0890531e-09
-3.1768017e-09
6.4300709e-09
-2.9974038e-09
-2.7491353e-09
6.7389616e-09
1.9627328e-09
-2.5952447e-09
2.2637074e-09
-2.7940729e-09
2.5828628e-09
-2.9437253e-09
2.9211532e-09
-3.099698e-09
3.2770581e-09
-3.2468268e-09
3.648898e-09
-3.3840382e-09
4.0346353e-09
-3.5072136e-09
4.4316714e-09
-3.6107504e-09
4.836707e-09
-3.6882678e-09
5.2456332e-09
-3.7320299e-09
5.6533779e-09
-3.7329681e-09
6.0537614e-09
-3.6800954e-09
6.439308e-09
-3.5623491e-09
6.8010432e-09
-3.3591388e-09
-3.0762687e-09
7.1281761e-09
2.0495197e-09
-2.8883864e-09
2.3677878e-09
-3.1123408e-09
2.7066813e-09
-3.2826187e-09
3.0659663e-09
-3.4589827e-09
3.444379e-09
-3.6252392e-09
3.8400477e-09
-3.7797068e-09
4.2506863e-09
-3.917852e-09
4.673438e-09
-4.0335023e-09
5.1047248e-09
-4.119555e-09
5.5401335e-09
-4.167439e-09
5.9742463e-09
-4.1670815e-09
6.4005026e-09
-4.1063521e-09
6.8109491e-09
-3.9727962e-09
7.1962058e-09
-3.7443948e-09
-3.4245024e-09
7.5444394e-09
2.1302418e-09
-3.1972985e-09
2.4665007e-09
-3.4485995e-09
2.82612e-09
-3.6422378e-09
3.2079198e-09
-3.8407824e-09
3.6105612e-09
-4.0278804e-09
4.0319607e-09
-4.2011063e-09
4.4695733e-09
-4.3554647e-09
4.9202754e-09
-4.4842046e-09
5.3802077e-09
-4.5794876e-09
5.8446551e-09
-4.631887e-09
6.3078595e-09
-4.6302867e-09
6.7628847e-09
-4.5613777e-09
7.2012987e-09
-4.4112107e-09
7.6133179e-09
-4.156413e-09
-3.7972304e-09
7.9860462e-09
2.2004507e-09
-3.5225005e-09
2.5552853e-09
-3.803434e-09
2.9366049e-09
-4.0235572e-09
3.3423257e-09
-4.246503e-09
3.7708882e-09
-4.4564428e-09
4.2199392e-09
-4.6501573e-09
4.6866517e-09
-4.8221773e-09
5.1676264e-09
-4.9651797e-09
5.6587258e-09
-5.0705875e-09
6.1549439e-09
-5.1281057e-09
6.6501955e-09
-5.125539e-09
7.1371831e-09
-5.0483656e-09
7.6070039e-09
-4.881032e-09
8.049483e-09
-4.5988907e-09
-4.1984099e-09
8.450663e-09
2.2551384e-09
-3.8642986e-09
2.6289709e-09
-4.1772663e-09
3.0329056e-09
-4.4274919e-09
3.4638846e-09
-4.6774819e-09
3.9200394e-09
-4.9125977e-09
4.3986857e-09
-5.1288037e-09
4.8966822e-09
-5.320174e-09
5.4103447e-09
-5.4788427e-09
5.9352656e-09
-5.595509e-09
6.4661667e-09
-5.6590076e-09
6.9966572e-09
-5.6560303e-09
7.5191014e-09
-5.5708099e-09
8.0241421e-09
-5.3860732e-09
8.5012363e-09
-5.0759831e-09
-4.6325658e-09
8.935393e-09
2.2887916e-09
-4.2228394e-09
2.6818968e-09
-4.5703714e-09
3.1092923e-09
-4.8548874e-09
3.5668326e-09
-5.135022e-09
4.0522521e-09
-5.3980172e-09
4.5624758e-09
-5.6390275e-09
5.0940106e-09
-5.8517091e-09
5.6428784e-09
-6.027711e-09
6.2044151e-09
-6.1570462e-09
6.7730956e-09
-6.2276889e-09
7.3422523e-09
-6.225188e-09
7.9039412e-09
-6.1324989e-09
8.4483764e-09
-5.9305089e-09
8.9646806e-09
-5.5922854e-09
-5.1047681e-09
9.4368838e-09
2.2955249e-09
-4.5981756e-09
2.7080986e-09
-4.982945e-09
3.1597392e-09
-5.306528e-09
3.6451454e-09
-5.6204281e-09
4.1615343e-09
-5.9144061e-09
4.705379e-09
-6.1828721e-09
5.2727945e-09
-6.4191247e-09
5.8595003e-09
-6.6144172e-09
6.4605944e-09
-6.7581409e-09
7.0703367e-09
-6.837432e-09
7.6818168e-09
-6.836669e-09
8.2868163e-09
-6.7374985e-09
8.8751547e-09
-6.5188477e-09
9.435664e-09
-6.1527925e-09
-5.6205797e-09
9.9514767e-09
2.2692692e-09
-4.9903491e-09
2.701542e-09
-5.4152177e-09
3.1781725e-09
-5.7831585e-09
3.692786e-09
-6.1350414e-09
4.2419158e-09
-6.4635357e-09
4.821514e-09
-6.7624701e-09
5.4272613e-09
-7.024872e-09
6.0545677e-09
-7.241724e-09
6.6983168e-09
-7.4018904e-09
7.3525892e-09
-7.4917051e-09
8.0102677e-09
-7.4943484e-09
8.6628961e-09
-7.3901268e-09
9.2999387e-09
-7.1558908e-09
9.9099893e-09
-6.7628409e-09
-6.1859767e-09
1.0475387e-08
2.2039575e-09
-5.3994478e-09
2.6563716e-09
-5.8676317e-09
3.1587417e-09
-6.2855284e-09
3.7039721e-09
-6.6802716e-09
4.2877163e-09
-7.0472798e-09
4.9053184e-09
-7.3800719e-09
5.5519786e-09
-7.671532e-09
6.2227928e-09
-7.9125385e-09
6.9124575e-09
-8.0915553e-09
7.6149114e-09
-8.1941595e-09
8.3228653e-09
-8.2023031e-09
9.0276578e-09
-8.094919e-09
9.7184451e-09
-7.8466785e-09
1.0383639e-08
-7.4280323e-09
-6.8072419e-09
1.1004905e-08
2.0935787e-09
-5.8254888e-09
2.5670444e-09
-6.3410973e-09
3.0960342e-09
-6.8145179e-09
3.6734156e-09
-7.2576529e-09
4.2937975e-09
-7.6676617e-09
4.9518061e-09
-8.0380804e-09
5.642114e-09
-8.3618399e-09
6.3595027e-09
-8.6299273e-09
7.0985124e-09
-8.8305652e-09
7.8529761e-09
-8.9486234e-09
8.6154617e-09
-8.9647893e-09
9.3771293e-09
-8.8565859e-09
1.0126879e-08
-8.596428e-09
1.0852995e-08
-8.1541465e-09
-7.4908368e-09
1.1536591e-08
1.9324518e-09
-6.2680902e-09
2.4284499e-09
-6.8370955e-09
2.9852905e-09
-7.3713586e-09
3.5965682e-09
-7.8689308e-09
4.2558133e-09
-8.326907e-09
4.9568161e-09
-8.7390833e-09
5.6936783e-09
-9.0987023e-09
6.4608761e-09
-9.3971255e-09
7.2528297e-09
-9.6225189e-09
8.0632961e-09
-9.7590898e-09
8.8847201e-09
-9.7862137e-09
9.7080997e-09
-9.6799643e-09
1.0522138e-08
-9.4104661e-09
1.1315039e-08
-8.9470451e-09
-8.2432661e-09
1.206747e-08
1.7176574e-09
-6.7271761e-09
2.2374549e-09
-7.3568934e-09
2.8234421e-09
-7.9573461e-09
3.4702984e-09
-8.5157874e-09
4.1706501e-09
-9.027259e-09
4.9173148e-09
-9.4857482e-09
5.7037541e-09
-9.8851419e-09
6.5241358e-09
-1.0217507e-08
7.3727828e-09
-1.0471166e-08
8.243386e-09
-1.0629693e-08
9.1282702e-09
-1.0671098e-08
1.0018271e-08
-1.0569963e-08
1.0901974e-08
-1.0294168e-08
1.176749e-08
-9.8125596e-09
-9.0709649e-09
1.2595192e-08
1.4541199e-09
-7.2072308e-09
1.9967588e-09
-7.8995323e-09
2.6112096e-09
-8.571797e-09
3.2939404e-09
-9.1985182e-09
4.0368903e-09
-9.7702088e-09
4.8315808e-09
-1.0280439e-08
5.6705663e-09
-1.0724127e-08
6.5475768e-09
-1.1094518e-08
7.4567868e-09
-1.1380376e-08
8.391779e-09
-1.1564684e-08
9.3447298e-09
-1.1624048e-08
1.0306302e-08
-1.1531534e-08
1.1265019e-08
-1.1252883e-08
1.2209027e-08
-1.0756566e-08
1.3117839e-08
-9.9797738e-09
4.3758616e-09
-7.1835278e-11
4.4486195e-09
-7.2764317e-11
4.5198881e-09
-7.1276556e-11
4.5884645e-09
-6.8581713e-11
4.6537571e-09
-6.5294898e-11
4.7143523e-09
-6.0593074e-11
4.7692399e-09
-5.487963e-11
4.8167336e-09
-4.7486631e-11
4.8555008e-09
-3.8758329e-11
4.8825165e-09
-2.6989877e-11
4.8966174e-09
-1.4074865e-11
4.890704e-09
5.9632544e-12
4.8686017e-09
2.2164902e-11
4.8075696e-09
6.1027653e-11
6.0105317e-11
4.5200344e-09
-1.4463064e-10
4.5938753e-09
-1.4660635e-10
4.6662936e-09
-1.4369561e-10
4.736075e-09
-1.383638e-10
4.80258e-09
-1.3180022e-10
4.8643665e-09
-1.2237994e-10
4.9203768e-09
-1.1089014e-10
4.9688797e-09
-9.5989788e-11
5.0084865e-09
-7.8365423e-11
5.0360988e-09
-5.4602561e-11
5.0504956e-09
-2.8471528e-11
5.0444115e-09
1.2047344e-11
5.0217019e-09
4.4874045e-11
4.9590976e-09
1.236327e-10
1.2188954e-10
4.6802971e-09
-2.1703986e-10
4.7539294e-09
-2.2023986e-10
4.8263712e-09
-2.1613812e-10
4.8963651e-09
-2.0835842e-10
4.9632217e-09
-1.9865712e-10
5.0254696e-09
-1.8462835e-10
5.0819931e-09
-1.6741405e-10
5.1310141e-09
-1.4501117e-10
5.1710788e-09
-1.1843042e-10
5.1990188e-09
-8.2543071e-11
5.2135517e-09
-4.3004061e-11
5.2072595e-09
1.8339306e-11
5.1840014e-09
6.8131983e-11
5.1200331e-09
1.8760434e-10
1.851991e-10
4.8584875e-09
-2.8752936e-10
4.9304362e-09
-2.9218979e-10
5.0016081e-09
-2.873105e-10
5.0706661e-09
-2.7741724e-10
5.136874e-09
-2.6486541e-10
5.1987287e-09
-2.4648358e-10
5.2550467e-09
-2.2373273e-10
5.3039997e-09
-1.9396463e-10
5.3440607e-09
-1.5849171e-10
5.3719922e-09
-1.1047524e-10
5.3864492e-09
-5.74604e-11
5.3798689e-09
2.4919186e-11
5.3561094e-09
9.1892696e-11
5.2909711e-09
2.5274578e-10
2.499042e-10
5.0564374e-09
-3.5440271e-10
5.1250698e-09
-3.608234e-10
5.1935212e-09
-3.5576222e-10
5.2603487e-09
-3.4424557e-10
5.3247718e-09
-3.2928891e-10
5.3852548e-09
-3.0696724e-10
5.4405379e-09
-2.7901679e-10
5.4887392e-09
-2.4216653e-10
5.5282507e-09
-1.9800348e-10
5.5557667e-09
-1.3799207e-10
5.5698764e-09
-7.1569162e-11
5.562881e-09
3.1914155e-11
5.5386544e-09
1.1612097e-10
5.4725233e-09
3.1887323e-10
3.1591509e-10
5.2759217e-09
-4.158395e-10
5.3394809e-09
-4.2438376e-10
5.4036269e-09
-4.1990833e-10
5.4667989e-09
-4.0741843e-10
5.5281752e-09
-3.9066559e-10
5.5861901e-09
-3.6498288e-10
5.6395004e-09
-3.3232845e-10
5.6861688e-09
-2.8883557e-10
5.7244989e-09
-2.3633387e-10
5.7511185e-09
-1.6461264e-10
5.7645455e-09
-8.4995e-11
5.7569581e-09
3.9501233e-11
5.732256e-09
1.408229e-10
5.6653005e-09
3.8582448e-10
3.8312062e-10
5.5185963e-09
-4.6994847e-10
5.5752476e-09
-4.8103609e-10
5.6334025e-09
-4.7806307e-10
5.691389e-09
-4.6540579e-10
5.748348e-09
-4.4762504e-10
5.8026917e-09
-4.1932751e-10
5.85299e-09
-3.8262841e-10
5.8972497e-09
-3.3309609e-10
5.9336812e-09
-2.7276555e-10
5.9588481e-09
-1.8978071e-10
5.9711904e-09
-9.7335864e-11
5.9627827e-09
4.7908609e-11
5.9375356e-09
1.6606935e-10
5.8699131e-09
4.5344732e-10
4.5135554e-10
5.7859274e-09
-5.1483535e-10
5.8338177e-09
-5.289272e-10
5.8842405e-09
-5.2848547e-10
5.9354416e-09
-5.1660776e-10
5.9865304e-09
-4.9871441e-10
6.0359116e-09
-4.6870978e-10
6.0820691e-09
-4.2878797e-10
6.1229575e-09
-3.7398542e-10
6.1566913e-09
-3.0649947e-10
6.1797749e-09
-2.1286566e-10
6.1905634e-09
-1.0812252e-10
6.1810562e-09
5.7415376e-11
6.1551191e-09
1.9200688e-10
6.0869734e-09
5.2159428e-10
5.2039754e-10
6.0791157e-09
-5.4868422e-10
6.1164452e-09
-5.6625736e-10
6.1573975e-09
-5.6943708e-10
6.2001892e-09
-5.5940031e-10
6.2439075e-09
-5.4243336e-10
6.2869721e-09
-5.1177569e-10
6.3277889e-09
-4.696073e-10
6.3642686e-09
-4.1046608e-10
6.3944314e-09
-3.3666228e-10
6.4147304e-09
-2.3316618e-10
6.4234302e-09
-1.1682012e-10
6.412491e-09
6.8354153e-11
6.3856716e-09
2.1882716e-10
6.3171042e-09
5.9016389e-10
5.9004162e-10
6.3990173e-09
-5.6984955e-10
6.4241224e-09
-5.9136276e-10
6.4539375e-09
-5.992512e-10
6.4867275e-09
-5.9219121e-10
6.5215717e-09
-5.7727846e-10
6.5569369e-09
-5.4714234e-10
6.5911671e-09
-5.0384044e-10
6.6221433e-09
-4.4144343e-10
6.6477994e-09
-3.6231815e-10
6.6645488e-09
-2.4991727e-10
6.6705632e-09
-1.2283197e-10
6.657804e-09
8.1113074e-11
6.6298708e-09
2.4676119e-10
6.5609434e-09
6.590938e-10
6.6011082e-10
6.7460679e-09
-5.7695473e-10
6.7575104e-09
-6.0280533e-10
6.7746722e-09
-6.1641173e-10
6.7959655e-09
-6.134855e-10
6.8204827e-09
-6.0179674e-10
6.8467787e-09
-5.7343995e-10
6.8731622e-09
-5.3022741e-10
6.8975069e-09
-4.6578938e-10
6.9176747e-09
-3.824854e-10
6.9300567e-09
-2.6230115e-10
6.9327336e-09
-1.2550596e-10
6.917709e-09
9.6137483e-11
6.8883916e-09
2.7607948e-10
6.8191318e-09
7.2835467e-10
7.3046196e-10
7.1202139e-09
-5.689908e-10
7.1168738e-09
-5.9946503e-10
7.1201019e-09
-6.1963839e-10
7.1285735e-09
-6.2195821e-10
7.1414227e-09
-6.1464731e-10
7.1573426e-09
-5.8936171e-10
7.1746449e-09
-5.4753358e-10
7.1912266e-09
-4.8237236e-10
7.2049006e-09
-3.9615861e-10
7.21206e-09
-2.6946252e-10
7.2107019e-09
-1.2414456e-10
7.1929144e-09
1.1392497e-10
7.1618946e-09
3.0710006e-10
7.0922926e-09
7.9795714e-10
8.009741e-10
7.5208586e-09
-5.4540769e-10
7.5020223e-09
-5.8062829e-10
7.4903594e-09
-6.079738e-10
7.4849313e-09
-6.1653147e-10
7.4849515e-09
-6.1466915e-10
7.4893081e-09
-5.9372052e-10
7.4963661e-09
-5.5459584e-10
7.5040861e-09
-4.9009364e-10
7.5102648e-09
-4.0233618e-10
7.5113288e-09
-2.705286e-10
7.5052066e-09
-1.1801864e-10
7.4841149e-09
1.3501691e-10
7.451031e-09
3.4018463e-10
7.3810355e-09
8.6795327e-10
8.7155027e-10
7.9468305e-09
-5.0618922e-10
7.9122682e-09
-5.4606523e-10
7.8851622e-09
-5.8086617e-10
7.8650807e-09
-5.9645166e-10
7.8513616e-09
-6.0095203e-10
7.8431494e-09
-5.8551074e-10
7.8389236e-09
-5.5037458e-10
7.8367583e-09
-4.8792967e-10
7.8344774e-09
-4.0005356e-10
7.8285806e-09
-2.64634e-10
7.8169516e-09
-1.0638552e-10
7.7919824e-09
1.5998655e-10
7.7564352e-09
3.7573234e-10
7.6859537e-09
9.3843581e-10
9.4211898e-10
8.3963796e-09
-4.5190262e-10
8.3464025e-09
-4.9608725e-10
8.3037785e-09
-5.3824071e-10
8.2686859e-09
-5.613611e-10
8.240638e-09
-5.7290652e-10
8.219097e-09
-5.6397228e-10
8.2027273e-09
-5.3400974e-10
8.1897757e-09
-4.7497924e-10
8.1781461e-09
-3.8842163e-10
8.1644606e-09
-2.5095066e-10
8.1465909e-09
-8.8511405e-11
8.1171547e-09
1.894235e-10
8.0787165e-09
4.1417083e-10
8.0076172e-09
1.0095363e-09
1.0126345e-09
8.8672081e-09
-3.8371428e-10
8.802699e-09
-4.3157736e-10
8.7450112e-09
-4.8055164e-10
8.6950059e-09
-5.1135816e-10
8.6524247e-09
-5.3032816e-10
8.6171031e-09
-5.2865328e-10
8.5879669e-09
-5.0487859e-10
8.5635009e-09
-4.505143e-10
8.5417518e-09
-3.6666943e-10
8.5195213e-09
-2.2872224e-10
8.4947127e-09
-6.369815e-11
8.4602228e-09
2.2391447e-10
8.4184497e-09
4.5594405e-10
8.3465668e-09
1.0814204e-09
1.0830754e-09
9.3565386e-09
-3.0336563e-10
9.2789484e-09
-3.5398636e-10
9.2072052e-09
-4.0880763e-10
9.1428833e-09
-4.4703912e-10
9.0860018e-09
-4.7344986e-10
9.0368131e-09
-4.7946709e-10
8.9945813e-09
-4.626518e-10
8.9580982e-09
-4.1403192e-10
8.9256226e-09
-3.3418986e-10
8.8942007e-09
-1.9730239e-10
8.8618216e-09
-3.1314145e-11
8.8217173e-09
2.6402007e-10
8.7761645e-09
5.0149668e-10
8.7033062e-09
1.1542799e-09
1.1534416e-09
9.8612206e-09
-2.1310616e-10
9.7725254e-09
-2.6529065e-10
9.6882822e-09
-3.2456411e-10
9.6107553e-09
-3.6951541e-10
9.5402788e-09
-4.0297682e-10
9.4775477e-09
-4.1673828e-10
9.4222351e-09
-4.073439e-10
9.3735074e-09
-3.6530458e-10
9.3299088e-09
-2.9058641e-10
9.2888002e-09
-1.5619561e-10
9.2483195e-09
9.1713885e-12
9.2020928e-09
3.102483e-10
9.1523341e-09
5.5125486e-10
9.0782938e-09
1.2283213e-09
1.2237497e-09
1.037787e-08
-1.1558559e-10
1.0280491e-08
-1.679112e-10
1.0185805e-08
-2.2987857e-10
1.0096687e-08
-2.8040106e-10
1.0013805e-08
-3.2009804e-10
9.9382972e-09
-3.4123255e-10
9.8703028e-09
-3.3935371e-10
9.8094238e-09
-3.0442538e-10
9.7545615e-09
-2.3571829e-10
9.7034632e-09
-1.0509909e-10
9.6544877e-09
5.8151654e-11
9.6017125e-09
3.6302514e-10
9.5473629e-09
6.0560376e-10
9.4719338e-09
1.303751e-09
1.2940263e-09
1.0903034e-08
-1.3712105e-11
1.079972e-08
-6.4597169e-11
1.069707e-08
-1.2722844e-10
1.0598433e-08
-1.8176722e-10
1.0504801e-08
-2.2647004e-10
1.0417733e-08
-2.5416522e-10
1.0337865e-08
-2.5948983e-10
1.0265285e-08
-2.3184398e-10
1.0199314e-08
-1.6974099e-10
1.0138157e-08
-4.3943345e-11
1.0080468e-08
1.1584463e-10
1.0020832e-08
4.2266326e-10
9.9615725e-09
6.6486222e-10
9.884566e-09
1.3807577e-09
1.3643002e-09
1.143338e-08
8.9501792e-11
1.132706e-08
4.1723017e-11
1.1219226e-08
-1.9395662e-11
1.111352e-08
-7.6063463e-11
1.1011217e-08
-1.2417e-10
1.0914236e-08
-1.5718456e-10
1.0823721e-08
-1.6897694e-10
1.0740267e-08
-1.4838921e-10
1.0663672e-08
-9.313859e-11
1.0592656e-08
2.7071273e-11
1.0526248e-08
1.8225656e-10
1.0459582e-08
4.8932962e-10
1.0395189e-08
7.2925404e-10
1.0316457e-08
1.4594899e-09
1.4345932e-09
1.1965861e-08
1.9111249e-10
1.1859487e-08
1.4809815e-10
1.1749415e-08
9.0675541e-11
1.1639358e-08
3.3991027e-11
1.1530805e-08
-1.5618503e-11
1.1425949e-08
-5.2327162e-11
1.1326409e-08
-6.9439194e-11
1.1233296e-08
-5.5274399e-11
1.114691e-08
-6.7442855e-12
1.1066533e-08
1.074454e-10
1.0991643e-08
2.571493e-10
1.0917989e-08
5.6298386e-10
1.084837e-08
7.9887122e-10
1.076779e-08
1.5400687e-09
1.5049119e-09
1.2497876e-08
2.884306e-10
1.2394286e-08
2.5168918e-10
1.2284915e-08
2.0004652e-10
1.2173366e-08
1.4553884e-10
1.2061221e-08
9.6525082e-11
1.1950842e-08
5.8054646e-11
1.184426e-08
3.7141726e-11
1.1743069e-08
4.59179e-11
1.1648078e-08
8.8254665e-11
1.1559159e-08
1.9636151e-10
1.147629e-08
3.4001961e-10
1.1395939e-08
6.4333409e-10
1.1321174e-08
8.7363402e-10
1.1238654e-08
1.6225853e-09
1.5752345e-09
1.3027657e-08
3.7861472e-10
1.2929112e-08
3.5023608e-10
1.2823291e-08
3.0586889e-10
1.271311e-08
2.5571908e-10
1.2600136e-08
2.0949871e-10
1.2486804e-08
1.7139004e-10
1.2375454e-08
1.4849055e-10
1.2268091e-08
1.5328217e-10
1.2166037e-08
1.9031581e-10
1.2069689e-08
2.9270603e-10
1.1979669e-08
4.3003808e-10
1.1893082e-08
7.2991843e-10
1.1813631e-08
9.5308315e-10
1.1728906e-08
1.7073056e-09
1.6452429e-09
8.0051797e-10
-1.0785574e-08
1.0703957e-08
8.9615713e-10
-1.8115527e-08
1.8019886e-08
9.3091056e-10
-3.0169624e-08
3.0134868e-08
8.0574332e-10
-4.9676861e-08
4.9802026e-08
4.4610247e-10
-8.1127276e-08
8.1486914e-08
-2.157994e-10
-1.3216828e-07
1.3283018e-07
-1.3586884e-09
-2.1529481e-07
2.1643769e-07
-3.4145587e-09
-3.5044846e-07
3.5250431e-07
-5.6815889e-07
5.7196721e-07
2.4798519e-10
-1.0750359e-08
1.2956521e-10
-1.7997108e-08
-1.7402767e-10
-2.9866029e-08
-8.1898131e-10
-4.9031907e-08
-1.9802343e-09
-7.996602e-08
-3.9188758e-09
-1.3022963e-07
-7.1305291e-09
-2.1208307e-07
-1.25261e-08
-3.4505298e-07
-5.5908572e-07
-3.2776139e-10
-1.0590527e-08
-6.5160422e-10
-1.7673266e-08
-1.281798e-09
-2.9235836e-08
-2.4283036e-09
-4.7885402e-08
-4.3711263e-09
-7.8023197e-08
-7.5654093e-09
-1.2703535e-07
-1.2814564e-08
-2.0683391e-07
-2.1497198e-08
-3.3637035e-07
-5.4481549e-07
-9.1101139e-10
-1.0307655e-08
-1.4333344e-09
-1.7150944e-08
-2.3755833e-09
-2.8293588e-08
-4.0031058e-09
-4.6257879e-08
-6.7033665e-09
-7.5322935e-08
-1.1120367e-08
-1.2261836e-07
-1.8352227e-08
-1.9960204e-07
-3.0231266e-08
-3.2449133e-07
-5.2545554e-07
-1.4900092e-09
-9.9059908e-09
-2.2017541e-09
-1.64392e-08
-3.4397733e-09
-2.7055569e-08
-5.525804e-09
-4.4171849e-08
-8.9542069e-09
-7.1894531e-08
-1.4549837e-08
-1.1702273e-07
-2.369176e-08
-1.9046011e-07
-3.8649111e-08
-3.0953399e-07
-5.0116724e-07
-2.0546355e-09
-9.3913484e-09
-2.9449304e-09
-1.5548906e-08
-4.4608425e-09
-2.5539657e-08
-6.9804619e-09
-4.165223e-08
-1.110194e-08
-6.7773052e-08
-1.7821248e-08
-1.1030343e-07
-2.8783573e-08
-1.7949778e-07
-4.6673605e-08
-2.9164396e-07
-4.7216336e-07
-2.5957203e-09
-8.7709063e-09
-3.6522668e-09
-1.449236e-08
-5.4267648e-09
-2.3765159e-08
-8.3523846e-09
-3.872661e-08
-1.3125952e-08
-6.2999483e-08
-2.0903537e-08
-1.0252584e-07
-3.3580347e-08
-1.6682097e-07
-5.4230744e-08
-2.7099357e-07
-4.3870537e-07
-3.1050652e-09
-8.0529163e-09
-4.3143871e-09
-1.3283038e-08
-6.3267787e-09
-2.1752768e-08
-9.6279984e-09
-3.542539e-08
-1.5006857e-08
-5.7620622e-08
-2.3767344e-08
-9.3765358e-08
-3.8036611e-08
-1.5255169e-07
-6.125238e-08
-2.4777781e-07
-4.0110223e-07
-3.5754185e-09
-7.2464502e-09
-4.9230507e-09
-1.1935406e-08
-7.1512657e-09
-1.9524552e-08
-1.0794851e-08
-3.1781805e-08
-1.672668e-08
-5.1688791e-08
-2.6385322e-08
-8.4106717e-08
-4.2111265e-08
-1.3682574e-07
-6.7674452e-08
-2.2221463e-07
-3.5970643e-07
-4.0004469e-09
-6.3612475e-09
-5.4710654e-09
-1.0464788e-08
-7.8916771e-09
-1.710394e-08
-1.1841655e-08
-2.7831828e-08
-1.8269064e-08
-4.526138e-08
-2.8731992e-08
-7.3643789e-08
-4.5762595e-08
-1.1979513e-07
-7.3433409e-08
-1.9454381e-07
-3.1490525e-07
-4.3746928e-09
-5.4076014e-09
-5.9522159e-09
-8.8872654e-09
-8.5404985e-09
-1.4515657e-08
-1.2758334e-08
-2.3613993e-08
-1.9619459e-08
-3.8400253e-08
-3.0785515e-08
-6.2477732e-08
-4.8955647e-08
-1.0162499e-07
-7.8473382e-08
-1.6502607e-07
-2.6711838e-07
-4.6935331e-09
-4.3962572e-09
-6.3612147e-09
-7.219584e-09
-9.0912412e-09
-1.178563e-08
-1.3536076e-08
-1.9169159e-08
-2.0765145e-08
-3.1171182e-08
-3.2528324e-08
-5.0714554e-08
-5.1665822e-08
-8.248749e-08
-8.2748346e-08
-1.3394355e-07
-2.1679677e-07
-4.9531488e-09
-3.3383258e-09
-6.6936729e-09
-5.4790602e-09
-9.5384546e-09
-8.9408481e-09
-1.416741e-08
-1.4540205e-08
-2.1695148e-08
-2.3643443e-08
-3.3943519e-08
-3.8466184e-08
-5.3868135e-08
-6.2562868e-08
-8.62225e-08
-1.0158918e-07
-1.6442113e-07
-5.1505027e-09
-2.2452057e-09
-6.9460832e-09
-3.6834799e-09
-9.8777424e-09
-6.0091886e-09
-1.4646279e-08
-9.7716696e-09
-2.2400514e-08
-1.5889207e-08
-3.5016727e-08
-2.5849974e-08
-5.5537923e-08
-4.2041668e-08
-8.8857729e-08
-6.8269382e-08
-1.1048733e-07
-5.2833255e-09
-1.1285098e-09
-7.1158139e-09
-1.8509919e-09
-1.0105781e-08
-3.0192212e-09
-1.4968084e-08
-4.9093689e-09
-2.2874487e-08
-7.982803e-09
-3.5737551e-08
-1.2986915e-08
-5.6658153e-08
-2.1121062e-08
-9.0627951e-08
-3.4299588e-08
-5.5505502e-08
-5.3501077e-09
-7.2011091e-09
-1.0220344e-08
-1.5129733e-08
-2.3112557e-08
-3.6099501e-08
-5.7220587e-08
-9.1520202e-08
1.0799888e-08
-7.3031621e-09
1.0880663e-08
-7.9803074e-09
1.0930055e-08
-8.6211907e-09
1.0948927e-08
-9.2173906e-09
1.0940448e-08
-9.761729e-09
1.0909256e-08
-1.0249246e-08
1.0860444e-08
-1.0675315e-08
1.0798436e-08
-1.103251e-08
1.072644e-08
-1.1308378e-08
1.0646311e-08
-1.1484553e-08
1.0559306e-08
-1.1537042e-08
1.0466677e-08
-1.1438904e-08
1.0370017e-08
-1.115622e-08
1.0272366e-08
-1.0658912e-08
-9.8780616e-09
1.0170656e-08
1.8171107e-08
-7.4543837e-09
1.8256388e-08
-8.0655883e-09
1.8279941e-08
-8.6447438e-09
1.8250059e-08
-9.1875088e-09
1.817988e-08
-9.6915498e-09
1.8081187e-08
-1.0150554e-08
1.7962844e-08
-1.0556971e-08
1.7830623e-08
-1.0900288e-08
1.7687803e-08
-1.1165556e-08
1.7535748e-08
-1.1332496e-08
1.7375824e-08
-1.1377115e-08
1.7209814e-08
-1.1272891e-08
1.7041219e-08
-1.0987621e-08
1.6871188e-08
-1.0488878e-08
-9.7115862e-09
1.6704716e-08
3.0263137e-08
-7.5826595e-09
3.0297216e-08
-8.099668e-09
3.0254963e-08
-8.6024895e-09
3.0151658e-08
-9.0842028e-09
3.0001883e-08
-9.541773e-09
2.9817272e-08
-9.9659427e-09
2.9605743e-08
-1.034544e-08
2.9372916e-08
-1.0667459e-08
2.9122385e-08
-1.0915023e-08
2.8856076e-08
-1.1066182e-08
2.8578202e-08
-1.1099237e-08
2.8293762e-08
-1.0988446e-08
2.8008792e-08
-1.0702645e-08
2.7725242e-08
-1.0205324e-08
-9.4431141e-09
2.7456772e-08
4.9810172e-08
-7.5908114e-09
4.9735536e-08
-8.0250339e-09
4.9590587e-08
-8.4575405e-09
4.9386027e-08
-8.8796417e-09
4.9128372e-08
-9.2841166e-09
4.8823634e-08
-9.6612032e-09
4.8477612e-08
-9.9994159e-09
4.8096091e-08
-1.0285935e-08
4.7684716e-08
-1.0503645e-08
4.7250705e-08
-1.0632167e-08
4.6803225e-08
-1.0651753e-08
4.6349619e-08
-1.0534836e-08
4.5898145e-08
-1.0251167e-08
4.5458546e-08
-9.7657207e-09
-9.0327345e-09
4.5048168e-08
8.1257065e-08
-7.3609558e-09
8.0967955e-08
-7.7359236e-09
8.062091e-08
-8.1104953e-09
8.0218079e-08
-8.4768102e-09
7.9761693e-08
-8.8277299e-09
7.9255239e-08
-9.1547503e-09
7.8703424e-08
-9.4476004e-09
7.8111361e-08
-9.6938726e-09
7.7486308e-08
-9.8785921e-09
7.6837931e-08
-9.9837898e-09
7.6174695e-08
-9.9885158e-09
7.550672e-08
-9.866863e-09
7.4845867e-08
-9.5903185e-09
7.4205946e-08
-9.1258036e-09
-8.431895e-09
7.36051e-08
1.3221571e-07
-6.746482e-09
1.3155088e-07
-7.0710892e-09
1.3083416e-07
-7.3937787e-09
1.3006586e-07
-7.7085065e-09
1.2924724e-07
-8.0091091e-09
1.2838068e-07
-8.2881932e-09
1.2746981e-07
-8.5367279e-09
1.265197e-07
-8.7437589e-09
1.255372e-07
-8.89609e-09
1.2453132e-07
-8.9779102e-09
1.2351316e-07
-8.9703578e-09
1.224974e-07
-8.851101e-09
1.2150091e-07
-8.5938326e-09
1.2054267e-07
-8.1675601e-09
-7.5358304e-09
1.1964661e-07
2.1524274e-07
-5.5515897e-09
2.1398471e-07
-5.813061e-09
2.1266286e-07
-6.0719315e-09
2.112781e-07
-6.3237427e-09
2.0983254e-07
-6.563555e-09
2.0832974e-07
-6.7853935e-09
2.0677499e-07
-6.9819799e-09
2.0517573e-07
-7.1445e-09
2.0354198e-07
-7.2623402e-09
2.0188685e-07
-7.3227815e-09
2.0022714e-07
-7.3106557e-09
1.9858399e-07
-7.2079598e-09
1.9698359e-07
-6.9934338e-09
1.9545816e-07
-6.6421351e-09
-6.1248816e-09
1.940472e-07
3.5041722e-07
-3.4644342e-09
3.4823099e-07
-3.6268331e-09
3.4594645e-07
-3.7873899e-09
3.4356617e-07
-3.943461e-09
3.4109462e-07
-4.0920017e-09
3.3853854e-07
-4.2293116e-09
3.3590745e-07
-4.3508913e-09
3.3321424e-07
-4.451296e-09
3.3047587e-07
-4.5239698e-09
3.2771415e-07
-4.5610557e-09
3.2495667e-07
-4.5531819e-09
3.2223793e-07
-4.4892207e-09
3.1960052e-07
-4.3560235e-09
3.1709651e-07
-4.1381278e-09
-3.8174395e-09
3.1478906e-07
5.6850273e-07
5.6487589e-07
5.610885e-07
5.5714504e-07
5.5305304e-07
5.4882373e-07
5.4447284e-07
5.4002154e-07
5.3549757e-07
5.3093651e-07
5.2638333e-07
5.2189411e-07
5.1753808e-07
5.1339995e-07
5.0958251e-07
1.0109685e-08
4.3958842e-10
1.0039713e-08
4.2020977e-10
9.9644732e-09
3.8110938e-10
9.8845513e-09
3.3564123e-10
9.8010894e-09
2.9296119e-10
9.7159486e-09
2.5653361e-10
9.6309916e-09
2.334471e-10
9.5478968e-09
2.3637663e-10
9.468026e-09
2.7019259e-10
9.3918589e-09
3.6887051e-10
9.320525e-09
5.0136785e-10
9.2519126e-09
7.9852929e-10
9.189991e-09
1.0150053e-09
9.1245447e-09
1.7727488e-09
1.6967991e-09
1.6614342e-08
5.2996598e-10
1.6515763e-08
5.1878885e-10
1.6405097e-08
4.9177483e-10
1.6285299e-08
4.5543864e-10
1.6157863e-08
4.2039698e-10
1.602511e-08
3.8928795e-10
1.589019e-08
3.683681e-10
1.575622e-08
3.7034708e-10
1.5625374e-08
4.0103948e-10
1.5499746e-08
4.9449673e-10
1.5380329e-08
6.2078406e-10
1.5267592e-08
9.112647e-10
1.5163364e-08
1.1192271e-09
1.5060968e-08
1.8751462e-09
1.7819969e-09
2.7344876e-08
6.4186202e-10
2.7221e-08
6.4266207e-10
2.7076904e-08
6.358694e-10
2.6914037e-08
6.1830504e-10
2.673488e-08
5.9955209e-10
2.6541708e-08
5.8245955e-10
2.633923e-08
5.7084289e-10
2.6132942e-08
5.7662782e-10
2.5925939e-08
6.0804054e-10
2.5724424e-08
6.9600018e-10
2.5527374e-08
8.178269e-10
2.534594e-08
1.0926859e-09
2.5169468e-08
1.2956825e-09
2.5018206e-08
2.0264039e-09
1.9280162e-09
4.4956471e-08
7.3356187e-10
4.4841062e-08
7.5807252e-10
4.4697892e-08
7.7903988e-10
4.4522448e-08
7.9375221e-10
4.4314829e-08
8.0717449e-10
4.4077412e-08
8.1987887e-10
4.3815473e-08
8.32781e-10
4.3535897e-08
8.5620179e-10
4.3242435e-08
9.0151075e-10
4.2946722e-08
9.9169826e-10
4.2645451e-08
1.1190839e-09
4.2368455e-08
1.3696557e-09
4.2083067e-08
1.5810465e-09
4.1877402e-08
2.2320511e-09
2.1755944e-09
7.3581642e-08
7.5701261e-10
7.3532018e-08
8.0769266e-10
7.3453378e-08
8.5767683e-10
7.3341211e-08
9.0591577e-10
7.319234e-08
9.5604403e-10
7.3003762e-08
1.0084583e-09
7.2774192e-08
1.0623474e-09
7.2505954e-08
1.1244381e-09
7.2201e-08
1.2064833e-09
7.1870189e-08
1.3224997e-09
7.1509722e-08
1.4795397e-09
7.1162639e-08
1.7167356e-09
7.07877e-08
1.9560184e-09
7.0543545e-08
2.4762083e-09
2.5279264e-09
1.1971482e-07
6.8879924e-10
1.1976786e-07
7.5465348e-10
1.1980183e-07
8.2370464e-10
1.1981455e-07
8.9319191e-10
1.1980741e-07
9.6319248e-10
1.1977946e-07
1.0364111e-09
1.197275e-07
1.1143005e-09
1.1964699e-07
1.2049491e-09
1.1953399e-07
1.3195094e-09
1.1938899e-07
1.4674961e-09
1.1920701e-07
1.6614785e-09
1.19017e-07
1.9067325e-09
1.1879423e-07
2.1788456e-09
1.1868636e-07
2.5840181e-09
2.7716121e-09
1.9420272e-07
5.3326842e-10
1.9436472e-07
5.926604e-10
1.9453167e-07
6.5674831e-10
1.9469934e-07
7.2552217e-10
1.9486311e-07
7.9942006e-10
1.9502006e-07
8.7945896e-10
1.9516953e-07
9.648416e-10
1.9531521e-07
1.0592899e-09
1.9546609e-07
1.1686727e-09
1.9563439e-07
1.2992295e-09
1.9583809e-07
1.457751e-09
1.9609149e-07
1.6533537e-09
1.9637488e-07
1.8955609e-09
1.9675058e-07
2.2082676e-09
2.4827417e-09
3.1501929e-07
3.0303375e-10
3.1527133e-07
3.4062053e-10
3.1554594e-07
3.8213217e-10
3.1584393e-07
4.2753437e-10
3.1616637e-07
4.7697171e-10
3.1651517e-07
5.3066067e-10
3.1689109e-07
5.8892758e-10
3.1729752e-07
6.5286895e-10
3.1774223e-07
7.2398394e-10
3.1823676e-07
8.0468633e-10
3.1879615e-07
8.9831539e-10
3.1944048e-07
1.0090107e-09
3.2019479e-07
1.1412658e-09
3.2110228e-07
1.3007278e-09
1.4934656e-09
5.0988554e-07
5.1022616e-07
5.1060829e-07
5.1103583e-07
5.115128e-07
5.1204346e-07
5.1263239e-07
5.1328527e-07
5.1400927e-07
5.1481396e-07
5.1571226e-07
5.1672123e-07
5.1786242e-07
5.1916313e-07
)
;

boundaryField
{
    inlet
    {
        type            calculated;
        value           nonuniform List<scalar> 
92
(
-7.22291e-09
-2.1599169e-08
-3.5767417e-08
-4.9591205e-08
-6.2937402e-08
-7.5677478e-08
-8.7688738e-08
-9.8855508e-08
-1.0907025e-07
-1.1823458e-07
-1.2626024e-07
-1.3306996e-07
-1.3859813e-07
-1.4279153e-07
-1.4560977e-07
-1.4702571e-07
0
0
0
0
0
0
0
0
0
0
0
0
0
0
0
0
0
0
0
0
0
0
0
0
0
0
0
0
0
0
-7.22291e-09
-2.1599169e-08
-3.5767417e-08
-4.9591205e-08
-6.2937402e-08
-7.5677478e-08
-8.7688738e-08
-9.8855508e-08
-1.0907025e-07
-1.1823458e-07
-1.2626024e-07
-1.3306996e-07
-1.3859813e-07
-1.4279153e-07
-1.4560977e-07
-1.4702571e-07
0
0
0
0
0
0
0
0
0
0
0
0
0
0
0
0
0
0
0
0
0
0
0
0
0
0
0
0
0
0
)
;
    }
    outlet
    {
        type            calculated;
        value           nonuniform List<scalar> 
66
(
4.7474559e-09
4.8973132e-09
5.0567238e-09
5.2262651e-09
5.4065111e-09
5.5980947e-09
5.8016774e-09
6.0179316e-09
6.2474608e-09
6.4908735e-09
6.7487796e-09
7.0217791e-09
7.3104577e-09
7.6153828e-09
7.937099e-09
8.2761226e-09
8.6329361e-09
9.0079812e-09
9.4016519e-09
9.8142863e-09
1.0246158e-08
1.0697466e-08
1.1168325e-08
1.1658889e-08
9.0729792e-09
1.4975751e-08
2.4872159e-08
4.1629819e-08
7.0191284e-08
1.1844266e-07
1.9703935e-07
3.2209162e-07
5.2065679e-07
4.7474559e-09
4.8973132e-09
5.0567237e-09
5.226265e-09
5.4065111e-09
5.5980946e-09
5.8016775e-09
6.0179318e-09
6.2474612e-09
6.4908742e-09
6.7487807e-09
7.0217806e-09
7.3104596e-09
7.6153852e-09
7.9371019e-09
8.2761262e-09
8.6329403e-09
9.0079861e-09
9.4016575e-09
9.8142926e-09
1.0246165e-08
1.0697473e-08
1.1168333e-08
1.1658898e-08
9.0729857e-09
1.4975761e-08
2.4872174e-08
4.162984e-08
7.0191308e-08
1.1844268e-07
1.9703937e-07
3.2209165e-07
5.2065687e-07
)
;
    }
    cylinder
    {
        type            calculated;
        value           uniform 0;
    }
    frontAndBack
    {
        type            empty;
    }
}


// ************************************************************************* //
