/*--------------------------------*- C++ -*----------------------------------*\
  =========                 |
  \\      /  F ield         | OpenFOAM: The Open Source CFD Toolbox
   \\    /   O peration     | Website:  https://openfoam.org
    \\  /    A nd           | Version:  14
     \\/     M anipulation  |
\*---------------------------------------------------------------------------*/
FoamFile
{
    format      ascii;
    class       volVectorField;
    location    "1500";
    object      U;
}
// * * * * * * * * * * * * * * * * * * * * * * * * * * * * * * * * * * * * * //

dimensions      [0 1 -1 0 0 0 0];

internalField   nonuniform List<vector> 
5388
(
(2.0518098e-09 -7.4917869e-08 0)
(1.431527e-08 -2.3937355e-07 0)
(4.0556302e-08 -4.3645166e-07 0)
(9.0018564e-08 -6.7260169e-07 -1.1866779e-25)
(1.7422951e-07 -9.5560021e-07 1.314932e-27)
(3.1076808e-07 -1.2946641e-06 1.6996708e-25)
(5.2538122e-07 -1.7006891e-06 0)
(8.5536367e-07 -2.1865014e-06 2.4033133e-25)
(1.3544661e-06 -2.7671189e-06 -8.4945214e-28)
(2.0997756e-06 -3.4600098e-06 -3.2799336e-25)
(3.2012403e-06 -4.285328e-06 0)
(4.8147437e-06 -5.2660925e-06 0)
(7.1598457e-06 -6.4282616e-06 0)
(1.0543509e-05 -7.800635e-06 6.2922888e-25)
(1.5391258e-05 -9.4144917e-06 -7.2719809e-25)
(2.2287192e-05 -1.1302849e-05 2.0490654e-25)
(3.2023903e-05 -1.3499207e-05 -1.8172023e-24)
(4.5662469e-05 -1.6035631e-05 1.017232e-24)
(6.4600986e-05 -1.8940049e-05 3.3431486e-20)
(9.064737e-05 -2.22327e-05 -3.7837408e-20)
(0.00012608827 -2.5921789e-05 0)
(0.00017374111 -2.9998621e-05 0)
(0.00023697149 -3.4432746e-05 0)
(0.00031965471 -3.9167947e-05 -8.4760881e-24)
(0.00042606098 -4.4120134e-05 4.0713217e-20)
(0.00056065063 -4.9178217e-05 -3.9131696e-20)
(0.00072778031 -5.420874e-05 0)
(0.00093134187 -5.9064332e-05 -2.7937003e-24)
(0.0011743773 -6.359512e-05 2.294688e-23)
(0.0014587277 -6.7661346e-05 3.5429316e-23)
(0.001784779 -7.114463e-05 8.2935956e-21)
(0.0021513317 -7.3957366e-05 8.3359784e-21)
(0.0025556956 -7.604301e-05 -3.6916949e-23)
(0.0029936366 -7.7386303e-05 -8.2494315e-23)
(0.0034604684 -7.7979609e-05 -3.877393e-24)
(0.0039487512 -7.7901412e-05 -1.0735279e-22)
(0.0044566989 -7.7102435e-05 5.4766173e-24)
(0.0049657305 -7.5725807e-05 1.5256534e-22)
(0.0054975705 -7.4853008e-05 -2.4984634e-22)
(1.5938195e-08 -2.2667439e-07 -1.8165138e-28)
(5.8713657e-08 -7.2419012e-07 0)
(1.2157425e-07 -1.3202934e-06 7.5595711e-28)
(2.1500645e-07 -2.0346246e-06 -4.5182699e-28)
(3.5203945e-07 -2.8907292e-06 -1.0791899e-27)
(5.5205058e-07 -3.9165168e-06 2.5745711e-27)
(8.4293941e-07 -5.1449841e-06 0)
(1.2645728e-06 -6.6149774e-06 -9.3301076e-25)
(1.8737684e-06 -8.3719811e-06 3.3083341e-27)
(2.7512604e-06 -1.0468898e-05 -2.605389e-26)
(4.0113194e-06 -1.2966753e-05 1.5514805e-24)
(5.8149297e-06 -1.5935231e-05 5.6795796e-26)
(8.3876362e-06 -1.9452881e-05 0)
(1.204337e-05 -2.3606806e-05 -2.2956865e-24)
(1.7215687e-05 -2.8491545e-05 2.8339677e-24)
(2.4497819e-05 -3.4206815e-05 1.9981849e-25)
(3.4692553e-05 -4.0853692e-05 8.9355747e-25)
(4.887208e-05 -4.8528808e-05 9.8168203e-25)
(6.8446217e-05 -5.7316171e-05 3.5584109e-20)
(9.5234706e-05 -6.7276424e-05 -3.6097092e-20)
(0.0001315354 -7.8433725e-05 0)
(0.0001801754 -9.0761044e-05 -3.8035571e-21)
(0.00024452731 -0.00010416552 -3.849208e-21)
(0.00032846976 -0.00011847634 1.6671737e-25)
(0.00043627171 -0.00013343848 1.5839126e-23)
(0.00057238727 -0.00014871533 -3.8907198e-25)
(0.00074116234 -0.00016390284 -3.2884139e-23)
(0.00094647469 -0.00017855506 -4.654587e-23)
(0.0011913511 -0.0001922187 7.3030115e-21)
(0.0014776192 -0.0002044712 7.1637594e-21)
(0.0018056559 -0.00021495473 -8.0591258e-21)
(0.0021742601 -0.00022340449 -8.8137179e-21)
(0.0025807481 -0.0002296498 6.9201151e-23)
(0.0030209048 -0.00023364348 8.6671478e-23)
(0.0034900696 -0.00023536484 -1.3520132e-22)
(0.0039808382 -0.00023504459 9.7712054e-23)
(0.0044915427 -0.0002325391 -3.982737e-22)
(0.0050032049 -0.00022829014 -1.3882142e-22)
(0.0055394997 -0.00022548771 2.537798e-22)
(4.4929659e-08 -3.824057e-07 3.2590583e-32)
(1.5142432e-07 -1.2217085e-06 -6.2777174e-25)
(2.907864e-07 -2.2272886e-06 7.5150964e-25)
(4.7612083e-07 -3.4323067e-06 -4.9497617e-23)
(7.2361618e-07 -4.8764746e-06 2.5814499e-23)
(1.0564375e-06 -6.6068633e-06 -1.282798e-24)
(1.5070222e-06 -8.6791191e-06 5.9530282e-27)
(2.1206625e-06 -1.1158746e-05 0)
(2.9606465e-06 -1.4122431e-05 -2.1661789e-24)
(4.115401e-06 -1.7659348e-05 2.573169e-24)
(5.7083073e-06 -2.1872334e-05 0)
(7.9110861e-06 -2.6878767e-05 3.3578885e-24)
(1.0961856e-05 -3.281089e-05 -4.3971867e-24)
(1.5189153e-05 -3.9815237e-05 -4.6178587e-24)
(2.1043324e-05 -4.805071e-05 5.5229897e-24)
(2.9136633e-05 -5.7684706e-05 -6.6020701e-24)
(4.0293063e-05 -6.8886632e-05 6.1640947e-24)
(5.5607846e-05 -8.1818077e-05 -7.6404483e-24)
(7.6515051e-05 -9.6618999e-05 1.0462215e-23)
(0.00010485885 -0.00011338963 -8.6735673e-24)
(0.0001429602 -0.00013216839 1.8060421e-23)
(0.00019366603 -0.00015290725 3.0073914e-21)
(0.00026036328 -0.00017544712 4.6198191e-21)
(0.00034693712 -0.00019949775 1.6660487e-23)
(0.00045765349 -0.00022462726 -1.6303421e-23)
(0.00059695314 -0.00025026694 -3.4052467e-20)
(0.00076915906 -0.00027573517 4.9881615e-20)
(0.00097811937 -0.00030028055 4.7275555e-23)
(0.0012268289 -0.00032314001 -2.9590911e-19)
(0.0015170869 -0.00034360274 4.7845897e-19)
(0.0018492511 -0.00036106717 -1.6670585e-23)
(0.0022221169 -0.0003750882 -1.0908588e-22)
(0.0026330141 -0.00038537946 -2.0944968e-22)
(0.0030777665 -0.00039185888 2.1392336e-23)
(0.0035517671 -0.00039449714 -1.0299953e-22)
(0.0040476825 -0.0003936675 -5.1749738e-22)
(0.0045640899 -0.00038912602 4.1085671e-22)
(0.0050811956 -0.00038169166 6.9160296e-22)
(0.0056266711 -0.00037621231 -3.6438109e-23)
(9.0552162e-08 -5.4204436e-07 -3.4987537e-25)
(2.9732042e-07 -1.7316781e-06 6.0952799e-25)
(5.5707204e-07 -3.1569147e-06 7.2758128e-25)
(8.8703255e-07 -4.864724e-06 -3.9543068e-23)
(1.3083608e-06 -6.911326e-06 7.9677348e-23)
(1.8501804e-06 -9.3633451e-06 -1.2399785e-24)
(2.5520664e-06 -1.2299523e-05 -1.4205121e-26)
(3.4678432e-06 -1.5812524e-05 1.7479822e-24)
(4.6709711e-06 -2.0010794e-05 -1.6307433e-26)
(6.2619649e-06 -2.5020385e-05 -2.469405e-24)
(8.3785122e-06 -3.098659e-05 2.9263528e-24)
(1.1209178e-05 -3.8075142e-05 -3.3152595e-24)
(1.5011781e-05 -4.6472617e-05 4.274214e-24)
(2.0137709e-05 -5.6385555e-05 -5.8180042e-25)
(2.7063524e-05 -6.8037639e-05 -1.0660362e-23)
(3.6431154e-05 -8.1664118e-05 1.2247969e-23)
(4.9097531e-05 -9.7502516e-05 1.7070683e-24)
(6.6193614e-05 -0.00011577862 -1.8733469e-23)
(8.9190983e-05 -0.00013668687 1.2397176e-23)
(0.00011997147 -0.00016036475 -1.7095413e-23)
(0.0001608915 -0.00018686164 3.54327e-20)
(0.00021482827 -0.00021610417 -4.9281028e-20)
(0.00028519029 -0.00024786179 0)
(0.00037587212 -0.00028171872 -1.6667685e-23)
(0.00049113415 -0.0003170598 4.7602011e-23)
(0.00063539551 -0.00035307775 -5.2363283e-20)
(0.00081294285 -0.00038880724 3.2862819e-20)
(0.0010275775 -0.00042318619 0)
(0.001282244 -0.00045513758 -5.1771041e-19)
(0.0015786975 -0.00048365927 2.7687783e-19)
(0.0019172648 -0.00050790386 0)
(0.0022967358 -0.00052724488 1.1135008e-22)
(0.0027144603 -0.00054127974 1.9117695e-22)
(0.0031663208 -0.00054988868 0)
(0.0036477939 -0.00055303715 2.7724168e-22)
(0.0041516509 -0.00055123343 4.1484488e-22)
(0.0046768378 -0.00054409341 8.3265369e-22)
(0.0052023303 -0.00053301399 -7.448738e-22)
(0.0057618168 -0.00052357003 7.4028336e-23)
(1.5452796e-07 -7.0520182e-07 -6.789534e-25)
(5.0189613e-07 -2.252843e-06 0)
(9.3043388e-07 -4.1068504e-06 1.4128205e-24)
(1.4631288e-06 -6.3282433e-06 -1.688977e-24)
(2.1280886e-06 -8.9900258e-06 0)
(2.9627629e-06 -1.2178682e-05 0)
(4.0166946e-06 -1.5996388e-05 2.8885547e-24)
(5.3556165e-06 -2.0563326e-05 -6.8143936e-24)
(7.0671763e-06 -2.6020076e-05 4.4262605e-26)
(9.268736e-06 -3.2529935e-05 4.8104069e-24)
(1.2117904e-05 -4.0280987e-05 -5.655837e-24)
(1.5826673e-05 -4.9487582e-05 1.3328568e-23)
(2.0680235e-05 -6.0390758e-05 -7.8183058e-24)
(2.7061672e-05 -7.325698e-05 -8.7336014e-24)
(3.5483845e-05 -8.8374322e-05 -5.5468972e-25)
(4.6629654e-05 -0.00010604506 1.3420059e-23)
(6.1401419e-05 -0.00012657343 -1.4925255e-23)
(8.0979153e-05 -0.00015024728 1.4880994e-23)
(0.00010688573 -0.00017731248 9.047425e-27)
(0.00014105423 -0.00020793971 -8.3329239e-24)
(0.00018588908 -0.00024218422 4.6909357e-20)
(0.00024430806 -0.00027994118 -3.6302785e-20)
(0.00031974806 -0.00032090175 0)
(0.00041611513 -0.00036451748 0)
(0.0005376605 -0.00040998291 6.3863229e-23)
(0.00068877207 -0.00045624592 -5.9031126e-23)
(0.00087368511 -0.00050205261 8.117933e-23)
(0.0010961354 -0.00054602689 7.170902e-23)
(0.0013589975 -0.0005867762 4.1117819e-23)
(0.0016639645 -0.00062300687 -1.1429331e-22)
(0.0020113207 -0.00065362617 -9.6800682e-23)
(0.0023998463 -0.00067782757 -1.6499112e-22)
(0.0028269174 -0.00069509303 0)
(0.0032884937 -0.00070526269 4.0802954e-22)
(0.0037801647 -0.00070829929 4.1790556e-22)
(0.0042948402 -0.0007048408 6.4203953e-23)
(0.0048319392 -0.00069428945 -8.9044898e-22)
(0.0053688303 -0.00067894033 9.1414871e-23)
(0.0059470829 -0.00066365883 -1.0370276e-21)
(2.3879955e-07 -8.7131389e-07 6.5814205e-25)
(7.7134804e-07 -2.783382e-06 9.6042816e-29)
(1.4221519e-06 -5.0737344e-06 -1.3714873e-24)
(2.2217584e-06 -7.8176111e-06 -1.6373117e-24)
(3.2073885e-06 -1.1104984e-05 1.9582499e-24)
(4.4274019e-06 -1.504239e-05 -2.3326271e-24)
(5.9443921e-06 -1.9755625e-05 5.5539278e-24)
(7.8396675e-06 -2.5392571e-05 -3.3151194e-24)
(1.0219413e-05 -3.2126074e-05 -3.9254628e-24)
(1.3222974e-05 -4.0156749e-05 1.7749471e-26)
(1.7033918e-05 -4.9715426e-05 5.5123558e-24)
(2.1894724e-05 -6.1064853e-05 0)
(2.8126128e-05 -7.4500061e-05 0)
(3.6152297e-05 -9.0346607e-05 -8.7602967e-24)
(4.6533029e-05 -0.00010895565 1.0818092e-23)
(6.0004066e-05 -0.00013069454 -2.8894913e-24)
(7.7526083e-05 -0.0001559315 9.678906e-24)
(0.00010034193 -0.00018501273 3.3804579e-24)
(0.00013003988 -0.00021823076 -1.1913405e-23)
(0.00016861801 -0.00025578353 2.4693431e-23)
(0.00021854112 -0.00029772508 -3.525529e-23)
(0.00028277739 -0.00034391122 -3.479883e-23)
(0.00036479809 -0.00039394635 3.5643382e-23)
(0.00046852163 -0.00044714108 0)
(0.00059818499 -0.00050249224 -9.5449863e-23)
(0.00075813349 -0.00055869717 3.0898095e-23)
(0.00095253416 -0.00061420994 -1.0849518e-22)
(0.0011850366 -0.00066733957 0)
(0.001458424 -0.00071637946 4.1574863e-23)
(0.0017743089 -0.00075974747 -3.9681207e-23)
(0.0021329186 -0.00079610888 0)
(0.0025330187 -0.00082448129 2.2905987e-22)
(0.0029720154 -0.00084423419 3.903937e-22)
(0.0034459631 -0.0008551654 4.1014744e-22)
(0.0039505904 -0.00085723767 -8.1543078e-23)
(0.0044789773 -0.00085121346 0)
(0.005031088 -0.00083618306 9.5330027e-23)
(0.0055823762 -0.00081575609 1.1282705e-21)
(0.0061838693 -0.00079219774 2.2459593e-21)
(3.4551712e-07 -1.039497e-06 0)
(1.1125315e-06 -3.320457e-06 -1.0854911e-27)
(2.0446976e-06 -6.0523583e-06 1.2963191e-27)
(3.1820885e-06 -9.3247376e-06 -1.5838489e-24)
(4.5734024e-06 -1.3244597e-05 1.9054844e-24)
(6.2807248e-06 -1.7938569e-05 0)
(8.3830496e-06 -2.3556076e-05 0)
(1.0981235e-05 -3.0272639e-05 6.1790542e-21)
(1.4204698e-05 -3.8293223e-05 -7.8087304e-21)
(1.8220298e-05 -4.7855471e-05 0)
(2.324403e-05 -5.9232467e-05 0)
(2.9556377e-05 -7.2734585e-05 -1.2315918e-23)
(3.7522291e-05 -8.8709688e-05 1.4734831e-23)
(4.761691e-05 -0.00010754075 1.7541967e-23)
(6.0458102e-05 -0.00012963966 -2.102306e-23)
(7.6846762e-05 -0.00015543567 1.4074854e-24)
(9.7815238e-05 -0.00018535675 3.1741849e-24)
(0.0001246832 -0.00021980206 0)
(0.00015911846 -0.00025910411 2.8832991e-20)
(0.00020319756 -0.00030348014 -4.5792866e-20)
(0.00025945744 -0.00035297386 -1.7073099e-23)
(0.0003309256 -0.00040739185 0)
(0.00042111233 -0.00046624181 -3.4074726e-23)
(0.00053394763 -0.00052868411 3.4395315e-23)
(0.00067364716 -0.00059351037 0)
(0.00084450028 -0.00065916247 -2.5430979e-20)
(0.0010505868 -0.00072380093 6.7932317e-20)
(0.0012954478 -0.00078542188 -5.0691832e-23)
(0.0015817517 -0.0008420098 8.3682015e-23)
(0.0019110104 -0.00089170092 -8.0007067e-23)
(0.0022833787 -0.00093292499 0)
(0.0026976001 -0.00096453114 -4.5821673e-22)
(0.0031511096 -0.00098578328 -3.0397352e-22)
(0.0036400747 -0.00099643442 -6.9132765e-22)
(0.0041603818 -0.00099645164 -6.5591974e-22)
(0.0047053096 -0.00098671485 1.1434131e-22)
(0.0052753943 -0.00096589061 8.2034664e-23)
(0.0058439637 -0.00093938648 -1.7499538e-21)
(0.006472663 -0.0009045958 1.2572054e-22)
(4.7702729e-07 -1.2084938e-06 -1.2368989e-24)
(1.532925e-06 -3.8600368e-06 0)
(2.8116696e-06 -7.0353389e-06 -2.5736319e-24)
(4.3650051e-06 -1.0838183e-05 6.1526558e-24)
(6.2556833e-06 -1.5392507e-05 -7.3625848e-24)
(8.5625754e-06 -2.0844885e-05 4.3795941e-24)
(1.1384705e-05 -2.7368134e-05 0)
(1.4846771e-05 -3.5165065e-05 6.376464e-21)
(1.9106478e-05 -4.4472256e-05 -7.1615547e-21)
(2.4364115e-05 -5.5563644e-05 -8.7991354e-24)
(3.0875e-05 -6.8753544e-05 4.9961351e-26)
(3.8965584e-05 -8.4398524e-05 2.4128613e-23)
(4.9054159e-05 -0.00010289732 -2.8917532e-23)
(6.1677154e-05 -0.00012468768 1.5598248e-23)
(7.7522017e-05 -0.00015023873 2.1416082e-23)
(9.7467394e-05 -0.00018003705 -2.1983039e-23)
(0.00012263077 -0.00021456456 2.450141e-23)
(0.00015442256 -0.00025426619 -7.2981741e-24)
(0.00019460387 -0.00029950576 4.0264897e-20)
(0.0002453425 -0.0003505097 -2.999123e-20)
(0.00030925829 -0.00040730028 1.6863802e-23)
(0.00038944539 -0.00046962312 3.9758368e-25)
(0.00048945594 -0.00053687779 1.0232275e-22)
(0.0006132285 -0.00060806444 6.3626132e-23)
(0.000764948 -0.00068176209 -1.2844888e-22)
(0.00094883193 -0.0007561536 -6.7985947e-20)
(0.0011688517 -0.00082910679 2.2536148e-20)
(0.0014284152 -0.00089831038 1.9460748e-22)
(0.0017300513 -0.00096144926 0)
(0.00207515 -0.0010163892 -7.370635e-23)
(0.0024637753 -0.0010613338 4.0073869e-22)
(0.0028946392 -0.0010949751 4.0527674e-22)
(0.0033651945 -0.0011164858 -3.9638905e-22)
(0.0038717451 -0.0011255684 0)
(0.0044103413 -0.001122203 -4.3901386e-22)
(0.0049744827 -0.0011073768 -1.7398566e-23)
(0.0055652496 -0.0010792207 -1.1174887e-22)
(0.0061537504 -0.001045456 6.5756912e-20)
(0.00681287 -0.00099604064 6.7746195e-19)
(6.3582959e-07 -1.3765561e-06 -2.3936281e-24)
(2.0404909e-06 -4.3965247e-06 2.0827907e-24)
(3.737538e-06 -8.0124451e-06 0)
(5.7927181e-06 -1.2342131e-05 -2.9112868e-27)
(8.2856317e-06 -1.7526155e-05 6.9540684e-27)
(1.1315246e-05 -2.3730635e-05 1.6566259e-26)
(1.5004528e-05 -3.1151249e-05 0)
(1.950663e-05 -4.0017386e-05 4.6985155e-26)
(2.5012949e-05 -5.0596289e-05 0)
(3.1763508e-05 -6.3196933e-05 -8.448482e-24)
(4.0060243e-05 -7.8173192e-05 2.0003635e-23)
(5.0283951e-05 -9.5925633e-05 -1.1805947e-23)
(6.2915777e-05 -0.00011690099 1.9307311e-27)
(7.8564111e-05 -0.00014158806 5.0247942e-25)
(9.7997744e-05 -0.00017050842 -2.3160718e-24)
(0.00012218578 -0.00020419994 1.8433538e-23)
(0.00015234419 -0.00024319101 -2.4142268e-23)
(0.00018998767 -0.00028796324 4.1489335e-26)
(0.00023698365 -0.00033890106 -2.8953984e-23)
(0.00029560278 -0.000396228 -1.4539615e-23)
(0.00036855686 -0.00045993172 1.831469e-24)
(0.00045901204 -0.00052968349 3.4808488e-23)
(0.00057056252 -0.00060476218 -3.3651612e-23)
(0.00070714968 -0.00068399738 -6.6369296e-23)
(0.00087291533 -0.00076574878 -6.0913254e-23)
(0.0010719865 -0.00084793842 1.1815335e-22)
(0.0013082023 -0.00092814531 5.1540744e-23)
(0.001584811 -0.0010037603 9.2049047e-23)
(0.0019041749 -0.0010721832 -9.1022987e-23)
(0.0022675403 -0.001131025 3.0521181e-22)
(0.0026748596 -0.0011782761 -2.7053335e-22)
(0.0031248017 -0.0012124856 -5.7299482e-22)
(0.0036148058 -0.001232765 6.057567e-22)
(0.0041413553 -0.0012387481 -9.1719529e-23)
(0.004700646 -0.0012304485 5.8743908e-22)
(0.0052864106 -0.0012089471 7.4868869e-22)
(0.0059001855 -0.0011717418 2.245125e-22)
(0.0065109016 -0.0011293774 -7.5194061e-19)
(0.0072026675 -0.0010616334 -2.7123622e-20)
(8.2451018e-07 -1.5413391e-06 -1.1570193e-24)
(2.643464e-06 -4.9224227e-06 9.8494132e-28)
(4.8372585e-06 -8.9699868e-06 2.4059578e-24)
(7.4881658e-06 -1.3815449e-05 -2.8765917e-24)
(1.0695649e-05 -1.9615454e-05 0)
(1.458233e-05 -2.6554955e-05 -4.1035242e-24)
(1.9299316e-05 -3.4851584e-05 4.8918886e-24)
(2.5033128e-05 -4.476015e-05 -5.8729874e-24)
(3.2014604e-05 -5.6577076e-05 1.3810153e-23)
(4.053016e-05 -7.0644478e-05 -8.1357596e-24)
(5.093601e-05 -8.7353367e-05 0)
(6.3676026e-05 -0.00010714522 0)
(7.9304028e-05 -0.00013051085 4.176177e-25)
(9.8511262e-05 -0.00015798515 -1.64191e-23)
(0.00012215972 -0.00019013597 1.9156903e-23)
(0.00015132156 -0.00022754486 2.5749933e-24)
(0.0001873242 -0.00027077741 0)
(0.00023179938 -0.00032034096 -4.490578e-23)
(0.00028673268 -0.00037662789 5.7497844e-23)
(0.0003545075 -0.00043984478 0)
(0.00043793444 -0.00050992978 -6.3568788e-23)
(0.00054025419 -0.00058646507 1.0037596e-22)
(0.00066510012 -0.00066859556 3.3437422e-23)
(0.00081640726 -0.00075497005 -6.3809529e-23)
(0.00099825862 -0.00084372349 3.9775087e-24)
(0.0012146689 -0.00093251778 1.7637899e-22)
(0.0014693186 -0.0010186508 1.0515879e-22)
(0.0017652672 -0.0010992298 -3.0534143e-24)
(0.0021046825 -0.0011713896 0)
(0.0024886448 -0.0012325095 -6.1403457e-22)
(0.0029169707 -0.0012803824 1.2851579e-22)
(0.0033882763 -0.0013134213 3.4648931e-22)
(0.0038999098 -0.0013307457 7.9449942e-22)
(0.0044486352 -0.0013318737 6.8009106e-22)
(0.0050307219 -0.0013168916 -1.1560339e-21)
(0.0056401391 -0.0012869591 2.1290312e-22)
(0.0062787302 -0.0012388758 1.5990569e-21)
(0.0069134428 -0.0011864838 -5.050014e-22)
(0.0076389369 -0.001096695 2.2595263e-21)
(1.0456345e-06 -1.6997784e-06 1.1159698e-24)
(3.3500087e-06 -5.4279386e-06 -3.8849209e-24)
(6.1256493e-06 -9.8901021e-06 4.6458122e-24)
(9.474057e-06 -1.5230595e-05 -2.7755547e-24)
(1.351778e-05 -2.1621251e-05 3.3122312e-24)
(1.8406889e-05 -2.9264761e-05 -7.9260483e-24)
(2.4325083e-05 -3.8399343e-05 4.7012323e-24)
(3.1497463e-05 -4.9303524e-05 5.6435932e-24)
(4.0200348e-05 -6.2300779e-05 -6.6736831e-24)
(5.0773517e-05 -7.7763711e-05 1.2280475e-25)
(6.3635422e-05 -9.611716e-05 1.4507752e-25)
(7.9302003e-05 -0.00011783939 3.415122e-25)
(9.8409771e-05 -0.00014346019 0)
(0.0001217438 -0.00017355427 9.3986251e-25)
(0.00015027102 -0.00020872805 1.0773145e-24)
(0.00018517889 -0.00024959746 -2.4679648e-24)
(0.00022791849 -0.0002967543 2.7948705e-24)
(0.00028025024 -0.00035071877 0)
(0.00034428801 -0.00041187675 0)
(0.00042253558 -0.00048040209 0)
(0.00051790631 -0.00055616721 1.5600565e-23)
(0.00063371456 -0.0006386496 -1.0181599e-24)
(0.00077362623 -0.00072684686 -6.655347e-23)
(0.00094155689 -0.00081921774 0)
(0.0011415112 -0.00091366909 3.0399157e-22)
(0.0013773662 -0.0010076067 -2.3575033e-22)
(0.0016526148 -0.0010980592 -3.8162361e-24)
(0.0019700965 -0.0011818704 -1.9504907e-22)
(0.002331754 -0.0012559373 -1.7566168e-22)
(0.0027384818 -0.0013174409 1.4817109e-22)
(0.0031899363 -0.0013639997 0)
(0.0036846732 -0.0013938343 -5.6950042e-22)
(0.0042197631 -0.0014062747 -1.4923576e-21)
(0.0047925379 -0.0014006209 -1.5288487e-23)
(0.0053991136 -0.0013770575 2.3282545e-21)
(0.0060337072 -0.0013368274 -9.9807889e-22)
(0.0066982632 -0.0012760193 -1.6570438e-21)
(0.0073580761 -0.0012122036 -1.1116355e-21)
(0.0081172047 -0.0010970849 -2.0290407e-21)
(1.3016012e-06 -1.8479788e-06 2.1482859e-24)
(4.1677534e-06 -5.9006326e-06 -7.4803948e-24)
(7.6165417e-06 -1.0750117e-05 6.1001405e-27)
(1.1771563e-05 -1.6552642e-05 3.2914681e-27)
(1.6781857e-05 -2.3493943e-05 6.3887631e-24)
(2.2828939e-05 -3.1792883e-05 1.4933749e-26)
(3.0133779e-05 -4.1706344e-05 1.779592e-26)
(3.8965496e-05 -5.353421e-05 0)
(4.9652178e-05 -6.7624118e-05 0)
(6.2594164e-05 -8.4375613e-05 -1.1921921e-25)
(7.8280306e-05 -0.00010424302 -1.4483919e-27)
(9.7307741e-05 -0.00012773612 1.0221096e-20)
(0.00012040573 -0.00015541722 -1.4864137e-20)
(0.00014846402 -0.00018789309 2.9611224e-23)
(0.00018256589 -0.00022579942 -1.4255705e-24)
(0.00022402562 -0.00026977554 -3.6113803e-23)
(0.00027442918 -0.00032042662 4.0309391e-23)
(0.00033567567 -0.00037827119 -1.0307018e-22)
(0.00041001519 -0.00044367252 6.0628551e-23)
(0.00050007672 -0.00051675472 -5.6972118e-23)
(0.00060887688 -0.00059730737 4.6614041e-23)
(0.00073979885 -0.00068468759 1.250953e-22)
(0.00089652998 -0.00077773313 -1.2811554e-22)
(0.0010829488 -0.0008747053 0)
(0.001302958 -0.00097328261 -2.3971507e-22)
(0.0015602684 -0.0010706229 2.2997474e-22)
(0.0018581528 -0.0011635031 -2.1240579e-22)
(0.0021991977 -0.0012485284 2.8107849e-22)
(0.0025850857 -0.0013223936 4.2980153e-22)
(0.0030165064 -0.0013821258 1.589983e-22)
(0.0034929417 -0.0014252082 0)
(0.0040128393 -0.0014493621 1.1826124e-23)
(0.0045726883 -0.001454916 8.0374396e-22)
(0.0051711036 -0.0014405377 -1.7937306e-23)
(0.0058033541 -0.0014063951 -2.0385996e-21)
(0.0064640146 -0.0013539703 -2.6444901e-22)
(0.0071548763 -0.0012786856 0)
(0.0078399774 -0.0012021757 3.2632776e-23)
(0.0086304453 -0.001058922 0)
(1.5944358e-06 -1.9811016e-06 2.0637211e-24)
(5.1031334e-06 -6.3250589e-06 -1.7407882e-27)
(9.321586e-06 -1.1521896e-05 -4.2902296e-24)
(1.4398485e-05 -1.7738279e-05 5.1397104e-24)
(2.0512907e-05 -2.517208e-05 5.9396864e-27)
(2.7881963e-05 -3.40562e-05 7.2994546e-24)
(3.6768726e-05 -4.4663603e-05 -8.7202967e-24)
(4.7491937e-05 -5.7312395e-05 0)
(6.0437879e-05 -7.2370588e-05 1.2278612e-23)
(7.6074773e-05 -9.0260094e-05 -1.4614148e-23)
(9.4970094e-05 -0.00011145922 -1.353767e-25)
(0.00011781128 -0.00013650263 1.1717605e-20)
(0.00014543024 -0.00016597728 -1.1119281e-20)
(0.00017883187 -0.00020051263 -8.7101746e-25)
(0.00021922656 -0.00024076266 0)
(0.00026806599 -0.00028737737 0)
(0.00032708068 -0.00034096082 0)
(0.00039831641 -0.00040201376 1.166287e-23)
(0.00048416482 -0.00047085954 6.258599e-24)
(0.0005873815 -0.00054755467 -1.3785135e-23)
(0.00071108283 -0.00063178879 0)
(0.00085871136 -0.00072278373 -3.0878363e-23)
(0.00103396 -0.0008192067 6.2526638e-23)
(0.0012406481 -0.00091911735 0)
(0.0014825481 -0.0010199699 1.1510234e-22)
(0.0017631726 -0.0011186882 -3.3787832e-22)
(0.0020855404 -0.0012118202 -1.000083e-22)
(0.0024519496 -0.0012957641 -2.7766255e-22)
(0.002863782 -0.00136705 -3.4145733e-22)
(0.0033214728 -0.0014225835 0)
(0.0038242658 -0.0014596518 -1.2504237e-22)
(0.0043702527 -0.0014768794 7.9847146e-22)
(0.0049573384 -0.001472601 -3.9546852e-22)
(0.0055813112 -0.0014471966 -8.2032015e-22)
(0.0062398451 -0.0014004055 1.4673874e-21)
(0.0069267066 -0.001333962 0)
(0.0076432925 -0.0012426719 0)
(0.0083528552 -0.0011523996 1.4378252e-21)
(0.0091705341 -0.00097888463 0)
(1.9255471e-06 -2.0933057e-06 8.0478027e-30)
(6.1606133e-06 -6.6825814e-06 1.6891174e-27)
(1.1248836e-05 -1.2171509e-05 0)
(1.7367077e-05 -1.8735304e-05 -4.8269368e-27)
(2.4728063e-05 -2.6581645e-05 -5.7636829e-27)
(3.3588725e-05 -3.5954675e-05 -1.3518186e-26)
(4.4259141e-05 -4.714008e-05 0)
(5.7113309e-05 -6.047016e-05 0)
(7.2602157e-05 -7.632848e-05 -1.1782289e-23)
(9.1269058e-05 -9.5153568e-05 -6.6768747e-21)
(0.00011376821 -0.00011744088 6.4864532e-21)
(0.00014088622 -0.00014374188 1.9452605e-23)
(0.00017356709 -0.00017465871 3.5127339e-25)
(0.00021294072 -0.00021083243 -8.1864161e-25)
(0.00026035438 -0.00025292264 9.4727614e-25)
(0.00031740634 -0.00030157554 3.4908715e-23)
(0.00038597949 -0.00035737807 -4.2730723e-23)
(0.0004682718 -0.00042079586 -4.9944253e-23)
(0.00056681856 -0.00049209424 9.8506369e-23)
(0.0006844996 -0.00057124426 -4.0758945e-23)
(0.00082452306 -0.0006578193 2.7917702e-23)
(0.00099037655 -0.00075089296 -1.7618262e-22)
(0.0011857376 -0.00084895451 5.0743312e-24)
(0.0014143389 -0.00094986227 2.37591e-22)
(0.0016797907 -0.0010508564 -1.1811743e-22)
(0.0019853725 -0.0011486474 2.1700506e-22)
(0.0023338145 -0.0012395865 0)
(0.0027270997 -0.0013199049 3.6710719e-22)
(0.0031663054 -0.0013860145 4.8307772e-22)
(0.0036516975 -0.0014347554 1.336018e-22)
(0.0041821939 -0.0014635493 2.4541934e-22)
(0.0047540498 -0.0014708833 -6.7510315e-22)
(0.0053676313 -0.0014544502 1.8313115e-22)
(0.0060189832 -0.0014161195 -1.7682267e-22)
(0.0067037608 -0.0013548014 0)
(0.0074160804 -0.0012727211 9.3168184e-22)
(0.0081568055 -0.0011642823 -1.5418595e-21)
(0.0088889398 -0.0010595573 0)
(0.0097281524 -0.00085467346 0)
(2.2953684e-06 -2.1776972e-06 4.6320488e-28)
(7.3415986e-06 -6.951151e-06 -3.2665322e-24)
(1.3400746e-05 -1.265886e-05 7.8180409e-24)
(2.0680976e-05 -1.9482058e-05 -4.6738698e-24)
(2.9432243e-05 -2.7635269e-05 5.5637018e-24)
(3.9955479e-05 -3.7370318e-05 -4.2642954e-27)
(5.2612593e-05 -4.8981366e-05 -1.582922e-23)
(6.7838383e-05 -6.2809861e-05 9.4417453e-24)
(8.6154693e-05 -7.9248937e-05 -1.1120972e-23)
(0.00010818707 -9.8746675e-05 -5.8789131e-21)
(0.00013468418 -0.00012180739 8.3903536e-21)
(0.00016654011 -0.00014898969 1.4010413e-25)
(0.00020481975 -0.00018089969 2.1364094e-23)
(0.00025078677 -0.00021817732 2.5846252e-23)
(0.00030593378 -0.00026147329 -3.0263324e-23)
(0.00037201301 -0.00031141406 -2.0623726e-24)
(0.00045106519 -0.00036855209 -3.7620707e-23)
(0.0005454431 -0.00043329969 4.3093143e-23)
(0.00065782423 -0.00050584597 -1.1926346e-23)
(0.00079120603 -0.00058605938 0)
(0.00094887566 -0.00067338261 2.757741e-23)
(0.0011343463 -0.0007667314 -2.7846685e-23)
(0.0013512539 -0.0008644144 0)
(0.0016032125 -0.00096409519 0)
(0.0018936338 -0.0010628175 0)
(0.0022255245 -0.0011571092 -1.0689159e-22)
(0.0026012856 -0.0012431676 -1.9156966e-22)
(0.0030225386 -0.0013171129 -1.8170209e-22)
(0.0034899925 -0.0013752846 -3.2705301e-22)
(0.0040033492 -0.0014144591 -4.2715771e-22)
(0.0045608519 -0.0014320429 6.2178622e-22)
(0.0051613345 -0.0014262614 6.5167588e-22)
(0.0058022683 -0.0013967817 -9.3448236e-22)
(0.0064793695 -0.0013431 0)
(0.0071889468 -0.0012656465 2.5844102e-22)
(0.0079250169 -0.0011667236 -1.1963899e-21)
(0.0086872526 -0.0010405765 1.5656442e-21)
(0.0094389675 -0.00092131476 0)
(0.010292556 -0.00068548264 0)
(2.7030916e-06 -2.2264164e-06 0)
(8.6434433e-06 -7.1057013e-06 0)
(1.5772423e-05 -1.2938338e-05 -1.8288917e-27)
(2.4332492e-05 -1.9908428e-05 0)
(3.4614268e-05 -2.8233645e-05 5.2178916e-27)
(4.6966668e-05 -3.8169084e-05 0)
(6.1808021e-05 -5.0012147e-05 -7.4960126e-24)
(7.9639134e-05 -6.4107254e-05 8.930599e-24)
(0.00010105863 -8.084984e-05 4.0664251e-26)
(0.00012678074 -0.00010068905 0)
(0.0001576556 -0.00012412819 0)
(0.0001946923 -0.00015172164 1.7093171e-23)
(0.00023908416 -0.00018406655 -2.0210419e-23)
(0.00029223609 -0.00022178711 0)
(0.00035579263 -0.00026550907 2.6539363e-23)
(0.00043166512 -0.00031582164 -2.7951662e-23)
(0.00052205493 -0.00037322449 2.2819659e-24)
(0.00062946891 -0.00043805809 0)
(0.00075672147 -0.00051041762 -5.4762558e-24)
(0.00090691668 -0.00059005364 -1.1898788e-23)
(0.0010834032 -0.00067626701 0)
(0.0012896954 -0.00076781068 -5.2002974e-20)
(0.0015293568 -0.0008628164 1.8554389e-20)
(0.0018058462 -0.00095876739 1.1228337e-22)
(0.002122337 -0.0010525375 0)
(0.0024815226 -0.0011405105 6.6396666e-25)
(0.0028854345 -0.0012187801 1.0612574e-22)
(0.0033352938 -0.0012834128 -1.6584314e-22)
(0.0038314102 -0.0013307424 1.6226704e-22)
(0.0043731214 -0.0013576149 -8.3855593e-20)
(0.0049588046 -0.0013615475 -6.9884284e-21)
(0.0055864497 -0.0013408353 0)
(0.0062531637 -0.0012950898 7.44409e-22)
(0.006955013 -0.0012245386 -2.9453676e-22)
(0.0076876798 -0.0011297587 3.5079329e-23)
(0.0084449435 -0.0010132994 6.6019229e-22)
(0.0092250521 -0.00086963504 -4.8212607e-23)
(0.0099922764 -0.00073657105 -3.4542657e-22)
(0.010851793 -0.00047206017 0)
(3.1460589e-06 -2.2306256e-06 -1.670092e-24)
(1.0057602e-05 -7.1180904e-06 2.9024389e-24)
(1.8348264e-05 -1.2958748e-05 -3.4752502e-24)
(2.8297497e-05 -1.993577e-05 0)
(4.0239712e-05 -2.826546e-05 -4.9508229e-24)
(5.4575424e-05 -3.8200837e-05 5.9140461e-24)
(7.1783495e-05 -5.0036248e-05 0)
(9.243539e-05 -6.4111685e-05 8.3487475e-24)
(0.00011721168 -8.0816255e-05 -9.957239e-24)
(0.00014692091 -0.00010059016 0)
(0.00018252075 -0.00012392418 -1.3845056e-23)
(0.00022514141 -0.0001513554 1.6680264e-23)
(0.0002761108 -0.00018345728 1.8471081e-23)
(0.00033698053 -0.00022082203 -2.3150474e-23)
(0.0004095515 -0.0002640328 -2.4861578e-23)
(0.00049589658 -0.00031362304 5.5698015e-23)
(0.00059837734 -0.00037002076 -3.4093006e-23)
(0.00071965038 -0.00043347638 -4.6307729e-24)
(0.00086265759 -0.00050397498 4.6785519e-23)
(0.0010305943 -0.00058113672 5.52563e-23)
(0.0012268486 -0.00066411385 -9.9268898e-23)
(0.0014549072 -0.00075149795 -2.1286066e-20)
(0.0017182264 -0.00084125553 5.8888167e-20)
(0.002020071 -0.00093071333 1.0107097e-22)
(0.0023633349 -0.0010166123 -1.0407156e-22)
(0.002750358 -0.001095242 6.9944105e-20)
(0.0031827661 -0.0011626523 -1.3500365e-20)
(0.003661351 -0.0012149222 -1.5933086e-22)
(0.0041860044 -0.0012484495 0)
(0.0047557025 -0.0012601978 2.2722769e-21)
(0.005368585 -0.0012478513 8.632184e-20)
(0.0060222297 -0.0012100182 0)
(0.0067134159 -0.0011464688 6.7361883e-22)
(0.00743795 -0.0010577443 -2.8197238e-22)
(0.0081910064 -0.00094488228 -7.0650327e-22)
(0.0089659462 -0.00081087824 0)
(0.0097593291 -0.00065081649 0)
(0.010537002 -0.00050570325 -2.534646e-22)
(0.011393065 -0.00021689597 -1.025395e-21)
(3.6196833e-06 -2.1810778e-06 -1.5516864e-24)
(1.1569388e-05 -6.9588438e-06 2.7032266e-24)
(2.1101433e-05 -1.2666496e-05 3.2285788e-24)
(3.2534523e-05 -1.948176e-05 -7.7188131e-24)
(4.6249479e-05 -2.7614214e-05 9.2115042e-24)
(6.2701389e-05 -3.7308494e-05 -1.6502453e-26)
(8.2433011e-05 -4.884848e-05 -1.3081549e-23)
(0.0001060902 -6.2561087e-05 7.7948315e-24)
(0.00013443956 -7.8819058e-05 -1.764212e-27)
(0.00016838828 -9.8042094e-05 -1.0817045e-23)
(0.00020900603 -0.00012069531 2.5823743e-23)
(0.00025754853 -0.00014728362 -1.526091e-23)
(0.00031548219 -0.00017834037 2.8459356e-25)
(0.00038450842 -0.00021440791 6.6355323e-25)
(0.00046658599 -0.0002560078 -2.3854986e-23)
(0.00056394864 -0.00030359827 3.1274184e-23)
(0.00067911424 -0.0003575166 -2.4311182e-20)
(0.00081488099 -0.00041790592 2.0511639e-20)
(0.000974305 -0.00048462733 0)
(0.0011606534 -0.00055716224 -3.8063692e-20)
(0.001377328 -0.00063451384 2.5455755e-20)
(0.0016277558 -0.00071512197 9.7179107e-23)
(0.0019152485 -0.00079680981 9.5049141e-23)
(0.002242837 -0.00087678311 -9.9902746e-23)
(0.0026130949 -0.00095169939 -9.7548283e-23)
(0.0030279717 -0.0010178162 1.7843066e-20)
(0.0034886556 -0.0010712124 -7.4290347e-20)
(0.0039954856 -0.0011080598 1.5987676e-22)
(0.0045479186 -0.0011249063 -1.3423971e-22)
(0.0051445471 -0.0011189215 -3.6578294e-22)
(0.0057831808 -0.0010880636 4.5297459e-22)
(0.0064609906 -0.001031265 1.8149652e-22)
(0.0071743669 -0.00094856585 -1.6472215e-21)
(0.007918731 -0.00084091486 6.929531e-22)
(0.0086886489 -0.00070994557 9.9277145e-22)
(0.0094768827 -0.00055925686 -7.7363205e-22)
(0.010278118 -0.00038500089 1.2715335e-21)
(0.011060365 -0.00023077274 0)
(0.011903146 7.5659351e-05 1.2851512e-21)
(4.1161372e-06 -2.0679477e-06 -6.9530944e-28)
(1.3153827e-05 -6.5966598e-06 6.2336773e-28)
(2.3986464e-05 -1.20047e-05 -2.891191e-27)
(3.6973624e-05 -1.8459088e-05 3.453563e-27)
(5.2544383e-05 -2.6156464e-05 4.2497494e-27)
(7.1210486e-05 -3.5325776e-05 0)
(9.3580888e-05 -4.6231913e-05 0)
(0.00012037834 -5.9178805e-05 0)
(0.0001524581 -7.4511411e-05 8.387836e-24)
(0.00019082871 -9.2615888e-05 -1.0149827e-23)
(0.00023667434 -0.00011391694 -8.9439495e-26)
(0.00029137841 -0.00013887098 1.3880803e-23)
(0.00035654723 -0.00016795331 -1.6424595e-23)
(0.00043403218 -0.0002016373 0)
(0.00052594829 -0.00024036325 -2.1876682e-23)
(0.00063468585 -0.0002844946 2.2385523e-23)
(0.00076291127 -0.00033425983 -1.8098226e-20)
(0.00091355222 -0.00038967958 2.8028111e-20)
(0.0010897616 -0.00045048072 0)
(0.0012948554 -0.00051600282 -2.3964702e-20)
(0.0015322199 -0.00058510648 4.2788983e-20)
(0.0018051888 -0.00065609837 0)
(0.0021168916 -0.00072669111 2.1544897e-23)
(0.0024700863 -0.00079401751 0)
(0.0028669897 -0.00085471478 0)
(0.003309128 -0.00090508469 0)
(0.0037972269 -0.00094132105 8.1456652e-23)
(0.0043311545 -0.00095977963 2.7639295e-22)
(0.0049099184 -0.00095725313 -1.1814093e-23)
(0.0055317049 -0.00093120915 8.2147867e-24)
(0.0061939463 -0.00087996175 1.0811128e-22)
(0.0068933876 -0.00080282835 -3.3904557e-22)
(0.0076259681 -0.00070023232 6.4061165e-22)
(0.0083866128 -0.00057363559 -5.4855767e-22)
(0.0091691597 -0.00042539469 0)
(0.0099656047 -0.00025987643 1.4944612e-21)
(0.010768667 -7.480254e-05 -2.4517022e-21)
(0.011549066 8.4341357e-05 -1.0362489e-21)
(0.012368856 0.00039938126 0)
(4.6258493e-06 -1.8824883e-06 3.2692818e-28)
(1.4780288e-05 -6.0036747e-06 2.2449687e-24)
(2.6947432e-05 -1.0922731e-05 -2.6867353e-24)
(4.1528474e-05 -1.679006e-05 -3.205368e-24)
(5.9001562e-05 -2.378238e-05 1.058917e-26)
(7.9935931e-05 -3.2104792e-05 4.5709113e-24)
(0.00010500756 -4.1993672e-05 0)
(0.00013501682 -5.3718957e-05 0)
(0.00017090824 -6.7585189e-05 3.1053411e-26)
(0.00021379191 -8.3930632e-05 9.043022e-24)
(0.00026496629 -0.0001031235 -2.1335439e-23)
(0.00032594147 -0.0001255539 1.2660188e-23)
(0.00039846151 -0.00015161992 0)
(0.00048452413 -0.00018170577 0)
(0.00058639482 -0.00021614992 5.940536e-25)
(0.00070661202 -0.00025520134 2.4816043e-23)
(0.00084797895 -0.00029896228 -5.6687849e-25)
(0.001013537 -0.00034731775 -2.5806179e-23)
(0.0012065155 -0.00039985411 0)
(0.0014302543 -0.00045577236 0)
(0.0016880948 -0.00051380639 0)
(0.0019832439 -0.0005721604 0)
(0.0023186141 -0.00062848334 -1.1998281e-22)
(0.0026966562 -0.00067989819 1.6334723e-22)
(0.0031191997 -0.00072309958 -4.4694956e-23)
(0.0035873237 -0.00075452304 7.2337055e-23)
(0.004101275 -0.00077057451 6.7706312e-23)
(0.0046604417 -0.00076789421 -1.3797759e-22)
(0.0052633761 -0.0007436191 0)
(0.0059078444 -0.00069560871 0)
(0.0065908758 -0.00062261338 0)
(0.0073087695 -0.00052441403 3.4243601e-22)
(0.008056959 -0.00040192514 -3.969578e-22)
(0.0088297645 -0.00025722265 1.2886161e-22)
(0.0096201825 -9.3506435e-05 0)
(0.010419292 8.3924715e-05 -1.3556837e-21)
(0.011217848 0.00027527276 1.1783594e-21)
(0.011989781 0.00043391197 1.321385e-22)
(0.012777642 0.00074626966 3.9815797e-23)
(5.1329541e-06 -1.6158653e-06 0)
(1.6398275e-05 -5.1517637e-06 0)
(2.9892642e-05 -9.3695242e-06 0)
(4.6058429e-05 -1.4396374e-05 -2.255967e-21)
(6.5422292e-05 -2.0381402e-05 2.6657502e-21)
(8.8610218e-05 -2.7496854e-05 -4.0499635e-24)
(0.00011636422 -3.5940156e-05 0)
(0.00014956105 -4.5935231e-05 5.7116341e-24)
(0.00018923272 -5.7732493e-05 -4.0296251e-26)
(0.00023658863 -7.1606871e-05 -8.0531847e-24)
(0.00029303848 -8.7852945e-05 0)
(0.00036021492 -0.00010677591 -1.1082214e-23)
(0.00043999433 -0.00012867687 2.6085072e-23)
(0.00053451352 -0.00015383063 -3.0385046e-23)
(0.00064617895 -0.00018245423 1.6891957e-23)
(0.00077766487 -0.00021466442 -6.6321152e-25)
(0.00093189556 -0.00025042326 2.2701053e-23)
(0.0011120066 -0.00028947213 -5.1634099e-23)
(0.0013212806 -0.00033125721 2.5707831e-23)
(0.0015630537 -0.00037485218 -3.6693421e-24)
(0.0018405927 -0.00041888868 0)
(0.0021569463 -0.00046150847 0)
(0.0025147801 -0.0005003539 3.5932494e-23)
(0.0029162113 -0.00053261278 1.6920066e-23)
(0.0033626621 -0.00055512786 -4.3949822e-24)
(0.0038547532 -0.00056457117 -7.1953568e-23)
(0.0043922508 -0.00055766991 -6.2141857e-24)
(0.0049740683 -0.00053145796 -6.1402033e-23)
(0.0055983096 -0.00048352068 2.0014672e-22)
(0.0062623221 -0.00041220437 -9.9890373e-23)
(0.0069627221 -0.00031677755 7.9248127e-23)
(0.0076953484 -0.00019756472 -7.7242704e-23)
(0.0084550835 -5.6064821e-05 3.5698628e-23)
(0.0092355532 0.00010494353 1.9678509e-22)
(0.010028815 0.00028132066 0)
(0.010824893 0.00046670206 6.4398527e-22)
(0.011612655 0.00065875042 4.4266408e-22)
(0.012369651 0.00081050009 7.7360528e-22)
(0.013117915 0.0011068888 -4.6614819e-22)
(5.624222e-06 -1.2634973e-06 4.9343969e-25)
(1.7965307e-05 -4.0263881e-06 -8.5944941e-25)
(3.2744274e-05 -7.3187634e-06 0)
(5.0442935e-05 -1.1237836e-05 -2.0256222e-21)
(7.1634293e-05 -1.5897027e-05 2.4607758e-21)
(9.6998408e-05 -2.1426376e-05 -1.741532e-24)
(0.00012734002 -2.797355e-05 5.9176542e-23)
(0.00016360811 -3.570405e-05 -1.0212956e-22)
(0.00020691715 -4.4800074e-05 2.9129146e-24)
(0.00025856961 -5.5457416e-05 -6.9149249e-24)
(0.00032007877 -6.7879571e-05 4.0972516e-24)
(0.00039319059 -8.2267927e-05 0)
(0.00047990267 -9.8806687e-05 -8.103518e-26)
(0.00058247762 -0.00011764101 -6.5813741e-24)
(0.00070344738 -0.00013884689 7.8785484e-24)
(0.0008456041 -0.00016239143 -2.501606e-25)
(0.0010119729 -0.00018808321 -5.6839343e-25)
(0.001205761 -0.00021551356 0)
(0.0014302801 -0.0002439921 2.7465143e-23)
(0.0016888378 -0.00027248273 -2.6827599e-23)
(0.0019846012 -0.00029954984 0)
(0.0023204384 -0.00032332767 0)
(0.0026987493 -0.00034152739 -9.526019e-24)
(0.0031213054 -0.00035149511 -2.4751645e-24)
(0.0035891187 -0.00035032875 -4.8369346e-23)
(0.0041023581 -0.00033505159 5.7082922e-23)
(0.0046603247 -0.00030282818 0)
(0.0052614794 -0.00025119778 0)
(0.0059035009 -0.00017829709 -1.4253599e-22)
(0.0065833354 -8.3050332e-05 -3.0838414e-23)
(0.007297193 3.4678005e-05 1.3302918e-22)
(0.0080404482 0.00017394787 -1.2017742e-22)
(0.0088074039 0.00033260232 2.7715098e-22)
(0.0095909321 0.000507098 -4.6113378e-22)
(0.010382076 0.00069231132 1.426854e-22)
(0.011169672 0.00088075435 -1.3829689e-22)
(0.011940763 0.0010672269 -2.7018849e-22)
(0.012676418 0.0012054517 3.0388693e-22)
(0.013377452 0.00147117 2.4964684e-22)
(6.0700977e-06 -8.2088431e-07 -1.0828527e-28)
(1.9387616e-05 -2.6131959e-06 7.0723324e-25)
(3.5332613e-05 -4.7443715e-06 -2.1986833e-27)
(5.4422666e-05 -7.2744375e-06 -1.0106646e-24)
(7.7272793e-05 -1.0272745e-05 5.3243369e-28)
(0.00010461205 -1.3817373e-05 1.4318982e-24)
(0.00013730199 -1.7994972e-05 4.9071591e-23)
(0.00017635691 -2.2899769e-05 -3.2138612e-23)
(0.00022296578 -2.8631234e-05 2.4125601e-24)
(0.00027851486 -3.5289892e-05 -5.0243833e-27)
(0.00034461038 -4.2970585e-05 0)
(0.00042309938 -5.1752265e-05 -3.9180719e-24)
(0.00051608661 -6.1683226e-05 1.4040156e-25)
(0.00062594446 -7.2760632e-05 5.4603075e-24)
(0.00075531208 -8.4903224e-05 0)
(0.00090707905 -9.7916438e-05 7.2794696e-24)
(0.0010843486 -0.00011144993 -1.5385542e-23)
(0.0012903757 -0.00012494883 9.2149788e-24)
(0.0015284758 -0.00013760201 -9.8917339e-24)
(0.001801904 -0.00014829353 1.4209641e-23)
(0.0021137069 -0.00015556619 0)
(0.0024665561 -0.00015760897 0)
(0.0028625783 -0.00015228092 1.7680591e-23)
(0.0033032026 -0.00013718187 -5.9403454e-23)
(0.0037890453 -0.00010977425 -1.753637e-23)
(0.0043198509 -6.7551101e-05 3.2120178e-23)
(0.004894493 -8.2348391e-06 -3.5171775e-23)
(0.0055110243 7.0015179e-05 6.1305569e-23)
(0.006166743 0.00016840854 1.2659233e-23)
(0.0068582321 0.00028735634 6.8103909e-23)
(0.0075813222 0.00042632777 -6.5330977e-23)
(0.0083309385 0.00058370899 1.1737761e-22)
(0.0091008045 0.00075663752 -4.6743064e-23)
(0.0098830191 0.00094078575 9.6971337e-23)
(0.010667579 0.0011300844 6.6698345e-23)
(0.011442027 0.0013160104 0)
(0.01219155 0.001490583 -2.4502972e-22)
(0.012899228 0.0016102193 -3.078874e-22)
(0.013542194 0.0018290171 -6.3242257e-23)
(6.4631943e-06 -2.9234787e-07 -7.9857019e-26)
(2.0640738e-05 -9.2618377e-07 1.3861257e-25)
(3.7611523e-05 -1.6721619e-06 -1.6588715e-25)
(5.7923844e-05 -2.5464855e-06 -2.1657702e-28)
(8.2228625e-05 -3.5666762e-06 -5.1663341e-28)
(0.00011129653 -4.7499001e-06 2.8061728e-25)
(0.000146037 -6.111547e-06 -1.7257179e-27)
(0.00018751901 -7.6629526e-06 -3.9844514e-25)
(0.00023699318 -9.4078477e-06 -4.6898653e-25)
(0.00029591455 -1.1337149e-05 5.6371716e-25)
(0.00036596464 -1.3421553e-05 0)
(0.00044907119 -1.560126e-05 0)
(0.00054742314 -1.7772073e-05 0)
(0.00066347728 -1.9767117e-05 3.6755146e-26)
(0.0007999528 -2.1333567e-05 0)
(0.00095980863 -2.2104168e-05 0)
(0.0011461985 -2.1564097e-05 -3.3178732e-24)
(0.0013623991 -1.9014939e-05 3.579822e-24)
(0.0016117079 -1.3539311e-05 0)
(0.0018973108 -3.9717776e-06 -4.1536984e-24)
(0.0022221248 1.1116149e-05 4.6541583e-24)
(0.0025886259 3.3407715e-05 0)
(0.0029986808 6.4800244e-05 0)
(0.0034534033 0.00010732557 -8.7162421e-25)
(0.0039530569 0.00016303047 2.4324291e-20)
(0.0044970185 0.00023382357 -2.5260324e-20)
(0.0050838018 0.0003213026 -1.8141733e-23)
(0.0057111227 0.00042657982 1.5835302e-23)
(0.0063759678 0.00055012065 -1.729585e-23)
(0.0070746163 0.0006916004 -3.6179814e-23)
(0.0078025671 0.00084976944 -1.0442405e-23)
(0.008554334 0.0010223046 4.6127013e-23)
(0.0093230947 0.0012056234 8.7579829e-24)
(0.010100212 0.0013946474 0)
(0.010874689 0.0015824958 0)
(0.011632834 0.0017599107 0)
(0.012358221 0.0019171451 6.6088718e-23)
(0.013033928 0.0020183868 8.6727434e-24)
(0.013619026 0.002171263 -1.1480705e-23)
(6.757313e-06 3.3241999e-07 1.042288e-25)
(2.1578751e-05 1.0676339e-06 -1.8154657e-25)
(3.9318051e-05 1.9579824e-06 8.9149769e-22)
(6.0546715e-05 3.0385921e-06 -1.0701417e-21)
(8.5942849e-05 4.3525368e-06 0)
(0.00011630869 5.9536914e-06 0)
(0.0001525901 7.909536e-06 6.4804153e-28)
(0.00019589769 1.0304798e-05 0)
(0.00024752917 1.3246222e-05 -1.8171863e-27)
(0.00030899195 1.68687e-05 0)
(0.0003820248 2.1343072e-05 0)
(0.0004686164 2.688596e-05 -5.8958214e-27)
(0.00057101826 3.3771966e-05 0)
(0.00069174833 4.2348497e-05 -1.3061113e-24)
(0.00083358096 5.3053243e-05 1.6121099e-24)
(0.00099951828 6.6433914e-05 -8.3259065e-26)
(0.0011927379 8.3169177e-05 8.1190493e-21)
(0.0014165123 0.00010408874 -9.699403e-21)
(0.0016740984 0.00013018924 -2.6665916e-24)
(0.0019685971 0.0001626411 2.7723234e-24)
(0.0023027906 0.00020278051 -5.2573147e-25)
(0.0026789698 0.00025207977 0)
(0.0030987697 0.0003120909 0)
(0.0035630374 0.00038435978 3.7474723e-24)
(0.0040717502 0.00047031356 1.6498992e-20)
(0.0046239978 0.00057112921 -1.7246569e-20)
(0.0052180234 0.00068759537 0)
(0.0058512967 0.00081997928 0)
(0.0065205768 0.00096790459 0)
(0.0072219127 0.0011302352 -7.3004445e-24)
(0.0079505321 0.0013049493 1.588045e-23)
(0.0087005917 0.0014889829 0)
(0.0094647836 0.0016780306 0)
(0.010233822 0.0018663195 0)
(0.010995863 0.0020463161 2.4815221e-23)
(0.011736301 0.0022083578 -1.5025613e-23)
(0.012438054 0.0023425386 0)
(0.013083864 0.0024282706 1.8006915e-24)
(0.01362712 0.0025063149 0)
(6.9423894e-06 1.0301383e-06 0)
(2.2168003e-05 3.2939544e-06 -2.5084128e-29)
(4.0388193e-05 6.0108028e-06 4.6600344e-22)
(6.218804e-05 9.2727399e-06 -5.5483294e-22)
(8.8261307e-05 1.3189951e-05 0)
(0.00011942808 1.7894843e-05 1.9978957e-28)
(0.00015665435 2.3546299e-05 -6.4805731e-28)
(0.00020107315 3.033471e-05 0)
(0.00025400673 3.8487919e-05 1.8172763e-27)
(0.00031698882 4.8278122e-05 0)
(0.00039178551 6.0029774e-05 0)
(0.00048041278 7.4128448e-05 1.7922082e-27)
(0.00058514781 9.1030547e-05 1.1736914e-24)
(0.00070853025 0.00011127349 -1.4190096e-24)
(0.00085334933 0.00013548578 3.3493208e-21)
(0.0010226114 0.00016439586 -4.0444608e-21)
(0.0012194834 0.00019883824 4.1053215e-21)
(0.0014472071 0.00023975458 -4.4579772e-21)
(0.0017089838 0.00028818683 2.2680152e-24)
(0.0020078301 0.000345259 -1.0169972e-23)
(0.0023464132 0.00041214405 6.0539035e-24)
(0.0027268798 0.00049001292 -4.9992676e-25)
(0.0031506984 0.00057996484 0)
(0.0036185374 0.00068294058 2.2024105e-24)
(0.004130199 0.00079962437 4.6764019e-24)
(0.0046846148 0.00093034297 -4.89126e-24)
(0.0052798957 0.0010749706 6.0585695e-25)
(0.0059134031 0.0012328443 0)
(0.0065817972 0.001402685 0)
(0.0072810074 0.00158251 9.0821996e-24)
(0.0080060859 0.0017695149 -2.4849387e-23)
(0.0087509229 0.0019599092 6.9949425e-24)
(0.0095078324 0.0021487093 0)
(0.010267029 0.0023295522 -2.1257828e-23)
(0.011016011 0.0024943913 -6.5585365e-23)
(0.011739636 0.0026331191 1.4720225e-23)
(0.012421299 0.0027354709 0)
(0.013045355 0.0027875106 -1.2927583e-22)
(0.01358147 0.0028009852 0)
(6.9657856e-06 1.7450452e-06 -1.6810761e-26)
(2.2241868e-05 5.574645e-06 7.3471195e-28)
(4.0521073e-05 1.016169e-05 1.1044126e-27)
(6.2389353e-05 1.5656045e-05 3.947589e-26)
(8.8541252e-05 2.2235938e-05 -4.3292636e-26)
(0.00011979745 3.0113212e-05 5.1246379e-26)
(0.00015712419 3.9538947e-05 5.4227409e-26)
(0.00020165419 5.0809773e-05 -6.1275337e-27)
(0.00025470846 6.4274812e-05 -1.3137083e-25)
(0.00031781817 8.0343119e-05 7.249196e-26)
(0.00039274485 9.9491345e-05 0)
(0.00048149717 0.00012227122 4.7508629e-26)
(0.00058634107 0.00014931619 -5.1444821e-26)
(0.00070979986 0.00018134632 0)
(0.0008546397 0.00021917011 -3.401566e-23)
(0.0010238356 0.00026368155 1.5689074e-22)
(0.0012205132 0.00031585043 0)
(0.0014478623 0.00037670331 1.8289256e-25)
(0.0017090214 0.00044729295 1.306574e-25)
(0.0020069349 0.00052865401 -3.933581e-25)
(0.0023441923 0.00062174436 -1.8173214e-25)
(0.0027228634 0.00072737303 1.8104336e-24)
(0.0031443484 0.0008461189 -2.7662522e-24)
(0.0036092665 0.00097824694 4.3522568e-24)
(0.004117397 0.0011236309 1.6335791e-24)
(0.0046676804 0.0012816906 0)
(0.0052582652 0.0014513471 -6.0594154e-25)
(0.0058865661 0.0016309917 0)
(0.0065492877 0.0018184527 0)
(0.0072423634 0.0020109349 2.338983e-23)
(0.0079607773 0.0022049083 4.4161152e-23)
(0.0086982602 0.0023959348 4.1511842e-23)
(0.0094468842 0.0025784608 2.3149393e-23)
(0.01019654 0.0027457203 -5.0708256e-23)
(0.010934177 0.0028893639 8.9211065e-23)
(0.011644217 0.0029988471 0)
(0.012310873 0.0030636558 -1.6638574e-22)
(0.012919426 0.003073193 5.4256592e-22)
(0.01344719 0.0030290481 5.0680024e-22)
(6.8344091e-06 2.4454393e-06 -1.850742e-22)
(2.1821777e-05 7.8087126e-06 3.2771613e-22)
(3.9754596e-05 1.4227039e-05 3.2035009e-28)
(6.1207035e-05 2.1906516e-05 3.8332021e-28)
(8.6859485e-05 3.1091463e-05 -6.0488483e-25)
(0.00011751574 4.2070722e-05 7.2483424e-25)
(0.00015412195 5.5184534e-05 -8.6787944e-25)
(0.00019778697 7.0831959e-05 -9.4648313e-22)
(0.00024980368 8.9478624e-05 1.1970189e-21)
(0.0003116702 0.00011166442 0)
(0.00038510959 0.00013801064 1.7615155e-24)
(0.00047208608 0.00016922558 -1.811512e-21)
(0.00057481496 0.00020610772 2.4029098e-21)
(0.00069576267 0.0002495446 2.9405492e-24)
(0.00083763277 0.00030050578 -6.9277349e-24)
(0.0010033332 0.00036002734 4.0624932e-24)
(0.0011959204 0.00042918564 0)
(0.0014185163 0.00050905785 -6.8754241e-25)
(0.001674198 0.00060066775 1.1464245e-24)
(0.0019658621 0.00070491646 -1.4594977e-23)
(0.0022960726 0.00082250038 1.5869178e-23)
(0.0026669048 0.00095382149 2.3336016e-23)
(0.0030798063 0.0010988985 -1.6028771e-23)
(0.0035354914 0.0012572904 1.9342362e-23)
(0.0040338855 0.0014280427 -2.67998e-23)
(0.0045741205 0.0016096659 0)
(0.005154566 0.0018001425 1.1867272e-23)
(0.0057728615 0.0019969511 -5.4803733e-23)
(0.0064259062 0.0021970788 -2.1710507e-24)
(0.007109761 0.0023969885 -8.4456417e-23)
(0.0078194431 0.002592514 -2.5939523e-22)
(0.0085486207 0.0027786758 2.038451e-23)
(0.009289259 0.0029494796 1.0771974e-22)
(0.01003111 0.0030980099 -1.0534449e-22)
(0.010760573 0.0032158766 2.4096009e-22)
(0.011461541 0.0032921538 6.184795e-22)
(0.012119301 0.0033165374 -7.4331842e-23)
(0.012719617 0.0032809922 -3.4593374e-22)
(0.013242955 0.0031836751 -2.0795616e-22)
(6.5393104e-06 3.0927358e-06 -3.7997289e-22)
(2.0879698e-05 9.8730813e-06 6.5797654e-22)
(3.8038712e-05 1.7982923e-05 -2.2850698e-27)
(5.8565834e-05 2.7679942e-05 -2.1306794e-24)
(8.3112206e-05 3.9269002e-05 -9.1688212e-28)
(0.00011244722 5.3109335e-05 0)
(0.00014747672 6.9622487e-05 0)
(0.0001892627 8.9300643e-05 -1.9697861e-21)
(0.00023904382 0.00011271495 2.283847e-21)
(0.0002982561 0.00014052324 -3.021918e-26)
(0.0003685523 0.00017347638 0)
(0.00045181805 0.00021242182 -3.8514332e-21)
(0.00055018241 0.00025830303 4.3168203e-21)
(0.00066601928 0.00031215238 -1.194012e-23)
(0.0008019359 0.00037507517 -2.7321002e-25)
(0.00096074415 0.00044822188 0)
(0.0011454104 0.00053274588 -1.8562431e-23)
(0.0013589806 0.00062974435 2.2009835e-23)
(0.0016044802 0.00074018156 -1.1464177e-24)
(0.0018847906 0.00086479609 2.6711882e-23)
(0.0022025098 0.0010039972 -2.5467812e-23)
(0.0025598106 0.0011577598 2.5466339e-23)
(0.0029583101 0.0013255308 -1.1790428e-24)
(0.0033989695 0.0015061637 -5.7769416e-23)
(0.0038820335 0.001697893 -4.8359203e-23)
(0.0044070097 0.0018983561 7.3528806e-23)
(0.0049726708 0.0021046544 2.7461282e-23)
(0.0055770494 0.002313431 5.2722266e-23)
(0.0062173821 0.0025209269 1.1231826e-20)
(0.0068899708 0.0027229741 -4.4428367e-20)
(0.0075899489 0.0029148944 -1.6877636e-22)
(0.0083109911 0.0030912994 0)
(0.0090450816 0.0032458906 4.16242e-22)
(0.0097820638 0.0033719281 0)
(0.010507736 0.0034612073 4.1560249e-23)
(0.011205316 0.0035025583 -1.3308142e-21)
(0.01186103 0.0034866126 0)
(0.012461458 0.003407667 -4.6184433e-20)
(0.01298841 0.0032636059 7.6433418e-19)
(6.0941157e-06 3.6523374e-06 -2.6291017e-24)
(1.9458915e-05 1.1657457e-05 4.5762123e-24)
(3.5451862e-05 2.1228749e-05 -2.0460992e-27)
(5.4585805e-05 3.2668119e-05 -3.2735391e-24)
(7.7468619e-05 4.6332252e-05 -3.9052245e-24)
(0.00010481899 6.264048e-05 9.3311052e-24)
(0.00013748367 8.2083563e-05 -5.57047e-24)
(0.00017645619 0.00010523268 0)
(0.0002228966 0.00013274805 0)
(0.00027815158 0.00016538653 9.3208615e-24)
(0.00034377362 0.00020400683 -1.1158166e-23)
(0.00042153776 0.00024957107 -8.4656815e-26)
(0.00051345351 0.00030314032 0)
(0.00062176919 0.00036586172 0)
(0.00074896507 0.00043894401 2.7320986e-25)
(0.00089773162 0.00052361835 0)
(0.0010709289 0.00062108124 0)
(0.0012715243 0.00073241767 -3.1669191e-23)
(0.0015025074 0.00085850454 3.9011179e-23)
(0.0017667836 0.0009998977 0)
(0.0020670528 0.0011567107 -1.0940382e-23)
(0.0024056818 0.0013284983 5.9924792e-23)
(0.0027845848 0.0015141623 -5.070257e-23)
(0.0032051228 0.0017118983 -7.9217996e-24)
(0.003668031 0.0019191988 -2.1937488e-23)
(0.0041733709 0.0021329175 -9.966445e-23)
(0.0047204925 0.0023493808 -1.1106071e-23)
(0.0053079768 0.0025645169 1.8247428e-22)
(0.0059335279 0.0027739526 5.1678309e-20)
(0.0065937855 0.0029730325 -1.8424839e-20)
(0.0072840571 0.0031567213 3.9659758e-22)
(0.0079980524 0.0033193772 -1.4035764e-22)
(0.0087278561 0.0034545353 -4.1603077e-22)
(0.0094636295 0.003556003 0)
(0.010191075 0.0036157542 -8.7895082e-22)
(0.010891238 0.0036219601 6.1352395e-22)
(0.011550814 0.0035688353 1.4046891e-21)
(0.012160325 0.0034518359 -8.2456872e-19)
(0.012699448 0.0032692082 8.3574011e-20)
(5.514662e-06 4.0893767e-06 -1.773831e-24)
(1.7610109e-05 1.3050695e-05 -8.4905367e-28)
(3.2086576e-05 2.3762416e-05 3.6884234e-24)
(4.9409767e-05 3.6560597e-05 -4.4173253e-24)
(7.0131983e-05 5.184186e-05 -5.2656001e-24)
(9.4906969e-05 7.0071693e-05 6.2938968e-24)
(0.000124506 9.1793797e-05 8.2405449e-27)
(0.00015983551 0.00011763946 8.9039414e-24)
(0.00020195596 0.00014833628 -1.0647298e-23)
(0.00025210143 0.00018471531 4.2831315e-26)
(0.00031169889 0.00022771525 -1.4709066e-26)
(0.00038238599 0.00027838185 -6.6427957e-21)
(0.00046602533 0.00033786004 9.2664519e-21)
(0.00056471301 0.0004073758 0)
(0.00068077842 0.00048820435 2.7979678e-23)
(0.00081677194 0.00058162109 -3.2809671e-23)
(0.00097543737 0.00068883204 3.837256e-23)
(0.001159666 0.00081088221 -4.2937404e-23)
(0.0013724311 0.00094854266 -2.6171793e-24)
(0.001616703 0.0011021815 -7.4074118e-24)
(0.0018953487 0.001271629 6.3482645e-24)
(0.0022110217 0.001456054 3.7409849e-20)
(0.0025660516 0.0016538713 -7.7725033e-21)
(0.0029623403 0.0018627034 2.9579726e-23)
(0.0034012691 0.0020794112 -7.5177304e-23)
(0.0038836145 0.0023001972 0)
(0.0044094568 0.0025207626 1.1385949e-22)
(0.0049780631 0.0027364807 0)
(0.0055877175 0.0029425309 0)
(0.0062354809 0.0031339422 2.3049449e-22)
(0.0069168861 0.0033055058 0)
(0.0076256751 0.0034515222 3.2713582e-22)
(0.0083538722 0.0035656088 -3.2083371e-22)
(0.0090919805 0.0036421015 0)
(0.0098256902 0.0036721461 1.348456e-21)
(0.010534501 0.0036480346 4.9109293e-22)
(0.011208816 0.0035622389 -4.6476356e-22)
(0.01183217 0.0034138338 -7.6889374e-22)
(0.012390727 0.0032023562 -2.652042e-21)
(4.828308e-06 4.375263e-06 0)
(1.5420507e-05 1.3961664e-05 8.4905367e-28)
(2.810152e-05 2.5418223e-05 4.6212662e-24)
(4.328155e-05 3.9102866e-05 -5.5306098e-24)
(6.1447568e-05 5.5437671e-05 -6.5903065e-24)
(8.3177087e-05 7.4917357e-05 1.5748976e-23)
(0.00010915295 9.8118875e-05 -9.4071933e-24)
(0.00014017974 0.00012571088 0)
(0.0001772018 0.00015846227 -1.3214218e-23)
(0.00022132233 0.0001972488 1.5776358e-23)
(0.00027382304 0.00024305614 6.5414419e-26)
(0.0003361834 0.00029697737 -8.8309142e-21)
(0.00041009813 0.00036020222 9.0737657e-21)
(0.00049749111 0.00043399467 -3.0000411e-23)
(0.0006005235 0.00051965535 3.5333612e-23)
(0.00072159328 0.00061846481 0)
(0.0008633234 0.00073160467 -1.3106291e-24)
(0.0010285357 0.00086005506 0)
(0.0012202083 0.0010044702 0)
(0.001441416 0.0011650384 7.4074345e-24)
(0.001695253 0.0013413392 1.4051678e-22)
(0.0019847418 0.0015322164 1.8090386e-20)
(0.0023127302 0.0017356908 -5.319811e-20)
(0.0026817804 0.0019489356 0)
(0.0030940498 0.002168332 -8.6034069e-23)
(0.0035511603 0.0023896045 1.048736e-23)
(0.0040540462 0.0026080153 4.6693016e-22)
(0.004602768 0.0028185719 -2.2749041e-23)
(0.0051962786 0.0030161907 -2.884683e-22)
(0.0058321344 0.0031957598 -5.045425e-22)
(0.0065061591 0.0033520557 -5.6060049e-23)
(0.0072120832 0.0034794235 -4.3359161e-22)
(0.0079400262 0.003571766 -3.5364186e-22)
(0.0086846254 0.0036245546 3.4576773e-22)
(0.0094322866 0.0036296373 0)
(0.010155264 0.0035780421 -9.487887e-22)
(0.010846915 0.0034669083 -2.5635893e-21)
(0.011491931 0.0032959969 2.3435329e-21)
(0.012075654 0.0030666367 1.2918773e-21)
(4.068068e-06 4.4872184e-06 0)
(1.2995444e-05 1.4317791e-05 1.2128011e-27)
(2.3688416e-05 2.6064271e-05 -5.5176971e-24)
(3.6496012e-05 4.009243e-05 6.60661e-24)
(5.1833258e-05 5.6833314e-05 4.1363886e-27)
(7.0193817e-05 7.679163e-05 0)
(9.216339e-05 0.00010055526 0)
(0.00011843492 0.00012880451 0)
(0.00014982565 0.00016232028 1.5814049e-23)
(0.00018729597 0.00020198997 -1.0949938e-25)
(0.00023196955 0.00024880947 -2.2344919e-23)
(0.00028515454 0.00030387917 -2.5813125e-23)
(0.00034836483 0.00036839101 3.0855194e-23)
(0.00042334027 0.0004436031 0)
(0.0005120644 0.00053079834 0)
(0.00061677744 0.00063122295 0)
(0.00073998224 0.00074600194 -5.283805e-23)
(0.00088444036 0.00087603054 6.3360736e-23)
(0.0010531551 0.0010218436 0)
(0.0012493389 0.0011834708 1.0405324e-23)
(0.0014763617 0.0013602909 -1.66052e-22)
(0.0017376783 0.001550907 7.4348524e-24)
(0.0020367325 0.0017530649 1.9389564e-22)
(0.002376835 0.0019636433 1.8928396e-22)
(0.0027610125 0.0021787275 -1.1569349e-23)
(0.0031918241 0.0023937695 -1.2590004e-23)
(0.0036711403 0.0026038065 -5.4750771e-22)
(0.0041998832 0.0028036917 2.7122909e-23)
(0.0047777271 0.0029882752 3.3765843e-22)
(0.005402769 0.0031524776 -9.8660264e-24)
(0.0060711942 0.0032912202 1.3476508e-21)
(0.0067769463 0.0033992261 0)
(0.0075107743 0.0034713062 4.1096124e-22)
(0.0082633446 0.0035016755 -4.0189563e-22)
(0.0090212257 0.0034858092 0)
(0.0097665742 0.0034147319 -1.1965388e-22)
(0.010481855 0.003286909 -1.1025274e-21)
(0.011153119 0.0031031086 0)
(0.011766088 0.0028669296 4.9283514e-21)
(3.2729615e-06 4.4114507e-06 3.056617e-24)
(1.0459345e-05 1.4075146e-05 -1.2128011e-27)
(1.9073615e-05 2.562075e-05 -6.3514783e-24)
(2.940104e-05 3.9406826e-05 7.5992493e-24)
(4.1781714e-05 5.5855703e-05 9.0515169e-24)
(5.6622044e-05 7.5461471e-05 -1.0841242e-23)
(7.4406758e-05 9.8799077e-05 0)
(9.5712873e-05 0.00012653308 -1.5293703e-23)
(0.00012122592 0.00015942518 1.8214889e-23)
(0.00015175851 0.00019833936 2.1596366e-23)
(0.00018827125 0.000244243 -2.5396288e-23)
(0.00023189607 0.00029820178 -2.1951331e-25)
(0.00028396168 0.00036136545 0)
(0.00034602074 0.00043494112 0)
(0.00041987783 0.00052015028 4.7592334e-23)
(0.00050761693 0.00061816584 -5.5808049e-23)
(0.00061162629 0.00073002633 6.0869458e-23)
(0.00073461787 0.00085652637 -7.2665556e-23)
(0.00087963722 0.00099808625 -5.3159356e-24)
(0.0010500589 0.0011546085 -1.0405475e-23)
(0.0012495607 0.0013253358 1.2762379e-23)
(0.0014820699 0.0015087315 -2.7244607e-23)
(0.0017516716 0.001702408 0)
(0.0020624744 0.0019031263 5.8406635e-23)
(0.0024184228 0.0021068841 0)
(0.0028230569 0.0023090879 0)
(0.0032792186 0.0025047841 2.2064366e-22)
(0.0037887141 0.0026888997 3.8082655e-22)
(0.0043519453 0.0028564309 -3.8342126e-22)
(0.0049675314 0.0030025263 3.52587e-22)
(0.0056319477 0.0031224399 6.7070894e-23)
(0.0063391843 0.0032113924 0)
(0.0070802274 0.003264718 0)
(0.0078447127 0.0032782011 0)
(0.0086194267 0.0032464735 8.615748e-22)
(0.0093863671 0.0031629005 1.9605006e-21)
(0.010127806 0.0030270848 -2.4381322e-21)
(0.010828111 0.0028407472 9.7399909e-22)
(0.011472483 0.0026088779 -4.3532375e-21)
(2.4849162e-06 4.1436616e-06 3.4187291e-24)
(7.9459123e-06 1.3220067e-05 -1.1903108e-23)
(1.4500345e-05 2.4062908e-05 7.1225734e-24)
(2.237046e-05 3.700821e-05 0)
(3.1822331e-05 5.2451588e-05 0)
(4.317623e-05 7.0855567e-05 1.1188614e-26)
(5.6817286e-05 9.2757944e-05 0)
(7.3208295e-05 0.00011877975 0)
(9.2905157e-05 0.00014963195 0)
(0.00011657529 0.00018611979 -2.4042585e-23)
(0.00014501939 0.0002291432 2.8517915e-23)
(0.00017919706 0.00027969112 -2.7460434e-25)
(0.00022025657 0.00033882709 3.9237113e-23)
(0.00026956911 0.00040766275 -4.6375116e-23)
(0.00032876722 0.00048731585 8.7483747e-25)
(0.0003997868 0.00057884924 0)
(0.00048491104 0.00068318819 0)
(0.00058681316 0.0008010156 7.9165478e-23)
(0.00070859291 0.00093264791 -8.566133e-23)
(0.00085379972 0.0010778997 0)
(0.0010264321 0.0012359509 -2.680964e-23)
(0.0012309007 0.0014052379 -2.7231947e-24)
(0.0014719418 0.0015833911 0)
(0.0017544663 0.0017672435 5.7554082e-24)
(0.0020833362 0.0019529236 -6.4274801e-23)
(0.0024630655 0.002136029 0)
(0.002897454 0.0023118557 -2.207118e-22)
(0.0033891724 0.0024756348 4.2189888e-22)
(0.0039393271 0.0026227189 -6.3609591e-22)
(0.0045470364 0.002748671 -3.5284785e-22)
(0.0052090501 0.0028492387 -2.6178913e-22)
(0.0059194313 0.0029202564 3.1662117e-22)
(0.0066692676 0.0029576862 -1.110241e-21)
(0.007447418 0.0029578339 0)
(0.0082401841 0.0029162997 -1.587816e-21)
(0.0090299028 0.002828471 1.5146771e-21)
(0.0097982643 0.0026941193 2.4474632e-21)
(0.010528177 0.0025156813 -3.368114e-21)
(0.011203998 0.0022988463 -8.1385836e-22)
(1.7465555e-06 3.690034e-06 -1.8693993e-24)
(5.5913188e-06 1.1772193e-05 -6.4993687e-24)
(1.0216148e-05 2.1426634e-05 1.5550567e-23)
(1.5784697e-05 3.2951899e-05 -9.3021559e-24)
(2.2493749e-05 4.6699586e-05 -5.6057419e-27)
(3.0583123e-05 6.3080486e-05 0)
(4.0344993e-05 8.2571938e-05 0)
(5.2135623e-05 0.00010572475 0)
(6.6390127e-05 0.0001331689 -2.2186524e-23)
(8.3640809e-05 0.00016561709 6.8647576e-26)
(0.0001045398 0.0002038646 3.126836e-23)
(0.00012988692 0.0002487837 3.6808661e-23)
(0.00016066367 0.00030131 -8.6143194e-23)
(0.00019807417 0.00036241793 5.0634834e-23)
(0.00024359368 0.00043308221 -8.748394e-25)
(0.00029902441 0.00051422215 0)
(0.00036655742 0.00060662669 7.633424e-23)
(0.00044883734 0.00071085967 -8.5613227e-23)
(0.00054902396 0.00082714824 0)
(0.00067084105 0.00095526187 -9.2233085e-23)
(0.00081859895 0.0010943949 1.3353808e-22)
(0.00099717339 0.0012430711 -2.3208331e-24)
(0.0012119212 0.0013990927 -1.2762361e-22)
(0.0014685145 0.0015595535 7.3507281e-23)
(0.0017726807 0.0017209288 6.4287758e-23)
(0.0021298481 0.0018792393 -2.5431994e-22)
(0.0025447105 0.0020302627 1.3220061e-22)
(0.0030207406 0.0021697531 2.4505449e-22)
(0.0035596936 0.0022936136 2.1141367e-22)
(0.0041611419 0.0023979829 -4.1470333e-22)
(0.004822082 0.0024792234 -3.2382299e-22)
(0.0055366362 0.0025338471 0)
(0.0062958628 0.0025584981 1.1124563e-21)
(0.0070881024 0.0025500394 8.7079794e-20)
(0.0078990128 0.0025051072 1.8583653e-19)
(0.0087109607 0.0024206536 -2.3045053e-21)
(0.0095051031 0.0022966717 0)
(0.01026313 0.0021358485 1.1772837e-21)
(0.010968453 0.0019438473 1.1143637e-21)
(1.0986732e-06 3.067154e-06 -2.001916e-24)
(3.5256118e-06 9.7845604e-06 8.720067e-28)
(6.4575718e-06 1.7808423e-05 1.96558e-27)
(1.0007226e-05 2.7386316e-05 2.3481053e-27)
(1.4310557e-05 3.8810075e-05 5.9338818e-24)
(1.9536961e-05 5.2420431e-05 -7.0827966e-24)
(2.5897294e-05 6.8613124e-05 8.406877e-24)
(3.3654675e-05 8.7844534e-05 -1.0050408e-23)
(4.3138685e-05 0.00011063627 -2.3844718e-26)
(5.4763692e-05 0.00013757788 -1.4060209e-23)
(6.9052307e-05 0.00016932647 1.2783158e-25)
(8.666529e-05 0.00020660166 1.7921302e-25)
(0.00010843931 0.00025017375 2.3166913e-23)
(0.00013543394 0.00030084278 -2.6740203e-23)
(0.00016898905 0.00035940572 6.2512745e-23)
(0.0002107929 0.00042660942 -3.6373641e-23)
(0.00026295995 0.00050308735 0)
(0.000328115 0.0005892801 -5.813246e-24)
(0.00040947672 0.0006853419 -1.0300192e-22)
(0.00051092904 0.00079103984 2.0931067e-22)
(0.00063706382 0.00090565657 -1.2762204e-22)
(0.00079317292 0.0010279125 -9.8333208e-23)
(0.00098516557 0.0011559255 1.7877694e-22)
(0.0012193882 0.0012872261 -1.3893481e-22)
(0.001502332 0.0014188367 7.4490088e-23)
(0.001840229 0.0015474131 0)
(0.0022385553 0.0016694264 1.3015197e-22)
(0.0027014822 0.0017813496 -4.8901521e-22)
(0.0032313257 0.0018798061 2.4559528e-22)
(0.0038280468 0.0019616462 -2.1475773e-22)
(0.0044888471 0.0020239418 4.2781836e-22)
(0.0052078835 0.0020639291 -6.8496122e-22)
(0.0059761236 0.0020789731 3.6592845e-22)
(0.0067815225 0.0020666032 -1.7028625e-19)
(0.0076091759 0.0020243804 -1.0561772e-19)
(0.0084412298 0.0019503585 1.6287201e-21)
(0.0092583346 0.0018447435 6.9614044e-22)
(0.010041191 0.0017100846 -6.7788573e-22)
(0.010772326 0.0015514096 1.2042809e-21)
(5.7751688e-07 2.30093e-06 4.1824471e-23)
(1.8640326e-06 7.3399784e-06 -8.5090174e-23)
(3.4343065e-06 1.3358928e-05 4.3799179e-24)
(5.3600966e-06 2.0543188e-05 5.2224777e-24)
(7.7284901e-06 2.9111479e-05 -1.2478156e-23)
(1.0652304e-05 3.9319041e-05 7.4408818e-24)
(1.4277098e-05 5.14622e-05 8.443435e-27)
(1.8791265e-05 6.5882537e-05 0)
(2.4439823e-05 8.2970227e-05 2.3844721e-26)
(3.1542733e-05 0.00010316597 -2.9424169e-26)
(4.0519011e-05 0.00012696055 0)
(5.1918314e-05 0.00015489089 2.0453201e-23)
(6.6461806e-05 0.00018753084 -2.4339276e-23)
(8.5094096e-05 0.00022547518 0)
(0.00010904783 0.00026931464 0)
(0.00013992175 0.0003196001 0)
(0.00017977133 0.00037679476 0)
(0.00023120862 0.0004412139 2.9899131e-24)
(0.00029750334 0.00051295453 -3.4806899e-24)
(0.00038267249 0.00059181954 6.687027e-23)
(0.00049153893 0.00067724497 -2.5303963e-24)
(0.00062973394 0.00076824232 -8.9338721e-23)
(0.00080361555 0.00086336981 -3.5699211e-23)
(0.0010200764 0.00096074559 0)
(0.0012862248 0.0010581101 1.804848e-22)
(0.00160894 0.001152935 -1.5210259e-22)
(0.0019943266 0.0012425629 -7.1412172e-23)
(0.0024471147 0.0013243498 0)
(0.002970066 0.0013957792 0)
(0.0035634478 0.0014545212 2.1923394e-22)
(0.0042246179 0.0014984313 -3.9604552e-22)
(0.0049477492 0.0015255084 7.6208781e-24)
(0.0057237052 0.0015338613 -2.8924619e-22)
(0.006540147 0.0015217287 -2.2349714e-21)
(0.0073817302 0.0014874728 4.972353e-22)
(0.0082303046 0.0014299224 0)
(0.0090660695 0.0013493758 -7.2848675e-22)
(0.0098689573 0.0012479147 1.4249989e-21)
(0.010620762 0.0011294613 -1.6554537e-21)
(2.1308445e-07 1.4289809e-06 3.0731516e-23)
(7.0218401e-07 4.5582765e-06 -4.4947749e-23)
(1.3203064e-06 8.2957426e-06 -5.5652117e-28)
(2.110633e-06 1.2755889e-05 -6.3222766e-28)
(3.1260282e-06 1.8073691e-05 -3.2179265e-24)
(4.4397095e-06 2.4406285e-05 3.8521522e-24)
(6.1515209e-06 3.1935711e-05 4.5090103e-27)
(8.3975461e-06 4.0871635e-05 0)
(1.1363695e-05 5.1454348e-05 -1.2724871e-26)
(1.5304049e-05 6.3958074e-05 2.9424176e-26)
(2.0565389e-05 7.868866e-05 0)
(2.7619885e-05 9.5978085e-05 8.1901024e-26)
(3.7108142e-05 0.00011618046 1.25283e-23)
(4.9894743e-05 0.00013966238 -1.9043158e-25)
(6.7137914e-05 0.0001667873 -1.7078639e-23)
(9.0374562e-05 0.00019789309 -6.1545626e-25)
(0.00012162002 0.00023326214 -4.6331427e-20)
(0.00016347883 0.00027308384 5.1466726e-20)
(0.00021925832 0.00031741079 2.8765801e-23)
(0.00029307085 0.00036611172 -1.2487469e-22)
(0.00038990352 0.00041882651 7.3353615e-23)
(0.00051562794 0.00047493081 -5.2893145e-23)
(0.00067691896 0.00053351884 -5.7168642e-24)
(0.00088105388 0.00059341241 -1.5081542e-23)
(0.0011355745 0.00065320075 6.228639e-23)
(0.0014478138 0.0007113092 7.8439281e-23)
(0.0018243158 0.0007660869 7.1456499e-23)
(0.0022702001 0.00081589637 0)
(0.002788538 0.00085918494 -6.3752244e-23)
(0.0033798072 0.00089452239 2.220023e-22)
(0.0040414708 0.00092060079 8.5121332e-23)
(0.0047677059 0.000936209 -1.976512e-22)
(0.0055492906 0.00094021033 0)
(0.0063736818 0.0009315543 8.600116e-22)
(0.0072252327 0.00090930253 1.0191435e-21)
(0.0080855376 0.00087283958 -2.1485502e-22)
(0.0089344541 0.0008224142 0)
(0.0097513832 0.00075938386 -2.0513035e-21)
(0.010517602 0.00068623272 0)
(2.345579e-08 4.8693496e-07 -5.5222428e-25)
(1.0277077e-07 1.5523661e-06 9.6187077e-25)
(2.2985014e-07 2.8228405e-06 1.149211e-24)
(4.3474613e-07 4.3357462e-06 -1.3756454e-24)
(7.5263458e-07 6.1356841e-06 1.637881e-24)
(1.2366134e-06 8.274654e-06 -1.9588139e-24)
(1.9635116e-06 1.0813733e-05 2.3196687e-24)
(3.0445652e-06 1.3825394e-05 -2.775763e-24)
(4.631461e-06 1.7397779e-05 1.2724872e-26)
(6.9401034e-06 2.1630509e-05 0)
(1.0289622e-05 2.6622731e-05 -4.5767485e-24)
(1.5112707e-05 3.2481011e-05 5.4368327e-24)
(2.2001839e-05 3.9325172e-05 -6.4129251e-24)
(3.178245e-05 4.7278759e-05 9.7010141e-26)
(4.5575453e-05 5.6464209e-05 8.6758253e-24)
(6.4886166e-05 6.6995205e-05 6.1546012e-25)
(9.1709501e-05 7.8966482e-05 -4.5744455e-20)
(0.00012864657 9.2441116e-05 5.5234349e-20)
(0.00017902461 0.00010743567 1.5945732e-23)
(0.00024700571 0.00012390426 -1.6121792e-23)
(0.00033766224 0.00014172329 -4.2654417e-24)
(0.00045699026 0.00016067951 1.7939621e-23)
(0.00061182842 0.00018046421 -1.0154807e-23)
(0.00080965265 0.00020067647 1.9430459e-23)
(0.0010582283 0.00022083674 -1.0871844e-19)
(0.0013651222 0.00024041041 1.1373676e-19)
(0.0017371044 0.00025883763 3.8367934e-23)
(0.0021794942 0.00027556392 -3.3441132e-23)
(0.0026955219 0.00029006451 9.7546252e-23)
(0.0032857722 0.00030185719 5.6406479e-23)
(0.0039477609 0.00031050246 -5.9651595e-23)
(0.0046756654 0.0003155949 -1.9154545e-22)
(0.005460216 0.00031675551 1.7043042e-22)
(0.0062887647 0.0003136357 -7.9388989e-23)
(0.0071455099 0.00030593041 -5.2331864e-22)
(0.0080119018 0.000293449 3.4901224e-22)
(0.0088676135 0.00027628675 1.0770004e-22)
(0.009691773 0.00025491421 5.3182801e-22)
(0.010465392 0.00023018068 1.6416027e-22)
(0.0059743153 -6.72013e-05 -1.2808995e-22)
(0.006404144 -6.3730323e-05 1.3132216e-23)
(0.0068138972 -5.7805326e-05 0)
(0.0071744798 -5.3453055e-05 -7.0323722e-23)
(0.0075143381 -4.928895e-05 0)
(0.0078243779 -4.5602599e-05 0)
(0.0081140385 -4.2266267e-05 0)
(0.0083834621 -3.9214373e-05 -9.4500204e-23)
(0.0086359586 -3.6399561e-05 8.2560911e-23)
(0.0088727884 -3.3775697e-05 -5.4507063e-23)
(0.0090961351 -3.1296105e-05 0)
(0.0093058163 -2.8935896e-05 3.7099055e-23)
(0.0095057726 -2.6688781e-05 0)
(0.0096907993 -2.4350073e-05 0)
(0.0098713864 -2.2698858e-05 0)
(0.0060148999 -0.00020261072 1.1727608e-22)
(0.0064403542 -0.00019234611 0)
(0.0068480643 -0.00017441077 3.9356246e-23)
(0.0072067325 -0.000161234 -1.438611e-24)
(0.0075453181 -0.00014864073 3.3576571e-23)
(0.0078544721 -0.00013746753 0)
(0.0081434863 -0.00012736775 0)
(0.0084124701 -0.00011812532 7.783972e-23)
(0.0086646319 -0.00010960885 -6.5866283e-23)
(0.0089011854 -0.00010167364 -8.0842869e-23)
(0.0091242659 -9.4186836e-05 4.6232087e-23)
(0.0093336258 -8.7060631e-05 -5.8272739e-23)
(0.0095332363 -8.029584e-05 5.9257506e-23)
(0.0097176527 -7.3250652e-05 -4.5397086e-23)
(0.0098978951 -6.8289435e-05 -2.5122351e-24)
(0.0061005397 -0.00033811044 0)
(0.0065188058 -0.0003215325 0)
(0.0069234878 -0.0002915999 3.4835442e-22)
(0.0072788418 -0.00026970472 -6.875365e-23)
(0.0076151287 -0.00024865693 6.8593221e-23)
(0.00792244 -0.00022997957 2.1760164e-22)
(0.0082099218 -0.00021306029 2.3018332e-22)
(0.0084776173 -0.00019756934 -6.1655658e-24)
(0.0087285867 -0.00018328448 -5.3658301e-24)
(0.0089639711 -0.00016997108 3.3300315e-22)
(0.009185828 -0.00015741418 3.6025864e-19)
(0.0093938085 -0.00014546068 3.0453168e-19)
(0.0095919475 -0.00013412972 6.2929266e-19)
(0.0097743456 -0.00012233037 -7.7284729e-19)
(0.0099531222 -0.00011401026 -6.645065e-23)
(0.006234002 -0.00047060031 0)
(0.006642198 -0.00044848181 4.8481268e-22)
(0.0070428224 -0.00040678638 -9.4660911e-23)
(0.0073933962 -0.00037643475 0)
(0.0077262794 -0.00034707376 -5.18357e-22)
(0.0080307087 -0.0003210124 -2.736707e-22)
(0.0083156879 -0.00029735408 -1.8305856e-22)
(0.0085811575 -0.00027568341 3.6626502e-22)
(0.008829985 -0.00025568689 2.7234115e-22)
(0.0090632111 -0.00023704895 -2.5539234e-22)
(0.0092827883 -0.00021947877 -3.5171135e-19)
(0.0094882267 -0.00020275803 -3.2402158e-19)
(0.0096836647 -0.00018692993 2.2315425e-19)
(0.0098625218 -0.00017046466 1.6570408e-19)
(0.010038609 -0.00015883091 6.7556608e-23)
(0.0064174409 -0.00059649706 -1.1328562e-22)
(0.0068126611 -0.00056997428 -2.8497023e-22)
(0.0072081544 -0.00051701694 -3.6166593e-22)
(0.0075524305 -0.00047868091 -5.314563e-22)
(0.0078807207 -0.00044135324 -6.9402651e-24)
(0.0081811501 -0.00040820148 -5.0930273e-22)
(0.0084625742 -0.00037805016 3.8390381e-22)
(0.0087247955 -0.00035042024 -6.5390152e-22)
(0.0089704462 -0.00032491322 -2.7674948e-22)
(0.0092004379 -0.00030114358 2.3034959e-22)
(0.0094165928 -0.00027875244 2.1971638e-23)
(0.0096182406 -0.00025746177 -1.782926e-22)
(0.009809665 -0.00023733436 -9.1158764e-19)
(0.0099833788 -0.00021644267 6.6426438e-19)
(0.010155477 -0.00020163284 0)
(0.0066522281 -0.00071183484 0)
(0.0070315813 -0.00068248347 7.90185e-22)
(0.0074208406 -0.00061904955 5.606672e-22)
(0.007757263 -0.0005734446 1.3885582e-21)
(0.008079685 -0.00052872599 1.2749378e-22)
(0.0083749239 -0.00048897877 -1.203968e-22)
(0.0086516648 -0.00045276787 8.7948834e-23)
(0.0089095399 -0.00041957079 2.4128907e-22)
(0.0091509045 -0.00038891597 -6.4555547e-23)
(0.0093765132 -0.00036036166 -1.6997634e-22)
(0.009588036 -0.00033349023 0)
(0.0097845846 -0.00030797505 1.7764061e-23)
(0.0099706278 -0.00028388479 -3.4667021e-23)
(0.01013756 -0.00025896338 1.9080503e-23)
(0.010304327 -0.00024121592 1.2308896e-22)
(0.0069387784 -0.00081233782 0)
(0.0072994118 -0.00078225551 -9.93738e-22)
(0.0076813517 -0.00070942617 -5.4768555e-22)
(0.0080083289 -0.00065752665 -5.5987989e-24)
(0.0083235221 -0.0006062466 4.1252914e-22)
(0.0086123183 -0.00056062456 -6.5143895e-19)
(0.0088831843 -0.00051899438 -5.1787766e-19)
(0.0091355534 -0.00048081091 -9.001062e-23)
(0.0093714653 -0.0004455471 9.3110427e-19)
(0.0095914912 -0.00041272198 -1.9982817e-18)
(0.0097971299 -0.00038187015 -4.4221568e-23)
(0.009987243 -0.00035263255 4.3319866e-23)
(0.010166519 -0.00032506291 -2.4704163e-22)
(0.010325048 -0.00029666896 1.9955036e-22)
(0.010485142 -0.00027633099 -1.2980703e-22)
(0.0072763727 -0.00089348852 -2.3423147e-22)
(0.0076154654 -0.00086538955 4.3365053e-23)
(0.0079891402 -0.00078457891 1.915886e-22)
(0.0083050197 -0.00072761408 -6.1797152e-22)
(0.008611542 -0.0006708827 9.4101231e-22)
(0.0088925994 -0.00062035474 5.6365432e-19)
(0.0091563537 -0.00057416877 6.1687554e-19)
(0.0094020153 -0.00053178149 0)
(0.0096312731 -0.00049263408 2.1620555e-18)
(0.0098444919 -0.00045622698 -1.0367279e-18)
(0.010042985 -0.00042206005 0)
(0.010225338 -0.00038976224 -3.1017513e-22)
(0.010396486 -0.00035934675 -1.4079457e-23)
(0.010545064 -0.00032819555 -3.8656151e-22)
(0.010697192 -0.00030572503 0)
(0.0076630204 -0.00095060852 -2.6396906e-22)
(0.0079776631 -0.00092771893 -5.7785438e-22)
(0.008342542 -0.0008409675 -1.997806e-23)
(0.0086455371 -0.00078039988 1.0469009e-21)
(0.0089418779 -0.0007196368 -1.0754134e-21)
(0.009213884 -0.00066543942 9.1679784e-22)
(0.0094692705 -0.00061579502 -1.8130115e-22)
(0.0097070079 -0.00057019515 -4.7523724e-22)
(0.0099284044 -0.00052807996 6.8705201e-22)
(0.0101336 -0.00048895592 3.3198076e-22)
(0.010323713 -0.00045230352 -7.5223945e-22)
(0.010497037 -0.00041776377 9.2624618e-22)
(0.010658773 -0.00038528109 4.7450901e-22)
(0.01079599 -0.00035223545 2.0038612e-22)
(0.010938961 -0.00032819604 0)
(0.0080968141 -0.00097890525 -1.0987099e-21)
(0.008386855 -0.00096524247 7.7327943e-22)
(0.0087387674 -0.00087524398 0)
(0.0090267634 -0.00081271992 -1.2245786e-21)
(0.0093113865 -0.00074969396 0)
(0.0095730498 -0.00069334271 -2.1104726e-22)
(0.0098188282 -0.0006415733 2.9420462e-23)
(0.010047442 -0.00059395897 8.3578568e-22)
(0.010259798 -0.00054997765 1.0870451e-21)
(0.010455801 -0.00050917061 -1.2605997e-21)
(0.010636368 -0.00047101704 6.5320523e-22)
(0.0107995 -0.00043519669 -1.2208918e-21)
(0.010950664 -0.00040155677 -5.0496446e-22)
(0.011075315 -0.00036760709 2.6715834e-23)
(0.011208095 -0.0003426553 2.1379296e-22)
(0.0085727893 -0.00097603716 3.2874215e-21)
(0.008840224 -0.00097244017 -6.0133804e-22)
(0.0091716053 -0.0008827342 3.4184629e-23)
(0.0094441177 -0.00082169131 1.8018893e-21)
(0.0097156082 -0.00075860114 7.5499845e-22)
(0.0099657008 -0.00070187811 0)
(0.010200688 -0.00064954285 -7.5262688e-22)
(0.010419035 -0.00060130696 0)
(0.010621239 -0.00055673232 -1.0907001e-21)
(0.010806966 -0.00051542819 9.0785018e-22)
(0.010976936 -0.00047689306 0)
(0.011128862 -0.00044087416 1.5766983e-23)
(0.011268474 -0.00040709473 -4.5227222e-22)
(0.01137962 -0.0003733297 -3.790752e-22)
(0.011501381 -0.00034819418 -4.1358534e-22)
(0.0090807565 -0.0009384952 -4.6991268e-22)
(0.009322635 -0.00094878661 4.6140413e-22)
(0.0096360398 -0.00086136288 1.4099675e-21)
(0.0098916428 -0.00080509336 -1.1886287e-21)
(0.010148793 -0.0007444245 2.1676688e-22)
(0.010386204 -0.00068936481 4.232581e-22)
(0.010609319 -0.00063822703 2.2553225e-21)
(0.010816354 -0.00059093313 3.1778175e-22)
(0.011007402 -0.0005471836 -1.4430022e-22)
(0.011181898 -0.00050669291 0)
(0.011340374 -0.00046900206 -7.0639044e-22)
(0.011480282 -0.0004339555 1.1650186e-21)
(0.011607589 -0.00040112933 -9.6618465e-24)
(0.011704609 -0.00036869758 3.7546653e-23)
(0.011814774 -0.00034415128 1.9937099e-22)
(0.0096143723 -0.00086309553 -2.2486969e-23)
(0.0098256774 -0.00089410809 3.4653013e-22)
(0.010123664 -0.00081049635 -2.0735866e-21)
(0.010362024 -0.00076158025 -1.5155602e-20)
(0.010603972 -0.00070595768 1.2390354e-18)
(0.010827799 -0.00065478312 4.9888144e-19)
(0.011038116 -0.00060676826 -6.2797192e-19)
(0.011232939 -0.00056211352 -4.3934562e-19)
(0.011411976 -0.00052071636 0)
(0.011574453 -0.00048243702 -9.7874668e-23)
(0.011720735 -0.00044688414 8.0222212e-22)
(0.011848046 -0.00041402932 -5.106113e-22)
(0.011962559 -0.00038328331 -2.6732991e-19)
(0.012045191 -0.00035334769 -2.3019249e-19)
(0.012143467 -0.00033017438 -1.6383582e-22)
(0.010164422 -0.00074747195 -3.852491e-21)
(0.010346647 -0.00080357308 -1.7266741e-21)
(0.010626466 -0.00072951031 -1.3272711e-21)
(0.010847197 -0.00069067923 -4.9054755e-19)
(0.011073243 -0.00064283859 -5.0862512e-19)
(0.011282807 -0.00059789505 -7.1733076e-19)
(0.011479605 -0.00055503678 4.8028063e-19)
(0.011661499 -0.000514803 5.7997979e-19)
(0.011827855 -0.00047734763 -9.7580754e-22)
(0.011977728 -0.00044271899 0)
(0.012111342 -0.00041061976 0)
(0.012225744 -0.00038117778 0)
(0.012327261 -0.00035362629 2.5210094e-19)
(0.012395627 -0.00032731324 2.4557264e-19)
(0.012482013 -0.00030627091 -1.2610133e-22)
(0.010720278 -0.00059173053 1.2261764e-18)
(0.010875248 -0.00067728347 3.7319143e-19)
(0.011135318 -0.00061822798 1.3379433e-21)
(0.011338327 -0.00059275427 2.964249e-22)
(0.011548032 -0.00055560748 -1.8953315e-21)
(0.011742921 -0.00051931779 1.5631695e-21)
(0.01192572 -0.00048369774 1.0136013e-21)
(0.01209419 -0.00044969361 4.6728291e-23)
(0.012247416 -0.00041777717 1.2309383e-21)
(0.012384327 -0.00038822797 0)
(0.012505044 -0.00036086947 7.3070312e-23)
(0.012606501 -0.00033601276 9.3457121e-22)
(0.012695119 -0.00031270844 -7.5259519e-22)
(0.012749723 -0.00029105604 -6.4092555e-22)
(0.012824508 -0.00027284029 2.8998108e-22)
(0.01127038 -0.00039730901 -7.0283476e-19)
(0.011400623 -0.00051616575 -8.7909313e-19)
(0.011640355 -0.00047782016 2.4088986e-21)
(0.011826111 -0.00046917392 -1.7563715e-21)
(0.012019423 -0.000445742 1.5031626e-21)
(0.012199547 -0.00042054518 -1.902607e-21)
(0.012368151 -0.00039422567 -2.2290227e-21)
(0.012522954 -0.00036822288 -2.5170369e-22)
(0.012662838 -0.00034339153 4.5761215e-22)
(0.012786673 -0.00032028528 -2.0614375e-22)
(0.012894519 -0.00029887417 3.5008464e-19)
(0.012983274 -0.00027967636 2.5862982e-19)
(0.013059375 -0.00026156245 7.0639531e-22)
(0.013101076 -0.00024547128 6.8047484e-22)
(0.013164809 -0.00023068228 -2.1201358e-22)
(0.011802687 -0.00016723852 1.5583018e-21)
(0.011911758 -0.00032246277 -1.452613e-21)
(0.012131516 -0.00031073549 -2.923259e-21)
(0.012301203 -0.00032235587 4.1179623e-21)
(0.012478565 -0.00031564133 -2.1126461e-21)
(0.012644207 -0.00030390945 -1.0146379e-21)
(0.012798733 -0.00028885897 1.2491269e-21)
(0.012939895 -0.00027252579 2.3773511e-22)
(0.013066475 -0.00025621577 -2.3493689e-22)
(0.013177365 -0.00024079747 1.2088467e-21)
(0.013272615 -0.00022641106 -3.0110146e-19)
(0.013349168 -0.00021380102 -3.036783e-19)
(0.01341339 -0.0002016693 -5.9827168e-22)
(0.013443353 -0.00019186056 -1.2293883e-23)
(0.013496796 -0.00018097696 3.9568803e-22)
(0.012305164 9.3755063e-05 -3.4930793e-22)
(0.012397916 -9.9749903e-05 2.1667991e-21)
(0.012599078 -0.00012055716 7.5721128e-22)
(0.012754665 -0.00015568756 -3.6779504e-21)
(0.012917099 -0.00016853045 -5.5221971e-23)
(0.013068953 -0.00017247374 1.0179541e-21)
(0.013209845 -0.00017049068 0)
(0.013337665 -0.0001653283 -2.0939557e-21)
(0.013451228 -0.00015881177 2.1999653e-22)
(0.013549542 -0.00015216058 -1.5028047e-21)
(0.013632698 -0.00014570482 1.3576509e-21)
(0.013697773 -0.00014042881 -7.2082375e-23)
(0.013750961 -0.0001348872 4.3523073e-23)
(0.013770587 -0.00013187198 -3.545163e-23)
(0.013814647 -0.00012523432 -1.7149981e-22)
(0.012766274 0.00037931151 -3.3760301e-21)
(0.012849089 0.00014720158 3.2077156e-22)
(0.013034127 8.8247845e-05 -1.8957457e-21)
(0.013178411 2.6671399e-05 1.7199735e-21)
(0.01332757 -8.2718234e-06 0)
(0.013466752 -2.9850335e-05 0)
(0.013594781 -4.249623e-05 0)
(0.013709825 -4.9785817e-05 1.8411166e-21)
(0.01381089 -5.4127616e-05 0)
(0.013897213 -5.7120219e-05 0)
(0.013968975 -5.9298667e-05 0)
(0.014023472 -6.1894159e-05 2.4456132e-19)
(0.014066622 -6.3347121e-05 1.6645499e-19)
(0.014077461 -6.740994e-05 4.3333114e-22)
(0.014113115 -6.5215057e-05 1.0347751e-22)
(0.013175597 0.0006814002 3.2206787e-21)
(0.013256516 0.00041248613 0)
(0.013429008 0.00031057952 1.4346988e-21)
(0.013565592 0.00022002165 4.1440208e-22)
(0.013703779 0.00016085652 3.1216784e-22)
(0.01383182 0.00012001274 -2.5275925e-21)
(0.013948061 9.1469408e-05 0)
(0.014051136 7.0707968e-05 1.5770808e-21)
(0.014140433 5.4681801e-05 0)
(0.014215537 4.1396066e-05 1.0581582e-21)
(0.014276765 3.0101315e-05 8.3825877e-22)
(0.014321709 1.9319248e-05 -2.1446003e-19)
(0.014355898 1.0676031e-05 -1.9026881e-19)
(0.014359554 -5.2129763e-07 3.7128902e-22)
(0.014387771 -2.8275533e-06 -1.0888805e-22)
(0.013524735 0.00098986162 2.4450638e-22)
(0.013613697 0.00068848911 -5.9259293e-23)
(0.013778064 0.00054049525 -1.9075944e-22)
(0.013911116 0.00041907341 0)
(0.014041188 0.00033420273 0)
(0.014159941 0.00027293449 1.9201402e-21)
(0.014265701 0.00022760751 -1.4571805e-21)
(0.014357802 0.00019267255 4.9070003e-23)
(0.014436228 0.00016441203 -1.691635e-22)
(0.014501032 0.00014043633 -9.2603424e-22)
(0.014552697 0.0001197799 -9.3460198e-22)
(0.014589174 0.00010072506 0)
(0.014615493 8.4899334e-05 0)
(0.014613538 6.6730109e-05 -1.3964003e-21)
(0.014635199 5.998733e-05 3.8270426e-23)
(0.013806606 0.0012936159 2.0455305e-22)
(0.013916996 0.00096599754 -3.7445731e-22)
(0.014078426 0.00077129617 -1.5565598e-22)
(0.014212188 0.00061810563 6.1371033e-22)
(0.014337272 0.00050692069 1.7483037e-21)
(0.014448721 0.00042469043 -2.1645345e-22)
(0.014545401 0.00036215964 1.6862788e-21)
(0.014627618 0.00031271418 -1.2041287e-21)
(0.014696174 0.00027197315 2.5647683e-19)
(0.014751688 0.00023718026 1.594166e-19)
(0.014794815 0.00020716093 0)
(0.014823911 0.00017997277 5.6025206e-23)
(0.014843398 0.00015716036 6.011142e-22)
(0.014837288 0.00013238435 6.4064739e-22)
(0.014853121 0.00012136711 -4.7083513e-23)
(0.014008933 0.0015885985 8.2060014e-22)
(0.014159702 0.0012414176 -8.2962581e-22)
(0.01432648 0.001000981 -1.7722492e-21)
(0.014466131 0.00081482129 2.454443e-22)
(0.014590133 0.00067655072 -2.2132323e-21)
(0.014696727 0.00057272211 0)
(0.014786014 0.00049254656 0)
(0.014859649 0.00042830299 0)
(0.014919499 0.00037493713 -1.8590128e-19)
(0.014966849 0.00032933401 -2.1920172e-19)
(0.015002512 0.00029009661 6.5026372e-23)
(0.015025281 0.00025505965 -6.465665e-23)
(0.015038888 0.00022558348 -6.1276131e-22)
(0.015029913 0.00019470534 -3.2119459e-23)
(0.015040425 0.00017966577 0)
(0.014107184 0.0018906483 -1.0369863e-21)
(0.014316363 0.0015291111 9.3708735e-22)
(0.014505803 0.0012420004 3.0651353e-22)
(0.01466265 0.0010170354 2.095014e-22)
(0.014793738 0.00084724458 -3.5744833e-19)
(0.014900583 0.00071878084 -1.7621616e-19)
(0.014985739 0.00061908492 -1.1710492e-21)
(0.01505305 0.0005389517 1.9334858e-21)
(0.015105976 0.00047238098 -1.5491403e-21)
(0.015146669 0.00041574437 0)
(0.015176139 0.00036731582 -8.9221109e-22)
(0.015193691 0.00032467108 3.6152168e-23)
(0.015202325 0.00028884404 -3.558743e-23)
(0.015191676 0.00025236233 0)
(0.01519707 0.00023371045 -1.6723551e-22)
(0.010042602 -1.9219946e-05 0)
(0.010206135 -1.7120091e-05 0)
(0.010376665 -1.4749621e-05 0)
(0.010536756 -1.2483818e-05 0)
(0.010692738 -1.0455827e-05 0)
(0.010838419 -8.5363348e-06 0)
(0.010972003 -6.8027996e-06 0)
(0.011091531 -5.1800588e-06 0)
(0.01119008 -3.7202868e-06 0)
(0.011269968 -2.2864566e-06 0)
(0.011312067 -1.0508769e-06 0)
(0.011334795 3.7836552e-07 0)
(0.011278322 1.2611691e-06 0)
(0.011235695 3.0756064e-06 0)
(0.010978777 2.6922477e-06 0)
(0.010067159 -5.7912698e-05 0)
(0.010227715 -5.162505e-05 0)
(0.010395898 -4.4495491e-05 0)
(0.010553838 -3.767673e-05 0)
(0.010707938 -3.1565084e-05 0)
(0.010852011 -2.577769e-05 0)
(0.010984237 -2.0546364e-05 0)
(0.01110265 -1.5646016e-05 0)
(0.011200327 -1.1239002e-05 0)
(0.011279563 -6.896028e-06 0)
(0.011321271 -3.1697272e-06 0)
(0.011343842 1.1600946e-06 0)
(0.01128752 3.8345127e-06 0)
(0.011245173 9.3162756e-06 0)
(0.010989169 8.1105454e-06 0)
(0.010117999 -9.6787645e-05 0)
(0.010272389 -8.6353499e-05 0)
(0.010435694 -7.4497512e-05 0)
(0.010589165 -6.3138756e-05 0)
(0.010739345 -5.2933249e-05 0)
(0.010880063 -4.3258604e-05 0)
(0.011009446 -3.4497853e-05 0)
(0.011125515 -2.6282447e-05 0)
(0.011221349 -1.888522e-05 0)
(0.011299196 -1.1585792e-05 0)
(0.011340043 -5.3223772e-06 0)
(0.011362233 1.9650123e-06 0)
(0.011306148 6.472145e-06 0)
(0.011264356 1.5690344e-05 0)
(0.011010077 1.3644248e-05 0)
(0.010196545 -0.00013506347 0)
(0.010341436 -0.00012065175 0)
(0.010497202 -0.00010425272 0)
(0.010643748 -8.8478587e-05 0)
(0.010787841 -7.4261381e-05 0)
(0.010923336 -6.0755483e-05 -6.9308379e-36)
(0.011048277 -4.8492452e-05 6.1377607e-36)
(0.011160671 -3.697152e-05 0)
(0.011253593 -2.6576332e-05 0)
(0.011329222 -1.6305172e-05 0)
(0.011368657 -7.4786497e-06 0)
(0.011390164 2.8006944e-06 0)
(0.011334321 9.1588051e-06 0)
(0.011293362 2.2230898e-05 0)
(0.011041465 1.9336676e-05 0)
(0.010303864 -0.00017187679 0)
(0.010435879 -0.00015378914 0)
(0.010581364 -0.00013319542 0)
(0.01071845 -0.00011325297 0)
(0.010854198 -9.5208723e-05 0)
(0.010982505 -7.8010911e-05 0)
(0.011101314 -6.2339023e-05 0)
(0.011208609 -4.7575667e-05 0)
(0.011297462 -3.4217572e-05 0)
(0.011369964 -2.0991508e-05 0)
(0.011407353 -9.6052183e-06 0)
(0.011427791 3.6808011e-06 0)
(0.011372115 1.1914044e-05 0)
(0.011332284 2.8897117e-05 0)
(0.011083235 2.5144917e-05 0)
(0.010440583 -0.00020628495 0)
(0.010556406 -0.00018496625 0)
(0.010688864 -0.00016069676 0)
(0.010813935 -0.00013696645 0)
(0.010939034 -0.0001153912 0)
(0.011058134 -9.4732683e-05 0)
(0.011169053 -7.5818759e-05 0)
(0.011269753 -5.7935423e-05 0)
(0.011353307 -4.1696489e-05 0)
(0.011421698 -2.5569956e-05 0)
(0.011456335 -1.1657692e-05 0)
(0.011475231 4.6252955e-06 0)
(0.011419584 1.4728966e-05 0)
(0.011381043 3.5618261e-05 0)
(0.011135351 3.1080077e-05 0)
(0.010606806 -0.00023729081 0)
(0.010703304 -0.00021333472 0)
(0.01082007 -0.00018607769 0)
(0.010930623 -0.00015907973 0)
(0.011042783 -0.00013438652 0)
(0.011150642 -0.00011059651 0)
(0.01125188 -8.8686516e-05 0)
(0.011344445 -6.7870117e-05 0)
(0.011421413 -4.8883702e-05 0)
(0.011484648 -2.9953109e-05 0)
(0.01151576 -1.358129e-05 0)
(0.011532561 5.6604973e-06 0)
(0.011476756 1.7610527e-05 0)
(0.011439457 4.2393166e-05 0)
(0.011197771 3.7080735e-05 0)
(0.010802026 -0.00026387585 0)
(0.010876385 -0.00023802238 0)
(0.010974967 -0.00020862596 0)
(0.011068641 -0.00017902103 0)
(0.01116565 -0.00015174128 0)
(0.011260274 -0.00012525027 0)
(0.01135005 -0.00010067323 0)
(0.011432924 -7.7179146e-05 0)
(0.011501989 -5.5633702e-05 0)
(0.011558977 -3.404086e-05 0)
(0.011585734 -1.5311308e-05 0)
(0.011599822 6.8193975e-06 0)
(0.011543622 2.0524013e-05 0)
(0.011507285 4.9213552e-05 0)
(0.01127041 4.3152071e-05 0)
(0.011025062 -0.0002850403 0)
(0.011074921 -0.0002581642 0)
(0.011153109 -0.00022761745 0)
(0.011227772 -0.00019620066 0)
(0.011307573 -0.00016698072 0)
(0.011387069 -0.00013832015 0)
(0.011463658 -0.00011148964 0)
(0.011535309 -8.5644066e-05 0)
(0.011595146 -6.1785905e-05 0)
(0.011644775 -3.7720762e-05 0)
(0.011666307 -1.6773199e-05 0)
(0.011677009 8.1418205e-06 0)
(0.011620119 2.3540925e-05 0)
(0.011584402 5.6126354e-05 0)
(0.011352997 4.9330239e-05 0)
(0.011273999 -0.00029984978 0)
(0.01129759 -0.0002729387 0)
(0.011353561 -0.00024234243 0)
(0.011407408 -0.0002100296 0)
(0.011468183 -0.00017962136 0)
(0.011530824 -0.00014941897 0)
(0.011592614 -0.0001208316 0)
(0.011651573 -9.3031802e-05 0)
(0.01170089 -6.7166437e-05 0)
(0.011742045 -4.086891e-05 0)
(0.01175746 -1.7882895e-05 0)
(0.011764063 9.6747862e-06 0)
(0.011706127 2.6675736e-05 0)
(0.011670675 6.3068195e-05 0)
(0.011445233 5.5545186e-05 0)
(0.011546168 -0.00030748684 0)
(0.011542435 -0.00028160891 0)
(0.011574863 -0.00025213643 0)
(0.011606515 -0.00021994161 0)
(0.011646767 -0.0001891867 0)
(0.011691066 -0.00015815683 0)
(0.011736614 -0.00012838716 0)
(0.011781526 -9.9099121e-05 0)
(0.011819096 -7.1590833e-05 0)
(0.011850696 -4.3351436e-05 0)
(0.011859098 -1.8547525e-05 0)
(0.011860865 1.1472731e-05 0)
(0.011801463 2.9952313e-05 0)
(0.011765924 7.0054164e-05 0)
(0.011546787 6.1781689e-05 0)
(0.011838144 -0.00030730436 0)
(0.011806854 -0.00028356564 0)
(0.011815004 -0.00025641448 0)
(0.011823598 -0.0002254186 0)
(0.011842238 -0.00019522576 0)
(0.011867019 -0.00016415412 0)
(0.011895117 -0.00013384538 0)
(0.011924793 -0.00010359847 0)
(0.011949498 -7.4867737e-05 0)
(0.011970521 -4.5026698e-05 0)
(0.011971043 -1.8666626e-05 0)
(0.011967231 1.3597356e-05 0)
(0.011905891 3.340431e-05 0)
(0.011869885 7.706161e-05 0)
(0.011657286 6.8036548e-05 0)
(0.012145799 -0.00029887732 0)
(0.012087607 -0.00027837067 0)
(0.01207142 -0.00025470721 0)
(0.012056684 -0.00022601814 0)
(0.012053111 -0.00019733394 0)
(0.012057585 -0.00016705656 0)
(0.01206732 -0.00013690699 0)
(0.012080789 -0.00010628523 0)
(0.012091665 -7.6803655e-05 0)
(0.012101193 -4.5748239e-05 0)
(0.012093017 -1.8133894e-05 0)
(0.012082901 1.6116752e-05 0)
(0.012019119 3.7071347e-05 0)
(0.011982241 8.4102284e-05 0)
(0.011776307 7.4301496e-05 0)
(0.012464384 -0.00028204829 0)
(0.012380866 -0.00026579644 0)
(0.012341012 -0.00024669653 0)
(0.01230333 -0.00022140186 0)
(0.012277498 -0.00019517544 0)
(0.012261323 -0.00016655204 0)
(0.01225214 -0.0001372966 0)
(0.012248707 -0.00010692626 0)
(0.012244992 -7.7208791e-05 0)
(0.012242243 -4.5368576e-05 0)
(0.012224638 -1.6839538e-05 0)
(0.012207537 1.9104047e-05 0)
(0.012140794 4.0997439e-05 0)
(0.012102625 9.1187319e-05 0)
(0.011903385 8.0568489e-05 0)
(0.012788668 -0.00025696167 0)
(0.012682297 -0.00024585856 0)
(0.012620198 -0.0002322482 0)
(0.012560639 -0.00021136307 0)
(0.012513106 -0.00018850616 0)
(0.012476446 -0.00016238851 0)
(0.012448207 -0.00013477618 0)
(0.012427502 -0.00010530976 0)
(0.012408681 -7.5903932e-05 0)
(0.012393052 -4.3743824e-05 0)
(0.012365406 -1.4673284e-05 0)
(0.012340709 2.2635625e-05 0)
(0.012270498 4.5230316e-05 0)
(0.012230613 9.8327946e-05 0)
(0.012038007 8.6832103e-05 0)
(0.013113115 -0.00022408202 0)
(0.012987184 -0.0002188372 0)
(0.012904992 -0.00021143797 0)
(0.012825312 -0.00019585113 0)
(0.012757269 -0.00017719551 0)
(0.012700832 -0.00015439208 0)
(0.012653854 -0.00012915934 0)
(0.012615879 -0.00010125601 0)
(0.012581731 -7.2728266e-05 0)
(0.012552841 -4.0739141e-05 0)
(0.012514694 -1.1528026e-05 0)
(0.012481889 2.6788847e-05 0)
(0.012407738 4.9820334e-05 0)
(0.012365727 0.00010553878 0)
(0.012179617 9.3089442e-05 0)
(0.013432098 -0.00018419239 0)
(0.013290586 -0.00018528383 0)
(0.01319112 -0.00018456829 0)
(0.013093723 -0.00017499061 0)
(0.013006987 -0.00016124549 0)
(0.01293204 -0.00014248418 0)
(0.012867131 -0.00012032558 0)
(0.0128123 -9.4628683e-05 0)
(0.012762935 -6.7547934e-05 0)
(0.012720659 -3.6234898e-05 0)
(0.012671742 -7.3041349e-06 0)
(0.012630448 3.1639271e-05 0)
(0.012551946 5.4818837e-05 0)
(0.012507424 0.00011283795 0)
(0.012327611 9.9339693e-05 0)
(0.013740134 -0.00013836995 0)
(0.013587522 -0.0001460107 0)
(0.01347416 -0.00015217234 0)
(0.013362017 -0.00014909244 0)
(0.013258998 -0.00014080504 0)
(0.013167358 -0.00012669634 0)
(0.013085826 -0.00010823377 0)
(0.013014987 -8.5346155e-05 0)
(0.012950878 -6.0264987e-05 0)
(0.012895384 -3.0133402e-05 0)
(0.012835648 -1.9143164e-06 0)
(0.012785644 3.7257378e-05 0)
(0.012702467 6.0276368e-05 0)
(0.0126551 0.0001202458 0)
(0.012481343 0.00010558365 0)
(0.014032133 -8.7938735e-05 0)
(0.013873178 -0.00010206163 0)
(0.013749703 -0.00011500341 0)
(0.013626239 -0.00011865512 0)
(0.013509861 -0.00011617784 0)
(0.013403859 -0.00010718121 0)
(0.013307499 -9.293358e-05 0)
(0.013221942 -7.339205e-05 0)
(0.013143946 -5.0826278e-05 0)
(0.013075719 -2.2365899e-05 0)
(0.013005366 4.7111562e-06 0)
(0.012946621 4.3704999e-05 0)
(0.012858562 6.6241378e-05 0)
(0.012808084 0.00012778368 0)
(0.01264012 0.00011182312 0)
(0.014303632 -3.4401431e-05 0)
(0.014143118 -5.4664816e-05 0)
(0.014013537 -7.4008304e-05 0)
(0.013882478 -8.4354137e-05 0)
(0.01375607 -8.7821637e-05 0)
(0.013638479 -8.4218075e-05 0)
(0.013529538 -7.4573784e-05 0)
(0.013430983 -5.8824125e-05 0)
(0.013340345 -3.9231637e-05 0)
(0.013260205 -1.2899439e-05 0)
(0.013179713 1.2619019e-05 0)
(0.013112409 5.1031722e-05 0)
(0.013019397 7.2757802e-05 0)
(0.012965635 0.0001354733 0)
(0.012803203 0.00011806091 0)
(0.014550987 2.0644275e-05 0)
(0.014393482 -5.1697854e-06 0)
(0.014261821 -3.0285744e-05 0)
(0.01412702 -4.701927e-05 0)
(0.013994177 -5.6338373e-05 0)
(0.013868114 -5.8212066e-05 0)
(0.013749221 -5.3406541e-05 0)
(0.013639783 -4.1781054e-05 0)
(0.013538126 -2.5541185e-05 0)
(0.013447232 -1.7437753e-06 0)
(0.013357368 2.1827262e-05 0)
(0.013281922 5.9270344e-05 0)
(0.013184047 7.9843055e-05 0)
(0.013126947 0.00014333582 0)
(0.012969804 0.00012430232 0)
(0.01477153 7.5595262e-05 0)
(0.014621154 4.5021532e-05 0)
(0.014491255 1.4966514e-05 0)
(0.014356502 -7.6009762e-06 0)
(0.014220926 -2.2455848e-05 0)
(0.014089724 -2.9687376e-05 0)
(0.013963804 -2.9788213e-05 0)
(0.013845933 -2.2487942e-05 0)
(0.013735225 -9.8830081e-06 0)
(0.013635063 1.1039905e-05 0)
(0.013536889 3.2316931e-05 0)
(0.013453962 6.8426001e-05 0)
(0.013351578 8.752884e-05 0)
(0.013291151 0.00015137442 0)
(0.013139089 0.00013055392 0)
(0.014963654 0.00012890277 0)
(0.014823899 9.4530552e-05 0)
(0.014699225 6.0508481e-05 0)
(0.014568063 3.2870668e-05 0)
(0.014433386 1.2999803e-05 0)
(0.014300451 7.2672769e-07 0)
(0.014170607 -4.174891e-06 0)
(0.01404701 -1.2578643e-06 0)
(0.013929511 7.5408901e-06 0)
(0.01382187 2.5331779e-05 0)
(0.013716733 4.4023191e-05 0)
(0.013627222 7.8466047e-05 0)
(0.013521003 9.580583e-05 0)
(0.013457312 0.000159551 0)
(0.013310179 0.00013679075 0)
(0.015126829 0.00017902376 0)
(0.015000448 0.00014217104 0)
(0.014883904 0.00010514193 0)
(0.014759464 7.3354008e-05 0)
(0.014629078 4.9167038e-05 0)
(0.014497731 3.2345985e-05 0)
(0.014367118 2.2918224e-05 0)
(0.014240656 2.1545601e-05 0)
(0.014118848 2.6486203e-05 0)
(0.014005773 4.099242e-05 0)
(0.01389528 5.6867293e-05 0)
(0.013800301 8.9373946e-05 0)
(0.0136912 0.00010464387 0)
(0.013624498 0.00016800377 0)
(0.013482116 0.00014296704 0)
(0.014180778 0.002489091 -1.9544032e-23)
(0.014642842 0.0023493012 1.7913927e-23)
(0.015011242 0.0020856689 -1.3495617e-23)
(0.015212755 0.0016496408 -1.8444095e-21)
(0.015274399 0.0011652431 -2.938981e-21)
(0.015283535 0.00076390164 4.4577321e-21)
(0.015283417 0.00047403261 -1.2897244e-20)
(0.015270458 0.00025316547 0)
(0.015198994 7.356602e-05 1.4600354e-21)
(0.014109777 0.0027333899 1.8191002e-23)
(0.014546389 0.00252551 0)
(0.014884242 0.0021716041 0)
(0.01507944 0.0016691559 1.9472929e-21)
(0.015164503 0.0011599926 2.7756002e-21)
(0.015206519 0.00075640906 6.6345416e-21)
(0.015231025 0.00046775561 4.5680967e-20)
(0.015232142 0.00024972602 0)
(0.015163968 7.429866e-05 0)
(0.01393478 0.0029047298 9.0045785e-22)
(0.0143654 0.0026370692 0)
(0.014709388 0.0022107484 0)
(0.014928374 0.00166292 0)
(0.015051594 0.0011429846 1.0169715e-21)
(0.015129677 0.00074233744 -1.2017099e-20)
(0.015179033 0.0004567579 -6.3336698e-20)
(0.015194361 0.00024265722 3.9179548e-21)
(0.015136425 7.215679e-05 -3.6516743e-21)
(0.013714415 0.0030065045 -1.7067596e-21)
(0.014149443 0.0026870788 4.1947764e-22)
(0.014515051 0.0022072439 5.8962466e-21)
(0.0147713 0.0016336634 7.0085956e-21)
(0.014938657 0.0011142238 -2.1727413e-20)
(0.015054053 0.00072128098 4.0933495e-21)
(0.015128607 0.00044184377 3.6068652e-20)
(0.015158691 0.00023417659 2.6480877e-21)
(0.015112434 6.964823e-05 -3.9203887e-21)
(0.013460399 0.0030414362 -5.3147784e-22)
(0.013911664 0.0026808485 4.5071301e-22)
(0.014310953 0.002166101 -1.1770518e-20)
(0.014613312 0.0015837748 -7.0852579e-21)
(0.014827911 0.0010741241 -1.4714504e-18)
(0.014980657 0.0006933677 -1.316955e-18)
(0.015080185 0.0004231133 7.9446538e-20)
(0.015124953 0.00022400217 -1.0181751e-19)
(0.015091794 6.6581087e-05 -1.6633464e-20)
(0.013184397 0.003011935 4.5245861e-21)
(0.013662322 0.0026226829 -5.4407952e-21)
(0.014104296 0.0020910167 6.3799291e-21)
(0.014458051 0.0015148097 0)
(0.014720899 0.0010230334 1.1158202e-18)
(0.014910246 0.00065878092 1.7279992e-18)
(0.01503423 0.0004006387 -1.6941886e-19)
(0.015093537 0.0002119852 -1.2800333e-19)
(0.015074422 6.3243494e-05 -2.8318484e-19)
(0.012898008 0.0029214015 -2.8601494e-21)
(0.013410603 0.0025170775 1.0928418e-20)
(0.01390108 0.0019852763 0)
(0.01430854 0.0014281077 0)
(0.014619001 0.00096139044 -2.9358497e-20)
(0.014843519 0.00061779049 -1.3850936e-19)
(0.014991118 0.0003745296 9.3149042e-20)
(0.015065042 0.00019799793 2.0666805e-19)
(0.015057983 5.9548078e-05 6.0612411e-19)
(0.012611854 0.0027740898 2.431804e-21)
(0.013164423 0.0023685796 -7.2153764e-21)
(0.013706255 0.0018519163 0)
(0.014167324 0.0013249794 -2.7194368e-21)
(0.014523475 0.00088975593 2.1712454e-21)
(0.01478112 0.00057075169 7.4590559e-20)
(0.014951198 0.00034497751 0)
(0.015039185 0.00018214781 0)
(0.015044076 5.5264242e-05 -3.4757689e-19)
(0.012335242 0.0025748437 -2.7359959e-21)
(0.01293044 0.0021816437 -6.782822e-21)
(0.013523893 0.0016937801 0)
(0.014036571 0.0012067692 2.6590461e-20)
(0.014435476 0.00080880603 0)
(0.014723653 0.0005181016 4.9111592e-21)
(0.014914936 0.0003124087 -1.1777968e-19)
(0.015016885 0.0001645512 4.6276402e-21)
(0.015031456 5.0261165e-05 3.6785951e-19)
(0.01207624 0.0023289036 -6.2155129e-21)
(0.012714266 0.0019606487 1.6406664e-20)
(0.013357389 0.0015136129 0)
(0.013918147 0.001074899 -3.0342977e-20)
(0.014356084 0.00071932745 -2.9802619e-20)
(0.014671759 0.00046032051 -9.5699269e-20)
(0.014881735 0.00027729689 2.2883499e-19)
(0.014996757 0.00014555489 3.1516633e-19)
(0.01502106 4.4514877e-05 -2.607618e-20)
(0.011841777 0.0020418406 1.1359482e-20)
(0.012520623 0.0017099558 -8.6173652e-21)
(0.013209592 0.0013141469 0)
(0.01381366 0.00093089244 0)
(0.014286265 0.00062221335 -1.6531734e-21)
(0.014626194 0.00039789033 9.0409918e-20)
(0.014851767 0.00023974091 -2.4395495e-19)
(0.014978798 0.00012562128 -1.3416878e-19)
(0.015012953 3.8256005e-05 -4.4508515e-19)
(0.011637693 0.0017195103 -5.0250606e-21)
(0.012353442 0.0014339574 -8.974333e-22)
(0.013082877 0.0010981568 -1.105309e-20)
(0.013724479 0.00077638356 -1.4667897e-20)
(0.014226825 0.00051845334 8.129845e-20)
(0.014587642 0.00033133648 0)
(0.014827058 0.00019963306 1.3361564e-19)
(0.014963936 0.0001045217 -1.7411386e-19)
(0.015005698 3.1742628e-05 0)
(0.011468782 0.0013680049 -2.756522e-21)
(0.012215932 0.0011371069 0)
(0.012979197 0.0008684893 1.1584418e-20)
(0.013651751 0.00061311243 1.8286741e-20)
(0.014178436 0.00040912301 -4.1218698e-20)
(0.014556377 0.00026129695 -8.7819516e-21)
(0.014807517 0.00015727274 7.1115805e-20)
(0.01495297 8.2220232e-05 6.7710538e-21)
(0.014999726 2.5017206e-05 3.4016995e-20)
(0.011338831 0.00099360798 3.7965357e-21)
(0.012110621 0.00082393197 0)
(0.012900098 0.00062807279 1.6259019e-21)
(0.0135964 0.00044291447 1.7139003e-20)
(0.014141654 0.00029537576 -2.7361909e-21)
(0.014532609 0.00018851852 -2.8802899e-20)
(0.014792589 0.00011331757 -7.5694793e-20)
(0.014944551 5.9206925e-05 1.1909508e-19)
(0.014995021 1.7953497e-05 -9.9516948e-21)
(0.011250653 0.0006027583 1.0060636e-21)
(0.012039386 0.0004990413 0)
(0.012846733 0.00037992404 0)
(0.013559123 0.00026772074 -9.4436949e-21)
(0.014116905 0.00017844892 1.4123307e-20)
(0.014516589 0.00011380544 1.5197606e-20)
(0.014782306 6.8324699e-05 0)
(0.014938074 3.5745098e-05 -6.0909945e-20)
(0.014992419 1.073243e-05 0)
(0.011206106 0.00020202659 -7.7879972e-22)
(0.012003465 0.00016713566 1.3187443e-22)
(0.012819868 0.00012716352 -7.1608223e-22)
(0.013540379 8.9576695e-05 -1.0260173e-20)
(0.01410447 5.9691394e-05 -1.2839917e-20)
(0.01450853 3.805045e-05 1.8004645e-20)
(0.014777102 2.2845089e-05 -1.473712e-21)
(0.014934787 1.2035027e-05 -6.7148469e-20)
(0.014991168 3.4341437e-06 -8.3542679e-21)
(0.014354722 0.0021057172 0)
(0.014576363 0.0017477553 2.0171217e-19)
(0.014765139 0.0014433607 2.3972419e-19)
(0.014915498 0.0011973966 -3.6098169e-24)
(0.015032998 0.0010058723 2.8201709e-19)
(0.015121884 0.0008569758 2.6748502e-19)
(0.015187969 0.00073876734 1.2152556e-21)
(0.015237345 0.00064223499 -2.0148965e-21)
(0.015274482 0.00056148284 3.0829367e-22)
(0.015301624 0.00049293175 1.011792e-21)
(0.015319381 0.00043462457 1.6777082e-21)
(0.01532729 0.00038402231 0)
(0.015327314 0.00034142197 -2.7001961e-22)
(0.015312256 0.00029946481 2.5796547e-19)
(0.015309442 0.00027704044 -4.7319536e-19)
(0.014809794 0.0020538954 1.2781934e-22)
(0.015021047 0.0017555366 -1.9520938e-19)
(0.01516894 0.0015007575 -2.324402e-19)
(0.01527041 0.0012883672 -6.2630762e-22)
(0.015340481 0.0011126714 0)
(0.015387622 0.00096616397 -1.2542684e-23)
(0.015419204 0.00084236122 1.2581665e-23)
(0.015440863 0.00073661796 0)
(0.015455646 0.00064583139 1.4091846e-21)
(0.015464066 0.00056789109 -4.5054008e-22)
(0.015465766 0.0005012439 -1.2608395e-21)
(0.015460456 0.00044355347 3.93352e-24)
(0.015449139 0.00039431606 2.151393e-22)
(0.01542768 0.00034747084 -2.8446989e-19)
(0.015414912 0.00032004157 5.2101203e-19)
(0.015155166 0.0019169015 -1.0301142e-22)
(0.015309095 0.0017182364 -1.0562537e-22)
(0.015412494 0.001528707 -4.2116704e-22)
(0.015481796 0.0013561797 5.0221795e-22)
(0.015531451 0.001200531 8.3384294e-24)
(0.015565973 0.0010611435 0)
(0.015588828 0.00093712248 8.7499062e-24)
(0.015602729 0.00082742104 -1.1647861e-22)
(0.015609965 0.0007314394 1.8677226e-24)
(0.015609675 0.00064799651 -6.0344639e-22)
(0.015602742 0.00057586205 4.3568494e-22)
(0.015590153 0.00051289174 1.8110402e-25)
(0.015572832 0.00045783089 8.3875032e-23)
(0.015549712 0.00040776182 3.3714153e-22)
(0.015531131 0.00037290275 0)
(0.015329496 0.0015741814 0)
(0.015424997 0.0014627624 2.1970279e-22)
(0.015497058 0.0013460549 -1.5939587e-23)
(0.015552726 0.0012327978 3.5010238e-22)
(0.015596751 0.0011250554 3.0662636e-22)
(0.015629926 0.0010238251 -1.1254647e-23)
(0.015652993 0.00092956537 2.4488698e-22)
(0.015667584 0.00084167963 -1.5785912e-22)
(0.01567467 0.00076135333 -4.8074234e-22)
(0.015673749 0.00068952498 1.7186036e-23)
(0.015668783 0.00062449059 0)
(0.015659717 0.00056529828 5.0223442e-22)
(0.015646743 0.00051147439 -5.4172538e-22)
(0.015630829 0.00046295033 3.1595969e-22)
(0.015616858 0.00042390466 6.4862914e-22)
(0.015357766 0.0011441577 0)
(0.015410137 0.0010948998 -2.9591079e-22)
(0.015455962 0.0010398751 -4.6004984e-23)
(0.01549557 0.00098359927 -6.2780546e-22)
(0.015529565 0.0009270157 -1.5549094e-22)
(0.015558088 0.00087065252 0)
(0.015581418 0.00081499055 -1.6544173e-22)
(0.01559994 0.00076054515 1.5923873e-22)
(0.01561397 0.00070781182 3.1958616e-22)
(0.015624451 0.00065734388 0)
(0.015632004 0.00060917815 -6.7949409e-22)
(0.015636525 0.00056440548 -3.6493166e-22)
(0.015639185 0.00052235601 3.9761398e-22)
(0.015639855 0.00048135912 2.7129548e-22)
(0.015639055 0.00044302789 -4.7466327e-22)
(0.015336779 0.0007652946 -1.2958472e-22)
(0.015362742 0.00074696056 2.9718254e-22)
(0.01538787 0.00072499289 -2.0695096e-22)
(0.015411648 0.00070139421 5.1558256e-22)
(0.015434034 0.00067655108 1.5150574e-22)
(0.015455032 0.00065068556 0)
(0.015474613 0.0006240275 -1.6603726e-22)
(0.015492758 0.00059681634 -1.4685774e-22)
(0.015509483 0.00056930295 0)
(0.015524837 0.00054174736 0)
(0.01553888 0.00051439588 5.8801377e-22)
(0.015551742 0.0004874369 -2.9280144e-22)
(0.015563557 0.0004610737 1.5014708e-22)
(0.015574432 0.0004356379 -5.4349925e-22)
(0.015583684 0.00041127349 7.333049e-23)
(0.015317278 0.00048290206 1.1488307e-22)
(0.015329792 0.00047735099 2.2202356e-24)
(0.01534264 0.00047012538 0)
(0.015355573 0.00046206635 0)
(0.015368575 0.00045329175 3.1279367e-22)
(0.015381639 0.0004438353 -8.3068914e-22)
(0.015394729 0.00043372702 2.0536667e-22)
(0.015407806 0.00042300365 -2.0961082e-22)
(0.015420839 0.00041171029 8.9540787e-22)
(0.015433805 0.00039990007 -9.1400337e-22)
(0.015446689 0.00038763157 4.734058e-22)
(0.015459486 0.00037497269 0)
(0.015472194 0.0003619901 0)
(0.015484878 0.00034874833 0)
(0.01549715 0.00033529325 0)
(0.015294988 0.00026359254 -1.8674246e-22)
(0.015301057 0.00026259093 2.8066438e-22)
(0.015307611 0.00026093363 -2.673394e-22)
(0.015314519 0.00025895668 4.8995811e-22)
(0.015321765 0.00025669418 -1.1579669e-21)
(0.01532938 0.00025414268 5.4093614e-22)
(0.015337384 0.00025129587 -6.9808685e-23)
(0.015345787 0.0002481504 1.3945615e-22)
(0.015354604 0.00024470721 0)
(0.01536385 0.00024097242 6.0939722e-22)
(0.015373542 0.00023695849 -1.5367061e-23)
(0.015383698 0.00023268555 -4.9404167e-22)
(0.015394337 0.000228183 0)
(0.015405499 0.00022349267 3.3299021e-22)
(0.015417032 0.0002186653 -3.3966053e-22)
(0.015217423 8.1247292e-05 2.4617258e-23)
(0.015221563 8.1278702e-05 0)
(0.015225678 8.1124739e-05 -5.6727666e-22)
(0.015230057 8.0893674e-05 1.2323059e-21)
(0.015234804 8.0595258e-05 -6.0719708e-22)
(0.015239912 8.0227284e-05 0)
(0.015245388 7.9786615e-05 4.3550462e-23)
(0.015251257 7.9270985e-05 0)
(0.015257548 7.867926e-05 0)
(0.015264288 7.8011699e-05 0)
(0.015271505 7.7270445e-05 -1.5917117e-21)
(0.015279227 7.6460356e-05 1.5684714e-21)
(0.015287484 7.559118e-05 0)
(0.015296295 7.468891e-05 0)
(0.015305867 7.3830294e-05 0)
(0.015244305 0.00021892704 0)
(0.015131322 0.00018131563 0)
(0.015023704 0.00014231606 0)
(0.014907424 0.00010777526 0)
(0.014783399 8.0558166e-05 0)
(0.014656136 6.0336263e-05 0)
(0.014527534 4.7341518e-05 0)
(0.014401113 4.2450751e-05 0)
(0.014277849 4.4101689e-05 0)
(0.014162002 5.5728898e-05 0)
(0.014048458 6.9018617e-05 0)
(0.013949871 9.9689565e-05 0)
(0.013839354 0.00011290117 0)
(0.013770357 0.00017579584 0)
(0.013632049 0.00014844906 0)
(0.015355815 0.00026058483 0)
(0.015258952 0.00022200342 0)
(0.015162316 0.00018166782 0)
(0.015056814 0.00014478931 0)
(0.014941825 0.00011478575 0)
(0.014821199 9.1302471e-05 0)
(0.014697005 7.4698925e-05 0)
(0.014572759 6.610306e-05 0)
(0.014449874 6.4209214e-05 0)
(0.014332709 7.2603637e-05 0)
(0.014217301 8.298289e-05 0)
(0.014115817 0.00011136045 0)
(0.014004948 0.0001223856 2.474792e-18)
(0.013933642 0.00018409285 2.6600914e-18)
(0.013800267 0.00015443528 0)
(0.015484951 0.00031811708 0)
(0.015413811 0.00027760851 0)
(0.015336741 0.00023723491 0)
(0.015250652 0.00019875999 0)
(0.015153381 0.00016589962 0)
(0.015047324 0.00013874021 0)
(0.014934611 0.00011759588 0)
(0.014818522 0.00010391593 0)
(0.014700853 9.7031466e-05 0)
(0.014585845 0.00010041451 0)
(0.014471169 0.00010651769 0)
(0.014367866 0.00013057363 0)
(0.014258383 0.00013829614 -3.5817229e-18)
(0.014185002 0.00019708955 -3.9046665e-18)
(0.014059553 0.00016460726 0)
(0.015593488 0.00037948275 0)
(0.0155564 0.00034094159 0)
(0.015510731 0.00030328156 0)
(0.015455749 0.00026645419 0)
(0.01538918 0.00023313277 0)
(0.015311429 0.00020395698 0)
(0.015224009 0.0001791164 0)
(0.015129459 0.00016019719 0)
(0.015029348 0.00014763889 0)
(0.014927079 0.00014427796 0)
(0.01482206 0.00014486673 0)
(0.014723554 0.0001613513 0)
(0.014620069 0.00016519664 0)
(0.014548463 0.00021547099 0)
(0.014436049 0.00018234815 0)
(0.015635817 0.00040893117 0)
(0.015628352 0.00037949395 0)
(0.015615024 0.00035039461 0)
(0.015594442 0.00032243902 0)
(0.015566915 0.0002974687 0)
(0.015531272 0.00027376269 0)
(0.015486144 0.00025053672 0)
(0.015432636 0.00022982369 0)
(0.015371369 0.00021384211 0)
(0.015303525 0.00020443556 0)
(0.015228927 0.00019955377 0)
(0.01515391 0.00020605123 0)
(0.015073308 0.00020670824 0)
(0.015014779 0.00024027716 0)
(0.014927306 0.00021093574 0)
(0.015592471 0.0003922309 0)
(0.01560083 0.00037637383 0)
(0.015607266 0.00035953237 0)
(0.015610001 0.00034022339 0)
(0.015610044 0.00031960348 0)
(0.015607845 0.00029968499 0)
(0.015602719 0.00028152589 0)
(0.015593897 0.00026685772 0)
(0.015581555 0.00025664737 0)
(0.015564733 0.00025104235 0)
(0.015543018 0.00025047035 0)
(0.01551861 0.00025374442 0)
(0.015489555 0.00025294392 0)
(0.015470192 0.00026793891 0)
(0.015438858 0.00024601611 0)
(0.015509418 0.00032524155 0)
(0.015522435 0.00031664331 0)
(0.015535905 0.00030731351 0)
(0.015549324 0.00029743298 0)
(0.015562628 0.00028724202 0)
(0.015575298 0.00027715196 0)
(0.015588032 0.00026650118 0)
(0.01559917 0.00025645903 0)
(0.015611128 0.00024852285 0)
(0.015623496 0.00024321479 0)
(0.015638393 0.00024051121 0)
(0.015656484 0.00024081715 0)
(0.015678399 0.00024364542 0)
(0.015702458 0.00025119465 0)
(0.015739941 0.00024323152 0)
(0.015428467 0.00021530319 0)
(0.015440484 0.00021267841 0)
(0.015453542 0.00020963549 0)
(0.015467574 0.00020605265 0)
(0.015482768 0.00020194513 0)
(0.015499242 0.00019739142 -5.8238823e-34)
(0.015517035 0.00019255904 6.0632757e-34)
(0.015536207 0.00018778523 0)
(0.015557053 0.00018332499 0)
(0.015579883 0.00017962815 0)
(0.015605947 0.00017701858 0)
(0.01563474 0.00017582685 0)
(0.015670195 0.0001758353 0)
(0.015704616 0.00017823176 0)
(0.015773829 0.00017906936 0)
(0.015314842 7.2806764e-05 0)
(0.015324918 7.2280182e-05 0)
(0.015335801 7.1683049e-05 0)
(0.015347895 7.0944111e-05 0)
(0.015361486 7.0053342e-05 0)
(0.01537666 6.9013217e-05 0)
(0.015393511 6.7837953e-05 0)
(0.015412189 6.6560539e-05 0)
(0.015432892 6.5239318e-05 0)
(0.015455874 6.3931086e-05 0)
(0.015481451 6.2735308e-05 0)
(0.015510099 6.1690604e-05 0)
(0.015542472 6.0890035e-05 0)
(0.01557746 5.9873933e-05 0)
(0.015633668 5.8421845e-05 0)
(2.0517685e-09 7.4916441e-08 0)
(1.4315144e-08 2.39369e-07 0)
(4.0556086e-08 4.3644338e-07 0)
(9.0018257e-08 6.7258898e-07 1.186678e-25)
(1.742291e-07 9.5558226e-07 -1.3149321e-27)
(3.1076756e-07 1.29464e-06 -1.699671e-25)
(5.2538057e-07 1.7006576e-06 0)
(8.5536291e-07 2.1864611e-06 -2.4033136e-25)
(1.3544652e-06 2.7670683e-06 8.4945298e-28)
(2.0997747e-06 3.4599467e-06 3.279934e-25)
(3.2012397e-06 4.2852501e-06 0)
(4.8147436e-06 5.2659966e-06 0)
(7.1598465e-06 6.428144e-06 0)
(1.054351e-05 7.800491e-06 -6.2922897e-25)
(1.5391259e-05 9.4143156e-06 7.2719818e-25)
(2.2287191e-05 1.1302634e-05 -2.0490655e-25)
(3.2023897e-05 1.3498946e-05 1.8172027e-24)
(4.5662457e-05 1.6035315e-05 -2.0186959e-24)
(6.460097e-05 1.8939667e-05 3.3432547e-20)
(9.0647353e-05 2.2232237e-05 -3.783969e-20)
(0.00012608825 2.5921225e-05 0)
(0.00017374109 2.9997934e-05 0)
(0.00023697147 3.4431915e-05 0)
(0.00031965468 3.9166955e-05 8.4760886e-24)
(0.00042606093 4.4118961e-05 4.0713232e-20)
(0.00056065057 4.9176836e-05 -3.913171e-20)
(0.00072778024 5.4207111e-05 0)
(0.0009313418 5.9062418e-05 2.5863666e-23)
(0.0011743772 6.3592895e-05 -2.294688e-23)
(0.0014587276 6.7658796e-05 -3.5429314e-23)
(0.0017847789 7.1141747e-05 8.2628942e-21)
(0.0021513316 7.3954144e-05 8.4480783e-21)
(0.0025556955 7.6039441e-05 3.6916946e-23)
(0.0029936364 7.7382397e-05 8.2494304e-23)
(0.0034604683 7.797538e-05 3.8773906e-24)
(0.0039487511 7.7896896e-05 1.0735277e-22)
(0.0044566988 7.7097669e-05 -5.4766106e-24)
(0.0049657304 7.5720887e-05 -1.5256531e-22)
(0.0054975705 7.4847945e-05 0)
(1.5938113e-08 2.2667323e-07 1.8620545e-25)
(5.8713393e-08 7.2418639e-07 0)
(1.2157376e-07 1.3202865e-06 -7.5595704e-28)
(2.150057e-07 2.0346141e-06 4.5182699e-28)
(3.5203837e-07 2.8907142e-06 1.0791899e-27)
(5.520491e-07 3.9164963e-06 -2.5745709e-27)
(8.4293744e-07 5.1449571e-06 0)
(1.2645703e-06 6.6149425e-06 9.3301062e-25)
(1.8737652e-06 8.3719368e-06 -3.3083341e-27)
(2.7512564e-06 1.0468842e-05 2.6053888e-26)
(4.0113145e-06 1.2966683e-05 -1.5514803e-24)
(5.8149237e-06 1.5935144e-05 -5.6795791e-26)
(8.3876284e-06 1.9452773e-05 1.3259346e-25)
(1.2043359e-05 2.3606674e-05 2.2956862e-24)
(1.7215673e-05 2.8491383e-05 -2.8339674e-24)
(2.4497799e-05 3.4206617e-05 -1.9981845e-25)
(3.4692528e-05 4.0853449e-05 -4.4464238e-24)
(4.8872048e-05 4.8528508e-05 3.9562577e-24)
(6.8446179e-05 5.73158e-05 3.5585195e-20)
(9.5234661e-05 6.7275968e-05 -3.6092596e-20)
(0.00013153535 7.8433168e-05 0)
(0.00018017532 9.0760372e-05 -3.7945734e-21)
(0.0002445272 0.00010416471 -3.8493742e-21)
(0.00032846963 0.00011847538 -1.6672028e-25)
(0.00043627156 0.00013343733 -1.583912e-23)
(0.0005723871 0.00014871396 3.8907203e-25)
(0.00074116215 0.00016390121 3.288413e-23)
(0.00094647448 0.00017855314 2.3235954e-23)
(0.0011913508 0.00019221647 7.3440988e-21)
(0.001477619 0.00020446865 7.1638865e-21)
(0.0018056556 0.00021495185 -8.0577934e-21)
(0.0021742598 0.00022340127 -8.8671112e-21)
(0.0025807477 0.00022964623 -5.82636e-23)
(0.0030209045 0.00023363956 -9.7161153e-23)
(0.0034900693 0.0002353606 2.1612602e-24)
(0.0039808379 0.00023504006 -9.7712031e-23)
(0.0044915425 0.00023253433 3.7603541e-22)
(0.0050032046 0.00022828521 1.6046363e-22)
(0.0055394996 0.00022548263 0)
(4.4929494e-08 3.8240427e-07 -3.2589857e-32)
(1.5142379e-07 1.221704e-06 6.2777172e-25)
(2.9078544e-07 2.2272803e-06 -7.5150962e-25)
(4.7611935e-07 3.432294e-06 -4.9497614e-23)
(7.2361408e-07 4.8764567e-06 2.3673796e-23)
(1.0564347e-06 6.6068391e-06 1.2827979e-24)
(1.5070185e-06 8.6790875e-06 -5.9530277e-27)
(2.1206577e-06 1.1158706e-05 0)
(2.9606403e-06 1.412238e-05 2.1661788e-24)
(4.1153932e-06 1.7659284e-05 -2.5731689e-24)
(5.7082974e-06 2.1872255e-05 0)
(7.9110735e-06 2.687867e-05 -3.3578884e-24)
(1.096184e-05 3.2810771e-05 4.2682113e-24)
(1.5189133e-05 3.9815092e-05 4.6178586e-24)
(2.1043297e-05 4.8050533e-05 -5.5229895e-24)
(2.91366e-05 5.7684489e-05 6.6020698e-24)
(4.0293022e-05 6.8886367e-05 -6.1640945e-24)
(5.5607796e-05 8.1817752e-05 7.6404478e-24)
(7.6514989e-05 9.6618602e-05 -1.0462215e-23)
(0.00010485877 0.00011338914 8.6735669e-24)
(0.0001429601 0.0001321678 -1.806042e-23)
(0.0001936659 0.00015290654 3.0528478e-21)
(0.00026036311 0.00017544627 4.6193533e-21)
(0.00034693692 0.00019949673 -3.4010951e-23)
(0.00045765325 0.00022462603 1.6303419e-23)
(0.00059695286 0.00025026548 -3.4081667e-20)
(0.00076915873 0.00027573345 4.9881475e-20)
(0.00097811899 0.00030027857 -4.7275545e-23)
(0.0012268284 0.00032313774 -2.9590907e-19)
(0.0015170865 0.00034360017 4.7864253e-19)
(0.0018492506 0.00036106427 -1.0977375e-22)
(0.0022221164 0.00037508497 1.0908585e-22)
(0.0026330135 0.00038537591 0)
(0.0030777659 0.00039185504 0)
(0.0035517666 0.00039449305 2.3907364e-22)
(0.004047682 0.00039366322 5.174972e-22)
(0.0045640895 0.00038912161 -4.1085683e-22)
(0.0050811952 0.0003816872 -6.9160263e-22)
(0.0056266708 0.0003762078 3.6438101e-23)
(9.0551956e-08 5.4204312e-07 3.4987532e-25)
(2.9731976e-07 1.7316741e-06 -6.095279e-25)
(5.5707084e-07 3.1569075e-06 -7.2758118e-25)
(8.870307e-07 4.8647128e-06 -3.9537528e-23)
(1.3083581e-06 6.91131e-06 8.1757183e-23)
(1.8501768e-06 9.3633233e-06 1.2399784e-24)
(2.5520617e-06 1.2299494e-05 2.6542527e-27)
(3.4678371e-06 1.5812487e-05 -1.747982e-24)
(4.6709633e-06 2.0010747e-05 1.630743e-26)
(6.261955e-06 2.5020325e-05 2.4694047e-24)
(8.3784997e-06 3.0986515e-05 -2.9263523e-24)
(1.1209162e-05 3.8075048e-05 3.315259e-24)
(1.5011761e-05 4.6472501e-05 -4.2742135e-24)
(2.0137683e-05 5.6385412e-05 5.8180036e-25)
(2.7063492e-05 6.8037462e-05 9.9914609e-24)
(3.6431113e-05 8.16639e-05 -1.2247967e-23)
(4.9097479e-05 9.7502248e-05 -1.7070681e-24)
(6.6193549e-05 0.00011577829 1.8733467e-23)
(8.9190899e-05 0.00013668647 -1.2397175e-23)
(0.00011997136 0.00016036426 1.7095412e-23)
(0.00016089136 0.00018686105 3.5378873e-20)
(0.00021482809 0.00021610346 -4.9298741e-20)
(0.00028519006 0.00024786092 0)
(0.00037587185 0.00028171769 1.6667684e-23)
(0.00049113382 0.00031705857 -4.7602008e-23)
(0.00063539512 0.00035307628 -5.2301903e-20)
(0.00081294239 0.00038880553 3.283691e-20)
(0.001027577 0.00042318422 0)
(0.0012822434 0.00045513533 -5.1760568e-19)
(0.0015786968 0.00048365671 2.7656241e-19)
(0.0019172641 0.00050790098 1.2894532e-22)
(0.002296735 0.00052724168 -1.1135006e-22)
(0.0027144595 0.00054127623 0)
(0.00316632 0.00054988489 0)
(0.0036477931 0.00055303312 -2.7724159e-22)
(0.0041516502 0.00055122921 -4.1484474e-22)
(0.0046768372 0.00054408907 -8.3265314e-22)
(0.0052023298 0.0005330096 7.4487341e-22)
(0.0057618164 0.00052356559 -7.4028275e-23)
(1.5452767e-07 7.052005e-07 6.7928489e-25)
(5.0189521e-07 2.2528388e-06 0)
(9.3043219e-07 4.1068427e-06 -1.4128204e-24)
(1.4631262e-06 6.3282315e-06 1.6889768e-24)
(2.1280849e-06 8.9900088e-06 0)
(2.9627578e-06 1.2178659e-05 0)
(4.016688e-06 1.5996357e-05 -2.8773434e-24)
(5.3556079e-06 2.0563287e-05 6.8143927e-24)
(7.0671652e-06 2.6020026e-05 -4.4262603e-26)
(9.268722e-06 3.2529872e-05 -4.8104063e-24)
(1.2117886e-05 4.0280908e-05 5.6558362e-24)
(1.5826651e-05 4.9487484e-05 -1.3328566e-23)
(2.0680208e-05 6.0390637e-05 7.8183047e-24)
(2.7061638e-05 7.3256831e-05 -2.8300286e-25)
(3.5483802e-05 8.8374138e-05 1.1677084e-23)
(4.6629599e-05 0.00010604484 -2.52267e-23)
(6.140135e-05 0.00012657316 1.5100646e-23)
(8.0979065e-05 0.00015024694 -7.4208801e-27)
(0.00010688561 0.00017731207 -9.047536e-27)
(0.00014105409 0.00020793921 8.3329231e-24)
(0.0001858889 0.00024218362 4.6873604e-20)
(0.00024430783 0.00027994046 -3.6284909e-20)
(0.00031974778 0.00032090088 0)
(0.00041611478 0.00036451644 -3.3877803e-23)
(0.00053766007 0.00040998167 0)
(0.00068877156 0.00045624446 5.9031119e-23)
(0.00087368451 0.00050205092 2.6131472e-23)
(0.0010961347 0.00054602494 -7.1709012e-23)
(0.0013589967 0.00058677397 4.4543874e-23)
(0.0016639637 0.00062300434 -3.6020942e-23)
(0.0020113198 0.00065362332 9.680066e-23)
(0.0023998453 0.00067782441 -5.9650274e-23)
(0.0028269164 0.00069508958 -3.8585311e-22)
(0.0032884926 0.00070525896 -4.0802935e-22)
(0.0037801637 0.00070829532 -4.1790533e-22)
(0.0042948393 0.00070483664 -6.4203918e-23)
(0.0048319384 0.00069428516 8.9044837e-22)
(0.0053688296 0.00067893597 -9.1414797e-23)
(0.0059470824 0.00066365442 1.0370263e-21)
(2.3879922e-07 8.7131268e-07 6.5869513e-25)
(7.7134697e-07 2.7833781e-06 0)
(1.4221499e-06 5.0737272e-06 0)
(2.2217554e-06 7.8176e-06 1.6373114e-24)
(3.2073842e-06 1.1104968e-05 -1.9582495e-24)
(4.427396e-06 1.5042368e-05 2.3326267e-24)
(5.9443843e-06 1.9755596e-05 -5.5430651e-24)
(7.8396572e-06 2.5392533e-05 3.3151188e-24)
(1.0219399e-05 3.2126026e-05 3.9254622e-24)
(1.3222957e-05 4.0156687e-05 -1.7749465e-26)
(1.7033897e-05 4.9715349e-05 -5.5123549e-24)
(2.1894697e-05 6.1064756e-05 0)
(2.8126093e-05 7.449994e-05 0)
(3.6152252e-05 9.0346456e-05 8.7602953e-24)
(4.6532973e-05 0.00010895546 -1.081809e-23)
(6.0003995e-05 0.00013069431 2.8894908e-24)
(7.7525995e-05 0.00015593122 -9.6789045e-24)
(0.00010034182 0.00018501238 -3.3804575e-24)
(0.00013003974 0.00021823034 1.1913403e-23)
(0.00016861783 0.00025578302 -2.4693427e-23)
(0.0002185409 0.00029772447 3.5255285e-23)
(0.0002827771 0.00034391048 3.4798825e-23)
(0.00036479774 0.00039394546 -3.5643377e-23)
(0.0004685212 0.00044714002 3.3915022e-23)
(0.00059818446 0.000502491 0)
(0.00075813287 0.00055869572 -3.5668107e-25)
(0.00095253343 0.00061420826 5.2529738e-23)
(0.0011850358 0.00066733763 -5.0428824e-23)
(0.0014584231 0.00071637725 -4.1574855e-23)
(0.0017743079 0.00075974497 3.9681199e-23)
(0.0021329175 0.00079610608 0)
(0.0025330175 0.00082447819 0)
(0.0029720142 0.0008442308 3.3501831e-24)
(0.0034459619 0.00085516174 -4.1014719e-22)
(0.0039505893 0.00085723378 8.1543095e-23)
(0.0044789763 0.00085120939 0)
(0.0050310871 0.00083617886 -9.5329936e-23)
(0.0055823755 0.00081575182 -1.1282691e-21)
(0.0061838688 0.0007921934 -2.2459564e-21)
(3.4551673e-07 1.0394958e-06 0)
(1.1125302e-06 3.3204532e-06 0)
(2.0446953e-06 6.0523514e-06 -1.2963188e-27)
(3.1820849e-06 9.3247268e-06 1.5838486e-24)
(4.5733972e-06 1.3244582e-05 -1.905484e-24)
(6.2807177e-06 1.7938547e-05 0)
(8.3830402e-06 2.3556048e-05 -1.0541747e-26)
(1.0981222e-05 3.0272601e-05 6.1758482e-21)
(1.4204682e-05 3.8293175e-05 -7.8049113e-21)
(1.8220278e-05 4.7855409e-05 0)
(2.3244004e-05 5.9232389e-05 0)
(2.9556344e-05 7.2734486e-05 1.2315915e-23)
(3.7522249e-05 8.8709563e-05 -1.4734828e-23)
(4.7616857e-05 0.00010754059 -5.3289469e-25)
(6.0458034e-05 0.00012963947 1.2292069e-24)
(7.6846676e-05 0.00015543543 -1.4074852e-24)
(9.7815129e-05 0.00018535646 -3.1741843e-24)
(0.00012468306 0.0002198017 0)
(0.00015911829 0.00025910368 2.8772157e-20)
(0.00020319734 0.00030347961 -4.5734682e-20)
(0.00025945717 0.00035297323 0)
(0.00033092525 0.0004073911 0)
(0.00042111191 0.00046624091 0)
(0.00053394711 0.00052868305 3.3532856e-23)
(0.00067364654 0.00059350912 0)
(0.00084449955 0.00065916102 -2.5726247e-20)
(0.001050586 0.00072379926 6.7827698e-20)
(0.0012954468 0.00078541996 0)
(0.0015817506 0.00084200762 -8.3681996e-23)
(0.0019110092 0.00089169846 8.0007049e-23)
(0.0022833774 0.00093292224 0)
(0.0026975987 0.00096452811 3.4831168e-22)
(0.0031511082 0.00098577997 4.0937207e-22)
(0.0036400733 0.00099643086 6.9132729e-22)
(0.0041603805 0.00099644785 1.228189e-21)
(0.0047053084 0.00098671088 -1.143412e-22)
(0.0052753933 0.00096588651 7.2534129e-22)
(0.005843963 0.0009393823 1.7499517e-21)
(0.0064726624 0.00090459156 -1.2572004e-22)
(4.7702684e-07 1.2084927e-06 1.2368986e-24)
(1.5329235e-06 3.8600331e-06 0)
(2.8116669e-06 7.0353321e-06 2.5736313e-24)
(4.365001e-06 1.0838173e-05 -6.1526546e-24)
(6.2556773e-06 1.5392492e-05 7.3625833e-24)
(8.562567e-06 2.0844864e-05 -4.3795932e-24)
(1.1384694e-05 2.7368106e-05 0)
(1.4846756e-05 3.5165028e-05 6.3765111e-21)
(1.9106458e-05 4.4472207e-05 -7.1614956e-21)
(2.436409e-05 5.5563582e-05 8.7991335e-24)
(3.0874968e-05 6.8753464e-05 -1.0358976e-23)
(3.8965543e-05 8.4398423e-05 -1.1933983e-23)
(4.9054107e-05 0.00010289719 2.8917526e-23)
(6.1677088e-05 0.00012468752 8.9783405e-25)
(7.7521933e-05 0.00015023853 -4.0631711e-23)
(9.7467288e-05 0.0001800368 2.0620349e-23)
(0.00012263063 0.00021456426 -2.4501405e-23)
(0.00015442239 0.00025426582 7.2981724e-24)
(0.00019460366 0.00029950531 4.0384883e-20)
(0.00024534224 0.00035050916 -3.0016159e-20)
(0.00030925796 0.00040729964 0)
(0.00038944499 0.00046962235 -3.9758316e-25)
(0.00048945545 0.00053687687 -1.0232273e-22)
(0.0006132279 0.00060806336 -9.7134603e-23)
(0.00076494728 0.00068176084 1.2844886e-22)
(0.00094883108 0.00075615216 -6.7751504e-20)
(0.0011688507 0.00082910513 2.2532946e-20)
(0.0014284141 0.00089830848 -1.9460743e-22)
(0.0017300501 0.00096144712 0)
(0.0020751487 0.0010163867 7.3706326e-23)
(0.0024637738 0.0010613312 -4.0073854e-22)
(0.0028946377 0.0010949722 -4.0527657e-22)
(0.0033651929 0.0011164826 3.9638882e-22)
(0.0038717436 0.001125565 0)
(0.0044103399 0.0011221993 -1.448262e-22)
(0.0049744814 0.001107373 1.7398574e-23)
(0.0055652486 0.0010792167 -7.1195344e-22)
(0.0061537496 0.0010454519 6.7166016e-20)
(0.0068128695 0.00099603648 6.7955997e-19)
(6.3582909e-07 1.376555e-06 2.3936275e-24)
(2.0404893e-06 4.3965212e-06 -2.0827902e-24)
(3.737535e-06 8.0124386e-06 0)
(5.7927134e-06 1.2342121e-05 2.9112862e-27)
(8.2856248e-06 1.752614e-05 -6.9540668e-27)
(1.1315236e-05 2.3730614e-05 -1.6566255e-26)
(1.5004516e-05 3.1151221e-05 0)
(1.9506613e-05 4.0017349e-05 -4.6985144e-26)
(2.5012926e-05 5.0596241e-05 -5.5910391e-26)
(3.1763479e-05 6.319687e-05 8.44848e-24)
(4.0060204e-05 7.8173111e-05 -2.000363e-23)
(5.0283902e-05 9.5925531e-05 1.1805945e-23)
(6.2915714e-05 0.00011690086 -1.9307374e-27)
(7.8564031e-05 0.0001415879 -1.5480765e-23)
(9.7997643e-05 0.00017050822 2.0946016e-23)
(0.00012218565 0.00020419969 -1.7105242e-23)
(0.00015234403 0.0002431907 2.4142263e-23)
(0.00018998747 0.00028796286 -4.1489424e-26)
(0.0002369834 0.0003389006 2.8953978e-23)
(0.00029560247 0.00039622745 1.4539612e-23)
(0.00036855648 0.00045993106 -1.8314682e-24)
(0.00045901157 0.00052968271 -3.480848e-23)
(0.00057056195 0.00060476126 3.3651606e-23)
(0.00070714899 0.0006839963 6.6369284e-23)
(0.00087291451 0.00076574754 6.0913242e-23)
(0.0010719855 0.00084793698 -6.0748052e-23)
(0.0013082012 0.00092814367 -2.1257303e-22)
(0.0015848097 0.0010037585 2.0381542e-22)
(0.0019041736 0.0010721811 9.1022963e-23)
(0.0022675388 0.0011310226 -3.052117e-22)
(0.002674858 0.0011782735 2.7053325e-22)
(0.0031248001 0.0012124827 5.7299451e-22)
(0.0036148042 0.0012327618 -6.0575634e-22)
(0.0041413538 0.0012387448 -5.8860567e-22)
(0.0047006446 0.0012304449 -5.8743856e-22)
(0.0052864093 0.0012089433 -7.486877e-22)
(0.0059001845 0.0011717379 -2.2451221e-22)
(0.0065109009 0.0011293734 -7.5353329e-19)
(0.0072026672 0.0010616293 -2.7494214e-20)
(8.245096e-07 1.541338e-06 1.157019e-24)
(2.6434621e-06 4.9224193e-06 -9.8494109e-28)
(4.837255e-06 8.9699804e-06 -2.4059572e-24)
(7.4881604e-06 1.3815439e-05 2.876591e-24)
(1.0695641e-05 1.9615439e-05 -3.4332013e-24)
(1.4582319e-05 2.6554934e-05 8.2076257e-24)
(1.9299301e-05 3.4851556e-05 -4.8918874e-24)
(2.5033108e-05 4.4760113e-05 5.8277018e-24)
(3.2014578e-05 5.6577027e-05 -1.3810149e-23)
(4.0530125e-05 7.0644414e-05 8.1357576e-24)
(5.0935965e-05 8.7353285e-05 0)
(6.3675968e-05 0.00010714511 0)
(7.9303953e-05 0.00013051071 -4.176176e-25)
(9.8511167e-05 0.00015798499 1.5446367e-23)
(0.0001221596 0.00019013576 -1.9156899e-23)
(0.00015132141 0.0002275446 -2.5749927e-24)
(0.00018732401 0.00027077709 0)
(0.00023179914 0.00032034057 4.490577e-23)
(0.00028673238 0.00037662742 -5.7497831e-23)
(0.00035450714 0.00043984421 0)
(0.000437934 0.00050992911 6.3568775e-23)
(0.00054025365 0.00058646428 -1.0037594e-22)
(0.00066509947 0.00066859463 -3.3437416e-23)
(0.00081640648 0.00075496897 -9.3170378e-25)
(0.0009982577 0.00084372225 -3.9775095e-24)
(0.0012146678 0.00093251636 5.3558347e-23)
(0.0014693174 0.0010186491 -3.2093257e-22)
(0.0017652659 0.001099228 2.2488983e-24)
(0.002104681 0.0011713876 -9.0840914e-23)
(0.0024886431 0.0012325072 6.1403434e-22)
(0.0029169691 0.0012803798 -1.2851572e-22)
(0.0033882746 0.0013134185 -3.4648912e-22)
(0.0038999081 0.0013307427 -7.9449882e-22)
(0.0044486336 0.0013318704 1.2934141e-23)
(0.0050307204 0.0013168881 1.1560326e-21)
(0.0056401378 0.0012869554 -2.1290263e-22)
(0.0062787293 0.001238872 -1.599054e-21)
(0.0069134422 0.0011864799 5.0500036e-22)
(0.0076389367 0.0010966909 -2.25952e-21)
(1.0456339e-06 1.6997773e-06 -1.1159696e-24)
(3.3500065e-06 5.4279351e-06 1.9434883e-24)
(6.1256453e-06 9.8900957e-06 -2.3213863e-24)
(9.4740509e-06 1.5230585e-05 2.775554e-24)
(1.3517771e-05 2.1621236e-05 -3.3122304e-24)
(1.8406876e-05 2.926474e-05 7.9106574e-24)
(2.4325065e-05 3.8399315e-05 -4.7012311e-24)
(3.149744e-05 4.9303486e-05 0)
(4.0200317e-05 6.2300729e-05 0)
(5.0773476e-05 7.7763646e-05 7.7525493e-24)
(6.3635369e-05 9.6117076e-05 -9.3507753e-24)
(7.9301934e-05 0.00011783928 -3.4151212e-25)
(9.8409683e-05 0.00014346005 0)
(0.00012174369 0.0001735541 -9.3986228e-25)
(0.00015027088 0.00020872783 -1.0773142e-24)
(0.00018517871 0.00024959719 2.4679643e-24)
(0.00022791827 0.00029675397 -2.7948698e-24)
(0.00028024997 0.00035071838 0)
(0.00034428767 0.00041187628 0)
(0.00042253516 0.00048040152 0)
(0.0005179058 0.00055616653 -1.5600561e-23)
(0.00063371395 0.0006386488 1.0181597e-24)
(0.0007736255 0.00072684593 6.6553456e-23)
(0.00094155602 0.00081921666 6.451806e-23)
(0.0011415101 0.00091366786 -3.039915e-22)
(0.0013773651 0.0010076053 1.1922787e-22)
(0.0016526135 0.0010980576 2.1497015e-22)
(0.0019700951 0.0011818686 3.6358907e-24)
(0.0023317524 0.0012559353 1.7566162e-22)
(0.0027384801 0.0013174387 1.5416858e-22)
(0.0031899345 0.0013639973 0)
(0.0036846714 0.0013938316 5.6950004e-22)
(0.0042197614 0.0014062718 1.4923564e-21)
(0.0047925362 0.0014006178 1.5288549e-23)
(0.0053991121 0.0013770541 -2.3282516e-21)
(0.0060337061 0.0013368239 9.9807741e-22)
(0.0066982624 0.0012760156 1.6570409e-21)
(0.0073580757 0.0012121997 1.111633e-21)
(0.0081172047 0.0010970809 2.0290349e-21)
(1.3016005e-06 1.8479777e-06 -2.1482854e-24)
(4.167751e-06 5.9006292e-06 3.7422599e-24)
(7.6165373e-06 1.0750111e-05 4.467354e-24)
(1.1771556e-05 1.6552632e-05 -5.3439906e-24)
(1.6781846e-05 2.3493929e-05 0)
(2.2828924e-05 3.1792862e-05 0)
(3.0133759e-05 4.1706316e-05 -3.5420816e-26)
(3.8965469e-05 5.3534172e-05 0)
(4.9652142e-05 6.7624068e-05 -4.980483e-26)
(6.2594116e-05 8.4375547e-05 1.1921918e-25)
(7.8280244e-05 0.00010424294 -1.3942393e-25)
(9.7307662e-05 0.00012773601 1.0242818e-20)
(0.00012040563 0.00015541708 -1.4888611e-20)
(0.00014846389 0.00018789291 -2.9611217e-23)
(0.00018256572 0.0002257992 3.8940984e-25)
(0.00022402541 0.00026977527 3.6113795e-23)
(0.00027442893 0.00032042629 2.7261283e-24)
(0.00033567535 0.00037827079 5.4091266e-23)
(0.0004100148 0.00044367204 -1.1345778e-22)
(0.00050007624 0.00051675414 1.1543061e-22)
(0.0006088763 0.00059730669 -4.661403e-23)
(0.00073979816 0.0006846868 -1.2509527e-22)
(0.00089652916 0.00077773221 1.2811552e-22)
(0.0010829479 0.00087470424 0)
(0.0013029569 0.00097328139 2.3971501e-22)
(0.0015602671 0.0010706216 -2.2997468e-22)
(0.0018581514 0.0011635015 0)
(0.0021991962 0.0012485266 -8.8000642e-23)
(0.002585084 0.0013223916 -4.2980137e-22)
(0.0030165047 0.0013821236 -4.6527588e-22)
(0.0034929399 0.0014252059 0)
(0.0040128375 0.0014493595 -1.1826162e-23)
(0.0045726866 0.0014549132 -8.0374329e-22)
(0.0051711021 0.0014405346 1.7937363e-23)
(0.0058033528 0.0014063918 2.0385969e-21)
(0.0064640136 0.0013539668 2.6444861e-22)
(0.0071548757 0.001278682 0)
(0.0078399772 0.0012021718 -3.2633037e-23)
(0.0086304455 0.001058918 0)
(1.5944349e-06 1.9811006e-06 -2.0637205e-24)
(5.1031307e-06 6.3250555e-06 1.7407878e-27)
(9.321581e-06 1.152189e-05 4.2923363e-24)
(1.4398477e-05 1.7738269e-05 -5.1397091e-24)
(2.0512895e-05 2.5172065e-05 -5.9396849e-27)
(2.7881946e-05 3.4056179e-05 -7.2994527e-24)
(3.6768703e-05 4.4663575e-05 8.7373988e-24)
(4.7491906e-05 5.7312357e-05 0)
(6.0437837e-05 7.2370538e-05 -1.2230267e-23)
(7.6074718e-05 9.0260027e-05 1.4614145e-23)
(9.4970023e-05 0.00011145914 1.3537667e-25)
(0.00011781119 0.00013650252 1.1697396e-20)
(0.00014543013 0.00016597714 -1.1095789e-20)
(0.00017883172 0.00020051245 8.7101725e-25)
(0.00021922637 0.00024076244 2.0010335e-24)
(0.00026806575 0.00028737709 0)
(0.00032708039 0.00034096048 0)
(0.00039831605 0.00040201336 -1.1662868e-23)
(0.00048416438 0.00047085906 -6.2585977e-24)
(0.00058738097 0.0005475541 0)
(0.00071108219 0.00063178812 0)
(0.00085871061 0.00072278294 3.0878357e-23)
(0.0010339592 0.00081920579 -6.2526624e-23)
(0.0012406471 0.00091911631 0)
(0.0014825469 0.0010199687 -1.1510231e-22)
(0.0017631713 0.0011186869 3.3787823e-22)
(0.0020855389 0.0012118187 1.0000827e-22)
(0.0024519481 0.0012957624 2.7766245e-22)
(0.0028637803 0.0013670482 3.4145719e-22)
(0.0033214711 0.0014225814 0)
(0.003824264 0.0014596495 0)
(0.004370251 0.0014768769 -6.7796638e-22)
(0.0049573368 0.0014725982 3.9546813e-22)
(0.0055813098 0.0014471936 -1.590042e-22)
(0.006239844 0.0014004023 -1.1599518e-21)
(0.0069267058 0.0013339585 0)
(0.0076432922 0.0012426683 0)
(0.0083528553 0.0011523958 -1.4378215e-21)
(0.0091705346 0.00097888066 0)
(1.9255461e-06 2.0933046e-06 -8.047795e-30)
(6.1606101e-06 6.682578e-06 -1.689117e-27)
(1.1248831e-05 1.2171503e-05 0)
(1.7367067e-05 1.8735294e-05 4.8269355e-27)
(2.4728049e-05 2.658163e-05 5.7636814e-27)
(3.3588706e-05 3.5954655e-05 1.3518183e-26)
(4.4259114e-05 4.7140051e-05 0)
(5.7113273e-05 6.0470121e-05 0)
(7.2602109e-05 7.6328429e-05 4.5496977e-26)
(9.1268995e-05 9.51535e-05 -6.6907365e-21)
(0.00011376813 0.00011744079 6.5194064e-21)
(0.00014088611 0.00014374177 -1.9452601e-23)
(0.00017356696 0.00017465856 2.226626e-23)
(0.00021294055 0.00021083226 -2.6611922e-23)
(0.00026035417 0.00025292242 -1.9131744e-24)
(0.00031740607 0.00030157526 -3.4908707e-23)
(0.00038597915 0.00035737774 7.984652e-23)
(0.00046827139 0.00042079546 4.7474443e-24)
(0.00056681807 0.00049209376 -9.8506347e-23)
(0.00068449901 0.0005712437 5.4279127e-23)
(0.00082452236 0.00065781864 -2.7917696e-23)
(0.00099037572 0.00075089219 1.7618258e-22)
(0.0011857366 0.00084895362 -5.074331e-24)
(0.0014143378 0.00094986126 -2.3759095e-22)
(0.0016797895 0.0010508552 1.181174e-22)
(0.0019853712 0.0011486461 -2.17005e-22)
(0.002333813 0.0012395851 0)
(0.0027270981 0.0013199033 -5.444783e-22)
(0.0031663037 0.0013860127 1.7268917e-22)
(0.0036516958 0.0014347534 -2.8745653e-22)
(0.0041821922 0.0014635471 -2.4541915e-22)
(0.0047540481 0.0014708808 6.7510254e-22)
(0.0053676299 0.0014544476 -1.8313092e-22)
(0.006018982 0.0014161166 1.1610115e-21)
(0.0067037599 0.0013547982 -3.0201123e-22)
(0.0074160799 0.0012727177 -9.3167973e-22)
(0.0081568054 0.0011642787 1.5418552e-21)
(0.0088889401 0.0010595535 0)
(0.0097281531 0.00085466949 0)
(2.2953673e-06 2.1776961e-06 -4.6320477e-28)
(7.3415949e-06 6.9511474e-06 3.2665314e-24)
(1.3400739e-05 1.2658854e-05 -7.8161543e-24)
(2.0680964e-05 1.9482047e-05 4.6783728e-24)
(2.9432227e-05 2.7635254e-05 5.3772907e-27)
(3.9955456e-05 3.7370297e-05 -6.6543048e-24)
(5.2612562e-05 4.8981336e-05 7.9193627e-24)
(6.7838341e-05 6.2809822e-05 0)
(8.6154637e-05 7.9248885e-05 -4.4158899e-26)
(0.000108187 9.8746607e-05 -5.9055304e-21)
(0.00013468408 0.0001218073 8.4371618e-21)
(0.00016653999 0.00014898958 -1.8506302e-23)
(0.00020481959 0.00018089955 -2.1168697e-23)
(0.00025078657 0.00021817714 2.4544615e-23)
(0.00030593354 0.00026147308 1.8199468e-24)
(0.0003720127 0.00031141379 0)
(0.00045106482 0.00036855176 4.0024734e-23)
(0.00054544265 0.0004332993 -4.3093134e-23)
(0.00065782369 0.0005058455 1.1926344e-23)
(0.00079120538 0.00058605883 1.258662e-23)
(0.0009488749 0.00067338197 -2.7577404e-23)
(0.0011343454 0.00076673066 2.7846679e-23)
(0.0013512529 0.00086441355 1.127778e-22)
(0.0016032114 0.00096409423 -1.1731621e-22)
(0.0018936325 0.0010628164 0)
(0.002225523 0.001157108 1.0689156e-22)
(0.0026012841 0.0012431662 1.9156959e-22)
(0.003022537 0.0013171113 1.8170202e-22)
(0.0034899909 0.0013752829 0)
(0.0040033476 0.0014144572 2.9051745e-22)
(0.0045608503 0.0014320407 -4.8955461e-22)
(0.0051613331 0.0014262591 -6.5167522e-22)
(0.005802267 0.0013967791 9.3448114e-22)
(0.0064793685 0.0013430972 0)
(0.0071889462 0.0012656434 -2.5844046e-22)
(0.0079250167 0.0011667202 1.1963872e-21)
(0.0086872527 0.0010405728 -1.5656399e-21)
(0.0094389681 0.00092131096 0)
(0.010292557 0.00068547867 0)
(2.7030902e-06 2.2264152e-06 0)
(8.6434388e-06 7.1056976e-06 0)
(1.5772415e-05 1.2938331e-05 0)
(2.4332479e-05 1.9908418e-05 -4.370449e-27)
(3.4614248e-05 2.823363e-05 -5.2178905e-27)
(4.6966641e-05 3.8169062e-05 0)
(6.1807984e-05 5.0012117e-05 7.4960112e-24)
(7.9639085e-05 6.4107214e-05 -8.9305973e-24)
(0.00010105857 8.0849788e-05 -1.0598241e-23)
(0.00012678065 0.00010068898 1.2570646e-23)
(0.00015765549 0.0001241281 0)
(0.00019469216 0.00015172153 -1.7093167e-23)
(0.00023908398 0.00018406641 2.0210415e-23)
(0.00029223586 0.00022178694 7.5460948e-25)
(0.00035579236 0.00026550886 -2.7413244e-23)
(0.00043166478 0.00031582138 3.1902194e-23)
(0.00052205452 0.00037322418 -2.2819655e-24)
(0.00062946842 0.00043805772 -4.9539357e-24)
(0.00075672088 0.00051041718 5.4762549e-24)
(0.00090691598 0.00059005312 -4.3324562e-25)
(0.0010834024 0.0006762664 0)
(0.0012896945 0.00076780998 -5.2110674e-20)
(0.0015293557 0.0008628156 1.8661945e-20)
(0.001805845 0.00095876647 0)
(0.0021223357 0.0010525365 0)
(0.0024815212 0.0011405093 -6.6396838e-25)
(0.002885433 0.0012187788 -1.0612571e-22)
(0.0033352922 0.0012834113 1.6584306e-22)
(0.0038314086 0.0013307407 -1.6226695e-22)
(0.0043731199 0.0013576131 -8.3855527e-20)
(0.0049588032 0.0013615455 -6.4689671e-21)
(0.0055864485 0.001340833 2.0039298e-22)
(0.0062531627 0.0012950872 -9.3814591e-22)
(0.0069550123 0.0012245358 9.0005643e-22)
(0.0076876794 0.0011297555 -3.5079371e-23)
(0.0084449435 0.0010132961 -6.6019049e-22)
(0.0092250526 0.00086963141 4.821265e-23)
(0.0099922772 0.00073656723 3.4542538e-22)
(0.010851794 0.00047205622 0)
(3.1460572e-06 2.2306244e-06 1.6700917e-24)
(1.0057597e-05 7.1180866e-06 -2.9024384e-24)
(1.8348254e-05 1.2958741e-05 3.4752497e-24)
(2.8297482e-05 1.9935759e-05 4.1441403e-24)
(4.0239689e-05 2.8265444e-05 -7.1253212e-27)
(5.4575392e-05 3.8200815e-05 -5.9140452e-24)
(7.1783452e-05 5.0036218e-05 0)
(9.2435333e-05 6.4111645e-05 -8.3487462e-24)
(0.00011721161 8.0816203e-05 9.9572375e-24)
(0.00014692081 0.00010059009 0)
(0.00018252062 0.0001239241 1.3845054e-23)
(0.00022514126 0.0001513553 -1.6680261e-23)
(0.0002761106 0.00018345714 -1.8471078e-23)
(0.00033698029 0.00022082186 2.3150471e-23)
(0.0004095512 0.0002640326 2.4861574e-23)
(0.00049589621 0.0003136228 -5.7589025e-23)
(0.0005983769 0.00037002046 3.4093001e-23)
(0.00071964984 0.00043347603 9.4633002e-24)
(0.00086265696 0.00050397457 -4.6785511e-23)
(0.0010305935 0.00058113623 -5.5256291e-23)
(0.0012268477 0.00066411329 9.9268882e-23)
(0.0014549063 0.00075149729 -2.113418e-20)
(0.0017182253 0.00084125478 5.8781682e-20)
(0.0020200698 0.00093071248 -1.0107094e-22)
(0.0023633335 0.0010166114 1.0407153e-22)
(0.0027503566 0.0010952409 6.9941799e-20)
(0.0031827646 0.0011626511 -1.3961204e-20)
(0.0036613495 0.0012149208 1.5933077e-22)
(0.004186003 0.0012484479 0)
(0.0047557011 0.001260196 1.6358257e-21)
(0.0053685838 0.0012478493 8.7817234e-20)
(0.0060222287 0.0012100159 0)
(0.0067134152 0.0011464662 -8.3876123e-22)
(0.0074379496 0.0010577414 -1.7221334e-22)
(0.0081910064 0.00094487913 7.0650128e-22)
(0.0089659465 0.00081087481 0)
(0.0097593298 0.00065081282 0)
(0.010537003 0.00050569941 2.5346331e-22)
(0.011393066 0.00021689205 1.0253863e-21)
(3.6196813e-06 2.1810766e-06 1.5516862e-24)
(1.1569382e-05 6.95884e-06 -2.7032263e-24)
(2.1101421e-05 1.2666489e-05 -3.2285784e-24)
(3.2534505e-05 1.9481749e-05 7.7188122e-24)
(4.6249452e-05 2.7614199e-05 -9.2115032e-24)
(6.2701352e-05 3.7308472e-05 1.6502443e-26)
(8.2432961e-05 4.884845e-05 1.3081548e-23)
(0.00010609013 6.2561048e-05 -1.5556253e-23)
(0.00013443948 7.8819008e-05 9.2929634e-24)
(0.00016838817 9.804203e-05 1.0817044e-23)
(0.00020900589 0.00012069522 -1.2958934e-23)
(0.00025754836 0.00014728352 0)
(0.00031548197 0.00017834025 -2.8459353e-25)
(0.00038450815 0.00021440775 -6.6355315e-25)
(0.00046658566 0.00025600762 2.3854984e-23)
(0.00056394824 0.00030359804 -3.1274181e-23)
(0.00067911376 0.00035751633 -2.4247134e-20)
(0.00081488043 0.0004179056 2.0426969e-20)
(0.00097430434 0.00048462695 0)
(0.0011606527 0.0005571618 -3.8063688e-20)
(0.0013773271 0.00063451333 2.5645383e-20)
(0.0016277548 0.00071512137 -9.7179092e-23)
(0.0019152474 0.00079680913 -9.5049121e-23)
(0.0022428358 0.00087678234 9.9902726e-23)
(0.0026130937 0.00095169851 5.125368e-23)
(0.0030279704 0.0010178152 1.7942285e-20)
(0.0034886543 0.0010712113 -7.4039464e-20)
(0.0039954843 0.0011080585 -1.5987668e-22)
(0.0045479173 0.0011249048 1.342396e-22)
(0.0051445459 0.0011189198 3.6578259e-22)
(0.0057831798 0.0010880616 -4.5297409e-22)
(0.0064609898 0.0010312627 -1.8149622e-22)
(0.0071743664 0.00094856327 1.6472185e-21)
(0.0079187309 0.00084091196 -6.9295147e-22)
(0.0086886492 0.00070994236 -7.3858966e-23)
(0.0094768833 0.00055925337 7.7362921e-22)
(0.010278119 0.00038499718 0)
(0.011060366 0.00023076888 0)
(0.011903147 -7.5663187e-05 -1.285141e-21)
(4.1161349e-06 2.0679465e-06 -1.4266886e-24)
(1.3153819e-05 6.5966561e-06 -6.2336768e-28)
(2.3986451e-05 1.2004693e-05 2.9677605e-24)
(3.6973602e-05 1.8459078e-05 -3.5522471e-24)
(5.2544352e-05 2.6156448e-05 -4.2497491e-27)
(7.1210444e-05 3.5325755e-05 0)
(9.3580831e-05 4.6231885e-05 0)
(0.00012037826 5.9178768e-05 7.1264602e-24)
(0.00015245801 7.4511364e-05 -1.6921373e-23)
(0.00019082858 9.2615829e-05 1.0149827e-23)
(0.00023667418 0.00011391687 8.9439494e-26)
(0.00029137822 0.00013887089 0)
(0.00035654699 0.0001679532 0)
(0.00043403189 0.00020163716 0)
(0.00052594794 0.00024036308 6.6469237e-25)
(0.00063468542 0.0002844944 3.1568042e-24)
(0.00076291077 0.00033425959 -1.8128577e-20)
(0.00091355163 0.00038967929 2.8072841e-20)
(0.0010897609 0.00045048039 0)
(0.0012948546 0.00051600243 -2.3926227e-20)
(0.0015322191 0.00058510603 4.2735533e-20)
(0.0018051878 0.00065609785 0)
(0.0021168906 0.0007266905 -2.1544893e-23)
(0.0024700851 0.00079401681 0)
(0.0028669885 0.00085471397 -4.5473036e-23)
(0.0033091268 0.00090508375 -8.0290822e-23)
(0.0037972257 0.00094131997 -8.1456614e-23)
(0.0043311533 0.00095977837 -2.7639276e-22)
(0.0049099173 0.00095725165 1.181411e-23)
(0.005531704 0.00093120744 -8.2147913e-24)
(0.0061939456 0.00087995976 -1.0811115e-22)
(0.0068933871 0.00080282605 3.3904496e-22)
(0.007625968 0.00070022969 -6.4061039e-22)
(0.008386613 0.00057363263 5.4855633e-22)
(0.0091691602 0.0004253914 -8.4357054e-23)
(0.0099656055 0.00025987287 -1.4944553e-21)
(0.010768668 7.4798791e-05 8.666111e-22)
(0.011549067 -8.4345205e-05 1.3230837e-21)
(0.012368857 -0.00039938495 0)
(4.6258466e-06 1.8824872e-06 -3.2692817e-28)
(1.4780279e-05 6.0036712e-06 -2.2449688e-24)
(2.6947416e-05 1.0922725e-05 2.6867353e-24)
(4.152845e-05 1.679005e-05 3.2053681e-24)
(5.9001527e-05 2.3782366e-05 -1.0589162e-26)
(7.9935883e-05 3.2104773e-05 -4.5709114e-24)
(0.00010500749 4.1993646e-05 0)
(0.00013501674 5.3718924e-05 0)
(0.00017090813 6.7585147e-05 -5.9687832e-26)
(0.00021379177 8.3930579e-05 0)
(0.00026496613 0.00010312343 -8.6821517e-26)
(0.00032594126 0.00012555382 0)
(0.00039846126 0.00015161983 0)
(0.00048452382 0.00018170565 0)
(0.00058639445 0.00021614978 -1.2401414e-24)
(0.00070661159 0.00025520117 -2.4816043e-23)
(0.00084797844 0.00029896207 5.6687872e-25)
(0.0010135364 0.00034731751 2.580618e-23)
(0.0012065149 0.00039985382 -3.8603071e-24)
(0.0014302535 0.00045577203 0)
(0.001688094 0.000513806 0)
(0.0019832429 0.00057215995 0)
(0.0023186131 0.00062848281 1.1998279e-22)
(0.0026966552 0.00067989756 -1.6334719e-22)
(0.0031191987 0.00072309884 4.4694947e-23)
(0.0035873227 0.00075452217 6.0821717e-24)
(0.0041012739 0.00077057348 6.8730007e-24)
(0.0046604408 0.00076789298 1.379775e-22)
(0.0052633753 0.00074361764 0)
(0.0059078438 0.00069560699 0)
(0.0065908754 0.00062261135 1.7604573e-22)
(0.0073087694 0.00052441167 -3.4243539e-22)
(0.0080569592 0.00040192243 3.9695674e-22)
(0.008829765 0.00025721959 -1.2886126e-22)
(0.0096201833 9.3503061e-05 -8.5730382e-22)
(0.010419293 -8.392834e-05 1.3556775e-21)
(0.011217849 -0.00027527653 -1.1783533e-21)
(0.011989782 -0.00043391576 -1.3213871e-22)
(0.012777643 -0.00074627313 -3.9813104e-23)
(5.1329511e-06 1.6158644e-06 -1.1432867e-24)
(1.6398266e-05 5.1517607e-06 1.9913051e-24)
(2.9892624e-05 9.3695187e-06 0)
(4.6058401e-05 1.4396365e-05 -2.2588048e-21)
(6.5422252e-05 2.038139e-05 2.6623767e-21)
(8.8610164e-05 2.7496837e-05 4.0499639e-24)
(0.00011636415 3.5940134e-05 0)
(0.00014956096 4.5935203e-05 -5.7116347e-24)
(0.0001892326 5.7732457e-05 6.8085636e-26)
(0.00023658849 7.1606828e-05 8.0531856e-24)
(0.00029303831 8.7852891e-05 0)
(0.0003602147 0.00010677585 1.1082215e-23)
(0.00043999407 0.00012867679 -2.6085075e-23)
(0.0005345132 0.00015383053 3.038505e-23)
(0.00064617857 0.00018245412 -1.6891959e-23)
(0.00077766443 0.00021466429 6.6321156e-25)
(0.00093189505 0.00025042309 -2.2701055e-23)
(0.001112006 0.00028947194 5.1634103e-23)
(0.0013212799 0.00033125698 6.2492287e-24)
(0.0015630529 0.00037485191 -2.8136465e-23)
(0.0018405919 0.00041888836 0)
(0.0021569454 0.00046150808 0)
(0.0025147792 0.00050035343 -3.5932489e-23)
(0.0029162103 0.00053261222 -1.6920063e-23)
(0.0033626611 0.00055512718 4.3949815e-24)
(0.0038547524 0.00056457035 6.5605526e-23)
(0.00439225 0.00055766891 -6.024735e-23)
(0.0049740677 0.00053145674 6.140199e-23)
(0.0055983091 0.0004835192 -2.0014648e-22)
(0.0062623218 0.0004122026 9.9890252e-23)
(0.006962722 0.00031677545 -2.5665073e-22)
(0.0076953487 0.00019756226 7.7242548e-23)
(0.008455084 5.6061997e-05 -3.5698654e-23)
(0.009235554 -0.0001049467 -1.9678431e-22)
(0.010028816 -0.00028132413 0)
(0.010824894 -0.00046670574 -6.4398206e-22)
(0.011612656 -0.00065875416 -4.4266078e-22)
(0.012369652 -0.00081050375 -1.1614011e-21)
(0.013117915 -0.001106892 4.6613836e-22)
(5.6242186e-06 1.2634966e-06 -4.9343979e-25)
(1.7965297e-05 4.0263856e-06 8.5944957e-25)
(3.2744254e-05 7.318759e-06 0)
(5.0442904e-05 1.1237829e-05 -2.0268448e-21)
(7.163425e-05 1.5897017e-05 2.4593215e-21)
(9.699835e-05 2.1426363e-05 1.7415324e-24)
(0.00012733994 2.7973533e-05 6.1249035e-23)
(0.00016360801 3.5704029e-05 -1.0458383e-22)
(0.00020691703 4.4800047e-05 -2.9129152e-24)
(0.00025856946 5.5457383e-05 6.9149264e-24)
(0.00032007858 6.7879531e-05 -4.0972524e-24)
(0.00039319036 8.2267878e-05 0)
(0.0004799024 9.8806628e-05 0)
(0.00058247731 0.00011764094 6.5813755e-24)
(0.00070344701 0.00013884681 -7.87855e-24)
(0.00084560367 0.00016239133 2.5016066e-25)
(0.0010119724 0.00018808309 5.6839357e-25)
(0.0012057605 0.00021551342 0)
(0.0014302795 0.00024399193 -2.6051039e-23)
(0.0016888371 0.00027248252 2.6827602e-23)
(0.0019846005 0.00029954958 0)
(0.0023204377 0.00032332735 0)
(0.0026987485 0.00034152698 9.5260176e-24)
(0.0031213047 0.0003514946 2.475164e-24)
(0.003589118 0.00035032811 4.8369328e-23)
(0.0041023575 0.00033505079 -3.0405218e-23)
(0.0046603242 0.00030282717 0)
(0.005261479 0.00025119654 0)
(0.0059035007 0.00017829556 1.4253581e-22)
(0.0065833355 8.3048477e-05 3.0838337e-23)
(0.0072971934 -3.4680219e-05 -1.3302886e-22)
(0.0080404488 -0.00017395046 1.2017709e-22)
(0.0088074048 -0.00033260528 -2.7715002e-22)
(0.0095909332 -0.0005071013 5.4668503e-22)
(0.010382077 -0.00069231488 -2.2570331e-22)
(0.011169674 -0.00088075805 1.3829607e-22)
(0.011940764 -0.0010672306 2.7018686e-22)
(0.012676418 -0.0012054552 8.889448e-23)
(0.013377452 -0.0014711727 -2.4964108e-22)
(6.0700939e-06 8.208838e-07 1.082853e-28)
(1.9387604e-05 2.6131943e-06 -7.0723347e-25)
(3.5332592e-05 4.7443686e-06 2.1986819e-27)
(5.4422633e-05 7.2744331e-06 1.010665e-24)
(7.7272746e-05 1.0272739e-05 0)
(0.00010461199 1.3817365e-05 -1.4318987e-24)
(0.0001373019 1.7994961e-05 4.908418e-23)
(0.00017635681 2.2899756e-05 -2.4022013e-23)
(0.00022296565 2.8631217e-05 -2.412561e-24)
(0.0002785147 3.5289871e-05 5.0243856e-27)
(0.00034461019 4.297056e-05 0)
(0.00042309915 5.1752235e-05 3.9180733e-24)
(0.00051608634 6.168319e-05 -6.1714889e-26)
(0.00062594414 7.2760589e-05 -5.4603095e-24)
(0.00075531172 8.4903171e-05 0)
(0.00090707864 9.7916374e-05 -7.279472e-24)
(0.0010843482 0.00011144986 1.5385547e-23)
(0.0012903752 0.00012494873 -9.2149816e-24)
(0.0015284752 0.00013760189 8.5126045e-24)
(0.0018019034 0.00014829337 -1.5439651e-23)
(0.0021137063 0.00015556598 0)
(0.0024665555 0.00015760869 0)
(0.0028625777 0.00015228056 -1.7680588e-23)
(0.003303202 0.00013718139 5.9403441e-23)
(0.0037890448 0.00010977362 1.7536359e-23)
(0.0043198505 6.7550288e-05 -5.8611834e-23)
(0.0048944928 8.2337976e-06 3.5171746e-23)
(0.0055110243 -7.0016493e-05 -6.1305492e-23)
(0.0061667433 -0.00016841017 -1.2659191e-23)
(0.0068582326 -0.00028735833 -6.8103762e-23)
(0.007581323 -0.00042633013 6.5330817e-23)
(0.0083309395 -0.00058371174 -1.1737724e-22)
(0.0091008057 -0.00075664065 4.674288e-23)
(0.0098830204 -0.00094078919 -9.6970945e-23)
(0.01066758 -0.001130088 -6.6697928e-23)
(0.011442028 -0.0013160141 0)
(0.012191551 -0.0014905865 3.1798994e-22)
(0.012899228 -0.0016102224 2.3732281e-22)
(0.013542193 -0.0018290193 7.8294102e-23)
(6.4631903e-06 2.9234769e-07 7.9857063e-26)
(2.0640725e-05 9.2618319e-07 -1.3861265e-25)
(3.7611499e-05 1.6721608e-06 1.6588724e-25)
(5.7923809e-05 2.5464839e-06 2.1657711e-28)
(8.2228576e-05 3.5666741e-06 0)
(0.00011129647 4.7498972e-06 -2.8061744e-25)
(0.00014603692 6.1115434e-06 1.7257174e-27)
(0.0001875189 7.662948e-06 3.9844537e-25)
(0.00023699305 9.4078421e-06 4.689868e-25)
(0.0002959144 1.1337142e-05 -5.6371749e-25)
(0.00036596445 1.3421544e-05 0)
(0.00044907097 1.5601249e-05 0)
(0.00054742288 1.7772059e-05 0)
(0.00066347698 1.97671e-05 -3.6755163e-26)
(0.00079995247 2.1333544e-05 0)
(0.00095980826 2.2104137e-05 0)
(0.0011461981 2.1564053e-05 3.3178748e-24)
(0.0013623987 1.9014877e-05 -3.5798237e-24)
(0.0016117075 1.3539223e-05 0)
(0.0018973104 3.9716524e-06 5.3563862e-24)
(0.0022221243 -1.1116327e-05 -4.6541597e-24)
(0.0025886254 -3.3407967e-05 0)
(0.0029986804 -6.4800597e-05 0)
(0.003453403 -0.00010732605 8.7162455e-25)
(0.0039530567 -0.00016303112 2.4332477e-20)
(0.0044970184 -0.00023382444 -2.5248774e-20)
(0.0050838019 -0.00032130373 9.9195225e-24)
(0.0057111231 -0.00042658125 0)
(0.0063759684 -0.00055012243 9.7701337e-24)
(0.0070746171 -0.00069160256 3.6179725e-23)
(0.0078025681 -0.000849772 1.0442361e-23)
(0.0085543353 -0.0010223076 -4.6126833e-23)
(0.0093230962 -0.0012056267 -8.7579348e-24)
(0.010100214 -0.001394651 0)
(0.01087469 -0.0015824995 0)
(0.011632835 -0.0017599143 0)
(0.012358221 -0.0019171484 -6.6087818e-23)
(0.013033927 -0.0020183895 -8.6723247e-24)
(0.013619025 -0.0021712645 -3.8966516e-24)
(6.7573088e-06 -3.3241978e-07 -1.042289e-25)
(2.1578737e-05 -1.0676332e-06 1.8154675e-25)
(3.9318027e-05 -1.9579812e-06 8.9149862e-22)
(6.0546678e-05 -3.0385902e-06 -1.0701428e-21)
(8.5942798e-05 -4.3525343e-06 0)
(0.00011630863 -5.953688e-06 0)
(0.00015259002 -7.9095316e-06 -6.4804244e-28)
(0.00019589759 -1.0304793e-05 0)
(0.00024752904 -1.3246216e-05 1.8171889e-27)
(0.0003089918 -1.6868692e-05 0)
(0.00038202462 -2.1343064e-05 0)
(0.00046861619 -2.6885951e-05 5.8958298e-27)
(0.00057101803 -3.3771957e-05 0)
(0.00069174807 -4.2348491e-05 1.3061126e-24)
(0.00083358067 -5.3053241e-05 -1.6121115e-24)
(0.00099951796 -6.6433919e-05 8.3259177e-26)
(0.0011927375 -8.3169194e-05 8.1210399e-21)
(0.001416512 -0.00010408878 -9.7021272e-21)
(0.0016740981 -0.0001301893 2.6665935e-24)
(0.0019685968 -0.00016264121 -2.7723253e-24)
(0.0023027904 -0.00020278068 5.2573184e-25)
(0.0026789695 -0.00025208003 0)
(0.0030987696 -0.00031209128 0)
(0.0035630374 -0.00038436032 -5.9396657e-24)
(0.0040717503 -0.0004703143 1.6511582e-20)
(0.0046239981 -0.00057113019 -1.7246554e-20)
(0.0052180239 -0.00068759664 0)
(0.0058512974 -0.00081998089 0)
(0.0065205778 -0.00096790658 0)
(0.0072219139 -0.0011302376 7.3004046e-24)
(0.0079505335 -0.0013049521 -1.5880324e-23)
(0.0087005934 -0.0014889861 -1.4346489e-23)
(0.0094647853 -0.0016780341 0)
(0.010233824 -0.0018663232 0)
(0.010995865 -0.0020463198 -2.4814289e-23)
(0.011736302 -0.0022083613 1.5024671e-23)
(0.012438054 -0.0023425415 0)
(0.013083863 -0.0024282726 -1.8024992e-24)
(0.013627118 -0.0025063156 0)
(6.9423851e-06 -1.0301376e-06 -1.0985349e-25)
(2.216799e-05 -3.2939524e-06 1.9136918e-25)
(4.0388168e-05 -6.0107991e-06 4.6600436e-22)
(6.2188003e-05 -9.2727344e-06 -5.5483418e-22)
(8.8261255e-05 -1.3189943e-05 0)
(0.00011942801 -1.7894833e-05 -1.9979044e-28)
(0.00015665426 -2.3546287e-05 6.4805822e-28)
(0.00020107305 -3.0334695e-05 0)
(0.00025400661 -3.8487901e-05 -1.8172789e-27)
(0.00031698867 -4.8278101e-05 0)
(0.00039178534 -6.002975e-05 0)
(0.0004804126 -7.4128423e-05 -1.7921976e-27)
(0.0005851476 -9.1030521e-05 -1.173694e-24)
(0.00070853002 -0.00011127347 1.4190127e-24)
(0.00085334909 -0.00013548576 3.3463474e-21)
(0.0010226112 -0.00016439585 -4.0409739e-21)
(0.0012194832 -0.00019883825 4.1053298e-21)
(0.0014472069 -0.00023975461 -4.4618345e-21)
(0.0017089836 -0.0002881869 -2.2680181e-24)
(0.00200783 -0.00034525913 1.0169988e-23)
(0.0023464132 -0.00041214425 -6.0539118e-24)
(0.0027268799 -0.00049001323 4.9992799e-25)
(0.0031506985 -0.0005799653 0)
(0.0036185377 -0.00068294122 4.9773174e-24)
(0.0041301995 -0.00079962524 -9.9625443e-24)
(0.0046846155 -0.00093034413 4.8912496e-24)
(0.0052798966 -0.0010749721 0)
(0.0059134043 -0.0012328462 0)
(0.0065817985 -0.0014026873 0)
(0.007281009 -0.0015825127 -9.0820356e-24)
(0.0080060876 -0.001769518 2.484895e-23)
(0.0087509247 -0.0019599127 7.5228257e-24)
(0.0095078342 -0.002148713 0)
(0.010267031 -0.002329556 2.1258275e-23)
(0.011016012 -0.002494395 6.5586307e-23)
(0.011739636 -0.0026331223 -1.4718799e-23)
(0.012421299 -0.0027354733 0)
(0.013045353 -0.0027875118 1.2928133e-22)
(0.013581467 -0.002800985 0)
(6.9657813e-06 -1.7450441e-06 1.1309346e-29)
(2.2241855e-05 -5.5746416e-06 2.8527683e-26)
(4.0521049e-05 -1.0161684e-05 -1.1044124e-27)
(6.2389316e-05 -1.5656036e-05 -3.9477197e-26)
(8.8541202e-05 -2.2235926e-05 4.3294199e-26)
(0.00011979739 -3.0113195e-05 -5.124825e-26)
(0.00015712411 -3.9538927e-05 -5.4229633e-26)
(0.00020165409 -5.0809749e-05 6.1275446e-27)
(0.00025470835 -6.4274784e-05 1.3137713e-25)
(0.00031781804 -8.0343087e-05 -1.3306209e-25)
(0.00039274471 -9.949131e-05 7.2078071e-26)
(0.00048149701 -0.00012227118 -4.751371e-26)
(0.0005863409 -0.00014931616 5.1450819e-26)
(0.00070979969 -0.00018134629 0)
(0.00085463953 -0.00021917008 -3.388227e-23)
(0.0010238354 -0.00026368154 1.5665331e-22)
(0.0012205131 -0.00031585045 0)
(0.0014478622 -0.00037670337 -1.8289194e-25)
(0.0017090214 -0.00044729305 -1.3065797e-25)
(0.0020069349 -0.00052865419 3.9335131e-25)
(0.0023441925 -0.00062174464 1.8173474e-25)
(0.0027228636 -0.00072737344 -1.8104278e-24)
(0.0031443488 -0.00084611949 2.7662509e-24)
(0.0036092671 -0.00097824775 0)
(0.0041173978 -0.001123632 -6.2559953e-24)
(0.0046676815 -0.001281692 0)
(0.0052582665 -0.0014513488 5.7665805e-24)
(0.0058865676 -0.0016309939 -5.8699429e-24)
(0.0065492894 -0.0018184553 0)
(0.0072423653 -0.0020109379 -2.3389983e-23)
(0.0079607793 -0.0022049117 -4.4161506e-23)
(0.0086982622 -0.0023959386 -4.1512239e-23)
(0.0094468862 -0.0025784647 0)
(0.010196541 -0.0027457242 2.806253e-23)
(0.010934178 -0.0028893675 5.2238594e-23)
(0.011644217 -0.00299885 -2.7155255e-22)
(0.012310872 -0.0030636576 1.6638759e-22)
(0.012919423 -0.0030731934 -5.4257501e-22)
(0.013447186 -0.0030290469 -5.0680708e-22)
(6.8344049e-06 -2.4454378e-06 -1.8527589e-22)
(2.1821763e-05 -7.8087079e-06 3.2771514e-22)
(3.9754573e-05 -1.4227031e-05 -3.203495e-28)
(6.1207e-05 -2.1906504e-05 0)
(8.6859438e-05 -3.1091446e-05 6.0488315e-25)
(0.00011751568 -4.20707e-05 -7.2483222e-25)
(0.00015412187 -5.5184507e-05 8.6787704e-25)
(0.00019778688 -7.0831928e-05 -9.485557e-22)
(0.00024980358 -8.9478588e-05 1.1970208e-21)
(0.00031167009 -0.00011166438 -1.4783188e-24)
(0.00038510946 -0.00013801059 -2.2120101e-27)
(0.00047208595 -0.00016922554 -1.8115623e-21)
(0.00057481483 -0.00020610768 2.4078112e-21)
(0.00069576254 -0.00024954458 -3.0100002e-24)
(0.00083763267 -0.00030050577 6.9277186e-24)
(0.0010033332 -0.00036002735 -4.0624839e-24)
(0.0011959204 -0.00042918568 0)
(0.0014185163 -0.00050905795 6.8754115e-25)
(0.0016741981 -0.00060066792 -1.1464232e-24)
(0.0019658624 -0.00070491673 1.4594959e-23)
(0.0022960729 -0.00082250078 -1.5869159e-23)
(0.0026669053 -0.00095382205 -2.3336003e-23)
(0.003079807 -0.0010988993 1.6028762e-23)
(0.0035354923 -0.0012572914 -1.9342368e-23)
(0.0040338866 -0.0014280441 2.6799814e-23)
(0.0045741219 -0.0016096676 0)
(0.0051545676 -0.0018001446 0)
(0.0057728634 -0.0019969537 1.4764659e-23)
(0.0064259082 -0.0021970818 2.1710248e-24)
(0.0071097632 -0.002396992 8.4456684e-23)
(0.0078194453 -0.0025925178 2.5939664e-22)
(0.0085486229 -0.0027786798 -2.0384483e-23)
(0.0092892609 -0.0029494837 -1.0772064e-22)
(0.010031112 -0.0030980138 1.0534537e-22)
(0.010760574 -0.00321588 -1.4131155e-22)
(0.011461541 -0.0032921563 -3.4740497e-22)
(0.012119299 -0.0033165386 7.4331796e-23)
(0.012719614 -0.0032809918 3.4593917e-22)
(0.01324295 -0.0031836728 2.0795968e-22)
(6.5393065e-06 -3.0927339e-06 -3.7911796e-22)
(2.0879686e-05 -9.8730755e-06 6.5351344e-22)
(3.803869e-05 -1.7982913e-05 1.7813746e-24)
(5.8565802e-05 -2.7679926e-05 6.5923256e-28)
(8.3112162e-05 -3.9268981e-05 9.1688044e-28)
(0.00011244716 -5.3109309e-05 0)
(0.00014747666 -6.9622456e-05 0)
(0.00018926262 -8.9300607e-05 -1.9654609e-21)
(0.00023904373 -0.00011271491 2.2735413e-21)
(0.00029825601 -0.0001405232 4.8240169e-26)
(0.0003685522 -0.00017347633 7.3063808e-24)
(0.00045181796 -0.00021242178 -3.8515475e-21)
(0.00055018233 -0.000258303 4.2966691e-21)
(0.00066601922 -0.00031215237 1.2009562e-23)
(0.00080193587 -0.00037507519 0)
(0.00096074417 -0.00044822193 0)
(0.0011454105 -0.00053274599 1.8562412e-23)
(0.0013589808 -0.00062974453 -2.2009812e-23)
(0.0016044805 -0.00074018184 1.1464164e-24)
(0.001884791 -0.00086479649 -2.6711864e-23)
(0.0022025104 -0.0010039978 2.5467794e-23)
(0.0025598113 -0.0011577605 -2.5466332e-23)
(0.002958311 -0.0013255318 1.179035e-24)
(0.0033989707 -0.001506165 5.7769413e-23)
(0.0038820349 -0.0016978947 4.835923e-23)
(0.0044070113 -0.0018983582 -1.4324604e-22)
(0.0049726727 -0.0021046569 7.1882839e-23)
(0.0055770515 -0.002313434 -5.2722365e-23)
(0.0062173843 -0.0025209303 1.1110833e-20)
(0.0068899731 -0.0027229779 -4.4493044e-20)
(0.0075899512 -0.0029148986 1.6877669e-22)
(0.0083109933 -0.0030913037 0)
(0.0090450835 -0.0032458949 -4.1624368e-22)
(0.0097820652 -0.0033719321 0)
(0.010507736 -0.0034612106 -2.8220549e-22)
(0.011205315 -0.0035025604 1.3308232e-21)
(0.011861028 -0.0034866131 0)
(0.012461455 -0.0034076656 -4.805983e-20)
(0.012988405 -0.0032636026 7.6742191e-19)
(6.0941121e-06 -3.6523353e-06 2.6289107e-24)
(1.9458904e-05 -1.165745e-05 -4.5762081e-24)
(3.5451842e-05 -2.1228737e-05 2.0460971e-27)
(5.4585776e-05 -3.2668101e-05 3.2735361e-24)
(7.7468579e-05 -4.6332228e-05 0)
(0.00010481894 -6.2640451e-05 -4.6606717e-24)
(0.00013748362 -8.2083529e-05 5.5704649e-24)
(0.00017645612 -0.00010523264 0)
(0.00022289653 -0.00013274801 0)
(0.00027815151 -0.00016538649 -9.3208531e-24)
(0.00034377356 -0.0002040068 1.1122344e-23)
(0.0004215377 -0.00024957105 8.4656726e-26)
(0.00051345348 -0.00030314031 1.5344252e-23)
(0.00062176918 -0.00036586173 -1.8135657e-23)
(0.00074896511 -0.00043894407 0)
(0.00089773172 -0.00052361846 0)
(0.0010709291 -0.00062108142 0)
(0.0012715246 -0.00073241795 3.1669171e-23)
(0.0015025078 -0.00085850495 -3.9011155e-23)
(0.0017667842 -0.00099989827 0)
(0.0020670535 -0.0011567115 1.0940378e-23)
(0.0024056827 -0.0013284993 -5.9924778e-23)
(0.002784586 -0.0015141636 5.0702558e-23)
(0.0032051242 -0.0017118999 7.9217992e-24)
(0.0036680326 -0.0019192008 2.1937494e-23)
(0.0041733728 -0.0021329199 0)
(0.0047204946 -0.0023493838 1.1386338e-22)
(0.0053079791 -0.0025645203 -1.8247449e-22)
(0.0059335304 -0.0027739565 5.2045761e-20)
(0.0065937879 -0.0029730368 -1.8424857e-20)
(0.0072840595 -0.0031567259 -3.9659862e-22)
(0.0079980546 -0.0033193818 1.4035799e-22)
(0.0087278579 -0.0034545398 4.1603244e-22)
(0.0094636307 -0.0035560069 0)
(0.010191076 -0.0036157572 8.789542e-22)
(0.010891237 -0.0036219617 -6.1352748e-22)
(0.011550812 -0.0035688351 -1.4046958e-21)
(0.012160322 -0.0034518336 -8.2411483e-19)
(0.012699443 -0.0032692037 8.0286661e-20)
(5.5146588e-06 -4.0893743e-06 1.7740183e-24)
(1.7610099e-05 -1.3050687e-05 8.4905317e-28)
(3.2086559e-05 -2.3762403e-05 -3.6884209e-24)
(4.9409742e-05 -3.6560578e-05 4.4173223e-24)
(7.0131949e-05 -5.1841835e-05 5.2655966e-24)
(9.4906928e-05 -7.0071662e-05 -6.2938926e-24)
(0.00012450595 -9.1793762e-05 -8.2405401e-27)
(0.00015983546 -0.00011763942 -8.9039355e-24)
(0.00020195591 -0.00014833624 1.0647291e-23)
(0.00025210138 -0.00018471527 1.2501192e-23)
(0.00031169885 -0.00022771523 -1.4913522e-23)
(0.00038238597 -0.00027838185 -6.6602898e-21)
(0.00046602534 -0.00033786006 9.2875489e-21)
(0.00056471306 -0.00040737586 0)
(0.00068077852 -0.00048820447 -2.7979662e-23)
(0.00081677212 -0.00058162128 3.2809653e-23)
(0.00097543764 -0.00068883233 -3.837254e-23)
(0.0011596664 -0.00081088262 4.2937382e-23)
(0.0013724317 -0.00094854323 2.617178e-24)
(0.0016167037 -0.0011021822 7.4074093e-24)
(0.0018953496 -0.00127163 -6.3482622e-24)
(0.0022110228 -0.0014560553 3.7437102e-20)
(0.0025660529 -0.0016538729 -7.7361637e-21)
(0.0029623418 -0.0018627054 -2.9579726e-23)
(0.003401271 -0.0020794137 7.5177313e-23)
(0.0038836165 -0.0023002001 0)
(0.0044094591 -0.002520766 -1.1385955e-22)
(0.0049780655 -0.0027364846 0)
(0.00558772 -0.0029425353 0)
(0.0062354834 -0.0031339469 -2.3049476e-22)
(0.0069168885 -0.0033055107 0)
(0.0076256772 -0.0034515271 -3.2713657e-22)
(0.0083538739 -0.0035656134 3.2083445e-22)
(0.0090919815 -0.0036421053 0)
(0.0098256903 -0.0036721488 -1.348461e-21)
(0.0105345 -0.0036480356 -4.9109458e-22)
(0.011208813 -0.0035622379 4.647672e-22)
(0.011832166 -0.0034138306 -6.0005863e-23)
(0.012390722 -0.0032023507 2.006925e-21)
(4.8283052e-06 -4.3752604e-06 0)
(1.5420498e-05 -1.3961656e-05 -8.4905317e-28)
(2.8101504e-05 -2.541821e-05 -4.6212638e-24)
(4.3281528e-05 -3.9102846e-05 5.530607e-24)
(6.1447539e-05 -5.5437645e-05 -2.8976359e-27)
(8.3177053e-05 -7.4917326e-05 -7.8638698e-24)
(0.00010915291 -9.8118841e-05 9.4071885e-24)
(0.0001401797 -0.00012571084 0)
(0.00017720176 -0.00015846224 1.3214211e-23)
(0.0002213223 -0.00019724878 -8.7033467e-26)
(0.00027382303 -0.00024305613 -1.8736756e-23)
(0.00033618341 -0.00029697739 -8.809049e-21)
(0.00041009818 -0.00036020228 9.0474879e-21)
(0.00049749121 -0.00043399478 0)
(0.00060052366 -0.00051965553 0)
(0.00072159352 -0.00061846508 0)
(0.00086332374 -0.00073160506 1.3106285e-24)
(0.0010285361 -0.00086005562 0)
(0.0012202089 -0.0010044709 0)
(0.0014414168 -0.0011650394 -7.4074321e-24)
(0.001695254 -0.0013413404 -1.4051675e-22)
(0.001984743 -0.001532218 1.840259e-20)
(0.0023127316 -0.0017356927 -5.323444e-20)
(0.002681782 -0.001948938 0)
(0.0030940517 -0.0021683348 8.6034086e-23)
(0.0035511624 -0.0023896079 -1.048734e-23)
(0.0040540485 -0.0026080192 -4.6693035e-22)
(0.0046027705 -0.0028185763 2.2748997e-23)
(0.0051962811 -0.0030161956 2.8846849e-22)
(0.0058321369 -0.003195765 5.0454301e-22)
(0.0065061614 -0.0033520609 4.9630044e-22)
(0.0072120852 -0.0034794287 0)
(0.0079400276 -0.0035717707 3.536426e-22)
(0.0086846262 -0.0036245583 -3.4576846e-22)
(0.0094322863 -0.0036296397 0)
(0.010155262 -0.0035780425 1.9378402e-21)
(0.010846913 -0.0034669065 1.6026655e-21)
(0.011491927 -0.0032959926 -8.4931321e-22)
(0.012075649 -0.0030666301 -1.2918832e-21)
(4.0680656e-06 -4.4872158e-06 0)
(1.2995436e-05 -1.4317783e-05 -1.2128006e-27)
(2.3688403e-05 -2.6064257e-05 5.5176949e-24)
(3.6495993e-05 -4.009241e-05 -6.6066073e-24)
(5.1833235e-05 -5.6833289e-05 -7.8705679e-24)
(7.019379e-05 -7.67916e-05 9.4078106e-24)
(9.216336e-05 -0.00010055523 0)
(0.00011843489 -0.00012880448 0)
(0.00014982563 -0.00016232026 -1.5814042e-23)
(0.00018729595 -0.00020198996 1.8807428e-23)
(0.00023196955 -0.00024880948 9.31171e-26)
(0.00028515458 -0.00030387922 -2.1951317e-25)
(0.0003483649 -0.0003683911 0)
(0.0004233404 -0.00044360327 -3.5687635e-23)
(0.0005120646 -0.0005307986 4.2031872e-23)
(0.00061677772 -0.00063122332 0)
(0.00073998264 -0.00074600247 5.2838033e-23)
(0.00088444089 -0.00087603125 -6.3360716e-23)
(0.0010531558 -0.0010218445 0)
(0.0012493398 -0.001183472 -1.0405322e-23)
(0.0014763627 -0.0013602925 1.6605197e-22)
(0.0017376795 -0.0015509089 -7.4348414e-24)
(0.002036734 -0.0017530672 -1.9389561e-22)
(0.0023768367 -0.0019636461 -1.8928397e-22)
(0.0027610145 -0.0021787309 1.1569331e-23)
(0.0031918263 -0.0023937734 1.2589985e-23)
(0.0036711426 -0.0026038109 5.4750788e-22)
(0.0041998856 -0.0028036966 -2.7122869e-23)
(0.0047777296 -0.0029882805 -3.376586e-22)
(0.0054027714 -0.0031524831 9.866033e-24)
(0.0060711964 -0.0032912258 -8.341812e-22)
(0.0067769481 -0.0033992314 -5.0578162e-22)
(0.0075107756 -0.0034713109 -4.1096193e-22)
(0.0082633451 -0.0035016791 4.018963e-22)
(0.0090212253 -0.0034858112 0)
(0.0097665728 -0.0034147318 1.253991e-21)
(0.010481852 -0.0032869064 0)
(0.011153115 -0.0031031034 0)
(0.011766083 -0.002866922 -4.9283654e-21)
(3.2729596e-06 -4.4114481e-06 -3.0562206e-24)
(1.0459339e-05 -1.4075138e-05 1.2128006e-27)
(1.9073605e-05 -2.5620736e-05 6.3514761e-24)
(2.9401025e-05 -3.9406806e-05 -7.5992467e-24)
(4.1781696e-05 -5.5855679e-05 -9.0515138e-24)
(5.6622024e-05 -7.5461445e-05 1.0841238e-23)
(7.4406738e-05 -9.879905e-05 0)
(9.5712856e-05 -0.00012653306 1.5293698e-23)
(0.00012122591 -0.00015942517 -1.8214882e-23)
(0.00015175851 -0.00019833937 -8.925498e-26)
(0.00018827127 -0.00024424304 -1.9862247e-25)
(0.00023189612 -0.00029820186 2.1951323e-25)
(0.00028396178 -0.00036136559 0)
(0.00034602089 -0.00043494135 0)
(0.00041987805 -0.00052015062 -4.759232e-23)
(0.00050761724 -0.00061816633 5.5808032e-23)
(0.00061162671 -0.00073002699 -6.0869442e-23)
(0.00073461842 -0.00085652725 7.2665537e-23)
(0.00087963792 -0.00099808739 5.3159345e-24)
(0.0010500598 -0.0011546099 1.0405473e-23)
(0.0012495618 -0.0013253376 -1.2762377e-23)
(0.0014820711 -0.0015087338 2.7244604e-23)
(0.0017516731 -0.0017024107 0)
(0.0020624761 -0.0019031295 -5.8406634e-23)
(0.0024184247 -0.0021068879 0)
(0.002823059 -0.0023090922 0)
(0.0032792209 -0.002504789 -2.206437e-22)
(0.0037887164 -0.0026889051 -3.808267e-22)
(0.0043519476 -0.0028564366 3.8342141e-22)
(0.0049675337 -0.0030025323 0)
(0.0056319497 -0.0031224458 -6.7070837e-23)
(0.0063391859 -0.0032113979 0)
(0.0070802285 -0.0032647227 0)
(0.0078447131 -0.0032782046 0)
(0.0086194262 -0.0032464751 -8.6157597e-22)
(0.0093863656 -0.0031628999 -1.9605046e-21)
(0.010127804 -0.0030270815 2.4381367e-21)
(0.010828108 -0.0028407412 0)
(0.011472479 -0.0026088694 3.4044682e-21)
(2.4849146e-06 -4.143659e-06 -3.4191236e-24)
(7.9459075e-06 -1.3220059e-05 1.1903105e-23)
(1.4500337e-05 -2.4062894e-05 -7.1225715e-24)
(2.2370449e-05 -3.7008192e-05 0)
(3.1822318e-05 -5.2451565e-05 -1.0133259e-23)
(4.3176215e-05 -7.0855543e-05 1.210762e-23)
(5.6817272e-05 -9.2757922e-05 0)
(7.3208285e-05 -0.00011877974 0)
(9.2905155e-05 -0.00014963195 0)
(0.0001165753 -0.00018611982 2.4042578e-23)
(0.00014501942 -0.00022914326 -2.8634443e-23)
(0.00017919712 -0.00027969124 2.7460427e-25)
(0.00022025668 -0.00033882728 0)
(0.00026956927 -0.00040766304 0)
(0.00032876744 -0.00048731627 0)
(0.00039978711 -0.00057884982 0)
(0.00048491146 -0.00068318898 0)
(0.00058681369 -0.00080101664 -7.9165462e-23)
(0.00070859359 -0.00093264925 8.5661313e-23)
(0.00085380056 -0.0010779013 0)
(0.0010264331 -0.001235953 2.6809636e-23)
(0.0012309019 -0.0014052405 2.7231948e-24)
(0.0014719432 -0.0015833942 0)
(0.0017544679 -0.0017672471 -5.7554079e-24)
(0.002083338 -0.0019529278 6.4274804e-23)
(0.0024630675 -0.0021360337 -2.3419132e-22)
(0.0028974561 -0.002311861 4.6221649e-22)
(0.0033891745 -0.0024756406 0)
(0.0039393292 -0.002622725 -3.9025253e-22)
(0.0045470384 -0.0027486773 3.8943791e-22)
(0.0052090519 -0.0028492449 2.6178942e-22)
(0.0059194327 -0.0029202621 -3.166214e-22)
(0.0066692685 -0.0029576909 1.1102421e-21)
(0.0074474182 -0.0029578371 0)
(0.0082401835 -0.002916301 1.5878185e-21)
(0.0090299014 -0.0028284698 -1.5146791e-21)
(0.009798262 -0.0026941153 -2.4474678e-21)
(0.010528174 -0.0025156745 3.3681196e-21)
(0.011203994 -0.002298837 8.1386013e-22)
(1.7465544e-06 -3.6900316e-06 1.8693988e-24)
(5.5913153e-06 -1.1772186e-05 6.499367e-24)
(1.0216142e-05 -2.1426622e-05 -7.7815344e-24)
(1.5784689e-05 -3.2951882e-05 0)
(2.249374e-05 -4.6699567e-05 5.6057407e-27)
(3.0583113e-05 -6.3080466e-05 0)
(4.0344985e-05 -8.2571923e-05 0)
(5.213562e-05 -0.00010572474 0)
(6.6390133e-05 -0.00013316892 0)
(8.3640828e-05 -0.00016561713 9.8601544e-26)
(0.00010453984 -0.00020386469 1.1653576e-25)
(0.00012988699 -0.00024878386 -3.6808652e-23)
(0.00016066377 -0.00030131024 8.6143173e-23)
(0.00019807433 -0.00036241829 -5.0228056e-23)
(0.0002435939 -0.00043308271 0)
(0.0002990247 -0.00051422284 0)
(0.00036655781 -0.00060662761 -7.6334224e-23)
(0.00044883784 -0.00071086086 8.5613209e-23)
(0.00054902458 -0.00082714976 0)
(0.00067084182 -0.00095526377 9.2233071e-23)
(0.00081859986 -0.0010943972 -1.3353806e-22)
(0.00099717447 -0.0012430739 2.3208337e-24)
(0.0012119225 -0.0013990961 1.2762361e-22)
(0.0014685159 -0.0015595574 -7.3507276e-23)
(0.0017726822 -0.0017209334 -6.4287761e-23)
(0.0021298498 -0.0018792444 0)
(0.0025447123 -0.0020302684 0)
(0.0030207425 -0.0021697593 -2.4505453e-22)
(0.0035596954 -0.0022936201 4.2324428e-22)
(0.0041611437 -0.0023979895 -4.2245619e-22)
(0.0048220836 -0.0024792298 3.2382322e-22)
(0.0055366373 -0.0025338529 0)
(0.0062958635 -0.0025585028 -1.1124573e-21)
(0.0070881025 -0.0025500425 8.9672682e-20)
(0.0078990122 -0.0025051081 1.8800177e-19)
(0.0087109594 -0.0024206519 2.304508e-21)
(0.0095051011 -0.0022966671 0)
(0.010263127 -0.0021358411 -2.318784e-21)
(0.01096845 -0.0019438373 -9.9160795e-22)
(1.0986723e-06 -3.0671516e-06 -2.5065309e-28)
(3.5256092e-06 -9.784553e-06 -8.7200655e-28)
(6.4575674e-06 -1.7808411e-05 -1.9655796e-27)
(1.0007221e-05 -2.73863e-05 0)
(1.4310551e-05 -3.8810056e-05 -5.9338809e-24)
(1.9536955e-05 -5.2420414e-05 7.0827955e-24)
(2.589729e-05 -6.8613112e-05 -8.4068757e-24)
(3.3654674e-05 -8.7844536e-05 1.0050406e-23)
(4.3138693e-05 -0.00011063629 2.3844714e-26)
(5.4763711e-05 -0.00013757794 0)
(6.9052343e-05 -0.00016932658 1.6604767e-23)
(8.6665351e-05 -0.00020660184 -1.7921295e-25)
(0.0001084394 -0.00025017403 -2.316691e-23)
(0.00013543408 -0.00030084319 2.6333432e-23)
(0.00016898924 -0.00035940629 -6.2512737e-23)
(0.00021079315 -0.00042661019 3.6373636e-23)
(0.00026296027 -0.00050308837 0)
(0.00032811542 -0.00058928142 5.8132451e-24)
(0.00040947724 -0.00068534358 1.0300191e-22)
(0.00051092968 -0.00079104192 -2.0931065e-22)
(0.00063706458 -0.00090565913 1.2762203e-22)
(0.00079317382 -0.0010279156 9.8333205e-23)
(0.0009851666 -0.0011559292 -1.7877693e-22)
(0.0012193893 -0.0012872304 1.3893481e-22)
(0.0015023333 -0.0014188416 -7.4490089e-23)
(0.0018402304 -0.0015474186 0)
(0.0022385568 -0.0016694324 2.5947197e-22)
(0.0027014838 -0.001781356 2.2476802e-22)
(0.0032313272 -0.0018798129 -4.7096708e-22)
(0.0038280483 -0.0019616531 8.5494531e-22)
(0.0044888483 -0.0020239484 -4.2781846e-22)
(0.0052078844 -0.002063935 6.8496159e-22)
(0.0059761241 -0.0020789777 2.6258999e-22)
(0.0067815225 -0.0020666061 -1.768084e-19)
(0.0076091753 -0.002024381 -1.0357929e-19)
(0.0084412287 -0.0019503564 8.0732877e-23)
(0.009258333 -0.0018447384 -6.961411e-22)
(0.010041189 -0.0017100767 6.7788638e-22)
(0.010772323 -0.0015513991 -1.2042821e-21)
(5.7751635e-07 -2.3009278e-06 4.6031443e-23)
(1.864031e-06 -7.3399721e-06 -8.8758024e-23)
(3.4343039e-06 -1.3358918e-05 0)
(5.3600932e-06 -2.0543175e-05 -5.2224766e-24)
(7.7284865e-06 -2.9111465e-05 1.2478154e-23)
(1.0652301e-05 -3.931903e-05 -7.4408803e-24)
(1.4277097e-05 -5.1462198e-05 -8.4434335e-27)
(1.8791268e-05 -6.5882551e-05 0)
(2.4439832e-05 -8.2970268e-05 -2.3844717e-26)
(3.1542753e-05 -0.00010316605 2.9424167e-26)
(4.0519045e-05 -0.00012696069 0)
(5.1918366e-05 -0.00015489111 -2.0453197e-23)
(6.6461883e-05 -0.00018753116 2.4339271e-23)
(8.5094206e-05 -0.00022547564 0)
(0.00010904798 -0.00026931527 0)
(0.00013992194 -0.00031960096 0)
(0.00017977159 -0.00037679588 0)
(0.00023120895 -0.00044121533 -2.9899127e-24)
(0.00029750374 -0.00051295634 3.4806898e-24)
(0.00038267298 -0.00059182179 -6.6870263e-23)
(0.00049153951 -0.0006772477 2.5303946e-24)
(0.00062973461 -0.00076824559 8.9338716e-23)
(0.00080361632 -0.00086337368 3.5699209e-23)
(0.0010200773 -0.00096075007 1.4562862e-22)
(0.0012862258 -0.0010581152 -3.351997e-22)
(0.0016089411 -0.0011529408 1.5210258e-22)
(0.0019943278 -0.0012425692 7.141217e-23)
(0.0024471159 -0.0013243566 0)
(0.0029700672 -0.0013957862 0)
(0.0035634489 -0.0014545282 -2.1923399e-22)
(0.0042246188 -0.001498438 3.9604566e-22)
(0.0049477497 -0.0015255143 -3.5451767e-22)
(0.0057237054 -0.0015338659 3.0789408e-22)
(0.0065401468 -0.0015217314 1.9330991e-21)
(0.0073817298 -0.0014874731 -4.9723588e-22)
(0.0082303039 -0.00142992 -1.7185269e-21)
(0.0090660684 -0.0013493704 7.2848721e-22)
(0.0098689558 -0.0012479063 -2.0576165e-21)
(0.01062076 -0.0011294504 2.2748442e-21)
(2.1308408e-07 -1.4289784e-06 2.9645232e-23)
(7.0218292e-07 -4.5582692e-06 -4.3055194e-23)
(1.3203046e-06 -8.2957306e-06 2.2582963e-24)
(2.1106306e-06 -1.2755874e-05 -2.7019631e-24)
(3.1260255e-06 -1.8073674e-05 3.2179266e-24)
(4.4397071e-06 -2.440627e-05 -3.8521522e-24)
(6.1515194e-06 -3.1935704e-05 -4.5719857e-24)
(8.3975468e-06 -4.0871645e-05 5.4549325e-24)
(1.13637e-05 -5.1454385e-05 1.272487e-26)
(1.5304059e-05 -6.3958152e-05 -2.9424173e-26)
(2.0565407e-05 -7.8688798e-05 0)
(2.7619914e-05 -9.5978307e-05 -8.1901017e-26)
(3.7108185e-05 -0.00011618079 -1.25283e-23)
(4.9894805e-05 -0.00013966286 1.9043155e-25)
(6.7137999e-05 -0.00016678796 1.707864e-23)
(9.0374676e-05 -0.00019789397 6.1545621e-25)
(0.00012162017 -0.0002332633 -4.6375646e-20)
(0.00016347902 -0.00027308533 5.1464805e-20)
(0.00021925855 -0.00031741267 -2.8765803e-23)
(0.00029307113 -0.00036611404 1.2487469e-22)
(0.00038990385 -0.00041882934 -7.3353618e-23)
(0.00051562833 -0.0004749342 5.2893147e-23)
(0.00067691941 -0.00053352283 5.7168607e-24)
(0.00088105441 -0.00059341704 -7.9441889e-23)
(0.0011355751 -0.00065320603 1.7504636e-23)
(0.0014478145 -0.00071131511 6.7990471e-23)
(0.0018243166 -0.00076609341 -2.2254468e-22)
(0.0022702009 -0.00081590335 0)
(0.0027885388 -0.00085919219 6.3752275e-23)
(0.0033798079 -0.00089452961 -2.2200236e-22)
(0.0040414713 -0.00092060759 -8.5121391e-23)
(0.0047677062 -0.00093621491 9.3186704e-24)
(0.0055492906 -0.00094021484 0)
(0.0063736817 -0.00093155688 -8.6001183e-22)
(0.0072252324 -0.00090930272 -1.0191436e-21)
(0.0080855372 -0.00087283702 2.1485502e-22)
(0.0089344535 -0.00082240865 0)
(0.0097513823 -0.00075937526 2.051305e-21)
(0.010517601 -0.00068622138 0)
(2.345571e-08 -4.8693334e-07 -5.5222418e-25)
(1.0277052e-07 -1.5523614e-06 1.9226561e-24)
(2.2984972e-07 -2.8228332e-06 -1.1510376e-24)
(4.3474559e-07 -4.3357377e-06 1.3729291e-24)
(7.52634e-07 -6.1356771e-06 -1.6419755e-24)
(1.236613e-06 -8.2746528e-06 1.9525805e-24)
(1.9635115e-06 -1.0813744e-05 -5.0507934e-27)
(3.0445656e-06 -1.3825425e-05 -2.7757625e-24)
(4.6314624e-06 -1.7397842e-05 -1.2724871e-26)
(6.9401062e-06 -2.1630619e-05 0)
(1.0289627e-05 -2.6622907e-05 0)
(1.5112715e-05 -3.2481277e-05 0)
(2.2001851e-05 -3.9325555e-05 6.4129241e-24)
(3.1782467e-05 -4.7279294e-05 -7.4632617e-24)
(4.5575477e-05 -5.6464935e-05 -8.5426825e-24)
(6.48862e-05 -6.6996167e-05 1.9238617e-23)
(9.1709546e-05 -7.8967731e-05 -4.5778378e-20)
(0.00012864663 -9.2442707e-05 5.5276235e-20)
(0.00017902468 -0.00010743767 -1.6364323e-23)
(0.00024700579 -0.00012390672 0)
(0.00033766234 -0.00014172627 2.1141617e-23)
(0.00045699039 -0.00016068306 -8.1204868e-25)
(0.00061182859 -0.00018046839 -2.9151287e-23)
(0.00080965287 -0.00020068129 0)
(0.0010582286 -0.00022084219 -1.0867953e-19)
(0.0013651225 -0.00024041641 1.1373674e-19)
(0.0017371047 -0.00025884409 3.8367935e-23)
(0.0021794946 -0.00027557068 -1.23271e-37)
(0.0026955222 -0.00029007139 -6.3830841e-23)
(0.0032857724 -0.00030186398 0)
(0.003947761 -0.00031050891 2.0719642e-22)
(0.0046756653 -0.00031560069 -2.7062797e-24)
(0.0054602159 -0.00031676021 1.7043039e-22)
(0.0062887646 -0.00031363871 -7.9388954e-23)
(0.0071455099 -0.00030593099 6.4893115e-22)
(0.0080119018 -0.00029344645 -6.9212401e-22)
(0.0088676134 -0.00027628073 -8.4383896e-23)
(0.0096917726 -0.00025490504 -6.7806923e-22)
(0.010465391 -0.00023016917 1.6416036e-22)
(0.0059743152 6.7196074e-05 1.3052056e-23)
(0.006404144 6.3724861e-05 -1.3132184e-23)
(0.0068138971 5.7799689e-05 0)
(0.0071744798 5.3447115e-05 5.3809462e-23)
(0.0075143381 4.9282843e-05 1.6493964e-23)
(0.0078243779 4.5596166e-05 0)
(0.0081140385 4.2259592e-05 0)
(0.0083834621 3.9207497e-05 9.4500009e-23)
(0.0086359586 3.6392518e-05 -8.2560738e-23)
(0.0088727884 3.3768681e-05 0)
(0.0090961352 3.1289347e-05 0)
(0.0093058163 2.8929663e-05 -3.7099066e-23)
(0.0095057726 2.6683204e-05 0)
(0.0096907993 2.4345585e-05 0)
(0.0098713864 2.2695113e-05 0)
(0.0060148998 0.0002026055 0)
(0.0064403541 0.00019234062 0)
(0.0068480643 0.00017440513 -3.935638e-23)
(0.0072067325 0.00016122803 1.438907e-24)
(0.0075453181 0.00014863458 -3.3576716e-23)
(0.0078544722 0.0001374611 0)
(0.0081434864 0.00012736106 0)
(0.0084124702 0.00011811844 -7.7839707e-23)
(0.0086646319 0.00010960185 6.586629e-23)
(0.0089011854 0.00010166671 2.5549685e-23)
(0.0091242657 9.4180196e-05 -4.6232579e-23)
(0.0093336255 8.7054532e-05 5.8272946e-23)
(0.009533236 8.0290423e-05 -5.9257498e-23)
(0.0097176524 7.3246271e-05 4.5396746e-23)
(0.0098978947 6.8285835e-05 2.5121944e-24)
(0.0061005395 0.00033810591 0)
(0.0065188056 0.00032152779 0)
(0.0069234877 0.00029159513 -3.4835412e-22)
(0.0072788418 0.0002696998 6.875365e-23)
(0.0076151288 0.00024865193 -6.8593221e-23)
(0.0079224401 0.00022997453 -2.1760145e-22)
(0.008209922 0.00021305518 -2.3018318e-22)
(0.0084776175 0.00019756419 6.1655574e-24)
(0.0087285868 0.0001832793 5.3658271e-24)
(0.0089639712 0.00016996588 -1.9427082e-22)
(0.009185828 0.00015740894 3.6009796e-19)
(0.0093938084 0.00014545547 3.0470113e-19)
(0.0095919472 0.00013412454 6.2940826e-19)
(0.0097743453 0.0001223254 -7.7315086e-19)
(0.0099531218 0.00011400543 6.6450307e-23)
(0.0062340017 0.00047059584 0)
(0.0066421977 0.00044847718 -4.8481209e-22)
(0.0070428222 0.00040678167 9.4661041e-23)
(0.0073933962 0.00037642993 0)
(0.0077262794 0.00034706886 4.5783684e-22)
(0.0080307089 0.00032100746 3.3388128e-22)
(0.0083156881 0.00029734909 1.830584e-22)
(0.0085811577 0.00027567838 -3.6626409e-22)
(0.0088299852 0.00025568185 -2.7234042e-22)
(0.0090632113 0.00023704388 2.553921e-22)
(0.0092827884 0.00021947366 -3.5159556e-19)
(0.0094882267 0.00020275293 -3.2446374e-19)
(0.0096836646 0.00018692484 2.2303228e-19)
(0.0098625216 0.00017045969 1.6609845e-19)
(0.010038609 0.00015882607 -6.7556259e-23)
(0.0064174405 0.00059649259 1.1328548e-22)
(0.0068126609 0.00056996966 2.8496989e-22)
(0.0072081543 0.00051701221 3.6166536e-22)
(0.0075524305 0.00047867608 -7.1017169e-23)
(0.0078807208 0.00044134831 6.9401382e-24)
(0.0081811502 0.00040819649 5.0930151e-22)
(0.0084625745 0.00037804512 -3.8390279e-22)
(0.0087247959 0.00035041515 3.2775986e-22)
(0.0089704465 0.00032490812 2.7674874e-22)
(0.0092004382 0.00030113845 -2.3034884e-22)
(0.009416593 0.0002787473 -2.1971563e-23)
(0.0096182407 0.00025745668 1.78292e-22)
(0.0098096649 0.00023732932 -9.1193418e-19)
(0.0099833787 0.0002164378 6.6404742e-19)
(0.010155477 0.00020162815 0)
(0.0066522277 0.00071183042 0)
(0.007031581 0.00068247891 -7.901836e-22)
(0.0074208404 0.00061904485 1.6853325e-22)
(0.007757263 0.00057343981 -7.7626091e-22)
(0.0080796852 0.00052872109 -5.3357395e-22)
(0.0083749241 0.00048897381 -2.8897618e-24)
(0.0086516652 0.00045276286 2.6069393e-24)
(0.0089095403 0.00041956574 0)
(0.009150905 0.00038891089 6.455533e-23)
(0.0093765137 0.00036035657 2.2367706e-22)
(0.0095880363 0.00033348514 -5.2751239e-23)
(0.0097845849 0.00030797001 0)
(0.0099706279 0.00028387982 1.7316392e-23)
(0.01013756 0.00025895856 -1.9080378e-23)
(0.010304327 0.0002412113 -1.2308776e-22)
(0.006938778 0.00081233346 -1.0570905e-21)
(0.0072994116 0.00078225102 9.9373618e-22)
(0.0076813516 0.00070942153 5.4274217e-22)
(0.008008329 0.00065752192 5.5990475e-24)
(0.0083235223 0.00060624176 0)
(0.0086123186 0.00056061966 -6.5429492e-19)
(0.0088831848 0.00051898943 -5.1727373e-19)
(0.009135554 0.00048080591 9.0010302e-23)
(0.0093714659 0.00044554207 9.3005448e-19)
(0.0095914918 0.00041271695 -1.997873e-18)
(0.0097971304 0.00038186512 4.4221344e-23)
(0.0099872434 0.00035262756 -7.8236776e-24)
(0.010166519 0.000325058 2.1236643e-22)
(0.010325048 0.00029666417 -1.9954844e-22)
(0.010485142 0.00027632641 1.2980578e-22)
(0.0072763724 0.00089348422 1.3046323e-21)
(0.0076154653 0.00086538511 -4.3365023e-23)
(0.0079891402 0.00078457432 -7.6478332e-22)
(0.0083050199 0.0007276094 4.4799968e-22)
(0.0086115423 0.00067087791 -9.4100909e-22)
(0.0088925999 0.00062034988 5.6727328e-19)
(0.0091563543 0.00057416386 6.166616e-19)
(0.009402016 0.00053177654 0)
(0.0096312739 0.00049262909 2.1637214e-18)
(0.0098444927 0.00045622199 -1.0366752e-18)
(0.010042985 0.00042205506 -4.3251907e-22)
(0.010225338 0.0003897573 0)
(0.010396487 0.00035934188 1.4079334e-23)
(0.010545064 0.00032819079 3.865575e-22)
(0.010697192 0.00030572047 0)
(0.0076630203 0.00095060427 2.6396846e-22)
(0.0079776632 0.00092771454 5.7785264e-22)
(0.0083425422 0.00084096295 1.9978043e-23)
(0.0086455375 0.00078039523 -1.0468972e-21)
(0.0089418784 0.00071963205 1.0754098e-21)
(0.0092138847 0.00066543459 -9.1679431e-22)
(0.0094692714 0.00061579014 1.8130029e-22)
(0.0097070089 0.00057019022 4.752346e-22)
(0.0099284054 0.000528075 -1.2854293e-22)
(0.010133601 0.00048895095 -7.9789184e-22)
(0.010323714 0.00045229857 1.1350009e-21)
(0.010497038 0.00041775886 0)
(0.010658773 0.00038527626 -5.0235455e-22)
(0.010795991 0.0003522307 -1.7323757e-22)
(0.010938962 0.0003281915 0)
(0.0080968141 0.00097890104 1.0987071e-21)
(0.0083868552 0.00096523811 -7.7327713e-22)
(0.0087387677 0.00087523946 0)
(0.0090267639 0.00081271529 1.2245744e-21)
(0.0093113872 0.00074968923 0)
(0.0095730507 0.0006933379 1.1074102e-21)
(0.0098188293 0.00064156843 -2.9420415e-23)
(0.010047443 0.00059395405 -8.3578122e-22)
(0.0102598 0.00054997271 -1.087038e-21)
(0.010455803 0.00050916566 1.2605909e-21)
(0.01063637 0.00047101211 -6.5320069e-22)
(0.010799501 0.00043519179 6.0359553e-22)
(0.010950664 0.00040155196 5.0495962e-22)
(0.011075316 0.00036760235 -2.6715527e-23)
(0.011208096 0.00034265077 -2.1378824e-22)
(0.0085727895 0.00097603297 -3.2874127e-21)
(0.0088402244 0.00097243584 6.01336e-22)
(0.0091716059 0.00088272971 -3.6769378e-22)
(0.0094441184 0.0008216867 -1.4693219e-21)
(0.0097156092 0.00075859643 -5.1103295e-22)
(0.0099657019 0.00070187331 -2.586709e-22)
(0.010200689 0.000649538 7.5262238e-22)
(0.010419036 0.00060130205 0)
(0.01062124 0.00055672739 1.090693e-21)
(0.010806967 0.00051542324 -9.0784364e-22)
(0.010976937 0.00047688814 0)
(0.011128863 0.00044086927 -1.5767499e-23)
(0.011268476 0.00040708994 4.522666e-22)
(0.011379621 0.00037332497 3.7906941e-22)
(0.011501382 0.00034818965 4.1357533e-22)
(0.009080757 0.00093849105 4.6991162e-22)
(0.0093226356 0.00094878229 -4.6140259e-22)
(0.0096360406 0.00086135842 -1.082837e-21)
(0.0098916437 0.00080508878 8.6245147e-22)
(0.010148794 0.00074441981 -2.1676523e-22)
(0.010386205 0.00068936003 -1.3073127e-21)
(0.01060932 0.00063822218 -2.2553082e-21)
(0.010816356 0.00059092823 -3.1777955e-22)
(0.011007404 0.00054717867 1.4429916e-22)
(0.0111819 0.00050668797 0)
(0.011340376 0.00046899716 7.0638333e-22)
(0.011480283 0.00043395061 -5.9146131e-22)
(0.01160759 0.00040112455 9.6609446e-24)
(0.01170461 0.00036869286 -2.8511628e-23)
(0.011814776 0.00034414674 -2.0816382e-22)
(0.009614373 0.0008630914 2.2487451e-23)
(0.0098256782 0.00089410379 -3.4652857e-22)
(0.010123665 0.00081049192 2.0735776e-21)
(0.010362025 0.00076157568 -1.4390902e-20)
(0.010603973 0.00070595302 1.2407857e-18)
(0.0108278 0.00065477836 5.0060563e-19)
(0.011038118 0.00060676342 -6.2679623e-19)
(0.011232941 0.00056210863 -4.3900784e-19)
(0.011411978 0.00052071144 0)
(0.011574455 0.00048243209 9.7873691e-23)
(0.011720737 0.00044687924 -8.0221406e-22)
(0.011848048 0.00041402445 0)
(0.01196256 0.00038327854 -2.6813899e-19)
(0.012045192 0.00035334298 -2.3092613e-19)
(0.012143468 0.00033016984 1.6382955e-22)
(0.010164423 0.00074746785 1.7248211e-21)
(0.010346648 0.00080356878 1.7266654e-21)
(0.010626467 0.00072950591 1.3272644e-21)
(0.010847199 0.0006906747 -4.9031637e-19)
(0.011073245 0.00064283395 -5.1101693e-19)
(0.011282809 0.00059789032 -7.1671598e-19)
(0.011479607 0.00055503197 4.811589e-19)
(0.011661501 0.00051479813 5.8013685e-19)
(0.011827858 0.00047734273 9.7579786e-22)
(0.01197773 0.00044271407 0)
(0.012111344 0.00041061488 0)
(0.012225746 0.00038117292 0)
(0.012327262 0.00035362154 2.5204904e-19)
(0.012395629 0.00032730855 2.4561499e-19)
(0.012482015 0.00030626637 1.2609417e-22)
(0.010720279 0.00059172646 1.2261218e-18)
(0.010875249 0.00067727919 3.6883747e-19)
(0.01113532 0.0006182236 -1.3379365e-21)
(0.011338328 0.00059274977 -1.3820783e-21)
(0.011548033 0.00055560288 0)
(0.011742922 0.0005193131 -1.5631573e-21)
(0.011925722 0.00048369297 -1.0135925e-21)
(0.012094192 0.00044968878 -4.6728155e-23)
(0.012247418 0.0004177723 -1.2309261e-21)
(0.012384329 0.00038822308 0)
(0.012505046 0.00036086461 0)
(0.012606503 0.00033600794 -1.00638e-21)
(0.012695121 0.00031270371 7.5258001e-22)
(0.012749725 0.00029105138 6.2600952e-22)
(0.01282451 0.00027283576 -2.7540955e-22)
(0.011270382 0.000397305 -7.009325e-19)
(0.011400625 0.00051616151 -8.7668376e-19)
(0.011640356 0.00047781585 -2.4088838e-21)
(0.011826113 0.00046916949 1.7563592e-21)
(0.012019424 0.00044573747 -1.503151e-21)
(0.012199548 0.00042054055 1.9025919e-21)
(0.012368153 0.00039422096 2.2290022e-21)
(0.012522956 0.00036821811 2.5170098e-22)
(0.01266284 0.0003433867 -4.5760695e-22)
(0.012786675 0.00032028044 2.0614127e-22)
(0.012894521 0.00029886936 3.4890018e-19)
(0.012983276 0.00027967159 2.6157242e-19)
(0.013059377 0.00026155777 -7.0638116e-22)
(0.013101078 0.00024546667 -6.8045921e-22)
(0.013164811 0.00023067778 2.1199865e-22)
(0.011802688 0.0001672346 -1.5582956e-21)
(0.011911759 0.00032245859 -6.6024346e-22)
(0.012131518 0.00031073126 2.9232406e-21)
(0.012301204 0.00032235153 -4.1179322e-21)
(0.012478566 0.0003156369 2.1126296e-21)
(0.012644209 0.00030390492 1.014628e-21)
(0.012798735 0.00028885436 -1.2491149e-21)
(0.012939897 0.00027252111 -2.377323e-22)
(0.013066477 0.00025621103 2.349341e-22)
(0.013177367 0.00024079272 1.6082706e-22)
(0.013272617 0.00022640633 -2.9914326e-19)
(0.01334917 0.00021379633 -3.0456175e-19)
(0.013413392 0.00020166469 0)
(0.013443355 0.00019185603 1.2293394e-23)
(0.013496797 0.0001809725 -3.9565714e-22)
(0.012305165 -9.375883e-05 3.4930584e-22)
(0.012397917 9.974585e-05 -9.2957581e-23)
(0.012599079 0.00012055307 -7.5720555e-22)
(0.012754666 0.00015568337 3.6779211e-21)
(0.012917101 0.00016852617 5.5221819e-23)
(0.013068955 0.00017246936 -2.3308024e-21)
(0.013209847 0.00017048622 0)
(0.013337667 0.00016532376 2.2244789e-22)
(0.01345123 0.00015880717 -2.1999366e-22)
(0.013549544 0.00015215595 1.496659e-22)
(0.0136327 0.00014570021 -2.6760515e-22)
(0.013697774 0.00014042425 7.2081167e-23)
(0.013750963 0.0001348827 5.9854263e-22)
(0.013770588 0.00013186756 3.5450601e-23)
(0.013814648 0.00012522995 1.7148437e-22)
(0.012766275 -0.00037931506 3.3760093e-21)
(0.01284909 -0.00014720544 -3.207694e-22)
(0.013034128 -8.8251729e-05 1.8957296e-21)
(0.013178412 -2.6675381e-05 -1.7199589e-21)
(0.013327571 8.2677546e-06 0)
(0.013466753 2.9846172e-05 1.2892747e-21)
(0.013594782 4.249197e-05 0)
(0.013709826 4.9781466e-05 0)
(0.013810891 5.4123193e-05 0)
(0.013897214 5.7115769e-05 0)
(0.013968976 5.9294229e-05 0)
(0.014023473 6.1889765e-05 2.4447132e-19)
(0.014066623 6.3342783e-05 1.6589329e-19)
(0.014077462 6.740567e-05 -4.3331454e-22)
(0.014113116 6.5210813e-05 -1.0346057e-22)
(0.013175597 -0.00068140344 -3.2206584e-21)
(0.013256516 -0.00041248971 0)
(0.013429008 -0.00031058312 -1.4346869e-21)
(0.013565592 -0.00022002534 -4.1439819e-22)
(0.013703779 -0.0001608603 -3.1216432e-22)
(0.013831821 -0.00012001662 2.5275613e-21)
(0.013948061 -9.1473392e-05 -2.2595639e-22)
(0.014051136 -7.0712056e-05 2.2423565e-22)
(0.014140434 -5.4685974e-05 0)
(0.014215538 -4.1400276e-05 -1.0581365e-21)
(0.014276765 -3.0105522e-05 -8.3823843e-22)
(0.014321709 -1.9323418e-05 -2.1437986e-19)
(0.014355898 -1.068016e-05 -1.9080015e-19)
(0.014359555 5.1721964e-07 -3.7126881e-22)
(0.014387771 2.8234773e-06 1.0887072e-22)
(0.013524735 -0.00098986447 -2.4450422e-22)
(0.013613697 -0.00068849229 5.9259093e-23)
(0.013778064 -0.00054049847 1.9075743e-22)
(0.013911116 -0.00041907672 0)
(0.014041188 -0.00033420613 0)
(0.014159941 -0.000272938 -1.9201165e-21)
(0.014265701 -0.00022761114 -2.4101143e-22)
(0.014357802 -0.0001926763 -1.5918323e-21)
(0.014436228 -0.00016441588 1.6916051e-22)
(0.014501032 -0.00014044023 9.2601555e-22)
(0.014552697 -0.00011978381 9.345794e-22)
(0.014589174 -0.00010072895 6.5502754e-23)
(0.014615492 -8.49032e-05 -6.4869247e-23)
(0.014613538 -6.6733949e-05 1.3963302e-21)
(0.014635199 -5.9991192e-05 -3.8236551e-23)
(0.013806605 -0.0012936182 -2.0455091e-22)
(0.013916995 -0.00096600022 3.7445315e-22)
(0.014078425 -0.00077129891 1.5565413e-22)
(0.014212187 -0.00061810847 -3.8132965e-23)
(0.014337271 -0.00050692363 -2.3256104e-21)
(0.01444872 -0.00042469349 2.164501e-22)
(0.0145454 -0.00036216284 -3.2958607e-23)
(0.014627618 -0.00031271751 1.2041075e-21)
(0.014696173 -0.00027197662 2.5543804e-19)
(0.014751687 -0.00023718379 1.5941228e-19)
(0.014794814 -0.00020716449 0)
(0.01482391 -0.00017997632 -5.6022868e-23)
(0.014843397 -0.0001571639 -6.0107988e-22)
(0.014837287 -0.00013238791 -6.4061124e-22)
(0.01485312 -0.00012137072 4.7048963e-23)
(0.014008932 -0.0015886003 -8.2058342e-22)
(0.0141597 -0.0012414197 6.9447072e-22)
(0.014326479 -0.0010009832 1.9094485e-21)
(0.014466129 -0.00081482356 2.0832117e-21)
(0.014590132 -0.00067655311 1.7194501e-21)
(0.014696726 -0.00057272464 0)
(0.014786012 -0.00049254925 0)
(0.014859647 -0.00042830585 0)
(0.014919497 -0.00037494013 -1.8489099e-19)
(0.014966847 -0.0003293371 -2.1919597e-19)
(0.01500251 -0.00029009975 -6.5023901e-23)
(0.015025279 -0.0002550628 6.4654194e-23)
(0.015038886 -0.00022558666 6.1272758e-22)
(0.015029911 -0.00019470857 3.2117212e-23)
(0.015040424 -0.00017966907 0)
(0.014107181 -0.0018906494 1.0369667e-21)
(0.014316361 -0.0015291125 -9.3706964e-22)
(0.0145058 -0.0012420018 -2.0840644e-21)
(0.014662647 -0.001017037 -2.1869196e-21)
(0.014793735 -0.00084724633 -3.5564646e-19)
(0.014900581 -0.00071878276 -1.7585616e-19)
(0.014985736 -0.00061908702 -1.6496494e-22)
(0.015053047 -0.00053895401 -1.9334357e-21)
(0.015105973 -0.00047238346 1.5490938e-21)
(0.015146667 -0.00041574697 0)
(0.015176136 -0.00036731849 8.9217071e-22)
(0.015193688 -0.0003246738 -3.6149863e-23)
(0.015202322 -0.00028884681 3.5585161e-23)
(0.015191673 -0.0002523652 0)
(0.015197067 -0.00023371342 1.6726815e-22)
(0.010042602 1.9217828e-05 0)
(0.010206135 1.7118079e-05 0)
(0.010376665 1.4748547e-05 0)
(0.010536756 1.2482009e-05 0)
(0.010692738 1.0453319e-05 0)
(0.010838419 8.5326302e-06 0)
(0.010972003 6.7978865e-06 0)
(0.011091531 5.1735315e-06 0)
(0.01119008 3.7148206e-06 0)
(0.011269968 2.2728225e-06 0)
(0.011312067 1.0426668e-06 0)
(0.011334795 -3.9267172e-07 0)
(0.011278323 -1.2762301e-06 0)
(0.011235696 -3.0816957e-06 0)
(0.010978777 -2.6896602e-06 0)
(0.010067158 5.7910456e-05 0)
(0.010227715 5.1623126e-05 0)
(0.010395898 4.4494173e-05 0)
(0.010553838 3.7674777e-05 0)
(0.010707938 3.1562474e-05 0)
(0.010852012 2.5774044e-05 0)
(0.010984237 2.0541261e-05 0)
(0.01110265 1.5639931e-05 0)
(0.011200327 1.1232376e-05 0)
(0.011279564 6.8842136e-06 0)
(0.011321272 3.1591694e-06 0)
(0.011343843 -1.1740423e-06 0)
(0.011287521 -3.8478872e-06 0)
(0.011245174 -9.3198454e-06 0)
(0.010989169 -8.1069102e-06 0)
(0.010117999 9.6783169e-05 0)
(0.010272389 8.6349285e-05 0)
(0.010435694 7.4493593e-05 0)
(0.010589165 6.3134926e-05 0)
(0.010739345 5.2929294e-05 0)
(0.010880063 4.3254267e-05 0)
(0.011009446 3.4492245e-05 0)
(0.011125515 2.6275813e-05 0)
(0.01122135 1.8876634e-05 0)
(0.011299196 1.1574447e-05 0)
(0.011340044 5.3092968e-06 0)
(0.011362236 -1.9792713e-06 0)
(0.01130615 -6.4840631e-06 0)
(0.011264359 -1.5693376e-05 0)
(0.011010077 -1.363895e-05 0)
(0.010196545 0.00013505886 0)
(0.010341436 0.00012064741 0)
(0.010497202 0.00010424857 0)
(0.010643748 8.8474624e-05 0)
(0.010787841 7.4257301e-05 0)
(0.010923336 6.0751098e-05 0)
(0.011048278 4.8486827e-05 0)
(0.011160671 3.6964908e-05 0)
(0.011253594 2.6567589e-05 0)
(0.011329223 1.6293907e-05 0)
(0.011368658 7.4655773e-06 0)
(0.011390168 -2.8152131e-06 0)
(0.011334324 -9.1707254e-06 0)
(0.011293365 -2.2234059e-05 0)
(0.011041465 -1.933121e-05 0)
(0.010303864 0.00017187233 0)
(0.010435879 0.00015378498 0)
(0.010581364 0.00013319141 0)
(0.01071845 0.00011324914 0)
(0.010854198 9.5204714e-05 0)
(0.010982506 7.800658e-05 0)
(0.011101315 6.2333464e-05 0)
(0.011208609 4.7569173e-05 0)
(0.011297463 3.4208967e-05 0)
(0.011369965 2.0980332e-05 0)
(0.011407356 9.5924068e-06 0)
(0.011427795 -3.6953994e-06 0)
(0.011372119 -1.1926195e-05 0)
(0.011332288 -2.8900398e-05 0)
(0.011083235 -2.5139693e-05 0)
(0.010440583 0.00020628051 0)
(0.010556406 0.00018496214 0)
(0.010688864 0.00016069274 0)
(0.010813935 0.00013696263 0)
(0.010939035 0.00011538721 0)
(0.011058135 9.4728369e-05 0)
(0.011169053 7.581325e-05 0)
(0.011269753 5.7929006e-05 0)
(0.011353308 4.168796e-05 0)
(0.011421699 2.5558901e-05 0)
(0.011456338 1.1644973e-05 0)
(0.011475236 -4.6398643e-06 0)
(0.011419589 -1.4741212e-05 0)
(0.011381049 -3.5621696e-05 0)
(0.011135351 -3.1075064e-05 0)
(0.010606806 0.00023728636 0)
(0.010703304 0.00021333061 0)
(0.01082007 0.00018607364 0)
(0.010930624 0.00015907589 0)
(0.011042784 0.00013438251 0)
(0.011150643 0.00011059219 0)
(0.01125188 8.8681052e-05 0)
(0.011344445 6.786376e-05 0)
(0.011421415 4.8875232e-05 0)
(0.01148465 2.9942185e-05 0)
(0.011515763 1.3568631e-05 0)
(0.011532567 -5.6749852e-06 0)
(0.011476761 -1.7622805e-05 0)
(0.011439463 -4.2396761e-05 0)
(0.011197771 -3.7075912e-05 0)
(0.010802026 0.00026387139 0)
(0.010876385 0.00023801826 0)
(0.010974967 0.00020862188 0)
(0.011068642 0.00017901715 0)
(0.011165651 0.00015173726 0)
(0.011260275 0.00012524595 0)
(0.011350051 0.00010066781 0)
(0.011432925 7.7172851e-05 0)
(0.01150199 5.5625309e-05 0)
(0.01155898 3.4030079e-05 0)
(0.011585738 1.5298736e-05 0)
(0.011599829 -6.8337747e-06 0)
(0.011543628 -2.0536305e-05 0)
(0.011507293 -4.9217446e-05 0)
(0.01127041 -4.3147451e-05 0)
(0.011025062 0.00028503582 0)
(0.011074922 0.00025816006 0)
(0.011153109 0.00022761333 0)
(0.011227772 0.00019619675 0)
(0.011307574 0.0001669767 0)
(0.011387069 0.00013831583 0)
(0.011463659 0.00011148427 0)
(0.011535309 8.5637839e-05 0)
(0.011595148 6.1777606e-05 0)
(0.011644778 3.7710137e-05 0)
(0.011666311 1.6760742e-05 0)
(0.011677016 -8.1560685e-06 0)
(0.011620126 -2.3553219e-05 0)
(0.011584411 -5.6130308e-05 0)
(0.011352998 -4.9325844e-05 0)
(0.011274 0.0002998453 0)
(0.01129759 0.00027293454 0)
(0.011353561 0.00024233829 0)
(0.011407409 0.00021002565 0)
(0.011468184 0.00017961733 0)
(0.011530825 0.00014941464 0)
(0.011592615 0.00012082629 0)
(0.011651573 9.3025646e-05 0)
(0.011700892 6.7158244e-05 0)
(0.011742049 4.0858458e-05 0)
(0.011757464 1.7870574e-05 0)
(0.01176407 -9.6888896e-06 0)
(0.011706135 -2.6688021e-05 0)
(0.011670684 -6.3072121e-05 0)
(0.011445234 -5.5541023e-05 0)
(0.011546169 0.00030748235 0)
(0.011542436 0.00028160472 0)
(0.011574863 0.00025213228 0)
(0.011606516 0.00021993762 0)
(0.011646768 0.00018918266 0)
(0.011691067 0.0001581525 0)
(0.011736615 0.0001283819 0)
(0.011781527 9.9093038e-05 0)
(0.011819099 7.1582758e-05 0)
(0.011850699 4.3341173e-05 0)
(0.011859104 1.8535362e-05 0)
(0.011860873 -1.1486672e-05 0)
(0.011801472 -2.9964579e-05 0)
(0.011765935 -7.0058351e-05 0)
(0.011546789 -6.1777776e-05 0)
(0.011838145 0.00030729986 0)
(0.011806855 0.00028356141 0)
(0.011815005 0.00025641031 0)
(0.011823598 0.00022541456 0)
(0.011842239 0.0001952217 0)
(0.01186702 0.00016414977 0)
(0.011895118 0.00013384017 0)
(0.011924794 0.00010359246 0)
(0.0119495 7.4859791e-05 0)
(0.011970525 4.5016638e-05 0)
(0.011971048 1.8654641e-05 0)
(0.01196724 -1.3611114e-05 0)
(0.0119059 -3.3416544e-05 0)
(0.011869896 -7.7066058e-05 0)
(0.011657288 -6.8032901e-05 0)
(0.0121458 0.00029887284 0)
(0.012087608 0.00027836641 0)
(0.012071421 0.00025470301 0)
(0.012056685 0.00022601405 0)
(0.012053112 0.00019732986 0)
(0.012057586 0.0001670522 0)
(0.012067321 0.00013690183 0)
(0.01208079 0.00010627929 0)
(0.012091668 7.6795846e-05 0)
(0.012101197 4.5738396e-05 0)
(0.012093023 1.8122105e-05 0)
(0.012082911 -1.6130303e-05 0)
(0.012019129 -3.7083537e-05 0)
(0.011982253 -8.4106955e-05 0)
(0.01177631 -7.4298129e-05 0)
(0.012464385 0.00028204382 0)
(0.012380867 0.00026579214 0)
(0.012341013 0.00024669232 0)
(0.012303332 0.00022139773 0)
(0.012277499 0.00019517133 0)
(0.012261324 0.00016654767 0)
(0.012252142 0.00013729148 0)
(0.012248709 0.00010692039 0)
(0.012244995 7.7201128e-05 0)
(0.012242247 4.5358961e-05 0)
(0.012224644 1.6827964e-05 0)
(0.012207547 -1.9117367e-05 0)
(0.012140805 -4.1009568e-05 0)
(0.012102637 -9.1192191e-05 0)
(0.011903389 -8.0565414e-05 0)
(0.01278867 0.00025695722 0)
(0.012682298 0.00024585424 0)
(0.012620199 0.00023224397 0)
(0.012560641 0.00021135889 0)
(0.012513107 0.00018850203 0)
(0.012476448 0.00016238412 0)
(0.012448209 0.0001347711 0)
(0.012427503 0.00010530397 0)
(0.012408684 7.5896421e-05 0)
(0.012393056 4.373445e-05 0)
(0.012365412 1.4661939e-05 0)
(0.012340719 -2.2648686e-05 0)
(0.012270509 -4.5242364e-05 0)
(0.012230627 -9.833303e-05 0)
(0.012038012 -8.6829329e-05 0)
(0.013113117 0.00022407761 0)
(0.012987185 0.00021883287 0)
(0.012904993 0.00021143373 0)
(0.012825314 0.00019584692 0)
(0.01275727 0.00017719135 0)
(0.012700834 0.00015438769 0)
(0.012653856 0.00012915431 0)
(0.012615881 0.00010125028 0)
(0.012581734 7.2720912e-05 0)
(0.012552845 4.0730018e-05 0)
(0.012514701 1.1516924e-05 0)
(0.0124819 -2.6801622e-05 0)
(0.01240775 -4.9832281e-05 0)
(0.012365741 -0.00010554408 0)
(0.012179622 -9.3086978e-05 0)
(0.013432099 0.00018418802 0)
(0.013290587 0.00018527952 0)
(0.013191121 0.00018456405 0)
(0.013093724 0.00017498638 0)
(0.013006989 0.00016124129 0)
(0.012932042 0.00014247978 0)
(0.012867133 0.0001203206 0)
(0.012812302 9.4623018e-05 0)
(0.012762938 6.7540741e-05 0)
(0.012720663 3.6226033e-05 0)
(0.012671749 7.2932886e-06 0)
(0.012630458 -3.1651733e-05 0)
(0.012551958 -5.483066e-05 0)
(0.012507439 -0.00011284346 0)
(0.012327617 -9.9337544e-05 0)
(0.013740135 0.00013836566 0)
(0.013587523 0.00014600642 0)
(0.013474161 0.00015216812 0)
(0.013362018 0.00014908821 0)
(0.013258999 0.00014080082 0)
(0.01316736 0.00012669194 0)
(0.013085828 0.00010822883 0)
(0.013014989 8.5340551e-05 0)
(0.012950881 6.0257958e-05 0)
(0.012895388 3.0124803e-05 0)
(0.012835654 1.9037344e-06 0)
(0.012785655 -3.72695e-05 0)
(0.01270248 -6.028804e-05 0)
(0.012655116 -0.00012025151 0)
(0.01248135 -0.00010558182 0)
(0.014032134 8.7934544e-05 0)
(0.013873179 0.00010205741 0)
(0.013749705 0.00011499922 0)
(0.013626241 0.00011865089 0)
(0.013509862 0.00011617361 0)
(0.013403861 0.0001071768 0)
(0.013307501 9.29287e-05 0)
(0.013221944 7.3386505e-05 0)
(0.01314395 5.0819415e-05 0)
(0.013075724 2.2357571e-05 0)
(0.013005373 -4.7214663e-06 0)
(0.012946632 -4.3716757e-05 0)
(0.012858575 -6.6252872e-05 0)
(0.0128081 -0.00012778958 0)
(0.012640128 -0.00011182161 0)
(0.014303632 3.4397374e-05 0)
(0.014143119 5.4660684e-05 0)
(0.014013538 7.4004169e-05 0)
(0.01388248 8.4349943e-05 0)
(0.013756071 8.7817403e-05 0)
(0.013638481 8.4213679e-05 0)
(0.01352954 7.4568968e-05 0)
(0.013430985 5.8818638e-05 0)
(0.013340349 3.9224941e-05 0)
(0.01326021 1.2891386e-05 0)
(0.01317972 -1.2629052e-05 0)
(0.01311242 -5.1043095e-05 0)
(0.01301941 -7.276909e-05 0)
(0.012965651 -0.00013547938 0)
(0.012803211 -0.00011805971 0)
(0.014550987 -2.0648163e-05 0)
(0.014393482 5.1657773e-06 0)
(0.014261822 3.0281692e-05 0)
(0.01412702 4.7015131e-05 0)
(0.013994178 5.6334154e-05 0)
(0.013868116 5.8207688e-05 0)
(0.013749223 5.3401799e-05 0)
(0.013639785 4.1775626e-05 0)
(0.013538129 2.5534656e-05 0)
(0.013447236 1.7359999e-06 0)
(0.013357375 -2.1837013e-05 0)
(0.013281932 -5.9281313e-05 0)
(0.013184061 -7.9854127e-05 0)
(0.013126963 -0.00014334206 0)
(0.012969812 -0.00012430144 0)
(0.014771529 -7.5598944e-05 0)
(0.014621154 -4.5025381e-05 0)
(0.014491255 -1.4970454e-05 0)
(0.014356502 7.5969205e-06 0)
(0.014220927 2.2451665e-05 0)
(0.014089726 2.9683028e-05 0)
(0.013963805 2.9783557e-05 0)
(0.013845935 2.2482577e-05 0)
(0.013735228 9.8766458e-06 0)
(0.013635067 -1.1047401e-05 0)
(0.013536895 -3.2326397e-05 0)
(0.013453973 -6.8436553e-05 0)
(0.013351591 -8.7539641e-05 0)
(0.013291168 -0.00015138081 0)
(0.013139098 -0.00013055335 0)
(0.014963653 -0.00012890621 0)
(0.014823898 -9.4534207e-05 0)
(0.014699225 -6.0512279e-05 0)
(0.014568063 -3.2874611e-05 0)
(0.014433387 -1.3003926e-05 0)
(0.014300452 -7.3102988e-07 0)
(0.014170608 4.1703346e-06 0)
(0.014047012 1.2525726e-06 0)
(0.013929514 -7.5470865e-06 0)
(0.013821874 -2.5338996e-05 0)
(0.013716739 -4.4032368e-05 0)
(0.013627232 -7.8476177e-05 0)
(0.013521016 -9.5816341e-05 0)
(0.013457328 -0.0001595575 0)
(0.013310189 -0.00013679043 0)
(0.015126827 -0.00017902693 0)
(0.015000446 -0.00014217447 0)
(0.014883903 -0.00010514556 0)
(0.014759464 -7.3357813e-05 0)
(0.014629078 -4.9171076e-05 0)
(0.014497732 -3.2350227e-05 0)
(0.014367119 -2.2922664e-05 0)
(0.014240657 -2.1550808e-05 0)
(0.014118851 -2.6492241e-05 0)
(0.014005776 -4.0999361e-05 0)
(0.013895285 -5.6876177e-05 0)
(0.01380031 -8.9383658e-05 0)
(0.013691212 -0.00010465409 0)
(0.013624514 -0.00016801037 0)
(0.013482126 -0.00014296699 0)
(0.014180774 -0.0024890901 1.9547625e-23)
(0.014642836 -0.0023492985 -1.7915117e-23)
(0.015011234 -0.0020856643 1.3496515e-23)
(0.015212747 -0.0016496353 1.8444416e-21)
(0.015274392 -0.0011652384 2.9390212e-21)
(0.015283529 -0.00076389826 0)
(0.015283413 -0.00047403063 0)
(0.015270455 -0.00025316476 0)
(0.015198993 -7.3565898e-05 -1.4600462e-21)
(0.014109772 -0.002733388 -1.8194347e-23)
(0.014546382 -0.0025255061 0)
(0.014884234 -0.0021715984 0)
(0.015079431 -0.0016691497 -1.9473267e-21)
(0.015164496 -0.0011599874 -2.7756391e-21)
(0.015206513 -0.00075640539 -1.1589688e-20)
(0.015231021 -0.0004677534 -3.13618e-20)
(0.01523214 -0.00024972516 -4.1576912e-20)
(0.015163967 -7.4298473e-05 0)
(0.013934775 -0.0029047267 0)
(0.014365393 -0.0026370641 0)
(0.01470938 -0.0022107417 0)
(0.014928366 -0.0016629132 0)
(0.015051587 -0.001142979 -1.0169811e-21)
(0.015129671 -0.00074233351 1.2017211e-20)
(0.015179029 -0.00045675547 6.3337182e-20)
(0.015194359 -0.00024265621 3.7634957e-20)
(0.015136424 -7.2156546e-05 3.6516975e-21)
(0.013714409 -0.0030065002 2.7865983e-22)
(0.014149435 -0.0026870725 0)
(0.014515043 -0.0022072362 -5.8962978e-21)
(0.014771292 -0.0016336559 -7.0086508e-21)
(0.014938651 -0.0011142178 2.1727575e-20)
(0.015054048 -0.0007212768 -4.0933793e-21)
(0.015128603 -0.00044184114 -3.6068907e-20)
(0.015158688 -0.00023417543 -2.648101e-21)
(0.015112434 -6.9647936e-05 1.9397477e-20)
(0.013460393 -0.0030414308 9.0356834e-22)
(0.013911657 -0.0026808411 -4.5071637e-22)
(0.014310945 -0.0021660925 1.1770609e-20)
(0.014613304 -0.0015837668 7.085315e-21)
(0.014827905 -0.0010741178 -1.539708e-18)
(0.014980652 -0.00069336328 -1.3129196e-18)
(0.015080182 -0.00042311049 -7.9446971e-20)
(0.015124951 -0.00022400086 1.0181803e-19)
(0.015091793 -6.6580759e-05 0)
(0.013184391 -0.0030119284 -4.5246128e-21)
(0.013662315 -0.0026226744 5.4408251e-21)
(0.014104288 -0.0020910074 -6.3799729e-21)
(0.014458044 -0.0015148012 0)
(0.014720893 -0.0010230268 1.0876376e-18)
(0.014910242 -0.00065877628 1.5865046e-18)
(0.015034227 -0.0004006357 1.6941972e-19)
(0.015093535 -0.00021198375 1.2800385e-19)
(0.015074421 -6.3243164e-05 2.8318583e-19)
(0.012898002 -0.0029213938 3.8625877e-21)
(0.013410596 -0.0025170681 -1.1725245e-20)
(0.013901073 -0.0019852663 0)
(0.014308534 -0.0014280988 0)
(0.014618996 -0.00096138354 2.9358652e-20)
(0.014843515 -0.00061778565 1.3851e-19)
(0.014991116 -0.00037452645 -9.3149485e-20)
(0.01506504 -0.00019799633 -2.06669e-19)
(0.015057982 -5.9547718e-05 -6.0612611e-19)
(0.012611848 -0.002774081 -2.4318135e-21)
(0.013164416 -0.0023685692 7.2154083e-21)
(0.013706248 -0.0018519057 0)
(0.014167318 -0.00132497 2.719448e-21)
(0.01452347 -0.00088974876 -2.1712544e-21)
(0.014781116 -0.00057074667 -7.4590878e-20)
(0.014951195 -0.00034497423 0)
(0.015039183 -0.00018214609 0)
(0.015044075 -5.5263821e-05 3.4757796e-19)
(0.012335236 -0.002574834 2.7360046e-21)
(0.012930434 -0.0021816325 6.782842e-21)
(0.013523887 -0.0016937688 0)
(0.014036566 -0.0012067595 -2.6590543e-20)
(0.014435472 -0.00080879861 0)
(0.01472365 -0.00051809641 -9.0483662e-20)
(0.014914934 -0.00031240532 1.1778003e-19)
(0.015016884 -0.00016454934 -4.6276549e-21)
(0.015031456 -5.0260678e-05 -3.6786041e-19)
(0.012076235 -0.0023288931 7.6325889e-21)
(0.012714261 -0.0019606368 -1.7543917e-20)
(0.013357384 -0.0015136011 0)
(0.013918143 -0.0010748889 3.0343071e-20)
(0.01435608 -0.0007193198 2.9802698e-20)
(0.014671757 -0.00046031517 1.8423716e-19)
(0.014881733 -0.00027729343 -2.2883562e-19)
(0.014996756 -0.00014555298 -3.1516711e-19)
(0.015021059 -4.4514343e-05 2.6076385e-20)
(0.011841773 -0.0020418293 -1.1359507e-20)
(0.012520618 -0.0017099433 8.6173861e-21)
(0.013209587 -0.0013141347 0)
(0.013813656 -0.00093088216 0)
(0.014286261 -0.00062220552 1.6531591e-21)
(0.014626191 -0.00039788484 -9.0410158e-20)
(0.014851766 -0.00023973735 2.4395553e-19)
(0.014978797 -0.00012561935 1.3416919e-19)
(0.015012953 -3.8255439e-05 4.4508608e-19)
(0.011637689 -0.0017194984 5.963683e-21)
(0.012353438 -0.0014339444 8.9743496e-22)
(0.013082873 -0.0010981442 1.1053108e-20)
(0.013724475 -0.00077637305 1.4667922e-20)
(0.014226822 -0.00051844534 -8.1298613e-20)
(0.01458764 -0.00033133086 0)
(0.014827057 -0.00019962937 -1.3361593e-19)
(0.014963935 -0.0001045197 1.7411421e-19)
(0.015005697 -3.1742052e-05 -3.0318041e-20)
(0.011468779 -0.0013679925 -2.7356449e-21)
(0.012215929 -0.0011370934 1.4139675e-21)
(0.012979194 -0.00086847644 -1.1584438e-20)
(0.013651748 -0.00061310174 -1.8286772e-20)
(0.014178435 -0.00040911489 4.1218773e-20)
(0.014556375 -0.00026129122 8.7819657e-21)
(0.014807516 -0.00015726897 -7.1115902e-20)
(0.014952969 -8.2218198e-05 -6.7710638e-21)
(0.014999726 -2.5016618e-05 2.738579e-19)
(0.011338828 -0.00099359509 0)
(0.012110619 -0.00082391811 0)
(0.012900096 -0.0006280597 -1.6259038e-21)
(0.013596398 -0.00044290363 -1.7139018e-20)
(0.014141653 -0.00029536752 2.7361943e-21)
(0.014532607 -0.00018851271 2.8802928e-20)
(0.014792588 -0.00011331375 7.5694899e-20)
(0.014944551 -5.920489e-05 -1.1909518e-19)
(0.014995021 -1.7952898e-05 -2.9762792e-19)
(0.011250651 -0.00060274504 -1.0060638e-21)
(0.012039384 -0.00049902727 0)
(0.012846732 -0.00037991082 0)
(0.013559122 -0.00026770981 9.4437078e-21)
(0.014116904 -0.00017844061 -1.4123317e-20)
(0.014516588 -0.00011379959 -3.1943501e-20)
(0.014782305 -6.8320857e-05 0)
(0.014938073 -3.5743031e-05 6.0910017e-20)
(0.014992419 -1.0731826e-05 0)
(0.011206105 -0.00020201355 1.2623554e-21)
(0.012003465 -0.0001671219 -1.9944462e-22)
(0.012819868 -0.00012715025 0)
(0.013540379 -8.9565822e-05 9.4750723e-21)
(0.014104469 -5.9682999e-05 1.3069968e-20)
(0.014508529 -3.8044528e-05 6.7052608e-22)
(0.014777102 -2.2841269e-05 0)
(0.014934787 -1.2032756e-05 7.4910029e-20)
(0.014991167 -3.4335127e-06 3.2235894e-21)
(0.014354719 -0.0021057171 0)
(0.014576359 -0.0017477555 2.0101713e-19)
(0.014765135 -0.0014433611 2.3639169e-19)
(0.014915494 -0.0011973972 3.6097497e-24)
(0.015032994 -0.0010058732 2.8039283e-19)
(0.01512188 -0.00085697692 2.6747945e-19)
(0.015187966 -0.00073876872 0)
(0.015237341 -0.00064223664 2.0148443e-21)
(0.015274478 -0.00056148472 -3.082933e-22)
(0.01530162 -0.0004929338 -1.0117468e-21)
(0.015319377 -0.00043462673 -1.6776232e-21)
(0.015327287 -0.00038402458 0)
(0.01532731 -0.00034142434 -5.2289667e-25)
(0.015312252 -0.00029946733 2.5802767e-19)
(0.015309439 -0.0002770431 -4.7361819e-19)
(0.014809788 -0.0020538935 -1.2783489e-22)
(0.015021041 -0.0017555352 -1.9481477e-19)
(0.015168935 -0.0015007565 -2.3203435e-19)
(0.015270404 -0.0012883665 6.2627662e-22)
(0.015340475 -0.0011126711 0)
(0.015387617 -0.00096616406 1.2542232e-23)
(0.015419199 -0.00084236167 -1.2581211e-23)
(0.015440858 -0.00073661876 0)
(0.015455641 -0.0006458325 -1.4091329e-21)
(0.015464061 -0.00056789243 4.5053912e-22)
(0.015465761 -0.00050124541 1.2607469e-21)
(0.015460452 -0.00044355516 -3.9331686e-24)
(0.015449135 -0.00039431792 0)
(0.015427675 -0.00034747292 -2.8453681e-19)
(0.015414908 -0.00032004384 5.2109185e-19)
(0.015155159 -0.0019168977 1.030238e-22)
(0.015309088 -0.0017182332 1.0561269e-22)
(0.015412487 -0.0015287043 4.2114174e-22)
(0.015481789 -0.0013561776 -5.0219345e-22)
(0.015531444 -0.0012005293 -8.3376641e-24)
(0.015565966 -0.0010611423 0)
(0.015588821 -0.00093712182 -8.7491877e-24)
(0.015602723 -0.0008274208 1.1645516e-22)
(0.015609958 -0.00073143953 -1.8676971e-24)
(0.015609669 -0.00064799691 6.0340184e-22)
(0.015602736 -0.00057586271 -4.3564055e-22)
(0.015590147 -0.00051289266 0)
(0.015572827 -0.00045783209 0)
(0.015549707 -0.00040776331 -3.3718274e-22)
(0.015531126 -0.0003729045 0)
(0.015329488 -0.0015741767 0)
(0.015424989 -0.0014627582 -2.1970929e-22)
(0.01549705 -0.0013460512 3.9307332e-22)
(0.015552718 -0.0012327947 -3.501172e-22)
(0.015596743 -0.0011250527 -3.066416e-22)
(0.015629918 -0.0010238229 1.1255628e-23)
(0.015652986 -0.00092956378 0)
(0.015667576 -0.00084167846 1.5789079e-22)
(0.015674663 -0.00076135247 4.6422081e-22)
(0.015673742 -0.00068952445 0)
(0.015668776 -0.0006244904 0)
(0.015659711 -0.00056529843 -5.0226587e-22)
(0.015646736 -0.00051147489 5.4175713e-22)
(0.015630823 -0.00046295118 -3.1595805e-22)
(0.015616852 -0.00042390584 -6.4866213e-22)
(0.015357759 -0.0011441533 0)
(0.01541013 -0.0010948958 2.9591759e-22)
(0.015455955 -0.0010398715 -1.5991074e-22)
(0.015495563 -0.00098359611 5.8444087e-22)
(0.015529558 -0.00092701293 1.5549936e-22)
(0.01555808 -0.00087065014 0)
(0.015581411 -0.00081498856 0)
(0.015599933 -0.00076054353 -1.5924897e-22)
(0.015613963 -0.00070781052 -3.1960723e-22)
(0.015624444 -0.00065734292 6.7158945e-23)
(0.015631998 -0.00060917749 6.0920122e-22)
(0.015636518 -0.00056440512 3.6495474e-22)
(0.015639179 -0.00052235602 -3.9763756e-22)
(0.015639849 -0.00048135954 -2.7129351e-22)
(0.015639049 -0.00044302864 4.7468741e-22)
(0.015336773 -0.00076529148 1.2958631e-22)
(0.015362736 -0.00074695766 -1.5635967e-22)
(0.015387864 -0.00072499022 2.0695405e-22)
(0.015411642 -0.00070139179 -5.1559183e-22)
(0.015434028 -0.0006765489 -1.5150771e-22)
(0.015455026 -0.00065068363 1.3810803e-22)
(0.015474606 -0.00062402583 1.9886288e-23)
(0.015492752 -0.00059681493 1.4686042e-22)
(0.015509477 -0.00056930181 0)
(0.015524831 -0.00054174647 -1.4157597e-22)
(0.015538874 -0.00051439527 -4.3909679e-22)
(0.015551736 -0.00048743656 2.9280782e-22)
(0.015563552 -0.00046107363 -1.5015042e-22)
(0.015574427 -0.00043563812 5.4351575e-22)
(0.015583679 -0.00041127401 -7.3332236e-23)
(0.015317274 -0.00048290025 -1.7254495e-22)
(0.015329788 -0.00047734929 -4.4462854e-23)
(0.015342635 -0.00047012382 0)
(0.015355569 -0.00046206493 0)
(0.01536857 -0.00045329047 -3.1279677e-22)
(0.015381634 -0.00044383417 8.3069908e-22)
(0.015394725 -0.00043372604 -2.0536968e-22)
(0.015407802 -0.00042300284 2.0961338e-22)
(0.015420835 -0.00041170965 -8.9541953e-22)
(0.0154338 -0.00039989959 9.1401564e-22)
(0.015446685 -0.00038763127 -4.7341225e-22)
(0.015459481 -0.00037497258 0)
(0.01547219 -0.00036199017 0)
(0.015484874 -0.00034874861 0)
(0.015497146 -0.00033529374 0)
(0.015294985 -0.00026359191 3.7282198e-23)
(0.015301054 -0.00026259035 -1.6712016e-22)
(0.015307608 -0.00026093311 2.3797724e-22)
(0.015314516 -0.00025895621 -4.8996264e-22)
(0.015321762 -0.00025669378 1.1579777e-21)
(0.015329377 -0.00025414234 -5.4094122e-22)
(0.015337381 -0.00025129559 6.9809306e-23)
(0.015345784 -0.0002481502 -1.3945776e-22)
(0.015354601 -0.00024470709 0)
(0.015363847 -0.00024097238 -6.0940345e-22)
(0.015373539 -0.00023695853 6.4170578e-22)
(0.015383695 -0.00023268568 -8.0619632e-22)
(0.015394335 -0.00022818322 6.7359765e-22)
(0.015405496 -0.000223493 -3.3299393e-22)
(0.015417029 -0.00021866574 3.3966432e-22)
(0.015217422 -8.1247199e-05 -2.4617467e-23)
(0.015221562 -8.1278618e-05 0)
(0.015225677 -8.1124666e-05 5.8584674e-22)
(0.015230056 -8.0893611e-05 -1.232315e-21)
(0.015234803 -8.0595208e-05 6.0720157e-22)
(0.015239911 -8.0227249e-05 0)
(0.015245387 -7.9786597e-05 -4.3550847e-23)
(0.015251256 -7.9270985e-05 0)
(0.015257547 -7.867928e-05 0)
(0.015264287 -7.8011741e-05 0)
(0.015271504 -7.7270512e-05 1.5917248e-21)
(0.015279226 -7.6460448e-05 -1.5684842e-21)
(0.015287483 -7.55913e-05 0)
(0.015296294 -7.468906e-05 0)
(0.015305867 -7.3830476e-05 0)
(0.015244303 -0.00021892998 0)
(0.01513132 -0.00018131886 0)
(0.015023702 -0.00014231954 0)
(0.014907423 -0.00010777894 0)
(0.014783399 -8.0562122e-05 0)
(0.014656136 -6.0340456e-05 0)
(0.014527535 -4.7345851e-05 0)
(0.014401114 -4.2455883e-05 0)
(0.014277851 -4.4107616e-05 0)
(0.014162005 -5.5735617e-05 0)
(0.014048463 -6.9027247e-05 0)
(0.01394988 -9.9698946e-05 0)
(0.013839366 -0.00011291109 0)
(0.013770372 -0.00017580244 0)
(0.013632059 -0.00014844922 0)
(0.015355812 -0.00026058747 0)
(0.01525895 -0.00022200637 0)
(0.015162314 -0.00018167109 0)
(0.015056812 -0.00014479281 0)
(0.014941824 -0.00011478956 0)
(0.014821199 -9.1306559e-05 0)
(0.014697006 -7.4703128e-05 0)
(0.01457276 -6.6108056e-05 0)
(0.014449876 -6.4214985e-05 0)
(0.014332712 -7.2610088e-05 0)
(0.014217306 -8.299121e-05 0)
(0.014115825 -0.00011136943 0)
(0.014004958 -0.00012239519 2.4748206e-18)
(0.013933656 -0.0001840995 2.6600468e-18)
(0.013800276 -0.00015443568 0)
(0.015484947 -0.00031811925 0)
(0.015413807 -0.00027761106 0)
(0.015336738 -0.00023723782 0)
(0.015250649 -0.00019876321 0)
(0.015153379 -0.00016590318 0)
(0.015047323 -0.00013874409 0)
(0.01493461 -0.00011759995 0)
(0.014818521 -0.00010392072 0)
(0.014700854 -9.7036966e-05 0)
(0.014585847 -0.00010042065 0)
(0.014471172 -0.00010652551 0)
(0.014367872 -0.00013058203 0)
(0.014258392 -0.00013830521 -3.5817636e-18)
(0.014185014 -0.00019709627 -3.9046005e-18)
(0.014059562 -0.00016460804 0)
(0.015593483 -0.00037948435 0)
(0.015556395 -0.0003409436 0)
(0.015510727 -0.00030328396 0)
(0.015455745 -0.00026645697 0)
(0.015389176 -0.00023313595 0)
(0.015311426 -0.00020396052 0)
(0.015224006 -0.00017912023 0)
(0.015129457 -0.00016020167 0)
(0.015029347 -0.00014764401 0)
(0.014927079 -0.00014428367 0)
(0.014822061 -0.00014487383 0)
(0.014723558 -0.00016135888 0)
(0.014620075 -0.00016520484 0)
(0.014548473 -0.00021547748 0)
(0.014436057 -0.00018234938 0)
(0.015635811 -0.00040893227 0)
(0.015628346 -0.00037949541 0)
(0.015615019 -0.00035039645 0)
(0.015594437 -0.00032244127 0)
(0.015566911 -0.00029747137 0)
(0.015531268 -0.00027376566 0)
(0.01548614 -0.00025054012 0)
(0.015432632 -0.00022982765 0)
(0.015371366 -0.00021384667 0)
(0.015303523 -0.00020444065 0)
(0.015228926 -0.0001995599 0)
(0.015153911 -0.00020605778 0)
(0.015073312 -0.00020671512 0)
(0.015014786 -0.00024028304 0)
(0.014927312 -0.00021093771 0)
(0.015592466 -0.00039223171 0)
(0.015600824 -0.0003763749 0)
(0.015607261 -0.00035953371 0)
(0.015609996 -0.00034022503 0)
(0.015610039 -0.0003196055 0)
(0.015607841 -0.00029968738 0)
(0.015602715 -0.00028152866 0)
(0.015593893 -0.000266861 0)
(0.015581552 -0.00025665118 0)
(0.015564731 -0.0002510467 0)
(0.015543016 -0.00025047535 0)
(0.01551861 -0.00025374967 0)
(0.015489556 -0.00025294925 0)
(0.015470195 -0.00026794337 0)
(0.015438861 -0.0002460188 0)
(0.015509413 -0.00032524225 0)
(0.01552243 -0.0003166442 0)
(0.015535901 -0.00030731461 0)
(0.015549319 -0.00029743432 0)
(0.015562624 -0.00028724361 0)
(0.015575294 -0.00027715383 0)
(0.015588028 -0.00026650342 0)
(0.015599167 -0.00025646163 0)
(0.015611125 -0.00024852582 0)
(0.015623493 -0.00024321813 0)
(0.015638391 -0.00024051489 0)
(0.015656483 -0.00024082099 0)
(0.015678399 -0.0002436492 0)
(0.015702459 -0.00025119833 0)
(0.015739943 -0.00024323424 0)
(0.015428465 -0.00021530373 0)
(0.015440481 -0.00021267906 0)
(0.015453539 -0.00020963627 0)
(0.015467571 -0.00020605356 0)
(0.015482765 -0.00020194618 0)
(0.015499239 -0.00019739263 5.8239623e-34)
(0.015517033 -0.00019256044 -6.0633589e-34)
(0.015536205 -0.00018778682 0)
(0.015557051 -0.00018332679 0)
(0.015579881 -0.00017963017 0)
(0.015605946 -0.0001770208 0)
(0.015634739 -0.00017582918 0)
(0.015670195 -0.00017583768 0)
(0.015704617 -0.00017823409 0)
(0.015773831 -0.00017907148 0)
(0.015314841 -7.2806977e-05 0)
(0.015324918 -7.2280428e-05 0)
(0.0153358 -7.1683333e-05 0)
(0.015347894 -7.0944436e-05 0)
(0.015361485 -7.0053713e-05 0)
(0.01537666 -6.9013638e-05 0)
(0.01539351 -6.7838428e-05 0)
(0.015412189 -6.656107e-05 0)
(0.015432892 -6.5239906e-05 0)
(0.015455874 -6.3931726e-05 0)
(0.015481451 -6.2735997e-05 0)
(0.015510099 -6.1691338e-05 0)
(0.015542473 -6.0890789e-05 0)
(0.015577461 -5.9874675e-05 0)
(0.01563367 -5.8422545e-05 0)
)
;

boundaryField
{
    inlet
    {
        type            fixedValue;
        value           uniform (0.015 0 0);
    }
    outlet
    {
        type            zeroGradient;
    }
    cylinder
    {
        type            noSlip;
    }
    frontAndBack
    {
        type            empty;
    }
}


// ************************************************************************* //
