/*--------------------------------*- C++ -*----------------------------------*\
  =========                 |
  \\      /  F ield         | OpenFOAM: The Open Source CFD Toolbox
   \\    /   O peration     | Website:  https://openfoam.org
    \\  /    A nd           | Version:  14
     \\/     M anipulation  |
\*---------------------------------------------------------------------------*/
FoamFile
{
    format      ascii;
    class       surfaceScalarField;
    location    "5000";
    object      phi;
}
// * * * * * * * * * * * * * * * * * * * * * * * * * * * * * * * * * * * * * //

dimensions      [0 3 -1 0 0 0 0];

internalField   nonuniform List<scalar> 
10657
(
1.0702854e-16
-1.0702854e-16
-1.0755166e-26
5.1714307e-16
-4.1011454e-16
-3.2039447e-26
1.4136811e-15
-8.9653801e-16
-6.0180367e-26
3.0698965e-15
-1.6562154e-15
-1.0103931e-25
5.8899874e-15
-2.8200909e-15
-1.5754315e-25
1.0468137e-14
-4.5781497e-15
-2.2863687e-25
1.7673345e-14
-7.2052082e-15
-2.9936186e-25
2.8771035e-14
-1.109769e-14
-3.1685082e-25
4.5596963e-14
-1.6825929e-14
-1.3493887e-25
7.0805295e-14
-2.5208332e-14
5.9731028e-25
1.0822144e-13
-3.7416148e-14
2.6260031e-24
1.633423e-13
-5.512086e-14
7.3305186e-24
2.4404278e-13
-8.0700481e-14
1.6804602e-23
3.6156932e-13
-1.1752654e-13
3.3259511e-23
5.3192975e-13
-1.7036042e-13
5.7033243e-23
7.7782559e-13
-2.4589584e-13
8.3279217e-23
1.1313192e-12
-3.5349366e-13
1.0014652e-22
1.6374838e-12
-5.0616454e-13
9.4520156e-23
2.3593476e-12
-7.2186384e-13
6.8844411e-23
3.3845162e-12
-1.0251686e-12
5.8728066e-23
4.8339236e-12
-1.4494074e-12
1.2728017e-22
6.8732303e-12
-2.0393067e-12
3.2547285e-22
9.7274369e-12
-2.8542066e-12
6.4883961e-22
1.3699317e-11
-3.9718799e-12
1.0367839e-21
1.9192298e-11
-5.4929813e-12
1.4150071e-21
2.6738459e-11
-7.5461609e-12
1.7278438e-21
3.7032374e-11
-1.0293915e-11
1.927292e-21
5.0971696e-11
-1.3939322e-11
1.9588137e-21
6.9705589e-11
-1.8733892e-11
1.8037598e-21
9.4692479e-11
-2.4986891e-11
1.5438089e-21
1.2776897e-10
-3.3076486e-11
1.3110552e-21
1.7123242e-10
-4.3463459e-11
1.2348708e-21
2.2794062e-10
-5.6708195e-11
1.2182779e-21
3.014299e-10
-7.3489283e-11
1.4295687e-21
3.960517e-10
-9.4621799e-11
6.9603543e-22
5.1715342e-10
-1.2110172e-10
-1.6665001e-21
6.712832e-10
-1.5412978e-10
-6.8866995e-21
8.6625999e-10
-1.949768e-10
-6.2429936e-21
-2.4717023e-10
1.1134302e-09
-5.6316993e-21
1.1045304e-16
-2.1748158e-16
5.336719e-16
-8.333334e-16
1.4588111e-15
-1.8216772e-15
3.1678703e-15
-3.3652747e-15
6.0780159e-15
-5.7302364e-15
1.0802546e-14
-9.3026802e-15
1.8238498e-14
-1.464116e-14
2.9692241e-14
-2.2551432e-14
4.705911e-14
-3.4192799e-14
7.3079655e-14
-5.1228876e-14
1.1170411e-13
-7.6040601e-14
1.686091e-13
-1.1202586e-13
2.5192743e-13
-1.640188e-13
3.7327407e-13
-2.3887318e-13
5.4918133e-13
-3.4626769e-13
8.0309381e-13
-4.9980832e-13
1.1681213e-12
-7.1852117e-13
1.6908055e-12
-1.0288488e-12
2.4362221e-12
-1.4672804e-12
3.494812e-12
-2.0837586e-12
4.99141e-12
-2.9460053e-12
7.0970019e-12
-4.1448986e-12
1.00438e-11
-5.8010049e-12
1.4144261e-11
-8.0723403e-12
1.9814695e-11
-1.1163416e-11
2.7604172e-11
-1.5335638e-11
3.8229475e-11
-2.0919218e-11
5.261704e-11
-2.8326887e-11
7.1953059e-11
-3.8069912e-11
9.7743264e-11
-5.0777096e-11
1.3188432e-10
-6.7217544e-11
1.767495e-10
-8.8328639e-11
2.3529242e-10
-1.1525112e-10
3.1116943e-10
-1.4936629e-10
4.0888334e-10
-1.9233571e-10
5.3396728e-10
-2.4618566e-10
6.9320985e-10
-3.1337235e-10
8.9470602e-10
-3.9647296e-10
-5.0265672e-10
1.1501925e-09
1.1441508e-16
-3.3189667e-16
5.5281467e-16
-1.271733e-15
1.5111407e-15
-2.7800033e-15
3.2815043e-15
-5.1356383e-15
6.2960256e-15
-8.7447577e-15
1.1189979e-14
-1.4196634e-14
1.889253e-14
-2.2343711e-14
3.0756811e-14
-3.4415713e-14
4.8745956e-14
-5.2181943e-14
7.569845e-14
-7.818137e-14
1.1570553e-13
-1.1604768e-13
1.7464614e-13
-1.7096646e-13
2.609423e-13
-2.5031497e-13
3.8662102e-13
-3.6455189e-13
5.6879905e-13
-5.2844572e-13
8.3174635e-13
-7.6275562e-13
1.2097325e-12
-1.0965073e-12
1.75092e-12
-1.5700363e-12
2.522636e-12
-2.2389963e-12
3.6184289e-12
-3.1795515e-12
5.1673922e-12
-4.4949686e-12
7.3463055e-12
-6.3238119e-12
1.0395202e-11
-8.8499011e-12
1.4637009e-11
-1.2314148e-11
2.0501953e-11
-1.7028359e-11
2.8557438e-11
-2.3391124e-11
3.9544245e-11
-3.1906025e-11
5.4420002e-11
-4.3202644e-11
7.441121e-11
-5.8061119e-11
1.0107542e-10
-7.744131e-11
1.3637564e-10
-1.0251776e-10
1.8276972e-10
-1.3472272e-10
2.4331957e-10
-1.7580096e-10
3.2181887e-10
-2.2786559e-10
4.2294592e-10
-2.9346276e-10
5.5245391e-10
-3.7569364e-10
7.1741335e-10
-4.7833179e-10
9.2627351e-10
-6.0533312e-10
-7.675416e-10
1.1911584e-09
1.1897434e-16
-4.5087102e-16
5.7483523e-16
-1.7275939e-15
1.571312e-15
-3.77648e-15
3.4121023e-15
-6.9764286e-15
6.5464359e-15
-1.1879091e-14
1.163469e-14
-1.9284888e-14
1.9642657e-14
-3.0351678e-14
3.1976668e-14
-4.6749725e-14
5.0676797e-14
-7.0882072e-14
7.8692387e-14
-1.0619696e-13
1.2027382e-13
-1.5762911e-13
1.8152769e-13
-2.3222033e-13
2.7120052e-13
-3.399878e-13
4.0178003e-13
-4.9513141e-13
5.9103454e-13
-7.1770023e-13
8.6415119e-13
-1.0358723e-12
1.2566843e-12
-1.4890405e-12
1.818586e-12
-2.1319379e-12
2.6196606e-12
-3.040071e-12
3.7568638e-12
-4.3167547e-12
5.3639411e-12
-6.102046e-12
7.6239786e-12
-8.5838495e-12
1.0785495e-11
-1.2011417e-11
1.5182751e-11
-1.6711404e-11
2.1261003e-11
-2.3106611e-11
2.9607459e-11
-3.173758e-11
4.0988837e-11
-4.3287402e-11
5.6396571e-11
-5.8610378e-11
7.7101041e-11
-7.8765589e-11
1.0471657e-10
-1.0505683e-10
1.4127929e-10
-1.3908048e-10
1.893412e-10
-1.8278463e-10
2.5208608e-10
-2.3854584e-10
3.3346404e-10
-3.0924355e-10
4.3835517e-10
-3.9835389e-10
5.7277054e-10
-5.1010902e-10
7.4410736e-10
-6.4966861e-10
9.6125338e-10
-8.2247914e-10
-1.0430078e-09
1.2367195e-09
1.2414238e-16
-5.750134e-16
5.9978973e-16
-2.2032412e-15
1.6394858e-15
-4.8161761e-15
3.5600425e-15
-8.8969853e-15
6.8300473e-15
-1.5149096e-14
1.2138264e-14
-2.4593104e-14
2.0491879e-14
-3.8705293e-14
3.3357296e-14
-5.9615142e-14
5.2861384e-14
-9.038616e-14
8.2078392e-14
-1.3541397e-13
1.2543774e-13
-2.0098846e-13
1.8930166e-13
-2.9608426e-13
2.8278024e-13
-4.3346638e-13
4.1887609e-13
-6.3122727e-13
6.1608352e-13
-9.1490766e-13
9.0060835e-13
-1.3203971e-12
1.3094269e-12
-1.897859e-12
1.8944646e-12
-2.7169756e-12
2.7282483e-12
-3.8738546e-12
3.9114633e-12
-5.4999697e-12
5.5829308e-12
-7.7735135e-12
7.9325932e-12
-1.0933512e-11
1.1218166e-11
-1.529699e-11
1.5786162e-11
-2.1279401e-11
2.2098058e-11
-2.9418506e-11
3.076242e-11
-4.0401942e-11
4.2573964e-11
-5.5098946e-11
5.8560704e-11
-7.4597118e-11
8.0040694e-11
-1.0024558e-10
1.0869027e-10
-1.3370641e-10
1.46626e-10
-1.7701622e-10
1.9650404e-10
-2.3266267e-10
2.6164461e-10
-3.0368641e-10
3.461745e-10
-3.9377345e-10
4.5520358e-10
-5.0738297e-10
5.9504042e-10
-6.4994585e-10
7.734571e-10
-8.2808528e-10
9.9986231e-10
-1.0488844e-09
-1.3303089e-09
1.2871635e-09
1.2996786e-16
-7.0498127e-16
6.2791464e-16
-2.701188e-15
1.7163089e-15
-5.9045704e-15
3.7267237e-15
-1.09074e-14
7.149524e-15
-1.8571896e-14
1.2705389e-14
-3.0148969e-14
2.1448016e-14
-4.744792e-14
3.4911244e-14
-7.307837e-14
5.5319289e-14
-1.1079421e-13
8.5886315e-14
-1.6598099e-13
1.3124203e-13
-2.4634417e-13
1.9803419e-13
-3.6287641e-13
2.9577818e-13
-5.3121037e-13
4.3804942e-13
-7.7349851e-13
6.4414787e-13
-1.1210061e-12
9.4140678e-13
-1.617656e-12
1.3683714e-12
-2.3248236e-12
1.9791377e-12
-3.3277419e-12
2.8492158e-12
-4.7439327e-12
4.0833643e-12
-6.7341182e-12
5.8259262e-12
-9.5160754e-12
8.2742781e-12
-1.3381864e-11
1.1696075e-11
-1.8718787e-11
1.6451039e-11
-2.6034364e-11
2.3018098e-11
-3.5985566e-11
3.2028785e-11
-4.9412629e-11
4.4307936e-11
-6.7378098e-11
6.0923003e-11
-9.1212185e-11
8.324363e-11
-1.2256621e-10
1.1301362e-10
-1.634764e-10
1.5243742e-10
-2.1644002e-10
2.0428562e-10
-2.8451087e-10
2.7202989e-10
-3.7143067e-10
3.5999449e-10
-4.8173805e-10
4.7354761e-10
-6.2093609e-10
6.193351e-10
-7.9573335e-10
8.055532e-10
-1.0143034e-09
1.0422084e-09
-1.2855396e-09
-1.6307196e-09
1.3426191e-09
1.364799e-16
-8.4146118e-16
6.5934998e-16
-3.2240581e-15
1.8021639e-15
-7.0473843e-15
3.9129765e-15
-1.3018213e-14
7.5064606e-15
-2.2165381e-14
1.3338903e-14
-3.5981411e-14
2.251586e-14
-5.6624877e-14
3.6646322e-14
-8.7208832e-14
5.8062894e-14
-1.3221078e-13
9.0135396e-14
-1.980535e-13
1.377161e-13
-2.9392488e-13
2.0776964e-13
-4.3292995e-13
3.102605e-13
-6.3370123e-13
4.5939764e-13
-9.2263566e-13
6.7537021e-13
-1.3369787e-12
9.8675268e-13
-1.9290385e-12
1.4338128e-12
-2.7718838e-12
2.0730222e-12
-3.9669513e-12
2.9831452e-12
-5.6540557e-12
4.2733679e-12
-8.0243409e-12
6.0940147e-12
-1.1336722e-11
8.6504861e-12
-1.5938335e-11
1.2221132e-11
-2.2289432e-11
1.7179845e-11
-3.0993077e-11
2.4024244e-11
-4.2829965e-11
3.3410428e-11
-5.8798814e-11
4.6195467e-11
-8.0163136e-11
6.3489081e-11
-1.085058e-10
8.6716395e-11
-1.4579352e-10
1.176941e-10
-1.9445411e-10
1.5872196e-10
-2.5746788e-10
2.1269489e-10
-3.384838e-10
2.8325086e-10
-4.4198664e-10
3.7493198e-10
-5.7341917e-10
4.9339242e-10
-7.3939654e-10
6.4565315e-10
-9.4799407e-10
8.4038183e-10
-1.2090321e-09
1.0882492e-09
-1.5334069e-09
-1.9454685e-09
1.4029981e-09
1.4369849e-16
-9.8515967e-16
6.9419209e-16
-3.7745517e-15
1.897313e-15
-8.2505052e-15
4.1193667e-15
-1.5240266e-14
7.9019325e-15
-2.5947946e-14
1.4040694e-14
-4.2120173e-14
2.3698558e-14
-6.6282741e-14
3.8567569e-14
-1.0207784e-13
6.1100035e-14
-1.5474324e-13
9.4837528e-14
-2.3179099e-13
1.4487765e-13
-3.43965e-13
2.185339e-13
-5.0658619e-13
3.2626451e-13
-7.4143184e-13
4.8297379e-13
-1.0793449e-12
7.0982495e-13
-1.5638298e-12
1.0367491e-12
-2.2559627e-12
1.5058922e-12
-3.2410268e-12
2.176308e-12
-4.6373671e-12
3.1302879e-12
-6.6080356e-12
4.4817997e-12
-9.3758528e-12
6.3876048e-12
-1.3242527e-11
9.0617093e-12
-1.861244e-11
1.2793894e-11
-2.6021617e-11
1.7973155e-11
-3.6172339e-11
2.5116988e-11
-4.9973798e-11
3.4907582e-11
-6.8589408e-11
4.823623e-11
-9.3491783e-11
6.625759e-11
-1.2652716e-10
9.0455928e-11
-1.6999186e-10
1.22726e-10
-2.2672418e-10
1.6546983e-10
-3.002117e-10
2.2171555e-10
-3.9472952e-10
2.9528129e-10
-5.1555239e-10
3.9094575e-10
-6.6908362e-10
5.1467406e-10
-8.6312485e-10
6.7389531e-10
-1.1072153e-09
8.7779008e-10
-1.4129268e-09
1.1377437e-09
-1.7933606e-09
-2.2756545e-09
1.4679297e-09
1.5161966e-16
-1.1367793e-15
7.3242148e-16
-4.3553535e-15
2.0017019e-15
-9.5197857e-15
4.3457745e-15
-1.7584339e-14
8.3357054e-15
-2.9937877e-14
1.4810337e-14
-4.8594804e-14
2.4995373e-14
-7.6467778e-14
4.0673745e-14
-1.1775621e-13
6.4428676e-14
-1.7849817e-13
9.9989419e-14
-2.6735173e-13
1.5272142e-13
-3.96697e-13
2.3031859e-13
-5.8418337e-13
3.4377693e-13
-8.5489018e-13
5.0875687e-13
-1.2443249e-12
7.4747891e-13
-1.8025519e-12
1.0913437e-12
-2.5998275e-12
1.5845264e-12
-3.7342094e-12
2.2888638e-12
-5.3417046e-12
3.2904362e-12
-7.609608e-12
4.7083316e-12
-1.0793748e-11
6.7061798e-12
-1.5240376e-11
9.5071361e-12
-2.1413396e-11
1.3413093e-11
-2.9927574e-11
1.8829e-11
-4.1588246e-11
2.6293291e-11
-5.7438088e-11
3.6515594e-11
-7.8811711e-11
5.0423168e-11
-1.0739936e-10
6.9217913e-11
-1.453219e-10
9.4446405e-11
-1.9522035e-10
1.2808607e-10
-2.6036384e-10
1.7264726e-10
-3.4477289e-10
2.3129814e-10
-4.533804e-10
3.0804899e-10
-5.9230324e-10
4.0793058e-10
-7.6896522e-10
5.3723903e-10
-9.9243329e-10
7.0383648e-10
-1.2738128e-09
9.1744731e-10
-1.6265377e-09
1.1902011e-09
-2.0661144e-09
-2.6221513e-09
1.536698e-09
1.6021122e-16
-1.2969906e-15
7.7388224e-16
-4.9690246e-15
2.1149039e-15
-1.0860807e-14
4.5912711e-15
-2.0060706e-14
8.8059931e-15
-3.4152599e-14
1.5644648e-14
-5.5433459e-14
2.640091e-14
-8.7224039e-14
4.2956035e-14
-1.3431134e-13
6.8034778e-14
-2.0357692e-13
1.0556914e-13
-3.048861e-13
1.6121366e-13
-4.5234152e-13
2.4307243e-13
-6.6604214e-13
3.6272048e-13
-9.7453823e-13
5.3663124e-13
-1.4182356e-12
7.8816004e-13
-2.0540807e-12
1.1502817e-12
-2.9619491e-12
1.6693398e-12
-4.2532675e-12
2.4101373e-12
-6.0825021e-12
3.4627804e-12
-8.662251e-12
4.9517796e-12
-1.2282747e-11
7.0480126e-12
-1.7336609e-11
9.9842534e-12
-2.4349637e-11
1.4075081e-11
-3.4018402e-11
1.9742097e-11
-4.7255262e-11
2.7545528e-11
-6.5241519e-11
3.8223493e-11
-8.9489676e-11
5.2740538e-11
-1.219164e-10
7.2347508e-11
-1.6492887e-10
9.8655609e-11
-2.2152845e-10
1.3372856e-10
-2.9543679e-10
1.8018979e-10
-3.9123412e-10
2.4135091e-10
-5.1454152e-10
3.2142385e-10
-6.7237618e-10
4.2570065e-10
-8.7324201e-10
5.6082172e-10
-1.1275544e-09
7.3509487e-10
-1.4480859e-09
9.5880309e-10
-1.8502459e-09
1.2448247e-09
-2.352136e-09
-2.9855003e-09
1.6081737e-09
1.6940328e-16
-1.4663938e-15
8.182377e-16
-5.617859e-15
2.2359993e-15
-1.2278569e-14
4.8538599e-15
-2.2678567e-14
9.308964e-15
-3.8607703e-14
1.6536814e-14
-6.266131e-14
2.790366e-14
-9.8590886e-14
4.5395689e-14
-1.5180337e-13
7.1888597e-14
-2.3006982e-13
1.1153046e-13
-3.4452796e-13
1.7028361e-13
-5.1109467e-13
2.5668841e-13
-7.5244694e-13
3.8293497e-13
-1.1007848e-12
5.6635906e-13
-1.6016597e-12
8.3151759e-13
-2.3192392e-12
1.2130486e-12
-3.3434802e-12
1.7595818e-12
-4.7998007e-12
2.5390382e-12
-6.8619586e-12
3.6457432e-12
-9.768956e-12
5.2098706e-12
-1.3846875e-11
7.409839e-12
-1.9536577e-11
1.048839e-11
-2.7428188e-11
1.4773197e-11
-3.8303208e-11
2.070298e-11
-5.3185045e-11
2.8860292e-11
-7.3398831e-11
4.0012354e-11
-1.0064174e-10
5.51617e-11
-1.3706575e-10
7.5608923e-11
-1.853761e-10
1.0303083e-10
-2.4895035e-10
1.3957952e-10
-3.3198548e-10
1.8799432e-10
-4.3964892e-10
2.5173126e-10
-5.7827847e-10
3.3520516e-10
-7.5585008e-10
4.4397117e-10
-9.8200802e-10
5.8502012e-10
-1.2686033e-09
7.6709929e-10
-1.6301651e-09
1.0010418e-09
-2.0841884e-09
1.3004493e-09
-2.6515435e-09
-3.3658653e-09
1.6808143e-09
1.7907818e-16
-1.645472e-15
8.6491944e-16
-6.3037003e-15
2.3634361e-15
-1.3777086e-14
5.1301733e-15
-2.5445304e-14
9.8381619e-15
-4.3315692e-14
1.747537e-14
-7.0298518e-14
2.9484282e-14
-1.105998e-13
4.7961247e-14
-1.7028033e-13
7.5940326e-14
-2.580489e-13
1.1779612e-13
-3.8638376e-13
1.7981335e-13
-5.731119e-13
2.7098883e-13
-8.4362241e-13
4.0415537e-13
-1.2339513e-12
5.975484e-13
-1.7950528e-12
8.7697611e-13
-2.5986669e-12
1.2788049e-12
-3.745309e-12
1.854034e-12
-5.3750298e-12
2.6738067e-12
-7.6817313e-12
3.8367943e-12
-1.0931944e-11
5.4789817e-12
-1.5489062e-11
7.7864929e-12
-2.1844088e-11
1.101221e-11
-3.0653905e-11
1.5497062e-11
-4.2788061e-11
2.1697026e-11
-5.9385009e-11
3.0217062e-11
-8.1918867e-11
4.1853492e-11
-1.1227817e-10
5.7646713e-11
-1.5285897e-10
7.8946668e-11
-2.0667605e-10
1.0749466e-10
-2.7749835e-10
1.4553045e-10
-3.7002127e-10
1.9590967e-10
-4.9002815e-10
2.6224103e-10
-6.4460982e-10
3.4910324e-10
-8.427123e-10
4.623383e-10
-1.0952431e-09
6.0927085e-10
-1.4155359e-09
7.9905634e-10
-1.8199506e-09
1.043037e-09
-2.3281691e-09
1.3554481e-09
-2.9639546e-09
-3.7625461e-09
1.7521289e-09
1.8906615e-16
-1.8345382e-15
9.1310543e-16
-7.0277396e-15
2.4949646e-15
-1.5358945e-14
5.4153237e-15
-2.8365663e-14
1.0384208e-14
-4.8284576e-14
1.8443648e-14
-7.8357958e-14
3.1114643e-14
-1.2327079e-13
5.0606928e-14
-1.8977262e-13
8.0117446e-14
-2.8755942e-13
1.2425358e-13
-4.305199e-13
1.8963101e-13
-6.3848932e-13
2.8571454e-13
-9.3970594e-13
4.2599499e-13
-1.3742318e-12
6.2962726e-13
-1.998685e-12
9.2369579e-13
-2.8927354e-12
1.3463256e-12
-4.1679388e-12
1.9509199e-12
-5.979624e-12
2.8118809e-12
-8.5426923e-12
4.0322579e-12
-1.2152321e-11
5.7538645e-12
-1.7210669e-11
8.1705157e-12
-2.426074e-11
1.154516e-11
-3.4028549e-11
1.6231815e-11
-4.7474716e-11
2.2703396e-11
-6.585659e-11
3.1586745e-11
-9.0802215e-11
4.3706481e-11
-1.243979e-10
6.0139717e-11
-1.6929221e-10
8.2284171e-11
-2.2882051e-10
1.1194257e-10
-3.0715674e-10
1.5143402e-10
-4.0951272e-10
2.0371623e-10
-5.4231036e-10
2.7256967e-10
-7.1346327e-10
3.6272574e-10
-9.3286837e-10
4.8026321e-10
-1.2127805e-09
6.3282635e-10
-1.568099e-09
8.2992107e-10
-2.0170453e-09
1.0833187e-09
-2.5815667e-09
1.4077347e-09
-3.2883706e-09
-4.1738825e-09
1.8190711e-09
1.9912306e-16
-2.0336612e-15
9.6161615e-16
-7.7902326e-15
2.6273595e-15
-1.7024688e-14
5.7023113e-15
-3.1440615e-14
1.0933687e-14
-5.3515952e-14
1.941784e-14
-8.6842111e-14
3.2754619e-14
-1.3660757e-13
5.3267555e-14
-2.1028555e-13
8.4316934e-14
-3.186088e-13
1.3074336e-13
-4.7694633e-13
1.994937e-13
-7.0723966e-13
3.0050046e-13
-1.0407127e-12
4.4791095e-13
-1.5216423e-12
6.617956e-13
-2.2125697e-12
9.7050659e-13
-3.2014464e-12
1.4139108e-12
-4.611343e-12
2.0477844e-12
-6.6134977e-12
2.9497334e-12
-9.4446413e-12
4.2270908e-12
-1.3429678e-11
6.0273416e-12
-1.9010919e-11
8.5517386e-12
-2.6785136e-11
1.2072897e-11
-3.7549708e-11
1.695731e-11
-5.2359129e-11
2.3693915e-11
-7.2593195e-11
3.29301e-11
-1.000384e-10
4.5516906e-11
-1.3698471e-10
6.2565686e-11
-1.8634099e-10
8.5519399e-11
-2.5177422e-10
1.162431e-10
-3.3788045e-10
1.5712335e-10
-4.5039297e-10
2.1116142e-10
-5.9634842e-10
2.8226877e-10
-7.8457062e-10
3.7548383e-10
-1.0260834e-09
4.9705103e-10
-1.3343477e-09
6.5473708e-10
-1.725785e-09
8.583732e-10
-2.2206814e-09
1.1200514e-09
-2.8432449e-09
1.454774e-09
-3.6230933e-09
-4.5974354e-09
1.878327e-09
2.0894048e-16
-2.2426017e-15
1.0089653e-15
-8.5902575e-15
2.7565673e-15
-1.877229e-14
5.982344e-15
-3.4666392e-14
1.1469741e-14
-5.9003349e-14
2.0367999e-14
-9.5740369e-14
3.4353671e-14
-1.5059324e-13
5.5860885e-14
-2.3179277e-13
8.8408502e-14
-3.5115642e-13
1.3706323e-13
-5.2560106e-13
2.0909253e-13
-7.7926896e-13
3.1488076e-13
-1.1465009e-12
4.6920809e-13
-1.6759696e-12
6.9302515e-13
-2.4363867e-12
1.0158991e-12
-3.5243204e-12
1.4793598e-12
-5.0748037e-12
2.1414393e-12
-7.2755771e-12
3.0827727e-12
-1.0385975e-11
4.4147182e-12
-1.4761624e-11
6.2900511e-12
-2.0886252e-11
8.9169019e-12
-2.9411987e-11
1.2576737e-11
-4.1209542e-11
1.7647341e-11
-5.7429734e-11
2.4631973e-11
-7.9577828e-11
3.4196133e-11
-1.0960256e-10
4.7213762e-11
-1.5000234e-10
6.4825184e-11
-2.0395241e-10
8.8509433e-11
-2.7545847e-10
1.201727e-10
-3.6954371e-10
1.6225069e-10
-4.9247097e-10
2.1788972e-10
-6.5198745e-10
2.9112148e-10
-8.5780238e-10
3.8699356e-10
-1.1219555e-09
5.1189166e-10
-1.4592458e-09
6.7383569e-10
-1.8877291e-09
8.827976e-10
-2.4296433e-09
1.1510109e-09
-3.1114582e-09
1.4935237e-09
-3.9656061e-09
-5.0297059e-09
1.9257941e-09
2.180935e-16
-2.4606952e-15
1.0531003e-15
-9.4252643e-15
2.876981e-15
-2.0596171e-14
6.2432642e-15
-3.8032675e-14
1.1969095e-14
-6.472918e-14
2.125287e-14
-1.0502414e-13
3.5842377e-14
-1.6518275e-13
5.8274346e-14
-2.5422474e-13
9.2214562e-14
-3.8509663e-13
1.4293892e-13
-5.7632541e-13
2.1801089e-13
-8.5434094e-13
3.2823114e-13
-1.2567212e-12
4.889612e-13
-1.8366997e-12
7.2195751e-13
-2.669383e-12
1.0578947e-12
-3.8602576e-12
1.5398108e-12
-5.5567197e-12
2.2277696e-12
-7.9635359e-12
3.2051136e-12
-1.1363319e-11
4.5867639e-12
-1.6143274e-11
6.5301251e-12
-2.2829614e-11
9.2492645e-12
-3.2131127e-11
1.3033169e-11
-4.4993447e-11
1.8269049e-11
-6.2665613e-11
2.5471871e-11
-8.678065e-11
3.5321609e-11
-1.194523e-10
4.8710069e-11
-1.633908e-10
6.6799607e-11
-2.2204195e-10
9.1096464e-11
-2.9975533e-10
1.2354167e-10
-4.0198892e-10
1.6662605e-10
-5.3555534e-10
2.2355925e-10
-7.0892066e-10
2.9841212e-10
-9.3265525e-10
3.9631332e-10
-1.2198567e-09
5.2371593e-10
-1.5866485e-09
6.8870655e-10
-2.0527197e-09
9.0127251e-10
-2.6422093e-09
1.1735807e-09
-3.3837663e-09
1.5204363e-09
-4.3124617e-09
-5.4659751e-09
1.9567055e-09
2.261308e-16
-2.686826e-15
1.0918471e-15
-1.0290981e-14
2.9826633e-15
-2.2486987e-14
6.4721768e-15
-4.1522188e-14
1.2406986e-14
-7.0663989e-14
2.2028382e-14
-1.1464554e-13
3.7146195e-14
-1.8030056e-13
6.038632e-14
-2.7746486e-13
9.5541884e-14
-4.202522e-13
1.480695e-13
-6.2885303e-13
2.2578743e-13
-9.3205887e-13
3.3985299e-13
-1.3707867e-12
5.0612318e-13
-2.0029699e-12
7.4703671e-13
-2.9102966e-12
1.0941989e-12
-4.2074198e-12
1.5919033e-12
-6.0544241e-12
2.3018875e-12
-8.6735202e-12
3.3096949e-12
-1.2371126e-11
4.7330966e-12
-1.7566676e-11
6.7331278e-12
-2.4829645e-11
9.5283991e-12
-3.4926398e-11
1.3413481e-11
-4.8878529e-11
1.8782324e-11
-6.8034457e-11
2.6157918e-11
-9.4156244e-11
3.6229674e-11
-1.2952405e-10
4.9900442e-11
-1.7706156e-10
6.8345524e-11
-2.4048703e-10
9.3086584e-11
-3.2449638e-10
1.2608406e-10
-4.349864e-10
1.6985476e-10
-5.7932604e-10
2.2762565e-10
-7.6669155e-10
3.0348154e-10
-1.0085111e-09
4.0256136e-10
-1.3189365e-09
5.3129973e-10
-1.7153868e-09
6.9770385e-10
-2.2191238e-09
9.115817e-10
-2.8560871e-09
1.1847746e-09
-3.6569592e-09
1.531508e-09
-4.6591951e-09
-5.9002205e-09
1.9657533e-09
2.3235458e-16
-2.9191806e-15
1.1218254e-15
-1.1180451e-14
3.0643785e-15
-2.442954e-14
6.6490743e-15
-4.5106884e-14
1.2745172e-14
-7.6760087e-14
2.2626909e-14
-1.2452728e-13
3.8151666e-14
-1.9582532e-13
6.2013491e-14
-3.0132669e-13
9.8102528e-14
-4.5634124e-13
1.520125e-13
-6.82763e-13
2.31754e-13
-1.0118004e-12
3.4875178e-13
-1.4877845e-12
5.1923128e-13
-2.1734494e-12
7.6613319e-13
-3.1571985e-12
1.121738e-12
-4.5630246e-12
1.631234e-12
-6.5639201e-12
2.3575233e-12
-9.3998096e-12
3.3876336e-12
-1.3401236e-11
4.8411816e-12
-1.9020224e-11
6.8814311e-12
-2.6869894e-11
9.7295921e-12
-3.7774559e-11
1.3683141e-11
-5.2832078e-11
1.9139115e-11
-7.349043e-11
2.6623548e-11
-1.0164068e-10
3.6828564e-11
-1.3972907e-10
5.0658995e-11
-1.90892e-10
6.9290936e-11
-2.5911897e-10
9.4245109e-11
-3.4945056e-10
1.274786e-10
-4.6821989e-10
1.7149992e-10
-6.2334736e-10
2.2951083e-10
-8.2470246e-10
3.0555565e-10
-1.084556e-09
4.0470266e-10
-1.4180835e-09
5.3325203e-10
-1.8439362e-09
6.9896717e-10
-2.384839e-09
9.1124478e-10
-3.0683648e-09
1.1812902e-09
-3.9270047e-09
1.5223645e-09
-5.0002693e-09
-6.3250674e-09
1.9472114e-09
2.3626605e-16
-3.1554467e-15
1.1406524e-15
-1.2084838e-14
3.1156295e-15
-2.6404517e-14
6.7598086e-15
-4.8751063e-14
1.2956343e-14
-8.2956621e-14
2.2999488e-14
-1.3457042e-13
3.8775211e-14
-2.1160104e-13
6.3018e-14
-3.2556948e-13
9.9674664e-14
-4.929979e-13
1.5441749e-13
-7.3750582e-13
2.3536466e-13
-1.0927475e-12
3.540863e-13
-1.6065062e-12
5.2700088e-13
-2.3463639e-12
7.7730032e-13
-3.4074979e-12
1.1375837e-12
-4.923308e-12
1.6534298e-12
-7.0797662e-12
2.388198e-12
-1.0134578e-11
3.429415e-12
-1.4442453e-11
4.8971815e-12
-2.048799e-11
6.9551183e-12
-2.8927831e-11
9.8244741e-12
-4.0643915e-11
1.3802139e-11
-5.6809743e-11
1.9283481e-11
-7.8971772e-11
2.6791146e-11
-1.0914834e-10
3.7011286e-11
-1.4994921e-10
5.0839058e-11
-2.0471977e-10
6.9435698e-11
-2.7771561e-10
9.4299893e-11
-3.7431475e-10
1.2735651e-10
-5.0127651e-10
1.7106592e-10
-6.6705677e-10
2.2855441e-10
-8.8219095e-10
3.0375526e-10
-1.1597568e-09
4.0156752e-10
-1.5158958e-09
5.2802244e-10
-1.9703911e-09
6.9045e-10
-2.5472665e-09
8.9757154e-10
-3.2754863e-09
1.1595995e-09
-4.1890326e-09
1.4883969e-09
-5.3290668e-09
-6.7317752e-09
1.8951047e-09
2.3661736e-16
-3.392064e-15
1.1422536e-15
-1.2990474e-14
3.1198046e-15
-2.8382068e-14
6.7684554e-15
-5.2399714e-14
1.2972067e-14
-8.9160232e-14
2.3025689e-14
-1.4462405e-13
3.8816019e-14
-2.2739137e-13
6.3077866e-14
-3.4983132e-13
9.9757206e-14
-5.2967724e-13
1.5452289e-13
-7.9227151e-13
2.3548434e-13
-1.173709e-12
3.5419252e-13
-1.7252143e-12
5.2702737e-13
-2.5191988e-12
7.7710701e-13
-3.6575775e-12
1.1368942e-12
-5.2830951e-12
1.6517225e-12
-7.5945945e-12
2.3845208e-12
-1.0867376e-11
3.4220762e-12
-1.5480009e-11
4.8832472e-12
-2.1949161e-11
6.929618e-12
-3.0974202e-11
9.7791788e-12
-4.3493476e-11
1.3723738e-11
-6.0754303e-11
1.9150924e-11
-8.4398958e-11
2.6571853e-11
-1.1656927e-10
3.6655835e-11
-1.6003319e-10
5.0273849e-11
-2.1833778e-10
6.8552915e-11
-2.9599467e-10
9.2943758e-11
-3.987056e-10
1.2530416e-10
-5.3363691e-10
1.6799969e-10
-7.097523e-10
2.2402054e-10
-9.382118e-10
2.9710597e-10
-1.2328422e-09
3.9187267e-10
-1.6106625e-09
5.1393074e-10
-2.0924492e-09
6.6996875e-10
-2.7033045e-09
8.6774439e-10
-3.4732619e-09
1.1160813e-09
-4.4373695e-09
1.4249515e-09
-5.637937e-09
-7.1102337e-09
1.80341e-09
2.3338841e-16
-3.6254524e-15
1.1266405e-15
-1.3883726e-14
3.0769907e-15
-3.0332419e-14
6.6750026e-15
-5.5997726e-14
1.2791539e-14
-9.5276768e-14
2.2702121e-14
-1.5453463e-13
3.8264173e-14
-2.4295342e-13
6.2168671e-14
-3.7373582e-13
9.8295997e-14
-5.6580457e-13
1.5221684e-13
-8.4619236e-13
2.318937e-13
-1.2533858e-12
3.4865768e-13
-1.8419783e-12
5.1855974e-13
-2.6891008e-12
7.6422642e-13
-3.9032442e-12
1.1173872e-12
-5.636256e-12
1.6222859e-12
-8.0994931e-12
2.3402378e-12
-1.1585328e-11
3.3556553e-12
-1.6495426e-11
4.7839208e-12
-2.3377427e-11
6.7815608e-12
-3.2971842e-11
9.5592468e-12
-4.6271162e-11
1.3398253e-11
-6.4593309e-11
1.8671143e-11
-8.9671849e-11
2.5867668e-11
-1.237658e-10
3.5627124e-11
-1.6979265e-10
4.8778753e-11
-2.3148941e-10
6.6392032e-11
-3.1360795e-10
8.9838788e-11
-4.2215235e-10
1.208687e-10
-5.6466683e-10
1.6169845e-10
-7.5058205e-10
2.1511148e-10
-9.9162483e-10
2.8455897e-10
-1.3022897e-09
3.7425061e-10
-1.7003541e-09
4.8921126e-10
-2.2074098e-09
6.352718e-10
-2.8493651e-09
8.1892994e-10
-3.6569201e-09
1.0471975e-09
-4.665637e-09
1.3275591e-09
-5.9182986e-09
-7.4489433e-09
1.6662687e-09
2.2383686e-16
-3.8492893e-15
1.0803498e-15
-1.4740239e-14
2.950288e-15
-3.2202357e-14
6.3997592e-15
-5.9447197e-14
1.2263514e-14
-1.0114052e-13
2.1764092e-14
-1.6403521e-13
3.668158e-14
-2.5787091e-13
5.9594571e-14
-3.9664881e-13
9.4220719e-14
-6.0043072e-13
1.4589582e-13
-8.9786746e-13
2.2224418e-13
-1.3297342e-12
3.3411097e-13
-1.9538451e-12
4.9685006e-13
-2.8518399e-12
7.3208897e-13
-4.1384831e-12
1.0701262e-12
-5.9742932e-12
1.5531556e-12
-8.5825225e-12
2.2395556e-12
-1.2271728e-11
3.2095294e-12
-1.74654e-11
4.572433e-12
-2.474033e-11
6.4761866e-12
-3.4875595e-11
9.1192349e-12
-4.891421e-11
1.2765611e-11
-6.8239685e-11
1.7763787e-11
-9.4670025e-11
2.4570152e-11
-1.3057216e-10
3.3778187e-11
-1.7900068e-10
4.6154636e-11
-2.4386586e-10
6.2684163e-11
-3.3013748e-10
8.4623864e-11
-4.4409205e-10
1.135683e-10
-5.9361126e-10
1.515239e-10
-7.8853765e-10
2.009878e-10
-1.0410887e-09
2.6501988e-10
-1.3663218e-09
3.472902e-10
-1.7826245e-09
4.5207104e-10
-2.3121907e-09
5.8412693e-10
-2.9814209e-09
7.4842228e-10
-3.8212154e-09
9.4974188e-10
-4.8669566e-09
1.1922744e-09
-6.1608311e-09
-7.7351642e-09
1.4784953e-09
2.1013697e-16
-4.0594263e-15
1.0143013e-15
-1.5544403e-14
2.769783e-15
-3.3957838e-14
6.007391e-15
-6.2684805e-14
1.1509326e-14
-1.0664246e-13
2.0420312e-14
-1.7294619e-13
3.4405692e-14
-2.7185629e-13
5.5875432e-14
-4.1811855e-13
8.8300068e-14
-6.3285535e-13
1.3665417e-13
-9.4622156e-13
2.0803527e-13
-1.4011153e-12
3.1252229e-13
-2.0583321e-12
4.6435772e-13
-3.0036754e-12
6.8356257e-13
-4.357688e-12
9.9812277e-13
-6.2888534e-12
1.4469199e-12
-9.0313196e-12
2.0836167e-12
-1.2908425e-11
2.9817477e-12
-1.8363531e-11
4.2413056e-12
-2.5999888e-11
5.9971539e-12
-3.6631444e-11
8.4296391e-12
-5.1346695e-11
1.1777833e-11
-7.1587879e-11
1.6355925e-11
-9.9248117e-11
2.2573434e-11
-1.3678967e-10
3.0960087e-11
-1.8738733e-10
4.2196403e-11
-2.5510218e-10
5.7151032e-11
-3.4509211e-10
7.6925586e-11
-4.6386661e-10
1.029066e-10
-6.1959228e-10
1.3682207e-10
-8.2245311e-10
1.8079578e-10
-1.0850624e-09
2.3738608e-10
-1.4229121e-09
3.0958738e-10
-1.8548258e-09
4.0075819e-10
-2.4033615e-09
5.1441837e-10
-3.0950811e-09
6.5381242e-10
-3.9606095e-09
8.2125932e-10
-5.0344035e-09
1.0167356e-09
-6.3563074e-09
-7.9552534e-09
1.2368248e-09
1.8623728e-16
-4.2456636e-15
8.9866856e-16
-1.6256835e-14
2.4536364e-15
-3.5512806e-14
5.3212616e-15
-6.555243e-14
1.0194324e-14
-1.1151552e-13
1.8086686e-14
-1.8083855e-13
3.0473293e-14
-2.842429e-13
4.9488483e-14
-4.3713374e-13
7.8205593e-14
-6.6157246e-13
1.2102916e-13
-9.8904513e-13
1.8424178e-13
-1.4643279e-12
2.7676154e-13
-2.1508519e-12
4.1118288e-13
-3.1380967e-12
6.0519442e-13
-4.5516995e-12
8.8349051e-13
-6.5671495e-12
1.2803193e-12
-9.4281484e-12
1.8428361e-12
-1.3470942e-11
2.6354566e-12
-1.9156152e-11
3.7454274e-12
-2.7109859e-11
5.289857e-12
-3.8175873e-11
7.4244786e-12
-5.3481317e-11
1.0354458e-11
-7.4517859e-11
1.4347633e-11
-1.0324129e-10
1.9750642e-11
-1.4219268e-10
2.7008536e-11
-1.9464523e-10
3.6688488e-11
-2.6478213e-10
4.9508126e-11
-3.5791175e-10
6.6368481e-11
-4.8072696e-10
8.8390206e-11
-6.4161401e-10
1.1694916e-10
-8.5101207e-10
1.5370307e-10
-1.1218163e-09
2.0059438e-10
-1.4698034e-09
2.5980589e-10
-1.9140373e-09
3.3363373e-10
-2.4771893e-09
4.2422235e-10
-3.1856697e-09
5.3306471e-10
-4.0694518e-09
6.6033089e-10
-5.1616697e-09
8.0258167e-10
-6.4985582e-09
-8.0950549e-09
9.4238318e-10
1.6191499e-16
-4.4075785e-15
7.8130991e-16
-1.6876229e-14
2.1331165e-15
-3.6864613e-14
4.625717e-15
-6.8045031e-14
8.8606536e-15
-1.1575046e-13
1.5717808e-14
-1.8769571e-13
2.6476403e-14
-2.950015e-13
4.2986126e-14
-4.5364346e-13
6.7907914e-14
-6.8649425e-13
1.0505086e-13
-1.0261881e-12
1.5984054e-13
-1.5191176e-12
2.3996522e-13
-2.2309766e-12
3.5625975e-13
-3.2543912e-12
5.2390278e-13
-4.7193425e-12
7.6401997e-13
-6.8072667e-12
1.1058036e-12
-9.769932e-12
1.5892749e-12
-1.3954413e-11
2.2688285e-12
-1.9835705e-11
3.2177048e-12
-2.8058735e-11
4.5335398e-12
-3.9491708e-11
6.3451399e-12
-5.5292917e-11
8.8206407e-12
-7.699336e-11
1.2177231e-11
-1.0659788e-10
1.669267e-11
-1.4670812e-10
2.2718872e-11
-2.0067143e-10
3.0697774e-11
-2.7276103e-10
4.1179436e-11
-3.6839341e-10
5.4841528e-11
-4.9438905e-10
7.2507704e-11
-6.5928018e-10
9.5159474e-11
-8.7366384e-10
1.2393157e-10
-1.1505884e-09
1.600745e-10
-1.5059464e-09
2.0486058e-10
-1.9588233e-09
2.5940368e-10
-2.5317324e-09
3.2435324e-10
-3.2506193e-09
3.9939311e-10
-4.1444917e-09
4.8290423e-10
-5.2451808e-09
5.7149197e-10
-6.5871459e-09
-8.1996788e-09
6.7611587e-10
1.1671324e-16
-4.5242918e-15
5.6302939e-16
-1.7322546e-14
1.5365798e-15
-3.7838163e-14
3.3304338e-15
-6.9838885e-14
6.3755357e-15
-1.1879556e-13
1.1300957e-14
-1.9262113e-13
1.901911e-14
-3.0271965e-13
3.0845628e-14
-4.6546998e-13
4.8667023e-14
-7.0431564e-13
7.5173592e-14
-1.0526946e-12
1.1418049e-13
-1.5581245e-12
1.710664e-13
-2.2878625e-12
2.5336681e-13
-3.3366917e-12
3.7156683e-13
-4.8375426e-12
5.4014624e-13
-6.9758461e-12
7.7893548e-13
-1.0008721e-11
1.1148438e-12
-1.4290321e-11
1.5840172e-12
-2.0304879e-11
2.2344733e-12
-2.8709191e-11
3.1292395e-12
-4.0386475e-11
4.3499944e-12
-5.6513672e-11
6.0011811e-12
-7.8644546e-11
8.2145324e-12
-1.0881123e-10
1.1153924e-11
-1.4964751e-10
1.5020425e-11
-2.0453793e-10
2.0057272e-11
-2.7779788e-10
2.6554068e-11
-3.7489021e-10
3.4848595e-11
-5.0268358e-10
4.5322833e-11
-6.6975442e-10
5.8386902e-11
-8.8672791e-10
7.4440427e-11
-1.166642e-09
9.3795591e-11
-1.5253015e-09
1.1654123e-10
-1.981569e-09
1.4232848e-10
-2.5575197e-09
1.7005134e-10
-3.2783422e-09
1.973097e-10
-4.1717501e-09
2.2022734e-10
-5.2680985e-09
2.3327237e-10
-6.6001909e-09
-8.1986141e-09
2.3220773e-10
6.2108025e-17
-4.5863998e-15
2.9923478e-16
-1.7559672e-14
8.1586741e-16
-3.8354796e-14
1.7667205e-15
-7.0789738e-14
3.37875e-15
-1.2040759e-13
5.9822983e-15
-1.9522468e-13
1.005482e-14
-3.0679217e-13
1.6281839e-14
-4.71697e-13
2.5641219e-14
-7.1367502e-13
3.9518565e-14
-1.066572e-12
5.9863401e-14
-1.5784693e-12
8.9397593e-14
-2.3173967e-12
1.3188874e-13
-3.3791828e-12
1.9250119e-13
-4.898155e-12
2.7823462e-13
-7.0615795e-12
3.984532e-13
-1.012894e-11
5.6549464e-13
-1.4457363e-11
7.9532569e-13
-2.053471e-11
1.1081776e-12
-2.9022043e-11
1.5290512e-12
-4.0807348e-11
2.0879283e-12
-5.7072549e-11
2.8194732e-12
-7.9376091e-11
3.7619433e-12
-1.097537e-10
4.9549536e-12
-1.5084052e-10
6.435599e-12
-2.0601858e-10
8.2321659e-12
-2.7959444e-10
1.0354114e-11
-3.7701215e-10
1.2775973e-11
-5.0510544e-10
1.5411032e-11
-6.7238948e-10
1.8067979e-11
-8.8938485e-10
2.0380048e-11
-1.168954e-09
2.1692192e-11
-1.5266137e-09
2.0888784e-11
-1.9807656e-09
1.6152372e-11
-2.5527833e-09
4.6545316e-12
-3.2668443e-09
-1.8105748e-11
-4.1489898e-09
-5.839249e-11
-5.2278117e-09
-1.245168e-10
-6.5340666e-09
-8.0972211e-09
-2.2590987e-10
3.8506932e-18
-4.5902505e-15
1.8074373e-17
-1.7573896e-14
4.7950881e-17
-3.8384672e-14
1.0046978e-16
-7.0842257e-14
1.8448038e-16
-1.204916e-13
3.1041548e-16
-1.9535061e-13
4.8910122e-16
-3.0697086e-13
7.2871875e-16
-4.7193662e-13
1.0282371e-15
-7.1397454e-13
1.3643678e-15
-1.0669081e-12
1.6669755e-15
-1.5787719e-12
1.7744197e-15
-2.3175041e-12
1.3547574e-15
-3.3787632e-12
-2.2993368e-16
-4.8965703e-12
-4.1520885e-15
-7.0576574e-12
-1.249561e-14
-1.0120596e-11
-2.8864896e-14
-1.4440993e-11
-5.934837e-14
-2.0504226e-11
-1.1401051e-13
-2.8967381e-11
-2.091521e-13
-4.0712207e-11
-3.7065903e-13
-5.6911042e-11
-6.3885458e-13
-7.9107896e-11
-1.0753801e-12
-1.0931718e-10
-1.7727635e-12
-1.5014314e-10
-2.8675298e-12
-2.0492381e-10
-4.5580499e-12
-2.7790392e-10
-7.1289492e-12
-3.7444125e-10
-1.0984995e-11
-5.0124939e-10
-1.6699127e-11
-6.6667535e-10
-2.5081707e-11
-8.8100227e-10
-3.7280912e-11
-1.1567548e-09
-5.4926639e-11
-1.5089679e-09
-8.0331996e-11
-1.9553602e-09
-1.1676749e-10
-2.5163478e-09
-1.6867719e-10
-3.2149346e-09
-2.4260102e-10
-4.075066e-09
-3.4703947e-10
-5.1233733e-09
-4.9257314e-10
-6.3885329e-09
-7.8978234e-09
-6.9197077e-10
-5.9920532e-17
-4.53033e-15
-2.8983523e-16
-1.7343981e-14
-7.9308085e-16
-3.7881427e-14
-1.7241192e-15
-6.9911219e-14
-3.3121871e-15
-1.1890353e-13
-5.8955811e-15
-1.9276722e-13
-9.9713245e-15
-3.0289511e-13
-1.6267056e-14
-4.6564088e-13
-2.5844991e-14
-7.0439661e-13
-4.0252144e-14
-1.052501e-12
-6.1737178e-14
-1.5572869e-12
-9.3563086e-14
-2.2856782e-12
-1.4045735e-13
-3.3318689e-12
-2.092587e-13
-4.827769e-12
-3.0984376e-13
-6.9570723e-12
-4.5644993e-13
-9.9739902e-12
-6.6955453e-13
-1.4227889e-11
-9.7852773e-13
-2.0195253e-11
-1.4253482e-12
-2.8520561e-11
-2.0697578e-12
-4.0067797e-11
-2.9963316e-12
-5.5984468e-11
-4.3240594e-12
-7.7780168e-11
-6.2191704e-12
-1.0742207e-10
-8.9121178e-12
-1.4745019e-10
-1.2719904e-11
-2.0111603e-10
-1.8075347e-11
-2.7254848e-10
-2.5565578e-11
-3.6695102e-10
-3.5983134e-11
-4.9083184e-10
-5.0394627e-11
-6.5226385e-10
-7.0234038e-11
-8.6116286e-10
-9.7429548e-11
-1.1295593e-09
-1.3457229e-10
-1.4718252e-09
-1.8513113e-10
-1.9048014e-09
-2.5379477e-10
-2.4476841e-09
-3.4650106e-10
-3.1222283e-09
-4.7168627e-10
-3.9498808e-09
-6.3970106e-10
-4.9553585e-09
-8.6307635e-10
-6.1651577e-09
-7.6039099e-09
-1.1569899e-09
-1.2588978e-16
-4.4044402e-15
-6.0827452e-16
-1.6861597e-14
-1.6628038e-15
-3.6826898e-14
-3.6109978e-15
-6.7963025e-14
-6.9285435e-15
-1.1558599e-13
-1.2314876e-14
-1.8738089e-13
-2.0793201e-14
-2.9441679e-13
-3.385396e-14
-4.5258013e-13
-5.366013e-14
-6.8459044e-13
-8.33403e-14
-1.0228208e-12
-1.2740589e-13
-1.5132213e-12
-1.9234329e-13
-2.2207408e-12
-2.8745128e-13
-3.2367609e-12
-4.2602055e-13
-4.6891997e-12
-6.2698701e-13
-6.7561058e-12
-9.1723664e-13
-9.6837405e-12
-1.3347977e-12
-1.3810328e-11
-1.9332295e-12
-1.9596821e-11
-2.7876059e-12
-2.7666184e-11
-4.0025976e-12
-3.8852805e-11
-5.7232821e-12
-5.4263784e-11
-8.1494535e-12
-7.5353996e-11
-1.1554377e-11
-1.0401714e-10
-1.6309154e-11
-1.4269541e-10
-2.2914151e-11
-1.9451103e-10
-3.2039437e-11
-2.6342319e-10
-4.4576815e-11
-3.5441365e-10
-6.1707123e-11
-4.7370153e-10
-8.498792e-11
-6.2898306e-10
-1.1646851e-10
-8.2968227e-10
-1.5884082e-10
-1.087187e-09
-2.1562935e-10
-1.4150367e-09
-2.9138625e-10
-1.8290445e-09
-3.920507e-10
-2.3470197e-09
-5.2535151e-10
-2.9889275e-09
-7.0077386e-10
-3.7744584e-09
-9.3036196e-10
-4.7257704e-09
-1.2287614e-09
-5.8667582e-09
-7.2201468e-09
-1.6125244e-09
-1.9359518e-16
-4.210845e-15
-9.3511368e-16
-1.6120078e-14
-2.5554472e-15
-3.5206564e-14
-5.5474455e-15
-6.4971026e-14
-1.0639446e-14
-1.1049399e-13
-1.8900936e-14
-1.791194e-13
-3.1893999e-14
-2.8142373e-13
-5.1889795e-14
-4.3258433e-13
-8.2177111e-14
-6.5430312e-13
-1.2750076e-13
-9.7749714e-13
-1.9468233e-13
-1.4460397e-12
-2.9349571e-13
-2.1219274e-12
-4.3789646e-13
-3.0923601e-12
-6.4773949e-13
-4.4793567e-12
-9.5116519e-13
-6.4526801e-12
-1.3878927e-12
-9.2470131e-12
-2.0137316e-12
-1.3184489e-11
-2.9067136e-12
-1.8703839e-11
-4.1753484e-12
-2.6397549e-11
-5.9696347e-12
-3.7058519e-11
-8.495595e-12
-5.1737823e-11
-1.2034265e-11
-7.1815326e-11
-1.6966266e-11
-9.9085141e-11
-2.3803329e-11
-1.3585835e-10
-3.3228489e-11
-1.8508587e-10
-4.6147118e-11
-2.5050456e-10
-6.3751653e-11
-3.3680911e-10
-8.7603744e-11
-4.4984944e-10
-1.1973868e-10
-5.9684813e-10
-1.6279857e-10
-7.8662238e-10
-2.2020468e-10
-1.0297809e-09
-2.9638853e-10
-1.3388528e-09
-3.9706657e-10
-1.7283665e-09
-5.2894702e-10
-2.2151392e-09
-7.0124179e-10
-2.8166327e-09
-9.2508455e-10
-3.5506156e-09
-1.2136663e-09
-4.4371886e-09
-1.5829739e-09
-5.4974507e-09
-6.7522319e-09
-2.0508888e-09
-2.6088564e-16
-3.9499594e-15
-1.2599237e-15
-1.512104e-14
-3.4425144e-15
-3.3023973e-14
-7.4717622e-15
-6.0941778e-14
-1.4327073e-14
-1.0363867e-13
-2.5445676e-14
-1.6800079e-13
-4.2925172e-14
-2.6394423e-13
-6.9812577e-14
-4.0569692e-13
-1.1051546e-13
-6.1360024e-13
-1.7138473e-13
-9.1662788e-13
-2.6153753e-13
-1.3558869e-12
-3.9401415e-13
-1.9894508e-12
-5.873963e-13
-2.898978e-12
-8.6805837e-13
-4.1986946e-12
-1.273279e-12
-6.0474595e-12
-1.8555114e-12
-8.6647807e-12
-2.6881962e-12
-1.2351804e-11
-3.8736043e-12
-1.7518431e-11
-5.5533188e-12
-2.4717835e-11
-7.9220975e-12
-3.468974e-11
-1.124602e-11
-4.8413901e-11
-1.5885994e-11
-6.7175352e-11
-2.2327914e-11
-9.2643221e-11
-3.1221027e-11
-1.2696524e-10
-4.342641e-11
-1.7288049e-10
-6.0077933e-11
-2.3385304e-10
-8.2658675e-11
-3.1422837e-10
-1.1309643e-10
-4.1941168e-10
-1.5388256e-10
-5.5606199e-10
-2.0821845e-10
-7.322865e-10
-2.8019172e-10
-9.5780763e-10
-3.7498699e-10
-1.2440575e-09
-4.9931343e-10
-1.60404e-09
-6.6143348e-10
-2.0530192e-09
-8.7120567e-10
-2.6068606e-09
-1.1406614e-09
-3.28116e-09
-1.4843861e-09
-4.0934638e-09
-1.9195409e-09
-5.0622959e-09
-6.2066812e-09
-2.4650916e-09
-3.2634151e-16
-3.6236178e-15
-1.5758759e-15
-1.3871506e-14
-4.3053681e-15
-3.0294481e-14
-9.3434737e-15
-5.5903673e-14
-1.7913691e-14
-9.5068456e-14
-3.1810704e-14
-1.5410378e-13
-5.3652533e-14
-2.421024e-13
-8.7239971e-14
-3.7210949e-13
-1.380672e-13
-5.6277301e-13
-2.1404447e-13
-8.4065061e-13
-3.2651674e-13
-1.2434147e-12
-4.916927e-13
-1.8242749e-12
-7.3263897e-13
-2.6580317e-12
-1.0820463e-12
-3.8492873e-12
-1.5860406e-12
-5.5434652e-12
-2.3093934e-12
-7.9414278e-12
-3.3425856e-12
-1.1318612e-11
-4.8112928e-12
-1.6049724e-11
-6.888996e-12
-2.2640132e-11
-9.8135691e-12
-3.1765167e-11
-1.3908859e-11
-4.4318611e-11
-1.9612469e-11
-6.1471743e-11
-2.7511164e-11
-8.4744525e-11
-3.8385627e-11
-1.1609078e-10
-5.3266598e-11
-1.5799951e-10
-7.350496e-11
-2.1361468e-10
-1.0085879e-10
-2.8687454e-10
-1.3760098e-10
-3.8266949e-10
-1.8665132e-10
-5.0701166e-10
-2.5173676e-10
-6.6720106e-10
-3.3758276e-10
-8.7196162e-10
-4.5013673e-10
-1.1315036e-09
-5.9671784e-10
-1.4574589e-09
-7.8664772e-10
-1.8630893e-09
-1.0310502e-09
-2.3624581e-09
-1.3428464e-09
-2.9693638e-09
-1.7374246e-09
-3.6988856e-09
-2.2327654e-09
-4.5669551e-09
-5.5906283e-09
-2.8488183e-09
-3.8813747e-16
-3.2354804e-15
-1.8741528e-15
-1.238549e-14
-5.1199327e-15
-2.7048701e-14
-1.1110399e-14
-4.9913206e-14
-2.1299444e-14
-8.4879412e-14
-3.7819118e-14
-1.3758411e-13
-6.3778587e-14
-2.1614293e-13
-1.0368995e-13
-3.3219812e-13
-1.6407267e-13
-5.023903e-13
-2.5430811e-13
-7.5041517e-13
-3.8784264e-13
-1.1098801e-12
-5.8387296e-13
-1.6282445e-12
-8.6969409e-13
-2.3722106e-12
-1.2839499e-12
-3.4350315e-12
-1.8811014e-12
-4.9463137e-12
-2.7375194e-12
-7.0850098e-12
-3.9597192e-12
-1.0096412e-11
-5.6953819e-12
-1.4314061e-11
-8.1479493e-12
-2.0187564e-11
-1.1595742e-11
-2.8317375e-11
-1.6416719e-11
-3.9497634e-11
-2.31202e-11
-5.4768262e-11
-3.2387087e-11
-7.5477638e-11
-4.512043e-11
-1.0335743e-10
-6.2508495e-11
-1.4061145e-10
-8.6102976e-11
-1.900202e-10
-1.1791537e-10
-2.5506214e-10
-1.6053495e-10
-3.4004992e-10
-2.1727152e-10
-4.5027508e-10
-2.9232563e-10
-5.9214696e-10
-3.9098574e-10
-7.7330151e-10
-5.198439e-10
-1.0026454e-09
-6.8699198e-10
-1.2903108e-09
-9.0243399e-10
-1.6476473e-09
-1.17821e-09
-2.086682e-09
-1.5281611e-09
-2.6194127e-09
-1.9684397e-09
-3.258607e-09
-2.5176389e-09
-4.0177559e-09
-4.9117623e-09
-3.1965049e-09
-4.4470168e-16
-2.7907787e-15
-2.147173e-15
-1.0683019e-14
-5.8655136e-15
-2.3330361e-14
-1.272765e-14
-4.305107e-14
-2.4398291e-14
-7.3208771e-14
-4.3318164e-14
-1.1866423e-13
-7.3045744e-14
-1.8641535e-13
-1.1874375e-13
-2.8650011e-13
-1.8786927e-13
-4.3326478e-13
-2.9114875e-13
-6.4713569e-13
-4.4394939e-13
-9.5707949e-13
-6.681984e-13
-1.4039955e-12
-9.950534e-13
-2.0453556e-12
-1.4685943e-12
-2.9614906e-12
-2.1508892e-12
-4.2640188e-12
-3.1288898e-12
-6.1070092e-12
-4.5237291e-12
-8.7015728e-12
-6.5031338e-12
-1.2334656e-11
-9.2978158e-12
-1.7392882e-11
-1.3222873e-11
-2.4392317e-11
-1.8705411e-11
-3.4015096e-11
-2.6319786e-11
-4.7153887e-11
-3.6832126e-11
-6.4965298e-11
-5.1256027e-11
-8.8933532e-11
-7.0921703e-11
-1.2094577e-10
-9.7561236e-11
-1.6338067e-10
-1.3341291e-10
-2.1921046e-10
-1.8134776e-10
-2.9211508e-10
-2.4502089e-10
-3.8660194e-10
-3.290488e-10
-5.0811904e-10
-4.3921027e-10
-6.6314005e-10
-5.8266176e-10
-8.5919392e-10
-7.6815431e-10
-1.1048183e-09
-1.0063285e-09
-1.4094731e-09
-1.3098628e-09
-1.7831478e-09
-1.693361e-09
-2.2359144e-09
-2.1736405e-09
-2.7783276e-09
-2.7698283e-09
-3.421568e-09
-4.1782547e-09
-3.5033359e-09
-4.9443758e-16
-2.2963411e-15
-2.387224e-15
-8.7902325e-15
-6.5210413e-15
-1.9196544e-14
-1.4149536e-14
-3.5422575e-14
-2.7122753e-14
-6.0235554e-14
-4.8152776e-14
-9.7634211e-14
-8.1193057e-14
-1.5337507e-13
-1.3197824e-13
-2.3571492e-13
-2.087896e-13
-3.5645343e-13
-3.2353582e-13
-5.3238947e-13
-4.932723e-13
-7.87343e-13
-7.4232572e-13
-1.1549421e-12
-1.1052475e-12
-1.6824338e-12
-1.6308928e-12
-2.4358453e-12
-2.3880105e-12
-3.5069011e-12
-3.4728408e-12
-5.0221789e-12
-5.019343e-12
-7.1550706e-12
-7.2128224e-12
-1.0141177e-11
-1.0307887e-11
-1.4297818e-11
-1.465183e-11
-2.0048374e-11
-2.0714732e-11
-2.7952195e-11
-2.912775e-11
-3.8740868e-11
-4.0731325e-11
-5.3361723e-11
-5.6635272e-11
-7.3029586e-11
-7.8293082e-11
-9.9287962e-11
-1.0759308e-10
-1.3408066e-10
-1.4696937e-10
-1.7983418e-10
-1.9953527e-10
-2.3954917e-10
-2.6924144e-10
-3.1689577e-10
-3.6105848e-10
-4.1630201e-10
-4.8118042e-10
-5.430181e-10
-6.3723992e-10
-7.0313443e-10
-8.3852376e-10
-9.0353444e-10
-1.0962087e-09
-1.1517882e-09
-1.4234885e-09
-1.4558679e-09
-1.8355472e-09
-1.8238557e-09
-2.349729e-09
-2.2641459e-09
-2.9856267e-09
-2.7856703e-09
-3.3986653e-09
-3.7652162e-09
-5.3604061e-16
-1.7603005e-15
-2.588022e-15
-6.7382511e-15
-7.0693519e-15
-1.4715214e-14
-1.5338811e-14
-2.7153116e-14
-2.9401413e-14
-4.6172952e-14
-5.2196115e-14
-7.4839509e-14
-8.8006563e-14
-1.1756462e-13
-1.4304548e-13
-1.8067601e-13
-2.2628296e-13
-2.7321595e-13
-3.5061568e-13
-4.0805675e-13
-5.3450954e-13
-6.0344914e-13
-8.0429553e-13
-8.8515613e-13
-1.1973593e-12
-1.28937e-12
-1.7665424e-12
-1.8666622e-12
-2.5861692e-12
-2.6872742e-12
-3.7602286e-12
-3.8481195e-12
-5.4333745e-12
-5.4819247e-12
-7.8055625e-12
-7.7689891e-12
-1.1151303e-11
-1.0952078e-11
-1.5844688e-11
-1.5354989e-11
-2.2391539e-11
-2.1405344e-11
-3.1470206e-11
-2.9662201e-11
-4.3982794e-11
-4.0849134e-11
-6.1118843e-11
-5.5893537e-11
-8.44338e-11
-7.5973005e-11
-1.1594493e-10
-1.0256953e-10
-1.5824747e-10
-1.3753164e-10
-2.1465353e-10
-1.8314311e-10
-2.8935528e-10
-2.4219402e-10
-3.8761146e-10
-3.1804583e-10
-5.1595237e-10
-4.1467719e-10
-6.8239319e-10
-5.3669361e-10
-8.96642e-10
-6.8928562e-10
-1.1702983e-09
-8.7813183e-10
-1.5169658e-09
-1.1092004e-09
-1.9522633e-09
-1.3885582e-09
-2.4939336e-09
-1.7224756e-09
-3.1619497e-09
-2.1176542e-09
-2.5818605e-09
-3.9787545e-09
-5.6739299e-16
-1.1929075e-15
-2.7393674e-15
-4.5662766e-15
-7.4827934e-15
-9.9717877e-15
-1.62362e-14
-1.8399709e-14
-3.1122701e-14
-3.1286451e-14
-5.5255176e-14
-5.0707033e-14
-9.3172175e-14
-7.9647625e-14
-1.5145803e-13
-1.2239016e-13
-2.3962068e-13
-1.8505329e-13
-3.7132708e-13
-2.7635035e-13
-5.6613946e-13
-4.0863676e-13
-8.5194568e-13
-5.993499e-13
-1.2683319e-12
-8.7298383e-13
-1.8712334e-12
-1.2637607e-12
-2.739299e-12
-1.8192087e-12
-3.9825237e-12
-2.6048948e-12
-5.7538463e-12
-3.7106021e-12
-8.2645631e-12
-5.2582723e-12
-1.1804581e-11
-7.4120599e-12
-1.6768711e-11
-1.0390859e-11
-2.3690383e-11
-1.4483671e-11
-3.3284377e-11
-2.0068208e-11
-4.6500354e-11
-2.7633157e-11
-6.4589271e-11
-3.780462e-11
-8.9185013e-11
-5.1377263e-11
-1.2240388e-10
-6.9350669e-11
-1.6696459e-10
-9.2970923e-11
-2.2633126e-10
-1.2377645e-10
-3.0488012e-10
-1.6364516e-10
-4.0808875e-10
-2.1483719e-10
-5.4274168e-10
-2.8002427e-10
-7.1714119e-10
-3.6229411e-10
-9.4130748e-10
-4.6511933e-10
-1.2271531e-09
-5.9228622e-10
-1.5885855e-09
-7.4776807e-10
-2.0415347e-09
-9.3560904e-10
-2.6040314e-09
-1.1599789e-09
-3.2963359e-09
-1.4253497e-09
-1.7369439e-09
-4.1412524e-09
-5.8921034e-16
-6.0369712e-16
-2.8447868e-15
-2.3107002e-15
-7.7716042e-15
-5.0449703e-15
-1.6865393e-14
-9.3059197e-15
-3.2334243e-14
-1.5817602e-14
-5.7416041e-14
-2.5625234e-14
-9.6831106e-14
-4.023256e-14
-1.5742429e-13
-6.1796969e-14
-2.4906976e-13
-9.3407826e-14
-3.8594822e-13
-1.3947189e-13
-5.8835789e-13
-2.062271e-13
-8.8524197e-13
-3.0246582e-13
-1.3176812e-12
-4.4054462e-13
-1.9437137e-12
-6.3772819e-13
-2.8449292e-12
-9.1799319e-13
-4.1354101e-12
-1.3144138e-12
-5.973737e-12
-1.8722752e-12
-8.5789334e-12
-2.6530759e-12
-1.22514e-11
-3.7395935e-12
-1.7400067e-11
-5.2421922e-12
-2.4577178e-11
-7.3065596e-12
-3.452232e-11
-1.0123066e-11
-4.8217513e-11
-1.3937964e-11
-6.6955459e-11
-1.9066673e-11
-9.2423294e-11
-2.5909428e-11
-1.2680445e-10
-3.4969515e-11
-1.7290125e-10
-4.6874117e-11
-2.3428047e-10
-6.2397228e-11
-3.1544247e-10
-8.2483161e-11
-4.2201194e-10
-1.0826772e-10
-5.6094371e-10
-1.4109249e-10
-7.4073139e-10
-1.8250643e-10
-9.7160138e-10
-2.3424933e-10
-1.2656731e-09
-2.9821451e-10
-1.6370543e-09
-3.7638689e-10
-2.1018754e-09
-4.707879e-10
-2.6783547e-09
-5.8349957e-10
-3.3869445e-09
-7.1675989e-10
-8.731932e-10
-4.2506952e-09
-6.0369711e-16
-3.5140195e-26
-2.9143973e-15
-1.3247733e-25
-7.9593676e-15
-2.8263956e-25
-1.7265287e-14
-5.033061e-25
-3.3082889e-14
-8.1360577e-25
-5.8708124e-14
-1.2353643e-24
-9.8940684e-14
-1.7894411e-24
-1.6073765e-13
-2.4930012e-24
-2.5414548e-13
-3.363751e-24
-3.9361737e-13
-4.4040546e-24
-5.9984447e-13
-5.6661857e-24
-9.0231029e-13
-7.3905754e-24
-1.3428549e-12
-1.0193822e-23
-1.9805831e-12
-1.5577407e-23
-2.8985763e-12
-2.6662547e-23
-4.2129901e-12
-4.8949167e-23
-6.0852653e-12
-9.0223223e-23
-8.7383412e-12
-1.5791035e-22
-1.2477935e-11
-2.522593e-22
-1.7720127e-11
-3.5687959e-22
-2.5026686e-11
-4.347769e-22
-3.5149753e-11
-4.4227332e-22
-4.9087717e-11
-3.6204589e-22
-6.815439e-11
-2.2272516e-22
-9.4063818e-11
-3.5676639e-23
-1.2903333e-10
4.0548671e-22
-1.7590745e-10
1.7959065e-21
-2.3830468e-10
5.3628712e-21
-3.2078784e-10
1.1714954e-20
-4.2905556e-10
1.790805e-20
-5.7014805e-10
1.9788594e-20
-7.5265449e-10
1.8171116e-20
-9.8690382e-10
9.9372735e-21
-1.2851183e-09
-8.5583389e-21
-1.6615052e-09
-3.0738674e-20
-2.1322931e-09
-6.1084082e-20
-2.7157927e-09
-1.1248487e-19
-3.4325526e-09
-1.5533198e-19
-4.3057458e-09
-1.1213028e-19
1.2972988e-09
-1.8386856e-10
-4.7292595e-20
1.4935042e-09
-1.9620538e-10
-2.8685983e-20
1.6984147e-09
-2.0491051e-10
-4.80287e-20
1.9131085e-09
-2.1469379e-10
-7.4782175e-20
2.137106e-09
-2.2399753e-10
-8.2811705e-20
2.3699731e-09
-2.3286716e-10
-1.1333703e-19
2.6110318e-09
-2.4105869e-10
-1.3048438e-19
2.8591826e-09
-2.4815079e-10
-1.4645112e-19
3.1129345e-09
-2.5375186e-10
-1.5671763e-19
3.370267e-09
-2.573325e-10
-1.6456606e-19
3.6285439e-09
-2.5827688e-10
-1.6812382e-19
3.8843869e-09
-2.5584306e-10
-1.4472337e-19
4.1336628e-09
-2.4927583e-10
-1.6612932e-19
4.3706582e-09
-2.369954e-10
-8.391503e-20
-2.2017637e-10
4.5908345e-09
-1.1030177e-19
1.3392308e-09
-3.729068e-10
1.5412086e-09
-3.9818324e-10
1.7523526e-09
-4.1605453e-10
1.9737693e-09
-4.3611046e-10
2.2049221e-09
-4.5515029e-10
2.4453651e-09
-4.7331017e-10
2.6943705e-09
-4.9006409e-10
2.9507955e-09
-5.045758e-10
3.2130829e-09
-5.1603928e-10
3.4791308e-09
-5.2338038e-10
3.7462029e-09
-5.25349e-10
4.0107855e-09
-5.2042566e-10
4.2686055e-09
-5.0709579e-10
4.5137202e-09
-4.8211008e-10
-4.4788943e-10
4.7414332e-09
1.3860198e-09
-5.6776822e-10
1.5944648e-09
-6.0662825e-10
1.812629e-09
-6.3421876e-10
2.0415987e-09
-6.650801e-10
2.2807893e-09
-6.9434094e-10
2.5297265e-09
-7.2224735e-10
2.7876232e-09
-7.4796079e-10
3.0532786e-09
-7.7023119e-10
3.3250524e-09
-7.8781306e-10
3.6007418e-09
-7.9906981e-10
3.877489e-09
-8.0209619e-10
4.1516229e-09
-7.9455953e-10
4.4187004e-09
-7.7417328e-10
4.6725421e-09
-7.3595185e-10
-6.8356016e-10
4.9082129e-09
1.4381571e-09
-7.6920579e-10
1.6538733e-09
-8.2234439e-10
1.87996e-09
-8.6030553e-10
2.1174296e-09
-9.0254969e-10
2.3656609e-09
-9.4257223e-10
2.6241308e-09
-9.8071728e-10
2.8919836e-09
-1.0158136e-09
3.1679434e-09
-1.0461909e-09
3.450268e-09
-1.0701377e-09
3.7366328e-09
-1.0854346e-09
4.0240338e-09
-1.0894972e-09
4.3086201e-09
-1.0791458e-09
4.5857441e-09
-1.0512973e-09
4.8489844e-09
-9.9919216e-10
-9.276526e-10
5.0930769e-09
1.4960186e-09
-9.7806093e-10
1.7199216e-09
-1.0462474e-09
1.9549456e-09
-1.0953295e-09
2.2019796e-09
-1.1495837e-09
2.4603727e-09
-1.2009653e-09
2.7295348e-09
-1.2498794e-09
3.00853e-09
-1.2948087e-09
3.2959884e-09
-1.3336494e-09
3.5900461e-09
-1.3641954e-09
3.8882334e-09
-1.3836219e-09
4.1873745e-09
-1.3886382e-09
4.4834144e-09
-1.3751858e-09
4.7714661e-09
-1.339349e-09
5.0448567e-09
-1.2725827e-09
-1.180701e-09
5.2979051e-09
1.5598092e-09
-1.195251e-09
1.7929169e-09
-1.2793551e-09
2.038002e-09
-1.3404146e-09
2.2957765e-09
-1.4073583e-09
2.5655662e-09
-1.470755e-09
2.846698e-09
-1.5310111e-09
3.138142e-09
-1.5862527e-09
3.4384147e-09
-1.6339221e-09
3.7455083e-09
-1.671289e-09
4.0567846e-09
-1.6948982e-09
4.368869e-09
-1.7007226e-09
4.6774775e-09
-1.6837943e-09
4.9774488e-09
-1.6393203e-09
5.2618463e-09
-1.5569802e-09
-1.4433407e-09
5.5244859e-09
1.6294953e-09
-1.4217483e-09
1.8729101e-09
-1.5227699e-09
2.1292846e-09
-1.5967891e-09
2.3990753e-09
-1.677149e-09
2.6816003e-09
-1.75328e-09
2.9760907e-09
-1.8255014e-09
3.281406e-09
-1.8915681e-09
3.595928e-09
-1.9484441e-09
3.917483e-09
-1.992844e-09
4.2432395e-09
-2.0206547e-09
4.569598e-09
-2.0270811e-09
4.8920202e-09
-2.0062165e-09
5.2050371e-09
-1.9523372e-09
5.501434e-09
-1.8533771e-09
-1.7163468e-09
5.7744401e-09
1.7047284e-09
-1.6585469e-09
1.959614e-09
-1.7776555e-09
2.2286038e-09
-1.8657789e-09
2.5117649e-09
-1.9603101e-09
2.808454e-09
-2.0499691e-09
3.1177931e-09
-2.1348406e-09
3.4385114e-09
-2.2122863e-09
3.7688339e-09
-2.2787667e-09
4.1063987e-09
-2.3304088e-09
4.4481575e-09
-2.3624135e-09
4.7902604e-09
-2.369184e-09
5.1278906e-09
-2.3438466e-09
5.4552408e-09
-2.2796875e-09
5.7648019e-09
-2.1629381e-09
-2.0006821e-09
6.0491372e-09
1.7847647e-09
-1.9066137e-09
2.0523277e-09
-2.0452185e-09
2.3353356e-09
-2.1487868e-09
2.633271e-09
-2.2582455e-09
2.9456249e-09
-2.362323e-09
3.2713916e-09
-2.4606073e-09
3.6091443e-09
-2.5500391e-09
3.9569298e-09
-2.6265521e-09
4.3121758e-09
-2.6856549e-09
4.6715954e-09
-2.7218331e-09
5.0310659e-09
-2.7286545e-09
5.3854696e-09
-2.6982503e-09
5.7286342e-09
-2.622852e-09
6.0527391e-09
-2.487043e-09
-2.2975512e-09
6.3496082e-09
1.8687256e-09
-2.1671656e-09
2.1502177e-09
-2.3267106e-09
2.4483468e-09
-2.4469159e-09
2.7624576e-09
-2.5723563e-09
3.0920314e-09
-2.6918967e-09
3.4358782e-09
-2.8044541e-09
3.7923864e-09
-2.9065473e-09
4.1594022e-09
-2.9935679e-09
4.5341236e-09
-3.0603762e-09
4.9130057e-09
-3.1007152e-09
5.2916342e-09
-3.1072831e-09
5.6645725e-09
-3.0711886e-09
6.0252601e-09
-2.9835396e-09
6.3655501e-09
-2.827333e-09
-2.6084616e-09
6.6764605e-09
1.9553692e-09
-2.4417206e-09
2.2518049e-09
-2.6231462e-09
2.5657641e-09
-2.7608751e-09
2.8975293e-09
-2.9041214e-09
3.2459264e-09
-3.0402938e-09
3.6095645e-09
-3.1680922e-09
3.9866278e-09
-3.2836106e-09
4.3747408e-09
-3.3816809e-09
4.7708543e-09
-3.4564898e-09
5.1711509e-09
-3.5010118e-09
5.5709107e-09
-3.5070428e-09
5.9643651e-09
-3.4646431e-09
6.3445487e-09
-3.3637233e-09
6.7029751e-09
-3.1857594e-09
-2.9352863e-09
7.0297999e-09
2.0413824e-09
-2.7309741e-09
2.353847e-09
-2.9356109e-09
2.6851519e-09
-3.0921799e-09
3.0359972e-09
-3.2549667e-09
3.4048334e-09
-3.4091301e-09
3.790019e-09
-3.5532777e-09
4.189506e-09
-3.6830976e-09
4.6006776e-09
-3.7928525e-09
5.0202237e-09
-3.8760359e-09
5.4440444e-09
-3.9248324e-09
5.8671072e-09
-3.9301056e-09
6.2833054e-09
-3.8808413e-09
6.6852577e-09
-3.7656756e-09
7.0641295e-09
-3.5646312e-09
-3.2803267e-09
7.4091699e-09
2.12316e-09
-3.035063e-09
2.4526743e-09
-3.2651251e-09
2.8032042e-09
-3.4427098e-09
3.1746041e-09
-3.6263666e-09
3.5655105e-09
-3.8000365e-09
3.9740374e-09
-3.9618046e-09
4.3978803e-09
-4.1069405e-09
4.8341644e-09
-4.2291367e-09
5.2793094e-09
-4.3211808e-09
5.72893e-09
-4.374453e-09
6.1776814e-09
-4.3788571e-09
6.6191204e-09
-4.3222803e-09
7.0454463e-09
-4.1920015e-09
7.4474729e-09
-3.9666578e-09
-3.6463679e-09
7.8135141e-09
2.1977979e-09
-3.3545339e-09
2.5450058e-09
-3.6123331e-09
2.9158947e-09
-3.8135987e-09
3.3093379e-09
-4.0198098e-09
3.7239637e-09
-4.2146623e-09
4.1576605e-09
-4.3955014e-09
4.6078533e-09
-4.5571333e-09
5.0713971e-09
-4.6926805e-09
5.5444376e-09
-4.7942213e-09
6.0223086e-09
-4.852324e-09
6.499362e-09
-4.8559104e-09
6.9688279e-09
-4.7917462e-09
7.4224904e-09
-4.645664e-09
7.8508155e-09
-4.3949829e-09
-4.0367234e-09
8.241171e-09
2.2611327e-09
-3.6898724e-09
2.6265139e-09
-3.9777144e-09
3.0186724e-09
-4.2057571e-09
3.4355301e-09
-4.4366675e-09
3.8755162e-09
-4.6546484e-09
4.3362445e-09
-4.8562297e-09
4.8148462e-09
-5.035735e-09
5.3078948e-09
-5.1857291e-09
5.8112641e-09
-5.2975906e-09
6.3200193e-09
-5.3610792e-09
6.8282266e-09
-5.3641177e-09
7.3288083e-09
-5.2923279e-09
7.8131459e-09
-5.1300016e-09
8.2713677e-09
-4.8532047e-09
-4.4552618e-09
8.6899061e-09
2.3081626e-09
-4.0413295e-09
2.6920743e-09
-4.361626e-09
3.1063681e-09
-4.6200509e-09
3.5479439e-09
-4.8782433e-09
4.014925e-09
-5.1216295e-09
4.504586e-09
-5.3458907e-09
5.0137292e-09
-5.5448783e-09
5.5386343e-09
-5.7106342e-09
6.0749106e-09
-5.8338669e-09
6.617375e-09
-5.9035436e-09
7.1598344e-09
-5.9065771e-09
7.6949306e-09
-5.8274241e-09
8.2136616e-09
-5.6487326e-09
8.7058367e-09
-5.3453799e-09
-4.9064111e-09
9.156986e-09
2.3334314e-09
-4.4090076e-09
2.7361044e-09
-4.7642991e-09
3.1733442e-09
-5.0572907e-09
3.6409184e-09
-5.3458174e-09
4.1365467e-09
-5.6172579e-09
4.6570989e-09
-5.8664429e-09
5.1990051e-09
-6.0867844e-09
5.7582376e-09
-6.2698668e-09
6.3301536e-09
-6.405783e-09
6.9093502e-09
-6.4827403e-09
7.4894094e-09
-6.4866362e-09
8.0627259e-09
-6.4007406e-09
8.6199403e-09
-6.2059471e-09
9.1505682e-09
-5.8760077e-09
-5.3951367e-09
9.6392939e-09
2.3311432e-09
-4.7929394e-09
2.7527472e-09
-5.1859031e-09
3.2137002e-09
-5.5182437e-09
3.7085714e-09
-5.8406887e-09
4.234551e-09
-6.1432374e-09
4.788036e-09
-6.4199279e-09
5.365035e-09
-6.6637834e-09
5.9611997e-09
-6.8660315e-09
6.5716532e-09
-7.0162365e-09
7.1908083e-09
-7.1018953e-09
7.8120624e-09
-7.1078904e-09
8.427601e-09
-7.0162792e-09
9.0277379e-09
-6.806084e-09
9.6017251e-09
-6.449995e-09
-5.9268916e-09
1.013348e-08
2.2953445e-09
-5.1931792e-09
2.7361077e-09
-5.6266663e-09
3.2215205e-09
-6.0036564e-09
3.7450447e-09
-6.3642129e-09
4.3031686e-09
-6.7013613e-09
4.8917397e-09
-7.008499e-09
5.5062918e-09
-7.2783355e-09
6.1421434e-09
-7.501883e-09
6.794207e-09
-7.6683002e-09
7.4567528e-09
-7.7644411e-09
8.1230379e-09
-7.7741754e-09
8.7850757e-09
-7.6783171e-09
9.4328867e-09
-7.4538949e-09
1.0055492e-08
-7.0726007e-09
-6.5075393e-09
1.063614e-08
2.2200983e-09
-5.6098675e-09
2.6804993e-09
-6.0870673e-09
3.1911423e-09
-6.5142994e-09
3.7447659e-09
-6.9178366e-09
4.3369523e-09
-7.2935477e-09
4.962903e-09
-7.6344497e-09
5.6176202e-09
-7.9330527e-09
6.2960777e-09
-8.1803405e-09
6.9930076e-09
-8.3652301e-09
7.7025825e-09
-8.474016e-09
8.4179632e-09
-8.4895562e-09
9.1310242e-09
-8.391378e-09
9.8315248e-09
-8.1543955e-09
1.050829e-08
-7.7493656e-09
-7.1432535e-09
1.1144004e-08
2.0995454e-09
-6.0431442e-09
2.5805717e-09
-6.5680935e-09
3.1173651e-09
-7.0510928e-09
3.7026798e-09
-7.5031513e-09
4.3310184e-09
-7.9218862e-09
4.9968157e-09
-8.3002471e-09
5.6944826e-09
-8.6307196e-09
6.4186429e-09
-8.9045008e-09
7.1638845e-09
-9.1104716e-09
7.9243293e-09
-9.2344608e-09
8.6930816e-09
-9.2583085e-09
9.4618989e-09
-9.1601953e-09
1.022031e-08
-8.9128071e-09
1.0956973e-08
-8.4860281e-09
-7.8403982e-09
1.1654118e-08
1.9282967e-09
-6.4929456e-09
2.4314351e-09
-7.0712319e-09
2.9956535e-09
-7.6153112e-09
3.61448e-09
-8.1219778e-09
4.2812832e-09
-8.5886894e-09
4.9895963e-09
-9.0085601e-09
5.7331847e-09
-9.374308e-09
6.506329e-09
-9.6776452e-09
7.3035167e-09
-9.9076593e-09
8.1188649e-09
-1.0049809e-08
8.9454507e-09
-1.0084894e-08
9.7749211e-09
-9.9896657e-09
1.0596604e-08
-9.7344899e-09
1.1399006e-08
-9.2884304e-09
-8.6053977e-09
1.2164006e-08
1.7031825e-09
-6.9593034e-09
2.2300792e-09
-7.5981286e-09
2.8231228e-09
-8.2083548e-09
3.4772512e-09
-8.7761062e-09
4.1848731e-09
-9.2963113e-09
4.9384684e-09
-9.7621554e-09
5.7310812e-09
-1.0166921e-08
6.5566468e-09
-1.0503211e-08
7.4095876e-09
-1.07606e-08
8.2840453e-09
-1.0924267e-08
9.1730804e-09
-1.0973929e-08
1.006821e-08
-1.0884795e-08
1.0958598e-08
-1.0624877e-08
1.1832574e-08
-1.0162407e-08
-9.4446209e-09
1.2671797e-08
1.4290151e-09
-7.4459353e-09
1.9789089e-09
-8.1480224e-09
2.6004937e-09
-8.8299395e-09
3.2904239e-09
-9.4660365e-09
4.0405143e-09
-1.0046402e-08
4.8418833e-09
-1.0563524e-08
5.6865961e-09
-1.1011634e-08
6.5681191e-09
-1.1384734e-08
7.4807739e-09
-1.1673255e-08
8.4187073e-09
-1.18622e-08
9.3749361e-09
-1.1930158e-08
1.0340807e-08
-1.1850666e-08
1.1305327e-08
-1.1589398e-08
1.2256753e-08
-1.1113833e-08
1.3176049e-08
-1.0363917e-08
4.670794e-09
-7.9959469e-11
1.0763687e-20
4.7528757e-09
-8.2081667e-11
4.7621537e-20
4.8352161e-09
-8.2340426e-11
3.1431965e-19
4.9170813e-09
-8.186523e-11
3.1751919e-19
4.9983635e-09
-8.1282151e-11
4.9505348e-19
5.0784568e-09
-8.0093364e-11
4.8409898e-19
5.1571084e-09
-7.8651574e-11
3.0613511e-19
5.2340518e-09
-7.6943421e-11
5.8638765e-19
5.3089586e-09
-7.490678e-11
-1.6631309e-18
5.3818636e-09
-7.2904972e-11
4.7919446e-18
5.4520069e-09
-7.0143366e-11
-4.5144885e-18
5.5207221e-09
-6.8715114e-11
-2.0286838e-17
5.5836325e-09
-6.2910489e-11
5.1931517e-17
5.652277e-09
-6.8644528e-11
1.102242e-17
-4.6204534e-11
7.8409598e-17
4.8226148e-09
-1.6114103e-10
4.9060663e-09
-1.6553314e-10
4.989885e-09
-1.6615917e-10
5.0733367e-09
-1.6531694e-10
5.1562837e-09
-1.6422914e-10
5.2381086e-09
-1.6191823e-10
5.318537e-09
-1.5908006e-10
5.3972871e-09
-1.556935e-10
5.4740142e-09
-1.5163387e-10
5.5487407e-09
-1.476315e-10
5.6206857e-09
-1.4208837e-10
5.6911988e-09
-1.3922824e-10
5.7558004e-09
-1.2751208e-10
5.8262771e-09
-1.3912127e-10
-9.3686519e-11
4.9892851e-09
-2.4221323e-10
5.0728309e-09
-2.4907894e-10
5.1570025e-09
-2.5033078e-10
5.2410376e-09
-2.4935201e-10
5.3247654e-09
-2.4795702e-10
5.4075528e-09
-2.4470562e-10
5.4890926e-09
-2.4061987e-10
5.5690783e-09
-2.3567915e-10
5.6471398e-09
-2.2969536e-10
5.7232761e-09
-2.2376786e-10
5.7966791e-09
-2.1549132e-10
5.8687006e-09
-2.1124978e-10
5.9347658e-09
-1.9357727e-10
6.0068398e-09
-2.1119525e-10
-1.4230731e-10
5.1725272e-09
-3.2166354e-10
5.2547123e-09
-3.3126407e-10
5.3379471e-09
-3.3356554e-10
5.4214095e-09
-3.3281449e-10
5.5048964e-09
-3.3144392e-10
5.5877531e-09
-3.2756224e-10
5.6696279e-09
-3.2249474e-10
5.7501803e-09
-3.1623155e-10
5.8290045e-09
-3.0851949e-10
5.9060645e-09
-3.0082793e-10
5.9805169e-09
-2.8994364e-10
6.0537019e-09
-2.8443483e-10
6.1209542e-09
-2.6082951e-10
6.1943465e-09
-2.8458758e-10
-1.9189735e-10
5.3740603e-09
-3.9781878e-10
5.453275e-09
-4.1047878e-10
5.5341302e-09
-4.1442065e-10
5.615721e-09
-4.1440531e-10
5.6978115e-09
-4.1353443e-10
5.7797215e-09
-4.0947225e-10
5.8610441e-09
-4.0381731e-10
5.9413948e-09
-3.9658227e-10
6.0203213e-09
-3.8744603e-10
6.097741e-09
-3.7824763e-10
6.1727661e-09
-3.6496874e-10
6.2467098e-09
-3.5837851e-10
6.3148211e-09
-3.2894084e-10
6.3892037e-09
-3.5897015e-10
-2.4225833e-10
5.5955506e-09
-4.6888345e-10
5.6700634e-09
-4.8499155e-10
5.7469658e-09
-4.9132305e-10
5.8252594e-09
-4.9269891e-10
5.9046754e-09
-4.9295046e-10
5.984507e-09
-4.8930389e-10
6.0642823e-09
-4.8359252e-10
6.1435642e-09
-4.7586422e-10
6.2218438e-09
-4.6572568e-10
6.2989794e-09
-4.553832e-10
6.3740304e-09
-4.4001968e-10
6.4482646e-09
-4.3261271e-10
6.516852e-09
-3.9752823e-10
6.5918444e-09
-4.3396263e-10
-2.9316324e-10
5.8385491e-09
-5.3299248e-10
5.9065525e-09
-5.5299496e-10
5.9778327e-09
-5.6260325e-10
6.0513027e-09
-5.661689e-10
6.1266618e-09
-5.6830952e-10
6.2031798e-09
-5.6582191e-10
6.2803128e-09
-5.6072552e-10
6.3575647e-09
-5.5311614e-10
6.434361e-09
-5.4252198e-10
6.5104892e-09
-5.3151143e-10
6.5849477e-09
-5.1447813e-10
6.6589388e-09
-5.0660385e-10
6.7275611e-09
-4.6615052e-10
6.8027354e-09
-5.0913692e-10
-3.4436333e-10
6.1044234e-09
-5.8827867e-10
6.1640929e-09
-6.1266456e-10
6.2280306e-09
-6.2654088e-10
6.2950852e-09
-6.3322349e-10
6.3649268e-09
-6.3815115e-10
6.4368114e-09
-6.3770649e-10
6.5101206e-09
-6.3403478e-10
6.5842957e-09
-6.2729118e-10
6.6586902e-09
-6.1691648e-10
6.7330109e-09
-6.0583217e-10
6.8061878e-09
-5.8765502e-10
6.8793356e-09
-5.7975168e-10
6.9474936e-09
-5.3430846e-10
7.0223797e-09
-5.8402302e-10
-3.955897e-10
6.394283e-09
-6.3295349e-10
6.4438484e-09
-6.6222991e-10
6.4987296e-09
-6.8142206e-10
6.5577571e-09
-6.9225105e-10
6.6205782e-09
-7.009722e-10
6.6864513e-09
-7.0357963e-10
6.7546878e-09
-7.0227122e-10
6.8246667e-09
-6.9727017e-10
6.8956678e-09
-6.8791754e-10
6.9673095e-09
-6.7747388e-10
7.038448e-09
-6.5879349e-10
7.1100858e-09
-6.5138955e-10
7.177221e-09
-6.0144367e-10
7.2513035e-09
-6.5810551e-10
-4.4654785e-10
6.708905e-09
-6.6539805e-10
6.746731e-09
-7.0005583e-10
6.7909165e-09
-7.2560755e-10
6.8403409e-09
-7.4167549e-10
6.8946397e-09
-7.5527098e-10
6.9530992e-09
-7.620391e-10
7.0149717e-09
-7.6414377e-10
7.0795818e-09
-7.6188031e-10
7.1461378e-09
-7.5447346e-10
7.2141662e-09
-7.4550236e-10
7.282447e-09
-7.2707421e-10
7.3518441e-09
-7.2078671e-10
7.4173392e-09
-6.6693875e-10
7.4900592e-09
-7.3082552e-10
-4.9691774e-10
7.0486616e-09
-6.842598e-10
7.073336e-09
-7.247302e-10
7.1053383e-09
-7.5760984e-10
7.1436831e-09
-7.8002029e-10
7.1880121e-09
-7.9959995e-10
7.2376731e-09
-8.1170019e-10
7.2918811e-09
-8.1835176e-10
7.3499204e-09
-8.1991953e-10
7.4109372e-09
-8.1549036e-10
7.4743684e-09
-8.0893347e-10
7.5389179e-09
-7.9162378e-10
7.605285e-09
-7.8715379e-10
7.6684783e-09
-7.3013207e-10
7.7392373e-09
-8.0158452e-10
-5.4634203e-10
7.4134585e-09
-6.8854839e-10
7.4238816e-09
-7.3515333e-10
7.4424472e-09
-7.7617541e-10
7.4684059e-09
-8.0597898e-10
7.5014315e-09
-8.326256e-10
7.5409759e-09
-8.5124458e-10
7.586248e-09
-8.6362386e-10
7.6365152e-09
-8.7018677e-10
7.6908799e-09
-8.6985503e-10
7.7486964e-09
-8.6674995e-10
7.808599e-09
-8.515264e-10
7.8711005e-09
-8.4965528e-10
7.9312961e-09
-7.9032769e-10
7.9994481e-09
-8.6973648e-10
-5.9442764e-10
7.8026886e-09
-6.7772282e-10
7.7981576e-09
-7.3062238e-10
7.8023499e-09
-7.803677e-10
7.8148597e-09
-8.1848881e-10
7.8354276e-09
-8.5319346e-10
7.8636582e-09
-8.794752e-10
7.8987975e-09
-8.9876318e-10
7.9401288e-09
-9.1151805e-10
7.9867368e-09
-9.1646302e-10
8.0379096e-09
-9.1792272e-10
8.0922222e-09
-9.0583907e-10
8.1499876e-09
-9.0742065e-10
8.2064548e-09
-8.4679487e-10
8.2713044e-09
-9.3458607e-10
-6.4075638e-10
8.2152093e-09
-6.5176109e-10
8.1954902e-09
-7.1090329e-10
8.1847668e-09
-7.6964435e-10
8.1830813e-09
-8.1680323e-10
8.1902828e-09
-8.6039503e-10
8.2061826e-09
-8.9537497e-10
8.2301166e-09
-9.226972e-10
8.2614262e-09
-9.4282765e-10
8.2992149e-09
-9.5425171e-10
8.342729e-09
-9.6143675e-10
8.3905008e-09
-9.5361095e-10
8.4426416e-09
-9.5956137e-10
8.4946302e-09
-8.9878354e-10
8.5554362e-09
-9.9539209e-10
-6.8487061e-10
8.6493485e-09
-6.1120347e-10
8.6147275e-09
-6.7628229e-10
8.589005e-09
-7.4392185e-10
8.5727594e-09
-8.0055768e-10
8.565997e-09
-8.5363264e-10
8.5687889e-09
-8.9816682e-10
8.5806225e-09
-9.3453085e-10
8.6009484e-09
-9.6315349e-10
8.6289345e-09
-9.8223784e-10
8.6638189e-09
-9.9632121e-10
8.7041161e-09
-9.9390809e-10
8.7497561e-09
-1.0052014e-09
8.7965093e-09
-9.455368e-10
8.8524839e-09
-1.0513666e-09
-7.2627652e-10
9.1029442e-09
-5.571616e-10
9.0542513e-09
-6.2758942e-10
9.0139495e-09
-7.0362006e-10
8.9832146e-09
-7.6982273e-10
8.9622591e-09
-8.3267719e-10
8.9514634e-09
-8.8737108e-10
8.9505326e-09
-9.336001e-10
8.9590841e-09
-9.7170498e-10
8.9764048e-09
-9.9955848e-10
9.001767e-09
-1.0216835e-09
9.0337035e-09
-1.0258446e-09
9.0720019e-09
-1.0434998e-09
9.1127624e-09
-9.862973e-10
9.1630845e-09
-1.1016887e-09
-7.6445733e-10
9.5734204e-09
-4.9128812e-10
9.5120191e-09
-5.6618817e-10
9.4580788e-09
-6.4967976e-10
9.4133944e-09
-7.2513832e-10
9.3784308e-09
-7.9771356e-10
9.3539159e-09
-8.6285621e-10
9.3398387e-09
-9.195229e-10
9.3360448e-09
-9.6791106e-10
9.3420005e-09
-1.0055142e-09
9.3570632e-09
-1.0367462e-09
9.3798314e-09
-1.0486128e-09
9.409997e-09
-1.0736654e-09
9.4440246e-09
-1.0203249e-09
9.4878667e-09
-1.1455308e-09
-7.9888141e-10
1.0057897e-08
-4.1570508e-10
9.9856367e-09
-4.9392784e-10
9.9195046e-09
-5.8354768e-10
9.8618897e-09
-6.6752345e-10
9.8135442e-09
-7.4936798e-10
9.775566e-09
-8.2487802e-10
9.7482867e-09
-8.9224368e-10
9.7318414e-09
-9.5146574e-10
9.7259393e-09
-9.9961211e-10
9.7300791e-09
-1.040886e-09
9.7429822e-09
-1.0615159e-09
9.7643005e-09
-1.0949836e-09
9.7908963e-09
-1.0469207e-09
9.8274428e-09
-1.1820773e-09
-8.290124e-10
1.0553329e-08
-3.3289399e-10
1.047246e-08
-4.1305921e-10
1.0396039e-08
-5.0712634e-10
1.0326973e-08
-5.9845704e-10
1.0266317e-08
-6.8871277e-10
1.0215542e-08
-7.7410259e-10
1.0175366e-08
-8.5206734e-10
1.0146268e-08
-9.2236767e-10
1.0128262e-08
-9.8160664e-10
1.0121048e-08
-1.0336721e-09
1.0123534e-08
-1.0640014e-09
1.0135397e-08
-1.1068464e-09
1.0153929e-08
-1.0654527e-09
1.0182398e-08
-1.2105471e-09
-8.5432105e-10
1.1056666e-08
-2.4555595e-10
1.0969724e-08
-3.2611775e-10
1.0885287e-08
-4.2268917e-10
1.0806658e-08
-5.1982779e-10
1.073519e-08
-6.1724465e-10
1.0672696e-08
-7.1160882e-10
1.0620307e-08
-7.9967854e-10
1.057889e-08
-8.8095033e-10
1.0548818e-08
-9.5153499e-10
1.0530049e-08
-1.0149029e-09
1.0521742e-08
-1.0556941e-09
1.0523679e-08
-1.1087835e-09
1.053361e-08
-1.075384e-09
1.0553282e-08
-1.2302187e-09
-8.7429923e-10
1.1565017e-08
-1.5645513e-10
1.1474682e-08
-2.357832e-10
1.1384759e-08
-3.3276562e-10
1.1298785e-08
-4.338542e-10
1.1218376e-08
-5.3683525e-10
1.1145634e-08
-6.3886745e-10
1.1082099e-08
-7.361427e-10
1.1029047e-08
-8.2789902e-10
1.0987256e-08
-9.097441e-10
1.0956991e-08
-9.8463772e-10
1.0937723e-08
-1.0364259e-09
1.0929433e-08
-1.1004933e-09
1.0930354e-08
-1.0763048e-09
1.0940592e-08
-1.2404567e-09
-8.8847461e-10
1.2075811e-08
-6.8260243e-11
1.1984757e-08
-1.4472925e-10
1.1891995e-08
-2.4000404e-10
1.180112e-08
-3.4297872e-10
1.171394e-08
-4.4965501e-10
1.1632767e-08
-5.5769509e-10
1.155951e-08
-6.6288584e-10
1.1495863e-08
-7.6425158e-10
1.1443025e-08
-8.5690608e-10
1.1401608e-08
-9.4322104e-10
1.1371443e-08
-1.0062604e-09
1.1352755e-08
-1.0818054e-09
1.1344391e-08
-1.067941e-09
1.1344751e-08
-1.2408165e-09
-8.9644492e-10
1.2586923e-08
1.6614073e-11
1.2497684e-08
-5.5490239e-11
1.2404698e-08
-1.4701849e-10
1.2311464e-08
-2.4974457e-10
1.2219884e-08
-3.580748e-10
1.2132373e-08
-4.7018405e-10
1.2051139e-08
-5.8165215e-10
1.1978268e-08
-6.9138016e-10
1.1915381e-08
-7.9401901e-10
1.1863456e-08
-8.9129626e-10
1.1822709e-08
-9.6551338e-10
1.1793584e-08
-1.0526804e-09
1.1775787e-08
-1.0501438e-09
1.1766065e-08
-1.2310951e-09
-8.9793991e-10
1.3096995e-08
9.5668105e-11
1.3011561e-08
2.994345e-11
1.2920851e-08
-5.6308403e-11
1.2827782e-08
-1.5667497e-10
1.2734248e-08
-2.645415e-10
1.2642679e-08
-3.7861463e-10
1.2555466e-08
-4.9443868e-10
1.247504e-08
-6.1095436e-10
1.2403407e-08
-7.2238641e-10
1.2341926e-08
-8.2981481e-10
1.2291182e-08
-9.1476959e-10
1.2251839e-08
-1.0133377e-09
1.2224533e-08
-1.0228375e-09
1.2204752e-08
-1.2113142e-09
-8.9274468e-10
7.4298707e-10
-1.0962815e-08
1.0895943e-08
8.1369376e-10
-1.8347328e-08
1.8276622e-08
8.1272878e-10
-3.043954e-08
3.0440505e-08
6.4505536e-10
-4.9950601e-08
5.0118274e-08
2.3885059e-10
-8.1365304e-08
8.1771508e-08
-4.7604642e-10
-1.3228702e-07
1.3300192e-07
-1.6680371e-09
-2.1511355e-07
2.1630554e-07
-3.7009174e-09
-3.4968804e-07
3.5172092e-07
-5.666614e-07
5.7018339e-07
1.8194348e-10
-1.091255e-08
3.9857866e-11
-1.8205243e-08
-2.9614613e-10
-3.0103536e-08
-9.7808262e-10
-4.9268664e-08
-2.1791705e-09
-8.0164216e-08
-4.1615685e-09
-1.3030462e-07
-7.4086715e-09
-2.1186645e-07
-1.2770932e-08
-3.4432578e-07
-5.5783316e-07
-4.0075441e-10
-1.0737706e-08
-7.46937e-10
-1.785906e-08
-1.4063035e-09
-2.9444169e-08
-2.5851218e-09
-4.8089846e-08
-4.5622223e-09
-7.8187115e-08
-7.7919317e-09
-1.2707491e-07
-1.3063765e-08
-2.0659462e-07
-2.1703624e-08
-3.3568592e-07
-5.4376937e-07
-9.8952492e-10
-1.0440152e-08
-1.5327571e-09
-1.7315828e-08
-2.5011734e-09
-2.8475753e-08
-4.157014e-09
-4.6434006e-08
-6.886683e-09
-7.5457446e-08
-1.1331532e-08
-1.2263006e-07
-1.8575194e-08
-1.9935096e-07
-3.0406367e-08
-3.2385475e-07
-5.2458453e-07
-1.5728231e-09
-1.0024318e-08
-2.304007e-09
-1.6584644e-08
-3.5654914e-09
-2.7214268e-08
-5.6764197e-09
-4.4323077e-08
-9.1299106e-09
-7.2003955e-08
-1.4746589e-08
-1.1701338e-07
-2.3891007e-08
-1.9020654e-07
-3.8798042e-08
-3.0894771e-07
-5.0044517e-07
-2.1407113e-09
-9.4961316e-09
-3.049005e-09
-1.567635e-08
-4.5860029e-09
-2.567727e-08
-7.1275907e-09
-4.1781489e-08
-1.1270333e-08
-6.7861213e-08
-1.8004681e-08
-1.1027904e-07
-2.8961478e-08
-1.7924974e-07
-4.6800068e-08
-2.9110912e-07
-4.7156776e-07
-2.6842022e-09
-8.8628182e-09
-3.757391e-09
-1.4603162e-08
-5.5509098e-09
-2.3883752e-08
-8.4959878e-09
-3.8836411e-08
-1.3287462e-08
-6.3069739e-08
-2.1074881e-08
-1.0249162e-07
-3.3739285e-08
-1.6658534e-07
-5.4338386e-08
-2.7051002e-07
-4.3821741e-07
-3.195271e-09
-8.1326388e-09
-4.4199951e-09
-1.3378437e-08
-6.4496334e-09
-2.1854113e-08
-9.7681575e-09
-3.5517887e-08
-1.5162004e-08
-5.7675892e-08
-2.3927982e-08
-9.3725639e-08
-3.8179753e-08
-1.5233357e-07
-6.1342131e-08
-2.4734764e-07
-4.0070403e-07
-3.6668172e-09
-7.3146399e-09
-5.0287465e-09
-1.2016508e-08
-7.2726974e-09
-1.9610163e-08
-1.0931738e-08
-3.1858847e-08
-1.6876042e-08
-5.1731588e-08
-2.6536663e-08
-8.4065017e-08
-4.2239966e-08
-1.3663026e-07
-6.7747967e-08
-2.2183964e-07
-3.5938175e-07
-4.0926352e-09
-6.4185096e-09
-5.576589e-09
-1.0532554e-08
-8.011664e-09
-1.7175088e-08
-1.1975511e-08
-2.7895e-08
-1.8413213e-08
-4.5293886e-08
-2.8875862e-08
-7.3602368e-08
-4.5882847e-08
-1.1962328e-07
-7.3497482e-08
-1.9422501e-07
-3.1464466e-07
-4.4673731e-09
-5.4544724e-09
-6.057415e-09
-8.9425124e-09
-8.6591048e-09
-1.4573398e-08
-1.2889471e-08
-2.3664634e-08
-1.9758947e-08
-3.842441e-08
-3.0922114e-08
-6.2439201e-08
-4.906692e-08
-1.0147847e-07
-7.8529774e-08
-1.6476215e-07
-2.6691419e-07
-4.7864942e-09
-4.4331944e-09
-6.4660214e-09
-7.2629852e-09
-9.2085975e-09
-1.1830822e-08
-1.366486e-08
-1.9208372e-08
-2.0900646e-08
-3.1188624e-08
-3.2658548e-08
-5.0681299e-08
-5.1768809e-08
-8.2368212e-08
-8.2798017e-08
-1.3373294e-07
-2.1664225e-07
-5.0462486e-09
-3.3657003e-09
-6.7980846e-09
-5.5111492e-09
-9.6547425e-09
-8.9741638e-09
-1.4294253e-08
-1.4568862e-08
-2.1827428e-08
-2.3655449e-08
-3.4068791e-08
-3.8439936e-08
-5.3964501e-08
-6.2472502e-08
-8.6266019e-08
-1.0143143e-07
-1.6431014e-07
-5.2436539e-09
-2.2632988e-09
-7.0501483e-09
-3.7046547e-09
-9.9931844e-09
-6.0311277e-09
-1.4771625e-08
-9.7904213e-09
-2.2530361e-08
-1.5896713e-08
-3.5138385e-08
-2.5831912e-08
-5.5629738e-08
-4.1981149e-08
-8.8897053e-08
-6.816411e-08
-1.1041566e-07
-5.3764828e-09
-1.1375113e-09
-7.21962e-09
-1.8615174e-09
-1.0220633e-08
-3.0301146e-09
-1.5092408e-08
-4.9186467e-09
-2.3002702e-08
-7.986419e-09
-3.5856872e-08
-1.2977742e-08
-5.6747253e-08
-2.1090767e-08
-9.0664617e-08
-3.4246747e-08
-5.54705e-08
-5.443257e-09
7.0718631e-20
-7.3047745e-09
2.9347535e-19
-1.0334889e-08
6.4589589e-19
-1.5253536e-08
3.8152509e-19
-2.3239955e-08
4.2947746e-19
-3.6217697e-08
-5.204954e-19
-5.7308464e-08
1.1522828e-20
-9.1555211e-08
1.0253776e-18
-4.7343382e-18
1.0978158e-08
-7.5281504e-09
1.1044169e-08
-8.2140331e-09
1.1078942e-08
-8.864712e-09
1.1084103e-08
-9.4711977e-09
1.1062358e-08
-1.0024657e-08
1.1017547e-08
-1.0518713e-08
1.0954777e-08
-1.0948864e-08
1.0879071e-08
-1.1309028e-08
1.0794449e-08
-1.1588633e-08
1.0703543e-08
-1.1771294e-08
1.0608025e-08
-1.183464e-08
1.0508984e-08
-1.1751625e-08
1.0407632e-08
-1.1488046e-08
1.0306527e-08
-1.1012728e-08
-1.0260938e-08
1.0203548e-08
1.8407901e-08
-7.65943e-09
1.8472856e-08
-8.2789874e-09
1.847701e-08
-8.8688661e-09
1.842874e-08
-9.4229282e-09
1.8339189e-08
-9.9351055e-09
1.8219498e-08
-1.0399022e-08
1.8079939e-08
-1.0809305e-08
1.7927714e-08
-1.1156803e-08
1.7767342e-08
-1.1428261e-08
1.7601163e-08
-1.1605114e-08
1.7430574e-08
-1.1664052e-08
1.7256575e-08
-1.1577626e-08
1.7081831e-08
-1.1313302e-08
1.6907411e-08
-1.0838308e-08
-1.0092063e-08
1.6738536e-08
3.0542279e-08
-7.7612048e-09
3.0549974e-08
-8.2866818e-09
3.0480854e-08
-8.7997465e-09
3.0349014e-08
-9.2910882e-09
3.0169148e-08
-9.7552397e-09
2.9955393e-08
-1.0185266e-08
2.9717511e-08
-1.0571424e-08
2.9461931e-08
-1.0901223e-08
2.9192537e-08
-1.1158867e-08
2.8911952e-08
-1.132453e-08
2.86229e-08
-1.1374999e-08
2.8329141e-08
-1.1283868e-08
2.8036021e-08
-1.1020182e-08
2.7746019e-08
-1.0548306e-08
-9.8188575e-09
2.7472814e-08
5.0093788e-08
-7.7367188e-09
4.9986067e-08
-8.1789606e-09
4.9806638e-08
-8.6203175e-09
4.9567181e-08
-9.0516315e-09
4.9277177e-08
-9.4652348e-09
4.8943692e-08
-9.8517811e-09
4.8572235e-08
-1.0199968e-08
4.8168747e-08
-1.0497735e-08
4.7738512e-08
-1.0728631e-08
4.7288171e-08
-1.0874189e-08
4.6824883e-08
-1.0911711e-08
4.6356805e-08
-1.081579e-08
4.5891926e-08
-1.0555303e-08
4.5438168e-08
-1.0094548e-08
-9.392703e-09
4.5012013e-08
8.150822e-08
-7.4734306e-09
8.1185381e-08
-7.8561213e-09
8.080423e-08
-8.2391666e-09
8.0367278e-08
-8.6146794e-09
7.9877454e-08
-8.9754111e-09
7.9338686e-08
-9.3130132e-09
7.8756182e-08
-9.6174642e-09
7.8135057e-08
-9.8766094e-09
7.7482066e-08
-1.007564e-08
7.6804981e-08
-1.0197103e-08
7.6113459e-08
-1.022019e-08
7.5417825e-08
-1.0120156e-08
7.4729787e-08
-9.8672652e-09
7.4063201e-08
-9.4279625e-09
-8.7644257e-09
7.3434924e-08
1.3235703e-07
-6.8285421e-09
1.3166086e-07
-7.1599579e-09
1.309119e-07
-7.4902032e-09
1.3011048e-07
-7.8132621e-09
1.2925802e-07
-8.1229448e-09
1.2835698e-07
-8.4119714e-09
1.2741098e-07
-8.6714645e-09
1.26425e-07
-8.8906328e-09
1.2540584e-07
-9.0564769e-09
1.2436215e-07
-9.1534151e-09
1.2330482e-07
-9.1628582e-09
1.2224742e-07
-9.0627627e-09
1.2120733e-07
-8.8271685e-09
1.2020508e-07
-8.4257209e-09
-7.8228855e-09
1.1926354e-07
2.1508373e-07
-5.6067324e-09
2.1379719e-07
-5.8734178e-09
2.1244511e-07
-6.1381172e-09
2.1102824e-07
-6.3963953e-09
2.0954863e-07
-6.6433298e-09
2.0800969e-07
-6.8730395e-09
2.0641659e-07
-7.0783635e-09
2.0477658e-07
-7.2506153e-09
2.0309943e-07
-7.3793315e-09
2.0139799e-07
-7.4519756e-09
1.9968873e-07
-7.4536011e-09
1.9799245e-07
-7.3664747e-09
1.9633494e-07
-7.1696633e-09
1.9474784e-07
-6.8386194e-09
-6.3446451e-09
1.932696e-07
3.496087e-07
-3.494508e-09
3.4739518e-07
-3.6599052e-09
3.450809e-07
-3.8238368e-09
3.4266816e-07
-3.983652e-09
3.4016115e-07
-4.1363229e-09
3.3756632e-07
-4.2782078e-09
3.3489283e-07
-4.4048748e-09
3.3215317e-07
-4.5109527e-09
3.2936381e-07
-4.589973e-09
3.2654602e-07
-4.6341859e-09
3.2372677e-07
-4.6343502e-09
3.209398e-07
-4.5794991e-09
3.1822682e-07
-4.4566838e-09
3.1563889e-07
-4.2506952e-09
-3.9437951e-09
3.1323804e-07
5.6668888e-07
5.6302898e-07
5.5920514e-07
5.5522149e-07
5.5108517e-07
5.4680696e-07
5.4240209e-07
5.3789113e-07
5.3330116e-07
5.2866697e-07
5.2403262e-07
5.1945312e-07
5.1499644e-07
5.1074575e-07
5.0680195e-07
1.0149754e-08
1.4946285e-10
1.0088734e-08
9.0962739e-11
1.0023746e-08
8.6799327e-12
9.9556412e-09
-8.8570219e-11
9.8858052e-09
-1.9470553e-10
9.8160554e-09
-3.088648e-10
9.7481903e-09
-4.2657356e-10
9.6842213e-09
-5.4698541e-10
9.6258471e-09
-6.6401225e-10
9.5743487e-09
-7.7831637e-10
9.5303336e-09
-8.7075446e-10
9.4945742e-09
-9.7757838e-10
9.4679294e-09
-9.9619273e-10
9.4467129e-09
-1.1900977e-09
-8.8431975e-10
1.6658377e-08
2.2962157e-10
1.6571516e-08
1.7782426e-10
1.647497e-08
1.0522584e-10
1.6371763e-08
1.4636886e-11
1.6263867e-08
-8.6809931e-11
1.6153455e-08
-1.9845291e-10
1.6043519e-08
-3.1663681e-10
1.5937432e-08
-4.4089881e-10
1.5838274e-08
-5.648543e-10
1.5748194e-08
-6.8823649e-10
1.5669002e-08
-7.9156273e-10
1.5601409e-08
-9.0998493e-10
1.5549175e-08
-9.4395849e-10
1.5503273e-08
-1.144196e-09
-8.6419622e-10
2.7372032e-08
3.3040317e-10
2.7260327e-08
2.8952974e-10
2.7131955e-08
2.335979e-10
2.6988881e-08
1.577108e-10
2.6834317e-08
6.7754603e-11
2.6670005e-08
-3.4141738e-11
2.6500245e-08
-1.4687667e-10
2.6330607e-08
-2.7126024e-10
2.6166318e-08
-4.0056543e-10
2.6010755e-08
-5.3267322e-10
2.5868727e-08
-6.4953525e-10
2.5739809e-08
-7.8106666e-10
2.5635753e-08
-8.399028e-10
2.5534786e-08
-1.043229e-09
-8.1704665e-10
4.492238e-08
4.2003696e-10
4.4811661e-08
4.0024799e-10
4.4677104e-08
3.681549e-10
4.4516406e-08
3.1840896e-10
4.4331251e-08
2.5291007e-10
4.4121491e-08
1.7561831e-10
4.389175e-08
8.2864212e-11
4.3649895e-08
-2.9405776e-11
4.3402424e-08
-1.5309382e-10
4.3154099e-08
-2.8434797e-10
4.2914163e-08
-4.095996e-10
4.2681047e-08
-5.479512e-10
4.2479711e-08
-6.3856616e-10
4.226801e-08
-8.3152829e-10
-7.0762579e-10
7.3400427e-08
4.5453407e-10
7.3341749e-08
4.5892633e-10
7.3255805e-08
4.5409828e-10
7.3138322e-08
4.3589207e-10
7.2988033e-08
4.0319883e-10
7.2803442e-08
3.6021019e-10
7.2583289e-08
3.0301722e-10
7.2327196e-08
2.2668667e-10
7.2040249e-08
1.3385305e-10
7.1726461e-08
2.9439971e-11
7.1395078e-08
-7.8216711e-11
7.1045855e-08
-1.9872818e-10
7.0712782e-08
-3.0549265e-10
7.0340928e-08
-4.5967498e-10
-4.7413399e-10
1.1930255e-07
4.1552345e-10
1.1932628e-07
4.3520367e-10
1.1932949e-07
4.5089051e-10
1.1930644e-07
4.5893636e-10
1.1925395e-07
4.556886e-10
1.1917146e-07
4.427051e-10
1.1905746e-07
4.1701135e-10
1.1890688e-07
3.7726919e-10
1.1871765e-07
3.2307977e-10
1.1848931e-07
2.5778373e-10
1.1822364e-07
1.8745484e-10
1.1791264e-07
1.1226849e-10
1.1756803e-07
3.912042e-11
1.1714491e-07
-3.6557195e-11
-1.2688992e-10
1.9337e-07
3.1512013e-10
1.9346726e-07
3.379472e-10
1.935595e-07
3.5865022e-10
1.9364268e-07
3.7575419e-10
1.9371076e-07
3.8760451e-10
1.9376077e-07
3.9270399e-10
1.9378732e-07
3.904587e-10
1.9378328e-07
3.8131099e-10
1.9374531e-07
3.6104808e-10
1.9367427e-07
3.2882136e-10
1.9357153e-07
2.9019389e-10
1.9343996e-07
2.438392e-10
1.9328484e-07
1.9424318e-10
1.930979e-07
1.5038476e-10
9.4535429e-11
3.1338263e-07
1.7052782e-10
3.1353473e-07
1.8584652e-10
3.1369246e-07
2.0092448e-10
3.1385324e-07
2.1497592e-10
3.140137e-07
2.2713995e-10
3.1417003e-07
2.3637496e-10
3.1431895e-07
2.4154364e-10
3.1445873e-07
2.4152883e-10
3.1458439e-07
2.3539166e-10
3.1469091e-07
2.2229734e-10
3.1477801e-07
2.0309178e-10
3.1484031e-07
1.8154011e-10
3.1487278e-07
1.6177086e-10
3.1487412e-07
1.4904355e-10
1.2936519e-10
5.0697248e-07
5.0715832e-07
5.0735925e-07
5.0757422e-07
5.0780136e-07
5.0803774e-07
5.0827928e-07
5.0852081e-07
5.087562e-07
5.089785e-07
5.0918159e-07
5.0936313e-07
5.095249e-07
5.0967395e-07
1.0702854e-16
-1.0702854e-16
5.1714307e-16
-4.1011454e-16
1.4136811e-15
-8.9653801e-16
3.0698965e-15
-1.6562154e-15
5.8899874e-15
-2.8200909e-15
1.0468137e-14
-4.5781497e-15
1.7673345e-14
-7.2052082e-15
2.8771035e-14
-1.109769e-14
4.5596963e-14
-1.6825929e-14
7.0805295e-14
-2.5208332e-14
1.0822144e-13
-3.7416148e-14
1.633423e-13
-5.512086e-14
2.4404278e-13
-8.0700481e-14
3.6156932e-13
-1.1752654e-13
5.3192975e-13
-1.7036042e-13
7.7782559e-13
-2.4589584e-13
1.1313192e-12
-3.5349366e-13
1.6374838e-12
-5.0616454e-13
2.3593476e-12
-7.2186384e-13
3.3845162e-12
-1.0251686e-12
4.8339236e-12
-1.4494074e-12
6.8732303e-12
-2.0393067e-12
9.7274369e-12
-2.8542066e-12
1.3699317e-11
-3.9718799e-12
1.9192298e-11
-5.4929813e-12
2.6738459e-11
-7.5461609e-12
3.7032374e-11
-1.0293915e-11
5.0971696e-11
-1.3939322e-11
6.9705589e-11
-1.8733892e-11
9.4692479e-11
-2.4986891e-11
1.2776897e-10
-3.3076486e-11
1.7123242e-10
-4.3463459e-11
2.2794062e-10
-5.6708195e-11
3.014299e-10
-7.3489283e-11
3.960517e-10
-9.4621799e-11
5.1715342e-10
-1.2110172e-10
6.712832e-10
-1.5412978e-10
8.6625999e-10
-1.949768e-10
-2.4717023e-10
1.1134302e-09
1.1045304e-16
-2.1748158e-16
5.336719e-16
-8.333334e-16
1.4588111e-15
-1.8216772e-15
3.1678703e-15
-3.3652747e-15
6.0780159e-15
-5.7302364e-15
1.0802546e-14
-9.3026802e-15
1.8238498e-14
-1.464116e-14
2.9692241e-14
-2.2551432e-14
4.705911e-14
-3.4192799e-14
7.3079655e-14
-5.1228876e-14
1.1170411e-13
-7.6040601e-14
1.686091e-13
-1.1202586e-13
2.5192743e-13
-1.640188e-13
3.7327407e-13
-2.3887318e-13
5.4918133e-13
-3.4626769e-13
8.0309381e-13
-4.9980832e-13
1.1681213e-12
-7.1852117e-13
1.6908055e-12
-1.0288488e-12
2.4362221e-12
-1.4672804e-12
3.494812e-12
-2.0837586e-12
4.99141e-12
-2.9460053e-12
7.0970019e-12
-4.1448986e-12
1.00438e-11
-5.8010049e-12
1.4144261e-11
-8.0723403e-12
1.9814695e-11
-1.1163416e-11
2.7604172e-11
-1.5335638e-11
3.8229475e-11
-2.0919218e-11
5.261704e-11
-2.8326887e-11
7.1953059e-11
-3.8069912e-11
9.7743264e-11
-5.0777096e-11
1.3188432e-10
-6.7217544e-11
1.767495e-10
-8.8328639e-11
2.3529242e-10
-1.1525112e-10
3.1116943e-10
-1.4936629e-10
4.0888334e-10
-1.9233571e-10
5.3396728e-10
-2.4618566e-10
6.9320985e-10
-3.1337235e-10
8.9470602e-10
-3.9647296e-10
-5.0265672e-10
1.1501925e-09
1.1441508e-16
-3.3189667e-16
5.5281467e-16
-1.271733e-15
1.5111407e-15
-2.7800033e-15
3.2815043e-15
-5.1356383e-15
6.2960256e-15
-8.7447577e-15
1.1189979e-14
-1.4196634e-14
1.889253e-14
-2.2343711e-14
3.0756811e-14
-3.4415713e-14
4.8745956e-14
-5.2181943e-14
7.569845e-14
-7.818137e-14
1.1570553e-13
-1.1604768e-13
1.7464614e-13
-1.7096646e-13
2.609423e-13
-2.5031497e-13
3.8662102e-13
-3.6455189e-13
5.6879905e-13
-5.2844572e-13
8.3174635e-13
-7.6275562e-13
1.2097325e-12
-1.0965073e-12
1.75092e-12
-1.5700363e-12
2.522636e-12
-2.2389963e-12
3.6184289e-12
-3.1795515e-12
5.1673922e-12
-4.4949686e-12
7.3463055e-12
-6.3238119e-12
1.0395202e-11
-8.8499011e-12
1.4637009e-11
-1.2314148e-11
2.0501953e-11
-1.7028359e-11
2.8557438e-11
-2.3391124e-11
3.9544245e-11
-3.1906025e-11
5.4420002e-11
-4.3202644e-11
7.441121e-11
-5.8061119e-11
1.0107542e-10
-7.744131e-11
1.3637564e-10
-1.0251776e-10
1.8276972e-10
-1.3472272e-10
2.4331957e-10
-1.7580096e-10
3.2181887e-10
-2.2786559e-10
4.2294592e-10
-2.9346276e-10
5.5245391e-10
-3.7569364e-10
7.1741335e-10
-4.7833179e-10
9.2627351e-10
-6.0533312e-10
-7.675416e-10
1.1911584e-09
1.1897434e-16
-4.5087102e-16
5.7483523e-16
-1.7275939e-15
1.571312e-15
-3.77648e-15
3.4121023e-15
-6.9764286e-15
6.5464359e-15
-1.1879091e-14
1.163469e-14
-1.9284888e-14
1.9642657e-14
-3.0351678e-14
3.1976668e-14
-4.6749725e-14
5.0676797e-14
-7.0882072e-14
7.8692387e-14
-1.0619696e-13
1.2027382e-13
-1.5762911e-13
1.8152769e-13
-2.3222033e-13
2.7120052e-13
-3.399878e-13
4.0178003e-13
-4.9513141e-13
5.9103454e-13
-7.1770023e-13
8.6415119e-13
-1.0358723e-12
1.2566843e-12
-1.4890405e-12
1.818586e-12
-2.1319379e-12
2.6196606e-12
-3.040071e-12
3.7568638e-12
-4.3167547e-12
5.3639411e-12
-6.102046e-12
7.6239786e-12
-8.5838495e-12
1.0785495e-11
-1.2011417e-11
1.5182751e-11
-1.6711404e-11
2.1261003e-11
-2.3106611e-11
2.9607459e-11
-3.173758e-11
4.0988837e-11
-4.3287402e-11
5.6396571e-11
-5.8610378e-11
7.7101041e-11
-7.8765589e-11
1.0471657e-10
-1.0505683e-10
1.4127929e-10
-1.3908048e-10
1.893412e-10
-1.8278463e-10
2.5208608e-10
-2.3854584e-10
3.3346404e-10
-3.0924355e-10
4.3835517e-10
-3.9835389e-10
5.7277054e-10
-5.1010902e-10
7.4410736e-10
-6.4966861e-10
9.6125338e-10
-8.2247914e-10
-1.0430078e-09
1.2367195e-09
1.2414238e-16
-5.750134e-16
5.9978973e-16
-2.2032412e-15
1.6394858e-15
-4.8161761e-15
3.5600425e-15
-8.8969853e-15
6.8300473e-15
-1.5149096e-14
1.2138264e-14
-2.4593104e-14
2.0491879e-14
-3.8705293e-14
3.3357296e-14
-5.9615142e-14
5.2861384e-14
-9.038616e-14
8.2078392e-14
-1.3541397e-13
1.2543774e-13
-2.0098846e-13
1.8930166e-13
-2.9608426e-13
2.8278024e-13
-4.3346638e-13
4.1887609e-13
-6.3122727e-13
6.1608352e-13
-9.1490766e-13
9.0060835e-13
-1.3203971e-12
1.3094269e-12
-1.897859e-12
1.8944646e-12
-2.7169756e-12
2.7282483e-12
-3.8738546e-12
3.9114633e-12
-5.4999697e-12
5.5829308e-12
-7.7735135e-12
7.9325932e-12
-1.0933512e-11
1.1218166e-11
-1.529699e-11
1.5786162e-11
-2.1279401e-11
2.2098058e-11
-2.9418506e-11
3.076242e-11
-4.0401942e-11
4.2573964e-11
-5.5098946e-11
5.8560704e-11
-7.4597118e-11
8.0040694e-11
-1.0024558e-10
1.0869027e-10
-1.3370641e-10
1.46626e-10
-1.7701622e-10
1.9650404e-10
-2.3266267e-10
2.6164461e-10
-3.0368641e-10
3.461745e-10
-3.9377345e-10
4.5520358e-10
-5.0738297e-10
5.9504042e-10
-6.4994585e-10
7.734571e-10
-8.2808528e-10
9.9986231e-10
-1.0488844e-09
-1.3303089e-09
1.2871635e-09
1.2996786e-16
-7.0498127e-16
6.2791464e-16
-2.701188e-15
1.7163089e-15
-5.9045704e-15
3.7267237e-15
-1.09074e-14
7.149524e-15
-1.8571896e-14
1.2705389e-14
-3.0148969e-14
2.1448016e-14
-4.744792e-14
3.4911244e-14
-7.307837e-14
5.5319289e-14
-1.1079421e-13
8.5886315e-14
-1.6598099e-13
1.3124203e-13
-2.4634417e-13
1.9803419e-13
-3.6287641e-13
2.9577818e-13
-5.3121037e-13
4.3804942e-13
-7.7349851e-13
6.4414787e-13
-1.1210061e-12
9.4140678e-13
-1.617656e-12
1.3683714e-12
-2.3248236e-12
1.9791377e-12
-3.3277419e-12
2.8492158e-12
-4.7439327e-12
4.0833643e-12
-6.7341182e-12
5.8259262e-12
-9.5160754e-12
8.2742781e-12
-1.3381864e-11
1.1696075e-11
-1.8718787e-11
1.6451039e-11
-2.6034364e-11
2.3018098e-11
-3.5985566e-11
3.2028785e-11
-4.9412629e-11
4.4307936e-11
-6.7378098e-11
6.0923003e-11
-9.1212185e-11
8.324363e-11
-1.2256621e-10
1.1301362e-10
-1.634764e-10
1.5243742e-10
-2.1644002e-10
2.0428562e-10
-2.8451087e-10
2.7202989e-10
-3.7143067e-10
3.5999449e-10
-4.8173805e-10
4.7354761e-10
-6.2093609e-10
6.193351e-10
-7.9573335e-10
8.055532e-10
-1.0143034e-09
1.0422084e-09
-1.2855396e-09
-1.6307196e-09
1.3426191e-09
1.364799e-16
-8.4146118e-16
6.5934998e-16
-3.2240581e-15
1.8021639e-15
-7.0473843e-15
3.9129765e-15
-1.3018213e-14
7.5064606e-15
-2.2165381e-14
1.3338903e-14
-3.5981411e-14
2.251586e-14
-5.6624877e-14
3.6646322e-14
-8.7208832e-14
5.8062894e-14
-1.3221078e-13
9.0135396e-14
-1.980535e-13
1.377161e-13
-2.9392488e-13
2.0776964e-13
-4.3292995e-13
3.102605e-13
-6.3370123e-13
4.5939764e-13
-9.2263566e-13
6.7537021e-13
-1.3369787e-12
9.8675268e-13
-1.9290385e-12
1.4338128e-12
-2.7718838e-12
2.0730222e-12
-3.9669513e-12
2.9831452e-12
-5.6540557e-12
4.2733679e-12
-8.0243409e-12
6.0940147e-12
-1.1336722e-11
8.6504861e-12
-1.5938335e-11
1.2221132e-11
-2.2289432e-11
1.7179845e-11
-3.0993077e-11
2.4024244e-11
-4.2829965e-11
3.3410428e-11
-5.8798814e-11
4.6195467e-11
-8.0163136e-11
6.3489081e-11
-1.085058e-10
8.6716395e-11
-1.4579352e-10
1.176941e-10
-1.9445411e-10
1.5872196e-10
-2.5746788e-10
2.1269489e-10
-3.384838e-10
2.8325086e-10
-4.4198664e-10
3.7493198e-10
-5.7341917e-10
4.9339242e-10
-7.3939654e-10
6.4565315e-10
-9.4799407e-10
8.4038183e-10
-1.2090321e-09
1.0882492e-09
-1.5334069e-09
-1.9454685e-09
1.4029981e-09
1.4369849e-16
-9.8515967e-16
6.9419209e-16
-3.7745517e-15
1.897313e-15
-8.2505052e-15
4.1193667e-15
-1.5240266e-14
7.9019325e-15
-2.5947946e-14
1.4040694e-14
-4.2120173e-14
2.3698558e-14
-6.6282741e-14
3.8567569e-14
-1.0207784e-13
6.1100035e-14
-1.5474324e-13
9.4837528e-14
-2.3179099e-13
1.4487765e-13
-3.43965e-13
2.185339e-13
-5.0658619e-13
3.2626451e-13
-7.4143184e-13
4.8297379e-13
-1.0793449e-12
7.0982495e-13
-1.5638298e-12
1.0367491e-12
-2.2559627e-12
1.5058922e-12
-3.2410268e-12
2.176308e-12
-4.6373671e-12
3.1302879e-12
-6.6080356e-12
4.4817997e-12
-9.3758528e-12
6.3876048e-12
-1.3242527e-11
9.0617093e-12
-1.861244e-11
1.2793894e-11
-2.6021617e-11
1.7973155e-11
-3.6172339e-11
2.5116988e-11
-4.9973798e-11
3.4907582e-11
-6.8589408e-11
4.823623e-11
-9.3491783e-11
6.625759e-11
-1.2652716e-10
9.0455928e-11
-1.6999186e-10
1.22726e-10
-2.2672418e-10
1.6546983e-10
-3.002117e-10
2.2171555e-10
-3.9472952e-10
2.9528129e-10
-5.1555239e-10
3.9094575e-10
-6.6908362e-10
5.1467406e-10
-8.6312485e-10
6.7389531e-10
-1.1072153e-09
8.7779008e-10
-1.4129268e-09
1.1377437e-09
-1.7933606e-09
-2.2756545e-09
1.4679297e-09
1.5161966e-16
-1.1367793e-15
7.3242148e-16
-4.3553535e-15
2.0017019e-15
-9.5197857e-15
4.3457745e-15
-1.7584339e-14
8.3357054e-15
-2.9937877e-14
1.4810337e-14
-4.8594804e-14
2.4995373e-14
-7.6467778e-14
4.0673745e-14
-1.1775621e-13
6.4428676e-14
-1.7849817e-13
9.9989419e-14
-2.6735173e-13
1.5272142e-13
-3.96697e-13
2.3031859e-13
-5.8418337e-13
3.4377693e-13
-8.5489018e-13
5.0875687e-13
-1.2443249e-12
7.4747891e-13
-1.8025519e-12
1.0913437e-12
-2.5998275e-12
1.5845264e-12
-3.7342094e-12
2.2888638e-12
-5.3417046e-12
3.2904362e-12
-7.609608e-12
4.7083316e-12
-1.0793748e-11
6.7061798e-12
-1.5240376e-11
9.5071361e-12
-2.1413396e-11
1.3413093e-11
-2.9927574e-11
1.8829e-11
-4.1588246e-11
2.6293291e-11
-5.7438088e-11
3.6515594e-11
-7.8811711e-11
5.0423168e-11
-1.0739936e-10
6.9217913e-11
-1.453219e-10
9.4446405e-11
-1.9522035e-10
1.2808607e-10
-2.6036384e-10
1.7264726e-10
-3.4477289e-10
2.3129814e-10
-4.533804e-10
3.0804899e-10
-5.9230324e-10
4.0793058e-10
-7.6896522e-10
5.3723903e-10
-9.9243329e-10
7.0383648e-10
-1.2738128e-09
9.1744731e-10
-1.6265377e-09
1.1902011e-09
-2.0661144e-09
-2.6221513e-09
1.536698e-09
1.6021122e-16
-1.2969906e-15
7.7388224e-16
-4.9690246e-15
2.1149039e-15
-1.0860807e-14
4.5912711e-15
-2.0060706e-14
8.8059931e-15
-3.4152599e-14
1.5644648e-14
-5.5433459e-14
2.640091e-14
-8.7224039e-14
4.2956035e-14
-1.3431134e-13
6.8034778e-14
-2.0357692e-13
1.0556914e-13
-3.048861e-13
1.6121366e-13
-4.5234152e-13
2.4307243e-13
-6.6604214e-13
3.6272048e-13
-9.7453823e-13
5.3663124e-13
-1.4182356e-12
7.8816004e-13
-2.0540807e-12
1.1502817e-12
-2.9619491e-12
1.6693398e-12
-4.2532675e-12
2.4101373e-12
-6.0825021e-12
3.4627804e-12
-8.662251e-12
4.9517796e-12
-1.2282747e-11
7.0480126e-12
-1.7336609e-11
9.9842534e-12
-2.4349637e-11
1.4075081e-11
-3.4018402e-11
1.9742097e-11
-4.7255262e-11
2.7545528e-11
-6.5241519e-11
3.8223493e-11
-8.9489676e-11
5.2740538e-11
-1.219164e-10
7.2347508e-11
-1.6492887e-10
9.8655609e-11
-2.2152845e-10
1.3372856e-10
-2.9543679e-10
1.8018979e-10
-3.9123412e-10
2.4135091e-10
-5.1454152e-10
3.2142385e-10
-6.7237618e-10
4.2570065e-10
-8.7324201e-10
5.6082172e-10
-1.1275544e-09
7.3509487e-10
-1.4480859e-09
9.5880309e-10
-1.8502459e-09
1.2448247e-09
-2.352136e-09
-2.9855003e-09
1.6081737e-09
1.6940328e-16
-1.4663938e-15
8.182377e-16
-5.617859e-15
2.2359993e-15
-1.2278569e-14
4.8538599e-15
-2.2678567e-14
9.308964e-15
-3.8607703e-14
1.6536814e-14
-6.266131e-14
2.790366e-14
-9.8590886e-14
4.5395689e-14
-1.5180337e-13
7.1888597e-14
-2.3006982e-13
1.1153046e-13
-3.4452796e-13
1.7028361e-13
-5.1109467e-13
2.5668841e-13
-7.5244694e-13
3.8293497e-13
-1.1007848e-12
5.6635906e-13
-1.6016597e-12
8.3151759e-13
-2.3192392e-12
1.2130486e-12
-3.3434802e-12
1.7595818e-12
-4.7998007e-12
2.5390382e-12
-6.8619586e-12
3.6457432e-12
-9.768956e-12
5.2098706e-12
-1.3846875e-11
7.409839e-12
-1.9536577e-11
1.048839e-11
-2.7428188e-11
1.4773197e-11
-3.8303208e-11
2.070298e-11
-5.3185045e-11
2.8860292e-11
-7.3398831e-11
4.0012354e-11
-1.0064174e-10
5.51617e-11
-1.3706575e-10
7.5608923e-11
-1.853761e-10
1.0303083e-10
-2.4895035e-10
1.3957952e-10
-3.3198548e-10
1.8799432e-10
-4.3964892e-10
2.5173126e-10
-5.7827847e-10
3.3520516e-10
-7.5585008e-10
4.4397117e-10
-9.8200802e-10
5.8502012e-10
-1.2686033e-09
7.6709929e-10
-1.6301651e-09
1.0010418e-09
-2.0841884e-09
1.3004493e-09
-2.6515435e-09
-3.3658653e-09
1.6808143e-09
1.7907818e-16
-1.645472e-15
8.6491944e-16
-6.3037003e-15
2.3634361e-15
-1.3777086e-14
5.1301733e-15
-2.5445304e-14
9.8381619e-15
-4.3315692e-14
1.747537e-14
-7.0298518e-14
2.9484282e-14
-1.105998e-13
4.7961247e-14
-1.7028033e-13
7.5940326e-14
-2.580489e-13
1.1779612e-13
-3.8638376e-13
1.7981335e-13
-5.731119e-13
2.7098883e-13
-8.4362241e-13
4.0415537e-13
-1.2339513e-12
5.975484e-13
-1.7950528e-12
8.7697611e-13
-2.5986669e-12
1.2788049e-12
-3.745309e-12
1.854034e-12
-5.3750298e-12
2.6738067e-12
-7.6817313e-12
3.8367943e-12
-1.0931944e-11
5.4789817e-12
-1.5489062e-11
7.7864929e-12
-2.1844088e-11
1.101221e-11
-3.0653905e-11
1.5497062e-11
-4.2788061e-11
2.1697026e-11
-5.9385009e-11
3.0217062e-11
-8.1918867e-11
4.1853492e-11
-1.1227817e-10
5.7646713e-11
-1.5285897e-10
7.8946668e-11
-2.0667605e-10
1.0749466e-10
-2.7749835e-10
1.4553045e-10
-3.7002127e-10
1.9590967e-10
-4.9002815e-10
2.6224103e-10
-6.4460982e-10
3.4910324e-10
-8.427123e-10
4.623383e-10
-1.0952431e-09
6.0927085e-10
-1.4155359e-09
7.9905634e-10
-1.8199506e-09
1.043037e-09
-2.3281691e-09
1.3554481e-09
-2.9639546e-09
-3.7625461e-09
1.7521289e-09
1.8906615e-16
-1.8345382e-15
9.1310543e-16
-7.0277396e-15
2.4949646e-15
-1.5358945e-14
5.4153237e-15
-2.8365663e-14
1.0384208e-14
-4.8284576e-14
1.8443648e-14
-7.8357958e-14
3.1114643e-14
-1.2327079e-13
5.0606928e-14
-1.8977262e-13
8.0117446e-14
-2.8755942e-13
1.2425358e-13
-4.305199e-13
1.8963101e-13
-6.3848932e-13
2.8571454e-13
-9.3970594e-13
4.2599499e-13
-1.3742318e-12
6.2962726e-13
-1.998685e-12
9.2369579e-13
-2.8927354e-12
1.3463256e-12
-4.1679388e-12
1.9509199e-12
-5.979624e-12
2.8118809e-12
-8.5426923e-12
4.0322579e-12
-1.2152321e-11
5.7538645e-12
-1.7210669e-11
8.1705157e-12
-2.426074e-11
1.154516e-11
-3.4028549e-11
1.6231815e-11
-4.7474716e-11
2.2703396e-11
-6.585659e-11
3.1586745e-11
-9.0802215e-11
4.3706481e-11
-1.243979e-10
6.0139717e-11
-1.6929221e-10
8.2284171e-11
-2.2882051e-10
1.1194257e-10
-3.0715674e-10
1.5143402e-10
-4.0951272e-10
2.0371623e-10
-5.4231036e-10
2.7256967e-10
-7.1346327e-10
3.6272574e-10
-9.3286837e-10
4.8026321e-10
-1.2127805e-09
6.3282635e-10
-1.568099e-09
8.2992107e-10
-2.0170453e-09
1.0833187e-09
-2.5815667e-09
1.4077347e-09
-3.2883706e-09
-4.1738825e-09
1.8190711e-09
1.9912306e-16
-2.0336612e-15
9.6161615e-16
-7.7902326e-15
2.6273595e-15
-1.7024688e-14
5.7023113e-15
-3.1440615e-14
1.0933687e-14
-5.3515952e-14
1.941784e-14
-8.6842111e-14
3.2754619e-14
-1.3660757e-13
5.3267555e-14
-2.1028555e-13
8.4316934e-14
-3.186088e-13
1.3074336e-13
-4.7694633e-13
1.994937e-13
-7.0723966e-13
3.0050046e-13
-1.0407127e-12
4.4791095e-13
-1.5216423e-12
6.617956e-13
-2.2125697e-12
9.7050659e-13
-3.2014464e-12
1.4139108e-12
-4.611343e-12
2.0477844e-12
-6.6134977e-12
2.9497334e-12
-9.4446413e-12
4.2270908e-12
-1.3429678e-11
6.0273416e-12
-1.9010919e-11
8.5517386e-12
-2.6785136e-11
1.2072897e-11
-3.7549708e-11
1.695731e-11
-5.2359129e-11
2.3693915e-11
-7.2593195e-11
3.29301e-11
-1.000384e-10
4.5516906e-11
-1.3698471e-10
6.2565686e-11
-1.8634099e-10
8.5519399e-11
-2.5177422e-10
1.162431e-10
-3.3788045e-10
1.5712335e-10
-4.5039297e-10
2.1116142e-10
-5.9634842e-10
2.8226877e-10
-7.8457062e-10
3.7548383e-10
-1.0260834e-09
4.9705103e-10
-1.3343477e-09
6.5473708e-10
-1.725785e-09
8.583732e-10
-2.2206814e-09
1.1200514e-09
-2.8432449e-09
1.454774e-09
-3.6230933e-09
-4.5974354e-09
1.878327e-09
2.0894048e-16
-2.2426017e-15
1.0089653e-15
-8.5902575e-15
2.7565673e-15
-1.877229e-14
5.982344e-15
-3.4666392e-14
1.1469741e-14
-5.9003349e-14
2.0367999e-14
-9.5740369e-14
3.4353671e-14
-1.5059324e-13
5.5860885e-14
-2.3179277e-13
8.8408502e-14
-3.5115642e-13
1.3706323e-13
-5.2560106e-13
2.0909253e-13
-7.7926896e-13
3.1488076e-13
-1.1465009e-12
4.6920809e-13
-1.6759696e-12
6.9302515e-13
-2.4363867e-12
1.0158991e-12
-3.5243204e-12
1.4793598e-12
-5.0748037e-12
2.1414393e-12
-7.2755771e-12
3.0827727e-12
-1.0385975e-11
4.4147182e-12
-1.4761624e-11
6.2900511e-12
-2.0886252e-11
8.9169019e-12
-2.9411987e-11
1.2576737e-11
-4.1209542e-11
1.7647341e-11
-5.7429734e-11
2.4631973e-11
-7.9577828e-11
3.4196133e-11
-1.0960256e-10
4.7213762e-11
-1.5000234e-10
6.4825184e-11
-2.0395241e-10
8.8509433e-11
-2.7545847e-10
1.201727e-10
-3.6954371e-10
1.6225069e-10
-4.9247097e-10
2.1788972e-10
-6.5198745e-10
2.9112148e-10
-8.5780238e-10
3.8699356e-10
-1.1219555e-09
5.1189166e-10
-1.4592458e-09
6.7383569e-10
-1.8877291e-09
8.827976e-10
-2.4296433e-09
1.1510109e-09
-3.1114582e-09
1.4935237e-09
-3.9656061e-09
-5.0297059e-09
1.9257941e-09
2.180935e-16
-2.4606952e-15
1.0531003e-15
-9.4252643e-15
2.876981e-15
-2.0596171e-14
6.2432642e-15
-3.8032675e-14
1.1969095e-14
-6.472918e-14
2.125287e-14
-1.0502414e-13
3.5842377e-14
-1.6518275e-13
5.8274346e-14
-2.5422474e-13
9.2214562e-14
-3.8509663e-13
1.4293892e-13
-5.7632541e-13
2.1801089e-13
-8.5434094e-13
3.2823114e-13
-1.2567212e-12
4.889612e-13
-1.8366997e-12
7.2195751e-13
-2.669383e-12
1.0578947e-12
-3.8602576e-12
1.5398108e-12
-5.5567197e-12
2.2277696e-12
-7.9635359e-12
3.2051136e-12
-1.1363319e-11
4.5867639e-12
-1.6143274e-11
6.5301251e-12
-2.2829614e-11
9.2492645e-12
-3.2131127e-11
1.3033169e-11
-4.4993447e-11
1.8269049e-11
-6.2665613e-11
2.5471871e-11
-8.678065e-11
3.5321609e-11
-1.194523e-10
4.8710069e-11
-1.633908e-10
6.6799607e-11
-2.2204195e-10
9.1096464e-11
-2.9975533e-10
1.2354167e-10
-4.0198892e-10
1.6662605e-10
-5.3555534e-10
2.2355925e-10
-7.0892066e-10
2.9841212e-10
-9.3265525e-10
3.9631332e-10
-1.2198567e-09
5.2371593e-10
-1.5866485e-09
6.8870655e-10
-2.0527197e-09
9.0127251e-10
-2.6422093e-09
1.1735807e-09
-3.3837663e-09
1.5204363e-09
-4.3124617e-09
-5.4659751e-09
1.9567055e-09
2.261308e-16
-2.686826e-15
1.0918471e-15
-1.0290981e-14
2.9826633e-15
-2.2486987e-14
6.4721768e-15
-4.1522188e-14
1.2406986e-14
-7.0663989e-14
2.2028382e-14
-1.1464554e-13
3.7146195e-14
-1.8030056e-13
6.038632e-14
-2.7746486e-13
9.5541884e-14
-4.202522e-13
1.480695e-13
-6.2885303e-13
2.2578743e-13
-9.3205887e-13
3.3985299e-13
-1.3707867e-12
5.0612318e-13
-2.0029699e-12
7.4703671e-13
-2.9102966e-12
1.0941989e-12
-4.2074198e-12
1.5919033e-12
-6.0544241e-12
2.3018875e-12
-8.6735202e-12
3.3096949e-12
-1.2371126e-11
4.7330966e-12
-1.7566676e-11
6.7331278e-12
-2.4829645e-11
9.5283991e-12
-3.4926398e-11
1.3413481e-11
-4.8878529e-11
1.8782324e-11
-6.8034457e-11
2.6157918e-11
-9.4156244e-11
3.6229674e-11
-1.2952405e-10
4.9900442e-11
-1.7706156e-10
6.8345524e-11
-2.4048703e-10
9.3086584e-11
-3.2449638e-10
1.2608406e-10
-4.349864e-10
1.6985476e-10
-5.7932604e-10
2.2762565e-10
-7.6669155e-10
3.0348154e-10
-1.0085111e-09
4.0256136e-10
-1.3189365e-09
5.3129973e-10
-1.7153868e-09
6.9770385e-10
-2.2191238e-09
9.115817e-10
-2.8560871e-09
1.1847746e-09
-3.6569592e-09
1.531508e-09
-4.6591951e-09
-5.9002205e-09
1.9657533e-09
2.3235458e-16
-2.9191806e-15
1.1218254e-15
-1.1180451e-14
3.0643785e-15
-2.442954e-14
6.6490743e-15
-4.5106884e-14
1.2745172e-14
-7.6760087e-14
2.2626909e-14
-1.2452728e-13
3.8151666e-14
-1.9582532e-13
6.2013491e-14
-3.0132669e-13
9.8102528e-14
-4.5634124e-13
1.520125e-13
-6.82763e-13
2.31754e-13
-1.0118004e-12
3.4875178e-13
-1.4877845e-12
5.1923128e-13
-2.1734494e-12
7.6613319e-13
-3.1571985e-12
1.121738e-12
-4.5630246e-12
1.631234e-12
-6.5639201e-12
2.3575233e-12
-9.3998096e-12
3.3876336e-12
-1.3401236e-11
4.8411816e-12
-1.9020224e-11
6.8814311e-12
-2.6869894e-11
9.7295921e-12
-3.7774559e-11
1.3683141e-11
-5.2832078e-11
1.9139115e-11
-7.349043e-11
2.6623548e-11
-1.0164068e-10
3.6828564e-11
-1.3972907e-10
5.0658995e-11
-1.90892e-10
6.9290936e-11
-2.5911897e-10
9.4245109e-11
-3.4945056e-10
1.274786e-10
-4.6821989e-10
1.7149992e-10
-6.2334736e-10
2.2951083e-10
-8.2470246e-10
3.0555565e-10
-1.084556e-09
4.0470266e-10
-1.4180835e-09
5.3325203e-10
-1.8439362e-09
6.9896717e-10
-2.384839e-09
9.1124478e-10
-3.0683648e-09
1.1812902e-09
-3.9270047e-09
1.5223645e-09
-5.0002693e-09
-6.3250674e-09
1.9472114e-09
2.3626605e-16
-3.1554467e-15
1.1406524e-15
-1.2084838e-14
3.1156295e-15
-2.6404517e-14
6.7598086e-15
-4.8751063e-14
1.2956343e-14
-8.2956621e-14
2.2999488e-14
-1.3457042e-13
3.8775211e-14
-2.1160104e-13
6.3018e-14
-3.2556948e-13
9.9674664e-14
-4.929979e-13
1.5441749e-13
-7.3750582e-13
2.3536466e-13
-1.0927475e-12
3.540863e-13
-1.6065062e-12
5.2700088e-13
-2.3463639e-12
7.7730032e-13
-3.4074979e-12
1.1375837e-12
-4.923308e-12
1.6534298e-12
-7.0797662e-12
2.388198e-12
-1.0134578e-11
3.429415e-12
-1.4442453e-11
4.8971815e-12
-2.048799e-11
6.9551183e-12
-2.8927831e-11
9.8244741e-12
-4.0643915e-11
1.3802139e-11
-5.6809743e-11
1.9283481e-11
-7.8971772e-11
2.6791146e-11
-1.0914834e-10
3.7011286e-11
-1.4994921e-10
5.0839058e-11
-2.0471977e-10
6.9435698e-11
-2.7771561e-10
9.4299893e-11
-3.7431475e-10
1.2735651e-10
-5.0127651e-10
1.7106592e-10
-6.6705677e-10
2.2855441e-10
-8.8219095e-10
3.0375526e-10
-1.1597568e-09
4.0156752e-10
-1.5158958e-09
5.2802244e-10
-1.9703911e-09
6.9045e-10
-2.5472665e-09
8.9757154e-10
-3.2754863e-09
1.1595995e-09
-4.1890326e-09
1.4883969e-09
-5.3290668e-09
-6.7317752e-09
1.8951047e-09
2.3661736e-16
-3.392064e-15
1.1422536e-15
-1.2990474e-14
3.1198046e-15
-2.8382068e-14
6.7684554e-15
-5.2399714e-14
1.2972067e-14
-8.9160232e-14
2.3025689e-14
-1.4462405e-13
3.8816019e-14
-2.2739137e-13
6.3077866e-14
-3.4983132e-13
9.9757206e-14
-5.2967724e-13
1.5452289e-13
-7.9227151e-13
2.3548434e-13
-1.173709e-12
3.5419252e-13
-1.7252143e-12
5.2702737e-13
-2.5191988e-12
7.7710701e-13
-3.6575775e-12
1.1368942e-12
-5.2830951e-12
1.6517225e-12
-7.5945945e-12
2.3845208e-12
-1.0867376e-11
3.4220762e-12
-1.5480009e-11
4.8832472e-12
-2.1949161e-11
6.929618e-12
-3.0974202e-11
9.7791788e-12
-4.3493476e-11
1.3723738e-11
-6.0754303e-11
1.9150924e-11
-8.4398958e-11
2.6571853e-11
-1.1656927e-10
3.6655835e-11
-1.6003319e-10
5.0273849e-11
-2.1833778e-10
6.8552915e-11
-2.9599467e-10
9.2943758e-11
-3.987056e-10
1.2530416e-10
-5.3363691e-10
1.6799969e-10
-7.097523e-10
2.2402054e-10
-9.382118e-10
2.9710597e-10
-1.2328422e-09
3.9187267e-10
-1.6106625e-09
5.1393074e-10
-2.0924492e-09
6.6996875e-10
-2.7033045e-09
8.6774439e-10
-3.4732619e-09
1.1160813e-09
-4.4373695e-09
1.4249515e-09
-5.637937e-09
-7.1102337e-09
1.80341e-09
2.3338841e-16
-3.6254524e-15
1.1266405e-15
-1.3883726e-14
3.0769907e-15
-3.0332419e-14
6.6750026e-15
-5.5997726e-14
1.2791539e-14
-9.5276768e-14
2.2702121e-14
-1.5453463e-13
3.8264173e-14
-2.4295342e-13
6.2168671e-14
-3.7373582e-13
9.8295997e-14
-5.6580457e-13
1.5221684e-13
-8.4619236e-13
2.318937e-13
-1.2533858e-12
3.4865768e-13
-1.8419783e-12
5.1855974e-13
-2.6891008e-12
7.6422642e-13
-3.9032442e-12
1.1173872e-12
-5.636256e-12
1.6222859e-12
-8.0994931e-12
2.3402378e-12
-1.1585328e-11
3.3556553e-12
-1.6495426e-11
4.7839208e-12
-2.3377427e-11
6.7815608e-12
-3.2971842e-11
9.5592468e-12
-4.6271162e-11
1.3398253e-11
-6.4593309e-11
1.8671143e-11
-8.9671849e-11
2.5867668e-11
-1.237658e-10
3.5627124e-11
-1.6979265e-10
4.8778753e-11
-2.3148941e-10
6.6392032e-11
-3.1360795e-10
8.9838788e-11
-4.2215235e-10
1.208687e-10
-5.6466683e-10
1.6169845e-10
-7.5058205e-10
2.1511148e-10
-9.9162483e-10
2.8455897e-10
-1.3022897e-09
3.7425061e-10
-1.7003541e-09
4.8921126e-10
-2.2074098e-09
6.352718e-10
-2.8493651e-09
8.1892994e-10
-3.6569201e-09
1.0471975e-09
-4.665637e-09
1.3275591e-09
-5.9182986e-09
-7.4489433e-09
1.6662687e-09
2.2383686e-16
-3.8492893e-15
1.0803498e-15
-1.4740239e-14
2.950288e-15
-3.2202357e-14
6.3997592e-15
-5.9447197e-14
1.2263514e-14
-1.0114052e-13
2.1764092e-14
-1.6403521e-13
3.668158e-14
-2.5787091e-13
5.9594571e-14
-3.9664881e-13
9.4220719e-14
-6.0043072e-13
1.4589582e-13
-8.9786746e-13
2.2224418e-13
-1.3297342e-12
3.3411097e-13
-1.9538451e-12
4.9685006e-13
-2.8518399e-12
7.3208897e-13
-4.1384831e-12
1.0701262e-12
-5.9742932e-12
1.5531556e-12
-8.5825225e-12
2.2395556e-12
-1.2271728e-11
3.2095294e-12
-1.74654e-11
4.572433e-12
-2.474033e-11
6.4761866e-12
-3.4875595e-11
9.1192349e-12
-4.891421e-11
1.2765611e-11
-6.8239685e-11
1.7763787e-11
-9.4670025e-11
2.4570152e-11
-1.3057216e-10
3.3778187e-11
-1.7900068e-10
4.6154636e-11
-2.4386586e-10
6.2684163e-11
-3.3013748e-10
8.4623864e-11
-4.4409205e-10
1.135683e-10
-5.9361126e-10
1.515239e-10
-7.8853765e-10
2.009878e-10
-1.0410887e-09
2.6501988e-10
-1.3663218e-09
3.472902e-10
-1.7826245e-09
4.5207104e-10
-2.3121907e-09
5.8412693e-10
-2.9814209e-09
7.4842228e-10
-3.8212154e-09
9.4974188e-10
-4.8669566e-09
1.1922744e-09
-6.1608311e-09
-7.7351642e-09
1.4784953e-09
2.1013697e-16
-4.0594263e-15
1.0143013e-15
-1.5544403e-14
2.769783e-15
-3.3957838e-14
6.007391e-15
-6.2684805e-14
1.1509326e-14
-1.0664246e-13
2.0420312e-14
-1.7294619e-13
3.4405692e-14
-2.7185629e-13
5.5875432e-14
-4.1811855e-13
8.8300068e-14
-6.3285535e-13
1.3665417e-13
-9.4622156e-13
2.0803527e-13
-1.4011153e-12
3.1252229e-13
-2.0583321e-12
4.6435772e-13
-3.0036754e-12
6.8356257e-13
-4.357688e-12
9.9812277e-13
-6.2888534e-12
1.4469199e-12
-9.0313196e-12
2.0836167e-12
-1.2908425e-11
2.9817477e-12
-1.8363531e-11
4.2413056e-12
-2.5999888e-11
5.9971539e-12
-3.6631444e-11
8.4296391e-12
-5.1346695e-11
1.1777833e-11
-7.1587879e-11
1.6355925e-11
-9.9248117e-11
2.2573434e-11
-1.3678967e-10
3.0960087e-11
-1.8738733e-10
4.2196403e-11
-2.5510218e-10
5.7151032e-11
-3.4509211e-10
7.6925586e-11
-4.6386661e-10
1.029066e-10
-6.1959228e-10
1.3682207e-10
-8.2245311e-10
1.8079578e-10
-1.0850624e-09
2.3738608e-10
-1.4229121e-09
3.0958738e-10
-1.8548258e-09
4.0075819e-10
-2.4033615e-09
5.1441837e-10
-3.0950811e-09
6.5381242e-10
-3.9606095e-09
8.2125932e-10
-5.0344035e-09
1.0167356e-09
-6.3563074e-09
-7.9552534e-09
1.2368248e-09
1.8623728e-16
-4.2456636e-15
8.9866856e-16
-1.6256835e-14
2.4536364e-15
-3.5512806e-14
5.3212616e-15
-6.555243e-14
1.0194324e-14
-1.1151552e-13
1.8086686e-14
-1.8083855e-13
3.0473293e-14
-2.842429e-13
4.9488483e-14
-4.3713374e-13
7.8205593e-14
-6.6157246e-13
1.2102916e-13
-9.8904513e-13
1.8424178e-13
-1.4643279e-12
2.7676154e-13
-2.1508519e-12
4.1118288e-13
-3.1380967e-12
6.0519442e-13
-4.5516995e-12
8.8349051e-13
-6.5671495e-12
1.2803193e-12
-9.4281484e-12
1.8428361e-12
-1.3470942e-11
2.6354566e-12
-1.9156152e-11
3.7454274e-12
-2.7109859e-11
5.289857e-12
-3.8175873e-11
7.4244786e-12
-5.3481317e-11
1.0354458e-11
-7.4517859e-11
1.4347633e-11
-1.0324129e-10
1.9750642e-11
-1.4219268e-10
2.7008536e-11
-1.9464523e-10
3.6688488e-11
-2.6478213e-10
4.9508126e-11
-3.5791175e-10
6.6368481e-11
-4.8072696e-10
8.8390206e-11
-6.4161401e-10
1.1694916e-10
-8.5101207e-10
1.5370307e-10
-1.1218163e-09
2.0059438e-10
-1.4698034e-09
2.5980589e-10
-1.9140373e-09
3.3363373e-10
-2.4771893e-09
4.2422235e-10
-3.1856697e-09
5.3306471e-10
-4.0694518e-09
6.6033089e-10
-5.1616697e-09
8.0258167e-10
-6.4985582e-09
-8.0950549e-09
9.4238318e-10
1.6191499e-16
-4.4075785e-15
7.8130991e-16
-1.6876229e-14
2.1331165e-15
-3.6864613e-14
4.625717e-15
-6.8045031e-14
8.8606536e-15
-1.1575046e-13
1.5717808e-14
-1.8769571e-13
2.6476403e-14
-2.950015e-13
4.2986126e-14
-4.5364346e-13
6.7907914e-14
-6.8649425e-13
1.0505086e-13
-1.0261881e-12
1.5984054e-13
-1.5191176e-12
2.3996522e-13
-2.2309766e-12
3.5625975e-13
-3.2543912e-12
5.2390278e-13
-4.7193425e-12
7.6401997e-13
-6.8072667e-12
1.1058036e-12
-9.769932e-12
1.5892749e-12
-1.3954413e-11
2.2688285e-12
-1.9835705e-11
3.2177048e-12
-2.8058735e-11
4.5335398e-12
-3.9491708e-11
6.3451399e-12
-5.5292917e-11
8.8206407e-12
-7.699336e-11
1.2177231e-11
-1.0659788e-10
1.669267e-11
-1.4670812e-10
2.2718872e-11
-2.0067143e-10
3.0697774e-11
-2.7276103e-10
4.1179436e-11
-3.6839341e-10
5.4841528e-11
-4.9438905e-10
7.2507704e-11
-6.5928018e-10
9.5159474e-11
-8.7366384e-10
1.2393157e-10
-1.1505884e-09
1.600745e-10
-1.5059464e-09
2.0486058e-10
-1.9588233e-09
2.5940368e-10
-2.5317324e-09
3.2435324e-10
-3.2506193e-09
3.9939311e-10
-4.1444917e-09
4.8290423e-10
-5.2451808e-09
5.7149197e-10
-6.5871459e-09
-8.1996788e-09
6.7611587e-10
1.1671324e-16
-4.5242918e-15
5.6302939e-16
-1.7322546e-14
1.5365798e-15
-3.7838163e-14
3.3304338e-15
-6.9838885e-14
6.3755357e-15
-1.1879556e-13
1.1300957e-14
-1.9262113e-13
1.901911e-14
-3.0271965e-13
3.0845628e-14
-4.6546998e-13
4.8667023e-14
-7.0431564e-13
7.5173592e-14
-1.0526946e-12
1.1418049e-13
-1.5581245e-12
1.710664e-13
-2.2878625e-12
2.5336681e-13
-3.3366917e-12
3.7156683e-13
-4.8375426e-12
5.4014624e-13
-6.9758461e-12
7.7893548e-13
-1.0008721e-11
1.1148438e-12
-1.4290321e-11
1.5840172e-12
-2.0304879e-11
2.2344733e-12
-2.8709191e-11
3.1292395e-12
-4.0386475e-11
4.3499944e-12
-5.6513672e-11
6.0011811e-12
-7.8644546e-11
8.2145324e-12
-1.0881123e-10
1.1153924e-11
-1.4964751e-10
1.5020425e-11
-2.0453793e-10
2.0057272e-11
-2.7779788e-10
2.6554068e-11
-3.7489021e-10
3.4848595e-11
-5.0268358e-10
4.5322833e-11
-6.6975442e-10
5.8386902e-11
-8.8672791e-10
7.4440427e-11
-1.166642e-09
9.3795591e-11
-1.5253015e-09
1.1654123e-10
-1.981569e-09
1.4232848e-10
-2.5575197e-09
1.7005134e-10
-3.2783422e-09
1.973097e-10
-4.1717501e-09
2.2022734e-10
-5.2680985e-09
2.3327237e-10
-6.6001909e-09
-8.1986141e-09
2.3220773e-10
6.2108025e-17
-4.5863998e-15
2.9923478e-16
-1.7559672e-14
8.1586741e-16
-3.8354796e-14
1.7667205e-15
-7.0789738e-14
3.37875e-15
-1.2040759e-13
5.9822983e-15
-1.9522468e-13
1.005482e-14
-3.0679217e-13
1.6281839e-14
-4.71697e-13
2.5641219e-14
-7.1367502e-13
3.9518565e-14
-1.066572e-12
5.9863401e-14
-1.5784693e-12
8.9397593e-14
-2.3173967e-12
1.3188874e-13
-3.3791828e-12
1.9250119e-13
-4.898155e-12
2.7823462e-13
-7.0615795e-12
3.984532e-13
-1.012894e-11
5.6549464e-13
-1.4457363e-11
7.9532569e-13
-2.053471e-11
1.1081776e-12
-2.9022043e-11
1.5290512e-12
-4.0807348e-11
2.0879283e-12
-5.7072549e-11
2.8194732e-12
-7.9376091e-11
3.7619433e-12
-1.097537e-10
4.9549536e-12
-1.5084052e-10
6.435599e-12
-2.0601858e-10
8.2321659e-12
-2.7959444e-10
1.0354114e-11
-3.7701215e-10
1.2775973e-11
-5.0510544e-10
1.5411032e-11
-6.7238948e-10
1.8067979e-11
-8.8938485e-10
2.0380048e-11
-1.168954e-09
2.1692192e-11
-1.5266137e-09
2.0888784e-11
-1.9807656e-09
1.6152372e-11
-2.5527833e-09
4.6545316e-12
-3.2668443e-09
-1.8105748e-11
-4.1489898e-09
-5.839249e-11
-5.2278117e-09
-1.245168e-10
-6.5340666e-09
-8.0972211e-09
-2.2590987e-10
3.8506932e-18
-4.5902505e-15
1.8074373e-17
-1.7573896e-14
4.7950881e-17
-3.8384672e-14
1.0046978e-16
-7.0842257e-14
1.8448038e-16
-1.204916e-13
3.1041548e-16
-1.9535061e-13
4.8910122e-16
-3.0697086e-13
7.2871875e-16
-4.7193662e-13
1.0282371e-15
-7.1397454e-13
1.3643678e-15
-1.0669081e-12
1.6669755e-15
-1.5787719e-12
1.7744197e-15
-2.3175041e-12
1.3547574e-15
-3.3787632e-12
-2.2993369e-16
-4.8965703e-12
-4.1520885e-15
-7.0576574e-12
-1.249561e-14
-1.0120596e-11
-2.8864896e-14
-1.4440993e-11
-5.934837e-14
-2.0504226e-11
-1.1401051e-13
-2.8967381e-11
-2.091521e-13
-4.0712207e-11
-3.7065903e-13
-5.6911042e-11
-6.3885458e-13
-7.9107896e-11
-1.0753801e-12
-1.0931718e-10
-1.7727635e-12
-1.5014314e-10
-2.8675298e-12
-2.0492381e-10
-4.5580499e-12
-2.7790392e-10
-7.1289492e-12
-3.7444125e-10
-1.0984995e-11
-5.0124939e-10
-1.6699127e-11
-6.6667535e-10
-2.5081707e-11
-8.8100227e-10
-3.7280912e-11
-1.1567548e-09
-5.4926639e-11
-1.5089679e-09
-8.0331996e-11
-1.9553602e-09
-1.1676749e-10
-2.5163478e-09
-1.6867719e-10
-3.2149346e-09
-2.4260102e-10
-4.075066e-09
-3.4703947e-10
-5.1233733e-09
-4.9257314e-10
-6.3885329e-09
-7.8978234e-09
-6.9197077e-10
-5.9920532e-17
-4.53033e-15
-2.8983523e-16
-1.7343981e-14
-7.9308085e-16
-3.7881427e-14
-1.7241192e-15
-6.9911219e-14
-3.3121871e-15
-1.1890353e-13
-5.8955811e-15
-1.9276722e-13
-9.9713245e-15
-3.0289511e-13
-1.6267056e-14
-4.6564088e-13
-2.5844991e-14
-7.0439661e-13
-4.0252144e-14
-1.052501e-12
-6.1737178e-14
-1.5572869e-12
-9.3563086e-14
-2.2856782e-12
-1.4045735e-13
-3.3318689e-12
-2.092587e-13
-4.827769e-12
-3.0984376e-13
-6.9570723e-12
-4.5644993e-13
-9.9739902e-12
-6.6955453e-13
-1.4227889e-11
-9.7852773e-13
-2.0195253e-11
-1.4253482e-12
-2.8520561e-11
-2.0697578e-12
-4.0067797e-11
-2.9963316e-12
-5.5984468e-11
-4.3240594e-12
-7.7780168e-11
-6.2191704e-12
-1.0742207e-10
-8.9121178e-12
-1.4745019e-10
-1.2719904e-11
-2.0111603e-10
-1.8075347e-11
-2.7254848e-10
-2.5565578e-11
-3.6695102e-10
-3.5983134e-11
-4.9083184e-10
-5.0394627e-11
-6.5226385e-10
-7.0234038e-11
-8.6116286e-10
-9.7429548e-11
-1.1295593e-09
-1.3457229e-10
-1.4718252e-09
-1.8513113e-10
-1.9048014e-09
-2.5379477e-10
-2.4476841e-09
-3.4650106e-10
-3.1222283e-09
-4.7168627e-10
-3.9498808e-09
-6.3970106e-10
-4.9553585e-09
-8.6307635e-10
-6.1651577e-09
-7.6039099e-09
-1.1569899e-09
-1.2588978e-16
-4.4044402e-15
-6.0827452e-16
-1.6861597e-14
-1.6628038e-15
-3.6826898e-14
-3.6109978e-15
-6.7963025e-14
-6.9285435e-15
-1.1558599e-13
-1.2314876e-14
-1.8738089e-13
-2.0793201e-14
-2.9441679e-13
-3.385396e-14
-4.5258013e-13
-5.366013e-14
-6.8459044e-13
-8.33403e-14
-1.0228208e-12
-1.2740589e-13
-1.5132213e-12
-1.9234329e-13
-2.2207408e-12
-2.8745128e-13
-3.2367609e-12
-4.2602055e-13
-4.6891997e-12
-6.2698701e-13
-6.7561058e-12
-9.1723664e-13
-9.6837405e-12
-1.3347977e-12
-1.3810328e-11
-1.9332295e-12
-1.9596821e-11
-2.7876059e-12
-2.7666184e-11
-4.0025976e-12
-3.8852805e-11
-5.7232821e-12
-5.4263784e-11
-8.1494535e-12
-7.5353996e-11
-1.1554377e-11
-1.0401714e-10
-1.6309154e-11
-1.4269541e-10
-2.2914151e-11
-1.9451103e-10
-3.2039437e-11
-2.6342319e-10
-4.4576815e-11
-3.5441365e-10
-6.1707123e-11
-4.7370153e-10
-8.498792e-11
-6.2898306e-10
-1.1646851e-10
-8.2968227e-10
-1.5884082e-10
-1.087187e-09
-2.1562935e-10
-1.4150367e-09
-2.9138625e-10
-1.8290445e-09
-3.920507e-10
-2.3470197e-09
-5.2535151e-10
-2.9889275e-09
-7.0077386e-10
-3.7744584e-09
-9.3036196e-10
-4.7257704e-09
-1.2287614e-09
-5.8667582e-09
-7.2201468e-09
-1.6125244e-09
-1.9359518e-16
-4.210845e-15
-9.3511368e-16
-1.6120078e-14
-2.5554472e-15
-3.5206564e-14
-5.5474455e-15
-6.4971026e-14
-1.0639446e-14
-1.1049399e-13
-1.8900936e-14
-1.791194e-13
-3.1893999e-14
-2.8142373e-13
-5.1889795e-14
-4.3258433e-13
-8.2177111e-14
-6.5430312e-13
-1.2750076e-13
-9.7749714e-13
-1.9468233e-13
-1.4460397e-12
-2.9349571e-13
-2.1219274e-12
-4.3789646e-13
-3.0923601e-12
-6.4773949e-13
-4.4793567e-12
-9.5116519e-13
-6.4526801e-12
-1.3878927e-12
-9.2470131e-12
-2.0137316e-12
-1.3184489e-11
-2.9067136e-12
-1.8703839e-11
-4.1753484e-12
-2.6397549e-11
-5.9696347e-12
-3.7058519e-11
-8.495595e-12
-5.1737823e-11
-1.2034265e-11
-7.1815326e-11
-1.6966266e-11
-9.9085141e-11
-2.3803329e-11
-1.3585835e-10
-3.3228489e-11
-1.8508587e-10
-4.6147118e-11
-2.5050456e-10
-6.3751653e-11
-3.3680911e-10
-8.7603744e-11
-4.4984944e-10
-1.1973868e-10
-5.9684813e-10
-1.6279857e-10
-7.8662238e-10
-2.2020468e-10
-1.0297809e-09
-2.9638853e-10
-1.3388528e-09
-3.9706657e-10
-1.7283665e-09
-5.2894702e-10
-2.2151392e-09
-7.0124179e-10
-2.8166327e-09
-9.2508455e-10
-3.5506156e-09
-1.2136663e-09
-4.4371886e-09
-1.5829739e-09
-5.4974507e-09
-6.7522319e-09
-2.0508888e-09
-2.6088564e-16
-3.9499594e-15
-1.2599237e-15
-1.512104e-14
-3.4425144e-15
-3.3023973e-14
-7.4717622e-15
-6.0941778e-14
-1.4327073e-14
-1.0363867e-13
-2.5445676e-14
-1.6800079e-13
-4.2925172e-14
-2.6394423e-13
-6.9812577e-14
-4.0569692e-13
-1.1051546e-13
-6.1360024e-13
-1.7138473e-13
-9.1662788e-13
-2.6153753e-13
-1.3558869e-12
-3.9401415e-13
-1.9894508e-12
-5.873963e-13
-2.898978e-12
-8.6805837e-13
-4.1986946e-12
-1.273279e-12
-6.0474595e-12
-1.8555114e-12
-8.6647807e-12
-2.6881962e-12
-1.2351804e-11
-3.8736043e-12
-1.7518431e-11
-5.5533188e-12
-2.4717835e-11
-7.9220975e-12
-3.468974e-11
-1.124602e-11
-4.8413901e-11
-1.5885994e-11
-6.7175352e-11
-2.2327914e-11
-9.2643221e-11
-3.1221027e-11
-1.2696524e-10
-4.342641e-11
-1.7288049e-10
-6.0077933e-11
-2.3385304e-10
-8.2658675e-11
-3.1422837e-10
-1.1309643e-10
-4.1941168e-10
-1.5388256e-10
-5.5606199e-10
-2.0821845e-10
-7.322865e-10
-2.8019172e-10
-9.5780763e-10
-3.7498699e-10
-1.2440575e-09
-4.9931343e-10
-1.60404e-09
-6.6143348e-10
-2.0530192e-09
-8.7120567e-10
-2.6068606e-09
-1.1406614e-09
-3.28116e-09
-1.4843861e-09
-4.0934638e-09
-1.9195409e-09
-5.0622959e-09
-6.2066812e-09
-2.4650916e-09
-3.2634151e-16
-3.6236178e-15
-1.5758759e-15
-1.3871506e-14
-4.3053681e-15
-3.0294481e-14
-9.3434737e-15
-5.5903673e-14
-1.7913691e-14
-9.5068456e-14
-3.1810704e-14
-1.5410378e-13
-5.3652533e-14
-2.421024e-13
-8.7239971e-14
-3.7210949e-13
-1.380672e-13
-5.6277301e-13
-2.1404447e-13
-8.4065061e-13
-3.2651674e-13
-1.2434147e-12
-4.916927e-13
-1.8242749e-12
-7.3263897e-13
-2.6580317e-12
-1.0820463e-12
-3.8492873e-12
-1.5860406e-12
-5.5434652e-12
-2.3093934e-12
-7.9414278e-12
-3.3425856e-12
-1.1318612e-11
-4.8112928e-12
-1.6049724e-11
-6.888996e-12
-2.2640132e-11
-9.8135691e-12
-3.1765167e-11
-1.3908859e-11
-4.4318611e-11
-1.9612469e-11
-6.1471743e-11
-2.7511164e-11
-8.4744525e-11
-3.8385627e-11
-1.1609078e-10
-5.3266598e-11
-1.5799951e-10
-7.350496e-11
-2.1361468e-10
-1.0085879e-10
-2.8687454e-10
-1.3760098e-10
-3.8266949e-10
-1.8665132e-10
-5.0701166e-10
-2.5173676e-10
-6.6720106e-10
-3.3758276e-10
-8.7196162e-10
-4.5013673e-10
-1.1315036e-09
-5.9671784e-10
-1.4574589e-09
-7.8664772e-10
-1.8630893e-09
-1.0310502e-09
-2.3624581e-09
-1.3428464e-09
-2.9693638e-09
-1.7374246e-09
-3.6988856e-09
-2.2327654e-09
-4.5669551e-09
-5.5906283e-09
-2.8488183e-09
-3.8813747e-16
-3.2354804e-15
-1.8741528e-15
-1.238549e-14
-5.1199327e-15
-2.7048701e-14
-1.1110399e-14
-4.9913206e-14
-2.1299444e-14
-8.4879412e-14
-3.7819118e-14
-1.3758411e-13
-6.3778587e-14
-2.1614293e-13
-1.0368995e-13
-3.3219812e-13
-1.6407267e-13
-5.023903e-13
-2.5430811e-13
-7.5041517e-13
-3.8784264e-13
-1.1098801e-12
-5.8387296e-13
-1.6282445e-12
-8.6969409e-13
-2.3722106e-12
-1.2839499e-12
-3.4350315e-12
-1.8811014e-12
-4.9463137e-12
-2.7375194e-12
-7.0850098e-12
-3.9597192e-12
-1.0096412e-11
-5.6953819e-12
-1.4314061e-11
-8.1479493e-12
-2.0187564e-11
-1.1595742e-11
-2.8317375e-11
-1.6416719e-11
-3.9497634e-11
-2.31202e-11
-5.4768262e-11
-3.2387087e-11
-7.5477638e-11
-4.512043e-11
-1.0335743e-10
-6.2508495e-11
-1.4061145e-10
-8.6102976e-11
-1.900202e-10
-1.1791537e-10
-2.5506214e-10
-1.6053495e-10
-3.4004992e-10
-2.1727152e-10
-4.5027508e-10
-2.9232563e-10
-5.9214696e-10
-3.9098574e-10
-7.7330151e-10
-5.198439e-10
-1.0026454e-09
-6.8699198e-10
-1.2903108e-09
-9.0243399e-10
-1.6476473e-09
-1.17821e-09
-2.086682e-09
-1.5281611e-09
-2.6194127e-09
-1.9684397e-09
-3.258607e-09
-2.5176389e-09
-4.0177559e-09
-4.9117623e-09
-3.1965049e-09
-4.4470168e-16
-2.7907787e-15
-2.147173e-15
-1.0683019e-14
-5.8655136e-15
-2.3330361e-14
-1.272765e-14
-4.305107e-14
-2.4398291e-14
-7.3208771e-14
-4.3318164e-14
-1.1866423e-13
-7.3045744e-14
-1.8641535e-13
-1.1874375e-13
-2.8650011e-13
-1.8786927e-13
-4.3326478e-13
-2.9114875e-13
-6.4713569e-13
-4.4394939e-13
-9.5707949e-13
-6.681984e-13
-1.4039955e-12
-9.950534e-13
-2.0453556e-12
-1.4685943e-12
-2.9614906e-12
-2.1508892e-12
-4.2640188e-12
-3.1288898e-12
-6.1070092e-12
-4.5237291e-12
-8.7015728e-12
-6.5031338e-12
-1.2334656e-11
-9.2978158e-12
-1.7392882e-11
-1.3222873e-11
-2.4392317e-11
-1.8705411e-11
-3.4015096e-11
-2.6319786e-11
-4.7153887e-11
-3.6832126e-11
-6.4965298e-11
-5.1256027e-11
-8.8933532e-11
-7.0921703e-11
-1.2094577e-10
-9.7561236e-11
-1.6338067e-10
-1.3341291e-10
-2.1921046e-10
-1.8134776e-10
-2.9211508e-10
-2.4502089e-10
-3.8660194e-10
-3.290488e-10
-5.0811904e-10
-4.3921027e-10
-6.6314005e-10
-5.8266176e-10
-8.5919392e-10
-7.6815431e-10
-1.1048183e-09
-1.0063285e-09
-1.4094731e-09
-1.3098628e-09
-1.7831478e-09
-1.693361e-09
-2.2359144e-09
-2.1736405e-09
-2.7783276e-09
-2.7698283e-09
-3.421568e-09
-4.1782547e-09
-3.5033359e-09
-4.9443758e-16
-2.2963411e-15
-2.387224e-15
-8.7902325e-15
-6.5210413e-15
-1.9196544e-14
-1.4149536e-14
-3.5422575e-14
-2.7122753e-14
-6.0235554e-14
-4.8152776e-14
-9.7634211e-14
-8.1193057e-14
-1.5337507e-13
-1.3197824e-13
-2.3571492e-13
-2.087896e-13
-3.5645343e-13
-3.2353582e-13
-5.3238947e-13
-4.932723e-13
-7.87343e-13
-7.4232572e-13
-1.1549421e-12
-1.1052475e-12
-1.6824338e-12
-1.6308928e-12
-2.4358453e-12
-2.3880105e-12
-3.5069011e-12
-3.4728408e-12
-5.0221789e-12
-5.019343e-12
-7.1550706e-12
-7.2128224e-12
-1.0141177e-11
-1.0307887e-11
-1.4297818e-11
-1.465183e-11
-2.0048374e-11
-2.0714732e-11
-2.7952195e-11
-2.912775e-11
-3.8740868e-11
-4.0731325e-11
-5.3361723e-11
-5.6635272e-11
-7.3029586e-11
-7.8293082e-11
-9.9287962e-11
-1.0759308e-10
-1.3408066e-10
-1.4696937e-10
-1.7983418e-10
-1.9953527e-10
-2.3954917e-10
-2.6924144e-10
-3.1689577e-10
-3.6105848e-10
-4.1630201e-10
-4.8118042e-10
-5.430181e-10
-6.3723992e-10
-7.0313443e-10
-8.3852376e-10
-9.0353444e-10
-1.0962087e-09
-1.1517882e-09
-1.4234885e-09
-1.4558679e-09
-1.8355472e-09
-1.8238557e-09
-2.349729e-09
-2.2641459e-09
-2.9856267e-09
-2.7856703e-09
-3.3986653e-09
-3.7652162e-09
-5.3604061e-16
-1.7603005e-15
-2.588022e-15
-6.7382511e-15
-7.0693519e-15
-1.4715214e-14
-1.5338811e-14
-2.7153116e-14
-2.9401413e-14
-4.6172952e-14
-5.2196115e-14
-7.4839509e-14
-8.8006563e-14
-1.1756462e-13
-1.4304548e-13
-1.8067601e-13
-2.2628296e-13
-2.7321595e-13
-3.5061568e-13
-4.0805675e-13
-5.3450954e-13
-6.0344914e-13
-8.0429553e-13
-8.8515613e-13
-1.1973593e-12
-1.28937e-12
-1.7665424e-12
-1.8666622e-12
-2.5861692e-12
-2.6872742e-12
-3.7602286e-12
-3.8481195e-12
-5.4333745e-12
-5.4819247e-12
-7.8055625e-12
-7.7689891e-12
-1.1151303e-11
-1.0952078e-11
-1.5844688e-11
-1.5354989e-11
-2.2391539e-11
-2.1405344e-11
-3.1470206e-11
-2.9662201e-11
-4.3982794e-11
-4.0849134e-11
-6.1118843e-11
-5.5893537e-11
-8.44338e-11
-7.5973005e-11
-1.1594493e-10
-1.0256953e-10
-1.5824747e-10
-1.3753164e-10
-2.1465353e-10
-1.8314311e-10
-2.8935528e-10
-2.4219402e-10
-3.8761146e-10
-3.1804583e-10
-5.1595237e-10
-4.1467719e-10
-6.8239319e-10
-5.3669361e-10
-8.96642e-10
-6.8928562e-10
-1.1702983e-09
-8.7813183e-10
-1.5169658e-09
-1.1092004e-09
-1.9522633e-09
-1.3885582e-09
-2.4939336e-09
-1.7224756e-09
-3.1619497e-09
-2.1176542e-09
-2.5818605e-09
-3.9787545e-09
-5.6739299e-16
-1.1929075e-15
-2.7393674e-15
-4.5662766e-15
-7.4827934e-15
-9.9717877e-15
-1.62362e-14
-1.8399709e-14
-3.1122701e-14
-3.1286451e-14
-5.5255176e-14
-5.0707033e-14
-9.3172175e-14
-7.9647625e-14
-1.5145803e-13
-1.2239016e-13
-2.3962068e-13
-1.8505329e-13
-3.7132708e-13
-2.7635035e-13
-5.6613946e-13
-4.0863676e-13
-8.5194568e-13
-5.993499e-13
-1.2683319e-12
-8.7298383e-13
-1.8712334e-12
-1.2637607e-12
-2.739299e-12
-1.8192087e-12
-3.9825237e-12
-2.6048948e-12
-5.7538463e-12
-3.7106021e-12
-8.2645631e-12
-5.2582723e-12
-1.1804581e-11
-7.4120599e-12
-1.6768711e-11
-1.0390859e-11
-2.3690383e-11
-1.4483671e-11
-3.3284377e-11
-2.0068208e-11
-4.6500354e-11
-2.7633157e-11
-6.4589271e-11
-3.780462e-11
-8.9185013e-11
-5.1377263e-11
-1.2240388e-10
-6.9350669e-11
-1.6696459e-10
-9.2970923e-11
-2.2633126e-10
-1.2377645e-10
-3.0488012e-10
-1.6364516e-10
-4.0808875e-10
-2.1483719e-10
-5.4274168e-10
-2.8002427e-10
-7.1714119e-10
-3.6229411e-10
-9.4130748e-10
-4.6511933e-10
-1.2271531e-09
-5.9228622e-10
-1.5885855e-09
-7.4776807e-10
-2.0415347e-09
-9.3560904e-10
-2.6040314e-09
-1.1599789e-09
-3.2963359e-09
-1.4253497e-09
-1.7369439e-09
-4.1412524e-09
-5.8921034e-16
-6.0369712e-16
-2.8447868e-15
-2.3107002e-15
-7.7716042e-15
-5.0449703e-15
-1.6865393e-14
-9.3059197e-15
-3.2334243e-14
-1.5817602e-14
-5.7416041e-14
-2.5625234e-14
-9.6831106e-14
-4.023256e-14
-1.5742429e-13
-6.1796969e-14
-2.4906976e-13
-9.3407826e-14
-3.8594822e-13
-1.3947189e-13
-5.8835789e-13
-2.062271e-13
-8.8524197e-13
-3.0246582e-13
-1.3176812e-12
-4.4054462e-13
-1.9437137e-12
-6.3772819e-13
-2.8449292e-12
-9.1799319e-13
-4.1354101e-12
-1.3144138e-12
-5.973737e-12
-1.8722752e-12
-8.5789334e-12
-2.6530759e-12
-1.22514e-11
-3.7395935e-12
-1.7400067e-11
-5.2421922e-12
-2.4577178e-11
-7.3065596e-12
-3.452232e-11
-1.0123066e-11
-4.8217513e-11
-1.3937964e-11
-6.6955459e-11
-1.9066673e-11
-9.2423294e-11
-2.5909428e-11
-1.2680445e-10
-3.4969515e-11
-1.7290125e-10
-4.6874117e-11
-2.3428047e-10
-6.2397228e-11
-3.1544247e-10
-8.2483161e-11
-4.2201194e-10
-1.0826772e-10
-5.6094371e-10
-1.4109249e-10
-7.4073139e-10
-1.8250643e-10
-9.7160138e-10
-2.3424933e-10
-1.2656731e-09
-2.9821451e-10
-1.6370543e-09
-3.7638689e-10
-2.1018754e-09
-4.707879e-10
-2.6783547e-09
-5.8349957e-10
-3.3869445e-09
-7.1675989e-10
-8.731932e-10
-4.2506952e-09
-6.0369711e-16
-2.9143973e-15
-7.9593676e-15
-1.7265287e-14
-3.3082889e-14
-5.8708124e-14
-9.8940684e-14
-1.6073765e-13
-2.5414548e-13
-3.9361737e-13
-5.9984447e-13
-9.0231029e-13
-1.3428549e-12
-1.9805831e-12
-2.8985763e-12
-4.2129901e-12
-6.0852653e-12
-8.7383412e-12
-1.2477935e-11
-1.7720127e-11
-2.5026686e-11
-3.5149753e-11
-4.9087717e-11
-6.815439e-11
-9.4063818e-11
-1.2903333e-10
-1.7590745e-10
-2.3830468e-10
-3.2078784e-10
-4.2905556e-10
-5.7014805e-10
-7.5265449e-10
-9.8690382e-10
-1.2851183e-09
-1.6615052e-09
-2.1322931e-09
-2.7157927e-09
-3.4325526e-09
-4.3057458e-09
1.2972988e-09
-1.8386856e-10
1.4935042e-09
-1.9620538e-10
1.6984147e-09
-2.0491051e-10
1.9131085e-09
-2.1469379e-10
2.137106e-09
-2.2399752e-10
2.3699731e-09
-2.3286716e-10
2.6110318e-09
-2.4105868e-10
2.8591826e-09
-2.4815079e-10
3.1129345e-09
-2.5375186e-10
3.370267e-09
-2.573325e-10
3.6285439e-09
-2.5827687e-10
3.8843869e-09
-2.5584306e-10
4.1336628e-09
-2.4927582e-10
4.3706582e-09
-2.369954e-10
-2.2017637e-10
4.5908345e-09
1.3392308e-09
-3.729068e-10
1.5412086e-09
-3.9818324e-10
1.7523526e-09
-4.1605453e-10
1.9737693e-09
-4.3611046e-10
2.2049221e-09
-4.5515029e-10
2.4453651e-09
-4.7331017e-10
2.6943705e-09
-4.9006409e-10
2.9507955e-09
-5.045758e-10
3.2130829e-09
-5.1603928e-10
3.4791308e-09
-5.2338038e-10
3.7462029e-09
-5.25349e-10
4.0107855e-09
-5.2042566e-10
4.2686055e-09
-5.0709579e-10
4.5137202e-09
-4.8211008e-10
-4.4788943e-10
4.7414332e-09
1.3860198e-09
-5.6776822e-10
1.5944648e-09
-6.0662825e-10
1.812629e-09
-6.3421876e-10
2.0415987e-09
-6.650801e-10
2.2807893e-09
-6.9434094e-10
2.5297265e-09
-7.2224735e-10
2.7876232e-09
-7.4796079e-10
3.0532786e-09
-7.7023119e-10
3.3250524e-09
-7.8781306e-10
3.6007418e-09
-7.9906981e-10
3.877489e-09
-8.0209619e-10
4.1516229e-09
-7.9455953e-10
4.4187004e-09
-7.7417328e-10
4.6725421e-09
-7.3595185e-10
-6.8356016e-10
4.9082129e-09
1.4381571e-09
-7.6920579e-10
1.6538733e-09
-8.2234439e-10
1.87996e-09
-8.6030553e-10
2.1174296e-09
-9.0254969e-10
2.3656609e-09
-9.4257223e-10
2.6241308e-09
-9.8071728e-10
2.8919836e-09
-1.0158136e-09
3.1679434e-09
-1.0461909e-09
3.450268e-09
-1.0701377e-09
3.7366328e-09
-1.0854346e-09
4.0240338e-09
-1.0894972e-09
4.3086201e-09
-1.0791458e-09
4.5857441e-09
-1.0512973e-09
4.8489844e-09
-9.9919216e-10
-9.276526e-10
5.0930769e-09
1.4960186e-09
-9.7806093e-10
1.7199216e-09
-1.0462474e-09
1.9549456e-09
-1.0953295e-09
2.2019796e-09
-1.1495837e-09
2.4603727e-09
-1.2009653e-09
2.7295348e-09
-1.2498794e-09
3.00853e-09
-1.2948087e-09
3.2959884e-09
-1.3336494e-09
3.5900461e-09
-1.3641954e-09
3.8882334e-09
-1.3836219e-09
4.1873745e-09
-1.3886382e-09
4.4834144e-09
-1.3751858e-09
4.7714661e-09
-1.339349e-09
5.0448567e-09
-1.2725827e-09
-1.180701e-09
5.2979051e-09
1.5598092e-09
-1.195251e-09
1.7929169e-09
-1.2793551e-09
2.038002e-09
-1.3404146e-09
2.2957765e-09
-1.4073583e-09
2.5655662e-09
-1.470755e-09
2.846698e-09
-1.5310111e-09
3.138142e-09
-1.5862527e-09
3.4384147e-09
-1.6339221e-09
3.7455083e-09
-1.671289e-09
4.0567846e-09
-1.6948982e-09
4.368869e-09
-1.7007226e-09
4.6774775e-09
-1.6837943e-09
4.9774488e-09
-1.6393203e-09
5.2618463e-09
-1.5569802e-09
-1.4433407e-09
5.5244859e-09
1.6294953e-09
-1.4217483e-09
1.8729101e-09
-1.5227699e-09
2.1292846e-09
-1.5967891e-09
2.3990753e-09
-1.677149e-09
2.6816003e-09
-1.75328e-09
2.9760907e-09
-1.8255014e-09
3.281406e-09
-1.8915681e-09
3.595928e-09
-1.9484441e-09
3.917483e-09
-1.992844e-09
4.2432395e-09
-2.0206547e-09
4.569598e-09
-2.0270811e-09
4.8920202e-09
-2.0062165e-09
5.2050371e-09
-1.9523372e-09
5.501434e-09
-1.8533771e-09
-1.7163468e-09
5.7744401e-09
1.7047284e-09
-1.6585469e-09
1.959614e-09
-1.7776555e-09
2.2286038e-09
-1.8657789e-09
2.5117649e-09
-1.9603101e-09
2.808454e-09
-2.0499691e-09
3.1177931e-09
-2.1348406e-09
3.4385114e-09
-2.2122863e-09
3.7688339e-09
-2.2787667e-09
4.1063987e-09
-2.3304088e-09
4.4481575e-09
-2.3624135e-09
4.7902604e-09
-2.369184e-09
5.1278906e-09
-2.3438466e-09
5.4552408e-09
-2.2796875e-09
5.7648019e-09
-2.1629381e-09
-2.0006821e-09
6.0491372e-09
1.7847647e-09
-1.9066137e-09
2.0523277e-09
-2.0452185e-09
2.3353356e-09
-2.1487868e-09
2.633271e-09
-2.2582455e-09
2.9456249e-09
-2.362323e-09
3.2713916e-09
-2.4606073e-09
3.6091443e-09
-2.5500391e-09
3.9569298e-09
-2.6265521e-09
4.3121758e-09
-2.6856549e-09
4.6715954e-09
-2.7218331e-09
5.0310659e-09
-2.7286545e-09
5.3854696e-09
-2.6982503e-09
5.7286342e-09
-2.622852e-09
6.0527391e-09
-2.487043e-09
-2.2975512e-09
6.3496082e-09
1.8687256e-09
-2.1671656e-09
2.1502177e-09
-2.3267106e-09
2.4483468e-09
-2.4469159e-09
2.7624576e-09
-2.5723563e-09
3.0920314e-09
-2.6918967e-09
3.4358782e-09
-2.8044541e-09
3.7923864e-09
-2.9065473e-09
4.1594022e-09
-2.9935679e-09
4.5341236e-09
-3.0603762e-09
4.9130057e-09
-3.1007152e-09
5.2916342e-09
-3.1072831e-09
5.6645725e-09
-3.0711886e-09
6.0252601e-09
-2.9835396e-09
6.3655501e-09
-2.827333e-09
-2.6084616e-09
6.6764605e-09
1.9553692e-09
-2.4417206e-09
2.2518049e-09
-2.6231462e-09
2.5657641e-09
-2.7608751e-09
2.8975293e-09
-2.9041214e-09
3.2459264e-09
-3.0402938e-09
3.6095645e-09
-3.1680922e-09
3.9866278e-09
-3.2836106e-09
4.3747408e-09
-3.3816809e-09
4.7708543e-09
-3.4564898e-09
5.1711509e-09
-3.5010118e-09
5.5709107e-09
-3.5070428e-09
5.9643651e-09
-3.4646431e-09
6.3445487e-09
-3.3637233e-09
6.7029751e-09
-3.1857594e-09
-2.9352863e-09
7.0297999e-09
2.0413824e-09
-2.7309741e-09
2.353847e-09
-2.9356109e-09
2.6851519e-09
-3.0921799e-09
3.0359972e-09
-3.2549667e-09
3.4048334e-09
-3.4091301e-09
3.790019e-09
-3.5532777e-09
4.189506e-09
-3.6830976e-09
4.6006776e-09
-3.7928525e-09
5.0202237e-09
-3.8760359e-09
5.4440444e-09
-3.9248324e-09
5.8671072e-09
-3.9301056e-09
6.2833054e-09
-3.8808413e-09
6.6852577e-09
-3.7656756e-09
7.0641295e-09
-3.5646312e-09
-3.2803267e-09
7.4091699e-09
2.12316e-09
-3.035063e-09
2.4526743e-09
-3.2651251e-09
2.8032042e-09
-3.4427098e-09
3.1746041e-09
-3.6263666e-09
3.5655105e-09
-3.8000365e-09
3.9740374e-09
-3.9618046e-09
4.3978803e-09
-4.1069405e-09
4.8341644e-09
-4.2291367e-09
5.2793094e-09
-4.3211808e-09
5.72893e-09
-4.374453e-09
6.1776814e-09
-4.3788571e-09
6.6191204e-09
-4.3222803e-09
7.0454463e-09
-4.1920015e-09
7.4474729e-09
-3.9666578e-09
-3.6463679e-09
7.8135141e-09
2.1977979e-09
-3.3545339e-09
2.5450058e-09
-3.6123331e-09
2.9158947e-09
-3.8135987e-09
3.3093379e-09
-4.0198098e-09
3.7239637e-09
-4.2146623e-09
4.1576605e-09
-4.3955014e-09
4.6078533e-09
-4.5571333e-09
5.0713971e-09
-4.6926805e-09
5.5444376e-09
-4.7942213e-09
6.0223086e-09
-4.852324e-09
6.499362e-09
-4.8559104e-09
6.9688279e-09
-4.7917462e-09
7.4224904e-09
-4.645664e-09
7.8508155e-09
-4.3949829e-09
-4.0367234e-09
8.241171e-09
2.2611327e-09
-3.6898724e-09
2.6265139e-09
-3.9777144e-09
3.0186724e-09
-4.2057571e-09
3.4355301e-09
-4.4366675e-09
3.8755162e-09
-4.6546484e-09
4.3362445e-09
-4.8562297e-09
4.8148462e-09
-5.035735e-09
5.3078948e-09
-5.1857291e-09
5.8112641e-09
-5.2975906e-09
6.3200193e-09
-5.3610792e-09
6.8282266e-09
-5.3641177e-09
7.3288083e-09
-5.2923279e-09
7.8131459e-09
-5.1300016e-09
8.2713677e-09
-4.8532047e-09
-4.4552618e-09
8.6899061e-09
2.3081626e-09
-4.0413295e-09
2.6920743e-09
-4.361626e-09
3.1063681e-09
-4.6200509e-09
3.5479439e-09
-4.8782433e-09
4.014925e-09
-5.1216295e-09
4.504586e-09
-5.3458907e-09
5.0137292e-09
-5.5448783e-09
5.5386343e-09
-5.7106342e-09
6.0749106e-09
-5.8338669e-09
6.617375e-09
-5.9035436e-09
7.1598344e-09
-5.9065771e-09
7.6949306e-09
-5.8274241e-09
8.2136616e-09
-5.6487326e-09
8.7058367e-09
-5.3453799e-09
-4.9064111e-09
9.156986e-09
2.3334314e-09
-4.4090076e-09
2.7361044e-09
-4.7642991e-09
3.1733442e-09
-5.0572907e-09
3.6409184e-09
-5.3458174e-09
4.1365467e-09
-5.6172579e-09
4.6570989e-09
-5.8664429e-09
5.1990051e-09
-6.0867844e-09
5.7582376e-09
-6.2698668e-09
6.3301536e-09
-6.405783e-09
6.9093502e-09
-6.4827403e-09
7.4894094e-09
-6.4866362e-09
8.0627259e-09
-6.4007406e-09
8.6199403e-09
-6.2059471e-09
9.1505682e-09
-5.8760077e-09
-5.3951367e-09
9.6392939e-09
2.3311432e-09
-4.7929394e-09
2.7527472e-09
-5.1859031e-09
3.2137002e-09
-5.5182437e-09
3.7085714e-09
-5.8406887e-09
4.234551e-09
-6.1432374e-09
4.788036e-09
-6.4199279e-09
5.365035e-09
-6.6637834e-09
5.9611997e-09
-6.8660315e-09
6.5716532e-09
-7.0162365e-09
7.1908083e-09
-7.1018953e-09
7.8120624e-09
-7.1078904e-09
8.427601e-09
-7.0162792e-09
9.0277379e-09
-6.806084e-09
9.6017251e-09
-6.449995e-09
-5.9268916e-09
1.013348e-08
2.2953445e-09
-5.1931792e-09
2.7361077e-09
-5.6266663e-09
3.2215205e-09
-6.0036564e-09
3.7450447e-09
-6.3642129e-09
4.3031686e-09
-6.7013613e-09
4.8917397e-09
-7.008499e-09
5.5062918e-09
-7.2783355e-09
6.1421434e-09
-7.501883e-09
6.794207e-09
-7.6683002e-09
7.4567528e-09
-7.7644411e-09
8.1230379e-09
-7.7741754e-09
8.7850757e-09
-7.6783171e-09
9.4328867e-09
-7.4538949e-09
1.0055492e-08
-7.0726007e-09
-6.5075393e-09
1.063614e-08
2.2200983e-09
-5.6098675e-09
2.6804993e-09
-6.0870673e-09
3.1911423e-09
-6.5142994e-09
3.7447659e-09
-6.9178366e-09
4.3369523e-09
-7.2935477e-09
4.962903e-09
-7.6344497e-09
5.6176202e-09
-7.9330527e-09
6.2960777e-09
-8.1803405e-09
6.9930076e-09
-8.3652301e-09
7.7025825e-09
-8.474016e-09
8.4179632e-09
-8.4895562e-09
9.1310242e-09
-8.391378e-09
9.8315248e-09
-8.1543955e-09
1.050829e-08
-7.7493656e-09
-7.1432535e-09
1.1144004e-08
2.0995454e-09
-6.0431442e-09
2.5805717e-09
-6.5680935e-09
3.1173651e-09
-7.0510928e-09
3.7026798e-09
-7.5031513e-09
4.3310184e-09
-7.9218862e-09
4.9968157e-09
-8.3002471e-09
5.6944826e-09
-8.6307196e-09
6.4186429e-09
-8.9045008e-09
7.1638845e-09
-9.1104716e-09
7.9243293e-09
-9.2344608e-09
8.6930816e-09
-9.2583085e-09
9.4618989e-09
-9.1601953e-09
1.022031e-08
-8.9128071e-09
1.0956973e-08
-8.4860281e-09
-7.8403982e-09
1.1654118e-08
1.9282967e-09
-6.4929456e-09
2.4314351e-09
-7.0712319e-09
2.9956535e-09
-7.6153112e-09
3.61448e-09
-8.1219778e-09
4.2812832e-09
-8.5886894e-09
4.9895963e-09
-9.0085601e-09
5.7331847e-09
-9.374308e-09
6.506329e-09
-9.6776452e-09
7.3035167e-09
-9.9076593e-09
8.1188649e-09
-1.0049809e-08
8.9454507e-09
-1.0084894e-08
9.7749211e-09
-9.9896657e-09
1.0596604e-08
-9.7344899e-09
1.1399006e-08
-9.2884304e-09
-8.6053977e-09
1.2164006e-08
1.7031825e-09
-6.9593034e-09
2.2300792e-09
-7.5981286e-09
2.8231228e-09
-8.2083548e-09
3.4772512e-09
-8.7761062e-09
4.1848731e-09
-9.2963113e-09
4.9384684e-09
-9.7621554e-09
5.7310812e-09
-1.0166921e-08
6.5566468e-09
-1.0503211e-08
7.4095876e-09
-1.07606e-08
8.2840453e-09
-1.0924267e-08
9.1730804e-09
-1.0973929e-08
1.006821e-08
-1.0884795e-08
1.0958598e-08
-1.0624877e-08
1.1832574e-08
-1.0162407e-08
-9.4446209e-09
1.2671797e-08
1.4290151e-09
-7.4459353e-09
1.9789089e-09
-8.1480224e-09
2.6004937e-09
-8.8299395e-09
3.2904239e-09
-9.4660365e-09
4.0405143e-09
-1.0046402e-08
4.8418833e-09
-1.0563524e-08
5.6865961e-09
-1.1011634e-08
6.5681191e-09
-1.1384734e-08
7.4807739e-09
-1.1673255e-08
8.4187073e-09
-1.18622e-08
9.3749361e-09
-1.1930158e-08
1.0340807e-08
-1.1850666e-08
1.1305327e-08
-1.1589398e-08
1.2256753e-08
-1.1113833e-08
1.3176049e-08
-1.0363917e-08
4.670794e-09
-7.9959465e-11
4.7528757e-09
-8.2081663e-11
4.8352161e-09
-8.2340424e-11
4.9170813e-09
-8.1865231e-11
4.9983635e-09
-8.1282156e-11
5.0784568e-09
-8.0093376e-11
5.1571084e-09
-7.865159e-11
5.2340518e-09
-7.6943442e-11
5.3089586e-09
-7.49068e-11
5.3818636e-09
-7.2904995e-11
5.4520069e-09
-7.0143382e-11
5.5207221e-09
-6.8715148e-11
5.5836325e-09
-6.2910454e-11
5.652277e-09
-6.864452e-11
-4.6204486e-11
4.8226148e-09
-1.6114103e-10
4.9060663e-09
-1.6553314e-10
4.989885e-09
-1.6615917e-10
5.0733367e-09
-1.6531694e-10
5.1562837e-09
-1.6422914e-10
5.2381086e-09
-1.6191823e-10
5.318537e-09
-1.5908006e-10
5.3972871e-09
-1.556935e-10
5.4740142e-09
-1.5163387e-10
5.5487407e-09
-1.476315e-10
5.6206857e-09
-1.4208836e-10
5.6911988e-09
-1.3922824e-10
5.7558004e-09
-1.2751209e-10
5.8262771e-09
-1.3912127e-10
-9.3686531e-11
4.9892851e-09
-2.4221323e-10
5.0728309e-09
-2.4907894e-10
5.1570025e-09
-2.5033078e-10
5.2410376e-09
-2.4935201e-10
5.3247654e-09
-2.4795701e-10
5.4075528e-09
-2.4470562e-10
5.4890926e-09
-2.4061987e-10
5.5690783e-09
-2.3567915e-10
5.6471398e-09
-2.2969536e-10
5.7232761e-09
-2.2376786e-10
5.7966791e-09
-2.1549132e-10
5.8687006e-09
-2.1124977e-10
5.9347658e-09
-1.9357728e-10
6.0068398e-09
-2.1119525e-10
-1.4230732e-10
5.1725272e-09
-3.2166354e-10
5.2547123e-09
-3.3126407e-10
5.3379471e-09
-3.3356554e-10
5.4214095e-09
-3.3281449e-10
5.5048964e-09
-3.3144392e-10
5.5877531e-09
-3.2756224e-10
5.6696279e-09
-3.2249474e-10
5.7501803e-09
-3.1623155e-10
5.8290045e-09
-3.0851949e-10
5.9060645e-09
-3.0082793e-10
5.9805169e-09
-2.8994363e-10
6.0537019e-09
-2.8443483e-10
6.1209542e-09
-2.6082951e-10
6.1943465e-09
-2.8458758e-10
-1.9189736e-10
5.3740603e-09
-3.9781878e-10
5.453275e-09
-4.1047878e-10
5.5341302e-09
-4.1442065e-10
5.615721e-09
-4.1440531e-10
5.6978115e-09
-4.1353443e-10
5.7797215e-09
-4.0947225e-10
5.8610441e-09
-4.038173e-10
5.9413948e-09
-3.9658227e-10
6.0203213e-09
-3.8744603e-10
6.097741e-09
-3.7824763e-10
6.1727661e-09
-3.6496873e-10
6.2467098e-09
-3.5837851e-10
6.3148211e-09
-3.2894085e-10
6.3892037e-09
-3.5897015e-10
-2.4225834e-10
5.5955506e-09
-4.6888345e-10
5.6700634e-09
-4.8499155e-10
5.7469658e-09
-4.9132305e-10
5.8252594e-09
-4.9269891e-10
5.9046754e-09
-4.9295046e-10
5.984507e-09
-4.8930389e-10
6.0642823e-09
-4.8359252e-10
6.1435642e-09
-4.7586422e-10
6.2218438e-09
-4.6572568e-10
6.2989794e-09
-4.553832e-10
6.3740304e-09
-4.4001968e-10
6.4482646e-09
-4.3261271e-10
6.516852e-09
-3.9752824e-10
6.5918444e-09
-4.3396263e-10
-2.9316325e-10
5.8385491e-09
-5.3299248e-10
5.9065525e-09
-5.5299496e-10
5.9778327e-09
-5.6260325e-10
6.0513027e-09
-5.661689e-10
6.1266618e-09
-5.6830951e-10
6.2031798e-09
-5.6582191e-10
6.2803128e-09
-5.6072552e-10
6.3575647e-09
-5.5311614e-10
6.434361e-09
-5.4252198e-10
6.5104892e-09
-5.3151143e-10
6.5849477e-09
-5.1447812e-10
6.6589388e-09
-5.0660385e-10
6.7275611e-09
-4.6615052e-10
6.8027354e-09
-5.0913692e-10
-3.4436334e-10
6.1044234e-09
-5.8827867e-10
6.1640929e-09
-6.1266456e-10
6.2280306e-09
-6.2654088e-10
6.2950852e-09
-6.3322349e-10
6.3649268e-09
-6.3815115e-10
6.4368114e-09
-6.3770649e-10
6.5101206e-09
-6.3403478e-10
6.5842957e-09
-6.2729118e-10
6.6586902e-09
-6.1691648e-10
6.7330109e-09
-6.0583217e-10
6.8061878e-09
-5.8765502e-10
6.8793356e-09
-5.7975168e-10
6.9474936e-09
-5.3430846e-10
7.0223797e-09
-5.8402302e-10
-3.9558971e-10
6.394283e-09
-6.3295349e-10
6.4438484e-09
-6.6222991e-10
6.4987296e-09
-6.8142206e-10
6.5577571e-09
-6.9225105e-10
6.6205782e-09
-7.009722e-10
6.6864513e-09
-7.0357963e-10
6.7546878e-09
-7.0227122e-10
6.8246667e-09
-6.9727017e-10
6.8956678e-09
-6.8791753e-10
6.9673095e-09
-6.7747388e-10
7.038448e-09
-6.5879349e-10
7.1100858e-09
-6.5138954e-10
7.177221e-09
-6.0144368e-10
7.2513035e-09
-6.5810551e-10
-4.4654785e-10
6.708905e-09
-6.6539805e-10
6.746731e-09
-7.0005583e-10
6.7909165e-09
-7.2560755e-10
6.8403409e-09
-7.4167549e-10
6.8946397e-09
-7.5527098e-10
6.9530992e-09
-7.620391e-10
7.0149717e-09
-7.6414377e-10
7.0795818e-09
-7.6188031e-10
7.1461378e-09
-7.5447346e-10
7.2141662e-09
-7.4550236e-10
7.282447e-09
-7.270742e-10
7.3518441e-09
-7.2078671e-10
7.4173392e-09
-6.6693876e-10
7.4900592e-09
-7.3082552e-10
-4.9691775e-10
7.0486616e-09
-6.842598e-10
7.073336e-09
-7.247302e-10
7.1053383e-09
-7.5760984e-10
7.1436831e-09
-7.8002029e-10
7.1880121e-09
-7.9959995e-10
7.2376731e-09
-8.1170018e-10
7.2918811e-09
-8.1835176e-10
7.3499204e-09
-8.1991952e-10
7.4109372e-09
-8.1549036e-10
7.4743684e-09
-8.0893347e-10
7.5389179e-09
-7.9162378e-10
7.605285e-09
-7.8715379e-10
7.6684783e-09
-7.3013208e-10
7.7392373e-09
-8.0158452e-10
-5.4634203e-10
7.4134585e-09
-6.8854839e-10
7.4238816e-09
-7.3515333e-10
7.4424472e-09
-7.7617541e-10
7.4684059e-09
-8.0597898e-10
7.5014315e-09
-8.326256e-10
7.5409759e-09
-8.5124458e-10
7.586248e-09
-8.6362386e-10
7.6365152e-09
-8.7018677e-10
7.6908799e-09
-8.6985503e-10
7.7486964e-09
-8.6674995e-10
7.808599e-09
-8.5152639e-10
7.8711005e-09
-8.4965528e-10
7.9312961e-09
-7.903277e-10
7.9994481e-09
-8.6973648e-10
-5.9442764e-10
7.8026886e-09
-6.7772282e-10
7.7981576e-09
-7.3062238e-10
7.8023499e-09
-7.803677e-10
7.8148597e-09
-8.1848881e-10
7.8354276e-09
-8.5319346e-10
7.8636582e-09
-8.794752e-10
7.8987975e-09
-8.9876318e-10
7.9401288e-09
-9.1151805e-10
7.9867368e-09
-9.1646302e-10
8.0379096e-09
-9.1792272e-10
8.0922222e-09
-9.0583907e-10
8.1499876e-09
-9.0742065e-10
8.2064548e-09
-8.4679488e-10
8.2713044e-09
-9.3458607e-10
-6.4075638e-10
8.2152093e-09
-6.5176109e-10
8.1954902e-09
-7.1090329e-10
8.1847668e-09
-7.6964435e-10
8.1830813e-09
-8.1680323e-10
8.1902828e-09
-8.6039503e-10
8.2061826e-09
-8.9537497e-10
8.2301166e-09
-9.2269719e-10
8.2614262e-09
-9.4282765e-10
8.2992149e-09
-9.5425171e-10
8.342729e-09
-9.6143675e-10
8.3905008e-09
-9.5361095e-10
8.4426416e-09
-9.5956136e-10
8.4946302e-09
-8.9878354e-10
8.5554362e-09
-9.9539209e-10
-6.8487062e-10
8.6493485e-09
-6.1120347e-10
8.6147275e-09
-6.7628229e-10
8.589005e-09
-7.4392185e-10
8.5727594e-09
-8.0055768e-10
8.565997e-09
-8.5363264e-10
8.5687889e-09
-8.9816682e-10
8.5806225e-09
-9.3453085e-10
8.6009484e-09
-9.6315349e-10
8.6289345e-09
-9.8223783e-10
8.6638189e-09
-9.9632121e-10
8.7041161e-09
-9.9390808e-10
8.7497561e-09
-1.0052014e-09
8.7965093e-09
-9.455368e-10
8.8524839e-09
-1.0513666e-09
-7.2627653e-10
9.1029442e-09
-5.571616e-10
9.0542513e-09
-6.2758942e-10
9.0139495e-09
-7.0362006e-10
8.9832146e-09
-7.6982273e-10
8.9622591e-09
-8.3267719e-10
8.9514634e-09
-8.8737108e-10
8.9505326e-09
-9.336001e-10
8.9590841e-09
-9.7170498e-10
8.9764048e-09
-9.9955848e-10
9.001767e-09
-1.0216835e-09
9.0337035e-09
-1.0258446e-09
9.0720019e-09
-1.0434998e-09
9.1127624e-09
-9.862973e-10
9.1630845e-09
-1.1016887e-09
-7.6445733e-10
9.5734204e-09
-4.9128813e-10
9.5120191e-09
-5.6618817e-10
9.4580788e-09
-6.4967976e-10
9.4133944e-09
-7.2513832e-10
9.3784308e-09
-7.9771356e-10
9.3539159e-09
-8.6285621e-10
9.3398387e-09
-9.195229e-10
9.3360448e-09
-9.6791106e-10
9.3420005e-09
-1.0055142e-09
9.3570632e-09
-1.0367462e-09
9.3798314e-09
-1.0486128e-09
9.409997e-09
-1.0736654e-09
9.4440246e-09
-1.0203249e-09
9.4878667e-09
-1.1455308e-09
-7.9888141e-10
1.0057897e-08
-4.1570508e-10
9.9856367e-09
-4.9392784e-10
9.9195046e-09
-5.8354768e-10
9.8618897e-09
-6.6752345e-10
9.8135442e-09
-7.4936798e-10
9.775566e-09
-8.2487802e-10
9.7482867e-09
-8.9224368e-10
9.7318414e-09
-9.5146574e-10
9.7259393e-09
-9.9961211e-10
9.7300791e-09
-1.040886e-09
9.7429822e-09
-1.0615159e-09
9.7643005e-09
-1.0949836e-09
9.7908963e-09
-1.0469207e-09
9.8274428e-09
-1.1820773e-09
-8.290124e-10
1.0553329e-08
-3.3289399e-10
1.047246e-08
-4.1305921e-10
1.0396039e-08
-5.0712634e-10
1.0326973e-08
-5.9845704e-10
1.0266317e-08
-6.8871277e-10
1.0215542e-08
-7.7410259e-10
1.0175366e-08
-8.5206734e-10
1.0146268e-08
-9.2236767e-10
1.0128262e-08
-9.8160664e-10
1.0121048e-08
-1.0336721e-09
1.0123534e-08
-1.0640014e-09
1.0135397e-08
-1.1068464e-09
1.0153929e-08
-1.0654527e-09
1.0182398e-08
-1.2105471e-09
-8.5432106e-10
1.1056666e-08
-2.4555595e-10
1.0969724e-08
-3.2611775e-10
1.0885287e-08
-4.2268917e-10
1.0806658e-08
-5.1982779e-10
1.073519e-08
-6.1724465e-10
1.0672696e-08
-7.1160882e-10
1.0620307e-08
-7.9967854e-10
1.057889e-08
-8.8095033e-10
1.0548818e-08
-9.5153498e-10
1.0530049e-08
-1.0149029e-09
1.0521742e-08
-1.0556941e-09
1.0523679e-08
-1.1087835e-09
1.053361e-08
-1.075384e-09
1.0553282e-08
-1.2302187e-09
-8.7429923e-10
1.1565017e-08
-1.5645513e-10
1.1474682e-08
-2.357832e-10
1.1384759e-08
-3.3276562e-10
1.1298785e-08
-4.338542e-10
1.1218376e-08
-5.3683525e-10
1.1145634e-08
-6.3886745e-10
1.1082099e-08
-7.361427e-10
1.1029047e-08
-8.2789902e-10
1.0987256e-08
-9.097441e-10
1.0956991e-08
-9.8463772e-10
1.0937723e-08
-1.0364259e-09
1.0929433e-08
-1.1004933e-09
1.0930354e-08
-1.0763048e-09
1.0940592e-08
-1.2404567e-09
-8.8847462e-10
1.2075811e-08
-6.8260243e-11
1.1984757e-08
-1.4472925e-10
1.1891995e-08
-2.4000404e-10
1.180112e-08
-3.4297872e-10
1.171394e-08
-4.4965501e-10
1.1632767e-08
-5.5769509e-10
1.155951e-08
-6.6288584e-10
1.1495863e-08
-7.6425158e-10
1.1443025e-08
-8.5690608e-10
1.1401608e-08
-9.4322104e-10
1.1371443e-08
-1.0062604e-09
1.1352755e-08
-1.0818054e-09
1.1344391e-08
-1.067941e-09
1.1344751e-08
-1.2408165e-09
-8.9644492e-10
1.2586923e-08
1.6614073e-11
1.2497684e-08
-5.5490239e-11
1.2404698e-08
-1.470185e-10
1.2311464e-08
-2.4974457e-10
1.2219884e-08
-3.580748e-10
1.2132373e-08
-4.7018405e-10
1.2051139e-08
-5.8165215e-10
1.1978268e-08
-6.9138016e-10
1.1915381e-08
-7.9401901e-10
1.1863456e-08
-8.9129625e-10
1.1822709e-08
-9.6551338e-10
1.1793584e-08
-1.0526804e-09
1.1775787e-08
-1.0501438e-09
1.1766065e-08
-1.2310951e-09
-8.9793991e-10
1.3096995e-08
9.5668105e-11
1.3011561e-08
2.994345e-11
1.2920851e-08
-5.6308403e-11
1.2827782e-08
-1.5667497e-10
1.2734248e-08
-2.645415e-10
1.2642679e-08
-3.7861463e-10
1.2555466e-08
-4.9443868e-10
1.247504e-08
-6.1095436e-10
1.2403407e-08
-7.2238641e-10
1.2341926e-08
-8.2981481e-10
1.2291182e-08
-9.1476959e-10
1.2251839e-08
-1.0133377e-09
1.2224533e-08
-1.0228375e-09
1.2204752e-08
-1.2113142e-09
-8.9274468e-10
7.4298707e-10
-1.0962815e-08
1.0895943e-08
8.1369376e-10
-1.8347328e-08
1.8276622e-08
8.1272878e-10
-3.043954e-08
3.0440505e-08
6.4505536e-10
-4.9950601e-08
5.0118274e-08
2.3885059e-10
-8.1365304e-08
8.1771508e-08
-4.7604642e-10
-1.3228702e-07
1.3300192e-07
-1.6680371e-09
-2.1511355e-07
2.1630554e-07
-3.7009174e-09
-3.4968804e-07
3.5172092e-07
-5.666614e-07
5.7018339e-07
1.8194348e-10
-1.091255e-08
3.9857866e-11
-1.8205243e-08
-2.9614613e-10
-3.0103536e-08
-9.7808262e-10
-4.9268664e-08
-2.1791705e-09
-8.0164216e-08
-4.1615685e-09
-1.3030462e-07
-7.4086715e-09
-2.1186645e-07
-1.2770932e-08
-3.4432578e-07
-5.5783316e-07
-4.0075441e-10
-1.0737706e-08
-7.46937e-10
-1.785906e-08
-1.4063035e-09
-2.9444169e-08
-2.5851218e-09
-4.8089846e-08
-4.5622223e-09
-7.8187115e-08
-7.7919317e-09
-1.2707491e-07
-1.3063765e-08
-2.0659462e-07
-2.1703624e-08
-3.3568592e-07
-5.4376937e-07
-9.8952492e-10
-1.0440152e-08
-1.5327571e-09
-1.7315828e-08
-2.5011734e-09
-2.8475753e-08
-4.157014e-09
-4.6434006e-08
-6.886683e-09
-7.5457446e-08
-1.1331532e-08
-1.2263006e-07
-1.8575194e-08
-1.9935096e-07
-3.0406367e-08
-3.2385475e-07
-5.2458453e-07
-1.5728231e-09
-1.0024318e-08
-2.304007e-09
-1.6584644e-08
-3.5654914e-09
-2.7214268e-08
-5.6764197e-09
-4.4323077e-08
-9.1299106e-09
-7.2003955e-08
-1.4746589e-08
-1.1701338e-07
-2.3891007e-08
-1.9020654e-07
-3.8798042e-08
-3.0894771e-07
-5.0044517e-07
-2.1407113e-09
-9.4961316e-09
-3.049005e-09
-1.567635e-08
-4.5860029e-09
-2.567727e-08
-7.1275907e-09
-4.1781489e-08
-1.1270333e-08
-6.7861213e-08
-1.8004681e-08
-1.1027904e-07
-2.8961478e-08
-1.7924974e-07
-4.6800068e-08
-2.9110912e-07
-4.7156776e-07
-2.6842022e-09
-8.8628182e-09
-3.757391e-09
-1.4603162e-08
-5.5509098e-09
-2.3883752e-08
-8.4959878e-09
-3.8836411e-08
-1.3287462e-08
-6.3069739e-08
-2.1074881e-08
-1.0249162e-07
-3.3739285e-08
-1.6658534e-07
-5.4338386e-08
-2.7051002e-07
-4.3821741e-07
-3.195271e-09
-8.1326388e-09
-4.4199951e-09
-1.3378437e-08
-6.4496334e-09
-2.1854113e-08
-9.7681575e-09
-3.5517887e-08
-1.5162004e-08
-5.7675892e-08
-2.3927982e-08
-9.3725639e-08
-3.8179753e-08
-1.5233357e-07
-6.1342131e-08
-2.4734764e-07
-4.0070403e-07
-3.6668172e-09
-7.3146399e-09
-5.0287465e-09
-1.2016508e-08
-7.2726974e-09
-1.9610163e-08
-1.0931738e-08
-3.1858847e-08
-1.6876042e-08
-5.1731588e-08
-2.6536663e-08
-8.4065017e-08
-4.2239966e-08
-1.3663026e-07
-6.7747967e-08
-2.2183964e-07
-3.5938175e-07
-4.0926352e-09
-6.4185096e-09
-5.576589e-09
-1.0532554e-08
-8.011664e-09
-1.7175088e-08
-1.1975511e-08
-2.7895e-08
-1.8413213e-08
-4.5293886e-08
-2.8875862e-08
-7.3602368e-08
-4.5882847e-08
-1.1962328e-07
-7.3497482e-08
-1.9422501e-07
-3.1464466e-07
-4.4673731e-09
-5.4544724e-09
-6.057415e-09
-8.9425124e-09
-8.6591048e-09
-1.4573398e-08
-1.2889471e-08
-2.3664634e-08
-1.9758947e-08
-3.842441e-08
-3.0922114e-08
-6.2439201e-08
-4.906692e-08
-1.0147847e-07
-7.8529774e-08
-1.6476215e-07
-2.6691419e-07
-4.7864942e-09
-4.4331944e-09
-6.4660214e-09
-7.2629852e-09
-9.2085975e-09
-1.1830822e-08
-1.366486e-08
-1.9208372e-08
-2.0900646e-08
-3.1188624e-08
-3.2658548e-08
-5.0681299e-08
-5.1768809e-08
-8.2368212e-08
-8.2798017e-08
-1.3373294e-07
-2.1664225e-07
-5.0462486e-09
-3.3657003e-09
-6.7980846e-09
-5.5111492e-09
-9.6547425e-09
-8.9741638e-09
-1.4294253e-08
-1.4568862e-08
-2.1827428e-08
-2.3655449e-08
-3.4068791e-08
-3.8439936e-08
-5.3964501e-08
-6.2472502e-08
-8.6266019e-08
-1.0143143e-07
-1.6431014e-07
-5.2436539e-09
-2.2632988e-09
-7.0501483e-09
-3.7046547e-09
-9.9931844e-09
-6.0311277e-09
-1.4771625e-08
-9.7904213e-09
-2.2530361e-08
-1.5896713e-08
-3.5138385e-08
-2.5831912e-08
-5.5629738e-08
-4.1981149e-08
-8.8897053e-08
-6.816411e-08
-1.1041566e-07
-5.3764828e-09
-1.1375113e-09
-7.21962e-09
-1.8615174e-09
-1.0220633e-08
-3.0301146e-09
-1.5092408e-08
-4.9186467e-09
-2.3002702e-08
-7.986419e-09
-3.5856872e-08
-1.2977742e-08
-5.6747253e-08
-2.1090767e-08
-9.0664617e-08
-3.4246747e-08
-5.54705e-08
-5.443257e-09
-7.3047745e-09
-1.0334889e-08
-1.5253536e-08
-2.3239955e-08
-3.6217697e-08
-5.7308464e-08
-9.1555211e-08
1.0978158e-08
-7.5281504e-09
1.1044169e-08
-8.2140331e-09
1.1078942e-08
-8.864712e-09
1.1084103e-08
-9.4711977e-09
1.1062358e-08
-1.0024657e-08
1.1017547e-08
-1.0518713e-08
1.0954777e-08
-1.0948864e-08
1.0879071e-08
-1.1309028e-08
1.0794449e-08
-1.1588633e-08
1.0703543e-08
-1.1771294e-08
1.0608025e-08
-1.183464e-08
1.0508984e-08
-1.1751625e-08
1.0407632e-08
-1.1488046e-08
1.0306527e-08
-1.1012728e-08
-1.0260938e-08
1.0203548e-08
1.8407901e-08
-7.65943e-09
1.8472856e-08
-8.2789874e-09
1.847701e-08
-8.8688661e-09
1.842874e-08
-9.4229282e-09
1.8339189e-08
-9.9351055e-09
1.8219498e-08
-1.0399022e-08
1.8079939e-08
-1.0809305e-08
1.7927714e-08
-1.1156803e-08
1.7767342e-08
-1.1428261e-08
1.7601163e-08
-1.1605114e-08
1.7430574e-08
-1.1664052e-08
1.7256575e-08
-1.1577626e-08
1.7081831e-08
-1.1313302e-08
1.6907411e-08
-1.0838308e-08
-1.0092063e-08
1.6738536e-08
3.0542279e-08
-7.7612048e-09
3.0549974e-08
-8.2866818e-09
3.0480854e-08
-8.7997465e-09
3.0349014e-08
-9.2910882e-09
3.0169148e-08
-9.7552397e-09
2.9955393e-08
-1.0185266e-08
2.9717511e-08
-1.0571424e-08
2.9461931e-08
-1.0901223e-08
2.9192537e-08
-1.1158867e-08
2.8911952e-08
-1.132453e-08
2.86229e-08
-1.1374999e-08
2.8329141e-08
-1.1283868e-08
2.8036021e-08
-1.1020182e-08
2.7746019e-08
-1.0548306e-08
-9.8188575e-09
2.7472814e-08
5.0093788e-08
-7.7367188e-09
4.9986067e-08
-8.1789606e-09
4.9806638e-08
-8.6203175e-09
4.9567181e-08
-9.0516315e-09
4.9277177e-08
-9.4652348e-09
4.8943692e-08
-9.8517811e-09
4.8572235e-08
-1.0199968e-08
4.8168747e-08
-1.0497735e-08
4.7738512e-08
-1.0728631e-08
4.7288171e-08
-1.0874189e-08
4.6824883e-08
-1.0911711e-08
4.6356805e-08
-1.081579e-08
4.5891926e-08
-1.0555303e-08
4.5438168e-08
-1.0094548e-08
-9.392703e-09
4.5012013e-08
8.150822e-08
-7.4734306e-09
8.1185381e-08
-7.8561213e-09
8.080423e-08
-8.2391666e-09
8.0367278e-08
-8.6146794e-09
7.9877454e-08
-8.9754111e-09
7.9338686e-08
-9.3130132e-09
7.8756182e-08
-9.6174642e-09
7.8135057e-08
-9.8766094e-09
7.7482066e-08
-1.007564e-08
7.6804981e-08
-1.0197103e-08
7.6113459e-08
-1.022019e-08
7.5417825e-08
-1.0120156e-08
7.4729787e-08
-9.8672652e-09
7.4063201e-08
-9.4279625e-09
-8.7644257e-09
7.3434924e-08
1.3235703e-07
-6.8285421e-09
1.3166086e-07
-7.1599579e-09
1.309119e-07
-7.4902032e-09
1.3011048e-07
-7.8132621e-09
1.2925802e-07
-8.1229448e-09
1.2835698e-07
-8.4119714e-09
1.2741098e-07
-8.6714645e-09
1.26425e-07
-8.8906328e-09
1.2540584e-07
-9.0564769e-09
1.2436215e-07
-9.1534151e-09
1.2330482e-07
-9.1628582e-09
1.2224742e-07
-9.0627627e-09
1.2120733e-07
-8.8271685e-09
1.2020508e-07
-8.4257209e-09
-7.8228855e-09
1.1926354e-07
2.1508373e-07
-5.6067324e-09
2.1379719e-07
-5.8734178e-09
2.1244511e-07
-6.1381172e-09
2.1102824e-07
-6.3963953e-09
2.0954863e-07
-6.6433298e-09
2.0800969e-07
-6.8730395e-09
2.0641659e-07
-7.0783635e-09
2.0477658e-07
-7.2506153e-09
2.0309943e-07
-7.3793315e-09
2.0139799e-07
-7.4519756e-09
1.9968873e-07
-7.4536011e-09
1.9799245e-07
-7.3664747e-09
1.9633494e-07
-7.1696633e-09
1.9474784e-07
-6.8386194e-09
-6.3446451e-09
1.932696e-07
3.496087e-07
-3.494508e-09
3.4739518e-07
-3.6599052e-09
3.450809e-07
-3.8238368e-09
3.4266816e-07
-3.983652e-09
3.4016115e-07
-4.1363229e-09
3.3756632e-07
-4.2782078e-09
3.3489283e-07
-4.4048748e-09
3.3215317e-07
-4.5109527e-09
3.2936381e-07
-4.589973e-09
3.2654602e-07
-4.6341859e-09
3.2372677e-07
-4.6343502e-09
3.209398e-07
-4.5794991e-09
3.1822682e-07
-4.4566838e-09
3.1563889e-07
-4.2506952e-09
-3.9437951e-09
3.1323804e-07
5.6668888e-07
5.6302898e-07
5.5920514e-07
5.5522149e-07
5.5108517e-07
5.4680696e-07
5.4240209e-07
5.3789113e-07
5.3330116e-07
5.2866697e-07
5.2403262e-07
5.1945312e-07
5.1499644e-07
5.1074575e-07
5.0680195e-07
1.0149754e-08
1.4946285e-10
1.0088734e-08
9.0962739e-11
1.0023746e-08
8.6799325e-12
9.9556412e-09
-8.8570219e-11
9.8858052e-09
-1.9470553e-10
9.8160554e-09
-3.088648e-10
9.7481903e-09
-4.2657356e-10
9.6842213e-09
-5.469854e-10
9.6258471e-09
-6.6401225e-10
9.5743487e-09
-7.7831637e-10
9.5303336e-09
-8.7075446e-10
9.4945742e-09
-9.7757838e-10
9.4679294e-09
-9.9619274e-10
9.4467129e-09
-1.1900977e-09
-8.8431976e-10
1.6658377e-08
2.2962157e-10
1.6571516e-08
1.7782426e-10
1.647497e-08
1.0522584e-10
1.6371763e-08
1.4636886e-11
1.6263867e-08
-8.6809931e-11
1.6153455e-08
-1.9845291e-10
1.6043519e-08
-3.1663681e-10
1.5937432e-08
-4.4089881e-10
1.5838274e-08
-5.648543e-10
1.5748194e-08
-6.8823648e-10
1.5669002e-08
-7.9156273e-10
1.5601409e-08
-9.0998492e-10
1.5549175e-08
-9.4395849e-10
1.5503273e-08
-1.144196e-09
-8.6419623e-10
2.7372032e-08
3.3040317e-10
2.7260327e-08
2.8952974e-10
2.7131955e-08
2.335979e-10
2.6988881e-08
1.577108e-10
2.6834317e-08
6.7754603e-11
2.6670005e-08
-3.4141738e-11
2.6500245e-08
-1.4687667e-10
2.6330607e-08
-2.7126023e-10
2.6166318e-08
-4.0056543e-10
2.6010755e-08
-5.3267322e-10
2.5868727e-08
-6.4953525e-10
2.5739809e-08
-7.8106666e-10
2.5635753e-08
-8.399028e-10
2.5534786e-08
-1.043229e-09
-8.1704665e-10
4.492238e-08
4.2003695e-10
4.4811661e-08
4.0024798e-10
4.4677104e-08
3.681549e-10
4.4516406e-08
3.1840896e-10
4.4331251e-08
2.5291007e-10
4.4121491e-08
1.7561831e-10
4.389175e-08
8.2864212e-11
4.3649895e-08
-2.9405775e-11
4.3402424e-08
-1.5309382e-10
4.3154099e-08
-2.8434797e-10
4.2914163e-08
-4.095996e-10
4.2681047e-08
-5.4795119e-10
4.2479711e-08
-6.3856616e-10
4.226801e-08
-8.3152829e-10
-7.076258e-10
7.3400427e-08
4.5453407e-10
7.3341749e-08
4.5892633e-10
7.3255805e-08
4.5409828e-10
7.3138322e-08
4.3589207e-10
7.2988033e-08
4.0319883e-10
7.2803442e-08
3.6021019e-10
7.2583289e-08
3.0301722e-10
7.2327196e-08
2.2668667e-10
7.2040249e-08
1.3385305e-10
7.1726461e-08
2.9439972e-11
7.1395078e-08
-7.821671e-11
7.1045855e-08
-1.9872818e-10
7.0712782e-08
-3.0549265e-10
7.0340928e-08
-4.5967497e-10
-4.7413399e-10
1.1930255e-07
4.1552345e-10
1.1932628e-07
4.3520367e-10
1.1932949e-07
4.5089051e-10
1.1930644e-07
4.5893636e-10
1.1925395e-07
4.556886e-10
1.1917146e-07
4.427051e-10
1.1905746e-07
4.1701135e-10
1.1890688e-07
3.7726919e-10
1.1871765e-07
3.2307977e-10
1.1848931e-07
2.5778373e-10
1.1822364e-07
1.8745484e-10
1.1791264e-07
1.1226849e-10
1.1756803e-07
3.9120421e-11
1.1714491e-07
-3.6557195e-11
-1.2688992e-10
1.9337e-07
3.1512013e-10
1.9346726e-07
3.379472e-10
1.935595e-07
3.5865022e-10
1.9364268e-07
3.7575419e-10
1.9371076e-07
3.8760451e-10
1.9376077e-07
3.9270399e-10
1.9378732e-07
3.904587e-10
1.9378328e-07
3.8131099e-10
1.9374531e-07
3.6104808e-10
1.9367427e-07
3.2882136e-10
1.9357153e-07
2.9019389e-10
1.9343996e-07
2.438392e-10
1.9328484e-07
1.9424318e-10
1.930979e-07
1.5038476e-10
9.4535429e-11
3.1338263e-07
1.7052782e-10
3.1353473e-07
1.8584652e-10
3.1369246e-07
2.0092448e-10
3.1385324e-07
2.1497592e-10
3.140137e-07
2.2713995e-10
3.1417003e-07
2.3637496e-10
3.1431895e-07
2.4154364e-10
3.1445873e-07
2.4152883e-10
3.1458439e-07
2.3539166e-10
3.1469091e-07
2.2229734e-10
3.1477801e-07
2.0309178e-10
3.1484031e-07
1.8154012e-10
3.1487278e-07
1.6177086e-10
3.1487412e-07
1.4904355e-10
1.2936519e-10
5.0697248e-07
5.0715832e-07
5.0735925e-07
5.0757422e-07
5.0780136e-07
5.0803774e-07
5.0827928e-07
5.0852081e-07
5.087562e-07
5.089785e-07
5.0918159e-07
5.0936313e-07
5.095249e-07
5.0967395e-07
)
;

boundaryField
{
    inlet
    {
        type            calculated;
        value           nonuniform List<scalar> 
92
(
-7.22291e-09
-2.1599169e-08
-3.5767417e-08
-4.9591205e-08
-6.2937402e-08
-7.5677478e-08
-8.7688738e-08
-9.8855508e-08
-1.0907025e-07
-1.1823458e-07
-1.2626024e-07
-1.3306996e-07
-1.3859813e-07
-1.4279153e-07
-1.4560977e-07
-1.4702571e-07
0
0
0
0
0
0
0
0
0
0
0
0
0
0
0
0
0
0
0
0
0
0
0
0
0
0
0
0
0
0
-7.22291e-09
-2.1599169e-08
-3.5767417e-08
-4.9591205e-08
-6.2937402e-08
-7.5677478e-08
-8.7688738e-08
-9.8855508e-08
-1.0907025e-07
-1.1823458e-07
-1.2626024e-07
-1.3306996e-07
-1.3859813e-07
-1.4279153e-07
-1.4560977e-07
-1.4702571e-07
0
0
0
0
0
0
0
0
0
0
0
0
0
0
0
0
0
0
0
0
0
0
0
0
0
0
0
0
0
0
)
;
    }
    outlet
    {
        type            calculated;
        value           nonuniform List<scalar> 
66
(
5.6984815e-09
5.8737592e-09
6.0554606e-09
6.2439365e-09
6.4395647e-09
6.6427493e-09
6.8539355e-09
7.0736061e-09
7.3022617e-09
7.5404291e-09
7.7886616e-09
8.0475337e-09
8.3176331e-09
8.5995505e-09
8.8938898e-09
9.2012653e-09
9.5222908e-09
9.8575738e-09
1.0207707e-08
1.057326e-08
1.0954767e-08
1.1352721e-08
1.176756e-08
1.2199557e-08
9.4382879e-09
1.5483149e-08
2.5487637e-08
4.2158589e-08
7.0107437e-08
1.1679767e-07
1.9287647e-07
3.1483929e-07
5.0980331e-07
5.6984815e-09
5.8737592e-09
6.0554606e-09
6.2439365e-09
6.4395647e-09
6.6427493e-09
6.8539355e-09
7.0736061e-09
7.3022617e-09
7.5404291e-09
7.7886616e-09
8.0475337e-09
8.3176331e-09
8.5995505e-09
8.8938898e-09
9.2012653e-09
9.5222908e-09
9.8575738e-09
1.0207707e-08
1.057326e-08
1.0954767e-08
1.1352721e-08
1.176756e-08
1.2199557e-08
9.4382879e-09
1.5483149e-08
2.5487637e-08
4.2158589e-08
7.0107437e-08
1.1679767e-07
1.9287647e-07
3.148393e-07
5.0980331e-07
)
;
    }
    cylinder
    {
        type            calculated;
        value           uniform 0;
    }
    frontAndBack
    {
        type            empty;
    }
}


// ************************************************************************* //
