/*--------------------------------*- C++ -*----------------------------------*\
  =========                 |
  \\      /  F ield         | OpenFOAM: The Open Source CFD Toolbox
   \\    /   O peration     | Website:  https://openfoam.org
    \\  /    A nd           | Version:  14
     \\/     M anipulation  |
\*---------------------------------------------------------------------------*/
FoamFile
{
    format      ascii;
    class       volVectorField;
    location    "5000";
    object      U;
}
// * * * * * * * * * * * * * * * * * * * * * * * * * * * * * * * * * * * * * //

dimensions      [0 1 -1 0 0 0 0];

internalField   nonuniform List<vector> 
5388
(
(2.5159843e-09 -9.1902159e-08 0)
(1.7546084e-08 -2.9342425e-07 0)
(4.9680618e-08 -5.3446347e-07 0)
(1.101774e-07 -8.2247176e-07 -1.2984533e-25)
(2.1300305e-07 -1.1663718e-06 1.4642679e-27)
(3.7937952e-07 -1.5766557e-06 1.8594594e-25)
(6.4025372e-07 -2.065629e-06 0)
(1.0402381e-06 -2.6476619e-06 2.6274686e-25)
(1.6433051e-06 -3.339442e-06 -1.0219656e-27)
(2.5407164e-06 -4.1602136e-06 -3.5848042e-25)
(3.8619209e-06 -5.1319805e-06 0)
(5.7894016e-06 -6.2796327e-06 0)
(8.5786696e-06 -7.6309443e-06 0)
(1.2584781e-05 -9.2163685e-06 6.8619271e-25)
(1.8296864e-05 -1.1068532e-05 -7.9303078e-25)
(2.6382025e-05 -1.3221313e-05 2.2323414e-25)
(3.7739554e-05 -1.5708357e-05 -1.9777508e-24)
(5.3565265e-05 -1.8560901e-05 1.1075883e-24)
(7.5423875e-05 -2.1804787e-05 3.6325535e-20)
(0.00010532433 -2.5456621e-05 -4.111256e-20)
(0.00014578878 -2.9519182e-05 0)
(0.00019990085 -3.3976391e-05 0)
(0.00027131398 -3.8788432e-05 0)
(0.00036419759 -4.3887911e-05 -9.1695584e-24)
(0.00048310002 -4.9178148e-05 4.3977534e-20)
(0.00063271572 -5.4534706e-05 -4.2268768e-20)
(0.00081755981 -5.9810872e-05 0)
(0.0010415759 -6.4847112e-05 -3.0086419e-24)
(0.0013077253 -6.9483506e-05 2.4702258e-23)
(0.0016176212 -7.3573343e-05 3.8107577e-23)
(0.0019712759 -7.69953e-05 8.9151719e-21)
(0.0023669825 -7.966357e-05 8.9580328e-21)
(0.0028014627 -8.1531741e-05 -3.9676049e-23)
(0.0032698726 -8.2593926e-05 -8.8718336e-23)
(0.0037668819 -8.2854707e-05 -4.1807107e-24)
(0.004284513 -8.2413655e-05 -1.1594503e-22)
(0.0048204797 -8.124807e-05 5.9548263e-24)
(0.0053561947 -7.953138e-05 1.6638049e-22)
(0.0059129511 -7.8361074e-05 -2.7633426e-22)
(1.9540881e-08 -2.7792078e-07 -1.9878881e-28)
(7.1919933e-08 -8.8726131e-07 0)
(1.487751e-07 -1.6159665e-06 8.2711154e-28)
(2.6278074e-07 -2.4867318e-06 -4.9438809e-28)
(4.2961017e-07 -3.5265648e-06 -1.1806679e-27)
(6.7250648e-07 -4.7672298e-06 2.8156266e-27)
(1.0248116e-06 -6.2459861e-06 0)
(1.5339707e-06 -8.00635e-06 -1.0199101e-24)
(2.2672981e-06 -1.0098857e-05 3.9743942e-27)
(3.3199864e-06 -1.2581786e-05 -2.7980552e-26)
(4.8260891e-06 -1.5521763e-05 1.6949087e-24)
(6.9734585e-06 -1.8994134e-05 6.2002087e-26)
(1.0023825e-05 -2.3082949e-05 0)
(1.4339393e-05 -2.7880315e-05 -2.5032643e-24)
(2.0417406e-05 -3.3484854e-05 3.0902502e-24)
(2.893406e-05 -3.9998885e-05 2.1764001e-25)
(4.0798613e-05 -4.7523931e-05 9.7270245e-25)
(5.7217524e-05 -5.6154129e-05 1.0679344e-24)
(7.9766465e-05 -6.5967191e-05 3.866376e-20)
(0.00011046509 -7.7012804e-05 -3.9221182e-20)
(0.00015184523 -8.929876e-05 0)
(0.0002069982 -0.00010277575 -4.1228774e-21)
(0.00027958212 -0.00011732265 -4.1682806e-21)
(0.00037376699 -0.00013273493 1.8420173e-25)
(0.0004940969 -0.00014871955 1.7118884e-23)
(0.00064525704 -0.00016489963 -4.2793704e-25)
(0.00083174878 -0.00018083109 -3.5472825e-23)
(0.0010574991 -0.00019603128 -5.015761e-23)
(0.0013254522 -0.00021001651 7.8626796e-21)
(0.0016372064 -0.0002223432 7.7070036e-21)
(0.0019927643 -0.00023264452 -8.6628129e-21)
(0.0023904169 -0.00024066102 -9.4710599e-21)
(0.0028268941 -0.00024625299 7.437519e-23)
(0.0032973746 -0.00024940124 9.3228097e-23)
(0.003796553 -0.00025012155 -1.4566651e-22)
(0.0043164876 -0.00024870867 1.0553849e-22)
(0.0048550098 -0.00024509904 -4.3253874e-22)
(0.0053931426 -0.0002398251 -1.5141644e-22)
(0.0059540749 -0.00023613211 2.8063889e-22)
(5.5025323e-08 -4.6833127e-07 1.0098774e-31)
(1.8527224e-07 -1.4951331e-06 -6.8681083e-25)
(3.5540012e-07 -2.7230469e-06 8.2218545e-25)
(5.8106704e-07 -4.1903679e-06 -5.4136977e-23)
(8.8153553e-07 -5.9426184e-06 2.8240509e-23)
(1.2843052e-06 -8.0333391e-06 -1.4028578e-24)
(1.8277679e-06 -1.0525334e-05 6.5070152e-27)
(2.5653468e-06 -1.349195e-05 0)
(3.5714126e-06 -1.7018361e-05 -2.3666758e-24)
(4.9494573e-06 -2.1202776e-05 2.8113357e-24)
(6.8432528e-06 -2.6157449e-05 0)
(9.4519691e-06 -3.2009288e-05 3.6645271e-24)
(1.3050425e-05 -3.889979e-05 -4.7986503e-24)
(1.8015822e-05 -4.6983926e-05 -5.0345624e-24)
(2.4862401e-05 -5.642748e-05 6.0213408e-24)
(3.428532e-05 -6.7402261e-05 -7.1891452e-24)
(4.7214588e-05 -8.0078472e-05 6.7123474e-24)
(6.4878763e-05 -9.4613559e-05 -8.3076024e-24)
(8.8876217e-05 -0.00011113697 1.1374868e-23)
(0.00012124875 -0.00012973059 -9.415266e-24)
(0.00016454818 -0.00015040546 1.9596067e-23)
(0.00022188169 -0.0001730762 3.2601768e-21)
(0.00029691685 -0.00019753641 5.0032218e-21)
(0.0003938246 -0.00022343926 1.8017028e-23)
(0.00051713991 -0.0002502892 -1.7630647e-23)
(0.00067152824 -0.00027744998 -3.6748308e-20)
(0.00086146204 -0.00030417285 5.3832471e-20)
(0.0010908332 -0.00032964477 5.0942777e-23)
(0.0013625498 -0.00035305168 -3.1847785e-19)
(0.001678179 -0.0003736473 5.1501187e-19)
(0.0020377031 -0.00039081464 -1.7932869e-23)
(0.0024394075 -0.00040411729 -1.1732251e-22)
(0.0028800397 -0.00041332231 -2.2531055e-22)
(0.0033548235 -0.00041839345 2.3009781e-23)
(0.0038585065 -0.00041936109 -1.1117463e-22)
(0.0043832177 -0.00041670732 -5.5952919e-22)
(0.0049270323 -0.00041032217 4.4603438e-22)
(0.0054701733 -0.00040117342 7.5523672e-22)
(0.0060397189 -0.00039421844 -3.9988595e-23)
(1.1070545e-07 -6.6267484e-07 -3.8265967e-25)
(3.6314548e-07 -2.1155414e-06 6.6664254e-25)
(6.7964892e-07 -3.8529149e-06 7.9559189e-25)
(1.0805636e-06 -5.9289819e-06 -4.3230054e-23)
(1.5907912e-06 -8.4081224e-06 8.7116158e-23)
(2.2445211e-06 -1.1366049e-05 -1.3552519e-24)
(3.0880828e-06 -1.489156e-05 -1.5181506e-26)
(4.1842969e-06 -1.9088342e-05 1.9100848e-24)
(5.6186264e-06 -2.4076773e-05 -1.7800741e-26)
(7.5076071e-06 -2.9995611e-05 -2.6961307e-24)
(1.001028e-05 -3.7003401e-05 3.1950323e-24)
(1.3343585e-05 -4.5279295e-05 -3.6168182e-24)
(1.7802869e-05 -5.5022914e-05 4.6630326e-24)
(2.3788835e-05 -6.6452706e-05 -6.3425532e-25)
(3.1842303e-05 -7.9802098e-05 -1.1612443e-23)
(4.2688038e-05 -9.5312624e-05 1.3341828e-23)
(5.7288369e-05 -0.00011322303 1.8574456e-24)
(7.6906202e-05 -0.00013375339 -2.0366543e-23)
(0.0001031751 -0.00015708352 1.3479585e-23)
(0.00013817107 -0.00018332527 -1.8555472e-23)
(0.00018447671 -0.00021248967 3.8424014e-20)
(0.00024522339 -0.00024445106 -5.3440122e-20)
(0.00032409287 -0.00027891252 0)
(0.00042525692 -0.00031537899 -1.8026664e-23)
(0.00055323559 -0.00035314595 5.1451673e-23)
(0.00071266302 -0.0003913113 -5.6531312e-20)
(0.00090796595 -0.0004288155 3.5482555e-20)
(0.0011429811 -0.00046450988 0)
(0.0014205599 -0.0004972457 -5.5754355e-19)
(0.0017422205 -0.00052597075 2.9824086e-19)
(0.002107913 -0.00054981516 0)
(0.0025159128 -0.00056816404 1.1975144e-22)
(0.0029629939 -0.00058069321 2.0564216e-22)
(0.0034444485 -0.00058734473 0)
(0.0039551055 -0.00058816472 2.9896451e-22)
(0.004487198 -0.0005838171 4.4834799e-22)
(0.0050391685 -0.00057410597 9.0589337e-22)
(0.005590031 -0.00056062928 -8.1362231e-22)
(0.0061727282 -0.00054915269 8.1347226e-23)
(1.8847176e-07 -8.6009547e-07 -7.4218855e-25)
(6.1156965e-07 -2.7457442e-06 0)
(1.1324959e-06 -5.0005545e-06 1.544044e-24)
(1.7781439e-06 -7.6948222e-06 -1.8458497e-24)
(2.581284e-06 -1.0912031e-05 0)
(3.5854379e-06 -1.475034e-05 0)
(4.848006e-06 -1.9324847e-05 3.1547988e-24)
(6.4449126e-06 -2.4769903e-05 -7.4416186e-24)
(8.4770817e-06 -3.1241427e-05 4.9514183e-26)
(1.1079224e-05 -3.8919062e-05 5.2511659e-24)
(1.4431644e-05 -4.8007945e-05 -6.1700548e-24)
(1.8776011e-05 -5.873971e-05 1.4537563e-23)
(2.4436221e-05 -7.137222e-05 -8.5258212e-24)
(3.1845614e-05 -8.6187317e-05 -9.5151023e-24)
(4.1581872e-05 -0.00010348571 -5.9797945e-25)
(5.4410742e-05 -0.00012357789 1.4612508e-23)
(7.1339171e-05 -0.00014676981 -1.6233553e-23)
(9.3677334e-05 -0.00017334221 1.6185756e-23)
(0.00012310703 -0.00020352234 1.0901772e-26)
(0.00016175095 -0.00023744823 -9.0411177e-24)
(0.00021223337 -0.00027512607 5.0870593e-20)
(0.0002777181 -0.00031638412 -3.9369157e-20)
(0.00036190532 -0.00036082848 0)
(0.00046896675 -0.00040780906 0)
(0.00060340059 -0.00045640578 6.9052932e-23)
(0.00076979657 -0.00050544484 -6.3777865e-23)
(0.00097251726 -0.00055355138 8.7655622e-23)
(0.0012153224 -0.00059923811 7.7337616e-23)
(0.0015009842 -0.00064102021 4.4272204e-23)
(0.0018309528 -0.00067753921 -1.2306529e-22)
(0.0022051328 -0.00070767196 -1.0424154e-22)
(0.0026217831 -0.00073062566 -1.7778829e-22)
(0.003077713 -0.00074598966 0)
(0.0035683051 -0.00075367866 4.4021686e-22)
(0.0040884958 -0.00075375329 4.5188138e-22)
(0.0046306556 -0.00074705676 6.9422373e-23)
(0.0051936987 -0.00073323353 -9.691566e-22)
(0.0057550576 -0.00071482324 9.9706773e-23)
(0.0063553702 -0.00069699945 -1.1563366e-21)
(2.9038711e-07 -1.0595267e-06 7.1891292e-25)
(9.371257e-07 -3.3823223e-06 -2.7338752e-31)
(1.725919e-06 -6.1597063e-06 -1.4980013e-24)
(2.6922265e-06 -9.4782025e-06 -1.7879495e-24)
(3.8791108e-06 -1.3440517e-05 2.1384149e-24)
(5.3422961e-06 -1.816738e-05 -2.5464631e-24)
(7.1536511e-06 -2.3800301e-05 6.0624868e-24)
(9.4062143e-06 -3.050439e-05 -3.6183345e-24)
(1.222109e-05 -3.8471158e-05 -4.2824878e-24)
(1.5756689e-05 -4.7921114e-05 2.0813408e-26)
(2.0221021e-05 -5.9105858e-05 6.0119905e-24)
(2.5887939e-05 -7.2309207e-05 0)
(3.3118436e-05 -8.7846726e-05 0)
(4.2388206e-05 -0.00010606278 -9.539614e-24)
(5.4322671e-05 -0.00012732404 1.178045e-23)
(6.9740525e-05 -0.00015200803 -3.1440349e-24)
(8.9706216e-05 -0.00018048531 1.052281e-23)
(0.00011559062 -0.00021309369 3.6649548e-24)
(0.00014913719 -0.00025010342 -1.2945099e-23)
(0.00019252795 -0.00029167306 2.6789887e-23)
(0.00024843968 -0.0003377974 -3.8253623e-23)
(0.00032007639 -0.00038825125 -3.7703441e-23)
(0.00041116014 -0.00044253596 3.8617945e-23)
(0.00052586044 -0.00049983885 0)
(0.00066864516 -0.00055901768 -1.0319854e-22)
(0.00084404477 -0.00061862205 3.3378093e-23)
(0.0010563373 -0.00067695912 -1.1712834e-22)
(0.0013091817 -0.00073220277 0)
(0.0016052468 -0.00078253411 4.4831681e-23)
(0.0019458942 -0.00082629159 -4.2787336e-23)
(0.0023309679 -0.00086210081 0)
(0.0027587005 -0.00088899399 2.4676221e-22)
(0.0032259455 -0.00090648288 4.2132846e-22)
(0.0037281948 -0.00091444799 4.4372071e-22)
(0.0042605149 -0.00091296151 -8.7029309e-23)
(0.0048154442 -0.00090304472 0)
(0.0053924423 -0.00088408315 1.0418153e-22)
(0.0059670525 -0.00085996417 1.2363051e-21)
(0.0065891652 -0.00083342062 2.5070935e-21)
(4.1866393e-07 -1.2595417e-06 0)
(1.3468687e-06 -4.0207094e-06 -1.185192e-27)
(2.4727528e-06 -7.3220275e-06 1.4140078e-27)
(3.8425361e-06 -1.126624e-05 -1.728171e-24)
(5.5122014e-06 -1.5975237e-05 2.0791085e-24)
(7.5527827e-06 -2.159225e-05 0)
(1.0054289e-05 -2.8285084e-05 0)
(1.3131199e-05 -3.624942e-05 6.7376866e-21)
(1.6929872e-05 -4.5712072e-05 -8.5144735e-21)
(2.1638354e-05 -5.6933979e-05 0)
(2.7499239e-05 -7.0212567e-05 0)
(3.4826504e-05 -8.5882923e-05 -1.3414128e-23)
(4.4027313e-05 -0.00010431703 1.6048674e-23)
(5.562995e-05 -0.00012592 1.9091093e-23)
(7.0318981e-05 -0.00015112204 -2.2878939e-23)
(8.8978507e-05 -0.00018036457 1.5311086e-24)
(0.00011274375 -0.00021407858 3.4511289e-24)
(0.00014305998 -0.0002526538 0)
(0.00018174581 -0.0002963971 3.1297069e-20)
(0.00023105504 -0.0003454801 -4.9702764e-20)
(0.00029372726 -0.00039987774 -1.8512672e-23)
(0.00037301357 -0.00045930233 0)
(0.00047266005 -0.00052314148 -3.6893531e-23)
(0.00059683022 -0.00059041178 3.7239893e-23)
(0.00074995126 -0.00065974251 0)
(0.00093647733 -0.00072940302 -2.7473756e-20)
(0.0011605794 -0.00079738218 7.3413589e-20)
(0.0014257899 -0.00086151821 -5.4752271e-23)
(0.0017346483 -0.00091966416 9.0315918e-23)
(0.0020884053 -0.00096986261 -8.6344277e-23)
(0.0024868282 -0.0010104924 0)
(0.0029281089 -0.0010404164 -4.9494758e-22)
(0.0034091517 -0.001059084 -3.2790249e-22)
(0.0039255744 -0.0010663328 -7.4674044e-22)
(0.0044725883 -0.0010622431 -7.1011068e-22)
(0.0050429268 -0.0010480129 1.2460172e-22)
(0.0056366243 -0.0010226549 9.0479784e-23)
(0.0062271192 -0.00099187718 -1.9198506e-21)
(0.0068747105 -0.00095374732 1.4479277e-22)
(5.7564616e-07 -1.4583114e-06 -1.3487379e-24)
(1.8482707e-06 -4.6550553e-06 0)
(3.3865848e-06 -8.4768361e-06 -2.8058192e-24)
(5.2499442e-06 -1.3042449e-05 6.7073877e-24)
(7.510092e-06 -1.8492732e-05 -8.0255195e-24)
(1.0256725e-05 -2.4993112e-05 4.773657e-24)
(1.3601944e-05 -3.2737285e-05 0)
(1.7686315e-05 -4.195097e-05 6.946908e-21)
(2.2686892e-05 -5.2895577e-05 -7.8020386e-21)
(2.8827676e-05 -6.5871537e-05 -9.5818226e-24)
(3.6393172e-05 -8.1220863e-05 5.7433507e-26)
(4.5745872e-05 -9.9328274e-05 2.6263817e-23)
(5.7348647e-05 -0.00012062001 -3.1466431e-23)
(7.1793072e-05 -0.00014555915 1.697063e-23)
(8.9834671e-05 -0.00017463584 2.3282666e-23)
(0.00011243573 -0.00020835074 -2.3898539e-23)
(0.00014081572 -0.00024718962 2.66127e-23)
(0.00017650797 -0.00029158712 -7.9374312e-24)
(0.00022141952 -0.00034187846 4.3693903e-20)
(0.00027788776 -0.00039823887 -3.2544099e-20)
(0.00034872441 -0.00046061308 1.8285681e-23)
(0.00043723318 -0.0005286403 4.3732094e-25)
(0.00054718447 -0.00060158428 1.1081482e-22)
(0.00068272994 -0.00067828238 6.8845347e-23)
(0.00084824329 -0.00075712968 -1.3900452e-22)
(0.001048083 -0.00083611339 -7.3509858e-20)
(0.001286288 -0.00091290669 2.4379723e-20)
(0.0015662364 -0.00098501921 2.1039428e-22)
(0.0018903103 -0.0010499867 0)
(0.0022596266 -0.001105568 -7.9630868e-23)
(0.0026738568 -0.0011499016 4.3319208e-22)
(0.0031311318 -0.0011816896 4.3770917e-22)
(0.0036284122 -0.0012003447 -4.292924e-22)
(0.0041614525 -0.0012056491 0)
(0.0047256144 -0.0011976888 -4.7738618e-22)
(0.0053138466 -0.0011778366 -1.8336039e-23)
(0.0059267326 -0.0011446164 -1.2205559e-22)
(0.0065355043 -0.0011060651 6.9388417e-20)
(0.0072115051 -0.0010530768 7.5985177e-19)
(7.6375746e-07 -1.6534931e-06 -2.6072445e-24)
(2.4490547e-06 -5.2778711e-06 2.268639e-24)
(4.4814517e-06 -9.6104688e-06 0)
(6.9359998e-06 -1.4785764e-05 -3.1721491e-27)
(9.9032567e-06 -2.0963058e-05 7.5763789e-27)
(1.3495179e-05 -2.8329374e-05 1.8037011e-26)
(1.7850197e-05 -3.7103548e-05 0)
(2.313992e-05 -4.754038e-05 5.1141609e-26)
(2.9577882e-05 -5.993467e-05 0)
(3.7430755e-05 -7.462481e-05 -9.1914504e-24)
(4.7032671e-05 -9.1995446e-05 2.1760354e-23)
(5.8803448e-05 -0.00011247845 -1.2841209e-23)
(7.3271602e-05 -0.00013655121 2.5043664e-27)
(9.1103062e-05 -0.00016473076 5.4636515e-25)
(0.00011313639 -0.00019756226 -2.5164935e-24)
(0.000140425 -0.00023559954 2.0018833e-23)
(0.000174286 -0.00027937565 -2.6217753e-23)
(0.00021635417 -0.00032936134 4.8972416e-26)
(0.00026863748 -0.00038590991 -3.1405404e-23)
(0.0003335677 -0.00044918882 -1.5743808e-23)
(0.00041403648 -0.00051910048 2.0142503e-24)
(0.00051340363 -0.00059519886 3.7729798e-23)
(0.00063546187 -0.00067661296 -3.6448144e-23)
(0.00078434242 -0.00076199243 -7.184932e-23)
(0.00096434992 -0.00084949353 -6.5944914e-23)
(0.001179725 -0.00093682174 1.2784556e-22)
(0.0014343474 -0.0010213406 5.5794461e-23)
(0.0017314104 -0.0011002429 9.9767236e-23)
(0.0020731089 -0.0011707636 -9.8445268e-23)
(0.0024604025 -0.0012303953 3.3039543e-22)
(0.0028928457 -0.0012770453 -2.9249719e-22)
(0.00336848 -0.0013092656 -6.2111567e-22)
(0.003884325 -0.0013264714 6.562241e-22)
(0.0044362754 -0.0013283719 -9.9489959e-23)
(0.0050198392 -0.0013150613 6.3875261e-22)
(0.0056281879 -0.0012880844 8.190902e-22)
(0.0062623688 -0.0012453728 2.4593466e-22)
(0.0068914328 -0.0011977991 -8.3302781e-19)
(0.0075977861 -0.0011264038 -3.6246315e-20)
(9.8542817e-07 -1.8421344e-06 -1.2588397e-24)
(3.1569618e-06 -5.8797244e-06 1.0721917e-27)
(5.7714142e-06 -1.0705727e-05 2.6173154e-24)
(8.9222748e-06 -1.6469684e-05 -3.1292953e-24)
(1.2722177e-05 -2.3348574e-05 0)
(1.7309175e-05 -3.1550062e-05 -4.4627384e-24)
(2.2852525e-05 -4.1316939e-05 5.3201082e-24)
(2.9560145e-05 -5.2931631e-05 -6.3853485e-24)
(3.7688158e-05 -6.6720521e-05 1.5013748e-23)
(4.7552959e-05 -8.3057719e-05 -8.8440597e-24)
(5.9546383e-05 -0.00010236773 0)
(7.4154731e-05 -0.00012512614 0)
(9.1982408e-05 -0.00015185717 4.5384827e-25)
(0.00011378098 -0.00018312664 -1.7828278e-23)
(0.00014048427 -0.00021952827 2.0801729e-23)
(0.00017324961 -0.0002616613 2.7958451e-24)
(0.00021350484 -0.00031009687 0)
(0.00026299885 -0.00036533106 -4.8699536e-23)
(0.00032385198 -0.00042772314 6.2358911e-23)
(0.00039859955 -0.0004974195 0)
(0.00049021882 -0.00057426653 -6.8881357e-23)
(0.00060212662 -0.00065771982 1.0875641e-22)
(0.00073813297 -0.00074676225 3.6215974e-23)
(0.00090233686 -0.00083984789 -6.9095746e-23)
(0.0010989551 -0.00093489123 4.283005e-24)
(0.0013320854 -0.0010293194 1.9099851e-22)
(0.0016054182 -0.0011201967 1.1400162e-22)
(0.0019219296 -0.0012044159 -3.0703092e-24)
(0.0022835954 -0.0012789345 0)
(0.0026911947 -0.001341005 -6.6521341e-22)
(0.0031441404 -0.0013883155 1.3938055e-22)
(0.0036403501 -0.0014192753 3.7556268e-22)
(0.0041768908 -0.0014333483 8.6448311e-22)
(0.0047498018 -0.0014301742 7.4143221e-22)
(0.0053547217 -0.0014098508 -1.2644524e-21)
(0.0059850325 -0.0013740923 2.3797113e-22)
(0.0066420964 -0.0013201652 1.7702512e-21)
(0.0072929497 -0.0012622461 -5.6292255e-22)
(0.0080304051 -0.0011688246 2.5877442e-21)
(1.2429811e-06 -2.0205592e-06 1.2126818e-24)
(3.9793868e-06 -6.4488755e-06 -4.2215013e-24)
(7.2698944e-06 -1.1741216e-05 5.0480606e-24)
(1.1229343e-05 -1.8061264e-05 -3.0157913e-24)
(1.5995897e-05 -2.5602526e-05 3.5983714e-24)
(2.1737758e-05 -3.4591911e-05 -8.6103588e-24)
(2.8659752e-05 -4.5294476e-05 5.1069009e-24)
(3.7011627e-05 -5.8018212e-05 6.1291879e-24)
(4.7098488e-05 -7.3118565e-05 -7.2478746e-24)
(5.929379e-05 -9.10023e-05 1.3327064e-25)
(7.4055429e-05 -0.00011213004 1.5741905e-25)
(9.1945581e-05 -0.00013701651 3.705066e-25)
(0.00011365497 -0.0001662273 0)
(0.00014003215 -0.00020037027 1.0202251e-24)
(0.00017211828 -0.00024007973 1.16817e-24)
(0.00021118714 -0.00028599086 -2.6756141e-24)
(0.00025878965 -0.00033870183 3.0294833e-24)
(0.00031680036 -0.00039872145 0)
(0.00038746185 -0.00046640099 0)
(0.00047342001 -0.00054185094 0)
(0.00057774067 -0.00062484673 1.6900961e-23)
(0.00070389539 -0.00071473177 -1.1057211e-24)
(0.00085570292 -0.00081033175 -7.2094892e-23)
(0.0010372145 -0.00090989852 0)
(0.0012525369 -0.0010111045 3.2932831e-22)
(0.0015055963 -0.0011111056 -2.5534933e-22)
(0.0017998614 -0.0012066818 -3.9005041e-24)
(0.0021380562 -0.0012944489 -2.1129844e-22)
(0.0025219029 -0.0013711181 -1.9075211e-22)
(0.0029519795 -0.0014337401 1.605644e-22)
(0.0034275295 -0.0014798067 0)
(0.0039463133 -0.0015075512 -6.2028805e-22)
(0.004505382 -0.0015165542 -1.6262596e-21)
(0.0051009635 -0.0015064847 -1.4321063e-23)
(0.0057287939 -0.001477357 2.5509691e-21)
(0.0063824136 -0.0014310664 -1.0959648e-21)
(0.007063293 -0.0013641979 -1.8327635e-21)
(0.0077367667 -0.0012946378 -1.2339967e-21)
(0.0085047389 -0.0011759133 -2.327398e-21)
(1.5384792e-06 -2.1842672e-06 2.3315632e-24)
(4.9228918e-06 -6.9709596e-06 -8.1184279e-24)
(8.9887905e-06 -1.2690773e-05 6.8377153e-27)
(1.3875422e-05 -1.9520238e-05 3.9004371e-27)
(1.9750091e-05 -2.7667794e-05 6.9328568e-24)
(2.6815382e-05 -3.7377691e-05 1.6213652e-26)
(3.5316626e-05 -4.8934948e-05 1.9319354e-26)
(4.5551127e-05 -6.2670341e-05 0)
(5.7879569e-05 -7.896504e-05 0)
(7.2740006e-05 -9.8254432e-05 -1.2937953e-25)
(9.0664913e-05 -0.00012103041 -1.729771e-27)
(0.00011230185 -0.00014784106 1.1082945e-20)
(0.00013843828 -0.00017928636 -1.6115871e-20)
(0.00017003097 -0.00021600801 3.2096985e-23)
(0.00020824014 -0.00025867121 -1.5508288e-24)
(0.00025446783 -0.00030793582 -3.9139318e-23)
(0.00031039937 -0.00036441419 4.3674614e-23)
(0.00037804503 -0.0004286135 -1.1167003e-22)
(0.00045977735 -0.00050086145 6.5682635e-23)
(0.00055835711 -0.00058121657 -6.1716062e-23)
(0.0006769384 -0.0006693677 5.049331e-23)
(0.00081904141 -0.0007645324 1.3551914e-22)
(0.00098848091 -0.00086536916 -1.388034e-22)
(0.0011892408 -0.0009699233 0)
(0.0014252915 -0.0010756283 -2.5980371e-22)
(0.0017003563 -0.0011793807 2.493836e-22)
(0.0020176469 -0.001277697 -2.3028565e-22)
(0.0023795985 -0.0013669438 3.0529455e-22)
(0.0027876391 -0.0014436244 4.668858e-22)
(0.0032421238 -0.0015046347 1.7277361e-22)
(0.0037420829 -0.0015473083 0)
(0.004285014 -0.0015694172 1.1581533e-23)
(0.0048681682 -0.0015713921 8.7708016e-22)
(0.0054877085 -0.0015525918 -1.6882077e-23)
(0.0061395201 -0.0015128021 -2.2415354e-21)
(0.006817178 -0.0014542154 -2.9134664e-22)
(0.0075220095 -0.0013727952 0)
(0.0082180593 -0.0012904546 2.8444694e-23)
(0.0090141819 -0.0011437756 0)
(1.8735026e-06 -2.3278412e-06 2.2370463e-24)
(5.9925408e-06 -7.4286555e-06 -1.8858527e-27)
(1.0937243e-05 -1.3522879e-05 -4.6502095e-24)
(1.6874479e-05 -2.0798117e-05 5.5709645e-24)
(2.4004398e-05 -2.9475645e-05 6.4339923e-27)
(3.2568315e-05 -3.981453e-05 7.9107039e-24)
(4.2857126e-05 -5.2116739e-05 -9.4505258e-24)
(5.5221536e-05 -6.673223e-05 0)
(7.0084509e-05 -8.406359e-05 1.3303903e-23)
(8.7956309e-05 -0.00010456971 -1.583446e-23)
(0.00010945252 -0.00012876765 -1.4673941e-25)
(0.00013531552 -0.00015723165 1.2693332e-20)
(0.00016643973 -0.00019058761 -1.2043892e-20)
(0.00020390096 -0.00022950116 -9.437998e-25)
(0.00024898951 -0.00027465696 0)
(0.00030324652 -0.00032672649 0)
(0.00036850158 -0.00038632164 0)
(0.00044690871 -0.00045393204 1.2629576e-23)
(0.00054097557 -0.00052984507 6.773627e-24)
(0.0006535789 -0.00061405047 -1.4927537e-23)
(0.00078795691 -0.00070613497 0)
(0.00094766802 -0.00080517754 -3.3450975e-23)
(0.0011365058 -0.00090966165 6.7749219e-23)
(0.0013583627 -0.0010174253 0)
(0.0016170428 -0.0011256711 1.2488269e-22)
(0.0019160322 -0.001231054 -3.6667025e-22)
(0.0022582489 -0.0013298538 -1.0867333e-22)
(0.0026458022 -0.0014182222 -3.0194609e-22)
(0.003079782 -0.0014924933 -3.7126612e-22)
(0.0035602783 -0.0015494304 0)
(0.0040860083 -0.001586167 -1.365796e-22)
(0.0046543465 -0.0016015925 8.7265501e-22)
(0.0052634218 -0.0015937877 -4.3366841e-22)
(0.0059068981 -0.0015638675 -9.015625e-22)
(0.0065831774 -0.0015114829 1.6170165e-21)
(0.0072848664 -0.0014389149 0)
(0.0080128721 -0.0013415808 0)
(0.0087304288 -0.0012455896 1.6089763e-21)
(0.0095504289 -0.0010690941 0)
(2.2489197e-06 -2.4449004e-06 9.3101361e-30)
(7.1910975e-06 -7.8015627e-06 1.8298761e-27)
(1.3120206e-05 -1.420042e-05 0)
(2.0234024e-05 -2.1837822e-05 -5.2288549e-27)
(2.8769275e-05 -3.0945194e-05 -6.2433416e-27)
(3.9010383e-05 -4.1793197e-05 -1.4626596e-26)
(5.1298886e-05 -5.4696905e-05 0)
(6.6044727e-05 -7.0020902e-05 0)
(8.3739809e-05 -8.8183801e-05 -1.2752769e-23)
(0.00010497411 -0.00010966162 -7.2262308e-21)
(0.00013045466 -0.00013498912 7.0207858e-21)
(0.00016102779 -0.00016475795 2.1052887e-23)
(0.00019770461 -0.00019960977 3.8000244e-25)
(0.00024169005 -0.00024022247 -8.8560169e-25)
(0.00029441456 -0.00028728691 1.0247906e-24)
(0.00035756775 -0.00034147137 3.7778886e-23)
(0.00043313146 -0.00040337109 -4.6243381e-23)
(0.00052340903 -0.00047344093 -5.4062522e-23)
(0.00063104532 -0.00055191041 1.0663292e-22)
(0.00075903041 -0.0006386837 -4.4123562e-23)
(0.00091067817 -0.00073323076 3.024686e-23)
(0.0010895702 -0.00083448146 -1.9091464e-22)
(0.0012994568 -0.00094073998 5.423605e-24)
(0.0015441107 -0.0010496412 2.5772954e-22)
(0.0018271355 -0.0011581713 -1.2817182e-22)
(0.0021517435 -0.0012627697 2.3581369e-22)
(0.0025205234 -0.0013595164 0)
(0.0029352327 -0.0014443933 3.9988049e-22)
(0.00339663 -0.0015136177 5.2758758e-22)
(0.0039046711 -0.0015638759 1.4664853e-22)
(0.0044574773 -0.0015925481 2.6898926e-22)
(0.0050507722 -0.0015981121 -7.4146582e-22)
(0.0056842433 -0.0015784723 2.0199048e-22)
(0.0063543573 -0.0015356283 -1.9499227e-22)
(0.0070547947 -0.0014689091 0)
(0.0077796239 -0.0013808982 1.0436381e-21)
(0.0085290278 -0.0012666993 -1.7441638e-21)
(0.009265962 -0.0011565962 0)
(0.01010392 -0.00094942654 0)
(2.6645464e-06 -2.5280189e-06 5.0124239e-28)
(8.5178737e-06 -8.0660425e-06 -3.5327142e-24)
(1.5536402e-05 -1.4680359e-05 8.4550464e-24)
(2.3951975e-05 -2.2573207e-05 -5.0546519e-24)
(3.4041583e-05 -3.1982768e-05 6.0167553e-24)
(4.6137049e-05 -4.3187264e-05 -4.755639e-27)
(6.0635503e-05 -5.6510116e-05 -1.7117651e-23)
(7.8011795e-05 -7.232491e-05 1.0210149e-23)
(9.8833183e-05 -9.1059673e-05 -1.2025556e-23)
(0.00012377654 -0.00011319982 -6.3567629e-21)
(0.00015364827 -0.00013928882 9.0731105e-21)
(0.00018940713 -0.00016992531 1.5128439e-25)
(0.0002321899 -0.00020575481 2.3101643e-23)
(0.00028333959 -0.000247454 2.7951179e-23)
(0.00034443546 -0.00029570488 -3.2727971e-23)
(0.00041732308 -0.00035115607 -2.2302248e-24)
(0.0005041422 -0.00041436863 -4.0699719e-23)
(0.00060734813 -0.00048574454 4.6620901e-23)
(0.00072972149 -0.00056543778 -1.2909354e-23)
(0.00087435898 -0.00065325092 0)
(0.0010446371 -0.00074852457 2.9871147e-23)
(0.0012441408 -0.00085003236 -3.0192054e-23)
(0.0014765502 -0.00095589989 0)
(0.0017454848 -0.0010635697 0)
(0.0020543105 -0.0011698344 0)
(0.0024059241 -0.0012709537 -1.1623388e-22)
(0.002802541 -0.001362858 -2.0900164e-22)
(0.0032455131 -0.0014414235 -1.9812722e-22)
(0.003735185 -0.0015027961 -3.572376e-22)
(0.0042707906 -0.0015435889 -4.6790683e-22)
(0.0048497266 -0.001561169 6.8422918e-22)
(0.0054711305 -0.0015536328 7.1741863e-22)
(0.0061309227 -0.0015214158 -1.0350741e-21)
(0.006824892 -0.0014634095 0)
(0.0075480337 -0.0013809133 2.8940974e-22)
(0.0082941273 -0.001276475 -1.3399178e-21)
(0.0090621237 -0.001145077 1.7709363e-21)
(0.0098152333 -0.0010210336 0)
(0.010663804 -0.00078382926 0)
(3.1188104e-06 -2.5688952e-06 0)
(9.9678154e-06 -8.1956251e-06 0)
(1.8176561e-05 -1.4914548e-05 -1.9770064e-27)
(2.8013947e-05 -2.2930283e-05 0)
(3.9800722e-05 -3.2483608e-05 5.6403435e-27)
(5.3920146e-05 -4.3855397e-05 0)
(7.0829576e-05 -5.7371624e-05 -8.0991255e-24)
(9.1074039e-05 -7.3408089e-05 9.6491269e-24)
(0.00011530208 -9.23943e-05 4.3923979e-26)
(0.00014428403 -0.00011481585 0)
(0.00017893277 -0.00014121428 0)
(0.00022032707 -0.00017218307 1.8471406e-23)
(0.00026973702 -0.00020835786 -2.1839954e-23)
(0.00032865128 -0.00025039879 0)
(0.00039880456 -0.0002989622 2.869069e-23)
(0.00048220372 -0.00035465911 -3.0216444e-23)
(0.0005811492 -0.00041799774 2.4682117e-24)
(0.00069824771 -0.00048930879 0)
(0.00083641034 -0.00056865355 -5.9278391e-24)
(0.00099882943 -0.00065571882 -1.2888258e-23)
(0.0011889266 -0.00074970652 0)
(0.0014102654 -0.00084923187 -5.642563e-20)
(0.0016664246 -0.00095224913 2.0106966e-20)
(0.0019608339 -0.0010560272 1.2196068e-22)
(0.0022965803 -0.0011571968 0)
(0.0026762035 -0.0012518824 7.5483374e-25)
(0.003101503 -0.0013359202 1.1528701e-22)
(0.003573383 -0.0014051421 -1.817209e-22)
(0.0040917432 -0.0014556947 1.7778369e-22)
(0.0046554118 -0.0014842837 -9.2415884e-20)
(0.0052621628 -0.0014883683 -7.9134303e-21)
(0.0059095796 -0.0014661935 0)
(0.0065939067 -0.0014177868 8.2534419e-22)
(0.0073108173 -0.0013434674 -3.3008452e-22)
(0.0080548811 -0.0012441696 3.7415956e-23)
(0.0088195442 -0.0011228506 7.4880364e-22)
(0.0096023482 -0.00097470315 -5.1685136e-23)
(0.010367398 -0.00083774269 -3.9592135e-22)
(0.011218024 -0.00057301052 0)
(3.6081636e-06 -2.558337e-06 -1.8031481e-24)
(1.1529577e-05 -8.1610087e-06 3.1337056e-24)
(2.1019986e-05 -1.4849706e-05 -3.7521587e-24)
(3.2388023e-05 -2.2827214e-05 0)
(4.6001314e-05 -3.2331915e-05 -5.3454869e-24)
(6.2298142e-05 -4.3641466e-05 6.3854963e-24)
(8.1800188e-05 -5.7077511e-05 0)
(0.00010512728 -7.3010019e-05 9.0150353e-24)
(0.00013301438 -9.1860643e-05 -1.0751914e-23)
(0.00016633091 -0.00011410439 0)
(0.00020610223 -0.00014026857 -1.495312e-23)
(0.00025353323 -0.00017092758 1.8015317e-23)
(0.00031003343 -0.00020669165 1.9954984e-23)
(0.00037724259 -0.00024818732 -2.5010368e-23)
(0.00045705529 -0.00029602698 -2.687165e-23)
(0.00055164208 -0.00035076493 6.0210975e-23)
(0.00066346374 -0.00041283745 -3.6861871e-23)
(0.00079527402 -0.00048248577 -5.0115509e-24)
(0.00095010523 -0.00055966289 5.066503e-23)
(0.00113123 -0.00064392847 5.9923061e-23)
(0.0013420932 -0.00073434093 -1.0759179e-22)
(0.0015862083 -0.00082936117 -2.3138994e-20)
(0.0018670184 -0.00092678748 6.3964328e-20)
(0.002187724 -0.0010237437 1.1011388e-22)
(0.0025510927 -0.0011167407 -1.1334568e-22)
(0.0029592663 -0.0012018234 7.6521929e-20)
(0.0034135922 -0.0012747991 -1.4667348e-20)
(0.0039144985 -0.0013315269 -1.753154e-22)
(0.0044614241 -0.0013682276 0)
(0.0050528055 -0.0013817396 2.3240234e-21)
(0.0056861899 -0.0013696893 9.5504451e-20)
(0.0063585992 -0.0013307397 0)
(0.0070660632 -0.0012649017 7.5687281e-22)
(0.0078038003 -0.0011729979 -3.1843516e-22)
(0.0085660296 -0.0010563484 -8.0765838e-22)
(0.0093456562 -0.00091839193 0)
(0.010138569 -0.00075489944 0)
(0.0109104 -0.00060709213 -3.0347323e-22)
(0.01175368 -0.00031945449 -1.3613933e-21)
(4.1270442e-06 -2.4868609e-06 -1.6745759e-24)
(1.3185368e-05 -7.9319651e-06 2.9173152e-24)
(2.4034206e-05 -1.4430873e-05 3.4844127e-24)
(3.7024112e-05 -2.2179588e-05 -8.3305665e-24)
(5.2572119e-05 -3.1408262e-05 9.9418603e-24)
(7.1174417e-05 -4.2384478e-05 -1.7562486e-26)
(9.3420258e-05 -5.5417538e-05 -1.4119955e-23)
(0.00012000789 -7.086227e-05 8.4138057e-24)
(0.00015176264 -8.9121707e-05 -1.9075883e-27)
(0.0001896572 -0.00011064794 -1.1679138e-23)
(0.00023483372 -0.00013594006 2.7883837e-23)
(0.00028862746 -0.00016553769 -1.6479537e-23)
(0.00035259111 -0.00020000834 3.0742131e-25)
(0.00042851846 -0.00023992625 7.1693679e-25)
(0.00051846537 -0.00028584016 -2.5787651e-23)
(0.00062476531 -0.00033822761 3.3809122e-23)
(0.00075003544 -0.00039743358 -2.6308234e-20)
(0.0008971685 -0.00046359265 2.2192493e-20)
(0.0010693048 -0.00053653619 0)
(0.0012697782 -0.00061568959 -4.1297839e-20)
(0.0015020312 -0.00069996925 2.7602957e-20)
(0.0017694961 -0.00078769432 1.0556078e-22)
(0.0020754431 -0.00087653282 1.0358027e-22)
(0.002422805 -0.00096350366 -1.0886525e-22)
(0.0028139896 -0.0010450531 -1.0650724e-22)
(0.0032507049 -0.0011172146 1.9662827e-20)
(0.0037338152 -0.0011758463 -8.1514626e-20)
(0.0042632503 -0.0012169208 1.7591416e-22)
(0.0048379731 -0.001236828 -1.4881806e-22)
(0.0054560037 -0.0012326338 -4.0682143e-22)
(0.0061145301 -0.0012022623 5.0390062e-22)
(0.0068100896 -0.0011447301 2.0410627e-22)
(0.0075383425 -0.0010602786 -1.8585066e-21)
(0.0082940243 -0.00095017832 7.8978015e-22)
(0.0090708372 -0.00081636858 1.1309628e-21)
(0.0098609955 -0.00066289967 -9.0065709e-22)
(0.010658552 -0.00048656924 1.5030784e-21)
(0.011431277 -0.00033118717 0)
(0.012257463 -2.7546299e-05 1.6740352e-21)
(4.6664877e-06 -2.3445092e-06 -7.5045023e-28)
(1.4906595e-05 -7.4767727e-06 6.7273665e-28)
(2.7167197e-05 -1.3600409e-05 -3.120661e-27)
(4.1842246e-05 -2.0898944e-05 3.727818e-27)
(5.9399867e-05 -2.9587592e-05 4.5867668e-27)
(8.0396059e-05 -3.9916016e-05 0)
(0.00010548975 -5.2172038e-05 0)
(0.00013545987 -6.6684766e-05 0)
(0.00017122454 -8.3826467e-05 9.0568641e-24)
(0.00021386212 -0.00010401249 -1.0959397e-23)
(0.00026463379 -0.00012769813 -9.6638567e-26)
(0.00032500705 -0.00015537104 1.4997198e-23)
(0.00039667891 -0.00018753726 -1.7745572e-23)
(0.00048159706 -0.00022469881 0)
(0.00058197675 -0.00026732035 -2.3664205e-23)
(0.00070030986 -0.00031578264 2.4213113e-23)
(0.00083936204 -0.00037032093 -1.9605405e-20)
(0.0010021529 -0.00043094811 3.0357786e-20)
(0.0011919134 -0.00049736427 0)
(0.0014120161 -0.00056885866 -2.6051682e-20)
(0.0016658729 -0.00064421415 4.6495053e-20)
(0.0019568014 -0.00072162957 0)
(0.0022878635 -0.00079867928 2.3554891e-23)
(0.002661686 -0.00087233017 0)
(0.0030802825 -0.00093903261 0)
(0.0035448961 -0.00099489145 0)
(0.0040558848 -0.0010359081 8.9726213e-23)
(0.0046126636 -0.0010582674 3.0717247e-22)
(0.0052137049 -0.0010586309 -1.2467024e-23)
(0.0058565862 -0.0010343897 8.3133533e-24)
(0.0065380795 -0.00098385219 1.2121725e-22)
(0.0072542397 -0.00090643665 -3.8576072e-22)
(0.0080002615 -0.0008027678 7.2618666e-22)
(0.0087703333 -0.00067463544 -6.2647834e-22)
(0.009557476 -0.00052473508 0)
(0.010353082 -0.00035788694 1.7534354e-21)
(0.011149285 -0.00017241168 -2.9244332e-21)
(0.011916568 -1.4001644e-05 -1.2538015e-21)
(0.012716148 0.0002964088 0)
(5.2157863e-06 -2.1226262e-06 3.5289968e-28)
(1.6659006e-05 -6.7678584e-06 2.4241578e-24)
(3.035646e-05 -1.2308214e-05 -2.9011857e-24)
(4.6746029e-05 -1.8908402e-05 -3.4616235e-24)
(6.6347502e-05 -2.6761236e-05 1.1114306e-26)
(8.9777251e-05 -3.6089754e-05 4.9367212e-24)
(0.00011776439 -4.7150189e-05 0)
(0.00015116896 -6.023426e-05 0)
(0.00019100202 -7.5670122e-05 3.354015e-26)
(0.00023844747 -9.3821264e-05 9.7740731e-24)
(0.00029488485 -0.00011508231 -2.3063364e-23)
(0.0003619124 -0.0001398703 1.3687341e-23)
(0.00044136883 -0.00016860981 0)
(0.00053535164 -0.00020170964 0)
(0.00064622929 -0.00023952918 6.4393453e-25)
(0.00077664333 -0.00028233212 2.6898309e-23)
(0.00092949596 -0.00033022635 -5.889302e-25)
(0.0011079178 -0.00038309002 -2.7999758e-23)
(0.0013152107 -0.00044048624 0)
(0.001554761 -0.00050157274 0)
(0.0018299217 -0.00056501681 0)
(0.0021438642 -0.00062893067 0)
(0.0024994083 -0.00069084585 -1.3153455e-22)
(0.0028988434 -0.00074774524 1.7940057e-22)
(0.0033437609 -0.00079616681 -4.8957791e-23)
(0.0038349176 -0.00083238264 8.0291743e-23)
(0.0043721517 -0.0008526415 7.5506777e-23)
(0.0049543566 -0.00085344816 -1.5344588e-22)
(0.0055795087 -0.00083184222 0)
(0.0062447273 -0.00078563936 0)
(0.0069463409 -0.00071361531 0)
(0.0076799128 -0.00061567087 3.8961342e-22)
(0.0084401044 -0.00049293448 -4.6126913e-22)
(0.0092204676 -0.00034781028 1.493175e-22)
(0.010013208 -0.00018386069 0)
(0.010808777 -6.833987e-06 -1.6208169e-21)
(0.011597402 0.00018292489 1.4195883e-21)
(0.012352829 0.00033859832 1.2861807e-22)
(0.013117188 0.00064427214 1.4917254e-22)
(5.7576128e-06 -1.8125696e-06 0)
(1.8387464e-05 -5.7777113e-06 0)
(3.3501895e-05 -1.0504341e-05 0)
(5.1581996e-05 -1.6131377e-05 -2.4399355e-21)
(7.3198326e-05 -2.2821058e-05 2.8830848e-21)
(9.9026517e-05 -3.0760275e-05 -4.3806681e-24)
(0.00012986449 -4.0162657e-05 0)
(0.00016665165 -5.1269886e-05 6.1810023e-24)
(0.00021048981 -6.4351615e-05 -4.188289e-26)
(0.00026266557 -7.9703301e-05 -8.717009e-24)
(0.00032467322 -9.7640992e-05 0)
(0.00039823711 -0.00011849175 -1.2008578e-23)
(0.0004853316 -0.00014257813 2.8272912e-23)
(0.00058819619 -0.00017019483 -3.295273e-23)
(0.00070934253 -0.00020157572 1.8325213e-23)
(0.00085154908 -0.00023684935 -7.1945181e-25)
(0.0010178386 -0.00027598219 2.469812e-23)
(0.0012114332 -0.0003187099 -5.6214566e-23)
(0.0014356823 -0.00036445976 2.799608e-23)
(0.00169396 -0.00041227055 -4.0185641e-24)
(0.0019895312 -0.00046072049 0)
(0.0023253916 -0.000507878 0)
(0.0027040917 -0.00055129262 3.9564818e-23)
(0.0031275599 -0.00058804241 1.876482e-23)
(0.003596949 -0.00061484912 -4.5700736e-24)
(0.0041125226 -0.00062826101 -7.9866084e-23)
(0.0046736008 -0.00062489007 -6.4466416e-24)
(0.0052785639 -0.00060167695 -6.8953135e-23)
(0.0059249018 -0.00055615018 2.2817213e-22)
(0.0066092772 -0.00048665007 -1.1364457e-22)
(0.0073275669 -0.00039250454 9.1639009e-23)
(0.0080748335 -0.00027418136 -8.9303759e-23)
(0.0088451578 -0.00013341031 3.5973323e-23)
(0.0096313742 2.6700435e-05 2.3684314e-22)
(0.010424769 0.00020163905 0)
(0.011214739 0.00038460631 7.7885811e-22)
(0.011989699 0.00057277594 5.6749845e-22)
(0.012727116 0.00071900347 9.4391843e-22)
(0.013449038 0.0010063984 -8.3947562e-22)
(6.2776969e-06 -1.4103599e-06 5.3498789e-25)
(2.0046154e-05 -4.4937115e-06 -9.3181606e-25)
(3.6519614e-05 -8.1659596e-06 0)
(5.6220254e-05 -1.253302e-05 -2.1968698e-21)
(7.9766825e-05 -1.7718098e-05 2.6687546e-21)
(0.00010789107 -2.3862122e-05 -1.8890213e-24)
(0.00014145585 -3.1124791e-05 6.4183332e-23)
(0.00018147524 -3.9684787e-05 -1.1086829e-22)
(0.00022913607 -4.9738562e-05 3.1626153e-24)
(0.0002858207 -6.1497099e-05 -7.5091018e-24)
(0.00035312978 -7.5179748e-05 4.4501602e-24)
(0.00043290365 -9.1004007e-05 0)
(0.00052724039 -0.00010916983 -8.8376321e-26)
(0.00063850747 -0.00012983693 -7.1665467e-24)
(0.00076934349 -0.00015309352 8.5783242e-24)
(0.00092264531 -0.00017891519 -2.7368846e-25)
(0.0011015356 -0.00020711353 -6.2279642e-25)
(0.0013093057 -0.00023727548 0)
(0.0015493288 -0.00026869678 3.0117375e-23)
(0.0018249425 -0.00030031604 -2.9456214e-23)
(0.0021393008 -0.0003306595 0)
(0.0024952036 -0.00035780973 0)
(0.0028949164 -0.00037941345 -1.0448297e-23)
(0.0033399993 -0.00039274214 -2.5766742e-24)
(0.0038311675 -0.0003948137 -5.3955375e-23)
(0.0043682032 -0.00038257309 6.4408708e-23)
(0.0049499292 -0.00035311769 0)
(0.0055742398 -0.00030394181 0)
(0.006238165 -0.00023317158 -1.6343206e-22)
(0.0069379315 -0.00013976775 -3.7144128e-23)
(0.0076689741 -2.3691167e-05 1.5765459e-22)
(0.008425855 0.00011394799 -1.4387229e-22)
(0.0092020487 0.00027074392 3.3115371e-22)
(0.0099896197 0.00044282183 -5.6265776e-22)
(0.010778861 0.00062469273 1.792364e-22)
(0.011557997 0.00080846615 -1.7368615e-22)
(0.012313701 0.00098851939 -3.3302348e-22)
(0.0130271 0.0011183969 4.2135674e-22)
(0.013699472 0.0013724798 4.6736665e-22)
(6.7443859e-06 -9.1212501e-07 -1.1766159e-28)
(2.1534671e-05 -2.903502e-06 7.7067238e-25)
(3.9227929e-05 -5.2706043e-06 -2.2674399e-27)
(6.0383288e-05 -8.0788358e-06 -1.1014758e-24)
(8.566284e-05 -1.1403586e-05 5.8272429e-28)
(0.00011584879 -1.5329644e-05 1.5615037e-24)
(0.0001518624 -1.9951065e-05 5.3491105e-23)
(0.00019478481 -2.5370166e-05 -3.5107952e-23)
(0.00024587917 -3.169515e-05 2.6326124e-24)
(0.00030661356 -3.9035823e-05 -5.509753e-27)
(0.0003786835 -4.7496687e-05 0)
(0.0004640323 -5.7166473e-05 -4.2853049e-24)
(0.00056486687 -6.8103008e-05 1.4877738e-25)
(0.00068366582 -8.0312227e-05 5.9769822e-24)
(0.00082317575 -9.3720219e-05 0)
(0.00098639095 -0.00010813752 7.9996549e-24)
(0.0011765111 -0.00012321565 -1.6927241e-23)
(0.0013968725 -0.00013839731 1.0147479e-23)
(0.0016508478 -0.00015286357 -1.0947455e-23)
(0.0019417153 -0.00016548438 1.5714833e-23)
(0.0022724989 -0.00017478161 0)
(0.0026457901 -0.00017891667 0)
(0.0030635659 -0.00017571555 1.9972856e-23)
(0.0035270255 -0.00016274211 -6.6882806e-23)
(0.0040364676 -0.00013742397 -2.0077429e-23)
(0.004591226 -9.7226189e-05 3.7197134e-23)
(0.0051896705 -3.9857274e-05 -4.0449496e-23)
(0.0058292596 3.6514793e-05 7.1601776e-23)
(0.0065066139 0.00013305892 1.5782769e-23)
(0.0072175667 0.00025010329 8.0990407e-23)
(0.0079571421 0.00038698145 -7.7759091e-23)
(0.0087194225 0.00054188082 1.4071589e-22)
(0.00949728 0.00071167283 -5.7847652e-23)
(0.010281998 0.00089169844 1.177917e-22)
(0.011062853 0.0010755503 8.5999816e-23)
(0.011826796 0.0012543617 0)
(0.012558724 0.0014198183 -3.4182107e-22)
(0.013241883 0.0015281682 -4.2696262e-22)
(0.013854295 0.00173264 -1.1711087e-22)
(7.1502618e-06 -3.2347722e-07 -8.7767679e-26)
(2.2828377e-05 -1.0252065e-06 1.5237862e-25)
(4.1580254e-05 -1.851606e-06 -1.8236239e-25)
(6.3996401e-05 -2.8206856e-06 -2.3698236e-28)
(9.0775537e-05 -3.9519897e-06 -5.654316e-28)
(0.00012274225 -5.2649209e-06 3.088151e-25)
(0.00016086652 -6.7773228e-06 -1.7474901e-27)
(0.00020628498 -8.5031946e-06 -4.3866396e-25)
(0.00026032335 -1.0449119e-05 -5.1689194e-25)
(0.00032451928 -1.2609014e-05 6.212719e-25)
(0.00040064439 -1.4956664e-05 0)
(0.00049072337 -1.7435353e-05 0)
(0.00059704777 -1.994384e-05 0)
(0.00072218085 -2.2317925e-05 4.0451509e-26)
(0.00086894907 -2.4306988e-05 0)
(0.0010404153 -2.5545315e-05 0)
(0.0012398285 -2.551877e-05 -3.6991888e-24)
(0.001470544 -2.3528655e-05 3.9934476e-24)
(0.0017359132 -1.8656344e-05 0)
(0.00203914 -9.7344506e-06 -4.6869696e-24)
(0.0023831122 4.6675744e-06 5.2516067e-24)
(0.002770217 2.6234082e-05 0)
(0.0032021609 5.6860881e-05 0)
(0.0036798154 9.8573313e-05 -9.0165351e-25)
(0.0042031121 0.00015340356 2.849475e-20)
(0.0047710012 0.00022323357 -2.9589294e-20)
(0.0053814748 0.00030961751 -2.148688e-23)
(0.006031635 0.00041360151 1.9133089e-23)
(0.0067177692 0.00053555582 -2.0635303e-23)
(0.0074353834 0.00067502421 -4.4176536e-23)
(0.0081791447 0.00083058149 -1.342589e-23)
(0.0089426993 0.00099967773 5.7853705e-23)
(0.0097183555 0.0011784499 1.1524565e-23)
(0.010496664 0.0013614915 0)
(0.011265951 0.0015416374 0)
(0.01201196 0.0017093832 0)
(0.012718062 0.0018547975 9.9134106e-23)
(0.013367603 0.0019420457 2.3775302e-23)
(0.013921028 0.0020792397 -3.9971103e-23)
(7.4451357e-06 3.662095e-07 1.1680978e-25)
(2.3768813e-05 1.1751924e-06 -2.0346022e-25)
(4.3291192e-05 2.1530545e-06 9.9967788e-22)
(6.6626021e-05 3.336965e-06 -1.2000705e-21)
(9.4499234e-05 4.7723014e-06 0)
(0.00012776702 6.5155189e-06 0)
(0.00016743582 8.6369696e-06 7.4386286e-28)
(0.00021468391 1.1224551e-05 0)
(0.00027088408 1.4388469e-05 -2.0907807e-27)
(0.00033762636 1.8267338e-05 0)
(0.00041673947 2.303593e-05 0)
(0.00051030886 2.8914903e-05 -6.8216413e-27)
(0.0006206883 3.6182839e-05 0)
(0.00075050158 4.5190829e-05 -1.4823107e-24)
(0.00090262944 5.637959e-05 1.8318947e-24)
(0.0010801767 7.029871e-05 -9.7730239e-26)
(0.0012864141 8.7626901e-05 9.3149352e-21)
(0.0015246908 0.00010919118 -1.1139072e-20)
(0.0017983144 0.00013598159 -3.1034373e-24)
(0.0021104004 0.00016915664 3.2175362e-24)
(0.0024636977 0.00021003356 -6.4335094e-25)
(0.0028604038 0.00026005673 0)
(0.0033019887 0.00032073915 0)
(0.0037890518 0.00039357442 4.4429669e-24)
(0.0043212321 0.00047992201 2.0501929e-20)
(0.0048971859 0.00058087363 -2.1429433e-20)
(0.0055146257 0.00069711286 0)
(0.0061703969 0.00082877958 0)
(0.0068605465 0.00097534468 0)
(0.0075803341 0.0011354902 -1.0249593e-23)
(0.0083241369 0.0013069792 2.4441355e-23)
(0.0090852246 0.0014864956 0)
(0.0098554062 0.001669443 0)
(0.010624597 0.0018497246 0)
(0.011380355 0.0020196086 6.2419532e-23)
(0.012107523 0.0021693201 -5.04677e-23)
(0.012788949 0.0022889566 0)
(0.013407779 0.0023581913 -6.0862432e-23)
(0.013918408 0.0024187729 0)
(7.6203736e-06 1.1306965e-06 0)
(2.4326669e-05 3.6139733e-06 -3.2979485e-29)
(4.4304243e-05 6.5910309e-06 5.5441609e-22)
(6.8179738e-05 1.0159915e-05 -6.6023242e-22)
(9.6693953e-05 1.4437545e-05 0)
(0.00013072001 1.9563837e-05 2.6494532e-28)
(0.00017128343 2.5705989e-05 -7.4388098e-28)
(0.00021958372 3.3063514e-05 0)
(0.00027701685 4.1874143e-05 2.0908842e-27)
(0.0003451976 5.2420625e-05 0)
(0.00042598034 6.5038439e-05 0)
(0.00052147592 8.0124356e-05 1.1921529e-27)
(0.00063406176 9.8145672e-05 1.4305146e-24)
(0.00076638129 0.00011964974 -1.7277638e-24)
(0.00092132796 0.00014527308 4.1260386e-21)
(0.0011020088 0.00017574906 -5.0069285e-21)
(0.001311682 0.00021191239 5.1551187e-21)
(0.0015536644 0.00025469827 -5.6189319e-21)
(0.0018312071 0.0003051332 2.9181991e-24)
(0.0021473406 0.00036431416 -1.3264906e-23)
(0.0025046993 0.00043337268 7.9212441e-24)
(0.0029053376 0.00051342119 -9.6112176e-25)
(0.0033505608 0.00060548078 0)
(0.0038407925 0.0007103926 2.8319023e-24)
(0.0043754998 0.00082871868 7.2366874e-24)
(0.004953184 0.00096064065 -7.5687317e-24)
(0.005571428 0.0011058652 3.2747586e-24)
(0.0062269696 0.0012635403 0)
(0.0069157545 0.0014321769 0)
(0.0076329171 0.001609562 2.0396911e-23)
(0.008372649 0.0017926409 -5.2833881e-23)
(0.0091279383 0.001977353 1.7899356e-23)
(0.0098902017 0.0021584206 0)
(0.010648879 0.002329152 -1.6452099e-24)
(0.011391002 0.002481426 -2.8380072e-23)
(0.012100842 0.0026051872 6.8851655e-23)
(0.01276187 0.0026903348 0)
(0.013359019 0.0027234813 6.1576497e-23)
(0.013862874 0.002717279 0)
(7.6203348e-06 1.9089802e-06 -4.969859e-26)
(2.4325944e-05 6.0963066e-06 6.7135087e-28)
(4.4301853e-05 1.1107418e-05 9.8128706e-28)
(6.8174152e-05 1.7101889e-05 1.2183885e-25)
(9.668281e-05 2.4268854e-05 -1.4232037e-25)
(0.00013069974 3.2832297e-05 1.6971341e-25)
(0.00017124871 4.305672e-05 1.9655511e-25)
(0.00021952667 5.5253443e-05 -5.4450752e-27)
(0.00027692593 6.9787475e-05 -5.3958664e-25)
(0.00034505609 8.7084774e-05 3.1652172e-25)
(0.00042576415 0.00010763959 0)
(0.0005211507 0.00013202146 4.006184e-25)
(0.00063357895 0.00016088105 -4.6815942e-25)
(0.00076567302 0.00019495402 0)
(0.00092030055 0.00023506137 6.3215264e-22)
(0.0011005348 0.00028210458 -5.7259106e-22)
(0.0013095911 0.00033705345 0)
(0.0015507333 0.00040092416 1.2786045e-25)
(0.0018271503 0.0004747452 2.0844818e-25)
(0.0021418028 0.00055950939 7.8880842e-25)
(0.0024972518 0.00065611123 -1.5320902e-25)
(0.0028954814 0.00076527136 5.7390778e-25)
(0.0033377381 0.00088745244 -1.8761302e-24)
(0.0038244077 0.0010227739 9.4780313e-26)
(0.0043549479 0.0011709347 4.0057964e-24)
(0.0049278833 0.0013311523 0)
(0.0055408484 0.0015021214 -3.27527e-24)
(0.0061906466 0.001681987 0)
(0.0068732774 0.0018683153 0)
(0.0075838848 0.0020580395 1.30364e-23)
(0.0083165909 0.0022473531 2.3570772e-23)
(0.009064213 0.0024315437 2.1261439e-23)
(0.009817899 0.0026047722 3.1570149e-24)
(0.010566783 0.0027599137 -3.2040751e-23)
(0.011297584 0.0028887003 -2.3281876e-23)
(0.011993973 0.0029808571 0)
(0.0126404 0.0030261758 -9.8967676e-23)
(0.013222806 0.0030148764 2.248148e-22)
(0.013719667 0.0029497085 2.6395581e-22)
(7.4543315e-06 2.6672186e-06 -1.6303318e-22)
(2.3795633e-05 8.5144091e-06 2.8899019e-22)
(4.3335493e-05 1.5506338e-05 3.0018318e-28)
(6.6686119e-05 2.3862195e-05 3.5904743e-28)
(9.4570964e-05 3.3841002e-05 -5.321002e-25)
(0.00012784241 4.5747949e-05 6.3761741e-25)
(0.00016750117 5.9941329e-05 -7.6232352e-25)
(0.00021471711 7.6839938e-05 -8.2921887e-22)
(0.00027085086 9.6930706e-05 1.0525588e-21)
(0.00033747515 0.00012077615 0)
(0.00041639447 0.00014902104 1.5397764e-24)
(0.00050966079 0.00018239735 -1.5748771e-21)
(0.00061958253 0.00022172635 2.1044163e-21)
(0.00074872292 0.00026791605 2.5535633e-24)
(0.00089988348 0.00032195216 -6.0069308e-24)
(0.0010760677 0.00038488002 3.5171929e-24)
(0.00128042 0.00045777513 0)
(0.0015161368 0.00054169983 -5.895009e-25)
(0.0017863481 0.00063764457 1.0438901e-24)
(0.0020939721 0.000746454 -1.2239855e-23)
(0.002441553 0.0008687401 1.3388013e-23)
(0.0028310935 0.0010047884 1.9731042e-23)
(0.0032639036 0.0011544662 -1.3692355e-23)
(0.0037404847 0.0013171449 1.5617921e-23)
(0.0042604639 0.0014916477 -2.0693449e-23)
(0.0048225818 0.0016762314 0)
(0.0054247193 0.0018685993 6.9070999e-24)
(0.006063928 0.0020659333 -4.583676e-23)
(0.0067364229 0.0022649143 -2.341748e-24)
(0.007437492 0.0024617 -6.4938598e-23)
(0.0081613017 0.002651833 -1.7941122e-22)
(0.0089006 0.0028300747 2.0889086e-23)
(0.0096463702 0.0029901761 6.9057616e-23)
(0.010387571 0.0031247981 -6.7519716e-23)
(0.011110769 0.0032257387 1.6934725e-22)
(0.011798841 0.0032827141 4.1094714e-22)
(0.012437436 0.0032858395 -7.4741265e-23)
(0.013012987 0.0032280968 -1.5605274e-22)
(0.013507263 0.0031090315 -8.6095072e-23)
(7.1137121e-06 3.364363e-06 -3.6629517e-22)
(2.2708695e-05 1.073736e-05 6.344334e-22)
(4.1356976e-05 1.9549633e-05 -2.7304931e-27)
(6.3643366e-05 3.0074859e-05 -2.0530454e-24)
(9.0259011e-05 4.2635854e-05 -8.5842248e-28)
(0.00012201849 5.7611797e-05 0)
(0.00015987846 7.544624e-05 0)
(0.00020495778 9.6655398e-05 -1.8923914e-21)
(0.00025855838 0.00012183632 2.1958936e-21)
(0.00032218614 0.00015167432 -2.9491121e-26)
(0.00039757021 0.00018694869 0)
(0.0004866789 0.00022853547 -3.6826705e-21)
(0.00059172936 0.00027740553 4.1346727e-21)
(0.00071518763 0.00033461566 -1.1406946e-23)
(0.00085975498 0.00040129018 -2.6489883e-25)
(0.001028336 0.00047859003 0)
(0.0012239842 0.00056766656 -1.7563143e-23)
(0.0014498212 0.00066959775 2.0809037e-23)
(0.0017089299 0.00078530617 -1.0438825e-24)
(0.0020042217 0.00091546064 2.4960892e-23)
(0.002338288 0.0010603671 -2.371948e-23)
(0.0027132468 0.0012198587 2.3692843e-23)
(0.0031306011 0.0013931998 -1.3233778e-24)
(0.0035911273 0.0015790193 -5.3313252e-23)
(0.0040948038 0.0017752877 -4.2842356e-23)
(0.0046407811 0.0019793446 6.6070629e-23)
(0.0052273783 0.0021879679 2.3092826e-23)
(0.0058520728 0.0023974621 4.3543621e-23)
(0.0065114476 0.0026037265 8.9467498e-21)
(0.0072010601 0.002802263 -3.8082908e-20)
(0.007915221 0.0029880977 -1.5174688e-22)
(0.0086466965 0.0031556207 0)
(0.0093863965 0.0032983493 3.437571e-22)
(0.010123068 0.003409155 0)
(0.010843567 0.0034796227 4.2461969e-23)
(0.011529802 0.0035002277 -9.8728291e-22)
(0.01216784 0.0034618091 0)
(0.01274532 0.003359946 -1.8720818e-20)
(0.013245386 0.0031939624 5.5279612e-19)
(6.6141174e-06 3.9639561e-06 -2.6023962e-24)
(2.1114805e-05 1.264895e-05 4.5291368e-24)
(3.8456299e-05 2.3026e-05 -2.6511092e-27)
(5.9183551e-05 3.5415321e-05 -3.238817e-24)
(8.3940813e-05 5.0194139e-05 -3.8615078e-24)
(0.00011348792 6.7804598e-05 9.2248926e-24)
(0.00014871798 8.8762598e-05 -5.5060125e-24)
(0.0001906765 0.00011366675 0)
(0.00024058153 0.00014320682 0)
(0.00029984397 0.0001781709 9.1907232e-24)
(0.00037008688 0.00021945004 -1.1003484e-23)
(0.00045316203 0.0002680387 -8.2451862e-26)
(0.00055116126 0.00032502886 0)
(0.00066641978 0.00039159498 0)
(0.00080150759 0.0004689668 2.6489869e-25)
(0.0009592051 0.00055838642 0)
(0.0011424589 0.00066104685 0)
(0.0013543148 0.00077800972 -3.0829505e-23)
(0.0015978261 0.00091010276 3.799561e-23)
(0.0018759399 0.0010578005 0)
(0.0021913662 0.0012210972 -1.0556117e-23)
(0.0025464405 0.0013993852 5.7599119e-23)
(0.0029429924 0.0015913579 -4.8592515e-23)
(0.0033822332 0.0017949564 -8.1897637e-24)
(0.0038646716 0.0020073764 -2.0328216e-23)
(0.0043900547 0.002225139 -9.2849979e-23)
(0.0049573207 0.0024442131 -1.1335259e-23)
(0.0055645359 0.0026601565 1.6644818e-22)
(0.0062087868 0.002868228 4.629324e-20)
(0.006886003 0.0030634227 -1.7113011e-20)
(0.0075907117 0.0032404028 3.423923e-22)
(0.008315766 0.0033933395 -1.228267e-22)
(0.009052154 0.0035155961 -3.435923e-22)
(0.0097872346 0.0036011522 0)
(0.010512275 0.0036407859 -7.4089304e-22)
(0.011202309 0.0036255555 4.7709525e-22)
(0.011846637 0.003549241 1.1443963e-21)
(0.0124353 0.0034091298 -6.2888812e-19)
(0.012949896 0.0032048822 7.7717895e-20)
(5.9731617e-06 4.4293491e-06 -1.7772306e-24)
(1.9070309e-05 1.4132372e-05 -8.5379746e-28)
(3.4736282e-05 2.5723077e-05 3.6940232e-24)
(5.346526e-05 3.9557462e-05 -4.4240312e-24)
(7.5841853e-05 5.6054502e-05 -5.2710641e-24)
(0.00010255643 7.5704504e-05 6.300414e-24)
(0.00013442164 9.90785e-05 8.27715e-27)
(0.00017239043 0.00012683757 8.9033158e-24)
(0.00021757541 0.00015974136 -1.0646636e-23)
(0.00027126863 0.00019865479 4.2562452e-26)
(0.00033496122 0.0002445515 -1.5229501e-26)
(0.00041036103 0.00029851214 -6.6225109e-21)
(0.00049940678 0.00036171481 9.2443535e-21)
(0.00060427589 0.00043541464 0)
(0.000727383 0.00052090891 2.7810212e-23)
(0.00087136589 0.00061948394 -3.2610902e-23)
(0.001039055 0.00073234073 3.8021455e-23)
(0.0012334235 0.00086049742 -4.2536304e-23)
(0.0014575168 0.00100467 -2.5667832e-24)
(0.0017143608 0.0011651363 -7.3332624e-24)
(0.002006853 0.0013415952 6.1865135e-24)
(0.0023376433 0.0015330375 3.6635903e-20)
(0.0027090113 0.001737651 -7.5206096e-21)
(0.0031227502 0.0019527825 2.842388e-23)
(0.0035800611 0.0021749727 -7.2999721e-23)
(0.0040814541 0.0024000683 0)
(0.0046266461 0.0026233912 1.0705599e-22)
(0.005214433 0.0028399259 0)
(0.0058425177 0.0030444699 0)
(0.0065072792 0.0032316938 2.152725e-22)
(0.0072034979 0.0033960839 0)
(0.007924167 0.0035318026 2.9319279e-22)
(0.0086614277 0.0036322783 -2.8748895e-22)
(0.0094014364 0.0036916621 0)
(0.010129959 0.0037021258 1.1424945e-21)
(0.010832459 0.0036555755 4.2732379e-22)
(0.011493381 0.0035473395 -3.3275354e-22)
(0.012098798 0.0033759887 -6.4436165e-22)
(0.012635357 0.0031436422 -2.1665967e-21)
(5.2206144e-06 4.7307361e-06 0)
(1.6670102e-05 1.509263e-05 8.5379746e-28)
(3.0369477e-05 2.7468167e-05 4.6600502e-24)
(4.6753533e-05 4.2236085e-05 -5.5770295e-24)
(6.6337191e-05 5.984179e-05 -6.6429026e-24)
(8.9729744e-05 8.0805881e-05 1.5872562e-23)
(0.00011765007 0.00010573379 -9.4797388e-24)
(0.00015094348 0.00013532521 0)
(0.00019060018 0.00017038237 -1.3301492e-23)
(0.00023777476 0.00021181621 1.5880471e-23)
(0.00029380623 0.00026064863 6.5580417e-26)
(0.00036023749 0.00031800882 -8.8717286e-21)
(0.00043883284 0.00038512068 9.1201907e-21)
(0.00053159173 0.00046327802 -3.0091792e-23)
(0.00064075619 0.00055380369 3.5441206e-23)
(0.00076880923 0.00065798871 0)
(0.00091846107 0.00077700818 -1.3056012e-24)
(0.0010926201 0.00091181277 0)
(0.0012943464 0.0010629975 0)
(0.0015267862 0.0012306548 7.3332914e-24)
(0.0017930876 0.0014142253 1.3916237e-22)
(0.0020963 0.0016123658 1.7903449e-20)
(0.00243926 0.0018228593 -5.2394048e-20)
(0.0028244666 0.0020425917 0)
(0.0032539475 0.0022676128 -8.409765e-23)
(0.0037291116 0.0024932807 1.1089479e-23)
(0.0042505813 0.0027144705 4.5047882e-22)
(0.0048179928 0.002925798 -2.3926458e-23)
(0.0054297534 0.0031218028 -2.755718e-22)
(0.0060827532 0.0032970322 -4.7536618e-22)
(0.0067720394 0.0034459887 -5.7845637e-23)
(0.0074904907 0.0035628586 -4.0246732e-22)
(0.0082275393 0.0036414303 -3.1996771e-22)
(0.0089780685 0.0036769474 3.1278374e-22)
(0.0097226387 0.0036627331 0)
(0.010441503 0.0035888894 -8.1877369e-22)
(0.011121482 0.0034557689 -2.1776944e-21)
(0.011750935 0.0032627623 1.9688749e-21)
(0.012315158 0.0030137315 1.0484734e-21)
(4.3920093e-06 4.8445176e-06 0)
(1.4027534e-05 1.5454541e-05 1.2302612e-27)
(2.5562144e-05 2.8124646e-05 -5.5876591e-24)
(3.9365454e-05 4.3241492e-05 6.6903811e-24)
(5.5875958e-05 6.125953e-05 4.1940832e-27)
(7.5614125e-05 8.270942e-05 0)
(9.9196226e-05 0.00010820759 0)
(0.00012734997 0.00013846543 0)
(0.00016093209 0.00017429719 1.5989527e-23)
(0.00020094761 0.00021662543 -1.1909193e-25)
(0.00024857057 0.0002664822 -2.2582895e-23)
(0.00030516567 0.00032500383 -2.6058176e-23)
(0.00037230985 0.00039341613 3.1148617e-23)
(0.00045181287 0.00047300662 0)
(0.00054573489 0.0005650798 0)
(0.00065639918 0.00067089144 0)
(0.00078639701 0.00079155893 -5.307575e-23)
(0.00093858194 0.00092794654 6.3651208e-23)
(0.00111605 0.0010805282 0)
(0.0013221024 0.0012492356 1.0430912e-23)
(0.0015601879 0.0014333066 -1.6554139e-22)
(0.0018338212 0.0016311548 7.8938784e-24)
(0.0021464757 0.0018402867 1.9276335e-22)
(0.0025014473 0.0020572927 1.8688817e-22)
(0.0029016862 0.0022779271 -1.2215147e-23)
(0.0033495944 0.0024972782 -1.3267299e-23)
(0.0038467859 0.0027100018 -5.3361283e-22)
(0.0043938087 0.0029105698 2.8466432e-23)
(0.0049898338 0.0030934717 3.2627757e-22)
(0.0056323228 0.0032533121 -9.9898938e-24)
(0.0063167044 0.0033847722 1.2764766e-21)
(0.0070360798 0.0034824464 0)
(0.0077803837 0.0035410722 3.786248e-22)
(0.0085391576 0.0035546599 -3.702059e-22)
(0.0092981392 0.003519303 0)
(0.010040415 0.003427334 -1.2175405e-22)
(0.010747203 0.0032786076 -9.7709337e-22)
(0.011405304 0.0030742517 0)
(0.012001131 0.0028199916 4.1978164e-21)
(3.5290941e-06 4.7566625e-06 3.1049211e-24)
(1.1275709e-05 1.5173418e-05 -1.2302612e-27)
(2.0556354e-05 2.7611338e-05 -6.450092e-24)
(3.1672928e-05 4.2449141e-05 7.7172366e-24)
(4.498456e-05 6.0131733e-05 9.1890424e-24)
(6.0919554e-05 8.1178227e-05 -1.1005964e-23)
(7.9987811e-05 0.00010619108 0)
(0.00010279525 0.00013586479 -1.551443e-23)
(0.0001300606 0.00017099315 1.8477827e-23)
(0.00016263449 0.00021247394 2.1891933e-23)
(0.00020152113 0.00026130926 -2.5743785e-23)
(0.00024790227 0.00031859917 -2.2203253e-25)
(0.0003031634 0.00038552579 0)
(0.00036892163 0.00046332411 0)
(0.00044705428 0.00055323584 4.8087624e-23)
(0.0005397267 0.00065644233 -5.6388766e-23)
(0.00064941717 0.00077397372 6.1373089e-23)
(0.00077893553 0.00090659361 -7.3264103e-23)
(0.00093143141 0.0010546621 -5.3558998e-24)
(0.0011103862 0.0012179856 -1.0431078e-23)
(0.0013195821 0.0013956693 1.2813645e-23)
(0.0015630395 0.0015859925 -2.7294619e-23)
(0.0018449152 0.0017863354 0)
(0.0021693511 0.0019931809 5.8194954e-23)
(0.0025402692 0.0022022081 0)
(0.002961109 0.0024084754 0)
(0.003434511 0.0026066667 2.1724168e-22)
(0.0039619579 0.0027913489 3.7095944e-22)
(0.0045433908 0.0029571821 -3.7344883e-22)
(0.0051768257 0.0030990251 3.4093801e-22)
(0.005858003 0.0032119143 6.8966086e-23)
(0.0065800828 0.0032909513 0)
(0.0073332106 0.0033314282 0)
(0.0081060249 0.0033291121 0)
(0.0088840154 0.0032790168 8.0108736e-22)
(0.0096496185 0.0031761897 1.7715751e-21)
(0.01038492 0.0030210337 -2.1870464e-21)
(0.011074314 0.0028160888 8.4921993e-22)
(0.011703696 0.0025680353 -3.7427584e-21)
(2.676534e-06 4.4631766e-06 3.4792401e-24)
(8.5570378e-06 1.4236571e-05 -1.211321e-23)
(1.5611118e-05 2.5905259e-05 7.2479437e-24)
(2.4073896e-05 3.98239e-05 0)
(3.4226275e-05 5.6408976e-05 0)
(4.640577e-05 7.6146134e-05 1.1369143e-26)
(6.1017573e-05 9.9598581e-05 0)
(7.8547837e-05 0.00012741497 0)
(9.9579703e-05 0.00016033589 0)
(0.0001248124 0.00019919771 -2.4421674e-23)
(0.00015508385 0.0002449323 2.896789e-23)
(0.00019139717 0.00029856021 -2.7896213e-25)
(0.00023495158 0.0003611746 3.9795922e-23)
(0.0002871777 0.0004339125 -4.7035562e-23)
(0.00034977731 0.00051790985 8.8709092e-25)
(0.00042476643 0.00061423664 0)
(0.00051452012 0.0007238096 0)
(0.00062181552 0.00084728195 7.9921693e-23)
(0.0007498678 0.00098491331 -8.6489977e-23)
(0.00090235091 0.0011364282 0)
(0.0010833925 0.0013008781 -2.695367e-23)
(0.0012975296 0.0014765279 -2.810847e-24)
(0.0015496097 0.0016607926 0)
(0.0018446243 0.0018502476 5.9396779e-24)
(0.0021874647 0.0020407273 -6.4047405e-23)
(0.0025825981 0.0022275096 0)
(0.0030336755 0.0024055587 -2.1731289e-22)
(0.0035430918 0.0025697784 4.1329743e-22)
(0.0041115314 0.0027152182 -6.2285963e-22)
(0.0047375359 0.0028371824 -3.4120366e-22)
(0.0054171309 0.0029312258 -2.4710494e-22)
(0.0061435371 0.0029930769 3.0376108e-22)
(0.006906936 0.0030186811 -1.0536362e-21)
(0.0076951692 0.0030044271 0)
(0.0084934179 0.002946425 -1.4636744e-21)
(0.0092838974 0.0028413883 1.3905157e-21)
(0.010048211 0.0026898176 2.1956476e-21)
(0.010769248 0.0024950722 -2.9949538e-21)
(0.011431971 0.0022641952 -6.8996266e-22)
(1.8796282e-06 3.971126e-06 -1.9050871e-24)
(6.0161419e-06 1.2666471e-05 -6.6226186e-24)
(1.0989315e-05 2.3047416e-05 1.5844581e-23)
(1.6972205e-05 3.5428915e-05 -9.4775091e-24)
(2.417264e-05 5.0180893e-05 -5.7130136e-27)
(3.2843471e-05 6.7734452e-05 0)
(4.3292312e-05 8.8589247e-05 0)
(5.589377e-05 0.00011332033 0)
(7.1104843e-05 0.00014258367 -2.2576922e-23)
(8.9484036e-05 0.00017711924 7.9170821e-26)
(0.00011171496 0.0002177503 3.1807577e-23)
(0.00013863534 0.00026537673 3.7410743e-23)
(0.00017127238 0.00032095997 -8.7528935e-23)
(0.00021088528 0.00038549648 5.1435326e-23)
(0.0002590155 0.00045997658 -8.8709304e-25)
(0.00031754442 0.00054532538 0)
(0.00038875693 0.00064232368 7.7294958e-23)
(0.00047540743 0.00075150849 -8.6690265e-23)
(0.00058078174 0.00087305617 0)
(0.00070874471 0.0010066561 -9.3003701e-23)
(0.000863759 0.0011513885 1.3465482e-22)
(0.0010508566 0.0013056257 -2.3950662e-24)
(0.001275543 0.0014669798 -1.2792414e-22)
(0.0015436138 0.0016323175 7.3854208e-23)
(0.0018608729 0.0017978564 6.406107e-23)
(0.002232751 0.0019593369 -2.5246686e-22)
(0.0026638407 0.0021122477 1.3135327e-22)
(0.0031573815 0.0022520588 2.4192646e-22)
(0.0037147402 0.0023744121 2.0688234e-22)
(0.0043349342 0.0024752253 -4.0487661e-22)
(0.0050142409 0.0025506992 -3.110556e-22)
(0.005745924 0.0025972626 0)
(0.0065200885 0.0026115724 1.0558174e-21)
(0.0073240403 0.0025906381 8.2587394e-20)
(0.008142386 0.002531588 1.7391722e-19)
(0.0089570419 0.0024323721 -2.1172237e-21)
(0.0097489947 0.0022937164 0)
(0.010499915 0.002119168 1.0531614e-21)
(0.011193748 0.0019154538 9.9197475e-22)
(1.1815805e-06 3.298562e-06 -2.0420265e-24)
(3.7909176e-06 1.0520734e-05 8.8969975e-28)
(6.941618e-06 1.9142653e-05 2.0037093e-27)
(1.0752926e-05 2.9425363e-05 2.3933722e-27)
(1.5368588e-05 4.1675783e-05 6.0497478e-24)
(2.0967434e-05 5.6251345e-05 -7.2210973e-24)
(2.7771811e-05 7.3566132e-05 8.5677752e-24)
(3.6058908e-05 9.4096448e-05 -1.0242766e-23)
(4.6175622e-05 0.00011838523 -2.4300121e-26)
(5.8557741e-05 0.00014704443 -1.4317116e-23)
(7.3754487e-05 0.00018075408 1.3663052e-25)
(9.2459759e-05 0.00022025641 1.9124798e-25)
(0.00011555152 0.00026634283 2.3570724e-23)
(0.00014414077 0.00031983128 -2.7176092e-23)
(0.0001796311 0.00038153134 6.3509997e-23)
(0.00022378927 0.00045219426 -3.6941032e-23)
(0.00027882544 0.00053244644 0)
(0.00034747939 0.00062270588 -5.8901032e-24)
(0.00043310522 0.00072308444 -1.0418842e-22)
(0.00053974241 0.00083328269 2.1157901e-22)
(0.00067215527 0.00095248874 -1.2890624e-22)
(0.00083581816 0.0010792977 -9.8963945e-23)
(0.0010368209 0.0012116705 1.79908e-22)
(0.0012816707 0.0013469508 -1.3915732e-22)
(0.001576976 0.0014819487 7.4668508e-23)
(0.0019290132 0.0016130906 0)
(0.0023431978 0.0017366107 1.290752e-22)
(0.0028235036 0.0018487512 -4.8260182e-22)
(0.0033718864 0.0019459239 2.4226109e-22)
(0.0039877688 0.0020248016 -2.0983726e-22)
(0.0046676355 0.0020823295 4.182726e-22)
(0.0054047698 0.0021156852 -6.5987603e-22)
(0.0061891503 0.0021222647 3.5451417e-22)
(0.0070076731 0.002099758 -1.6084874e-19)
(0.0078443953 0.0020461375 -9.8472444e-20)
(0.0086808238 0.0019601984 1.5051276e-21)
(0.0094973152 0.0018428043 6.3303711e-22)
(0.010274532 0.0016972311 -6.1637355e-22)
(0.010995478 0.0015293124 1.0805832e-21)
(6.2078444e-07 2.473288e-06 4.2687447e-23)
(2.0032993e-06 7.8882802e-06 -8.6847355e-23)
(3.689906e-06 1.4352664e-05 4.4699681e-24)
(5.756707e-06 2.2061857e-05 5.3286546e-24)
(8.2959579e-06 3.1245816e-05 -1.273094e-23)
(1.1427066e-05 4.2172208e-05 7.5910811e-24)
(1.5303974e-05 5.5151008e-05 8.608801e-27)
(2.0125771e-05 7.0538613e-05 0)
(2.6151199e-05 8.8741057e-05 2.4300124e-26)
(3.371789e-05 0.00011021568 -2.9993462e-26)
(4.3267652e-05 0.0001354703 0)
(5.537955e-05 0.00016505859 2.0824623e-23)
(7.081262e-05 0.00019957004 -2.4781306e-23)
(9.0560039e-05 0.00023961266 0)
(0.00011591633 0.00028578639 0)
(0.00014855829 0.00033864524 0)
(0.00019063872 0.00039864687 0)
(0.00024488884 0.0004660895 3.0310183e-24)
(0.00031472146 0.00054103826 -3.5271669e-24)
(0.00040432068 0.00062324615 6.7613455e-23)
(0.00051869794 0.00071207844 -2.661363e-24)
(0.00066368791 0.00080645297 -9.0174687e-23)
(0.00084585473 0.00090481083 -3.5909699e-23)
(0.0010722814 0.0010051308 0)
(0.0013502257 0.0011049955 1.8048171e-22)
(0.0016866444 0.001201706 -1.5211272e-22)
(0.0020876134 0.0012924294 -7.1072328e-23)
(0.0025576934 0.001374351 0)
(0.0030993073 0.0014447987 0)
(0.0037121959 0.0015013135 2.1466447e-22)
(0.0043930013 0.0015416602 -3.8529182e-22)
(0.0051350097 0.0015638003 8.0296209e-24)
(0.0059280693 0.0015658772 -2.7501277e-22)
(0.006758757 0.0015462671 -2.1209568e-21)
(0.0076106801 0.0015036399 4.6809354e-22)
(0.0084649345 0.0014373436 0)
(0.0093013189 0.0013481875 -6.6528627e-22)
(0.010099697 0.001238802 1.3012426e-21)
(0.0108423 0.0011136767 -1.4670151e-21)
(2.2897472e-07 1.5355368e-06 3.1377689e-23)
(7.5440744e-07 4.8972363e-06 -4.5894452e-23)
(1.4181377e-06 8.9100448e-06 -5.682234e-28)
(2.2661587e-06 1.3694614e-05 -6.4502684e-28)
(3.3547062e-06 1.9392807e-05 -3.2841735e-24)
(4.7616234e-06 2.6169352e-05 3.9314547e-24)
(6.5929827e-06 3.4214599e-05 4.6012794e-27)
(8.9932334e-06 4.374722e-05 0)
(1.2159529e-05 5.5017196e-05 -1.2978967e-26)
(1.6361035e-05 6.8309122e-05 2.999347e-26)
(2.1964704e-05 8.3939505e-05 0)
(2.9469546e-05 0.00010225068 8.3424343e-26)
(3.9551675e-05 0.00012360635 1.2755318e-23)
(5.3122297e-05 0.00014838127 -2.0212966e-25)
(7.1400241e-05 0.00017694451 -1.7378338e-23)
(9.6000231e-05 0.00020963584 -6.2568656e-25)
(0.00012903603 0.00024673415 -4.7038833e-20)
(0.00017323439 0.00028841821 5.2252348e-20)
(0.00023205105 0.00033472083 2.9108376e-23)
(0.00030977358 0.00038547981 -1.2642516e-22)
(0.00041158893 0.00044029124 7.4211035e-23)
(0.00054358666 0.00049847283 -5.3326874e-23)
(0.00071266551 0.0005590464 -5.6032228e-24)
(0.00092631365 0.00062074776 -1.4975003e-23)
(0.0011922447 0.00068206877 6.2636289e-23)
(0.0015178922 0.00074132971 7.8520064e-23)
(0.0019097933 0.00079677189 7.1118396e-23)
(0.0023729173 0.00084665309 0)
(0.0029100114 0.00088932549 -6.2949265e-23)
(0.0035210347 0.00092328034 2.1739051e-22)
(0.0042027345 0.0009471556 8.1761311e-23)
(0.0049483921 0.00095971975 -1.9226478e-22)
(0.0057477519 0.00095986197 0)
(0.0065871676 0.0009466228 8.1752189e-22)
(0.0074499283 0.00091925437 9.5983409e-22)
(0.0083168067 0.00087745014 -1.9912823e-22)
(0.0091671871 0.00082178065 0)
(0.0099803719 0.00075394402 -1.8620564e-21)
(0.010738051 0.0006767625 0)
(2.5198342e-08 5.231566e-07 -5.6396216e-25)
(1.1039811e-07 1.6675217e-06 9.8231595e-25)
(2.4686208e-07 3.0313648e-06 1.1734709e-24)
(4.6679227e-07 4.6540435e-06 -1.4046853e-24)
(8.0781316e-07 6.5824061e-06 1.6720685e-24)
(1.3266639e-06 8.8709349e-06 -1.9997002e-24)
(2.1053359e-06 1.1583483e-05 2.3672172e-24)
(3.2623778e-06 1.4795685e-05 -2.8326604e-24)
(4.9592061e-06 1.8599444e-05 1.2978969e-26)
(7.4251857e-06 2.3098374e-05 0)
(1.0998916e-05 2.8394934e-05 -4.6648294e-24)
(1.6138676e-05 3.459876e-05 5.5414657e-24)
(2.3470755e-05 4.1832927e-05 -6.5305518e-24)
(3.3866353e-05 5.0223701e-05 1.029279e-25)
(4.8506404e-05 5.9895401e-05 8.8300624e-24)
(6.8973916e-05 7.0962318e-05 6.2569073e-25)
(9.7362818e-05 8.3517988e-05 -4.6454026e-20)
(0.000136398 9.7621868e-05 5.6090579e-20)
(0.00018955783 0.00011328382 1.6159675e-23)
(0.00026118381 0.00013044749 -1.6337299e-23)
(0.00035655393 0.00014897445 -4.3127037e-24)
(0.00048188969 0.00016863188 1.8096221e-23)
(0.00064426272 0.00018908658 -1.0255301e-23)
(0.00085137035 0.00020990855 1.953168e-23)
(0.0011111612 0.00023058534 -1.0888509e-19)
(0.0014313143 0.00025054683 1.1390824e-19)
(0.0018186041 0.00026919679 3.8303094e-23)
(0.0022782094 0.00028594543 -3.3120812e-23)
(0.0028130435 0.00030023595 9.6420618e-23)
(0.0034231767 0.00031155986 5.5278539e-23)
(0.0041054086 0.00031945965 -5.8689675e-23)
(0.0048530159 0.00032352349 -1.8585045e-22)
(0.0056556862 0.00032338179 1.6407952e-22)
(0.0064996574 0.00031871759 -7.6093166e-23)
(0.0073680539 0.00030929021 -4.9381689e-22)
(0.0082414721 0.00029501173 3.2613637e-22)
(0.0090990757 0.00027608723 1.0003551e-22)
(0.0099198772 0.00025310305 4.8429907e-22)
(0.010685287 0.00022702103 1.4839425e-22)
(0.0064124321 -7.0473972e-05 -1.4266446e-22)
(0.0068630853 -6.6689004e-05 1.4738997e-23)
(0.0072915584 -6.0581843e-05 0)
(0.0076699856 -5.6049663e-05 -8.2305708e-23)
(0.008026299 -5.1747601e-05 0)
(0.0083521603 -4.7939442e-05 0)
(0.0086568266 -4.4497862e-05 0)
(0.0089407573 -4.1355065e-05 -1.2221254e-22)
(0.0092072896 -3.8463541e-05 1.0990126e-22)
(0.0094578849 -3.577822e-05 -7.6083515e-23)
(0.0096947879 -3.3255594e-05 0)
(0.0099181584 -3.0872584e-05 5.8094153e-23)
(0.010131794 -2.86241e-05 0)
(0.010331425 -2.6330385e-05 0)
(0.010526775 -2.4686677e-05 0)
(0.0064519582 -0.00021255028 1.3048702e-22)
(0.0068980235 -0.00020133691 0)
(0.0073242195 -0.00018284989 4.552527e-23)
(0.0077005319 -0.00016912902 -1.4538978e-24)
(0.0080553857 -0.0001561188 3.9590901e-23)
(0.008380189 -0.00014457831 0)
(0.0086840499 -0.00013416064 0)
(0.0089673911 -0.00012464367 1.0033931e-22)
(0.0092334494 -0.00011589468 -8.8037803e-23)
(0.0094836383 -0.0001077725 -1.1375482e-22)
(0.0097201551 -0.00010015282 6.7828702e-23)
(0.0099430982 -9.295469e-05 -9.0135776e-23)
(0.01015629 -8.6180423e-05 1.0129912e-22)
(0.010355248 -7.9265673e-05 -8.3925209e-23)
(0.010550165 -7.4324424e-05 -5.0270082e-24)
(0.0065356069 -0.00035491829 0)
(0.0069741274 -0.0003367465 0)
(0.0073968724 -0.00030589168 3.9972175e-22)
(0.0077694986 -0.0002830874 -8.1127931e-23)
(0.0081216925 -0.00026134503 8.0927545e-23)
(0.0084443106 -0.00024205383 2.6550847e-22)
(0.008746312 -0.00022460275 2.8881992e-22)
(0.0090280488 -0.00020865075 -6.2249524e-24)
(0.0092926123 -0.00019397408 -5.3862584e-24)
(0.0095413434 -0.00018034405 4.6721656e-22)
(0.0097763636 -0.00016755982 5.316405e-19)
(0.0099976774 -0.00015548114 4.7834111e-19)
(0.010209162 -0.00014412798 1.1225191e-18)
(0.010405929 -0.00013254113 -1.3774588e-18)
(0.010599149 -0.00012425053 -1.4944923e-22)
(0.0066662468 -0.0004944673 0)
(0.0070941841 -0.00047010282 5.5316539e-22)
(0.0075122508 -0.00042711481 -1.0765409e-22)
(0.0078795478 -0.00039549448 0)
(0.0082277977 -0.00036516759 -6.1868086e-22)
(0.0085470166 -0.00033824988 -3.346265e-22)
(0.0088460146 -0.0003138487 -2.3075262e-22)
(0.0091250376 -0.0002915313 4.7260347e-22)
(0.009386988 -0.00027098317 3.6530257e-22)
(0.0096331072 -0.00025189727 -3.578916e-22)
(0.0098654158 -0.0002340025 -5.1831258e-19)
(0.010083789 -0.00021710007 -5.0805173e-19)
(0.010292193 -0.00020123285 3.8331061e-19)
(0.010485135 -0.00018505603 3.0888391e-19)
(0.010675288 -0.00017345939 1.5190373e-22)
(0.0068461413 -0.00062758742 -1.275039e-22)
(0.007260416 -0.00059816422 -3.2665299e-22)
(0.0076725215 -0.0005435492 -4.1541564e-22)
(0.008032789 -0.00050359959 -6.2442855e-22)
(0.0083757246 -0.0004650478 -8.1222088e-24)
(0.0086902481 -0.0004308078 -6.2262372e-22)
(0.0089850135 -0.00039971072 4.8242664e-22)
(0.0092601246 -0.00037125391 -8.4659031e-22)
(0.0095182541 -0.0003450388 -3.711383e-22)
(0.0097605165 -0.00032069107 3.2378821e-22)
(0.0099888083 -0.0002978772 3.3458022e-23)
(0.010202839 -0.00027634562 -2.7951686e-22)
(0.010406704 -0.00025615816 -1.6213489e-18)
(0.010594104 -0.00023562141 1.1802168e-18)
(0.010779746 -0.00022085493 0)
(0.0070767728 -0.0007502697 0)
(0.0074743002 -0.00071736664 9.0675635e-22)
(0.0078791154 -0.00065192467 6.4487416e-22)
(0.0082306113 -0.00060438776 1.6323892e-21)
(0.0085667761 -0.00055820751 1.5241722e-22)
(0.0088752346 -0.00051715743 -1.472828e-22)
(0.0091644609 -0.00047981152 1.1386078e-22)
(0.009434385 -0.00044561775 3.1459571e-22)
(0.0096874098 -0.00041410576 -8.8698171e-23)
(0.0099244965 -0.00038484777 -2.4088308e-22)
(0.010147397 -0.00035745731 0)
(0.010355624 -0.00033164088 2.9296307e-23)
(0.010553436 -0.00030746721 -5.6285999e-23)
(0.010733541 -0.0002829562 3.5688011e-23)
(0.010913188 -0.00026525865 2.9345821e-22)
(0.0073586616 -0.00085817939 0)
(0.007736376 -0.00082390199 -1.1410534e-21)
(0.0081325643 -0.00074874442 -6.3167288e-22)
(0.0084735117 -0.00069463709 -4.1329642e-24)
(0.0088013665 -0.00064168673 4.9277303e-22)
(0.0091023296 -0.00059457116 -8.0337639e-19)
(0.0093846478 -0.00055163606 -6.5622719e-19)
(0.0096480489 -0.00051230145 -1.1524376e-22)
(0.0098946286 -0.00047604311 1.2990586e-18)
(0.01012517 -0.00044239688 -2.7769856e-18)
(0.010341265 -0.00041093468 -6.8048724e-23)
(0.0105422 -0.00038133665 6.6654058e-23)
(0.010732428 -0.00035365987 -4.307172e-22)
(0.010903502 -0.00032572053 3.7948601e-22)
(0.011075675 -0.00030544148 -3.0771878e-22)
(0.0076911856 -0.00094673449 -2.6522234e-22)
(0.0080460356 -0.00091380481 4.4447176e-23)
(0.0084323589 -0.00083038922 2.2151141e-22)
(0.0087609303 -0.00077100783 -7.3088983e-22)
(0.0090788614 -0.00071243507 1.1354494e-21)
(0.009370858 -0.00066025332 6.9366825e-19)
(0.0096448573 -0.00061261755 7.7965977e-19)
(0.0099003612 -0.00056894509 0)
(0.010139125 -0.00052868182 2.9816283e-18)
(0.010361732 -0.00049134807 -1.4228749e-18)
(0.0105696 -0.0004564877 0)
(0.010761769 -0.00042377404 -5.0093448e-22)
(0.010942914 -0.00039322972 -2.5776614e-23)
(0.011103301 -0.00036256668 -7.3965832e-22)
(0.011266578 -0.00034016905 0)
(0.0080724266 -0.0010112015 -2.9766382e-22)
(0.0084012726 -0.00098286232 -6.7409462e-22)
(0.0087768398 -0.00089325221 -2.1101727e-23)
(0.0090911023 -0.0008301648 1.2521862e-21)
(0.0093974404 -0.0007674363 -1.298914e-21)
(0.0096789882 -0.00071146111 1.1345408e-21)
(0.009943245 -0.00066025247 -2.3444251e-22)
(0.010189469 -0.00061325857 -6.3285473e-22)
(0.010419046 -0.00056992636 9.415029e-22)
(0.010632344 -0.00052978554 4.8328535e-22)
(0.010830599 -0.0004923681 -1.1478291e-21)
(0.011012594 -0.00045736353 1.5060275e-21)
(0.011183241 -0.00042473494 8.5616248e-22)
(0.011331426 -0.00039220155 3.8467241e-22)
(0.011484499 -0.00036825678 0)
(0.0084991176 -0.0010470158 -1.2323704e-21)
(0.008801576 -0.0010271142 9.010615e-22)
(0.0091631648 -0.0009339716 0)
(0.0094609323 -0.00086892945 -1.4607141e-21)
(0.0097539983 -0.00080385906 0)
(0.010023645 -0.00074564652 -2.6650161e-22)
(0.01027676 -0.0006922337 3.0191854e-23)
(0.010512348 -0.00064314601 1.1004402e-21)
(0.010731407 -0.00059787014 1.5053416e-21)
(0.010934079 -0.00055597466 -1.8217875e-21)
(0.011121416 -0.00051699873 1.0009455e-21)
(0.011291943 -0.00048067369 -2.0039077e-21)
(0.011450814 -0.00044687791 -9.1301803e-22)
(0.011585498 -0.0004134567 5.0168725e-23)
(0.011727226 -0.00038863224 5.895786e-22)
(0.0089677604 -0.001050688 3.6930236e-21)
(0.0092449268 -0.0010417714 -6.9946039e-22)
(0.0095855914 -0.00094837003 3.6651583e-23)
(0.0098658932 -0.00088443606 2.1692082e-21)
(0.010144114 -0.00081923569 9.3188989e-22)
(0.010400482 -0.00076061283 0)
(0.010641124 -0.00070659474 -9.7562709e-22)
(0.010864791 -0.0006568391 0)
(0.011072081 -0.00061091868 -1.5102413e-21)
(0.01126291 -0.0005684751 1.3186388e-21)
(0.011438152 -0.00052907686 0)
(0.011596083 -0.00049252477 1.2072841e-23)
(0.011742096 -0.000458589 -8.4439181e-22)
(0.011862252 -0.00042536252 -7.592042e-22)
(0.011991719 -0.00040040132 -1.1726593e-21)
(0.0094700796 -0.0010191035 -5.3113132e-22)
(0.0097189291 -0.0010244537 5.2999751e-22)
(0.010038327 -0.00093363753 1.6694525e-21)
(0.01030011 -0.00087440966 -1.4343509e-21)
(0.010562091 -0.00081162057 2.7991905e-22)
(0.01080392 -0.00075467096 5.4066374e-22)
(0.011030878 -0.00070185486 2.932366e-21)
(0.011241454 -0.00065303033 4.2744756e-22)
(0.011435851 -0.00060791145 -1.9804464e-22)
(0.011613767 -0.00056625209 0)
(0.011775909 -0.00052767534 -1.1185442e-21)
(0.011920333 -0.0004920803 1.9671951e-21)
(0.01205265 -0.00045910882 -3.7723094e-23)
(0.012157586 -0.00042722129 5.888048e-23)
(0.012274144 -0.00040291422 5.8207845e-22)
(0.0099965647 -0.00094930595 -1.5032766e-23)
(0.010213384 -0.00097489559 4.1387745e-22)
(0.010514274 -0.00088911098 -2.4641592e-21)
(0.010756381 -0.00083741294 -1.9850737e-20)
(0.01100103 -0.00077977159 1.5423155e-18)
(0.011227276 -0.00072679082 6.4174249e-19)
(0.011439511 -0.00067715293 -8.3015815e-19)
(0.011635991 -0.00063099353 -6.0397316e-19)
(0.011816542 -0.00058823101 0)
(0.011980663 -0.00054877535 -1.5064777e-22)
(0.012128919 -0.00051233229 1.2659597e-21)
(0.012259181 -0.00047892822 -8.628623e-22)
(0.012377248 -0.00044806121 -5.2284994e-19)
(0.012466647 -0.00041867267 -4.8230572e-19)
(0.01256995 -0.00039582507 -5.5389979e-22)
(0.010539005 -0.00083901068 -4.3604154e-21)
(0.010723965 -0.00089033876 -2.0814286e-21)
(0.011004461 -0.00081408972 -1.5951306e-21)
(0.011226527 -0.00077291518 -6.0479232e-19)
(0.011453075 -0.00072330781 -6.3400267e-19)
(0.011662967 -0.00067672699 -9.1748634e-19)
(0.011859676 -0.00063235467 6.3198446e-19)
(0.012041267 -0.00059067815 7.926427e-19)
(0.012207229 -0.0005518869 -1.4157166e-21)
(0.012356899 -0.00051609426 0)
(0.012490731 -0.00048311875 0)
(0.012606466 -0.00045314211 0)
(0.012710044 -0.0004255087 4.9210765e-19)
(0.012783986 -0.00039974429 5.1332011e-19)
(0.012874005 -0.00037913934 -5.2293633e-22)
(0.01108674 -0.000687859 1.4099968e-18)
(0.011241495 -0.00076942489 4.777937e-19)
(0.011499845 -0.00070868008 1.6068995e-21)
(0.011701767 -0.00068133068 3.622757e-22)
(0.011909741 -0.00064277014 -2.3875454e-21)
(0.012102819 -0.00060509134 2.0470787e-21)
(0.012283477 -0.00056811664 1.3668392e-21)
(0.012449638 -0.00053276342 4.8400242e-23)
(0.012600512 -0.0004995619 1.7790874e-21)
(0.012735331 -0.00046887811 0)
(0.012854476 -0.00044067435 1.2548354e-22)
(0.012955622 -0.0004153135 1.7089273e-21)
(0.013044795 -0.0003919824 -1.5649101e-21)
(0.013103759 -0.00037088035 -1.4264897e-21)
(0.013180778 -0.00035324216 1.0768994e-21)
(0.011628178 -0.000497322 -7.9456753e-19)
(0.011755196 -0.00061332044 -1.0725546e-18)
(0.01199069 -0.0005739977 2.9572918e-21)
(0.012172918 -0.00056404125 -2.2189329e-21)
(0.012362257 -0.00053963755 1.9443747e-21)
(0.012538427 -0.00051336812 -2.5015707e-21)
(0.012702826 -0.00048589556 -3.0465886e-21)
(0.012853297 -0.00045866168 -3.6461536e-22)
(0.012988854 -0.00043261128 6.7920327e-22)
(0.013108691 -0.00040841296 -3.1471349e-22)
(0.013213168 -0.00038620334 6.0329078e-19)
(0.013299969 -0.00036654832 4.8796118e-19)
(0.013375136 -0.00034847994 1.4644083e-21)
(0.013419978 -0.00033294245 1.5128477e-21)
(0.013484566 -0.0003189023 -1.0094052e-21)
(0.012151266 -0.00027042096 1.7810085e-21)
(0.012254094 -0.00042423543 -1.8929208e-21)
(0.012467079 -0.00041245324 -3.6016543e-21)
(0.0126308 -0.00042345399 5.2342897e-21)
(0.012801975 -0.00041629763 -2.7354281e-21)
(0.012961552 -0.0004038675 -1.3808386e-21)
(0.013109833 -0.00038789672 1.7153179e-21)
(0.013244654 -0.00037046505 3.5098532e-22)
(0.013364942 -0.0003530098 -3.4681066e-22)
(0.01346994 -0.00033655065 1.9726079e-21)
(0.013560048 -0.00032142675 -5.1593451e-19)
(0.013633037 -0.00030842345 -5.6839871e-19)
(0.013694885 -0.00029642762 -1.365086e-21)
(0.013726784 -0.00028717885 -3.7305288e-23)
(0.013779751 -0.00027724788 2.0145658e-21)
(0.012644003 -1.18803e-05 -4.2297441e-22)
(0.012727553 -0.00020571112 2.7444102e-21)
(0.012919458 -0.00022759823 9.6231814e-22)
(0.013066695 -0.00026292992 -4.7348055e-21)
(0.013220791 -0.00027594547 -5.9564512e-23)
(0.013364538 -0.00027961199 1.3766984e-21)
(0.0134972 -0.00027695982 0)
(0.013616712 -0.00027083508 -3.1269068e-21)
(0.013722053 -0.000263247 3.3200879e-22)
(0.01381262 -0.00025561055 -2.4719863e-21)
(0.013888917 -0.00024849157 2.4119353e-21)
(0.013948885 -0.00024290399 -1.2433307e-22)
(0.013998345 -0.00023760686 3.5954049e-23)
(0.014018738 -0.00023516191 -8.5174506e-23)
(0.014061067 -0.00022971268 -9.6718573e-22)
(0.013094938 0.000271909 -4.0590243e-21)
(0.013165724 3.7513935e-05 3.9498815e-22)
(0.013339123 -2.3861687e-05 -2.4482823e-21)
(0.013472776 -8.6584769e-05 2.2402577e-21)
(0.013611549 -0.00012239222 0)
(0.013740685 -0.00014415113 0)
(0.013858581 -0.00015638434 0)
(0.013963413 -0.00016284004 2.7461065e-21)
(0.014054384 -0.00016617628 0)
(0.014131172 -0.00016824003 0)
(0.014194449 -0.00016984217 0)
(0.014242402 -0.00017222609 5.2250046e-19)
(0.014280586 -0.00017404928 4.2853639e-19)
(0.014291081 -0.0001786969 1.1991286e-21)
(0.014323855 -0.00017795539 9.2793136e-22)
(0.013493816 0.00057280679 3.8907785e-21)
(0.013560088 0.0002995636 0)
(0.013718661 0.00019371159 1.8402538e-21)
(0.013842484 0.0001009475 5.4792744e-22)
(0.013968379 4.0160435e-05 4.353972e-22)
(0.014084564 -1.3452219e-06 -3.6229202e-21)
(0.014188871 -2.9725467e-05 0)
(0.014279911 -4.9764221e-05 2.4906822e-21)
(0.01435732 -6.4837325e-05 0)
(0.014421195 -7.7249328e-05 1.9251868e-21)
(0.014472436 -8.8067369e-05 1.6852389e-21)
(0.014509542 -9.8756288e-05 -4.5387694e-19)
(0.014537686 -0.00010790963 -4.8277224e-19)
(0.014539967 -0.00011970965 1.2652097e-21)
(0.014564284 -0.00012375786 -9.5090346e-22)
(0.013832415 0.00088054209 3.1666637e-22)
(0.013904465 0.00057287322 -6.3489039e-23)
(0.014052691 0.0004192629 -2.6032898e-22)
(0.014171027 0.00029447074 0)
(0.014287074 0.00020716863 0)
(0.014392312 0.00014474354 2.7512298e-21)
(0.014484451 9.9346188e-05 -2.2727228e-21)
(0.014562783 6.5045855e-05 1.7304279e-22)
(0.014627621 3.7701053e-05 -2.7986056e-22)
(0.014679625 1.4543691e-05 -1.6705319e-21)
(0.014719965 -5.7502833e-06 -1.8723654e-21)
(0.014747497 -2.484881e-05 0)
(0.014766883 -4.1333434e-05 0)
(0.014762617 -6.0125022e-05 -4.524994e-21)
(0.014779518 -6.8914505e-05 1.6230291e-21)
(0.014103281 0.0011845725 2.7475576e-22)
(0.014195421 0.0008484779 -5.136563e-22)
(0.014338614 0.0006462236 -2.1675887e-22)
(0.014455907 0.00048836946 8.6886526e-22)
(0.014565433 0.00037390706 2.6099342e-21)
(0.014661862 0.00029002424 -3.3287313e-22)
(0.014743345 0.0002272135 2.5978543e-21)
(0.014810154 0.00017834047 -1.9758302e-21)
(0.014863531 0.00013849092 4.7434483e-19)
(0.014904824 0.0001044567 3.2893104e-19)
(0.014935497 7.4669516e-05 0)
(0.014954769 4.7285596e-05 1.5708625e-22)
(0.014966658 2.3666585e-05 2.1042538e-21)
(0.014957409 -1.750277e-06 2.2384873e-21)
(0.014967797 -1.5124895e-05 -1.661677e-21)
(0.014295348 0.001478713 1.3514048e-21)
(0.014426397 0.0011224619 -1.3787141e-21)
(0.014573078 0.00087255192 -2.7572434e-21)
(0.014694775 0.00068033881 3.6791568e-22)
(0.014801909 0.00053793272 -3.289195e-21)
(0.014892124 0.00043196915 0)
(0.014964732 0.00035133649 0)
(0.015021401 0.00028763996 0)
(0.015064592 0.00023516823 -3.3899359e-19)
(0.015096473 0.00019027668 -4.4359746e-19)
(0.015118794 0.00015114677 1.668286e-22)
(0.015131118 0.00011577045 -1.6585989e-22)
(0.015136698 8.5365081e-05 -2.0901188e-21)
(0.015123865 5.3839661e-05 -1.29488e-22)
(0.015128443 3.6136339e-05 0)
(0.014384797 0.0017799791 -1.6570454e-21)
(0.014571727 0.0014073538 1.5477006e-21)
(0.014739986 0.0011100069 2.9664093e-22)
(0.014877693 0.00087782943 3.440868e-22)
(0.01499084 0.00070313904 -5.9441239e-19)
(0.015080074 0.00057210295 -3.0662734e-19)
(0.015147135 0.00047182915 -2.1175614e-21)
(0.015195978 0.00039230082 3.7524359e-21)
(0.015230857 0.00032671863 -3.3004499e-21)
(0.015255015 0.00027082818 0)
(0.015270523 0.00022245151 -2.5212212e-21)
(0.015277283 0.00017937807 1.3361342e-22)
(0.015277696 0.0001425552 -1.3150891e-22)
(0.015262553 0.00010544562 0)
(0.01526174 8.3814023e-05 1.2980829e-21)
(0.010714854 -2.1382752e-05 0)
(0.010898965 -1.9302738e-05 0)
(0.011092509 -1.7031456e-05 0)
(0.011280904 -1.4894216e-05 0)
(0.011470522 -1.300807e-05 0)
(0.011656847 -1.1274979e-05 0)
(0.011840695 -9.739648e-06 0)
(0.012020309 -8.3817176e-06 0)
(0.012196354 -7.1782118e-06 0)
(0.012366229 -6.1460781e-06 0)
(0.012533525 -5.2020573e-06 0)
(0.012689601 -4.4833805e-06 0)
(0.012852239 -3.6109841e-06 0)
(0.01297721 -3.4670178e-06 0)
(0.01317599 -2.0577666e-06 0)
(0.010736292 -6.4470466e-05 0)
(0.010917477 -5.8242047e-05 0)
(0.011108652 -5.1409571e-05 0)
(0.011294858 -4.4978739e-05 0)
(0.011482525 -3.929644e-05 0)
(0.011667139 -3.4073198e-05 0)
(0.011849482 -2.9442462e-05 0)
(0.012027788 -2.5344623e-05 0)
(0.012202699 -2.1711111e-05 0)
(0.012371597 -1.8593334e-05 0)
(0.012538052 -1.5740963e-05 0)
(0.012693416 -1.356832e-05 0)
(0.012855432 -1.0930701e-05 0)
(0.01297994 -1.0493883e-05 0)
(0.013178046 -6.2211116e-06 0)
(0.010780866 -0.00010788324 0)
(0.010955989 -9.7542713e-05 0)
(0.011142251 -8.6179402e-05 0)
(0.011323916 -7.5468704e-05 0)
(0.011507532 -6.5984448e-05 0)
(0.011688591 -5.7257155e-05 0)
(0.011867806 -4.9507957e-05 0)
(0.01204339 -4.2642787e-05 0)
(0.012215938 -3.6549299e-05 0)
(0.012382803 -3.1315235e-05 0)
(0.012547503 -2.6523358e-05 0)
(0.012701385 -2.2870229e-05 0)
(0.012862102 -1.8432577e-05 0)
(0.01298564 -1.7694629e-05 0)
(0.013182346 -1.0486315e-05 0)
(0.010850017 -0.00015085201 0)
(0.011015809 -0.00013656184 0)
(0.011194487 -0.00012084136 0)
(0.011369135 -0.00010597127 0)
(0.011546482 -9.2767228e-05 0)
(0.011722028 -8.0593003e-05 1.3410457e-35)
(0.011896387 -6.9757755e-05 -1.1876801e-35)
(0.012067741 -6.0141312e-05 0)
(0.012236614 -5.1591566e-05 0)
(0.012400313 -4.4236225e-05 0)
(0.012562279 -3.7493549e-05 0)
(0.012713849 -3.2347827e-05 0)
(0.012872535 -2.6087725e-05 0)
(0.012994551 -2.5043467e-05 0)
(0.013189086 -1.4852001e-05 0)
(0.010944854 -0.00019252312 0)
(0.011098001 -0.00017457676 0)
(0.011266354 -0.0001548297 0)
(0.011431436 -0.00013603923 0)
(0.011600212 -0.00011929617 0)
(0.011768207 -0.00010381192 0)
(0.011935902 -8.9985871e-05 0)
(0.012101439 -7.768371e-05 0)
(0.012265251 -6.6719932e-05 0)
(0.012424583 -5.7267878e-05 0)
(0.012582774 -4.8585949e-05 0)
(0.012731147 -4.1952316e-05 0)
(0.012887019 -3.3861475e-05 0)
(0.013006919 -3.2509798e-05 0)
(0.013198465 -1.9301861e-05 0)
(0.011066069 -0.00023196649 0)
(0.011203316 -0.00021079916 0)
(0.011358606 -0.00018751919 0)
(0.01151156 -0.00016517589 0)
(0.011669431 -0.0001451813 0)
(0.01182779 -0.00012661131 0)
(0.011986958 -0.0001099591 0)
(0.012145036 -9.5091811e-05 0)
(0.012302342 -8.1799362e-05 0)
(0.012456051 -7.030844e-05 0)
(0.012609373 -5.9724719e-05 0)
(0.012753615 -5.1626832e-05 0)
(0.012905841 -4.1713078e-05 0)
(0.013022985 -4.0057689e-05 0)
(0.013210689 -2.379567e-05 0)
(0.011213844 -0.00026819877 0)
(0.011332116 -0.00024439325 0)
(0.011471693 -0.00021823674 0)
(0.011610019 -0.00019284261 0)
(0.011754674 -0.00016999584 0)
(0.011901311 -0.00014865737 0)
(0.012050073 -0.0001294183 0)
(0.012199017 -0.00011216629 0)
(0.012348336 -9.6677837e-05 0)
(0.012495124 -8.3242672e-05 0)
(0.01264244 -7.0823471e-05 0)
(0.012781578 -6.1306082e-05 0)
(0.012929277 -4.9595286e-05 0)
(0.013042987 -4.76465e-05 0)
(0.013225993 -2.8325919e-05 0)
(0.011387775 -0.00030021574 0)
(0.011484308 -0.00027450012 0)
(0.011605701 -0.00024627779 0)
(0.011727046 -0.00021846975 0)
(0.011856264 -0.00019328326 0)
(0.011989146 -0.00016958943 0)
(0.012125645 -0.00014808099 0)
(0.012263784 -0.00012868803 0)
(0.012403622 -0.00011118699 0)
(0.012542169 -9.594206e-05 0)
(0.012682314 -8.1785216e-05 0)
(0.012815341 -7.0916117e-05 0)
(0.012957593 -5.7454143e-05 0)
(0.013067163 -5.5233624e-05 0)
(0.013244631 -3.2888168e-05 0)
(0.011586799 -0.00032703219 0)
(0.011659276 -0.00030026845 0)
(0.011760301 -0.00027092759 0)
(0.011862548 -0.0002414714 0)
(0.011974272 -0.00021456714 0)
(0.012091479 -0.00018902627 0)
(0.012213928 -0.00016564523 0)
(0.01233963 -0.0001444205 0)
(0.012468509 -0.00012514343 0)
(0.012597496 -0.00010826548 0)
(0.012729292 -9.2502621e-05 0)
(0.012855183 -8.0374255e-05 0)
(0.012991035 -6.522884e-05 0)
(0.013095742 -6.2772124e-05 0)
(0.013266831 -3.7434344e-05 0)
(0.011809147 -0.00034772834 0)
(0.011855831 -0.00032089053 0)
(0.011934694 -0.00029148731 0)
(0.012016056 -0.00026126381 0)
(0.012108476 -0.00023336387 0)
(0.012208265 -0.00020657463 0)
(0.012315006 -0.0001817952 0)
(0.012426721 -0.0001591132 0)
(0.012543214 -0.00013835082 0)
(0.012661346 -0.00012006037 0)
(0.012783624 -0.0001028586 0)
(0.012901349 -8.9589215e-05 0)
(0.013029823 -7.285164e-05 0)
(0.013128934 -7.0182856e-05 0)
(0.01329281 -4.1943665e-05 0)
(0.012052323 -0.00036150049 0)
(0.012072178 -0.00033564243 0)
(0.01212758 -0.00030730426 0)
(0.012186693 -0.00027728718 0)
(0.012258326 -0.00024919819 0)
(0.012339203 -0.00022183986 0)
(0.012428759 -0.00019620835 0)
(0.012525068 -0.00017250632 0)
(0.012627834 -0.00015060282 0)
(0.012733873 -0.00013116454 0)
(0.012845497 -0.00011272735 0)
(0.01295404 -9.8461603e-05 0)
(0.013074149 -8.024936e-05 0)
(0.013166974 -7.7424852e-05 0)
(0.013322774 -4.6399356e-05 0)
(0.012313113 -0.00036771337 0)
(0.012305901 -0.00034392621 0)
(0.012337132 -0.00031780526 0)
(0.012373144 -0.00028903036 0)
(0.012422916 -0.00026162135 0)
(0.012483706 -0.00023443872 0)
(0.012554844 -0.00020856421 0)
(0.012634506 -0.00018433671 0)
(0.012722336 -0.000161687 0)
(0.012815133 -0.00014140866 0)
(0.012915025 -0.00012197577 0)
(0.0130134 -0.00010688508 0)
(0.013124184 -8.7346294e-05 0)
(0.013210074 -8.444754e-05 0)
(0.013356901 -5.0704508e-05 0)
(0.01258764 -0.00036594994 0)
(0.01255399 -0.00034531144 0)
(0.012561002 -0.00032253121 0)
(0.012573645 -0.00029605739 0)
(0.012600963 -0.00027023124 0)
(0.012640877 -0.00024401409 0)
(0.012692669 -0.00021855491 0)
(0.012754677 -0.00019434513 0)
(0.012826533 -0.0001713897 0)
(0.012905064 -0.00015061943 0)
(0.012992231 -0.00013046549 0)
(0.013079508 -0.0001147479 0)
(0.013180055 -9.4057652e-05 0)
(0.01325837 -9.1183899e-05 0)
(0.013395336 -5.4890679e-05 0)
(0.012871459 -0.00035605437 0)
(0.012812887 -0.00033957272 0)
(0.012796344 -0.00032117088 0)
(0.012785985 -0.00029803439 0)
(0.012790802 -0.00027469373 0)
(0.012809496 -0.00025025109 0)
(0.012841374 -0.00022589696 0)
(0.012885004 -0.00020228468 0)
(0.012940067 -0.00017950193 0)
(0.01300347 -0.00015862359 0)
(0.01307704 -0.0001380554 0)
(0.013152367 -0.00012193469 0)
(0.013241842 -0.00010028638 0)
(0.013311976 -9.75421e-05 0)
(0.013438184 -5.8934617e-05 0)
(0.0131597 -0.00033816317 0)
(0.013078583 -0.00032671948 0)
(0.01303987 -0.00031359085 0)
(0.01300754 -0.00029475526 0)
(0.012990396 -0.00027476413 0)
(0.01298802 -0.000252894 0)
(0.012999827 -0.00023034416 0)
(0.013024686 -0.0002079303 0)
(0.013062397 -0.00018582615 0)
(0.013110013 -0.00016525265 0)
(0.013169262 -0.00014460488 0)
(0.013231897 -0.00012832966 0)
(0.013309598 -0.00010596146 0)
(0.013370954 -0.00010345184 0)
(0.01348552 -6.2745669e-05 0)
(0.013447247 -0.00031271997 0)
(0.013346735 -0.00030701429 0)
(0.013287937 -0.00029985875 0)
(0.013235321 -0.00028616368 0)
(0.01319736 -0.00027030711 0)
(0.013174591 -0.00025176303 0)
(0.01316662 -0.00023170097 0)
(0.013172686 -0.00021108902 0)
(0.013192787 -0.00019018384 0)
(0.013224193 -0.00017034832 0)
(0.013268584 -0.00014997805 0)
(0.013317932 -0.00013382022 0)
(0.013383292 -0.00011100472 0)
(0.0134353 -0.00010883171 0)
(0.013537388 -6.6287908e-05 0)
(0.013728953 -0.00028047024 0)
(0.013612835 -0.00028097637 0)
(0.01353666 -0.00028025661 0)
(0.013466051 -0.0002723696 0)
(0.013409011 -0.00026131358 0)
(0.013367061 -0.00024676982 0)
(0.013340077 -0.00022983558 0)
(0.013327733 -0.00021161055 0)
(0.013330302 -0.00019242367 0)
(0.013345347 -0.00017376853 0)
(0.013374555 -0.00015404833 0)
(0.013410201 -0.00013829933 0)
(0.013462775 -0.00011530915 0)
(0.013504944 -0.00011359889 0)
(0.013593783 -6.9520317e-05 0)
(0.013999867 -0.00024243393 0)
(0.013872382 -0.00024936807 0)
(0.01378205 -0.00025528177 0)
(0.013696268 -0.00025365752 0)
(0.013622437 -0.00024791273 0)
(0.013563036 -0.00023793038 0)
(0.013518281 -0.00022469204 0)
(0.013488331 -0.00020939757 0)
(0.013473808 -0.00019242978 0)
(0.013472642 -0.0001753939 0)
(0.013486585 -0.00015670319 0)
(0.013508311 -0.00014166803 0)
(0.013547805 -0.00011879775 0)
(0.013579744 -0.00011766955 0)
(0.013654656 -7.2395504e-05 0)
(0.014255468 -0.0001998563 0)
(0.014121086 -0.00021316357 0)
(0.014020174 -0.00022563343 0)
(0.013922447 -0.00023048506 0)
(0.013834581 -0.00023037742 0)
(0.013759937 -0.0002253741 0)
(0.013699112 -0.00021630011 0)
(0.013652781 -0.00020441521 0)
(0.013621981 -0.00019013003 0)
(0.013605073 -0.00017513432 0)
(0.013603939 -0.00015784898 0)
(0.013611744 -0.00014383925 0)
(0.013638041 -0.00012139536 0)
(0.01365948 -0.00012096247 0)
(0.013719903 -7.4865222e-05 0)
(0.014491873 -0.00015413965 0)
(0.014355054 -0.00017350081 0)
(0.014247318 -0.00019218443 0)
(0.014141131 -0.00020347046 0)
(0.014042349 -0.00020912171 0)
(0.013955071 -0.00020934765 0)
(0.013880294 -0.00020478218 0)
(0.013819215 -0.00019669885 0)
(0.013773324 -0.00018550339 0)
(0.013741479 -0.00017293542 0)
(0.013725736 -0.00015741604 0)
(0.013719855 -0.00014474198 0)
(0.013733037 -0.00012303817 0)
(0.013743847 -0.00012340342 0)
(0.013789364 -7.6883298e-05 0)
(0.014706011 -0.00010676008 0)
(0.014570973 -0.00013162063 0)
(0.014460152 -0.00015593917 0)
(0.014349079 -0.00017336859 0)
(0.014242724 -0.00018468952 0)
(0.014145724 -0.00019021248 0)
(0.014059465 -0.00019035594 0)
(0.013985634 -0.00018635946 0)
(0.013926199 -0.00017858612 0)
(0.013880549 -0.00016878438 0)
(0.013850961 -0.00015536338 0)
(0.013831869 -0.00014432525 0)
(0.013832245 -0.00012366345 0)
(0.013832453 -0.00012492839 0)
(0.013862811 -7.8408654e-05 0)
(0.014895739 -5.9178789e-05 0)
(0.014766248 -8.8798465e-05 0)
(0.014655872 -0.00011798014 0)
(0.0145434 -0.00014103551 0)
(0.014432884 -0.00015773353 0)
(0.014329261 -0.00016843466 0)
(0.014234248 -0.0001733314 0)
(0.014149969 -0.00017358498 0)
(0.014078858 -0.00016947544 0)
(0.014020853 -0.00016271433 0)
(0.013978473 -0.00015168246 0)
(0.013946884 -0.00014255794 0)
(0.013934835 -0.00012323711 0)
(0.013924776 -0.00012545544 0)
(0.013939955 -7.9399367e-05 0)
(0.015059893 -1.278487e-05 0)
(0.014939099 -4.6266675e-05 0)
(0.014832319 -7.9408793e-05 0)
(0.014721676 -0.0001073847 0)
(0.014610326 -0.00012898467 0)
(0.014503225 -0.00014456699 0)
(0.01440234 -0.0001541018 0)
(0.014310143 -0.00015863727 0)
(0.014229496 -0.00015832997 0)
(0.014160869 -0.00015480703 0)
(0.014107027 -0.00014639963 0)
(0.014063887 -0.00013943902 0)
(0.014039832 -0.00012170691 0)
(0.014020114 -0.00012497157 0)
(0.014020436 -7.9818386e-05 0)
(0.015198275 3.1043827e-05 0)
(0.015088621 -5.0884944e-06 0)
(0.014988048 -4.1293721e-05 0)
(0.01488206 -7.3350366e-05 0)
(0.014772962 -9.9221283e-05 0)
(0.01466544 -0.00011923198 0)
(0.014561597 -0.00013313518 0)
(0.014464145 -0.00014185049 0)
(0.0143763 -0.00014537123 0)
(0.014299022 -0.00014519797 0)
(0.014235297 -0.00013958058 0)
(0.01418183 -0.00013494022 0)
(0.014146378 -0.00011912574 0)
(0.014117657 -0.00012348272 0)
(0.014103756 -7.964528e-05 0)
(0.014434494 0.0023836556 9.5494895e-23)
(0.014850721 0.0022243468 -2.4251885e-23)
(0.015164017 0.0019423318 1.8276641e-23)
(0.015311485 0.00150284 -3.9771049e-22)
(0.015330624 0.0010325629 -8.7074012e-22)
(0.015306077 0.00065156 1.5346066e-21)
(0.015276852 0.00038378127 -4.8598851e-21)
(0.015240026 0.00019042857 0)
(0.015153597 5.1936762e-05 6.039043e-22)
(0.014352903 0.0026306367 -8.8921124e-23)
(0.014745195 0.0024035607 0)
(0.015032314 0.0020335191 0)
(0.01517864 0.0015306644 4.1924685e-22)
(0.015224058 0.001036481 7.9116742e-22)
(0.015233087 0.00065244762 3.0863966e-21)
(0.015228984 0.00038483756 1.8670817e-20)
(0.015208025 0.00019233207 0)
(0.015130694 5.4225535e-05 0)
(0.014171434 0.0028055761 4.5576032e-22)
(0.014560144 0.0025189998 0)
(0.014856882 0.0020790443 0)
(0.01503036 0.0015331787 0)
(0.015115297 0.0010282968 4.5483188e-22)
(0.015160452 0.00064623191 -5.0120914e-21)
(0.015181338 0.00038082611 -2.8088494e-20)
(0.015175787 0.00019070512 1.7746141e-21)
(0.015109505 5.4211916e-05 -1.646075e-21)
(0.013945581 0.0029118596 -9.3024639e-22)
(0.014341394 0.0025741634 2.4501499e-22)
(0.014662889 0.0020830489 3.5305149e-21)
(0.014876237 0.0015131104 4.0437495e-21)
(0.015006252 0.0010083251 -1.1775264e-20)
(0.015088715 0.00063290621 2.0214789e-21)
(0.015134858 0.0003726577 1.6659316e-20)
(0.015145058 0.00018728207 1.2491656e-21)
(0.01509142 5.3519894e-05 -1.8589752e-21)
(0.01368693 0.0029520896 -4.1761419e-22)
(0.014101767 0.0025742478 2.834883e-22)
(0.014459743 0.0020503225 -7.5194191e-21)
(0.014721228 0.0014727132 -4.0913201e-21)
(0.014899131 0.00097700887 -8.6161002e-19)
(0.015018906 0.00061262411 -7.2536897e-19)
(0.015090013 0.00036043601 4.147034e-20)
(0.015115619 0.00018192937 -5.0981043e-20)
(0.015075398 5.2032462e-05 -8.3673105e-21)
(0.013407056 0.0029286242 3.40026e-21)
(0.013851275 0.0025234145 -4.0344973e-21)
(0.014254383 0.0019843727 4.2420644e-21)
(0.014568835 0.0014134481 0)
(0.014795438 0.00093468775 6.5640722e-19)
(0.014951786 0.00058555658 9.6303241e-19)
(0.015047301 0.00034423867 -9.0525276e-20)
(0.015087718 0.00017454903 -6.8356789e-20)
(0.01506138 4.9927273e-05 -1.4920481e-19)
(0.013117436 0.0028447672 -2.1822682e-21)
(0.013598875 0.0024259624 8.2770719e-21)
(0.014052591 0.001888288 0)
(0.014421977 0.0013365657 0)
(0.014696527 0.00088177869 -1.8315589e-20)
(0.014888067 0.00055196134 -8.2098839e-20)
(0.015007137 0.00032418558 5.0791342e-20)
(0.015061819 0.00016502013 1.0708881e-19)
(0.015049642 4.7606403e-05 3.2261293e-19)
(0.012828582 0.0027046436 1.9771213e-21)
(0.013352302 0.0022862341 -5.6083309e-21)
(0.013859165 0.001764929 0)
(0.014283137 0.0012433033 -1.8937901e-21)
(0.014603639 0.00081882286 1.5126618e-21)
(0.014828396 0.00051218672 4.5125292e-20)
(0.0149699 0.00030045822 0)
(0.015038749 0.00015335348 0)
(0.015037334 4.4901979e-05 -1.8707914e-19)
(0.012549711 0.0025129834 -2.2785374e-21)
(0.013118093 0.0021085066 -5.5148922e-21)
(0.013678087 0.0016169995 0)
(0.014154451 0.0011349511 1.9674728e-20)
(0.01451792 0.00074648452 0)
(0.014773367 0.0004666693 3.0443718e-21)
(0.014935937 0.00027337454 -7.013559e-20)
(0.015017857 0.00013979466 2.6795497e-21)
(0.015027227 4.1399553e-05 2.0474852e-19)
(0.01228882 0.0022749269 -5.2912941e-21)
(0.012901776 0.0018970139 1.3475306e-20)
(0.013512701 0.0014471409 0)
(0.01403778 0.0010128934 -2.2430807e-20)
(0.014440437 0.00066554329 -2.1044055e-20)
(0.014723544 0.00041593093 -6.2724136e-20)
(0.014905675 0.00024353076 1.3760364e-19)
(0.015000407 0.00012431458 1.7995031e-19)
(0.015017976 3.7026792e-05 -1.1567842e-20)
(0.012052784 0.0019959589 9.7308427e-21)
(0.012708023 0.0016560049 -7.1333404e-21)
(0.01336583 0.0012580119 0)
(0.01393474 0.00087863072 0)
(0.014372191 0.00057689115 -1.6070236e-21)
(0.014679559 0.00036050098 5.9215789e-20)
(0.014877383 0.00021126576 -1.490345e-19)
(0.014984243 0.00010758753 -7.5302532e-20)
(0.015011218 3.2096776e-05 -2.5130711e-19)
(0.011847405 0.001681864 -4.3209739e-21)
(0.012540738 0.0013897887 -7.1316973e-22)
(0.013239849 0.0010523393 -8.9675717e-21)
(0.013846712 0.00073378504 -1.1385896e-20)
(0.014314018 0.00048151629 5.8579023e-20)
(0.014642266 0.00030089903 0)
(0.014853835 0.00017654394 8.2314402e-20)
(0.01497083 8.9912855e-05 -1.008713e-19)
(0.015005015 2.6784485e-05 0)
(0.011677453 0.0013386785 -2.3997335e-21)
(0.012403122 0.0011027614 0)
(0.013136715 0.00083294257 9.4473611e-21)
(0.013774861 0.00058009419 1.419381e-20)
(0.014266611 0.00038049673 -2.9933573e-20)
(0.014612018 0.00023773283 -5.9221912e-21)
(0.014835309 0.00013945342 4.5052848e-20)
(0.014960717 7.0961495e-05 4.1647221e-21)
(0.014999902 2.1203776e-05 1.9673268e-20)
(0.011546708 0.00097264525 3.3162457e-21)
(0.012297705 0.00079941476 0)
(0.013057989 0.00060273933 1.3181636e-21)
(0.013720132 0.00041939862 1.3411783e-20)
(0.014230539 0.00027499079 -1.967691e-21)
(0.014589013 0.00017175199 -1.9619228e-20)
(0.014821187 0.00010065994 -4.7673625e-20)
(0.01495305 5.1203711e-05 7.057873e-20)
(0.014995809 1.5269549e-05 -5.8610751e-21)
(0.011457986 0.00059017635 8.8443652e-22)
(0.012226378 0.0004843396 0)
(0.013004848 0.0003647492 0)
(0.013683243 0.00025364146 -7.3854768e-21)
(0.014206243 0.0001662468 1.0414049e-20)
(0.014573499 0.0001037775 1.030271e-20)
(0.014811471 6.0763299e-05 0)
(0.014947175 3.0950597e-05 -3.6050695e-20)
(0.014993538 9.1477491e-06 0)
(0.011413158 0.0001978287 -6.8628785e-22)
(0.012190399 0.00016223328 1.0704999e-22)
(0.012978079 0.00012210627 -5.9318623e-22)
(0.013664679 8.4886268e-05 -8.0582308e-21)
(0.014194023 5.5627356e-05 -9.471783e-21)
(0.014565686 3.4712838e-05 1.2358727e-20)
(0.014806552 2.0329464e-05 -9.1923106e-22)
(0.014944198 1.0431997e-05 -3.9979731e-20)
(0.014992448 2.9198753e-06 -4.8996911e-21)
(0.014605189 0.0019897178 0)
(0.014805642 0.0016192783 3.8483586e-19)
(0.014974899 0.0013049504 4.2866731e-19)
(0.015107733 0.0010518178 -5.8525498e-24)
(0.015208396 0.00085550312 4.6796952e-19)
(0.015279997 0.00070425206 4.5875907e-19)
(0.01532792 0.00058583004 2.195548e-21)
(0.015358732 0.00049024874 -3.9076523e-21)
(0.015377962 0.00041070871 2.9471152e-22)
(0.015389106 0.00034298406 2.7950001e-21)
(0.015393823 0.00028472543 5.1123964e-21)
(0.015391873 0.00023368397 0)
(0.015384489 0.00019017478 -1.882222e-21)
(0.015365045 0.00014770235 3.2896962e-18)
(0.015356573 0.00012213634 2.7710475e-18)
(0.01501574 0.0019201594 -4.7658173e-22)
(0.015206987 0.0016122035 -3.7204943e-19)
(0.015338733 0.0013501103 -4.1479764e-19)
(0.015426533 0.0011322971 -1.7309865e-21)
(0.015482142 0.00095346809 0)
(0.015512649 0.00080621556 -2.8944951e-23)
(0.015526901 0.00068343657 2.9039433e-23)
(0.015531424 0.00057930365 0)
(0.015530379 0.00048990774 3.3882597e-21)
(0.015525526 0.00041274728 -4.3805477e-22)
(0.015517079 0.00034605678 -5.0408935e-21)
(0.015504227 0.00028797553 1.8388369e-23)
(0.015487207 0.00023809989 2.1073734e-22)
(0.015462024 0.00019091446 -3.6368808e-18)
(0.01544467 0.00016046971 -3.0456158e-18)
(0.015304673 0.0017665902 3.785784e-22)
(0.015442668 0.0015610915 -5.6762669e-22)
(0.015533251 0.0013650471 -1.3235073e-21)
(0.015589962 0.0011879804 1.3760999e-21)
(0.015624377 0.001032021 3.6504299e-23)
(0.015643524 0.0008946703 0)
(0.015652595 0.00077292994 3.6898192e-23)
(0.015654169 0.0006654828 -1.0847386e-21)
(0.01565027 0.00057058449 2.3941538e-24)
(0.015641879 0.00048758766 -2.4100036e-21)
(0.015628579 0.00041511208 2.2626798e-21)
(0.015610738 0.00035183022 -2.8018024e-23)
(0.015589076 0.0002964953 1.9236645e-21)
(0.01556237 0.00024603593 -1.460627e-21)
(0.015539879 0.00020840597 0)
(0.01542347 0.0014205499 0)
(0.015507394 0.0013048708 -6.9437173e-23)
(0.015568949 0.0011846441 2.1319585e-23)
(0.015614129 0.0010688956 -3.0202637e-22)
(0.0156477 0.00096001494 -3.6373241e-22)
(0.015671482 0.00085869502 3.0008171e-23)
(0.015685861 0.00076525865 -4.2011209e-22)
(0.015693556 0.00067888834 1.2133176e-21)
(0.015693121 0.00059903466 1.0050941e-21)
(0.015687916 0.00052680789 -7.3415969e-23)
(0.015677394 0.00046130658 0)
(0.015663141 0.00040170922 -9.2720786e-22)
(0.015645962 0.0003476475 9.0948934e-22)
(0.015625835 0.00029832778 3.1901538e-22)
(0.015606495 0.00025584214 -8.6341878e-22)
(0.015409219 0.0010044247 0)
(0.015454335 0.00095208987 2.5446543e-23)
(0.015493573 0.0008945235 1.9644398e-24)
(0.01552685 0.00083609218 2.1476922e-22)
(0.015554408 0.00077772666 2.1186264e-22)
(0.015576529 0.00071990876 0)
(0.015593703 0.0006630064 2.8409308e-22)
(0.015606219 0.00060741129 -3.0570769e-22)
(0.015614734 0.00055369563 -6.4395605e-22)
(0.015619481 0.00050181666 0)
(0.015621076 0.00045215267 3.2635363e-22)
(0.015620115 0.00040502495 6.8414242e-22)
(0.015616857 0.00036111942 -6.798613e-22)
(0.015611803 0.00032005852 2.8703939e-22)
(0.015605245 0.00028057906 6.3289511e-22)
(0.015355436 0.00064596482 -3.6469917e-23)
(0.015377156 0.00062504524 5.1470093e-23)
(0.015398374 0.00060069504 -3.5640436e-23)
(0.015418316 0.00057482411 2.7110486e-23)
(0.015436666 0.00054780994 3.2179632e-23)
(0.015453458 0.00051986452 0)
(0.015468709 0.00049119563 -3.3152115e-23)
(0.015482405 0.00046200218 -1.7360614e-24)
(0.015494537 0.00043249609 0)
(0.015505129 0.00040290601 0)
(0.015514218 0.0003734526 -2.3264076e-22)
(0.015521843 0.00034432066 4.2453432e-23)
(0.01552809 0.00031564048 -2.4220538e-23)
(0.015533228 0.00028752957 2.7065794e-22)
(0.01553659 0.00025997654 -1.621878e-23)
(0.015307306 0.00038587323 3.0799372e-23)
(0.015317247 0.0003782871 7.5714787e-24)
(0.015327706 0.00036908275 0)
(0.015338222 0.00035905645 0)
(0.015348592 0.00034831791 9.9801336e-23)
(0.015358815 0.00033689487 -2.0571917e-22)
(0.015368869 0.00032480768 3.207222e-23)
(0.015378705 0.00031208125 -4.6461799e-23)
(0.015388269 0.00029874756 1.7652037e-22)
(0.015397518 0.00028484316 -1.6388462e-22)
(0.015406417 0.00027040844 8.0541154e-23)
(0.015414937 0.00025548908 0)
(0.015423057 0.00024013784 0)
(0.015430822 0.00022440476 0)
(0.015437767 0.0002082878 0)
(0.015260564 0.0001947119 -6.7830386e-23)
(0.015264925 0.00019234575 1.0201034e-22)
(0.015269862 0.00018933594 -9.5543831e-23)
(0.015275078 0.00018599817 1.6813366e-22)
(0.015280443 0.00018236025 -3.9171988e-22)
(0.015285988 0.0001784142 1.819795e-22)
(0.015291731 0.00017414829 -2.4229206e-23)
(0.015297665 0.00016955242 3.5555658e-23)
(0.015303779 0.0001646193 0)
(0.015310065 0.00015934513 1.8109064e-22)
(0.015316511 0.00015373031 -1.0307226e-23)
(0.015323109 0.00014778024 -1.3862639e-22)
(0.015329842 0.00014150577 0)
(0.015336715 0.00013492373 8.5747437e-23)
(0.015343546 0.00012804456 -8.7478464e-23)
(0.015169887 5.5681439e-05 9.2777076e-24)
(0.015172282 5.5186601e-05 0)
(0.015175097 5.4526451e-05 -2.2604706e-22)
(0.015178128 5.3788303e-05 4.873874e-22)
(0.015181309 5.2977466e-05 -2.4025747e-22)
(0.01518467 5.209031e-05 0)
(0.015188234 5.1122407e-05 1.5121159e-23)
(0.015192005 5.0069863e-05 0)
(0.015195986 4.8929508e-05 0)
(0.015200181 4.7699051e-05 0)
(0.015204594 4.6377374e-05 -5.6851107e-22)
(0.015209226 4.4965036e-05 5.65014e-22)
(0.015214076 4.3465543e-05 0)
(0.015219123 4.1893353e-05 0)
(0.015224536 4.0288717e-05 0)
(0.015297045 6.606568e-05 0)
(0.015198597 2.8886399e-05 0)
(0.015105067 -9.3650945e-06 0)
(0.01500519 -4.4199252e-05 0)
(0.014900427 -7.314268e-05 0)
(0.014795005 -9.6502706e-05 0)
(0.014691043 -0.00011385258 0)
(0.014591354 -0.00012600499 0)
(0.014499373 -0.00013277732 0)
(0.014416426 -0.00013553236 0)
(0.014345633 -0.00013241444 0)
(0.014284426 -0.0001299103 0)
(0.014239903 -0.00011592594 0)
(0.014203889 -0.00012130798 0)
(0.014178316 -7.898426e-05 0)
(0.015390003 0.00010296971 0)
(0.015305024 6.4590056e-05 0)
(0.015220222 2.4826571e-05 0)
(0.015128595 -1.2450092e-05 0)
(0.01503037 -4.4295728e-05 0)
(0.014929141 -7.0898752e-05 0)
(0.014826976 -9.1740827e-05 0)
(0.014726695 -0.00010750168 0)
(0.0146319 -0.00011778368 0)
(0.014544249 -0.00012375543 0)
(0.01446696 -0.00012346069 0)
(0.014398236 -0.00012338302 0)
(0.01434452 -0.00011158057 -3.7012539e-19)
(0.014300842 -0.00011804883 -3.6014447e-19)
(0.014262895 -7.7840206e-05 0)
(0.015495949 0.00015434382 0)
(0.015432452 0.00011398292 0)
(0.015363398 7.3664238e-05 0)
(0.015287021 3.4396889e-05 0)
(0.01520233 -6.5098758e-07 0)
(0.015111547 -3.1008081e-05 0)
(0.015016455 -5.6311358e-05 0)
(0.014919696 -7.7019839e-05 0)
(0.014824886 -9.2371326e-05 0)
(0.014733981 -0.00010309683 0)
(0.014650182 -0.00010725077 0)
(0.014572805 -0.00011085662 0)
(0.014507266 -0.00010296165 5.3587846e-19)
(0.014452874 -0.0001110771 5.2917915e-19)
(0.014397474 -7.5045311e-05 0)
(0.015579991 0.00021030674 0)
(0.015545299 0.00017201495 0)
(0.015501913 0.00013350869 0)
(0.015450674 9.4900593e-05 0)
(0.015390519 5.8406481e-05 0)
(0.015321622 2.5450186e-05 0)
(0.015244886 -3.7557183e-06 0)
(0.015162252 -2.9687525e-05 0)
(0.015076824 -5.1068756e-05 0)
(0.014990348 -6.7834851e-05 0)
(0.014905549 -7.8293015e-05 0)
(0.014822983 -8.7038509e-05 0)
(0.014746797 -8.5651149e-05 0)
(0.014680691 -9.5752846e-05 0)
(0.014603861 -6.882291e-05 0)
(0.015598234 0.00024493286 0)
(0.015588759 0.00021395607 0)
(0.015573648 0.00018201888 0)
(0.015551867 0.00014890153 0)
(0.015523105 0.00011673439 0)
(0.015487456 8.7776384e-05 0)
(0.015445049 6.014734e-05 0)
(0.015393267 3.2414296e-05 0)
(0.015335015 7.1962256e-06 0)
(0.015270823 -1.4559915e-05 0)
(0.015201885 -3.1474143e-05 0)
(0.015129083 -4.5891093e-05 0)
(0.015054845 -5.2981964e-05 0)
(0.014986765 -6.4698267e-05 0)
(0.014894671 -5.3551807e-05 0)
(0.015540378 0.00023693706 0)
(0.015545128 0.00021660187 0)
(0.01554756 0.00019593285 0)
(0.015546011 0.00017366805 0)
(0.015541039 0.00014929533 0)
(0.015532578 0.00012485889 0)
(0.015519415 0.00010029497 0)
(0.015501834 7.6498973e-05 0)
(0.015479905 5.4254225e-05 0)
(0.015452253 3.4915002e-05 0)
(0.015420448 1.9255319e-05 0)
(0.015382668 5.7527314e-06 0)
(0.015339045 -5.0415189e-06 0)
(0.015294305 -1.6075522e-05 0)
(0.0152198 -2.1453367e-05 0)
(0.015445 0.00019497374 0)
(0.015453309 0.0001828733 0)
(0.015461238 0.00016956637 0)
(0.015468266 0.00015509752 0)
(0.015474305 0.00013959123 0)
(0.015479076 0.00012343906 0)
(0.015482168 0.00010728602 0)
(0.015483328 9.1689602e-05 0)
(0.015481087 7.5725462e-05 0)
(0.015477268 5.96187e-05 0)
(0.015470305 4.4794924e-05 0)
(0.015460101 3.1264053e-05 0)
(0.015448652 2.0315036e-05 0)
(0.015436026 1.2735244e-05 0)
(0.015413487 5.6118221e-06 0)
(0.015350322 0.00012226903 0)
(0.01535784 0.00011701603 0)
(0.015365633 0.00011104791 0)
(0.015373446 0.00010425824 0)
(0.015381318 9.6618268e-05 0)
(0.015389124 8.815465e-05 -8.8482726e-35)
(0.015396646 7.8949584e-05 9.2195062e-35)
(0.015403739 6.9182164e-05 0)
(0.015410271 5.9116089e-05 0)
(0.015415994 4.9081713e-05 0)
(0.015420748 3.9749481e-05 0)
(0.015424364 3.1859974e-05 0)
(0.01542681 2.5657948e-05 0)
(0.015427646 2.1176788e-05 0)
(0.015426127 1.5515042e-05 0)
(0.015229341 3.8641379e-05 0)
(0.015235059 3.7230137e-05 0)
(0.01524093 3.5620495e-05 0)
(0.015247124 3.3766503e-05 0)
(0.015253771 3.165269e-05 0)
(0.015260781 2.9271924e-05 0)
(0.015268007 2.663136e-05 0)
(0.015275306 2.3756576e-05 0)
(0.015282515 2.0686625e-05 0)
(0.015289436 1.7485661e-05 0)
(0.01529586 1.4254444e-05 0)
(0.015301636 1.1103392e-05 0)
(0.01530679 8.2099532e-06 0)
(0.015311154 6.0879099e-06 0)
(0.015316748 4.6244327e-06 0)
(2.5159843e-09 9.1902159e-08 0)
(1.7546084e-08 2.9342425e-07 0)
(4.9680618e-08 5.3446347e-07 0)
(1.101774e-07 8.2247176e-07 1.2984533e-25)
(2.1300305e-07 1.1663718e-06 -1.4642679e-27)
(3.7937952e-07 1.5766557e-06 -1.8594594e-25)
(6.4025372e-07 2.065629e-06 0)
(1.0402381e-06 2.6476619e-06 -2.6274686e-25)
(1.6433051e-06 3.339442e-06 1.0219656e-27)
(2.5407164e-06 4.1602136e-06 3.5848042e-25)
(3.8619209e-06 5.1319805e-06 0)
(5.7894016e-06 6.2796327e-06 0)
(8.5786696e-06 7.6309443e-06 0)
(1.2584781e-05 9.2163685e-06 -6.8619271e-25)
(1.8296864e-05 1.1068532e-05 7.9303078e-25)
(2.6382025e-05 1.3221313e-05 -2.2323414e-25)
(3.7739554e-05 1.5708357e-05 1.9777508e-24)
(5.3565265e-05 1.8560901e-05 -2.1970432e-24)
(7.5423875e-05 2.1804787e-05 3.6326682e-20)
(0.00010532433 2.5456621e-05 -4.1115035e-20)
(0.00014578878 2.9519182e-05 0)
(0.00019990085 3.3976391e-05 0)
(0.00027131398 3.8788432e-05 0)
(0.00036419759 4.3887911e-05 9.1695584e-24)
(0.00048310002 4.9178148e-05 4.3977534e-20)
(0.00063271572 5.4534706e-05 -4.2268768e-20)
(0.00081755981 5.9810871e-05 0)
(0.0010415759 6.4847112e-05 2.786472e-23)
(0.0013077253 6.9483506e-05 -2.4702258e-23)
(0.0016176212 7.3573343e-05 -3.8107577e-23)
(0.0019712759 7.69953e-05 8.88217e-21)
(0.0023669825 7.966357e-05 9.0784984e-21)
(0.0028014627 8.1531741e-05 3.9676049e-23)
(0.0032698726 8.2593926e-05 8.8718336e-23)
(0.0037668819 8.2854707e-05 4.1807107e-24)
(0.004284513 8.2413655e-05 1.1594503e-22)
(0.0048204797 8.124807e-05 -5.9548263e-24)
(0.0053561947 7.953138e-05 -1.6638049e-22)
(0.0059129511 7.8361074e-05 0)
(1.9540881e-08 2.7792078e-07 2.0379946e-25)
(7.1919933e-08 8.8726131e-07 0)
(1.487751e-07 1.6159665e-06 -8.2711154e-28)
(2.6278074e-07 2.4867318e-06 4.9438809e-28)
(4.2961017e-07 3.5265648e-06 1.1806679e-27)
(6.7250648e-07 4.7672298e-06 -2.8156266e-27)
(1.0248116e-06 6.2459861e-06 0)
(1.5339707e-06 8.00635e-06 1.0199101e-24)
(2.2672981e-06 1.0098857e-05 -3.9743942e-27)
(3.3199864e-06 1.2581786e-05 2.7980552e-26)
(4.8260891e-06 1.5521763e-05 -1.6949087e-24)
(6.9734585e-06 1.8994134e-05 -6.2002087e-26)
(1.0023825e-05 2.3082949e-05 1.4468188e-25)
(1.4339393e-05 2.7880315e-05 2.5032643e-24)
(2.0417406e-05 3.3484854e-05 -3.0902502e-24)
(2.893406e-05 3.9998885e-05 -2.1764001e-25)
(4.0798613e-05 4.7523931e-05 -4.8392223e-24)
(5.7217524e-05 5.6154129e-05 4.3055168e-24)
(7.9766465e-05 6.5967191e-05 3.8664948e-20)
(0.00011046509 7.7012804e-05 -3.9216304e-20)
(0.00015184523 8.929876e-05 0)
(0.0002069982 0.00010277575 -4.1131437e-21)
(0.00027958212 0.00011732265 -4.1684663e-21)
(0.00037376699 0.00013273493 -1.8420173e-25)
(0.0004940969 0.00014871955 -1.7118884e-23)
(0.00064525704 0.00016489963 4.2793704e-25)
(0.00083174878 0.00018083109 3.5472825e-23)
(0.0010574991 0.00019603128 2.5043545e-23)
(0.0013254522 0.00021001651 7.906908e-21)
(0.0016372064 0.0002223432 7.7071215e-21)
(0.0019927643 0.00023264452 -8.6613809e-21)
(0.0023904169 0.00024066102 -9.5284223e-21)
(0.0028268941 0.00024625299 -6.2615535e-23)
(0.0032973746 0.00024940124 -1.0450557e-22)
(0.003796553 0.00025012155 2.2908234e-24)
(0.0043164876 0.00024870867 -1.0553849e-22)
(0.0048550098 0.00024509904 4.0835198e-22)
(0.0053931426 0.0002398251 1.7495191e-22)
(0.0059540749 0.00023613211 0)
(5.5025323e-08 4.6833127e-07 -1.0098775e-31)
(1.8527224e-07 1.4951331e-06 6.8681083e-25)
(3.5540012e-07 2.7230469e-06 -8.2218545e-25)
(5.8106704e-07 4.1903679e-06 -5.4136977e-23)
(8.8153553e-07 5.9426184e-06 2.5899453e-23)
(1.2843052e-06 8.0333391e-06 1.4028578e-24)
(1.8277679e-06 1.0525334e-05 -6.5070152e-27)
(2.5653468e-06 1.349195e-05 0)
(3.5714126e-06 1.7018361e-05 2.3666758e-24)
(4.9494573e-06 2.1202776e-05 -2.8113357e-24)
(6.8432528e-06 2.6157449e-05 0)
(9.4519691e-06 3.2009288e-05 -3.6645271e-24)
(1.3050425e-05 3.889979e-05 4.6579165e-24)
(1.8015822e-05 4.6983926e-05 5.0345624e-24)
(2.4862401e-05 5.642748e-05 -6.0213408e-24)
(3.428532e-05 6.7402261e-05 7.1891452e-24)
(4.7214588e-05 8.0078472e-05 -6.7123474e-24)
(6.4878763e-05 9.4613559e-05 8.3076024e-24)
(8.8876217e-05 0.00011113697 -1.1374868e-23)
(0.00012124875 0.00012973059 9.415266e-24)
(0.00016454818 0.00015040546 -1.9596067e-23)
(0.00022188169 0.0001730762 3.3094568e-21)
(0.00029691685 0.00019753641 5.002705e-21)
(0.0003938246 0.00022343926 -3.6798389e-23)
(0.00051713991 0.0002502892 1.7630647e-23)
(0.00067152824 0.00027744998 -3.6779844e-20)
(0.00086146204 0.00030417285 5.3832339e-20)
(0.0010908332 0.00032964477 -5.0942777e-23)
(0.0013625498 0.00035305168 -3.1847785e-19)
(0.001678179 0.0003736473 5.1520947e-19)
(0.0020377031 0.00039081464 -1.1808587e-22)
(0.0024394075 0.00040411729 1.1732251e-22)
(0.0028800397 0.00041332231 0)
(0.0033548235 0.00041839345 0)
(0.0038585065 0.00041936109 2.5780745e-22)
(0.0043832177 0.00041670732 5.5952919e-22)
(0.0049270323 0.00041032217 -4.4603438e-22)
(0.0054701733 0.00040117342 -7.5523672e-22)
(0.0060397189 0.00039421844 3.9988595e-23)
(1.1070545e-07 6.6267484e-07 3.8265967e-25)
(3.6314548e-07 2.1155414e-06 -6.6664254e-25)
(6.7964892e-07 3.8529149e-06 -7.9559189e-25)
(1.0805636e-06 5.9289819e-06 -4.3223754e-23)
(1.5907912e-06 8.4081224e-06 8.9390117e-23)
(2.2445211e-06 1.1366049e-05 1.3552519e-24)
(3.0880828e-06 1.489156e-05 2.5614042e-27)
(4.1842969e-06 1.9088342e-05 -1.9100848e-24)
(5.6186264e-06 2.4076773e-05 1.7800741e-26)
(7.5076071e-06 2.9995611e-05 2.6961307e-24)
(1.001028e-05 3.7003401e-05 -3.1950323e-24)
(1.3343585e-05 4.5279295e-05 3.6168182e-24)
(1.7802869e-05 5.5022914e-05 -4.6630326e-24)
(2.3788835e-05 6.6452706e-05 6.3425532e-25)
(3.1842303e-05 7.9802098e-05 1.0883743e-23)
(4.2688038e-05 9.5312624e-05 -1.3341828e-23)
(5.7288369e-05 0.00011322303 -1.8574456e-24)
(7.6906202e-05 0.00013375339 2.0366543e-23)
(0.0001031751 0.00015708352 -1.3479585e-23)
(0.00013817107 0.00018332527 1.8555472e-23)
(0.00018447671 0.00021248967 3.8365608e-20)
(0.00024522339 0.00024445106 -5.3459316e-20)
(0.00032409287 0.00027891252 0)
(0.00042525692 0.00031537899 1.8026664e-23)
(0.00055323559 0.00035314595 -5.1451673e-23)
(0.00071266302 0.0003913113 -5.6464986e-20)
(0.00090796595 0.0004288155 3.5454625e-20)
(0.0011429811 0.00046450988 0)
(0.0014205599 0.0004972457 -5.5743078e-19)
(0.0017422205 0.00052597075 2.9790132e-19)
(0.002107913 0.00054981516 1.3870314e-22)
(0.0025159128 0.00056816404 -1.1975144e-22)
(0.0029629939 0.00058069321 0)
(0.0034444485 0.00058734473 0)
(0.0039551055 0.00058816472 -2.9896451e-22)
(0.004487198 0.0005838171 -4.4834799e-22)
(0.0050391685 0.00057410597 -9.0589337e-22)
(0.005590031 0.00056062928 8.1362231e-22)
(0.0061727282 0.00054915269 -8.1347226e-23)
(1.8847176e-07 8.6009547e-07 7.4255088e-25)
(6.1156965e-07 2.7457442e-06 0)
(1.1324959e-06 5.0005545e-06 -1.544044e-24)
(1.7781439e-06 7.6948222e-06 1.8458497e-24)
(2.581284e-06 1.0912031e-05 0)
(3.5854379e-06 1.475034e-05 0)
(4.848006e-06 1.9324847e-05 -3.1425502e-24)
(6.4449126e-06 2.4769903e-05 7.4416186e-24)
(8.4770817e-06 3.1241427e-05 -4.9514183e-26)
(1.1079224e-05 3.8919062e-05 -5.2511659e-24)
(1.4431644e-05 4.8007945e-05 6.1700548e-24)
(1.8776011e-05 5.873971e-05 -1.4537563e-23)
(2.4436221e-05 7.137222e-05 8.5258212e-24)
(3.1845614e-05 8.6187317e-05 -3.0846463e-25)
(4.1581872e-05 0.00010348571 1.271573e-23)
(5.4410742e-05 0.00012357789 -2.7461529e-23)
(7.1339171e-05 0.00014676981 1.6433491e-23)
(9.3677334e-05 0.00017334221 -9.2660358e-27)
(0.00012310703 0.00020352234 -1.0901772e-26)
(0.00016175095 0.00023744823 9.0411177e-24)
(0.00021223337 0.00027512607 5.0831798e-20)
(0.0002777181 0.00031638412 -3.9349785e-20)
(0.00036190532 0.00036082848 0)
(0.00046896675 0.00040780906 -3.666022e-23)
(0.00060340059 0.00045640578 0)
(0.00076979657 0.00050544484 6.3777865e-23)
(0.00097251726 0.00055355138 2.819627e-23)
(0.0012153224 0.00059923811 -7.7337616e-23)
(0.0015009842 0.00064102021 4.8026665e-23)
(0.0018309528 0.00067753921 -3.8796263e-23)
(0.0022051328 0.00070767196 1.0424154e-22)
(0.0026217831 0.00073062566 -6.4227266e-23)
(0.003077713 0.00074598966 -4.1587084e-22)
(0.0035683051 0.00075367866 -4.4021686e-22)
(0.0040884958 0.00075375329 -4.5188138e-22)
(0.0046306556 0.00074705676 -6.9422373e-23)
(0.0051936987 0.00073323353 9.691566e-22)
(0.0057550576 0.00071482324 -9.9706773e-23)
(0.0063553702 0.00069699945 1.1563366e-21)
(2.9038711e-07 1.0595267e-06 7.1954122e-25)
(9.371257e-07 3.3823223e-06 0)
(1.725919e-06 6.1597063e-06 0)
(2.6922265e-06 9.4782025e-06 1.7879495e-24)
(3.8791108e-06 1.3440517e-05 -2.1384149e-24)
(5.3422961e-06 1.816738e-05 2.5464631e-24)
(7.1536511e-06 2.3800301e-05 -6.0506351e-24)
(9.4062143e-06 3.050439e-05 3.6183345e-24)
(1.222109e-05 3.8471158e-05 4.2824878e-24)
(1.5756689e-05 4.7921114e-05 -2.0813408e-26)
(2.0221021e-05 5.9105858e-05 -6.0119905e-24)
(2.5887939e-05 7.2309207e-05 0)
(3.3118436e-05 8.7846726e-05 0)
(4.2388206e-05 0.00010606278 9.539614e-24)
(5.4322671e-05 0.00012732404 -1.178045e-23)
(6.9740525e-05 0.00015200803 3.1440349e-24)
(8.9706216e-05 0.00018048531 -1.052281e-23)
(0.00011559062 0.00021309369 -3.6649548e-24)
(0.00014913719 0.00025010342 1.2945099e-23)
(0.00019252795 0.00029167306 -2.6789887e-23)
(0.00024843968 0.0003377974 3.8253623e-23)
(0.00032007639 0.00038825125 3.7703441e-23)
(0.00041116014 0.00044253596 -3.8617945e-23)
(0.00052586044 0.00049983885 3.6700198e-23)
(0.00066864516 0.00055901768 0)
(0.00084404477 0.00061862205 -3.62605e-25)
(0.0010563373 0.00067695912 5.6707503e-23)
(0.0013091817 0.00073220277 -5.4437392e-23)
(0.0016052468 0.00078253411 -4.4831681e-23)
(0.0019458942 0.00082629159 4.2787336e-23)
(0.0023309679 0.00086210081 0)
(0.0027587005 0.00088899399 0)
(0.0032259455 0.00090648288 3.0187649e-24)
(0.0037281948 0.00091444799 -4.4372071e-22)
(0.0042605149 0.00091296151 8.7029309e-23)
(0.0048154442 0.00090304472 0)
(0.0053924423 0.00088408315 -1.0418153e-22)
(0.0059670525 0.00085996417 -1.2363051e-21)
(0.0065891652 0.00083342062 -2.5070935e-21)
(4.1866393e-07 1.2595417e-06 0)
(1.3468687e-06 4.0207094e-06 0)
(2.4727528e-06 7.3220275e-06 -1.4140078e-27)
(3.8425361e-06 1.126624e-05 1.728171e-24)
(5.5122014e-06 1.5975237e-05 -2.0791085e-24)
(7.5527827e-06 2.159225e-05 0)
(1.0054289e-05 2.8285084e-05 -1.1502593e-26)
(1.3131199e-05 3.624942e-05 6.7341921e-21)
(1.6929872e-05 4.5712072e-05 -8.5103109e-21)
(2.1638354e-05 5.6933979e-05 0)
(2.7499239e-05 7.0212567e-05 0)
(3.4826504e-05 8.5882923e-05 1.3414128e-23)
(4.4027313e-05 0.00010431703 -1.6048674e-23)
(5.562995e-05 0.00012592 -5.7986901e-25)
(7.0318981e-05 0.00015112204 1.3370141e-24)
(8.8978507e-05 0.00018036457 -1.5311086e-24)
(0.00011274375 0.00021407858 -3.4511289e-24)
(0.00014305998 0.0002526538 0)
(0.00018174581 0.0002963971 3.123104e-20)
(0.00023105504 0.0003454801 -4.9639611e-20)
(0.00029372726 0.00039987774 0)
(0.00037301357 0.00045930233 0)
(0.00047266005 0.00052314148 0)
(0.00059683022 0.00059041178 3.6296096e-23)
(0.00074995126 0.00065974251 0)
(0.00093647733 0.00072940302 -2.7792927e-20)
(0.0011605794 0.00079738218 7.3300569e-20)
(0.0014257899 0.00086151821 0)
(0.0017346483 0.00091966416 -9.0315918e-23)
(0.0020884053 0.00096986261 8.6344277e-23)
(0.0024868282 0.0010104924 0)
(0.0029281089 0.0010404164 3.7628848e-22)
(0.0034091517 0.001059084 4.4168474e-22)
(0.0039255744 0.0010663328 7.4674044e-22)
(0.0044725883 0.0010622431 1.3309805e-21)
(0.0050429268 0.0010480129 -1.2460172e-22)
(0.0056366243 0.0010226549 7.9357534e-22)
(0.0062271192 0.00099187718 1.9198506e-21)
(0.0068747105 0.00095374732 -1.4479277e-22)
(5.7564616e-07 1.4583114e-06 1.3487379e-24)
(1.8482707e-06 4.6550553e-06 0)
(3.3865848e-06 8.4768361e-06 2.8058192e-24)
(5.2499442e-06 1.3042449e-05 -6.7073877e-24)
(7.510092e-06 1.8492732e-05 8.0255195e-24)
(1.0256725e-05 2.4993112e-05 -4.773657e-24)
(1.3601944e-05 3.2737285e-05 0)
(1.7686315e-05 4.195097e-05 6.9469608e-21)
(2.2686892e-05 5.2895577e-05 -7.8019759e-21)
(2.8827676e-05 6.5871537e-05 9.5818226e-24)
(3.6393172e-05 8.1220863e-05 -1.1280443e-23)
(4.5745872e-05 9.9328274e-05 -1.2988023e-23)
(5.7348647e-05 0.00012062001 3.1466431e-23)
(7.1793072e-05 0.00014555915 9.7002076e-25)
(8.9834671e-05 0.00017463584 -4.4181006e-23)
(0.00011243573 0.00020835074 2.2417942e-23)
(0.00014081572 0.00024718962 -2.66127e-23)
(0.00017650797 0.00029158712 7.9374312e-24)
(0.00022141952 0.00034187846 4.382414e-20)
(0.00027788776 0.00039823887 -3.2571172e-20)
(0.00034872441 0.00046061308 0)
(0.00043723318 0.0005286403 -4.3732094e-25)
(0.00054718447 0.00060158428 -1.1081482e-22)
(0.00068272994 0.00067828238 -1.0511478e-22)
(0.00084824329 0.00075712968 1.3900452e-22)
(0.001048083 0.00083611339 -7.3256381e-20)
(0.001286288 0.00091290669 2.4376203e-20)
(0.0015662364 0.00098501921 -2.1039428e-22)
(0.0018903103 0.0010499867 0)
(0.0022596266 0.001105568 7.9630868e-23)
(0.0026738568 0.0011499016 -4.3319208e-22)
(0.0031311318 0.0011816896 -4.3770917e-22)
(0.0036284122 0.0012003447 4.292924e-22)
(0.0041614525 0.0012056491 0)
(0.0047256144 0.0011976888 -1.5597531e-22)
(0.0053138466 0.0011778366 1.8336039e-23)
(0.0059267326 0.0011446164 -7.7975712e-22)
(0.0065355043 0.0011060651 7.0941009e-20)
(0.0072115051 0.0010530768 7.6221358e-19)
(7.6375746e-07 1.6534931e-06 2.6072445e-24)
(2.4490547e-06 5.2778711e-06 -2.268639e-24)
(4.4814517e-06 9.6104688e-06 0)
(6.9359998e-06 1.4785764e-05 3.1721491e-27)
(9.9032567e-06 2.0963058e-05 -7.5763789e-27)
(1.3495179e-05 2.8329374e-05 -1.8037011e-26)
(1.7850197e-05 3.7103548e-05 0)
(2.313992e-05 4.754038e-05 -5.1141609e-26)
(2.9577882e-05 5.993467e-05 -6.0875936e-26)
(3.7430755e-05 7.462481e-05 9.1914504e-24)
(4.7032671e-05 9.1995446e-05 -2.1760354e-23)
(5.8803448e-05 0.00011247845 1.2841209e-23)
(7.3271602e-05 0.00013655121 -2.5043664e-27)
(9.1103062e-05 0.00016473076 -1.6824177e-23)
(0.00011313639 0.00019756226 2.2762405e-23)
(0.000140425 0.00023559954 -1.8575606e-23)
(0.000174286 0.00027937565 2.6217753e-23)
(0.00021635417 0.00032936134 -4.8972416e-26)
(0.00026863748 0.00038590991 3.1405404e-23)
(0.0003335677 0.00044918882 1.5743808e-23)
(0.00041403648 0.00051910048 -2.0142503e-24)
(0.00051340363 0.00059519886 -3.7729798e-23)
(0.00063546187 0.00067661296 3.6448144e-23)
(0.00078434242 0.00076199243 7.184932e-23)
(0.00096434992 0.00084949353 6.5944914e-23)
(0.001179725 0.00093682174 -6.5738263e-23)
(0.0014343474 0.0010213406 -2.2999304e-22)
(0.0017314104 0.0011002429 2.2035141e-22)
(0.0020731089 0.0011707636 9.8445268e-23)
(0.0024604025 0.0012303953 -3.3039543e-22)
(0.0028928457 0.0012770453 2.9249719e-22)
(0.00336848 0.0013092656 6.2111567e-22)
(0.003884325 0.0013264714 -6.562241e-22)
(0.0044362754 0.0013283719 -6.4017942e-22)
(0.0050198392 0.0013150613 -6.3875261e-22)
(0.0056281879 0.0012880844 -8.190902e-22)
(0.0062623688 0.0012453728 -2.4593466e-22)
(0.0068914328 0.0011977991 -8.3478595e-19)
(0.0075977861 0.0011264038 -3.6666144e-20)
(9.8542817e-07 1.8421344e-06 1.2588397e-24)
(3.1569618e-06 5.8797244e-06 -1.0721917e-27)
(5.7714142e-06 1.0705727e-05 -2.6173154e-24)
(8.9222748e-06 1.6469684e-05 3.1292953e-24)
(1.2722177e-05 2.3348574e-05 -3.7341439e-24)
(1.7309175e-05 3.1550062e-05 8.9265924e-24)
(2.2852525e-05 4.1316939e-05 -5.3201082e-24)
(2.9560145e-05 5.2931631e-05 6.3361373e-24)
(3.7688158e-05 6.6720521e-05 -1.5013748e-23)
(4.7552959e-05 8.3057719e-05 8.8440597e-24)
(5.9546383e-05 0.00010236773 0)
(7.4154731e-05 0.00012512614 0)
(9.1982408e-05 0.00015185717 -4.5384827e-25)
(0.00011378098 0.00018312664 1.6771457e-23)
(0.00014048427 0.00021952827 -2.0801729e-23)
(0.00017324961 0.0002616613 -2.7958451e-24)
(0.00021350484 0.00031009687 0)
(0.00026299885 0.00036533106 4.8699536e-23)
(0.00032385198 0.00042772314 -6.2358911e-23)
(0.00039859955 0.0004974195 0)
(0.00049021882 0.00057426653 6.8881357e-23)
(0.00060212662 0.00065771982 -1.0875641e-22)
(0.00073813297 0.00074676225 -3.6215974e-23)
(0.00090233686 0.00083984789 -1.0223071e-24)
(0.0010989551 0.00093489123 -4.283005e-24)
(0.0013320854 0.0010293194 5.7983784e-23)
(0.0016054182 0.0011201967 -3.4760574e-22)
(0.0019219296 0.0012044159 2.3158145e-24)
(0.0022835954 0.0012789345 -9.8358142e-23)
(0.0026911947 0.001341005 6.6521341e-22)
(0.0031441404 0.0013883155 -1.3938055e-22)
(0.0036403501 0.0014192753 -3.7556268e-22)
(0.0041768908 0.0014333483 -8.6448311e-22)
(0.0047498018 0.0014301742 1.198425e-23)
(0.0053547217 0.0014098508 1.2644524e-21)
(0.0059850325 0.0013740923 -2.3797113e-22)
(0.0066420964 0.0013201652 -1.7702512e-21)
(0.0072929497 0.0012622461 5.6292255e-22)
(0.0080304051 0.0011688246 -2.5877442e-21)
(1.2429811e-06 2.0205592e-06 -1.2126818e-24)
(3.9793868e-06 6.4488755e-06 2.111915e-24)
(7.2698944e-06 1.1741216e-05 -2.5223088e-24)
(1.1229343e-05 1.8061264e-05 3.0157913e-24)
(1.5995897e-05 2.5602526e-05 -3.5983714e-24)
(2.1737758e-05 3.4591911e-05 8.5936509e-24)
(2.8659752e-05 4.5294476e-05 -5.1069009e-24)
(3.7011627e-05 5.8018212e-05 0)
(4.7098488e-05 7.3118565e-05 0)
(5.929379e-05 9.10023e-05 8.417193e-24)
(7.4055429e-05 0.00011213004 -1.0152363e-23)
(9.1945581e-05 0.00013701651 -3.705066e-25)
(0.00011365497 0.0001662273 0)
(0.00014003215 0.00020037027 -1.0202251e-24)
(0.00017211828 0.00024007973 -1.16817e-24)
(0.00021118714 0.00028599086 2.6756141e-24)
(0.00025878965 0.00033870183 -3.0294833e-24)
(0.00031680036 0.00039872145 0)
(0.00038746185 0.00046640099 0)
(0.00047342001 0.00054185094 0)
(0.00057774067 0.00062484673 -1.6900961e-23)
(0.00070389539 0.00071473177 1.1057211e-24)
(0.00085570292 0.00081033175 7.2094892e-23)
(0.0010372145 0.00090989852 6.9875891e-23)
(0.0012525369 0.0010111045 -3.2932831e-22)
(0.0015055963 0.0011111056 1.2915678e-22)
(0.0017998614 0.0012066818 2.3283273e-22)
(0.0021380562 0.0012944489 3.6716284e-24)
(0.0025219029 0.0013711181 1.9075211e-22)
(0.0029519795 0.0014337401 1.6783838e-22)
(0.0034275295 0.0014798067 0)
(0.0039463133 0.0015075512 6.2028805e-22)
(0.004505382 0.0015165542 1.6262596e-21)
(0.0051009635 0.0015064847 1.4321063e-23)
(0.0057287939 0.001477357 -2.5509691e-21)
(0.0063824136 0.0014310664 1.0959648e-21)
(0.007063293 0.0013641979 1.8327635e-21)
(0.0077367667 0.0012946378 1.2339967e-21)
(0.0085047389 0.0011759133 2.327398e-21)
(1.5384792e-06 2.1842672e-06 -2.3315632e-24)
(4.9228918e-06 6.9709596e-06 4.0615247e-24)
(8.9887905e-06 1.2690773e-05 4.8480927e-24)
(1.3875422e-05 1.9520238e-05 -5.7994372e-24)
(1.9750091e-05 2.7667794e-05 0)
(2.6815382e-05 3.7377691e-05 0)
(3.5316626e-05 4.8934948e-05 -3.8430813e-26)
(4.5551127e-05 6.2670341e-05 0)
(5.7879569e-05 7.896504e-05 -5.399627e-26)
(7.2740006e-05 9.8254432e-05 1.2937953e-25)
(9.0664913e-05 0.00012103041 -1.5112638e-25)
(0.00011230185 0.00014784106 1.1106501e-20)
(0.00013843828 0.00017928636 -1.6142411e-20)
(0.00017003097 0.00021600801 -3.2096985e-23)
(0.00020824014 0.00025867121 4.2821342e-25)
(0.00025446783 0.00030793582 3.9139318e-23)
(0.00031039937 0.00036441419 2.9549705e-24)
(0.00037804503 0.0004286135 5.8600927e-23)
(0.00045977735 0.00050086145 -1.2291323e-22)
(0.00055835711 0.00058121657 1.2504434e-22)
(0.0006769384 0.0006693677 -5.049331e-23)
(0.00081904141 0.0007645324 -1.3551914e-22)
(0.00098848091 0.00086536916 1.388034e-22)
(0.0011892408 0.0009699233 0)
(0.0014252915 0.0010756283 2.5980371e-22)
(0.0017003563 0.0011793807 -2.493836e-22)
(0.0020176469 0.001277697 0)
(0.0023795985 0.0013669438 -9.586665e-23)
(0.0027876391 0.0014436244 -4.668858e-22)
(0.0032421238 0.0015046347 -5.0544227e-22)
(0.0037420829 0.0015473083 0)
(0.004285014 0.0015694172 -1.1581533e-23)
(0.0048681682 0.0015713921 -8.7708016e-22)
(0.0054877085 0.0015525918 1.6882077e-23)
(0.0061395201 0.0015128021 2.2415354e-21)
(0.006817178 0.0014542154 2.9134664e-22)
(0.0075220095 0.0013727952 0)
(0.0082180593 0.0012904546 -2.8444694e-23)
(0.0090141819 0.0011437756 0)
(1.8735026e-06 2.3278412e-06 -2.2370463e-24)
(5.9925408e-06 7.4286555e-06 1.8858527e-27)
(1.0937243e-05 1.3522879e-05 4.6524957e-24)
(1.6874479e-05 2.0798117e-05 -5.5709645e-24)
(2.4004398e-05 2.9475645e-05 -6.4339923e-27)
(3.2568315e-05 3.981453e-05 -7.9107039e-24)
(4.2857126e-05 5.2116739e-05 9.4690727e-24)
(5.5221536e-05 6.673223e-05 0)
(7.0084509e-05 8.406359e-05 -1.3251492e-23)
(8.7956309e-05 0.00010456971 1.583446e-23)
(0.00010945252 0.00012876765 1.4673941e-25)
(0.00013531552 0.00015723165 1.2671444e-20)
(0.00016643973 0.00019058761 -1.2018448e-20)
(0.00020390096 0.00022950116 9.437998e-25)
(0.00024898951 0.00027465696 2.1671508e-24)
(0.00030324652 0.00032672649 0)
(0.00036850158 0.00038632164 0)
(0.00044690871 0.00045393204 -1.2629576e-23)
(0.00054097557 0.00052984507 -6.773627e-24)
(0.0006535789 0.00061405047 0)
(0.00078795691 0.00070613497 0)
(0.00094766802 0.00080517754 3.3450975e-23)
(0.0011365058 0.00090966165 -6.7749219e-23)
(0.0013583627 0.0010174253 0)
(0.0016170428 0.0011256711 -1.2488269e-22)
(0.0019160322 0.001231054 3.6667025e-22)
(0.0022582489 0.0013298538 1.0867333e-22)
(0.0026458022 0.0014182222 3.0194609e-22)
(0.003079782 0.0014924933 3.7126612e-22)
(0.0035602783 0.0015494304 0)
(0.0040860083 0.001586167 0)
(0.0046543465 0.0016015925 -7.4105105e-22)
(0.0052634218 0.0015937877 4.3366841e-22)
(0.0059068981 0.0015638675 -1.7791217e-22)
(0.0065831774 0.0015114829 -1.2783398e-21)
(0.0072848664 0.0014389149 0)
(0.0080128721 0.0013415808 0)
(0.0087304288 0.0012455896 -1.6089763e-21)
(0.0095504289 0.0010690941 0)
(2.2489197e-06 2.4449004e-06 -9.3101361e-30)
(7.1910975e-06 7.8015627e-06 -1.8298761e-27)
(1.3120206e-05 1.420042e-05 0)
(2.0234024e-05 2.1837822e-05 5.2288549e-27)
(2.8769275e-05 3.0945194e-05 6.2433416e-27)
(3.9010383e-05 4.1793197e-05 1.4626596e-26)
(5.1298886e-05 5.4696905e-05 0)
(6.6044727e-05 7.0020902e-05 0)
(8.3739809e-05 8.8183801e-05 4.9222507e-26)
(0.00010497411 0.00010966162 -7.2412361e-21)
(0.00013045466 0.00013498912 7.0564516e-21)
(0.00016102779 0.00016475795 -2.1052887e-23)
(0.00019770461 0.00019960977 2.4096441e-23)
(0.00024169005 0.00024022247 -2.8799107e-23)
(0.00029441456 0.00028728691 -2.0704597e-24)
(0.00035756775 0.00034147137 -3.7778886e-23)
(0.00043313146 0.00040337109 8.6414594e-23)
(0.00052340903 0.00047344093 5.1461656e-24)
(0.00063104532 0.00055191041 -1.0663292e-22)
(0.00075903041 0.0006386837 5.876419e-23)
(0.00091067817 0.00073323076 -3.024686e-23)
(0.0010895702 0.00083448146 1.9091464e-22)
(0.0012994568 0.00094073998 -5.423605e-24)
(0.0015441107 0.0010496412 -2.5772954e-22)
(0.0018271355 0.0011581713 1.2817182e-22)
(0.0021517435 0.0012627697 -2.3581369e-22)
(0.0025205234 0.0013595164 0)
(0.0029352327 0.0014443933 -5.932163e-22)
(0.00339663 0.0015136177 1.8821439e-22)
(0.0039046711 0.0015638759 -3.1460409e-22)
(0.0044574773 0.0015925481 -2.6898926e-22)
(0.0050507722 0.0015981121 7.4146582e-22)
(0.0056842433 0.0015784723 -2.0199048e-22)
(0.0063543573 0.0015356283 1.2815048e-21)
(0.0070547947 0.0014689091 -3.3436146e-22)
(0.0077796239 0.0013808982 -1.0436381e-21)
(0.0085290278 0.0012666993 1.7441638e-21)
(0.009265962 0.0011565962 0)
(0.01010392 0.00094942654 0)
(2.6645464e-06 2.5280189e-06 -5.0124239e-28)
(8.5178737e-06 8.0660425e-06 3.5327142e-24)
(1.5536402e-05 1.4680359e-05 -8.4530089e-24)
(2.3951975e-05 2.2573207e-05 5.0595207e-24)
(3.4041583e-05 3.1982768e-05 5.8126491e-27)
(4.6137049e-05 4.3187264e-05 -7.1960208e-24)
(6.0635503e-05 5.6510116e-05 8.5640628e-24)
(7.8011795e-05 7.232491e-05 0)
(9.8833183e-05 9.1059673e-05 -4.7774861e-26)
(0.00012377654 0.00011319982 -6.3855467e-21)
(0.00015364827 0.00013928882 9.1237274e-21)
(0.00018940713 0.00016992531 -2.0011356e-23)
(0.0002321899 0.00020575481 -2.2891051e-23)
(0.00028333959 0.000247454 2.6541999e-23)
(0.00034443546 0.00029570488 1.9683244e-24)
(0.00041732308 0.00035115607 0)
(0.0005041422 0.00041436863 4.3300913e-23)
(0.00060734813 0.00048574454 -4.6620902e-23)
(0.00072972149 0.00056543778 1.2909354e-23)
(0.00087435898 0.00065325092 1.3629015e-23)
(0.0010446371 0.00074852457 -2.9871147e-23)
(0.0012441408 0.00085003236 3.0192054e-23)
(0.0014765502 0.00095589989 1.223828e-22)
(0.0017454848 0.0010635697 -1.2730318e-22)
(0.0020543105 0.0011698344 0)
(0.0024059241 0.0012709537 1.1623388e-22)
(0.002802541 0.001362858 2.0900164e-22)
(0.0032455131 0.0014414235 1.9812722e-22)
(0.003735185 0.0015027961 0)
(0.0042707906 0.0015435889 3.1794494e-22)
(0.0048497266 0.001561169 -5.3912613e-22)
(0.0054711305 0.0015536328 -7.1741863e-22)
(0.0061309227 0.0015214158 1.0350741e-21)
(0.006824892 0.0014634095 0)
(0.0075480337 0.0013809133 -2.8940974e-22)
(0.0082941273 0.001276475 1.3399178e-21)
(0.0090621237 0.001145077 -1.7709363e-21)
(0.0098152333 0.0010210336 0)
(0.010663804 0.00078382926 0)
(3.1188104e-06 2.5688952e-06 0)
(9.9678154e-06 8.1956251e-06 0)
(1.8176561e-05 1.4914548e-05 0)
(2.8013947e-05 2.2930283e-05 -4.7243452e-27)
(3.9800722e-05 3.2483608e-05 -5.6403435e-27)
(5.3920146e-05 4.3855397e-05 0)
(7.0829576e-05 5.7371624e-05 8.0991255e-24)
(9.1074039e-05 7.3408089e-05 -9.6491269e-24)
(0.00011530208 9.23943e-05 -1.1451193e-23)
(0.00014428403 0.00011481585 1.3582352e-23)
(0.00017893277 0.00014121428 0)
(0.00022032707 0.00017218307 -1.8471406e-23)
(0.00026973702 0.00020835786 2.1839954e-23)
(0.00032865128 0.00025039879 8.1580946e-25)
(0.00039880456 0.0002989622 -2.9635552e-23)
(0.00048220372 0.00035465911 3.4487957e-23)
(0.0005811492 0.00041799774 -2.4682117e-24)
(0.00069824771 0.00048930879 -5.3596723e-24)
(0.00083641034 0.00056865355 5.9278391e-24)
(0.00099882943 0.00065571882 -4.6507617e-25)
(0.0011889266 0.00074970652 0)
(0.0014102654 0.00084923187 -5.6542455e-20)
(0.0016664246 0.00095224913 2.0223801e-20)
(0.0019608339 0.0010560272 0)
(0.0022965803 0.0011571968 0)
(0.0026762035 0.0012518824 -7.5483374e-25)
(0.003101503 0.0013359202 -1.1528701e-22)
(0.003573383 0.0014051421 1.817209e-22)
(0.0040917432 0.0014556947 -1.7778369e-22)
(0.0046554118 0.0014842837 -9.2415884e-20)
(0.0052621628 0.0014883683 -7.3437504e-21)
(0.0059095796 0.0014661935 2.2231873e-22)
(0.0065939067 0.0014177868 -1.0402382e-21)
(0.0073108173 0.0013434674 1.0093352e-21)
(0.0080548811 0.0012441696 -3.7415956e-23)
(0.0088195442 0.0011228506 -7.4880364e-22)
(0.0096023482 0.00097470315 5.1685136e-23)
(0.010367398 0.00083774269 3.9592135e-22)
(0.011218024 0.00057301052 0)
(3.6081636e-06 2.558337e-06 1.8031481e-24)
(1.1529577e-05 8.1610087e-06 -3.1337056e-24)
(2.1019986e-05 1.4849706e-05 3.7521587e-24)
(3.2388023e-05 2.2827214e-05 4.4744348e-24)
(4.6001314e-05 3.2331915e-05 -7.6166848e-27)
(6.2298142e-05 4.3641466e-05 -6.3854963e-24)
(8.1800188e-05 5.7077511e-05 0)
(0.00010512728 7.3010019e-05 -9.0150353e-24)
(0.00013301438 9.1860643e-05 1.0751914e-23)
(0.00016633091 0.00011410439 0)
(0.00020610223 0.00014026857 1.495312e-23)
(0.00025353323 0.00017092758 -1.8015317e-23)
(0.00031003343 0.00020669165 -1.9954984e-23)
(0.00037724259 0.00024818732 2.5010368e-23)
(0.00045705529 0.00029602698 2.687165e-23)
(0.00055164208 0.00035076493 -6.2255363e-23)
(0.00066346374 0.00041283745 3.6861871e-23)
(0.00079527402 0.00048248577 1.0239871e-23)
(0.00095010523 0.00055966289 -5.066503e-23)
(0.00113123 0.00064392847 -5.9923061e-23)
(0.0013420932 0.00073434093 1.0759179e-22)
(0.0015862083 0.00082936117 -2.2974081e-20)
(0.0018670184 0.00092678748 6.3848681e-20)
(0.002187724 0.0010237437 -1.1011388e-22)
(0.0025510927 0.0011167407 1.1334568e-22)
(0.0029592663 0.0012018234 7.6519394e-20)
(0.0034135922 0.0012747991 -1.5171381e-20)
(0.0039144985 0.0013315269 1.753154e-22)
(0.0044614241 0.0013682276 0)
(0.0050528055 0.0013817396 1.6190086e-21)
(0.0056861899 0.0013696893 9.7164401e-20)
(0.0063585992 0.0013307397 0)
(0.0070660632 0.0012649017 -9.4219469e-22)
(0.0078038003 0.0011729979 -1.9099588e-22)
(0.0085660296 0.0010563484 8.0765838e-22)
(0.0093456562 0.00091839193 0)
(0.010138569 0.00075489944 0)
(0.0109104 0.00060709213 3.0347323e-22)
(0.01175368 0.00031945449 1.3613933e-21)
(4.1270442e-06 2.4868609e-06 1.6745759e-24)
(1.3185368e-05 7.9319651e-06 -2.9173152e-24)
(2.4034206e-05 1.4430873e-05 -3.4844127e-24)
(3.7024112e-05 2.2179588e-05 8.3305665e-24)
(5.2572119e-05 3.1408262e-05 -9.9418603e-24)
(7.1174417e-05 4.2384478e-05 1.7562486e-26)
(9.3420258e-05 5.5417538e-05 1.4119955e-23)
(0.00012000789 7.086227e-05 -1.6792123e-23)
(0.00015176264 8.9121707e-05 1.0031596e-23)
(0.0001896572 0.00011064794 1.1679138e-23)
(0.00023483372 0.00013594006 -1.3991735e-23)
(0.00028862746 0.00016553769 0)
(0.00035259111 0.00020000834 -3.0742131e-25)
(0.00042851846 0.00023992625 -7.1693679e-25)
(0.00051846537 0.00028584016 2.5787651e-23)
(0.00062476531 0.00033822761 -3.3809122e-23)
(0.00075003544 0.00039743358 -2.6238928e-20)
(0.0008971685 0.00046359265 2.2100867e-20)
(0.0010693048 0.00053653619 0)
(0.0012697782 0.00061568959 -4.1297839e-20)
(0.0015020312 0.00069996925 2.7808951e-20)
(0.0017694961 0.00078769432 -1.0556078e-22)
(0.0020754431 0.00087653282 -1.0358027e-22)
(0.002422805 0.00096350366 1.0886525e-22)
(0.0028139896 0.0010450531 5.5862475e-23)
(0.0032507049 0.0011172146 1.9771152e-20)
(0.0037338152 0.0011758463 -8.1238675e-20)
(0.0042632503 0.0012169208 -1.7591416e-22)
(0.0048379731 0.001236828 1.4881806e-22)
(0.0054560037 0.0012326338 4.0682143e-22)
(0.0061145301 0.0012022623 -5.0390062e-22)
(0.0068100896 0.0011447301 -2.0410627e-22)
(0.0075383425 0.0010602786 1.8585066e-21)
(0.0082940243 0.00095017832 -7.8978015e-22)
(0.0090708372 0.00081636858 -7.2298276e-23)
(0.0098609955 0.00066289967 9.0065709e-22)
(0.010658552 0.00048656924 0)
(0.011431277 0.00033118717 0)
(0.012257463 2.7546299e-05 -1.6740352e-21)
(4.6664877e-06 2.3445092e-06 -1.5396238e-24)
(1.4906595e-05 7.4767727e-06 -6.7273665e-28)
(2.7167197e-05 1.3600409e-05 3.2029372e-24)
(4.1842246e-05 2.0898944e-05 -3.8337408e-24)
(5.9399867e-05 2.9587592e-05 -4.5867668e-27)
(8.0396059e-05 3.9916016e-05 0)
(0.00010548975 5.2172038e-05 0)
(0.00013545987 6.6684766e-05 7.6938895e-24)
(0.00017122454 8.3826467e-05 -1.8269865e-23)
(0.00021386212 0.00010401249 1.0959397e-23)
(0.00026463379 0.00012769813 9.6638567e-26)
(0.00032500705 0.00015537104 0)
(0.00039667891 0.00018753726 0)
(0.00048159706 0.00022469881 0)
(0.00058197675 0.00026732035 7.1925894e-25)
(0.00070030986 0.00031578264 3.4162017e-24)
(0.00083936204 0.00037032093 -1.9638278e-20)
(0.0010021529 0.00043094811 3.0406247e-20)
(0.0011919134 0.00049736427 0)
(0.0014120161 0.00056885866 -2.6009875e-20)
(0.0016658729 0.00064421415 4.6436977e-20)
(0.0019568014 0.00072162957 0)
(0.0022878635 0.00079867928 -2.3554891e-23)
(0.002661686 0.00087233017 0)
(0.0030802825 0.00093903261 -4.9794101e-23)
(0.0035448961 0.00099489145 -8.8566904e-23)
(0.0040558848 0.0010359081 -8.9726213e-23)
(0.0046126636 0.0010582674 -3.0717247e-22)
(0.0052137049 0.0010586309 1.2467024e-23)
(0.0058565862 0.0010343897 -8.3133533e-24)
(0.0065380795 0.00098385219 -1.2121725e-22)
(0.0072542397 0.00090643665 3.8576072e-22)
(0.0080002615 0.0008027678 -7.2618666e-22)
(0.0087703333 0.00067463544 6.2647834e-22)
(0.009557476 0.00052473508 -8.3129156e-23)
(0.010353082 0.00035788694 -1.7534354e-21)
(0.011149285 0.00017241168 1.0470432e-21)
(0.011916568 1.4001644e-05 1.5963248e-21)
(0.012716148 -0.0002964088 0)
(5.2157863e-06 2.1226262e-06 -3.5289968e-28)
(1.6659006e-05 6.7678584e-06 -2.4241578e-24)
(3.035646e-05 1.2308214e-05 2.9011857e-24)
(4.6746029e-05 1.8908402e-05 3.4616235e-24)
(6.6347502e-05 2.6761236e-05 -1.1114306e-26)
(8.9777251e-05 3.6089754e-05 -4.9367212e-24)
(0.00011776439 4.7150189e-05 0)
(0.00015116896 6.023426e-05 0)
(0.00019100202 7.5670122e-05 -6.4503989e-26)
(0.00023844747 9.3821264e-05 0)
(0.00029488485 0.00011508231 -9.3809867e-26)
(0.0003619124 0.0001398703 0)
(0.00044136883 0.00016860981 0)
(0.00053535164 0.00020170964 0)
(0.00064622929 0.00023952918 -1.3430616e-24)
(0.00077664333 0.00028233212 -2.6898309e-23)
(0.00092949596 0.00033022635 5.889302e-25)
(0.0011079178 0.00038309002 2.7999758e-23)
(0.0013152107 0.00044048624 -4.2020174e-24)
(0.001554761 0.00050157274 0)
(0.0018299217 0.00056501681 0)
(0.0021438642 0.00062893067 0)
(0.0024994083 0.00069084585 1.3153455e-22)
(0.0028988434 0.00074774524 -1.7940057e-22)
(0.0033437609 0.00079616681 4.8957791e-23)
(0.0038349176 0.00083238264 6.3279503e-24)
(0.0043721517 0.0008526415 7.1378112e-24)
(0.0049543566 0.00085344816 1.5344588e-22)
(0.0055795087 0.00083184222 0)
(0.0062447273 0.00078563936 0)
(0.0069463409 0.00071361531 2.0130719e-22)
(0.0076799128 0.00061567087 -3.8961342e-22)
(0.0084401044 0.00049293448 4.6126913e-22)
(0.0092204676 0.00034781028 -1.493175e-22)
(0.010013208 0.00018386069 -1.001898e-21)
(0.010808777 6.833987e-06 1.6208169e-21)
(0.011597402 -0.00018292489 -1.4195883e-21)
(0.012352829 -0.00033859832 -1.2861807e-22)
(0.013117188 -0.00064427214 -1.4917254e-22)
(5.7576128e-06 1.8125696e-06 -1.2362328e-24)
(1.8387464e-05 5.7777113e-06 2.1531928e-24)
(3.3501895e-05 1.0504341e-05 0)
(5.1581996e-05 1.6131377e-05 -2.4430045e-21)
(7.3198326e-05 2.2821058e-05 2.8794352e-21)
(9.9026517e-05 3.0760275e-05 4.3806681e-24)
(0.00012986449 4.0162657e-05 0)
(0.00016665165 5.1269886e-05 -6.1810023e-24)
(0.00021048981 6.4351615e-05 7.1932965e-26)
(0.00026266557 7.9703301e-05 8.717009e-24)
(0.00032467322 9.7640992e-05 0)
(0.00039823711 0.00011849175 1.2008578e-23)
(0.0004853316 0.00014257813 -2.8272912e-23)
(0.00058819619 0.00017019483 3.295273e-23)
(0.00070934253 0.00020157572 -1.8325213e-23)
(0.00085154908 0.00023684935 7.1945181e-25)
(0.0010178386 0.00027598219 -2.469812e-23)
(0.0012114332 0.0003187099 5.6214566e-23)
(0.0014356823 0.00036445976 6.8674719e-24)
(0.00169396 0.00041227055 -3.0689949e-23)
(0.0019895312 0.00046072049 0)
(0.0023253916 0.000507878 0)
(0.0027040917 0.00055129262 -3.9564818e-23)
(0.0031275599 0.00058804241 -1.876482e-23)
(0.003596949 0.00061484912 4.5700736e-24)
(0.0041125226 0.00062826101 7.3275306e-23)
(0.0046736008 0.00062489007 -6.7778619e-23)
(0.0052785639 0.00060167695 6.8953135e-23)
(0.0059249018 0.00055615018 -2.2817213e-22)
(0.0066092772 0.00048665007 1.1364457e-22)
(0.0073275669 0.00039250454 -2.944971e-22)
(0.0080748335 0.00027418136 8.9303759e-23)
(0.0088451578 0.00013341031 -3.5973323e-23)
(0.0096313742 -2.6700435e-05 -2.3684314e-22)
(0.010424769 -0.00020163905 0)
(0.011214739 -0.00038460631 -7.7885811e-22)
(0.011989699 -0.00057277594 -5.6749845e-22)
(0.012727116 -0.00071900347 -1.4466041e-21)
(0.013449038 -0.0010063984 8.3947562e-22)
(6.2776969e-06 1.4103599e-06 -5.3498789e-25)
(2.0046154e-05 4.4937115e-06 9.3181606e-25)
(3.6519614e-05 8.1659596e-06 0)
(5.6220254e-05 1.253302e-05 -2.1981954e-21)
(7.9766825e-05 1.7718098e-05 2.6671763e-21)
(0.00010789107 2.3862122e-05 1.8890213e-24)
(0.00014145585 3.1124791e-05 6.6432201e-23)
(0.00018147524 3.9684787e-05 -1.1353145e-22)
(0.00022913607 4.9738562e-05 -3.1626153e-24)
(0.0002858207 6.1497099e-05 7.5091018e-24)
(0.00035312978 7.5179748e-05 -4.4501602e-24)
(0.00043290365 9.1004007e-05 0)
(0.00052724039 0.00010916983 0)
(0.00063850747 0.00012983693 7.1665467e-24)
(0.00076934349 0.00015309352 -8.5783242e-24)
(0.00092264531 0.00017891519 2.7368846e-25)
(0.0011015356 0.00020711353 6.2279642e-25)
(0.0013093057 0.00023727548 0)
(0.0015493288 0.00026869678 -2.856169e-23)
(0.0018249425 0.00030031604 2.9456214e-23)
(0.0021393008 0.0003306595 0)
(0.0024952036 0.00035780973 0)
(0.0028949164 0.00037941345 1.0448297e-23)
(0.0033399993 0.00039274214 2.5766742e-24)
(0.0038311675 0.0003948137 5.3955375e-23)
(0.0043682032 0.00038257309 -3.4133267e-23)
(0.0049499292 0.00035311769 0)
(0.0055742398 0.00030394181 0)
(0.006238165 0.00023317158 1.6343206e-22)
(0.0069379315 0.00013976775 3.7144128e-23)
(0.0076689741 2.3691167e-05 -1.5765459e-22)
(0.008425855 -0.00011394799 1.4387229e-22)
(0.0092020487 -0.00027074392 -3.3115371e-22)
(0.0099896197 -0.00044282183 6.680029e-22)
(0.010778861 -0.00062469273 -2.8143829e-22)
(0.011557997 -0.00080846615 1.7368615e-22)
(0.012313701 -0.00098851939 3.3302348e-22)
(0.0130271 -0.0011183969 8.7837312e-23)
(0.013699472 -0.0013724798 -4.6736665e-22)
(6.7443859e-06 9.1212501e-07 1.1766159e-28)
(2.1534671e-05 2.903502e-06 -7.7067238e-25)
(3.9227929e-05 5.2706043e-06 2.2674399e-27)
(6.0383288e-05 8.0788358e-06 1.1014758e-24)
(8.566284e-05 1.1403586e-05 0)
(0.00011584879 1.5329644e-05 -1.5615037e-24)
(0.0001518624 1.9951065e-05 5.3503751e-23)
(0.00019478481 2.5370166e-05 -2.6252586e-23)
(0.00024587917 3.169515e-05 -2.6326124e-24)
(0.00030661356 3.9035823e-05 5.509753e-27)
(0.0003786835 4.7496687e-05 0)
(0.0004640323 5.7166473e-05 4.2853049e-24)
(0.00056486687 6.8103008e-05 -6.296229e-26)
(0.00068366582 8.0312227e-05 -5.9769822e-24)
(0.00082317575 9.3720219e-05 0)
(0.00098639095 0.00010813752 -7.9996549e-24)
(0.0011765111 0.00012321565 1.6927241e-23)
(0.0013968725 0.00013839731 -1.0147479e-23)
(0.0016508478 0.00015286357 9.4302474e-24)
(0.0019417153 0.00016548438 -1.7087646e-23)
(0.0022724989 0.00017478161 0)
(0.0026457901 0.00017891667 0)
(0.0030635659 0.00017571555 -1.9972856e-23)
(0.0035270255 0.00016274211 6.6882806e-23)
(0.0040364676 0.00013742397 2.0077429e-23)
(0.004591226 9.7226189e-05 -6.7261619e-23)
(0.0051896705 3.9857274e-05 4.0449496e-23)
(0.0058292596 -3.6514793e-05 -7.1601776e-23)
(0.0065066139 -0.00013305892 -1.5782769e-23)
(0.0072175667 -0.00025010329 -8.0990407e-23)
(0.0079571421 -0.00038698145 7.7759091e-23)
(0.0087194225 -0.00054188082 -1.4071589e-22)
(0.00949728 -0.00071167283 5.7847652e-23)
(0.010281998 -0.00089169844 -1.177917e-22)
(0.011062853 -0.0010755503 -8.5999816e-23)
(0.011826796 -0.0012543617 0)
(0.012558724 -0.0014198183 4.4646775e-22)
(0.013241883 -0.0015281682 3.2577278e-22)
(0.013854295 -0.00173264 2.1512587e-23)
(7.1502618e-06 3.2347722e-07 8.7767679e-26)
(2.2828377e-05 1.0252065e-06 -1.5237862e-25)
(4.1580254e-05 1.851606e-06 1.8236239e-25)
(6.3996401e-05 2.8206856e-06 2.3698236e-28)
(9.0775537e-05 3.9519897e-06 0)
(0.00012274225 5.2649209e-06 -3.088151e-25)
(0.00016086652 6.7773228e-06 1.7474901e-27)
(0.00020628498 8.5031946e-06 4.3866396e-25)
(0.00026032335 1.0449119e-05 5.1689194e-25)
(0.00032451928 1.2609014e-05 -6.212719e-25)
(0.00040064439 1.4956664e-05 0)
(0.00049072337 1.7435353e-05 0)
(0.00059704777 1.994384e-05 0)
(0.00072218085 2.2317925e-05 -4.0451509e-26)
(0.00086894907 2.4306988e-05 0)
(0.0010404153 2.5545315e-05 0)
(0.0012398285 2.551877e-05 3.6991888e-24)
(0.001470544 2.3528655e-05 -3.9934476e-24)
(0.0017359132 1.8656344e-05 0)
(0.00203914 9.7344506e-06 6.0292918e-24)
(0.0023831122 -4.6675744e-06 -5.2516067e-24)
(0.002770217 -2.6234082e-05 0)
(0.0032021609 -5.6860881e-05 0)
(0.0036798154 -9.8573313e-05 9.0165351e-25)
(0.0042031121 -0.00015340356 2.8504486e-20)
(0.0047710012 -0.00022323357 -2.9576031e-20)
(0.0053814748 -0.00030961751 1.16199e-23)
(0.006031635 -0.00041360151 0)
(0.0067177692 -0.00053555582 1.1474192e-23)
(0.0074353834 -0.00067502421 4.4176536e-23)
(0.0081791447 -0.00083058149 1.342589e-23)
(0.0089426993 -0.00099967773 -5.7853705e-23)
(0.0097183555 -0.0011784499 -1.1524565e-23)
(0.010496664 -0.0013614915 0)
(0.011265951 -0.0015416374 0)
(0.01201196 -0.0017093832 0)
(0.012718062 -0.0018547975 -9.9134106e-23)
(0.013367603 -0.0019420457 -2.3775302e-23)
(0.013921028 -0.0020792397 1.376405e-22)
(7.4451357e-06 -3.662095e-07 -1.1680978e-25)
(2.3768813e-05 -1.1751924e-06 2.0346022e-25)
(4.3291192e-05 -2.1530545e-06 9.9967797e-22)
(6.6626021e-05 -3.336965e-06 -1.2000706e-21)
(9.4499234e-05 -4.7723014e-06 0)
(0.00012776702 -6.5155189e-06 0)
(0.00016743582 -8.6369696e-06 -7.4386286e-28)
(0.00021468391 -1.1224551e-05 0)
(0.00027088408 -1.4388469e-05 2.0907807e-27)
(0.00033762636 -1.8267338e-05 0)
(0.00041673947 -2.303593e-05 0)
(0.00051030886 -2.8914903e-05 6.8216413e-27)
(0.0006206883 -3.6182839e-05 0)
(0.00075050158 -4.5190829e-05 1.4823107e-24)
(0.00090262944 -5.637959e-05 -1.8318947e-24)
(0.0010801767 -7.029871e-05 9.7730239e-26)
(0.0012864141 -8.7626901e-05 9.3172119e-21)
(0.0015246908 -0.00010919118 -1.1142207e-20)
(0.0017983144 -0.00013598159 3.1034373e-24)
(0.0021104004 -0.00016915664 -3.2175362e-24)
(0.0024636977 -0.00021003356 6.4335094e-25)
(0.0028604038 -0.00026005673 0)
(0.0033019887 -0.00032073915 0)
(0.0037890518 -0.00039357442 -7.2617235e-24)
(0.0043212321 -0.00047992201 2.0517338e-20)
(0.0048971859 -0.00058087363 -2.1429433e-20)
(0.0055146257 -0.00069711286 0)
(0.0061703969 -0.00082877958 0)
(0.0068605465 -0.00097534468 0)
(0.0075803341 -0.0011354902 1.0249593e-23)
(0.0083241369 -0.0013069792 -2.4441355e-23)
(0.0090852246 -0.0014864956 -2.52513e-23)
(0.0098554062 -0.001669443 0)
(0.010624597 -0.0018497246 0)
(0.011380355 -0.0020196086 -6.2419531e-23)
(0.012107523 -0.0021693201 5.04677e-23)
(0.012788949 -0.0022889566 0)
(0.013407779 -0.0023581913 6.0862432e-23)
(0.013918408 -0.0024187729 0)
(7.6203736e-06 -1.1306965e-06 -1.3052327e-25)
(2.4326669e-05 -3.6139733e-06 2.2737995e-25)
(4.4304243e-05 -6.5910309e-06 5.54416e-22)
(6.8179738e-05 -1.0159915e-05 -6.602325e-22)
(9.6693953e-05 -1.4437545e-05 0)
(0.00013072001 -1.9563837e-05 -2.6494532e-28)
(0.00017128343 -2.5705989e-05 7.4388098e-28)
(0.00021958372 -3.3063514e-05 0)
(0.00027701685 -4.1874143e-05 -2.0908842e-27)
(0.0003451976 -5.2420625e-05 0)
(0.00042598034 -6.5038439e-05 0)
(0.00052147592 -8.0124356e-05 -1.1921529e-27)
(0.00063406176 -9.8145672e-05 -1.4305146e-24)
(0.00076638129 -0.00011964974 1.7277638e-24)
(0.00092132796 -0.00014527308 4.1223585e-21)
(0.0011020088 -0.00017574906 -5.0025906e-21)
(0.001311682 -0.00021191239 5.1551187e-21)
(0.0015536644 -0.00025469827 -5.6238687e-21)
(0.0018312071 -0.0003051332 -2.9181991e-24)
(0.0021473406 -0.00036431416 1.3264906e-23)
(0.0025046993 -0.00043337268 -7.9212441e-24)
(0.0029053376 -0.00051342119 9.6112176e-25)
(0.0033505608 -0.00060548078 0)
(0.0038407925 -0.0007103926 7.3673339e-24)
(0.0043754998 -0.00082871868 -1.5060794e-23)
(0.004953184 -0.00096064065 7.5687317e-24)
(0.005571428 -0.0011058652 0)
(0.0062269696 -0.0012635403 0)
(0.0069157545 -0.0014321769 0)
(0.0076329171 -0.001609562 -2.0396911e-23)
(0.008372649 -0.0017926409 5.2833881e-23)
(0.0091279383 -0.001977353 7.6543098e-24)
(0.0098902017 -0.0021584206 0)
(0.010648879 -0.002329152 1.6452099e-24)
(0.011391002 -0.002481426 2.8380072e-23)
(0.012100842 -0.0026051872 -6.8851655e-23)
(0.01276187 -0.0026903348 0)
(0.013359019 -0.0027234813 -6.1576497e-23)
(0.013862874 -0.002717279 0)
(7.6203348e-06 -1.9089802e-06 7.8394958e-30)
(2.4325944e-05 -6.0963066e-06 8.5880584e-26)
(4.4301853e-05 -1.1107418e-05 -9.8128706e-28)
(6.8174152e-05 -1.7101889e-05 -1.2183885e-25)
(9.668281e-05 -2.4268854e-05 1.4232037e-25)
(0.00013069974 -3.2832297e-05 -1.6971341e-25)
(0.00017124871 -4.305672e-05 -1.9655511e-25)
(0.00021952667 -5.5253443e-05 5.4450752e-27)
(0.00027692593 -6.9787475e-05 5.3958664e-25)
(0.00034505609 -8.7084774e-05 -6.2244207e-25)
(0.00042576415 -0.00010763959 3.6406575e-25)
(0.0005211507 -0.00013202146 -4.006184e-25)
(0.00063357895 -0.00016088105 4.6815942e-25)
(0.00076567302 -0.00019495402 0)
(0.00092030055 -0.00023506137 6.3107381e-22)
(0.0011005348 -0.00028210458 -5.7144388e-22)
(0.0013095911 -0.00033705345 0)
(0.0015507333 -0.00040092416 -1.2786045e-25)
(0.0018271503 -0.0004747452 -2.0844818e-25)
(0.0021418028 -0.00055950939 -7.8880842e-25)
(0.0024972518 -0.00065611123 1.5320902e-25)
(0.0028954814 -0.00076527136 -5.7390778e-25)
(0.0033377381 -0.00088745244 1.8761302e-24)
(0.0038244077 -0.0010227739 0)
(0.0043549479 -0.0011709347 -4.1064556e-24)
(0.0049278833 -0.0013311523 0)
(0.0055408484 -0.0015021214 6.3796177e-25)
(0.0061906466 -0.001681987 -6.4934253e-25)
(0.0068732774 -0.0018683153 0)
(0.0075838848 -0.0020580395 -1.30364e-23)
(0.0083165909 -0.0022473531 -2.3570772e-23)
(0.009064213 -0.0024315437 -2.1261439e-23)
(0.009817899 -0.0026047722 0)
(0.010566783 -0.0027599137 2.8952832e-23)
(0.011297584 -0.0028887003 9.1406342e-23)
(0.011993973 -0.0029808571 -1.311297e-22)
(0.0126404 -0.0030261758 9.8967676e-23)
(0.013222806 -0.0030148764 -2.248148e-22)
(0.013719667 -0.0029497085 -2.6395581e-22)
(7.4543315e-06 -2.6672186e-06 -1.632114e-22)
(2.3795633e-05 -8.5144091e-06 2.8899014e-22)
(4.3335493e-05 -1.5506338e-05 -3.0018318e-28)
(6.6686119e-05 -2.3862195e-05 0)
(9.4570964e-05 -3.3841002e-05 5.321002e-25)
(0.00012784241 -4.5747949e-05 -6.3761741e-25)
(0.00016750117 -5.9941329e-05 7.6232352e-25)
(0.00021471711 -7.6839938e-05 -8.3104202e-22)
(0.00027085086 -9.6930706e-05 1.0525642e-21)
(0.00033747515 -0.00012077615 -1.2942487e-24)
(0.00041639447 -0.00014902104 4.6655067e-28)
(0.00050966079 -0.00018239735 -1.5749213e-21)
(0.00061958253 -0.00022172635 2.1086948e-21)
(0.00074872292 -0.00026791605 -2.617906e-24)
(0.00089988348 -0.00032195216 6.0069308e-24)
(0.0010760677 -0.00038488002 -3.5171929e-24)
(0.00128042 -0.00045777513 0)
(0.0015161368 -0.00054169983 5.895009e-25)
(0.0017863481 -0.00063764457 -1.0438901e-24)
(0.0020939721 -0.000746454 1.2239855e-23)
(0.002441553 -0.0008687401 -1.3388013e-23)
(0.0028310935 -0.0010047884 -1.9731042e-23)
(0.0032639036 -0.0011544662 1.3692355e-23)
(0.0037404847 -0.0013171449 -1.5617921e-23)
(0.0042604639 -0.0014916477 2.0693449e-23)
(0.0048225818 -0.0016762314 0)
(0.0054247193 -0.0018685993 0)
(0.006063928 -0.0020659333 1.5297709e-23)
(0.0067364229 -0.0022649143 2.341748e-24)
(0.007437492 -0.0024617 6.4938598e-23)
(0.0081613017 -0.002651833 1.7941122e-22)
(0.0089006 -0.0028300747 -2.0889086e-23)
(0.0096463702 -0.0029901761 -6.9057616e-23)
(0.010387571 -0.0031247981 6.7519716e-23)
(0.011110769 -0.0032257387 -6.8021583e-23)
(0.011798841 -0.0032827141 -2.8009698e-22)
(0.012437436 -0.0032858395 7.4741265e-23)
(0.013012987 -0.0032280968 1.5605274e-22)
(0.013507263 -0.0031090315 8.6095072e-23)
(7.1137121e-06 -3.364363e-06 -3.6547144e-22)
(2.2708695e-05 -1.073736e-05 6.301321e-22)
(4.1356976e-05 -1.9549633e-05 1.7169991e-24)
(6.3643366e-05 -3.0074859e-05 6.4542892e-28)
(9.0259011e-05 -4.2635854e-05 8.5842248e-28)
(0.00012201849 -5.7611797e-05 0)
(0.00015987846 -7.544624e-05 0)
(0.00020495778 -9.6655398e-05 -1.8882373e-21)
(0.00025855838 -0.00012183632 2.1859966e-21)
(0.00032218614 -0.00015167432 5.2590277e-26)
(0.00039757021 -0.00018694869 7.0095642e-24)
(0.0004866789 -0.00022853547 -3.682789e-21)
(0.00059172936 -0.00027740553 4.115425e-21)
(0.00071518763 -0.00033461566 1.1471288e-23)
(0.00085975498 -0.00040129018 0)
(0.001028336 -0.00047859003 0)
(0.0012239842 -0.00056766656 1.7563143e-23)
(0.0014498212 -0.00066959775 -2.0809037e-23)
(0.0017089299 -0.00078530617 1.0438825e-24)
(0.0020042217 -0.00091546064 -2.4960892e-23)
(0.002338288 -0.0010603671 2.371948e-23)
(0.0027132468 -0.0012198587 -2.3692843e-23)
(0.0031306011 -0.0013931998 1.3233778e-24)
(0.0035911273 -0.0015790193 5.3313252e-23)
(0.0040948038 -0.0017752877 4.2842356e-23)
(0.0046407811 -0.0019793446 -1.2798084e-22)
(0.0052273783 -0.0021879679 6.3827995e-23)
(0.0058520728 -0.0023974621 -4.3543621e-23)
(0.0065114476 -0.0026037265 8.8441133e-21)
(0.0072010601 -0.002802263 -3.8127205e-20)
(0.007915221 -0.0029880977 1.5174688e-22)
(0.0086466965 -0.0031556207 0)
(0.0093863965 -0.0032983493 -3.437571e-22)
(0.010123068 -0.003409155 0)
(0.010843567 -0.0034796227 -2.1159313e-22)
(0.011529802 -0.0035002277 9.8728291e-22)
(0.01216784 -0.0034618091 0)
(0.01274532 -0.003359946 -2.0091947e-20)
(0.013245386 -0.0031939624 5.5502843e-19)
(6.6141174e-06 -3.9639561e-06 2.6022083e-24)
(2.1114805e-05 -1.264895e-05 -4.5291368e-24)
(3.8456299e-05 -2.3026e-05 2.6511092e-27)
(5.9183551e-05 -3.5415321e-05 3.238817e-24)
(8.3940813e-05 -5.0194139e-05 0)
(0.00011348792 -6.7804598e-05 -4.6067461e-24)
(0.00014871798 -8.8762598e-05 5.5060125e-24)
(0.0001906765 -0.00011366675 0)
(0.00024058153 -0.00014320682 0)
(0.00029984397 -0.0001781709 -9.1907232e-24)
(0.00037008688 -0.00021945004 1.0968566e-23)
(0.00045316203 -0.0002680387 8.2451862e-26)
(0.00055116126 -0.00032502886 1.5084509e-23)
(0.00066641978 -0.00039159498 -1.7828651e-23)
(0.00080150759 -0.0004689668 0)
(0.0009592051 -0.00055838642 0)
(0.0011424589 -0.00066104685 0)
(0.0013543148 -0.00077800972 3.0829505e-23)
(0.0015978261 -0.00091010276 -3.799561e-23)
(0.0018759399 -0.0010578005 0)
(0.0021913662 -0.0012210972 1.0556117e-23)
(0.0025464405 -0.0013993852 -5.7599119e-23)
(0.0029429924 -0.0015913579 4.8592515e-23)
(0.0033822332 -0.0017949564 8.1897637e-24)
(0.0038646716 -0.0020073764 2.0328216e-23)
(0.0043900547 -0.002225139 0)
(0.0049573207 -0.0024442131 1.0705869e-22)
(0.0055645359 -0.0026601565 -1.6644818e-22)
(0.0062087868 -0.002868228 4.6628305e-20)
(0.006886003 -0.0030634227 -1.7113011e-20)
(0.0075907117 -0.0032404028 -3.423923e-22)
(0.008315766 -0.0033933395 1.228267e-22)
(0.009052154 -0.0035155961 3.435923e-22)
(0.0097872346 -0.0036011522 0)
(0.010512275 -0.0036407859 7.4089304e-22)
(0.011202309 -0.0036255555 -4.7709525e-22)
(0.011846637 -0.003549241 -1.1443963e-21)
(0.0124353 -0.0034091298 -6.285558e-19)
(0.012949896 -0.0032048822 7.5275596e-20)
(5.9731617e-06 -4.4293491e-06 1.7774186e-24)
(1.9070309e-05 -1.4132372e-05 8.5379746e-28)
(3.4736282e-05 -2.5723077e-05 -3.6940232e-24)
(5.346526e-05 -3.9557462e-05 4.4240312e-24)
(7.5841853e-05 -5.6054502e-05 5.2710641e-24)
(0.00010255643 -7.5704504e-05 -6.300414e-24)
(0.00013442164 -9.90785e-05 -8.27715e-27)
(0.00017239043 -0.00012683757 -8.9033158e-24)
(0.00021757541 -0.00015974136 1.0646636e-23)
(0.00027126863 -0.00019865479 1.2486756e-23)
(0.00033496122 -0.0002445515 -1.4895499e-23)
(0.00041036103 -0.00029851214 -6.6399623e-21)
(0.00049940678 -0.00036171481 9.2654009e-21)
(0.00060427589 -0.00043541464 0)
(0.000727383 -0.00052090891 -2.7810212e-23)
(0.00087136589 -0.00061948394 3.2610902e-23)
(0.001039055 -0.00073234073 -3.8021455e-23)
(0.0012334235 -0.00086049742 4.2536304e-23)
(0.0014575168 -0.00100467 2.5667832e-24)
(0.0017143608 -0.0011651363 7.3332624e-24)
(0.002006853 -0.0013415952 -6.1865135e-24)
(0.0023376433 -0.0015330375 3.6662362e-20)
(0.0027090113 -0.001737651 -7.4849886e-21)
(0.0031227502 -0.0019527825 -2.842388e-23)
(0.0035800611 -0.0021749727 7.2999721e-23)
(0.0040814541 -0.0024000683 0)
(0.0046266461 -0.0026233912 -1.0705599e-22)
(0.005214433 -0.0028399259 0)
(0.0058425177 -0.0030444699 0)
(0.0065072792 -0.0032316938 -2.152725e-22)
(0.0072034979 -0.0033960839 0)
(0.007924167 -0.0035318026 -2.9319279e-22)
(0.0086614277 -0.0036322783 2.8748895e-22)
(0.0094014364 -0.0036916621 0)
(0.010129959 -0.0037021258 -1.1424945e-21)
(0.010832459 -0.0036555755 -4.2732379e-22)
(0.011493381 -0.0035473395 3.3275354e-22)
(0.012098798 -0.0033759887 -5.96026e-23)
(0.012635357 -0.0031436422 1.6430923e-21)
(5.2206144e-06 -4.7307361e-06 0)
(1.6670102e-05 -1.509263e-05 -8.5379746e-28)
(3.0369477e-05 -2.7468167e-05 -4.6600502e-24)
(4.6753533e-05 -4.2236085e-05 5.5770295e-24)
(6.6337191e-05 -5.984179e-05 -2.9121736e-27)
(8.9729744e-05 -8.0805881e-05 -7.9245404e-24)
(0.00011765007 -0.00010573379 9.4797388e-24)
(0.00015094348 -0.00013532521 0)
(0.00019060018 -0.00017038237 1.3301492e-23)
(0.00023777476 -0.00021181621 -9.5578684e-26)
(0.00029380623 -0.00026064863 -1.8850661e-23)
(0.00036023749 -0.00031800882 -8.8497627e-21)
(0.00043883284 -0.00038512068 9.0937925e-21)
(0.00053159173 -0.00046327802 0)
(0.00064075619 -0.00055380369 0)
(0.00076880923 -0.00065798871 0)
(0.00091846107 -0.00077700818 1.3056012e-24)
(0.0010926201 -0.00091181277 0)
(0.0012943464 -0.0010629975 0)
(0.0015267862 -0.0012306548 -7.3332914e-24)
(0.0017930876 -0.0014142253 -1.3916237e-22)
(0.0020963 -0.0016123658 1.821264e-20)
(0.00243926 -0.0018228593 -5.2429669e-20)
(0.0028244666 -0.0020425917 0)
(0.0032539475 -0.0022676128 8.409765e-23)
(0.0037291116 -0.0024932807 -1.1089479e-23)
(0.0042505813 -0.0027144705 -4.5047882e-22)
(0.0048179928 -0.002925798 2.3926458e-23)
(0.0054297534 -0.0031218028 2.755718e-22)
(0.0060827532 -0.0032970322 4.7536618e-22)
(0.0067720394 -0.0034459887 4.6655275e-22)
(0.0074904907 -0.0035628586 0)
(0.0082275393 -0.0036414303 3.1996771e-22)
(0.0089780685 -0.0036769474 -3.1278374e-22)
(0.0097226387 -0.0036627331 0)
(0.010441503 -0.0035888894 1.6778684e-21)
(0.011121482 -0.0034557689 1.3431529e-21)
(0.011750935 -0.0032627623 -7.2478943e-22)
(0.012315158 -0.0030137315 -1.0484734e-21)
(4.3920093e-06 -4.8445176e-06 0)
(1.4027534e-05 -1.5454541e-05 -1.2302612e-27)
(2.5562144e-05 -2.8124646e-05 5.5876591e-24)
(3.9365454e-05 -4.3241492e-05 -6.6903811e-24)
(5.5875958e-05 -6.125953e-05 -7.9674916e-24)
(7.5614125e-05 -8.270942e-05 9.5236569e-24)
(9.9196226e-05 -0.00010820759 0)
(0.00012734997 -0.00013846543 0)
(0.00016093209 -0.00017429719 -1.5989527e-23)
(0.00020094761 -0.00021662543 1.9016059e-23)
(0.00024857057 -0.0002664822 9.4235988e-26)
(0.00030516567 -0.00032500383 -2.2203247e-25)
(0.00037230985 -0.00039341613 0)
(0.00045181287 -0.00047300662 -3.5972086e-23)
(0.00054573489 -0.0005650798 4.2366854e-23)
(0.00065639918 -0.00067089144 0)
(0.00078639701 -0.00079155893 5.307575e-23)
(0.00093858194 -0.00092794654 -6.3651208e-23)
(0.00111605 -0.0010805282 0)
(0.0013221024 -0.0012492356 -1.0430912e-23)
(0.0015601879 -0.0014333066 1.6554139e-22)
(0.0018338212 -0.0016311548 -7.8938784e-24)
(0.0021464757 -0.0018402867 -1.9276335e-22)
(0.0025014473 -0.0020572927 -1.8688817e-22)
(0.0029016862 -0.0022779271 1.2215147e-23)
(0.0033495944 -0.0024972782 1.3267299e-23)
(0.0038467859 -0.0027100018 5.3361283e-22)
(0.0043938087 -0.0029105698 -2.8466432e-23)
(0.0049898338 -0.0030934717 -3.2627757e-22)
(0.0056323228 -0.0032533121 9.9898938e-24)
(0.0063167044 -0.0033847722 -7.9258467e-22)
(0.0070360798 -0.0034824464 -4.7656928e-22)
(0.0077803837 -0.0035410722 -3.786248e-22)
(0.0085391576 -0.0035546599 3.702059e-22)
(0.0092981392 -0.003519303 0)
(0.010040415 -0.003427334 1.1271849e-21)
(0.010747203 -0.0032786076 0)
(0.011405304 -0.0030742517 0)
(0.012001131 -0.0028199916 -4.1978164e-21)
(3.5290941e-06 -4.7566625e-06 -3.1045191e-24)
(1.1275709e-05 -1.5173418e-05 1.2302612e-27)
(2.0556354e-05 -2.7611338e-05 6.450092e-24)
(3.1672928e-05 -4.2449141e-05 -7.7172366e-24)
(4.498456e-05 -6.0131733e-05 -9.1890424e-24)
(6.0919554e-05 -8.1178227e-05 1.1005964e-23)
(7.9987811e-05 -0.00010619108 0)
(0.00010279525 -0.00013586479 1.551443e-23)
(0.0001300606 -0.00017099315 -1.8477827e-23)
(0.00016263449 -0.00021247394 -9.0591772e-26)
(0.00020152113 -0.00026130926 -2.0127698e-25)
(0.00024790227 -0.00031859917 2.2203253e-25)
(0.0003031634 -0.00038552579 0)
(0.00036892163 -0.00046332411 0)
(0.00044705428 -0.00055323584 -4.8087624e-23)
(0.0005397267 -0.00065644233 5.6388766e-23)
(0.00064941717 -0.00077397372 -6.1373089e-23)
(0.00077893553 -0.00090659361 7.3264103e-23)
(0.00093143141 -0.0010546621 5.3558998e-24)
(0.0011103862 -0.0012179856 1.0431078e-23)
(0.0013195821 -0.0013956693 -1.2813645e-23)
(0.0015630395 -0.0015859925 2.7294619e-23)
(0.0018449152 -0.0017863354 0)
(0.0021693511 -0.0019931809 -5.8194954e-23)
(0.0025402692 -0.0022022081 0)
(0.002961109 -0.0024084754 0)
(0.003434511 -0.0026066667 -2.1724168e-22)
(0.0039619579 -0.0027913489 -3.7095944e-22)
(0.0045433908 -0.0029571821 3.7344883e-22)
(0.0051768257 -0.0030990251 0)
(0.005858003 -0.0032119143 -6.8966086e-23)
(0.0065800828 -0.0032909513 0)
(0.0073332106 -0.0033314282 0)
(0.0081060249 -0.0033291121 0)
(0.0088840154 -0.0032790168 -8.0108736e-22)
(0.0096496185 -0.0031761897 -1.7715751e-21)
(0.01038492 -0.0030210337 2.1870464e-21)
(0.011074314 -0.0028160888 0)
(0.011703696 -0.0025680353 2.9155992e-21)
(2.676534e-06 -4.4631766e-06 -3.4796421e-24)
(8.5570378e-06 -1.4236571e-05 1.211321e-23)
(1.5611118e-05 -2.5905259e-05 -7.2479437e-24)
(2.4073896e-05 -3.98239e-05 0)
(3.4226275e-05 -5.6408976e-05 -1.0307279e-23)
(4.640577e-05 -7.6146134e-05 1.2315558e-23)
(6.1017573e-05 -9.9598581e-05 0)
(7.8547837e-05 -0.00012741497 0)
(9.9579703e-05 -0.00016033589 0)
(0.0001248124 -0.00019919771 2.4421674e-23)
(0.00015508385 -0.0002449323 -2.9086328e-23)
(0.00019139717 -0.00029856021 2.7896213e-25)
(0.00023495158 -0.0003611746 0)
(0.0002871777 -0.0004339125 0)
(0.00034977731 -0.00051790985 0)
(0.00042476643 -0.00061423664 0)
(0.00051452012 -0.0007238096 0)
(0.00062181552 -0.00084728195 -7.9921693e-23)
(0.0007498678 -0.00098491331 8.6489977e-23)
(0.00090235091 -0.0011364282 0)
(0.0010833925 -0.0013008781 2.695367e-23)
(0.0012975296 -0.0014765279 2.810847e-24)
(0.0015496097 -0.0016607926 0)
(0.0018446243 -0.0018502476 -5.9396779e-24)
(0.0021874647 -0.0020407273 6.4047405e-23)
(0.0025825981 -0.0022275096 -2.3170182e-22)
(0.0030336755 -0.0024055587 4.5623482e-22)
(0.0035430918 -0.0025697784 0)
(0.0041115314 -0.0027152182 -3.7998749e-22)
(0.0047375359 -0.0028371824 3.7915208e-22)
(0.0054171309 -0.0029312258 2.4710494e-22)
(0.0061435371 -0.0029930769 -3.0376108e-22)
(0.006906936 -0.0030186811 1.0536362e-21)
(0.0076951692 -0.0030044271 0)
(0.0084934179 -0.002946425 1.4636744e-21)
(0.0092838974 -0.0028413883 -1.3905157e-21)
(0.010048211 -0.0026898176 -2.1956476e-21)
(0.010769248 -0.0024950722 2.9949538e-21)
(0.011431971 -0.0022641952 6.8996266e-22)
(1.8796282e-06 -3.971126e-06 1.9050871e-24)
(6.0161419e-06 -1.2666471e-05 6.6226186e-24)
(1.0989315e-05 -2.3047416e-05 -7.9290991e-24)
(1.6972205e-05 -3.5428915e-05 0)
(2.417264e-05 -5.0180893e-05 5.7130136e-27)
(3.2843471e-05 -6.7734452e-05 0)
(4.3292312e-05 -8.8589247e-05 0)
(5.589377e-05 -0.00011332033 0)
(7.1104843e-05 -0.00014258367 0)
(8.9484036e-05 -0.00017711924 1.0025017e-25)
(0.00011171496 -0.0002177503 1.1843845e-25)
(0.00013863534 -0.00026537673 -3.7410743e-23)
(0.00017127238 -0.00032095997 8.7528935e-23)
(0.00021088528 -0.00038549648 -5.1022028e-23)
(0.0002590155 -0.00045997658 0)
(0.00031754442 -0.00054532538 0)
(0.00038875693 -0.00064232368 -7.7294958e-23)
(0.00047540743 -0.00075150849 8.6690265e-23)
(0.00058078174 -0.00087305617 0)
(0.00070874471 -0.0010066561 9.3003701e-23)
(0.000863759 -0.0011513885 -1.3465482e-22)
(0.0010508566 -0.0013056257 2.3950662e-24)
(0.001275543 -0.0014669798 1.2792414e-22)
(0.0015436138 -0.0016323175 -7.3854208e-23)
(0.0018608729 -0.0017978564 -6.406107e-23)
(0.002232751 -0.0019593369 0)
(0.0026638407 -0.0021122477 0)
(0.0031573815 -0.0022520588 -2.4192646e-22)
(0.0037147402 -0.0023744121 4.1396778e-22)
(0.0043349342 -0.0024752253 -4.1315452e-22)
(0.0050142409 -0.0025506992 3.110556e-22)
(0.005745924 -0.0025972626 0)
(0.0065200885 -0.0026115724 -1.0558174e-21)
(0.0073240403 -0.0025906381 8.5034338e-20)
(0.008142386 -0.002531588 1.7592794e-19)
(0.0089570419 -0.0024323721 2.1172237e-21)
(0.0097489947 -0.0022937164 0)
(0.010499915 -0.002119168 -2.0693764e-21)
(0.011193748 -0.0019154538 -8.6793346e-22)
(1.1815805e-06 -3.298562e-06 -2.5575793e-28)
(3.7909176e-06 -1.0520734e-05 -8.8969975e-28)
(6.941618e-06 -1.9142653e-05 -2.0037093e-27)
(1.0752926e-05 -2.9425363e-05 0)
(1.5368588e-05 -4.1675783e-05 -6.0497478e-24)
(2.0967434e-05 -5.6251345e-05 7.2210973e-24)
(2.7771811e-05 -7.3566132e-05 -8.5677752e-24)
(3.6058908e-05 -9.4096448e-05 1.0242766e-23)
(4.6175622e-05 -0.00011838523 2.4300121e-26)
(5.8557741e-05 -0.00014704443 0)
(7.3754487e-05 -0.00018075408 1.6901706e-23)
(9.2459759e-05 -0.00022025641 -1.9124798e-25)
(0.00011555152 -0.00026634283 -2.3570724e-23)
(0.00014414077 -0.00031983128 2.6762794e-23)
(0.0001796311 -0.00038153134 -6.3509997e-23)
(0.00022378927 -0.00045219426 3.6941032e-23)
(0.00027882544 -0.00053244644 0)
(0.00034747939 -0.00062270588 5.8901032e-24)
(0.00043310522 -0.00072308444 1.0418842e-22)
(0.00053974241 -0.00083328269 -2.1157901e-22)
(0.00067215527 -0.00095248874 1.2890624e-22)
(0.00083581816 -0.0010792977 9.8963945e-23)
(0.0010368209 -0.0012116705 -1.79908e-22)
(0.0012816707 -0.0013469508 1.3915732e-22)
(0.001576976 -0.0014819487 -7.4668508e-23)
(0.0019290132 -0.0016130906 0)
(0.0023431978 -0.0017366107 2.5716341e-22)
(0.0028235036 -0.0018487512 2.2072291e-22)
(0.0033718864 -0.0019459239 -4.6340595e-22)
(0.0039877688 -0.0020248016 8.3596546e-22)
(0.0046676355 -0.0020823295 -4.182726e-22)
(0.0054047698 -0.0021156852 6.5987603e-22)
(0.0061891503 -0.0021222647 2.4740971e-22)
(0.0070076731 -0.002099758 -1.6702724e-19)
(0.0078443953 -0.0020461375 -9.655035e-20)
(0.0086808238 -0.0019601984 8.1821599e-23)
(0.0094973152 -0.0018428043 -6.3303711e-22)
(0.010274532 -0.0016972311 6.1637355e-22)
(0.010995478 -0.0015293124 -1.0805832e-21)
(6.2078444e-07 -2.473288e-06 4.6981285e-23)
(2.0032993e-06 -7.8882802e-06 -9.0591263e-23)
(3.689906e-06 -1.4352664e-05 0)
(5.756707e-06 -2.2061857e-05 -5.3286546e-24)
(8.2959579e-06 -3.1245816e-05 1.273094e-23)
(1.1427066e-05 -4.2172208e-05 -7.5910811e-24)
(1.5303974e-05 -5.5151008e-05 -8.608801e-27)
(2.0125771e-05 -7.0538613e-05 0)
(2.6151199e-05 -8.8741057e-05 -2.4300124e-26)
(3.371789e-05 -0.00011021568 2.9993462e-26)
(4.3267652e-05 -0.0001354703 0)
(5.537955e-05 -0.00016505859 -2.0824623e-23)
(7.081262e-05 -0.00019957004 2.4781306e-23)
(9.0560039e-05 -0.00023961266 0)
(0.00011591633 -0.00028578639 0)
(0.00014855829 -0.00033864524 0)
(0.00019063872 -0.00039864687 0)
(0.00024488884 -0.0004660895 -3.0310183e-24)
(0.00031472146 -0.00054103826 3.5271669e-24)
(0.00040432068 -0.00062324615 -6.7613455e-23)
(0.00051869794 -0.00071207844 2.661363e-24)
(0.00066368791 -0.00080645297 9.0174687e-23)
(0.00084585473 -0.00090481083 3.5909699e-23)
(0.0010722814 -0.0010051308 1.4606371e-22)
(0.0013502257 -0.0011049955 -3.3565442e-22)
(0.0016866444 -0.001201706 1.5211272e-22)
(0.0020876134 -0.0012924294 7.1072328e-23)
(0.0025576934 -0.001374351 0)
(0.0030993073 -0.0014447987 0)
(0.0037121959 -0.0015013135 -2.1466447e-22)
(0.0043930013 -0.0015416602 3.8529182e-22)
(0.0051350097 -0.0015638003 -3.4236963e-22)
(0.0059280693 -0.0015658772 2.9422025e-22)
(0.006758757 -0.0015462671 1.8325263e-21)
(0.0076106801 -0.0015036399 -4.6809354e-22)
(0.0084649345 -0.0014373436 -1.5955492e-21)
(0.0093013189 -0.0013481875 6.6528627e-22)
(0.010099697 -0.001238802 -1.870655e-21)
(0.0108423 -0.0011136767 2.0244687e-21)
(2.2897472e-07 -1.5355368e-06 3.0268552e-23)
(7.5440744e-07 -4.8972363e-06 -4.3962081e-23)
(1.4181377e-06 -8.9100448e-06 2.3053797e-24)
(2.2661587e-06 -1.3694614e-05 -2.7582968e-24)
(3.3547062e-06 -1.9392807e-05 3.2841735e-24)
(4.7616234e-06 -2.6169352e-05 -3.9314547e-24)
(6.5929827e-06 -3.4214599e-05 -4.6644382e-24)
(8.9932334e-06 -4.374722e-05 5.5652382e-24)
(1.2159529e-05 -5.5017196e-05 1.2978967e-26)
(1.6361035e-05 -6.8309122e-05 -2.999347e-26)
(2.1964704e-05 -8.3939505e-05 0)
(2.9469546e-05 -0.00010225068 -8.3424343e-26)
(3.9551675e-05 -0.00012360635 -1.2755318e-23)
(5.3122297e-05 -0.00014838127 2.0212966e-25)
(7.1400241e-05 -0.00017694451 1.7378338e-23)
(9.6000231e-05 -0.00020963584 6.2568656e-25)
(0.00012903603 -0.00024673415 -4.7083725e-20)
(0.00017323439 -0.00028841821 5.2250447e-20)
(0.00023205105 -0.00033472083 -2.9108376e-23)
(0.00030977358 -0.00038547981 1.2642516e-22)
(0.00041158893 -0.00044029124 -7.4211035e-23)
(0.00054358666 -0.00049847283 5.3326874e-23)
(0.00071266551 -0.0005590464 5.6032228e-24)
(0.00092631365 -0.00062074776 -7.9939435e-23)
(0.0011922447 -0.00068206877 1.7460953e-23)
(0.0015178922 -0.00074132971 6.7590968e-23)
(0.0019097933 -0.00079677189 -2.2187161e-22)
(0.0023729173 -0.00084665309 0)
(0.0029100114 -0.00088932549 6.2949265e-23)
(0.0035210347 -0.00092328034 -2.1739051e-22)
(0.0042027345 -0.0009471556 -8.1761311e-23)
(0.0049483921 -0.00095971975 9.7238724e-24)
(0.0057477519 -0.00095986197 0)
(0.0065871676 -0.0009466228 -8.1752189e-22)
(0.0074499283 -0.00091925437 -9.598341e-22)
(0.0083168067 -0.00087745014 1.9912823e-22)
(0.0091671871 -0.00082178065 0)
(0.0099803719 -0.00075394402 1.8620564e-21)
(0.010738051 -0.0006767625 0)
(2.5198342e-08 -5.231566e-07 -5.6396216e-25)
(1.1039811e-07 -1.6675217e-06 1.9634656e-24)
(2.4686208e-07 -3.0313648e-06 -1.1754342e-24)
(4.6679227e-07 -4.6540435e-06 1.4017673e-24)
(8.0781316e-07 -6.5824061e-06 -1.6764651e-24)
(1.3266639e-06 -8.8709349e-06 1.9930135e-24)
(2.1053359e-06 -1.1583483e-05 -5.6430265e-27)
(3.2623778e-06 -1.4795685e-05 -2.8326604e-24)
(4.9592061e-06 -1.8599444e-05 -1.2978969e-26)
(7.4251857e-06 -2.3098374e-05 0)
(1.0998916e-05 -2.8394934e-05 0)
(1.6138676e-05 -3.459876e-05 0)
(2.3470755e-05 -4.1832927e-05 6.5305518e-24)
(3.3866353e-05 -5.0223701e-05 -7.6001389e-24)
(4.8506404e-05 -5.9895401e-05 -8.6890144e-24)
(6.8973916e-05 -7.0962318e-05 1.9561108e-23)
(9.7362818e-05 -8.3517988e-05 -4.6488494e-20)
(0.000136398 -9.7621868e-05 5.613311e-20)
(0.00018955783 -0.00011328382 -1.6600606e-23)
(0.00026118381 -0.00013044749 0)
(0.00035655393 -0.00014897445 2.1366189e-23)
(0.00048188969 -0.00016863188 -8.5231906e-25)
(0.00064426272 -0.00018908658 -2.93935e-23)
(0.00085137035 -0.00020990855 0)
(0.0011111612 -0.00023058534 -1.0884609e-19)
(0.0014313143 -0.00025054683 1.1390824e-19)
(0.0018186041 -0.00026919679 3.8303094e-23)
(0.0022782094 -0.00028594543 -1.2232915e-37)
(0.0028130435 -0.00030023595 -6.3029836e-23)
(0.0034231767 -0.00031155986 0)
(0.0041054086 -0.00031945965 2.0200396e-22)
(0.0048530159 -0.00032352349 -2.8032377e-24)
(0.0056556862 -0.00032338179 1.6407952e-22)
(0.0064996574 -0.00031871759 -7.6093166e-23)
(0.0073680539 -0.00030929021 6.1187038e-22)
(0.0082414721 -0.00029501173 -6.4619249e-22)
(0.0090990757 -0.00027608723 -7.6111702e-23)
(0.0099198772 -0.00025310305 -6.1409031e-22)
(0.010685287 -0.00022702103 1.4839425e-22)
(0.0064124321 7.0473972e-05 1.4650624e-23)
(0.0068630853 6.6689003e-05 -1.4738997e-23)
(0.0072915584 6.0581843e-05 0)
(0.0076699856 5.6049662e-05 6.2832683e-23)
(0.008026299 5.17476e-05 1.9446838e-23)
(0.0083521603 4.7939441e-05 0)
(0.0086568266 4.4497861e-05 0)
(0.0089407573 4.1355065e-05 1.2221254e-22)
(0.0092072896 3.846354e-05 -1.0990126e-22)
(0.0094578849 3.5778219e-05 0)
(0.0096947879 3.3255593e-05 0)
(0.0099181584 3.0872583e-05 -5.8094153e-23)
(0.010131794 2.86241e-05 0)
(0.010331425 2.6330385e-05 0)
(0.010526775 2.4686677e-05 0)
(0.0064519582 0.00021255028 0)
(0.0068980235 0.00020133691 0)
(0.0073242195 0.00018284989 -4.5525271e-23)
(0.0077005319 0.00016912902 1.4538979e-24)
(0.0080553857 0.0001561188 -3.9590902e-23)
(0.008380189 0.00014457831 0)
(0.0086840499 0.00013416064 0)
(0.0089673911 0.00012464367 -1.0033931e-22)
(0.0092334494 0.00011589468 8.8037804e-23)
(0.0094836383 0.0001077725 3.6508554e-23)
(0.0097201551 0.00010015282 -6.7828703e-23)
(0.0099430982 9.295469e-05 9.0135776e-23)
(0.01015629 8.6180422e-05 -1.0129912e-22)
(0.010355248 7.9265672e-05 8.3925209e-23)
(0.010550165 7.4324424e-05 5.0270083e-24)
(0.0065356069 0.00035491829 0)
(0.0069741274 0.0003367465 0)
(0.0073968724 0.00030589168 -3.9972175e-22)
(0.0077694986 0.0002830874 8.1127931e-23)
(0.0081216925 0.00026134503 -8.0927545e-23)
(0.0084443106 0.00024205383 -2.6550847e-22)
(0.008746312 0.00022460275 -2.8881992e-22)
(0.0090280488 0.00020865075 6.2249524e-24)
(0.0092926123 0.00019397408 5.3862584e-24)
(0.0095413434 0.00018034405 -2.7266128e-22)
(0.0097763636 0.00016755982 5.3140281e-19)
(0.0099976774 0.00015548114 4.7860888e-19)
(0.010209162 0.00014412798 1.1227223e-18)
(0.010405929 0.00013254113 -1.3780267e-18)
(0.010599149 0.00012425053 1.4944923e-22)
(0.0066662468 0.0004944673 0)
(0.0070941841 0.00047010282 -5.5316539e-22)
(0.0075122508 0.00042711481 1.0765409e-22)
(0.0078795478 0.00039549448 0)
(0.0082277977 0.00036516759 5.4575885e-22)
(0.0085470166 0.00033824988 4.0716638e-22)
(0.0088460146 0.0003138487 2.3075262e-22)
(0.0091250376 0.0002915313 -4.7260347e-22)
(0.009386988 0.00027098317 -3.6530257e-22)
(0.0096331072 0.00025189727 3.578916e-22)
(0.0098654158 0.0002340025 -5.18141e-19)
(0.010083789 0.00021710007 -5.0874905e-19)
(0.010292193 0.00020123285 3.8310178e-19)
(0.010485135 0.00018505603 3.0962035e-19)
(0.010675288 0.00017345939 -1.5190373e-22)
(0.0068461413 0.00062758742 1.275039e-22)
(0.007260416 0.00059816422 3.2665299e-22)
(0.0076725215 0.0005435492 4.1541564e-22)
(0.008032789 0.00050359959 -8.4044931e-23)
(0.0083757246 0.0004650478 8.1222088e-24)
(0.0086902481 0.0004308078 6.2262373e-22)
(0.0089850135 0.00039971072 -4.8242664e-22)
(0.0092601246 0.00037125391 4.2376212e-22)
(0.0095182541 0.0003450388 3.711383e-22)
(0.0097605165 0.00032069107 -3.2378821e-22)
(0.0099888083 0.0002978772 -3.3458022e-23)
(0.010202839 0.00027634562 2.7951686e-22)
(0.010406704 0.00025615816 -1.6219563e-18)
(0.010594104 0.00023562141 1.1798187e-18)
(0.010779746 0.00022085493 0)
(0.0070767728 0.0007502697 0)
(0.0074743002 0.00071736664 -9.0675635e-22)
(0.0078791154 0.00065192467 1.9597114e-22)
(0.0082306113 0.00060438776 -9.1248515e-22)
(0.0085667761 0.00055820751 -6.3803878e-22)
(0.0088752346 0.00051715743 -1.8719167e-24)
(0.0091644609 0.00047981152 1.6811217e-24)
(0.009434385 0.00044561775 0)
(0.0096874098 0.00041410576 8.8698171e-23)
(0.0099244965 0.00038484777 3.183579e-22)
(0.010147397 0.00035745731 -7.6094866e-23)
(0.010355624 0.00033164088 0)
(0.010553436 0.00030746721 2.7673643e-23)
(0.010733541 0.0002829562 -3.5688011e-23)
(0.010913188 0.00026525865 -2.9345821e-22)
(0.0073586616 0.00085817939 -1.1801556e-21)
(0.007736376 0.00082390199 1.1410534e-21)
(0.0081325643 0.00074874442 6.2831978e-22)
(0.0084735117 0.00069463709 4.1329642e-24)
(0.0088013665 0.00064168673 0)
(0.0091023296 0.00059457116 -8.0689232e-19)
(0.0093846478 0.00055163606 -6.5547217e-19)
(0.0096480489 0.00051230145 1.1524376e-22)
(0.0098946286 0.00047604311 1.297641e-18)
(0.01012517 0.00044239688 -2.7764152e-18)
(0.010341265 0.00041093468 6.8048724e-23)
(0.0105422 0.00038133665 -7.692216e-24)
(0.010732428 0.00035365987 3.731259e-22)
(0.010903502 0.00032572053 -3.7948601e-22)
(0.011075675 0.00030544148 3.0771878e-22)
(0.0076911856 0.00094673449 1.460085e-21)
(0.0080460356 0.00091380481 -4.4447176e-23)
(0.0084323589 0.00083038922 -8.8178747e-22)
(0.0087609303 0.00077100783 5.3213536e-22)
(0.0090788614 0.00071243507 -1.1354494e-21)
(0.009370858 0.00066025332 6.9814704e-19)
(0.0096448573 0.00061261755 7.7939534e-19)
(0.0099003612 0.00056894509 0)
(0.010139125 0.00052868182 2.9839063e-18)
(0.010361732 0.00049134807 -1.4228009e-18)
(0.0105696 0.0004564877 -6.5128243e-22)
(0.010761769 0.00042377404 0)
(0.010942914 0.00039322972 2.5776614e-23)
(0.011103301 0.00036256668 7.3965832e-22)
(0.011266578 0.00034016905 0)
(0.0080724266 0.0010112015 2.9766382e-22)
(0.0084012726 0.00098286232 6.7409462e-22)
(0.0087768398 0.00089325221 2.1101727e-23)
(0.0090911023 0.0008301648 -1.2521862e-21)
(0.0093974404 0.0007674363 1.298914e-21)
(0.0096789882 0.00071146111 -1.1345408e-21)
(0.009943245 0.00066025247 2.3444251e-22)
(0.010189469 0.00061325857 6.3285473e-22)
(0.010419046 0.00056992636 -1.7958097e-22)
(0.010632344 0.00052978554 -1.1487025e-21)
(0.010830599 0.0004923681 1.7265859e-21)
(0.011012594 0.00045736353 0)
(0.011183241 0.00042473494 -9.0774662e-22)
(0.011331426 0.00039220155 -3.3439494e-22)
(0.011484499 0.00036825678 0)
(0.0084991176 0.0010470158 1.2323704e-21)
(0.008801576 0.0010271142 -9.010615e-22)
(0.0091631648 0.0009339716 0)
(0.0094609323 0.00086892945 1.4607141e-21)
(0.0097539983 0.00080385906 0)
(0.010023645 0.00074564652 1.3881193e-21)
(0.01027676 0.0006922337 -3.0191854e-23)
(0.010512348 0.00064314601 -1.1004402e-21)
(0.010731407 0.00059787014 -1.5053416e-21)
(0.010934079 0.00055597466 1.8217875e-21)
(0.011121416 0.00051699873 -1.0009455e-21)
(0.011291943 0.00048067369 9.9683765e-22)
(0.011450814 0.00044687791 9.1301804e-22)
(0.011585498 0.0004134567 -5.0168726e-23)
(0.011727226 0.00038863224 -5.895786e-22)
(0.0089677604 0.001050688 -3.6930236e-21)
(0.0092449268 0.0010417714 6.9946039e-22)
(0.0095855914 0.00094837003 -4.3227669e-22)
(0.0098658932 0.00088443606 -1.7747854e-21)
(0.010144114 0.00081923569 -6.2989245e-22)
(0.010400482 0.00076061283 -3.1270915e-22)
(0.010641124 0.00070659474 9.7562709e-22)
(0.010864791 0.0006568391 0)
(0.011072081 0.00061091868 1.5102413e-21)
(0.01126291 0.0005684751 -1.3186388e-21)
(0.011438152 0.00052907686 0)
(0.011596083 0.00049252477 -1.2072841e-23)
(0.011742096 0.000458589 8.4439181e-22)
(0.011862252 0.00042536252 7.592042e-22)
(0.011991719 0.00040040132 1.1726593e-21)
(0.0094700796 0.0010191035 5.3113132e-22)
(0.0097189291 0.0010244537 -5.2999751e-22)
(0.010038327 0.00093363753 -1.2789446e-21)
(0.01030011 0.00087440966 1.0450554e-21)
(0.010562091 0.00081162057 -2.7991905e-22)
(0.01080392 0.00075467096 -1.6543379e-21)
(0.011030878 0.00070185486 -2.932366e-21)
(0.011241454 0.00065303033 -4.2744756e-22)
(0.011435851 0.00060791145 1.9804464e-22)
(0.011613767 0.00056625209 0)
(0.011775909 0.00052767534 1.1185442e-21)
(0.011920333 0.0004920803 -9.9061204e-22)
(0.01205265 0.00045910882 3.7723094e-23)
(0.012157586 0.00042722129 -3.770611e-23)
(0.012274144 0.00040291422 -6.0269689e-22)
(0.0099965647 0.00094930595 1.5032766e-23)
(0.010213384 0.00097489559 -4.1387745e-22)
(0.010514274 0.00088911098 2.4641592e-21)
(0.010756381 0.00083741294 -1.8897673e-20)
(0.01100103 0.00077977159 1.5444919e-18)
(0.011227276 0.00072679082 6.4393577e-19)
(0.011439511 0.00067715293 -8.2865486e-19)
(0.011635991 0.00063099353 -6.0352725e-19)
(0.011816542 0.00058823101 0)
(0.011980663 0.00054877535 1.5064777e-22)
(0.012128919 0.00051233229 -1.2659597e-21)
(0.012259181 0.00047892822 0)
(0.012377248 0.00044806121 -5.2440732e-19)
(0.012466647 0.00041867267 -4.8381327e-19)
(0.01256995 0.00039582507 5.5389979e-22)
(0.010539005 0.00083901068 1.9397733e-21)
(0.010723965 0.00089033876 2.0814286e-21)
(0.011004461 0.00081408972 1.5951306e-21)
(0.011226527 0.00077291518 -6.0449618e-19)
(0.011453075 0.00072330781 -6.3701626e-19)
(0.011662967 0.00067672699 -9.1669833e-19)
(0.011859676 0.00063235467 6.331498e-19)
(0.012041267 0.00059067815 7.9286093e-19)
(0.012207229 0.0005518869 1.4157166e-21)
(0.012356899 0.00051609426 0)
(0.012490731 0.00048311875 0)
(0.012606466 0.00045314211 0)
(0.012710044 0.0004255087 4.9200978e-19)
(0.012783986 0.00039974429 5.1341594e-19)
(0.012874005 0.00037913934 5.2293633e-22)
(0.01108674 0.000687859 1.4099541e-18)
(0.011241495 0.00076942489 4.7244375e-19)
(0.011499845 0.00070868008 -1.6068995e-21)
(0.011701767 0.00068133068 -1.704177e-21)
(0.011909741 0.00064277014 0)
(0.012102819 0.00060509134 -2.0470787e-21)
(0.012283477 0.00056811664 -1.3668392e-21)
(0.012449638 0.00053276342 -4.8400242e-23)
(0.012600512 0.0004995619 -1.7790874e-21)
(0.012735331 0.00046887811 0)
(0.012854476 0.00044067435 0)
(0.012955622 0.0004153135 -1.8322589e-21)
(0.013044795 0.0003919824 1.5649101e-21)
(0.013103759 0.00037088035 1.3867399e-21)
(0.013180778 0.00035324216 -1.0380677e-21)
(0.011628178 0.000497322 -7.923596e-19)
(0.011755196 0.00061332044 -1.0695818e-18)
(0.01199069 0.0005739977 -2.9572918e-21)
(0.012172918 0.00056404125 2.2189329e-21)
(0.012362257 0.00053963755 -1.9443747e-21)
(0.012538427 0.00051336812 2.5015707e-21)
(0.012702826 0.00048589556 3.0465886e-21)
(0.012853297 0.00045866168 3.6461536e-22)
(0.012988854 0.00043261128 -6.7920327e-22)
(0.013108691 0.00040841296 3.1471349e-22)
(0.013213168 0.00038620334 6.012622e-19)
(0.013299969 0.00036654832 4.9337997e-19)
(0.013375136 0.00034847994 -1.4644083e-21)
(0.013419978 0.00033294245 -1.5128477e-21)
(0.013484566 0.0003189023 1.0094052e-21)
(0.012151266 0.00027042096 -1.7810085e-21)
(0.012254094 0.00042423543 -8.0452113e-22)
(0.012467079 0.00041245324 3.6016543e-21)
(0.0126308 0.00042345399 -5.2342897e-21)
(0.012801975 0.00041629763 2.7354281e-21)
(0.012961552 0.0004038675 1.3808386e-21)
(0.013109833 0.00038789672 -1.7153179e-21)
(0.013244654 0.00037046505 -3.5098532e-22)
(0.013364942 0.0003530098 3.4681066e-22)
(0.01346994 0.00033655065 2.6869543e-22)
(0.013560048 0.00032142675 -5.1249981e-19)
(0.013633037 0.00030842345 -5.7005887e-19)
(0.013694885 0.00029642762 0)
(0.013726784 0.00028717885 3.7305288e-23)
(0.013779751 0.00027724788 -2.0145658e-21)
(0.012644003 1.18803e-05 4.2297441e-22)
(0.012727553 0.00020571112 -9.6664471e-23)
(0.012919458 0.00022759823 -9.6231814e-22)
(0.013066695 0.00026292992 4.7348055e-21)
(0.013220791 0.00027594547 5.9564512e-23)
(0.013364538 0.00027961199 -3.1795735e-21)
(0.0134972 0.00027695982 0)
(0.013616712 0.00027083508 3.3575186e-22)
(0.013722053 0.000263247 -3.3200879e-22)
(0.01381262 0.00025561055 2.5753903e-22)
(0.013888917 0.00024849157 -4.7947882e-22)
(0.013948885 0.00024290399 1.2433307e-22)
(0.013998345 0.00023760686 1.4169381e-21)
(0.014018738 0.00023516191 8.5174506e-23)
(0.014061067 0.00022971268 9.6718573e-22)
(0.013094938 -0.000271909 4.0590243e-21)
(0.013165724 -3.7513935e-05 -3.9498815e-22)
(0.013339123 2.3861687e-05 2.4482823e-21)
(0.013472776 8.6584769e-05 -2.2402577e-21)
(0.013611549 0.00012239222 0)
(0.013740685 0.00014415113 1.7706359e-21)
(0.013858581 0.00015638434 0)
(0.013963413 0.00016284004 0)
(0.014054384 0.00016617628 0)
(0.014131172 0.00016824003 0)
(0.014194449 0.00016984217 0)
(0.014242402 0.00017222609 5.2231353e-19)
(0.014280586 0.00017404928 4.2727946e-19)
(0.014291081 0.0001786969 -1.1991286e-21)
(0.014323855 0.00017795539 -9.2793136e-22)
(0.013493816 -0.00057280679 -3.8907785e-21)
(0.013560088 -0.0002995636 0)
(0.013718661 -0.00019371159 -1.8402538e-21)
(0.013842484 -0.0001009475 -5.4792744e-22)
(0.013968379 -4.0160435e-05 -4.353972e-22)
(0.014084564 1.3452219e-06 3.6229202e-21)
(0.014188871 2.9725467e-05 -3.4157075e-22)
(0.014279911 4.9764221e-05 3.389316e-22)
(0.01435732 6.4837325e-05 0)
(0.014421195 7.7249328e-05 -1.9251868e-21)
(0.014472436 8.806737e-05 -1.6852389e-21)
(0.014509542 9.8756288e-05 -4.5369945e-19)
(0.014537686 0.00010790963 -4.8411772e-19)
(0.014539967 0.00011970965 -1.2652097e-21)
(0.014564284 0.00012375786 9.5090346e-22)
(0.013832415 -0.00088054209 -3.1666637e-22)
(0.013904465 -0.00057287322 6.3489039e-23)
(0.014052691 -0.0004192629 2.6032898e-22)
(0.014171027 -0.00029447074 0)
(0.014287074 -0.00020716863 0)
(0.014392312 -0.00014474354 -2.7512298e-21)
(0.014484451 -9.9346188e-05 -3.5847259e-22)
(0.014562783 -6.5045855e-05 -2.6098824e-21)
(0.014627621 -3.7701053e-05 2.7986056e-22)
(0.014679625 -1.4543691e-05 1.6705319e-21)
(0.014719965 5.7502834e-06 1.8723654e-21)
(0.014747497 2.484881e-05 1.6749794e-22)
(0.014766883 4.1333434e-05 -1.6585432e-22)
(0.014762617 6.0125022e-05 4.524994e-21)
(0.014779518 6.8914505e-05 -1.6230291e-21)
(0.014103281 -0.0011845725 -2.7475576e-22)
(0.014195421 -0.0008484779 5.136563e-22)
(0.014338614 -0.0006462236 2.1675887e-22)
(0.014455907 -0.00048836946 -4.3806231e-23)
(0.014565433 -0.00037390706 -3.4373912e-21)
(0.014661862 -0.00029002424 3.3287313e-22)
(0.014743345 -0.0002272135 -3.5864392e-23)
(0.014810154 -0.00017834047 1.9758302e-21)
(0.014863531 -0.00013849092 4.7243735e-19)
(0.014904824 -0.0001044567 3.2893104e-19)
(0.014935497 -7.4669516e-05 0)
(0.014954769 -4.7285596e-05 -1.5708625e-22)
(0.014966658 -2.3666585e-05 -2.1042538e-21)
(0.014957409 1.7502771e-06 -2.2384873e-21)
(0.014967797 1.5124895e-05 1.661677e-21)
(0.014295348 -0.001478713 -1.3514048e-21)
(0.014426397 -0.0011224619 1.1774149e-21)
(0.014573078 -0.00087255192 2.961619e-21)
(0.014694775 -0.00068033881 3.2181315e-21)
(0.014801909 -0.00053793272 2.5491763e-21)
(0.014892124 -0.00043196915 0)
(0.014964732 -0.00035133649 0)
(0.015021401 -0.00028763996 0)
(0.015064592 -0.00023516823 -3.3713532e-19)
(0.015096473 -0.00019027668 -4.4359746e-19)
(0.015118794 -0.00015114677 -1.668286e-22)
(0.015131118 -0.00011577045 1.6585989e-22)
(0.015136698 -8.5365081e-05 2.0901188e-21)
(0.015123865 -5.3839661e-05 1.29488e-22)
(0.015128443 -3.6136339e-05 0)
(0.014384797 -0.0017799791 1.6570454e-21)
(0.014571727 -0.0014073538 -1.5477006e-21)
(0.014739986 -0.0011100069 -3.2319356e-21)
(0.014877693 -0.00087782943 -3.4104537e-21)
(0.01499084 -0.00070313904 -5.9143974e-19)
(0.015080074 -0.00057210295 -3.0602306e-19)
(0.015147135 -0.00047182915 -2.8508346e-22)
(0.015195978 -0.00039230082 -3.7524359e-21)
(0.015230857 -0.00032671863 3.3004499e-21)
(0.015255015 -0.00027082818 0)
(0.015270523 -0.00022245151 2.5212212e-21)
(0.015277283 -0.00017937807 -1.3361342e-22)
(0.015277696 -0.0001425552 1.3150891e-22)
(0.015262553 -0.00010544562 0)
(0.01526174 -8.3814023e-05 -1.2980829e-21)
(0.010714854 2.1382752e-05 0)
(0.010898965 1.9302738e-05 0)
(0.011092509 1.7031456e-05 0)
(0.011280904 1.4894216e-05 0)
(0.011470522 1.300807e-05 0)
(0.011656847 1.1274979e-05 0)
(0.011840695 9.7396484e-06 0)
(0.012020309 8.381718e-06 0)
(0.012196354 7.1782119e-06 0)
(0.012366229 6.1460783e-06 0)
(0.012533525 5.2020571e-06 0)
(0.012689601 4.4833818e-06 0)
(0.012852239 3.6109808e-06 0)
(0.01297721 3.4670185e-06 0)
(0.01317599 2.0577632e-06 0)
(0.010736292 6.4470465e-05 0)
(0.010917477 5.8242047e-05 0)
(0.011108652 5.1409571e-05 0)
(0.011294858 4.4978739e-05 0)
(0.011482525 3.929644e-05 0)
(0.011667139 3.4073199e-05 0)
(0.011849482 2.9442463e-05 0)
(0.012027788 2.5344623e-05 0)
(0.012202699 2.1711111e-05 0)
(0.012371597 1.8593334e-05 0)
(0.012538052 1.5740962e-05 0)
(0.012693416 1.356832e-05 0)
(0.012855432 1.09307e-05 0)
(0.01297994 1.0493884e-05 0)
(0.013178046 6.2211107e-06 0)
(0.010780866 0.00010788324 0)
(0.010955989 9.7542713e-05 0)
(0.011142251 8.6179402e-05 0)
(0.011323916 7.5468704e-05 0)
(0.011507532 6.5984448e-05 0)
(0.011688591 5.7257155e-05 0)
(0.011867806 4.9507957e-05 0)
(0.01204339 4.2642787e-05 0)
(0.012215938 3.6549299e-05 0)
(0.012382803 3.1315235e-05 0)
(0.012547503 2.6523358e-05 0)
(0.012701385 2.2870229e-05 0)
(0.012862102 1.8432577e-05 0)
(0.01298564 1.7694629e-05 0)
(0.013182346 1.0486316e-05 0)
(0.010850017 0.00015085201 0)
(0.011015809 0.00013656184 0)
(0.011194487 0.00012084136 0)
(0.011369135 0.00010597127 0)
(0.011546482 9.2767228e-05 0)
(0.011722028 8.0593003e-05 0)
(0.011896387 6.9757755e-05 0)
(0.012067741 6.0141311e-05 0)
(0.012236614 5.1591566e-05 0)
(0.012400313 4.4236225e-05 0)
(0.012562279 3.7493548e-05 0)
(0.012713849 3.2347827e-05 0)
(0.012872535 2.6087726e-05 0)
(0.012994551 2.5043467e-05 0)
(0.013189086 1.4852002e-05 0)
(0.010944854 0.00019252312 0)
(0.011098001 0.00017457676 0)
(0.011266354 0.0001548297 0)
(0.011431436 0.00013603923 0)
(0.011600212 0.00011929617 0)
(0.011768207 0.00010381192 0)
(0.011935902 8.9985871e-05 0)
(0.012101439 7.768371e-05 0)
(0.012265251 6.6719932e-05 0)
(0.012424583 5.7267878e-05 0)
(0.012582774 4.8585948e-05 0)
(0.012731147 4.1952316e-05 0)
(0.012887019 3.3861475e-05 0)
(0.013006919 3.2509799e-05 0)
(0.013198465 1.9301862e-05 0)
(0.011066069 0.00023196649 0)
(0.011203316 0.00021079916 0)
(0.011358606 0.00018751919 0)
(0.01151156 0.00016517589 0)
(0.011669431 0.0001451813 0)
(0.01182779 0.00012661131 0)
(0.011986958 0.0001099591 0)
(0.012145036 9.5091811e-05 0)
(0.012302342 8.1799361e-05 0)
(0.012456051 7.030844e-05 0)
(0.012609373 5.9724718e-05 0)
(0.012753615 5.1626832e-05 0)
(0.012905841 4.1713078e-05 0)
(0.013022985 4.0057689e-05 0)
(0.013210689 2.379567e-05 0)
(0.011213844 0.00026819877 0)
(0.011332116 0.00024439325 0)
(0.011471693 0.00021823674 0)
(0.011610019 0.00019284261 0)
(0.011754674 0.00016999584 0)
(0.011901311 0.00014865737 0)
(0.012050073 0.0001294183 0)
(0.012199017 0.00011216629 0)
(0.012348336 9.6677836e-05 0)
(0.012495124 8.3242672e-05 0)
(0.01264244 7.082347e-05 0)
(0.012781578 6.1306082e-05 0)
(0.012929277 4.9595287e-05 0)
(0.013042987 4.76465e-05 0)
(0.013225993 2.8325919e-05 0)
(0.011387775 0.00030021574 0)
(0.011484308 0.00027450012 0)
(0.011605701 0.00024627779 0)
(0.011727046 0.00021846975 0)
(0.011856264 0.00019328326 0)
(0.011989146 0.00016958943 0)
(0.012125645 0.00014808099 0)
(0.012263784 0.00012868803 0)
(0.012403622 0.00011118699 0)
(0.012542169 9.594206e-05 0)
(0.012682314 8.1785216e-05 0)
(0.012815341 7.0916117e-05 0)
(0.012957593 5.7454143e-05 0)
(0.013067163 5.5233624e-05 0)
(0.013244631 3.2888168e-05 0)
(0.011586799 0.00032703219 0)
(0.011659276 0.00030026845 0)
(0.011760301 0.00027092759 0)
(0.011862548 0.0002414714 0)
(0.011974272 0.00021456714 0)
(0.012091479 0.00018902627 0)
(0.012213928 0.00016564523 0)
(0.01233963 0.0001444205 0)
(0.012468509 0.00012514343 0)
(0.012597496 0.00010826548 0)
(0.012729292 9.2502621e-05 0)
(0.012855183 8.0374255e-05 0)
(0.012991035 6.522884e-05 0)
(0.013095742 6.2772124e-05 0)
(0.013266831 3.7434344e-05 0)
(0.011809147 0.00034772834 0)
(0.011855831 0.00032089053 0)
(0.011934694 0.00029148731 0)
(0.012016056 0.00026126381 0)
(0.012108476 0.00023336387 0)
(0.012208265 0.00020657463 0)
(0.012315006 0.0001817952 0)
(0.012426721 0.0001591132 0)
(0.012543214 0.00013835082 0)
(0.012661346 0.00012006037 0)
(0.012783624 0.0001028586 0)
(0.012901349 8.9589215e-05 0)
(0.013029823 7.285164e-05 0)
(0.013128934 7.0182856e-05 0)
(0.01329281 4.1943665e-05 0)
(0.012052323 0.00036150049 0)
(0.012072178 0.00033564243 0)
(0.01212758 0.00030730426 0)
(0.012186693 0.00027728718 0)
(0.012258326 0.00024919819 0)
(0.012339203 0.00022183986 0)
(0.012428759 0.00019620835 0)
(0.012525068 0.00017250632 0)
(0.012627834 0.00015060282 0)
(0.012733873 0.00013116454 0)
(0.012845497 0.00011272735 0)
(0.01295404 9.8461603e-05 0)
(0.013074149 8.024936e-05 0)
(0.013166974 7.7424852e-05 0)
(0.013322774 4.6399356e-05 0)
(0.012313113 0.00036771337 0)
(0.012305901 0.00034392621 0)
(0.012337132 0.00031780526 0)
(0.012373144 0.00028903036 0)
(0.012422916 0.00026162135 0)
(0.012483706 0.00023443872 0)
(0.012554844 0.00020856421 0)
(0.012634506 0.00018433671 0)
(0.012722336 0.000161687 0)
(0.012815133 0.00014140866 0)
(0.012915025 0.00012197577 0)
(0.0130134 0.00010688508 0)
(0.013124184 8.7346294e-05 0)
(0.013210074 8.444754e-05 0)
(0.013356901 5.0704508e-05 0)
(0.01258764 0.00036594994 0)
(0.01255399 0.00034531144 0)
(0.012561002 0.00032253121 0)
(0.012573645 0.00029605739 0)
(0.012600963 0.00027023124 0)
(0.012640877 0.00024401409 0)
(0.012692669 0.00021855491 0)
(0.012754677 0.00019434513 0)
(0.012826533 0.0001713897 0)
(0.012905064 0.00015061943 0)
(0.012992231 0.00013046549 0)
(0.013079508 0.0001147479 0)
(0.013180055 9.4057652e-05 0)
(0.01325837 9.1183899e-05 0)
(0.013395336 5.489068e-05 0)
(0.012871459 0.00035605437 0)
(0.012812887 0.00033957272 0)
(0.012796344 0.00032117088 0)
(0.012785985 0.00029803439 0)
(0.012790802 0.00027469373 0)
(0.012809496 0.00025025109 0)
(0.012841374 0.00022589696 0)
(0.012885004 0.00020228468 0)
(0.012940067 0.00017950193 0)
(0.01300347 0.00015862359 0)
(0.01307704 0.0001380554 0)
(0.013152367 0.00012193469 0)
(0.013241842 0.00010028638 0)
(0.013311976 9.75421e-05 0)
(0.013438184 5.8934617e-05 0)
(0.0131597 0.00033816317 0)
(0.013078583 0.00032671948 0)
(0.01303987 0.00031359085 0)
(0.01300754 0.00029475526 0)
(0.012990396 0.00027476413 0)
(0.01298802 0.000252894 0)
(0.012999827 0.00023034416 0)
(0.013024686 0.0002079303 0)
(0.013062397 0.00018582615 0)
(0.013110013 0.00016525265 0)
(0.013169262 0.00014460488 0)
(0.013231897 0.00012832966 0)
(0.013309598 0.00010596146 0)
(0.013370954 0.00010345184 0)
(0.01348552 6.2745669e-05 0)
(0.013447247 0.00031271997 0)
(0.013346735 0.00030701429 0)
(0.013287937 0.00029985875 0)
(0.013235321 0.00028616368 0)
(0.01319736 0.00027030711 0)
(0.013174591 0.00025176303 0)
(0.01316662 0.00023170097 0)
(0.013172686 0.00021108902 0)
(0.013192787 0.00019018384 0)
(0.013224193 0.00017034832 0)
(0.013268584 0.00014997805 0)
(0.013317932 0.00013382022 0)
(0.013383292 0.00011100472 0)
(0.0134353 0.00010883171 0)
(0.013537388 6.6287908e-05 0)
(0.013728953 0.00028047024 0)
(0.013612835 0.00028097637 0)
(0.01353666 0.00028025661 0)
(0.013466051 0.0002723696 0)
(0.013409011 0.00026131358 0)
(0.013367061 0.00024676982 0)
(0.013340077 0.00022983558 0)
(0.013327733 0.00021161055 0)
(0.013330302 0.00019242367 0)
(0.013345347 0.00017376853 0)
(0.013374555 0.00015404833 0)
(0.013410201 0.00013829933 0)
(0.013462775 0.00011530915 0)
(0.013504944 0.00011359889 0)
(0.013593783 6.9520317e-05 0)
(0.013999867 0.00024243393 0)
(0.013872382 0.00024936807 0)
(0.01378205 0.00025528177 0)
(0.013696268 0.00025365752 0)
(0.013622437 0.00024791273 0)
(0.013563036 0.00023793038 0)
(0.013518281 0.00022469204 0)
(0.013488331 0.00020939757 0)
(0.013473808 0.00019242978 0)
(0.013472642 0.0001753939 0)
(0.013486585 0.00015670319 0)
(0.013508311 0.00014166803 0)
(0.013547805 0.00011879775 0)
(0.013579744 0.00011766955 0)
(0.013654656 7.2395504e-05 0)
(0.014255468 0.0001998563 0)
(0.014121086 0.00021316357 0)
(0.014020174 0.00022563343 0)
(0.013922447 0.00023048506 0)
(0.013834581 0.00023037742 0)
(0.013759937 0.0002253741 0)
(0.013699112 0.00021630011 0)
(0.013652781 0.00020441521 0)
(0.013621981 0.00019013003 0)
(0.013605073 0.00017513432 0)
(0.013603939 0.00015784898 0)
(0.013611744 0.00014383925 0)
(0.013638041 0.00012139536 0)
(0.01365948 0.00012096247 0)
(0.013719903 7.4865222e-05 0)
(0.014491873 0.00015413965 0)
(0.014355054 0.00017350081 0)
(0.014247318 0.00019218443 0)
(0.014141131 0.00020347046 0)
(0.014042349 0.00020912171 0)
(0.013955071 0.00020934765 0)
(0.013880294 0.00020478218 0)
(0.013819215 0.00019669885 0)
(0.013773324 0.00018550339 0)
(0.013741479 0.00017293542 0)
(0.013725736 0.00015741604 0)
(0.013719855 0.00014474198 0)
(0.013733037 0.00012303817 0)
(0.013743847 0.00012340342 0)
(0.013789364 7.6883298e-05 0)
(0.014706011 0.00010676008 0)
(0.014570973 0.00013162063 0)
(0.014460152 0.00015593917 0)
(0.014349079 0.00017336859 0)
(0.014242724 0.00018468952 0)
(0.014145724 0.00019021248 0)
(0.014059465 0.00019035594 0)
(0.013985634 0.00018635946 0)
(0.013926199 0.00017858612 0)
(0.013880549 0.00016878438 0)
(0.013850961 0.00015536338 0)
(0.013831869 0.00014432525 0)
(0.013832245 0.00012366345 0)
(0.013832453 0.00012492839 0)
(0.013862811 7.8408654e-05 0)
(0.014895739 5.9178789e-05 0)
(0.014766248 8.8798465e-05 0)
(0.014655872 0.00011798014 0)
(0.0145434 0.00014103551 0)
(0.014432884 0.00015773353 0)
(0.014329261 0.00016843466 0)
(0.014234248 0.0001733314 0)
(0.014149969 0.00017358498 0)
(0.014078858 0.00016947544 0)
(0.014020853 0.00016271433 0)
(0.013978473 0.00015168246 0)
(0.013946884 0.00014255794 0)
(0.013934835 0.00012323711 0)
(0.013924776 0.00012545544 0)
(0.013939955 7.9399367e-05 0)
(0.015059893 1.278487e-05 0)
(0.014939099 4.6266675e-05 0)
(0.014832319 7.9408793e-05 0)
(0.014721676 0.0001073847 0)
(0.014610326 0.00012898467 0)
(0.014503225 0.00014456699 0)
(0.01440234 0.0001541018 0)
(0.014310143 0.00015863727 0)
(0.014229496 0.00015832997 0)
(0.014160869 0.00015480703 0)
(0.014107027 0.00014639963 0)
(0.014063887 0.00013943902 0)
(0.014039832 0.00012170691 0)
(0.014020114 0.00012497157 0)
(0.014020436 7.9818386e-05 0)
(0.015198275 -3.1043827e-05 0)
(0.015088621 5.0884944e-06 0)
(0.014988048 4.1293721e-05 0)
(0.01488206 7.3350366e-05 0)
(0.014772962 9.9221283e-05 0)
(0.01466544 0.00011923198 0)
(0.014561597 0.00013313518 0)
(0.014464145 0.00014185049 0)
(0.0143763 0.00014537123 0)
(0.014299022 0.00014519797 0)
(0.014235297 0.00013958058 0)
(0.01418183 0.00013494022 0)
(0.014146378 0.00011912574 0)
(0.014117657 0.00012348272 0)
(0.014103756 7.964528e-05 0)
(0.014434494 -0.0023836556 -9.5494895e-23)
(0.014850721 -0.0022243468 2.4251885e-23)
(0.015164017 -0.0019423318 -1.8276641e-23)
(0.015311485 -0.00150284 3.9771049e-22)
(0.015330624 -0.0010325629 8.7074012e-22)
(0.015306077 -0.00065156 0)
(0.015276852 -0.00038378127 0)
(0.015240026 -0.00019042857 0)
(0.015153597 -5.1936762e-05 -6.039043e-22)
(0.014352903 -0.0026306367 8.8921124e-23)
(0.014745195 -0.0024035607 0)
(0.015032314 -0.0020335191 0)
(0.01517864 -0.0015306644 -4.1924685e-22)
(0.015224058 -0.001036481 -7.9116742e-22)
(0.015233087 -0.00065244762 -4.7911565e-21)
(0.015228984 -0.00038483756 -1.3274217e-20)
(0.015208025 -0.00019233207 -1.7876867e-20)
(0.015130694 -5.4225535e-05 0)
(0.014171434 -0.0028055761 0)
(0.014560144 -0.0025189998 0)
(0.014856882 -0.0020790443 0)
(0.01503036 -0.0015331787 0)
(0.015115297 -0.0010282968 -4.5483188e-22)
(0.015160452 -0.00064623191 5.0120914e-21)
(0.015181338 -0.00038082611 2.8088494e-20)
(0.015175787 -0.00019070512 1.6091778e-20)
(0.015109505 -5.4211916e-05 1.646075e-21)
(0.013945581 -0.0029118596 1.6597725e-22)
(0.014341394 -0.0025741634 0)
(0.014662889 -0.0020830489 -3.5305149e-21)
(0.014876237 -0.0015131104 -4.0437495e-21)
(0.015006252 -0.0010083251 1.1775264e-20)
(0.015088715 -0.00063290621 -2.0214789e-21)
(0.015134858 -0.0003726577 -1.6659316e-20)
(0.015145058 -0.00018728207 -1.2491656e-21)
(0.01509142 -5.3519894e-05 9.3570621e-21)
(0.01368693 -0.0029520896 6.7673833e-22)
(0.014101767 -0.0025742478 -2.834883e-22)
(0.014459743 -0.0020503225 7.5194191e-21)
(0.014721228 -0.0014727132 4.0913201e-21)
(0.014899131 -0.00097700887 -8.9976116e-19)
(0.015018906 -0.00061262411 -7.2311476e-19)
(0.015090013 -0.00036043601 -4.147034e-20)
(0.015115619 -0.00018192937 5.0981043e-20)
(0.015075398 -5.2032462e-05 0)
(0.013407056 -0.0029286242 -3.40026e-21)
(0.013851275 -0.0025234145 4.0344973e-21)
(0.014254383 -0.0019843727 -4.2420644e-21)
(0.014568835 -0.0014134481 0)
(0.014795438 -0.00093468775 6.3800795e-19)
(0.014951786 -0.00058555658 8.8103019e-19)
(0.015047301 -0.00034423867 9.0525276e-20)
(0.015087718 -0.00017454903 6.8356789e-20)
(0.01506138 -4.9927273e-05 1.4920481e-19)
(0.013117436 -0.0028447672 2.9597276e-21)
(0.013598875 -0.0024259624 -8.8951021e-21)
(0.014052591 -0.001888288 0)
(0.014421977 -0.0013365657 0)
(0.014696527 -0.00088177869 1.8315589e-20)
(0.014888067 -0.00055196134 8.2098839e-20)
(0.015007137 -0.00032418558 -5.0791342e-20)
(0.015061819 -0.00016502013 -1.0708881e-19)
(0.015049642 -4.7606403e-05 -3.2261293e-19)
(0.012828582 -0.0027046436 -1.9771213e-21)
(0.013352302 -0.0022862341 5.6083309e-21)
(0.013859165 -0.001764929 0)
(0.014283137 -0.0012433033 1.8937901e-21)
(0.014603639 -0.00081882286 -1.5126618e-21)
(0.014828396 -0.00051218672 -4.5125292e-20)
(0.0149699 -0.00030045822 0)
(0.015038749 -0.00015335348 0)
(0.015037334 -4.4901979e-05 1.8707914e-19)
(0.012549711 -0.0025129834 2.2785374e-21)
(0.013118093 -0.0021085066 5.5148922e-21)
(0.013678087 -0.0016169995 0)
(0.014154451 -0.0011349511 -1.9674728e-20)
(0.01451792 -0.00074648452 0)
(0.014773367 -0.0004666693 -5.7907235e-20)
(0.014935937 -0.00027337454 7.013559e-20)
(0.015017857 -0.00013979466 -2.6795497e-21)
(0.015027227 -4.1399553e-05 -2.0474852e-19)
(0.01228882 -0.0022749269 6.4783569e-21)
(0.012901776 -0.0018970139 -1.4428064e-20)
(0.013512701 -0.0014471409 0)
(0.01403778 -0.0010128934 2.2430807e-20)
(0.014440437 -0.00066554329 2.1044055e-20)
(0.014723544 -0.00041593093 1.194889e-19)
(0.014905675 -0.00024353076 -1.3760364e-19)
(0.015000407 -0.00012431458 -1.7995031e-19)
(0.015017976 -3.7026792e-05 1.1567842e-20)
(0.012052784 -0.0019959589 -9.7308427e-21)
(0.012708023 -0.0016560049 7.1333404e-21)
(0.01336583 -0.0012580119 0)
(0.01393474 -0.00087863072 0)
(0.014372191 -0.00057689115 1.6070236e-21)
(0.014679559 -0.00036050098 -5.9215789e-20)
(0.014877383 -0.00021126576 1.490345e-19)
(0.014984243 -0.00010758753 7.5302532e-20)
(0.015011218 -3.2096776e-05 2.5130711e-19)
(0.011847405 -0.001681864 5.1424824e-21)
(0.012540738 -0.0013897887 7.1316973e-22)
(0.013239849 -0.0010523393 8.9675717e-21)
(0.013846712 -0.00073378504 1.1385896e-20)
(0.014314018 -0.00048151629 -5.8579023e-20)
(0.014642266 -0.00030089903 0)
(0.014853835 -0.00017654394 -8.2314402e-20)
(0.01497083 -8.9912855e-05 1.008713e-19)
(0.015005015 -2.6784485e-05 -1.739667e-20)
(0.011677453 -0.0013386785 -2.3805047e-21)
(0.012403122 -0.0011027614 1.2216003e-21)
(0.013136715 -0.00083294257 -9.4473611e-21)
(0.013774861 -0.00058009419 -1.419381e-20)
(0.014266611 -0.00038049673 2.9933573e-20)
(0.014612018 -0.00023773283 5.9221912e-21)
(0.014835309 -0.00013945342 -4.5052848e-20)
(0.014960717 -7.0961495e-05 -4.1647221e-21)
(0.014999902 -2.1203776e-05 1.5884807e-19)
(0.011546708 -0.00097264525 0)
(0.012297705 -0.00079941476 0)
(0.013057989 -0.00060273933 -1.3181636e-21)
(0.013720132 -0.00041939862 -1.3411783e-20)
(0.014230539 -0.00027499079 1.967691e-21)
(0.014589013 -0.00017175199 1.9619228e-20)
(0.014821187 -0.00010065994 4.7673625e-20)
(0.01495305 -5.1203711e-05 -7.057873e-20)
(0.014995809 -1.5269549e-05 -1.7253486e-19)
(0.011457986 -0.00059017635 -8.8443652e-22)
(0.012226378 -0.0004843396 0)
(0.013004848 -0.0003647492 0)
(0.013683243 -0.00025364146 7.3854768e-21)
(0.014206243 -0.0001662468 -1.0414049e-20)
(0.014573499 -0.0001037775 -2.1798465e-20)
(0.014811471 -6.0763299e-05 0)
(0.014947175 -3.0950597e-05 3.6050695e-20)
(0.014993538 -9.1477491e-06 0)
(0.011413158 -0.0001978287 1.1082881e-21)
(0.012190399 -0.00016223328 -1.7407398e-22)
(0.012978079 -0.00012210627 0)
(0.013664679 -8.4886268e-05 7.4663724e-21)
(0.014194023 -5.5627356e-05 9.6880071e-21)
(0.014565686 -3.4712838e-05 4.8580082e-22)
(0.014806552 -2.0329463e-05 0)
(0.014944198 -1.0431997e-05 4.4617552e-20)
(0.014992448 -2.9198753e-06 1.8589806e-21)
(0.014605189 -0.0019897178 0)
(0.014805642 -0.0016192783 3.8352045e-19)
(0.014974899 -0.0013049504 4.2297322e-19)
(0.015107733 -0.0010518178 5.8525498e-24)
(0.015208396 -0.00085550312 4.6528366e-19)
(0.015279997 -0.00070425206 4.5875907e-19)
(0.01532792 -0.00058583004 0)
(0.015358732 -0.00049024874 3.9076523e-21)
(0.015377962 -0.00041070871 -2.9471152e-22)
(0.015389106 -0.00034298406 -2.7950001e-21)
(0.015393823 -0.00028472543 -5.1123964e-21)
(0.015391873 -0.00023368397 0)
(0.015384489 -0.00019017478 -3.6439037e-24)
(0.015365045 -0.00014770235 3.2913931e-18)
(0.015356573 -0.00012213634 2.7737639e-18)
(0.01501574 -0.0019201594 4.7658173e-22)
(0.015206987 -0.0016122035 -3.7222563e-19)
(0.015338733 -0.0013501103 -4.1551356e-19)
(0.015426533 -0.0011322971 1.7309865e-21)
(0.015482142 -0.00095346809 0)
(0.015512649 -0.00080621556 2.8944951e-23)
(0.015526901 -0.00068343657 -2.9039433e-23)
(0.015531424 -0.00057930365 0)
(0.015530379 -0.00048990774 -3.3882597e-21)
(0.015525526 -0.00041274728 4.3805477e-22)
(0.015517079 -0.00034605678 5.0408935e-21)
(0.015504227 -0.00028797553 -1.8388369e-23)
(0.015487207 -0.00023809989 0)
(0.015462024 -0.00019091446 -3.6387534e-18)
(0.01544467 -0.00016046971 -3.0456097e-18)
(0.015304673 -0.0017665902 -3.785784e-22)
(0.015442668 -0.0015610915 5.6762669e-22)
(0.015533251 -0.0013650471 1.3235073e-21)
(0.015589962 -0.0011879804 -1.3760999e-21)
(0.015624377 -0.001032021 -3.6504299e-23)
(0.015643524 -0.0008946703 0)
(0.015652595 -0.00077292994 -3.6898192e-23)
(0.015654169 -0.0006654828 1.0847386e-21)
(0.01565027 -0.00057058449 -2.3941538e-24)
(0.015641879 -0.00048758766 2.4100036e-21)
(0.015628579 -0.00041511208 -2.2626798e-21)
(0.015610738 -0.00035183022 0)
(0.015589076 -0.0002964953 0)
(0.01556237 -0.00024603593 1.460627e-21)
(0.015539879 -0.00020840597 0)
(0.01542347 -0.0014205499 0)
(0.015507394 -0.0013048708 6.9437173e-23)
(0.015568949 -0.0011846441 -2.3800398e-22)
(0.015614129 -0.0010688956 3.0202637e-22)
(0.0156477 -0.00096001494 3.6373241e-22)
(0.015671482 -0.00085869502 -3.0008171e-23)
(0.015685861 -0.00076525865 0)
(0.015693556 -0.00067888834 -1.2133176e-21)
(0.015693121 -0.00059903466 -9.3438136e-22)
(0.015687916 -0.00052680789 0)
(0.015677394 -0.00046130658 0)
(0.015663141 -0.00040170922 9.2720786e-22)
(0.015645962 -0.0003476475 -9.0948934e-22)
(0.015625835 -0.00029832778 -3.1901538e-22)
(0.015606495 -0.00025584214 8.6341878e-22)
(0.015409219 -0.0010044247 0)
(0.015454335 -0.00095208987 -2.5446543e-23)
(0.015493573 -0.0008945235 1.33832e-22)
(0.01552685 -0.00083609218 -2.0821074e-22)
(0.015554408 -0.00077772666 -2.1186264e-22)
(0.015576529 -0.00071990876 0)
(0.015593703 -0.0006630064 0)
(0.015606219 -0.00060741129 3.0570769e-22)
(0.015614734 -0.00055369563 6.4395605e-22)
(0.015619481 -0.00050181666 -5.5229846e-23)
(0.015621076 -0.00045215267 -2.6852951e-22)
(0.015620115 -0.00040502495 -6.8414242e-22)
(0.015616857 -0.00036111942 6.798613e-22)
(0.015611803 -0.00032005852 -2.8703939e-22)
(0.015605245 -0.00028057906 -6.3289511e-22)
(0.015355436 -0.00064596482 3.6469917e-23)
(0.015377156 -0.00062504524 -1.6502966e-23)
(0.015398374 -0.00060069504 3.5640436e-23)
(0.015418316 -0.00057482411 -2.7110486e-23)
(0.015436666 -0.00054780994 -3.2179632e-23)
(0.015453458 -0.00051986452 6.7610078e-24)
(0.015468709 -0.00049119563 2.599694e-23)
(0.015482405 -0.00046200218 1.7360614e-24)
(0.015494537 -0.00043249609 0)
(0.015505129 -0.00040290601 1.3559907e-23)
(0.015514218 -0.0003734526 2.1837526e-22)
(0.015521843 -0.00034432066 -4.2453432e-23)
(0.01552809 -0.00031564048 2.4220538e-23)
(0.015533228 -0.00028752957 -2.7065794e-22)
(0.01553659 -0.00025997654 1.621878e-23)
(0.015307306 -0.00038587323 -4.8756594e-23)
(0.015317247 -0.0003782871 -1.5151606e-23)
(0.015327706 -0.00036908275 0)
(0.015338222 -0.00035905645 0)
(0.015348592 -0.00034831791 -9.9801336e-23)
(0.015358815 -0.00033689487 2.0571917e-22)
(0.015368869 -0.00032480768 -3.207222e-23)
(0.015378705 -0.00031208125 4.6461799e-23)
(0.015388269 -0.00029874756 -1.7652037e-22)
(0.015397518 -0.00028484316 1.6388462e-22)
(0.015406417 -0.00027040844 -8.0541154e-23)
(0.015414937 -0.00025548908 0)
(0.015423057 -0.00024013784 0)
(0.015430822 -0.00022440476 0)
(0.015437767 -0.0002082878 0)
(0.015260564 -0.0001947119 1.404426e-23)
(0.015264925 -0.00019234575 -6.1156129e-23)
(0.015269862 -0.00018933594 8.4668665e-23)
(0.015275078 -0.00018599817 -1.6813366e-22)
(0.015280443 -0.00018236025 3.9171988e-22)
(0.015285988 -0.0001784142 -1.819795e-22)
(0.015291731 -0.00017414829 2.4229206e-23)
(0.015297665 -0.00016955242 -3.5555658e-23)
(0.015303779 -0.0001646193 0)
(0.015310065 -0.00015934513 -1.8109064e-22)
(0.015316511 -0.00015373031 1.9071572e-22)
(0.015323109 -0.00014778024 -2.2975291e-22)
(0.015329842 -0.00014150577 1.8757836e-22)
(0.015336715 -0.00013492373 -8.5747437e-23)
(0.015343546 -0.00012804456 8.7478464e-23)
(0.015169887 -5.5681439e-05 -9.2777076e-24)
(0.015172282 -5.5186601e-05 0)
(0.015175097 -5.4526451e-05 2.3292516e-22)
(0.015178128 -5.3788303e-05 -4.873874e-22)
(0.015181309 -5.2977466e-05 2.4025747e-22)
(0.01518467 -5.209031e-05 0)
(0.015188234 -5.1122407e-05 -1.5121159e-23)
(0.015192005 -5.0069863e-05 0)
(0.015195986 -4.8929508e-05 0)
(0.015200181 -4.7699051e-05 0)
(0.015204594 -4.6377374e-05 5.6851107e-22)
(0.015209226 -4.4965036e-05 -5.65014e-22)
(0.015214076 -4.3465543e-05 0)
(0.015219123 -4.1893353e-05 0)
(0.015224536 -4.0288717e-05 0)
(0.015297045 -6.606568e-05 0)
(0.015198597 -2.8886399e-05 0)
(0.015105067 9.3650945e-06 0)
(0.01500519 4.4199252e-05 0)
(0.014900427 7.314268e-05 0)
(0.014795005 9.6502706e-05 0)
(0.014691043 0.00011385258 0)
(0.014591354 0.00012600499 0)
(0.014499373 0.00013277732 0)
(0.014416426 0.00013553236 0)
(0.014345633 0.00013241444 0)
(0.014284426 0.0001299103 0)
(0.014239903 0.00011592594 0)
(0.014203889 0.00012130798 0)
(0.014178316 7.898426e-05 0)
(0.015390003 -0.00010296971 0)
(0.015305024 -6.4590056e-05 0)
(0.015220222 -2.4826571e-05 0)
(0.015128595 1.2450092e-05 0)
(0.01503037 4.4295728e-05 0)
(0.014929141 7.0898752e-05 0)
(0.014826976 9.1740827e-05 0)
(0.014726695 0.00010750168 0)
(0.0146319 0.00011778368 0)
(0.014544249 0.00012375543 0)
(0.01446696 0.00012346069 0)
(0.014398236 0.00012338302 0)
(0.01434452 0.00011158057 -3.7012539e-19)
(0.014300842 0.00011804883 -3.6014446e-19)
(0.014262895 7.7840206e-05 0)
(0.015495949 -0.00015434382 0)
(0.015432452 -0.00011398292 0)
(0.015363398 -7.3664238e-05 0)
(0.015287021 -3.4396889e-05 0)
(0.01520233 6.5098757e-07 0)
(0.015111547 3.1008081e-05 0)
(0.015016455 5.6311358e-05 0)
(0.014919696 7.7019839e-05 0)
(0.014824886 9.2371326e-05 0)
(0.014733981 0.00010309683 0)
(0.014650182 0.00010725077 0)
(0.014572805 0.00011085662 0)
(0.014507266 0.00010296165 5.3587847e-19)
(0.014452874 0.0001110771 5.2917914e-19)
(0.014397474 7.5045311e-05 0)
(0.015579991 -0.00021030674 0)
(0.015545299 -0.00017201495 0)
(0.015501913 -0.00013350869 0)
(0.015450674 -9.4900593e-05 0)
(0.015390519 -5.8406481e-05 0)
(0.015321622 -2.5450186e-05 0)
(0.015244886 3.7557182e-06 0)
(0.015162252 2.9687525e-05 0)
(0.015076824 5.1068756e-05 0)
(0.014990348 6.7834851e-05 0)
(0.014905549 7.8293015e-05 0)
(0.014822983 8.7038509e-05 0)
(0.014746797 8.5651149e-05 0)
(0.014680691 9.5752846e-05 0)
(0.014603861 6.882291e-05 0)
(0.015598234 -0.00024493286 0)
(0.015588759 -0.00021395607 0)
(0.015573648 -0.00018201888 0)
(0.015551867 -0.00014890153 0)
(0.015523105 -0.00011673439 0)
(0.015487456 -8.7776384e-05 0)
(0.015445049 -6.014734e-05 0)
(0.015393267 -3.2414296e-05 0)
(0.015335015 -7.1962256e-06 0)
(0.015270823 1.4559915e-05 0)
(0.015201885 3.1474143e-05 0)
(0.015129083 4.5891093e-05 0)
(0.015054845 5.2981964e-05 0)
(0.014986765 6.4698267e-05 0)
(0.014894671 5.3551807e-05 0)
(0.015540378 -0.00023693706 0)
(0.015545128 -0.00021660187 0)
(0.01554756 -0.00019593285 0)
(0.015546011 -0.00017366805 0)
(0.015541039 -0.00014929533 0)
(0.015532578 -0.00012485889 0)
(0.015519415 -0.00010029497 0)
(0.015501834 -7.6498973e-05 0)
(0.015479905 -5.4254225e-05 0)
(0.015452253 -3.4915002e-05 0)
(0.015420448 -1.9255319e-05 0)
(0.015382668 -5.7527315e-06 0)
(0.015339045 5.0415189e-06 0)
(0.015294305 1.6075521e-05 0)
(0.0152198 2.1453367e-05 0)
(0.015445 -0.00019497374 0)
(0.015453309 -0.0001828733 0)
(0.015461238 -0.00016956637 0)
(0.015468266 -0.00015509752 0)
(0.015474305 -0.00013959123 0)
(0.015479076 -0.00012343906 0)
(0.015482168 -0.00010728602 0)
(0.015483328 -9.1689602e-05 0)
(0.015481087 -7.5725462e-05 0)
(0.015477268 -5.96187e-05 0)
(0.015470305 -4.4794924e-05 0)
(0.015460101 -3.1264053e-05 0)
(0.015448652 -2.0315036e-05 0)
(0.015436026 -1.2735244e-05 0)
(0.015413487 -5.6118222e-06 0)
(0.015350322 -0.00012226903 0)
(0.01535784 -0.00011701603 0)
(0.015365633 -0.00011104791 0)
(0.015373446 -0.00010425824 0)
(0.015381318 -9.6618268e-05 0)
(0.015389124 -8.815465e-05 8.8482726e-35)
(0.015396646 -7.8949584e-05 -9.2195062e-35)
(0.015403739 -6.9182164e-05 0)
(0.015410271 -5.9116089e-05 0)
(0.015415994 -4.9081713e-05 0)
(0.015420748 -3.9749481e-05 0)
(0.015424364 -3.1859974e-05 0)
(0.01542681 -2.5657948e-05 0)
(0.015427646 -2.1176788e-05 0)
(0.015426127 -1.5515042e-05 0)
(0.015229341 -3.8641379e-05 0)
(0.015235059 -3.7230137e-05 0)
(0.01524093 -3.5620495e-05 0)
(0.015247124 -3.3766503e-05 0)
(0.015253771 -3.165269e-05 0)
(0.015260781 -2.9271924e-05 0)
(0.015268007 -2.663136e-05 0)
(0.015275306 -2.3756576e-05 0)
(0.015282515 -2.0686625e-05 0)
(0.015289436 -1.7485661e-05 0)
(0.01529586 -1.4254444e-05 0)
(0.015301636 -1.1103392e-05 0)
(0.01530679 -8.2099532e-06 0)
(0.015311154 -6.0879099e-06 0)
(0.015316748 -4.6244327e-06 0)
)
;

boundaryField
{
    inlet
    {
        type            fixedValue;
        value           uniform (0.015 0 0);
    }
    outlet
    {
        type            zeroGradient;
    }
    cylinder
    {
        type            noSlip;
    }
    frontAndBack
    {
        type            empty;
    }
}


// ************************************************************************* //
