/*--------------------------------*- C++ -*----------------------------------*\
  =========                 |
  \\      /  F ield         | OpenFOAM: The Open Source CFD Toolbox
   \\    /   O peration     | Website:  https://openfoam.org
    \\  /    A nd           | Version:  14
     \\/     M anipulation  |
\*---------------------------------------------------------------------------*/
FoamFile
{
    format      ascii;
    class       volVectorField;
    location    "2000";
    object      U;
}
// * * * * * * * * * * * * * * * * * * * * * * * * * * * * * * * * * * * * * //

dimensions      [0 1 -1 0 0 0 0];

internalField   nonuniform List<vector> 
5388
(
(2.3569523e-09 -8.6082266e-08 0)
(1.6439262e-08 -2.7490655e-07 0)
(4.6555237e-08 -5.0089361e-07 0)
(1.0327386e-07 -7.7115947e-07 -1.2629733e-25)
(1.997288e-07 -1.094244e-06 1.4157613e-27)
(3.5589926e-07 -1.4802152e-06 1.8087521e-25)
(6.0096057e-07 -1.9409116e-06 0)
(9.7703576e-07 -2.4901946e-06 2.5564129e-25)
(1.5446253e-06 -3.1442042e-06 -9.63162e-28)
(2.3901847e-06 -3.921606e-06 -3.4882086e-25)
(3.6365623e-06 -4.8438052e-06 0)
(5.4572558e-06 -5.9350925e-06 0)
(8.0956563e-06 -7.2226677e-06 0)
(1.1890643e-05 -8.7364715e-06 6.6821336e-25)
(1.7309998e-05 -1.0508729e-05 -7.7225218e-25)
(2.4993043e-05 -1.2573085e-05 2.1746009e-25)
(3.5803445e-05 -1.4963202e-05 -1.927274e-24)
(5.0892167e-05 -1.7710662e-05 1.0791551e-24)
(7.1768635e-05 -2.0842077e-05 3.5418922e-20)
(0.00010037533 -2.4375338e-05 -4.0086574e-20)
(0.00013915682 -2.83151e-05 0)
(0.00019110947 -3.2647803e-05 0)
(0.00025979288 -3.7336787e-05 0)
(0.00034928126 -4.2318391e-05 -8.9550785e-24)
(0.00046403388 -4.7500107e-05 4.297414e-20)
(0.00060867143 -5.2761884e-05 -4.1304504e-20)
(0.00078766109 -5.7961326e-05 0)
(0.0010049344 -6.2942827e-05 -2.9437353e-24)
(0.0012634845 -6.7549662e-05 2.4174136e-23)
(0.0015650053 -7.1637291e-05 3.7309015e-23)
(0.0019096374 -7.5085253e-05 8.7316438e-21)
(0.002295846 -7.7807095e-05 8.7763633e-21)
(0.002720551 -7.9753077e-05 -3.8879709e-23)
(0.0031791147 -8.0914205e-05 -8.6944683e-23)
(0.0036664216 -8.1290403e-05 -4.0959595e-24)
(0.0041746686 -8.0974279e-05 -1.1356284e-22)
(0.0047017362 -7.9934086e-05 5.8243868e-24)
(0.0052290252 -7.8332837e-05 1.6263629e-22)
(0.0057779803 -7.7263242e-05 -2.6918212e-22)
(1.8306556e-08 -2.6036289e-07 -1.9334712e-28)
(6.7396326e-08 -8.3140085e-07 0)
(1.394602e-07 -1.5147097e-06 8.045248e-28)
(2.464259e-07 -2.3319608e-06 -4.808777e-28)
(4.0306568e-07 -3.3090059e-06 -1.148463e-27)
(6.3130637e-07 -4.4763269e-06 2.739163e-27)
(9.6263881e-07 -5.8697716e-06 0)
(1.441934e-06 -7.5313169e-06 -9.9236723e-25)
(2.132946e-06 -9.5098424e-06 3.7474406e-27)
(3.1259704e-06 -1.1861874e-05 -2.7392109e-26)
(4.5483724e-06 -1.4652227e-05 1.6494966e-24)
(6.5789367e-06 -1.7954433e-05 6.035557e-26)
(9.467206e-06 -2.1850802e-05 0)
(1.3559158e-05 -2.643189e-05 -2.4377552e-24)
(1.9330681e-05 -3.1795101e-05 3.0093686e-24)
(2.7430214e-05 -3.8042052e-05 2.1202691e-25)
(3.8731491e-05 -4.527431e-05 9.4780553e-25)
(5.4396297e-05 -5.3587055e-05 1.0408411e-24)
(7.5945296e-05 -6.3060322e-05 3.7699009e-20)
(0.00010533206 -7.3747674e-05 -3.8242503e-20)
(0.0001450114 -8.5662564e-05 0)
(0.00019798804 -9.876328e-05 -4.0234726e-21)
(0.00026782704 -0.00011293822 -4.069259e-21)
(0.00035860412 -0.00012799413 1.7842701e-25)
(0.00047477529 -0.00014365054 1.6724611e-23)
(0.000620953 -0.00015954383 -4.151295e-25)
(0.00080159163 -0.00017524295 -3.4682986e-23)
(0.0010206069 -0.00019027708 -4.9063261e-23)
(0.0012809754 -0.00020417223 7.6943621e-21)
(0.0015843767 -0.00021649136 7.5450049e-21)
(0.0019309417 -0.00022687029 -8.4845482e-21)
(0.0023191336 -0.00023504763 -9.2790605e-21)
(0.0027458801 -0.00024087353 7.2881737e-23)
(0.003206565 -0.00024431951 9.1364694e-23)
(0.0036960978 -0.00024538736 -1.4271817e-22)
(0.0042067112 -0.00024435073 1.0337136e-22)
(0.0047364037 -0.00024111881 -4.2313992e-22)
(0.005266184 -0.00023619287 -1.480071e-22)
(0.0058194122 -0.00023280123 2.733897e-22)
(5.1567306e-08 -4.3889959e-07 7.7336898e-32)
(1.7368127e-07 -1.4014958e-06 -6.6807079e-25)
(3.3327985e-07 -2.5533135e-06 7.9975172e-25)
(5.4515294e-07 -3.9309274e-06 -5.2665003e-23)
(8.2751913e-07 -5.5779197e-06 2.7470582e-23)
(1.206407e-06 -7.5456794e-06 -1.3647739e-24)
(1.7181892e-06 -9.8946399e-06 6.3314073e-27)
(2.413535e-06 -1.2695564e-05 0)
(3.3630655e-06 -1.6030841e-05 -2.3031752e-24)
(4.6651825e-06 -1.9995737e-05 2.7359046e-24)
(6.4567787e-06 -2.4699459e-05 0)
(8.9277784e-06 -3.026586e-05 3.5675987e-24)
(1.234066e-05 -3.6833509e-05 -4.6717505e-24)
(1.7056296e-05 -4.455476e-05 -4.9030796e-24)
(2.3567529e-05 -5.359334e-05 5.8640957e-24)
(3.2541823e-05 -6.4119865e-05 -7.0043361e-24)
(4.4873852e-05 -7.6304595e-05 6.5397507e-24)
(6.1747862e-05 -9.0306708e-05 -8.0982412e-24)
(8.4707785e-05 -0.00010625953 1.1088519e-23)
(0.00011573016 -0.00012425143 -9.1834466e-24)
(0.00015729085 -0.00014430292 1.9116677e-23)
(0.00021241183 -0.00016634135 3.1814607e-21)
(0.00028466928 -0.00019017627 4.8842005e-21)
(0.00037814173 -0.00021547975 1.7598193e-23)
(0.00049727807 -0.00024177732 -1.7220872e-23)
(0.00064667315 -0.00026845494 -3.5924165e-20)
(0.00083075436 -0.00029478571 5.2624615e-20)
(0.001053404 -0.0003199765 4.9831664e-23)
(0.001317564 -0.00034322947 -3.1172129e-19)
(0.0016248834 -0.00036380941 5.0406587e-19)
(0.0019754731 -0.00038110388 -1.7557865e-23)
(0.0023677913 -0.00039467335 -1.1491391e-22)
(0.0027987818 -0.0004042674 -2.2072994e-22)
(0.003263872 -0.00040983463 2.2545197e-23)
(0.0037580246 -0.00041138225 -1.0886296e-22)
(0.0042735423 -0.0004093566 -5.4784504e-22)
(0.0048086688 -0.00040360223 4.3638138e-22)
(0.0053436076 -0.00039503567 7.3795007e-22)
(0.0059056472 -0.00038857943 -3.9026773e-23)
(1.0380529e-07 -6.21373e-07 -3.7225641e-25)
(3.4061349e-07 -1.9841374e-06 6.4851869e-25)
(6.3770287e-07 -3.6147224e-06 7.7401768e-25)
(1.0143637e-06 -5.5648966e-06 -4.2060842e-23)
(1.4942314e-06 -7.8963161e-06 8.4756883e-23)
(2.1097829e-06 -1.0681671e-05 -1.3187129e-24)
(2.905066e-06 -1.4006431e-05 -1.4887229e-26)
(3.9398655e-06 -1.7970649e-05 1.8587196e-24)
(5.2955976e-06 -2.2690791e-05 -1.7328221e-26)
(7.083403e-06 -2.8301473e-05 -2.6243906e-24)
(9.4551402e-06 -3.4956952e-05 3.1100173e-24)
(1.2618218e-05 -4.2832077e-05 -3.5215301e-24)
(1.68554e-05 -5.2122341e-05 4.5401714e-24)
(2.2550878e-05 -6.3042493e-05 -6.177024e-25)
(3.0224e-05 -7.582304e-05 -1.1312455e-23)
(4.0571912e-05 -9.0703811e-05 1.2997168e-23)
(5.4521881e-05 -0.00010792359 1.810166e-24)
(7.3293034e-05 -0.00012770484 -1.9854115e-23)
(9.8465341e-05 -0.00015023277 1.3139867e-23)
(0.00013205078 -0.00017562829 -1.8099197e-23)
(0.00017655765 -0.00020391569 3.749162e-20)
(0.00023503417 -0.00023498712 -5.2143798e-20)
(0.00031107324 -0.00026856803 0)
(0.00040875709 -0.00030418983 -1.7607054e-23)
(0.00053252281 -0.00034117761 5.0266313e-23)
(0.00068693711 -0.00037866041 -5.5255616e-20)
(0.0008763847 -0.00041560941 3.468036e-20)
(0.0011046955 -0.00045090387 0)
(0.0013747565 -0.00048341787 -5.4558871e-19)
(0.0016881693 -0.00051211484 2.9182105e-19)
(0.0020450128 -0.00053613157 0)
(0.0024437367 -0.00055484906 1.1729497e-22)
(0.0028813089 -0.00056791762 2.0146266e-22)
(0.0033532228 -0.00057525889 0)
(0.0038545226 -0.0005768871 2.9284798e-22)
(0.004377615 -0.00057341533 4.390337e-22)
(0.0049211124 -0.000564584 8.8571348e-22)
(0.0054640026 -0.00055192176 -7.9495152e-22)
(0.0060394938 -0.00054113097 7.9360549e-23)
(1.7685649e-07 -8.0709244e-07 -7.2213355e-25)
(5.7404935e-07 -2.5771092e-06 0)
(1.0633888e-06 -4.6948726e-06 1.5024425e-24)
(1.67045e-06 -7.2275714e-06 -1.7961166e-24)
(2.4264314e-06 -1.0255192e-05 0)
(3.3728102e-06 -1.3872013e-05 0)
(4.5643431e-06 -1.8188853e-05 3.0704826e-24)
(6.073529e-06 -2.3335395e-05 -7.2430236e-24)
(7.9968337e-06 -2.9462528e-05 4.7797949e-26)
(1.0463148e-05 -3.6744568e-05 5.111702e-24)
(1.3645171e-05 -4.5381131e-05 -6.007533e-24)
(1.777464e-05 -5.5598308e-05 1.4155586e-23)
(2.3162513e-05 -6.764863e-05 -8.3023638e-24)
(3.0225358e-05 -8.1809159e-05 -9.2687108e-24)
(3.951926e-05 -9.837681e-05 -5.8465327e-25)
(5.1782416e-05 -0.00011765982 1.4236979e-23)
(6.7987054e-05 -0.00013996415 -1.5822527e-23)
(8.9400263e-05 -0.0001655735 1.5775843e-23)
(0.00011765137 -0.000194722 1.028402e-26)
(0.00015480066 -0.00022755919 -8.8200379e-24)
(0.00020340033 -0.00026410823 4.9635695e-20)
(0.00026653383 -0.00030422015 -3.8413145e-20)
(0.00034781587 -0.00034752971 0)
(0.00045133251 -0.00039342076 0)
(0.0005815032 -0.00044101116 6.7453894e-23)
(0.00074285456 -0.00048916711 -6.2321801e-23)
(0.00093971131 -0.00053655316 8.5677502e-23)
(0.00117583 -0.00058171791 7.5631856e-23)
(0.0014540213 -0.00062320591 4.3327139e-23)
(0.0017758206 -0.00065967892 -1.2044327e-22)
(0.0021412619 -0.00069002288 -1.0204128e-22)
(0.0025487802 -0.00071344017 -1.7404393e-22)
(0.0029953761 -0.00072948548 0)
(0.0034766299 -0.00073804895 4.3100999e-22)
(0.0039876945 -0.00073915132 4.4227174e-22)
(0.0045211133 -0.00073356939 6.7956661e-23)
(0.0050759725 -0.00072086603 -9.4749181e-22)
(0.0056296706 -0.00070349655 9.7432023e-23)
(0.0062231788 -0.00068652867 -1.1238345e-21)
(2.7274695e-07 -9.951684e-07 6.9965559e-25)
(8.8045211e-07 -3.1775546e-06 3.4931782e-29)
(1.6221016e-06 -5.7885249e-06 -1.4579166e-24)
(2.5315023e-06 -8.9108251e-06 -1.7402392e-24)
(3.6497533e-06 -1.2642913e-05 2.0813527e-24)
(5.0301077e-06 -1.7100803e-05 -2.4787713e-24)
(6.7413256e-06 -2.2420803e-05 5.9015241e-24)
(8.8725183e-06 -2.8762346e-05 -3.5223803e-24)
(1.1539801e-05 -3.6310825e-05 -4.1695981e-24)
(1.4895215e-05 -4.5280262e-05 1.9776367e-26)
(1.9138614e-05 -5.5915534e-05 5.8540892e-24)
(2.4533391e-05 -6.8493697e-05 0)
(3.1427137e-05 -8.3323803e-05 0)
(4.0278411e-05 -0.00010074436 -9.2940488e-24)
(5.1690851e-05 -0.00012111737 1.1477212e-23)
(6.6455657e-05 -0.00014481755 -3.0639603e-24)
(8.5602949e-05 -0.00017221534 1.0257861e-23)
(0.00011046134 -0.00020365208 3.5762735e-24)
(0.00014272321 -0.00023940624 -1.2621577e-23)
(0.00018451018 -0.00027965025 2.6135328e-23)
(0.00023842969 -0.00032439936 -3.7317132e-23)
(0.00030760892 -0.00037345593 -3.680066e-23)
(0.0003956887 -0.00042635603 3.7693442e-23)
(0.00050675776 -0.0004823281 0)
(0.00064521058 -0.00054027598 -1.008125e-22)
(0.00081551999 -0.0005987978 3.2615748e-23)
(0.0010219314 -0.00065624858 -1.1449383e-22)
(0.0012681054 -0.00071084585 0)
(0.001556753 -0.00076080647 4.3853464e-23)
(0.0018893231 -0.00080449366 -4.1854475e-23)
(0.0022657904 -0.00084054497 0)
(0.0026845669 -0.0008679876 2.4157366e-22)
(0.0031426924 -0.00088628783 4.1234572e-22)
(0.0036358537 -0.00089529901 4.3407541e-22)
(0.0041593354 -0.00089504664 -8.5502993e-23)
(0.0047058483 -0.00088646928 0)
(0.0052750257 -0.00086885377 1.0174438e-22)
(0.0058423698 -0.00084599167 1.2067068e-21)
(0.0064581799 -0.00082045106 2.4358296e-21)
(3.9367346e-07 -1.1843642e-06 0)
(1.2668264e-06 -3.7815124e-06 -1.1536151e-27)
(2.3265842e-06 -6.8884333e-06 1.3767781e-27)
(3.6171037e-06 -1.0603451e-05 -1.6825035e-24)
(5.1919257e-06 -1.5043492e-05 2.0241692e-24)
(7.1190907e-06 -2.0346273e-05 0)
(9.4849281e-06 -2.6673517e-05 0)
(1.2399373e-05 -3.4214264e-05 6.5611252e-21)
(1.6003143e-05 -4.3188165e-05 -8.2914234e-21)
(2.0477234e-05 -5.3848564e-05 0)
(2.6055401e-05 -6.6485003e-05 0)
(3.3040503e-05 -8.1424636e-05 -1.3067771e-23)
(4.182571e-05 -9.9031785e-05 1.5634311e-23)
(5.2921709e-05 -0.00011970466 1.8603312e-23)
(6.6991013e-05 -0.00014386794 -2.2294601e-23)
(8.4890253e-05 -0.00017195964 1.4922307e-24)
(0.00010772075 -0.00020441051 3.3641411e-24)
(0.00013688646 -0.00024161427 0)
(0.00017415654 -0.00028388719 3.0526339e-20)
(0.00022172675 -0.00033141697 -4.8479942e-20)
(0.00028227062 -0.00038420225 -1.8063831e-23)
(0.00035896662 -0.00044198741 0)
(0.00045548468 -0.00050420046 -3.602017e-23)
(0.00057591346 -0.00056990595 3.6358574e-23)
(0.00072461317 -0.00063778691 0)
(0.00090598702 -0.00070616937 -2.6849415e-20)
(0.0011241799 -0.00077309816 7.1736795e-20)
(0.0013827314 -0.00083646247 -5.351558e-23)
(0.001684228 -0.00089415721 8.8321614e-23)
(0.0020300107 -0.00094425417 -8.4439381e-23)
(0.0024199783 -0.00098514763 0)
(0.0028525078 -0.0010156959 -4.8414533e-22)
(0.0033246825 -0.0010352897 -3.209474e-22)
(0.0038323133 -0.0010437392 -7.3081366e-22)
(0.0043708316 -0.0010410724 -6.9473009e-22)
(0.004933143 -0.0010283876 1.2173503e-22)
(0.0055194566 -0.0010045829 8.8175127e-23)
(0.0061031647 -0.00097526303 -1.8732751e-21)
(0.0067450534 -0.00093825421 1.3940998e-22)
(5.4198782e-07 -1.3730498e-06 -1.31337e-24)
(1.7406684e-06 -4.383765e-06 0)
(3.1904673e-06 -7.9850628e-06 -2.7324166e-24)
(4.9481907e-06 -1.2290718e-05 6.5320334e-24)
(7.0825743e-06 -1.7435935e-05 -7.8160032e-24)
(9.6797022e-06 -2.3579882e-05 4.6491292e-24)
(1.2847321e-05 -3.0909351e-05 0)
(1.672072e-05 -3.9642513e-05 6.7668008e-21)
(2.1470531e-05 -5.003264e-05 -7.5998236e-21)
(2.7312898e-05 -6.2371526e-05 -9.3349241e-24)
(3.4522666e-05 -7.6992208e-05 5.492075e-26)
(4.3450416e-05 -9.4270363e-05 2.559084e-23)
(5.4544304e-05 -0.00011462349 -3.0663606e-23)
(6.837773e-05 -0.00013850675 1.6538511e-23)
(8.5683806e-05 -0.00016640391 2.2695959e-23)
(0.00010739733 -0.00019881168 -2.3296487e-23)
(0.00013470431 -0.00023621538 2.5950635e-23)
(0.00016909783 -0.00027905399 -7.7361555e-24)
(0.00021243723 -0.00032767322 4.262169e-20)
(0.00026700462 -0.0003822663 -3.1745842e-20)
(0.00033554941 -0.00044280467 1.7842358e-23)
(0.00042130751 -0.00050896365 4.2414375e-25)
(0.00052797909 -0.00058005268 1.0818166e-22)
(0.00065964784 -0.00065496341 6.7236958e-23)
(0.00082062801 -0.00073215177 -1.357485e-22)
(0.001015235 -0.00080966928 -7.1816994e-20)
(0.0012474893 -0.00088525255 2.3813483e-20)
(0.001520783 -0.00095646905 2.055973e-22)
(0.0018375508 -0.0010209021 0)
(0.0021990035 -0.0010763436 -7.7861983e-23)
(0.0026049452 -0.0011209522 4.2354311e-22)
(0.0030537009 -0.0011534267 4.2818126e-22)
(0.0035423973 -0.0011731051 -4.1969712e-22)
(0.0040669857 -0.0011797437 0)
(0.0046230484 -0.0011733734 -4.6641114e-22)
(0.0052037057 -0.0011552485 -1.8038359e-23)
(0.0058097174 -0.0011237647 -1.1916647e-22)
(0.006412267 -0.0010868519 6.8357841e-20)
(0.0070832604 -0.0010350686 7.3715542e-19)
(7.2014766e-07 -1.5590874e-06 -2.5397811e-24)
(2.3098086e-06 -4.9774763e-06 2.2099466e-24)
(4.2279817e-06 -9.0659338e-06 0)
(6.5466078e-06 -1.3953368e-05 -3.0897409e-27)
(9.3525865e-06 -1.9792843e-05 7.3798247e-27)
(1.2753549e-05 -2.6764445e-05 1.7572897e-26)
(1.6882789e-05 -3.5079353e-05 0)
(2.1905797e-05 -4.4984002e-05 4.983073e-26)
(2.8028783e-05 -5.6764158e-05 0)
(3.5509618e-05 -7.0748621e-05 -8.9573573e-24)
(4.467182e-05 -8.7312068e-05 2.1206985e-23)
(5.5922365e-05 -0.00010687631 -1.2515184e-23)
(6.9774202e-05 -0.00012990896 2.3101342e-27)
(8.687438e-05 -0.00015691823 5.3256022e-25)
(0.00010803861 -0.0001884421 -2.4535353e-24)
(0.00013429271 -0.00022502985 1.9521551e-23)
(0.00016692079 -0.00026721389 -2.5566714e-23)
(0.00020751847 -0.00031546954 4.6473614e-26)
(0.00025804803 -0.0003701615 -3.0639525e-23)
(0.00032088899 -0.00043147689 -1.5370192e-23)
(0.00039887484 -0.00049934742 1.9538565e-24)
(0.00049530306 -0.00057336687 3.6819698e-23)
(0.00061390284 -0.00065271456 -3.5581142e-23)
(0.0007587452 -0.00073610012 -7.0154815e-23)
(0.00093408399 -0.0008217471 -6.4397083e-23)
(0.0011441257 -0.00090743214 1.2487002e-22)
(0.0013927405 -0.00099058908 5.4497808e-23)
(0.0016831436 -0.0010684746 9.7424353e-23)
(0.0020175892 -0.0011383762 -9.6195341e-23)
(0.0023971348 -0.0011978233 3.2283671e-22)
(0.0028214687 -0.0012447485 -2.8596731e-22)
(0.0032888408 -0.0012777033 -6.0692442e-22)
(0.0037964125 -0.00129601 6.4149753e-22)
(0.0043402941 -0.0012993537 -9.7231384e-23)
(0.0049162064 -0.0012877738 6.2410913e-22)
(0.0055174942 -0.0012626769 7.9910714e-22)
(0.0061453818 -0.0012218554 2.399054e-22)
(0.0067688743 -0.0011760747 -8.1062501e-19)
(0.0074710079 -0.0011059339 -3.3761302e-20)
(9.3064556e-07 -1.7397326e-06 -1.2267308e-24)
(2.9821848e-06 -5.5538751e-06 1.0446589e-27)
(5.453545e-06 -1.0115047e-05 2.5506828e-24)
(8.4344712e-06 -1.5566736e-05 -3.0496279e-24)
(1.2033207e-05 -2.2079155e-05 0)
(1.6382679e-05 -2.9852436e-05 -4.3495572e-24)
(2.1646125e-05 -3.9121058e-05 5.185185e-24)
(2.802439e-05 -5.0158356e-05 -6.2240059e-24)
(3.5765252e-05 -6.3280893e-05 1.4634802e-23)
(4.5175238e-05 -7.885235e-05 -8.6210957e-24)
(5.6634481e-05 -9.7286372e-05 0)
(7.0615371e-05 -0.00011904757 0)
(8.7705759e-05 -0.00014464953 4.4245612e-25)
(0.00010863751 -0.00017464835 -1.7385931e-23)
(0.00013432103 -0.00020962984 2.0285397e-23)
(0.00016588593 -0.00025018817 2.7265708e-24)
(0.00020472742 -0.00029689357 0)
(0.00025255643 -0.00035024684 -4.7513733e-23)
(0.00031144972 -0.00041061935 6.0839275e-23)
(0.00038389362 -0.00047817854 0)
(0.00047281184 -0.00055280228 -6.7228825e-23)
(0.00058156484 -0.00063398903 1.0615088e-22)
(0.00071390654 -0.00072077604 3.5354552e-23)
(0.0008738844 -0.00081168222 -6.746397e-23)
(0.0010656741 -0.00090469498 4.1833403e-24)
(0.0012933492 -0.00099731861 1.8650736e-22)
(0.0015606005 -0.0010866935 1.1129746e-22)
(0.0018704355 -0.0011697819 -3.0680958e-24)
(0.0022248968 -0.0012435977 0)
(0.0026248659 -0.0013054325 -6.4984392e-22)
(0.0030698911 -0.0013530066 1.361543e-22)
(0.0035581199 -0.0013847305 3.6699886e-22)
(0.0040867155 -0.0013999669 8.4398507e-22)
(0.0046519859 -0.0013983154 7.2361821e-22)
(0.0052497507 -0.0013798321 -1.2332836e-21)
(0.005873574 -0.001346071 2.3076351e-22)
(0.0065249954 -0.001294152 1.7220503e-21)
(0.0071710126 -0.0012381499 -5.4678789e-22)
(0.0079051325 -0.0011460166 2.4962019e-21)
(1.1758967e-06 -1.911516e-06 1.1822364e-24)
(3.7654851e-06 -6.1018801e-06 -4.1155492e-24)
(6.8811104e-06 -1.1112201e-05 4.9214505e-24)
(1.0633166e-05 -1.7099702e-05 -2.9401798e-24)
(1.5154619e-05 -2.4250683e-05 3.5083416e-24)
(2.0607657e-05 -3.2784029e-05 -8.3950731e-24)
(2.7190115e-05 -4.2955932e-05 4.9792891e-24)
(3.5143609e-05 -5.5064687e-05 5.976513e-24)
(4.4763768e-05 -6.9455267e-05 -7.0673455e-24)
(5.6412991e-05 -8.6523297e-05 1.2998456e-25)
(7.0536256e-05 -0.00010671779 1.5354558e-25)
(8.7680634e-05 -0.00013054175 3.6141067e-25)
(0.00010851917 -0.00015854932 0)
(0.00013387979 -0.00019133794 9.9500641e-25)
(0.00016477954 -0.00022953336 1.1397194e-24)
(0.00020246428 -0.00027376517 -2.6106424e-24)
(0.00024845265 -0.00032463035 2.9561421e-24)
(0.00030458245 -0.00038264252 0)
(0.00037305489 -0.00044816551 0)
(0.00045647033 -0.00052133192 0)
(0.00055784599 -0.00060195035 1.6496587e-23)
(0.00068060354 -0.00068940955 -1.0769659e-24)
(0.00082851365 -0.00078259282 -7.037601e-23)
(0.0010055855 -0.00087982086 0)
(0.0012158952 -0.00097884357 3.2152758e-22)
(0.001463356 -0.001076899 -2.4932671e-22)
(0.0017514481 -0.0011708483 -3.8762408e-24)
(0.0020829372 -0.0012573809 -2.0635543e-22)
(0.0024596214 -0.0013332674 -1.8617037e-22)
(0.002882186 -0.0013955983 1.5685782e-22)
(0.003350012 -0.0014419039 0)
(0.0038611202 -0.0014704121 -6.0525694e-22)
(0.0044125716 -0.0014806419 -1.5870082e-21)
(0.0050009986 -0.0014721363 -1.4667172e-23)
(0.0056222138 -0.0014449196 2.4868256e-21)
(0.0062699757 -0.0014007029 -1.0681254e-21)
(0.0069459303 -0.001335918 -1.7832404e-21)
(0.0076153788 -0.0012683621 -1.1996864e-21)
(0.0083810045 -0.001150929 -2.2440788e-21)
(1.4580886e-06 -2.07014e-06 2.2739744e-24)
(4.6666666e-06 -6.6077693e-06 -7.9179557e-24)
(8.5232913e-06 -1.2032397e-05 6.5930745e-27)
(1.3162001e-05 -1.851378e-05 3.6900036e-27)
(1.8744032e-05 -2.6252816e-05 6.7619496e-24)
(2.5464989e-05 -3.5485346e-05 1.5811345e-26)
(3.3562157e-05 -4.6487104e-05 1.8840603e-26)
(4.3323556e-05 -5.9578705e-05 0)
(5.5099165e-05 -7.5130335e-05 0)
(6.9314686e-05 -9.3565694e-05 -1.2618939e-25)
(8.6488343e-05 -0.00011536449 -1.6350055e-27)
(0.00010725127 -0.00014106246 1.081284e-20)
(0.00013237203 -0.00017124754 -1.5723647e-20)
(0.00016278567 -0.00020655042 3.1318904e-23)
(0.00019962756 -0.0002476272 -1.5109958e-24)
(0.00024427147 -0.00029513171 -3.8192962e-23)
(0.00029837082 -0.00034967484 4.2623894e-23)
(0.00036390026 -0.00041176852 -1.0898624e-22)
(0.00044319328 -0.00048175332 6.4106408e-23)
(0.00053896878 -0.00055971053 -6.0240278e-23)
(0.0006543374 -0.00064536339 4.9286385e-23)
(0.00079277633 -0.00073797654 1.322865e-22)
(0.00095806084 -0.00083626844 -1.3549292e-22)
(0.0011541429 -0.00093835621 0)
(0.0013849736 -0.0010417543 -2.5362035e-22)
(0.0016542755 -0.0011434452 2.4342e-22)
(0.0019652836 -0.0012400302 -2.2481852e-22)
(0.0023204864 -0.0013279536 2.9792629e-22)
(0.002721399 -0.0014037796 4.5565027e-22)
(0.0031684892 -0.0014644444 1.6861304e-22)
(0.003660938 -0.0015073267 0)
(0.004196552 -0.0015301775 1.1666344e-23)
(0.0047723303 -0.0015334185 8.555494e-22)
(0.0053853096 -0.0015161851 -1.7257935e-23)
(0.0060310771 -0.001478331 -2.1828349e-21)
(0.0067035581 -0.0014218486 -2.8360551e-22)
(0.0074042479 -0.001342536 0)
(0.0080971578 -0.0012622311 2.9864329e-23)
(0.0088919522 -0.0011167686 0)
(1.7789687e-06 -2.2103697e-06 2.1826904e-24)
(5.6912818e-06 -7.0548417e-06 -1.8404139e-27)
(1.0390138e-05 -1.2845226e-05 -4.5373504e-24)
(1.6036331e-05 -1.9762181e-05 5.4357599e-24)
(2.2823029e-05 -2.8019208e-05 6.2792155e-27)
(3.0983543e-05 -3.7866716e-05 7.71915e-24)
(4.0799594e-05 -4.9597104e-05 -9.221686e-24)
(5.2611374e-05 -6.3549862e-05 0)
(6.6829823e-05 -8.0116254e-05 1.298282e-23)
(8.3951462e-05 -9.9743107e-05 -1.5452304e-23)
(0.0001045762 -0.00012293492 -1.4317942e-25)
(0.00012942856 -0.00015025315 1.2388073e-20)
(0.00015938272 -0.00018231123 -1.175468e-20)
(0.0001954916 -0.00021976337 -9.2102955e-25)
(0.00023901978 -0.00026328471 0)
(0.00029147974 -0.00031354036 0)
(0.0003546694 -0.0003711405 0)
(0.00043070837 -0.00043657938 1.2328311e-23)
(0.00052206755 -0.00051015729 6.613633e-24)
(0.00063158557 -0.00059188708 -1.4572554e-23)
(0.00076246256 -0.00068139048 0)
(0.00091822114 -0.00077779454 -3.2653142e-23)
(0.0011026244 -0.00087964411 6.6132801e-23)
(0.0013195435 -0.00098485076 0)
(0.0015727753 -0.0010907002 1.2187533e-22)
(0.0018658178 -0.0011939358 -3.5782767e-22)
(0.0022016253 -0.0012909249 -1.0602775e-22)
(0.0025823724 -0.0013778994 -2.9455599e-22)
(0.0030092481 -0.0014512563 -3.6223476e-22)
(0.0034824575 -0.0015078033 0)
(0.0040008943 -0.00154472 -1.3313972e-22)
(0.0045621584 -0.0015608014 8.5065447e-22)
(0.0051643398 -0.0015542234 -4.2239714e-22)
(0.0058018208 -0.0015258981 -8.7785864e-22)
(0.0064726493 -0.0014754302 1.5736168e-21)
(0.0071698908 -0.0014049494 0)
(0.0078946034 -0.0013096874 0)
(0.0086099957 -0.0012156861 1.5607724e-21)
(0.0094297518 -0.0010402269 0)
(2.1395804e-06 -2.3260117e-06 8.8853253e-30)
(6.842717e-06 -7.423251e-06 1.785786e-27)
(1.24877e-05 -1.3514601e-05 0)
(1.9265347e-05 -2.0789397e-05 -5.1029912e-27)
(2.7404439e-05 -2.9471189e-05 -6.0931511e-27)
(3.7180318e-05 -3.9821868e-05 -1.4280376e-26)
(4.8924164e-05 -5.2146824e-05 0)
(6.3034118e-05 -6.6800034e-05 0)
(7.9988671e-05 -8.4188635e-05 -1.244949e-23)
(0.00010036259 -0.00010477642 -7.0546152e-21)
(0.00012484574 -0.00012908539 6.8538247e-21)
(0.00015426506 -0.00015769422 2.0553088e-23)
(0.00018961001 -0.0001912319 3.7104437e-25)
(0.00023206136 -0.00023036464 -8.6473171e-25)
(0.0002830229 -0.00027577356 1.0006431e-24)
(0.00034415507 -0.00032812033 3.6884724e-23)
(0.00041740828 -0.00038799826 -4.5149146e-23)
(0.00050505258 -0.00045586661 -5.2781445e-23)
(0.00060969843 -0.00053196768 1.041071e-22)
(0.00073430156 -0.00061622865 -4.3078173e-23)
(0.00088214331 -0.00070815454 2.9524994e-23)
(0.0010567769 -0.00080672345 -1.863537e-22)
(0.0012619314 -0.00091030127 5.3099163e-24)
(0.0015013694 -0.0010165969 2.5151662e-22)
(0.0017786999 -0.0011226804 -1.2507354e-22)
(0.0020971603 -0.0012250803 2.3004187e-22)
(0.002459389 -0.0013199652 0)
(0.0028672203 -0.0014033983 3.8989505e-22)
(0.00332152 -0.0014716594 5.1409188e-22)
(0.0038223458 -0.0015214845 1.4271936e-22)
(0.0043680891 -0.0015502602 2.6193762e-22)
(0.0049546101 -0.0015564663 -7.2164765e-22)
(0.0055819366 -0.0015379551 1.9643525e-22)
(0.006246338 -0.0014966767 -1.8964188e-22)
(0.006941998 -0.0014318001 0)
(0.0076631631 -0.001345803 1.01129e-21)
(0.0084101868 -0.0012335734 -1.6861397e-21)
(0.0091460173 -0.0011253369 0)
(0.0099849171 -0.00091895756 0)
(2.5399681e-06 -2.4098023e-06 4.8935538e-28)
(8.1210073e-06 -7.6898679e-06 -3.4496449e-24)
(1.4816012e-05 -1.3998411e-05 8.2562594e-24)
(2.2848972e-05 -2.1530696e-05 -4.9358278e-24)
(3.2487938e-05 -3.0517068e-05 5.8754066e-24)
(4.4054544e-05 -4.1227032e-05 -4.581352e-27)
(5.793434e-05 -5.3974371e-05 -1.6715753e-23)
(7.4589042e-05 -6.9122119e-05 9.9704803e-24)
(9.4571067e-05 -8.7086883e-05 -1.174352e-23)
(0.00011854057 -0.0001083419 -6.2078289e-21)
(0.0001472852 -0.00013341792 8.8602666e-21)
(0.00018174279 -0.00016290065 1.4765195e-25)
(0.00022302695 -0.00019742295 2.2560357e-23)
(0.00027245523 -0.00023764981 2.7295932e-23)
(0.00033157917 -0.00028425344 -3.196076e-23)
(0.00040221469 -0.00033787574 -2.178071e-24)
(0.00048647023 -0.00039907565 -3.9743056e-23)
(0.0005867689 -0.00046825932 4.5524685e-23)
(0.00070585923 -0.00054559313 -1.2604013e-23)
(0.0008468074 -0.00063090221 0)
(0.001012963 -0.00072356159 2.9160271e-23)
(0.00120789 -0.00082239246 -2.9467137e-23)
(0.001435257 -0.00092558129 0)
(0.0016986848 -0.0010306437 0)
(0.0020015573 -0.0011344552 0)
(0.0023468108 -0.0012333636 -1.1336744e-22)
(0.0027367246 -0.0013233865 -2.0367088e-22)
(0.0031727416 -0.0014004796 -1.9312208e-22)
(0.0036553283 -0.0014608512 -3.4807844e-22)
(0.004183873 -0.0015011677 -4.5560874e-22)
(0.0047560565 -0.0015188035 6.6543948e-22)
(0.0053708962 -0.001511901 6.9781638e-22)
(0.0060248878 -0.0014806612 -1.0052392e-21)
(0.0067137583 -0.0014241296 0)
(0.0074328505 -0.0013433493 2.8040251e-22)
(0.008176116 -0.0012407755 -1.2983967e-21)
(0.008942701 -0.0011111676 1.7120603e-21)
(0.0096958355 -0.00098878526 0)
(0.010546592 -0.00075206951 0)
(2.9788244e-06 -2.4535704e-06 0)
(9.521926e-06 -7.828651e-06 0)
(1.7367312e-05 -1.4249277e-05 -1.9308446e-27)
(2.6775128e-05 -2.1913264e-05 0)
(3.8056172e-05 -3.1053746e-05 5.5087033e-27)
(5.1582395e-05 -4.1943093e-05 0)
(6.7798336e-05 -5.4897875e-05 -7.9114969e-24)
(8.7234547e-05 -7.0283593e-05 9.4255933e-24)
(0.00011052328 -8.8518606e-05 4.2911474e-26)
(0.0001384166 -0.00011007662 0)
(0.00017180707 -0.00013548675 0)
(0.00021175092 -0.00016532983 1.8043063e-23)
(0.00025949357 -0.0002002291 -2.1333507e-23)
(0.00031649682 -0.00024083324 0)
(0.00038446666 -0.00028778897 2.8022793e-23)
(0.00046537966 -0.00034170061 -2.9513324e-23)
(0.00056150509 -0.00040307419 2.4103759e-24)
(0.00067541849 -0.00047224423 0)
(0.00081000117 -0.00054928388 -5.7880788e-24)
(0.00096841871 -0.00063390162 -1.2582265e-23)
(0.0011540714 -0.00072533256 0)
(0.0013705093 -0.00082223785 -5.5060512e-20)
(0.0016213094 -0.00092263058 1.9626988e-20)
(0.0019099141 -0.0010238505 1.1897811e-22)
(0.0022394419 -0.0011226082 0)
(0.0026124861 -0.0012151135 7.2473512e-25)
(0.0030309253 -0.0012972866 1.1248e-22)
(0.0034957703 -0.001365036 -1.7688952e-22)
(0.0040070572 -0.0014145687 1.7306288e-22)
(0.0045637825 -0.0014426356 -8.9830578e-20)
(0.005163919 -0.0014467107 -7.637885e-21)
(0.0058051889 -0.0014250538 0)
(0.006484148 -0.0013775802 8.0136305e-22)
(0.0071965504 -0.0013045627 -3.19645e-22)
(0.0079372951 -0.0012067928 3.6670748e-23)
(0.0086999993 -0.001087112 7.2307933e-22)
(0.0094824028 -0.00094049155 -5.0573051e-23)
(0.010248652 -0.00080489454 -3.8141224e-22)
(0.011102729 -0.00054028 0)
(3.452901e-06 -2.4482281e-06 -1.7618544e-24)
(1.1035082e-05 -7.8106317e-06 3.0619365e-24)
(2.0122633e-05 -1.4214523e-05 -3.6662255e-24)
(3.1014541e-05 -2.1856192e-05 0)
(4.4067479e-05 -3.0966726e-05 -5.2230327e-24)
(5.970731e-05 -4.1815662e-05 6.2392171e-24)
(7.8441675e-05 -5.4715665e-05 0)
(0.00010087459 -7.0026874e-05 8.8083639e-24)
(0.00012772328 -8.8160294e-05 -1.0505416e-23)
(0.00015983739 -0.00010957958 0)
(0.00019822035 -0.00013480016 -1.460958e-23)
(0.00024405298 -0.00016438435 1.7601394e-23)
(0.00029871856 -0.00019893051 1.9495134e-23)
(0.00036382867 -0.00023905419 -2.4434026e-23)
(0.00044124806 -0.00028535853 -2.6249162e-23)
(0.00053311644 -0.00033839138 5.881359e-23)
(0.00064186348 -0.00039858674 -3.6004697e-23)
(0.00077021278 -0.00046618938 -4.8938954e-24)
(0.00092116904 -0.00054116336 4.946581e-23)
(0.0010979819 -0.00062308872 5.8482292e-23)
(0.0013040803 -0.00071105522 -1.0502146e-22)
(0.0015429719 -0.00080356711 -2.2568436e-20)
(0.0018181072 -0.00089847829 6.2399785e-20)
(0.0021327111 -0.00099297942 1.0733465e-22)
(0.0024895959 -0.0010836571 -1.1049644e-22)
(0.0028909715 -0.0011666363 7.4508185e-20)
(0.0033382796 -0.0012378038 -1.430874e-20)
(0.00383207 -0.0012930904 -1.7044532e-22)
(0.0043719321 -0.0013287742 0)
(0.0049564806 -0.0013417338 2.3061159e-21)
(0.0055834583 -0.0013296121 9.2737709e-20)
(0.0062500756 -0.0012910516 0)
(0.0069526223 -0.001226006 7.3209805e-22)
(0.0076864677 -0.0011351978 -3.076969e-22)
(0.0084461257 -0.0010198257 -7.7796477e-22)
(0.0092246868 -0.00088320085 0)
(0.010018236 -0.00072088149 0)
(0.010792463 -0.00057403945 -2.8910268e-22)
(0.01164045 -0.00028607611 -1.2646046e-21)
(3.956963e-06 -2.384353e-06 -1.6365609e-24)
(1.2643723e-05 -7.6057756e-06 2.8510883e-24)
(2.3051391e-05 -1.3839541e-05 3.4052775e-24)
(3.552001e-05 -2.1275606e-05 -8.1413414e-24)
(5.0454687e-05 -3.0137335e-05 9.7159595e-24)
(6.8338119e-05 -4.0684754e-05 -1.7226586e-26)
(8.9744332e-05 -5.3218813e-05 -1.3798813e-23)
(0.00011535446 -6.8085186e-05 8.2223857e-24)
(0.00014597472 -8.5677001e-05 -1.8603925e-27)
(0.00018255654 -0.00010643578 -1.1412608e-23)
(0.00022621861 -0.00013084955 2.7246977e-23)
(0.00027827058 -0.00015944669 -1.6102834e-23)
(0.00034023744 -0.00019278365 3.0035604e-25)
(0.00041388347 -0.00023142442 7.004183e-25)
(0.0005012337 -0.00027590908 -2.5190709e-23)
(0.00060459014 -0.00032670911 3.3026171e-23)
(0.00072653892 -0.00038416728 -2.56919e-20)
(0.00086994362 -0.00044842133 2.1673516e-20)
(0.0010379191 -0.00051931271 0)
(0.0012337797 -0.00059628553 -4.0301261e-20)
(0.0014609575 -0.00067828496 2.6940874e-20)
(0.0017228859 -0.00076366998 1.0297961e-22)
(0.0020228522 -0.00085015971 1.0095823e-22)
(0.0023638244 -0.00093483444 -1.0611077e-22)
(0.0027482681 -0.0010142097 -1.0375813e-22)
(0.0031779736 -0.0010843925 1.9107357e-20)
(0.0036539142 -0.001141313 -7.9306237e-20)
(0.0041761564 -0.0011810091 1.7102802e-22)
(0.0047438269 -0.0011999219 -1.4439821e-22)
(0.0053551351 -0.0011951508 -3.9441664e-22)
(0.0060074739 -0.0011646299 4.8856732e-22)
(0.0066975921 -0.0011073472 1.9734725e-22)
(0.0074213944 -0.0010234927 -1.7955754e-21)
(0.0081738108 -0.00091422923 7.6108285e-22)
(0.0089488123 -0.00078137478 1.0903675e-21)
(0.0097388101 -0.00062884457 -8.6349774e-22)
(0.010538047 -0.0004532364 1.4357569e-21)
(0.011314359 -0.00029831432 0)
(0.012146466 6.1658835e-06 1.5620423e-21)
(4.4824221e-06 -2.2520118e-06 -7.3345317e-28)
(1.4320456e-05 -7.1824383e-06 6.5749109e-28)
(2.6103735e-05 -1.3066828e-05 -3.0499298e-27)
(4.0214882e-05 -2.0083256e-05 3.6432844e-27)
(5.7109186e-05 -2.8440813e-05 4.4827029e-27)
(7.7328137e-05 -3.8382349e-05 0)
(0.00010151432 -5.0188154e-05 0)
(0.00013042834 -6.4179084e-05 0)
(0.00016496788 -8.0718475e-05 8.8507046e-24)
(0.00020618866 -0.00010021215 -1.0709927e-23)
(0.00025532697 -0.00012310543 -9.4424384e-26)
(0.00031382326 -0.00014987581 1.465327e-23)
(0.00038334543 -0.00018101937 -1.7338618e-23)
(0.00046581046 -0.00021702888 0)
(0.0005634018 -0.00025836116 -2.3113755e-23)
(0.00067857935 -0.00030539145 2.3650319e-23)
(0.0008140778 -0.00035835298 -1.9141607e-20)
(0.00097288851 -0.00041726133 2.964058e-20)
(0.0011582191 -0.00048182552 0)
(0.0013734261 -0.00055135142 -2.5410279e-20)
(0.0016219158 -0.00062464745 4.5355391e-20)
(0.0019070141 -0.00069994783 0)
(0.0022318084 -0.0007748722 2.2938615e-23)
(0.0025989718 -0.00084644179 0)
(0.0030105877 -0.00091116812 0)
(0.0034679952 -0.00096522051 0)
(0.0039716755 -0.0010046634 8.7201486e-23)
(0.0045211947 -0.0010257375 2.9780927e-22)
(0.0051152024 -0.0010251474 -1.225557e-23)
(0.0057514769 -0.001000309 8.2850349e-24)
(0.0064270077 -0.00094953256 1.1725956e-22)
(0.0071380773 -0.00087220345 -3.7174547e-22)
(0.007880124 -0.00076888983 7.0068102e-22)
(0.0086475556 -0.00064127451 -6.0339675e-22)
(0.0094336468 -0.0004919295 0)
(0.010229992 -0.00032553645 1.6775826e-21)
(0.011028901 -0.0001402314 -2.7867944e-21)
(0.011800924 1.8334238e-05 -1.1907803e-21)
(0.012607563 0.00033016439 0)
(5.0189422e-06 -2.0424984e-06 3.4490961e-28)
(1.6032213e-05 -6.5128877e-06 2.3691469e-24)
(2.9219313e-05 -1.1845998e-05 -2.8353497e-24)
(4.5006054e-05 -1.8201819e-05 -3.3829541e-24)
(6.389856e-05 -2.5767866e-05 1.0952357e-26)
(8.6497768e-05 -3.476128e-05 4.8244201e-24)
(0.00011351544 -4.5431776e-05 0)
(0.00014579218 -5.8063936e-05 0)
(0.00018431744 -7.2978188e-05 3.2775242e-26)
(0.00023025121 -9.0529779e-05 9.5496627e-24)
(0.00028494686 -0.00011110471 -2.2532955e-23)
(0.00034997427 -0.00013511126 1.3372045e-23)
(0.00042714182 -0.00016296535 0)
(0.00051851521 -0.00019506781 0)
(0.00062643025 -0.00023177123 6.2865488e-25)
(0.00075349607 -0.00027333451 2.6259294e-23)
(0.00090258405 -0.00031986375 -5.820839e-25)
(0.0010767975 -0.00037123931 -2.732686e-23)
(0.0012794167 -0.0004270319 0)
(0.0015138155 -0.00048641332 0)
(0.0017833456 -0.0005480725 0)
(0.0020911932 -0.00061015161 0)
(0.0024402118 -0.00067022043 -1.2799753e-22)
(0.0028327469 -0.00072530748 1.7448793e-22)
(0.0032704711 -0.0007720019 -4.7652057e-23)
(0.0037542498 -0.0008066292 7.7865097e-23)
(0.004284058 -0.00082548969 7.3130747e-23)
(0.0048589535 -0.00082513268 -1.4873856e-22)
(0.0054771031 -0.00080262996 0)
(0.0061358394 -0.000755812 0)
(0.0068317206 -0.00068344684 0)
(0.0075605511 -0.00058539711 3.754595e-22)
(0.0083172418 -0.00046272738 -4.4207565e-22)
(0.0090955791 -0.00031773612 1.4322458e-22)
(0.0098880123 -0.00015386155 0)
(0.010685194 2.3285745e-05 -1.5429819e-21)
(0.011477508 0.00021352765 1.3492543e-21)
(0.01223875 0.00037008155 1.2982411e-22)
(0.013011192 0.00067782364 1.1724371e-22)
(5.5496697e-06 -1.7470876e-06 0)
(1.7725358e-05 -5.5693466e-06 0)
(3.2300748e-05 -1.0126619e-05 0)
(4.9744215e-05 -1.5553971e-05 -2.3837183e-21)
(7.0611931e-05 -2.2009314e-05 2.8166692e-21)
(9.5563298e-05 -2.9674728e-05 -4.2796081e-24)
(0.00012537801 -3.8758525e-05 0)
(0.00016097507 -4.9496564e-05 6.0375591e-24)
(0.00020343367 -6.2152195e-05 -4.1402731e-26)
(0.00025401542 -7.7014158e-05 -8.5141316e-24)
(0.00031418733 -9.4391472e-05 0)
(0.00038564426 -0.00011460405 -1.1725435e-23)
(0.00047032921 -0.0001379674 2.7604187e-23)
(0.00057044897 -0.00016476971 -3.2167875e-23)
(0.00068848185 -0.0001952393 1.7887123e-23)
(0.00082717356 -0.00022950079 -7.0222467e-25)
(0.00098951623 -0.00026751907 2.4087624e-23)
(0.0011787056 -0.00030903152 -5.4814343e-23)
(0.0013980714 -0.00035347137 2.72964e-23)
(0.0016509777 -0.00039988851 -3.9120102e-24)
(0.001940693 -0.00044687828 0)
(0.0022702332 -0.00049253269 0)
(0.0026421896 -0.00053443123 3.8455309e-23)
(0.0030585558 -0.00056968753 1.8202361e-23)
(0.0035205757 -0.00059506266 -4.5139785e-24)
(0.0040286332 -0.00060714531 -7.7452292e-23)
(0.0045821969 -0.00060258537 -6.3724419e-24)
(0.0051798242 -0.0005783544 -6.6656718e-23)
(0.0058192076 -0.00053200025 2.1968294e-22)
(0.0064972352 -0.00046186615 -1.094801e-22)
(0.007210026 -0.00036726183 8.791109e-23)
(0.0079528952 -0.0002486099 -8.5675777e-23)
(0.008720181 -0.00010756904 3.5898594e-23)
(0.0095049621 5.2857942e-05 2.2492723e-22)
(0.01029876 0.00022828132 0)
(0.011091165 0.0004120332 7.3922021e-22)
(0.011870725 0.00060143392 5.3093773e-22)
(0.01261492 0.00074936988 8.9444561e-22)
(0.013345794 0.0010395655 -7.3096605e-22)
(6.0606654e-06 -1.3615831e-06 5.2235951e-25)
(1.9355141e-05 -4.3385054e-06 -9.0982057e-25)
(3.5266086e-05 -7.8846083e-06 0)
(5.4302444e-05 -1.2102942e-05 -2.1448156e-21)
(7.7068001e-05 -1.7113492e-05 2.6055327e-21)
(0.00010427763 -2.3053609e-05 -1.8441863e-24)
(0.00013677526 -3.007904e-05 6.2660141e-23)
(0.00017555381 -3.8364138e-05 -1.0821289e-22)
(0.00022177667 -4.8100674e-05 3.0866885e-24)
(0.00027680039 -5.9494638e-05 -7.3284212e-24)
(0.00034219743 -7.2760165e-05 4.3428408e-24)
(0.00041977785 -8.8109438e-05 0)
(0.00051160755 -0.00010573719 -8.6149672e-26)
(0.00062002063 -0.0001257983 -6.9885153e-24)
(0.00074762189 -0.00014837683 8.3654007e-24)
(0.00089727529 -0.00017344541 -2.6654751e-25)
(0.0010720732 -0.0002008144 -6.0628033e-25)
(0.0012752813 -0.00023007185 0)
(0.0015102548 -0.00026051761 2.9309606e-23)
(0.001780324 -0.00029109808 -2.8656261e-23)
(0.0020886498 -0.0003203514 0)
(0.0024380573 -0.00034637643 0)
(0.002830859 -0.00036684037 -1.0166142e-23)
(0.0032686873 -0.00037903862 -2.5441037e-24)
(0.0037523575 -0.00038001488 -5.2253434e-23)
(0.0042817815 -0.00036673969 6.2181861e-23)
(0.0048559411 -0.00033633266 0)
(0.0054729182 -0.00028630353 0)
(0.0061299572 -0.00021478295 -1.5710388e-22)
(0.0068235209 -0.00012072121 -3.5244089e-23)
(0.0075492978 -4.0495136e-06 1.5024404e-22)
(0.0083021135 0.00013417541 -1.3674905e-22)
(0.0090757078 0.00029162558 3.1503188e-22)
(0.0098623948 0.00046453187 -5.324312e-22)
(0.010652693 0.00064752127 1.6843408e-22)
(0.01143501 0.00083282111 -1.6322909e-22)
(0.012196125 0.0010149321 -3.1465003e-22)
(0.01291713 0.0011474312 3.87069e-22)
(0.01359915 0.0014051599 4.0400703e-22)
(6.5209488e-06 -8.8188994e-07 -1.1482083e-28)
(2.082328e-05 -2.8072987e-06 7.5152099e-25)
(3.7937473e-05 -5.0962185e-06 -2.2480643e-27)
(5.8409055e-05 -7.8122803e-06 -1.0740595e-24)
(8.2884744e-05 -1.1028885e-05 5.6759433e-28)
(0.00011212942 -1.4828608e-05 1.5223657e-24)
(0.00014704493 -1.9303064e-05 5.2155273e-23)
(0.00018869071 -2.4551899e-05 -3.4212753e-23)
(0.0002383059 -3.0680425e-05 2.5661453e-24)
(0.00029733218 -3.7795367e-05 -5.3636136e-27)
(0.0003674363 -4.5998004e-05 0)
(0.00045053067 -5.5373781e-05 -4.1742986e-24)
(0.00054878954 -6.5977287e-05 1.462718e-25)
(0.00066465768 -7.7811425e-05 5.8207512e-24)
(0.00080084769 -9.0799655e-05 0)
(0.00096032093 -0.00010475055 7.7816751e-24)
(0.0011462472 -0.00011931466 -1.6460593e-23)
(0.0013619378 -0.00013393499 9.8651581e-24)
(0.001610749 -0.00014779458 -1.0627566e-23)
(0.0018959537 -0.00015976734 1.52585e-23)
(0.0022205859 -0.00016838122 0)
(0.0025872658 -0.00017180588 0)
(0.0029980225 -0.00016787737 1.9277852e-23)
(0.0034541331 -0.00015417067 -6.4612185e-23)
(0.0039560031 -0.00012812441 -1.9306182e-23)
(0.0045031036 -8.7212741e-05 3.5659751e-23)
(0.0050939717 -2.9149138e-05 -3.8849208e-23)
(0.0057262624 4.7900282e-05 6.8484918e-23)
(0.0063968197 0.00014511622 1.484262e-23)
(0.0071017232 0.00026285196 7.7103298e-23)
(0.0078362603 0.00040048293 -7.4017076e-23)
(0.0085947868 0.00055625886 1.3371566e-22)
(0.0093704464 0.00072713503 -5.4521457e-23)
(0.010154775 0.0009085584 1.1158434e-22)
(0.010937258 0.0010942255 8.0264126e-23)
(0.011705022 0.0012753636 0)
(0.012443044 0.0014437512 -3.1340679e-22)
(0.013134502 0.0015556701 -3.9220101e-22)
(0.013757117 0.0017646506 -1.0146902e-22)
(6.9230951e-06 -3.1318402e-07 -8.5398562e-26)
(2.2105143e-05 -9.9245518e-07 1.4825546e-25)
(4.0268373e-05 -1.7922398e-06 -1.7742779e-25)
(6.1989503e-05 -2.7299449e-06 -2.3084399e-28)
(8.7951664e-05 -3.8244383e-06 -5.5075064e-28)
(0.00011896189 -5.0943706e-06 3.0036512e-25)
(0.00015597051 -6.5567548e-06 -1.7428128e-27)
(0.00020009221 -8.2246801e-06 -4.2660947e-25)
(0.00025262844 -1.0103744e-05 -5.0252703e-25)
(0.0003150902 -1.2186809e-05 6.0401297e-25)
(0.00038922011 -1.4446551e-05 0)
(0.00047701179 -1.6825112e-05 0)
(0.00058072397 -1.9220106e-05 0)
(0.00070288602 -2.1466222e-05 3.933728e-26)
(0.00084629044 -2.3311813e-05 0)
(0.0010139674 -2.439027e-05 0)
(0.0012091363 -2.418674e-05 -3.5844228e-24)
(0.0014351285 -2.2002021e-05 3.8689811e-24)
(0.0016952797 -1.6917181e-05 0)
(0.0019927901 -7.7646632e-06 -4.5261698e-24)
(0.0023305595 6.8862947e-06 5.0714586e-24)
(0.0027110066 2.872059e-05 0)
(0.0031358929 5.9635378e-05 0)
(0.0036061719 0.00010165882 -8.9211243e-25)
(0.0041218865 0.00015682827 2.723399e-20)
(0.0046821289 0.0002270344 -2.8280708e-20)
(0.0052850643 0.00031384502 -2.0475207e-23)
(0.0059279975 0.00041832665 1.8137084e-23)
(0.0066074463 0.00054087872 -1.962609e-23)
(0.0073191705 0.00068108538 -4.1765631e-23)
(0.008058109 0.00083757572 -1.2530099e-23)
(0.0088181895 0.0010078708 5.4334356e-23)
(0.0095919977 0.0011881963 1.0696416e-23)
(0.010370334 0.0013732523 0)
(0.011141714 0.0015559572 0)
(0.011892044 0.0017268613 0)
(0.012604751 0.0018760762 8.9423206e-23)
(0.013263081 0.0019677595 1.9362157e-23)
(0.013827011 0.0021098684 -3.1654682e-23)
(7.2182179e-06 3.5506286e-07 1.1308569e-25)
(2.304636e-05 1.1397246e-06 -1.9697357e-25)
(4.1980715e-05 2.0887598e-06 9.6764601e-22)
(6.4621249e-05 3.2386834e-06 -1.1616e-21)
(9.1678321e-05 4.6341393e-06 0)
(0.00012399059 6.3307674e-06 0)
(0.00016254484 8.3980218e-06 7.1569425e-28)
(0.00020849744 1.092282e-05 0)
(0.00026319694 1.4014313e-05 -2.0102808e-27)
(0.00032820674 1.7810002e-05 0)
(0.00040532664 2.2483514e-05 0)
(0.00049661107 2.8254369e-05 -6.5487207e-27)
(0.00060438113 3.5400085e-05 0)
(0.00073122692 4.4270856e-05 -1.4298864e-24)
(0.00087999548 5.5306797e-05 1.7665281e-24)
(0.0010537593 6.9057362e-05 -9.3447693e-26)
(0.0012557602 8.6201839e-05 8.9581875e-21)
(0.001489324 0.00010756883 -1.0709701e-20)
(0.0017577434 0.00013415134 -2.9729292e-24)
(0.0020641312 0.00016711272 3.0844467e-24)
(0.0024112495 0.00020777734 -6.0829231e-25)
(0.0028013284 0.00025759971 0)
(0.0032358946 0.00031810648 0)
(0.0037156305 0.00039080907 4.2331245e-24)
(0.0042402884 0.00047708943 1.9297597e-20)
(0.0048086687 0.000578067 -2.0171048e-20)
(0.0054186594 0.00069445896 0)
(0.0060673121 0.00082644525 0)
(0.0067509083 0.00097354426 0)
(0.0074649666 0.0011344942 -9.3640154e-24)
(0.0082041426 0.0013071245 2.1874752e-23)
(0.0089619944 0.0014881977 0)
(0.0097306138 0.00167321 0)
(0.010500161 0.0018561733 0)
(0.011258345 0.0020294086 5.1262998e-23)
(0.011990165 0.0021831401 -3.9992372e-23)
(0.012678494 0.0023074462 0)
(0.013306332 0.0023819103 -4.2471753e-23)
(0.013827716 0.0024479613 0)
(7.3971719e-06 1.0975921e-06 0)
(2.3616068e-05 3.5086401e-06 -3.0711045e-29)
(4.3015297e-05 6.4000955e-06 5.2871236e-22)
(6.6207968e-05 9.868065e-06 -6.2959148e-22)
(9.3919586e-05 1.4027295e-05 0)
(0.00012700606 1.9015287e-05 2.461937e-28)
(0.00016647363 2.4996579e-05 -7.1571168e-28)
(0.00021350032 3.216778e-05 0)
(0.00026945829 4.0763495e-05 2.0103803e-27)
(0.00033593624 5.1063162e-05 0)
(0.0004147602 6.339884e-05 0)
(0.00050801061 7.8163872e-05 1.3607538e-27)
(0.00061803287 9.5822291e-05 1.3553556e-24)
(0.0007474374 0.00011691857 -1.6373935e-24)
(0.00089908462 0.00014208709 3.8980688e-21)
(0.0010760499 0.00017206016 -4.7245695e-21)
(0.0012815629 0.00020767309 4.8460249e-21)
(0.0015189176 0.00024986399 -5.2772261e-21)
(0.0017913503 0.00029966528 2.7254244e-24)
(0.0021018891 0.00035818377 -1.2349393e-23)
(0.0024531809 0.00042656555 7.3680804e-24)
(0.0028473124 0.00050594316 -8.2484472e-25)
(0.0032856442 0.00059736413 0)
(0.0037686823 0.00070170281 2.6434127e-24)
(0.0042960054 0.00081956144 6.4713459e-24)
(0.0048662575 0.00095116882 -6.7684016e-24)
(0.0054771961 0.0010962854 2.4779119e-24)
(0.0061257647 0.001254119 0)
(0.0068081439 0.0014232463 0)
(0.0075197293 0.0016015255 1.7009822e-23)
(0.0082549944 0.0017859788 -4.446003e-23)
(0.0090072226 0.0019726287 1.4639762e-23)
(0.0097681215 0.0021562918 0)
(0.010527366 0.0023303947 -7.4822515e-24)
(0.011272079 0.002486826 -3.9431851e-23)
(0.011986693 0.0026154554 5.2839609e-23)
(0.012654683 0.0027061133 0)
(0.013260775 0.0027452432 5.5162179e-24)
(0.013775226 0.0027451985 0)
(7.4052722e-06 1.8551174e-06 -4.0387406e-26)
(2.3641242e-05 5.9249317e-06 6.9571378e-28)
(4.3059865e-05 1.0796787e-05 1.0255669e-27)
(6.6274176e-05 1.662711e-05 9.850001e-26)
(9.4009397e-05 2.3601512e-05 -1.1422509e-25)
(0.00012712084 3.1940063e-05 1.3610378e-25)
(0.00016661365 4.1902957e-05 1.5610751e-25)
(0.00021366405 5.3796815e-05 -5.6890314e-27)
(0.00026964136 6.798159e-05 -4.2338894e-25)
(0.00033612994 8.487789e-05 2.4701926e-25)
(0.00041494938 0.00010497444 0)
(0.00050817082 0.00012883523 2.9957907e-25)
(0.00061812642 0.00015710567 -3.4892597e-25)
(0.00074740821 0.00019051675 0)
(0.00089885166 0.00022988589 4.4025826e-22)
(0.0010754991 0.00027611277 -3.6261188e-22)
(0.0012805377 0.00033016791 0)
(0.0015172088 0.00039307171 1.4364086e-25)
(0.0017886862 0.00046586153 1.8563769e-25)
(0.0020979269 0.00054954483 4.4289829e-25)
(0.002447503 0.00064503785 -1.6300027e-25)
(0.0028394285 0.00075309108 9.353317e-25)
(0.003275002 0.00087420595 -2.1366941e-24)
(0.0037546873 0.00100855 1.354466e-24)
(0.0042780493 0.0011558795 3.3018097e-24)
(0.0048437503 0.0013154775 0)
(0.0054495945 0.0014861115 -2.4782855e-24)
(0.0060925864 0.0016660047 0)
(0.0067689575 0.0018528056 0)
(0.0074741106 0.0020435311 1.6117997e-23)
(0.0082024512 0.002234459 2.9698781e-23)
(0.008947098 0.0024209593 2.7283891e-23)
(0.0096995061 0.002597284 9.1026265e-24)
(0.010449043 0.0027564521 -3.7576339e-23)
(0.011182401 0.0028901521 1.010379e-23)
(0.011883469 0.0029879304 0)
(0.012536687 0.0030394733 -1.1886651e-22)
(0.013127756 0.003034766 3.1815995e-22)
(0.013634741 0.0029761736 3.3516022e-22)
(7.251018e-06 2.5944832e-06 -1.6897965e-22)
(2.3148324e-05 8.2829929e-06 2.9943451e-22)
(4.2161302e-05 1.5086888e-05 3.054181e-28)
(6.4889806e-05 2.3221119e-05 3.6535921e-28)
(9.2043326e-05 3.2939954e-05 -5.5182121e-25)
(0.00012445852 4.4543316e-05 6.6124885e-25)
(0.00016311846 5.8383695e-05 -7.9102288e-25)
(0.00020917334 7.4873567e-05 -8.6118489e-22)
(0.00026396196 9.4493065e-05 1.0918971e-21)
(0.00032903308 0.00011779753 0)
(0.00040616506 0.0001454243 1.6006928e-24)
(0.0004973818 0.00017809798 -1.6401685e-21)
(0.00060496198 0.00021663276 2.1866311e-21)
(0.000731438 0.00026193046 2.6610972e-24)
(0.00087958034 0.00031497206 -6.2633845e-24)
(0.0010523623 0.00037680058 3.6694045e-24)
(0.0012529008 0.00044849256 0)
(0.0014843692 0.00053111602 -6.172291e-25)
(0.0017498815 0.00062567324 1.0725865e-24)
(0.0020523506 0.00073302829 -1.2915184e-23)
(0.0023943284 0.00085382169 1.4099083e-23)
(0.0027778432 0.00098837787 2.0773045e-23)
(0.0032042516 0.0011366144 -1.4366555e-23)
(0.003674126 0.0012979641 1.6707499e-23)
(0.0041871928 0.0014713231 -2.2484841e-23)
(0.0047423221 0.0016550302 0)
(0.0053375557 0.0018468788 8.3809333e-24)
(0.0059701388 0.0020441451 -4.8475403e-23)
(0.0066365103 0.0022436061 -2.2867673e-24)
(0.0073322116 0.0024415138 -7.07233e-23)
(0.0080516883 0.0026334977 -2.0316382e-22)
(0.0087879949 0.0028143935 2.0730506e-23)
(0.0095324551 0.0029780298 8.053606e-23)
(0.01027429 0.0031172582 -7.8748049e-23)
(0.010999841 0.003223803 1.9059328e-22)
(0.011692285 0.0032870235 4.7221138e-22)
(0.012337294 0.0032969138 -7.4631316e-23)
(0.012921036 0.0032461873 -2.1183973e-22)
(0.013424817 0.0031339223 -1.2184254e-22)
(6.9256473e-06 3.2754301e-06 -3.6960953e-22)
(2.2109906e-05 1.0454417e-05 6.4013276e-22)
(4.0270738e-05 1.9036804e-05 -2.57584e-27)
(6.1981496e-05 2.9291091e-05 -2.0719508e-24)
(8.7920371e-05 4.1534295e-05 -8.73655e-28)
(0.00011888733 5.6139171e-05 0)
(0.00015582263 7.3542195e-05 0)
(0.0001998268 9.4251886e-05 -1.9116918e-21)
(0.00025218141 0.00011885702 2.2177662e-21)
(0.0003143699 0.00014803418 -2.9658825e-26)
(0.00038809693 0.00018255366 0)
(0.00047530436 0.00022328254 -3.7260537e-21)
(0.00057818121 0.00027118316 4.1812968e-21)
(0.00069916417 0.00032730486 -1.1545024e-23)
(0.00084092467 0.00039276635 -2.6697227e-25)
(0.001006338 0.00046872585 0)
(0.0011984302 0.00055633614 -1.7832679e-23)
(0.0014202996 0.00065668233 2.1133277e-23)
(0.0016750113 0.00077070151 -1.0725786e-24)
(0.0019654683 0.00089908619 2.5448213e-23)
(0.0022942658 0.0010421769 -2.4206924e-23)
(0.0026635408 0.0011998539 2.4194235e-23)
(0.0030748354 0.0013714418 -1.2757249e-24)
(0.0035289876 0.0015556429 -5.4585374e-23)
(0.0040260644 0.001750514 -4.4448116e-23)
(0.0045653344 0.001953491 6.823445e-23)
(0.005145266 0.0021614561 2.4377318e-23)
(0.0057635188 0.0023708217 4.6251243e-23)
(0.0064168893 0.0025775948 9.6232907e-21)
(0.0071011773 0.0027773794 -3.9953313e-20)
(0.0078109613 0.0029652884 -1.5673814e-22)
(0.0085393105 0.0031357685 0)
(0.0092775254 0.0032823819 3.6510462e-22)
(0.010014767 0.0033982034 0)
(0.010737264 0.0034749164 4.215094e-23)
(0.011427304 0.0035022239 -1.088744e-21)
(0.012071241 0.0034709254 0)
(0.012656307 0.0033763021 -2.676672e-20)
(0.013165156 0.0032171721 6.1498623e-19)
(6.44413e-06 3.8620892e-06 -2.6062419e-24)
(2.0573535e-05 1.2324865e-05 4.5360233e-24)
(3.7474323e-05 2.2438616e-05 -2.450423e-27)
(5.7681046e-05 3.4517637e-05 -3.2440842e-24)
(8.1826188e-05 4.8932525e-05 -3.8685372e-24)
(0.0001106563 6.6118079e-05 9.242259e-24)
(0.00014504952 8.6582121e-05 -5.5167211e-24)
(0.00018603464 0.00011091447 0)
(0.00023481105 0.00013979547 0)
(0.00029276903 0.00017400327 9.2158246e-24)
(0.00036150903 0.00021441868 -1.103322e-23)
(0.00044285826 0.00026202598 -8.2975212e-26)
(0.00053888228 0.00031790753 0)
(0.00065188862 0.00038322941 0)
(0.00078441875 0.00045921511 2.6697212e-25)
(0.0009392246 0.00054710387 0)
(0.0011192255 0.00064809059 0)
(0.0013274427 0.00076324537 -3.1041495e-23)
(0.0015669098 0.00089341283 3.8251408e-23)
(0.0018405615 0.0010390949 0)
(0.0021511058 0.0012003255 -1.0658956e-23)
(0.0025008899 0.0013765507 5.8233839e-23)
(0.0028917722 0.0015665323 -4.9171795e-23)
(0.0033250145 0.0017682945 -8.1045235e-24)
(0.0038012007 0.0019791298 -2.0789893e-23)
(0.0043201821 0.0021956669 -9.4811902e-23)
(0.0048810322 0.00241399 -1.1264026e-23)
(0.0054819863 0.0026297753 1.7112223e-22)
(0.0061203318 0.0028383983 4.7871751e-20)
(0.0067922276 0.0030349628 -1.7493787e-20)
(0.0074924504 0.0032142213 3.5835624e-22)
(0.008214133 0.003370386 -1.279782e-22)
(0.0089486673 0.0034968592 -3.6492627e-22)
(0.009684577 0.0035876083 0)
(0.010410715 0.0036338923 -7.8183527e-22)
(0.011104005 0.0036255956 5.1735628e-22)
(0.011753453 0.0035566022 1.2211616e-21)
(0.012349025 0.0034237945 -6.8649777e-19)
(0.012871632 0.003226304 7.9482831e-20)
(5.8234936e-06 4.3183724e-06 -1.7738368e-24)
(1.8593687e-05 1.3779311e-05 -8.5131092e-28)
(3.387148e-05 2.5083192e-05 3.6874412e-24)
(5.2141837e-05 3.8579571e-05 -4.4161486e-24)
(7.3978929e-05 5.4680215e-05 -5.2624844e-24)
(0.00010006131 7.3867443e-05 6.2901626e-24)
(0.00013118828 9.6703512e-05 8.2560534e-27)
(0.00016829784 0.00012383996 8.8919831e-24)
(0.00021248582 0.00015602621 -1.0633061e-23)
(0.00026502569 0.00019411638 4.25843e-26)
(0.000327388 0.00023907307 -1.5064453e-26)
(0.00040125816 0.00029196593 -6.6203164e-21)
(0.00048855057 0.0003539627 9.2395427e-21)
(0.00059141671 0.00042630954 0)
(0.0007122441 0.00051029716 2.7828001e-23)
(0.00085364278 0.00060720898 -3.2631778e-23)
(0.0010184158 0.00071824838 3.8083516e-23)
(0.0012095105 0.00084444305 -4.260815e-23)
(0.0014299499 0.00098652769 -2.5788967e-24)
(0.0016827428 0.0011448104 -7.3481149e-24)
(0.001970778 0.0013190335 6.2282734e-24)
(0.0022967078 0.0015082465 3.6832807e-20)
(0.0026628294 0.0017107115 -7.5877351e-21)
(0.0030709731 0.001923865 2.8743414e-23)
(0.0035224001 0.0021443521 -7.3592082e-23)
(0.0040177091 0.0023681344 0)
(0.0045567366 0.0025906562 1.0900962e-22)
(0.0051384332 0.0028070266 0)
(0.0057606911 0.0030121646 0)
(0.0064201088 0.0032008537 2.1969381e-22)
(0.0071117042 0.0033676727 0)
(0.007828698 0.0035068047 3.0312533e-22)
(0.0085630571 0.0036117356 -2.972465e-22)
(0.0093029782 0.0036767858 0)
(0.010033989 0.0036936079 1.2034789e-21)
(0.010738415 0.0036542349 4.459971e-22)
(0.011403716 0.0035531068 -3.7169774e-22)
(0.012015096 0.0033889998 -6.8106097e-22)
(0.012558843 0.0031631777 -2.3095207e-21)
(5.0927184e-06 4.6148485e-06 0)
(1.6262746e-05 1.4723954e-05 8.5131092e-28)
(2.9630215e-05 2.6799995e-05 4.6429551e-24)
(4.5621969e-05 4.1214993e-05 -5.5565694e-24)
(6.4743905e-05 5.8406837e-05 -6.6193955e-24)
(8.759507e-05 7.8887803e-05 1.5817061e-23)
(0.00011488273 0.00010325419 -9.446995e-24)
(0.00014743912 0.00013219573 0)
(0.00018623968 0.00016650405 -1.3260185e-23)
(0.00023242254 0.00020707886 1.5831178e-23)
(0.00028730835 0.0002549306 6.5452842e-26)
(0.00035241969 0.00031117707 -8.8496359e-21)
(0.00042949865 0.00037703149 9.0962172e-21)
(0.00052052054 0.00045377848 -3.0031935e-23)
(0.00062770165 0.00054273423 3.5370718e-23)
(0.00075349793 0.00064518699 0)
(0.0009005919 0.00076231468 -1.305692e-24)
(0.0010718646 0.00089507828 0)
(0.0012703504 0.0010440928 0)
(0.0014991731 0.0012094826 7.3481418e-24)
(0.0017614645 0.0013907342 1.3944016e-22)
(0.0020602664 0.0015865656 1.7944251e-20)
(0.0023984205 0.0017948375 -5.2588193e-20)
(0.0027784479 0.0020125294 0)
(0.0032024202 0.0022357985 -8.4614955e-23)
(0.0036718174 0.0024601216 1.0894824e-23)
(0.0041873651 0.0026804981 4.5508316e-22)
(0.0047488392 0.0028916694 -2.3547405e-23)
(0.0053548253 0.0030882946 -2.7925067e-22)
(0.0060024299 0.0032650275 -4.8381033e-22)
(0.0066869506 0.0034164527 -5.7282015e-23)
(0.0074015374 0.003536793 -4.1155489e-22)
(0.008135782 0.0036198866 -3.2993451e-22)
(0.008884528 0.0036610807 3.2254596e-22)
(0.0096307125 0.0036531411 0)
(0.010351205 0.0035863898 -8.5699849e-22)
(0.011035006 0.0034602322 -2.2914718e-21)
(0.011669592 0.003274198 2.0793162e-21)
(0.012240189 0.0030313163 1.1201516e-21)
(4.2865203e-06 4.7281662e-06 0)
(1.3691462e-05 1.5084396e-05 1.2237504e-27)
(2.4952071e-05 2.7453826e-05 -5.560696e-24)
(3.8431314e-05 4.2216379e-05 6.6580963e-24)
(5.4560111e-05 5.9818969e-05 4.1724709e-27)
(7.3850296e-05 8.0783916e-05 0)
(9.6908299e-05 0.00010571849 0)
(0.00012445065 0.00013532414 0)
(0.00015732141 0.00017040447 1.5920251e-23)
(0.00019651127 0.00021187084 -1.1594595e-25)
(0.00024317815 0.00026074387 -2.2488185e-23)
(0.00029866863 0.00031814854 -2.5958224e-23)
(0.00036453949 0.00038530005 3.1028997e-23)
(0.00044257816 0.00046347686 0)
(0.00053482035 0.00055397697 0)
(0.00064356286 0.00065805364 0)
(0.00077136884 0.00077682738 -5.2954177e-23)
(0.00092106262 0.00091117317 6.3503844e-23)
(0.0010957109 0.0010615854 0)
(0.0012985869 0.0012280283 1.0414144e-23)
(0.0015331149 0.0014097859 -1.6555157e-22)
(0.0018027913 0.0016053339 7.74503e-24)
(0.0021110813 0.0018122568 1.9294142e-22)
(0.0024612871 0.0020272386 1.8746039e-22)
(0.0028563856 0.0022461409 -1.2006477e-23)
(0.0032988318 0.0024641693 -1.3048741e-23)
(0.0037903251 0.0026761023 -5.3740609e-22)
(0.004331537 0.0028765336 2.8034058e-23)
(0.0049218034 0.0030600667 3.2947635e-22)
(0.0055587925 0.0032214042 -9.953917e-24)
(0.0062381775 0.003355298 1.2970753e-21)
(0.0069533288 0.0034563731 0)
(0.007694416 0.0035193965 3.8818481e-22)
(0.0084513967 0.0035385017 -3.795747e-22)
(0.0092103943 0.0035095078 0)
(0.0099539363 0.0034241983 -1.2110004e-22)
(0.010663613 0.0032820754 -1.0139872e-21)
(0.01132607 0.0030841955 0)
(0.011927506 0.0028355809 4.4130919e-21)
(3.4457672e-06 4.644356e-06 3.0873161e-24)
(1.1010139e-05 1.4816147e-05 -1.2237504e-27)
(2.007405e-05 2.6963861e-05 -6.4140724e-24)
(3.0934031e-05 4.1459722e-05 7.6741406e-24)
(4.3943072e-05 5.874137e-05 9.138672e-24)
(5.9522426e-05 7.9319882e-05 -1.0945633e-23)
(7.8173894e-05 0.0001037889 0)
(0.00010049411 0.00013283333 -1.5433033e-23)
(0.00012719113 0.00016723675 1.8380868e-23)
(0.0001591034 0.00020788616 2.1782119e-23)
(0.00019722114 0.00025577268 -2.5614668e-23)
(0.00024271016 0.00031198552 -2.2105824e-25)
(0.00029693776 0.00037769667 0)
(0.00036150044 0.00045413248 0)
(0.00043825226 0.00054252861 4.7894868e-23)
(0.00052933262 0.00064406417 -5.6162759e-23)
(0.00063719105 0.00075977261 6.1167337e-23)
(0.00076460624 0.00089042817 -7.3019219e-23)
(0.00091469473 0.0010364111 -5.3393694e-24)
(0.0010909041 0.0011975595 -1.0414305e-23)
(0.0012969835 0.0013730236 1.2787841e-23)
(0.0015369245 0.001561143 -2.7257938e-23)
(0.0018148619 0.0017593731 0)
(0.0021349285 0.0019642872 5.8214755e-23)
(0.0025010553 0.0021716675 0)
(0.0029167167 0.0023766845 0)
(0.0033846207 0.0025741386 2.1811563e-22)
(0.003906357 0.0027587116 3.7368112e-22)
(0.0044820178 0.0029251697 -3.7620101e-22)
(0.0051098156 0.0030684615 3.4423181e-22)
(0.0057857278 0.0031836881 6.8366886e-23)
(0.0065031794 0.0032659823 0)
(0.007252572 0.0033106521 0)
(0.0080228868 0.0033135033 0)
(0.008800115 0.0032694055 8.1883411e-22)
(0.0095664235 0.0031727385 1.8270915e-21)
(0.010303884 0.0030236934 -2.2610339e-21)
(0.010996921 0.0028246009 8.8601039e-22)
(0.011631222 0.0025815933 -3.9227066e-21)
(2.6142458e-06 4.3593138e-06 3.4577811e-24)
(8.3583937e-06 1.3906165e-05 -1.2038681e-23)
(1.5250097e-05 2.5306478e-05 7.2034588e-24)
(2.3520323e-05 3.8908913e-05 0)
(3.3445195e-05 5.5123239e-05 0)
(4.5356675e-05 7.4427681e-05 1.1304036e-26)
(5.9653501e-05 9.7377304e-05 0)
(7.6814317e-05 0.00012461193 0)
(9.7413517e-05 0.00015686269 0)
(0.00012214012 0.00019495607 -2.4285531e-23)
(0.0001518201 0.00023981382 2.8806315e-23)
(0.00018744263 0.0002924465 -2.7740672e-25)
(0.0002301906 0.000353938 3.9592655e-23)
(0.0002814756 0.0004254175 -4.6795323e-23)
(0.00034297724 0.00050801546 8.8264855e-25)
(0.00041668592 0.00060280002 0)
(0.00050494733 0.00071069116 0)
(0.00061050543 0.00083235223 7.9627815e-23)
(0.0007365386 0.00096806177 -8.6168923e-23)
(0.0008866812 0.001117574 0)
(0.0010650199 0.0012799823 -2.6888921e-23)
(0.001276052 0.0014536075 -2.7830816e-24)
(0.0015245903 0.0016359346 0)
(0.0018156017 0.0018236224 5.8812592e-24)
(0.0021539701 0.0020126003 -6.4070209e-23)
(0.0025441799 0.0021982493 0)
(0.0029899327 0.00237564 -2.1818578e-22)
(0.0034937149 0.0025397806 4.1561759e-22)
(0.0040563496 0.0026858163 -6.2644323e-22)
(0.0046765661 0.002809132 -3.4449565e-22)
(0.005350624 0.0029053403 -2.513708e-22)
(0.0060720137 0.0029701998 3.0745464e-22)
(0.0068312017 0.0029996625 -1.0701038e-21)
(0.0076163676 0.0029901063 0)
(0.0084130961 0.0029374638 -1.5001251e-21)
(0.0092035802 0.0028379399 1.427031e-21)
(0.0099693901 0.0026918177 2.2698511e-21)
(0.010693427 0.0025021975 -3.1050117e-21)
(0.011360468 0.0022756939 -7.2648828e-22)
(1.8363991e-06 3.8798127e-06 -1.8926417e-24)
(5.8781447e-06 1.2375982e-05 -6.5796124e-24)
(1.0738185e-05 2.2520989e-05 1.5741963e-23)
(1.6586545e-05 3.4624503e-05 -9.4162904e-24)
(2.3627493e-05 4.9050558e-05 -5.6757405e-27)
(3.2109683e-05 6.6223738e-05 0)
(4.233576e-05 8.6636552e-05 0)
(5.4674432e-05 0.00011085631 0)
(6.9575665e-05 0.00013953067 -2.2439754e-23)
(8.7589546e-05 0.00017339096 7.5800118e-26)
(0.00010938958 0.00021325156 3.1617739e-23)
(0.00013580132 0.00026000364 3.7197579e-23)
(0.0001678373 0.00031460055 -8.7037426e-23)
(0.00020673907 0.00037803194 5.115084e-23)
(0.00025402687 0.00045128342 -8.8265061e-25)
(0.00031155669 0.00053527861 0)
(0.00038158339 0.00063080135 7.6943135e-23)
(0.00046682627 0.00073839776 -8.6295771e-23)
(0.00057053088 0.00085826105 0)
(0.00069651711 0.00099010693 -9.2699625e-23)
(0.00084919916 0.0011330529 1.3421431e-22)
(0.0010335596 0.0012855205 -2.3715602e-24)
(0.001255057 0.0014451836 -1.277402e-22)
(0.0015194488 0.0016089823 7.3695913e-23)
(0.001832516 0.0017732174 6.4083635e-23)
(0.0021996908 0.0019337196 -2.5285356e-22)
(0.0026256007 0.0020860702 1.3151735e-22)
(0.0031135633 0.00222583 2.4271303e-22)
(0.0036650731 0.0023487232 2.0811573e-22)
(0.0042793281 0.0024507368 -4.0759231e-22)
(0.0049528387 0.0025281205 -3.1471199e-22)
(0.0056791441 0.0025773273 0)
(0.0064486536 0.0025950101 1.0722935e-21)
(0.0072490108 0.0025781377 8.3897005e-20)
(0.0080651808 0.0025236688 1.7741041e-19)
(0.0088791933 0.002429184 -2.172322e-21)
(0.0096720455 0.0022951771 0)
(0.010425405 0.0021249419 1.089763e-21)
(0.011123045 0.0019248733 1.0280777e-21)
(1.1546613e-06 3.2234266e-06 -2.0281848e-24)
(3.7047807e-06 1.0281723e-05 8.836136e-28)
(6.7844758e-06 1.8709515e-05 1.9904757e-27)
(1.0510872e-05 2.8763513e-05 2.3776533e-27)
(1.502521e-05 4.0745788e-05 6.0096822e-24)
(2.0503283e-05 5.5008417e-05 -7.1732739e-24)
(2.7163736e-05 7.1959607e-05 8.5120461e-24)
(3.5279229e-05 9.2069299e-05 -1.017614e-23)
(4.5191087e-05 0.00011587363 -2.4142717e-26)
(5.7328209e-05 0.00014397743 -1.4227772e-23)
(7.223126e-05 0.00017705346 1.3377731e-25)
(9.0583486e-05 0.00021583683 1.8734782e-25)
(0.00011324958 0.00026111233 2.3429661e-23)
(0.00014132403 0.00031369236 -2.7022765e-23)
(0.00017618995 0.00037438269 6.3158371e-23)
(0.00021958894 0.00044393347 -3.6740468e-23)
(0.00027370048 0.00052297369 0)
(0.00034122751 0.00061192899 -5.8623524e-24)
(0.00042548082 0.00071092528 -1.0375136e-22)
(0.00053045022 0.00081968492 2.1073523e-22)
(0.00066084507 0.00093742689 -1.2842234e-22)
(0.00082208179 0.001062787 -9.8702361e-23)
(0.0010201931 0.0011937771 1.7943685e-22)
(0.0012616359 0.0013278011 -1.3899293e-22)
(0.0015529827 0.0014617377 7.4561596e-23)
(0.0019004975 0.0015920871 0)
(0.0023096181 0.0017151596 1.2931401e-22)
(0.0027843846 0.0018272708 -4.8422603e-22)
(0.0033268712 0.0019248997 2.4311283e-22)
(0.0039366762 0.0020047745 -2.1119956e-22)
(0.0046105167 0.0020638791 4.2090441e-22)
(0.0053419573 0.0020994082 -6.6706658e-22)
(0.0061212938 0.0021087471 3.5775723e-22)
(0.0069357649 0.0020895358 -1.6360502e-19)
(0.0077697705 0.0020396061 -1.0056892e-19)
(0.0086050046 0.0019574863 1.5414679e-21)
(0.0094218863 0.0018438269 6.5164143e-22)
(0.010201075 0.0017016838 -6.3450786e-22)
(0.010925415 0.0015366412 1.1171e-21)
(6.0674113e-07 2.4173461e-06 4.2391563e-23)
(1.9581003e-06 7.7103306e-06 -8.6245006e-23)
(3.606958e-06 1.4030181e-05 4.4390873e-24)
(5.6280142e-06 2.1569097e-05 5.2922138e-24)
(8.1118563e-06 3.0553424e-05 -1.264416e-23)
(1.1175766e-05 4.1246844e-05 7.539504e-24)
(1.4970982e-05 5.3954965e-05 8.5517621e-27)
(1.9693145e-05 6.902945e-05 0)
(2.5596575e-05 8.6871279e-05 2.414272e-26)
(3.3013209e-05 0.0001079325 -2.9797594e-26)
(4.2377515e-05 0.00013271554 0)
(5.425909e-05 0.00016176879 2.0695952e-23)
(6.9404782e-05 0.00019567683 -2.4628176e-23)
(8.879215e-05 0.00023504358 0)
(0.00011369582 0.00028046621 0)
(0.00014576754 0.00033249793 0)
(0.00018712886 0.00039159842 0)
(0.00024047281 0.00045807167 3.0162969e-24)
(0.0003091664 0.00053199334 -3.5105219e-24)
(0.00039734031 0.00061313277 6.7339501e-23)
(0.00050994583 0.0007008783 -2.61922e-24)
(0.00065275294 0.00079417817 -8.9857418e-23)
(0.00083226048 0.00089151141 -3.5820633e-23)
(0.0010554916 0.00099090184 0)
(0.0013296576 0.0010899829 1.8036014e-22)
(0.0016616925 0.0011861107 -1.5200711e-22)
(0.002057684 0.0012765084 -7.1128724e-23)
(0.0025222498 0.001358416 0)
(0.0030579248 0.0014292105 0)
(0.0036646215 0.0014864734 2.1591281e-22)
(0.0043392143 0.0015279973 -3.8830897e-22)
(0.0050752753 0.0015517544 7.8985497e-24)
(0.005862979 0.0015558762 -2.7915421e-22)
(0.006689252 0.0015386943 -2.1541822e-21)
(0.0075380408 0.001498774 4.7661242e-22)
(0.0083906712 0.0014352801 0)
(0.0092270467 0.001348855 -6.8391936e-22)
(0.010027036 0.0012419601 1.3377381e-21)
(0.010772719 0.0011189104 -1.5226353e-21)
(2.2381848e-07 1.5009605e-06 3.1157017e-23)
(7.3746237e-07 4.7872543e-06 -4.557126e-23)
(1.3863966e-06 8.7107421e-06 -5.6422999e-28)
(2.215705e-06 1.33901e-05 -6.4062949e-28)
(3.2805333e-06 1.896498e-05 -3.2615185e-24)
(4.6572296e-06 2.5597676e-05 3.904335e-24)
(6.4498535e-06 3.3475879e-05 4.5697323e-27)
(8.8001524e-06 4.2815387e-05 0)
(1.1901649e-05 5.3863092e-05 -1.2891933e-26)
(1.6018641e-05 6.6900293e-05 2.9797601e-26)
(2.1511574e-05 8.224012e-05 0)
(2.8870803e-05 0.00010022164 8.2898487e-26)
(3.8761005e-05 0.00012120556 1.2676871e-23)
(5.2078373e-05 0.00014556409 -1.9835052e-25)
(7.0022243e-05 0.00017366462 -1.7274465e-23)
(9.4182327e-05 0.00020584644 -6.2212401e-25)
(0.00012664079 0.00024238971 -4.6790025e-20)
(0.00017008518 0.00028347678 5.1976016e-20)
(0.0002279237 0.00032914698 2.8983863e-23)
(0.0003043879 0.00037924826 -1.2586508e-22)
(0.00040460094 0.00043339096 7.3898569e-23)
(0.00053458299 0.00049091158 -5.3158601e-23)
(0.00070116177 0.00055085539 -5.6344513e-24)
(0.00091175895 0.00061198596 -1.49978e-23)
(0.0011740345 0.00067282655 6.2487451e-23)
(0.0014953919 0.00073173121 7.8443229e-23)
(0.0018823729 0.00078697584 7.1174202e-23)
(0.0023399977 0.00083685163 0)
(0.0028711207 0.00087974092 -6.3152844e-23)
(0.0034758704 0.00091415959 2.186532e-22)
(0.0041512264 0.00093876217 8.2730883e-23)
(0.0048907593 0.00095232286 -1.9377944e-22)
(0.0056845459 0.00095372186 0)
(0.0065192949 0.0009419698 8.2989361e-22)
(0.0073786368 0.00091625426 9.7719652e-22)
(0.0082435981 0.00087616102 -2.0375854e-22)
(0.0090936959 0.00082215519 0)
(0.009908247 0.00075582914 -1.9178944e-21)
(0.010668796 0.00067990115 0)
(2.4633005e-08 5.1140478e-07 -5.5996202e-25)
(1.0792356e-07 1.6301629e-06 9.7534846e-25)
(2.4134315e-07 2.963722e-06 1.1651996e-24)
(4.563969e-07 4.5508068e-06 -1.3947843e-24)
(7.8991601e-07 6.4375446e-06 1.6604034e-24)
(1.2974605e-06 8.6776224e-06 -1.9857494e-24)
(2.0593505e-06 1.1334006e-05 2.3509725e-24)
(3.1917692e-06 1.4481319e-05 -2.8132217e-24)
(4.852987e-06 1.8210266e-05 1.2891934e-26)
(7.2680197e-06 2.2623188e-05 0)
(1.076918e-05 2.7821496e-05 -4.6345905e-24)
(1.5806489e-05 3.3913865e-05 5.5055443e-24)
(2.2995338e-05 4.102235e-05 -6.4900024e-24)
(3.3192184e-05 4.9272374e-05 1.0101678e-25)
(4.7558642e-05 5.8787693e-05 8.7767404e-24)
(6.7652745e-05 6.9682444e-05 6.2212807e-25)
(9.5536617e-05 8.2050601e-05 -4.6205241e-20)
(0.00013389544 9.5952838e-05 5.5790345e-20)
(0.00018615917 0.00011140123 1.6083317e-23)
(0.00025661191 0.00012834284 -1.6260352e-23)
(0.00035046602 0.00014664409 -4.2953496e-24)
(0.00047387118 0.00016607848 1.8036293e-23)
(0.00063382509 0.00018632076 -1.0217758e-23)
(0.00083795517 0.0002069503 1.9487761e-23)
(0.0010941528 0.00022746525 -1.087623e-19)
(0.001410063 0.0002473069 1.1378071e-19)
(0.0017924612 0.00026589068 3.8297679e-23)
(0.0022465743 0.00028263807 -3.3196806e-23)
(0.0027754201 0.00029700242 9.670066e-23)
(0.0033792372 0.00030848346 5.5586204e-23)
(0.0040550577 0.00031662919 -5.8944542e-23)
(0.0047964492 0.00032102955 -1.874635e-22)
(0.0055934349 0.00032131167 1.6590501e-22)
(0.0064326105 0.00031714813 -7.7045979e-23)
(0.0072974441 0.00030827644 -5.0244715e-22)
(0.0081687971 0.00029457315 3.3285462e-22)
(0.0090259794 0.00027620734 1.0229014e-22)
(0.0098480234 0.00025372932 4.9832198e-22)
(0.010616198 0.0002280664 1.5304741e-22)
(0.0062703571 -6.9452472e-05 -1.3875223e-22)
(0.0067145394 -6.577745e-05 1.4307729e-23)
(0.007137303 -5.9737673e-05 0)
(0.0075103401 -5.5268417e-05 -7.910052e-23)
(0.0078617324 -5.1012947e-05 0)
(0.0081828845 -4.7244803e-05 0)
(0.0084831071 -4.3837016e-05 0)
(0.0087627541 -4.0722938e-05 -1.1480511e-22)
(0.0090251529 -3.7855306e-05 1.0258639e-22)
(0.0092717001 -3.5188913e-05 -7.030057e-23)
(0.0095046223 -3.2679432e-05 0)
(0.0097239721 -3.0303419e-05 5.2444236e-23)
(0.009933598 -2.8055593e-05 0)
(0.010128935 -2.574825e-05 0)
(0.010319965 -2.4104052e-05 0)
(0.006310275 -0.00020944799 1.2694211e-22)
(0.0067499352 -0.00019856676 0)
(0.007170497 -0.00018028397 4.38746e-23)
(0.0075414836 -0.00016675351 -1.4499208e-24)
(0.0078914755 -0.00015388419 3.7983625e-23)
(0.0082116239 -0.00014246445 0)
(0.0085110912 -0.00013214892 0)
(0.0087901959 -0.00012271872 9.4327562e-23)
(0.0090521645 -0.00011404217 -8.2106447e-23)
(0.0092983462 -0.00010597757 -1.0492762e-22)
(0.0095309196 -9.8398487e-05 6.2029522e-23)
(0.0097498747 -9.1222434e-05 -8.1566066e-23)
(0.0099590874 -8.4451825e-05 8.9951235e-23)
(0.01015377 -7.7497639e-05 -7.3511112e-23)
(0.010344394 -7.2555766e-05 -4.3458388e-24)
(0.0063946697 -0.00034966792 0)
(0.0068268953 -0.00033205424 0)
(0.0072441436 -0.00030154206 3.8595325e-22)
(0.007611565 -0.00027905638 -7.7818011e-23)
(0.0079590123 -0.00025754891 7.7629116e-23)
(0.0082770839 -0.00023845978 2.5270108e-22)
(0.0085747952 -0.00022117979 2.7314625e-22)
(0.0088523953 -0.00020537367 -6.212519e-24)
(0.0091129642 -0.00019081917 -5.3853295e-24)
(0.0093577782 -0.00017728677 4.3122604e-22)
(0.0095889398 -0.00016457214 4.8558817e-19)
(0.0098063425 -0.00015253203 4.3154817e-19)
(0.01001392 -0.00014118717 9.8928405e-19)
(0.010206463 -0.00012953644 -1.2141389e-18)
(0.01039546 -0.00012124623 -1.2690588e-22)
(0.0065263779 -0.00048700187 0)
(0.0069481792 -0.00046342393 5.3474987e-22)
(0.0073609521 -0.00042091871 -1.0419045e-22)
(0.0077232236 -0.00038974387 0)
(0.0080668998 -0.00035974385 -5.9182012e-22)
(0.0083817365 -0.00033310852 -3.1833347e-22)
(0.008676603 -0.00030894673 -2.1800606e-22)
(0.0089516432 -0.00028683428 4.4413561e-22)
(0.0092097469 -0.00026645842 3.4038797e-22)
(0.0094520906 -0.0002475109 -3.3040635e-22)
(0.0096806743 -0.00022971583 -4.7355836e-19)
(0.0098952583 -0.00021286979 -4.5852135e-19)
(0.01009987 -0.0001970172 3.4006199e-19)
(0.010288672 -0.00018075451 2.7016798e-19)
(0.010474718 -0.00016916028 1.2899865e-22)
(0.0067076278 -0.0006178454 -1.23671e-22)
(0.0071159794 -0.00058943757 -3.1542008e-22)
(0.0075230628 -0.00053544633 -4.0098938e-22)
(0.0078785444 -0.0004960648 -5.9942969e-22)
(0.0082171373 -0.00045792755 -7.7457778e-24)
(0.0085274995 -0.00042404723 -5.9224839e-22)
(0.0088183479 -0.00039325562 4.5602507e-22)
(0.0090896857 -0.00036506138 -7.9497299e-22)
(0.0093441704 -0.00033906784 -3.4584791e-22)
(0.0095828512 -0.00031489913 2.9868554e-22)
(0.0098076018 -0.00029221565 3.0365973e-23)
(0.010018013 -0.00027075955 -2.5225894e-22)
(0.010218245 -0.00025059484 -1.4295029e-18)
(0.010401623 -0.00022995397 1.0407536e-18)
(0.010583316 -0.00021519283 0)
(0.0069398655 -0.00073820045 0)
(0.0073317421 -0.00070653932 8.7517762e-22)
(0.0077318809 -0.00064186073 6.2213866e-22)
(0.0080788913 -0.00059500651 1.5667728e-21)
(0.0084110022 -0.00054932168 1.4579619e-22)
(0.0087155771 -0.00050870357 -1.4000764e-22)
(0.0090011577 -0.00047172535 1.0685577e-22)
(0.0092675735 -0.00043784885 2.9495197e-22)
(0.00951721 -0.0004066057 -8.2212575e-23)
(0.0097509615 -0.00037756628 -2.2183829e-22)
(0.0099705551 -0.00035033677 0)
(0.010175377 -0.00032461583 2.6182354e-23)
(0.01036976 -0.00030047447 -5.0496381e-23)
(0.010545995 -0.00027584559 3.1191192e-23)
(0.010721894 -0.00025815684 2.4708878e-22)
(0.0072235766 -0.00084374879 0)
(0.007595976 -0.00081093448 -1.1011579e-21)
(0.0079879153 -0.00073667451 -6.0904626e-22)
(0.0083247371 -0.00068335152 -4.6217851e-24)
(0.0086488833 -0.00063096811 4.7121838e-22)
(0.008946297 -0.00058434983 -7.6247831e-19)
(0.009225297 -0.00054183905 -6.1900776e-19)
(0.00948551 -0.00050287195 -1.0846436e-22)
(0.0097290117 -0.00046692637 1.2000882e-18)
(0.0099565166 -0.00043353611 -2.5674265e-18)
(0.010169588 -0.00040226441 -6.1620751e-23)
(0.010367379 -0.00037278224 6.0359744e-23)
(0.010554425 -0.00034514834 -3.8103403e-22)
(0.010721815 -0.00031708212 3.3072847e-22)
(0.010890482 -0.00029681538 -2.5930916e-22)
(0.0075581086 -0.0009299288 -2.5680383e-22)
(0.0079080439 -0.00089867451 4.4157101e-23)
(0.0082906397 -0.00081628162 2.133841e-22)
(0.0086154993 -0.00075776598 -7.0038305e-22)
(0.0089301215 -0.00069981984 1.0828999e-21)
(0.0092189584 -0.00064819189 6.5867924e-19)
(0.009490022 -0.00060102973 7.3587419e-19)
(0.0097427119 -0.00055776891 0)
(0.0099787598 -0.00051785762 2.7608234e-18)
(0.010198679 -0.000480814 -1.3187932e-18)
(0.010403855 -0.00044617172 0)
(0.010593186 -0.00041359398 -4.4932834e-22)
(0.010771438 -0.00038310351 -2.260641e-23)
(0.010928357 -0.00035230939 -6.4394133e-22)
(0.01108841 -0.00032992699 0)
(0.0079415227 -0.00099202601 -2.8842013e-22)
(0.0082659098 -0.00096555192 -6.4773072e-22)
(0.0086383881 -0.00087709085 -2.0774554e-23)
(0.0089493927 -0.00081492095 1.1963194e-21)
(0.009252872 -0.00075286499 -1.2385374e-21)
(0.0095317042 -0.00069748961 1.0757846e-21)
(0.0097934608 -0.00064679473 -2.2009732e-22)
(0.010037296 -0.00060024891 -5.9024282e-22)
(0.01026457 -0.00055730187 8.7286981e-22)
(0.010475576 -0.00051748101 4.4234991e-22)
(0.010671516 -0.00048030643 -1.0407448e-21)
(0.010851021 -0.00044545683 1.3490252e-21)
(0.011019102 -0.00041289283 7.525303e-22)
(0.011164068 -0.00038022873 3.3469654e-22)
(0.011314232 -0.00035630086 0)
(0.0083707722 -0.0010254435 -1.1957793e-21)
(0.0086694811 -0.0010076016 8.6609947e-22)
(0.0090283278 -0.00091573992 0)
(0.0093232989 -0.00085163955 -1.3964688e-21)
(0.0096140056 -0.00078727707 0)
(0.0098814339 -0.00072969844 -2.5148002e-22)
(0.010132534 -0.00067682853 2.9973141e-23)
(0.010366208 -0.00062821604 1.0289102e-21)
(0.010583421 -0.00058335136 1.3920242e-21)
(0.010784241 -0.00054180049 -1.6698266e-21)
(0.010969681 -0.00050308857 9.0683085e-22)
(0.011138103 -0.00046693583 -1.791585e-21)
(0.01129477 -0.0004332145 -8.0222495e-22)
(0.011426511 -0.00039966719 4.3797047e-23)
(0.011565678 -0.00037485925 4.8682961e-22)
(0.0088417723 -0.0010271521 3.5815675e-21)
(0.0091164794 -0.001019849 -6.724507e-22)
(0.0094545375 -0.00092788766 3.5917625e-23)
(0.0097326515 -0.00086504982 2.0685206e-21)
(0.010009075 -0.00080059491 8.8365787e-22)
(0.010263773 -0.00074262581 0)
(0.010502933 -0.00068916654 -9.1500447e-22)
(0.010725201 -0.00063990252 0)
(0.010931144 -0.00059441125 -1.3965973e-21)
(0.011120599 -0.0005523311 1.2073302e-21)
(0.011294398 -0.00051321382 0)
(0.011450643 -0.00047684904 1.3278881e-23)
(0.011594844 -0.0004429961 -7.3758702e-22)
(0.01171236 -0.00040965191 -6.5573836e-22)
(0.01183964 -0.00038470401 -9.6497174e-22)
(0.0093460921 -0.00099367488 -5.1484617e-22)
(0.0095933075 -0.0010007108 5.1099293e-22)
(0.0099114415 -0.00091104364 1.5982536e-21)
(0.010171529 -0.00085291194 -1.366959e-21)
(0.010432353 -0.00079088221 2.6246036e-22)
(0.010673115 -0.00073458752 5.0855217e-22)
(0.010899163 -0.00068233023 2.7479333e-21)
(0.011108891 -0.00063400184 3.9761362e-22)
(0.011302473 -0.00058932157 -1.8342953e-22)
(0.011479526 -0.00054803842 0)
(0.01164071 -0.00050975508 -1.0063017e-21)
(0.011783895 -0.00047435957 1.7488885e-21)
(0.011914815 -0.00044147726 -2.9888468e-23)
(0.012017435 -0.0004094837 5.3219754e-23)
(0.012132201 -0.00038518295 4.7729584e-22)
(0.0098754378 -0.00092192353 -1.7533002e-23)
(0.010090739 -0.00094965947 3.9529312e-22)
(0.010391404 -0.00086454058 -2.3568732e-21)
(0.010632701 -0.0008138363 -1.8611653e-20)
(0.010876913 -0.00075691561 1.4590599e-18)
(0.01110274 -0.0007045595 6.0259699e-19)
(0.01131467 -0.00065546104 -7.7487679e-19)
(0.011510883 -0.00060978972 -5.5899631e-19)
(0.011691175 -0.00056746692 0)
(0.011854969 -0.00052839451 -1.3626152e-22)
(0.012002775 -0.00049225277 1.1396587e-21)
(0.012132266 -0.0004590573 -7.6693284e-22)
(0.01224937 -0.00042828328 -4.53014e-19)
(0.012336792 -0.00039880316 -4.1348354e-19)
(0.012438715 -0.00037595033 -4.4678035e-22)
(0.010420802 -0.00080974015 -4.2181325e-21)
(0.010605195 -0.00086300574 -1.9826201e-21)
(0.010886002 -0.00078764372 -1.5211211e-21)
(0.01110806 -0.00074729967 -5.7329975e-19)
(0.011334887 -0.00069831901 -5.9964777e-19)
(0.011545029 -0.00065229981 -8.6262618e-19)
(0.011742056 -0.00060842757 5.9050312e-19)
(0.011923975 -0.00056721906 7.3453543e-19)
(0.012090253 -0.00052886135 -1.2953093e-21)
(0.012240149 -0.00049345405 0)
(0.012374055 -0.00046078348 0)
(0.012489499 -0.00043102112 0)
(0.012592558 -0.00040348151 4.2650945e-19)
(0.012664876 -0.00037764224 4.4022773e-19)
(0.012753935 -0.00035701511 -4.1362862e-22)
(0.010971548 -0.0006569842 1.3583214e-18)
(0.011126738 -0.00074024546 4.4850653e-19)
(0.011386096 -0.00068031187 1.5325022e-21)
(0.011588792 -0.00065367751 3.4403474e-22)
(0.011797755 -0.00061562823 -2.2519539e-21)
(0.011991755 -0.00057842189 1.9136513e-21)
(0.012173356 -0.00054189053 1.2695789e-21)
(0.012340448 -0.00050697542 4.790845e-23)
(0.01249222 -0.00047419588 1.6289929e-21)
(0.012627826 -0.00044389589 0)
(0.012747576 -0.00041599683 1.1113097e-22)
(0.012848918 -0.0003908523 1.4966949e-21)
(0.012938018 -0.00036761234 -1.342075e-21)
(0.012995719 -0.00034645392 -1.2113497e-21)
(0.0130722 -0.00032877052 8.6046808e-22)
(0.011516103 -0.0004650814 -7.6875102e-19)
(0.011644559 -0.00058240255 -1.0183151e-18)
(0.01188186 -0.00054371915 2.8042638e-21)
(0.012065654 -0.00053434666 -2.0900464e-21)
(0.01225669 -0.00051031959 1.822004e-21)
(0.012434442 -0.00048441313 -2.3363873e-21)
(0.012600403 -0.00045731389 -2.8213173e-21)
(0.0127524 -0.00043048187 -3.3356301e-22)
(0.012889436 -0.00040483929 6.1829729e-22)
(0.013010622 -0.00038102125 -2.8488905e-22)
(0.013116234 -0.00035911268 5.3372127e-19)
(0.013203716 -0.00033967204 4.2497596e-19)
(0.013279249 -0.00032168818 1.2564594e-21)
(0.013323189 -0.00030611409 1.2848547e-21)
(0.013387656 -0.00029199928 -7.8942824e-22)
(0.012042425 -0.00023705024 1.7180767e-21)
(0.012147683 -0.00039171055 -1.768409e-21)
(0.012363306 -0.00038031258 -3.4121832e-21)
(0.012529396 -0.00039172541 4.922772e-21)
(0.012702967 -0.00038478617 -2.5626603e-21)
(0.012864765 -0.00037259191 -1.2792245e-21)
(0.013015205 -0.00035691557 1.586644e-21)
(0.013152134 -0.00033984745 3.1975328e-22)
(0.013274472 -0.0003227865 -3.1596181e-22)
(0.013381373 -0.00030670386 1.762068e-21)
(0.013473137 -0.00029187425 -4.5690134e-19)
(0.013547279 -0.00027907889 -4.9568573e-19)
(0.013609916 -0.00026715652 -1.1539258e-21)
(0.013641271 -0.00025789179 -3.0418919e-23)
(0.013694522 -0.00024785036 1.5676353e-21)
(0.012538501 2.2384799e-05 -4.020671e-22)
(0.012625448 -0.00017172721 2.5810779e-21)
(0.012820814 -0.00019366709 9.0467034e-22)
(0.012971217 -0.00022919236 -4.4386551e-21)
(0.013128391 -0.00024223683 -5.8219872e-23)
(0.013274967 -0.000245996 1.2772518e-21)
(0.013410352 -0.00024355493 0)
(0.01353253 -0.00023775801 -2.8407576e-21)
(0.013640475 -0.00023055466 3.0103684e-22)
(0.013733486 -0.00022329221 -2.2048187e-21)
(0.013811942 -0.00021645752 2.1214899e-21)
(0.013873514 -0.00021106623 -1.0993081e-22)
(0.013924157 -0.00020582677 3.8446504e-23)
(0.013944354 -0.00020338721 -7.1482905e-23)
(0.013987353 -0.00019778616 -7.4733416e-22)
(0.012992853 0.00030684181 -3.8635759e-21)
(0.013067956 7.2797625e-05 3.7384229e-22)
(0.01324561 1.1769348e-05 -2.2921521e-21)
(0.013383203 -5.0885225e-05 2.0942422e-21)
(0.013525705 -8.6504203e-05 0)
(0.013658233 -0.000108198 0)
(0.013779377 -0.00012055881 0)
(0.013887404 -0.00012731375 2.4953197e-21)
(0.013981512 -0.00013103212 0)
(0.014061263 -0.00013346957 0)
(0.014127174 -0.0001353422 0)
(0.014177148 -0.0001379047 4.4570417e-19)
(0.014216875 -0.0001397652 3.5609865e-19)
(0.014227505 -0.00014444055 9.8789786e-22)
(0.014261308 -0.00014350184 6.994754e-22)
(0.013395174 0.00060821569 3.6987134e-21)
(0.01346661 0.00033597864 0)
(0.0136302 0.00023093118 1.7256605e-21)
(0.013758697 0.00013853544 5.1017834e-22)
(0.01388893 7.8180827e-05 4.0086582e-22)
(0.014009017 3.6910436e-05 -3.3162609e-21)
(0.014117051 8.4823282e-06 0)
(0.01421178 -1.1838149e-05 2.2361889e-21)
(0.014292835 -2.7299954e-05 0)
(0.014360168 -4.0087624e-05 1.684507e-21)
(0.014414481 -5.1157437e-05 1.4504673e-21)
(0.014453982 -6.2000399e-05 -3.8771812e-19)
(0.014483977 -7.1166909e-05 -4.0191779e-19)
(0.014486704 -8.3018952e-05 1.0177541e-21)
(0.014512377 -8.682292e-05 -7.175613e-22)
(0.013737189 0.00091626963 2.9593954e-22)
(0.01381513 0.00061023374 -6.2134266e-23)
(0.013969118 0.00045793091 -2.4049205e-22)
(0.014092816 0.00033383966 0)
(0.014213754 0.00024723572 0)
(0.014323342 0.00018522603 2.5185379e-21)
(0.014419634 0.00013985368 -2.0445461e-21)
(0.01450212 0.00010527544 1.3789387e-22)
(0.014571087 7.7525619e-05 -2.4901155e-22)
(0.01462701 5.3989909e-05 -1.463847e-21)
(0.014670814 3.3469854e-05 -1.6123419e-21)
(0.014701055 1.4249375e-05 0)
(0.014722544 -2.2222889e-06 0)
(0.014719009 -2.1093618e-05 -3.6594683e-21)
(0.014737557 -2.9593178e-05 1.1824893e-21)
(0.014011579 0.0012202726 2.5455152e-22)
(0.014110022 0.000886511 -4.7372191e-22)
(0.014259685 0.00068615515 -1.9944294e-22)
(0.014382973 0.00052937614 7.9635189e-22)
(0.014497874 0.00041589388 2.3659484e-21)
(0.014599035 0.00033261256 -3.0019984e-22)
(0.014685051 0.00026988988 2.3426775e-21)
(0.014756448 0.00022072758 -1.7603638e-21)
(0.01481441 0.00018044801 4.1348788e-19)
(0.014860048 0.00014603497 2.8166309e-19)
(0.014894513 0.00011605651 0)
(0.014916737 8.8589781e-05 1.2902588e-22)
(0.014930916 6.5008356e-05 1.6865779e-21)
(0.014922657 3.9478392e-05 1.7959571e-21)
(0.014934947 2.6434411e-05 -1.2128174e-21)
(0.014206871 0.0015147754 1.1970772e-21)
(0.014344678 0.0011610132 -1.2203173e-21)
(0.014498467 0.00091358737 -2.4745166e-21)
(0.014626719 0.00072285427 3.3302255e-22)
(0.014739635 0.00058170943 -2.9842161e-21)
(0.0148349 0.00047652808 0)
(0.014912383 0.00039603285 0)
(0.014974052 0.00033201849 0)
(0.015022262 0.00027908053 -2.9621427e-19)
(0.015058869 0.00023380901 -3.8099991e-19)
(0.015085239 0.00019452645 1.384902e-22)
(0.015100679 0.00015910614 -1.3769106e-22)
(0.015108666 0.00012875342 -1.6795854e-21)
(0.015097061 9.7070966e-05 -1.0242795e-22)
(0.015103757 7.9731446e-05 0)
(0.014298997 0.0018163794 -1.476956e-21)
(0.014493494 0.001446924 1.3714679e-21)
(0.014669232 0.0011522665 2.9988482e-22)
(0.014813988 0.00092188176 3.0553842e-22)
(0.014933252 0.00074865892 -5.2696181e-19)
(0.015027808 0.00061855286 -2.6987083e-19)
(0.015100059 0.0005184492 -1.8511658e-21)
(0.015154305 0.00043855103 3.2409062e-21)
(0.015194624 0.0003724381 -2.808871e-21)
(0.015223844 0.00031614549 0)
(0.015243575 0.00026763869 -2.0664827e-21)
(0.01525353 0.00022454528 1.0645979e-22)
(0.015256405 0.00018777067 -1.047869e-22)
(0.015242721 0.00015044358 0)
(0.015244198 0.00012920727 8.8850606e-22)
(0.010503093 -2.074475e-05 0)
(0.010681129 -1.8660175e-05 0)
(0.010867916 -1.6360238e-05 0)
(0.011047991 -1.418592e-05 0)
(0.011227741 -1.2259766e-05 0)
(0.011402178 -1.0473744e-05 0)
(0.011571339 -8.8833289e-06 0)
(0.011733506 -7.4505808e-06 0)
(0.011887026 -6.1775991e-06 0)
(0.012031044 -5.0278294e-06 0)
(0.01216194 -4.012591e-06 0)
(0.012280548 -3.0686581e-06 0)
(0.012378036 -2.2495964e-06 0)
(0.012461106 -1.5179574e-06 0)
(0.012514587 -5.6868135e-07 0)
(0.010525566 -6.2536666e-05 0)
(0.010700656 -5.6294742e-05 0)
(0.010885075 -4.9376633e-05 0)
(0.011062969 -4.283405e-05 0)
(0.011240784 -3.7030778e-05 0)
(0.011413538 -3.164763e-05 0)
(0.011581235 -2.6850063e-05 0)
(0.011742148 -2.2526522e-05 0)
(0.011894609 -1.8682616e-05 0)
(0.012037744 -1.5209758e-05 0)
(0.012167932 -1.2140936e-05 0)
(0.012285981 -9.2887776e-06 0)
(0.012383093 -6.8117473e-06 0)
(0.012465888 -4.5875436e-06 0)
(0.012519355 -1.6864426e-06 0)
(0.010572222 -0.00010460954 0)
(0.010741205 -9.4248481e-05 0)
(0.010920714 -8.2743692e-05 0)
(0.011094079 -7.1846735e-05 0)
(0.011267876 -6.2159548e-05 0)
(0.011437128 -5.3164064e-05 0)
(0.011601774 -4.5134025e-05 0)
(0.011760072 -3.7889684e-05 0)
(0.011910319 -3.1441366e-05 0)
(0.012051606 -2.5610412e-05 0)
(0.012180304 -2.0452464e-05 0)
(0.012297171 -1.565676e-05 0)
(0.012393474 -1.1487122e-05 0)
(0.012475673 -7.7298336e-06 0)
(0.012529075 -2.7866129e-06 0)
(0.010644494 -0.00014618923 0)
(0.010804078 -0.00013187408 0)
(0.010976002 -0.00011595992 0)
(0.011142365 -0.00010083092 0)
(0.011309937 -8.7342444e-05 0)
(0.011473752 -7.4791809e-05 7.8354277e-36)
(0.011633657 -6.3560535e-05 -6.9391731e-36)
(0.01178788 -5.3409866e-05 0)
(0.01193467 -4.4358129e-05 0)
(0.012073063 -3.616115e-05 0)
(0.012199418 -2.8899288e-05 0)
(0.012314419 -2.2141101e-05 0)
(0.012409417 -1.6256365e-05 0)
(0.012490648 -1.0960275e-05 0)
(0.012543895 -3.9519596e-06 0)
(0.010743477 -0.0001864176 0)
(0.010890322 -0.0001684451 0)
(0.011051917 -0.00014845858 0)
(0.011208729 -0.00012933979 0)
(0.011367783 -0.0001122326 0)
(0.011524143 -9.6264973e-05 0)
(0.01167753 -8.1927616e-05 0)
(0.011826137 -6.8935923e-05 0)
(0.011968148 -5.7321416e-05 0)
(0.01210253 -4.678131e-05 0)
(0.01222562 -3.7424565e-05 0)
(0.012338009 -2.8703956e-05 0)
(0.012431149 -2.1095256e-05 0)
(0.012510998 -1.4252864e-05 0)
(0.012563937 -5.1708937e-06 0)
(0.010869839 -0.0002243593 0)
(0.011000667 -0.00020316861 0)
(0.011149188 -0.00017961235 0)
(0.011293886 -0.00015687626 0)
(0.011442094 -0.0001364412 0)
(0.011588929 -0.00011728357 0)
(0.011733963 -0.00010000592 0)
(0.011875353 -8.4294903e-05 0)
(0.012011202 -7.0202563e-05 0)
(0.012140395 -5.7377018e-05 0)
(0.012259238 -4.5961354e-05 0)
(0.012368212 -3.5299856e-05 0)
(0.012458882 -2.5974329e-05 0)
(0.012536892 -1.7593482e-05 0)
(0.012589298 -6.4043534e-06 0)
(0.011023731 -0.00025902545 0)
(0.011135446 -0.00023520383 0)
(0.011268234 -0.00020874536 0)
(0.011398315 -0.00018290072 0)
(0.011533369 -0.00015954219 0)
(0.011668607 -0.00013751611 0)
(0.011803432 -0.00011754005 0)
(0.011935967 -9.9292656e-05 0)
(0.012064228 -8.2855943e-05 0)
(0.012187005 -6.7841065e-05 0)
(0.012300571 -5.4432418e-05 0)
(0.01240528 -4.1875416e-05 0)
(0.012492813 -3.085848e-05 0)
(0.012568488 -2.0963551e-05 0)
(0.012620056 -7.6569125e-06 0)
(0.011204708 -0.00028940635 0)
(0.011294529 -0.00026368683 0)
(0.011409106 -0.00023514988 0)
(0.011522212 -0.00020684219 0)
(0.011641891 -0.00018107939 0)
(0.011763508 -0.00015660397 0)
(0.011886288 -0.00013425105 0)
(0.012008328 -0.00011371519 0)
(0.012127556 -9.5119633e-05 0)
(0.012242663 -7.80531e-05 0)
(0.012349882 -6.2750144e-05 0)
(0.012449434 -4.8369154e-05 0)
(0.012533119 -3.5706619e-05 0)
(0.01260592 -2.4338836e-05 0)
(0.012656273 -8.9229237e-06 0)
(0.011411661 -0.00031451155 0)
(0.011477257 -0.00028776138 0)
(0.011571429 -0.00025810762 0)
(0.011665436 -0.00022811301 0)
(0.011767683 -0.00020057634 0)
(0.011873765 -0.00017416768 0)
(0.011982731 -0.00014984034 0)
(0.012092672 -0.00012733096 0)
(0.012201432 -0.00010681665 0)
(0.012307608 -8.7880206e-05 0)
(0.012407391 -7.0816716e-05 0)
(0.012500864 -5.4711415e-05 0)
(0.012579949 -4.0471466e-05 0)
(0.012649305 -2.7689679e-05 0)
(0.012697992 -1.0191344e-05 0)
(0.011642763 -0.00033341645 0)
(0.011682389 -0.00030661521 0)
(0.011754354 -0.00027691598 0)
(0.011827471 -0.0002461274 0)
(0.011910472 -0.00021754905 0)
(0.011999281 -0.00018981537 0)
(0.012092784 -0.00016399518 0)
(0.012189099 -0.00013989428 0)
(0.012286002 -0.00011775694 0)
(0.012382002 -9.7177999e-05 0)
(0.01247326 -7.8524629e-05 0)
(0.012559718 -6.0824526e-05 0)
(0.012633422 -4.5099489e-05 0)
(0.012698733 -3.0981012e-05 0)
(0.012745237 -1.144794e-05 0)
(0.01189545 -0.00034531328 0)
(0.011908067 -0.00031952046 0)
(0.011956521 -0.00029091857 0)
(0.01200738 -0.00026032339 0)
(0.012069649 -0.00023152161 0)
(0.012139692 -0.00020315347 0)
(0.012216267 -0.0001763958 0)
(0.012297553 -0.00015114992 0)
(0.012381292 -0.00012774032 0)
(0.012465921 -0.00010579234 0)
(0.012547585 -8.5757621e-05 0)
(0.012626096 -6.6623218e-05 0)
(0.012693623 -4.9531031e-05 0)
(0.012754266 -3.4172237e-05 0)
(0.012798011 -1.2675728e-05 0)
(0.012166428 -0.00034956391 0)
(0.012151805 -0.00032587632 0)
(0.012176034 -0.00029953885 0)
(0.012203782 -0.00027018779 0)
(0.012244242 -0.00024204448 0)
(0.012294345 -0.0002137996 0)
(0.012352765 -0.0001867243 0)
(0.012417797 -0.00016083907 0)
(0.012487188 -0.00013656025 0)
(0.012559333 -0.00011356172 0)
(0.012630384 -9.2392095e-05 0)
(0.012700036 -7.2015386e-05 0)
(0.01276059 -5.3700643e-05 0)
(0.012815934 -3.7217237e-05 0)
(0.012856293 -1.3854742e-05 0)
(0.012451726 -0.00034575028 0)
(0.012410508 -0.00032525109 0)
(0.012410465 -0.00030231527 0)
(0.012414838 -0.000275283 0)
(0.012432896 -0.00024871491 0)
(0.012462271 -0.00022139738 0)
(0.012501614 -0.00019467516 0)
(0.012549396 -0.00016870657 0)
(0.012603422 -0.00014400875 0)
(0.012662089 -0.00012032045 0)
(0.012721584 -9.8299065e-05 0)
(0.012781512 -7.6903226e-05 0)
(0.012834312 -5.753767e-05 0)
(0.012883727 -4.0064588e-05 0)
(0.012920034 -1.496198e-05 0)
(0.01274679 -0.00033371821 0)
(0.012680522 -0.00031742042 0)
(0.012656878 -0.00029893565 0)
(0.012638253 -0.00027527451 0)
(0.012633868 -0.00025119862 0)
(0.012642174 -0.00022563284 0)
(0.012661878 -0.00019996719 0)
(0.012691694 -0.00017450945 0)
(0.012729554 -0.00014988225 0)
(0.012773903 -0.00012590253 0)
(0.012821007 -0.00010334669 0)
(0.012870417 -8.1184787e-05 0)
(0.012914721 -6.0967127e-05 0)
(0.012957592 -4.2657995e-05 0)
(0.012989159 -1.5971527e-05 0)
(0.013046624 -0.00031360944 0)
(0.012957721 -0.00030239789 0)
(0.012911881 -0.00028926788 0)
(0.012871308 -0.00026995701 0)
(0.012845029 -0.00024925168 0)
(0.012832425 -0.00022625158 0)
(0.01283234 -0.00020235667 0)
(0.012843806 -0.00017802652 0)
(0.012864954 -0.00015398846 0)
(0.012894342 -0.00013014643 0)
(0.012928364 -0.00010740342 0)
(0.012966557 -8.475598e-05 0)
(0.013001681 -6.3910902e-05 0)
(0.013037426 -4.4936969e-05 0)
(0.013063556 -1.6854792e-05 0)
(0.01334597 -0.00028587749 0)
(0.013237638 -0.00028045416 0)
(0.013171715 -0.00027338406 0)
(0.013110906 -0.00025927728 0)
(0.013063897 -0.00024274103 0)
(0.013031074 -0.00022307598 0)
(0.013011502 -0.00020165091 0)
(0.013004606 -0.00017906876 0)
(0.013008798 -0.00015615398 0)
(0.013022813 -0.00013290048 0)
(0.013043235 -0.00011034174 0)
(0.01306964 -8.7513054e-05 0)
(0.013094984 -6.628929e-05 0)
(0.013123069 -4.6837793e-05 0)
(0.013143078 -1.7580894e-05 0)
(0.013639523 -0.00025128328 0)
(0.013515619 -0.0002521214 0)
(0.013432363 -0.00025157468 0)
(0.013353653 -0.00024335124 0)
(0.013287683 -0.00023166195 0)
(0.013235872 -0.00021602117 0)
(0.013197596 -0.00019772177 0)
(0.013172732 -0.00017749017 0)
(0.013160057 -0.00015623261 0)
(0.013158558 -0.000134029 0)
(0.01316507 -0.00011204247 0)
(0.013179268 -8.9355557e-05 0)
(0.013194339 -6.8022908e-05 0)
(0.013214298 -4.8294813e-05 0)
(0.013227539 -1.8117377e-05 0)
(0.013922162 -0.00021086859 0)
(0.01378701 -0.00021818041 0)
(0.013689697 -0.00022435036 0)
(0.013595957 -0.00022247305 0)
(0.013513355 -0.00021615078 0)
(0.013444319 -0.00020510851 0)
(0.013388604 -0.00019051812 0)
(0.013346591 -0.00017319836 0)
(0.013317503 -0.00015411387 0)
(0.013300645 -0.00013341882 0)
(0.013293176 -0.00011239961 0)
(0.01329493 -9.0189722e-05 0)
(0.013299368 -6.9034948e-05 0)
(0.013310825 -4.9242076e-05 0)
(0.013316704 -1.8431099e-05 0)
(0.014189191 -0.00016590726 0)
(0.014047355 -0.00017962963 0)
(0.013939631 -0.00019242893 0)
(0.013834153 -0.00019711435 0)
(0.013737732 -0.00019649086 0)
(0.013653719 -0.00019047512 0)
(0.013582298 -0.00018007615 0)
(0.013524386 -0.00016616432 0)
(0.013479714 -0.00014973141 0)
(0.013447974 -0.00013098602 0)
(0.013426714 -0.0001113254 0)
(0.013415996 -8.9932222e-05 0)
(0.013409599 -6.9253758e-05 0)
(0.013412282 -4.9614989e-05 0)
(0.013410282 -1.8487696e-05 0)
(0.014436552 -0.00011783649 0)
(0.014292598 -0.00013763695 0)
(0.014178296 -0.00015670737 0)
(0.014064641 -0.00016791204 0)
(0.013957587 -0.00017311058 0)
(0.01386126 -0.00017237822 0)
(0.013776291 -0.0001665267 0)
(0.013704142 -0.00015643057 0)
(0.013645095 -0.00014307064 0)
(0.013599284 -0.00012668251 0)
(0.013564706 -0.00010875566 0)
(0.013541715 -8.8514154e-05 0)
(0.013524459 -6.8615643e-05 0)
(0.013518225 -4.9351591e-05 0)
(0.013507898 -1.825283e-05 0)
(0.014661008 -6.8172559e-05 0)
(0.014519262 -9.347804e-05 0)
(0.014402205 -0.00011821936 0)
(0.014284031 -0.00013564445 0)
(0.014169765 -0.00014657228 0)
(0.014064101 -0.00015119308 0)
(0.013968105 -0.00015009833 0)
(0.013883755 -0.00014411686 0)
(0.013811905 -0.00013417525 0)
(0.013753166 -0.00012050217 0)
(0.013706035 -0.00010465502 0)
(0.013671217 -8.5885332e-05 0)
(0.013643277 -6.7068024e-05 0)
(0.013628126 -4.8394678e-05 0)
(0.013609126 -1.7693521e-05 0)
(0.01486027 -1.8421116e-05 0)
(0.014724602 -4.8467099e-05 0)
(0.014608407 -7.8081615e-05 0)
(0.014489287 -0.00010119629 0)
(0.014371309 -0.00011755196 0)
(0.014259478 -0.00012740375 0)
(0.014155246 -0.00013111543 0)
(0.014061044 -0.00012942278 0)
(0.013978294 -0.00012315201 0)
(0.013908091 -0.00011248653 0)
(0.013849465 -9.9022379e-05 0)
(0.013803517 -8.2019434e-05 0)
(0.013765283 -6.4573557e-05 0)
(0.013741374 -4.6696634e-05 0)
(0.013713503 -1.6780015e-05 0)
(0.015033059 2.9978269e-05 0)
(0.014906709 -3.8777342e-06 0)
(0.014794607 -3.7434867e-05 0)
(0.014677855 -6.5515495e-05 0)
(0.014559583 -8.6809604e-05 0)
(0.014444811 -0.00010158637 0)
(0.014335291 -0.00010999045 0)
(0.014233823 -0.00011262601 0)
(0.014142353 -0.00011017289 0)
(0.014062437 -0.00010272866 0)
(0.013993652 -9.1895752e-05 0)
(0.013937527 -7.6918637e-05 0)
(0.013889611 -6.1114596e-05 0)
(0.013857273 -4.422397e-05 0)
(0.013820502 -1.5495074e-05 0)
(0.015179093 7.5596547e-05 0)
(0.015064578 3.9197127e-05 0)
(0.014959244 2.6180744e-06 0)
(0.014847768 -2.9566973e-05 0)
(0.014732381 -5.5148745e-05 0)
(0.014617805 -7.438224e-05 0)
(0.014505982 -8.7205875e-05 0)
(0.014399973 -9.406996e-05 0)
(0.014302167 -9.5466757e-05 0)
(0.014214534 -9.1365198e-05 0)
(0.014137181 -8.3345352e-05 0)
(0.014072072 -7.0602696e-05 0)
(0.014015308 -5.6684893e-05 0)
(0.013975047 -4.0939217e-05 0)
(0.013929549 -1.3811036e-05 0)
(0.014356079 0.0024183216 6.2042612e-23)
(0.014787191 0.0022648269 -1.207048e-23)
(0.015118137 0.0019876838 9.0954926e-24)
(0.015281929 0.0015485535 -8.1637137e-22)
(0.015314148 0.0010738159 -1.4657282e-21)
(0.015299884 0.00068603181 2.3725451e-21)
(0.015279382 0.00041114786 -7.1527206e-21)
(0.015249491 0.00020910668 0)
(0.015167091 5.833039e-05 8.475614e-22)
(0.014277717 0.0026644065 -5.7764199e-23)
(0.014684322 0.0024430518 0)
(0.014987633 0.0020773382 0)
(0.015148822 0.0015739333 8.6099416e-22)
(0.015206467 0.0010749151 1.3614688e-21)
(0.015225569 0.00068437435 4.1062009e-21)
(0.015230064 0.00041001707 2.6384626e-20)
(0.01521556 0.00020945962 0)
(0.015140643 6.0170367e-05 0)
(0.014098142 0.0028381344 5.8576677e-22)
(0.014500349 0.0025572012 0)
(0.014812144 0.0021208919 0)
(0.014999564 0.0015737977 0)
(0.015096338 0.0010640067 6.1660137e-22)
(0.015151561 0.0006757722 -7.0230901e-21)
(0.015181028 0.0004039169 -3.8168239e-20)
(0.015181616 0.00020624483 2.3859147e-21)
(0.015117579 5.954139e-05 -2.218682e-21)
(0.01387388 0.0029429029 -1.157355e-21)
(0.014282301 0.0026106589 2.9602139e-22)
(0.014617842 0.0021225321 4.2182532e-21)
(0.014844414 0.0015509057 4.9048619e-21)
(0.014986006 0.0010413159 -1.4648731e-20)
(0.015078555 0.00066009442 2.6169617e-21)
(0.015133286 0.00039372629 2.2212236e-20)
(0.015149366 0.0002013413 1.6480173e-21)
(0.015097734 5.8321595e-05 -2.4481315e-21)
(0.013616562 0.0029813597 -4.5110021e-22)
(0.014043101 0.0026086658 3.3213894e-22)
(0.014414227 0.0020871379 -8.7570271e-21)
(0.014688379 0.0015075689 -4.9612377e-21)
(0.014877685 0.0010072784 -1.0379128e-18)
(0.015007578 0.00063748615 -8.9580273e-19)
(0.015087298 0.00037954775 5.2364341e-20)
(0.015118602 0.00019457222 -6.5533115e-20)
(0.015080335 5.6369274e-05 -1.0731631e-20)
(0.013337792 0.0029558838 3.7302958e-21)
(0.013792835 0.0025554334 -4.4465563e-21)
(0.014208315 0.0020182858 4.8649645e-21)
(0.014535003 0.0014452852 0)
(0.014772892 0.00096223707 7.8928569e-19)
(0.014939387 0.00060812186 1.1835533e-18)
(0.015043551 0.00036145713 -1.1317066e-19)
(0.015089603 0.00018582429 -8.5466333e-20)
(0.015065275 5.3890579e-05 -1.8758874e-19)
(0.013049086 0.0028698128 -2.3813996e-21)
(0.013540533 0.0024553254 9.0543588e-21)
(0.014005955 0.0019191306 0)
(0.014387239 0.0013653374 0)
(0.014672989 0.00090661572 -2.1512682e-20)
(0.014874691 0.00057226309 -9.8378204e-20)
(0.015002446 0.00033957146 6.2955105e-20)
(0.015062873 0.00017497286 1.3562358e-19)
(0.015052253 5.1173149e-05 4.0384818e-19)
(0.012760993 0.0027273154 2.1108649e-21)
(0.013293985 0.0023127507 -6.0799066e-21)
(0.013811987 0.0017925907 0)
(0.014247588 0.0012689881 -2.1340694e-21)
(0.014579225 0.00084096163 1.7043613e-21)
(0.014814134 0.00053026069 5.3633016e-20)
(0.014964356 0.00031407721 0)
(0.015038964 0.00016205083 0)
(0.015039321 4.8013125e-05 -2.3307479e-19)
(0.012482757 0.0025331604 -2.4131959e-21)
(0.013059763 0.0021320432 -5.8874892e-21)
(0.013630421 0.001641415 0)
(0.014118196 0.0011575462 2.1693455e-20)
(0.014492746 0.00076594298 0)
(0.014758315 0.00048255146 3.5831412e-21)
(0.014929653 0.00028532511 -8.3852044e-20)
(0.015017623 0.00014728391 3.2399083e-21)
(0.015028549 4.4064903e-05 2.5154585e-19)
(0.012222396 0.0022925201 -5.5636211e-21)
(0.01284342 0.0019174823 1.4337168e-20)
(0.013464612 0.001468278 0)
(0.014000925 0.0010324087 -2.4740147e-20)
(0.014414624 0.00068234185 -2.3589163e-20)
(0.01470782 0.0004296452 -7.2265588e-20)
(0.01489848 0.00025387366 1.6387557e-19)
(0.014999329 0.00013075308 2.1880366e-19)
(0.015018902 3.9286111e-05 -1.5706734e-20)
(0.0119868 0.0020109053 1.0210854e-20)
(0.012649643 0.0016733516 -7.569831e-21)
(0.013317392 0.0012758619 0)
(0.013897387 0.00089508442 0)
(0.01434585 0.000591051 -1.6222639e-21)
(0.014663315 0.00037205816 6.8241959e-20)
(0.014869653 0.00021999282 -1.7638206e-19)
(0.014982618 0.0001130584 -9.220843e-20)
(0.015011744 3.3960287e-05 -3.0692766e-19)
(0.011781782 0.0016941224 -4.528518e-21)
(0.012482344 0.0014039858 -7.6722808e-22)
(0.013191133 0.0010669083 -9.5795447e-21)
(0.013808962 0.00074719974 -1.2345756e-20)
(0.01428725 0.00049305934 6.5186127e-20)
(0.014625607 0.00031031178 0)
(0.014845726 0.00018362553 9.7098932e-20)
(0.014968761 9.4346867e-05 -1.2192501e-19)
(0.015005222 2.8285422e-05 0)
(0.011612122 0.0013482244 -2.5049825e-21)
(0.012344723 0.0011137982 0)
(0.013087791 0.00084424534 1.0074758e-20)
(0.013736808 0.00059049376 1.5390762e-20)
(0.014239512 0.00038944436 -3.321674e-20)
(0.014595024 0.00024502272 -6.7499999e-21)
(0.014826874 0.00014492187 5.2571852e-20)
(0.01495838 7.4380804e-05 4.9157134e-21)
(0.014999848 2.2359116e-05 2.3794103e-20)
(0.0114816 0.00097946646 3.457939e-21)
(0.012239313 0.00080729138 0)
(0.013008921 0.000610794 1.4084207e-21)
(0.013681863 0.00042680587 1.4502022e-20)
(0.0142032 0.00028136316 -2.1910029e-21)
(0.014571768 0.00017694019 -2.2279302e-20)
(0.014812493 0.00010454575 -5.5754678e-20)
(0.014950479 5.3635231e-05 8.4532781e-20)
(0.014995569 1.6083137e-05 -7.0372308e-21)
(0.011393031 0.00059426876 9.2033018e-22)
(0.012167996 0.00048906121 0)
(0.012955692 0.00036957296 0)
(0.013644837 0.0002580759 -7.9875717e-21)
(0.014178751 0.00017006102 1.1493716e-20)
(0.014556087 0.00010688068 1.1720273e-20)
(0.014802596 6.3084958e-05 0)
(0.014944418 3.2407464e-05 -4.3199797e-20)
(0.014993198 9.6282818e-06 0)
(0.011348283 0.00019919208 -7.1359539e-22)
(0.012132027 0.00016380568 1.1434262e-22)
(0.012928884 0.00012371206 -6.2928521e-22)
(0.01362621 8.636219e-05 -8.7024381e-21)
(0.014166457 5.6896718e-05 -1.0452229e-20)
(0.014548194 3.5745023e-05 1.3994521e-20)
(0.014797587 2.1101496e-05 -1.0790058e-21)
(0.014941345 1.0918913e-05 -4.7793603e-20)
(0.014992058 3.0757075e-06 -5.8926158e-21)
(0.014528128 0.00202769 0)
(0.014735759 0.0016608946 3.3234244e-19)
(0.014912071 0.0013491446 3.7463788e-19)
(0.015051513 0.0010978006 -5.2105127e-24)
(0.015157669 0.00090294795 4.1504238e-19)
(0.015234215 0.00075261643 4.0479199e-19)
(0.015287221 0.00063423603 1.9198577e-21)
(0.015323464 0.00053812356 -3.3756926e-21)
(0.015348127 0.0004579443 2.9952539e-22)
(0.015364196 0.00038979373 2.295378e-21)
(0.015372835 0.00033142097 4.1534862e-21)
(0.015373778 0.00028036123 0)
(0.015368628 0.00023684811 -1.4322682e-21)
(0.015350668 0.00019407224 2.4435031e-18)
(0.015344413 0.00016890718 1.8627701e-18)
(0.01495317 0.0019632673 -3.0224916e-22)
(0.015151312 0.0016577361 -3.2135887e-19)
(0.015289612 0.0013973696 -3.6265535e-19)
(0.015382412 0.0011812133 -1.4106848e-21)
(0.015441466 0.0010037063 0)
(0.015476378 0.00085695071 -2.4319417e-23)
(0.015495522 0.00073366024 2.4397787e-23)
(0.015505242 0.0006286819 0)
(0.015509104 0.00053857515 2.8320255e-21)
(0.015508378 0.00046104178 -4.4212557e-22)
(0.015502925 0.00039430542 -3.9845062e-21)
(0.015492267 0.0003361825 1.4351128e-23)
(0.015477034 0.00028618481 2.1355266e-22)
(0.015453233 0.00023858706 -2.7013914e-18)
(0.015437882 0.00020847778 -2.0473111e-18)
(0.015260054 0.0018137038 2.3960465e-22)
(0.015403439 0.0016091267 -4.355786e-22)
(0.015498558 0.0014145321 -1.0633953e-21)
(0.015557929 0.0012404346 1.1225723e-21)
(0.015596263 0.0010856996 2.8354924e-23)
(0.015620642 0.00094725869 0)
(0.015634049 0.00082429192 2.8954007e-23)
(0.015639805 0.00071586716 -8.1064752e-22)
(0.015639466 0.00062053079 2.2173581e-24)
(0.01563332 0.00053738326 -1.903238e-21)
(0.015621797 0.00046506629 1.7515675e-21)
(0.015605583 0.00040167611 -2.0104929e-23)
(0.015585504 0.00034604953 1.4085823e-21)
(0.015560289 0.00029506524 -9.5456639e-22)
(0.015539715 0.00025755472 0)
(0.015395463 0.001468134 0)
(0.015482887 0.0013535275 1.3770615e-23)
(0.015547235 0.0012342206 1.058849e-23)
(0.015595407 0.0011193567 -1.1507158e-22)
(0.015632545 0.0010109467 -1.7252865e-22)
(0.015659518 0.00090944059 1.824933e-23)
(0.015676891 0.00081537738 -2.3100703e-22)
(0.015686631 0.00072873936 8.2435273e-22)
(0.015688501 0.00064953624 5.8646057e-22)
(0.015684889 0.00057761513 -4.8070445e-23)
(0.015676467 0.0005119568 0)
(0.015664089 0.00045206604 -5.2475019e-22)
(0.015648788 0.00039768158 5.0111666e-22)
(0.015630039 0.00034776495 3.162301e-22)
(0.015611988 0.00030531947 -4.4197019e-22)
(0.015394262 0.0010478175 0)
(0.01544162 0.00099640681 -6.6848466e-23)
(0.015482896 0.00093960922 -1.1755332e-23)
(0.015518166 0.00088181698 -2.6143507e-23)
(0.01554778 0.00082392649 1.0697424e-22)
(0.015571938 0.00076644358 0)
(0.015591007 0.00070984833 1.5616774e-22)
(0.015605364 0.00065454977 -1.7357047e-22)
(0.015615652 0.00060099065 -3.7215022e-22)
(0.015622334 0.00054928804 0)
(0.0156259 0.00049979013 4.1991761e-23)
(0.01562689 0.00045297691 3.8848989e-22)
(0.015625419 0.00040981569 -3.7633667e-22)
(0.015622148 0.00036913617 2.8096516e-22)
(0.015617422 0.0003297848 3.238126e-22)
(0.015350503 0.00068256486 -6.3057444e-23)
(0.015373554 0.0006624046 1.2168597e-22)
(0.015396008 0.0006387414 -8.4549474e-23)
(0.015417167 0.00061351456 1.6646113e-22)
(0.015436798 0.000587105 6.6087284e-23)
(0.015454921 0.00055973085 0)
(0.015471542 0.00053160913 -7.0901443e-23)
(0.01548665 0.00050295601 -4.2978722e-23)
(0.015500246 0.00047399664 0)
(0.01551235 0.00044496032 0)
(0.015522988 0.0004160651 -5.5867224e-25)
(0.015532195 0.00038750321 -5.2173736e-23)
(0.015540098 0.00035939099 2.4974483e-23)
(0.015546989 0.00033188181 4.2883842e-23)
(0.015552163 0.00030501575 9.0321456e-24)
(0.015310923 0.0004152778 5.4830144e-23)
(0.015321657 0.0004082871 5.9828372e-24)
(0.015332855 0.00039965612 0)
(0.01534412 0.0003901958 0)
(0.015355304 0.00038001817 1.6022175e-22)
(0.015366403 0.00036915248 -3.832521e-22)
(0.015377392 0.00035762159 8.1397382e-23)
(0.015388224 0.00034545316 -9.2677084e-23)
(0.015398852 0.00033268128 3.8033188e-22)
(0.01540924 0.00031934549 -3.7639753e-22)
(0.015419359 0.00030549146 1.9180474e-22)
(0.015429187 0.00029117297 0)
(0.015438712 0.00027645353 0)
(0.015447982 0.00026139043 0)
(0.015456545 0.00024599359 0)
(0.015271258 0.00021520294 -1.0164174e-22)
(0.015276133 0.00021323106 1.527803e-22)
(0.015281559 0.00021060954 -1.4437562e-22)
(0.015287287 0.00020766063 2.5956801e-22)
(0.015293222 0.00020441393 -6.0940915e-22)
(0.015299392 0.00020086262 2.8394336e-22)
(0.015305817 0.00019699635 -3.7175677e-23)
(0.015312495 0.00019280675 6.5045951e-23)
(0.015319423 0.00018828864 0)
(0.015326598 0.00018344081 3.0253494e-22)
(0.015334019 0.00017826687 -1.1811759e-23)
(0.015341683 0.00017277611 -2.3934975e-22)
(0.015349584 0.00016698412 0)
(0.015357738 0.00016091405 1.5570541e-22)
(0.01536597 0.00015458725 -1.5884139e-22)
(0.015184084 6.3217408e-05 1.3641229e-23)
(0.015186983 6.2875368e-05 0)
(0.015190184 6.2361708e-05 -3.2309379e-22)
(0.015193614 6.1769763e-05 6.9924289e-22)
(0.015197257 6.1106072e-05 -3.446203e-22)
(0.015201133 6.0367343e-05 0)
(0.01520526 5.9549415e-05 2.3198583e-23)
(0.015209649 5.8648744e-05 0)
(0.01521431 5.7662633e-05 0)
(0.015219253 5.6589402e-05 0)
(0.015224489 5.5428745e-05 -8.5921396e-22)
(0.015230027 5.4182314e-05 8.5017151e-22)
(0.015235875 5.2855256e-05 0)
(0.015242024 5.1465199e-05 0)
(0.015248651 5.0062778e-05 0)
(0.015283649 0.00011198373 0)
(0.015180991 7.469484e-05 0)
(0.015083223 3.6109651e-05 0)
(0.014978466 1.1435794e-06 0)
(0.014868043 -2.7503014e-05 0)
(0.014756175 -5.0090817e-05 0)
(0.014644871 -6.6399231e-05 0)
(0.014537305 -7.6738799e-05 0)
(0.014436166 -8.1408761e-05 0)
(0.014343706 -8.0229228e-05 0)
(0.014260462 -7.4745586e-05 0)
(0.014188761 -6.4068116e-05 0)
(0.014125209 -5.1975753e-05 0)
(0.01407864 -3.7312099e-05 0)
(0.01402587 -1.1928796e-05 0)
(0.01538235 0.00015021123 0)
(0.015293923 0.00011188039 0)
(0.015205493 7.1841962e-05 0)
(0.015109742 3.4445032e-05 0)
(0.015006632 2.9244334e-06 0)
(0.014899702 -2.2895851e-05 0)
(0.014790971 -4.2733582e-05 0)
(0.014683637 -5.6726946e-05 0)
(0.014580639 -6.4926023e-05 0)
(0.014484462 -6.6976834e-05 0)
(0.014396079 -6.4351701e-05 0)
(0.014318181 -5.6072557e-05 0)
(0.014247976 -4.6130554e-05 4.0008448e-19)
(0.014194975 -3.2784716e-05 4.9486508e-19)
(0.014134411 -9.6145249e-06 0)
(0.015495446 0.0002031798 0)
(0.015429669 0.00016309744 0)
(0.015358009 0.00012266869 0)
(0.015278766 8.337088e-05 0)
(0.015190514 4.8747864e-05 0)
(0.015095296 1.9234248e-05 0)
(0.014994936 -5.0958691e-06 0)
(0.014892497 -2.4106497e-05 0)
(0.014791048 -3.7357156e-05 0)
(0.014693191 -4.4255401e-05 0)
(0.014600421 -4.6035301e-05 0)
(0.014515879 -4.1673184e-05 0)
(0.014437703 -3.5244573e-05 -5.8004627e-19)
(0.014376403 -2.4224748e-05 -7.2838333e-19)
(0.014304477 -5.1553494e-06 0)
(0.015586155 0.00026062116 0)
(0.015551296 0.00022313114 0)
(0.015506898 0.00018453114 0)
(0.015454661 0.00014603971 0)
(0.015392852 0.00011015592 0)
(0.015321456 7.8268008e-05 0)
(0.015241517 5.010081e-05 0)
(0.015155428 2.5833554e-05 0)
(0.015065795 6.6647985e-06 0)
(0.014974775 -6.5227213e-06 0)
(0.014884133 -1.4385636e-05 0)
(0.01479731 -1.5991875e-05 0)
(0.014713609 -1.4931382e-05 0)
(0.014644855 -8.0028952e-06 0)
(0.014559749 3.9976329e-06 0)
(0.015611191 0.00029468849 0)
(0.015602464 0.00026382668 0)
(0.015587597 0.00023208562 0)
(0.015566641 0.00019984859 0)
(0.015538084 0.00016963618 0)
(0.01550306 0.00014277567 0)
(0.015459875 0.00011621881 0)
(0.01540745 9.0107942e-05 0)
(0.015348432 6.7276177e-05 0)
(0.01528333 4.8769261e-05 0)
(0.015212967 3.4740403e-05 0)
(0.015139982 2.5988807e-05 0)
(0.015064353 2.0266734e-05 0)
(0.014998358 2.1138312e-05 0)
(0.014908541 2.2523665e-05 0)
(0.015557532 0.00028301086 0)
(0.015563572 0.00026393726 0)
(0.015567291 0.00024472307 0)
(0.015566931 0.0002234038 0)
(0.015563584 0.00019993198 0)
(0.015556643 0.00017653757 0)
(0.015545436 0.00015328261 0)
(0.015530845 0.00013166372 0)
(0.015511491 0.00011255778 0)
(0.01548753 9.6643971e-05 0)
(0.015458886 8.4767146e-05 0)
(0.015425368 7.5989963e-05 0)
(0.015385978 6.8109629e-05 0)
(0.015348105 6.4405051e-05 0)
(0.015286527 5.4821626e-05 0)
(0.015465303 0.00023358864 0)
(0.015475036 0.00022246174 0)
(0.015484648 0.00021024871 0)
(0.015493661 0.00019701558 0)
(0.015501957 0.00018294759 0)
(0.015509288 0.00016851648 0)
(0.015515144 0.00015442876 0)
(0.015519431 0.00014072695 0)
(0.015521407 0.00012661749 0)
(0.015521327 0.00011260186 0)
(0.015520234 0.00010014686 0)
(0.015518543 9.0200611e-05 0)
(0.015516451 8.2598755e-05 0)
(0.015514614 7.9663095e-05 0)
(0.015509228 7.2627021e-05 0)
(0.015374137 0.00014947195 0)
(0.015383004 0.00014494215 0)
(0.015392373 0.00013977607 0)
(0.015402043 0.00013385771 0)
(0.015412092 0.00012716475 0)
(0.015422463 0.00011973725 -2.2747211e-34)
(0.015433041 0.0001116755 2.3695784e-34)
(0.015443802 0.00010319393 0)
(0.01545472 9.4680168e-05 0)
(0.015465657 8.6526881e-05 0)
(0.015476544 7.9155969e-05 0)
(0.015487218 7.3298651e-05 0)
(0.015499326 6.8571286e-05 0)
(0.015509299 6.5562198e-05 0)
(0.01552668 6.1893476e-05 0)
(0.015254674 4.8581118e-05 0)
(0.015261664 4.7410786e-05 0)
(0.015268996 4.6075142e-05 0)
(0.015276905 4.452e-05 0)
(0.015285568 4.2730392e-05 0)
(0.01529494 4.0700289e-05 0)
(0.015304943 3.8436085e-05 0)
(0.015315511 3.5957703e-05 0)
(0.015326576 3.3297029e-05 0)
(0.015338066 3.0508502e-05 0)
(0.015349933 2.7693513e-05 0)
(0.015362198 2.4951885e-05 0)
(0.015375129 2.2562179e-05 0)
(0.015388007 2.0963613e-05 0)
(0.015408249 1.9774339e-05 0)
(2.3569431e-09 8.6081996e-08 0)
(1.6439235e-08 2.749057e-07 0)
(4.6555193e-08 5.0089209e-07 0)
(1.032738e-07 7.7115719e-07 1.2629733e-25)
(1.9972873e-07 1.0942409e-06 -1.4157613e-27)
(3.5589918e-07 1.4802112e-06 -1.8087522e-25)
(6.0096048e-07 1.9409067e-06 0)
(9.7703567e-07 2.4901887e-06 -2.556413e-25)
(1.5446253e-06 3.1441973e-06 9.6316231e-28)
(2.3901847e-06 3.9215981e-06 3.4882088e-25)
(3.6365625e-06 4.8437965e-06 0)
(5.4572563e-06 5.9350831e-06 0)
(8.0956572e-06 7.2226578e-06 0)
(1.1890644e-05 8.7364615e-06 -6.6821339e-25)
(1.731e-05 1.0508719e-05 7.7225222e-25)
(2.4993044e-05 1.2573077e-05 -2.1746009e-25)
(3.5803445e-05 1.4963196e-05 1.9272742e-24)
(5.0892165e-05 1.771066e-05 -2.1409706e-24)
(7.1768633e-05 2.0842082e-05 3.5420042e-20)
(0.00010037532 2.437535e-05 -4.0088989e-20)
(0.00013915682 2.8315122e-05 0)
(0.00019110947 3.2647835e-05 0)
(0.00025979288 3.7336833e-05 0)
(0.00034928127 4.2318458e-05 8.9550787e-24)
(0.00046403388 4.7500199e-05 4.2974146e-20)
(0.00060867143 5.2762004e-05 -4.130451e-20)
(0.0007876611 5.7961476e-05 0)
(0.0010049344 6.2943002e-05 2.7258721e-23)
(0.0012634845 6.7549865e-05 -2.4174137e-23)
(0.0015650053 7.1637522e-05 -3.7309015e-23)
(0.0019096374 7.5085514e-05 8.6993213e-21)
(0.002295846 7.7807383e-05 8.8943866e-21)
(0.002720551 7.975338e-05 3.8879709e-23)
(0.0031791147 8.0914514e-05 8.6944683e-23)
(0.0036664216 8.1290702e-05 4.0959589e-24)
(0.0041746686 8.0974553e-05 1.1356284e-22)
(0.0047017362 7.9934315e-05 -5.8243851e-24)
(0.0052290252 7.8333025e-05 -1.626363e-22)
(0.0057779803 7.7263366e-05 0)
(1.8306543e-08 2.6036271e-07 1.98212e-25)
(6.7396283e-08 8.3140028e-07 0)
(1.3946012e-07 1.5147086e-06 -8.045248e-28)
(2.4642578e-07 2.3319593e-06 4.808777e-28)
(4.0306552e-07 3.3090038e-06 1.148463e-27)
(6.3130615e-07 4.4763241e-06 -2.739163e-27)
(9.6263853e-07 5.8697682e-06 0)
(1.4419337e-06 7.5313128e-06 9.9236721e-25)
(2.1329456e-06 9.5098376e-06 -3.7474412e-27)
(3.12597e-06 1.1861869e-05 2.7392108e-26)
(4.548372e-06 1.4652221e-05 -1.6494966e-24)
(6.5789364e-06 1.7954427e-05 -6.035557e-26)
(9.4672057e-06 2.1850796e-05 1.4086192e-25)
(1.3559158e-05 2.6431885e-05 2.4377552e-24)
(1.933068e-05 3.1795096e-05 -3.0093685e-24)
(2.7430213e-05 3.804205e-05 -2.1202691e-25)
(3.8731489e-05 4.5274311e-05 -4.7157194e-24)
(5.4396296e-05 5.358706e-05 4.1957175e-24)
(7.5945295e-05 6.3060332e-05 3.7700165e-20)
(0.00010533207 7.374769e-05 -3.8237745e-20)
(0.0001450114 8.5662589e-05 0)
(0.00019798804 9.8763318e-05 -4.0139722e-21)
(0.00026782704 0.00011293828 -4.0694383e-21)
(0.00035860412 0.0001279942 -1.7842797e-25)
(0.0004747753 0.00014365064 -1.6724609e-23)
(0.000620953 0.00015954396 4.1512953e-25)
(0.00080159165 0.0001752431 3.4682983e-23)
(0.0010206069 0.00019027726 2.4495731e-23)
(0.0012809755 0.00020417244 7.7376461e-21)
(0.0015843767 0.00021649159 7.5451264e-21)
(0.0019309417 0.00022687055 -8.4831486e-21)
(0.0023191336 0.00023504791 -9.3352654e-21)
(0.0027458801 0.00024087383 -6.1358065e-23)
(0.003206565 0.00024431981 -1.0241607e-22)
(0.0036960979 0.00024538765 2.2495374e-24)
(0.0042067112 0.000244351 -1.0337136e-22)
(0.0047364037 0.00024111903 3.9948494e-22)
(0.005266184 0.00023619305 1.7102611e-22)
(0.0058194122 0.00023280134 0)
(5.1567275e-08 4.3889932e-07 -7.7334534e-32)
(1.7368117e-07 1.4014949e-06 6.680708e-25)
(3.3327967e-07 2.553312e-06 -7.9975174e-25)
(5.4515267e-07 3.9309251e-06 -5.2665004e-23)
(8.2751876e-07 5.5779166e-06 2.519308e-23)
(1.2064065e-06 7.5456753e-06 1.364774e-24)
(1.7181886e-06 9.8946349e-06 -6.3314073e-27)
(2.4135342e-06 1.2695558e-05 0)
(3.3630646e-06 1.6030834e-05 2.3031752e-24)
(4.6651814e-06 1.999573e-05 -2.7359046e-24)
(6.4567775e-06 2.4699451e-05 0)
(8.927777e-06 3.0265851e-05 -3.5675988e-24)
(1.2340659e-05 3.68335e-05 4.5347325e-24)
(1.7056294e-05 4.4554751e-05 4.9030797e-24)
(2.3567527e-05 5.3593331e-05 -5.8640959e-24)
(3.2541821e-05 6.4119858e-05 7.0043362e-24)
(4.487385e-05 7.630459e-05 -6.5397508e-24)
(6.1747861e-05 9.0306706e-05 8.0982413e-24)
(8.4707785e-05 0.00010625953 -1.1088519e-23)
(0.00011573016 0.00012425144 9.1834467e-24)
(0.00015729086 0.00014430294 -1.9116677e-23)
(0.00021241184 0.00016634138 3.22955e-21)
(0.00028466928 0.00019017631 4.8837006e-21)
(0.00037814174 0.00021547981 -3.5936119e-23)
(0.00049727808 0.0002417774 1.7220872e-23)
(0.00064667316 0.00026845503 -3.5954986e-20)
(0.00083075438 0.00029478583 5.2624482e-20)
(0.001053404 0.00031997665 -4.9831661e-23)
(0.0013175641 0.00034322965 -3.1172129e-19)
(0.0016248834 0.00036380963 5.0425929e-19)
(0.0019754731 0.00038110412 -1.1563096e-22)
(0.0023677914 0.00039467361 1.1491391e-22)
(0.0027987818 0.00040426769 0)
(0.0032638721 0.00040983493 0)
(0.0037580246 0.00041138256 2.5252673e-22)
(0.0042735423 0.00040935692 5.4784507e-22)
(0.0048086688 0.00040360253 -4.3638146e-22)
(0.0053436076 0.00039503597 -7.3795012e-22)
(0.0059056472 0.0003885797 3.9026778e-23)
(1.0380525e-07 6.2137278e-07 3.7225641e-25)
(3.4061337e-07 1.9841367e-06 -6.4851868e-25)
(6.3770267e-07 3.6147211e-06 -7.7401768e-25)
(1.0143634e-06 5.5648948e-06 -4.2054795e-23)
(1.494231e-06 7.8963135e-06 8.6969279e-23)
(2.1097823e-06 1.0681668e-05 1.3187129e-24)
(2.9050654e-06 1.4006427e-05 2.6058948e-27)
(3.9398647e-06 1.7970644e-05 -1.8587196e-24)
(5.2955968e-06 2.2690785e-05 1.7328221e-26)
(7.083402e-06 2.8301467e-05 2.6243906e-24)
(9.4551392e-06 3.4956945e-05 -3.1100173e-24)
(1.2618217e-05 4.283207e-05 3.5215301e-24)
(1.6855399e-05 5.2122334e-05 -4.5401714e-24)
(2.2550877e-05 6.3042485e-05 6.1770241e-25)
(3.0223999e-05 7.5823034e-05 1.0602604e-23)
(4.0571912e-05 9.0703806e-05 -1.2997168e-23)
(5.4521882e-05 0.00010792358 -1.810166e-24)
(7.3293036e-05 0.00012770484 1.9854115e-23)
(9.8465344e-05 0.00015023277 -1.3139867e-23)
(0.00013205079 0.0001756283 1.8099197e-23)
(0.00017655765 0.00020391571 3.7434645e-20)
(0.00023503418 0.00023498715 -5.2162534e-20)
(0.00031107325 0.00026856807 0)
(0.00040875711 0.00030418989 1.7607054e-23)
(0.00053252283 0.00034117769 -5.0266314e-23)
(0.00068693713 0.00037866051 -5.5190814e-20)
(0.00087638473 0.00041560953 3.4653045e-20)
(0.0011046955 0.00045090401 0)
(0.0013747565 0.00048341805 -5.4547839e-19)
(0.0016881693 0.00051211505 2.9148873e-19)
(0.0020450129 0.0005361318 1.3581929e-22)
(0.0024437367 0.00055484932 -1.1729497e-22)
(0.0028813089 0.0005679179 0)
(0.0033532228 0.00057525919 0)
(0.0038545226 0.00057688741 -2.9284799e-22)
(0.0043776151 0.00057341565 -4.3903372e-22)
(0.0049211124 0.00056458431 -8.8571353e-22)
(0.0054640026 0.00055192206 7.9495157e-22)
(0.0060394938 0.00054113124 -7.9360552e-23)
(1.7685643e-07 8.0709219e-07 7.2248614e-25)
(5.7404918e-07 2.5771084e-06 0)
(1.0633885e-06 4.6948712e-06 -1.5024425e-24)
(1.6704495e-06 7.2275693e-06 1.7961166e-24)
(2.4264308e-06 1.0255189e-05 0)
(3.3728094e-06 1.3872009e-05 0)
(4.5643422e-06 1.8188848e-05 -3.0585628e-24)
(6.0735278e-06 2.333539e-05 7.2430237e-24)
(7.9968324e-06 2.9462522e-05 -4.779795e-26)
(1.0463147e-05 3.6744561e-05 -5.1117021e-24)
(1.3645169e-05 4.5381124e-05 6.007533e-24)
(1.7774638e-05 5.55983e-05 -1.4155586e-23)
(2.3162511e-05 6.7648622e-05 8.3023639e-24)
(3.0225357e-05 8.1809152e-05 -3.004314e-25)
(3.951926e-05 9.8376803e-05 1.2388588e-23)
(5.1782416e-05 0.00011765982 -2.6758097e-23)
(6.7987056e-05 0.00013996415 1.601424e-23)
(8.9400265e-05 0.0001655735 -8.6478773e-27)
(0.00011765137 0.00019472201 -1.0284017e-26)
(0.00015480067 0.00022755921 8.8200379e-24)
(0.00020340033 0.00026410825 4.9597852e-20)
(0.00026653384 0.00030422019 -3.839424e-20)
(0.00034781589 0.00034752976 0)
(0.00045133253 0.00039342082 -3.5799612e-23)
(0.00058150322 0.00044101124 0)
(0.0007428546 0.0004891672 6.2321801e-23)
(0.00093971135 0.00053655328 2.756789e-23)
(0.00117583 0.00058171805 -7.5631857e-23)
(0.0014540214 0.00062320608 4.697365e-23)
(0.0017758206 0.00065967912 -3.797043e-23)
(0.0021412619 0.00069002311 1.0204128e-22)
(0.0025487803 0.00071344043 -6.2878659e-23)
(0.0029953762 0.00072948576 -4.0717082e-22)
(0.0034766299 0.00073804924 -4.3101001e-22)
(0.0039876945 0.00073915162 -4.4227177e-22)
(0.0045211134 0.00073356969 -6.7956664e-23)
(0.0050759725 0.00072086632 9.4749187e-22)
(0.0056296706 0.00070349683 -9.743203e-23)
(0.0062231787 0.00068652893 1.1238347e-21)
(2.7274689e-07 9.9516818e-07 7.0025903e-25)
(8.8045192e-07 3.1775539e-06 0)
(1.6221013e-06 5.7885237e-06 0)
(2.5315018e-06 8.9108232e-06 1.7402392e-24)
(3.6497526e-06 1.2642911e-05 -2.0813527e-24)
(5.0301068e-06 1.71008e-05 2.4787714e-24)
(6.7413245e-06 2.2420799e-05 -5.8899856e-24)
(8.8725171e-06 2.8762341e-05 3.5223803e-24)
(1.1539799e-05 3.6310819e-05 4.1695981e-24)
(1.4895214e-05 4.5280256e-05 -1.9776367e-26)
(1.9138612e-05 5.5915528e-05 -5.8540893e-24)
(2.4533389e-05 6.8493691e-05 0)
(3.1427135e-05 8.3323796e-05 0)
(4.027841e-05 0.00010074436 9.2940489e-24)
(5.1690851e-05 0.00012111736 -1.1477212e-23)
(6.6455658e-05 0.00014481754 3.0639603e-24)
(8.5602951e-05 0.00017221534 -1.0257862e-23)
(0.00011046135 0.00020365209 -3.5762735e-24)
(0.00014272322 0.00023940625 1.2621577e-23)
(0.00018451019 0.00027965026 -2.6135328e-23)
(0.0002384297 0.00032439938 3.7317132e-23)
(0.00030760894 0.00037345596 3.680066e-23)
(0.00039568872 0.00042635607 -3.7693442e-23)
(0.00050675779 0.00048232816 3.5838748e-23)
(0.00064521061 0.00054027606 0)
(0.00081552003 0.00059879789 -3.6112327e-25)
(0.0010219315 0.0006562487 5.5435556e-23)
(0.0012681054 0.000710846 -5.321704e-23)
(0.0015567531 0.00076080664 -4.3853465e-23)
(0.0018893232 0.00080449385 4.1854476e-23)
(0.0022657904 0.00084054519 0)
(0.0026845669 0.00086798785 0)
(0.0031426924 0.00088628809 3.1330657e-24)
(0.0036358537 0.0008952993 -4.3407544e-22)
(0.0041593354 0.00089504694 8.550299e-23)
(0.0047058484 0.00088646958 0)
(0.0052750257 0.00086885406 -1.0174439e-22)
(0.0058423698 0.00084599195 -1.2067069e-21)
(0.0064581799 0.00082045132 -2.4358299e-21)
(3.936734e-07 1.184364e-06 0)
(1.2668262e-06 3.7815117e-06 0)
(2.3265839e-06 6.8884321e-06 -1.3767781e-27)
(3.6171031e-06 1.0603449e-05 1.6825035e-24)
(5.191925e-06 1.5043489e-05 -2.0241692e-24)
(7.1190897e-06 2.034627e-05 0)
(9.484927e-06 2.6673514e-05 -1.1198614e-26)
(1.2399372e-05 3.421426e-05 6.5577224e-21)
(1.6003142e-05 4.318816e-05 -8.28737e-21)
(2.0477232e-05 5.3848558e-05 0)
(2.6055399e-05 6.6484998e-05 0)
(3.3040501e-05 8.142463e-05 1.3067771e-23)
(4.1825709e-05 9.903178e-05 -1.5634311e-23)
(5.2921709e-05 0.00011970466 -5.650783e-25)
(6.6991013e-05 0.00014386794 1.3030998e-24)
(8.4890255e-05 0.00017195964 -1.4922307e-24)
(0.00010772075 0.00020441052 -3.3641411e-24)
(0.00013688647 0.00024161427 0)
(0.00017415655 0.0002838872 3.0461937e-20)
(0.00022172676 0.00033141698 -4.8418347e-20)
(0.00028227064 0.00038420228 0)
(0.00035896665 0.00044198745 0)
(0.0004554847 0.0005042005 0)
(0.00057591349 0.00056990601 3.5441529e-23)
(0.00072461321 0.00063778698 0)
(0.00090598707 0.00070616947 -2.7161256e-20)
(0.0011241799 0.00077309828 7.1626339e-20)
(0.0013827314 0.00083646261 0)
(0.0016842281 0.00089415738 -8.8321616e-23)
(0.0020300108 0.00094425436 8.4439383e-23)
(0.0024199784 0.00098514784 0)
(0.0028525079 0.0010156961 3.6804695e-22)
(0.0033246825 0.00103529 4.3227792e-22)
(0.0038323134 0.0010437394 7.3081369e-22)
(0.0043708317 0.0010410727 1.3017742e-21)
(0.004933143 0.0010283879 -1.2173505e-22)
(0.0055194565 0.0010045832 7.7454573e-22)
(0.0061031646 0.00097526331 1.8732753e-21)
(0.0067450534 0.00093825446 -1.3941003e-22)
(5.4198774e-07 1.3730496e-06 1.31337e-24)
(1.7406682e-06 4.3837644e-06 0)
(3.1904669e-06 7.9850617e-06 2.7324166e-24)
(4.9481901e-06 1.2290716e-05 -6.5320335e-24)
(7.0825735e-06 1.7435933e-05 7.8160033e-24)
(9.6797011e-06 2.357988e-05 -4.6491293e-24)
(1.2847319e-05 3.0909347e-05 0)
(1.6720718e-05 3.9642509e-05 6.7668524e-21)
(2.1470529e-05 5.0032636e-05 -7.5997626e-21)
(2.7312896e-05 6.2371521e-05 9.3349243e-24)
(3.4522665e-05 7.6992203e-05 -1.0989766e-23)
(4.3450415e-05 9.4270358e-05 -1.2655917e-23)
(5.4544303e-05 0.00011462349 3.0663606e-23)
(6.8377729e-05 0.00013850675 9.4767728e-25)
(8.5683807e-05 0.00016640391 -4.3064921e-23)
(0.00010739734 0.00019881168 2.1852913e-23)
(0.00013470431 0.00023621539 -2.5950636e-23)
(0.00016909783 0.000279054 7.7361555e-24)
(0.00021243724 0.00032767323 4.2748722e-20)
(0.00026700464 0.00038226632 -3.1772245e-20)
(0.00033554943 0.00044280469 0)
(0.00042130754 0.00050896369 -4.2414373e-25)
(0.00052797913 0.00058005273 -1.0818166e-22)
(0.00065964788 0.00065496347 -1.0265254e-22)
(0.00082062806 0.00073215185 1.357485e-22)
(0.001015235 0.00080966937 -7.1569357e-20)
(0.0012474894 0.00088525267 2.381007e-20)
(0.0015207831 0.00095646919 -2.055973e-22)
(0.0018375509 0.0010209022 0)
(0.0021990036 0.0010763438 7.7861985e-23)
(0.0026049453 0.0011209524 -4.2354312e-22)
(0.003053701 0.0011534269 -4.2818128e-22)
(0.0035423974 0.0011731053 4.1969715e-22)
(0.0040669858 0.001179744 0)
(0.0046230484 0.0011733737 -1.5286549e-22)
(0.0052037057 0.0011552488 1.8038359e-23)
(0.0058097174 0.001123765 -7.6092051e-22)
(0.0064122669 0.0010868521 6.9870835e-20)
(0.0070832603 0.0010350688 7.3944532e-19)
(7.2014759e-07 1.5590873e-06 2.5397812e-24)
(2.3098083e-06 4.9774758e-06 -2.2099466e-24)
(4.2279813e-06 9.0659329e-06 0)
(6.5466072e-06 1.3953367e-05 3.089741e-27)
(9.3525857e-06 1.9792841e-05 -7.3798248e-27)
(1.2753548e-05 2.6764443e-05 -1.7572898e-26)
(1.6882788e-05 3.507935e-05 0)
(2.1905795e-05 4.4983999e-05 -4.9830731e-26)
(2.8028781e-05 5.6764154e-05 -5.9309439e-26)
(3.5509616e-05 7.0748618e-05 8.9573574e-24)
(4.4671819e-05 8.7312064e-05 -2.1206985e-23)
(5.5922365e-05 0.0001068763 1.2515184e-23)
(6.9774202e-05 0.00012990896 -2.3101342e-27)
(8.6874381e-05 0.00015691823 -1.6401953e-23)
(0.00010803861 0.0001884421 2.2191583e-23)
(0.00013429272 0.00022502986 -1.8114413e-23)
(0.00016692079 0.0002672139 2.5566714e-23)
(0.00020751848 0.00031546955 -4.6473614e-26)
(0.00025804805 0.00037016151 3.0639525e-23)
(0.00032088901 0.00043147691 1.5370193e-23)
(0.00039887487 0.00049934745 -1.9538565e-24)
(0.00049530309 0.00057336691 -3.6819698e-23)
(0.00061390288 0.00065271461 3.5581142e-23)
(0.00075874524 0.00073610018 7.0154815e-23)
(0.00093408404 0.00082174718 6.4397083e-23)
(0.0011441258 0.00090743224 -6.4203201e-23)
(0.0013927405 0.00099058919 -2.2467568e-22)
(0.0016831437 0.0010684748 2.1531343e-22)
(0.0020175893 0.0011383764 9.6195343e-23)
(0.0023971349 0.0011978235 -3.2283672e-22)
(0.0028214688 0.0012447487 2.8596732e-22)
(0.0032888409 0.0012777035 6.0692445e-22)
(0.0037964125 0.0012960102 -6.4149757e-22)
(0.0043402941 0.001299354 -6.2525817e-22)
(0.0049162064 0.0012877741 -6.2410919e-22)
(0.0055174942 0.0012626772 -7.9910722e-22)
(0.0061453817 0.0012218557 -2.3990543e-22)
(0.0067688742 0.0011760749 -8.1233796e-19)
(0.0074710077 0.0011059341 -3.4167728e-20)
(9.3064548e-07 1.7397325e-06 1.2267308e-24)
(2.9821846e-06 5.5538747e-06 -1.0446589e-27)
(5.4535446e-06 1.0115046e-05 -2.5506828e-24)
(8.4344706e-06 1.5566735e-05 3.0496279e-24)
(1.2033207e-05 2.2079154e-05 -3.6393022e-24)
(1.6382678e-05 2.9852435e-05 8.7000361e-24)
(2.1646124e-05 3.9121056e-05 -5.1851851e-24)
(2.8024388e-05 5.0158353e-05 6.1760306e-24)
(3.5765251e-05 6.3280891e-05 -1.4634802e-23)
(4.5175237e-05 7.8852347e-05 8.6210958e-24)
(5.6634481e-05 9.7286369e-05 0)
(7.0615371e-05 0.00011904757 0)
(8.770576e-05 0.00014464953 -4.4245612e-25)
(0.00010863751 0.00017464835 1.6355533e-23)
(0.00013432103 0.00020962984 -2.0285398e-23)
(0.00016588593 0.00025018818 -2.7265708e-24)
(0.00020472743 0.00029689358 0)
(0.00025255644 0.00035024686 4.7513733e-23)
(0.00031144974 0.00041061937 -6.0839275e-23)
(0.00038389365 0.00047817857 0)
(0.00047281186 0.00055280231 6.7228826e-23)
(0.00058156488 0.00063398907 -1.0615088e-22)
(0.00071390658 0.00072077609 -3.5354552e-23)
(0.00087388445 0.00081168228 -9.9232469e-25)
(0.0010656741 0.00090469506 -4.1833402e-24)
(0.0012933492 0.00099731871 5.6633737e-23)
(0.0015606006 0.0010866937 -3.3945051e-22)
(0.0018704356 0.0011697821 2.2955102e-24)
(0.0022248969 0.0012435978 -9.6077871e-23)
(0.002624866 0.0013054327 6.4984394e-22)
(0.0030698911 0.0013530068 -1.3615431e-22)
(0.0035581199 0.0013847307 -3.6699888e-22)
(0.0040867156 0.0013999671 -8.4398513e-22)
(0.0046519859 0.0013983156 1.2317836e-23)
(0.0052497507 0.0013798324 1.2332837e-21)
(0.005873574 0.0013460713 -2.3076356e-22)
(0.0065249953 0.0012941522 -1.7220506e-21)
(0.0071710125 0.0012381501 5.4678798e-22)
(0.0079051324 0.0011460169 -2.4962026e-21)
(1.1758967e-06 1.9115159e-06 -1.1822364e-24)
(3.7654848e-06 6.1018797e-06 2.0588936e-24)
(6.88111e-06 1.11122e-05 -2.4590713e-24)
(1.0633166e-05 1.7099701e-05 2.9401799e-24)
(1.5154619e-05 2.4250682e-05 -3.5083416e-24)
(2.0607656e-05 3.2784027e-05 8.3787799e-24)
(2.7190115e-05 4.295593e-05 -4.9792892e-24)
(3.5143608e-05 5.5064685e-05 0)
(4.4763767e-05 6.9455266e-05 0)
(5.641299e-05 8.6523296e-05 8.2083721e-24)
(7.0536256e-05 0.00010671779 -9.900519e-24)
(8.7680634e-05 0.00013054175 -3.6141067e-25)
(0.00010851917 0.00015854932 0)
(0.00013387979 0.00019133795 -9.9500642e-25)
(0.00016477955 0.00022953336 -1.1397194e-24)
(0.00020246428 0.00027376517 2.6106424e-24)
(0.00024845266 0.00032463036 -2.9561422e-24)
(0.00030458247 0.00038264254 0)
(0.00037305491 0.00044816553 0)
(0.00045647036 0.00052133194 0)
(0.00055784602 0.00060195038 -1.6496587e-23)
(0.00068060358 0.0006894096 1.0769659e-24)
(0.00082851369 0.00078259288 7.037601e-23)
(0.0010055856 0.00087982092 6.8220021e-23)
(0.0012158952 0.00097884365 -3.2152758e-22)
(0.0014633561 0.0010768991 1.2610275e-22)
(0.0017514482 0.0011708484 2.2737228e-22)
(0.0020829373 0.0012573811 3.6635079e-24)
(0.0024596215 0.0013332675 1.8617038e-22)
(0.002882186 0.0013955985 1.637044e-22)
(0.003350012 0.001441904 0)
(0.0038611203 0.0014704123 6.0525698e-22)
(0.0044125716 0.0014806421 1.5870083e-21)
(0.0050009986 0.0014721366 1.4667163e-23)
(0.0056222138 0.0014449198 -2.4868259e-21)
(0.0062699756 0.0014007032 1.0681255e-21)
(0.0069459302 0.0013359182 1.7832408e-21)
(0.0076153787 0.0012683623 1.1996866e-21)
(0.0083810043 0.0011509292 2.2440794e-21)
(1.4580885e-06 2.0701399e-06 -2.2739744e-24)
(4.6666664e-06 6.6077691e-06 3.9612066e-24)
(8.523291e-06 1.2032397e-05 4.7284817e-24)
(1.3162001e-05 1.851378e-05 -5.6563566e-24)
(1.8744031e-05 2.6252815e-05 0)
(2.5464988e-05 3.5485345e-05 0)
(3.3562156e-05 4.6487103e-05 -3.7485777e-26)
(4.3323556e-05 5.9578704e-05 0)
(5.5099165e-05 7.5130334e-05 -5.2682201e-26)
(6.9314686e-05 9.3565694e-05 1.261894e-25)
(8.6488343e-05 0.00011536449 -1.4745996e-25)
(0.00010725127 0.00014106246 1.0835822e-20)
(0.00013237203 0.00017124754 -1.5749542e-20)
(0.00016278568 0.00020655042 -3.1318905e-23)
(0.00019962757 0.0002476272 4.1541111e-25)
(0.00024427148 0.00029513172 3.8192963e-23)
(0.00029837083 0.00034967486 2.8834336e-24)
(0.00036390028 0.00041176854 5.7194313e-23)
(0.0004431933 0.00048175334 -1.1996585e-22)
(0.00053896881 0.00055971055 1.2205149e-22)
(0.00065433743 0.00064536343 -4.9286385e-23)
(0.00079277637 0.00073797658 -1.322865e-22)
(0.00095806089 0.00083626849 1.3549292e-22)
(0.001154143 0.00093835628 0)
(0.0013849737 0.0010417544 2.5362035e-22)
(0.0016542755 0.0011434453 -2.4342e-22)
(0.0019652837 0.0012400303 0)
(0.0023204865 0.0013279538 -9.3474668e-23)
(0.0027213991 0.0014037797 -4.5565029e-22)
(0.0031684893 0.0014644445 -4.9334294e-22)
(0.003660938 0.0015073269 0)
(0.004196552 0.0015301777 -1.166634e-23)
(0.0047723303 0.0015334188 -8.5554947e-22)
(0.0053853096 0.0015161853 1.7257925e-23)
(0.0060310771 0.0014783312 2.1828352e-21)
(0.006703558 0.0014218489 2.8360555e-22)
(0.0074042477 0.0013425362 0)
(0.0080971576 0.0012622313 -2.9864291e-23)
(0.008891952 0.0011167688 0)
(1.7789686e-06 2.2103697e-06 -2.1826905e-24)
(5.6912817e-06 7.0548416e-06 1.840414e-27)
(1.0390138e-05 1.2845225e-05 4.5395807e-24)
(1.603633e-05 1.9762181e-05 -5.43576e-24)
(2.2823029e-05 2.8019208e-05 -6.2792156e-27)
(3.0983543e-05 3.7866715e-05 -7.7191502e-24)
(4.0799594e-05 4.9597104e-05 9.2397805e-24)
(5.2611374e-05 6.3549862e-05 0)
(6.6829824e-05 8.0116255e-05 -1.2931686e-23)
(8.3951463e-05 9.9743108e-05 1.5452304e-23)
(0.0001045762 0.00012293492 1.4317942e-25)
(0.00012942856 0.00015025315 1.2366711e-20)
(0.00015938273 0.00018231124 -1.1729848e-20)
(0.0001954916 0.00021976338 9.2102956e-25)
(0.00023901979 0.00026328472 2.1152575e-24)
(0.00029147975 0.00031354037 0)
(0.00035466942 0.00037114052 0)
(0.00043070839 0.0004365794 -1.2328311e-23)
(0.00052206758 0.00051015732 -6.613633e-24)
(0.0006315856 0.00059188711 0)
(0.00076246259 0.00068139052 0)
(0.00091822118 0.00077779458 3.2653142e-23)
(0.0011026244 0.00087964416 -6.6132802e-23)
(0.0013195436 0.00098485083 0)
(0.0015727754 0.0010907003 -1.2187533e-22)
(0.0018658178 0.0011939358 3.5782767e-22)
(0.0022016253 0.001290925 1.0602776e-22)
(0.0025823725 0.0013778996 2.94556e-22)
(0.0030092481 0.0014512564 3.6223477e-22)
(0.0034824575 0.0015078034 0)
(0.0040008944 0.0015447202 0)
(0.0045621584 0.0015608016 -7.2235913e-22)
(0.0051643398 0.0015542236 4.2239718e-22)
(0.0058018208 0.0015258983 -1.7231008e-22)
(0.0064726492 0.0014754305 -1.244053e-21)
(0.0071698907 0.0014049497 0)
(0.0078946032 0.0013096877 0)
(0.0086099955 0.0012156864 -1.5607728e-21)
(0.0094297516 0.0010402272 0)
(2.1395803e-06 2.3260116e-06 -8.885327e-30)
(6.842717e-06 7.4232509e-06 -1.785786e-27)
(1.24877e-05 1.3514601e-05 0)
(1.9265347e-05 2.0789397e-05 5.1029913e-27)
(2.7404439e-05 2.9471189e-05 6.0931512e-27)
(3.7180318e-05 3.9821868e-05 1.4280376e-26)
(4.8924165e-05 5.2146824e-05 0)
(6.3034119e-05 6.6800034e-05 0)
(7.9988672e-05 8.4188636e-05 4.8059433e-26)
(0.00010036259 0.00010477642 -7.0692637e-21)
(0.00012484574 0.0001290854 6.8886439e-21)
(0.00015426506 0.00015769423 -2.0553088e-23)
(0.00018961002 0.0001912319 2.3525289e-23)
(0.00023206137 0.00023036465 -2.8116553e-23)
(0.00028302291 0.00027577357 -2.0214144e-24)
(0.00034415508 0.00032812034 -3.6884724e-23)
(0.0004174083 0.00038799827 8.4369179e-23)
(0.00050505261 0.00045586663 5.0229795e-24)
(0.00060969846 0.0005319677 -1.041071e-22)
(0.0007343016 0.00061622868 5.7370644e-23)
(0.00088214335 0.00070815458 -2.9524994e-23)
(0.0010567769 0.0008067235 1.863537e-22)
(0.0012619315 0.00091030132 -5.3099161e-24)
(0.0015013695 0.001016597 -2.5151663e-22)
(0.0017787 0.0011226805 1.2507354e-22)
(0.0020971604 0.0012250804 -2.3004187e-22)
(0.002459389 0.0013199653 0)
(0.0028672204 0.0014033984 -5.7837541e-22)
(0.0033215201 0.0014716595 1.8349321e-22)
(0.0038223458 0.0015214846 -3.0640716e-22)
(0.0043680891 0.0015502604 -2.6193764e-22)
(0.0049546101 0.0015564665 7.2164773e-22)
(0.0055819366 0.0015379553 -1.9643527e-22)
(0.0062463379 0.001496677 1.2461978e-21)
(0.0069419979 0.0014318004 -3.2490875e-22)
(0.007663163 0.0013458032 -1.0112903e-21)
(0.0084101866 0.0012335737 1.6861401e-21)
(0.0091460171 0.0011253372 0)
(0.0099849169 0.00091895781 0)
(2.5399681e-06 2.4098023e-06 -4.8935538e-28)
(8.1210074e-06 7.689868e-06 3.4496449e-24)
(1.4816012e-05 1.3998411e-05 -8.2542696e-24)
(2.2848973e-05 2.1530696e-05 4.940583e-24)
(3.2487939e-05 3.0517068e-05 5.6769875e-27)
(4.4054545e-05 4.1227033e-05 -7.0270319e-24)
(5.7934341e-05 5.3974372e-05 8.3629479e-24)
(7.4589043e-05 6.9122121e-05 0)
(9.4571069e-05 8.7086885e-05 -4.6645993e-26)
(0.00011854057 0.0001083419 -6.2359377e-21)
(0.0001472852 0.00013341793 8.9096972e-21)
(0.0001817428 0.00016290066 -1.9542342e-23)
(0.00022302696 0.00019742296 -2.2354701e-23)
(0.00027245524 0.00023764982 2.5919965e-23)
(0.00033157919 0.00028425345 1.9221494e-24)
(0.00040221471 0.00033787575 0)
(0.00048647025 0.00039907566 4.2282908e-23)
(0.00058676892 0.00046825934 -4.5524685e-23)
(0.00070585926 0.00054559316 1.2604013e-23)
(0.00084680744 0.00063090224 1.3306078e-23)
(0.001012963 0.00072356163 -2.9160271e-23)
(0.00120789 0.00082239251 2.9467137e-23)
(0.001435257 0.00092558133 1.194191e-22)
(0.0016986848 0.0010306438 -1.2422177e-22)
(0.0020015574 0.0011344553 0)
(0.0023468108 0.0012333637 1.1336744e-22)
(0.0027367246 0.0013233866 2.0367089e-22)
(0.0031727416 0.0014004797 1.9312208e-22)
(0.0036553283 0.0014608514 0)
(0.004183873 0.0015011679 3.0966378e-22)
(0.0047560565 0.0015188036 -5.2421694e-22)
(0.0053708962 0.0015119012 -6.9781646e-22)
(0.0060248877 0.0014806614 1.0052394e-21)
(0.0067137581 0.0014241299 0)
(0.0074328504 0.0013433495 -2.8040257e-22)
(0.0081761158 0.0012407758 1.2983969e-21)
(0.0089427008 0.0011111678 -1.7120607e-21)
(0.0096958352 0.00098878552 0)
(0.010546591 0.00075206976 0)
(2.9788244e-06 2.4535704e-06 0)
(9.5219261e-06 7.8286511e-06 0)
(1.7367312e-05 1.4249277e-05 0)
(2.6775129e-05 2.1913265e-05 -4.6140579e-27)
(3.8056173e-05 3.1053747e-05 -5.5087034e-27)
(5.1582395e-05 4.1943093e-05 0)
(6.7798338e-05 5.4897876e-05 7.9114969e-24)
(8.7234549e-05 7.0283594e-05 -9.4255933e-24)
(0.00011052328 8.8518609e-05 -1.1185925e-23)
(0.0001384166 0.00011007662 1.3267711e-23)
(0.00017180708 0.00013548675 0)
(0.00021175093 0.00016532983 -1.8043063e-23)
(0.00025949358 0.00020022911 2.1333507e-23)
(0.00031649683 0.00024083325 7.9677634e-25)
(0.00038446667 0.00028778898 -2.8945592e-23)
(0.00046537968 0.00034170063 3.3685216e-23)
(0.00056150511 0.0004030742 -2.410376e-24)
(0.00067541852 0.00047224425 -5.2340186e-24)
(0.0008100012 0.00054928391 5.7880788e-24)
(0.00096841875 0.00063390165 -4.5466677e-25)
(0.0011540714 0.00072533259 0)
(0.0013705094 0.00082223789 -5.5174522e-20)
(0.0016213094 0.00092263063 1.9740964e-20)
(0.0019099141 0.0010238505 0)
(0.002239442 0.0011226083 0)
(0.0026124862 0.0012151135 -7.2473498e-25)
(0.0030309254 0.0012972867 -1.1248001e-22)
(0.0034957703 0.0013650361 1.7688953e-22)
(0.0040070572 0.0014145688 -1.7306289e-22)
(0.0045637825 0.0014426357 -8.9830586e-20)
(0.005163919 0.0014467109 -7.083307e-21)
(0.0058051888 0.001425054 2.1578089e-22)
(0.0064841479 0.0013775804 -1.0099505e-21)
(0.0071965503 0.0013045629 9.7715954e-22)
(0.0079372949 0.001206793 -3.6670745e-23)
(0.0086999991 0.0010871122 -7.2307951e-22)
(0.0094824026 0.00094049182 5.0573049e-23)
(0.010248652 0.0008048948 3.8141235e-22)
(0.011102729 0.00054028024 0)
(3.452901e-06 2.4482281e-06 1.7618544e-24)
(1.1035082e-05 7.8106318e-06 -3.0619365e-24)
(2.0122633e-05 1.4214523e-05 3.6662255e-24)
(3.1014541e-05 2.1856192e-05 4.3719457e-24)
(4.4067479e-05 3.0966727e-05 -7.4554732e-27)
(5.9707312e-05 4.1815662e-05 -6.2392171e-24)
(7.8441677e-05 5.4715666e-05 0)
(0.00010087459 7.0026876e-05 -8.8083639e-24)
(0.00012772329 8.8160297e-05 1.0505416e-23)
(0.00015983739 0.00010957958 0)
(0.00019822036 0.00013480016 1.460958e-23)
(0.00024405299 0.00016438435 -1.7601394e-23)
(0.00029871857 0.00019893051 -1.9495134e-23)
(0.00036382868 0.0002390542 2.4434026e-23)
(0.00044124808 0.00028535854 2.6249162e-23)
(0.00053311646 0.00033839139 -6.0810431e-23)
(0.0006418635 0.00039858676 3.6004697e-23)
(0.00077021281 0.0004661894 9.9996418e-24)
(0.00092116907 0.00054116338 -4.946581e-23)
(0.001097982 0.00062308875 -5.8482292e-23)
(0.0013040804 0.00071105525 1.0502146e-22)
(0.001542972 0.00080356715 -2.2407542e-20)
(0.0018181072 0.00089847833 6.2286966e-20)
(0.0021327112 0.00099297948 -1.0733466e-22)
(0.0024895959 0.0010836571 1.1049644e-22)
(0.0028909715 0.0011666363 7.4505737e-20)
(0.0033382796 0.0012378039 -1.4799567e-20)
(0.00383207 0.0012930905 1.7044533e-22)
(0.004371932 0.0013287743 0)
(0.0049564805 0.0013417339 1.6218288e-21)
(0.0055834582 0.0013296123 9.4348148e-20)
(0.0062500755 0.0012910518 0)
(0.0069526221 0.0012260062 -9.1143801e-22)
(0.0076864675 0.0011351981 -1.8547867e-22)
(0.0084461255 0.001019826 7.7796498e-22)
(0.0092246865 0.00088320112 0)
(0.010018235 0.00072088176 0)
(0.010792463 0.0005740397 2.891028e-22)
(0.01164045 0.00028607633 1.2646054e-21)
(3.9569631e-06 2.384353e-06 1.6365609e-24)
(1.2643723e-05 7.6057757e-06 -2.8510883e-24)
(2.3051392e-05 1.3839541e-05 -3.4052775e-24)
(3.552001e-05 2.1275607e-05 8.1413413e-24)
(5.0454688e-05 3.0137336e-05 -9.7159595e-24)
(6.8338121e-05 4.0684755e-05 1.7226586e-26)
(8.9744334e-05 5.3218814e-05 1.3798813e-23)
(0.00011535446 6.8085188e-05 -1.6409942e-23)
(0.00014597473 8.5677004e-05 9.803189e-24)
(0.00018255654 0.00010643578 1.1412608e-23)
(0.00022621862 0.00013084955 -1.3672432e-23)
(0.00027827059 0.00015944669 0)
(0.00034023745 0.00019278366 -3.0035604e-25)
(0.00041388348 0.00023142443 -7.0041829e-25)
(0.00050123372 0.00027590909 2.5190709e-23)
(0.00060459016 0.00032670912 -3.3026171e-23)
(0.00072653895 0.0003841673 -2.5624217e-20)
(0.00086994364 0.00044842134 2.1584037e-20)
(0.0010379191 0.00051931273 0)
(0.0012337797 0.00059628555 -4.0301261e-20)
(0.0014609575 0.00067828499 2.7141829e-20)
(0.0017228859 0.00076367002 -1.0297961e-22)
(0.0020228522 0.00085015975 -1.0095823e-22)
(0.0023638244 0.00093483449 1.0611077e-22)
(0.0027482681 0.0010142098 5.4446309e-23)
(0.0031779736 0.0010843925 1.9212893e-20)
(0.0036539142 0.0011413131 -7.9037957e-20)
(0.0041761564 0.0011810092 -1.7102803e-22)
(0.0047438269 0.001199922 1.4439822e-22)
(0.005355135 0.0011951509 3.9441668e-22)
(0.0060074737 0.0011646301 -4.8856738e-22)
(0.0066975919 0.0011073474 -1.9734728e-22)
(0.0074213942 0.0010234929 1.7955758e-21)
(0.0081738106 0.00091422949 -7.6108303e-22)
(0.0089488121 0.00078137505 -7.2852171e-23)
(0.0097388099 0.00062884485 8.6349802e-22)
(0.010538046 0.00045323666 0)
(0.011314359 0.00029831457 0)
(0.012146466 -6.1656841e-06 -1.5620432e-21)
(4.4824222e-06 2.2520118e-06 -1.504813e-24)
(1.4320456e-05 7.1824385e-06 -6.5749109e-28)
(2.6103736e-05 1.3066829e-05 3.1304504e-24)
(4.0214883e-05 2.0083257e-05 -3.7469781e-24)
(5.7109188e-05 2.8440814e-05 -4.4827028e-27)
(7.7328139e-05 3.838235e-05 0)
(0.00010151432 5.0188155e-05 0)
(0.00013042835 6.4179086e-05 7.5190269e-24)
(0.00016496789 8.0718478e-05 -1.7854317e-23)
(0.00020618866 0.00010021215 1.0709926e-23)
(0.00025532698 0.00012310543 9.4424383e-26)
(0.00031382327 0.00014987581 0)
(0.00038334544 0.00018101938 0)
(0.00046581048 0.00021702889 0)
(0.00056340182 0.00025836117 7.0248192e-25)
(0.00067857936 0.00030539146 3.3363298e-24)
(0.00081407782 0.00035835299 -1.9173704e-20)
(0.00097288853 0.00041726134 2.9687893e-20)
(0.0011582192 0.00048182554 0)
(0.0013734261 0.00055135144 -2.5369497e-20)
(0.0016219158 0.00062464748 4.5298738e-20)
(0.0019070142 0.00069994786 0)
(0.0022318084 0.00077487224 -2.2938616e-23)
(0.0025989718 0.00084644184 0)
(0.0030105877 0.00091116818 -4.8469865e-23)
(0.0034679951 0.00096522058 -8.6038194e-23)
(0.0039716755 0.0010046634 -8.7201491e-23)
(0.0045211946 0.0010257376 -2.9780929e-22)
(0.0051152023 0.0010251475 1.2255568e-23)
(0.0057514768 0.0010003092 -8.2850341e-24)
(0.0064270075 0.00094953275 -1.1725957e-22)
(0.0071380771 0.00087220367 3.7174555e-22)
(0.0078801238 0.00076889007 -7.0068116e-22)
(0.0086475554 0.00064127478 6.0339689e-22)
(0.0094336466 0.00049192979 -8.3576053e-23)
(0.010229992 0.00032553673 -1.6775831e-21)
(0.011028901 0.00014023167 9.9437312e-22)
(0.011800924 -1.8334004e-05 1.5171395e-21)
(0.012607563 -0.00033016422 0)
(5.0189424e-06 2.0424985e-06 -3.4490961e-28)
(1.6032213e-05 6.5128879e-06 -2.3691469e-24)
(2.9219313e-05 1.1845999e-05 2.8353496e-24)
(4.5006055e-05 1.820182e-05 3.382954e-24)
(6.3898561e-05 2.5767867e-05 -1.0952357e-26)
(8.649777e-05 3.4761281e-05 -4.82442e-24)
(0.00011351544 4.5431777e-05 0)
(0.00014579219 5.8063938e-05 0)
(0.00018431745 7.297819e-05 -6.3025505e-26)
(0.00023025122 9.0529781e-05 0)
(0.00028494687 0.00011110471 -9.1660494e-26)
(0.00034997428 0.00013511126 0)
(0.00042714183 0.00016296536 0)
(0.00051851522 0.00019506782 0)
(0.00062643027 0.00023177123 -1.3114745e-24)
(0.00075349609 0.00027333452 -2.6259293e-23)
(0.00090258406 0.00031986376 5.8208383e-25)
(0.0010767975 0.00037123933 2.7326859e-23)
(0.0012794168 0.00042703192 -4.0973713e-24)
(0.0015138155 0.00048641333 0)
(0.0017833456 0.00054807252 0)
(0.0020911932 0.00061015164 0)
(0.0024402118 0.00067022046 1.2799753e-22)
(0.0028327469 0.00072530753 -1.7448793e-22)
(0.003270471 0.00077200196 4.7652058e-23)
(0.0037542498 0.00080662927 6.2493819e-24)
(0.0042840579 0.00082548978 7.0532767e-24)
(0.0048589534 0.0008251328 1.4873857e-22)
(0.005477103 0.00080263011 0)
(0.0061358392 0.00075581218 0)
(0.0068317204 0.00068344705 1.9369459e-22)
(0.0075605509 0.00058539735 -3.7545957e-22)
(0.0083172416 0.00046272764 4.4207577e-22)
(0.0090955788 0.0003177364 -1.4322462e-22)
(0.0098880121 0.00015386184 -9.5923683e-22)
(0.010685193 -2.3285466e-05 1.5429826e-21)
(0.011477508 -0.0002135274 -1.3492549e-21)
(0.01223875 -0.00037008134 -1.298241e-22)
(0.013011192 -0.00067782352 -1.1724393e-22)
(5.5496698e-06 1.7470876e-06 -1.2078308e-24)
(1.7725359e-05 5.5693467e-06 2.1037239e-24)
(3.2300749e-05 1.0126619e-05 0)
(4.9744216e-05 1.5553971e-05 -2.3867165e-21)
(7.0611932e-05 2.2009315e-05 2.8131038e-21)
(9.55633e-05 2.9674729e-05 4.279608e-24)
(0.00012537801 3.8758526e-05 0)
(0.00016097508 4.9496565e-05 -6.0375589e-24)
(0.00020343367 6.2152197e-05 7.0760286e-26)
(0.00025401542 7.7014159e-05 8.5141314e-24)
(0.00031418733 9.4391474e-05 0)
(0.00038564427 0.00011460405 1.1725435e-23)
(0.00047032922 0.0001379674 -2.7604187e-23)
(0.00057044898 0.00016476972 3.2167874e-23)
(0.00068848186 0.00019523931 -1.7887123e-23)
(0.00082717357 0.00022950079 7.0222465e-25)
(0.00098951624 0.00026751907 -2.4087623e-23)
(0.0011787056 0.00030903153 5.4814342e-23)
(0.0013980714 0.00035347138 6.6785009e-24)
(0.0016509777 0.00039988852 -2.9909208e-23)
(0.001940693 0.0004468783 0)
(0.0022702332 0.00049253272 0)
(0.0026421896 0.00053443127 -3.845531e-23)
(0.0030585557 0.00056968758 -1.8202361e-23)
(0.0035205757 0.00059506272 4.5139785e-24)
(0.0040286331 0.0006071454 7.0939009e-23)
(0.0045821968 0.00060258547 -6.5488147e-23)
(0.005179824 0.00057835453 6.6656725e-23)
(0.0058192074 0.00053200041 -2.1968297e-22)
(0.006497235 0.00046186635 1.0948011e-22)
(0.0072100258 0.00036726206 -2.8309812e-22)
(0.0079528949 0.00024861016 8.5675797e-23)
(0.0087201807 0.00010756932 -3.589859e-23)
(0.0095049619 -5.2857649e-05 -2.2492732e-22)
(0.01029876 -0.00022828102 0)
(0.011091165 -0.00041203293 -7.3922052e-22)
(0.011870725 -0.00060143369 -5.3093804e-22)
(0.01261492 -0.0007493697 -1.3636683e-21)
(0.013345795 -0.0010395655 7.3096689e-22)
(6.0606655e-06 1.3615831e-06 -5.2235949e-25)
(1.9355141e-05 4.3385055e-06 9.0982053e-25)
(3.5266086e-05 7.8846084e-06 0)
(5.4302445e-05 1.2102942e-05 -2.1461097e-21)
(7.7068002e-05 1.7113492e-05 2.6039919e-21)
(0.00010427763 2.305361e-05 1.8441862e-24)
(0.00013677526 3.0079041e-05 6.4855381e-23)
(0.00017555381 3.8364139e-05 -1.1081254e-22)
(0.00022177668 4.8100675e-05 -3.0866883e-24)
(0.00027680039 5.9494639e-05 7.3284209e-24)
(0.00034219743 7.2760166e-05 -4.3428407e-24)
(0.00041977785 8.8109439e-05 0)
(0.00051160756 0.0001057372 0)
(0.00062002064 0.0001257983 6.988515e-24)
(0.00074762189 0.00014837683 -8.3654004e-24)
(0.00089727529 0.00017344542 2.665475e-25)
(0.0010720732 0.00020081441 6.0628031e-25)
(0.0012752813 0.00023007185 0)
(0.0015102548 0.00026051762 -2.7796925e-23)
(0.001780324 0.0002910981 2.865626e-23)
(0.0020886498 0.00032035142 0)
(0.0024380573 0.00034637646 0)
(0.002830859 0.00036684041 1.0166143e-23)
(0.0032686872 0.00037903867 2.5441037e-24)
(0.0037523575 0.00038001495 5.2253437e-23)
(0.0042817814 0.00036673978 -3.2999136e-23)
(0.004855941 0.00033633278 0)
(0.0054729181 0.00028630367 0)
(0.006129957 0.00021478312 1.571039e-22)
(0.0068235207 0.00012072142 3.5244099e-23)
(0.0075492975 4.0497589e-06 -1.5024408e-22)
(0.0083021132 -0.00013417513 1.3674909e-22)
(0.0090757075 -0.00029162528 -3.1503199e-22)
(0.0098623945 -0.00046453156 6.3189834e-22)
(0.010652693 -0.00064752098 -2.6493977e-22)
(0.01143501 -0.00083282084 1.6322917e-22)
(0.012196124 -0.0010149319 3.1465019e-22)
(0.01291713 -0.0011474311 8.8210658e-23)
(0.01359915 -0.0014051599 -4.0400752e-22)
(6.5209489e-06 8.8188995e-07 1.1482082e-28)
(2.082328e-05 2.8072988e-06 -7.5152095e-25)
(3.7937473e-05 5.0962186e-06 2.248064e-27)
(5.8409056e-05 7.8122804e-06 1.0740595e-24)
(8.2884745e-05 1.1028885e-05 0)
(0.00011212942 1.4828609e-05 -1.5223656e-24)
(0.00014704493 1.9303064e-05 5.2167905e-23)
(0.00018869071 2.4551899e-05 -2.5580514e-23)
(0.0002383059 3.0680426e-05 -2.5661452e-24)
(0.00029733218 3.7795368e-05 5.3636132e-27)
(0.0003674363 4.5998005e-05 0)
(0.00045053067 5.5373782e-05 4.1742984e-24)
(0.00054878954 6.5977289e-05 -6.2618816e-26)
(0.00066465768 7.7811427e-05 -5.8207509e-24)
(0.00080084768 9.0799658e-05 0)
(0.00096032092 0.00010475056 -7.7816748e-24)
(0.0011462472 0.00011931467 1.6460592e-23)
(0.0013619378 0.00013393499 -9.8651578e-24)
(0.001610749 0.00014779459 9.1522989e-24)
(0.0018959537 0.00015976735 -1.6588143e-23)
(0.0022205858 0.00016838125 0)
(0.0025872658 0.00017180591 0)
(0.0029980224 0.00016787742 -1.9277852e-23)
(0.003454133 0.00015417073 6.4612188e-23)
(0.003956003 0.00012812449 1.9306184e-23)
(0.0045031034 8.7212845e-05 -6.4639099e-23)
(0.0050939715 2.9149271e-05 3.8849213e-23)
(0.0057262622 -4.7900117e-05 -6.848493e-23)
(0.0063968195 -0.00014511603 -1.4842625e-23)
(0.0071017229 -0.00026285173 -7.7103318e-23)
(0.0078362601 -0.00040048266 7.4017097e-23)
(0.0085947865 -0.00055625856 -1.337157e-22)
(0.0093704461 -0.00072713472 5.4521479e-23)
(0.010154774 -0.00090855809 -1.1158438e-22)
(0.010937258 -0.0010942252 -8.0264171e-23)
(0.011705022 -0.0012753634 0)
(0.012443044 -0.001443751 4.0877011e-22)
(0.013134502 -0.0015556701 2.9998531e-22)
(0.013757117 -0.0017646507 3.8116954e-23)
(6.9230951e-06 3.1318402e-07 8.5398555e-26)
(2.2105143e-05 9.9245518e-07 -1.4825545e-25)
(4.0268374e-05 1.7922398e-06 1.7742778e-25)
(6.1989503e-05 2.7299449e-06 2.3084398e-28)
(8.7951664e-05 3.8244383e-06 0)
(0.00011896189 5.0943707e-06 -3.003651e-25)
(0.00015597051 6.5567549e-06 1.7428124e-27)
(0.00020009221 8.2246803e-06 4.2660943e-25)
(0.00025262843 1.0103744e-05 5.0252699e-25)
(0.0003150902 1.2186809e-05 -6.0401293e-25)
(0.00038922011 1.4446551e-05 0)
(0.00047701178 1.6825113e-05 0)
(0.00058072396 1.9220107e-05 0)
(0.00070288601 2.1466225e-05 -3.9337277e-26)
(0.00084629043 2.3311817e-05 0)
(0.0010139674 2.4390275e-05 0)
(0.0012091363 2.4186748e-05 3.5844226e-24)
(0.0014351285 2.2002032e-05 -3.8689809e-24)
(0.0016952796 1.6917197e-05 0)
(0.0019927901 7.7646855e-06 5.8262797e-24)
(0.0023305594 -6.8862638e-06 -5.0714585e-24)
(0.0027110065 -2.8720547e-05 0)
(0.0031358928 -5.9635321e-05 0)
(0.0036061718 -0.00010165874 8.9211236e-25)
(0.0041218864 -0.00015682818 2.7243265e-20)
(0.0046821287 -0.00022703427 -2.8267972e-20)
(0.0052850641 -0.00031384486 1.110522e-23)
(0.0059279973 -0.00041832646 0)
(0.0066074461 -0.00054087849 1.0958671e-23)
(0.0073191702 -0.00068108512 4.1765644e-23)
(0.0080581087 -0.00083757543 1.2530105e-23)
(0.0088181892 -0.0010078704 -5.4334379e-23)
(0.0095919975 -0.001188196 -1.0696422e-23)
(0.010370333 -0.001373252 0)
(0.011141714 -0.0015559569 0)
(0.011892044 -0.0017268611 0)
(0.012604751 -0.0018760761 -8.9423291e-23)
(0.013263081 -0.0019677595 -1.9362194e-23)
(0.013827011 -0.0021098686 9.6375444e-23)
(7.2182179e-06 -3.5506286e-07 -1.1308567e-25)
(2.304636e-05 -1.1397246e-06 1.9697355e-25)
(4.1980715e-05 -2.0887598e-06 9.6764597e-22)
(6.4621248e-05 -3.2386834e-06 -1.1616e-21)
(9.167832e-05 -4.6341392e-06 0)
(0.00012399059 -6.3307673e-06 0)
(0.00016254483 -8.3980215e-06 -7.1569413e-28)
(0.00020849744 -1.092282e-05 0)
(0.00026319694 -1.4014312e-05 2.0102805e-27)
(0.00032820673 -1.7810001e-05 0)
(0.00040532663 -2.2483513e-05 0)
(0.00049661106 -2.8254367e-05 6.5487197e-27)
(0.00060438112 -3.5400082e-05 0)
(0.0007312269 -4.4270852e-05 1.4298863e-24)
(0.00087999546 -5.5306791e-05 -1.7665279e-24)
(0.0010537593 -6.9057353e-05 9.3447682e-26)
(0.0012557602 -8.6201827e-05 8.9603762e-21)
(0.0014893239 -0.00010756881 -1.0712709e-20)
(0.0017577433 -0.00013415132 2.9729291e-24)
(0.0020641311 -0.00016711269 -3.0844465e-24)
(0.0024112494 -0.0002077773 6.082923e-25)
(0.0028013283 -0.00025759965 0)
(0.0032358944 -0.00031810641 0)
(0.0037156304 -0.00039080898 -6.864271e-24)
(0.0042402882 -0.0004770893 1.9312167e-20)
(0.0048086684 -0.00057806685 -2.0171051e-20)
(0.0054186592 -0.00069445877 0)
(0.0060673118 -0.00082644502 0)
(0.006750908 -0.000973544 0)
(0.0074649663 -0.0011344939 9.364021e-24)
(0.0082041423 -0.0013071242 -2.1874769e-23)
(0.0089619941 -0.0014881973 -2.1990809e-23)
(0.0097306135 -0.0016732096 0)
(0.01050016 -0.001856173 0)
(0.011258345 -0.0020294084 -5.1263096e-23)
(0.011990165 -0.00218314 3.9992466e-23)
(0.012678494 -0.0023074461 0)
(0.013306332 -0.0023819104 4.2471918e-23)
(0.013827716 -0.0024479616 0)
(7.3971718e-06 -1.097592e-06 -1.2451696e-25)
(2.3616067e-05 -3.50864e-06 2.1691582e-25)
(4.3015296e-05 -6.4000953e-06 5.2871214e-22)
(6.6207967e-05 -9.8680648e-06 -6.295914e-22)
(9.3919584e-05 -1.4027294e-05 0)
(0.00012700606 -1.9015286e-05 -2.4619359e-28)
(0.00016647363 -2.4996578e-05 7.1571156e-28)
(0.00021350031 -3.2167779e-05 0)
(0.00026945828 -4.0763493e-05 -2.01038e-27)
(0.00033593623 -5.106316e-05 0)
(0.00041476018 -6.3398836e-05 0)
(0.00050801059 -7.8163867e-05 -1.3607549e-27)
(0.00061803285 -9.5822285e-05 -1.3553553e-24)
(0.00074743737 -0.00011691857 1.6373932e-24)
(0.00089908458 -0.00014208708 3.8945932e-21)
(0.0010760498 -0.00017206014 -4.7204777e-21)
(0.0012815628 -0.00020767307 4.8460242e-21)
(0.0015189175 -0.00024986396 -5.2818412e-21)
(0.0017913502 -0.00029966525 -2.7254242e-24)
(0.002101889 -0.00035818373 1.2349392e-23)
(0.0024531808 -0.00042656549 -7.3680801e-24)
(0.0028473122 -0.00050594308 8.2484479e-25)
(0.003285644 -0.00059736403 0)
(0.0037686821 -0.00070170268 6.6540092e-24)
(0.0042960051 -0.00081956129 -1.3538008e-23)
(0.0048662572 -0.00095116863 6.768404e-24)
(0.0054771958 -0.0010962852 0)
(0.0061257644 -0.0012541187 0)
(0.0068081436 -0.001423246 0)
(0.0075197289 -0.0016015252 -1.7009845e-23)
(0.0082549941 -0.0017859784 4.4460089e-23)
(0.0090072223 -0.0019726283 7.6139999e-24)
(0.0097681212 -0.0021562914 0)
(0.010527366 -0.0023303944 7.4822014e-24)
(0.011272078 -0.0024868258 3.9431752e-23)
(0.011986693 -0.0026154553 -5.2839752e-23)
(0.012654683 -0.0027061133 0)
(0.013260775 -0.0027452434 -5.516717e-24)
(0.013775226 -0.0027451989 0)
(7.405272e-06 -1.8551173e-06 8.8021129e-30)
(2.3641242e-05 -5.9249315e-06 6.9636102e-26)
(4.3059863e-05 -1.0796786e-05 -1.0255658e-27)
(6.6274173e-05 -1.6627109e-05 -9.849985e-26)
(9.4009394e-05 -2.3601511e-05 1.142249e-25)
(0.00012712083 -3.1940062e-05 -1.3610355e-25)
(0.00016661364 -4.1902955e-05 -1.5610725e-25)
(0.00021366404 -5.3796813e-05 5.6890246e-27)
(0.00026964134 -6.7981587e-05 4.2338823e-25)
(0.00033612992 -8.4877885e-05 -4.8296367e-25)
(0.00041494936 -0.00010497443 2.8079019e-25)
(0.00050817079 -0.00012883522 -2.9957855e-25)
(0.00061812639 -0.00015710566 3.4892535e-25)
(0.00074740817 -0.00019051673 0)
(0.00089885161 -0.00022988587 4.3952543e-22)
(0.001075499 -0.00027611275 -3.618599e-22)
(0.0012805376 -0.00033016788 0)
(0.0015172087 -0.00039307167 -1.436409e-25)
(0.0017886861 -0.00046586147 -1.8563766e-25)
(0.0020979267 -0.00054954477 -4.4289809e-25)
(0.0024475028 -0.00064503777 1.6299993e-25)
(0.0028394283 -0.00075309097 -9.3533169e-25)
(0.0032750017 -0.00087420582 2.1366937e-24)
(0.0037546871 -0.0010085499 0)
(0.004278049 -0.0011558793 -4.7403055e-24)
(0.00484375 -0.0013154773 0)
(0.0054495942 -0.0014861112 2.165213e-24)
(0.0060925861 -0.0016660044 -2.2038975e-24)
(0.0067689572 -0.0018528053 0)
(0.0074741103 -0.0020435308 -1.6117974e-23)
(0.0082024508 -0.0022344586 -2.9698733e-23)
(0.0089470977 -0.0024209589 -2.7283842e-23)
(0.0096995059 -0.0025972837 0)
(0.010449043 -0.0027564518 2.8672577e-23)
(0.011182401 -0.002890152 7.9771764e-23)
(0.011883469 -0.0029879304 -1.7263301e-22)
(0.012536687 -0.0030394735 1.1886633e-22)
(0.013127756 -0.0030347663 -3.1815914e-22)
(0.013634742 -0.0029761741 -3.3515963e-22)
(7.2510176e-06 -2.594483e-06 -1.6916441e-22)
(2.3148323e-05 -8.2829925e-06 2.9943456e-22)
(4.21613e-05 -1.5086887e-05 -3.0541817e-28)
(6.4889802e-05 -2.3221118e-05 0)
(9.2043321e-05 -3.2939953e-05 5.518214e-25)
(0.00012445851 -4.4543313e-05 -6.6124908e-25)
(0.00016311845 -5.8383692e-05 7.9102315e-25)
(0.00020917332 -7.4873563e-05 -8.6307685e-22)
(0.00026396194 -9.4493059e-05 1.0919027e-21)
(0.00032903306 -0.00011779752 -1.3446622e-24)
(0.00040616503 -0.00014542429 -4.5490559e-28)
(0.00049738177 -0.00017809797 -1.6402166e-21)
(0.00060496193 -0.00021663274 2.1910836e-21)
(0.00073143795 -0.00026193043 -2.7268231e-24)
(0.00087958028 -0.00031497203 6.2633859e-24)
(0.0010523622 -0.00037680054 -3.6694052e-24)
(0.0012529007 -0.00044849251 0)
(0.0014843691 -0.00053111596 6.1722918e-25)
(0.0017498814 -0.00062567317 -1.0725865e-24)
(0.0020523504 -0.0007330282 1.2915184e-23)
(0.0023943282 -0.00085382157 -1.4099083e-23)
(0.002777843 -0.00098837773 -2.0773044e-23)
(0.0032042513 -0.0011366142 1.4366554e-23)
(0.0036741257 -0.0012979639 -1.6707495e-23)
(0.0041871925 -0.0014713229 2.2484835e-23)
(0.0047423217 -0.0016550299 0)
(0.0053375554 -0.0018468785 0)
(0.0059701384 -0.0020441447 1.5127466e-23)
(0.0066365099 -0.0022436057 2.2867696e-24)
(0.0073322112 -0.0024415134 7.0723258e-23)
(0.0080516879 -0.0026334973 2.0316363e-22)
(0.0087879947 -0.0028143931 -2.0730507e-23)
(0.0095324549 -0.0029780295 -8.0535959e-23)
(0.01027429 -0.0031172579 7.874795e-23)
(0.010999841 -0.0032238029 -8.9754697e-23)
(0.011692285 -0.0032870235 -2.9993102e-22)
(0.012337294 -0.003296914 7.4631319e-23)
(0.012921036 -0.0032461878 2.1183924e-22)
(0.013424818 -0.0031339229 1.2184223e-22)
(6.9256468e-06 -3.2754299e-06 -3.6877842e-22)
(2.2109905e-05 -1.0454416e-05 6.3579252e-22)
(4.0270736e-05 -1.9036802e-05 1.7326305e-24)
(6.1981491e-05 -2.9291088e-05 6.4841008e-28)
(8.7920365e-05 -4.1534292e-05 8.7365518e-28)
(0.00011888732 -5.6139166e-05 0)
(0.00015582262 -7.3542189e-05 0)
(0.00019982678 -9.4251878e-05 -1.907496e-21)
(0.00025218139 -0.00011885701 2.2077682e-21)
(0.00031436988 -0.00014803417 5.1039178e-26)
(0.0003880969 -0.00018255364 7.0844921e-24)
(0.00047530432 -0.00022328252 -3.7261727e-21)
(0.00057818116 -0.00027118313 4.1618171e-21)
(0.00069916411 -0.00032730483 1.161075e-23)
(0.00084092459 -0.00039276631 0)
(0.0010063379 -0.00046872579 0)
(0.0011984301 -0.00055633607 1.7832681e-23)
(0.0014202994 -0.00065668224 -2.1133278e-23)
(0.0016750111 -0.0007707014 1.0725787e-24)
(0.0019654681 -0.00089908606 -2.5448213e-23)
(0.0022942656 -0.0010421768 2.4206924e-23)
(0.0026635406 -0.0011998537 -2.4194234e-23)
(0.0030748351 -0.0013714415 1.2757259e-24)
(0.0035289873 -0.0015556426 5.458537e-23)
(0.0040260641 -0.0017505137 4.4448108e-23)
(0.004565334 -0.0019534906 -1.3242248e-22)
(0.0051452656 -0.0021614557 6.6178168e-23)
(0.0057635185 -0.0023708213 -4.6251225e-23)
(0.006416889 -0.0025775944 9.5152239e-21)
(0.007101177 -0.0027773789 -4.0003623e-20)
(0.0078109609 -0.002965288 1.567381e-22)
(0.0085393102 -0.003135768 0)
(0.0092775252 -0.0032823815 -3.6510442e-22)
(0.010014767 -0.0033982032 0)
(0.010737264 -0.0034749163 -2.3249832e-22)
(0.011427305 -0.003502224 1.0887431e-21)
(0.012071242 -0.0034709257 0)
(0.012656308 -0.0033763027 -2.8285945e-20)
(0.013165157 -0.0032171728 6.1746779e-19)
(6.4441294e-06 -3.8620888e-06 2.6060543e-24)
(2.0573533e-05 -1.2324864e-05 -4.5360237e-24)
(3.7474319e-05 -2.2438613e-05 2.4504255e-27)
(5.768104e-05 -3.4517634e-05 3.2440845e-24)
(8.1826181e-05 -4.8932521e-05 0)
(0.00011065629 -6.6118072e-05 -4.6157061e-24)
(0.00014504951 -8.6582113e-05 5.5167217e-24)
(0.00018603462 -0.00011091446 0)
(0.00023481102 -0.00013979546 0)
(0.000292769 -0.00017400325 -9.2158253e-24)
(0.00036150899 -0.00021441865 1.0998094e-23)
(0.00044285821 -0.00026202595 8.297522e-26)
(0.00053888222 -0.00031790749 1.5140497e-23)
(0.00065188854 -0.00038322936 -1.7894828e-23)
(0.00078441866 -0.00045921505 0)
(0.0009392245 -0.0005471038 0)
(0.0011192254 -0.0006480905 0)
(0.0013274425 -0.00076324526 3.1041496e-23)
(0.0015669096 -0.0008934127 -3.8251409e-23)
(0.0018405613 -0.0010390948 0)
(0.0021511056 -0.0012003254 1.0658956e-23)
(0.0025008897 -0.0013765505 -5.8233837e-23)
(0.0028917719 -0.001566532 4.9171793e-23)
(0.0033250142 -0.0017682942 8.1045234e-24)
(0.0038012004 -0.0019791295 2.078989e-23)
(0.0043201817 -0.0021956665 0)
(0.0048810319 -0.0024139896 1.0901267e-22)
(0.0054819859 -0.0026297748 -1.7112219e-22)
(0.0061203315 -0.0028383978 4.8216226e-20)
(0.0067922273 -0.0030349623 -1.7493784e-20)
(0.0074924501 -0.0032142208 -3.583561e-22)
(0.0082141327 -0.0033703855 1.2797815e-22)
(0.0089486671 -0.0034968588 3.6492607e-22)
(0.009684577 -0.0035876081 0)
(0.010410716 -0.0036338922 7.8183496e-22)
(0.011104005 -0.0036255958 -5.1735594e-22)
(0.011753454 -0.0035566026 -1.221161e-21)
(0.012349026 -0.0034237951 -6.8612768e-19)
(0.012871633 -0.0032263048 7.6792181e-20)
(5.823493e-06 -4.3183719e-06 1.7740247e-24)
(1.8593685e-05 -1.377931e-05 8.5131097e-28)
(3.3871476e-05 -2.5083189e-05 -3.6874415e-24)
(5.2141831e-05 -3.8579567e-05 4.4161489e-24)
(7.397892e-05 -5.4680208e-05 5.2624847e-24)
(0.00010006129 -7.3867434e-05 -6.290163e-24)
(0.00013118826 -9.67035e-05 -8.2560539e-27)
(0.00016829782 -0.00012383995 -8.8919837e-24)
(0.0002124858 -0.00015602618 1.0633061e-23)
(0.00026502566 -0.00019411636 1.2475206e-23)
(0.00032738796 -0.00023907304 -1.4881947e-23)
(0.00040125811 -0.00029196589 -6.6377605e-21)
(0.0004885505 -0.00035396265 9.260581e-21)
(0.00059141663 -0.00042630948 0)
(0.000712244 -0.00051029708 -2.7828002e-23)
(0.00085364267 -0.00060720888 3.263178e-23)
(0.0010184156 -0.00071824826 -3.8083517e-23)
(0.0012095104 -0.00084444291 4.2608151e-23)
(0.0014299497 -0.00098652752 2.5788967e-24)
(0.0016827426 -0.0011448102 7.3481149e-24)
(0.0019707777 -0.0013190333 -6.2282734e-24)
(0.0022967075 -0.0015082462 3.6859477e-20)
(0.0026628291 -0.0017107111 -7.5519315e-21)
(0.0030709728 -0.0019238646 -2.8743412e-23)
(0.0035223998 -0.0021443516 7.3592078e-23)
(0.0040177087 -0.0023681339 0)
(0.0045567363 -0.0025906557 -1.0900961e-22)
(0.0051384329 -0.0028070261 0)
(0.0057606907 -0.0030121641 0)
(0.0064201085 -0.0032008532 -2.1969377e-22)
(0.007111704 -0.0033676722 0)
(0.0078286977 -0.0035068042 -3.0312524e-22)
(0.0085630569 -0.0036117353 2.9724641e-22)
(0.0093029782 -0.0036767857 0)
(0.010033989 -0.0036936079 -1.2034784e-21)
(0.010738415 -0.0036542351 -4.4599693e-22)
(0.011403717 -0.0035531073 3.7169741e-22)
(0.012015096 -0.0033890005 -5.9753827e-23)
(0.012558844 -0.0031631786 1.7501902e-21)
(5.0927177e-06 -4.6148479e-06 0)
(1.6262744e-05 -1.4723952e-05 -8.5131097e-28)
(2.9630211e-05 -2.6799991e-05 -4.6429554e-24)
(4.5621963e-05 -4.1214987e-05 5.5565697e-24)
(6.4743896e-05 -5.8406828e-05 -2.9042203e-27)
(8.7595057e-05 -7.8887791e-05 -7.8971624e-24)
(0.00011488271 -0.00010325417 9.4469954e-24)
(0.00014743909 -0.00013219571 0)
(0.00018623965 -0.00016650402 1.3260185e-23)
(0.00023242251 -0.00020707883 -9.2762296e-26)
(0.0002873083 -0.00025493056 -1.8795225e-23)
(0.00035241963 -0.00031117702 -8.8277261e-21)
(0.00042949858 -0.00037703143 9.0698859e-21)
(0.00052052046 -0.0004537784 0)
(0.00062770155 -0.00054273413 0)
(0.00075349781 -0.00064518687 0)
(0.00090059176 -0.00076231453 1.305692e-24)
(0.0010718644 -0.00089507811 0)
(0.0012703502 -0.0010440926 0)
(0.0014991728 -0.0012094824 -7.3481418e-24)
(0.0017614642 -0.0013907339 -1.3944016e-22)
(0.0020602661 -0.0015865653 1.8254061e-20)
(0.0023984202 -0.0017948371 -5.2623996e-20)
(0.0027784476 -0.002012529 0)
(0.0032024198 -0.0022357981 8.461495e-23)
(0.003671817 -0.002460121 -1.0894826e-23)
(0.0041873648 -0.0026804975 -4.5508312e-22)
(0.0047488388 -0.0028916688 2.3547409e-23)
(0.005354825 -0.003088294 2.7925063e-22)
(0.0060024296 -0.003265027 4.8381025e-22)
(0.0066869503 -0.0034164522 4.7519523e-22)
(0.0074015372 -0.0035367925 0)
(0.0081357819 -0.0036198863 3.2993443e-22)
(0.008884528 -0.0036610806 -3.2254588e-22)
(0.0096307127 -0.0036531412 0)
(0.010351205 -0.0035863902 1.7543272e-21)
(0.011035007 -0.0034602328 1.4197456e-21)
(0.011669593 -0.0032741988 -7.6149405e-22)
(0.01224019 -0.0030313173 -1.1201511e-21)
(4.2865196e-06 -4.7281654e-06 0)
(1.3691459e-05 -1.5084393e-05 -1.2237504e-27)
(2.4952067e-05 -2.7453821e-05 5.5606963e-24)
(3.8431307e-05 -4.2216371e-05 -6.6580966e-24)
(5.4560101e-05 -5.9818958e-05 -7.9299519e-24)
(7.3850282e-05 -8.0783901e-05 9.4787874e-24)
(9.6908281e-05 -0.00010571847 0)
(0.00012445063 -0.00013532411 0)
(0.00015732138 -0.00017040444 -1.5920251e-23)
(0.00019651123 -0.0002118708 1.893369e-23)
(0.0002431781 -0.00026074382 9.3806779e-26)
(0.00029866857 -0.00031814847 -2.2105818e-25)
(0.00036453942 -0.00038529997 0)
(0.00044257807 -0.00046347676 -3.5851102e-23)
(0.00053482025 -0.00055397685 4.2224374e-23)
(0.00064356274 -0.00065805349 0)
(0.00077136869 -0.0007768272 5.2954178e-23)
(0.00092106245 -0.00091117296 -6.3503845e-23)
(0.0010957107 -0.0010615852 0)
(0.0012985867 -0.001228028 -1.0414144e-23)
(0.0015331146 -0.0014097856 1.6555157e-22)
(0.001802791 -0.0016053335 -7.7450314e-24)
(0.002111081 -0.0018122564 -1.9294141e-22)
(0.0024612868 -0.0020272381 -1.8746038e-22)
(0.0028563852 -0.0022461403 1.2006479e-23)
(0.0032988315 -0.0024641687 1.3048743e-23)
(0.0037903248 -0.0026761017 5.3740605e-22)
(0.0043315367 -0.002876533 -2.8034062e-23)
(0.0049218031 -0.0030600661 -3.2947632e-22)
(0.0055587922 -0.0032214036 9.9539177e-24)
(0.0062381773 -0.0033552975 -8.045843e-22)
(0.0069533287 -0.0034563727 -4.8506264e-22)
(0.0076944159 -0.0035193963 -3.8818474e-22)
(0.0084513967 -0.0035385016 3.7957463e-22)
(0.0092103944 -0.003509508 0)
(0.0099539366 -0.0034241987 1.1644472e-21)
(0.010663613 -0.0032820761 0)
(0.01132607 -0.0030841964 0)
(0.011927507 -0.0028355821 -4.4130907e-21)
(3.4457665e-06 -4.644355e-06 -3.0869166e-24)
(1.1010136e-05 -1.4816143e-05 1.2237504e-27)
(2.0074046e-05 -2.6963855e-05 6.4140726e-24)
(3.0934024e-05 -4.1459713e-05 -7.6741409e-24)
(4.3943062e-05 -5.8741357e-05 -9.1386723e-24)
(5.9522413e-05 -7.9319864e-05 1.0945633e-23)
(7.8173876e-05 -0.00010378887 0)
(0.00010049409 -0.0001328333 1.5433033e-23)
(0.0001271911 -0.00016723671 -1.8380868e-23)
(0.00015910336 -0.00020788611 -9.0105272e-26)
(0.0001972211 -0.00025577262 -2.0028682e-25)
(0.0002427101 -0.00031198544 2.2105824e-25)
(0.00029693769 -0.00037769657 0)
(0.00036150035 -0.00045413237 0)
(0.00043825216 -0.00054252846 -4.7894868e-23)
(0.0005293325 -0.000644064 5.616276e-23)
(0.00063719092 -0.0007597724 -6.1167338e-23)
(0.00076460608 -0.00089042793 7.3019219e-23)
(0.00091469454 -0.0010364108 5.3393695e-24)
(0.0010909039 -0.0011975592 1.0414305e-23)
(0.0012969833 -0.0013730233 -1.2787841e-23)
(0.0015369243 -0.0015611425 2.7257938e-23)
(0.0018148617 -0.0017593726 0)
(0.0021349282 -0.0019642867 -5.8214754e-23)
(0.002501055 -0.0021716669 0)
(0.0029167164 -0.0023766839 0)
(0.0033846203 -0.0025741379 -2.1811562e-22)
(0.0039063567 -0.0027587109 -3.7368109e-22)
(0.0044820176 -0.002925169 3.7620098e-22)
(0.0051098153 -0.0030684609 0)
(0.0057857276 -0.0031836876 -6.8366895e-23)
(0.0065031793 -0.0032659818 0)
(0.0072525719 -0.0033106518 0)
(0.0080228869 -0.0033135032 0)
(0.0088001151 -0.0032694057 -8.18834e-22)
(0.0095664237 -0.003172739 -1.8270911e-21)
(0.010303884 -0.0030236942 2.2610334e-21)
(0.010996921 -0.0028246019 0)
(0.011631222 -0.0025815945 3.0596903e-21)
(2.6142451e-06 -4.3593126e-06 -3.4581808e-24)
(8.3583914e-06 -1.3906161e-05 1.2038681e-23)
(1.5250093e-05 -2.5306471e-05 -7.203459e-24)
(2.3520317e-05 -3.8908902e-05 0)
(3.3445186e-05 -5.5123223e-05 -1.0245377e-23)
(4.5356662e-05 -7.4427659e-05 1.2241592e-23)
(5.9653484e-05 -9.7377275e-05 0)
(7.6814296e-05 -0.00012461189 0)
(9.741349e-05 -0.00015686265 0)
(0.00012214008 -0.00019495602 2.4285531e-23)
(0.00015182006 -0.00023981374 -2.8924077e-23)
(0.00018744258 -0.00029244641 2.7740672e-25)
(0.00023019053 -0.00035393789 0)
(0.00028147553 -0.00042541736 0)
(0.00034297715 -0.0005080153 0)
(0.00041668581 -0.00060279982 0)
(0.0005049472 -0.00071069093 0)
(0.00061050528 -0.00083235196 -7.9627815e-23)
(0.00073653843 -0.00096806145 8.6168924e-23)
(0.000886681 -0.0011175736 0)
(0.0010650197 -0.0012799819 2.688892e-23)
(0.0012760518 -0.0014536071 2.7830816e-24)
(0.00152459 -0.0016359341 0)
(0.0018156015 -0.0018236218 -5.8812593e-24)
(0.0021539698 -0.0020125997 6.4070208e-23)
(0.0025441796 -0.0021982487 -2.3229045e-22)
(0.0029899324 -0.0023756393 4.5771964e-22)
(0.0034937146 -0.0025397799 0)
(0.0040563494 -0.0026858156 -3.8283839e-22)
(0.0046765659 -0.0028091313 3.8201023e-22)
(0.0053506239 -0.0029053398 2.5137076e-22)
(0.0060720136 -0.0029701994 -3.0745461e-22)
(0.0068312017 -0.0029996623 1.0701037e-21)
(0.0076163677 -0.0029901064 0)
(0.0084130962 -0.0029374641 1.5001248e-21)
(0.0092035804 -0.0028379405 -1.4270308e-21)
(0.0099693904 -0.0026918185 -2.2698506e-21)
(0.010693427 -0.0025021986 3.1050112e-21)
(0.011360468 -0.0022756952 7.2648816e-22)
(1.8363984e-06 -3.8798114e-06 1.8926417e-24)
(5.8781427e-06 -1.2375978e-05 6.5796125e-24)
(1.0738182e-05 -2.2520981e-05 -7.8776093e-24)
(1.658654e-05 -3.462449e-05 0)
(2.3627485e-05 -4.9050541e-05 5.6757406e-27)
(3.2109672e-05 -6.6223715e-05 0)
(4.2335745e-05 -8.6636521e-05 0)
(5.4674413e-05 -0.00011085626 0)
(6.9575641e-05 -0.00013953062 0)
(8.7589515e-05 -0.00017339089 9.9665156e-26)
(0.00010938954 -0.00021325148 1.1776152e-25)
(0.00013580127 -0.00026000354 -3.7197579e-23)
(0.00016783724 -0.00031460043 8.7037426e-23)
(0.000206739 -0.00037803179 -5.0739852e-23)
(0.00025402678 -0.00045128324 0)
(0.00031155659 -0.00053527839 0)
(0.00038158328 -0.00063080109 -7.6943135e-23)
(0.00046682614 -0.00073839746 8.6295771e-23)
(0.00057053074 -0.0008582607 0)
(0.00069651694 -0.00099010653 9.2699624e-23)
(0.00084919898 -0.0011330524 -1.3421431e-22)
(0.0010335594 -0.00128552 2.3715603e-24)
(0.0012550568 -0.001445183 1.2774019e-22)
(0.0015194486 -0.0016089817 -7.3695911e-23)
(0.0018325158 -0.0017732167 -6.4083633e-23)
(0.0021996905 -0.0019337189 0)
(0.0026256005 -0.0020860695 0)
(0.0031135631 -0.0022258292 -2.4271302e-22)
(0.0036650729 -0.0023487225 4.1650501e-22)
(0.004279328 -0.0024507362 -4.1570033e-22)
(0.0049528385 -0.00252812 3.1471196e-22)
(0.005679144 -0.0025773269 0)
(0.0064486535 -0.0025950099 -1.0722934e-21)
(0.0072490108 -0.0025781377 8.6386562e-20)
(0.0080651809 -0.0025236691 1.7946644e-19)
(0.0088791935 -0.0024291847 2.1723217e-21)
(0.0096720458 -0.0022951781 0)
(0.010425405 -0.0021249431 -2.1429362e-21)
(0.011123045 -0.0019248746 -9.0441315e-22)
(1.1546608e-06 -3.2234251e-06 -2.5400245e-28)
(3.704779e-06 -1.0281718e-05 -8.836136e-28)
(6.7844727e-06 -1.8709506e-05 -1.9904758e-27)
(1.0510867e-05 -2.87635e-05 0)
(1.5025203e-05 -4.0745769e-05 -6.0096823e-24)
(2.0503273e-05 -5.500839e-05 7.173274e-24)
(2.7163724e-05 -7.1959572e-05 -8.5120463e-24)
(3.5279213e-05 -9.2069254e-05 1.0176141e-23)
(4.5191067e-05 -0.00011587357 2.4142718e-26)
(5.7328183e-05 -0.00014397735 0)
(7.2231228e-05 -0.00017705337 1.6798234e-23)
(9.0583447e-05 -0.00021583672 -1.8734784e-25)
(0.00011324954 -0.00026111219 -2.3429662e-23)
(0.00014132397 -0.0003136922 2.6611776e-23)
(0.00017618989 -0.00037438249 -6.3158372e-23)
(0.00021958886 -0.00044393323 3.6740468e-23)
(0.00027370038 -0.00052297341 0)
(0.0003412274 -0.00061192866 5.8623524e-24)
(0.0004254807 -0.0007109249 1.0375136e-22)
(0.00053045008 -0.00081968449 -2.1073523e-22)
(0.00066084492 -0.0009374264 1.2842234e-22)
(0.00082208162 -0.0010627864 9.870236e-23)
(0.0010201929 -0.0011937764 -1.7943684e-22)
(0.0012616357 -0.0013278004 1.3899293e-22)
(0.0015529825 -0.001461737 -7.4561595e-23)
(0.0019004973 -0.0015920864 0)
(0.0023096179 -0.0017151588 2.5769172e-22)
(0.0027843844 -0.0018272701 2.2180357e-22)
(0.003326871 -0.0019248989 -4.6539569e-22)
(0.0039366761 -0.0020047738 8.4118304e-22)
(0.0046105166 -0.0020638786 -4.2090441e-22)
(0.0053419573 -0.0020994078 6.6706656e-22)
(0.0061212937 -0.0021087469 2.5185343e-22)
(0.0069357649 -0.0020895359 -1.6988367e-19)
(0.0077697706 -0.0020396064 -9.8612755e-20)
(0.0086050048 -0.001957487 8.1491619e-23)
(0.0094218865 -0.0018438279 -6.5164135e-22)
(0.010201076 -0.0017016851 6.3450778e-22)
(0.010925416 -0.0015366426 -1.1171e-21)
(6.0674074e-07 -2.4173446e-06 4.6655624e-23)
(1.958099e-06 -7.7103256e-06 -8.9962852e-23)
(3.6069557e-06 -1.4030172e-05 0)
(5.6280106e-06 -2.1569083e-05 -5.2922137e-24)
(8.1118513e-06 -3.0553403e-05 1.2644159e-23)
(1.1175759e-05 -4.1246817e-05 -7.539504e-24)
(1.4970973e-05 -5.3954929e-05 -8.5517622e-27)
(1.9693134e-05 -6.9029403e-05 0)
(2.559656e-05 -8.6871218e-05 -2.414272e-26)
(3.301319e-05 -0.00010793242 2.9797594e-26)
(4.2377492e-05 -0.00013271545 0)
(5.4259062e-05 -0.00016176867 -2.0695951e-23)
(6.9404748e-05 -0.00019567669 2.4628175e-23)
(8.8792109e-05 -0.00023504341 0)
(0.00011369578 -0.000280466 0)
(0.00014576748 -0.00033249768 0)
(0.00018712879 -0.00039159813 0)
(0.00024047274 -0.00045807133 -3.0162969e-24)
(0.00030916631 -0.00053199294 3.5105219e-24)
(0.00039734021 -0.00061313232 -6.73395e-23)
(0.00050994571 -0.00070087778 2.61922e-24)
(0.00065275281 -0.0007941776 8.9857418e-23)
(0.00083226035 -0.00089151077 3.5820633e-23)
(0.0010554914 -0.00099090114 1.4583193e-22)
(0.0013296574 -0.0010899822 -3.3528803e-22)
(0.0016616924 -0.0011861099 1.5200711e-22)
(0.0020576839 -0.0012765076 7.1128722e-23)
(0.0025222497 -0.0013584152 0)
(0.0030579247 -0.0014292097 0)
(0.0036646214 -0.0014864727 -2.1591281e-22)
(0.0043392142 -0.0015279968 3.8830896e-22)
(0.0050752752 -0.001551754 -3.4583823e-22)
(0.005862979 -0.001555876 2.9818265e-22)
(0.0066892519 -0.0015386944 1.8618556e-21)
(0.0075380409 -0.0014987744 -4.766124e-22)
(0.0083906714 -0.0014352809 -1.6316975e-21)
(0.0092270469 -0.001348856 6.8391929e-22)
(0.010027036 -0.0012419614 -1.9258019e-21)
(0.01077272 -0.0011189119 2.0983648e-21)
(2.2381822e-07 -1.5009588e-06 3.0055685e-23)
(7.3746154e-07 -4.7872488e-06 -4.3652486e-23)
(1.3863951e-06 -8.7107319e-06 2.2892926e-24)
(2.2157027e-06 -1.3390084e-05 -2.7390492e-24)
(3.28053e-06 -1.8964957e-05 3.2615186e-24)
(4.657225e-06 -2.5597645e-05 -3.9043351e-24)
(6.4498475e-06 -3.3475839e-05 -4.6327805e-24)
(8.8001446e-06 -4.2815334e-05 5.5274672e-24)
(1.1901639e-05 -5.3863025e-05 1.2891932e-26)
(1.6018628e-05 -6.6900209e-05 -2.9797601e-26)
(2.1511558e-05 -8.2240017e-05 0)
(2.8870784e-05 -0.00010022151 -8.2898488e-26)
(3.8760982e-05 -0.0001212054 -1.2676872e-23)
(5.2078345e-05 -0.0001455639 1.9835053e-25)
(7.002221e-05 -0.0001736644 1.7274465e-23)
(9.4182288e-05 -0.00020584617 6.22124e-25)
(0.00012664074 -0.0002423894 -4.6834681e-20)
(0.00017008513 -0.00028347641 5.197411e-20)
(0.00022792364 -0.00032914657 -2.8983864e-23)
(0.00030438783 -0.00037924778 1.2586508e-22)
(0.00040460086 -0.00043339042 -7.389857e-23)
(0.00053458291 -0.00049091098 5.3158602e-23)
(0.00070116168 -0.00055085472 5.6344502e-24)
(0.00091175886 -0.00061198524 -7.9733928e-23)
(0.0011740345 -0.00067282578 1.7462864e-23)
(0.0014953919 -0.00073173041 6.7668231e-23)
(0.0018823728 -0.00078697503 -2.2192981e-22)
(0.0023399977 -0.00083685084 0)
(0.0028711206 -0.00087974019 6.3152851e-23)
(0.0034758704 -0.00091415893 -2.186532e-22)
(0.0041512264 -0.00093876163 -8.2730895e-23)
(0.0048907592 -0.00095232248 9.5941586e-24)
(0.0056845459 -0.0009537217 0)
(0.0065192949 -0.00094196991 -8.2989356e-22)
(0.0073786368 -0.00091625468 -9.771964e-22)
(0.0082435983 -0.0008761618 2.0375853e-22)
(0.0090936961 -0.00082215629 0)
(0.0099082471 -0.00075583047 1.9178944e-21)
(0.010668796 -0.00067990257 0)
(2.4632929e-08 -5.1140321e-07 -5.5996199e-25)
(1.0792331e-07 -1.6301578e-06 1.9495569e-24)
(2.4134269e-07 -2.9637128e-06 -1.1671186e-24)
(4.5639617e-07 -4.5507925e-06 1.3919317e-24)
(7.8991495e-07 -6.4375241e-06 -1.6647021e-24)
(1.297459e-06 -8.6775945e-06 1.9792098e-24)
(2.0593486e-06 -1.1333969e-05 -5.4526822e-27)
(3.1917667e-06 -1.4481271e-05 -2.8132215e-24)
(4.8529835e-06 -1.8210205e-05 -1.2891934e-26)
(7.2680152e-06 -2.262311e-05 0)
(1.0769174e-05 -2.78214e-05 0)
(1.5806482e-05 -3.3913746e-05 0)
(2.2995329e-05 -4.1022204e-05 6.4900021e-24)
(3.3192173e-05 -4.9272198e-05 -7.5529534e-24)
(4.755863e-05 -5.8787481e-05 -8.6382437e-24)
(6.765273e-05 -6.9682192e-05 1.9448975e-23)
(9.55366e-05 -8.2050303e-05 -4.6239519e-20)
(0.00013389542 -9.5952489e-05 5.583265e-20)
(0.00018615915 -0.00011140083 -1.6517056e-23)
(0.00025661189 -0.00012834238 0)
(0.00035046599 -0.00014664357 2.1283213e-23)
(0.00047387115 -0.0001660779 -8.39379e-25)
(0.00063382506 -0.00018632012 -2.929987e-23)
(0.00083795515 -0.0002069496 0)
(0.0010941528 -0.0002274645 -1.0872336e-19)
(0.001410063 -0.00024730609 1.137807e-19)
(0.0017924612 -0.00026588984 3.8297679e-23)
(0.0022465743 -0.0002826372 -1.2253626e-37)
(0.0027754201 -0.00029700155 -6.3232724e-23)
(0.0033792372 -0.00030848266 0)
(0.0040550576 -0.00031662854 2.0345386e-22)
(0.0047964491 -0.00032102913 -2.7722417e-24)
(0.0055934348 -0.00032131155 1.65905e-22)
(0.0064326105 -0.00031714836 -7.7045968e-23)
(0.0072974442 -0.000308277 6.2271601e-22)
(0.0081687972 -0.00029457397 -6.5968488e-22)
(0.0090259795 -0.00027620836 -7.8555592e-23)
(0.0098480234 -0.00025373055 -6.3297353e-22)
(0.010616198 -0.00022806784 1.5304742e-22)
(0.0062703571 6.9452548e-05 1.4221452e-23)
(0.0067145394 6.5777482e-05 -1.430772e-23)
(0.007137303 5.9737676e-05 0)
(0.0075103401 5.5268347e-05 6.0418236e-23)
(0.0078617324 5.1012857e-05 1.8657851e-23)
(0.0081828845 4.7244616e-05 0)
(0.0084831071 4.3836761e-05 0)
(0.0087627541 4.0722606e-05 1.1480507e-22)
(0.0090251529 3.7854892e-05 -1.0258635e-22)
(0.0092717001 3.5188464e-05 0)
(0.0095046223 3.2679013e-05 0)
(0.009723972 3.0303104e-05 -5.2444248e-23)
(0.009933598 2.8055405e-05 0)
(0.010128935 2.5748321e-05 0)
(0.010319965 2.4104262e-05 0)
(0.006310275 0.00020944806 0)
(0.0067499352 0.00019856678 0)
(0.0071704969 0.00018028397 -4.3874649e-23)
(0.0075414836 0.00016675343 1.4500145e-24)
(0.0078914755 0.00015388408 -3.7983676e-23)
(0.0082116239 0.00014246426 0)
(0.0085110911 0.00013214866 0)
(0.0087901959 0.00012271838 -9.4327573e-23)
(0.0090521644 0.00011404176 8.2106463e-23)
(0.0092983461 0.00010597715 3.3568648e-23)
(0.0095309194 9.8398101e-05 -6.2029698e-23)
(0.0097498746 9.1222153e-05 8.156615e-23)
(0.0099590872 8.4451679e-05 -8.9951289e-23)
(0.01015377 7.7497737e-05 7.3511061e-23)
(0.010344394 7.2556019e-05 4.3458306e-24)
(0.0063946697 0.00034966819 0)
(0.0068268953 0.00033205448 0)
(0.0072441436 0.00030154232 -3.8595329e-22)
(0.0076115649 0.00027905662 7.7818038e-23)
(0.0079590122 0.00025754914 -7.7629143e-23)
(0.0082770839 0.00023846 -2.5270114e-22)
(0.0085747951 0.00022117998 -2.7314634e-22)
(0.0088523953 0.00020537384 6.2125182e-24)
(0.0091129641 0.00019081932 5.3853309e-24)
(0.0093577781 0.00017728689 -2.5163472e-22)
(0.0095889397 0.0001645722 4.8537144e-19)
(0.0098063423 0.00015253206 4.317897e-19)
(0.010013919 0.00014118715 9.8946413e-19)
(0.010206463 0.00012953642 -1.2146359e-18)
(0.01039546 0.00012124619 1.2690589e-22)
(0.0065263778 0.00048700214 0)
(0.0069481792 0.00046342418 -5.3474993e-22)
(0.007360952 0.00042091898 1.0419049e-22)
(0.0077232235 0.00038974413 0)
(0.0080668998 0.0003597441 5.222158e-22)
(0.0083817364 0.00033310877 3.8757632e-22)
(0.0086766029 0.00030894696 2.1800613e-22)
(0.0089516431 0.00028683449 -4.4413565e-22)
(0.0092097468 0.00026645861 -3.4038801e-22)
(0.0094520905 0.00024751106 3.3040646e-22)
(0.0096806741 0.00022971593 -4.7340202e-19)
(0.0098952581 0.00021286985 -4.591502e-19)
(0.01009987 0.0001970172 3.3987687e-19)
(0.010288672 0.00018075449 2.7081212e-19)
(0.010474718 0.00016916024 -1.2899865e-22)
(0.0067076277 0.00061784567 1.2367101e-22)
(0.0071159793 0.00058943782 3.1542013e-22)
(0.0075230627 0.00053544657 4.0098939e-22)
(0.0078785443 0.00049606505 -8.0550415e-23)
(0.0082171372 0.00045792778 7.7458303e-24)
(0.0085274994 0.00042404746 5.9224849e-22)
(0.0088183479 0.00039325583 -4.5602517e-22)
(0.0090896856 0.00036506157 3.9806554e-22)
(0.0093441703 0.000339068 3.4584795e-22)
(0.009582851 0.00031489926 -2.9868561e-22)
(0.0098076016 0.00029221574 -3.0365978e-23)
(0.010018013 0.0002707596 2.5225896e-22)
(0.010218245 0.00025059485 -1.4300411e-18)
(0.010401623 0.00022995398 1.0404056e-18)
(0.010583315 0.00021519283 0)
(0.0069398654 0.00073820071 0)
(0.007331742 0.00070653956 -8.7517781e-22)
(0.0077318808 0.00064186097 1.8858321e-22)
(0.0080788912 0.00059500676 -8.7578635e-22)
(0.0084110021 0.00054932191 -6.1002908e-22)
(0.008715577 0.0005087038 -2.2059686e-24)
(0.0090011576 0.00047172556 1.9840834e-24)
(0.0092675733 0.00043784904 0)
(0.0095172098 0.00040660587 8.22126e-23)
(0.0097509613 0.00037756642 2.9291776e-22)
(0.0099705549 0.00035033686 -6.9815978e-23)
(0.010175377 0.00032461589 0)
(0.01036976 0.00030047451 2.4924617e-23)
(0.010545995 0.00027584561 -3.1191199e-23)
(0.010721893 0.00025815687 -2.470889e-22)
(0.0072235765 0.00084374905 -1.1468213e-21)
(0.0075959759 0.00081093474 1.1011581e-21)
(0.0079879151 0.00073667475 6.0515494e-22)
(0.0083247369 0.00068335178 4.621773e-24)
(0.0086488832 0.00063096835 0)
(0.0089462969 0.00058435007 -7.658175e-19)
(0.0092252969 0.00054183927 -6.1829396e-19)
(0.0094855098 0.00050287216 1.0846439e-22)
(0.0097290115 0.00046692655 1.198771e-18)
(0.0099565164 0.00043353627 -2.566903e-18)
(0.010169588 0.00040226453 6.1620773e-23)
(0.010367378 0.00037278232 -7.7407751e-24)
(0.010554425 0.0003451484 3.2963703e-22)
(0.010721814 0.00031708217 -3.3072851e-22)
(0.010890481 0.00029681543 2.5930929e-22)
(0.0075581084 0.00092992905 1.4179633e-21)
(0.0079080437 0.00089867477 -4.41571e-23)
(0.0082906395 0.00081628187 -8.5010236e-22)
(0.0086154992 0.00075776624 5.0942499e-22)
(0.0089301214 0.00069982008 -1.0829002e-21)
(0.0092189582 0.00064819213 6.6292697e-19)
(0.0094900218 0.00060102995 7.3562418e-19)
(0.0097427117 0.00055776912 0)
(0.0099787595 0.00051785781 2.7629403e-18)
(0.010198679 0.00048081416 -1.3187269e-18)
(0.010403855 0.00044617185 -5.9217935e-22)
(0.010593186 0.00041359409 0)
(0.010771438 0.0003831036 2.2606417e-23)
(0.010928357 0.00035230945 6.4394142e-22)
(0.011088409 0.00032992706 0)
(0.0079415225 0.00099202625 2.8842019e-22)
(0.0082659096 0.00096555218 6.4773091e-22)
(0.0086383879 0.0008770911 2.077456e-23)
(0.0089493925 0.0008149212 -1.1963197e-21)
(0.0092528718 0.00075286524 1.2385377e-21)
(0.009531704 0.00069748985 -1.0757849e-21)
(0.0097934606 0.00064679497 2.200974e-22)
(0.010037296 0.00060024913 5.9024305e-22)
(0.010264569 0.00055730207 -1.6579818e-22)
(0.010475576 0.00051748119 -1.0539326e-21)
(0.010671516 0.00048030658 1.5665499e-21)
(0.01085102 0.00044545695 0)
(0.011019101 0.00041289294 -7.9767495e-22)
(0.011164068 0.00038022881 -2.9069512e-22)
(0.011314231 0.00035630095 0)
(0.008370772 0.0010254438 1.1957795e-21)
(0.0086694809 0.0010076019 -8.6609971e-22)
(0.0090283276 0.00091574017 0)
(0.0093232987 0.0008516398 1.3964692e-21)
(0.0096140054 0.00078727732 0)
(0.0098814336 0.00072969868 1.3119563e-21)
(0.010132534 0.00067682876 -2.9973144e-23)
(0.010366207 0.00062821626 -1.0289106e-21)
(0.01058342 0.00058335157 -1.3920249e-21)
(0.010784241 0.00054180067 1.6698274e-21)
(0.010969681 0.00050308873 -9.0683132e-22)
(0.011138102 0.00046693596 8.9011288e-22)
(0.01129477 0.00043321462 8.0222542e-22)
(0.011426511 0.00039966729 -4.3797068e-23)
(0.011565677 0.00037485936 -4.8682993e-22)
(0.0088417721 0.0010271523 -3.5815682e-21)
(0.0091164792 0.0010198492 6.7245089e-22)
(0.0094545372 0.0009278879 -4.1449359e-22)
(0.0097326513 0.00086505007 -1.691074e-21)
(0.010009075 0.00080059516 -5.9745249e-22)
(0.010263772 0.00074262606 -2.9820318e-22)
(0.010502933 0.00068916677 9.1500486e-22)
(0.010725201 0.00063990275 0)
(0.010931143 0.00059441146 1.3965979e-21)
(0.011120599 0.00055233129 -1.2073308e-21)
(0.011294398 0.000513214 0)
(0.011450643 0.00047684919 -1.3278828e-23)
(0.011594844 0.00044299624 7.3758753e-22)
(0.01171236 0.00040965202 6.5573865e-22)
(0.01183964 0.00038470413 9.649724e-22)
(0.0093460918 0.00099367512 5.1484625e-22)
(0.0095933073 0.001000711 -5.1099308e-22)
(0.0099114412 0.00091104389 -1.2251579e-21)
(0.010171528 0.00085291219 9.9500012e-22)
(0.010432352 0.00079088246 -2.6246051e-22)
(0.010673114 0.00073458777 -1.559715e-21)
(0.010899162 0.00068233046 -2.7479345e-21)
(0.011108891 0.00063400207 -3.9761381e-22)
(0.011302473 0.00058932178 1.8342963e-22)
(0.011479526 0.00054803862 0)
(0.01164071 0.00050975526 1.0063024e-21)
(0.011783895 0.00047435973 -8.8209439e-22)
(0.011914815 0.00044147742 2.9888523e-23)
(0.012017434 0.00040948382 -3.5361316e-23)
(0.012132201 0.00038518309 -4.9468583e-22)
(0.0098754376 0.00092192377 1.753294e-23)
(0.010090738 0.00094965972 -3.9529326e-22)
(0.010391403 0.00086454083 2.3568741e-21)
(0.0106327 0.00081383655 -1.7710625e-20)
(0.010876913 0.00075691586 1.4611223e-18)
(0.01110274 0.00070455974 6.0466336e-19)
(0.01131467 0.00065546127 -7.7346404e-19)
(0.011510883 0.00060978994 -5.5858121e-19)
(0.011691175 0.00056746714 0)
(0.011854969 0.00052839472 1.3626162e-22)
(0.012002775 0.00049225296 -1.1396594e-21)
(0.012132265 0.00045905748 0)
(0.01224937 0.00042828345 -4.5436875e-19)
(0.012336792 0.0003988033 -4.1478159e-19)
(0.012438715 0.00037595049 4.467807e-22)
(0.010420802 0.00080974038 1.8796347e-21)
(0.010605195 0.00086300599 1.9826209e-21)
(0.010886002 0.00078764397 1.5211217e-21)
(0.01110806 0.00074729991 -5.7302273e-19)
(0.011334887 0.00069831926 -6.0249117e-19)
(0.011545029 0.00065230004 -8.6188738e-19)
(0.011742055 0.0006084278 5.9159129e-19)
(0.011923975 0.00056721929 7.3473861e-19)
(0.012090253 0.00052886156 1.2953101e-21)
(0.012240149 0.00049345426 0)
(0.012374054 0.00046078368 0)
(0.012489499 0.0004310213 0)
(0.012592558 0.00040348169 4.2642557e-19)
(0.012664876 0.00037764239 4.4031047e-19)
(0.012753935 0.00035701527 4.13629e-22)
(0.010971548 0.00065698443 1.3582769e-18)
(0.011126738 0.0007402457 4.4343582e-19)
(0.011386096 0.00068031211 -1.5325029e-21)
(0.011588792 0.00065367775 -1.6150712e-21)
(0.011797755 0.00061562847 0)
(0.011991755 0.00057842213 -1.9136523e-21)
(0.012173356 0.00054189075 -1.2695797e-21)
(0.012340447 0.00050697564 -4.7908459e-23)
(0.01249222 0.00047419609 -1.628994e-21)
(0.012627826 0.00044389609 0)
(0.012747576 0.00041599703 0)
(0.012848918 0.00039085248 -1.6059249e-21)
(0.012938018 0.00036761252 1.3420762e-21)
(0.012995719 0.00034645408 1.17842e-21)
(0.013072199 0.00032877069 -8.2829803e-22)
(0.011516103 0.00046508162 -7.6663073e-19)
(0.011644559 0.00058240279 -1.0155019e-18)
(0.01188186 0.00054371937 -2.8042652e-21)
(0.012065654 0.00053434688 2.0900475e-21)
(0.01225669 0.00051031982 -1.8220051e-21)
(0.012434442 0.00048441335 2.3363886e-21)
(0.012600402 0.0004573141 2.8213191e-21)
(0.0127524 0.00043048207 3.3356324e-22)
(0.012889436 0.00040483949 -6.1829774e-22)
(0.013010621 0.00038102145 2.8488927e-22)
(0.013116234 0.00035911287 5.319266e-19)
(0.013203716 0.00033967223 4.2971733e-19)
(0.013279249 0.00032168837 -1.2564606e-21)
(0.013323188 0.00030611425 -1.2848557e-21)
(0.013387656 0.00029199945 7.8942902e-22)
(0.012042424 0.00023705043 -1.7180773e-21)
(0.012147683 0.00039171076 -7.6386578e-22)
(0.012363306 0.00038031278 3.4121849e-21)
(0.012529396 0.00039172562 -4.9227747e-21)
(0.012702966 0.00038478637 2.5626618e-21)
(0.012864765 0.00037259211 1.2792253e-21)
(0.013015205 0.00035691576 -1.586645e-21)
(0.013152134 0.00033984764 -3.1975352e-22)
(0.013274472 0.00032278668 3.1596205e-22)
(0.013381373 0.00030670404 2.3900968e-22)
(0.013473137 0.00029187443 -4.5387447e-19)
(0.013547279 0.00027907906 -4.9713454e-19)
(0.013609916 0.0002671567 0)
(0.01364127 0.00025789195 3.041895e-23)
(0.013694522 0.00024785053 -1.5676369e-21)
(0.012538501 -2.2384636e-05 4.0206729e-22)
(0.012625448 0.0001717274 -9.5495134e-23)
(0.012820814 0.00019366727 -9.0467085e-22)
(0.012971217 0.00022919254 4.4386577e-21)
(0.013128391 0.00024223701 5.8219892e-23)
(0.013274967 0.00024599617 -2.9437463e-21)
(0.013410352 0.0002435551 0)
(0.01353253 0.00023775817 3.0442043e-22)
(0.013640475 0.00023055481 -3.0103708e-22)
(0.013733486 0.00022329237 2.2778177e-22)
(0.013811942 0.00021645768 -4.2105966e-22)
(0.013873514 0.0002110664 1.0993091e-22)
(0.013924157 0.00020582694 1.1911692e-21)
(0.013944354 0.00020338737 7.1482981e-23)
(0.013987352 0.00019778632 7.4733497e-22)
(0.012992853 -0.00030684169 3.8635779e-21)
(0.013067956 -7.2797476e-05 -3.7384248e-22)
(0.013245609 -1.1769204e-05 2.2921535e-21)
(0.013383203 5.0885371e-05 -2.0942435e-21)
(0.013525705 8.6504346e-05 0)
(0.013658233 0.00010819814 1.6366469e-21)
(0.013779377 0.00012055894 0)
(0.013887404 0.00012731388 0)
(0.013981512 0.00013103225 0)
(0.014061263 0.0001334697 0)
(0.014127174 0.00013534234 0)
(0.014177148 0.00013790485 4.4554624e-19)
(0.014216875 0.00013976535 3.550351e-19)
(0.014227505 0.0001444407 -9.8789902e-22)
(0.014261307 0.00014350199 -6.994763e-22)
(0.013395174 -0.00060821562 -3.6987153e-21)
(0.013466611 -0.00033597854 0)
(0.0136302 -0.00023093108 -1.7256616e-21)
(0.013758697 -0.00013853534 -5.1017868e-22)
(0.01388893 -7.8180727e-05 -4.0086612e-22)
(0.014009017 -3.691034e-05 3.3162635e-21)
(0.014117051 -8.4822369e-06 -3.0936984e-22)
(0.01421178 1.1838238e-05 3.0698985e-22)
(0.014292835 2.7300044e-05 0)
(0.014360168 4.0087721e-05 -1.6845089e-21)
(0.014414481 5.1157545e-05 -1.450469e-21)
(0.014453982 6.200052e-05 -3.8756948e-19)
(0.014483978 7.116704e-05 -4.0304045e-19)
(0.014486704 8.301909e-05 -1.0177555e-21)
(0.014512377 8.6823059e-05 7.1756222e-22)
(0.013737189 -0.00091626962 -2.9593974e-22)
(0.01381513 -0.0006102337 6.2134291e-23)
(0.013969118 -0.00045793087 2.4049223e-22)
(0.014092816 -0.00033383961 0)
(0.014213755 -0.00024723567 0)
(0.014323342 -0.00018522598 -2.5185398e-21)
(0.014419635 -0.00013985364 -3.2559351e-22)
(0.01450212 -0.0001052754 -2.3256554e-21)
(0.014571087 -7.7525572e-05 2.4901179e-22)
(0.01462701 -5.3989851e-05 1.4638486e-21)
(0.014670814 -3.3469781e-05 1.6123437e-21)
(0.014701055 -1.4249283e-05 1.3922967e-22)
(0.014722544 2.2223947e-06 -1.3786916e-22)
(0.014719009 2.1093735e-05 3.6594731e-21)
(0.014737557 2.9593298e-05 -1.1824911e-21)
(0.014011579 -0.0012202727 -2.5455171e-22)
(0.014110022 -0.00088651103 4.7372228e-22)
(0.014259685 -0.00068615517 1.994431e-22)
(0.014382973 -0.00052937615 -4.2057704e-23)
(0.014497875 -0.00041589389 -3.1224699e-21)
(0.014599035 -0.00033261257 3.0020011e-22)
(0.014685051 -0.00026988989 -3.4968947e-23)
(0.014756448 -0.00022072759 1.7603654e-21)
(0.01481441 -0.000180448 4.1182519e-19)
(0.014860048 -0.00014603496 2.8166345e-19)
(0.014894514 -0.00011605648 0)
(0.014916738 -8.8589722e-05 -1.2902606e-22)
(0.014930916 -6.5008279e-05 -1.6865804e-21)
(0.014922657 -3.9478299e-05 -1.7959596e-21)
(0.014934947 -2.6434314e-05 1.2128193e-21)
(0.014206871 -0.0015147756 -1.1970787e-21)
(0.014344678 -0.0011610133 1.0380071e-21)
(0.014498467 -0.00091358746 2.6596258e-21)
(0.014626719 -0.00072285435 2.8928808e-21)
(0.014739635 -0.0005817095 2.3143546e-21)
(0.0148349 -0.00047652815 0)
(0.014912383 -0.00039603292 0)
(0.014974052 -0.00033201855 0)
(0.015022263 -0.00027908058 -2.9459442e-19)
(0.01505887 -0.00023380904 -3.8100037e-19)
(0.01508524 -0.00019452645 -1.3849039e-22)
(0.015100679 -0.00015910612 1.3769125e-22)
(0.015108667 -0.00012875337 1.6795879e-21)
(0.015097062 -9.70709e-05 1.0242811e-22)
(0.015103757 -7.9731375e-05 0)
(0.014298997 -0.0018163796 1.4769578e-21)
(0.014493495 -0.0014469242 -1.3714694e-21)
(0.014669233 -0.0011522666 -2.9025187e-21)
(0.014813989 -0.00092188191 -3.0596402e-21)
(0.014933253 -0.00074865905 -5.2432584e-19)
(0.015027809 -0.00061855299 -2.69337e-19)
(0.015100059 -0.00051844933 -2.5123022e-22)
(0.015154306 -0.00043855114 -3.2409101e-21)
(0.015194624 -0.0003724382 2.8088747e-21)
(0.015223844 -0.00031614556 0)
(0.015243575 -0.00026763873 2.0664859e-21)
(0.015253531 -0.00022454529 -1.0645996e-22)
(0.015256405 -0.00018777066 1.0478707e-22)
(0.015242721 -0.00015044354 0)
(0.015244198 -0.00012920723 -8.8850783e-22)
(0.010503093 2.0745404e-05 0)
(0.010681129 1.8660792e-05 0)
(0.010867916 1.6361166e-05 0)
(0.011047991 1.418664e-05 0)
(0.011227741 1.2260353e-05 0)
(0.011402178 1.0474192e-05 0)
(0.011571339 8.8835332e-06 0)
(0.011733506 7.451122e-06 0)
(0.011887026 6.1781397e-06 0)
(0.012031044 5.0285837e-06 0)
(0.01216194 4.0132548e-06 0)
(0.012280548 3.0700031e-06 0)
(0.012378036 2.2512769e-06 0)
(0.012461106 1.5183233e-06 0)
(0.012514587 5.6875028e-07 0)
(0.010525566 6.2537282e-05 0)
(0.010700656 5.6295398e-05 0)
(0.010885075 4.9377486e-05 0)
(0.011062969 4.2834725e-05 0)
(0.011240784 3.7031342e-05 0)
(0.011413538 3.1648085e-05 0)
(0.011581235 2.6850256e-05 0)
(0.011742148 2.252705e-05 0)
(0.011894609 1.8683167e-05 0)
(0.012037744 1.5210341e-05 0)
(0.012167932 1.214186e-05 0)
(0.012285981 9.2897657e-06 0)
(0.012383093 6.8131826e-06 0)
(0.012465888 4.5887442e-06 0)
(0.012519355 1.6866151e-06 0)
(0.010572221 0.00010460955 0)
(0.010741205 9.4248512e-05 0)
(0.010920714 8.2743802e-05 0)
(0.011094079 7.1846875e-05 0)
(0.011267876 6.2159724e-05 0)
(0.011437128 5.3164303e-05 0)
(0.011601774 4.5134096e-05 0)
(0.011760072 3.7889948e-05 0)
(0.011910319 3.1441564e-05 0)
(0.012051606 2.5610706e-05 0)
(0.012180304 2.0453204e-05 0)
(0.012297171 1.5657441e-05 0)
(0.012393474 1.1488555e-05 0)
(0.012475673 7.7311816e-06 0)
(0.012529074 2.7871412e-06 0)
(0.010644494 0.0001461892 0)
(0.010804077 0.00013187408 0)
(0.010976001 0.00011595998 0)
(0.011142365 0.00010083103 0)
(0.011309936 8.7342587e-05 0)
(0.011473752 7.4792032e-05 0)
(0.011633657 6.3560604e-05 0)
(0.01178788 5.341011e-05 0)
(0.01193467 4.4358307e-05 0)
(0.012073063 3.6161416e-05 0)
(0.012199418 2.8900003e-05 0)
(0.012314418 2.2141787e-05 0)
(0.012409417 1.6257775e-05 0)
(0.012490648 1.0961547e-05 0)
(0.012543894 3.9525163e-06 0)
(0.010743477 0.00018641762 0)
(0.010890322 0.00016844516 0)
(0.011051917 0.00014845868 0)
(0.011208729 0.00012933994 0)
(0.011367783 0.00011223277 0)
(0.011524143 9.6265212e-05 0)
(0.011677529 8.1927704e-05 0)
(0.011826137 6.8936186e-05 0)
(0.011968148 5.7321626e-05 0)
(0.01210253 4.6781592e-05 0)
(0.01222562 3.7425288e-05 0)
(0.012338008 2.8704677e-05 0)
(0.012431149 2.1096628e-05 0)
(0.012510997 1.4254112e-05 0)
(0.012563937 5.1714352e-06 0)
(0.010869839 0.00022435933 0)
(0.011000666 0.00020316869 0)
(0.011149187 0.00017961245 0)
(0.011293886 0.00015687643 0)
(0.011442094 0.00013644138 0)
(0.011588929 0.00011728381 0)
(0.011733963 0.00010000602 0)
(0.011875353 8.4295174e-05 0)
(0.012011201 7.0202783e-05 0)
(0.012140394 5.7377304e-05 0)
(0.012259238 4.5962076e-05 0)
(0.012368212 3.5300585e-05 0)
(0.012458882 2.5975674e-05 0)
(0.012536892 1.7594723e-05 0)
(0.012589297 6.4048899e-06 0)
(0.01102373 0.00025902548 0)
(0.011135445 0.00023520392 0)
(0.011268234 0.00020874546 0)
(0.011398315 0.00018290089 0)
(0.011533369 0.00015954237 0)
(0.011668607 0.00013751635 0)
(0.011803432 0.00011754016 0)
(0.011935967 9.9292929e-05 0)
(0.012064228 8.2856166e-05 0)
(0.012187005 6.7841351e-05 0)
(0.012300571 5.443313e-05 0)
(0.01240528 4.1876144e-05 0)
(0.012492813 3.0859805e-05 0)
(0.012568487 2.0964793e-05 0)
(0.012620055 7.6574548e-06 0)
(0.011204708 0.00028940638 0)
(0.011294529 0.00026368693 0)
(0.011409106 0.00023514998 0)
(0.011522211 0.00020684235 0)
(0.011641891 0.00018107956 0)
(0.011763508 0.00015660421 0)
(0.011886288 0.00013425117 0)
(0.012008328 0.00011371546 0)
(0.012127556 9.5119858e-05 0)
(0.012242663 7.8053386e-05 0)
(0.012349882 6.2750844e-05 0)
(0.012449434 4.8369878e-05 0)
(0.012533118 3.5707925e-05 0)
(0.012605919 2.4340078e-05 0)
(0.012656272 8.9234733e-06 0)
(0.01141166 0.0003145116 0)
(0.011477256 0.00028776149 0)
(0.011571429 0.00025810772 0)
(0.011665436 0.00022811318 0)
(0.011767683 0.00020057652 0)
(0.011873765 0.00017416792 0)
(0.011982731 0.00014984047 0)
(0.012092671 0.00012733124 0)
(0.012201432 0.00010681688 0)
(0.012307608 8.7880494e-05 0)
(0.012407391 7.0817405e-05 0)
(0.012500864 5.4712136e-05 0)
(0.012579948 4.0472749e-05 0)
(0.012649304 2.769092e-05 0)
(0.012697991 1.0191901e-05 0)
(0.011642762 0.00033341651 0)
(0.011682388 0.00030661533 0)
(0.011754354 0.00027691608 0)
(0.011827471 0.00024612756 0)
(0.011910472 0.00021754924 0)
(0.01199928 0.00018981561 0)
(0.012092784 0.00016399532 0)
(0.012189098 0.00013989456 0)
(0.012286002 0.00011775718 0)
(0.012382002 9.7178287e-05 0)
(0.01247326 7.8525305e-05 0)
(0.012559718 6.0825242e-05 0)
(0.012633422 4.5100748e-05 0)
(0.012698732 3.0982251e-05 0)
(0.012745236 1.1448506e-05 0)
(0.011895449 0.00034531336 0)
(0.011908066 0.00031952059 0)
(0.01195652 0.00029091868 0)
(0.01200738 0.00026032356 0)
(0.012069649 0.0002315218 0)
(0.012139692 0.00020315371 0)
(0.012216267 0.00017639595 0)
(0.012297552 0.0001511502 0)
(0.012381292 0.00012774056 0)
(0.012465921 0.00010579263 0)
(0.012547585 8.5758284e-05 0)
(0.012626095 6.6623928e-05 0)
(0.012693622 4.9532265e-05 0)
(0.012754265 3.4173473e-05 0)
(0.01279801 1.2676303e-05 0)
(0.012166427 0.000349564 0)
(0.012151805 0.00032587645 0)
(0.012176033 0.00029953897 0)
(0.012203782 0.00027018795 0)
(0.012244241 0.00024204468 0)
(0.012294344 0.00021379983 0)
(0.012352765 0.00018672446 0)
(0.012417797 0.00016083934 0)
(0.012487188 0.00013656049 0)
(0.012559333 0.00011356201 0)
(0.012630384 9.2392743e-05 0)
(0.012700036 7.201609e-05 0)
(0.012760589 5.3701848e-05 0)
(0.012815933 3.7218468e-05 0)
(0.012856292 1.3855326e-05 0)
(0.012451725 0.00034575038 0)
(0.012410508 0.00032525123 0)
(0.012410464 0.0003023154 0)
(0.012414838 0.00027528316 0)
(0.012432896 0.0002487151 0)
(0.012462271 0.00022139761 0)
(0.012501614 0.00019467533 0)
(0.012549396 0.00016870685 0)
(0.012603422 0.000144009 0)
(0.012662089 0.00012032074 0)
(0.012721583 9.8299697e-05 0)
(0.012781512 7.6903923e-05 0)
(0.012834312 5.7538843e-05 0)
(0.012883726 4.0065813e-05 0)
(0.012920033 1.4962574e-05 0)
(0.012746789 0.00033371832 0)
(0.012680521 0.00031742057 0)
(0.012656877 0.00029893578 0)
(0.012638253 0.00027527467 0)
(0.012633867 0.00025119882 0)
(0.012642174 0.00022563306 0)
(0.012661878 0.00019996737 0)
(0.012691694 0.00017450972 0)
(0.012729554 0.00014988251 0)
(0.012773903 0.00012590283 0)
(0.012821007 0.00010334731 0)
(0.012870417 8.1185476e-05 0)
(0.01291472 6.0968268e-05 0)
(0.012957591 4.2659211e-05 0)
(0.012989158 1.597213e-05 0)
(0.013046624 0.00031360957 0)
(0.01295772 0.00030239803 0)
(0.012911881 0.00028926803 0)
(0.012871308 0.00026995717 0)
(0.012845028 0.00024925188 0)
(0.012832425 0.0002262518 0)
(0.01283234 0.00020235685 0)
(0.012843806 0.00017802678 0)
(0.012864954 0.00015398872 0)
(0.012894341 0.00013014672 0)
(0.012928363 0.00010740402 0)
(0.012966556 8.4756661e-05 0)
(0.01300168 6.3912006e-05 0)
(0.013037425 4.4938175e-05 0)
(0.013063554 1.6855402e-05 0)
(0.01334597 0.00028587763 0)
(0.013237637 0.00028045431 0)
(0.013171714 0.00027338421 0)
(0.013110905 0.00025927744 0)
(0.013063897 0.00024274122 0)
(0.013031073 0.00022307619 0)
(0.013011502 0.0002016511 0)
(0.013004606 0.00017906902 0)
(0.013008798 0.00015615424 0)
(0.013022813 0.00013290077 0)
(0.013043235 0.00011034232 0)
(0.013069639 8.7513728e-05 0)
(0.013094983 6.6290357e-05 0)
(0.013123067 4.6838986e-05 0)
(0.013143077 1.7581512e-05 0)
(0.013639523 0.00025128342 0)
(0.013515618 0.00025212154 0)
(0.013432363 0.00025157483 0)
(0.013353652 0.00024335139 0)
(0.013287683 0.00023166214 0)
(0.013235872 0.00021602138 0)
(0.013197596 0.00019772197 0)
(0.013172731 0.00017749042 0)
(0.013160057 0.00015623288 0)
(0.013158557 0.0001340293 0)
(0.01316507 0.00011204303 0)
(0.013179267 8.9356223e-05 0)
(0.013194338 6.8023934e-05 0)
(0.013214297 4.8295991e-05 0)
(0.013227537 1.8118e-05 0)
(0.013922162 0.00021086874 0)
(0.013787009 0.00021818055 0)
(0.013689697 0.00022435051 0)
(0.013595956 0.0002224732 0)
(0.013513355 0.00021615096 0)
(0.013444319 0.00020510871 0)
(0.013388603 0.00019051832 0)
(0.013346591 0.0001731986 0)
(0.013317502 0.00015411415 0)
(0.013300645 0.00013341912 0)
(0.013293176 0.00011240014 0)
(0.013294929 9.0190381e-05 0)
(0.013299368 6.9035932e-05 0)
(0.013310823 4.9243236e-05 0)
(0.013316703 1.8431726e-05 0)
(0.014189191 0.0001659074 0)
(0.014047355 0.00017962976 0)
(0.013939631 0.00019242908 0)
(0.013834153 0.00019711449 0)
(0.013737732 0.00019649103 0)
(0.013653719 0.00019047531 0)
(0.013582298 0.00018007636 0)
(0.013524386 0.00016616455 0)
(0.013479714 0.00014973169 0)
(0.013447974 0.00013098633 0)
(0.013426714 0.00011132591 0)
(0.013415995 8.9932875e-05 0)
(0.013409598 6.9254698e-05 0)
(0.013412281 4.961613e-05 0)
(0.013410281 1.8488325e-05 0)
(0.014436552 0.00011783663 0)
(0.014292598 0.00013763708 0)
(0.014178296 0.00015670751 0)
(0.014064641 0.00016791217 0)
(0.013957587 0.00017311074 0)
(0.01386126 0.0001723784 0)
(0.013776291 0.00016652691 0)
(0.013704142 0.00015643079 0)
(0.013645095 0.00014307092 0)
(0.013599283 0.00012668282 0)
(0.013564706 0.00010875615 0)
(0.013541715 8.8514801e-05 0)
(0.013524458 6.8616539e-05 0)
(0.013518224 4.935271e-05 0)
(0.013507897 1.825346e-05 0)
(0.014661008 6.8172683e-05 0)
(0.014519262 9.3478155e-05 0)
(0.014402205 0.00011821949 0)
(0.014284031 0.00013564457 0)
(0.014169765 0.00014657243 0)
(0.014064101 0.00015119325 0)
(0.013968105 0.00015009854 0)
(0.013883754 0.00014411706 0)
(0.013811905 0.00013417553 0)
(0.013753166 0.00012050249 0)
(0.013706035 0.00010465548 0)
(0.013671216 8.5885972e-05 0)
(0.013643276 6.7068873e-05 0)
(0.013628125 4.8395773e-05 0)
(0.013609125 1.7694149e-05 0)
(0.01486027 1.8421223e-05 0)
(0.014724602 4.8467199e-05 0)
(0.014608407 7.8081726e-05 0)
(0.014489287 0.00010119641 0)
(0.014371309 0.00011755209 0)
(0.014259478 0.0001274039 0)
(0.014155246 0.00013111565 0)
(0.014061044 0.00012942296 0)
(0.013978294 0.00012315229 0)
(0.01390809 0.00011248685 0)
(0.013849464 9.9022806e-05 0)
(0.013803517 8.2020067e-05 0)
(0.013765282 6.4574361e-05 0)
(0.013741373 4.6697702e-05 0)
(0.013713501 1.6780641e-05 0)
(0.015033059 -2.9978182e-05 0)
(0.01490671 3.8778166e-06 0)
(0.014794607 3.7434961e-05 0)
(0.014677855 6.5515598e-05 0)
(0.014559583 8.6809721e-05 0)
(0.014444811 0.0001015865 0)
(0.014335291 0.00010999067 0)
(0.014233823 0.00011262617 0)
(0.014142353 0.00011017316 0)
(0.014062437 0.00010272898 0)
(0.013993652 9.1896151e-05 0)
(0.013937527 7.6919263e-05 0)
(0.01388961 6.1115355e-05 0)
(0.013857272 4.4225009e-05 0)
(0.013820501 1.5495694e-05 0)
(0.015179093 -7.5596482e-05 0)
(0.015064578 -3.9197064e-05 0)
(0.014959244 -2.6180009e-06 0)
(0.014847769 2.9567062e-05 0)
(0.014732381 5.5148846e-05 0)
(0.014617805 7.4382351e-05 0)
(0.014505982 8.7206091e-05 0)
(0.014399973 9.4070114e-05 0)
(0.014302167 9.5467026e-05 0)
(0.014214533 9.1365528e-05 0)
(0.01413718 8.3345724e-05 0)
(0.014072072 7.0603312e-05 0)
(0.014015307 5.6685607e-05 0)
(0.013975046 4.0940228e-05 0)
(0.013929548 1.3811648e-05 0)
(0.01435608 -0.002418322 -6.2042918e-23)
(0.014787192 -0.0022648275 1.2070577e-23)
(0.015118138 -0.0019876846 -9.095565e-24)
(0.01528193 -0.0015485542 8.1636893e-22)
(0.015314149 -0.0010738164 1.4657252e-21)
(0.015299885 -0.00068603214 0)
(0.015279382 -0.00041114804 0)
(0.015249491 -0.00020910675 0)
(0.015167091 -5.8330392e-05 -8.4756062e-22)
(0.014277718 -0.0026644071 5.7764484e-23)
(0.014684323 -0.0024430525 0)
(0.014987634 -0.002077339 0)
(0.015148823 -0.001573934 -8.6099159e-22)
(0.015206468 -0.0010749157 -1.361466e-21)
(0.01522557 -0.00068437469 -6.7423017e-21)
(0.015230065 -0.00041001725 -1.8442313e-20)
(0.01521556 -0.0002094597 -2.4637247e-20)
(0.015140644 -6.0170374e-05 0)
(0.014098143 -0.002838135 0)
(0.01450035 -0.002557202 0)
(0.014812145 -0.0021208927 0)
(0.014999565 -0.0015737984 0)
(0.015096338 -0.0010640073 -6.1660067e-22)
(0.015151561 -0.00067577256 7.0230815e-21)
(0.015181029 -0.00040391709 3.8168205e-20)
(0.015181616 -0.00020624492 2.223702e-20)
(0.015117579 -5.9541403e-05 2.2186802e-21)
(0.013873881 -0.0029429036 1.9900027e-22)
(0.014282302 -0.0026106598 0)
(0.014617843 -0.002122533 -4.2182494e-21)
(0.014844415 -0.0015509065 -4.9048578e-21)
(0.014986007 -0.0010413164 1.464872e-20)
(0.015078556 -0.00066009478 -2.6169595e-21)
(0.015133286 -0.0003937265 -2.2212219e-20)
(0.015149366 -0.0002013414 -1.6480162e-21)
(0.015097734 -5.8321612e-05 1.2225812e-20)
(0.013616562 -0.0029813605 7.433758e-22)
(0.014043102 -0.0026086668 -3.321387e-22)
(0.014414227 -0.0020871389 8.7570204e-21)
(0.01468838 -0.0015075697 4.9612335e-21)
(0.014877686 -0.0010072789 -1.0847571e-18)
(0.015007578 -0.00063748653 -8.9303149e-19)
(0.015087298 -0.00037954797 -5.2364311e-20)
(0.015118602 -0.00019457233 6.5533074e-20)
(0.015080335 -5.6369295e-05 0)
(0.013337792 -0.0029558848 -3.7302937e-21)
(0.013792836 -0.0025554345 4.446554e-21)
(0.014208316 -0.0020182868 -4.8649613e-21)
(0.014535004 -0.001445286 0)
(0.014772892 -0.00096223765 7.6804818e-19)
(0.014939387 -0.00060812226 1.0843887e-18)
(0.015043551 -0.00036145736 1.131706e-19)
(0.015089603 -0.00018582441 8.5466294e-20)
(0.015065275 -5.3890601e-05 1.8758867e-19)
(0.013049087 -0.0028698139 3.2249149e-21)
(0.013540534 -0.0024553266 -9.7248694e-21)
(0.014005955 -0.0019191316 0)
(0.01438724 -0.0013653382 0)
(0.01467299 -0.00090661631 2.1512671e-20)
(0.014874691 -0.0005722635 9.8378155e-20)
(0.015002446 -0.0003395717 -6.2955074e-20)
(0.015062874 -0.00017497299 -1.3562351e-19)
(0.015052253 -5.1173174e-05 -4.0384804e-19)
(0.012760994 -0.0027273165 -2.1108641e-21)
(0.013293986 -0.0023127519 6.0799041e-21)
(0.013811988 -0.0017925918 0)
(0.014247589 -0.0012689889 2.1340685e-21)
(0.014579225 -0.00084096224 -1.7043606e-21)
(0.014814134 -0.00053026111 -5.3632991e-20)
(0.014964357 -0.00031407746 0)
(0.015038964 -0.00016205097 0)
(0.015039321 -4.8013156e-05 2.3307472e-19)
(0.012482758 -0.0025331617 2.4131952e-21)
(0.013059763 -0.0021320444 5.8874876e-21)
(0.013630421 -0.0016414161 0)
(0.014118196 -0.001157547 -2.1693448e-20)
(0.014492747 -0.00076594359 0)
(0.014758315 -0.00048255188 -6.7325849e-20)
(0.014929653 -0.00028532537 8.3852018e-20)
(0.015017623 -0.00014728406 -3.2399073e-21)
(0.015028549 -4.4064938e-05 -2.5154579e-19)
(0.012222397 -0.0022925214 6.8183889e-21)
(0.012843421 -0.0019174836 -1.534422e-20)
(0.013464613 -0.0014682792 0)
(0.014000925 -0.0010324096 2.4740139e-20)
(0.014414625 -0.00068234247 2.3589157e-20)
(0.01470782 -0.00042964564 1.3821778e-19)
(0.014898481 -0.00025387392 -1.6387552e-19)
(0.014999329 -0.00013075323 -2.188036e-19)
(0.015018902 -3.9286149e-05 1.570672e-20)
(0.011986801 -0.0020109067 -1.0210852e-20)
(0.012649643 -0.0016733529 7.5698293e-21)
(0.013317393 -0.001275863 0)
(0.013897387 -0.00089508532 0)
(0.01434585 -0.00059105164 1.6222648e-21)
(0.014663316 -0.0003720586 -6.8241941e-20)
(0.014869653 -0.00021999309 1.7638202e-19)
(0.014982618 -0.00011305855 9.2208401e-20)
(0.015011744 -3.3960328e-05 3.0692759e-19)
(0.011781783 -0.0016941238 5.3845654e-21)
(0.012482344 -0.0014039872 7.6722795e-22)
(0.013191134 -0.0010669095 9.5795436e-21)
(0.013808962 -0.00074720065 1.2345754e-20)
(0.014287251 -0.00049305998 -6.5186116e-20)
(0.014625607 -0.00031031223 0)
(0.014845727 -0.0001836258 -9.7098911e-20)
(0.014968761 -9.4347017e-05 1.2192498e-19)
(0.015005222 -2.8285464e-05 -2.1107781e-20)
(0.011612122 -0.0013482258 -2.4852259e-21)
(0.012344724 -0.0011137996 1.2783077e-21)
(0.013087791 -0.00084424654 -1.0074757e-20)
(0.013736808 -0.00059049469 -1.5390759e-20)
(0.014239513 -0.00038944501 3.3216735e-20)
(0.014595024 -0.00024502317 6.7499989e-21)
(0.014826874 -0.00014492215 -5.2571845e-20)
(0.01495838 -7.4380959e-05 -4.9157127e-21)
(0.014999848 -2.2359161e-05 1.9189342e-19)
(0.0114816 -0.00097946793 0)
(0.012239313 -0.00080729277 0)
(0.013008921 -0.0006107952 -1.4084206e-21)
(0.013681863 -0.0004268068 -1.4502021e-20)
(0.014203201 -0.00028136381 2.1910026e-21)
(0.014571768 -0.00017694064 2.22793e-20)
(0.014812493 -0.00010454603 5.575467e-20)
(0.014950479 -5.3635397e-05 -8.4532773e-20)
(0.014995569 -1.6083187e-05 -2.0847502e-19)
(0.011393032 -0.00059427022 -9.2033009e-22)
(0.012167997 -0.00048906262 0)
(0.012955692 -0.00036957416 0)
(0.013644838 -0.00025807683 7.9875708e-21)
(0.014178751 -0.00017006167 -1.1493716e-20)
(0.014556087 -0.00010688114 -2.4737208e-20)
(0.014802596 -6.308524e-05 0)
(0.014944418 -3.240763e-05 4.3199791e-20)
(0.014993198 -9.6283343e-06 0)
(0.011348283 -0.00019919365 1.1537526e-21)
(0.012132027 -0.00016380722 -1.8155756e-22)
(0.012928885 -0.00012371328 0)
(0.01362621 -8.6363155e-05 8.0542162e-21)
(0.014166457 -5.6897357e-05 1.0672802e-20)
(0.014548194 -3.5745466e-05 5.3949857e-22)
(0.014797587 -2.1101796e-05 0)
(0.014941345 -1.0919029e-05 5.3329904e-20)
(0.014992058 -3.0757465e-06 2.2509121e-21)
(0.014528129 -0.0020276904 0)
(0.014735759 -0.0016608949 3.3120682e-19)
(0.014912071 -0.0013491449 3.696223e-19)
(0.015051514 -0.0010978009 5.2105184e-24)
(0.015157669 -0.00090294817 4.1266069e-19)
(0.015234216 -0.00075261664 4.0479243e-19)
(0.015287222 -0.00063423622 0)
(0.015323465 -0.00053812373 3.3756967e-21)
(0.015348128 -0.00045794445 -2.9952542e-22)
(0.015364196 -0.00038979384 -2.2953816e-21)
(0.015372836 -0.00033142105 -4.1534928e-21)
(0.015373779 -0.00028036127 0)
(0.015368628 -0.00023684813 -2.7736489e-24)
(0.015350668 -0.00019407223 2.4447683e-18)
(0.015344414 -0.00016890716 1.8646335e-18)
(0.014953171 -0.0019632678 3.0225041e-22)
(0.015151313 -0.0016577365 -3.2137456e-19)
(0.015289612 -0.0013973699 -3.6304765e-19)
(0.015382413 -0.0011812136 1.4106872e-21)
(0.015441466 -0.0010037066 0)
(0.015476379 -0.000856951 2.4319453e-23)
(0.015495523 -0.0007336605 -2.4397822e-23)
(0.015505242 -0.00062868213 0)
(0.015509105 -0.00053857534 -2.8320296e-21)
(0.015508379 -0.00046104194 4.4212572e-22)
(0.015502925 -0.00039430554 3.9845132e-21)
(0.015492268 -0.00033618258 -1.4351154e-23)
(0.015477035 -0.00028618485 0)
(0.015453234 -0.00023858708 -2.7027873e-18)
(0.015437883 -0.0002084778 -2.0473112e-18)
(0.015260055 -0.0018137045 -2.3960565e-22)
(0.01540344 -0.0016091272 4.3557964e-22)
(0.015498559 -0.0014145326 1.0633974e-21)
(0.01555793 -0.0012404351 -1.1225742e-21)
(0.015596264 -0.0010857 -2.8354981e-23)
(0.015620642 -0.00094725906 0)
(0.015634049 -0.00082429225 -2.8954062e-23)
(0.015639806 -0.00071586746 8.1064931e-22)
(0.015639467 -0.00062053104 -2.2173603e-24)
(0.015633321 -0.00053738347 1.9032415e-21)
(0.015621798 -0.00046506645 -1.7515708e-21)
(0.015605584 -0.00040167623 0)
(0.015585505 -0.00034604962 0)
(0.01556029 -0.00029506531 9.5456891e-22)
(0.015539716 -0.00025755477 0)
(0.015395463 -0.0014681346 0)
(0.015482888 -0.0013535281 -1.3770118e-23)
(0.015547236 -0.0012342211 -5.6661738e-23)
(0.015595408 -0.0011193572 1.1507269e-22)
(0.015632546 -0.0010109471 1.7252977e-22)
(0.015659519 -0.00090944099 -1.8249403e-23)
(0.015676891 -0.00081537774 0)
(0.015686632 -0.00072873968 -8.243551e-22)
(0.015688502 -0.00064953652 -5.401631e-22)
(0.01568489 -0.00057761536 0)
(0.015676468 -0.00051195699 0)
(0.01566409 -0.0004520662 5.2475224e-22)
(0.015648789 -0.00039768171 -5.0111865e-22)
(0.01563004 -0.00034776506 -3.1623024e-22)
(0.015611989 -0.00030531955 4.4197207e-22)
(0.015394262 -0.001047818 0)
(0.015441621 -0.00099640728 6.6847949e-23)
(0.015482897 -0.00093960966 4.9203985e-23)
(0.015518167 -0.0008818174 1.8446625e-23)
(0.015547781 -0.00082392688 -1.0697487e-22)
(0.015571939 -0.00076644394 0)
(0.015591008 -0.00070984866 0)
(0.015605364 -0.00065455006 1.7357121e-22)
(0.015615653 -0.00060099091 3.7215174e-22)
(0.015622334 -0.00054928827 -2.0563388e-23)
(0.015625901 -0.00049979033 -2.0463988e-23)
(0.01562689 -0.00045297708 -3.884914e-22)
(0.015625419 -0.00040981584 3.7633815e-22)
(0.015622148 -0.00036913629 -2.8096528e-22)
(0.015617422 -0.00032978491 -3.2381397e-22)
(0.015350503 -0.00068256519 6.3057326e-23)
(0.015373555 -0.00066240492 -5.6509402e-23)
(0.015396008 -0.0006387417 8.4549249e-23)
(0.015417167 -0.00061351485 -1.6646046e-22)
(0.015436799 -0.00058710527 -6.6087152e-23)
(0.015454922 -0.00055973111 4.4130234e-23)
(0.015471543 -0.00053160937 2.4199025e-23)
(0.01548665 -0.00050295623 4.2978544e-23)
(0.015500246 -0.00047399684 0)
(0.01551235 -0.0004449605 -3.0317072e-23)
(0.015522989 -0.00041606527 3.245361e-23)
(0.015532196 -0.00038750335 5.2173344e-23)
(0.015540098 -0.00035939112 -2.4974281e-23)
(0.01554699 -0.00033188192 -4.2884828e-23)
(0.015552163 -0.00030501585 -9.0320416e-24)
(0.015310923 -0.00041527797 -8.4093794e-23)
(0.015321657 -0.00040828727 -2.3481268e-23)
(0.015332855 -0.00039965628 0)
(0.015344121 -0.00039019596 0)
(0.015355304 -0.00038001833 -1.6022155e-22)
(0.015366403 -0.00036915263 3.8325144e-22)
(0.015377393 -0.00035762173 -8.1397178e-23)
(0.015388225 -0.00034545329 9.2676921e-23)
(0.015398853 -0.0003326814 -3.8033113e-22)
(0.015409241 -0.0003193456 3.7639675e-22)
(0.015419359 -0.00030549156 -1.9180433e-22)
(0.015429188 -0.00029117307 0)
(0.015438712 -0.00027645361 0)
(0.015447982 -0.0002613905 0)
(0.015456546 -0.00024599365 0)
(0.015271259 -0.000215203 2.0652202e-23)
(0.015276133 -0.00021323112 -9.1259743e-23)
(0.015281559 -0.0002106096 1.2824465e-22)
(0.015287288 -0.00020766069 -2.5956769e-22)
(0.015293222 -0.00020441399 6.0940839e-22)
(0.015299392 -0.00020086267 -2.83943e-22)
(0.015305817 -0.0001969964 3.7175634e-23)
(0.015312496 -0.00019280679 -6.5045846e-23)
(0.015319423 -0.00018828868 0)
(0.015326599 -0.00018344085 -3.0253454e-22)
(0.01533402 -0.0001782669 3.1860112e-22)
(0.015341683 -0.00017277614 -3.9307677e-22)
(0.015349585 -0.00016698414 3.2526742e-22)
(0.015357738 -0.00016091406 -1.5570517e-22)
(0.015365971 -0.00015458726 1.5884115e-22)
(0.015184084 -6.3217407e-05 -1.3641214e-23)
(0.015186983 -6.2875367e-05 0)
(0.015190184 -6.2361705e-05 3.3329468e-22)
(0.015193614 -6.176976e-05 -6.9924225e-22)
(0.015197257 -6.1106068e-05 3.4461998e-22)
(0.015201133 -6.0367338e-05 0)
(0.015205261 -5.9549408e-05 -2.3198557e-23)
(0.015209649 -5.8648737e-05 0)
(0.01521431 -5.7662624e-05 0)
(0.015219253 -5.6589392e-05 0)
(0.015224489 -5.5428734e-05 8.5921306e-22)
(0.015230027 -5.4182301e-05 -8.5017063e-22)
(0.015235875 -5.2855242e-05 0)
(0.015242024 -5.1465183e-05 0)
(0.015248651 -5.0062762e-05 0)
(0.015283649 -0.00011198369 0)
(0.015180992 -7.4694794e-05 0)
(0.015083224 -3.6109597e-05 0)
(0.014978466 -1.1435023e-06 0)
(0.014868043 2.7503103e-05 0)
(0.014756175 5.0090908e-05 0)
(0.014644871 6.6399448e-05 0)
(0.014537305 7.6738943e-05 0)
(0.014436166 8.140902e-05 0)
(0.014343706 8.0229562e-05 0)
(0.014260462 7.4745939e-05 0)
(0.014188761 6.406872e-05 0)
(0.014125208 5.1976436e-05 0)
(0.014078639 3.7313078e-05 0)
(0.014025869 1.1929401e-05 0)
(0.015382351 -0.00015021121 0)
(0.015293923 -0.00011188036 0)
(0.015205494 -7.1841929e-05 0)
(0.015109743 -3.4444972e-05 0)
(0.015006632 -2.9243588e-06 0)
(0.014899702 2.2895923e-05 0)
(0.014790971 4.273379e-05 0)
(0.014683638 5.6727081e-05 0)
(0.01458064 6.492627e-05 0)
(0.014484462 6.6977166e-05 0)
(0.014396079 6.4352033e-05 0)
(0.014318181 5.6073147e-05 0)
(0.014247975 4.6131195e-05 4.0008063e-19)
(0.014194975 3.2785667e-05 4.9485592e-19)
(0.01413441 9.6151189e-06 0)
(0.015495446 -0.00020317982 0)
(0.015429669 -0.00016309745 0)
(0.015358009 -0.00012266868 0)
(0.015278766 -8.3370847e-05 0)
(0.015190514 -4.874781e-05 0)
(0.015095296 -1.9234188e-05 0)
(0.014994936 5.0960423e-06 0)
(0.014892497 2.4106622e-05 0)
(0.014791049 3.7357387e-05 0)
(0.014693192 4.4255714e-05 0)
(0.014600421 4.6035614e-05 0)
(0.014515879 4.1673744e-05 0)
(0.014437703 3.524516e-05 -5.8004067e-19)
(0.014376402 2.4225645e-05 -7.2836984e-19)
(0.014304476 5.1559272e-06 0)
(0.015586156 -0.00026062122 0)
(0.015551296 -0.00022313119 0)
(0.015506898 -0.00018453117 0)
(0.015454661 -0.00014603972 0)
(0.015392853 -0.0001101559 0)
(0.015321456 -7.8267973e-05 0)
(0.015241517 -5.0100691e-05 0)
(0.015155429 -2.5833445e-05 0)
(0.015065796 -6.6646007e-06 0)
(0.014974776 6.5230056e-06 0)
(0.014884133 1.4385923e-05 0)
(0.01479731 1.5992386e-05 0)
(0.014713609 1.4931904e-05 0)
(0.014644855 8.0036991e-06 0)
(0.014559748 -3.9970772e-06 0)
(0.015611192 -0.00029468858 0)
(0.015602465 -0.00026382676 0)
(0.015587597 -0.00023208568 0)
(0.015566641 -0.00019984864 0)
(0.015538084 -0.0001696362 0)
(0.01550306 -0.00014277567 0)
(0.015459876 -0.00011621875 0)
(0.015407451 -9.010786e-05 0)
(0.015348433 -6.727603e-05 0)
(0.01528333 -4.8769024e-05 0)
(0.015212967 -3.4740147e-05 0)
(0.015139982 -2.5988378e-05 0)
(0.015064353 -2.0266282e-05 0)
(0.014998359 -2.1137656e-05 0)
(0.014908541 -2.2523147e-05 0)
(0.015557533 -0.00028301094 0)
(0.015563573 -0.00026393733 0)
(0.015567291 -0.00024472313 0)
(0.015566932 -0.00022340385 0)
(0.015563585 -0.00019993201 0)
(0.015556644 -0.00017653758 0)
(0.015545437 -0.00015328258 0)
(0.015530846 -0.00013166366 0)
(0.015511491 -0.00011255767 0)
(0.01548753 -9.6643785e-05 0)
(0.015458886 -8.476692e-05 0)
(0.015425368 -7.5989632e-05 0)
(0.015385978 -6.8109255e-05 0)
(0.015348105 -6.4404571e-05 0)
(0.015286527 -5.4821172e-05 0)
(0.015465303 -0.00023358869 0)
(0.015475036 -0.00022246178 0)
(0.015484649 -0.00021024873 0)
(0.015493661 -0.0001970156 0)
(0.015501957 -0.0001829476 0)
(0.015509288 -0.00016851646 0)
(0.015515144 -0.00015442872 0)
(0.015519432 -0.00014072688 0)
(0.015521407 -0.0001266174 0)
(0.015521328 -0.00011260173 0)
(0.015520235 -0.00010014669 0)
(0.015518543 -9.0200377e-05 0)
(0.015516451 -8.2598474e-05 0)
(0.015514614 -7.9662754e-05 0)
(0.015509228 -7.2626643e-05 0)
(0.015374137 -0.00014947196 0)
(0.015383005 -0.00014494215 0)
(0.015392373 -0.00013977606 0)
(0.015402043 -0.00013385769 0)
(0.015412093 -0.00012716473 0)
(0.015422463 -0.00011973722 2.2747157e-34)
(0.015433042 -0.00011167546 -2.3695727e-34)
(0.015443802 -0.00010319387 0)
(0.01545472 -9.4680089e-05 0)
(0.015465658 -8.652678e-05 0)
(0.015476545 -7.9155842e-05 0)
(0.015487218 -7.3298492e-05 0)
(0.015499326 -6.857111e-05 0)
(0.0155093 -6.5562008e-05 0)
(0.01552668 -6.1893255e-05 0)
(0.015254674 -4.85811e-05 0)
(0.015261664 -4.7410767e-05 0)
(0.015268996 -4.6075121e-05 0)
(0.015276906 -4.4519977e-05 0)
(0.015285568 -4.2730366e-05 0)
(0.01529494 -4.0700259e-05 0)
(0.015304943 -3.8436052e-05 0)
(0.015315511 -3.5957666e-05 0)
(0.015326576 -3.3296987e-05 0)
(0.015338066 -3.0508454e-05 0)
(0.015349933 -2.7693458e-05 0)
(0.015362198 -2.4951823e-05 0)
(0.015375129 -2.2562106e-05 0)
(0.015388006 -2.0963531e-05 0)
(0.015408248 -1.9774256e-05 0)
)
;

boundaryField
{
    inlet
    {
        type            fixedValue;
        value           uniform (0.015 0 0);
    }
    outlet
    {
        type            zeroGradient;
    }
    cylinder
    {
        type            noSlip;
    }
    frontAndBack
    {
        type            empty;
    }
}


// ************************************************************************* //
