/*--------------------------------*- C++ -*----------------------------------*\
  =========                 |
  \\      /  F ield         | OpenFOAM: The Open Source CFD Toolbox
   \\    /   O peration     | Website:  https://openfoam.org
    \\  /    A nd           | Version:  14
     \\/     M anipulation  |
\*---------------------------------------------------------------------------*/
FoamFile
{
    format      ascii;
    class       vectorField;
    location    "constant/polyMesh";
    object      points;
}
// * * * * * * * * * * * * * * * * * * * * * * * * * * * * * * * * * * * * * //


11014
(
(0.0005 0 -0.0005)
(0.000500582247685619 0 -0.0005)
(0.000501280568745037 0 -0.0005)
(0.000502118102863371 0 -0.0005)
(0.000503122602713279 0 -0.0005)
(0.000504327353572234 0 -0.0005)
(0.00050577227626912 0 -0.0005)
(0.000507505250007597 0 -0.0005)
(0.000509583698899517 0 -0.0005)
(0.000512076494780036 0 -0.0005)
(0.00051506623935643 0 -0.0005)
(0.000518652001312286 0 -0.0005)
(0.000522952599064209 0 -0.0005)
(0.000528110537949036 0 -0.0005)
(0.000534296732304859 0 -0.0005)
(0.000541716168917533 0 -0.0005)
(0.000550614699497593 0 -0.0005)
(0.000561287187264252 0 -0.0005)
(0.000574087277583063 0 -0.0005)
(0.000589439116418764 0 -0.0005)
(0.000607851404907931 0 -0.0005)
(0.000629934255766156 0 -0.0005)
(0.000656419410086517 0 -0.0005)
(0.000688184484436604 0 -0.0005)
(0.00072628205171001 0 -0.0005)
(0.000771974519360341 0 -0.0005)
(0.000826775960748803 0 -0.0005)
(0.000892502285736009 0 -0.0005)
(0.000971331412979246 0 -0.0005)
(0.00106587543781465 0 -0.0005)
(0.0011792671870915 0 -0.0005)
(0.00131526402905425 0 -0.0005)
(0.00147837237813428 0 -0.0005)
(0.00167399702026308 0 -0.0005)
(0.00190862020677602 0 -0.0005)
(0.00219001645139251 0 -0.0005)
(0.00252751014782175 0 -0.0005)
(0.0029322845444549 0 -0.0005)
(0.00341775231438134 0 -0.0005)
(0.004 0 -0.0005)
(0.00049948733375476 2.26363296176948e-05 -0.0005)
(0.000500068984442909 2.26626895187564e-05 -0.0005)
(0.000500766589491056 2.26943043701164e-05 -0.0005)
(0.000501603264858447 2.27322217668537e-05 -0.0005)
(0.000502606734762022 2.27776981462606e-05 -0.0005)
(0.000503810250350778 2.28322404213616e-05 -0.0005)
(0.000505253691521477 2.28976559142392e-05 -0.0005)
(0.000506984888385675 2.29761122437652e-05 -0.0005)
(0.000509061206176417 2.30702091521873e-05 -0.0005)
(0.000511551446112327 2.31830646506294e-05 -0.0005)
(0.000514538125206469 2.33184183380373e-05 -0.0005)
(0.000518120210564088 2.3480755317164e-05 -0.0005)
(0.000522416398773407 2.36754548136953e-05 -0.0005)
(0.000527569049055912 2.3908968423185e-05 -0.0005)
(0.00053374890050567 2.41890338922201e-05 -0.0005)
(0.000541160729728924 2.45249315177043e-05 -0.0005)
(0.000550050136356462 2.4927791660351e-05 -0.0005)
(0.000560711681274659 2.54109635622048e-05 -0.0005)
(0.000573498647244986 2.59904576893906e-05 -0.0005)
(0.000588834745341541 2.66854762576359e-05 -0.0005)
(0.000607228155113095 2.75190495201496e-05 -0.0005)
(0.000629288363706852 2.85187989019999e-05 -0.0005)
(0.000655746361937974 2.97178522683424e-05 -0.0005)
(0.000687478866525267 3.11559416549807e-05 -0.0005)
(0.000725537371125139 3.28807198358469e-05 -0.0005)
(0.000771182988803818 3.49493393534044e-05 -0.0005)
(0.000825928240493899 3.74303463349924e-05 -0.0005)
(0.000891587174144616 4.04059518489327e-05 -0.0005)
(0.000970335475322494 4.39747560644389e-05 -0.0005)
(0.00106478256109745 4.82550154835545e-05 -0.0005)
(0.00117805804612962 5.33885615086699e-05 -0.0005)
(0.0013139154461117 5.95455001919389e-05 -0.0005)
(0.00147685655490195 6.69298488982857e-05 -0.0005)
(0.00167228061672924 7.5786296659428e-05 -0.0005)
(0.00190666323646603 8.64083122311498e-05 -0.0005)
(0.00218777095637021 9.91478685237903e-05 -0.0005)
(0.00252491860954717 0.000114427105636323 -0.0005)
(0.00292927797784014 0.000132752318962307 -0.0005)
(0.00341424798188899 0.000154730735879951 -0.0005)
(0.00399589867003808 0.000181090636941558 -0.0005)
(0.000497887242162397 4.59161637326423e-05 -0.0005)
(0.000498467029551293 4.59696328927739e-05 -0.0005)
(0.000499162399844128 4.60337613409783e-05 -0.0005)
(0.000499996394948916 4.61106740483965e-05 -0.0005)
(0.000500996650268964 4.62029196075521e-05 -0.0005)
(0.000502196310434279 4.63135546829457e-05 -0.0005)
(0.00050363512758766 4.64462452972082e-05 -0.0005)
(0.000505360778618441 4.66053883090488e-05 -0.0005)
(0.000507430444991988 4.67962571083115e-05 -0.0005)
(0.000509912707524438 4.70251763559153e-05 -0.0005)
(0.00051288981888826 4.72997315588923e-05 -0.0005)
(0.000516460429150764 4.7629020425035e-05 -0.0005)
(0.000520742854659473 4.80239543260861e-05 -0.0005)
(0.00052587899859269 4.84976198588034e-05 -0.0005)
(0.000532039053087293 4.90657124846513e-05 -0.0005)
(0.000539427138754259 4.97470566172743e-05 -0.0005)
(0.000548288068453867 5.05642293914622e-05 -0.0005)
(0.000558915459456174 5.15443087829192e-05 -0.0005)
(0.000571661462792699 5.27197708686616e-05 -0.0005)
(0.000586948432192757 5.4129565959816e-05 -0.0005)
(0.000605282919268296 5.58204092657384e-05 -0.0005)
(0.000627272458694066 5.78483288571179e-05 -0.0005)
(0.000653645699579687 6.02805222216339e-05 -0.0005)
(0.000685276550110183 6.31975829313102e-05 -0.0005)
(0.000723213135515888 6.66961712047923e-05 -0.0005)
(0.000768712528927923 7.08922168567544e-05 -0.0005)
(0.000823282405966775 7.59247607679093e-05 -0.0005)
(0.000888731003337474 8.19605621672241e-05 -0.0005)
(0.000967227036867881 8.91996243940276e-05 -0.0005)
(0.00106137156444435 9.78818222425986e-05 -0.0005)
(0.00117428417510719 0.000108294850494051 -0.0005)
(0.00130970636028245 0.00012078375701942 -0.0005)
(0.00147212549247668 0.000135762376344458 -0.0005)
(0.00166692351961371 0.000153727042540709 -0.0005)
(0.00190055530217427 0.000175273035835515 -0.0005)
(0.00218076250254819 0.000201114307918637 -0.0005)
(0.00251683011407289 0.000232107139566597 -0.0005)
(0.00291989413014814 0.000269278514507775 -0.0005)
(0.00340331054840294 0.000313860149729501 -0.0005)
(0.00398309793729917 0.000367329309861138 -0.0005)
(0.00049510355574144 6.98030736585657e-05 -0.0005)
(0.000495680101540384 6.98843590147393e-05 -0.0005)
(0.000496371584019518 6.9981848927435e-05 -0.0005)
(0.000497200916259601 7.00987738389423e-05 -0.0005)
(0.000498195579154464 7.02390081929686e-05 -0.0005)
(0.000499388532022566 7.04071988188643e-05 -0.0005)
(0.000500819304752566 7.06089189097477e-05 -0.0005)
(0.000502535307672419 7.08508526967783e-05 -0.0005)
(0.000504593402546053 7.11410169389748e-05 -0.0005)
(0.000507061786754417 7.1489026567902e-05 -0.0005)
(0.00051002225309548 7.19064132896747e-05 -0.0005)
(0.000513572900084253 7.24070077015281e-05 -0.0005)
(0.000517831382561834 7.30073975848347e-05 -0.0005)
(0.000522938810326184 7.37274775606426e-05 -0.0005)
(0.000529064423970336 7.45911083212141e-05 -0.0005)
(0.000536411202867402 7.56269072819732e-05 -0.0005)
(0.000545222591129525 7.68691968530391e-05 -0.0005)
(0.000555790564413285 7.83591417524315e-05 -0.0005)
(0.000568465304874595 8.0146113047152e-05 -0.0005)
(0.000583666804864045 8.22893241212378e-05 -0.0005)
(0.000601898783864692 8.48597927805019e-05 -0.0005)
(0.000623765379826322 8.79426945105975e-05 -0.0005)
(0.000649991167983066 9.16401848663628e-05 -0.0005)
(0.000681445170501304 9.60747845156207e-05 -0.0005)
(0.000719169652545628 0.000101393439104816 -0.0005)
(0.000764414658954187 0.000107772388474891 -0.0005)
(0.000818679435936554 0.00011542300657456 -0.0005)
(0.000883762110350521 0.000124598805583338 -0.0005)
(0.000961819272738762 0.000135603836334138 -0.0005)
(0.00105543743847899 0.000148802763393264 -0.0005)
(0.00116771875499641 0.000164632948647355 -0.0005)
(0.00130238379504715 0.000183618943801072 -0.0005)
(0.00146389484224842 0.000206389872011392 -0.0005)
(0.00165760375406565 0.000233700274619286 -0.0005)
(0.00188992930186954 0.000266455113759627 -0.0005)
(0.00216856986443336 0.000305739759340044 -0.0005)
(0.00250275852271824 0.000352855954042348 -0.0005)
(0.00290356900881058 0.000409364948088919 -0.0005)
(0.00338428264698747 0.000477139233094988 -0.0005)
(0.00396082844593152 0.000558424589268526 -0.0005)
(0.000491036351941153 9.42512656271731e-05 -0.0005)
(0.000491608161500098 9.43610207897292e-05 -0.0005)
(0.000492293963551098 9.44926560770577e-05 -0.0005)
(0.000493116482947284 9.46505333783755e-05 -0.0005)
(0.000494102974830933 9.48398841427279e-05 -0.0005)
(0.000495286127764492 9.50669827291717e-05 -0.0005)
(0.000496705146904323 9.53393543150015e-05 -0.0005)
(0.000498407053109427 9.56660242513019e-05 -0.0005)
(0.000500448241032596 9.60578171285116e-05 -0.0005)
(0.000502896347823204 9.65277154618898e-05 -0.0005)
(0.000505832494363261 9.7091289882344e-05 -0.0005)
(0.000509353973302726 9.77672150874984e-05 -0.0005)
(0.000513577472965267 9.85778886496425e-05 -0.0005)
(0.000518642943952349 9.95501731854877e-05 -0.0005)
(0.000524718236570114 0.000100716286480392 -0.0005)
(0.000532004662745606 0.000102114869062362 -0.0005)
(0.000540743666732945 0.000103792264601147 -0.0005)
(0.000551224825651098 0.000105804055559944 -0.0005)
(0.000563795444960431 0.000108216904985324 -0.0005)
(0.000578872066835373 0.000111110765465262 -0.0005)
(0.00059695427277659 0.000114581528451655 -0.0005)
(0.000618641237828357 0.000118744201735743 -0.0005)
(0.000644651584944494 0.000123736720365793 -0.0005)
(0.000675847197400506 0.000129724517286267 -0.0005)
(0.000713261778304038 0.000136906005151937 -0.0005)
(0.000758135103556453 0.000145519150963281 -0.0005)
(0.000811954103277468 0.000155849361381393 -0.0005)
(0.000876502132973901 0.000168238940011527 -0.0005)
(0.000953918067110349 0.000183098430033448 -0.0005)
(0.00104676717321637 0.000200920218029896 -0.0005)
(0.00115812611502663 0.00022229484979194 -0.0005)
(0.00129168490133245 0.000247930598744517 -0.0005)
(0.00145186915873924 0.000278676935414819 -0.0005)
(0.00164398677998068 0.000315552675631823 -0.0005)
(0.00187440380715293 0.000359779740180474 -0.0005)
(0.00215075537796577 0.000412823644576149 -0.0005)
(0.00248219872496127 0.000476442060635447 -0.0005)
(0.00287971661112512 0.000552743058987747 -0.0005)
(0.00335648125658449 0.000644254962461282 -0.0005)
(0.00392829081552922 0.000754010125017384 -0.0005)
(0.000485582417460003 0.00011920451272372 -0.0005)
(0.000486147875937489 0.000119343325827017 -0.0005)
(0.00048682606079388 0.000119509811870242 -0.0005)
(0.000487639444477652 0.000119709487563173 -0.0005)
(0.000488614979408565 0.000119948969393452 -0.0005)
(0.000489784991077622 0.000120236192871642 -0.0005)
(0.000491188249190015 0.000120580675483654 -0.0005)
(0.000492871252344665 0.00012099383206377 -0.0005)
(0.000494889768819676 0.000121489353038535 -0.0005)
(0.000497310684519469 0.000122083658075049 -0.0005)
(0.000500214219317456 0.000122796440165844 -0.0005)
(0.000503696585235377 0.000123651318179226 -0.0005)
(0.00050787317454118 0.000124676619498104 -0.0005)
(0.000512882383406791 0.000125906318680953 -0.0005)
(0.000518890197827147 0.000127381163248553 -0.0005)
(0.000526095693760294 0.00012915002390075 -0.0005)
(0.000534737633742109 0.000131271513904256 -0.0005)
(0.000545102378562201 0.000133815931311805 -0.0005)
(0.000557533376163631 0.000136867588370352 -0.0005)
(0.000572442542192223 0.000140527605305997 -0.0005)
(0.000590323909303304 0.000144917261060957 -0.0005)
(0.000611769997511595 0.000150182012013167 -0.0005)
(0.00063749144803496 0.00015649631184351 -0.0005)
(0.000668340571222383 0.000164069392262579 -0.0005)
(0.000705339588854314 0.00017315219614815 -0.0005)
(0.000749714506657036 0.000184045692830954 -0.0005)
(0.00080293573943644 0.000197110851065493 -0.0005)
(0.000866766834992539 0.000212780600151934 -0.0005)
(0.000943322911338605 0.000231574175554866 -0.0005)
(0.00103514074361055 0.000254114324377754 -0.0005)
(0.00114526282307829 0.000281147940816627 -0.0005)
(0.0012773381736527 0.000313570815372897 -0.0005)
(0.00143574326656107 0.000352457317919406 -0.0005)
(0.00162572703984037 0.000399095998202838 -0.0005)
(0.00185358482803862 0.000455032283446762 -0.0005)
(0.0021268669654887 0.000522119687890348 -0.0005)
(0.00245462897546795 0.000602581231150697 -0.0005)
(0.00284773163555403 0.000699083100578082 -0.0005)
(0.00331920086219362 0.000814822998492385 -0.0005)
(0.00388465933968002 0.000953636101789757 -0.0005)
(0.000478635851489055 0.000144595026433649 -0.0005)
(0.000479193220722622 0.000144763406672635 -0.0005)
(0.000479861703712396 0.000144965354176726 -0.0005)
(0.000480663451424156 0.000145207560712685 -0.0005)
(0.000481625030706119 0.000145498052077386 -0.0005)
(0.000482778304612535 0.000145846454041979 -0.0005)
(0.000484161488223255 0.00014626431131308 -0.0005)
(0.000485820414945104 0.000146765470080128 -0.0005)
(0.000487810055255425 0.000147366536825065 -0.0005)
(0.000490196338213146 0.000148087428597539 -0.0005)
(0.00049305833609526 0.000148952032989646 -0.0005)
(0.000496490884549217 0.00014998899967923 -0.0005)
(0.000500607725083023 0.000151232689770469 -0.0005)
(0.000505545274023159 0.000152724314389259 -0.0005)
(0.000511467142829112 0.000154513300262067 -0.0005)
(0.000518569559550464 0.000156658927528331 -0.0005)
(0.000527087871072841 0.00015923229405722 -0.0005)
(0.000537304341612243 0.000162318671358686 -0.0005)
(0.000549557505870005 0.000166020330154689 -0.0005)
(0.000564253386776103 0.000170459929239196 -0.0005)
(0.000581878949533851 0.000175784579920786 -0.0005)
(0.000603018237781516 0.000182170720727936 -0.0005)
(0.000628371726561406 0.00018982996390604 -0.0005)
(0.00065877953337974 0.000199016107436675 -0.0005)
(0.000695249256482876 0.000210033544930587 -0.0005)
(0.000738989362803781 0.000223247352066023 -0.0005)
(0.000791449231927369 0.000239095383798357 -0.0005)
(0.000854367182978364 0.00025810278319618 -0.0005)
(0.000929828075858775 0.000280899382671135 -0.0005)
(0.00102033239551937 0.000308240574211573 -0.0005)
(0.00112887910845328 0.00034103234017966 -0.0005)
(0.00125906503695861 0.000380361274096654 -0.0005)
(0.0014152040440524 0.000427530586190204 -0.0005)
(0.00160246997836752 0.000484103286789578 -0.0005)
(0.00182706811567891 0.00055195397850115 -0.0005)
(0.00209644077797458 0.000633330973358451 -0.0005)
(0.00241951394349978 0.000730930793271203 -0.0005)
(0.00280699301948673 0.000847987522432873 -0.0005)
(0.0032717175783452 0.000988379972483267 -0.0005)
(0.00382908681191244 0.00115676021146919 -0.0005)
(0.000470088831288695 0.000170342275133419 -0.0005)
(0.000470636247556801 0.000170540637924337 -0.0005)
(0.000471292793418173 0.000170778545120407 -0.0005)
(0.000472080224287877 0.000171063880054845 -0.0005)
(0.000473024632608823 0.000171406097634454 -0.0005)
(0.000474157312455383 0.000171816537639021 -0.0005)
(0.000475515796499147 0.00017230880047818 -0.0005)
(0.000477145099697896 0.000172899197856897 -0.0005)
(0.000479099210918889 0.000173607293282893 -0.0005)
(0.000481442881923117 0.000174456550326355 -0.0005)
(0.000484253772990655 0.000175475110112776 -0.0005)
(0.00048762502628487 0.000176696723812071 -0.0005)
(0.000491668352226958 0.000178161871023064 -0.0005)
(0.000496517731151412 0.000179919101112345 -0.0005)
(0.00050233385290112 0.000182026641954322 -0.0005)
(0.000509309441473265 0.000184554329379944 -0.0005)
(0.000517675641154399 0.000187585921268647 -0.0005)
(0.000527709675756741 0.00019122187296366 -0.0005)
(0.000539744034753461 0.000195582665977299 -0.0005)
(0.000554177490706276 0.000200812800286809 -0.0005)
(0.00057148831306072 0.000207085582510123 -0.0005)
(0.000592250116163651 0.000214608868623367 -0.0005)
(0.000617150866645571 0.000223631951511748 -0.0005)
(0.000647015679999632 0.000234453821580899 -0.0005)
(0.000682834161748627 0.0002474330741537 -0.0005)
(0.000725793199181508 0.000262999791945735 -0.0005)
(0.000777316290251984 0.000281669796359138 -0.0005)
(0.000839110712848258 0.000304061739828096 -0.0005)
(0.00091322409744282 0.000330917605590886 -0.0005)
(0.00100211227772323 0.000363127294172352 -0.0005)
(0.0011087206675139 0.000401758111278705 -0.0005)
(0.00123658186050835 0.000448090134220496 -0.0005)
(0.00138993268689326 0.000503658628771591 -0.0005)
(0.00157385460567245 0.000570304921996352 -0.0005)
(0.00179444208475465 0.000650237416775687 -0.0005)
(0.00205900454827624 0.000746104769819631 -0.0005)
(0.00237630858291968 0.00086108365800552 -0.0005)
(0.00275686842901742 0.000998984041282016 -0.0005)
(0.00321329438220351 0.00116437541014845 -0.0005)
(0.00376071065030956 0.00136273820106735 -0.0005)
(0.000459832563355212 0.000196351760058766 -0.0005)
(0.000460368036246783 0.000196580410774488 -0.0005)
(0.000461010257772377 0.000196854643912694 -0.0005)
(0.000461780508693439 0.000197183546509182 -0.0005)
(0.000462704312175186 0.000197578017136199 -0.0005)
(0.000463812279526541 0.000198051127039375 -0.0005)
(0.000465141124541659 0.00019861855326874 -0.0005)
(0.000466734880054442 0.000199299098156111 -0.0005)
(0.000468646357017991 0.000200115312352353 -0.0005)
(0.000470938894457311 0.000201094242069567 -0.0005)
(0.000473688458281993 0.000202268325288969 -0.0005)
(0.000476986158505478 0.000203676466631337 -0.0005)
(0.000480941268281931 0.000205365326507127 -0.0005)
(0.00048568484480001 0.00020739086726375 -0.0005)
(0.000491374072016114 0.000209820207563413 -0.0005)
(0.000498197469128628 0.000212733846438499 -0.0005)
(0.000506381137382076 0.000216228330721162 -0.0005)
(0.000516196252196315 0.00022041945423554 -0.0005)
(0.00052796804888127 0.000225446094761559 -0.0005)
(0.000542086599689343 0.000231474815912616 -0.0005)
(0.000559019739315761 0.000238705386415731 -0.0005)
(0.000579328567148418 0.000247377399681987 -0.0005)
(0.000603686039952398 0.000257778213014449 -0.0005)
(0.000632899271079536 0.000270252469528523 -0.0005)
(0.000667936275113392 0.000285213518304704 -0.0005)
(0.000709958044164746 0.000303157111193845 -0.0005)
(0.00076035701870318 0.000324677830134609 -0.0005)
(0.000820803227700749 0.000350488789321474 -0.0005)
(0.000893299626995373 0.000381445265077685 -0.0005)
(0.000980248469575339 0.000418573036436628 -0.0005)
(0.00108453090704195 0.000463102375529931 -0.0005)
(0.00120960245993784 0.000516508814093572 -0.0005)
(0.00135960752046205 0.000580562036937857 -0.0005)
(0.00153951668175311 0.000657384522523569 -0.0005)
(0.00175529144430675 0.000749521873768395 -0.0005)
(0.0020140817572678 0.000860027169577143 -0.0005)
(0.00232446294035837 0.000992562132182384 -0.0005)
(0.00269671983712714 0.00115151846259367 -0.0005)
(0.00314318761527035 0.00134216336474739 -0.0005)
(0.00367866050684169 0.00157081408047012 -0.0005)
(0.000447758445164327 0.000222513763133935 -0.0005)
(0.000448279857801153 0.000222772879381141 -0.0005)
(0.000448905216104734 0.000223083651474754 -0.0005)
(0.000449655242053928 0.000223456377211601 -0.0005)
(0.000450554788635854 0.000223903407294943 -0.0005)
(0.000451633663378686 0.000224439554589472 -0.0005)
(0.000452927616058967 0.000225082584962916 -0.0005)
(0.000454479523312269 0.000225853805978838 -0.0005)
(0.000456340809400669 0.000226778772947683 -0.0005)
(0.000458573150215815 0.000227888135731881 -0.0005)
(0.000461250516981744 0.000229218654364886 -0.0005)
(0.000464461627377911 0.000230814417137886 -0.0005)
(0.000468312885303267 0.000232728301516898 -0.0005)
(0.000472931906693913 0.000235023726299453 -0.0005)
(0.000478471748226408 0.000237776753070637 -0.0005)
(0.000485115979029781 0.000241078606592677 -0.0005)
(0.000493084763463331 0.00024503869764414 -0.0005)
(0.000502642156520199 0.00024978824847406 -0.0005)
(0.000514104853598427 0.000255484641004646 -0.0005)
(0.000527852684573401 0.000262316631865361 -0.0005)
(0.000544341199905053 0.000270510607064625 -0.0005)
(0.000564116765835202 0.000280338083555003 -0.0005)
(0.000587834668872047 0.000292124706265017 -0.0005)
(0.000616280829475095 0.000306261038724751 -0.0005)
(0.000650397844448862 0.000323215504845258 -0.0005)
(0.000691316220990528 0.00034354991069276 -0.0005)
(0.000740391837368252 0.000367938060589781 -0.0005)
(0.000799250871533526 0.000397188084409515 -0.0005)
(0.000869843686429711 0.000432269215904428 -0.0005)
(0.000954509457549468 0.000474343909400336 -0.0005)
(0.0010560536842508 0.000524806359080198 -0.0005)
(0.0011778411532598 0.000585328697239125 -0.0005)
(0.00132390743481458 0.000657916402343844 -0.0005)
(0.00149909260600542 0.000744974752907461 -0.0005)
(0.00170920163239049 0.000849388529206402 -0.0005)
(0.00196119672231961 0.000974617603849145 -0.0005)
(0.00226342802785145 0.00112481158870205 -0.0005)
(0.00262591033680903 0.00130494733713227 -0.0005)
(0.00306065492448833 0.00152099385786541 -0.0005)
(0.00358206756131461 0.00178011010507148 -0.0005)
(0.0004337594639936 0.000248702085628538 -0.0005)
(0.000434264574881651 0.000248991698056069 -0.0005)
(0.000434870381618508 0.000249339045863901 -0.0005)
(0.000435596958318998 0.00024975563882793 -0.0005)
(0.000436468380951954 0.000250255281243302 -0.0005)
(0.000437513525125606 0.000250854529345871 -0.0005)
(0.000438767022914633 0.000251573239922446 -0.0005)
(0.000440270410434467 0.000252435228288644 -0.0005)
(0.000442073504189062 0.00025346905743723 -0.0005)
(0.00044423605179902 0.000254708984506292 -0.0005)
(0.000446829711808889 0.000256196095929584 -0.0005)
(0.00044994042817685 0.000257979668883561 -0.0005)
(0.000453671278128303 0.000260118804144267 -0.0005)
(0.000458145887740291 0.000262684384460669 -0.0005)
(0.000463512528436176 0.000265761423337462 -0.0005)
(0.000469949030132672 0.000269451882056984 -0.0005)
(0.000477668673842147 0.000273878048285564 -0.0005)
(0.000486927258988435 0.00027918658821839 -0.0005)
(0.000498031579619949 0.000285553406535434 -0.0005)
(0.000511349590389329 0.000293189475208778 -0.0005)
(0.000527322599161242 0.000302347824305679 -0.0005)
(0.00054647989026467 0.000313331926435807 -0.0005)
(0.000569456262948246 0.000326505752671143 -0.0005)
(0.000597013066195867 0.000342305833153167 -0.0005)
(0.000630063426915812 0.000361255722029706 -0.0005)
(0.000669702507468917 0.000383983346034009 -0.0005)
(0.000717243795154389 0.000411241811571531 -0.0005)
(0.000774262626147829 0.000443934359781565 -0.0005)
(0.000842648386108048 0.000483144296488906 -0.0005)
(0.000924667117180854 0.000530170888809469 -0.0005)
(0.0010230366059561 0.00058657241788591 -0.0005)
(0.00114101644050527 0.000654217814355973 -0.0005)
(0.00128251602064494 0.000735348587555232 -0.0005)
(0.00145222410047239 0.00083265310055077 -0.0005)
(0.00165576415571704 0.000949355652195936 -0.0005)
(0.00189988072418636 0.00108932331804425 -0.0005)
(0.0021926628939151 0.00125719409042113 -0.0005)
(0.00254381234455895 0.00145853056372452 -0.0005)
(0.00296496482389787 0.0017000042574968 -0.0005)
(0.0034700757119488 0.0019896166850283 -0.0005)
(0.000417731860499917 0.00027477280200791 -0.0005)
(0.000418218307317887 0.00027509277366399 -0.0005)
(0.000418801729228641 0.000275476532932385 -0.0005)
(0.000419501458599609 0.000275936796125329 -0.0005)
(0.000420340681781957 0.00027648881460208 -0.0005)
(0.000421347207417457 0.000277150880140553 -0.0005)
(0.000422554387910354 0.00027794493105677 -0.0005)
(0.000424002224598298 0.000278897279156625 -0.0005)
(0.00042573869324345 0.000280039481608351 -0.0005)
(0.000427821333765481 0.000281409386626199 -0.0005)
(0.000430319156894114 0.000283052387615286 -0.0005)
(0.000433314930920373 0.000285022927335174 -0.0005)
(0.000436907924320718 0.000287386301924384 -0.0005)
(0.000441217195134125 0.000290220824564323 -0.0005)
(0.000446385536089469 0.000293620420478153 -0.0005)
(0.000452584206209617 0.000297697739252922 -0.0005)
(0.000460018605679464 0.000302587887615394 -0.0005)
(0.000468935082021322 0.000308452906351474 -0.0005)
(0.00047962909310821 0.000315487139717182 -0.0005)
(0.000492454997506075 0.000323923675262901 -0.0005)
(0.000507837796559356 0.000334042067461994 -0.0005)
(0.000526287217307653 0.000346177601075268 -0.0005)
(0.000548414602887397 0.000360732401203703 -0.0005)
(0.000574953170101757 0.000378188758174029 -0.0005)
(0.000606782305417038 0.000399125108792826 -0.0005)
(0.000644956704461848 0.000424235203526701 -0.0005)
(0.000690741320600407 0.000454351094735461 -0.0005)
(0.000745653280641862 0.000490470707700295 -0.0005)
(0.000811512156611666 0.000533790908045219 -0.0005)
(0.000890500259398955 0.000585747161279479 -0.0005)
(0.00098523495218047 0.000648061098626235 -0.0005)
(0.0010988553798109 0.000722797565286901 -0.0005)
(0.00123512648805944 0.000812433041502106 -0.0005)
(0.00139856377949162 0.000919937703621156 -0.0005)
(0.00159458293992857 0.00104887384436953 -0.0005)
(0.00182967929353124 0.00120351391358508 -0.0005)
(0.002111643032964 0.00138898209084082 -0.0005)
(0.00244981735654059 0.00161142408112872 -0.0005)
(0.00285540806602882 0.00187821075998316 -0.0005)
(0.00334185488399933 0.00219818241606328 -0.0005)
(0.000399577085405285 0.000300563059638102 -0.0005)
(0.000400042391071692 0.000300913063929816 -0.0005)
(0.000400600457258891 0.000301332842958272 -0.0005)
(0.000401269776142754 0.000301836306592588 -0.0005)
(0.000402072526387387 0.000302440137689177 -0.0005)
(0.000403035308061108 0.000303164344897715 -0.0005)
(0.000404190024060823 0.000304032925671148 -0.0005)
(0.000405574937251833 0.000305074661449367 -0.0005)
(0.000407235938352627 0.000306324071365881 -0.0005)
(0.000409228066577523 0.000307822556079684 -0.0005)
(0.000411617333425407 0.000309619769634519 -0.0005)
(0.000414482910047963 0.000311775264803691 -0.0005)
(0.000417919750678391 0.000314360466440872 -0.0005)
(0.000422041739050986 0.000317461038226172 -0.0005)
(0.000426985462071887 0.000321179721232377 -0.0005)
(0.00043291473578597 0.000325639738370569 -0.0005)
(0.000440026033613111 0.000330988877525422 -0.0005)
(0.00044855499672476 0.000337404388679616 -0.0005)
(0.000458784242289791 0.000345098857299348 -0.0005)
(0.000471052728324953 0.000354327248602407 -0.0005)
(0.000485766985465238 0.000365395356128893 -0.0005)
(0.000503414587831976 0.000378669934567853 -0.0005)
(0.000524580309371654 0.000394590852602883 -0.0005)
(0.000549965501024634 0.000413685668475471 -0.0005)
(0.000580411330808912 0.000436587111244397 -0.0005)
(0.000616926656906302 0.000464054047003194 -0.0005)
(0.000660721457358322 0.000496996624795783 -0.0005)
(0.000713246924103899 0.000536506435469629 -0.0005)
(0.000776243549921689 0.000583892682815286 -0.0005)
(0.000851798801694121 0.000640725565565346 -0.0005)
(0.00094241629106422 0.000708888307766078 -0.0005)
(0.00105109873453582 0.000790639561608968 -0.0005)
(0.00118144745199715 0.000888688250512991 -0.0005)
(0.00133778170066771 0.00100628333247067 -0.0005)
(0.00152528179873839 0.00114732145807142 -0.0005)
(0.00175016078127409 0.00131647609057662 -0.0005)
(0.00201987027639779 0.00151935236659131 -0.0005)
(0.00234334742370451 0.00176267282882177 -0.0005)
(0.00273131101683532 0.00205450018539132 -0.0005)
(0.00319661668324228 0.00240450447710481 -0.0005)
(0.000379204077630716 0.000325889962269841 -0.0005)
(0.000379645659023871 0.000326269459622437 -0.0005)
(0.000380175271410324 0.000326724611269849 -0.0005)
(0.000380810464115978 0.000327270499194296 -0.0005)
(0.000381572284994108 0.000327925212030669 -0.0005)
(0.000382485977870597 0.000328710444454608 -0.0005)
(0.000383581819027638 0.00032965221606095 -0.0005)
(0.000384896120443753 0.000330781733553444 -0.0005)
(0.000386472433033679 0.000332136424815379 -0.0005)
(0.000388362989758867 0.000333761179126276 -0.0005)
(0.000390630436427753 0.000335709834620672 -0.0005)
(0.0003933499075379 0.000338046962277677 -0.0005)
(0.000396611515945457 0.0003408500055559 -0.0005)
(0.00040052333886005 0.000344211846573033 -0.0005)
(0.000405214999109539 0.000348243883863459 -0.0005)
(0.000410841960344036 0.000353079723698995 -0.0005)
(0.000417590678505797 0.000358879607288981 -0.0005)
(0.000425684780264958 0.000365835720560184 -0.0005)
(0.000435392473150828 0.00037417856246228 -0.0005)
(0.000447035432922083 0.000384184582820159 -0.0005)
(0.000460999462669293 0.00039618534282223 -0.0005)
(0.000477747276851592 0.000410578501688225 -0.0005)
(0.000497833833881512 0.000427840993572572 -0.0005)
(0.000521924725321104 0.000448544831335469 -0.0005)
(0.000550818231036875 0.000473376060858075 -0.0005)
(0.000585471771136906 0.000503157493975239 -0.0005)
(0.000627033631205997 0.000538875973308077 -0.0005)
(0.000676881012091657 0.000581715072448509 -0.0005)
(0.000736665665065069 0.000633094315054635 -0.0005)
(0.00080836862453148 0.000694716212427533 -0.0005)
(0.0008943658519224 0.000768622678214619 -0.0005)
(0.000997506965956753 0.000857262689606739 -0.0005)
(0.00112120966809027 0.000963573437061908 -0.0005)
(0.00126957299205085 0.00109107765154672 -0.0005)
(0.00144751313011569 0.00124400033434739 -0.0005)
(0.00166092633689278 0.00142740875742927 -0.0005)
(0.00191688430861404 0.00164738037342054 -0.0005)
(0.00222386851206165 0.00191120419911369 -0.0005)
(0.00259205122789044 0.00222762234556279 -0.0005)
(0.00303363262104572 0.00260711969815872 -0.0005)
(0.000356531891278309 0.000350549583513534 -0.0005)
(0.000356947071015401 0.000350957796880925 -0.0005)
(0.000357445018471468 0.000351447389194 -0.0005)
(0.000358042233717908 0.000352034583666721 -0.0005)
(0.000358758506180461 0.00035273883767477 -0.0005)
(0.000359617570384986 0.000353583487498459 -0.0005)
(0.000360647892428729 0.000354596521597664 -0.0005)
(0.000361883613237759 0.00035581150804219 -0.0005)
(0.000363365679866482 0.000357268706829024 -0.0005)
(0.000365143202326187 0.000359016403944424 -0.0005)
(0.000367275080902708 0.000361112511376557 -0.0005)
(0.000369831957886299 0.000363626486096965 -0.0005)
(0.000372898558386539 0.000366641631598557 -0.0005)
(0.00037657649779795 0.000370257858254286 -0.0005)
(0.000380987648944943 0.000374594993964221 -0.0005)
(0.000386278180480416 0.000379796754793177 -0.0005)
(0.000392623400355029 0.000386035507170622 -0.0005)
(0.000400233564851212 0.000393517979453933 -0.0005)
(0.00040936084567101 0.000402492112114323 -0.0005)
(0.000420307685940395 0.000413255273534367 -0.0005)
(0.000433436822016003 0.000426164113657183 -0.0005)
(0.000449183303178603 0.000441646381999468 -0.0005)
(0.000468068907499876 0.000460215101632056 -0.0005)
(0.00049071943156914 0.000482485568799455 -0.0005)
(0.00051788542699532 0.000509195741480597 -0.0005)
(0.000550467070812411 0.000541230692489656 -0.0005)
(0.000589543993898423 0.000579651937398989 -0.0005)
(0.000636411055807346 0.00062573260909927 -0.0005)
(0.000692621251455045 0.000680999644546974 -0.0005)
(0.000760037171422306 0.000747284381606463 -0.0005)
(0.000840892721072367 0.000826783242572203 -0.0005)
(0.000937867143618083 0.000922130515190602 -0.0005)
(0.00105417379997965 0.00103648564286577 -0.0005)
(0.0011936666472573 0.00117363791651224 -0.0005)
(0.0013609679441077 0.0013381320371417 -0.0005)
(0.00156162141469116 0.00153541870984686 -0.0005)
(0.00180227594645601 0.00177203525929029 -0.0005)
(0.00209090590880132 0.00205582225160368 -0.0005)
(0.00243707539313439 0.00239618330071759 -0.0005)
(0.00285225513022647 0.00280439666810827 -0.0005)
(0.000331492696713002 0.000374316165862418 -0.0005)
(0.000331878718423924 0.000374752055304944 -0.0005)
(0.00033234169508624 0.000375274841027949 -0.0005)
(0.000332896967973191 0.000375901846147856 -0.0005)
(0.000333562936701379 0.000376653847212711 -0.0005)
(0.000334361668923583 0.000377555762657397 -0.0005)
(0.000335319631566248 0.000378637478505129 -0.0005)
(0.00033646856784205 0.000379934838675784 -0.0005)
(0.000337846549098375 0.000381490832716113 -0.0005)
(0.000339499236355952 0.000383357020308659 -0.0005)
(0.000341481393340176 0.000385595239762147 -0.0005)
(0.000343858701141211 0.00038827965709617 -0.0005)
(0.000346709934633736 0.000391499223619002 -0.0005)
(0.000350129572774561 0.000395360623433244 -0.0005)
(0.000354230929273366 0.000399991808538347 -0.0005)
(0.000359149907375019 0.000405546238669778 -0.0005)
(0.000365049503172553 0.000412207966366853 -0.0005)
(0.000372125206673366 0.000420197735768911 -0.0005)
(0.000380611479589271 0.000429780297230572 -0.0005)
(0.000390789524499571 0.000441273180134407 -0.0005)
(0.000402996602827434 0.000455057214598442 -0.0005)
(0.000417637210391642 0.000471589150727566 -0.0005)
(0.000435196480848676 0.000491416793562511 -0.0005)
(0.000456256261163874 0.000515197155240629 -0.0005)
(0.000481514391791207 0.000543718225861562 -0.0005)
(0.000511807830432966 0.000577925084460891 -0.0005)
(0.000548140385612208 0.000618951215309418 -0.0005)
(0.000591715979042296 0.000668156067240294 -0.0005)
(0.000643978538981082 0.000727170100576232 -0.0005)
(0.000706659846482662 0.000797948814339413 -0.0005)
(0.000781836919988235 0.000882837543998897 -0.0005)
(0.000872000839761607 0.000984649176904689 -0.0005)
(0.000980139292747492 0.00110675736060026 -0.0005)
(0.00110983557307308 0.00125320829257998 -0.0005)
(0.00126538731869022 0.00142885479577587 -0.0005)
(0.00145194891863589 0.00163951712252173 -0.0005)
(0.00167570230974182 0.00189217581542198 -0.0005)
(0.00194406182234243 0.00219520301579597 -0.0005)
(0.00226591986278275 0.00255863988437326 -0.0005)
(0.00265194157370402 0.00299452932689934 -0.0005)
(0.000304035177302151 0.000396941571220312 -0.0005)
(0.000304389224858812 0.000397403807842649 -0.0005)
(0.00030481385319304 0.000397958193159733 -0.0005)
(0.000305323132861369 0.000398623097377497 -0.0005)
(0.000305933939441303 0.000399420552874923 -0.0005)
(0.000306666512723317 0.000400376984272688 -0.0005)
(0.000307545127379988 0.000401524084043876 -0.0005)
(0.000308598897335664 0.000402899862681146 -0.0005)
(0.000309862740490401 0.000404549908218865 -0.0005)
(0.000311378535765424 0.000406528896845955 -0.0005)
(0.000313196510810168 0.000408902404665357 -0.0005)
(0.000315376906354192 0.000411749080634916 -0.0005)
(0.000317991972354214 0.000415163252692585 -0.0005)
(0.000321128362080938 0.000419258053422989 -0.0005)
(0.000324890003476535 0.000424169168837938 -0.0005)
(0.000329401542928568 0.000430059334491147 -0.0005)
(0.000334812475573842 0.000437123727911149 -0.0005)
(0.000341302098994624 0.000445596436037003 -0.0005)
(0.000349085454453751 0.000455758211962825 -0.0005)
(0.000358420452538404 0.000467945778019953 -0.0005)
(0.000369616419329088 0.000482562983465256 -0.0005)
(0.000383044346281123 0.000500094186498631 -0.0005)
(0.000399149183460455 0.000521120304038504 -0.0005)
(0.000418464583484544 0.000546338061083411 -0.0005)
(0.000441630584726045 0.000576583077509766 -0.0005)
(0.000469414819732927 0.000612857557313877 -0.0005)
(0.000502737951630836 0.000656363497813625 -0.0005)
(0.000542704181372644 0.000708542519235542 -0.0005)
(0.000590637836728587 0.000771123634487254 -0.0005)
(0.00064812725543597 0.00084618054202257 -0.0005)
(0.000717077416627944 0.000936200340265313 -0.0005)
(0.000799773064545302 0.00104416594052471 -0.0005)
(0.000898954416209314 0.00117365490925066 -0.0005)
(0.00101790796171791 0.00132895801488269 -0.0005)
(0.00116057536593923 0.00151522140748102 -0.0005)
(0.0013316840801875 0.00173861714242815 -0.0005)
(0.00153690399185194 0.0020065476987033 -0.0005)
(0.0017830353027474 0.00232789126868193 -0.0005)
(0.00207823386175553 0.00271329594742477 -0.0005)
(0.0024322814184172 0.00317553256976249 -0.0005)
(0.000274128337741437 0.000418155060291176 -0.0005)
(0.000274447558921862 0.000418641999923344 -0.0005)
(0.000274830418104318 0.000419226012892751 -0.0005)
(0.000275289601775639 0.000419926451152247 -0.0005)
(0.000275840325523873 0.000420766524542849 -0.0005)
(0.000276500838224589 0.000421774069878973 -0.0005)
(0.000277293026738713 0.000422982473353838 -0.0005)
(0.00027824314115927 0.00042443177683003 -0.0005)
(0.000279382664638915 0.000426170004673456 -0.0005)
(0.000280749356621026 0.00042825475509688 -0.0005)
(0.000282388504043022 0.000430755108744074 -0.0005)
(0.000284354421972013 0.000433753917757756 -0.0005)
(0.000286712253398071 0.000437350551182242 -0.0005)
(0.00028954012782341 0.000441664187672969 -0.0005)
(0.000292931750174825 0.000446837764620633 -0.0005)
(0.000296999505826045 0.000453042714548832 -0.0005)
(0.000301878184618552 0.000460484645731247 -0.0005)
(0.000307729447280632 0.000469410155262295 -0.0005)
(0.000314747182244704 0.000480115000340285 -0.0005)
(0.000323163930367314 0.000492953898528131 -0.0005)
(0.000333258590442416 0.000508352281734703 -0.0005)
(0.000345365660839131 0.000526820393398747 -0.0005)
(0.000359886323496463 0.000548970196002051 -0.0005)
(0.000377301737556108 0.000575535649162079 -0.0005)
(0.00039818898313341 0.000607397030242395 -0.0005)
(0.000423240183541989 0.000645610103372749 -0.0005)
(0.000453285439609297 0.000691441103428421 -0.0005)
(0.00048932033603849 0.000746408694203906 -0.0005)
(0.000532538931272083 0.000812334291114098 -0.0005)
(0.000584373324015113 0.000891402415924537 -0.0005)
(0.000646541107500825 0.000986233083435301 -0.0005)
(0.000721102283951494 0.00109996861873599 -0.0005)
(0.000810527525161608 0.0012363777818231 -0.0005)
(0.000917780041097671 0.00139998064987071 -0.0005)
(0.00104641376932646 0.00159619839527477 -0.0005)
(0.00120069113889326 0.0018315329225414 -0.0005)
(0.00138572431089398 0.00211378231649792 -0.0005)
(0.00160764457591266 0.00245229924095485 -0.0005)
(0.00187380552150661 0.00285830085016087 -0.0005)
(0.00219302670193149 0.0033452404823294 -0.0005)
(0.000241765731878607 0.000437663490468649 -0.0005)
(0.000242047266954303 0.00043817314757746 -0.0005)
(0.000242384927158336 0.000438784406842125 -0.0005)
(0.000242789901256521 0.000439517523053358 -0.0005)
(0.000243275608539291 0.000440396788874331 -0.0005)
(0.000243858143485584 0.000441451339806481 -0.0005)
(0.000244556809072225 0.000442716119628434 -0.0005)
(0.000245394756400644 0.000444233038298979 -0.0005)
(0.000246399751835699 0.000446052360692576 -0.0005)
(0.000247605097076654 0.000448234372184763 -0.0005)
(0.000249050732647938 0.000450851376278592 -0.0005)
(0.000250784561375138 0.000453990090465771 -0.0005)
(0.000252864035701156 0.000457754519712187 -0.0005)
(0.000255358061440107 0.000462269402784102 -0.0005)
(0.000258349281052065 0.000467684345613076 -0.0005)
(0.000261936812097645 0.000474178778663504 -0.0005)
(0.00026623953161431 0.000481967902570926 -0.0005)
(0.000271400015246053 0.000491309819066805 -0.0005)
(0.000277589261654132 0.000502514083481296 -0.0005)
(0.000285012358757724 0.000515951962221186 -0.0005)
(0.000293915279562011 0.000532068735116554 -0.0005)
(0.00030459303276142 0.000551398450288773 -0.0005)
(0.00031739943819778 0.000574581620459674 -0.0005)
(0.000332758851094634 0.000602386447089784 -0.0005)
(0.000351180223563933 0.00063573427563227 -0.0005)
(0.000373273969329577 0.000675730125392209 -0.0005)
(0.000399772190500145 0.000723699305633784 -0.0005)
(0.000431552936628592 0.000781231331252939 -0.0005)
(0.000469669299911217 0.000850232593212683 -0.0005)
(0.000515384310629379 0.00093298952903752 -0.0005)
(0.000570212789135204 0.00103224438659522 -0.0005)
(0.000635971541195814 0.00115128609168749 -0.0005)
(0.0007148395599775 0.00129405923045337 -0.0005)
(0.00080943022953302 0.00146529475784491 -0.0005)
(0.000922877922339006 0.00167066676335318 -0.0005)
(0.0010589418603942 0.00191698048860042 -0.0005)
(0.00122213068143746 0.0022123978269812 -0.0005)
(0.00141785183793293 0.00256670777754681 -0.0005)
(0.00165259077933241 0.00299165081493888 -0.0005)
(0.00193412585502886 0.00350130792374919 -0.0005)
(0.000206970107032442 0.000455152034813621 -0.0005)
(0.000207211122764066 0.00045568205725137 -0.0005)
(0.000207500185932887 0.000456317741753665 -0.0005)
(0.000207846874985117 0.000457080152470036 -0.0005)
(0.000208262677868016 0.000457994552771348 -0.0005)
(0.000208761372696467 0.000459091242381141 -0.0005)
(0.000209359484306923 0.000460406561392413 -0.0005)
(0.000210076831827197 0.000461984094439107 -0.0005)
(0.000210937185406442 0.000463876114923934 -0.0005)
(0.000211969053866844 0.00046614531715872 -0.0005)
(0.000213206629376795 0.000468866893813757 -0.0005)
(0.000214690920448388 0.000472131027514887 -0.0005)
(0.000216471110802426 0.000476045879150292 -0.0005)
(0.000218606189128545 0.000480741171908039 -0.0005)
(0.000221166903744441 0.00048637248980565 -0.0005)
(0.000224238106924133 0.000493126433148509 -0.0005)
(0.000227921566577305 0.00050122680174924 -0.0005)
(0.000232339338448041 0.000510942010796276 -0.0005)
(0.00023763781057466 0.000522593985105086 -0.0005)
(0.000243992554028599 0.000536568826473487 -0.0005)
(0.000251614140667229 0.000553329607616326 -0.0005)
(0.000260755120678646 0.000573431716621539 -0.0005)
(0.000271718391127558 0.00059754126038407 -0.0005)
(0.000284867232803819 0.000626457136836965 -0.0005)
(0.000300637347956324 0.000661137507368844 -0.0005)
(0.000319551297796655 0.000702731546622252 -0.0005)
(0.000342235818176059 0.000752617521739608 -0.0005)
(0.000369442587210962 0.000812448462857104 -0.0005)
(0.000402073133016575 0.000884206938191786 -0.0005)
(0.000441208706895499 0.000970270748758395 -0.0005)
(0.000488146111864348 0.00107349171958726 -0.0005)
(0.000544440673738559 0.00119729019828241 -0.0005)
(0.000611957778672514 0.00134576839224014 -0.0005)
(0.000692934684911676 0.00152384630008936 -0.0005)
(0.00079005465696143 0.001737424741601 -0.0005)
(0.000906535878695033 0.00199358088825321 -0.0005)
(0.0010462380916405 0.00230080277358629 -0.0005)
(0.00121379049203081 0.00266927055412236 -0.0005)
(0.00141474512463576 0.00311119384075925 -0.0005)
(0.00165576085625954 0.00364121627850896 -0.0005)
(0.000169798447428296 0.000470285537998927 -0.0005)
(0.000169996176934369 0.000470833183331087 -0.0005)
(0.000170233324597761 0.000471490003921335 -0.0005)
(0.000170517748583683 0.000472277764288202 -0.0005)
(0.000170858873613596 0.00047322256779287 -0.0005)
(0.000171268003264373 0.000474355721604586 -0.0005)
(0.000171758694525543 0.00047571477410033 -0.0005)
(0.000172347207025998 0.000477344759074206 -0.0005)
(0.000173053041815812 0.000479299687984886 -0.0005)
(0.000173899587556348 0.000481644339688468 -0.0005)
(0.000174914895530906 0.000484456406961646 -0.0005)
(0.000176132609156809 0.000487829070942737 -0.0005)
(0.000177593078799389 0.000491874088797697 -0.0005)
(0.000179344698828537 0.00049672549692453 -0.0005)
(0.000181445511222754 0.000502544052406119 -0.0005)
(0.000183965128858003 0.0005095225598842 -0.0005)
(0.000186987042211778 0.000517892260366686 -0.0005)
(0.00019061138591773 0.000527930493668946 -0.0005)
(0.000194958256843882 0.00053996988839298 -0.0005)
(0.000200171693642825 0.000554409383965222 -0.0005)
(0.00020642444964095 0.00057172744996106 -0.0005)
(0.000213923717221984 0.00059249794075388 -0.0005)
(0.000222917993388977 0.000617409110850952 -0.0005)
(0.000233705314003155 0.000647286421011565 -0.0005)
(0.000246643129550794 0.000683119890854813 -0.0005)
(0.000262160149683181 0.000726096904317682 -0.0005)
(0.000280770549012369 0.000777641555010661 -0.0005)
(0.000303091004888359 0.000839461835225262 -0.0005)
(0.000329861131724417 0.000913606232256405 -0.0005)
(0.000361967988985765 0.00100253160742501 -0.0005)
(0.00040047547494254 0.00110918460705161 -0.0005)
(0.000446659580183394 0.00123709930302883 -0.0005)
(0.000502050669056155 0.00139051429842726 -0.0005)
(0.000568484190080528 0.00157451317856604 -0.0005)
(0.000648161495681683 0.00179519296155857 -0.0005)
(0.000743722786577747 0.00205986613013925 -0.0005)
(0.000858334597918791 0.0023773029393322 -0.0005)
(0.00099579472613286 0.00275802202910983 -0.0005)
(0.00116065807335283 0.00321463897183181 -0.0005)
(0.00135838757942637 0.00376228430399141 -0.0005)
(0.000130347380922429 0.000482710638257189 -0.0005)
(0.000130499169844166 0.000483272752561087 -0.0005)
(0.000130681218486443 0.000483946926569687 -0.0005)
(0.000130899559243959 0.000484755499827333 -0.0005)
(0.000131161427093104 0.00048572526535469 -0.0005)
(0.000131475499331361 0.000486888357466824 -0.0005)
(0.00013185218310971 0.000488283316581317 -0.0005)
(0.000132303960285746 0.000489956366300084 -0.0005)
(0.000132845801024632 0.000491962945082491 -0.0005)
(0.000133495659853032 0.000494369543263551 -0.0005)
(0.000134275070603352 0.000497255906288945 -0.0005)
(0.000135209859962466 0.000500717677173644 -0.0005)
(0.000136331003269194 0.00050486956574508 -0.0005)
(0.000137675650918384 0.000509849149687453 -0.0005)
(0.000139288359382701 0.000515821433339218 -0.0005)
(0.000141222567643466 0.000522984315304844 -0.0005)
(0.000143542367953803 0.000531575146056547 -0.0005)
(0.000146324629610425 0.000541878592819819 -0.0005)
(0.00014966154610768 0.000554236072354905 -0.0005)
(0.000153663690076834 0.000569057064200511 -0.0005)
(0.000158463677239536 0.000586832679257273 -0.0005)
(0.000164220560784876 0.000608151933321897 -0.0005)
(0.000171125101782847 0.000633721264814541 -0.0005)
(0.000179406090275527 0.000664387943442175 -0.0005)
(0.000189337926502736 0.000701168145471359 -0.0005)
(0.000201249713474943 0.000745280625917434 -0.0005)
(0.000215536162186463 0.000798187103417511 -0.0005)
(0.000232670670825941 0.000861640695987258 -0.0005)
(0.000253221011379054 0.000937744012636938 -0.0005)
(0.000277868143417375 0.00102901882578034 -0.0005)
(0.000307428778490275 0.00113848963311339 -0.0005)
(0.000342882442817408 0.001269783877883 -0.0005)
(0.000385403935035733 0.00142725214846199 -0.0005)
(0.000436402254526486 0.00161611234018365 -0.0005)
(0.00049756729025776 0.00184262255640685 -0.0005)
(0.000570925817232092 0.00211428847809084 -0.0005)
(0.000658908656046855 0.00244011207331312 -0.0005)
(0.000764431220978031 0.00283088988801104 -0.0005)
(0.000890990125642357 0.00329957080216 -0.0005)
(0.00104277904737943 0.00386168510605751 -0.0005)
(8.87588900245484e-05 0.000492058796732271 -0.0005)
(8.88622493411381e-05 0.000492631796923442 -0.0005)
(8.89862137453675e-05 0.000493319026963902 -0.0005)
(8.91348909427695e-05 0.000494143259024881 -0.0005)
(8.9313207526185e-05 0.000495131804999809 -0.0005)
(8.95270722241788e-05 0.000496317421515848 -0.0005)
(8.97835716936726e-05 0.000497739395363049 -0.0005)
(9.00912053446106e-05 0.000499444845308097 -0.0005)
(9.04601669778497e-05 0.000501490283429753 -0.0005)
(9.09026825686749e-05 0.000503943487712687 -0.0005)
(9.14334153887902e-05 0.000506885747950281 -0.0005)
(9.20699518909782e-05 0.000510414559377015 -0.0005)
(9.28333844567837e-05 0.000514646853287096 -0.0005)
(9.37490103172471e-05 0.000519722871689669 -0.0005)
(9.48471698062451e-05 0.000525810814391826 -0.0005)
(9.6164251722942e-05 0.000533112412495954 -0.0005)
(9.77438991172132e-05 0.000541869612995773 -0.0005)
(9.96384554531516e-05 0.000552372595972977 -0.0005)
(0.000101910699070975 0.000564969390053654 -0.0005)
(0.00010463592342076 0.0005800774047439 -0.0005)
(0.000107904431998981 0.000598197261782034 -0.0005)
(0.000111824530660488 0.000619929383825466 -0.0005)
(0.000116526116459696 0.000645993890157757 -0.0005)
(0.000122164981941418 0.000677254458683386 -0.0005)
(0.000128927977509064 0.000714746944905344 -0.0005)
(0.000137039202931316 0.000759713706208844 -0.0005)
(0.000146767433150087 0.000813644768826446 -0.0005)
(0.000158435024452601 0.000878327201600124 -0.0005)
(0.000172428596124028 0.000955904332597648 -0.0005)
(0.000189211841529716 0.00104894677079512 -0.0005)
(0.000209340893137226 0.00116053758621218 -0.0005)
(0.000233482750616142 0.00129437447104335 -0.0005)
(0.000262437382652301 0.00145489226701396 -0.0005)
(0.000297164234845904 0.00164740991904811 -0.0005)
(0.000338814022063728 0.00187830672473022 -0.0005)
(0.000388766858722199 0.00215523371979215 -0.0005)
(0.000448677990492881 0.00248736720413155 -0.0005)
(0.000520532642803911 0.00288571280924223 -0.0005)
(0.000606711803606637 0.00336347018268683 -0.0005)
(0.000710071120196387 0.00393647037385816 -0.0005)
(4.5226239706945e-05 0.000497950386325756 -0.0005)
(4.52789054537422e-05 0.000498530247245738 -0.0005)
(4.53420703249935e-05 0.000499225705728372 -0.0005)
(4.54178273625905e-05 0.000500059806603942 -0.0005)
(4.55086868645857e-05 0.000501060188780595 -0.0005)
(4.56176595668541e-05 0.00050226000109188 -0.0005)
(4.57483564073489e-05 0.000503699000722131 -0.0005)
(4.59051081787533e-05 0.000505424870607265 -0.0005)
(4.60931090343625e-05 0.000507494799464645 -0.0005)
(4.63185886024282e-05 0.000509977376808116 -0.0005)
(4.65890184121773e-05 0.000512954865741778 -0.0005)
(4.69133594716724e-05 0.000516525928844159 -0.0005)
(4.73023592012956e-05 0.000520808897468162 -0.0005)
(4.77689075620936e-05 0.000525945692788851 -0.0005)
(4.8328464179714e-05 0.000532106528527588 -0.0005)
(4.89995706171846e-05 0.000539495551182789 -0.0005)
(4.98044647712913e-05 0.000548357604662934 -0.0005)
(5.07698177513e-05 0.000558986343475862 -0.0005)
(5.19276176573582e-05 0.000571733963314376 -0.0005)
(5.33162295436098e-05 0.000587022871472472 -0.0005)
(5.49816666891388e-05 0.000605359683805116 -0.0005)
(5.69791153017923e-05 0.00062735201203717 -0.0005)
(5.93747631777285e-05 0.000653728597688613 -0.0005)
(6.22479929114604e-05 0.000685363459777196 -0.0005)
(6.56940123309775e-05 0.000723304856460924 -0.0005)
(6.98270093204888e-05 0.000768810020298243 -0.0005)
(7.47839355695302e-05 0.000823386818119429 -0.0005)
(8.07290446273862e-05 0.000888843715957732 -0.0005)
(8.78593346365699e-05 0.000967349704686716 -0.0005)
(9.64110760967008e-05 0.00106150617206988 -0.0005)
(0.00010666764096387 0.001174433102787 -0.0005)
(0.00011896889251186 0.00130987246277587 -0.0005)
(0.000133722447099254 0.00147231219365058 -0.0005)
(0.000151417181014259 0.00166713492589633 -0.0005)
(0.000172639429962343 0.00190079633862653 -0.0005)
(0.000198092417985661 0.00218103907606132 -0.0005)
(0.000228619559614245 0.00251714930910022 -0.0005)
(0.000265232407392975 0.00292026444345673 -0.0005)
(0.000309144170858353 0.00340374217062387 -0.0005)
(0.00036180991765556 0.00398360309060605 -0.0005)
(0 0.0005 -0.0005)
(0 0.000500582247685619 -0.0005)
(0 0.000501280568745037 -0.0005)
(0 0.000502118102863371 -0.0005)
(0 0.000503122602713279 -0.0005)
(0 0.000504327353572234 -0.0005)
(0 0.00050577227626912 -0.0005)
(0 0.000507505250007597 -0.0005)
(0 0.000509583698899517 -0.0005)
(0 0.000512076494780036 -0.0005)
(0 0.00051506623935643 -0.0005)
(0 0.000518652001312286 -0.0005)
(0 0.000522952599064209 -0.0005)
(0 0.000528110537949036 -0.0005)
(0 0.000534296732304859 -0.0005)
(0 0.000541716168917533 -0.0005)
(0 0.000550614699497593 -0.0005)
(0 0.000561287187264252 -0.0005)
(0 0.000574087277583063 -0.0005)
(0 0.000589439116418764 -0.0005)
(0 0.000607851404907931 -0.0005)
(0 0.000629934255766156 -0.0005)
(0 0.000656419410086517 -0.0005)
(0 0.000688184484436604 -0.0005)
(0 0.00072628205171001 -0.0005)
(0 0.000771974519360341 -0.0005)
(0 0.000826775960748803 -0.0005)
(0 0.000892502285736009 -0.0005)
(0 0.000971331412979246 -0.0005)
(0 0.00106587543781465 -0.0005)
(0 0.0011792671870915 -0.0005)
(0 0.00131526402905425 -0.0005)
(0 0.00147837237813428 -0.0005)
(0 0.00167399702026308 -0.0005)
(0 0.00190862020677602 -0.0005)
(0 0.00219001645139251 -0.0005)
(0 0.00252751014782175 -0.0005)
(0 0.0029322845444549 -0.0005)
(0 0.00341775231438134 -0.0005)
(0 0.004 -0.0005)
(0.0005 0 0.0005)
(0.000500582247685619 0 0.0005)
(0.000501280568745037 0 0.0005)
(0.000502118102863371 0 0.0005)
(0.000503122602713279 0 0.0005)
(0.000504327353572234 0 0.0005)
(0.00050577227626912 0 0.0005)
(0.000507505250007597 0 0.0005)
(0.000509583698899517 0 0.0005)
(0.000512076494780036 0 0.0005)
(0.00051506623935643 0 0.0005)
(0.000518652001312286 0 0.0005)
(0.000522952599064209 0 0.0005)
(0.000528110537949036 0 0.0005)
(0.000534296732304859 0 0.0005)
(0.000541716168917533 0 0.0005)
(0.000550614699497593 0 0.0005)
(0.000561287187264252 0 0.0005)
(0.000574087277583063 0 0.0005)
(0.000589439116418764 0 0.0005)
(0.000607851404907931 0 0.0005)
(0.000629934255766156 0 0.0005)
(0.000656419410086517 0 0.0005)
(0.000688184484436604 0 0.0005)
(0.00072628205171001 0 0.0005)
(0.00077197451936034 0 0.0005)
(0.000826775960748803 0 0.0005)
(0.000892502285736009 0 0.0005)
(0.000971331412979246 0 0.0005)
(0.00106587543781465 0 0.0005)
(0.0011792671870915 0 0.0005)
(0.00131526402905425 0 0.0005)
(0.00147837237813428 0 0.0005)
(0.00167399702026308 0 0.0005)
(0.00190862020677602 0 0.0005)
(0.00219001645139251 0 0.0005)
(0.00252751014782175 0 0.0005)
(0.0029322845444549 0 0.0005)
(0.00341775231438134 0 0.0005)
(0.004 0 0.0005)
(0.00049948733375476 2.26363296176948e-05 0.0005)
(0.000500068984442909 2.26626895187564e-05 0.0005)
(0.000500766589491056 2.26943043701164e-05 0.0005)
(0.000501603264858447 2.27322217668537e-05 0.0005)
(0.000502606734762022 2.27776981462606e-05 0.0005)
(0.000503810250350778 2.28322404213616e-05 0.0005)
(0.000505253691521477 2.28976559142392e-05 0.0005)
(0.000506984888385675 2.29761122437652e-05 0.0005)
(0.000509061206176417 2.30702091521873e-05 0.0005)
(0.000511551446112327 2.31830646506294e-05 0.0005)
(0.000514538125206469 2.33184183380373e-05 0.0005)
(0.000518120210564088 2.3480755317164e-05 0.0005)
(0.000522416398773407 2.36754548136953e-05 0.0005)
(0.000527569049055912 2.3908968423185e-05 0.0005)
(0.00053374890050567 2.41890338922201e-05 0.0005)
(0.000541160729728924 2.45249315177043e-05 0.0005)
(0.000550050136356462 2.4927791660351e-05 0.0005)
(0.000560711681274659 2.54109635622048e-05 0.0005)
(0.000573498647244986 2.59904576893906e-05 0.0005)
(0.00058883474534154 2.66854762576359e-05 0.0005)
(0.000607228155113095 2.75190495201496e-05 0.0005)
(0.000629288363706852 2.85187989019999e-05 0.0005)
(0.000655746361937974 2.97178522683424e-05 0.0005)
(0.000687478866525267 3.11559416549807e-05 0.0005)
(0.000725537371125139 3.28807198358469e-05 0.0005)
(0.000771182988803818 3.49493393534044e-05 0.0005)
(0.000825928240493899 3.74303463349924e-05 0.0005)
(0.000891587174144616 4.04059518489327e-05 0.0005)
(0.000970335475322494 4.39747560644389e-05 0.0005)
(0.00106478256109745 4.82550154835545e-05 0.0005)
(0.00117805804612962 5.33885615086699e-05 0.0005)
(0.0013139154461117 5.95455001919388e-05 0.0005)
(0.00147685655490195 6.69298488982857e-05 0.0005)
(0.00167228061672924 7.5786296659428e-05 0.0005)
(0.00190666323646603 8.64083122311498e-05 0.0005)
(0.00218777095637021 9.91478685237903e-05 0.0005)
(0.00252491860954717 0.000114427105636323 0.0005)
(0.00292927797784014 0.000132752318962307 0.0005)
(0.00341424798188899 0.000154730735879951 0.0005)
(0.00399589867003808 0.000181090636941558 0.0005)
(0.000497887242162397 4.59161637326423e-05 0.0005)
(0.000498467029551293 4.59696328927739e-05 0.0005)
(0.000499162399844128 4.60337613409783e-05 0.0005)
(0.000499996394948916 4.61106740483965e-05 0.0005)
(0.000500996650268964 4.62029196075521e-05 0.0005)
(0.000502196310434279 4.63135546829457e-05 0.0005)
(0.00050363512758766 4.64462452972082e-05 0.0005)
(0.000505360778618441 4.66053883090488e-05 0.0005)
(0.000507430444991988 4.67962571083115e-05 0.0005)
(0.000509912707524438 4.70251763559153e-05 0.0005)
(0.00051288981888826 4.72997315588923e-05 0.0005)
(0.000516460429150764 4.7629020425035e-05 0.0005)
(0.000520742854659473 4.80239543260861e-05 0.0005)
(0.00052587899859269 4.84976198588034e-05 0.0005)
(0.000532039053087293 4.90657124846513e-05 0.0005)
(0.000539427138754259 4.97470566172743e-05 0.0005)
(0.000548288068453867 5.05642293914622e-05 0.0005)
(0.000558915459456174 5.15443087829192e-05 0.0005)
(0.000571661462792699 5.27197708686616e-05 0.0005)
(0.000586948432192757 5.4129565959816e-05 0.0005)
(0.000605282919268296 5.58204092657384e-05 0.0005)
(0.000627272458694066 5.78483288571179e-05 0.0005)
(0.000653645699579687 6.0280522221634e-05 0.0005)
(0.000685276550110183 6.31975829313102e-05 0.0005)
(0.000723213135515888 6.66961712047923e-05 0.0005)
(0.000768712528927923 7.08922168567544e-05 0.0005)
(0.000823282405966775 7.59247607679093e-05 0.0005)
(0.000888731003337474 8.19605621672241e-05 0.0005)
(0.000967227036867881 8.91996243940276e-05 0.0005)
(0.00106137156444435 9.78818222425985e-05 0.0005)
(0.00117428417510719 0.000108294850494051 0.0005)
(0.00130970636028245 0.00012078375701942 0.0005)
(0.00147212549247668 0.000135762376344458 0.0005)
(0.00166692351961371 0.000153727042540709 0.0005)
(0.00190055530217427 0.000175273035835515 0.0005)
(0.00218076250254819 0.000201114307918637 0.0005)
(0.00251683011407289 0.000232107139566597 0.0005)
(0.00291989413014814 0.000269278514507775 0.0005)
(0.00340331054840294 0.000313860149729501 0.0005)
(0.00398309793729917 0.000367329309861138 0.0005)
(0.00049510355574144 6.98030736585657e-05 0.0005)
(0.000495680101540384 6.98843590147393e-05 0.0005)
(0.000496371584019518 6.9981848927435e-05 0.0005)
(0.000497200916259601 7.00987738389423e-05 0.0005)
(0.000498195579154464 7.02390081929687e-05 0.0005)
(0.000499388532022566 7.04071988188643e-05 0.0005)
(0.000500819304752566 7.06089189097477e-05 0.0005)
(0.000502535307672419 7.08508526967783e-05 0.0005)
(0.000504593402546053 7.11410169389748e-05 0.0005)
(0.000507061786754417 7.1489026567902e-05 0.0005)
(0.00051002225309548 7.19064132896747e-05 0.0005)
(0.000513572900084253 7.24070077015281e-05 0.0005)
(0.000517831382561834 7.30073975848347e-05 0.0005)
(0.000522938810326184 7.37274775606426e-05 0.0005)
(0.000529064423970336 7.45911083212141e-05 0.0005)
(0.000536411202867402 7.56269072819732e-05 0.0005)
(0.000545222591129525 7.68691968530391e-05 0.0005)
(0.000555790564413285 7.83591417524315e-05 0.0005)
(0.000568465304874595 8.0146113047152e-05 0.0005)
(0.000583666804864045 8.22893241212378e-05 0.0005)
(0.000601898783864692 8.48597927805019e-05 0.0005)
(0.000623765379826322 8.79426945105975e-05 0.0005)
(0.000649991167983066 9.16401848663628e-05 0.0005)
(0.000681445170501304 9.60747845156207e-05 0.0005)
(0.000719169652545628 0.000101393439104816 0.0005)
(0.000764414658954187 0.000107772388474891 0.0005)
(0.000818679435936555 0.00011542300657456 0.0005)
(0.000883762110350521 0.000124598805583338 0.0005)
(0.000961819272738762 0.000135603836334138 0.0005)
(0.001055437438479 0.000148802763393264 0.0005)
(0.00116771875499641 0.000164632948647355 0.0005)
(0.00130238379504715 0.000183618943801072 0.0005)
(0.00146389484224842 0.000206389872011392 0.0005)
(0.00165760375406565 0.000233700274619286 0.0005)
(0.00188992930186954 0.000266455113759627 0.0005)
(0.00216856986443336 0.000305739759340044 0.0005)
(0.00250275852271824 0.000352855954042348 0.0005)
(0.00290356900881058 0.000409364948088919 0.0005)
(0.00338428264698747 0.000477139233094988 0.0005)
(0.00396082844593152 0.000558424589268526 0.0005)
(0.000491036351941153 9.42512656271731e-05 0.0005)
(0.000491608161500098 9.43610207897292e-05 0.0005)
(0.000492293963551098 9.44926560770577e-05 0.0005)
(0.000493116482947284 9.46505333783755e-05 0.0005)
(0.000494102974830933 9.48398841427279e-05 0.0005)
(0.000495286127764492 9.50669827291717e-05 0.0005)
(0.000496705146904323 9.53393543150015e-05 0.0005)
(0.000498407053109427 9.56660242513019e-05 0.0005)
(0.000500448241032596 9.60578171285116e-05 0.0005)
(0.000502896347823204 9.65277154618898e-05 0.0005)
(0.000505832494363261 9.7091289882344e-05 0.0005)
(0.000509353973302726 9.77672150874984e-05 0.0005)
(0.000513577472965267 9.85778886496425e-05 0.0005)
(0.000518642943952349 9.95501731854877e-05 0.0005)
(0.000524718236570114 0.000100716286480392 0.0005)
(0.000532004662745606 0.000102114869062362 0.0005)
(0.000540743666732945 0.000103792264601147 0.0005)
(0.000551224825651098 0.000105804055559944 0.0005)
(0.000563795444960431 0.000108216904985324 0.0005)
(0.000578872066835373 0.000111110765465262 0.0005)
(0.00059695427277659 0.000114581528451655 0.0005)
(0.000618641237828356 0.000118744201735743 0.0005)
(0.000644651584944494 0.000123736720365793 0.0005)
(0.000675847197400506 0.000129724517286267 0.0005)
(0.000713261778304038 0.000136906005151937 0.0005)
(0.000758135103556453 0.000145519150963281 0.0005)
(0.000811954103277468 0.000155849361381393 0.0005)
(0.000876502132973901 0.000168238940011527 0.0005)
(0.000953918067110349 0.000183098430033448 0.0005)
(0.00104676717321637 0.000200920218029896 0.0005)
(0.00115812611502663 0.00022229484979194 0.0005)
(0.00129168490133245 0.000247930598744517 0.0005)
(0.00145186915873924 0.000278676935414819 0.0005)
(0.00164398677998068 0.000315552675631823 0.0005)
(0.00187440380715293 0.000359779740180474 0.0005)
(0.00215075537796577 0.000412823644576149 0.0005)
(0.00248219872496127 0.000476442060635447 0.0005)
(0.00287971661112512 0.000552743058987747 0.0005)
(0.00335648125658449 0.000644254962461282 0.0005)
(0.00392829081552922 0.000754010125017384 0.0005)
(0.000485582417460003 0.00011920451272372 0.0005)
(0.000486147875937489 0.000119343325827017 0.0005)
(0.00048682606079388 0.000119509811870242 0.0005)
(0.000487639444477652 0.000119709487563173 0.0005)
(0.000488614979408565 0.000119948969393452 0.0005)
(0.000489784991077622 0.000120236192871642 0.0005)
(0.000491188249190015 0.000120580675483654 0.0005)
(0.000492871252344665 0.00012099383206377 0.0005)
(0.000494889768819676 0.000121489353038535 0.0005)
(0.000497310684519469 0.000122083658075049 0.0005)
(0.000500214219317456 0.000122796440165844 0.0005)
(0.000503696585235377 0.000123651318179226 0.0005)
(0.00050787317454118 0.000124676619498104 0.0005)
(0.000512882383406791 0.000125906318680953 0.0005)
(0.000518890197827147 0.000127381163248553 0.0005)
(0.000526095693760294 0.00012915002390075 0.0005)
(0.000534737633742109 0.000131271513904256 0.0005)
(0.000545102378562201 0.000133815931311805 0.0005)
(0.000557533376163631 0.000136867588370352 0.0005)
(0.000572442542192223 0.000140527605305997 0.0005)
(0.000590323909303304 0.000144917261060957 0.0005)
(0.000611769997511595 0.000150182012013167 0.0005)
(0.00063749144803496 0.00015649631184351 0.0005)
(0.000668340571222383 0.000164069392262579 0.0005)
(0.000705339588854314 0.00017315219614815 0.0005)
(0.000749714506657036 0.000184045692830954 0.0005)
(0.00080293573943644 0.000197110851065493 0.0005)
(0.000866766834992539 0.000212780600151934 0.0005)
(0.000943322911338605 0.000231574175554866 0.0005)
(0.00103514074361055 0.000254114324377754 0.0005)
(0.00114526282307829 0.000281147940816627 0.0005)
(0.0012773381736527 0.000313570815372897 0.0005)
(0.00143574326656107 0.000352457317919406 0.0005)
(0.00162572703984037 0.000399095998202838 0.0005)
(0.00185358482803862 0.000455032283446762 0.0005)
(0.0021268669654887 0.000522119687890348 0.0005)
(0.00245462897546795 0.000602581231150697 0.0005)
(0.00284773163555403 0.000699083100578082 0.0005)
(0.00331920086219362 0.000814822998492385 0.0005)
(0.00388465933968002 0.000953636101789757 0.0005)
(0.000478635851489055 0.000144595026433649 0.0005)
(0.000479193220722622 0.000144763406672635 0.0005)
(0.000479861703712396 0.000144965354176726 0.0005)
(0.000480663451424156 0.000145207560712685 0.0005)
(0.000481625030706119 0.000145498052077386 0.0005)
(0.000482778304612535 0.000145846454041979 0.0005)
(0.000484161488223255 0.00014626431131308 0.0005)
(0.000485820414945104 0.000146765470080128 0.0005)
(0.000487810055255425 0.000147366536825065 0.0005)
(0.000490196338213146 0.000148087428597539 0.0005)
(0.00049305833609526 0.000148952032989646 0.0005)
(0.000496490884549217 0.00014998899967923 0.0005)
(0.000500607725083023 0.000151232689770469 0.0005)
(0.000505545274023159 0.000152724314389259 0.0005)
(0.000511467142829112 0.000154513300262067 0.0005)
(0.000518569559550464 0.000156658927528331 0.0005)
(0.000527087871072841 0.00015923229405722 0.0005)
(0.000537304341612243 0.000162318671358686 0.0005)
(0.000549557505870005 0.000166020330154689 0.0005)
(0.000564253386776103 0.000170459929239196 0.0005)
(0.000581878949533851 0.000175784579920786 0.0005)
(0.000603018237781516 0.000182170720727936 0.0005)
(0.000628371726561406 0.00018982996390604 0.0005)
(0.00065877953337974 0.000199016107436675 0.0005)
(0.000695249256482876 0.000210033544930587 0.0005)
(0.000738989362803781 0.000223247352066023 0.0005)
(0.000791449231927369 0.000239095383798357 0.0005)
(0.000854367182978364 0.00025810278319618 0.0005)
(0.000929828075858775 0.000280899382671135 0.0005)
(0.00102033239551937 0.000308240574211573 0.0005)
(0.00112887910845328 0.00034103234017966 0.0005)
(0.00125906503695861 0.000380361274096654 0.0005)
(0.0014152040440524 0.000427530586190204 0.0005)
(0.00160246997836752 0.000484103286789578 0.0005)
(0.00182706811567891 0.00055195397850115 0.0005)
(0.00209644077797458 0.000633330973358451 0.0005)
(0.00241951394349978 0.000730930793271203 0.0005)
(0.00280699301948673 0.000847987522432873 0.0005)
(0.0032717175783452 0.000988379972483267 0.0005)
(0.00382908681191244 0.00115676021146919 0.0005)
(0.000470088831288695 0.000170342275133419 0.0005)
(0.000470636247556801 0.000170540637924337 0.0005)
(0.000471292793418173 0.000170778545120407 0.0005)
(0.000472080224287877 0.000171063880054845 0.0005)
(0.000473024632608823 0.000171406097634454 0.0005)
(0.000474157312455383 0.000171816537639021 0.0005)
(0.000475515796499147 0.00017230880047818 0.0005)
(0.000477145099697896 0.000172899197856897 0.0005)
(0.000479099210918888 0.000173607293282893 0.0005)
(0.000481442881923117 0.000174456550326355 0.0005)
(0.000484253772990655 0.000175475110112776 0.0005)
(0.00048762502628487 0.000176696723812071 0.0005)
(0.000491668352226958 0.000178161871023064 0.0005)
(0.000496517731151412 0.000179919101112345 0.0005)
(0.00050233385290112 0.000182026641954322 0.0005)
(0.000509309441473265 0.000184554329379944 0.0005)
(0.000517675641154399 0.000187585921268647 0.0005)
(0.000527709675756741 0.00019122187296366 0.0005)
(0.000539744034753461 0.000195582665977299 0.0005)
(0.000554177490706275 0.000200812800286809 0.0005)
(0.00057148831306072 0.000207085582510123 0.0005)
(0.000592250116163651 0.000214608868623367 0.0005)
(0.000617150866645571 0.000223631951511748 0.0005)
(0.000647015679999632 0.000234453821580899 0.0005)
(0.000682834161748627 0.0002474330741537 0.0005)
(0.000725793199181508 0.000262999791945735 0.0005)
(0.000777316290251985 0.000281669796359138 0.0005)
(0.000839110712848258 0.000304061739828096 0.0005)
(0.00091322409744282 0.000330917605590886 0.0005)
(0.00100211227772323 0.000363127294172352 0.0005)
(0.0011087206675139 0.000401758111278705 0.0005)
(0.00123658186050835 0.000448090134220496 0.0005)
(0.00138993268689326 0.000503658628771591 0.0005)
(0.00157385460567245 0.000570304921996352 0.0005)
(0.00179444208475465 0.000650237416775687 0.0005)
(0.00205900454827624 0.000746104769819631 0.0005)
(0.00237630858291968 0.00086108365800552 0.0005)
(0.00275686842901742 0.000998984041282016 0.0005)
(0.00321329438220351 0.00116437541014845 0.0005)
(0.00376071065030956 0.00136273820106735 0.0005)
(0.000459832563355212 0.000196351760058766 0.0005)
(0.000460368036246783 0.000196580410774488 0.0005)
(0.000461010257772377 0.000196854643912694 0.0005)
(0.000461780508693439 0.000197183546509182 0.0005)
(0.000462704312175186 0.000197578017136199 0.0005)
(0.000463812279526541 0.000198051127039375 0.0005)
(0.000465141124541659 0.00019861855326874 0.0005)
(0.000466734880054442 0.000199299098156111 0.0005)
(0.000468646357017991 0.000200115312352353 0.0005)
(0.000470938894457311 0.000201094242069567 0.0005)
(0.000473688458281993 0.000202268325288969 0.0005)
(0.000476986158505478 0.000203676466631337 0.0005)
(0.000480941268281931 0.000205365326507127 0.0005)
(0.00048568484480001 0.00020739086726375 0.0005)
(0.000491374072016114 0.000209820207563413 0.0005)
(0.000498197469128628 0.000212733846438499 0.0005)
(0.000506381137382076 0.000216228330721162 0.0005)
(0.000516196252196315 0.00022041945423554 0.0005)
(0.00052796804888127 0.000225446094761559 0.0005)
(0.000542086599689343 0.000231474815912616 0.0005)
(0.000559019739315761 0.000238705386415731 0.0005)
(0.000579328567148418 0.000247377399681987 0.0005)
(0.000603686039952398 0.000257778213014449 0.0005)
(0.000632899271079536 0.000270252469528523 0.0005)
(0.000667936275113392 0.000285213518304704 0.0005)
(0.000709958044164746 0.000303157111193845 0.0005)
(0.00076035701870318 0.000324677830134609 0.0005)
(0.000820803227700749 0.000350488789321474 0.0005)
(0.000893299626995373 0.000381445265077685 0.0005)
(0.000980248469575339 0.000418573036436628 0.0005)
(0.00108453090704195 0.000463102375529931 0.0005)
(0.00120960245993784 0.000516508814093572 0.0005)
(0.00135960752046205 0.000580562036937857 0.0005)
(0.00153951668175311 0.000657384522523569 0.0005)
(0.00175529144430675 0.000749521873768395 0.0005)
(0.0020140817572678 0.000860027169577143 0.0005)
(0.00232446294035837 0.000992562132182384 0.0005)
(0.00269671983712714 0.00115151846259367 0.0005)
(0.00314318761527036 0.00134216336474739 0.0005)
(0.00367866050684169 0.00157081408047012 0.0005)
(0.000447758445164327 0.000222513763133935 0.0005)
(0.000448279857801153 0.000222772879381141 0.0005)
(0.000448905216104734 0.000223083651474754 0.0005)
(0.000449655242053928 0.000223456377211601 0.0005)
(0.000450554788635854 0.000223903407294943 0.0005)
(0.000451633663378686 0.000224439554589472 0.0005)
(0.000452927616058967 0.000225082584962916 0.0005)
(0.000454479523312269 0.000225853805978838 0.0005)
(0.000456340809400669 0.000226778772947683 0.0005)
(0.000458573150215815 0.000227888135731881 0.0005)
(0.000461250516981744 0.000229218654364886 0.0005)
(0.000464461627377911 0.000230814417137886 0.0005)
(0.000468312885303267 0.000232728301516898 0.0005)
(0.000472931906693913 0.000235023726299453 0.0005)
(0.000478471748226408 0.000237776753070637 0.0005)
(0.000485115979029781 0.000241078606592677 0.0005)
(0.000493084763463331 0.00024503869764414 0.0005)
(0.000502642156520199 0.00024978824847406 0.0005)
(0.000514104853598427 0.000255484641004646 0.0005)
(0.000527852684573401 0.000262316631865361 0.0005)
(0.000544341199905053 0.000270510607064625 0.0005)
(0.000564116765835202 0.000280338083555003 0.0005)
(0.000587834668872047 0.000292124706265017 0.0005)
(0.000616280829475095 0.000306261038724751 0.0005)
(0.000650397844448862 0.000323215504845258 0.0005)
(0.000691316220990528 0.00034354991069276 0.0005)
(0.000740391837368252 0.000367938060589781 0.0005)
(0.000799250871533526 0.000397188084409515 0.0005)
(0.000869843686429711 0.000432269215904428 0.0005)
(0.000954509457549468 0.000474343909400336 0.0005)
(0.0010560536842508 0.000524806359080198 0.0005)
(0.0011778411532598 0.000585328697239125 0.0005)
(0.00132390743481458 0.000657916402343844 0.0005)
(0.00149909260600542 0.000744974752907461 0.0005)
(0.00170920163239049 0.000849388529206402 0.0005)
(0.00196119672231961 0.000974617603849145 0.0005)
(0.00226342802785145 0.00112481158870205 0.0005)
(0.00262591033680903 0.00130494733713227 0.0005)
(0.00306065492448833 0.00152099385786541 0.0005)
(0.00358206756131461 0.00178011010507148 0.0005)
(0.0004337594639936 0.000248702085628538 0.0005)
(0.000434264574881651 0.000248991698056069 0.0005)
(0.000434870381618508 0.000249339045863901 0.0005)
(0.000435596958318998 0.00024975563882793 0.0005)
(0.000436468380951954 0.000250255281243302 0.0005)
(0.000437513525125606 0.000250854529345871 0.0005)
(0.000438767022914633 0.000251573239922446 0.0005)
(0.000440270410434467 0.000252435228288644 0.0005)
(0.000442073504189062 0.00025346905743723 0.0005)
(0.00044423605179902 0.000254708984506292 0.0005)
(0.000446829711808889 0.000256196095929584 0.0005)
(0.00044994042817685 0.000257979668883561 0.0005)
(0.000453671278128303 0.000260118804144267 0.0005)
(0.000458145887740291 0.000262684384460669 0.0005)
(0.000463512528436176 0.000265761423337462 0.0005)
(0.000469949030132672 0.000269451882056984 0.0005)
(0.000477668673842147 0.000273878048285564 0.0005)
(0.000486927258988435 0.00027918658821839 0.0005)
(0.000498031579619949 0.000285553406535434 0.0005)
(0.000511349590389329 0.000293189475208778 0.0005)
(0.000527322599161242 0.000302347824305679 0.0005)
(0.00054647989026467 0.000313331926435807 0.0005)
(0.000569456262948246 0.000326505752671143 0.0005)
(0.000597013066195867 0.000342305833153167 0.0005)
(0.000630063426915812 0.000361255722029706 0.0005)
(0.000669702507468917 0.000383983346034009 0.0005)
(0.000717243795154389 0.000411241811571531 0.0005)
(0.000774262626147829 0.000443934359781565 0.0005)
(0.000842648386108048 0.000483144296488906 0.0005)
(0.000924667117180854 0.000530170888809469 0.0005)
(0.0010230366059561 0.00058657241788591 0.0005)
(0.00114101644050527 0.000654217814355973 0.0005)
(0.00128251602064494 0.000735348587555232 0.0005)
(0.00145222410047239 0.00083265310055077 0.0005)
(0.00165576415571704 0.000949355652195936 0.0005)
(0.00189988072418636 0.00108932331804425 0.0005)
(0.0021926628939151 0.00125719409042113 0.0005)
(0.00254381234455895 0.00145853056372452 0.0005)
(0.00296496482389787 0.0017000042574968 0.0005)
(0.0034700757119488 0.0019896166850283 0.0005)
(0.000417731860499917 0.00027477280200791 0.0005)
(0.000418218307317887 0.00027509277366399 0.0005)
(0.000418801729228641 0.000275476532932385 0.0005)
(0.000419501458599609 0.000275936796125329 0.0005)
(0.000420340681781957 0.00027648881460208 0.0005)
(0.000421347207417457 0.000277150880140553 0.0005)
(0.000422554387910354 0.00027794493105677 0.0005)
(0.000424002224598298 0.000278897279156625 0.0005)
(0.00042573869324345 0.000280039481608351 0.0005)
(0.000427821333765481 0.000281409386626199 0.0005)
(0.000430319156894114 0.000283052387615286 0.0005)
(0.000433314930920373 0.000285022927335174 0.0005)
(0.000436907924320718 0.000287386301924384 0.0005)
(0.000441217195134125 0.000290220824564323 0.0005)
(0.000446385536089469 0.000293620420478153 0.0005)
(0.000452584206209617 0.000297697739252922 0.0005)
(0.000460018605679464 0.000302587887615394 0.0005)
(0.000468935082021322 0.000308452906351474 0.0005)
(0.00047962909310821 0.000315487139717182 0.0005)
(0.000492454997506075 0.000323923675262901 0.0005)
(0.000507837796559356 0.000334042067461994 0.0005)
(0.000526287217307653 0.000346177601075268 0.0005)
(0.000548414602887397 0.000360732401203703 0.0005)
(0.000574953170101757 0.000378188758174029 0.0005)
(0.000606782305417038 0.000399125108792826 0.0005)
(0.000644956704461848 0.000424235203526701 0.0005)
(0.000690741320600407 0.000454351094735461 0.0005)
(0.000745653280641862 0.000490470707700295 0.0005)
(0.000811512156611666 0.000533790908045219 0.0005)
(0.000890500259398955 0.000585747161279479 0.0005)
(0.00098523495218047 0.000648061098626235 0.0005)
(0.0010988553798109 0.000722797565286901 0.0005)
(0.00123512648805944 0.000812433041502106 0.0005)
(0.00139856377949162 0.000919937703621156 0.0005)
(0.00159458293992857 0.00104887384436953 0.0005)
(0.00182967929353124 0.00120351391358508 0.0005)
(0.002111643032964 0.00138898209084082 0.0005)
(0.00244981735654059 0.00161142408112872 0.0005)
(0.00285540806602882 0.00187821075998316 0.0005)
(0.00334185488399933 0.00219818241606328 0.0005)
(0.000399577085405285 0.000300563059638102 0.0005)
(0.000400042391071692 0.000300913063929816 0.0005)
(0.000400600457258891 0.000301332842958272 0.0005)
(0.000401269776142754 0.000301836306592588 0.0005)
(0.000402072526387387 0.000302440137689177 0.0005)
(0.000403035308061108 0.000303164344897715 0.0005)
(0.000404190024060823 0.000304032925671148 0.0005)
(0.000405574937251833 0.000305074661449367 0.0005)
(0.000407235938352627 0.000306324071365881 0.0005)
(0.000409228066577523 0.000307822556079684 0.0005)
(0.000411617333425407 0.000309619769634519 0.0005)
(0.000414482910047963 0.000311775264803691 0.0005)
(0.00041791975067839 0.000314360466440872 0.0005)
(0.000422041739050986 0.000317461038226172 0.0005)
(0.000426985462071887 0.000321179721232377 0.0005)
(0.00043291473578597 0.000325639738370569 0.0005)
(0.000440026033613111 0.000330988877525422 0.0005)
(0.00044855499672476 0.000337404388679616 0.0005)
(0.000458784242289791 0.000345098857299348 0.0005)
(0.000471052728324953 0.000354327248602407 0.0005)
(0.000485766985465238 0.000365395356128893 0.0005)
(0.000503414587831976 0.000378669934567853 0.0005)
(0.000524580309371654 0.000394590852602883 0.0005)
(0.000549965501024634 0.000413685668475471 0.0005)
(0.000580411330808912 0.000436587111244397 0.0005)
(0.000616926656906302 0.000464054047003194 0.0005)
(0.000660721457358322 0.000496996624795783 0.0005)
(0.000713246924103899 0.000536506435469629 0.0005)
(0.000776243549921689 0.000583892682815286 0.0005)
(0.000851798801694121 0.000640725565565346 0.0005)
(0.00094241629106422 0.000708888307766078 0.0005)
(0.00105109873453582 0.000790639561608968 0.0005)
(0.00118144745199715 0.000888688250512991 0.0005)
(0.00133778170066771 0.00100628333247067 0.0005)
(0.00152528179873839 0.00114732145807142 0.0005)
(0.00175016078127409 0.00131647609057662 0.0005)
(0.00201987027639779 0.00151935236659131 0.0005)
(0.00234334742370451 0.00176267282882177 0.0005)
(0.00273131101683532 0.00205450018539132 0.0005)
(0.00319661668324228 0.00240450447710481 0.0005)
(0.000379204077630716 0.000325889962269841 0.0005)
(0.000379645659023871 0.000326269459622437 0.0005)
(0.000380175271410324 0.000326724611269849 0.0005)
(0.000380810464115978 0.000327270499194296 0.0005)
(0.000381572284994108 0.000327925212030669 0.0005)
(0.000382485977870597 0.000328710444454608 0.0005)
(0.000383581819027638 0.00032965221606095 0.0005)
(0.000384896120443753 0.000330781733553444 0.0005)
(0.000386472433033679 0.000332136424815379 0.0005)
(0.000388362989758867 0.000333761179126276 0.0005)
(0.000390630436427753 0.000335709834620672 0.0005)
(0.0003933499075379 0.000338046962277677 0.0005)
(0.000396611515945457 0.0003408500055559 0.0005)
(0.00040052333886005 0.000344211846573033 0.0005)
(0.000405214999109539 0.000348243883863459 0.0005)
(0.000410841960344036 0.000353079723698995 0.0005)
(0.000417590678505797 0.000358879607288981 0.0005)
(0.000425684780264958 0.000365835720560184 0.0005)
(0.000435392473150828 0.00037417856246228 0.0005)
(0.000447035432922083 0.000384184582820159 0.0005)
(0.000460999462669293 0.00039618534282223 0.0005)
(0.000477747276851592 0.000410578501688225 0.0005)
(0.000497833833881512 0.000427840993572572 0.0005)
(0.000521924725321104 0.000448544831335469 0.0005)
(0.000550818231036875 0.000473376060858075 0.0005)
(0.000585471771136906 0.000503157493975239 0.0005)
(0.000627033631205997 0.000538875973308077 0.0005)
(0.000676881012091657 0.000581715072448509 0.0005)
(0.000736665665065069 0.000633094315054635 0.0005)
(0.00080836862453148 0.000694716212427533 0.0005)
(0.0008943658519224 0.000768622678214619 0.0005)
(0.000997506965956753 0.000857262689606739 0.0005)
(0.00112120966809027 0.000963573437061908 0.0005)
(0.00126957299205085 0.00109107765154672 0.0005)
(0.00144751313011569 0.00124400033434739 0.0005)
(0.00166092633689278 0.00142740875742927 0.0005)
(0.00191688430861404 0.00164738037342054 0.0005)
(0.00222386851206165 0.00191120419911369 0.0005)
(0.00259205122789044 0.00222762234556279 0.0005)
(0.00303363262104572 0.00260711969815872 0.0005)
(0.000356531891278309 0.000350549583513534 0.0005)
(0.000356947071015401 0.000350957796880925 0.0005)
(0.000357445018471468 0.000351447389194 0.0005)
(0.000358042233717908 0.000352034583666721 0.0005)
(0.000358758506180461 0.00035273883767477 0.0005)
(0.000359617570384986 0.000353583487498459 0.0005)
(0.000360647892428729 0.000354596521597664 0.0005)
(0.000361883613237759 0.00035581150804219 0.0005)
(0.000363365679866482 0.000357268706829024 0.0005)
(0.000365143202326187 0.000359016403944424 0.0005)
(0.000367275080902708 0.000361112511376558 0.0005)
(0.000369831957886299 0.000363626486096965 0.0005)
(0.000372898558386539 0.000366641631598557 0.0005)
(0.00037657649779795 0.000370257858254286 0.0005)
(0.000380987648944943 0.000374594993964221 0.0005)
(0.000386278180480416 0.000379796754793177 0.0005)
(0.000392623400355029 0.000386035507170622 0.0005)
(0.000400233564851212 0.000393517979453933 0.0005)
(0.00040936084567101 0.000402492112114323 0.0005)
(0.000420307685940395 0.000413255273534367 0.0005)
(0.000433436822016003 0.000426164113657183 0.0005)
(0.000449183303178603 0.000441646381999468 0.0005)
(0.000468068907499876 0.000460215101632056 0.0005)
(0.00049071943156914 0.000482485568799455 0.0005)
(0.00051788542699532 0.000509195741480597 0.0005)
(0.000550467070812411 0.000541230692489656 0.0005)
(0.000589543993898423 0.000579651937398989 0.0005)
(0.000636411055807346 0.00062573260909927 0.0005)
(0.000692621251455045 0.000680999644546974 0.0005)
(0.000760037171422306 0.000747284381606463 0.0005)
(0.000840892721072367 0.000826783242572203 0.0005)
(0.000937867143618083 0.000922130515190602 0.0005)
(0.00105417379997965 0.00103648564286577 0.0005)
(0.0011936666472573 0.00117363791651224 0.0005)
(0.0013609679441077 0.0013381320371417 0.0005)
(0.00156162141469116 0.00153541870984686 0.0005)
(0.00180227594645601 0.00177203525929029 0.0005)
(0.00209090590880132 0.00205582225160368 0.0005)
(0.00243707539313439 0.00239618330071759 0.0005)
(0.00285225513022647 0.00280439666810827 0.0005)
(0.000331492696713002 0.000374316165862418 0.0005)
(0.000331878718423924 0.000374752055304944 0.0005)
(0.00033234169508624 0.000375274841027949 0.0005)
(0.000332896967973191 0.000375901846147856 0.0005)
(0.000333562936701379 0.000376653847212711 0.0005)
(0.000334361668923583 0.000377555762657397 0.0005)
(0.000335319631566248 0.000378637478505129 0.0005)
(0.00033646856784205 0.000379934838675784 0.0005)
(0.000337846549098375 0.000381490832716113 0.0005)
(0.000339499236355952 0.000383357020308659 0.0005)
(0.000341481393340176 0.000385595239762147 0.0005)
(0.000343858701141211 0.00038827965709617 0.0005)
(0.000346709934633736 0.000391499223619002 0.0005)
(0.000350129572774561 0.000395360623433244 0.0005)
(0.000354230929273366 0.000399991808538347 0.0005)
(0.000359149907375019 0.000405546238669778 0.0005)
(0.000365049503172553 0.000412207966366853 0.0005)
(0.000372125206673366 0.000420197735768911 0.0005)
(0.000380611479589271 0.000429780297230572 0.0005)
(0.000390789524499571 0.000441273180134407 0.0005)
(0.000402996602827434 0.000455057214598442 0.0005)
(0.000417637210391642 0.000471589150727566 0.0005)
(0.000435196480848676 0.000491416793562511 0.0005)
(0.000456256261163874 0.000515197155240629 0.0005)
(0.000481514391791207 0.000543718225861562 0.0005)
(0.000511807830432966 0.000577925084460891 0.0005)
(0.000548140385612208 0.000618951215309418 0.0005)
(0.000591715979042296 0.000668156067240294 0.0005)
(0.000643978538981082 0.000727170100576232 0.0005)
(0.000706659846482662 0.000797948814339413 0.0005)
(0.000781836919988235 0.000882837543998897 0.0005)
(0.000872000839761607 0.000984649176904689 0.0005)
(0.000980139292747492 0.00110675736060026 0.0005)
(0.00110983557307308 0.00125320829257998 0.0005)
(0.00126538731869022 0.00142885479577587 0.0005)
(0.00145194891863589 0.00163951712252173 0.0005)
(0.00167570230974182 0.00189217581542198 0.0005)
(0.00194406182234243 0.00219520301579597 0.0005)
(0.00226591986278275 0.00255863988437326 0.0005)
(0.00265194157370402 0.00299452932689934 0.0005)
(0.000304035177302151 0.000396941571220312 0.0005)
(0.000304389224858812 0.000397403807842649 0.0005)
(0.00030481385319304 0.000397958193159733 0.0005)
(0.000305323132861369 0.000398623097377497 0.0005)
(0.000305933939441303 0.000399420552874923 0.0005)
(0.000306666512723317 0.000400376984272688 0.0005)
(0.000307545127379988 0.000401524084043876 0.0005)
(0.000308598897335664 0.000402899862681146 0.0005)
(0.000309862740490401 0.000404549908218865 0.0005)
(0.000311378535765424 0.000406528896845955 0.0005)
(0.000313196510810168 0.000408902404665357 0.0005)
(0.000315376906354192 0.000411749080634916 0.0005)
(0.000317991972354214 0.000415163252692585 0.0005)
(0.000321128362080938 0.000419258053422989 0.0005)
(0.000324890003476535 0.000424169168837938 0.0005)
(0.000329401542928568 0.000430059334491147 0.0005)
(0.000334812475573842 0.000437123727911149 0.0005)
(0.000341302098994624 0.000445596436037003 0.0005)
(0.000349085454453751 0.000455758211962825 0.0005)
(0.000358420452538404 0.000467945778019953 0.0005)
(0.000369616419329088 0.000482562983465256 0.0005)
(0.000383044346281123 0.000500094186498631 0.0005)
(0.000399149183460455 0.000521120304038505 0.0005)
(0.000418464583484544 0.000546338061083411 0.0005)
(0.000441630584726045 0.000576583077509766 0.0005)
(0.000469414819732927 0.000612857557313877 0.0005)
(0.000502737951630836 0.000656363497813625 0.0005)
(0.000542704181372644 0.000708542519235542 0.0005)
(0.000590637836728587 0.000771123634487254 0.0005)
(0.00064812725543597 0.00084618054202257 0.0005)
(0.000717077416627944 0.000936200340265314 0.0005)
(0.000799773064545302 0.00104416594052471 0.0005)
(0.000898954416209314 0.00117365490925066 0.0005)
(0.00101790796171791 0.00132895801488269 0.0005)
(0.00116057536593923 0.00151522140748102 0.0005)
(0.0013316840801875 0.00173861714242815 0.0005)
(0.00153690399185194 0.0020065476987033 0.0005)
(0.0017830353027474 0.00232789126868193 0.0005)
(0.00207823386175553 0.00271329594742477 0.0005)
(0.0024322814184172 0.00317553256976249 0.0005)
(0.000274128337741437 0.000418155060291176 0.0005)
(0.000274447558921862 0.000418641999923344 0.0005)
(0.000274830418104318 0.000419226012892751 0.0005)
(0.000275289601775639 0.000419926451152247 0.0005)
(0.000275840325523873 0.000420766524542849 0.0005)
(0.000276500838224589 0.000421774069878973 0.0005)
(0.000277293026738713 0.000422982473353838 0.0005)
(0.00027824314115927 0.00042443177683003 0.0005)
(0.000279382664638915 0.000426170004673456 0.0005)
(0.000280749356621026 0.00042825475509688 0.0005)
(0.000282388504043022 0.000430755108744074 0.0005)
(0.000284354421972013 0.000433753917757756 0.0005)
(0.000286712253398071 0.000437350551182242 0.0005)
(0.00028954012782341 0.000441664187672969 0.0005)
(0.000292931750174825 0.000446837764620633 0.0005)
(0.000296999505826045 0.000453042714548832 0.0005)
(0.000301878184618552 0.000460484645731247 0.0005)
(0.000307729447280632 0.000469410155262295 0.0005)
(0.000314747182244704 0.000480115000340285 0.0005)
(0.000323163930367314 0.000492953898528131 0.0005)
(0.000333258590442416 0.000508352281734703 0.0005)
(0.000345365660839131 0.000526820393398747 0.0005)
(0.000359886323496463 0.000548970196002051 0.0005)
(0.000377301737556108 0.000575535649162079 0.0005)
(0.00039818898313341 0.000607397030242395 0.0005)
(0.000423240183541989 0.000645610103372749 0.0005)
(0.000453285439609297 0.00069144110342842 0.0005)
(0.00048932033603849 0.000746408694203906 0.0005)
(0.000532538931272083 0.000812334291114098 0.0005)
(0.000584373324015113 0.000891402415924537 0.0005)
(0.000646541107500825 0.000986233083435301 0.0005)
(0.000721102283951494 0.00109996861873599 0.0005)
(0.000810527525161608 0.0012363777818231 0.0005)
(0.000917780041097671 0.00139998064987071 0.0005)
(0.00104641376932646 0.00159619839527477 0.0005)
(0.00120069113889326 0.0018315329225414 0.0005)
(0.00138572431089398 0.00211378231649792 0.0005)
(0.00160764457591266 0.00245229924095485 0.0005)
(0.00187380552150661 0.00285830085016087 0.0005)
(0.00219302670193149 0.0033452404823294 0.0005)
(0.000241765731878607 0.000437663490468649 0.0005)
(0.000242047266954303 0.00043817314757746 0.0005)
(0.000242384927158336 0.000438784406842125 0.0005)
(0.000242789901256521 0.000439517523053358 0.0005)
(0.000243275608539291 0.000440396788874331 0.0005)
(0.000243858143485584 0.000441451339806481 0.0005)
(0.000244556809072225 0.000442716119628434 0.0005)
(0.000245394756400644 0.000444233038298979 0.0005)
(0.000246399751835699 0.000446052360692576 0.0005)
(0.000247605097076654 0.000448234372184763 0.0005)
(0.000249050732647938 0.000450851376278592 0.0005)
(0.000250784561375138 0.000453990090465771 0.0005)
(0.000252864035701156 0.000457754519712187 0.0005)
(0.000255358061440107 0.000462269402784102 0.0005)
(0.000258349281052065 0.000467684345613076 0.0005)
(0.000261936812097645 0.000474178778663504 0.0005)
(0.00026623953161431 0.000481967902570926 0.0005)
(0.000271400015246053 0.000491309819066806 0.0005)
(0.000277589261654132 0.000502514083481296 0.0005)
(0.000285012358757724 0.000515951962221186 0.0005)
(0.000293915279562011 0.000532068735116555 0.0005)
(0.00030459303276142 0.000551398450288773 0.0005)
(0.00031739943819778 0.000574581620459674 0.0005)
(0.000332758851094634 0.000602386447089784 0.0005)
(0.000351180223563933 0.00063573427563227 0.0005)
(0.000373273969329577 0.000675730125392209 0.0005)
(0.000399772190500145 0.000723699305633784 0.0005)
(0.000431552936628592 0.000781231331252939 0.0005)
(0.000469669299911217 0.000850232593212683 0.0005)
(0.000515384310629379 0.00093298952903752 0.0005)
(0.000570212789135204 0.00103224438659522 0.0005)
(0.000635971541195814 0.00115128609168749 0.0005)
(0.0007148395599775 0.00129405923045337 0.0005)
(0.00080943022953302 0.00146529475784491 0.0005)
(0.000922877922339006 0.00167066676335318 0.0005)
(0.0010589418603942 0.00191698048860042 0.0005)
(0.00122213068143746 0.0022123978269812 0.0005)
(0.00141785183793293 0.00256670777754681 0.0005)
(0.00165259077933241 0.00299165081493888 0.0005)
(0.00193412585502886 0.00350130792374919 0.0005)
(0.000206970107032442 0.000455152034813621 0.0005)
(0.000207211122764066 0.00045568205725137 0.0005)
(0.000207500185932887 0.000456317741753665 0.0005)
(0.000207846874985117 0.000457080152470036 0.0005)
(0.000208262677868016 0.000457994552771348 0.0005)
(0.000208761372696467 0.000459091242381141 0.0005)
(0.000209359484306923 0.000460406561392413 0.0005)
(0.000210076831827197 0.000461984094439107 0.0005)
(0.000210937185406442 0.000463876114923934 0.0005)
(0.000211969053866844 0.00046614531715872 0.0005)
(0.000213206629376795 0.000468866893813757 0.0005)
(0.000214690920448388 0.000472131027514887 0.0005)
(0.000216471110802426 0.000476045879150292 0.0005)
(0.000218606189128545 0.000480741171908039 0.0005)
(0.000221166903744441 0.00048637248980565 0.0005)
(0.000224238106924133 0.000493126433148509 0.0005)
(0.000227921566577305 0.00050122680174924 0.0005)
(0.000232339338448041 0.000510942010796276 0.0005)
(0.00023763781057466 0.000522593985105086 0.0005)
(0.000243992554028599 0.000536568826473487 0.0005)
(0.000251614140667229 0.000553329607616326 0.0005)
(0.000260755120678646 0.000573431716621539 0.0005)
(0.000271718391127558 0.00059754126038407 0.0005)
(0.000284867232803819 0.000626457136836965 0.0005)
(0.000300637347956324 0.000661137507368844 0.0005)
(0.000319551297796655 0.000702731546622252 0.0005)
(0.000342235818176059 0.000752617521739608 0.0005)
(0.000369442587210962 0.000812448462857104 0.0005)
(0.000402073133016575 0.000884206938191786 0.0005)
(0.000441208706895499 0.000970270748758395 0.0005)
(0.000488146111864348 0.00107349171958726 0.0005)
(0.000544440673738559 0.00119729019828241 0.0005)
(0.000611957778672514 0.00134576839224014 0.0005)
(0.000692934684911676 0.00152384630008936 0.0005)
(0.00079005465696143 0.001737424741601 0.0005)
(0.000906535878695033 0.00199358088825321 0.0005)
(0.0010462380916405 0.00230080277358629 0.0005)
(0.00121379049203081 0.00266927055412236 0.0005)
(0.00141474512463576 0.00311119384075925 0.0005)
(0.00165576085625954 0.00364121627850896 0.0005)
(0.000169798447428296 0.000470285537998927 0.0005)
(0.000169996176934369 0.000470833183331087 0.0005)
(0.000170233324597761 0.000471490003921335 0.0005)
(0.000170517748583683 0.000472277764288202 0.0005)
(0.000170858873613596 0.00047322256779287 0.0005)
(0.000171268003264373 0.000474355721604586 0.0005)
(0.000171758694525543 0.00047571477410033 0.0005)
(0.000172347207025998 0.000477344759074206 0.0005)
(0.000173053041815812 0.000479299687984886 0.0005)
(0.000173899587556348 0.000481644339688468 0.0005)
(0.000174914895530906 0.000484456406961646 0.0005)
(0.000176132609156809 0.000487829070942737 0.0005)
(0.000177593078799389 0.000491874088797697 0.0005)
(0.000179344698828537 0.00049672549692453 0.0005)
(0.000181445511222754 0.000502544052406119 0.0005)
(0.000183965128858003 0.0005095225598842 0.0005)
(0.000186987042211778 0.000517892260366686 0.0005)
(0.00019061138591773 0.000527930493668946 0.0005)
(0.000194958256843882 0.00053996988839298 0.0005)
(0.000200171693642825 0.000554409383965222 0.0005)
(0.00020642444964095 0.00057172744996106 0.0005)
(0.000213923717221984 0.00059249794075388 0.0005)
(0.000222917993388977 0.000617409110850952 0.0005)
(0.000233705314003155 0.000647286421011565 0.0005)
(0.000246643129550794 0.000683119890854813 0.0005)
(0.000262160149683181 0.000726096904317682 0.0005)
(0.000280770549012369 0.000777641555010661 0.0005)
(0.000303091004888359 0.000839461835225262 0.0005)
(0.000329861131724417 0.000913606232256405 0.0005)
(0.000361967988985765 0.00100253160742501 0.0005)
(0.00040047547494254 0.00110918460705161 0.0005)
(0.000446659580183394 0.00123709930302883 0.0005)
(0.000502050669056155 0.00139051429842726 0.0005)
(0.000568484190080528 0.00157451317856604 0.0005)
(0.000648161495681683 0.00179519296155857 0.0005)
(0.000743722786577747 0.00205986613013925 0.0005)
(0.000858334597918791 0.0023773029393322 0.0005)
(0.00099579472613286 0.00275802202910983 0.0005)
(0.00116065807335283 0.00321463897183181 0.0005)
(0.00135838757942637 0.00376228430399141 0.0005)
(0.000130347380922429 0.000482710638257189 0.0005)
(0.000130499169844166 0.000483272752561087 0.0005)
(0.000130681218486443 0.000483946926569687 0.0005)
(0.000130899559243959 0.000484755499827333 0.0005)
(0.000131161427093104 0.000485725265354691 0.0005)
(0.000131475499331361 0.000486888357466824 0.0005)
(0.00013185218310971 0.000488283316581317 0.0005)
(0.000132303960285746 0.000489956366300084 0.0005)
(0.000132845801024632 0.000491962945082491 0.0005)
(0.000133495659853032 0.000494369543263551 0.0005)
(0.000134275070603352 0.000497255906288945 0.0005)
(0.000135209859962466 0.000500717677173644 0.0005)
(0.000136331003269194 0.00050486956574508 0.0005)
(0.000137675650918384 0.000509849149687453 0.0005)
(0.000139288359382701 0.000515821433339218 0.0005)
(0.000141222567643466 0.000522984315304844 0.0005)
(0.000143542367953803 0.000531575146056547 0.0005)
(0.000146324629610425 0.000541878592819819 0.0005)
(0.00014966154610768 0.000554236072354905 0.0005)
(0.000153663690076834 0.000569057064200511 0.0005)
(0.000158463677239536 0.000586832679257273 0.0005)
(0.000164220560784876 0.000608151933321897 0.0005)
(0.000171125101782847 0.000633721264814541 0.0005)
(0.000179406090275527 0.000664387943442175 0.0005)
(0.000189337926502736 0.000701168145471359 0.0005)
(0.000201249713474943 0.000745280625917434 0.0005)
(0.000215536162186463 0.000798187103417511 0.0005)
(0.000232670670825941 0.000861640695987258 0.0005)
(0.000253221011379054 0.000937744012636938 0.0005)
(0.000277868143417375 0.00102901882578034 0.0005)
(0.000307428778490275 0.00113848963311339 0.0005)
(0.000342882442817408 0.001269783877883 0.0005)
(0.000385403935035733 0.00142725214846199 0.0005)
(0.000436402254526486 0.00161611234018365 0.0005)
(0.00049756729025776 0.00184262255640685 0.0005)
(0.000570925817232092 0.00211428847809084 0.0005)
(0.000658908656046855 0.00244011207331312 0.0005)
(0.000764431220978031 0.00283088988801104 0.0005)
(0.000890990125642357 0.00329957080216 0.0005)
(0.00104277904737943 0.00386168510605751 0.0005)
(8.87588900245484e-05 0.000492058796732271 0.0005)
(8.88622493411381e-05 0.000492631796923442 0.0005)
(8.89862137453675e-05 0.000493319026963902 0.0005)
(8.91348909427695e-05 0.000494143259024881 0.0005)
(8.9313207526185e-05 0.000495131804999809 0.0005)
(8.95270722241788e-05 0.000496317421515848 0.0005)
(8.97835716936726e-05 0.000497739395363049 0.0005)
(9.00912053446105e-05 0.000499444845308097 0.0005)
(9.04601669778497e-05 0.000501490283429753 0.0005)
(9.09026825686749e-05 0.000503943487712687 0.0005)
(9.14334153887902e-05 0.000506885747950281 0.0005)
(9.20699518909782e-05 0.000510414559377015 0.0005)
(9.28333844567837e-05 0.000514646853287096 0.0005)
(9.37490103172471e-05 0.000519722871689669 0.0005)
(9.48471698062451e-05 0.000525810814391826 0.0005)
(9.6164251722942e-05 0.000533112412495954 0.0005)
(9.77438991172132e-05 0.000541869612995773 0.0005)
(9.96384554531516e-05 0.000552372595972977 0.0005)
(0.000101910699070975 0.000564969390053654 0.0005)
(0.00010463592342076 0.0005800774047439 0.0005)
(0.000107904431998981 0.000598197261782034 0.0005)
(0.000111824530660488 0.000619929383825466 0.0005)
(0.000116526116459696 0.000645993890157757 0.0005)
(0.000122164981941418 0.000677254458683386 0.0005)
(0.000128927977509064 0.000714746944905344 0.0005)
(0.000137039202931316 0.000759713706208844 0.0005)
(0.000146767433150087 0.000813644768826446 0.0005)
(0.000158435024452601 0.000878327201600124 0.0005)
(0.000172428596124028 0.000955904332597648 0.0005)
(0.000189211841529716 0.00104894677079512 0.0005)
(0.000209340893137226 0.00116053758621218 0.0005)
(0.000233482750616142 0.00129437447104335 0.0005)
(0.000262437382652301 0.00145489226701396 0.0005)
(0.000297164234845904 0.00164740991904811 0.0005)
(0.000338814022063728 0.00187830672473022 0.0005)
(0.000388766858722199 0.00215523371979215 0.0005)
(0.000448677990492881 0.00248736720413155 0.0005)
(0.000520532642803911 0.00288571280924223 0.0005)
(0.000606711803606637 0.00336347018268683 0.0005)
(0.000710071120196387 0.00393647037385816 0.0005)
(4.5226239706945e-05 0.000497950386325756 0.0005)
(4.52789054537422e-05 0.000498530247245738 0.0005)
(4.53420703249935e-05 0.000499225705728372 0.0005)
(4.54178273625905e-05 0.000500059806603942 0.0005)
(4.55086868645857e-05 0.000501060188780595 0.0005)
(4.56176595668541e-05 0.00050226000109188 0.0005)
(4.57483564073489e-05 0.000503699000722131 0.0005)
(4.59051081787533e-05 0.000505424870607265 0.0005)
(4.60931090343625e-05 0.000507494799464645 0.0005)
(4.63185886024282e-05 0.000509977376808116 0.0005)
(4.65890184121773e-05 0.000512954865741778 0.0005)
(4.69133594716724e-05 0.000516525928844159 0.0005)
(4.73023592012956e-05 0.000520808897468162 0.0005)
(4.77689075620936e-05 0.000525945692788851 0.0005)
(4.8328464179714e-05 0.000532106528527588 0.0005)
(4.89995706171846e-05 0.000539495551182789 0.0005)
(4.98044647712913e-05 0.000548357604662934 0.0005)
(5.07698177513e-05 0.000558986343475862 0.0005)
(5.19276176573582e-05 0.000571733963314376 0.0005)
(5.33162295436098e-05 0.000587022871472472 0.0005)
(5.49816666891388e-05 0.000605359683805116 0.0005)
(5.69791153017923e-05 0.00062735201203717 0.0005)
(5.93747631777285e-05 0.000653728597688613 0.0005)
(6.22479929114604e-05 0.000685363459777196 0.0005)
(6.56940123309775e-05 0.000723304856460924 0.0005)
(6.98270093204888e-05 0.000768810020298243 0.0005)
(7.47839355695302e-05 0.000823386818119429 0.0005)
(8.07290446273862e-05 0.000888843715957732 0.0005)
(8.78593346365699e-05 0.000967349704686716 0.0005)
(9.64110760967008e-05 0.00106150617206988 0.0005)
(0.00010666764096387 0.001174433102787 0.0005)
(0.00011896889251186 0.00130987246277587 0.0005)
(0.000133722447099254 0.00147231219365058 0.0005)
(0.000151417181014259 0.00166713492589633 0.0005)
(0.000172639429962343 0.00190079633862653 0.0005)
(0.000198092417985661 0.00218103907606132 0.0005)
(0.000228619559614245 0.00251714930910022 0.0005)
(0.000265232407392975 0.00292026444345673 0.0005)
(0.000309144170858353 0.00340374217062387 0.0005)
(0.00036180991765556 0.00398360309060605 0.0005)
(0 0.0005 0.0005)
(0 0.000500582247685619 0.0005)
(0 0.000501280568745037 0.0005)
(0 0.000502118102863371 0.0005)
(0 0.000503122602713279 0.0005)
(0 0.000504327353572234 0.0005)
(0 0.00050577227626912 0.0005)
(0 0.000507505250007597 0.0005)
(0 0.000509583698899517 0.0005)
(0 0.000512076494780036 0.0005)
(0 0.00051506623935643 0.0005)
(0 0.000518652001312286 0.0005)
(0 0.000522952599064209 0.0005)
(0 0.000528110537949036 0.0005)
(0 0.000534296732304859 0.0005)
(0 0.000541716168917533 0.0005)
(0 0.000550614699497593 0.0005)
(0 0.000561287187264252 0.0005)
(0 0.000574087277583063 0.0005)
(0 0.000589439116418764 0.0005)
(0 0.000607851404907931 0.0005)
(0 0.000629934255766156 0.0005)
(0 0.000656419410086517 0.0005)
(0 0.000688184484436604 0.0005)
(0 0.00072628205171001 0.0005)
(0 0.00077197451936034 0.0005)
(0 0.000826775960748803 0.0005)
(0 0.000892502285736009 0.0005)
(0 0.000971331412979246 0.0005)
(0 0.00106587543781465 0.0005)
(0 0.0011792671870915 0.0005)
(0 0.00131526402905425 0.0005)
(0 0.00147837237813428 0.0005)
(0 0.00167399702026308 0.0005)
(0 0.00190862020677602 0.0005)
(0 0.00219001645139251 0.0005)
(0 0.00252751014782175 0.0005)
(0 0.0029322845444549 0.0005)
(0 0.00341775231438134 0.0005)
(0 0.004 0.0005)
(-4.90085701647803e-05 0.000497592363336098 -0.0005)
(-4.90656404178881e-05 0.000498171807339966 -0.0005)
(-4.91340878511642e-05 0.000498866765792613 -0.0005)
(-4.92161805503717e-05 0.000499700266955246 -0.0005)
(-4.93146387531212e-05 0.000500699929863819 -0.0005)
(-4.94327249871256e-05 0.000501898879518096 -0.0005)
(-4.95743521778716e-05 0.000503336844517259 -0.0005)
(-4.97442133079834e-05 0.000505061473513516 -0.0005)
(-4.99479369246906e-05 0.000507129914105923 -0.0005)
(-5.01922736483243e-05 0.000509610706492927 -0.0005)
(-5.04853198620183e-05 0.000512586054632005 -0.0005)
(-5.08367859948338e-05 0.000516154550163955 -0.0005)
(-5.1258318288185e-05 0.00052043443936223 -0.0005)
(-5.17638847076704e-05 0.000525567541361518 -0.0005)
(-5.23702377879511e-05 0.000531723947500659 -0.0005)
(-5.30974697475818e-05 0.000539107657498105 -0.0005)
(-5.39696782681744e-05 0.000547963339221206 -0.0005)
(-5.50157649992645e-05 0.000558584436042181 -0.0005)
(-5.62703932482745e-05 0.000571322890427486 -0.0005)
(-5.77751365897502e-05 0.000586600805963109 -0.0005)
(-5.95798564543812e-05 0.00060492443425061 -0.0005)
(-6.17443543458286e-05 0.000626900950146095 -0.0005)
(-6.43403534334976e-05 0.000653258571209275 -0.0005)
(-6.74538751836489e-05 0.000684870688044088 -0.0005)
(-7.11880897813012e-05 0.000722784805117948 -0.0005)
(-7.56667347949876e-05 0.000768257251047521 -0.0005)
(-8.10382153658227e-05 0.00082279480851694 -0.0005)
(-8.748052178544e-05 0.000888204643284501 -0.0005)
(-9.52071274124971e-05 0.000966654186733869 -0.0005)
(-0.00010447406236211 0.00106074295624818 -0.0005)
(-0.000115588397363194 0.00117358869325914 -0.0005)
(-0.000128918418906234 0.00130893067325613 -0.0005)
(-0.000144905832846934 0.00147125361105329 -0.0005)
(-0.000164080400846392 0.00166593626706058 -0.0005)
(-0.0001870774946434 0.00189942967880143 -0.0005)
(-0.000214659149840186 0.00217947092358667 -0.0005)
(-0.000247739316843433 0.00251533949562119 -0.0005)
(-0.000287414145680038 0.00291816479289846 -0.0005)
(-0.000334998308210396 0.00340129490282086 -0.0005)
(-0.000392068561318242 0.00398073890668879 -0.0005)
(-9.75451610080641e-05 0.000490392640201615 -0.0005)
(-9.76587518965446e-05 0.000490963700161219 -0.0005)
(-9.77949875768971e-05 0.000491648603177291 -0.0005)
(-9.79583823777424e-05 0.000492470044312389 -0.0005)
(-9.81543505769262e-05 0.000493455242979347 -0.0005)
(-9.83893858099488e-05 0.000494636844888362 -0.0005)
(-9.86712762441728e-05 0.000496054003800789 -0.0005)
(-9.90093626488579e-05 0.000497753678934813 -0.0005)
(-9.94148479124766e-05 0.000499792191014079 -0.0005)
(-9.99011682635275e-05 0.000502237088520741 -0.0005)
(-0.000100484438495682 0.000505169385993434 -0.0005)
(-0.000101183985950323 0.000508686248538767 -0.0005)
(-0.000102022990950608 0.000512904211510788 -0.0005)
(-0.000103029254908588 0.000517963042046246 -0.0005)
(-0.00010423612155752 0.000524030370412151 -0.0005)
(-0.000105683581835465 0.000531307244630747 -0.0005)
(-0.000107419599031799 0.000540034792440887 -0.0005)
(-0.00010950169810691 0.000550502211347709 -0.0005)
(-0.000111998871849042 0.000563056351520232 -0.0005)
(-0.000114993867031039 0.00057811320907741 -0.0005)
(-0.000118585926321444 0.000596171710606122 -0.0005)
(-0.000122894076806409 0.000617830245677209 -0.0005)
(-0.000128061074091416 0.000643806495183828 -0.0005)
(-0.00013425813267524 0.000674961212537307 -0.0005)
(-0.00014169059934264 0.000712326745738235 -0.0005)
(-0.000150604757570255 0.00075714124543498 -0.0005)
(-0.000161295988417678 0.000810889692493664 -0.0005)
(-0.000174118558324369 0.000875353104576116 -0.0005)
(-0.000189497358142502 0.000952667552243315 -0.0005)
(-0.000207941982392342 0.00104539494015196 -0.0005)
(-0.000230063615272734 0.00115660789876186 -0.0005)
(-0.000256595282964425 0.00128999159954026 -0.0005)
(-0.000288416143309966 0.00144996586742882 -0.0005)
(-0.000326580617737163 0.00164183163691289 -0.0005)
(-0.000372353330746424 0.00187194660468609 -0.0005)
(-0.000427251014722783 0.00214793589936669 -0.0005)
(-0.000493092768637577 0.00247894474905337 -0.0005)
(-0.000572060336020623 0.00287594151915526 -0.0005)
(-0.000666770399584022 0.00335208116200929 -0.0005)
(-0.000780361288064513 0.00392314112161292 -0.0005)
(-0.000145142338627231 0.000478470167866104 -0.0005)
(-0.000145311356208733 0.00047902734416186 -0.0005)
(-0.000145514068112086 0.000479695595750908 -0.0005)
(-0.000145757191433316 0.000480497065931293 -0.0005)
(-0.000146048782348049 0.000481458312354908 -0.0005)
(-0.000146398503062313 0.00048261118704635 -0.0005)
(-0.000146817941981036 0.000483993891857015 -0.0005)
(-0.000147320997703401 0.000485652244328129 -0.0005)
(-0.000147924339569182 0.000487641195908565 -0.0005)
(-0.000148647960016819 0.00049002665283538 -0.0005)
(-0.000149515837056251 0.000492887660014068 -0.0005)
(-0.000150556728808318 0.000496319020263961 -0.0005)
(-0.000151805126438736 0.000500434435720535 -0.0005)
(-0.000153302397063216 0.000505370275488668 -0.0005)
(-0.00015509815449523 0.000511290094392434 -0.0005)
(-0.00015725190325775 0.00051839005255551 -0.0005)
(-0.000159835010335222 0.000526905415396316 -0.0005)
(-0.000162933070002068 0.00053711834942284 -0.0005)
(-0.000166648740089092 0.000549367272149926 -0.0005)
(-0.000171105143670776 0.000564058065959469 -0.0005)
(-0.00017644994889237 0.00058167752748789 -0.0005)
(-0.000182860262126608 0.000602809498202084 -0.0005)
(-0.000190548496600529 0.00062815421066933 -0.0005)
(-0.000199769410956208 0.00065855149158246 -0.0005)
(-0.000210828550976349 0.000695008590399654 -0.0005)
(-0.000224092374201185 0.000738733555733395 -0.0005)
(-0.000240000392927714 0.000791175265454279 -0.0005)
(-0.000259079737963747 0.00085407143695398 -0.0005)
(-0.000281962625723801 0.0009295062084436 -0.0005)
(-0.000309407307459485 0.00101997919931107 -0.0005)
(-0.000342323194801633 0.00112848833793332 -0.0005)
(-0.000381800994178418 0.00125862920153967 -0.0005)
(-0.000429148848648621 0.00141471415986904 -0.0005)
(-0.000485935684751999 0.00160191527058527 -0.0005)
(-0.000554043200725323 0.00182643566145752 -0.0005)
(-0.000635728218774437 0.00209571507825461 -0.0005)
(-0.000733697467517815 0.00241867640942311 -0.0005)
(-0.00085119727260534 0.00280602135643304 -0.0005)
(-0.000992121127515878 0.00327058504717361 -0.0005)
(-0.00116113870901785 0.00382776134292884 -0.0005)
(-0.000191341716182545 0.000461939766255643 -0.0005)
(-0.000191564532725364 0.000462477692975239 -0.0005)
(-0.000191831768625275 0.000463122857509156 -0.0005)
(-0.000192152279056402 0.000463896638138865 -0.0005)
(-0.000192536684506775 0.000464824674990606 -0.0005)
(-0.000192997722700625 0.00046593771965097 -0.0005)
(-0.000193550670677771 0.000467272654156684 -0.0005)
(-0.00019421385101621 0.000468873713124043 -0.0005)
(-0.000195009238972166 0.000470793949514659 -0.0005)
(-0.000195963190655908 0.000473096992607398 -0.0005)
(-0.000197107316372298 0.000475859156428965 -0.0005)
(-0.000198479528065209 0.000479171968508438 -0.0005)
(-0.000200125295574136 0.000483145202749004 -0.0005)
(-0.000202099153330511 0.000487910516914639 -0.0005)
(-0.000204466507419875 0.000493625815264121 -0.0005)
(-0.000207305802889028 0.000500480480893336 -0.0005)
(-0.000210711123114411 0.000508701651165679 -0.0005)
(-0.000214795307364831 0.000518561744174272 -0.0005)
(-0.000219693689862617 0.000530387485634118 -0.0005)
(-0.000225568584241379 0.000544570735320834 -0.0005)
(-0.000232614661998109 0.000561581471802668 -0.0005)
(-0.000241065403160941 0.000581983365730081 -0.0005)
(-0.000251200832922976 0.000606452457722066 -0.0005)
(-0.000263356800604599 0.00063579955976281 -0.0005)
(-0.000277936108413546 0.000670997122405182 -0.0005)
(-0.000295421858767206 0.000713211458057257 -0.0005)
(-0.000316393462456297 0.000763841388108174 -0.0005)
(-0.000341545838099144 0.000824564594511039 -0.0005)
(-0.00037171243908293 0.000897393211736793 -0.0005)
(-0.000407892871016554 0.000984740501203463 -0.0005)
(-0.000451286014831699 0.00108950081751599 -0.0005)
(-0.000503329753104819 0.00121514551629155 -0.0005)
(-0.000565748615978166 0.0013658379815883 -0.0005)
(-0.000640610925483207 0.00154657158450594 -0.0005)
(-0.000730397331810416 0.00176333514437783 -0.0005)
(-0.000838083012554899 0.00202331137530454 -0.0005)
(-0.000967236258706023 0.00233511489378709 -0.0005)
(-0.00112213671414311 0.00270907767412107 -0.0005)
(-0.00130791718664118 0.00315759141045 -0.0005)
(-0.00153073372946036 0.00369551813004515 -0.0005)
(-0.000235698368412999 0.000440960632174178 -0.0005)
(-0.000235972838072024 0.000441474128789242 -0.0005)
(-0.00023630202434069 0.000442089992980885 -0.0005)
(-0.000236696835191054 0.000442828632129461 -0.0005)
(-0.000237170353142443 0.00044371452190713 -0.0005)
(-0.000237738268766042 0.000444777017307884 -0.0005)
(-0.00023841940061032 0.000446051325359608 -0.0005)
(-0.000239236318775644 0.000447579671750128 -0.0005)
(-0.000240216092800954 0.000449412700024774 -0.0005)
(-0.000241391188644604 0.000451611149719483 -0.0005)
(-0.000242800544481859 0.000454247869036375 -0.0005)
(-0.000244490860966885 0.000457410228754136 -0.0005)
(-0.000246518148713542 0.000461203017360965 -0.0005)
(-0.000248949584272598 0.000465751913343704 -0.0005)
(-0.000251865736105304 0.000471207649691496 -0.0005)
(-0.000255363234313606 0.000477751008609698 -0.0005)
(-0.000259557972591593 0.000485598811949707 -0.0005)
(-0.000264588948498611 0.000495011105854621 -0.0005)
(-0.000270622869305977 0.00050629977769236 -0.0005)
(-0.000277859676037405 0.000519838890808414 -0.0005)
(-0.000286539168748697 0.000536077079552326 -0.0005)
(-0.000296948952583079 0.000555552415301628 -0.0005)
(-0.000309433967904031 0.000578910236086303 -0.0005)
(-0.000324407920297696 0.00060692453061925 -0.0005)
(-0.000342366989191389 0.000640523585317609 -0.0005)
(-0.000363906269339282 0.000680820744158985 -0.0005)
(-0.000389739489983165 0.00072915130063641 -0.0005)
(-0.000420722665105699 0.000787116744270098 -0.0005)
(-0.000457882458455002 0.00085663782783593 -0.0005)
(-0.000502450203248808 0.000940018213755353 -0.0005)
(-0.000555902703840906 0.00104002080864426 -0.0005)
(-0.000620011171360789 0.00115995931545544 -0.0005)
(-0.000696899914866188 0.00130380803690187 -0.0005)
(-0.000789116732808458 0.00147633356862579 -0.0005)
(-0.000899717337314378 0.00168325274592073 -0.0005)
(-0.00103236660878168 0.00193142207775578 -0.0005)
(-0.00119146003597777 0.00222906494522026 -0.0005)
(-0.00138226936570135 0.00258604409287481 -0.0005)
(-0.00161111728827886 0.00301418844232871 -0.0005)
(-0.00188558694730399 0.00352768505739342 -0.0005)
(-0.000277785116509801 0.000415734806151273 -0.0005)
(-0.000278108595992175 0.000416218927408698 -0.0005)
(-0.000278496562385879 0.000416799560149235 -0.0005)
(-0.000278961871411163 0.000417495944317896 -0.0005)
(-0.000279519941626845 0.000418331155418658 -0.0005)
(-0.000280189265342285 0.000419332869148274 -0.0005)
(-0.00028099202138169 0.000420534278462861 -0.0005)
(-0.000281954810005392 0.000421975193465323 -0.0005)
(-0.000283109534340596 0.000423703360559679 -0.0005)
(-0.000284494457528806 0.000425776044584003 -0.0005)
(-0.000286155470619782 0.000428261926347821 -0.0005)
(-0.00028814761322515 0.000431243378451066 -0.0005)
(-0.000290536897320309 0.000434819194796526 -0.0005)
(-0.000293402494628453 0.000439107864241373 -0.0005)
(-0.000296839360068223 0.000444251496864038 -0.0005)
(-0.000300961378196 0.000450420532947881 -0.0005)
(-0.000305905136903896 0.000457819390719346 -0.0005)
(-0.000311834453419317 0.000466693239984993 -0.0005)
(-0.000318945802580411 0.000477336126119813 -0.0005)
(-0.000327474827259641 0.000490100713604665 -0.0005)
(-0.000337704146665992 0.000505409971976355 -0.0005)
(-0.000349972721263033 0.000523771191417978 -0.0005)
(-0.000364687084620356 0.000545792792412502 -0.0005)
(-0.000382334814378919 0.00057220448646713 -0.0005)
(-0.000403500688706485 0.000603881455957619 -0.0005)
(-0.00042888606360622 0.000641873354319986 -0.0005)
(-0.000459332113168218 0.000687439087544871 -0.0005)
(-0.000495847702856882 0.000742088529500055 -0.0005)
(-0.000539642819448139 0.000807632553367136 -0.0005)
(-0.000592168665356556 0.000886243037042553 -0.0005)
(-0.000655165745924795 0.000980524830852081 -0.0005)
(-0.000730721543103972 0.00109360207231322 -0.0005)
(-0.000821339686609804 0.0012292217080861 -0.0005)
(-0.000930022914621678 0.00139187765343376 -0.0005)
(-0.00106037257302448 0.00158695970336086 -0.0005)
(-0.0012167079502169 0.00182093212977553 -0.0005)
(-0.00140420940178474 0.0021015478827001 -0.0005)
(-0.00162909000764259 0.00243810549333866 -0.0005)
(-0.00189880144970412 0.00284175719178478 -0.0005)
(-0.00222228093207841 0.00332587844921018 -0.0005)
(-0.000317196642081823 0.000386505226681368 -0.0005)
(-0.000317566016103299 0.000386955310228798 -0.0005)
(-0.000318009026293584 0.000387495119707531 -0.0005)
(-0.000318540352313513 0.000388142542336051 -0.0005)
(-0.000319177600272238 0.000388919031220432 -0.0005)
(-0.000319941886126249 0.000389850316228102 -0.0005)
(-0.00032085853538129 0.000390967256577096 -0.0005)
(-0.000321957922282612 0.000392306863392342 -0.0005)
(-0.000323276476301123 0.000393913526112576 -0.0005)
(-0.000324857889266515 0.000395840483386317 -0.0005)
(-0.000326754563147144 0.000398151587196754 -0.0005)
(-0.000329029346450549 0.000400923418671901 -0.0005)
(-0.000331757616782258 0.000404247825689846 -0.0005)
(-0.000335029778570918 0.000408234966365623 -0.0005)
(-0.000338954258724784 0.000413016959269208 -0.0005)
(-0.000343661099484142 0.000418752261328867 -0.0005)
(-0.000349306267523057 0.000425630918486822 -0.0005)
(-0.000356076822087544 0.000433880863093834 -0.0005)
(-0.000364197113422486 0.000443775466714263 -0.0005)
(-0.000373936216879417 0.0004556425986126 -0.0005)
(-0.000385616849043028 0.000469875490085056 -0.0005)
(-0.000399626061322673 0.000486945764638514 -0.0005)
(-0.000416428065353548 0.000507419065787079 -0.0005)
(-0.000436579615192202 0.00053197380031154 -0.0005)
(-0.000460748456013424 0.000561423618061573 -0.0005)
(-0.000489735450627658 0.000596744373195218 -0.0005)
(-0.000524501117006986 0.000639106460247844 -0.0005)
(-0.000566197456171627 0.000689913596524071 -0.0005)
(-0.000616206125091218 0.000750849335912554 -0.0005)
(-0.0006761842195046 0.000823932855413309 -0.0005)
(-0.0007481191837254 0.000911585862929398 -0.0005)
(-0.000834394666934036 0.00101671284339093 -0.0005)
(-0.000937869508181423 0.00114279730226052 -0.0005)
(-0.00106197246736485 0.00129401719556143 -0.0005)
(-0.00121081584119774 0.00147538337133721 -0.0005)
(-0.00138933172897131 0.00169290560996278 -0.0005)
(-0.00160343546343358 0.00195379176524661 -0.0005)
(-0.00186022162225905 0.00226668660509763 -0.0005)
(-0.00216819911517828 0.00264195826602146 -0.0005)
(-0.00253757313665458 0.00309204181345095 -0.0005)
(-0.000353553390593274 0.000353553390593274 -0.0005)
(-0.000353965101880105 0.000353965101880105 -0.0005)
(-0.000354458889436665 0.000354458889436665 -0.0005)
(-0.000355051115491214 0.000355051115491214 -0.0005)
(-0.000355761404146785 0.000355761404146785 -0.0005)
(-0.000356613291648792 0.000356613291648792 -0.0005)
(-0.000357635006286051 0.000357635006286051 -0.0005)
(-0.000358860403768146 0.000358860403768146 -0.0005)
(-0.000360330089073973 0.000360330089073973 -0.0005)
(-0.000362092761945201 0.000362092761945201 -0.0005)
(-0.000364206830609185 0.000364206830609185 -0.0005)
(-0.000366742347203892 0.000366742347203892 -0.0005)
(-0.000369783329037432 0.000369783329037432 -0.0005)
(-0.000373430542599839 0.000373430542599839 -0.0005)
(-0.000377804842578579 0.000377804842578579 -0.0005)
(-0.000383051176519985 0.000383051176519985 -0.0005)
(-0.000389343387835741 0.000389343387835741 -0.0005)
(-0.000396889976307676 0.000396889976307676 -0.0005)
(-0.000405941006971908 0.000405941006971908 -0.0005)
(-0.000416796396316315 0.000416796396316315 -0.0005)
(-0.000429815850364168 0.000429815850364168 -0.0005)
(-0.00044543078395395 0.00044543078395395 -0.0005)
(-0.00046415861617465 0.000464158616174649 -0.0005)
(-0.00048661991565249 0.00048661991565249 -0.0005)
(-0.000513558963818226 0.000513558963818226 -0.0005)
(-0.000545868417542922 0.000545868417542922 -0.0005)
(-0.000584618888367501 0.000584618888367501 -0.0005)
(-0.000631094418468426 0.000631094418468426 -0.0005)
(-0.000686835028897135 0.000686835028897135 -0.0005)
(-0.00075368774997892 0.00075368774997892 -0.0005)
(-0.000833867824823184 0.000833867824823183 -0.0005)
(-0.000930032113995003 0.000930032113995003 -0.0005)
(-0.00104536713369763 0.00104536713369763 -0.0005)
(-0.0011836946447141 0.0011836946447141 -0.0005)
(-0.001349598290921 0.001349598290921 -0.0005)
(-0.00154857548368974 0.00154857548368974 -0.0005)
(-0.00178721956504257 0.00178721956504257 -0.0005)
(-0.00207343828575257 0.00207343828575257 -0.0005)
(-0.00241671583791506 0.00241671583791506 -0.0005)
(-0.00282842712474619 0.00282842712474619 -0.0005)
(-0.000386505226681368 0.000317196642081823 -0.0005)
(-0.000386955310228798 0.000317566016103299 -0.0005)
(-0.000387495119707531 0.000318009026293584 -0.0005)
(-0.000388142542336051 0.000318540352313513 -0.0005)
(-0.000388919031220432 0.000319177600272238 -0.0005)
(-0.000389850316228102 0.000319941886126249 -0.0005)
(-0.000390967256577096 0.000320858535381289 -0.0005)
(-0.000392306863392342 0.000321957922282612 -0.0005)
(-0.000393913526112576 0.000323276476301123 -0.0005)
(-0.000395840483386317 0.000324857889266515 -0.0005)
(-0.000398151587196754 0.000326754563147144 -0.0005)
(-0.000400923418671901 0.000329029346450548 -0.0005)
(-0.000404247825689846 0.000331757616782257 -0.0005)
(-0.000408234966365623 0.000335029778570918 -0.0005)
(-0.000413016959269208 0.000338954258724784 -0.0005)
(-0.000418752261328867 0.000343661099484142 -0.0005)
(-0.000425630918486822 0.000349306267523057 -0.0005)
(-0.000433880863093835 0.000356076822087544 -0.0005)
(-0.000443775466714263 0.000364197113422486 -0.0005)
(-0.0004556425986126 0.000373936216879417 -0.0005)
(-0.000469875490085056 0.000385616849043028 -0.0005)
(-0.000486945764638514 0.000399626061322673 -0.0005)
(-0.000507419065787079 0.000416428065353548 -0.0005)
(-0.00053197380031154 0.000436579615192202 -0.0005)
(-0.000561423618061573 0.000460748456013423 -0.0005)
(-0.000596744373195218 0.000489735450627658 -0.0005)
(-0.000639106460247844 0.000524501117006986 -0.0005)
(-0.000689913596524071 0.000566197456171627 -0.0005)
(-0.000750849335912554 0.000616206125091218 -0.0005)
(-0.000823932855413309 0.0006761842195046 -0.0005)
(-0.000911585862929399 0.0007481191837254 -0.0005)
(-0.00101671284339093 0.000834394666934036 -0.0005)
(-0.00114279730226053 0.000937869508181423 -0.0005)
(-0.00129401719556143 0.00106197246736485 -0.0005)
(-0.00147538337133721 0.00121081584119774 -0.0005)
(-0.00169290560996278 0.00138933172897131 -0.0005)
(-0.00195379176524661 0.00160343546343358 -0.0005)
(-0.00226668660509763 0.00186022162225904 -0.0005)
(-0.00264195826602146 0.00216819911517828 -0.0005)
(-0.00309204181345095 0.00253757313665458 -0.0005)
(-0.000415734806151273 0.000277785116509801 -0.0005)
(-0.000416218927408698 0.000278108595992175 -0.0005)
(-0.000416799560149235 0.000278496562385879 -0.0005)
(-0.000417495944317896 0.000278961871411163 -0.0005)
(-0.000418331155418658 0.000279519941626845 -0.0005)
(-0.000419332869148274 0.000280189265342285 -0.0005)
(-0.000420534278462861 0.000280992021381689 -0.0005)
(-0.000421975193465323 0.000281954810005392 -0.0005)
(-0.000423703360559679 0.000283109534340596 -0.0005)
(-0.000425776044584003 0.000284494457528806 -0.0005)
(-0.000428261926347821 0.000286155470619782 -0.0005)
(-0.000431243378451066 0.00028814761322515 -0.0005)
(-0.000434819194796526 0.000290536897320309 -0.0005)
(-0.000439107864241373 0.000293402494628453 -0.0005)
(-0.000444251496864038 0.000296839360068223 -0.0005)
(-0.000450420532947882 0.000300961378196 -0.0005)
(-0.000457819390719346 0.000305905136903896 -0.0005)
(-0.000466693239984993 0.000311834453419317 -0.0005)
(-0.000477336126119813 0.000318945802580411 -0.0005)
(-0.000490100713604665 0.000327474827259641 -0.0005)
(-0.000505409971976355 0.000337704146665992 -0.0005)
(-0.000523771191417978 0.000349972721263033 -0.0005)
(-0.000545792792412502 0.000364687084620356 -0.0005)
(-0.00057220448646713 0.000382334814378919 -0.0005)
(-0.000603881455957619 0.000403500688706485 -0.0005)
(-0.000641873354319986 0.00042888606360622 -0.0005)
(-0.000687439087544871 0.000459332113168218 -0.0005)
(-0.000742088529500055 0.000495847702856882 -0.0005)
(-0.000807632553367137 0.000539642819448139 -0.0005)
(-0.000886243037042554 0.000592168665356556 -0.0005)
(-0.000980524830852081 0.000655165745924794 -0.0005)
(-0.00109360207231322 0.000730721543103972 -0.0005)
(-0.0012292217080861 0.000821339686609804 -0.0005)
(-0.00139187765343376 0.000930022914621678 -0.0005)
(-0.00158695970336086 0.00106037257302448 -0.0005)
(-0.00182093212977553 0.0012167079502169 -0.0005)
(-0.0021015478827001 0.00140420940178474 -0.0005)
(-0.00243810549333866 0.00162909000764259 -0.0005)
(-0.00284175719178478 0.00189880144970412 -0.0005)
(-0.00332587844921018 0.00222228093207841 -0.0005)
(-0.000440960632174177 0.000235698368412999 -0.0005)
(-0.000441474128789242 0.000235972838072024 -0.0005)
(-0.000442089992980885 0.00023630202434069 -0.0005)
(-0.000442828632129461 0.000236696835191053 -0.0005)
(-0.00044371452190713 0.000237170353142443 -0.0005)
(-0.000444777017307884 0.000237738268766042 -0.0005)
(-0.000446051325359608 0.00023841940061032 -0.0005)
(-0.000447579671750128 0.000239236318775643 -0.0005)
(-0.000449412700024774 0.000240216092800954 -0.0005)
(-0.000451611149719483 0.000241391188644604 -0.0005)
(-0.000454247869036375 0.000242800544481859 -0.0005)
(-0.000457410228754136 0.000244490860966885 -0.0005)
(-0.000461203017360965 0.000246518148713542 -0.0005)
(-0.000465751913343704 0.000248949584272598 -0.0005)
(-0.000471207649691496 0.000251865736105304 -0.0005)
(-0.000477751008609698 0.000255363234313606 -0.0005)
(-0.000485598811949707 0.000259557972591593 -0.0005)
(-0.000495011105854621 0.000264588948498611 -0.0005)
(-0.00050629977769236 0.000270622869305977 -0.0005)
(-0.000519838890808414 0.000277859676037405 -0.0005)
(-0.000536077079552326 0.000286539168748697 -0.0005)
(-0.000555552415301628 0.000296948952583079 -0.0005)
(-0.000578910236086302 0.00030943396790403 -0.0005)
(-0.00060692453061925 0.000324407920297696 -0.0005)
(-0.000640523585317609 0.000342366989191389 -0.0005)
(-0.000680820744158985 0.000363906269339282 -0.0005)
(-0.00072915130063641 0.000389739489983165 -0.0005)
(-0.000787116744270098 0.000420722665105699 -0.0005)
(-0.00085663782783593 0.000457882458455002 -0.0005)
(-0.000940018213755353 0.000502450203248808 -0.0005)
(-0.00104002080864426 0.000555902703840906 -0.0005)
(-0.00115995931545544 0.000620011171360789 -0.0005)
(-0.00130380803690187 0.000696899914866188 -0.0005)
(-0.00147633356862579 0.000789116732808458 -0.0005)
(-0.00168325274592073 0.000899717337314378 -0.0005)
(-0.00193142207775578 0.00103236660878168 -0.0005)
(-0.00222906494522026 0.00119146003597777 -0.0005)
(-0.00258604409287481 0.00138226936570135 -0.0005)
(-0.0030141884423287 0.00161111728827886 -0.0005)
(-0.00352768505739342 0.00188558694730399 -0.0005)
(-0.000461939766255643 0.000191341716182545 -0.0005)
(-0.000462477692975239 0.000191564532725364 -0.0005)
(-0.000463122857509156 0.000191831768625275 -0.0005)
(-0.000463896638138865 0.000192152279056402 -0.0005)
(-0.000464824674990606 0.000192536684506775 -0.0005)
(-0.00046593771965097 0.000192997722700625 -0.0005)
(-0.000467272654156684 0.000193550670677771 -0.0005)
(-0.000468873713124043 0.00019421385101621 -0.0005)
(-0.000470793949514659 0.000195009238972166 -0.0005)
(-0.000473096992607398 0.000195963190655908 -0.0005)
(-0.000475859156428965 0.000197107316372298 -0.0005)
(-0.000479171968508438 0.000198479528065209 -0.0005)
(-0.000483145202749003 0.000200125295574136 -0.0005)
(-0.000487910516914639 0.000202099153330511 -0.0005)
(-0.000493625815264121 0.000204466507419875 -0.0005)
(-0.000500480480893336 0.000207305802889028 -0.0005)
(-0.000508701651165679 0.000210711123114411 -0.0005)
(-0.000518561744174272 0.000214795307364831 -0.0005)
(-0.000530387485634118 0.000219693689862617 -0.0005)
(-0.000544570735320834 0.000225568584241378 -0.0005)
(-0.000561581471802668 0.000232614661998109 -0.0005)
(-0.000581983365730081 0.000241065403160941 -0.0005)
(-0.000606452457722066 0.000251200832922976 -0.0005)
(-0.00063579955976281 0.000263356800604599 -0.0005)
(-0.000670997122405182 0.000277936108413546 -0.0005)
(-0.000713211458057257 0.000295421858767205 -0.0005)
(-0.000763841388108174 0.000316393462456296 -0.0005)
(-0.000824564594511039 0.000341545838099144 -0.0005)
(-0.000897393211736793 0.00037171243908293 -0.0005)
(-0.000984740501203463 0.000407892871016553 -0.0005)
(-0.00108950081751599 0.000451286014831699 -0.0005)
(-0.00121514551629155 0.000503329753104819 -0.0005)
(-0.00136583798158829 0.000565748615978165 -0.0005)
(-0.00154657158450594 0.000640610925483207 -0.0005)
(-0.00176333514437783 0.000730397331810416 -0.0005)
(-0.00202331137530454 0.000838083012554899 -0.0005)
(-0.00233511489378709 0.000967236258706022 -0.0005)
(-0.00270907767412107 0.00112213671414311 -0.0005)
(-0.00315759141045 0.00130791718664118 -0.0005)
(-0.00369551813004515 0.00153073372946036 -0.0005)
(-0.000478470167866104 0.000145142338627231 -0.0005)
(-0.00047902734416186 0.000145311356208733 -0.0005)
(-0.000479695595750908 0.000145514068112086 -0.0005)
(-0.000480497065931293 0.000145757191433316 -0.0005)
(-0.000481458312354908 0.000146048782348049 -0.0005)
(-0.00048261118704635 0.000146398503062313 -0.0005)
(-0.000483993891857015 0.000146817941981036 -0.0005)
(-0.000485652244328129 0.000147320997703401 -0.0005)
(-0.000487641195908565 0.000147924339569181 -0.0005)
(-0.00049002665283538 0.000148647960016819 -0.0005)
(-0.000492887660014068 0.000149515837056251 -0.0005)
(-0.000496319020263961 0.000150556728808318 -0.0005)
(-0.000500434435720535 0.000151805126438736 -0.0005)
(-0.000505370275488668 0.000153302397063216 -0.0005)
(-0.000511290094392434 0.00015509815449523 -0.0005)
(-0.00051839005255551 0.00015725190325775 -0.0005)
(-0.000526905415396316 0.000159835010335222 -0.0005)
(-0.00053711834942284 0.000162933070002068 -0.0005)
(-0.000549367272149926 0.000166648740089092 -0.0005)
(-0.000564058065959469 0.000171105143670776 -0.0005)
(-0.00058167752748789 0.00017644994889237 -0.0005)
(-0.000602809498202084 0.000182860262126608 -0.0005)
(-0.00062815421066933 0.000190548496600529 -0.0005)
(-0.00065855149158246 0.000199769410956208 -0.0005)
(-0.000695008590399654 0.000210828550976349 -0.0005)
(-0.000738733555733395 0.000224092374201185 -0.0005)
(-0.000791175265454279 0.000240000392927714 -0.0005)
(-0.00085407143695398 0.000259079737963747 -0.0005)
(-0.0009295062084436 0.000281962625723801 -0.0005)
(-0.00101997919931107 0.000309407307459485 -0.0005)
(-0.00112848833793332 0.000342323194801633 -0.0005)
(-0.00125862920153967 0.000381800994178417 -0.0005)
(-0.00141471415986904 0.00042914884864862 -0.0005)
(-0.00160191527058527 0.000485935684751999 -0.0005)
(-0.00182643566145753 0.000554043200725323 -0.0005)
(-0.00209571507825461 0.000635728218774437 -0.0005)
(-0.00241867640942311 0.000733697467517815 -0.0005)
(-0.00280602135643304 0.000851197272605339 -0.0005)
(-0.00327058504717361 0.000992121127515877 -0.0005)
(-0.00382776134292884 0.00116113870901785 -0.0005)
(-0.000490392640201615 9.75451610080641e-05 -0.0005)
(-0.000490963700161219 9.76587518965445e-05 -0.0005)
(-0.000491648603177292 9.7794987576897e-05 -0.0005)
(-0.000492470044312389 9.79583823777423e-05 -0.0005)
(-0.000493455242979347 9.81543505769261e-05 -0.0005)
(-0.000494636844888362 9.83893858099488e-05 -0.0005)
(-0.000496054003800789 9.86712762441727e-05 -0.0005)
(-0.000497753678934813 9.90093626488578e-05 -0.0005)
(-0.000499792191014079 9.94148479124765e-05 -0.0005)
(-0.000502237088520741 9.99011682635274e-05 -0.0005)
(-0.000505169385993434 0.000100484438495682 -0.0005)
(-0.000508686248538767 0.000101183985950323 -0.0005)
(-0.000512904211510788 0.000102022990950608 -0.0005)
(-0.000517963042046246 0.000103029254908588 -0.0005)
(-0.000524030370412151 0.00010423612155752 -0.0005)
(-0.000531307244630747 0.000105683581835465 -0.0005)
(-0.000540034792440887 0.000107419599031799 -0.0005)
(-0.00055050221134771 0.00010950169810691 -0.0005)
(-0.000563056351520232 0.000111998871849042 -0.0005)
(-0.00057811320907741 0.000114993867031039 -0.0005)
(-0.000596171710606122 0.000118585926321444 -0.0005)
(-0.000617830245677209 0.000122894076806409 -0.0005)
(-0.000643806495183828 0.000128061074091416 -0.0005)
(-0.000674961212537307 0.00013425813267524 -0.0005)
(-0.000712326745738235 0.00014169059934264 -0.0005)
(-0.000757141245434981 0.000150604757570255 -0.0005)
(-0.000810889692493665 0.000161295988417678 -0.0005)
(-0.000875353104576116 0.000174118558324368 -0.0005)
(-0.000952667552243315 0.000189497358142502 -0.0005)
(-0.00104539494015196 0.000207941982392342 -0.0005)
(-0.00115660789876186 0.000230063615272734 -0.0005)
(-0.00128999159954026 0.000256595282964424 -0.0005)
(-0.00144996586742882 0.000288416143309965 -0.0005)
(-0.00164183163691289 0.000326580617737163 -0.0005)
(-0.00187194660468609 0.000372353330746423 -0.0005)
(-0.00214793589936669 0.000427251014722783 -0.0005)
(-0.00247894474905337 0.000493092768637577 -0.0005)
(-0.00287594151915526 0.000572060336020623 -0.0005)
(-0.00335208116200929 0.000666770399584022 -0.0005)
(-0.00392314112161292 0.000780361288064512 -0.0005)
(-0.000497592363336098 4.90085701647803e-05 -0.0005)
(-0.000498171807339966 4.90656404178881e-05 -0.0005)
(-0.000498866765792613 4.91340878511642e-05 -0.0005)
(-0.000499700266955246 4.92161805503717e-05 -0.0005)
(-0.000500699929863819 4.93146387531212e-05 -0.0005)
(-0.000501898879518096 4.94327249871255e-05 -0.0005)
(-0.000503336844517259 4.95743521778716e-05 -0.0005)
(-0.000505061473513516 4.97442133079834e-05 -0.0005)
(-0.000507129914105923 4.99479369246905e-05 -0.0005)
(-0.000509610706492927 5.01922736483243e-05 -0.0005)
(-0.000512586054632005 5.04853198620182e-05 -0.0005)
(-0.000516154550163955 5.08367859948338e-05 -0.0005)
(-0.00052043443936223 5.12583182881849e-05 -0.0005)
(-0.000525567541361518 5.17638847076703e-05 -0.0005)
(-0.000531723947500659 5.2370237787951e-05 -0.0005)
(-0.000539107657498105 5.30974697475818e-05 -0.0005)
(-0.000547963339221206 5.39696782681744e-05 -0.0005)
(-0.000558584436042181 5.50157649992645e-05 -0.0005)
(-0.000571322890427486 5.62703932482745e-05 -0.0005)
(-0.000586600805963109 5.77751365897502e-05 -0.0005)
(-0.00060492443425061 5.95798564543812e-05 -0.0005)
(-0.000626900950146095 6.17443543458285e-05 -0.0005)
(-0.000653258571209275 6.43403534334975e-05 -0.0005)
(-0.000684870688044088 6.74538751836488e-05 -0.0005)
(-0.000722784805117948 7.11880897813011e-05 -0.0005)
(-0.000768257251047521 7.56667347949875e-05 -0.0005)
(-0.00082279480851694 8.10382153658226e-05 -0.0005)
(-0.000888204643284501 8.74805217854399e-05 -0.0005)
(-0.000966654186733869 9.5207127412497e-05 -0.0005)
(-0.00106074295624818 0.00010447406236211 -0.0005)
(-0.00117358869325914 0.000115588397363194 -0.0005)
(-0.00130893067325613 0.000128918418906234 -0.0005)
(-0.00147125361105329 0.000144905832846934 -0.0005)
(-0.00166593626706058 0.000164080400846392 -0.0005)
(-0.00189942967880143 0.0001870774946434 -0.0005)
(-0.00217947092358667 0.000214659149840186 -0.0005)
(-0.00251533949562119 0.000247739316843433 -0.0005)
(-0.00291816479289846 0.000287414145680038 -0.0005)
(-0.00340129490282086 0.000334998308210396 -0.0005)
(-0.00398073890668879 0.000392068561318242 -0.0005)
(-0.0005 0 -0.0005)
(-0.000500582247685619 -7.78946497227759e-20 -0.0005)
(-0.000501280568745037 -7.80033141322089e-20 -0.0005)
(-0.000502118102863371 -7.81336412204748e-20 -0.0005)
(-0.000503122602713279 -7.82899495280846e-20 -0.0005)
(-0.000504327353572234 -7.84774185136416e-20 -0.0005)
(-0.00050577227626912 -7.87022601812612e-20 -0.0005)
(-0.000507505250007597 -7.89719249225932e-20 -0.0005)
(-0.000509583698899517 -7.92953483942631e-20 -0.0005)
(-0.000512076494780036 -7.96832476113071e-20 -0.0005)
(-0.00051506623935643 -8.01484760680002e-20 -0.0005)
(-0.000518652001312286 -8.0706449653424e-20 -0.0005)
(-0.000522952599064209 -8.13756574749826e-20 -0.0005)
(-0.000528110537949036 -8.21782745166029e-20 -0.0005)
(-0.000534296732304859 -8.31408964327651e-20 -0.0005)
(-0.000541716168917533 -8.42954208266216e-20 -0.0005)
(-0.000550614699497593 -8.56801042143883e-20 -0.0005)
(-0.000561287187264252 -8.73408296997566e-20 -0.0005)
(-0.000574087277583063 -8.93326273642034e-20 -0.0005)
(-0.000589439116418764 -9.17214977531079e-20 -0.0005)
(-0.000607851404907931 -9.4586598881023e-20 -0.0005)
(-0.000629934255766156 -9.80228692250764e-20 -0.0005)
(-0.000656419410086517 -1.02144173622459e-19 -0.0005)
(-0.000688184484436604 -1.07087076314989e-19 -0.0005)
(-0.000726282051710009 -1.13015366165003e-19 -0.0005)
(-0.000771974519360341 -1.20125483990889e-19 -0.0005)
(-0.000826775960748803 -1.28653031863378e-19 -0.0005)
(-0.000892502285736009 -1.38880580055737e-19 -0.0005)
(-0.000971331412979246 -1.51147030340287e-19 -0.0005)
(-0.00106587543781465 -1.65858845895042e-19 -0.0005)
(-0.0011792671870915 -1.83503519936539e-19 -0.0005)
(-0.00131526402905425 -2.04665729377785e-19 -0.0005)
(-0.00147837237813428 -2.30046708781649e-19 -0.0005)
(-0.00167399702026308 -2.60487486588329e-19 -0.0005)
(-0.00190862020677602 -2.96996753576448e-19 -0.0005)
(-0.00219001645139251 -3.40784287011857e-19 -0.0005)
(-0.00252751014782175 -3.93301038032382e-19 -0.0005)
(-0.0029322845444549 -4.56287210610937e-19 -0.0005)
(-0.00341775231438134 -5.31829925249643e-19 -0.0005)
(-0.004 0 -0.0005)
(-4.90085701647803e-05 0.000497592363336098 0.0005)
(-4.90656404178881e-05 0.000498171807339966 0.0005)
(-4.91340878511642e-05 0.000498866765792613 0.0005)
(-4.92161805503717e-05 0.000499700266955245 0.0005)
(-4.93146387531212e-05 0.000500699929863819 0.0005)
(-4.94327249871256e-05 0.000501898879518096 0.0005)
(-4.95743521778716e-05 0.000503336844517259 0.0005)
(-4.97442133079834e-05 0.000505061473513516 0.0005)
(-4.99479369246906e-05 0.000507129914105923 0.0005)
(-5.01922736483243e-05 0.000509610706492927 0.0005)
(-5.04853198620183e-05 0.000512586054632005 0.0005)
(-5.08367859948338e-05 0.000516154550163955 0.0005)
(-5.1258318288185e-05 0.00052043443936223 0.0005)
(-5.17638847076704e-05 0.000525567541361518 0.0005)
(-5.23702377879511e-05 0.000531723947500659 0.0005)
(-5.30974697475818e-05 0.000539107657498105 0.0005)
(-5.39696782681744e-05 0.000547963339221206 0.0005)
(-5.50157649992645e-05 0.00055858443604218 0.0005)
(-5.62703932482745e-05 0.000571322890427486 0.0005)
(-5.77751365897502e-05 0.000586600805963109 0.0005)
(-5.95798564543812e-05 0.00060492443425061 0.0005)
(-6.17443543458286e-05 0.000626900950146095 0.0005)
(-6.43403534334976e-05 0.000653258571209275 0.0005)
(-6.74538751836489e-05 0.000684870688044088 0.0005)
(-7.11880897813012e-05 0.000722784805117948 0.0005)
(-7.56667347949876e-05 0.000768257251047521 0.0005)
(-8.10382153658227e-05 0.00082279480851694 0.0005)
(-8.748052178544e-05 0.000888204643284501 0.0005)
(-9.52071274124971e-05 0.000966654186733869 0.0005)
(-0.00010447406236211 0.00106074295624818 0.0005)
(-0.000115588397363194 0.00117358869325914 0.0005)
(-0.000128918418906234 0.00130893067325613 0.0005)
(-0.000144905832846934 0.00147125361105329 0.0005)
(-0.000164080400846392 0.00166593626706058 0.0005)
(-0.0001870774946434 0.00189942967880143 0.0005)
(-0.000214659149840186 0.00217947092358667 0.0005)
(-0.000247739316843433 0.00251533949562119 0.0005)
(-0.000287414145680038 0.00291816479289846 0.0005)
(-0.000334998308210396 0.00340129490282086 0.0005)
(-0.000392068561318242 0.00398073890668879 0.0005)
(-9.75451610080641e-05 0.000490392640201615 0.0005)
(-9.76587518965446e-05 0.000490963700161219 0.0005)
(-9.77949875768971e-05 0.000491648603177291 0.0005)
(-9.79583823777424e-05 0.000492470044312389 0.0005)
(-9.81543505769262e-05 0.000493455242979347 0.0005)
(-9.83893858099488e-05 0.000494636844888362 0.0005)
(-9.86712762441728e-05 0.000496054003800789 0.0005)
(-9.90093626488579e-05 0.000497753678934813 0.0005)
(-9.94148479124766e-05 0.000499792191014079 0.0005)
(-9.99011682635275e-05 0.000502237088520741 0.0005)
(-0.000100484438495682 0.000505169385993434 0.0005)
(-0.000101183985950323 0.000508686248538767 0.0005)
(-0.000102022990950608 0.000512904211510788 0.0005)
(-0.000103029254908588 0.000517963042046246 0.0005)
(-0.00010423612155752 0.000524030370412151 0.0005)
(-0.000105683581835465 0.000531307244630746 0.0005)
(-0.000107419599031799 0.000540034792440887 0.0005)
(-0.00010950169810691 0.000550502211347709 0.0005)
(-0.000111998871849042 0.000563056351520232 0.0005)
(-0.000114993867031039 0.00057811320907741 0.0005)
(-0.000118585926321444 0.000596171710606122 0.0005)
(-0.000122894076806409 0.000617830245677209 0.0005)
(-0.000128061074091416 0.000643806495183828 0.0005)
(-0.00013425813267524 0.000674961212537307 0.0005)
(-0.00014169059934264 0.000712326745738235 0.0005)
(-0.000150604757570255 0.00075714124543498 0.0005)
(-0.000161295988417678 0.000810889692493664 0.0005)
(-0.000174118558324369 0.000875353104576116 0.0005)
(-0.000189497358142502 0.000952667552243315 0.0005)
(-0.000207941982392342 0.00104539494015196 0.0005)
(-0.000230063615272734 0.00115660789876186 0.0005)
(-0.000256595282964425 0.00128999159954026 0.0005)
(-0.000288416143309966 0.00144996586742882 0.0005)
(-0.000326580617737163 0.00164183163691289 0.0005)
(-0.000372353330746424 0.00187194660468609 0.0005)
(-0.000427251014722783 0.00214793589936669 0.0005)
(-0.000493092768637577 0.00247894474905337 0.0005)
(-0.000572060336020623 0.00287594151915526 0.0005)
(-0.000666770399584022 0.00335208116200929 0.0005)
(-0.000780361288064513 0.00392314112161292 0.0005)
(-0.000145142338627231 0.000478470167866104 0.0005)
(-0.000145311356208733 0.00047902734416186 0.0005)
(-0.000145514068112086 0.000479695595750908 0.0005)
(-0.000145757191433316 0.000480497065931293 0.0005)
(-0.000146048782348049 0.000481458312354908 0.0005)
(-0.000146398503062313 0.00048261118704635 0.0005)
(-0.000146817941981036 0.000483993891857015 0.0005)
(-0.000147320997703401 0.000485652244328129 0.0005)
(-0.000147924339569182 0.000487641195908565 0.0005)
(-0.000148647960016819 0.00049002665283538 0.0005)
(-0.000149515837056251 0.000492887660014068 0.0005)
(-0.000150556728808318 0.000496319020263961 0.0005)
(-0.000151805126438736 0.000500434435720535 0.0005)
(-0.000153302397063216 0.000505370275488668 0.0005)
(-0.00015509815449523 0.000511290094392434 0.0005)
(-0.00015725190325775 0.00051839005255551 0.0005)
(-0.000159835010335222 0.000526905415396316 0.0005)
(-0.000162933070002068 0.00053711834942284 0.0005)
(-0.000166648740089092 0.000549367272149926 0.0005)
(-0.000171105143670776 0.000564058065959469 0.0005)
(-0.00017644994889237 0.00058167752748789 0.0005)
(-0.000182860262126608 0.000602809498202084 0.0005)
(-0.000190548496600529 0.00062815421066933 0.0005)
(-0.000199769410956208 0.00065855149158246 0.0005)
(-0.000210828550976349 0.000695008590399654 0.0005)
(-0.000224092374201185 0.000738733555733395 0.0005)
(-0.000240000392927714 0.000791175265454279 0.0005)
(-0.000259079737963747 0.00085407143695398 0.0005)
(-0.000281962625723801 0.0009295062084436 0.0005)
(-0.000309407307459485 0.00101997919931107 0.0005)
(-0.000342323194801633 0.00112848833793332 0.0005)
(-0.000381800994178418 0.00125862920153967 0.0005)
(-0.000429148848648621 0.00141471415986904 0.0005)
(-0.000485935684751999 0.00160191527058527 0.0005)
(-0.000554043200725323 0.00182643566145752 0.0005)
(-0.000635728218774437 0.00209571507825461 0.0005)
(-0.000733697467517815 0.00241867640942311 0.0005)
(-0.00085119727260534 0.00280602135643304 0.0005)
(-0.000992121127515878 0.00327058504717361 0.0005)
(-0.00116113870901785 0.00382776134292884 0.0005)
(-0.000191341716182545 0.000461939766255643 0.0005)
(-0.000191564532725364 0.000462477692975238 0.0005)
(-0.000191831768625275 0.000463122857509156 0.0005)
(-0.000192152279056402 0.000463896638138865 0.0005)
(-0.000192536684506775 0.000464824674990606 0.0005)
(-0.000192997722700625 0.00046593771965097 0.0005)
(-0.000193550670677771 0.000467272654156684 0.0005)
(-0.00019421385101621 0.000468873713124043 0.0005)
(-0.000195009238972166 0.000470793949514658 0.0005)
(-0.000195963190655908 0.000473096992607398 0.0005)
(-0.000197107316372298 0.000475859156428965 0.0005)
(-0.000198479528065209 0.000479171968508438 0.0005)
(-0.000200125295574136 0.000483145202749003 0.0005)
(-0.000202099153330511 0.000487910516914639 0.0005)
(-0.000204466507419875 0.000493625815264121 0.0005)
(-0.000207305802889028 0.000500480480893336 0.0005)
(-0.000210711123114411 0.000508701651165679 0.0005)
(-0.000214795307364831 0.000518561744174272 0.0005)
(-0.000219693689862617 0.000530387485634118 0.0005)
(-0.000225568584241379 0.000544570735320834 0.0005)
(-0.000232614661998109 0.000561581471802668 0.0005)
(-0.000241065403160941 0.000581983365730081 0.0005)
(-0.000251200832922976 0.000606452457722066 0.0005)
(-0.000263356800604599 0.00063579955976281 0.0005)
(-0.000277936108413546 0.000670997122405182 0.0005)
(-0.000295421858767206 0.000713211458057257 0.0005)
(-0.000316393462456297 0.000763841388108174 0.0005)
(-0.000341545838099144 0.000824564594511039 0.0005)
(-0.00037171243908293 0.000897393211736793 0.0005)
(-0.000407892871016554 0.000984740501203463 0.0005)
(-0.000451286014831699 0.00108950081751599 0.0005)
(-0.000503329753104819 0.00121514551629155 0.0005)
(-0.000565748615978166 0.0013658379815883 0.0005)
(-0.000640610925483207 0.00154657158450594 0.0005)
(-0.000730397331810416 0.00176333514437783 0.0005)
(-0.000838083012554899 0.00202331137530454 0.0005)
(-0.000967236258706023 0.00233511489378709 0.0005)
(-0.00112213671414311 0.00270907767412107 0.0005)
(-0.00130791718664118 0.00315759141045 0.0005)
(-0.00153073372946036 0.00369551813004515 0.0005)
(-0.000235698368412999 0.000440960632174178 0.0005)
(-0.000235972838072024 0.000441474128789242 0.0005)
(-0.00023630202434069 0.000442089992980885 0.0005)
(-0.000236696835191054 0.000442828632129461 0.0005)
(-0.000237170353142443 0.00044371452190713 0.0005)
(-0.000237738268766042 0.000444777017307884 0.0005)
(-0.00023841940061032 0.000446051325359608 0.0005)
(-0.000239236318775644 0.000447579671750128 0.0005)
(-0.000240216092800954 0.000449412700024774 0.0005)
(-0.000241391188644604 0.000451611149719483 0.0005)
(-0.000242800544481859 0.000454247869036375 0.0005)
(-0.000244490860966885 0.000457410228754136 0.0005)
(-0.000246518148713542 0.000461203017360965 0.0005)
(-0.000248949584272598 0.000465751913343704 0.0005)
(-0.000251865736105304 0.000471207649691496 0.0005)
(-0.000255363234313606 0.000477751008609698 0.0005)
(-0.000259557972591593 0.000485598811949707 0.0005)
(-0.000264588948498611 0.000495011105854621 0.0005)
(-0.000270622869305977 0.00050629977769236 0.0005)
(-0.000277859676037405 0.000519838890808414 0.0005)
(-0.000286539168748697 0.000536077079552326 0.0005)
(-0.000296948952583079 0.000555552415301628 0.0005)
(-0.000309433967904031 0.000578910236086303 0.0005)
(-0.000324407920297696 0.00060692453061925 0.0005)
(-0.000342366989191389 0.000640523585317609 0.0005)
(-0.000363906269339282 0.000680820744158985 0.0005)
(-0.000389739489983165 0.00072915130063641 0.0005)
(-0.000420722665105699 0.000787116744270098 0.0005)
(-0.000457882458455002 0.00085663782783593 0.0005)
(-0.000502450203248808 0.000940018213755354 0.0005)
(-0.000555902703840906 0.00104002080864426 0.0005)
(-0.000620011171360789 0.00115995931545544 0.0005)
(-0.000696899914866188 0.00130380803690187 0.0005)
(-0.000789116732808458 0.00147633356862579 0.0005)
(-0.000899717337314378 0.00168325274592073 0.0005)
(-0.00103236660878168 0.00193142207775578 0.0005)
(-0.00119146003597777 0.00222906494522026 0.0005)
(-0.00138226936570135 0.00258604409287481 0.0005)
(-0.00161111728827886 0.0030141884423287 0.0005)
(-0.00188558694730399 0.00352768505739342 0.0005)
(-0.000277785116509801 0.000415734806151273 0.0005)
(-0.000278108595992175 0.000416218927408698 0.0005)
(-0.000278496562385879 0.000416799560149235 0.0005)
(-0.000278961871411163 0.000417495944317896 0.0005)
(-0.000279519941626845 0.000418331155418658 0.0005)
(-0.000280189265342285 0.000419332869148274 0.0005)
(-0.00028099202138169 0.000420534278462861 0.0005)
(-0.000281954810005392 0.000421975193465323 0.0005)
(-0.000283109534340596 0.000423703360559679 0.0005)
(-0.000284494457528806 0.000425776044584003 0.0005)
(-0.000286155470619782 0.000428261926347821 0.0005)
(-0.00028814761322515 0.000431243378451066 0.0005)
(-0.000290536897320309 0.000434819194796526 0.0005)
(-0.000293402494628453 0.000439107864241373 0.0005)
(-0.000296839360068223 0.000444251496864038 0.0005)
(-0.000300961378196 0.000450420532947881 0.0005)
(-0.000305905136903896 0.000457819390719346 0.0005)
(-0.000311834453419317 0.000466693239984993 0.0005)
(-0.000318945802580411 0.000477336126119813 0.0005)
(-0.000327474827259641 0.000490100713604665 0.0005)
(-0.000337704146665992 0.000505409971976355 0.0005)
(-0.000349972721263033 0.000523771191417978 0.0005)
(-0.000364687084620356 0.000545792792412502 0.0005)
(-0.000382334814378919 0.00057220448646713 0.0005)
(-0.000403500688706485 0.000603881455957619 0.0005)
(-0.00042888606360622 0.000641873354319986 0.0005)
(-0.000459332113168218 0.000687439087544871 0.0005)
(-0.000495847702856882 0.000742088529500055 0.0005)
(-0.000539642819448139 0.000807632553367136 0.0005)
(-0.000592168665356556 0.000886243037042553 0.0005)
(-0.000655165745924795 0.000980524830852081 0.0005)
(-0.000730721543103972 0.00109360207231322 0.0005)
(-0.000821339686609804 0.0012292217080861 0.0005)
(-0.000930022914621678 0.00139187765343376 0.0005)
(-0.00106037257302448 0.00158695970336086 0.0005)
(-0.0012167079502169 0.00182093212977553 0.0005)
(-0.00140420940178474 0.0021015478827001 0.0005)
(-0.00162909000764259 0.00243810549333866 0.0005)
(-0.00189880144970412 0.00284175719178478 0.0005)
(-0.00222228093207841 0.00332587844921018 0.0005)
(-0.000317196642081823 0.000386505226681368 0.0005)
(-0.000317566016103299 0.000386955310228798 0.0005)
(-0.000318009026293584 0.000387495119707531 0.0005)
(-0.000318540352313513 0.000388142542336051 0.0005)
(-0.000319177600272238 0.000388919031220432 0.0005)
(-0.000319941886126249 0.000389850316228102 0.0005)
(-0.00032085853538129 0.000390967256577096 0.0005)
(-0.000321957922282612 0.000392306863392342 0.0005)
(-0.000323276476301123 0.000393913526112576 0.0005)
(-0.000324857889266515 0.000395840483386317 0.0005)
(-0.000326754563147144 0.000398151587196754 0.0005)
(-0.000329029346450549 0.000400923418671901 0.0005)
(-0.000331757616782258 0.000404247825689845 0.0005)
(-0.000335029778570918 0.000408234966365623 0.0005)
(-0.000338954258724784 0.000413016959269208 0.0005)
(-0.000343661099484142 0.000418752261328867 0.0005)
(-0.000349306267523057 0.000425630918486822 0.0005)
(-0.000356076822087544 0.000433880863093834 0.0005)
(-0.000364197113422486 0.000443775466714263 0.0005)
(-0.000373936216879417 0.0004556425986126 0.0005)
(-0.000385616849043028 0.000469875490085056 0.0005)
(-0.000399626061322673 0.000486945764638514 0.0005)
(-0.000416428065353549 0.000507419065787079 0.0005)
(-0.000436579615192202 0.00053197380031154 0.0005)
(-0.000460748456013424 0.000561423618061573 0.0005)
(-0.000489735450627658 0.000596744373195218 0.0005)
(-0.000524501117006986 0.000639106460247844 0.0005)
(-0.000566197456171627 0.000689913596524071 0.0005)
(-0.000616206125091218 0.000750849335912554 0.0005)
(-0.0006761842195046 0.000823932855413309 0.0005)
(-0.0007481191837254 0.000911585862929398 0.0005)
(-0.000834394666934036 0.00101671284339093 0.0005)
(-0.000937869508181423 0.00114279730226052 0.0005)
(-0.00106197246736485 0.00129401719556143 0.0005)
(-0.00121081584119774 0.00147538337133721 0.0005)
(-0.00138933172897131 0.00169290560996278 0.0005)
(-0.00160343546343358 0.00195379176524661 0.0005)
(-0.00186022162225905 0.00226668660509763 0.0005)
(-0.00216819911517828 0.00264195826602146 0.0005)
(-0.00253757313665458 0.00309204181345095 0.0005)
(-0.000353553390593274 0.000353553390593274 0.0005)
(-0.000353965101880105 0.000353965101880105 0.0005)
(-0.000354458889436665 0.000354458889436665 0.0005)
(-0.000355051115491214 0.000355051115491214 0.0005)
(-0.000355761404146785 0.000355761404146785 0.0005)
(-0.000356613291648792 0.000356613291648792 0.0005)
(-0.000357635006286051 0.000357635006286051 0.0005)
(-0.000358860403768146 0.000358860403768146 0.0005)
(-0.000360330089073973 0.000360330089073973 0.0005)
(-0.000362092761945201 0.000362092761945201 0.0005)
(-0.000364206830609185 0.000364206830609185 0.0005)
(-0.000366742347203892 0.000366742347203892 0.0005)
(-0.000369783329037432 0.000369783329037432 0.0005)
(-0.000373430542599839 0.000373430542599839 0.0005)
(-0.000377804842578579 0.000377804842578579 0.0005)
(-0.000383051176519985 0.000383051176519985 0.0005)
(-0.000389343387835741 0.000389343387835741 0.0005)
(-0.000396889976307676 0.000396889976307676 0.0005)
(-0.000405941006971908 0.000405941006971908 0.0005)
(-0.000416796396316315 0.000416796396316315 0.0005)
(-0.000429815850364168 0.000429815850364168 0.0005)
(-0.00044543078395395 0.00044543078395395 0.0005)
(-0.00046415861617465 0.000464158616174649 0.0005)
(-0.00048661991565249 0.00048661991565249 0.0005)
(-0.000513558963818226 0.000513558963818226 0.0005)
(-0.000545868417542922 0.000545868417542922 0.0005)
(-0.000584618888367501 0.000584618888367501 0.0005)
(-0.000631094418468426 0.000631094418468426 0.0005)
(-0.000686835028897135 0.000686835028897135 0.0005)
(-0.00075368774997892 0.00075368774997892 0.0005)
(-0.000833867824823184 0.000833867824823183 0.0005)
(-0.000930032113995003 0.000930032113995003 0.0005)
(-0.00104536713369763 0.00104536713369763 0.0005)
(-0.0011836946447141 0.0011836946447141 0.0005)
(-0.001349598290921 0.001349598290921 0.0005)
(-0.00154857548368974 0.00154857548368974 0.0005)
(-0.00178721956504257 0.00178721956504257 0.0005)
(-0.00207343828575257 0.00207343828575257 0.0005)
(-0.00241671583791506 0.00241671583791506 0.0005)
(-0.00282842712474619 0.00282842712474619 0.0005)
(-0.000386505226681368 0.000317196642081823 0.0005)
(-0.000386955310228798 0.000317566016103299 0.0005)
(-0.000387495119707531 0.000318009026293584 0.0005)
(-0.000388142542336051 0.000318540352313513 0.0005)
(-0.000388919031220432 0.000319177600272238 0.0005)
(-0.000389850316228102 0.000319941886126249 0.0005)
(-0.000390967256577096 0.000320858535381289 0.0005)
(-0.000392306863392342 0.000321957922282612 0.0005)
(-0.000393913526112576 0.000323276476301123 0.0005)
(-0.000395840483386317 0.000324857889266515 0.0005)
(-0.000398151587196754 0.000326754563147144 0.0005)
(-0.000400923418671901 0.000329029346450548 0.0005)
(-0.000404247825689846 0.000331757616782257 0.0005)
(-0.000408234966365623 0.000335029778570918 0.0005)
(-0.000413016959269208 0.000338954258724784 0.0005)
(-0.000418752261328867 0.000343661099484142 0.0005)
(-0.000425630918486822 0.000349306267523057 0.0005)
(-0.000433880863093835 0.000356076822087544 0.0005)
(-0.000443775466714263 0.000364197113422486 0.0005)
(-0.0004556425986126 0.000373936216879417 0.0005)
(-0.000469875490085056 0.000385616849043028 0.0005)
(-0.000486945764638514 0.000399626061322673 0.0005)
(-0.000507419065787079 0.000416428065353548 0.0005)
(-0.00053197380031154 0.000436579615192202 0.0005)
(-0.000561423618061573 0.000460748456013423 0.0005)
(-0.000596744373195218 0.000489735450627658 0.0005)
(-0.000639106460247844 0.000524501117006986 0.0005)
(-0.000689913596524071 0.000566197456171627 0.0005)
(-0.000750849335912554 0.000616206125091218 0.0005)
(-0.000823932855413309 0.0006761842195046 0.0005)
(-0.000911585862929399 0.0007481191837254 0.0005)
(-0.00101671284339093 0.000834394666934036 0.0005)
(-0.00114279730226053 0.000937869508181423 0.0005)
(-0.00129401719556143 0.00106197246736485 0.0005)
(-0.00147538337133721 0.00121081584119774 0.0005)
(-0.00169290560996278 0.00138933172897131 0.0005)
(-0.00195379176524661 0.00160343546343358 0.0005)
(-0.00226668660509763 0.00186022162225904 0.0005)
(-0.00264195826602146 0.00216819911517828 0.0005)
(-0.00309204181345095 0.00253757313665458 0.0005)
(-0.000415734806151273 0.000277785116509801 0.0005)
(-0.000416218927408698 0.000278108595992175 0.0005)
(-0.000416799560149235 0.000278496562385879 0.0005)
(-0.000417495944317896 0.000278961871411163 0.0005)
(-0.000418331155418658 0.000279519941626845 0.0005)
(-0.000419332869148274 0.000280189265342285 0.0005)
(-0.000420534278462861 0.000280992021381689 0.0005)
(-0.000421975193465323 0.000281954810005392 0.0005)
(-0.000423703360559679 0.000283109534340596 0.0005)
(-0.000425776044584003 0.000284494457528806 0.0005)
(-0.000428261926347821 0.000286155470619782 0.0005)
(-0.000431243378451066 0.00028814761322515 0.0005)
(-0.000434819194796526 0.000290536897320309 0.0005)
(-0.000439107864241373 0.000293402494628453 0.0005)
(-0.000444251496864038 0.000296839360068223 0.0005)
(-0.000450420532947882 0.000300961378196 0.0005)
(-0.000457819390719346 0.000305905136903896 0.0005)
(-0.000466693239984993 0.000311834453419317 0.0005)
(-0.000477336126119813 0.000318945802580411 0.0005)
(-0.000490100713604665 0.000327474827259641 0.0005)
(-0.000505409971976355 0.000337704146665992 0.0005)
(-0.000523771191417978 0.000349972721263033 0.0005)
(-0.000545792792412502 0.000364687084620356 0.0005)
(-0.00057220448646713 0.000382334814378919 0.0005)
(-0.000603881455957619 0.000403500688706485 0.0005)
(-0.000641873354319986 0.00042888606360622 0.0005)
(-0.000687439087544871 0.000459332113168218 0.0005)
(-0.000742088529500055 0.000495847702856882 0.0005)
(-0.000807632553367137 0.000539642819448139 0.0005)
(-0.000886243037042554 0.000592168665356556 0.0005)
(-0.000980524830852081 0.000655165745924794 0.0005)
(-0.00109360207231322 0.000730721543103972 0.0005)
(-0.0012292217080861 0.000821339686609804 0.0005)
(-0.00139187765343376 0.000930022914621678 0.0005)
(-0.00158695970336086 0.00106037257302448 0.0005)
(-0.00182093212977553 0.0012167079502169 0.0005)
(-0.0021015478827001 0.00140420940178474 0.0005)
(-0.00243810549333866 0.00162909000764259 0.0005)
(-0.00284175719178478 0.00189880144970412 0.0005)
(-0.00332587844921018 0.00222228093207841 0.0005)
(-0.000440960632174177 0.000235698368412999 0.0005)
(-0.000441474128789242 0.000235972838072024 0.0005)
(-0.000442089992980885 0.00023630202434069 0.0005)
(-0.000442828632129461 0.000236696835191053 0.0005)
(-0.00044371452190713 0.000237170353142443 0.0005)
(-0.000444777017307884 0.000237738268766042 0.0005)
(-0.000446051325359608 0.00023841940061032 0.0005)
(-0.000447579671750128 0.000239236318775643 0.0005)
(-0.000449412700024774 0.000240216092800954 0.0005)
(-0.000451611149719483 0.000241391188644604 0.0005)
(-0.000454247869036375 0.000242800544481859 0.0005)
(-0.000457410228754136 0.000244490860966885 0.0005)
(-0.000461203017360965 0.000246518148713542 0.0005)
(-0.000465751913343704 0.000248949584272598 0.0005)
(-0.000471207649691496 0.000251865736105304 0.0005)
(-0.000477751008609698 0.000255363234313606 0.0005)
(-0.000485598811949707 0.000259557972591593 0.0005)
(-0.000495011105854621 0.000264588948498611 0.0005)
(-0.00050629977769236 0.000270622869305977 0.0005)
(-0.000519838890808414 0.000277859676037405 0.0005)
(-0.000536077079552326 0.000286539168748697 0.0005)
(-0.000555552415301628 0.000296948952583079 0.0005)
(-0.000578910236086302 0.00030943396790403 0.0005)
(-0.00060692453061925 0.000324407920297696 0.0005)
(-0.000640523585317609 0.000342366989191389 0.0005)
(-0.000680820744158985 0.000363906269339282 0.0005)
(-0.00072915130063641 0.000389739489983165 0.0005)
(-0.000787116744270098 0.000420722665105699 0.0005)
(-0.00085663782783593 0.000457882458455002 0.0005)
(-0.000940018213755353 0.000502450203248808 0.0005)
(-0.00104002080864426 0.000555902703840906 0.0005)
(-0.00115995931545544 0.000620011171360789 0.0005)
(-0.00130380803690187 0.000696899914866188 0.0005)
(-0.00147633356862579 0.000789116732808458 0.0005)
(-0.00168325274592073 0.000899717337314378 0.0005)
(-0.00193142207775578 0.00103236660878168 0.0005)
(-0.00222906494522026 0.00119146003597777 0.0005)
(-0.00258604409287481 0.00138226936570135 0.0005)
(-0.0030141884423287 0.00161111728827886 0.0005)
(-0.00352768505739342 0.00188558694730399 0.0005)
(-0.000461939766255643 0.000191341716182545 0.0005)
(-0.000462477692975239 0.000191564532725364 0.0005)
(-0.000463122857509156 0.000191831768625275 0.0005)
(-0.000463896638138865 0.000192152279056402 0.0005)
(-0.000464824674990606 0.000192536684506775 0.0005)
(-0.00046593771965097 0.000192997722700625 0.0005)
(-0.000467272654156684 0.000193550670677771 0.0005)
(-0.000468873713124043 0.00019421385101621 0.0005)
(-0.000470793949514659 0.000195009238972166 0.0005)
(-0.000473096992607398 0.000195963190655908 0.0005)
(-0.000475859156428965 0.000197107316372298 0.0005)
(-0.000479171968508438 0.000198479528065209 0.0005)
(-0.000483145202749003 0.000200125295574136 0.0005)
(-0.000487910516914639 0.000202099153330511 0.0005)
(-0.000493625815264121 0.000204466507419875 0.0005)
(-0.000500480480893336 0.000207305802889028 0.0005)
(-0.000508701651165679 0.000210711123114411 0.0005)
(-0.000518561744174272 0.000214795307364831 0.0005)
(-0.000530387485634118 0.000219693689862617 0.0005)
(-0.000544570735320834 0.000225568584241378 0.0005)
(-0.000561581471802668 0.000232614661998109 0.0005)
(-0.000581983365730081 0.000241065403160941 0.0005)
(-0.000606452457722066 0.000251200832922976 0.0005)
(-0.00063579955976281 0.000263356800604599 0.0005)
(-0.000670997122405182 0.000277936108413546 0.0005)
(-0.000713211458057257 0.000295421858767205 0.0005)
(-0.000763841388108174 0.000316393462456296 0.0005)
(-0.000824564594511039 0.000341545838099144 0.0005)
(-0.000897393211736793 0.00037171243908293 0.0005)
(-0.000984740501203463 0.000407892871016553 0.0005)
(-0.00108950081751599 0.000451286014831699 0.0005)
(-0.00121514551629155 0.000503329753104819 0.0005)
(-0.00136583798158829 0.000565748615978165 0.0005)
(-0.00154657158450594 0.000640610925483207 0.0005)
(-0.00176333514437783 0.000730397331810415 0.0005)
(-0.00202331137530454 0.000838083012554899 0.0005)
(-0.00233511489378709 0.000967236258706022 0.0005)
(-0.00270907767412107 0.00112213671414311 0.0005)
(-0.00315759141045 0.00130791718664118 0.0005)
(-0.00369551813004515 0.00153073372946036 0.0005)
(-0.000478470167866104 0.000145142338627231 0.0005)
(-0.00047902734416186 0.000145311356208733 0.0005)
(-0.000479695595750908 0.000145514068112086 0.0005)
(-0.000480497065931293 0.000145757191433316 0.0005)
(-0.000481458312354908 0.000146048782348049 0.0005)
(-0.00048261118704635 0.000146398503062313 0.0005)
(-0.000483993891857015 0.000146817941981036 0.0005)
(-0.000485652244328129 0.000147320997703401 0.0005)
(-0.000487641195908565 0.000147924339569181 0.0005)
(-0.00049002665283538 0.000148647960016819 0.0005)
(-0.000492887660014068 0.000149515837056251 0.0005)
(-0.000496319020263961 0.000150556728808318 0.0005)
(-0.000500434435720535 0.000151805126438736 0.0005)
(-0.000505370275488668 0.000153302397063216 0.0005)
(-0.000511290094392434 0.00015509815449523 0.0005)
(-0.00051839005255551 0.00015725190325775 0.0005)
(-0.000526905415396316 0.000159835010335222 0.0005)
(-0.00053711834942284 0.000162933070002068 0.0005)
(-0.000549367272149926 0.000166648740089092 0.0005)
(-0.000564058065959469 0.000171105143670776 0.0005)
(-0.00058167752748789 0.00017644994889237 0.0005)
(-0.000602809498202084 0.000182860262126608 0.0005)
(-0.00062815421066933 0.000190548496600529 0.0005)
(-0.00065855149158246 0.000199769410956208 0.0005)
(-0.000695008590399654 0.000210828550976349 0.0005)
(-0.000738733555733395 0.000224092374201185 0.0005)
(-0.000791175265454279 0.000240000392927714 0.0005)
(-0.00085407143695398 0.000259079737963747 0.0005)
(-0.0009295062084436 0.000281962625723801 0.0005)
(-0.00101997919931107 0.000309407307459485 0.0005)
(-0.00112848833793332 0.000342323194801633 0.0005)
(-0.00125862920153967 0.000381800994178417 0.0005)
(-0.00141471415986904 0.00042914884864862 0.0005)
(-0.00160191527058527 0.000485935684751999 0.0005)
(-0.00182643566145753 0.000554043200725323 0.0005)
(-0.00209571507825461 0.000635728218774437 0.0005)
(-0.00241867640942311 0.000733697467517815 0.0005)
(-0.00280602135643304 0.000851197272605339 0.0005)
(-0.00327058504717361 0.000992121127515877 0.0005)
(-0.00382776134292884 0.00116113870901785 0.0005)
(-0.000490392640201615 9.75451610080641e-05 0.0005)
(-0.000490963700161219 9.76587518965446e-05 0.0005)
(-0.000491648603177292 9.7794987576897e-05 0.0005)
(-0.000492470044312389 9.79583823777423e-05 0.0005)
(-0.000493455242979347 9.81543505769261e-05 0.0005)
(-0.000494636844888362 9.83893858099488e-05 0.0005)
(-0.000496054003800789 9.86712762441727e-05 0.0005)
(-0.000497753678934813 9.90093626488578e-05 0.0005)
(-0.000499792191014079 9.94148479124765e-05 0.0005)
(-0.000502237088520741 9.99011682635274e-05 0.0005)
(-0.000505169385993434 0.000100484438495682 0.0005)
(-0.000508686248538767 0.000101183985950323 0.0005)
(-0.000512904211510788 0.000102022990950608 0.0005)
(-0.000517963042046246 0.000103029254908588 0.0005)
(-0.000524030370412151 0.00010423612155752 0.0005)
(-0.000531307244630747 0.000105683581835465 0.0005)
(-0.000540034792440887 0.000107419599031799 0.0005)
(-0.00055050221134771 0.00010950169810691 0.0005)
(-0.000563056351520232 0.000111998871849042 0.0005)
(-0.00057811320907741 0.000114993867031039 0.0005)
(-0.000596171710606122 0.000118585926321444 0.0005)
(-0.000617830245677209 0.000122894076806409 0.0005)
(-0.000643806495183828 0.000128061074091416 0.0005)
(-0.000674961212537307 0.00013425813267524 0.0005)
(-0.000712326745738235 0.00014169059934264 0.0005)
(-0.000757141245434981 0.000150604757570255 0.0005)
(-0.000810889692493665 0.000161295988417678 0.0005)
(-0.000875353104576116 0.000174118558324368 0.0005)
(-0.000952667552243315 0.000189497358142502 0.0005)
(-0.00104539494015196 0.000207941982392342 0.0005)
(-0.00115660789876186 0.000230063615272734 0.0005)
(-0.00128999159954026 0.000256595282964424 0.0005)
(-0.00144996586742882 0.000288416143309965 0.0005)
(-0.00164183163691289 0.000326580617737163 0.0005)
(-0.00187194660468609 0.000372353330746423 0.0005)
(-0.00214793589936669 0.000427251014722783 0.0005)
(-0.00247894474905337 0.000493092768637577 0.0005)
(-0.00287594151915526 0.000572060336020623 0.0005)
(-0.00335208116200929 0.000666770399584022 0.0005)
(-0.00392314112161292 0.000780361288064512 0.0005)
(-0.000497592363336098 4.90085701647803e-05 0.0005)
(-0.000498171807339966 4.90656404178881e-05 0.0005)
(-0.000498866765792613 4.91340878511642e-05 0.0005)
(-0.000499700266955246 4.92161805503717e-05 0.0005)
(-0.000500699929863819 4.93146387531212e-05 0.0005)
(-0.000501898879518096 4.94327249871255e-05 0.0005)
(-0.000503336844517259 4.95743521778716e-05 0.0005)
(-0.000505061473513516 4.97442133079834e-05 0.0005)
(-0.000507129914105923 4.99479369246905e-05 0.0005)
(-0.000509610706492927 5.01922736483243e-05 0.0005)
(-0.000512586054632005 5.04853198620182e-05 0.0005)
(-0.000516154550163955 5.08367859948338e-05 0.0005)
(-0.00052043443936223 5.12583182881849e-05 0.0005)
(-0.000525567541361518 5.17638847076703e-05 0.0005)
(-0.000531723947500659 5.2370237787951e-05 0.0005)
(-0.000539107657498105 5.30974697475818e-05 0.0005)
(-0.000547963339221206 5.39696782681744e-05 0.0005)
(-0.00055858443604218 5.50157649992645e-05 0.0005)
(-0.000571322890427486 5.62703932482745e-05 0.0005)
(-0.000586600805963109 5.77751365897502e-05 0.0005)
(-0.00060492443425061 5.95798564543812e-05 0.0005)
(-0.000626900950146095 6.17443543458285e-05 0.0005)
(-0.000653258571209275 6.43403534334975e-05 0.0005)
(-0.000684870688044088 6.74538751836488e-05 0.0005)
(-0.000722784805117948 7.11880897813011e-05 0.0005)
(-0.000768257251047521 7.56667347949875e-05 0.0005)
(-0.00082279480851694 8.10382153658226e-05 0.0005)
(-0.000888204643284501 8.74805217854399e-05 0.0005)
(-0.000966654186733869 9.5207127412497e-05 0.0005)
(-0.00106074295624818 0.00010447406236211 0.0005)
(-0.00117358869325914 0.000115588397363194 0.0005)
(-0.00130893067325613 0.000128918418906234 0.0005)
(-0.00147125361105329 0.000144905832846934 0.0005)
(-0.00166593626706058 0.000164080400846392 0.0005)
(-0.00189942967880143 0.0001870774946434 0.0005)
(-0.00217947092358667 0.000214659149840186 0.0005)
(-0.00251533949562119 0.000247739316843433 0.0005)
(-0.00291816479289846 0.000287414145680038 0.0005)
(-0.00340129490282086 0.000334998308210396 0.0005)
(-0.00398073890668879 0.000392068561318242 0.0005)
(-0.0005 0 0.0005)
(-0.000500582247685619 -7.78946497227759e-20 0.0005)
(-0.000501280568745037 -7.80033141322089e-20 0.0005)
(-0.000502118102863371 -7.81336412204748e-20 0.0005)
(-0.000503122602713279 -7.82899495280846e-20 0.0005)
(-0.000504327353572234 -7.84774185136416e-20 0.0005)
(-0.00050577227626912 -7.87022601812612e-20 0.0005)
(-0.000507505250007597 -7.89719249225932e-20 0.0005)
(-0.000509583698899517 -7.92953483942631e-20 0.0005)
(-0.000512076494780036 -7.96832476113071e-20 0.0005)
(-0.00051506623935643 -8.01484760680002e-20 0.0005)
(-0.000518652001312286 -8.0706449653424e-20 0.0005)
(-0.000522952599064209 -8.13756574749826e-20 0.0005)
(-0.000528110537949036 -8.21782745166029e-20 0.0005)
(-0.000534296732304859 -8.31408964327651e-20 0.0005)
(-0.000541716168917533 -8.42954208266216e-20 0.0005)
(-0.000550614699497593 -8.56801042143883e-20 0.0005)
(-0.000561287187264252 -8.73408296997566e-20 0.0005)
(-0.000574087277583063 -8.93326273642034e-20 0.0005)
(-0.000589439116418764 -9.17214977531079e-20 0.0005)
(-0.000607851404907931 -9.4586598881023e-20 0.0005)
(-0.000629934255766156 -9.80228692250764e-20 0.0005)
(-0.000656419410086517 -1.02144173622459e-19 0.0005)
(-0.000688184484436604 -1.07087076314989e-19 0.0005)
(-0.000726282051710009 -1.13015366165003e-19 0.0005)
(-0.00077197451936034 -1.20125483990889e-19 0.0005)
(-0.000826775960748803 -1.28653031863378e-19 0.0005)
(-0.000892502285736009 -1.38880580055737e-19 0.0005)
(-0.000971331412979246 -1.51147030340287e-19 0.0005)
(-0.00106587543781465 -1.65858845895042e-19 0.0005)
(-0.0011792671870915 -1.83503519936539e-19 0.0005)
(-0.00131526402905425 -2.04665729377785e-19 0.0005)
(-0.00147837237813428 -2.30046708781649e-19 0.0005)
(-0.00167399702026308 -2.60487486588329e-19 0.0005)
(-0.00190862020677602 -2.96996753576448e-19 0.0005)
(-0.00219001645139251 -3.40784287011857e-19 0.0005)
(-0.00252751014782175 -3.93301038032382e-19 0.0005)
(-0.0029322845444549 -4.56287210610937e-19 0.0005)
(-0.00341775231438134 -5.31829925249643e-19 0.0005)
(-0.004 0 0.0005)
(0.00463361212417818 0 -0.0005)
(0.00531197868580042 0 -0.0005)
(0.00603826086123076 0 -0.0005)
(0.00681584311275921 0 -0.0005)
(0.00764834896013704 0 -0.0005)
(0.00853965786611575 0 -0.0005)
(0.00949392331467592 0 -0.0005)
(0.0105155921661902 0 -0.0005)
(0.0116094253797153 0 -0.0005)
(0.0127805201989782 0 -0.0005)
(0.0140343339054431 0 -0.0005)
(0.0153767092491483 0 -0.0005)
(0.0168139016758192 0 -0.0005)
(0.0183526084771367 0 -0.0005)
(0.02 0 -0.0005)
(0.00462653629854884 0.000195900701808864 -0.0005)
(0.00530206640723668 0.000211355405612156 -0.0005)
(0.00602570176658746 0.000227433854590002 -0.0005)
(0.00680088594592782 0.000244102439046907 -0.0005)
(0.00763130961679601 0.000261312021383201 -0.0005)
(0.00852092786581766 0.000278994610228707 -0.0005)
(0.0094739785321037 0.000297059439046557 -0.0005)
(0.0104950015684587 0.000315388358335809 -0.0005)
(0.0115888594045174 0.000333830441875804 -0.0005)
(0.0127607582619881 0.000352195700245475 -0.0005)
(0.0140162703359217 0.00037024779049202 -0.0005)
(0.0153613567095774 0.000387695611311068 -0.0005)
(0.0168023908120688 0.000404183681273449 -0.0005)
(0.018346182155521 0.000419281217461753 -0.0005)
(0.02 0.000432469868828843 -0.0005)
(0.00461100959757015 0.000397418106111685 -0.0005)
(0.00528397998680524 0.000428817001281812 -0.0005)
(0.006005276742142 0.000461483646146313 -0.0005)
(0.00677840616198757 0.000495349876038843 -0.0005)
(0.00760713006594831 0.000530316001264855 -0.0005)
(0.0084954835571654 0.000566244054026505 -0.0005)
(0.00944779363649885 0.000602949826096539 -0.0005)
(0.0104686985803379 0.000640193512720308 -0.0005)
(0.0115631679446983 0.000677668760587973 -0.0005)
(0.0127365229949704 0.000714989903079107 -0.0005)
(0.0139944572800291 0.000751677157131125 -0.0005)
(0.0153430569677784 0.000787139557073478 -0.0005)
(0.0167888204325922 0.000820655417365757 -0.0005)
(0.0183386764293629 0.000851350156440911 -0.0005)
(0.02 0.000878171388883333 -0.0005)
(0.00458629019604193 0.000604292900749432 -0.0005)
(0.0052570074004442 0.000652159484956068 -0.0005)
(0.00597630603499996 0.000701960047009483 -0.0005)
(0.00674775896649897 0.000753590988038944 -0.0005)
(0.00757520339512323 0.000806900710153202 -0.0005)
(0.00846275908957357 0.000861679332187351 -0.0005)
(0.0094148472967641 0.000917646563763109 -0.0005)
(0.0104362101477234 0.000974437456631295 -0.0005)
(0.0115319303034233 0.00103158572540335 -0.0005)
(0.0127074504845267 0.00108850430748167 -0.0005)
(0.0139685924026414 0.00114446281851883 -0.0005)
(0.0153215744520557 0.00119856156124459 -0.0005)
(0.0167730273240085 0.00124970177077755 -0.0005)
(0.0183300064639619 0.00129655184086151 -0.0005)
(0.02 0.00133750938974069 -0.0005)
(0.00455160734336348 0.000816194449371008 -0.0005)
(0.00522040888545308 0.000881090069388332 -0.0005)
(0.00593808343538499 0.000948610341087709 -0.0005)
(0.00670827449291096 0.00101861543418468 -0.0005)
(0.00753489911621905 0.00109090056161738 -0.0005)
(0.00842216665443373 0.00116518205750858 -0.0005)
(0.00937459797269425 0.00124108096175685 -0.0005)
(0.010397044898603 0.00131810373076985 -0.0005)
(0.0114947095112411 0.00139561965748385 -0.0005)
(0.0126731627566722 0.0014728345536258 -0.0005)
(0.0139383617003098 0.00154876022892427 -0.0005)
(0.0152966645091912 0.0016221793040199 -0.0005)
(0.0167548419878307 0.0016916049280509 -0.0005)
(0.0183200841612735 0.00175523505491876 -0.0005)
(0.02 0.00181090108695958 -0.0005)
(0.00450616491286732 0.00103271260454845 -0.0005)
(0.00517342033037793 0.00111524067779326 -0.0005)
(0.00588987949615463 0.00120111102866176 -0.0005)
(0.00665926084005557 0.00129014689806452 -0.0005)
(0.00748556600854473 0.00138208912258565 -0.0005)
(0.00837309912044017 0.00147657846541102 -0.0005)
(0.0093264863284357 0.00157313478240791 -0.0005)
(0.010350695319553 0.00167113254037998 -0.0005)
(0.0114510542495054 0.00176977215835663 -0.0005)
(0.0126332694299897 0.00186804660445572 -0.0005)
(0.0139034408657905 0.00196470265769414 -0.0005)
(0.0152680744607471 0.00205819624671668 -0.0005)
(0.0167340893675918 0.0021466413208614 -0.0005)
(0.0183088185354584 0.00222775181437985 -0.0005)
(0.02 0.00229877646103596 -0.0005)
(0.00444914603382233 0.00125334905750161 -0.0005)
(0.0051152576996859 0.00135415969721426 -0.0005)
(0.00583094573585406 0.0014590600114836 -0.0005)
(0.00660000803832028 0.0015678357345499 -0.0005)
(0.00742653583181738 0.00168017225394984 -0.0005)
(0.00831493347601616 0.00179563308252247 -0.0005)
(0.00926993838576775 0.00191363447373893 -0.0005)
(0.0102966406000418 0.0020334155917693 -0.0005)
(0.0114005013645249 0.00215400359143923 -0.0005)
(0.0125873698770065 0.00227417291653034 -0.0005)
(0.0138634970724878 0.00239239809664844 -0.0005)
(0.015235544984756 0.00250679932605082 -0.0005)
(0.0167105898001828 0.00261508016077691 -0.0005)
(0.0182961162043494 0.00271445679888348 -0.0005)
(0.02 0.00280157864795329 -0.0005)
(0.00437971897058869 0.00147750828079217 -0.0005)
(0.00504512265044758 0.00159730334349509 -0.0005)
(0.0057605199747494 0.00172196840941725 -0.0005)
(0.00652979308561453 0.0018512512695006 -0.0005)
(0.00735712804131877 0.00198478092686384 -0.0005)
(0.00824703520150166 0.00212204209536703 -0.0005)
(0.0092043695296502 0.00226234512875608 -0.0005)
(0.0102343502460505 0.00240479068297626 -0.0005)
(0.011342579062238 0.0025482283475801 -0.0005)
(0.0125350559710569 0.002691208426822 -0.0005)
(0.0138181912426529 0.00283192601758401 -0.0005)
(0.0151988118722775 0.00296815653503378 -0.0005)
(0.0166841602255011 0.00309718189966697 -0.0005)
(0.0182818820144657 0.0032157067516071 -0.0005)
(0.02 0.00331976434168186 -0.0005)
(0.00429704442760628 0.0017044881449343 -0.0005)
(0.00496220951181825 0.00184402671524985 -0.0005)
(0.00567783296618399 0.00198925208221159 -0.0005)
(0.00644788620642948 0.00213987382185991 -0.0005)
(0.00727665564882735 0.0022954637798903 -0.0005)
(0.0081687637043529 0.00245542647964383 -0.0005)
(0.00912918948819057 0.0026189642264402 -0.0005)
(0.0101632885732799 0.00278503609871092 -0.0005)
(0.0112768108809667 0.00295230993900656 -0.0005)
(0.0124759155025662 0.00311910639372204 -0.0005)
(0.0137671808686957 0.00328333401156055 -0.0005)
(0.0151576082125686 0.00344241441512205 -0.0005)
(0.0166546156914487 0.00359319663285417 -0.0005)
(0.0182660198187257 0.00373185985531671 -0.0005)
(0.02 0.00385380420899276 -0.0005)
(0.00420028447219471 0.00193347031945296 -0.0005)
(0.00486571381081804 0.00209357464250364 -0.0005)
(0.00558211649768123 0.00226022295687537 -0.0005)
(0.00635355849869775 0.00243308654303946 -0.0005)
(0.00718443238362959 0.00261167950593147 -0.0005)
(0.00807947896052052 0.00279532497264513 -0.0005)
(0.00904380841827361 0.00298311523015065 -0.0005)
(0.0100829201984251 0.00317386487795992 -0.0005)
(0.0112027205470608 0.0033660559822312 -0.0005)
(0.0124095363549371 0.0035577741444095 -0.0005)
(0.0137101234621272 0.00374663435313659 -0.0005)
(0.0151116670646182 0.00392969549316105 -0.0005)
(0.0166217711940746 0.0041033624682416 -0.0005)
(0.0182484334274354 0.00426327509699592 -0.0005)
(0.02 0.00440418331696332 -0.0005)
(0.0040886132787813 0.00216351060413373 -0.0005)
(0.00475484253903599 0.00234507246933557 -0.0005)
(0.00547261314679267 0.00253408029312037 -0.0005)
(0.0062460911431456 0.00273016719870877 -0.0005)
(0.00707978131726963 0.00293278918618834 -0.0005)
(0.00797854951385255 0.00314118699763034 -0.0005)
(0.00894764423605367 0.00335434114323442 -0.0005)
(0.00999271665417556 0.00357091904438625 -0.0005)
(0.011119837824599 0.00378921314970186 -0.0005)
(0.012335511535687 0.00400706879729054 -0.0005)
(0.0136466807091688 0.00422180054640162 -0.0005)
(0.0150607246762954 0.00443009570726881 -0.0005)
(0.0165854438950731 0.00462790389196205 -0.0005)
(0.0182290277543756 0.00481031163703663 -0.0005)
(0.02 0.00497140157356237 -0.0005)
(0.00396122990719603 0.00239352937769246 -0.0005)
(0.00462882636350662 0.00259751694950921 -0.0005)
(0.00534858788488671 0.00280990205703195 -0.0005)
(0.00612478635757041 0.00303028005369893 -0.0005)
(0.00696204512294756 0.0032580487217396 -0.0005)
(0.00786536199209711 0.0034923656799144 -0.0005)
(0.00884013133767775 0.00373209814999998 -0.0005)
(0.00989216425917337 0.00397576391526439 -0.0005)
(0.0110277054752394 0.00422146219263802 -0.0005)
(0.0122534451627243 0.00446679304771338 -0.0005)
(0.0135765234155656 0.00470876392576375 -0.0005)
(0.0150045243150753 0.00494368187829483 -0.0005)
(0.0165454557607166 0.00516703016970533 -0.0005)
(0.0182077101807798 0.00537332820343232 -0.0005)
(0.02 0.00555597418171535 -0.0005)
(0.0038173733328737 0.00262230239946112 -0.0005)
(0.00448693398997962 0.00284976748030925 -0.0005)
(0.0052093417267999 0.00308663661707466 -0.0005)
(0.00598898028293933 0.00333246806223153 -0.0005)
(0.00683059814465791 0.00358660155221432 -0.0005)
(0.00773933230195847 0.00384811113050666 -0.0005)
(0.00872073085916374 0.00411574950329027 -0.0005)
(0.00978077337736615 0.00438788263455041 -0.0005)
(0.0109258874471526 0.00466241316391369 -0.0005)
(0.0121629595080945 0.00493669112789541 -0.0005)
(0.0134993373251631 0.00520741040323873 -0.0005)
(0.0149428207758728 0.00547048929805191 -0.0005)
(0.0165016366673803 0.00572093383291973 -0.0005)
(0.0181843921605512 0.00595268253661131 -0.0005)
(0.02 0.00615843210726187 -0.0005)
(0.00365633994670009 0.00284845225549134 -0.0005)
(0.00432848888670409 0.00310053795314521 -0.0005)
(0.00505422762417789 0.00336309502724575 -0.0005)
(0.00583805798811552 0.00363564561356641 -0.0005)
(0.0066848604510761 0.00391747189589177 -0.0005)
(0.00759991866558289 0.00420756421475976 -0.0005)
(0.00858894262428643 0.00450455985804747 -0.0005)
(0.00965808920113194 0.00480667111013658 -0.0005)
(0.0108139784119119 0.00511160100032506 -0.0005)
(0.0120637032014763 0.00541644507822525 -0.0005)
(0.0134148298967611 0.00571757747565982 -0.0005)
(0.0148753856314818 0.00601051952231783 -0.0005)
(0.0164538280187955 0.00628978931066458 -0.0005)
(0.0181589910900567 0.00654873091654195 -0.0005)
(0.02 0.00677932256123066 -0.0005)
(0.0034775037350197 0.00307044080415444 -0.0005)
(0.00415288856994813 0.00334838956035012 -0.0005)
(0.00488266879377394 0.0036379442200477 -0.0005)
(0.00567147077382419 0.00393859213779773 -0.0005)
(0.00652431404339719 0.00424955879674919 -0.0005)
(0.00744663665546549 0.00456975107098295 -0.0005)
(0.0084443189243881 0.00489769029380422 -0.0005)
(0.00952370418809362 0.00523143357464816 -0.0005)
(0.0106916147642734 0.00556848165835773 -0.0005)
(0.0119553606923189 0.00590567149702739 -0.0005)
(0.0133227381209601 0.00623905162995794 -0.0005)
(0.0148020132889431 0.00656373847577284 -0.0005)
(0.0164018869186713 0.00687375178110491 -0.0005)
(0.0181314324650602 0.00716182781058014 -0.0005)
(0.02 0.00741920949686994 -0.0005)
(0.00328033933381328 0.00328656304811671 -0.0005)
(0.003959626636694 0.00359172496623303 -0.0005)
(0.00469417965697257 0.00390970149718865 -0.0005)
(0.00548875594230578 0.00423994693813431 -0.0005)
(0.00634852137306107 0.00458163132169531 -0.0005)
(0.00727907637245688 0.00493357869752723 -0.0005)
(0.00828648026274222 0.00529419431813045 -0.0005)
(0.00937727227135162 0.00566137903346269 -0.0005)
(0.0105584871907643 0.00603242903678087 -0.0005)
(0.0118376630617511 0.00640391896961837 -0.0005)
(0.0132228374523033 0.00677156631254583 -0.0005)
(0.0147225279102007 0.0071300749976511 -0.0005)
(0.0163456909388979 0.00747295633153774 -0.0005)
(0.0181016523455896 0.00779232568823965 -0.0005)
(0.02 0.0080786741218848 -0.0005)
(0.0030644481226776 0.00349494293946988 -0.0005)
(0.00374831770282601 0.00382878432681893 -0.0005)
(0.00448838954102344 0.00417673077851934 -0.0005)
(0.0052895591747571 0.00453820568455658 -0.0005)
(0.00615714630248865 0.00491232531545596 -0.0005)
(0.00709692189038454 0.00529783198644483 -0.0005)
(0.00811513317669778 0.00569301519769959 -0.0005)
(0.0092185249453487 0.00609561891295471 -0.0005)
(0.0104143548975029 0.00650273296303165 -0.0005)
(0.0117104002620639 0.00691066641503117 -0.0005)
(0.0131149519210001 0.00731480065986885 -0.0005)
(0.0146367912468655 0.00770941998093495 -0.0005)
(0.0162851435176662 0.00808751753241794 -0.0005)
(0.0180696001464881 0.00844057505764425 -0.0005)
(0.02 0.00875831542634667 -0.0005)
(0.00282958748098572 0.00369353171239172 -0.0005)
(0.0035187253637831 0.00405764372643815 -0.0005)
(0.00426506925317045 0.00443724114930359 -0.0005)
(0.00507365962154947 0.00483171907889978 -0.0005)
(0.00594997760718521 0.00524014219099105 -0.0005)
(0.00689997305854452 0.00566117264715852 -0.0005)
(0.00793009022125813 0.00609298502353188 -0.0005)
(0.00904728930288291 0.00653316627603995 -0.0005)
(0.010259061564052 0.00697859856819047 -0.0005)
(0.0115734348412436 0.00742532262994718 -0.0005)
(0.012998965471726 0.00786837922120181 -0.0005)
(0.0145447114258909 0.00830162628428622 -0.0005)
(0.016220180012864 0.00871752954902547 -0.0005)
(0.0180352417667621 0.00910692478782471 -0.0005)
(0.02 0.00945875072675452 -0.0005)
(0.00257570326700952 0.003880109432069 -0.0005)
(0.00327079323577139 0.00427621668952048 -0.0005)
(0.00402416058289463 0.00468928833165446 -0.0005)
(0.00484099775736369 0.00511869428237401 -0.0005)
(0.00572695506805525 0.00556345030917146 -0.0005)
(0.00668816970737955 0.00602214053395333 -0.0005)
(0.00773129215563384 0.00649282598149116 -0.0005)
(0.00886350806076568 0.00697293703033945 -0.0005)
(0.0100925530564794 0.00745914742687769 -0.0005)
(0.0114267171810927 0.00794722735371516 -0.0005)
(0.0128748345530774 0.00843187294141342 -0.0005)
(0.0144462527044337 0.00890650962430954 -0.0005)
(0.0161507744233423 0.00936306693399295 -0.0005)
(0.017998563064238 0.00979172279115291 -0.0005)
(0.02 0.0101806162267419 -0.0005)
(0.00230296549693162 0.00405229054811302 -0.0005)
(0.00300467905547826 0.00448225952105499 -0.0005)
(0.00376580871129987 0.00493077979637124 -0.0005)
(0.00459170598143519 0.00539719978190116 -0.0005)
(0.00548819813536882 0.00588048958142497 -0.0005)
(0.00646161824011965 0.00637915796531366 -0.0005)
(0.00751883231697678 0.00689115436714385 -0.0005)
(0.00866726155986504 0.0074137536157019 -0.0005)
(0.00991489688700347 0.00794342089273965 -0.0005)
(0.0112703022380809 0.00847565422509206 -0.0005)
(0.012742601948707 0.00900480171005778 -0.0005)
(0.0143414461869421 0.00952385068568962 -0.0005)
(0.0160769467732542 0.0100241862645546 -0.0005)
(0.0179595736730452 0.0104953171508864 -0.0005)
(0.02 0.010924567594939 -0.0005)
(0.00201180709021897 0.0042075343428156 -0.0005)
(0.00272079171065153 0.00467338132678751 -0.0005)
(0.00349039740631215 0.00515948432419874 -0.0005)
(0.0043261418483334 0.00566517445926808 -0.0005)
(0.00523403705703504 0.00618938001114766 -0.0005)
(0.00622062051078338 0.00673053769929398 -0.0005)
(0.00729298308998353 0.00728648795391376 -0.0005)
(0.0084587916570985 0.0078543517208591 -0.0005)
(0.00972630334729566 0.00843038611595996 -0.0005)
(0.0111043677241707 0.00900981604932721 -0.0005)
(0.0126024117982807 0.00958663882280855 -0.0005)
(0.0142304014642806 0.0101533987174811 -0.0005)
(0.0159987711317688 0.0107009288095644 -0.0005)
(0.0179183111496044 0.0112180577897587 -0.0005)
(0.02 0.0116912805605152 -0.0005)
(0.00170296540608254 0.00434316126568195 -0.0005)
(0.00241983093841637 0.00484705966085407 -0.0005)
(0.00319858675357208 0.00537304691737902 -0.0005)
(0.00404492369308173 0.00592044171383003 -0.0005)
(0.00496504624989933 0.0064881349709367 -0.0005)
(0.00596570478322059 0.00707449530450825 -0.0005)
(0.00705422428414184 0.00767725739258657 -0.0005)
(0.00823852733945044 0.00829339064138984 -0.0005)
(0.00952714816510729 0.00891894528443794 -0.0005)
(0.0109292335982652 0.00954887284171484 -0.0005)
(0.0124545257013682 0.0101768177405071 -0.0005)
(0.0141133190920529 0.0107948769142558 -0.0005)
(0.0159163842110722 0.0113933244323053 -0.0005)
(0.0178748454176032 0.0119602987864025 -0.0005)
(0.02 0.0124814515269416 -0.0005)
(0.00137752611778295 0.00445637624067596 -0.0005)
(0.0021028292580945 0.00500066283935516 -0.0005)
(0.00289135301120369 0.00556901004868339 -0.0005)
(0.00374896826173234 0.00616072957101001 -0.0005)
(0.00468207954973078 0.00677468008906587 -0.0005)
(0.00569765843315032 0.00740916673717941 -0.0005)
(0.00680327310871819 0.00806182238517587 -0.0005)
(0.0080071117802451 0.00872946794981013 -0.0005)
(0.00931799643671552 0.0094079486821577 -0.0005)
(0.0107453826553173 0.0100919431583824 -0.0005)
(0.0122993397282861 0.0107747415679889 -0.0005)
(0.0139905037717387 0.0114479899094074 -0.0005)
(0.0158299944486647 0.0121013969548207 -0.0005)
(0.0178292834633587 0.0127224014565943 -0.0005)
(0.02 0.013295798204533 -0.0005)
(0.0010369687524092 0.0045443001147549 -0.0005)
(0.00177119549583157 0.00513148003689149 -0.0005)
(0.00257002997754019 0.00574484230974724 -0.0005)
(0.00343952977049722 0.00638369777931822 -0.0005)
(0.00438630679942506 0.00704687868465525 -0.0005)
(0.00541756189171619 0.0077326319959571 -0.0005)
(0.00654111528576171 0.00843849343232934 -0.0005)
(0.00776543042265324 0.00916113919931489 -0.0005)
(0.00909962746802718 0.00989621220313245 -0.0005)
(0.0105534818971793 0.0106381192636843 -0.0005)
(0.0121374020768391 0.0113797957067542 -0.0005)
(0.0138623780323313 0.012112433732641 -0.0005)
(0.0157398914345332 0.0128251712265473 -0.0005)
(0.0177817742094788 0.0135047383251277 -0.0005)
(0.02 0.0141350602623423 -0.0005)
(0.000683212958774815 0.00460401047673918 -0.0005)
(0.0014267590050529 0.00523676034088244 -0.0005)
(0.00223635102012699 0.00589797557547332 -0.0005)
(0.00311823958918432 0.00658697295050078 -0.0005)
(0.00407925102195142 0.00730256473959596 -0.0005)
(0.00512682313145563 0.00804294577131491 -0.0005)
(0.00626903666022874 0.00880555999480313 -0.0005)
(0.00751463951185754 0.00958694342002588 -0.0005)
(0.00887306001248935 0.0103825399923357 -0.0005)
(0.010354404244781 0.0111864867119915 -0.0005)
(0.0119694310110314 0.0119913641590344 -0.0005)
(0.0137294961304329 0.0127879086018799 -0.0005)
(0.0156464554888276 0.01356468215258 -0.0005)
(0.0177325134663217 0.0143076981206263 -0.0005)
(0.02 0.015 -0.0005)
(0.00463361212417818 0 0.0005)
(0.00531197868580042 0 0.0005)
(0.00603826086123076 0 0.0005)
(0.00681584311275921 0 0.0005)
(0.00764834896013704 0 0.0005)
(0.00853965786611575 0 0.0005)
(0.00949392331467592 0 0.0005)
(0.0105155921661902 0 0.0005)
(0.0116094253797153 0 0.0005)
(0.0127805201989782 0 0.0005)
(0.0140343339054431 0 0.0005)
(0.0153767092491483 0 0.0005)
(0.0168139016758192 0 0.0005)
(0.0183526084771367 0 0.0005)
(0.02 0 0.0005)
(0.00462653629854884 0.000195900701808864 0.0005)
(0.00530206640723668 0.000211355405612156 0.0005)
(0.00602570176658746 0.000227433854590002 0.0005)
(0.00680088594592782 0.000244102439046907 0.0005)
(0.00763130961679601 0.000261312021383201 0.0005)
(0.00852092786581766 0.000278994610228707 0.0005)
(0.0094739785321037 0.000297059439046557 0.0005)
(0.0104950015684587 0.000315388358335809 0.0005)
(0.0115888594045174 0.000333830441875804 0.0005)
(0.0127607582619881 0.000352195700245475 0.0005)
(0.0140162703359217 0.00037024779049202 0.0005)
(0.0153613567095774 0.000387695611311068 0.0005)
(0.0168023908120688 0.000404183681273449 0.0005)
(0.018346182155521 0.000419281217461753 0.0005)
(0.02 0.000432469868828843 0.0005)
(0.00461100959757015 0.000397418106111685 0.0005)
(0.00528397998680524 0.000428817001281812 0.0005)
(0.006005276742142 0.000461483646146313 0.0005)
(0.00677840616198757 0.000495349876038843 0.0005)
(0.00760713006594831 0.000530316001264855 0.0005)
(0.0084954835571654 0.000566244054026505 0.0005)
(0.00944779363649885 0.000602949826096539 0.0005)
(0.0104686985803379 0.000640193512720308 0.0005)
(0.0115631679446983 0.000677668760587973 0.0005)
(0.0127365229949704 0.000714989903079107 0.0005)
(0.0139944572800291 0.000751677157131125 0.0005)
(0.0153430569677784 0.000787139557073478 0.0005)
(0.0167888204325922 0.000820655417365757 0.0005)
(0.0183386764293629 0.000851350156440911 0.0005)
(0.02 0.000878171388883333 0.0005)
(0.00458629019604193 0.000604292900749432 0.0005)
(0.0052570074004442 0.000652159484956068 0.0005)
(0.00597630603499996 0.000701960047009483 0.0005)
(0.00674775896649897 0.000753590988038944 0.0005)
(0.00757520339512323 0.000806900710153202 0.0005)
(0.00846275908957357 0.000861679332187351 0.0005)
(0.0094148472967641 0.000917646563763109 0.0005)
(0.0104362101477234 0.000974437456631295 0.0005)
(0.0115319303034233 0.00103158572540335 0.0005)
(0.0127074504845267 0.00108850430748167 0.0005)
(0.0139685924026414 0.00114446281851882 0.0005)
(0.0153215744520557 0.00119856156124459 0.0005)
(0.0167730273240084 0.00124970177077755 0.0005)
(0.0183300064639619 0.00129655184086151 0.0005)
(0.02 0.00133750938974069 0.0005)
(0.00455160734336348 0.000816194449371008 0.0005)
(0.00522040888545308 0.000881090069388332 0.0005)
(0.00593808343538499 0.000948610341087709 0.0005)
(0.00670827449291096 0.00101861543418468 0.0005)
(0.00753489911621905 0.00109090056161738 0.0005)
(0.00842216665443373 0.00116518205750858 0.0005)
(0.00937459797269425 0.00124108096175685 0.0005)
(0.010397044898603 0.00131810373076985 0.0005)
(0.0114947095112411 0.00139561965748385 0.0005)
(0.0126731627566722 0.0014728345536258 0.0005)
(0.0139383617003098 0.00154876022892427 0.0005)
(0.0152966645091912 0.0016221793040199 0.0005)
(0.0167548419878308 0.0016916049280509 0.0005)
(0.0183200841612735 0.00175523505491876 0.0005)
(0.02 0.00181090108695958 0.0005)
(0.00450616491286732 0.00103271260454845 0.0005)
(0.00517342033037793 0.00111524067779326 0.0005)
(0.00588987949615463 0.00120111102866176 0.0005)
(0.00665926084005557 0.00129014689806452 0.0005)
(0.00748556600854473 0.00138208912258565 0.0005)
(0.00837309912044017 0.00147657846541102 0.0005)
(0.0093264863284357 0.00157313478240791 0.0005)
(0.010350695319553 0.00167113254037998 0.0005)
(0.0114510542495054 0.00176977215835663 0.0005)
(0.0126332694299897 0.00186804660445572 0.0005)
(0.0139034408657905 0.00196470265769414 0.0005)
(0.0152680744607471 0.00205819624671668 0.0005)
(0.0167340893675918 0.0021466413208614 0.0005)
(0.0183088185354584 0.00222775181437985 0.0005)
(0.02 0.00229877646103596 0.0005)
(0.00444914603382233 0.00125334905750161 0.0005)
(0.0051152576996859 0.00135415969721426 0.0005)
(0.00583094573585406 0.0014590600114836 0.0005)
(0.00660000803832028 0.0015678357345499 0.0005)
(0.00742653583181738 0.00168017225394984 0.0005)
(0.00831493347601616 0.00179563308252247 0.0005)
(0.00926993838576775 0.00191363447373893 0.0005)
(0.0102966406000418 0.0020334155917693 0.0005)
(0.0114005013645249 0.00215400359143923 0.0005)
(0.0125873698770065 0.00227417291653034 0.0005)
(0.0138634970724878 0.00239239809664844 0.0005)
(0.015235544984756 0.00250679932605082 0.0005)
(0.0167105898001828 0.00261508016077691 0.0005)
(0.0182961162043494 0.00271445679888348 0.0005)
(0.02 0.00280157864795329 0.0005)
(0.00437971897058869 0.00147750828079217 0.0005)
(0.00504512265044758 0.00159730334349509 0.0005)
(0.0057605199747494 0.00172196840941725 0.0005)
(0.00652979308561453 0.0018512512695006 0.0005)
(0.00735712804131877 0.00198478092686384 0.0005)
(0.00824703520150166 0.00212204209536704 0.0005)
(0.0092043695296502 0.00226234512875608 0.0005)
(0.0102343502460505 0.00240479068297626 0.0005)
(0.0113425790622379 0.0025482283475801 0.0005)
(0.0125350559710569 0.002691208426822 0.0005)
(0.0138181912426529 0.00283192601758401 0.0005)
(0.0151988118722775 0.00296815653503378 0.0005)
(0.0166841602255011 0.00309718189966697 0.0005)
(0.0182818820144657 0.0032157067516071 0.0005)
(0.02 0.00331976434168186 0.0005)
(0.00429704442760628 0.0017044881449343 0.0005)
(0.00496220951181825 0.00184402671524985 0.0005)
(0.00567783296618399 0.00198925208221159 0.0005)
(0.00644788620642948 0.00213987382185991 0.0005)
(0.00727665564882735 0.0022954637798903 0.0005)
(0.0081687637043529 0.00245542647964383 0.0005)
(0.00912918948819057 0.0026189642264402 0.0005)
(0.0101632885732799 0.00278503609871092 0.0005)
(0.0112768108809667 0.00295230993900656 0.0005)
(0.0124759155025662 0.00311910639372204 0.0005)
(0.0137671808686957 0.00328333401156055 0.0005)
(0.0151576082125686 0.00344241441512205 0.0005)
(0.0166546156914487 0.00359319663285417 0.0005)
(0.0182660198187257 0.00373185985531671 0.0005)
(0.02 0.00385380420899276 0.0005)
(0.00420028447219471 0.00193347031945296 0.0005)
(0.00486571381081804 0.00209357464250364 0.0005)
(0.00558211649768123 0.00226022295687537 0.0005)
(0.00635355849869775 0.00243308654303946 0.0005)
(0.00718443238362959 0.00261167950593147 0.0005)
(0.00807947896052052 0.00279532497264513 0.0005)
(0.00904380841827361 0.00298311523015065 0.0005)
(0.0100829201984251 0.00317386487795992 0.0005)
(0.0112027205470608 0.0033660559822312 0.0005)
(0.0124095363549371 0.0035577741444095 0.0005)
(0.0137101234621272 0.00374663435313659 0.0005)
(0.0151116670646182 0.00392969549316105 0.0005)
(0.0166217711940746 0.0041033624682416 0.0005)
(0.0182484334274354 0.00426327509699592 0.0005)
(0.02 0.00440418331696332 0.0005)
(0.0040886132787813 0.00216351060413373 0.0005)
(0.00475484253903599 0.00234507246933557 0.0005)
(0.00547261314679267 0.00253408029312037 0.0005)
(0.0062460911431456 0.00273016719870877 0.0005)
(0.00707978131726963 0.00293278918618834 0.0005)
(0.00797854951385255 0.00314118699763034 0.0005)
(0.00894764423605367 0.00335434114323442 0.0005)
(0.00999271665417556 0.00357091904438625 0.0005)
(0.011119837824599 0.00378921314970186 0.0005)
(0.012335511535687 0.00400706879729054 0.0005)
(0.0136466807091688 0.00422180054640162 0.0005)
(0.0150607246762954 0.00443009570726881 0.0005)
(0.0165854438950731 0.00462790389196205 0.0005)
(0.0182290277543756 0.00481031163703663 0.0005)
(0.02 0.00497140157356237 0.0005)
(0.00396122990719603 0.00239352937769246 0.0005)
(0.00462882636350662 0.00259751694950921 0.0005)
(0.00534858788488671 0.00280990205703195 0.0005)
(0.00612478635757041 0.00303028005369893 0.0005)
(0.00696204512294756 0.0032580487217396 0.0005)
(0.00786536199209711 0.0034923656799144 0.0005)
(0.00884013133767775 0.00373209814999998 0.0005)
(0.00989216425917337 0.00397576391526439 0.0005)
(0.0110277054752394 0.00422146219263802 0.0005)
(0.0122534451627243 0.00446679304771338 0.0005)
(0.0135765234155656 0.00470876392576375 0.0005)
(0.0150045243150753 0.00494368187829483 0.0005)
(0.0165454557607166 0.00516703016970533 0.0005)
(0.0182077101807798 0.00537332820343232 0.0005)
(0.02 0.00555597418171535 0.0005)
(0.0038173733328737 0.00262230239946112 0.0005)
(0.00448693398997962 0.00284976748030925 0.0005)
(0.0052093417267999 0.00308663661707466 0.0005)
(0.00598898028293933 0.00333246806223153 0.0005)
(0.00683059814465791 0.00358660155221432 0.0005)
(0.00773933230195847 0.00384811113050666 0.0005)
(0.00872073085916374 0.00411574950329027 0.0005)
(0.00978077337736615 0.00438788263455041 0.0005)
(0.0109258874471526 0.00466241316391369 0.0005)
(0.0121629595080945 0.00493669112789541 0.0005)
(0.0134993373251631 0.00520741040323873 0.0005)
(0.0149428207758728 0.00547048929805191 0.0005)
(0.0165016366673803 0.00572093383291973 0.0005)
(0.0181843921605512 0.00595268253661131 0.0005)
(0.02 0.00615843210726187 0.0005)
(0.00365633994670009 0.00284845225549134 0.0005)
(0.00432848888670409 0.00310053795314521 0.0005)
(0.00505422762417789 0.00336309502724575 0.0005)
(0.00583805798811553 0.00363564561356641 0.0005)
(0.0066848604510761 0.00391747189589176 0.0005)
(0.00759991866558289 0.00420756421475976 0.0005)
(0.00858894262428643 0.00450455985804748 0.0005)
(0.00965808920113194 0.00480667111013658 0.0005)
(0.0108139784119119 0.00511160100032506 0.0005)
(0.0120637032014763 0.00541644507822525 0.0005)
(0.0134148298967611 0.00571757747565982 0.0005)
(0.0148753856314818 0.00601051952231783 0.0005)
(0.0164538280187955 0.00628978931066459 0.0005)
(0.0181589910900567 0.00654873091654195 0.0005)
(0.02 0.00677932256123066 0.0005)
(0.0034775037350197 0.00307044080415444 0.0005)
(0.00415288856994813 0.00334838956035012 0.0005)
(0.00488266879377394 0.0036379442200477 0.0005)
(0.00567147077382419 0.00393859213779773 0.0005)
(0.00652431404339719 0.00424955879674919 0.0005)
(0.00744663665546549 0.00456975107098295 0.0005)
(0.0084443189243881 0.00489769029380422 0.0005)
(0.00952370418809362 0.00523143357464816 0.0005)
(0.0106916147642734 0.00556848165835773 0.0005)
(0.0119553606923189 0.00590567149702739 0.0005)
(0.0133227381209601 0.00623905162995794 0.0005)
(0.0148020132889431 0.00656373847577284 0.0005)
(0.0164018869186713 0.00687375178110491 0.0005)
(0.0181314324650602 0.00716182781058014 0.0005)
(0.02 0.00741920949686994 0.0005)
(0.00328033933381328 0.0032865630481167 0.0005)
(0.003959626636694 0.00359172496623303 0.0005)
(0.00469417965697257 0.00390970149718865 0.0005)
(0.00548875594230578 0.00423994693813431 0.0005)
(0.00634852137306107 0.00458163132169531 0.0005)
(0.00727907637245688 0.00493357869752723 0.0005)
(0.00828648026274222 0.00529419431813045 0.0005)
(0.00937727227135162 0.00566137903346269 0.0005)
(0.0105584871907643 0.00603242903678087 0.0005)
(0.0118376630617511 0.00640391896961837 0.0005)
(0.0132228374523033 0.00677156631254583 0.0005)
(0.0147225279102007 0.0071300749976511 0.0005)
(0.0163456909388979 0.00747295633153774 0.0005)
(0.0181016523455896 0.00779232568823965 0.0005)
(0.02 0.0080786741218848 0.0005)
(0.0030644481226776 0.00349494293946988 0.0005)
(0.00374831770282601 0.00382878432681893 0.0005)
(0.00448838954102344 0.00417673077851934 0.0005)
(0.0052895591747571 0.00453820568455658 0.0005)
(0.00615714630248865 0.00491232531545596 0.0005)
(0.00709692189038454 0.00529783198644483 0.0005)
(0.00811513317669778 0.00569301519769959 0.0005)
(0.0092185249453487 0.00609561891295471 0.0005)
(0.0104143548975029 0.00650273296303165 0.0005)
(0.0117104002620639 0.00691066641503117 0.0005)
(0.0131149519210001 0.00731480065986884 0.0005)
(0.0146367912468655 0.00770941998093495 0.0005)
(0.0162851435176662 0.00808751753241794 0.0005)
(0.0180696001464881 0.00844057505764425 0.0005)
(0.02 0.00875831542634667 0.0005)
(0.00282958748098572 0.00369353171239172 0.0005)
(0.0035187253637831 0.00405764372643815 0.0005)
(0.00426506925317045 0.00443724114930359 0.0005)
(0.00507365962154947 0.00483171907889978 0.0005)
(0.00594997760718521 0.00524014219099105 0.0005)
(0.00689997305854452 0.00566117264715852 0.0005)
(0.00793009022125813 0.00609298502353188 0.0005)
(0.00904728930288291 0.00653316627603995 0.0005)
(0.010259061564052 0.00697859856819047 0.0005)
(0.0115734348412436 0.00742532262994718 0.0005)
(0.012998965471726 0.00786837922120181 0.0005)
(0.0145447114258909 0.00830162628428622 0.0005)
(0.016220180012864 0.00871752954902547 0.0005)
(0.0180352417667621 0.00910692478782471 0.0005)
(0.02 0.00945875072675452 0.0005)
(0.00257570326700952 0.003880109432069 0.0005)
(0.00327079323577139 0.00427621668952048 0.0005)
(0.00402416058289463 0.00468928833165446 0.0005)
(0.00484099775736369 0.00511869428237401 0.0005)
(0.00572695506805525 0.00556345030917146 0.0005)
(0.00668816970737955 0.00602214053395333 0.0005)
(0.00773129215563384 0.00649282598149116 0.0005)
(0.00886350806076568 0.00697293703033945 0.0005)
(0.0100925530564794 0.00745914742687769 0.0005)
(0.0114267171810927 0.00794722735371516 0.0005)
(0.0128748345530774 0.00843187294141342 0.0005)
(0.0144462527044337 0.00890650962430954 0.0005)
(0.0161507744233423 0.00936306693399295 0.0005)
(0.017998563064238 0.00979172279115291 0.0005)
(0.02 0.0101806162267419 0.0005)
(0.00230296549693162 0.00405229054811302 0.0005)
(0.00300467905547826 0.00448225952105499 0.0005)
(0.00376580871129987 0.00493077979637124 0.0005)
(0.00459170598143519 0.00539719978190116 0.0005)
(0.00548819813536882 0.00588048958142497 0.0005)
(0.00646161824011965 0.00637915796531366 0.0005)
(0.00751883231697678 0.00689115436714385 0.0005)
(0.00866726155986504 0.0074137536157019 0.0005)
(0.00991489688700347 0.00794342089273965 0.0005)
(0.0112703022380809 0.00847565422509206 0.0005)
(0.012742601948707 0.00900480171005778 0.0005)
(0.0143414461869421 0.00952385068568961 0.0005)
(0.0160769467732542 0.0100241862645546 0.0005)
(0.0179595736730452 0.0104953171508864 0.0005)
(0.02 0.010924567594939 0.0005)
(0.00201180709021897 0.0042075343428156 0.0005)
(0.00272079171065153 0.00467338132678751 0.0005)
(0.00349039740631215 0.00515948432419874 0.0005)
(0.0043261418483334 0.00566517445926808 0.0005)
(0.00523403705703504 0.00618938001114766 0.0005)
(0.00622062051078338 0.00673053769929398 0.0005)
(0.00729298308998353 0.00728648795391376 0.0005)
(0.0084587916570985 0.0078543517208591 0.0005)
(0.00972630334729566 0.00843038611595996 0.0005)
(0.0111043677241707 0.00900981604932721 0.0005)
(0.0126024117982807 0.00958663882280855 0.0005)
(0.0142304014642806 0.0101533987174811 0.0005)
(0.0159987711317688 0.0107009288095644 0.0005)
(0.0179183111496044 0.0112180577897587 0.0005)
(0.02 0.0116912805605152 0.0005)
(0.00170296540608254 0.00434316126568195 0.0005)
(0.00241983093841637 0.00484705966085407 0.0005)
(0.00319858675357208 0.00537304691737902 0.0005)
(0.00404492369308173 0.00592044171383003 0.0005)
(0.00496504624989933 0.0064881349709367 0.0005)
(0.00596570478322059 0.00707449530450825 0.0005)
(0.00705422428414184 0.00767725739258657 0.0005)
(0.00823852733945044 0.00829339064138984 0.0005)
(0.00952714816510729 0.00891894528443794 0.0005)
(0.0109292335982652 0.00954887284171484 0.0005)
(0.0124545257013682 0.0101768177405071 0.0005)
(0.0141133190920529 0.0107948769142558 0.0005)
(0.0159163842110722 0.0113933244323053 0.0005)
(0.0178748454176032 0.0119602987864025 0.0005)
(0.02 0.0124814515269416 0.0005)
(0.00137752611778295 0.00445637624067596 0.0005)
(0.0021028292580945 0.00500066283935516 0.0005)
(0.00289135301120369 0.00556901004868339 0.0005)
(0.00374896826173234 0.00616072957101001 0.0005)
(0.00468207954973078 0.00677468008906587 0.0005)
(0.00569765843315032 0.00740916673717941 0.0005)
(0.00680327310871819 0.00806182238517587 0.0005)
(0.0080071117802451 0.00872946794981013 0.0005)
(0.00931799643671552 0.00940794868215769 0.0005)
(0.0107453826553173 0.0100919431583824 0.0005)
(0.0122993397282861 0.0107747415679889 0.0005)
(0.0139905037717387 0.0114479899094074 0.0005)
(0.0158299944486647 0.0121013969548207 0.0005)
(0.0178292834633587 0.0127224014565943 0.0005)
(0.02 0.013295798204533 0.0005)
(0.0010369687524092 0.0045443001147549 0.0005)
(0.00177119549583157 0.00513148003689149 0.0005)
(0.00257002997754019 0.00574484230974724 0.0005)
(0.00343952977049722 0.00638369777931822 0.0005)
(0.00438630679942506 0.00704687868465525 0.0005)
(0.00541756189171619 0.0077326319959571 0.0005)
(0.00654111528576171 0.00843849343232934 0.0005)
(0.00776543042265324 0.00916113919931489 0.0005)
(0.00909962746802718 0.00989621220313245 0.0005)
(0.0105534818971793 0.0106381192636843 0.0005)
(0.0121374020768391 0.0113797957067542 0.0005)
(0.0138623780323313 0.012112433732641 0.0005)
(0.0157398914345332 0.0128251712265473 0.0005)
(0.0177817742094788 0.0135047383251277 0.0005)
(0.02 0.0141350602623423 0.0005)
(0.000683212958774815 0.00460401047673918 0.0005)
(0.0014267590050529 0.00523676034088244 0.0005)
(0.00223635102012699 0.00589797557547332 0.0005)
(0.00311823958918432 0.00658697295050078 0.0005)
(0.00407925102195142 0.00730256473959597 0.0005)
(0.00512682313145563 0.00804294577131491 0.0005)
(0.00626903666022874 0.00880555999480313 0.0005)
(0.00751463951185754 0.00958694342002588 0.0005)
(0.00887306001248935 0.0103825399923357 0.0005)
(0.010354404244781 0.0111864867119915 0.0005)
(0.0119694310110314 0.0119913641590344 0.0005)
(0.0137294961304329 0.0127879086018799 0.0005)
(0.0156464554888276 0.01356468215258 0.0005)
(0.0177325134663217 0.0143076981206263 0.0005)
(0.02 0.015 0.0005)
(0.0218770065428153 0 -0.0005)
(0.0240102873134142 0 -0.0005)
(0.0264348323229276 0 -0.0005)
(0.029190408890332 0 -0.0005)
(0.032322213904895 0 -0.0005)
(0.0358816151442809 0 -0.0005)
(0.0399269938073936 0 -0.0005)
(0.0445247020811566 0 -0.0005)
(0.0497501514472152 0 -0.0005)
(0.0556890495789345 0 -0.0005)
(0.0624388061162451 0 -0.0005)
(0.0701101303758141 0 -0.0005)
(0.0788288472021398 0 -0.0005)
(0.0887379607431082 0 -0.0005)
(0.1 0 -0.0005)
(0.0218770065428153 0.000432469868828843 -0.0005)
(0.0240102873134142 0.000432469868828843 -0.0005)
(0.0264348323229276 0.000432469868828843 -0.0005)
(0.029190408890332 0.000432469868828843 -0.0005)
(0.032322213904895 0.000432469868828843 -0.0005)
(0.0358816151442809 0.000432469868828843 -0.0005)
(0.0399269938073936 0.000432469868828843 -0.0005)
(0.0445247020811566 0.000432469868828843 -0.0005)
(0.0497501514472152 0.000432469868828843 -0.0005)
(0.0556890495789345 0.000432469868828843 -0.0005)
(0.0624388061162451 0.000432469868828843 -0.0005)
(0.0701101303758141 0.000432469868828843 -0.0005)
(0.0788288472021398 0.000432469868828843 -0.0005)
(0.0887379607431082 0.000432469868828843 -0.0005)
(0.1 0.000432469868828843 -0.0005)
(0.0218770065428153 0.000878171388883333 -0.0005)
(0.0240102873134142 0.000878171388883333 -0.0005)
(0.0264348323229276 0.000878171388883333 -0.0005)
(0.029190408890332 0.000878171388883333 -0.0005)
(0.032322213904895 0.000878171388883333 -0.0005)
(0.0358816151442809 0.000878171388883333 -0.0005)
(0.0399269938073936 0.000878171388883333 -0.0005)
(0.0445247020811566 0.000878171388883333 -0.0005)
(0.0497501514472152 0.000878171388883333 -0.0005)
(0.0556890495789345 0.000878171388883333 -0.0005)
(0.0624388061162451 0.000878171388883333 -0.0005)
(0.0701101303758141 0.000878171388883333 -0.0005)
(0.0788288472021398 0.000878171388883333 -0.0005)
(0.0887379607431081 0.000878171388883333 -0.0005)
(0.1 0.000878171388883333 -0.0005)
(0.0218770065428153 0.00133750938974069 -0.0005)
(0.0240102873134142 0.00133750938974069 -0.0005)
(0.0264348323229276 0.00133750938974069 -0.0005)
(0.029190408890332 0.00133750938974069 -0.0005)
(0.032322213904895 0.00133750938974069 -0.0005)
(0.035881615144281 0.00133750938974069 -0.0005)
(0.0399269938073936 0.00133750938974069 -0.0005)
(0.0445247020811566 0.00133750938974069 -0.0005)
(0.0497501514472152 0.00133750938974069 -0.0005)
(0.0556890495789345 0.00133750938974069 -0.0005)
(0.0624388061162451 0.00133750938974069 -0.0005)
(0.0701101303758141 0.00133750938974069 -0.0005)
(0.0788288472021398 0.00133750938974069 -0.0005)
(0.0887379607431082 0.00133750938974069 -0.0005)
(0.1 0.00133750938974069 -0.0005)
(0.0218770065428153 0.00181090108695958 -0.0005)
(0.0240102873134142 0.00181090108695958 -0.0005)
(0.0264348323229276 0.00181090108695958 -0.0005)
(0.029190408890332 0.00181090108695958 -0.0005)
(0.032322213904895 0.00181090108695958 -0.0005)
(0.0358816151442809 0.00181090108695958 -0.0005)
(0.0399269938073936 0.00181090108695958 -0.0005)
(0.0445247020811566 0.00181090108695958 -0.0005)
(0.0497501514472152 0.00181090108695958 -0.0005)
(0.0556890495789345 0.00181090108695958 -0.0005)
(0.0624388061162451 0.00181090108695958 -0.0005)
(0.0701101303758141 0.00181090108695958 -0.0005)
(0.0788288472021398 0.00181090108695958 -0.0005)
(0.0887379607431082 0.00181090108695958 -0.0005)
(0.1 0.00181090108695958 -0.0005)
(0.0218770065428153 0.00229877646103596 -0.0005)
(0.0240102873134142 0.00229877646103596 -0.0005)
(0.0264348323229276 0.00229877646103596 -0.0005)
(0.029190408890332 0.00229877646103596 -0.0005)
(0.032322213904895 0.00229877646103596 -0.0005)
(0.0358816151442809 0.00229877646103596 -0.0005)
(0.0399269938073936 0.00229877646103596 -0.0005)
(0.0445247020811566 0.00229877646103596 -0.0005)
(0.0497501514472152 0.00229877646103596 -0.0005)
(0.0556890495789345 0.00229877646103596 -0.0005)
(0.0624388061162451 0.00229877646103596 -0.0005)
(0.0701101303758141 0.00229877646103596 -0.0005)
(0.0788288472021398 0.00229877646103596 -0.0005)
(0.0887379607431082 0.00229877646103596 -0.0005)
(0.1 0.00229877646103596 -0.0005)
(0.0218770065428153 0.00280157864795329 -0.0005)
(0.0240102873134142 0.00280157864795329 -0.0005)
(0.0264348323229276 0.00280157864795329 -0.0005)
(0.029190408890332 0.00280157864795329 -0.0005)
(0.032322213904895 0.00280157864795329 -0.0005)
(0.0358816151442809 0.00280157864795329 -0.0005)
(0.0399269938073936 0.00280157864795329 -0.0005)
(0.0445247020811566 0.00280157864795329 -0.0005)
(0.0497501514472152 0.00280157864795329 -0.0005)
(0.0556890495789345 0.00280157864795329 -0.0005)
(0.0624388061162451 0.00280157864795329 -0.0005)
(0.0701101303758141 0.00280157864795329 -0.0005)
(0.0788288472021398 0.00280157864795329 -0.0005)
(0.0887379607431082 0.00280157864795329 -0.0005)
(0.1 0.00280157864795329 -0.0005)
(0.0218770065428153 0.00331976434168186 -0.0005)
(0.0240102873134142 0.00331976434168186 -0.0005)
(0.0264348323229276 0.00331976434168186 -0.0005)
(0.029190408890332 0.00331976434168186 -0.0005)
(0.032322213904895 0.00331976434168186 -0.0005)
(0.0358816151442809 0.00331976434168186 -0.0005)
(0.0399269938073936 0.00331976434168186 -0.0005)
(0.0445247020811566 0.00331976434168186 -0.0005)
(0.0497501514472152 0.00331976434168186 -0.0005)
(0.0556890495789345 0.00331976434168186 -0.0005)
(0.0624388061162451 0.00331976434168186 -0.0005)
(0.0701101303758141 0.00331976434168186 -0.0005)
(0.0788288472021398 0.00331976434168186 -0.0005)
(0.0887379607431082 0.00331976434168186 -0.0005)
(0.1 0.00331976434168186 -0.0005)
(0.0218770065428153 0.00385380420899276 -0.0005)
(0.0240102873134142 0.00385380420899276 -0.0005)
(0.0264348323229276 0.00385380420899276 -0.0005)
(0.029190408890332 0.00385380420899276 -0.0005)
(0.032322213904895 0.00385380420899276 -0.0005)
(0.0358816151442809 0.00385380420899276 -0.0005)
(0.0399269938073936 0.00385380420899276 -0.0005)
(0.0445247020811566 0.00385380420899276 -0.0005)
(0.0497501514472152 0.00385380420899276 -0.0005)
(0.0556890495789345 0.00385380420899276 -0.0005)
(0.0624388061162451 0.00385380420899276 -0.0005)
(0.0701101303758141 0.00385380420899276 -0.0005)
(0.0788288472021398 0.00385380420899276 -0.0005)
(0.0887379607431082 0.00385380420899276 -0.0005)
(0.1 0.00385380420899276 -0.0005)
(0.0218770065428153 0.00440418331696332 -0.0005)
(0.0240102873134142 0.00440418331696332 -0.0005)
(0.0264348323229276 0.00440418331696332 -0.0005)
(0.029190408890332 0.00440418331696332 -0.0005)
(0.032322213904895 0.00440418331696332 -0.0005)
(0.0358816151442809 0.00440418331696332 -0.0005)
(0.0399269938073936 0.00440418331696332 -0.0005)
(0.0445247020811566 0.00440418331696332 -0.0005)
(0.0497501514472152 0.00440418331696332 -0.0005)
(0.0556890495789345 0.00440418331696332 -0.0005)
(0.0624388061162451 0.00440418331696332 -0.0005)
(0.0701101303758141 0.00440418331696332 -0.0005)
(0.0788288472021398 0.00440418331696332 -0.0005)
(0.0887379607431081 0.00440418331696332 -0.0005)
(0.1 0.00440418331696332 -0.0005)
(0.0218770065428153 0.00497140157356237 -0.0005)
(0.0240102873134142 0.00497140157356237 -0.0005)
(0.0264348323229276 0.00497140157356237 -0.0005)
(0.029190408890332 0.00497140157356237 -0.0005)
(0.032322213904895 0.00497140157356237 -0.0005)
(0.035881615144281 0.00497140157356237 -0.0005)
(0.0399269938073936 0.00497140157356237 -0.0005)
(0.0445247020811566 0.00497140157356237 -0.0005)
(0.0497501514472152 0.00497140157356237 -0.0005)
(0.0556890495789345 0.00497140157356237 -0.0005)
(0.0624388061162451 0.00497140157356237 -0.0005)
(0.0701101303758141 0.00497140157356237 -0.0005)
(0.0788288472021398 0.00497140157356237 -0.0005)
(0.0887379607431082 0.00497140157356237 -0.0005)
(0.1 0.00497140157356237 -0.0005)
(0.0218770065428153 0.00555597418171535 -0.0005)
(0.0240102873134142 0.00555597418171535 -0.0005)
(0.0264348323229276 0.00555597418171535 -0.0005)
(0.029190408890332 0.00555597418171535 -0.0005)
(0.032322213904895 0.00555597418171535 -0.0005)
(0.0358816151442809 0.00555597418171535 -0.0005)
(0.0399269938073936 0.00555597418171535 -0.0005)
(0.0445247020811566 0.00555597418171535 -0.0005)
(0.0497501514472152 0.00555597418171535 -0.0005)
(0.0556890495789345 0.00555597418171535 -0.0005)
(0.0624388061162451 0.00555597418171535 -0.0005)
(0.0701101303758141 0.00555597418171535 -0.0005)
(0.0788288472021398 0.00555597418171535 -0.0005)
(0.0887379607431082 0.00555597418171535 -0.0005)
(0.1 0.00555597418171535 -0.0005)
(0.0218770065428153 0.00615843210726187 -0.0005)
(0.0240102873134142 0.00615843210726187 -0.0005)
(0.0264348323229276 0.00615843210726187 -0.0005)
(0.029190408890332 0.00615843210726187 -0.0005)
(0.032322213904895 0.00615843210726187 -0.0005)
(0.0358816151442809 0.00615843210726187 -0.0005)
(0.0399269938073936 0.00615843210726187 -0.0005)
(0.0445247020811566 0.00615843210726187 -0.0005)
(0.0497501514472152 0.00615843210726187 -0.0005)
(0.0556890495789345 0.00615843210726187 -0.0005)
(0.0624388061162451 0.00615843210726187 -0.0005)
(0.0701101303758141 0.00615843210726187 -0.0005)
(0.0788288472021398 0.00615843210726187 -0.0005)
(0.0887379607431082 0.00615843210726187 -0.0005)
(0.1 0.00615843210726187 -0.0005)
(0.0218770065428153 0.00677932256123066 -0.0005)
(0.0240102873134142 0.00677932256123066 -0.0005)
(0.0264348323229276 0.00677932256123066 -0.0005)
(0.029190408890332 0.00677932256123066 -0.0005)
(0.032322213904895 0.00677932256123066 -0.0005)
(0.0358816151442809 0.00677932256123066 -0.0005)
(0.0399269938073936 0.00677932256123066 -0.0005)
(0.0445247020811566 0.00677932256123066 -0.0005)
(0.0497501514472152 0.00677932256123066 -0.0005)
(0.0556890495789345 0.00677932256123066 -0.0005)
(0.0624388061162451 0.00677932256123066 -0.0005)
(0.0701101303758141 0.00677932256123066 -0.0005)
(0.0788288472021398 0.00677932256123066 -0.0005)
(0.0887379607431082 0.00677932256123066 -0.0005)
(0.1 0.00677932256123066 -0.0005)
(0.0218770065428153 0.00741920949686994 -0.0005)
(0.0240102873134142 0.00741920949686994 -0.0005)
(0.0264348323229276 0.00741920949686994 -0.0005)
(0.029190408890332 0.00741920949686994 -0.0005)
(0.032322213904895 0.00741920949686994 -0.0005)
(0.0358816151442809 0.00741920949686994 -0.0005)
(0.0399269938073936 0.00741920949686994 -0.0005)
(0.0445247020811566 0.00741920949686994 -0.0005)
(0.0497501514472152 0.00741920949686994 -0.0005)
(0.0556890495789345 0.00741920949686994 -0.0005)
(0.0624388061162451 0.00741920949686994 -0.0005)
(0.0701101303758141 0.00741920949686994 -0.0005)
(0.0788288472021398 0.00741920949686994 -0.0005)
(0.0887379607431081 0.00741920949686994 -0.0005)
(0.1 0.00741920949686994 -0.0005)
(0.0218770065428153 0.0080786741218848 -0.0005)
(0.0240102873134142 0.0080786741218848 -0.0005)
(0.0264348323229276 0.0080786741218848 -0.0005)
(0.029190408890332 0.0080786741218848 -0.0005)
(0.032322213904895 0.0080786741218848 -0.0005)
(0.0358816151442809 0.0080786741218848 -0.0005)
(0.0399269938073936 0.0080786741218848 -0.0005)
(0.0445247020811566 0.0080786741218848 -0.0005)
(0.0497501514472152 0.0080786741218848 -0.0005)
(0.0556890495789345 0.0080786741218848 -0.0005)
(0.0624388061162451 0.0080786741218848 -0.0005)
(0.0701101303758141 0.0080786741218848 -0.0005)
(0.0788288472021398 0.0080786741218848 -0.0005)
(0.0887379607431082 0.0080786741218848 -0.0005)
(0.1 0.0080786741218848 -0.0005)
(0.0218770065428153 0.00875831542634667 -0.0005)
(0.0240102873134142 0.00875831542634667 -0.0005)
(0.0264348323229276 0.00875831542634667 -0.0005)
(0.029190408890332 0.00875831542634667 -0.0005)
(0.032322213904895 0.00875831542634667 -0.0005)
(0.0358816151442809 0.00875831542634667 -0.0005)
(0.0399269938073936 0.00875831542634667 -0.0005)
(0.0445247020811566 0.00875831542634667 -0.0005)
(0.0497501514472152 0.00875831542634667 -0.0005)
(0.0556890495789345 0.00875831542634667 -0.0005)
(0.0624388061162451 0.00875831542634667 -0.0005)
(0.0701101303758141 0.00875831542634667 -0.0005)
(0.0788288472021398 0.00875831542634667 -0.0005)
(0.0887379607431082 0.00875831542634667 -0.0005)
(0.1 0.00875831542634667 -0.0005)
(0.0218770065428153 0.00945875072675452 -0.0005)
(0.0240102873134142 0.00945875072675452 -0.0005)
(0.0264348323229276 0.00945875072675452 -0.0005)
(0.029190408890332 0.00945875072675452 -0.0005)
(0.032322213904895 0.00945875072675452 -0.0005)
(0.0358816151442809 0.00945875072675452 -0.0005)
(0.0399269938073936 0.00945875072675452 -0.0005)
(0.0445247020811566 0.00945875072675452 -0.0005)
(0.0497501514472152 0.00945875072675452 -0.0005)
(0.0556890495789345 0.00945875072675452 -0.0005)
(0.0624388061162451 0.00945875072675452 -0.0005)
(0.0701101303758141 0.00945875072675452 -0.0005)
(0.0788288472021398 0.00945875072675452 -0.0005)
(0.0887379607431082 0.00945875072675452 -0.0005)
(0.1 0.00945875072675452 -0.0005)
(0.0218770065428153 0.0101806162267419 -0.0005)
(0.0240102873134142 0.0101806162267419 -0.0005)
(0.0264348323229276 0.0101806162267419 -0.0005)
(0.029190408890332 0.0101806162267419 -0.0005)
(0.032322213904895 0.0101806162267419 -0.0005)
(0.0358816151442809 0.0101806162267419 -0.0005)
(0.0399269938073936 0.0101806162267419 -0.0005)
(0.0445247020811566 0.0101806162267419 -0.0005)
(0.0497501514472152 0.0101806162267419 -0.0005)
(0.0556890495789345 0.0101806162267419 -0.0005)
(0.0624388061162451 0.0101806162267419 -0.0005)
(0.0701101303758141 0.0101806162267419 -0.0005)
(0.0788288472021398 0.0101806162267419 -0.0005)
(0.0887379607431082 0.0101806162267419 -0.0005)
(0.1 0.0101806162267419 -0.0005)
(0.0218770065428153 0.010924567594939 -0.0005)
(0.0240102873134142 0.010924567594939 -0.0005)
(0.0264348323229276 0.010924567594939 -0.0005)
(0.029190408890332 0.010924567594939 -0.0005)
(0.032322213904895 0.010924567594939 -0.0005)
(0.0358816151442809 0.010924567594939 -0.0005)
(0.0399269938073936 0.010924567594939 -0.0005)
(0.0445247020811566 0.010924567594939 -0.0005)
(0.0497501514472152 0.010924567594939 -0.0005)
(0.0556890495789345 0.010924567594939 -0.0005)
(0.0624388061162451 0.010924567594939 -0.0005)
(0.0701101303758141 0.010924567594939 -0.0005)
(0.0788288472021398 0.010924567594939 -0.0005)
(0.0887379607431082 0.010924567594939 -0.0005)
(0.1 0.010924567594939 -0.0005)
(0.0218770065428153 0.0116912805605152 -0.0005)
(0.0240102873134142 0.0116912805605152 -0.0005)
(0.0264348323229276 0.0116912805605152 -0.0005)
(0.029190408890332 0.0116912805605152 -0.0005)
(0.032322213904895 0.0116912805605152 -0.0005)
(0.0358816151442809 0.0116912805605152 -0.0005)
(0.0399269938073936 0.0116912805605152 -0.0005)
(0.0445247020811566 0.0116912805605152 -0.0005)
(0.0497501514472152 0.0116912805605152 -0.0005)
(0.0556890495789345 0.0116912805605152 -0.0005)
(0.0624388061162451 0.0116912805605152 -0.0005)
(0.0701101303758141 0.0116912805605152 -0.0005)
(0.0788288472021398 0.0116912805605152 -0.0005)
(0.0887379607431082 0.0116912805605152 -0.0005)
(0.1 0.0116912805605152 -0.0005)
(0.0218770065428153 0.0124814515269416 -0.0005)
(0.0240102873134142 0.0124814515269416 -0.0005)
(0.0264348323229276 0.0124814515269416 -0.0005)
(0.029190408890332 0.0124814515269416 -0.0005)
(0.032322213904895 0.0124814515269416 -0.0005)
(0.0358816151442809 0.0124814515269416 -0.0005)
(0.0399269938073936 0.0124814515269416 -0.0005)
(0.0445247020811566 0.0124814515269416 -0.0005)
(0.0497501514472152 0.0124814515269416 -0.0005)
(0.0556890495789345 0.0124814515269416 -0.0005)
(0.0624388061162451 0.0124814515269416 -0.0005)
(0.0701101303758141 0.0124814515269416 -0.0005)
(0.0788288472021398 0.0124814515269416 -0.0005)
(0.0887379607431082 0.0124814515269416 -0.0005)
(0.1 0.0124814515269416 -0.0005)
(0.0218770065428153 0.013295798204533 -0.0005)
(0.0240102873134142 0.013295798204533 -0.0005)
(0.0264348323229276 0.013295798204533 -0.0005)
(0.029190408890332 0.013295798204533 -0.0005)
(0.032322213904895 0.013295798204533 -0.0005)
(0.0358816151442809 0.013295798204533 -0.0005)
(0.0399269938073936 0.013295798204533 -0.0005)
(0.0445247020811566 0.013295798204533 -0.0005)
(0.0497501514472152 0.013295798204533 -0.0005)
(0.0556890495789345 0.013295798204533 -0.0005)
(0.0624388061162451 0.013295798204533 -0.0005)
(0.0701101303758141 0.013295798204533 -0.0005)
(0.0788288472021398 0.013295798204533 -0.0005)
(0.0887379607431082 0.013295798204533 -0.0005)
(0.1 0.013295798204533 -0.0005)
(0.0218770065428153 0.0141350602623423 -0.0005)
(0.0240102873134142 0.0141350602623423 -0.0005)
(0.0264348323229276 0.0141350602623423 -0.0005)
(0.029190408890332 0.0141350602623423 -0.0005)
(0.032322213904895 0.0141350602623423 -0.0005)
(0.0358816151442809 0.0141350602623423 -0.0005)
(0.0399269938073936 0.0141350602623423 -0.0005)
(0.0445247020811566 0.0141350602623423 -0.0005)
(0.0497501514472152 0.0141350602623423 -0.0005)
(0.0556890495789345 0.0141350602623423 -0.0005)
(0.0624388061162451 0.0141350602623423 -0.0005)
(0.0701101303758141 0.0141350602623423 -0.0005)
(0.0788288472021398 0.0141350602623423 -0.0005)
(0.0887379607431082 0.0141350602623423 -0.0005)
(0.1 0.0141350602623423 -0.0005)
(0.0218770065428153 0.015 -0.0005)
(0.0240102873134142 0.015 -0.0005)
(0.0264348323229276 0.015 -0.0005)
(0.029190408890332 0.015 -0.0005)
(0.032322213904895 0.015 -0.0005)
(0.0358816151442809 0.015 -0.0005)
(0.0399269938073936 0.015 -0.0005)
(0.0445247020811566 0.015 -0.0005)
(0.0497501514472152 0.015 -0.0005)
(0.0556890495789345 0.015 -0.0005)
(0.0624388061162451 0.015 -0.0005)
(0.0701101303758141 0.015 -0.0005)
(0.0788288472021398 0.015 -0.0005)
(0.0887379607431082 0.015 -0.0005)
(0.1 0.015 -0.0005)
(0.0218770065428153 0 0.0005)
(0.0240102873134142 0 0.0005)
(0.0264348323229276 0 0.0005)
(0.029190408890332 0 0.0005)
(0.032322213904895 0 0.0005)
(0.0358816151442809 0 0.0005)
(0.0399269938073936 0 0.0005)
(0.0445247020811566 0 0.0005)
(0.0497501514472152 0 0.0005)
(0.0556890495789345 0 0.0005)
(0.0624388061162451 0 0.0005)
(0.0701101303758141 0 0.0005)
(0.0788288472021398 0 0.0005)
(0.0887379607431082 0 0.0005)
(0.1 0 0.0005)
(0.0218770065428153 0.000432469868828843 0.0005)
(0.0240102873134142 0.000432469868828843 0.0005)
(0.0264348323229276 0.000432469868828843 0.0005)
(0.029190408890332 0.000432469868828843 0.0005)
(0.032322213904895 0.000432469868828843 0.0005)
(0.0358816151442809 0.000432469868828843 0.0005)
(0.0399269938073936 0.000432469868828843 0.0005)
(0.0445247020811566 0.000432469868828843 0.0005)
(0.0497501514472152 0.000432469868828843 0.0005)
(0.0556890495789345 0.000432469868828843 0.0005)
(0.0624388061162451 0.000432469868828843 0.0005)
(0.0701101303758141 0.000432469868828843 0.0005)
(0.0788288472021398 0.000432469868828843 0.0005)
(0.0887379607431082 0.000432469868828843 0.0005)
(0.1 0.000432469868828843 0.0005)
(0.0218770065428153 0.000878171388883333 0.0005)
(0.0240102873134142 0.000878171388883333 0.0005)
(0.0264348323229276 0.000878171388883333 0.0005)
(0.029190408890332 0.000878171388883333 0.0005)
(0.032322213904895 0.000878171388883333 0.0005)
(0.0358816151442809 0.000878171388883333 0.0005)
(0.0399269938073936 0.000878171388883333 0.0005)
(0.0445247020811566 0.000878171388883333 0.0005)
(0.0497501514472152 0.000878171388883333 0.0005)
(0.0556890495789345 0.000878171388883333 0.0005)
(0.0624388061162451 0.000878171388883333 0.0005)
(0.0701101303758141 0.000878171388883333 0.0005)
(0.0788288472021398 0.000878171388883333 0.0005)
(0.0887379607431081 0.000878171388883333 0.0005)
(0.1 0.000878171388883333 0.0005)
(0.0218770065428153 0.00133750938974069 0.0005)
(0.0240102873134142 0.00133750938974069 0.0005)
(0.0264348323229276 0.00133750938974069 0.0005)
(0.029190408890332 0.00133750938974069 0.0005)
(0.032322213904895 0.00133750938974069 0.0005)
(0.035881615144281 0.00133750938974069 0.0005)
(0.0399269938073936 0.00133750938974069 0.0005)
(0.0445247020811566 0.00133750938974069 0.0005)
(0.0497501514472152 0.00133750938974069 0.0005)
(0.0556890495789345 0.00133750938974069 0.0005)
(0.0624388061162451 0.00133750938974069 0.0005)
(0.0701101303758141 0.00133750938974069 0.0005)
(0.0788288472021398 0.00133750938974069 0.0005)
(0.0887379607431082 0.00133750938974069 0.0005)
(0.1 0.00133750938974069 0.0005)
(0.0218770065428153 0.00181090108695958 0.0005)
(0.0240102873134142 0.00181090108695958 0.0005)
(0.0264348323229276 0.00181090108695958 0.0005)
(0.029190408890332 0.00181090108695958 0.0005)
(0.032322213904895 0.00181090108695958 0.0005)
(0.0358816151442809 0.00181090108695958 0.0005)
(0.0399269938073936 0.00181090108695958 0.0005)
(0.0445247020811566 0.00181090108695958 0.0005)
(0.0497501514472152 0.00181090108695958 0.0005)
(0.0556890495789345 0.00181090108695958 0.0005)
(0.0624388061162451 0.00181090108695958 0.0005)
(0.0701101303758141 0.00181090108695958 0.0005)
(0.0788288472021398 0.00181090108695958 0.0005)
(0.0887379607431082 0.00181090108695958 0.0005)
(0.1 0.00181090108695958 0.0005)
(0.0218770065428153 0.00229877646103596 0.0005)
(0.0240102873134142 0.00229877646103596 0.0005)
(0.0264348323229276 0.00229877646103596 0.0005)
(0.029190408890332 0.00229877646103596 0.0005)
(0.032322213904895 0.00229877646103596 0.0005)
(0.0358816151442809 0.00229877646103596 0.0005)
(0.0399269938073936 0.00229877646103596 0.0005)
(0.0445247020811566 0.00229877646103596 0.0005)
(0.0497501514472152 0.00229877646103596 0.0005)
(0.0556890495789345 0.00229877646103596 0.0005)
(0.0624388061162451 0.00229877646103596 0.0005)
(0.0701101303758141 0.00229877646103596 0.0005)
(0.0788288472021398 0.00229877646103596 0.0005)
(0.0887379607431082 0.00229877646103596 0.0005)
(0.1 0.00229877646103596 0.0005)
(0.0218770065428153 0.00280157864795329 0.0005)
(0.0240102873134142 0.00280157864795329 0.0005)
(0.0264348323229276 0.00280157864795329 0.0005)
(0.029190408890332 0.00280157864795329 0.0005)
(0.032322213904895 0.00280157864795329 0.0005)
(0.0358816151442809 0.00280157864795329 0.0005)
(0.0399269938073936 0.00280157864795329 0.0005)
(0.0445247020811566 0.00280157864795329 0.0005)
(0.0497501514472152 0.00280157864795329 0.0005)
(0.0556890495789345 0.00280157864795329 0.0005)
(0.0624388061162451 0.00280157864795329 0.0005)
(0.0701101303758141 0.00280157864795329 0.0005)
(0.0788288472021398 0.00280157864795329 0.0005)
(0.0887379607431082 0.00280157864795329 0.0005)
(0.1 0.00280157864795329 0.0005)
(0.0218770065428153 0.00331976434168186 0.0005)
(0.0240102873134142 0.00331976434168186 0.0005)
(0.0264348323229276 0.00331976434168186 0.0005)
(0.029190408890332 0.00331976434168186 0.0005)
(0.032322213904895 0.00331976434168186 0.0005)
(0.0358816151442809 0.00331976434168186 0.0005)
(0.0399269938073936 0.00331976434168186 0.0005)
(0.0445247020811566 0.00331976434168186 0.0005)
(0.0497501514472152 0.00331976434168186 0.0005)
(0.0556890495789345 0.00331976434168186 0.0005)
(0.0624388061162451 0.00331976434168186 0.0005)
(0.0701101303758141 0.00331976434168186 0.0005)
(0.0788288472021398 0.00331976434168186 0.0005)
(0.0887379607431082 0.00331976434168186 0.0005)
(0.1 0.00331976434168186 0.0005)
(0.0218770065428153 0.00385380420899276 0.0005)
(0.0240102873134142 0.00385380420899276 0.0005)
(0.0264348323229276 0.00385380420899276 0.0005)
(0.029190408890332 0.00385380420899276 0.0005)
(0.032322213904895 0.00385380420899276 0.0005)
(0.0358816151442809 0.00385380420899276 0.0005)
(0.0399269938073936 0.00385380420899276 0.0005)
(0.0445247020811566 0.00385380420899276 0.0005)
(0.0497501514472152 0.00385380420899276 0.0005)
(0.0556890495789345 0.00385380420899276 0.0005)
(0.0624388061162451 0.00385380420899276 0.0005)
(0.0701101303758141 0.00385380420899276 0.0005)
(0.0788288472021398 0.00385380420899276 0.0005)
(0.0887379607431082 0.00385380420899276 0.0005)
(0.1 0.00385380420899276 0.0005)
(0.0218770065428153 0.00440418331696332 0.0005)
(0.0240102873134142 0.00440418331696332 0.0005)
(0.0264348323229276 0.00440418331696332 0.0005)
(0.029190408890332 0.00440418331696332 0.0005)
(0.032322213904895 0.00440418331696332 0.0005)
(0.0358816151442809 0.00440418331696332 0.0005)
(0.0399269938073936 0.00440418331696332 0.0005)
(0.0445247020811566 0.00440418331696332 0.0005)
(0.0497501514472152 0.00440418331696332 0.0005)
(0.0556890495789345 0.00440418331696332 0.0005)
(0.0624388061162451 0.00440418331696332 0.0005)
(0.0701101303758141 0.00440418331696332 0.0005)
(0.0788288472021398 0.00440418331696332 0.0005)
(0.0887379607431081 0.00440418331696332 0.0005)
(0.1 0.00440418331696332 0.0005)
(0.0218770065428153 0.00497140157356237 0.0005)
(0.0240102873134142 0.00497140157356237 0.0005)
(0.0264348323229276 0.00497140157356237 0.0005)
(0.029190408890332 0.00497140157356237 0.0005)
(0.032322213904895 0.00497140157356237 0.0005)
(0.035881615144281 0.00497140157356237 0.0005)
(0.0399269938073936 0.00497140157356237 0.0005)
(0.0445247020811566 0.00497140157356237 0.0005)
(0.0497501514472152 0.00497140157356237 0.0005)
(0.0556890495789345 0.00497140157356237 0.0005)
(0.0624388061162451 0.00497140157356237 0.0005)
(0.0701101303758141 0.00497140157356237 0.0005)
(0.0788288472021398 0.00497140157356237 0.0005)
(0.0887379607431082 0.00497140157356237 0.0005)
(0.1 0.00497140157356237 0.0005)
(0.0218770065428153 0.00555597418171535 0.0005)
(0.0240102873134142 0.00555597418171535 0.0005)
(0.0264348323229276 0.00555597418171535 0.0005)
(0.029190408890332 0.00555597418171535 0.0005)
(0.032322213904895 0.00555597418171535 0.0005)
(0.0358816151442809 0.00555597418171535 0.0005)
(0.0399269938073936 0.00555597418171535 0.0005)
(0.0445247020811566 0.00555597418171535 0.0005)
(0.0497501514472152 0.00555597418171535 0.0005)
(0.0556890495789345 0.00555597418171535 0.0005)
(0.0624388061162451 0.00555597418171535 0.0005)
(0.0701101303758141 0.00555597418171535 0.0005)
(0.0788288472021398 0.00555597418171535 0.0005)
(0.0887379607431082 0.00555597418171535 0.0005)
(0.1 0.00555597418171535 0.0005)
(0.0218770065428153 0.00615843210726187 0.0005)
(0.0240102873134142 0.00615843210726187 0.0005)
(0.0264348323229276 0.00615843210726187 0.0005)
(0.029190408890332 0.00615843210726187 0.0005)
(0.032322213904895 0.00615843210726187 0.0005)
(0.0358816151442809 0.00615843210726187 0.0005)
(0.0399269938073936 0.00615843210726187 0.0005)
(0.0445247020811566 0.00615843210726187 0.0005)
(0.0497501514472152 0.00615843210726187 0.0005)
(0.0556890495789345 0.00615843210726187 0.0005)
(0.0624388061162451 0.00615843210726187 0.0005)
(0.0701101303758141 0.00615843210726187 0.0005)
(0.0788288472021398 0.00615843210726187 0.0005)
(0.0887379607431082 0.00615843210726187 0.0005)
(0.1 0.00615843210726187 0.0005)
(0.0218770065428153 0.00677932256123066 0.0005)
(0.0240102873134142 0.00677932256123066 0.0005)
(0.0264348323229276 0.00677932256123066 0.0005)
(0.029190408890332 0.00677932256123066 0.0005)
(0.032322213904895 0.00677932256123066 0.0005)
(0.0358816151442809 0.00677932256123066 0.0005)
(0.0399269938073936 0.00677932256123066 0.0005)
(0.0445247020811566 0.00677932256123066 0.0005)
(0.0497501514472152 0.00677932256123066 0.0005)
(0.0556890495789345 0.00677932256123066 0.0005)
(0.0624388061162451 0.00677932256123066 0.0005)
(0.0701101303758141 0.00677932256123066 0.0005)
(0.0788288472021398 0.00677932256123066 0.0005)
(0.0887379607431082 0.00677932256123066 0.0005)
(0.1 0.00677932256123066 0.0005)
(0.0218770065428153 0.00741920949686994 0.0005)
(0.0240102873134142 0.00741920949686994 0.0005)
(0.0264348323229276 0.00741920949686994 0.0005)
(0.029190408890332 0.00741920949686994 0.0005)
(0.032322213904895 0.00741920949686994 0.0005)
(0.0358816151442809 0.00741920949686994 0.0005)
(0.0399269938073936 0.00741920949686994 0.0005)
(0.0445247020811566 0.00741920949686994 0.0005)
(0.0497501514472152 0.00741920949686994 0.0005)
(0.0556890495789345 0.00741920949686994 0.0005)
(0.0624388061162451 0.00741920949686994 0.0005)
(0.0701101303758141 0.00741920949686994 0.0005)
(0.0788288472021398 0.00741920949686994 0.0005)
(0.0887379607431081 0.00741920949686994 0.0005)
(0.1 0.00741920949686994 0.0005)
(0.0218770065428153 0.0080786741218848 0.0005)
(0.0240102873134142 0.0080786741218848 0.0005)
(0.0264348323229276 0.0080786741218848 0.0005)
(0.029190408890332 0.0080786741218848 0.0005)
(0.032322213904895 0.0080786741218848 0.0005)
(0.0358816151442809 0.0080786741218848 0.0005)
(0.0399269938073936 0.0080786741218848 0.0005)
(0.0445247020811566 0.0080786741218848 0.0005)
(0.0497501514472152 0.0080786741218848 0.0005)
(0.0556890495789345 0.0080786741218848 0.0005)
(0.0624388061162451 0.0080786741218848 0.0005)
(0.0701101303758141 0.0080786741218848 0.0005)
(0.0788288472021398 0.0080786741218848 0.0005)
(0.0887379607431082 0.0080786741218848 0.0005)
(0.1 0.0080786741218848 0.0005)
(0.0218770065428153 0.00875831542634667 0.0005)
(0.0240102873134142 0.00875831542634667 0.0005)
(0.0264348323229276 0.00875831542634667 0.0005)
(0.029190408890332 0.00875831542634667 0.0005)
(0.032322213904895 0.00875831542634667 0.0005)
(0.0358816151442809 0.00875831542634667 0.0005)
(0.0399269938073936 0.00875831542634667 0.0005)
(0.0445247020811566 0.00875831542634667 0.0005)
(0.0497501514472152 0.00875831542634667 0.0005)
(0.0556890495789345 0.00875831542634667 0.0005)
(0.0624388061162451 0.00875831542634667 0.0005)
(0.0701101303758141 0.00875831542634667 0.0005)
(0.0788288472021398 0.00875831542634667 0.0005)
(0.0887379607431082 0.00875831542634667 0.0005)
(0.1 0.00875831542634667 0.0005)
(0.0218770065428153 0.00945875072675452 0.0005)
(0.0240102873134142 0.00945875072675452 0.0005)
(0.0264348323229276 0.00945875072675452 0.0005)
(0.029190408890332 0.00945875072675452 0.0005)
(0.032322213904895 0.00945875072675452 0.0005)
(0.0358816151442809 0.00945875072675452 0.0005)
(0.0399269938073936 0.00945875072675452 0.0005)
(0.0445247020811566 0.00945875072675452 0.0005)
(0.0497501514472152 0.00945875072675452 0.0005)
(0.0556890495789345 0.00945875072675452 0.0005)
(0.0624388061162451 0.00945875072675452 0.0005)
(0.0701101303758141 0.00945875072675452 0.0005)
(0.0788288472021398 0.00945875072675452 0.0005)
(0.0887379607431082 0.00945875072675452 0.0005)
(0.1 0.00945875072675452 0.0005)
(0.0218770065428153 0.0101806162267419 0.0005)
(0.0240102873134142 0.0101806162267419 0.0005)
(0.0264348323229276 0.0101806162267419 0.0005)
(0.029190408890332 0.0101806162267419 0.0005)
(0.032322213904895 0.0101806162267419 0.0005)
(0.0358816151442809 0.0101806162267419 0.0005)
(0.0399269938073936 0.0101806162267419 0.0005)
(0.0445247020811566 0.0101806162267419 0.0005)
(0.0497501514472152 0.0101806162267419 0.0005)
(0.0556890495789345 0.0101806162267419 0.0005)
(0.0624388061162451 0.0101806162267419 0.0005)
(0.0701101303758141 0.0101806162267419 0.0005)
(0.0788288472021398 0.0101806162267419 0.0005)
(0.0887379607431082 0.0101806162267419 0.0005)
(0.1 0.0101806162267419 0.0005)
(0.0218770065428153 0.010924567594939 0.0005)
(0.0240102873134142 0.010924567594939 0.0005)
(0.0264348323229276 0.010924567594939 0.0005)
(0.029190408890332 0.010924567594939 0.0005)
(0.032322213904895 0.010924567594939 0.0005)
(0.0358816151442809 0.010924567594939 0.0005)
(0.0399269938073936 0.010924567594939 0.0005)
(0.0445247020811566 0.010924567594939 0.0005)
(0.0497501514472152 0.010924567594939 0.0005)
(0.0556890495789345 0.010924567594939 0.0005)
(0.0624388061162451 0.010924567594939 0.0005)
(0.0701101303758141 0.010924567594939 0.0005)
(0.0788288472021398 0.010924567594939 0.0005)
(0.0887379607431082 0.010924567594939 0.0005)
(0.1 0.010924567594939 0.0005)
(0.0218770065428153 0.0116912805605152 0.0005)
(0.0240102873134142 0.0116912805605152 0.0005)
(0.0264348323229276 0.0116912805605152 0.0005)
(0.029190408890332 0.0116912805605152 0.0005)
(0.032322213904895 0.0116912805605152 0.0005)
(0.0358816151442809 0.0116912805605152 0.0005)
(0.0399269938073936 0.0116912805605152 0.0005)
(0.0445247020811566 0.0116912805605152 0.0005)
(0.0497501514472152 0.0116912805605152 0.0005)
(0.0556890495789345 0.0116912805605152 0.0005)
(0.0624388061162451 0.0116912805605152 0.0005)
(0.0701101303758141 0.0116912805605152 0.0005)
(0.0788288472021398 0.0116912805605152 0.0005)
(0.0887379607431082 0.0116912805605152 0.0005)
(0.1 0.0116912805605152 0.0005)
(0.0218770065428153 0.0124814515269416 0.0005)
(0.0240102873134142 0.0124814515269416 0.0005)
(0.0264348323229276 0.0124814515269416 0.0005)
(0.029190408890332 0.0124814515269416 0.0005)
(0.032322213904895 0.0124814515269416 0.0005)
(0.0358816151442809 0.0124814515269416 0.0005)
(0.0399269938073936 0.0124814515269416 0.0005)
(0.0445247020811566 0.0124814515269416 0.0005)
(0.0497501514472152 0.0124814515269416 0.0005)
(0.0556890495789345 0.0124814515269416 0.0005)
(0.0624388061162451 0.0124814515269416 0.0005)
(0.0701101303758141 0.0124814515269416 0.0005)
(0.0788288472021398 0.0124814515269416 0.0005)
(0.0887379607431082 0.0124814515269416 0.0005)
(0.1 0.0124814515269416 0.0005)
(0.0218770065428153 0.013295798204533 0.0005)
(0.0240102873134142 0.013295798204533 0.0005)
(0.0264348323229276 0.013295798204533 0.0005)
(0.029190408890332 0.013295798204533 0.0005)
(0.032322213904895 0.013295798204533 0.0005)
(0.0358816151442809 0.013295798204533 0.0005)
(0.0399269938073936 0.013295798204533 0.0005)
(0.0445247020811566 0.013295798204533 0.0005)
(0.0497501514472152 0.013295798204533 0.0005)
(0.0556890495789345 0.013295798204533 0.0005)
(0.0624388061162451 0.013295798204533 0.0005)
(0.0701101303758141 0.013295798204533 0.0005)
(0.0788288472021398 0.013295798204533 0.0005)
(0.0887379607431082 0.013295798204533 0.0005)
(0.1 0.013295798204533 0.0005)
(0.0218770065428153 0.0141350602623423 0.0005)
(0.0240102873134142 0.0141350602623423 0.0005)
(0.0264348323229276 0.0141350602623423 0.0005)
(0.029190408890332 0.0141350602623423 0.0005)
(0.032322213904895 0.0141350602623423 0.0005)
(0.0358816151442809 0.0141350602623423 0.0005)
(0.0399269938073936 0.0141350602623423 0.0005)
(0.0445247020811566 0.0141350602623423 0.0005)
(0.0497501514472152 0.0141350602623423 0.0005)
(0.0556890495789345 0.0141350602623423 0.0005)
(0.0624388061162451 0.0141350602623423 0.0005)
(0.0701101303758141 0.0141350602623423 0.0005)
(0.0788288472021398 0.0141350602623423 0.0005)
(0.0887379607431082 0.0141350602623423 0.0005)
(0.1 0.0141350602623423 0.0005)
(0.0218770065428153 0.015 0.0005)
(0.0240102873134142 0.015 0.0005)
(0.0264348323229276 0.015 0.0005)
(0.029190408890332 0.015 0.0005)
(0.032322213904895 0.015 0.0005)
(0.0358816151442809 0.015 0.0005)
(0.0399269938073936 0.015 0.0005)
(0.0445247020811566 0.015 0.0005)
(0.0497501514472152 0.015 0.0005)
(0.0556890495789345 0.015 0.0005)
(0.0624388061162451 0.015 0.0005)
(0.0701101303758141 0.015 0.0005)
(0.0788288472021398 0.015 0.0005)
(0.0887379607431082 0.015 0.0005)
(0.1 0.015 0.0005)
(0 0.00475180457415266 -0.0005)
(0 0.00597776433082607 -0.0005)
(0 0.00797692392183637 -0.0005)
(0 0.0112369322937043 -0.0005)
(0 0.0165529934188085 -0.0005)
(0 0.0252218379928642 -0.0005)
(0 0.0393580310276393 -0.0005)
(0 0.0624097712923666 -0.0005)
(0 0.1 -0.0005)
(-0.00046575829576337 0.00472892333632782 -0.0005)
(-0.000585923365271621 0.00594897976168396 -0.0005)
(-0.000781875271444865 0.00793851285283764 -0.0005)
(-0.00110141196950579 0.0111828233933441 -0.0005)
(-0.00162247707880564 0.0164732862311036 -0.0005)
(-0.00247217243391602 0.025100387949099 -0.0005)
(-0.00385776165033133 0.0391685113505971 -0.0005)
(-0.00611722731069968 0.0621092511852682 -0.0005)
(-0.00980171403295606 0.0995184726672197 -0.0005)
(-0.000927031084529155 0.00466049998168168 -0.0005)
(-0.00116620396823738 0.00586290326539368 -0.0005)
(-0.00155622065660922 0.00782364956543353 -0.0005)
(-0.0021922167396522 0.0110210177905529 -0.0005)
(-0.00322932881640619 0.0162349322917789 -0.0005)
(-0.0049205364958665 0.0247372074481162 -0.0005)
(-0.00767837094710293 0.0386017774975623 -0.0005)
(-0.0121755423783807 0.0612105850368853 -0.0005)
(-0.0195090322016128 0.098078528040323 -0.0005)
(-0.00137937605718418 0.0045471934645235 -0.0005)
(-0.00173525338947708 0.00572036380566873 -0.0005)
(-0.00231557878613367 0.00763344025587239 -0.0005)
(-0.0032619092642082 0.0107530737617375 -0.0005)
(-0.00480508035217405 0.0158402270795676 -0.0005)
(-0.00732151310152293 0.0241357941166749 -0.0005)
(-0.0114250333342294 0.0376632874253479 -0.0005)
(-0.0181166003171295 0.0597224274934877 -0.0005)
(-0.0290284677254462 0.0956940335732209 -0.0005)
(-0.00181843688436488 0.00439009498855316 -0.0005)
(-0.00228759137199013 0.00552273411542624 -0.0005)
(-0.00305263662612354 0.00736971674378429 -0.0005)
(-0.00430018781940889 0.0103815717543685 -0.0005)
(-0.00633455633742636 0.0152929718214312 -0.0005)
(-0.00965197953366551 0.0233019398939228 -0.0005)
(-0.0150616664047887 0.0363620793063801 -0.0005)
(-0.0238831854912831 0.057659110325728 -0.0005)
(-0.038268343236509 0.0923879532511287 -0.0005)
(-0.00223998517029042 0.00419071749797302 -0.0005)
(-0.00281789859906626 0.00527191747661863 -0.0005)
(-0.00376029590666291 0.00703501883075658 -0.0005)
(-0.00529705321518688 0.00991008953586056 -0.0005)
(-0.00780302708232853 0.0145984368846656 -0.0005)
(-0.0118894921265902 0.0222436752518562 -0.0005)
(-0.0185532473943255 0.0347106844861575 -0.0005)
(-0.0294197625332785 0.0550405044058557 -0.0005)
(-0.0471396736825998 0.0881921264348355 -0.0005)
(-0.00263996117452561 0.00395098110700818 -0.0005)
(-0.00332106792221331 0.00497032939058794 -0.0005)
(-0.00443174148203427 0.00663256984065619 -0.0005)
(-0.00624290509283879 0.00934316773771627 -0.0005)
(-0.00919635041085936 0.0137633110203833 -0.0005)
(-0.0140125024108782 0.0209711918574844 -0.0005)
(-0.0218661504692183 0.0327250067995428 -0.0005)
(-0.0346730111796002 0.0518918283403546 -0.0005)
(-0.0555570233019602 0.0831469612302545 -0.0005)
(-0.00301451290950054 0.00367319460815688 -0.0005)
(-0.00379225354578905 0.00462087431546746 -0.0005)
(-0.00506050696429733 0.0061662455772588 -0.0005)
(-0.0071286343817276 0.00868626612676274 -0.0005)
(-0.0105011078576971 0.0127956369471835 -0.0005)
(-0.0160005646369366 0.0194967444215055 -0.0005)
(-0.0249684705618388 0.0304241694081402 -0.0005)
(-0.0395923397740665 0.048243405600977 -0.0005)
(-0.0634393284163646 0.0773010453362737 -0.0005)
(-0.00336003323725661 0.00336003323725661 -0.0005)
(-0.00422691769466218 0.00422691769466218 -0.0005)
(-0.00564053699813969 0.00564053699813969 -0.0005)
(-0.00794571102461242 0.00794571102461242 -0.0005)
(-0.0117047338953758 0.0117047338953758 -0.0005)
(-0.0178345326787428 0.0178345326787428 -0.0005)
(-0.0278303306337943 0.0278303306337943 -0.0005)
(-0.044130372493134 0.044130372493134 -0.0005)
(-0.0707106781186548 0.0707106781186548 -0.0005)
(-0.00367319460815688 0.00301451290950054 -0.0005)
(-0.00462087431546746 0.00379225354578905 -0.0005)
(-0.0061662455772588 0.00506050696429733 -0.0005)
(-0.00868626612676275 0.0071286343817276 -0.0005)
(-0.0127956369471835 0.0105011078576971 -0.0005)
(-0.0194967444215055 0.0160005646369365 -0.0005)
(-0.0304241694081401 0.0249684705618388 -0.0005)
(-0.0482434056009771 0.0395923397740665 -0.0005)
(-0.0773010453362737 0.0634393284163645 -0.0005)
(-0.00395098110700818 0.00263996117452561 -0.0005)
(-0.00497032939058794 0.00332106792221331 -0.0005)
(-0.00663256984065619 0.00443174148203427 -0.0005)
(-0.00934316773771627 0.00624290509283879 -0.0005)
(-0.0137633110203833 0.00919635041085936 -0.0005)
(-0.0209711918574844 0.0140125024108782 -0.0005)
(-0.0327250067995428 0.0218661504692183 -0.0005)
(-0.0518918283403546 0.0346730111796002 -0.0005)
(-0.0831469612302545 0.0555570233019602 -0.0005)
(-0.00419071749797302 0.00223998517029042 -0.0005)
(-0.00527191747661863 0.00281789859906626 -0.0005)
(-0.00703501883075657 0.00376029590666291 -0.0005)
(-0.00991008953586056 0.00529705321518688 -0.0005)
(-0.0145984368846656 0.00780302708232852 -0.0005)
(-0.0222436752518562 0.0118894921265902 -0.0005)
(-0.0347106844861575 0.0185532473943255 -0.0005)
(-0.0550405044058557 0.0294197625332785 -0.0005)
(-0.0881921264348355 0.0471396736825998 -0.0005)
(-0.00439009498855316 0.00181843688436488 -0.0005)
(-0.00552273411542624 0.00228759137199013 -0.0005)
(-0.00736971674378429 0.00305263662612354 -0.0005)
(-0.0103815717543685 0.00430018781940888 -0.0005)
(-0.0152929718214312 0.00633455633742636 -0.0005)
(-0.0233019398939228 0.00965197953366551 -0.0005)
(-0.0363620793063801 0.0150616664047887 -0.0005)
(-0.057659110325728 0.0238831854912831 -0.0005)
(-0.0923879532511287 0.038268343236509 -0.0005)
(-0.0045471934645235 0.00137937605718418 -0.0005)
(-0.00572036380566873 0.00173525338947708 -0.0005)
(-0.00763344025587239 0.00231557878613367 -0.0005)
(-0.0107530737617375 0.0032619092642082 -0.0005)
(-0.0158402270795676 0.00480508035217405 -0.0005)
(-0.0241357941166749 0.00732151310152292 -0.0005)
(-0.0376632874253479 0.0114250333342294 -0.0005)
(-0.0597224274934877 0.0181166003171294 -0.0005)
(-0.0956940335732209 0.0290284677254462 -0.0005)
(-0.00466049998168168 0.000927031084529155 -0.0005)
(-0.00586290326539368 0.00116620396823738 -0.0005)
(-0.00782364956543353 0.00155622065660921 -0.0005)
(-0.0110210177905529 0.0021922167396522 -0.0005)
(-0.0162349322917789 0.00322932881640619 -0.0005)
(-0.0247372074481162 0.0049205364958665 -0.0005)
(-0.0386017774975623 0.00767837094710292 -0.0005)
(-0.0612105850368853 0.0121755423783807 -0.0005)
(-0.098078528040323 0.0195090322016128 -0.0005)
(-0.00472892333632782 0.00046575829576337 -0.0005)
(-0.00594897976168396 0.000585923365271621 -0.0005)
(-0.00793851285283764 0.000781875271444865 -0.0005)
(-0.0111828233933441 0.00110141196950579 -0.0005)
(-0.0164732862311036 0.00162247707880564 -0.0005)
(-0.025100387949099 0.00247217243391602 -0.0005)
(-0.0391685113505971 0.00385776165033132 -0.0005)
(-0.0621092511852682 0.00611722731069968 -0.0005)
(-0.0995184726672197 0.00980171403295606 -0.0005)
(-0.00475180457415267 -6.7828614396552e-19 -0.0005)
(-0.00597776433082607 -7.69366288316481e-19 -0.0005)
(-0.00797692392183638 -9.17889715075531e-19 -0.0005)
(-0.0112369322937043 -1.16008529407297e-18 -0.0005)
(-0.0165529934188085 -1.5550310596394e-18 -0.0005)
(-0.0252218379928642 -2.19906493665954e-18 -0.0005)
(-0.0393580310276393 -3.24928415892342e-18 -0.0005)
(-0.0624097712923666 -4.96186552174831e-18 -0.0005)
(-0.1 0 -0.0005)
(0 0.00475180457415266 0.0005)
(0 0.00597776433082607 0.0005)
(0 0.00797692392183637 0.0005)
(0 0.0112369322937043 0.0005)
(0 0.0165529934188085 0.0005)
(0 0.0252218379928642 0.0005)
(0 0.0393580310276393 0.0005)
(0 0.0624097712923666 0.0005)
(0 0.1 0.0005)
(-0.00046575829576337 0.00472892333632782 0.0005)
(-0.000585923365271621 0.00594897976168396 0.0005)
(-0.000781875271444865 0.00793851285283764 0.0005)
(-0.00110141196950579 0.0111828233933441 0.0005)
(-0.00162247707880564 0.0164732862311036 0.0005)
(-0.00247217243391602 0.025100387949099 0.0005)
(-0.00385776165033133 0.0391685113505971 0.0005)
(-0.00611722731069968 0.0621092511852682 0.0005)
(-0.00980171403295606 0.0995184726672197 0.0005)
(-0.000927031084529155 0.00466049998168168 0.0005)
(-0.00116620396823738 0.00586290326539368 0.0005)
(-0.00155622065660922 0.00782364956543353 0.0005)
(-0.0021922167396522 0.0110210177905529 0.0005)
(-0.00322932881640619 0.0162349322917789 0.0005)
(-0.0049205364958665 0.0247372074481162 0.0005)
(-0.00767837094710293 0.0386017774975623 0.0005)
(-0.0121755423783807 0.0612105850368853 0.0005)
(-0.0195090322016128 0.098078528040323 0.0005)
(-0.00137937605718418 0.0045471934645235 0.0005)
(-0.00173525338947708 0.00572036380566873 0.0005)
(-0.00231557878613367 0.00763344025587239 0.0005)
(-0.0032619092642082 0.0107530737617375 0.0005)
(-0.00480508035217405 0.0158402270795676 0.0005)
(-0.00732151310152293 0.0241357941166749 0.0005)
(-0.0114250333342294 0.0376632874253479 0.0005)
(-0.0181166003171295 0.0597224274934877 0.0005)
(-0.0290284677254462 0.0956940335732209 0.0005)
(-0.00181843688436488 0.00439009498855316 0.0005)
(-0.00228759137199013 0.00552273411542624 0.0005)
(-0.00305263662612354 0.00736971674378429 0.0005)
(-0.00430018781940889 0.0103815717543685 0.0005)
(-0.00633455633742636 0.0152929718214312 0.0005)
(-0.00965197953366551 0.0233019398939228 0.0005)
(-0.0150616664047887 0.0363620793063801 0.0005)
(-0.0238831854912831 0.057659110325728 0.0005)
(-0.038268343236509 0.0923879532511287 0.0005)
(-0.00223998517029042 0.00419071749797302 0.0005)
(-0.00281789859906626 0.00527191747661863 0.0005)
(-0.00376029590666291 0.00703501883075658 0.0005)
(-0.00529705321518688 0.00991008953586056 0.0005)
(-0.00780302708232852 0.0145984368846656 0.0005)
(-0.0118894921265902 0.0222436752518562 0.0005)
(-0.0185532473943255 0.0347106844861575 0.0005)
(-0.0294197625332785 0.0550405044058557 0.0005)
(-0.0471396736825998 0.0881921264348355 0.0005)
(-0.00263996117452561 0.00395098110700818 0.0005)
(-0.00332106792221331 0.00497032939058794 0.0005)
(-0.00443174148203427 0.00663256984065619 0.0005)
(-0.00624290509283879 0.00934316773771627 0.0005)
(-0.00919635041085936 0.0137633110203833 0.0005)
(-0.0140125024108782 0.0209711918574844 0.0005)
(-0.0218661504692183 0.0327250067995428 0.0005)
(-0.0346730111796002 0.0518918283403546 0.0005)
(-0.0555570233019602 0.0831469612302545 0.0005)
(-0.00301451290950054 0.00367319460815688 0.0005)
(-0.00379225354578905 0.00462087431546746 0.0005)
(-0.00506050696429733 0.0061662455772588 0.0005)
(-0.0071286343817276 0.00868626612676274 0.0005)
(-0.0105011078576971 0.0127956369471835 0.0005)
(-0.0160005646369366 0.0194967444215055 0.0005)
(-0.0249684705618388 0.0304241694081402 0.0005)
(-0.0395923397740665 0.048243405600977 0.0005)
(-0.0634393284163646 0.0773010453362737 0.0005)
(-0.00336003323725661 0.00336003323725661 0.0005)
(-0.00422691769466218 0.00422691769466218 0.0005)
(-0.00564053699813969 0.00564053699813969 0.0005)
(-0.00794571102461242 0.00794571102461242 0.0005)
(-0.0117047338953758 0.0117047338953758 0.0005)
(-0.0178345326787428 0.0178345326787428 0.0005)
(-0.0278303306337943 0.0278303306337943 0.0005)
(-0.044130372493134 0.044130372493134 0.0005)
(-0.0707106781186548 0.0707106781186548 0.0005)
(-0.00367319460815688 0.00301451290950054 0.0005)
(-0.00462087431546746 0.00379225354578905 0.0005)
(-0.0061662455772588 0.00506050696429733 0.0005)
(-0.00868626612676275 0.0071286343817276 0.0005)
(-0.0127956369471835 0.0105011078576971 0.0005)
(-0.0194967444215055 0.0160005646369365 0.0005)
(-0.0304241694081401 0.0249684705618388 0.0005)
(-0.0482434056009771 0.0395923397740665 0.0005)
(-0.0773010453362737 0.0634393284163645 0.0005)
(-0.00395098110700818 0.00263996117452561 0.0005)
(-0.00497032939058794 0.00332106792221331 0.0005)
(-0.00663256984065619 0.00443174148203427 0.0005)
(-0.00934316773771627 0.00624290509283879 0.0005)
(-0.0137633110203833 0.00919635041085936 0.0005)
(-0.0209711918574844 0.0140125024108782 0.0005)
(-0.0327250067995428 0.0218661504692183 0.0005)
(-0.0518918283403546 0.0346730111796002 0.0005)
(-0.0831469612302545 0.0555570233019602 0.0005)
(-0.00419071749797302 0.00223998517029042 0.0005)
(-0.00527191747661863 0.00281789859906626 0.0005)
(-0.00703501883075657 0.00376029590666291 0.0005)
(-0.00991008953586056 0.00529705321518688 0.0005)
(-0.0145984368846656 0.00780302708232852 0.0005)
(-0.0222436752518562 0.0118894921265902 0.0005)
(-0.0347106844861575 0.0185532473943255 0.0005)
(-0.0550405044058557 0.0294197625332785 0.0005)
(-0.0881921264348355 0.0471396736825998 0.0005)
(-0.00439009498855316 0.00181843688436488 0.0005)
(-0.00552273411542624 0.00228759137199013 0.0005)
(-0.00736971674378429 0.00305263662612354 0.0005)
(-0.0103815717543685 0.00430018781940888 0.0005)
(-0.0152929718214312 0.00633455633742636 0.0005)
(-0.0233019398939228 0.00965197953366551 0.0005)
(-0.0363620793063801 0.0150616664047887 0.0005)
(-0.057659110325728 0.0238831854912831 0.0005)
(-0.0923879532511287 0.038268343236509 0.0005)
(-0.0045471934645235 0.00137937605718418 0.0005)
(-0.00572036380566873 0.00173525338947708 0.0005)
(-0.00763344025587239 0.00231557878613367 0.0005)
(-0.0107530737617375 0.0032619092642082 0.0005)
(-0.0158402270795676 0.00480508035217405 0.0005)
(-0.0241357941166749 0.00732151310152292 0.0005)
(-0.0376632874253479 0.0114250333342294 0.0005)
(-0.0597224274934877 0.0181166003171294 0.0005)
(-0.0956940335732209 0.0290284677254462 0.0005)
(-0.00466049998168168 0.000927031084529155 0.0005)
(-0.00586290326539368 0.00116620396823738 0.0005)
(-0.00782364956543353 0.00155622065660921 0.0005)
(-0.0110210177905529 0.0021922167396522 0.0005)
(-0.0162349322917789 0.00322932881640619 0.0005)
(-0.0247372074481162 0.0049205364958665 0.0005)
(-0.0386017774975623 0.00767837094710292 0.0005)
(-0.0612105850368853 0.0121755423783807 0.0005)
(-0.098078528040323 0.0195090322016128 0.0005)
(-0.00472892333632782 0.00046575829576337 0.0005)
(-0.00594897976168396 0.000585923365271621 0.0005)
(-0.00793851285283764 0.000781875271444865 0.0005)
(-0.0111828233933441 0.00110141196950579 0.0005)
(-0.0164732862311036 0.00162247707880564 0.0005)
(-0.025100387949099 0.00247217243391602 0.0005)
(-0.0391685113505971 0.00385776165033132 0.0005)
(-0.0621092511852682 0.00611722731069968 0.0005)
(-0.0995184726672197 0.00980171403295606 0.0005)
(-0.00475180457415267 -6.7828614396552e-19 0.0005)
(-0.00597776433082607 -7.69366288316481e-19 0.0005)
(-0.00797692392183638 -9.17889715075531e-19 0.0005)
(-0.0112369322937043 -1.16008529407297e-18 0.0005)
(-0.0165529934188085 -1.5550310596394e-18 0.0005)
(-0.0252218379928642 -2.19906493665954e-18 0.0005)
(-0.0393580310276393 -3.24928415892342e-18 0.0005)
(-0.0624097712923666 -4.96186552174831e-18 0.0005)
(-0.1 0 0.0005)
(0.000684065021159893 0.00535108486506634 -0.0005)
(0.00142842875010767 0.00597887947668713 -0.0005)
(0.00223879027400349 0.00663491653796691 -0.0005)
(0.00312138435875602 0.00731851816947224 -0.0005)
(0.00408301932630559 0.00802850594627297 -0.0005)
(0.00513111271848627 0.00876308883376002 -0.0005)
(0.00627372265409157 0.00951973079827394 -0.0005)
(0.00751957206013042 0.010294994977317 -0.0005)
(0.00887806203233111 0.0110843609960618 -0.0005)
(0.0103592694071501 0.0118820117696634 -0.0005)
(0.0119739221534976 0.0126805859818487 -0.0005)
(0.0137333443551592 0.0134708924480729 -0.0005)
(0.0156493602863277 0.0142415828538928 -0.0005)
(0.0177341443115817 0.0149787800427366 -0.0005)
(0.02 0.015665660300031 -0.0005)
(0.000685454470267005 0.00656933115781171 -0.0005)
(0.00143115158568412 0.00718904529162541 -0.0005)
(0.00224276793946566 0.00783663836052908 -0.0005)
(0.00312651250119019 0.00851144121021944 -0.0005)
(0.00408916426030565 0.00921229058352395 -0.0005)
(0.00513810770262594 0.00993741849862046 -0.0005)
(0.00628136405465409 0.0106843215636775 -0.0005)
(0.00752761551435814 0.0114496071527846 -0.0005)
(0.00888621877311043 0.0122288130738189 -0.0005)
(0.0103672029758983 0.0130161971148704 -0.0005)
(0.0119812458119515 0.0138044927087315 -0.0005)
(0.0137396196144636 0.014584626972546 -0.0005)
(0.0156540971088461 0.0153453976584367 -0.0005)
(0.0177368037136749 0.0160731062256618 -0.0005)
(0.02 0.0167511455012523 -0.0005)
(0.000687720230210253 0.00855591248488823 -0.0005)
(0.00143559168482096 0.00916244986912263 -0.0005)
(0.00224925427640718 0.00979627340908927 -0.0005)
(0.00313487490874519 0.0104567281784623 -0.0005)
(0.00409918473909825 0.0111426756539708 -0.0005)
(0.00514951434917829 0.0118523854457281 -0.0005)
(0.00629382480562097 0.0125834073905858 -0.0005)
(0.0075407318899787 0.013332420998768 -0.0005)
(0.00889951988391086 0.0140950589560721 -0.0005)
(0.0103801401624312 0.0148657011450896 -0.0005)
(0.0119931884242269 0.0156372355049107 -0.0005)
(0.0137498526133497 0.01640078206599 -0.0005)
(0.015661821395159 0.0171453767696523 -0.0005)
(0.0177411403725023 0.0178576123420982 -0.0005)
(0.02 0.0185212347224593 -0.0005)
(0.000691414980952939 0.0117954096149763 -0.0005)
(0.00144283210745811 0.0123804598132273 -0.0005)
(0.00225983147736061 0.0129918295281901 -0.0005)
(0.00314851139817848 0.0136288870349507 -0.0005)
(0.004115525027738 0.0142905341435499 -0.0005)
(0.00516811504690287 0.0149751017648721 -0.0005)
(0.00631414442025026 0.0156802265352186 -0.0005)
(0.007562120624787 0.0164027055964439 -0.0005)
(0.00892120986442042 0.0171383263507651 -0.0005)
(0.0104012366954921 0.0178816677789845 -0.0005)
(0.0120126631155797 0.0186258697719755 -0.0005)
(0.0137665394562552 0.0193623669418856 -0.0005)
(0.0156744173070412 0.0200805836426487 -0.0005)
(0.0177482121161226 0.0207675875663836 -0.0005)
(0.02 0.021407700468384 -0.0005)
(0.000697439971857759 0.0170780232753456 -0.0005)
(0.00145463898796886 0.0176280345469853 -0.0005)
(0.00227707960693174 0.0182027890473237 -0.0005)
(0.00317074827707266 0.0188016928857439 -0.0005)
(0.00414217096336207 0.0194237136433905 -0.0005)
(0.0051984470076815 0.0200672821936659 -0.0005)
(0.00634727940062027 0.0207301767158152 -0.0005)
(0.0075969990081098 0.0214093861723464 -0.0005)
(0.00895657948591778 0.0221009502599038 -0.0005)
(0.01043563858852 0.0227997726266335 -0.0005)
(0.0120444202885114 0.0234994040185131 -0.0005)
(0.01379375051425 0.024191792032725 -0.0005)
(0.0156949573271437 0.0248669944035309 -0.0005)
(0.0177597439335469 0.0255128533449422 -0.0005)
(0.02 0.02611462958957 -0.0005)
(0.000707264860715289 0.0256923254229018 -0.0005)
(0.00147389234297052 0.0261851990880154 -0.0005)
(0.00230520594914764 0.0267002455456593 -0.0005)
(0.00320700971997357 0.0272369326012041 -0.0005)
(0.0041856222083759 0.0277943350880367 -0.0005)
(0.00524790901487599 0.0283710468873793 -0.0005)
(0.0064013122621755 0.0289650769910559 -0.0005)
(0.0076538748183957 0.0295737271614829 -0.0005)
(0.0090142563530922 0.0301934485091549 -0.0005)
(0.0104917373911286 0.0308196741138167 -0.0005)
(0.0120962063740694 0.0314466246985131 -0.0005)
(0.0138381232983285 0.0320670843796901 -0.0005)
(0.0157284517203844 0.0326721437382016 -0.0005)
(0.0177785487460867 0.0332509079927063 -0.0005)
(0.02 0.0337901690561819 -0.0005)
(0.000723286202919406 0.0397395767004456 -0.0005)
(0.00150528858505854 0.0401392766757439 -0.0005)
(0.0023510712775117 0.0405569578605367 -0.0005)
(0.00326614087086545 0.0409921886671873 -0.0005)
(0.00425647769342578 0.0414442188241788 -0.0005)
(0.00532856618615362 0.0419119080278582 -0.0005)
(0.00648942307724907 0.0423936416536776 -0.0005)
(0.00774662159985455 0.0428872315435513 -0.0005)
(0.00910830940953514 0.0433897996961818 -0.0005)
(0.0105832171143973 0.0438976425298151 -0.0005)
(0.0121806533953199 0.0444060732920039 -0.0005)
(0.0139104815273711 0.0449092402022971 -0.0005)
(0.0157830706727013 0.0453999180935482 -0.0005)
(0.0178092135547328 0.0458692717527173 -0.0005)
(0.02 0.046306589972389 -0.0005)
(0.000749412035968876 0.062646280583642 -0.0005)
(0.00155648610451241 0.0628940432097656 -0.0005)
(0.00242586338271314 0.0631529518753202 -0.0005)
(0.00336256541236405 0.0634227390514269 -0.0005)
(0.00437202098246288 0.0637029396661497 -0.0005)
(0.00546009298111219 0.0639928468777446 -0.0005)
(0.00663310445020378 0.0642914598264594 -0.0005)
(0.00789786279409402 0.0645974221354435 -0.0005)
(0.00926168073255633 0.0649089498136949 -0.0005)
(0.0107323921302657 0.0652237471164097 -0.0005)
(0.0123183602584909 0.0655389088592842 -0.0005)
(0.0140284753251216 0.0658508076903504 -0.0005)
(0.0158721372197727 0.0661549649343594 -0.0005)
(0.0178592183334195 0.0664459038944873 -0.0005)
(0.02 0.0667169849984496 -0.0005)
(0.00079201515522273 0.1 -0.0005)
(0.00163997335725052 0.1 -0.0005)
(0.00254782607653845 0.1 -0.0005)
(0.00351980389094901 0.1 -0.0005)
(0.0045604362001713 0.1 -0.0005)
(0.00567457233264469 0.1 -0.0005)
(0.0068674041433449 0.1 -0.0005)
(0.00814449020773777 0.1 -0.0005)
(0.00951178172464414 0.1 -0.0005)
(0.0109756502487227 0.1 -0.0005)
(0.0125429173818039 0.1 -0.0005)
(0.0142208865614354 0.1 -0.0005)
(0.016017377094774 0.1 -0.0005)
(0.0179407605964209 0.1 -0.0005)
(0.02 0.1 -0.0005)
(0.000684065021159893 0.00535108486506634 0.0005)
(0.00142842875010767 0.00597887947668712 0.0005)
(0.00223879027400349 0.00663491653796691 0.0005)
(0.00312138435875602 0.00731851816947224 0.0005)
(0.00408301932630559 0.00802850594627297 0.0005)
(0.00513111271848627 0.00876308883376002 0.0005)
(0.00627372265409157 0.00951973079827394 0.0005)
(0.00751957206013042 0.010294994977317 0.0005)
(0.00887806203233111 0.0110843609960618 0.0005)
(0.0103592694071501 0.0118820117696634 0.0005)
(0.0119739221534976 0.0126805859818487 0.0005)
(0.0137333443551592 0.0134708924480729 0.0005)
(0.0156493602863277 0.0142415828538928 0.0005)
(0.0177341443115817 0.0149787800427365 0.0005)
(0.02 0.015665660300031 0.0005)
(0.000685454470267005 0.00656933115781171 0.0005)
(0.00143115158568412 0.00718904529162541 0.0005)
(0.00224276793946566 0.00783663836052908 0.0005)
(0.00312651250119019 0.00851144121021944 0.0005)
(0.00408916426030565 0.00921229058352395 0.0005)
(0.00513810770262594 0.00993741849862046 0.0005)
(0.00628136405465409 0.0106843215636775 0.0005)
(0.00752761551435814 0.0114496071527846 0.0005)
(0.00888621877311043 0.0122288130738189 0.0005)
(0.0103672029758983 0.0130161971148704 0.0005)
(0.0119812458119515 0.0138044927087315 0.0005)
(0.0137396196144636 0.014584626972546 0.0005)
(0.0156540971088461 0.0153453976584367 0.0005)
(0.0177368037136749 0.0160731062256618 0.0005)
(0.02 0.0167511455012523 0.0005)
(0.000687720230210253 0.00855591248488823 0.0005)
(0.00143559168482096 0.00916244986912263 0.0005)
(0.00224925427640718 0.00979627340908927 0.0005)
(0.00313487490874519 0.0104567281784623 0.0005)
(0.00409918473909825 0.0111426756539708 0.0005)
(0.00514951434917829 0.0118523854457281 0.0005)
(0.00629382480562097 0.0125834073905858 0.0005)
(0.0075407318899787 0.013332420998768 0.0005)
(0.00889951988391086 0.0140950589560721 0.0005)
(0.0103801401624312 0.0148657011450896 0.0005)
(0.0119931884242269 0.0156372355049107 0.0005)
(0.0137498526133497 0.01640078206599 0.0005)
(0.015661821395159 0.0171453767696523 0.0005)
(0.0177411403725023 0.0178576123420982 0.0005)
(0.02 0.0185212347224593 0.0005)
(0.000691414980952939 0.0117954096149763 0.0005)
(0.00144283210745811 0.0123804598132273 0.0005)
(0.00225983147736061 0.0129918295281901 0.0005)
(0.00314851139817848 0.0136288870349507 0.0005)
(0.004115525027738 0.0142905341435499 0.0005)
(0.00516811504690287 0.0149751017648721 0.0005)
(0.00631414442025026 0.0156802265352186 0.0005)
(0.007562120624787 0.0164027055964439 0.0005)
(0.00892120986442042 0.0171383263507651 0.0005)
(0.0104012366954921 0.0178816677789845 0.0005)
(0.0120126631155797 0.0186258697719755 0.0005)
(0.0137665394562552 0.0193623669418856 0.0005)
(0.0156744173070412 0.0200805836426487 0.0005)
(0.0177482121161226 0.0207675875663836 0.0005)
(0.02 0.021407700468384 0.0005)
(0.000697439971857759 0.0170780232753456 0.0005)
(0.00145463898796886 0.0176280345469853 0.0005)
(0.00227707960693174 0.0182027890473237 0.0005)
(0.00317074827707266 0.0188016928857439 0.0005)
(0.00414217096336207 0.0194237136433905 0.0005)
(0.0051984470076815 0.0200672821936659 0.0005)
(0.00634727940062027 0.0207301767158152 0.0005)
(0.0075969990081098 0.0214093861723464 0.0005)
(0.00895657948591778 0.0221009502599038 0.0005)
(0.01043563858852 0.0227997726266335 0.0005)
(0.0120444202885114 0.0234994040185131 0.0005)
(0.01379375051425 0.024191792032725 0.0005)
(0.0156949573271437 0.0248669944035309 0.0005)
(0.0177597439335469 0.0255128533449422 0.0005)
(0.02 0.02611462958957 0.0005)
(0.000707264860715289 0.0256923254229018 0.0005)
(0.00147389234297052 0.0261851990880154 0.0005)
(0.00230520594914764 0.0267002455456593 0.0005)
(0.00320700971997357 0.0272369326012041 0.0005)
(0.0041856222083759 0.0277943350880367 0.0005)
(0.00524790901487599 0.0283710468873793 0.0005)
(0.0064013122621755 0.0289650769910559 0.0005)
(0.0076538748183957 0.0295737271614829 0.0005)
(0.0090142563530922 0.0301934485091549 0.0005)
(0.0104917373911286 0.0308196741138167 0.0005)
(0.0120962063740694 0.0314466246985131 0.0005)
(0.0138381232983285 0.0320670843796901 0.0005)
(0.0157284517203844 0.0326721437382016 0.0005)
(0.0177785487460867 0.0332509079927063 0.0005)
(0.02 0.0337901690561819 0.0005)
(0.000723286202919406 0.0397395767004456 0.0005)
(0.00150528858505854 0.0401392766757439 0.0005)
(0.0023510712775117 0.0405569578605367 0.0005)
(0.00326614087086545 0.0409921886671873 0.0005)
(0.00425647769342578 0.0414442188241788 0.0005)
(0.00532856618615362 0.0419119080278582 0.0005)
(0.00648942307724907 0.0423936416536776 0.0005)
(0.00774662159985455 0.0428872315435513 0.0005)
(0.00910830940953514 0.0433897996961818 0.0005)
(0.0105832171143973 0.0438976425298151 0.0005)
(0.0121806533953199 0.0444060732920039 0.0005)
(0.0139104815273711 0.0449092402022971 0.0005)
(0.0157830706727013 0.0453999180935482 0.0005)
(0.0178092135547328 0.0458692717527173 0.0005)
(0.02 0.046306589972389 0.0005)
(0.000749412035968876 0.062646280583642 0.0005)
(0.00155648610451241 0.0628940432097656 0.0005)
(0.00242586338271314 0.0631529518753202 0.0005)
(0.00336256541236405 0.0634227390514269 0.0005)
(0.00437202098246288 0.0637029396661497 0.0005)
(0.00546009298111219 0.0639928468777446 0.0005)
(0.00663310445020378 0.0642914598264594 0.0005)
(0.00789786279409402 0.0645974221354435 0.0005)
(0.00926168073255633 0.0649089498136949 0.0005)
(0.0107323921302657 0.0652237471164097 0.0005)
(0.0123183602584909 0.0655389088592842 0.0005)
(0.0140284753251216 0.0658508076903504 0.0005)
(0.0158721372197727 0.0661549649343594 0.0005)
(0.0178592183334195 0.0664459038944873 0.0005)
(0.02 0.0667169849984496 0.0005)
(0.00079201515522273 0.1 0.0005)
(0.00163997335725052 0.1 0.0005)
(0.00254782607653845 0.1 0.0005)
(0.00351980389094901 0.1 0.0005)
(0.0045604362001713 0.1 0.0005)
(0.00567457233264469 0.1 0.0005)
(0.0068674041433449 0.1 0.0005)
(0.00814449020773777 0.1 0.0005)
(0.00951178172464414 0.1 0.0005)
(0.0109756502487227 0.1 0.0005)
(0.0125429173818039 0.1 0.0005)
(0.0142208865614354 0.1 0.0005)
(0.016017377094774 0.1 0.0005)
(0.0179407605964209 0.1 0.0005)
(0.02 0.1 0.0005)
(0.0218770065428153 0.015665660300031 -0.0005)
(0.0240102873134142 0.015665660300031 -0.0005)
(0.0264348323229276 0.015665660300031 -0.0005)
(0.029190408890332 0.015665660300031 -0.0005)
(0.032322213904895 0.015665660300031 -0.0005)
(0.0358816151442809 0.015665660300031 -0.0005)
(0.0399269938073936 0.015665660300031 -0.0005)
(0.0445247020811566 0.015665660300031 -0.0005)
(0.0497501514472152 0.015665660300031 -0.0005)
(0.0556890495789345 0.015665660300031 -0.0005)
(0.0624388061162451 0.015665660300031 -0.0005)
(0.0701101303758141 0.015665660300031 -0.0005)
(0.0788288472021398 0.015665660300031 -0.0005)
(0.0887379607431082 0.015665660300031 -0.0005)
(0.1 0.015665660300031 -0.0005)
(0.0218770065428153 0.0167511455012523 -0.0005)
(0.0240102873134142 0.0167511455012523 -0.0005)
(0.0264348323229276 0.0167511455012523 -0.0005)
(0.029190408890332 0.0167511455012523 -0.0005)
(0.032322213904895 0.0167511455012523 -0.0005)
(0.0358816151442809 0.0167511455012523 -0.0005)
(0.0399269938073936 0.0167511455012523 -0.0005)
(0.0445247020811566 0.0167511455012523 -0.0005)
(0.0497501514472152 0.0167511455012523 -0.0005)
(0.0556890495789345 0.0167511455012523 -0.0005)
(0.0624388061162451 0.0167511455012523 -0.0005)
(0.0701101303758141 0.0167511455012523 -0.0005)
(0.0788288472021398 0.0167511455012522 -0.0005)
(0.0887379607431082 0.0167511455012523 -0.0005)
(0.1 0.0167511455012523 -0.0005)
(0.0218770065428153 0.0185212347224593 -0.0005)
(0.0240102873134142 0.0185212347224593 -0.0005)
(0.0264348323229276 0.0185212347224593 -0.0005)
(0.029190408890332 0.0185212347224593 -0.0005)
(0.032322213904895 0.0185212347224593 -0.0005)
(0.0358816151442809 0.0185212347224593 -0.0005)
(0.0399269938073936 0.0185212347224593 -0.0005)
(0.0445247020811566 0.0185212347224593 -0.0005)
(0.0497501514472152 0.0185212347224593 -0.0005)
(0.0556890495789345 0.0185212347224593 -0.0005)
(0.0624388061162451 0.0185212347224593 -0.0005)
(0.0701101303758141 0.0185212347224593 -0.0005)
(0.0788288472021398 0.0185212347224593 -0.0005)
(0.0887379607431082 0.0185212347224593 -0.0005)
(0.1 0.0185212347224593 -0.0005)
(0.0218770065428153 0.021407700468384 -0.0005)
(0.0240102873134142 0.021407700468384 -0.0005)
(0.0264348323229276 0.021407700468384 -0.0005)
(0.029190408890332 0.021407700468384 -0.0005)
(0.032322213904895 0.021407700468384 -0.0005)
(0.0358816151442809 0.021407700468384 -0.0005)
(0.0399269938073936 0.021407700468384 -0.0005)
(0.0445247020811566 0.021407700468384 -0.0005)
(0.0497501514472152 0.021407700468384 -0.0005)
(0.0556890495789345 0.021407700468384 -0.0005)
(0.0624388061162451 0.021407700468384 -0.0005)
(0.0701101303758141 0.021407700468384 -0.0005)
(0.0788288472021398 0.021407700468384 -0.0005)
(0.0887379607431082 0.021407700468384 -0.0005)
(0.1 0.021407700468384 -0.0005)
(0.0218770065428153 0.02611462958957 -0.0005)
(0.0240102873134142 0.02611462958957 -0.0005)
(0.0264348323229276 0.02611462958957 -0.0005)
(0.029190408890332 0.02611462958957 -0.0005)
(0.032322213904895 0.02611462958957 -0.0005)
(0.0358816151442809 0.02611462958957 -0.0005)
(0.0399269938073936 0.02611462958957 -0.0005)
(0.0445247020811566 0.02611462958957 -0.0005)
(0.0497501514472152 0.02611462958957 -0.0005)
(0.0556890495789345 0.02611462958957 -0.0005)
(0.0624388061162451 0.02611462958957 -0.0005)
(0.0701101303758141 0.02611462958957 -0.0005)
(0.0788288472021398 0.02611462958957 -0.0005)
(0.0887379607431082 0.02611462958957 -0.0005)
(0.1 0.02611462958957 -0.0005)
(0.0218770065428153 0.0337901690561819 -0.0005)
(0.0240102873134142 0.0337901690561819 -0.0005)
(0.0264348323229276 0.0337901690561819 -0.0005)
(0.029190408890332 0.0337901690561819 -0.0005)
(0.032322213904895 0.0337901690561819 -0.0005)
(0.0358816151442809 0.0337901690561819 -0.0005)
(0.0399269938073936 0.0337901690561819 -0.0005)
(0.0445247020811566 0.0337901690561819 -0.0005)
(0.0497501514472152 0.0337901690561819 -0.0005)
(0.0556890495789345 0.0337901690561819 -0.0005)
(0.0624388061162451 0.0337901690561819 -0.0005)
(0.0701101303758141 0.0337901690561819 -0.0005)
(0.0788288472021398 0.0337901690561819 -0.0005)
(0.0887379607431082 0.0337901690561819 -0.0005)
(0.1 0.0337901690561819 -0.0005)
(0.0218770065428153 0.046306589972389 -0.0005)
(0.0240102873134142 0.046306589972389 -0.0005)
(0.0264348323229276 0.046306589972389 -0.0005)
(0.029190408890332 0.046306589972389 -0.0005)
(0.032322213904895 0.046306589972389 -0.0005)
(0.0358816151442809 0.046306589972389 -0.0005)
(0.0399269938073936 0.046306589972389 -0.0005)
(0.0445247020811566 0.046306589972389 -0.0005)
(0.0497501514472152 0.046306589972389 -0.0005)
(0.0556890495789345 0.046306589972389 -0.0005)
(0.0624388061162451 0.046306589972389 -0.0005)
(0.0701101303758141 0.046306589972389 -0.0005)
(0.0788288472021398 0.046306589972389 -0.0005)
(0.0887379607431082 0.046306589972389 -0.0005)
(0.1 0.046306589972389 -0.0005)
(0.0218770065428153 0.0667169849984496 -0.0005)
(0.0240102873134142 0.0667169849984496 -0.0005)
(0.0264348323229276 0.0667169849984496 -0.0005)
(0.029190408890332 0.0667169849984496 -0.0005)
(0.032322213904895 0.0667169849984496 -0.0005)
(0.035881615144281 0.0667169849984496 -0.0005)
(0.0399269938073936 0.0667169849984496 -0.0005)
(0.0445247020811566 0.0667169849984496 -0.0005)
(0.0497501514472152 0.0667169849984496 -0.0005)
(0.0556890495789345 0.0667169849984496 -0.0005)
(0.0624388061162451 0.0667169849984496 -0.0005)
(0.0701101303758141 0.0667169849984496 -0.0005)
(0.0788288472021398 0.0667169849984496 -0.0005)
(0.0887379607431082 0.0667169849984496 -0.0005)
(0.1 0.0667169849984496 -0.0005)
(0.0218770065428153 0.1 -0.0005)
(0.0240102873134142 0.1 -0.0005)
(0.0264348323229276 0.1 -0.0005)
(0.029190408890332 0.1 -0.0005)
(0.032322213904895 0.1 -0.0005)
(0.0358816151442809 0.1 -0.0005)
(0.0399269938073936 0.1 -0.0005)
(0.0445247020811566 0.1 -0.0005)
(0.0497501514472152 0.1 -0.0005)
(0.0556890495789345 0.1 -0.0005)
(0.0624388061162451 0.1 -0.0005)
(0.0701101303758141 0.1 -0.0005)
(0.0788288472021398 0.1 -0.0005)
(0.0887379607431082 0.1 -0.0005)
(0.1 0.1 -0.0005)
(0.0218770065428153 0.015665660300031 0.0005)
(0.0240102873134142 0.015665660300031 0.0005)
(0.0264348323229276 0.015665660300031 0.0005)
(0.029190408890332 0.015665660300031 0.0005)
(0.032322213904895 0.015665660300031 0.0005)
(0.0358816151442809 0.015665660300031 0.0005)
(0.0399269938073936 0.015665660300031 0.0005)
(0.0445247020811566 0.015665660300031 0.0005)
(0.0497501514472152 0.015665660300031 0.0005)
(0.0556890495789345 0.015665660300031 0.0005)
(0.0624388061162451 0.015665660300031 0.0005)
(0.0701101303758141 0.015665660300031 0.0005)
(0.0788288472021398 0.015665660300031 0.0005)
(0.0887379607431082 0.015665660300031 0.0005)
(0.1 0.015665660300031 0.0005)
(0.0218770065428153 0.0167511455012523 0.0005)
(0.0240102873134142 0.0167511455012523 0.0005)
(0.0264348323229276 0.0167511455012523 0.0005)
(0.029190408890332 0.0167511455012523 0.0005)
(0.032322213904895 0.0167511455012523 0.0005)
(0.0358816151442809 0.0167511455012523 0.0005)
(0.0399269938073936 0.0167511455012523 0.0005)
(0.0445247020811566 0.0167511455012523 0.0005)
(0.0497501514472152 0.0167511455012523 0.0005)
(0.0556890495789345 0.0167511455012523 0.0005)
(0.0624388061162451 0.0167511455012523 0.0005)
(0.0701101303758141 0.0167511455012523 0.0005)
(0.0788288472021398 0.0167511455012523 0.0005)
(0.0887379607431082 0.0167511455012523 0.0005)
(0.1 0.0167511455012523 0.0005)
(0.0218770065428153 0.0185212347224593 0.0005)
(0.0240102873134142 0.0185212347224593 0.0005)
(0.0264348323229276 0.0185212347224593 0.0005)
(0.029190408890332 0.0185212347224593 0.0005)
(0.032322213904895 0.0185212347224593 0.0005)
(0.0358816151442809 0.0185212347224593 0.0005)
(0.0399269938073936 0.0185212347224593 0.0005)
(0.0445247020811566 0.0185212347224593 0.0005)
(0.0497501514472152 0.0185212347224593 0.0005)
(0.0556890495789345 0.0185212347224593 0.0005)
(0.0624388061162451 0.0185212347224593 0.0005)
(0.0701101303758141 0.0185212347224593 0.0005)
(0.0788288472021398 0.0185212347224593 0.0005)
(0.0887379607431082 0.0185212347224593 0.0005)
(0.1 0.0185212347224593 0.0005)
(0.0218770065428153 0.021407700468384 0.0005)
(0.0240102873134142 0.021407700468384 0.0005)
(0.0264348323229276 0.021407700468384 0.0005)
(0.029190408890332 0.021407700468384 0.0005)
(0.032322213904895 0.021407700468384 0.0005)
(0.0358816151442809 0.021407700468384 0.0005)
(0.0399269938073936 0.021407700468384 0.0005)
(0.0445247020811566 0.021407700468384 0.0005)
(0.0497501514472152 0.021407700468384 0.0005)
(0.0556890495789345 0.021407700468384 0.0005)
(0.0624388061162451 0.021407700468384 0.0005)
(0.0701101303758141 0.021407700468384 0.0005)
(0.0788288472021398 0.021407700468384 0.0005)
(0.0887379607431082 0.021407700468384 0.0005)
(0.1 0.021407700468384 0.0005)
(0.0218770065428153 0.02611462958957 0.0005)
(0.0240102873134142 0.02611462958957 0.0005)
(0.0264348323229276 0.02611462958957 0.0005)
(0.029190408890332 0.02611462958957 0.0005)
(0.032322213904895 0.02611462958957 0.0005)
(0.0358816151442809 0.02611462958957 0.0005)
(0.0399269938073936 0.02611462958957 0.0005)
(0.0445247020811566 0.02611462958957 0.0005)
(0.0497501514472152 0.02611462958957 0.0005)
(0.0556890495789345 0.02611462958957 0.0005)
(0.0624388061162451 0.02611462958957 0.0005)
(0.0701101303758141 0.02611462958957 0.0005)
(0.0788288472021398 0.02611462958957 0.0005)
(0.0887379607431082 0.02611462958957 0.0005)
(0.1 0.02611462958957 0.0005)
(0.0218770065428153 0.0337901690561819 0.0005)
(0.0240102873134142 0.0337901690561819 0.0005)
(0.0264348323229276 0.0337901690561819 0.0005)
(0.029190408890332 0.0337901690561819 0.0005)
(0.032322213904895 0.0337901690561819 0.0005)
(0.0358816151442809 0.0337901690561819 0.0005)
(0.0399269938073936 0.0337901690561819 0.0005)
(0.0445247020811566 0.0337901690561819 0.0005)
(0.0497501514472152 0.0337901690561819 0.0005)
(0.0556890495789345 0.0337901690561819 0.0005)
(0.0624388061162451 0.0337901690561819 0.0005)
(0.0701101303758141 0.0337901690561819 0.0005)
(0.0788288472021398 0.0337901690561819 0.0005)
(0.0887379607431082 0.0337901690561819 0.0005)
(0.1 0.0337901690561819 0.0005)
(0.0218770065428153 0.046306589972389 0.0005)
(0.0240102873134142 0.046306589972389 0.0005)
(0.0264348323229276 0.046306589972389 0.0005)
(0.029190408890332 0.046306589972389 0.0005)
(0.032322213904895 0.046306589972389 0.0005)
(0.0358816151442809 0.046306589972389 0.0005)
(0.0399269938073936 0.046306589972389 0.0005)
(0.0445247020811566 0.046306589972389 0.0005)
(0.0497501514472152 0.046306589972389 0.0005)
(0.0556890495789345 0.046306589972389 0.0005)
(0.0624388061162451 0.046306589972389 0.0005)
(0.0701101303758141 0.046306589972389 0.0005)
(0.0788288472021398 0.046306589972389 0.0005)
(0.0887379607431082 0.046306589972389 0.0005)
(0.1 0.046306589972389 0.0005)
(0.0218770065428153 0.0667169849984496 0.0005)
(0.0240102873134142 0.0667169849984496 0.0005)
(0.0264348323229276 0.0667169849984496 0.0005)
(0.029190408890332 0.0667169849984496 0.0005)
(0.032322213904895 0.0667169849984496 0.0005)
(0.035881615144281 0.0667169849984496 0.0005)
(0.0399269938073936 0.0667169849984496 0.0005)
(0.0445247020811566 0.0667169849984496 0.0005)
(0.0497501514472152 0.0667169849984496 0.0005)
(0.0556890495789345 0.0667169849984496 0.0005)
(0.0624388061162451 0.0667169849984496 0.0005)
(0.0701101303758141 0.0667169849984496 0.0005)
(0.0788288472021398 0.0667169849984496 0.0005)
(0.0887379607431082 0.0667169849984496 0.0005)
(0.1 0.0667169849984496 0.0005)
(0.0218770065428153 0.1 0.0005)
(0.0240102873134142 0.1 0.0005)
(0.0264348323229276 0.1 0.0005)
(0.029190408890332 0.1 0.0005)
(0.032322213904895 0.1 0.0005)
(0.0358816151442809 0.1 0.0005)
(0.0399269938073936 0.1 0.0005)
(0.0445247020811566 0.1 0.0005)
(0.0497501514472152 0.1 0.0005)
(0.0556890495789345 0.1 0.0005)
(0.0624388061162451 0.1 0.0005)
(0.0701101303758141 0.1 0.0005)
(0.0788288472021398 0.1 0.0005)
(0.0887379607431082 0.1 0.0005)
(0.1 0.1 0.0005)
(0.00049948733375476 -2.26363296176948e-05 -0.0005)
(0.000500068984442909 -2.26626895187564e-05 -0.0005)
(0.000500766589491056 -2.26943043701164e-05 -0.0005)
(0.000501603264858447 -2.27322217668537e-05 -0.0005)
(0.000502606734762022 -2.27776981462606e-05 -0.0005)
(0.000503810250350778 -2.28322404213616e-05 -0.0005)
(0.000505253691521477 -2.28976559142392e-05 -0.0005)
(0.000506984888385675 -2.29761122437652e-05 -0.0005)
(0.000509061206176417 -2.30702091521873e-05 -0.0005)
(0.000511551446112327 -2.31830646506294e-05 -0.0005)
(0.000514538125206469 -2.33184183380373e-05 -0.0005)
(0.000518120210564088 -2.3480755317164e-05 -0.0005)
(0.000522416398773407 -2.36754548136953e-05 -0.0005)
(0.000527569049055912 -2.3908968423185e-05 -0.0005)
(0.00053374890050567 -2.41890338922201e-05 -0.0005)
(0.000541160729728924 -2.45249315177043e-05 -0.0005)
(0.000550050136356462 -2.4927791660351e-05 -0.0005)
(0.000560711681274659 -2.54109635622048e-05 -0.0005)
(0.000573498647244986 -2.59904576893906e-05 -0.0005)
(0.000588834745341541 -2.66854762576359e-05 -0.0005)
(0.000607228155113095 -2.75190495201496e-05 -0.0005)
(0.000629288363706852 -2.85187989019999e-05 -0.0005)
(0.000655746361937974 -2.97178522683424e-05 -0.0005)
(0.000687478866525267 -3.11559416549807e-05 -0.0005)
(0.000725537371125139 -3.28807198358469e-05 -0.0005)
(0.000771182988803818 -3.49493393534044e-05 -0.0005)
(0.000825928240493899 -3.74303463349924e-05 -0.0005)
(0.000891587174144616 -4.04059518489327e-05 -0.0005)
(0.000970335475322494 -4.39747560644389e-05 -0.0005)
(0.00106478256109745 -4.82550154835545e-05 -0.0005)
(0.00117805804612962 -5.33885615086699e-05 -0.0005)
(0.0013139154461117 -5.95455001919389e-05 -0.0005)
(0.00147685655490195 -6.69298488982857e-05 -0.0005)
(0.00167228061672924 -7.5786296659428e-05 -0.0005)
(0.00190666323646603 -8.64083122311498e-05 -0.0005)
(0.00218777095637021 -9.91478685237903e-05 -0.0005)
(0.00252491860954717 -0.000114427105636323 -0.0005)
(0.00292927797784014 -0.000132752318962307 -0.0005)
(0.00341424798188899 -0.000154730735879951 -0.0005)
(0.00399589867003808 -0.000181090636941558 -0.0005)
(0.000497887242162397 -4.59161637326423e-05 -0.0005)
(0.000498467029551293 -4.59696328927739e-05 -0.0005)
(0.000499162399844128 -4.60337613409783e-05 -0.0005)
(0.000499996394948916 -4.61106740483965e-05 -0.0005)
(0.000500996650268964 -4.62029196075521e-05 -0.0005)
(0.000502196310434279 -4.63135546829457e-05 -0.0005)
(0.00050363512758766 -4.64462452972082e-05 -0.0005)
(0.000505360778618441 -4.66053883090488e-05 -0.0005)
(0.000507430444991988 -4.67962571083115e-05 -0.0005)
(0.000509912707524438 -4.70251763559153e-05 -0.0005)
(0.00051288981888826 -4.72997315588923e-05 -0.0005)
(0.000516460429150764 -4.7629020425035e-05 -0.0005)
(0.000520742854659473 -4.80239543260861e-05 -0.0005)
(0.00052587899859269 -4.84976198588034e-05 -0.0005)
(0.000532039053087293 -4.90657124846513e-05 -0.0005)
(0.000539427138754259 -4.97470566172743e-05 -0.0005)
(0.000548288068453867 -5.05642293914622e-05 -0.0005)
(0.000558915459456174 -5.15443087829192e-05 -0.0005)
(0.000571661462792699 -5.27197708686616e-05 -0.0005)
(0.000586948432192757 -5.4129565959816e-05 -0.0005)
(0.000605282919268296 -5.58204092657384e-05 -0.0005)
(0.000627272458694066 -5.78483288571179e-05 -0.0005)
(0.000653645699579687 -6.02805222216339e-05 -0.0005)
(0.000685276550110183 -6.31975829313102e-05 -0.0005)
(0.000723213135515888 -6.66961712047923e-05 -0.0005)
(0.000768712528927923 -7.08922168567544e-05 -0.0005)
(0.000823282405966775 -7.59247607679093e-05 -0.0005)
(0.000888731003337474 -8.19605621672241e-05 -0.0005)
(0.000967227036867881 -8.91996243940276e-05 -0.0005)
(0.00106137156444435 -9.78818222425986e-05 -0.0005)
(0.00117428417510719 -0.000108294850494051 -0.0005)
(0.00130970636028245 -0.00012078375701942 -0.0005)
(0.00147212549247668 -0.000135762376344458 -0.0005)
(0.00166692351961371 -0.000153727042540709 -0.0005)
(0.00190055530217427 -0.000175273035835515 -0.0005)
(0.00218076250254819 -0.000201114307918637 -0.0005)
(0.00251683011407289 -0.000232107139566597 -0.0005)
(0.00291989413014814 -0.000269278514507775 -0.0005)
(0.00340331054840294 -0.000313860149729501 -0.0005)
(0.00398309793729917 -0.000367329309861138 -0.0005)
(0.00049510355574144 -6.98030736585657e-05 -0.0005)
(0.000495680101540384 -6.98843590147393e-05 -0.0005)
(0.000496371584019518 -6.9981848927435e-05 -0.0005)
(0.000497200916259601 -7.00987738389423e-05 -0.0005)
(0.000498195579154464 -7.02390081929686e-05 -0.0005)
(0.000499388532022566 -7.04071988188643e-05 -0.0005)
(0.000500819304752566 -7.06089189097477e-05 -0.0005)
(0.000502535307672419 -7.08508526967783e-05 -0.0005)
(0.000504593402546053 -7.11410169389748e-05 -0.0005)
(0.000507061786754417 -7.1489026567902e-05 -0.0005)
(0.00051002225309548 -7.19064132896747e-05 -0.0005)
(0.000513572900084253 -7.24070077015281e-05 -0.0005)
(0.000517831382561834 -7.30073975848347e-05 -0.0005)
(0.000522938810326184 -7.37274775606426e-05 -0.0005)
(0.000529064423970336 -7.45911083212141e-05 -0.0005)
(0.000536411202867402 -7.56269072819732e-05 -0.0005)
(0.000545222591129525 -7.68691968530391e-05 -0.0005)
(0.000555790564413285 -7.83591417524315e-05 -0.0005)
(0.000568465304874595 -8.0146113047152e-05 -0.0005)
(0.000583666804864045 -8.22893241212378e-05 -0.0005)
(0.000601898783864692 -8.48597927805019e-05 -0.0005)
(0.000623765379826322 -8.79426945105975e-05 -0.0005)
(0.000649991167983066 -9.16401848663628e-05 -0.0005)
(0.000681445170501304 -9.60747845156207e-05 -0.0005)
(0.000719169652545628 -0.000101393439104816 -0.0005)
(0.000764414658954187 -0.000107772388474891 -0.0005)
(0.000818679435936554 -0.00011542300657456 -0.0005)
(0.000883762110350521 -0.000124598805583338 -0.0005)
(0.000961819272738762 -0.000135603836334138 -0.0005)
(0.00105543743847899 -0.000148802763393264 -0.0005)
(0.00116771875499641 -0.000164632948647355 -0.0005)
(0.00130238379504715 -0.000183618943801072 -0.0005)
(0.00146389484224842 -0.000206389872011392 -0.0005)
(0.00165760375406565 -0.000233700274619286 -0.0005)
(0.00188992930186954 -0.000266455113759627 -0.0005)
(0.00216856986443336 -0.000305739759340044 -0.0005)
(0.00250275852271824 -0.000352855954042348 -0.0005)
(0.00290356900881058 -0.000409364948088919 -0.0005)
(0.00338428264698747 -0.000477139233094988 -0.0005)
(0.00396082844593152 -0.000558424589268526 -0.0005)
(0.000491036351941153 -9.42512656271731e-05 -0.0005)
(0.000491608161500098 -9.43610207897292e-05 -0.0005)
(0.000492293963551098 -9.44926560770577e-05 -0.0005)
(0.000493116482947284 -9.46505333783755e-05 -0.0005)
(0.000494102974830933 -9.48398841427279e-05 -0.0005)
(0.000495286127764492 -9.50669827291717e-05 -0.0005)
(0.000496705146904323 -9.53393543150015e-05 -0.0005)
(0.000498407053109427 -9.56660242513019e-05 -0.0005)
(0.000500448241032596 -9.60578171285116e-05 -0.0005)
(0.000502896347823204 -9.65277154618898e-05 -0.0005)
(0.000505832494363261 -9.7091289882344e-05 -0.0005)
(0.000509353973302726 -9.77672150874984e-05 -0.0005)
(0.000513577472965267 -9.85778886496425e-05 -0.0005)
(0.000518642943952349 -9.95501731854877e-05 -0.0005)
(0.000524718236570114 -0.000100716286480392 -0.0005)
(0.000532004662745606 -0.000102114869062362 -0.0005)
(0.000540743666732945 -0.000103792264601147 -0.0005)
(0.000551224825651098 -0.000105804055559944 -0.0005)
(0.000563795444960431 -0.000108216904985324 -0.0005)
(0.000578872066835373 -0.000111110765465262 -0.0005)
(0.00059695427277659 -0.000114581528451655 -0.0005)
(0.000618641237828357 -0.000118744201735743 -0.0005)
(0.000644651584944494 -0.000123736720365793 -0.0005)
(0.000675847197400506 -0.000129724517286267 -0.0005)
(0.000713261778304038 -0.000136906005151937 -0.0005)
(0.000758135103556453 -0.000145519150963281 -0.0005)
(0.000811954103277468 -0.000155849361381393 -0.0005)
(0.000876502132973901 -0.000168238940011527 -0.0005)
(0.000953918067110349 -0.000183098430033448 -0.0005)
(0.00104676717321637 -0.000200920218029896 -0.0005)
(0.00115812611502663 -0.00022229484979194 -0.0005)
(0.00129168490133245 -0.000247930598744517 -0.0005)
(0.00145186915873924 -0.000278676935414819 -0.0005)
(0.00164398677998068 -0.000315552675631823 -0.0005)
(0.00187440380715293 -0.000359779740180474 -0.0005)
(0.00215075537796577 -0.000412823644576149 -0.0005)
(0.00248219872496127 -0.000476442060635447 -0.0005)
(0.00287971661112512 -0.000552743058987747 -0.0005)
(0.00335648125658449 -0.000644254962461282 -0.0005)
(0.00392829081552922 -0.000754010125017384 -0.0005)
(0.000485582417460003 -0.00011920451272372 -0.0005)
(0.000486147875937489 -0.000119343325827017 -0.0005)
(0.00048682606079388 -0.000119509811870242 -0.0005)
(0.000487639444477652 -0.000119709487563173 -0.0005)
(0.000488614979408565 -0.000119948969393452 -0.0005)
(0.000489784991077622 -0.000120236192871642 -0.0005)
(0.000491188249190015 -0.000120580675483654 -0.0005)
(0.000492871252344665 -0.00012099383206377 -0.0005)
(0.000494889768819676 -0.000121489353038535 -0.0005)
(0.000497310684519469 -0.000122083658075049 -0.0005)
(0.000500214219317456 -0.000122796440165844 -0.0005)
(0.000503696585235377 -0.000123651318179226 -0.0005)
(0.00050787317454118 -0.000124676619498104 -0.0005)
(0.000512882383406791 -0.000125906318680953 -0.0005)
(0.000518890197827147 -0.000127381163248553 -0.0005)
(0.000526095693760294 -0.00012915002390075 -0.0005)
(0.000534737633742109 -0.000131271513904256 -0.0005)
(0.000545102378562201 -0.000133815931311805 -0.0005)
(0.000557533376163631 -0.000136867588370352 -0.0005)
(0.000572442542192223 -0.000140527605305997 -0.0005)
(0.000590323909303304 -0.000144917261060957 -0.0005)
(0.000611769997511595 -0.000150182012013167 -0.0005)
(0.00063749144803496 -0.00015649631184351 -0.0005)
(0.000668340571222383 -0.000164069392262579 -0.0005)
(0.000705339588854314 -0.00017315219614815 -0.0005)
(0.000749714506657036 -0.000184045692830954 -0.0005)
(0.00080293573943644 -0.000197110851065493 -0.0005)
(0.000866766834992539 -0.000212780600151934 -0.0005)
(0.000943322911338605 -0.000231574175554866 -0.0005)
(0.00103514074361055 -0.000254114324377754 -0.0005)
(0.00114526282307829 -0.000281147940816627 -0.0005)
(0.0012773381736527 -0.000313570815372897 -0.0005)
(0.00143574326656107 -0.000352457317919406 -0.0005)
(0.00162572703984037 -0.000399095998202838 -0.0005)
(0.00185358482803862 -0.000455032283446762 -0.0005)
(0.0021268669654887 -0.000522119687890348 -0.0005)
(0.00245462897546795 -0.000602581231150697 -0.0005)
(0.00284773163555403 -0.000699083100578082 -0.0005)
(0.00331920086219362 -0.000814822998492385 -0.0005)
(0.00388465933968002 -0.000953636101789757 -0.0005)
(0.000478635851489055 -0.000144595026433649 -0.0005)
(0.000479193220722622 -0.000144763406672635 -0.0005)
(0.000479861703712396 -0.000144965354176726 -0.0005)
(0.000480663451424156 -0.000145207560712685 -0.0005)
(0.000481625030706119 -0.000145498052077386 -0.0005)
(0.000482778304612535 -0.000145846454041979 -0.0005)
(0.000484161488223255 -0.00014626431131308 -0.0005)
(0.000485820414945104 -0.000146765470080128 -0.0005)
(0.000487810055255425 -0.000147366536825065 -0.0005)
(0.000490196338213146 -0.000148087428597539 -0.0005)
(0.00049305833609526 -0.000148952032989646 -0.0005)
(0.000496490884549217 -0.00014998899967923 -0.0005)
(0.000500607725083023 -0.000151232689770469 -0.0005)
(0.000505545274023159 -0.000152724314389259 -0.0005)
(0.000511467142829112 -0.000154513300262067 -0.0005)
(0.000518569559550464 -0.000156658927528331 -0.0005)
(0.000527087871072841 -0.00015923229405722 -0.0005)
(0.000537304341612243 -0.000162318671358686 -0.0005)
(0.000549557505870005 -0.000166020330154689 -0.0005)
(0.000564253386776103 -0.000170459929239196 -0.0005)
(0.000581878949533851 -0.000175784579920786 -0.0005)
(0.000603018237781516 -0.000182170720727936 -0.0005)
(0.000628371726561406 -0.00018982996390604 -0.0005)
(0.00065877953337974 -0.000199016107436675 -0.0005)
(0.000695249256482876 -0.000210033544930587 -0.0005)
(0.000738989362803781 -0.000223247352066023 -0.0005)
(0.000791449231927369 -0.000239095383798357 -0.0005)
(0.000854367182978364 -0.00025810278319618 -0.0005)
(0.000929828075858775 -0.000280899382671135 -0.0005)
(0.00102033239551937 -0.000308240574211573 -0.0005)
(0.00112887910845328 -0.00034103234017966 -0.0005)
(0.00125906503695861 -0.000380361274096654 -0.0005)
(0.0014152040440524 -0.000427530586190204 -0.0005)
(0.00160246997836752 -0.000484103286789578 -0.0005)
(0.00182706811567891 -0.00055195397850115 -0.0005)
(0.00209644077797458 -0.000633330973358451 -0.0005)
(0.00241951394349978 -0.000730930793271203 -0.0005)
(0.00280699301948673 -0.000847987522432873 -0.0005)
(0.0032717175783452 -0.000988379972483267 -0.0005)
(0.00382908681191244 -0.00115676021146919 -0.0005)
(0.000470088831288695 -0.000170342275133419 -0.0005)
(0.000470636247556801 -0.000170540637924337 -0.0005)
(0.000471292793418173 -0.000170778545120407 -0.0005)
(0.000472080224287877 -0.000171063880054845 -0.0005)
(0.000473024632608823 -0.000171406097634454 -0.0005)
(0.000474157312455383 -0.000171816537639021 -0.0005)
(0.000475515796499147 -0.00017230880047818 -0.0005)
(0.000477145099697896 -0.000172899197856897 -0.0005)
(0.000479099210918889 -0.000173607293282893 -0.0005)
(0.000481442881923117 -0.000174456550326355 -0.0005)
(0.000484253772990655 -0.000175475110112776 -0.0005)
(0.00048762502628487 -0.000176696723812071 -0.0005)
(0.000491668352226958 -0.000178161871023064 -0.0005)
(0.000496517731151412 -0.000179919101112345 -0.0005)
(0.00050233385290112 -0.000182026641954322 -0.0005)
(0.000509309441473265 -0.000184554329379944 -0.0005)
(0.000517675641154399 -0.000187585921268647 -0.0005)
(0.000527709675756741 -0.00019122187296366 -0.0005)
(0.000539744034753461 -0.000195582665977299 -0.0005)
(0.000554177490706276 -0.000200812800286809 -0.0005)
(0.00057148831306072 -0.000207085582510123 -0.0005)
(0.000592250116163651 -0.000214608868623367 -0.0005)
(0.000617150866645571 -0.000223631951511748 -0.0005)
(0.000647015679999632 -0.000234453821580899 -0.0005)
(0.000682834161748627 -0.0002474330741537 -0.0005)
(0.000725793199181508 -0.000262999791945735 -0.0005)
(0.000777316290251984 -0.000281669796359138 -0.0005)
(0.000839110712848258 -0.000304061739828096 -0.0005)
(0.00091322409744282 -0.000330917605590886 -0.0005)
(0.00100211227772323 -0.000363127294172352 -0.0005)
(0.0011087206675139 -0.000401758111278705 -0.0005)
(0.00123658186050835 -0.000448090134220496 -0.0005)
(0.00138993268689326 -0.000503658628771591 -0.0005)
(0.00157385460567245 -0.000570304921996352 -0.0005)
(0.00179444208475465 -0.000650237416775687 -0.0005)
(0.00205900454827624 -0.000746104769819631 -0.0005)
(0.00237630858291968 -0.00086108365800552 -0.0005)
(0.00275686842901742 -0.000998984041282016 -0.0005)
(0.00321329438220351 -0.00116437541014845 -0.0005)
(0.00376071065030956 -0.00136273820106735 -0.0005)
(0.000459832563355212 -0.000196351760058766 -0.0005)
(0.000460368036246783 -0.000196580410774488 -0.0005)
(0.000461010257772377 -0.000196854643912694 -0.0005)
(0.000461780508693439 -0.000197183546509182 -0.0005)
(0.000462704312175186 -0.000197578017136199 -0.0005)
(0.000463812279526541 -0.000198051127039375 -0.0005)
(0.000465141124541659 -0.00019861855326874 -0.0005)
(0.000466734880054442 -0.000199299098156111 -0.0005)
(0.000468646357017991 -0.000200115312352353 -0.0005)
(0.000470938894457311 -0.000201094242069567 -0.0005)
(0.000473688458281993 -0.000202268325288969 -0.0005)
(0.000476986158505478 -0.000203676466631337 -0.0005)
(0.000480941268281931 -0.000205365326507127 -0.0005)
(0.00048568484480001 -0.00020739086726375 -0.0005)
(0.000491374072016114 -0.000209820207563413 -0.0005)
(0.000498197469128628 -0.000212733846438499 -0.0005)
(0.000506381137382076 -0.000216228330721162 -0.0005)
(0.000516196252196315 -0.00022041945423554 -0.0005)
(0.00052796804888127 -0.000225446094761559 -0.0005)
(0.000542086599689343 -0.000231474815912616 -0.0005)
(0.000559019739315761 -0.000238705386415731 -0.0005)
(0.000579328567148418 -0.000247377399681987 -0.0005)
(0.000603686039952398 -0.000257778213014449 -0.0005)
(0.000632899271079536 -0.000270252469528523 -0.0005)
(0.000667936275113392 -0.000285213518304704 -0.0005)
(0.000709958044164746 -0.000303157111193845 -0.0005)
(0.00076035701870318 -0.000324677830134609 -0.0005)
(0.000820803227700749 -0.000350488789321474 -0.0005)
(0.000893299626995373 -0.000381445265077685 -0.0005)
(0.000980248469575339 -0.000418573036436628 -0.0005)
(0.00108453090704195 -0.000463102375529931 -0.0005)
(0.00120960245993784 -0.000516508814093572 -0.0005)
(0.00135960752046205 -0.000580562036937857 -0.0005)
(0.00153951668175311 -0.000657384522523569 -0.0005)
(0.00175529144430675 -0.000749521873768395 -0.0005)
(0.0020140817572678 -0.000860027169577143 -0.0005)
(0.00232446294035837 -0.000992562132182384 -0.0005)
(0.00269671983712714 -0.00115151846259367 -0.0005)
(0.00314318761527035 -0.00134216336474739 -0.0005)
(0.00367866050684169 -0.00157081408047012 -0.0005)
(0.000447758445164327 -0.000222513763133935 -0.0005)
(0.000448279857801153 -0.000222772879381141 -0.0005)
(0.000448905216104734 -0.000223083651474754 -0.0005)
(0.000449655242053928 -0.000223456377211601 -0.0005)
(0.000450554788635854 -0.000223903407294943 -0.0005)
(0.000451633663378686 -0.000224439554589472 -0.0005)
(0.000452927616058967 -0.000225082584962916 -0.0005)
(0.000454479523312269 -0.000225853805978838 -0.0005)
(0.000456340809400669 -0.000226778772947683 -0.0005)
(0.000458573150215815 -0.000227888135731881 -0.0005)
(0.000461250516981744 -0.000229218654364886 -0.0005)
(0.000464461627377911 -0.000230814417137886 -0.0005)
(0.000468312885303267 -0.000232728301516898 -0.0005)
(0.000472931906693913 -0.000235023726299453 -0.0005)
(0.000478471748226408 -0.000237776753070637 -0.0005)
(0.000485115979029781 -0.000241078606592677 -0.0005)
(0.000493084763463331 -0.00024503869764414 -0.0005)
(0.000502642156520199 -0.00024978824847406 -0.0005)
(0.000514104853598427 -0.000255484641004646 -0.0005)
(0.000527852684573401 -0.000262316631865361 -0.0005)
(0.000544341199905053 -0.000270510607064625 -0.0005)
(0.000564116765835202 -0.000280338083555003 -0.0005)
(0.000587834668872047 -0.000292124706265017 -0.0005)
(0.000616280829475095 -0.000306261038724751 -0.0005)
(0.000650397844448862 -0.000323215504845258 -0.0005)
(0.000691316220990528 -0.00034354991069276 -0.0005)
(0.000740391837368252 -0.000367938060589781 -0.0005)
(0.000799250871533526 -0.000397188084409515 -0.0005)
(0.000869843686429711 -0.000432269215904428 -0.0005)
(0.000954509457549468 -0.000474343909400336 -0.0005)
(0.0010560536842508 -0.000524806359080198 -0.0005)
(0.0011778411532598 -0.000585328697239125 -0.0005)
(0.00132390743481458 -0.000657916402343844 -0.0005)
(0.00149909260600542 -0.000744974752907461 -0.0005)
(0.00170920163239049 -0.000849388529206402 -0.0005)
(0.00196119672231961 -0.000974617603849145 -0.0005)
(0.00226342802785145 -0.00112481158870205 -0.0005)
(0.00262591033680903 -0.00130494733713227 -0.0005)
(0.00306065492448833 -0.00152099385786541 -0.0005)
(0.00358206756131461 -0.00178011010507148 -0.0005)
(0.0004337594639936 -0.000248702085628538 -0.0005)
(0.000434264574881651 -0.000248991698056069 -0.0005)
(0.000434870381618508 -0.000249339045863901 -0.0005)
(0.000435596958318998 -0.00024975563882793 -0.0005)
(0.000436468380951954 -0.000250255281243302 -0.0005)
(0.000437513525125606 -0.000250854529345871 -0.0005)
(0.000438767022914633 -0.000251573239922446 -0.0005)
(0.000440270410434467 -0.000252435228288644 -0.0005)
(0.000442073504189062 -0.00025346905743723 -0.0005)
(0.00044423605179902 -0.000254708984506292 -0.0005)
(0.000446829711808889 -0.000256196095929584 -0.0005)
(0.00044994042817685 -0.000257979668883561 -0.0005)
(0.000453671278128303 -0.000260118804144267 -0.0005)
(0.000458145887740291 -0.000262684384460669 -0.0005)
(0.000463512528436176 -0.000265761423337462 -0.0005)
(0.000469949030132672 -0.000269451882056984 -0.0005)
(0.000477668673842147 -0.000273878048285564 -0.0005)
(0.000486927258988435 -0.00027918658821839 -0.0005)
(0.000498031579619949 -0.000285553406535434 -0.0005)
(0.000511349590389329 -0.000293189475208778 -0.0005)
(0.000527322599161242 -0.000302347824305679 -0.0005)
(0.00054647989026467 -0.000313331926435807 -0.0005)
(0.000569456262948246 -0.000326505752671143 -0.0005)
(0.000597013066195867 -0.000342305833153167 -0.0005)
(0.000630063426915812 -0.000361255722029706 -0.0005)
(0.000669702507468917 -0.000383983346034009 -0.0005)
(0.000717243795154389 -0.000411241811571531 -0.0005)
(0.000774262626147829 -0.000443934359781565 -0.0005)
(0.000842648386108048 -0.000483144296488906 -0.0005)
(0.000924667117180854 -0.000530170888809469 -0.0005)
(0.0010230366059561 -0.00058657241788591 -0.0005)
(0.00114101644050527 -0.000654217814355973 -0.0005)
(0.00128251602064494 -0.000735348587555232 -0.0005)
(0.00145222410047239 -0.00083265310055077 -0.0005)
(0.00165576415571704 -0.000949355652195936 -0.0005)
(0.00189988072418636 -0.00108932331804425 -0.0005)
(0.0021926628939151 -0.00125719409042113 -0.0005)
(0.00254381234455895 -0.00145853056372452 -0.0005)
(0.00296496482389787 -0.0017000042574968 -0.0005)
(0.0034700757119488 -0.0019896166850283 -0.0005)
(0.000417731860499917 -0.00027477280200791 -0.0005)
(0.000418218307317887 -0.00027509277366399 -0.0005)
(0.000418801729228641 -0.000275476532932385 -0.0005)
(0.000419501458599609 -0.000275936796125329 -0.0005)
(0.000420340681781957 -0.00027648881460208 -0.0005)
(0.000421347207417457 -0.000277150880140553 -0.0005)
(0.000422554387910354 -0.00027794493105677 -0.0005)
(0.000424002224598298 -0.000278897279156625 -0.0005)
(0.00042573869324345 -0.000280039481608351 -0.0005)
(0.000427821333765481 -0.000281409386626199 -0.0005)
(0.000430319156894114 -0.000283052387615286 -0.0005)
(0.000433314930920373 -0.000285022927335174 -0.0005)
(0.000436907924320718 -0.000287386301924384 -0.0005)
(0.000441217195134125 -0.000290220824564323 -0.0005)
(0.000446385536089469 -0.000293620420478153 -0.0005)
(0.000452584206209617 -0.000297697739252922 -0.0005)
(0.000460018605679464 -0.000302587887615394 -0.0005)
(0.000468935082021322 -0.000308452906351474 -0.0005)
(0.00047962909310821 -0.000315487139717182 -0.0005)
(0.000492454997506075 -0.000323923675262901 -0.0005)
(0.000507837796559356 -0.000334042067461994 -0.0005)
(0.000526287217307653 -0.000346177601075268 -0.0005)
(0.000548414602887397 -0.000360732401203703 -0.0005)
(0.000574953170101757 -0.000378188758174029 -0.0005)
(0.000606782305417038 -0.000399125108792826 -0.0005)
(0.000644956704461848 -0.000424235203526701 -0.0005)
(0.000690741320600407 -0.000454351094735461 -0.0005)
(0.000745653280641862 -0.000490470707700295 -0.0005)
(0.000811512156611666 -0.000533790908045219 -0.0005)
(0.000890500259398955 -0.000585747161279479 -0.0005)
(0.00098523495218047 -0.000648061098626235 -0.0005)
(0.0010988553798109 -0.000722797565286901 -0.0005)
(0.00123512648805944 -0.000812433041502106 -0.0005)
(0.00139856377949162 -0.000919937703621156 -0.0005)
(0.00159458293992857 -0.00104887384436953 -0.0005)
(0.00182967929353124 -0.00120351391358508 -0.0005)
(0.002111643032964 -0.00138898209084082 -0.0005)
(0.00244981735654059 -0.00161142408112872 -0.0005)
(0.00285540806602882 -0.00187821075998316 -0.0005)
(0.00334185488399933 -0.00219818241606328 -0.0005)
(0.000399577085405285 -0.000300563059638102 -0.0005)
(0.000400042391071692 -0.000300913063929816 -0.0005)
(0.000400600457258891 -0.000301332842958272 -0.0005)
(0.000401269776142754 -0.000301836306592588 -0.0005)
(0.000402072526387387 -0.000302440137689177 -0.0005)
(0.000403035308061108 -0.000303164344897715 -0.0005)
(0.000404190024060823 -0.000304032925671148 -0.0005)
(0.000405574937251833 -0.000305074661449367 -0.0005)
(0.000407235938352627 -0.000306324071365881 -0.0005)
(0.000409228066577523 -0.000307822556079684 -0.0005)
(0.000411617333425407 -0.000309619769634519 -0.0005)
(0.000414482910047963 -0.000311775264803691 -0.0005)
(0.000417919750678391 -0.000314360466440872 -0.0005)
(0.000422041739050986 -0.000317461038226172 -0.0005)
(0.000426985462071887 -0.000321179721232377 -0.0005)
(0.00043291473578597 -0.000325639738370569 -0.0005)
(0.000440026033613111 -0.000330988877525422 -0.0005)
(0.00044855499672476 -0.000337404388679616 -0.0005)
(0.000458784242289791 -0.000345098857299348 -0.0005)
(0.000471052728324953 -0.000354327248602407 -0.0005)
(0.000485766985465238 -0.000365395356128893 -0.0005)
(0.000503414587831976 -0.000378669934567853 -0.0005)
(0.000524580309371654 -0.000394590852602883 -0.0005)
(0.000549965501024634 -0.000413685668475471 -0.0005)
(0.000580411330808912 -0.000436587111244397 -0.0005)
(0.000616926656906302 -0.000464054047003194 -0.0005)
(0.000660721457358322 -0.000496996624795783 -0.0005)
(0.000713246924103899 -0.000536506435469629 -0.0005)
(0.000776243549921689 -0.000583892682815286 -0.0005)
(0.000851798801694121 -0.000640725565565346 -0.0005)
(0.00094241629106422 -0.000708888307766078 -0.0005)
(0.00105109873453582 -0.000790639561608968 -0.0005)
(0.00118144745199715 -0.000888688250512991 -0.0005)
(0.00133778170066771 -0.00100628333247067 -0.0005)
(0.00152528179873839 -0.00114732145807142 -0.0005)
(0.00175016078127409 -0.00131647609057662 -0.0005)
(0.00201987027639779 -0.00151935236659131 -0.0005)
(0.00234334742370451 -0.00176267282882177 -0.0005)
(0.00273131101683532 -0.00205450018539132 -0.0005)
(0.00319661668324228 -0.00240450447710481 -0.0005)
(0.000379204077630716 -0.000325889962269841 -0.0005)
(0.000379645659023871 -0.000326269459622437 -0.0005)
(0.000380175271410324 -0.000326724611269849 -0.0005)
(0.000380810464115978 -0.000327270499194296 -0.0005)
(0.000381572284994108 -0.000327925212030669 -0.0005)
(0.000382485977870597 -0.000328710444454608 -0.0005)
(0.000383581819027638 -0.00032965221606095 -0.0005)
(0.000384896120443753 -0.000330781733553444 -0.0005)
(0.000386472433033679 -0.000332136424815379 -0.0005)
(0.000388362989758867 -0.000333761179126276 -0.0005)
(0.000390630436427753 -0.000335709834620672 -0.0005)
(0.0003933499075379 -0.000338046962277677 -0.0005)
(0.000396611515945457 -0.0003408500055559 -0.0005)
(0.00040052333886005 -0.000344211846573033 -0.0005)
(0.000405214999109539 -0.000348243883863459 -0.0005)
(0.000410841960344036 -0.000353079723698995 -0.0005)
(0.000417590678505797 -0.000358879607288981 -0.0005)
(0.000425684780264958 -0.000365835720560184 -0.0005)
(0.000435392473150828 -0.00037417856246228 -0.0005)
(0.000447035432922083 -0.000384184582820159 -0.0005)
(0.000460999462669293 -0.00039618534282223 -0.0005)
(0.000477747276851592 -0.000410578501688225 -0.0005)
(0.000497833833881512 -0.000427840993572572 -0.0005)
(0.000521924725321104 -0.000448544831335469 -0.0005)
(0.000550818231036875 -0.000473376060858075 -0.0005)
(0.000585471771136906 -0.000503157493975239 -0.0005)
(0.000627033631205997 -0.000538875973308077 -0.0005)
(0.000676881012091657 -0.000581715072448509 -0.0005)
(0.000736665665065069 -0.000633094315054635 -0.0005)
(0.00080836862453148 -0.000694716212427533 -0.0005)
(0.0008943658519224 -0.000768622678214619 -0.0005)
(0.000997506965956753 -0.000857262689606739 -0.0005)
(0.00112120966809027 -0.000963573437061908 -0.0005)
(0.00126957299205085 -0.00109107765154672 -0.0005)
(0.00144751313011569 -0.00124400033434739 -0.0005)
(0.00166092633689278 -0.00142740875742927 -0.0005)
(0.00191688430861404 -0.00164738037342054 -0.0005)
(0.00222386851206165 -0.00191120419911369 -0.0005)
(0.00259205122789044 -0.00222762234556279 -0.0005)
(0.00303363262104572 -0.00260711969815872 -0.0005)
(0.000356531891278309 -0.000350549583513534 -0.0005)
(0.000356947071015401 -0.000350957796880925 -0.0005)
(0.000357445018471468 -0.000351447389194 -0.0005)
(0.000358042233717908 -0.000352034583666721 -0.0005)
(0.000358758506180461 -0.00035273883767477 -0.0005)
(0.000359617570384986 -0.000353583487498459 -0.0005)
(0.000360647892428729 -0.000354596521597664 -0.0005)
(0.000361883613237759 -0.00035581150804219 -0.0005)
(0.000363365679866482 -0.000357268706829024 -0.0005)
(0.000365143202326187 -0.000359016403944424 -0.0005)
(0.000367275080902708 -0.000361112511376557 -0.0005)
(0.000369831957886299 -0.000363626486096965 -0.0005)
(0.000372898558386539 -0.000366641631598557 -0.0005)
(0.00037657649779795 -0.000370257858254286 -0.0005)
(0.000380987648944943 -0.000374594993964221 -0.0005)
(0.000386278180480416 -0.000379796754793177 -0.0005)
(0.000392623400355029 -0.000386035507170622 -0.0005)
(0.000400233564851212 -0.000393517979453933 -0.0005)
(0.00040936084567101 -0.000402492112114323 -0.0005)
(0.000420307685940395 -0.000413255273534367 -0.0005)
(0.000433436822016003 -0.000426164113657183 -0.0005)
(0.000449183303178603 -0.000441646381999468 -0.0005)
(0.000468068907499876 -0.000460215101632056 -0.0005)
(0.00049071943156914 -0.000482485568799455 -0.0005)
(0.00051788542699532 -0.000509195741480597 -0.0005)
(0.000550467070812411 -0.000541230692489656 -0.0005)
(0.000589543993898423 -0.000579651937398989 -0.0005)
(0.000636411055807346 -0.00062573260909927 -0.0005)
(0.000692621251455045 -0.000680999644546974 -0.0005)
(0.000760037171422306 -0.000747284381606463 -0.0005)
(0.000840892721072367 -0.000826783242572203 -0.0005)
(0.000937867143618083 -0.000922130515190602 -0.0005)
(0.00105417379997965 -0.00103648564286577 -0.0005)
(0.0011936666472573 -0.00117363791651224 -0.0005)
(0.0013609679441077 -0.0013381320371417 -0.0005)
(0.00156162141469116 -0.00153541870984686 -0.0005)
(0.00180227594645601 -0.00177203525929029 -0.0005)
(0.00209090590880132 -0.00205582225160368 -0.0005)
(0.00243707539313439 -0.00239618330071759 -0.0005)
(0.00285225513022647 -0.00280439666810827 -0.0005)
(0.000331492696713002 -0.000374316165862418 -0.0005)
(0.000331878718423924 -0.000374752055304944 -0.0005)
(0.00033234169508624 -0.000375274841027949 -0.0005)
(0.000332896967973191 -0.000375901846147856 -0.0005)
(0.000333562936701379 -0.000376653847212711 -0.0005)
(0.000334361668923583 -0.000377555762657397 -0.0005)
(0.000335319631566248 -0.000378637478505129 -0.0005)
(0.00033646856784205 -0.000379934838675784 -0.0005)
(0.000337846549098375 -0.000381490832716113 -0.0005)
(0.000339499236355952 -0.000383357020308659 -0.0005)
(0.000341481393340176 -0.000385595239762147 -0.0005)
(0.000343858701141211 -0.00038827965709617 -0.0005)
(0.000346709934633736 -0.000391499223619002 -0.0005)
(0.000350129572774561 -0.000395360623433244 -0.0005)
(0.000354230929273366 -0.000399991808538347 -0.0005)
(0.000359149907375019 -0.000405546238669778 -0.0005)
(0.000365049503172553 -0.000412207966366853 -0.0005)
(0.000372125206673366 -0.000420197735768911 -0.0005)
(0.000380611479589271 -0.000429780297230572 -0.0005)
(0.000390789524499571 -0.000441273180134407 -0.0005)
(0.000402996602827434 -0.000455057214598442 -0.0005)
(0.000417637210391642 -0.000471589150727566 -0.0005)
(0.000435196480848676 -0.000491416793562511 -0.0005)
(0.000456256261163874 -0.000515197155240629 -0.0005)
(0.000481514391791207 -0.000543718225861562 -0.0005)
(0.000511807830432966 -0.000577925084460891 -0.0005)
(0.000548140385612208 -0.000618951215309418 -0.0005)
(0.000591715979042296 -0.000668156067240294 -0.0005)
(0.000643978538981082 -0.000727170100576232 -0.0005)
(0.000706659846482662 -0.000797948814339413 -0.0005)
(0.000781836919988235 -0.000882837543998897 -0.0005)
(0.000872000839761607 -0.000984649176904689 -0.0005)
(0.000980139292747492 -0.00110675736060026 -0.0005)
(0.00110983557307308 -0.00125320829257998 -0.0005)
(0.00126538731869022 -0.00142885479577587 -0.0005)
(0.00145194891863589 -0.00163951712252173 -0.0005)
(0.00167570230974182 -0.00189217581542198 -0.0005)
(0.00194406182234243 -0.00219520301579597 -0.0005)
(0.00226591986278275 -0.00255863988437326 -0.0005)
(0.00265194157370402 -0.00299452932689934 -0.0005)
(0.000304035177302151 -0.000396941571220312 -0.0005)
(0.000304389224858812 -0.000397403807842649 -0.0005)
(0.00030481385319304 -0.000397958193159733 -0.0005)
(0.000305323132861369 -0.000398623097377497 -0.0005)
(0.000305933939441303 -0.000399420552874923 -0.0005)
(0.000306666512723317 -0.000400376984272688 -0.0005)
(0.000307545127379988 -0.000401524084043876 -0.0005)
(0.000308598897335664 -0.000402899862681146 -0.0005)
(0.000309862740490401 -0.000404549908218865 -0.0005)
(0.000311378535765424 -0.000406528896845955 -0.0005)
(0.000313196510810168 -0.000408902404665357 -0.0005)
(0.000315376906354192 -0.000411749080634916 -0.0005)
(0.000317991972354214 -0.000415163252692585 -0.0005)
(0.000321128362080938 -0.000419258053422989 -0.0005)
(0.000324890003476535 -0.000424169168837938 -0.0005)
(0.000329401542928568 -0.000430059334491147 -0.0005)
(0.000334812475573842 -0.000437123727911149 -0.0005)
(0.000341302098994624 -0.000445596436037003 -0.0005)
(0.000349085454453751 -0.000455758211962825 -0.0005)
(0.000358420452538404 -0.000467945778019953 -0.0005)
(0.000369616419329088 -0.000482562983465256 -0.0005)
(0.000383044346281123 -0.000500094186498631 -0.0005)
(0.000399149183460455 -0.000521120304038504 -0.0005)
(0.000418464583484544 -0.000546338061083411 -0.0005)
(0.000441630584726045 -0.000576583077509766 -0.0005)
(0.000469414819732927 -0.000612857557313877 -0.0005)
(0.000502737951630836 -0.000656363497813625 -0.0005)
(0.000542704181372644 -0.000708542519235542 -0.0005)
(0.000590637836728587 -0.000771123634487254 -0.0005)
(0.00064812725543597 -0.00084618054202257 -0.0005)
(0.000717077416627944 -0.000936200340265313 -0.0005)
(0.000799773064545302 -0.00104416594052471 -0.0005)
(0.000898954416209314 -0.00117365490925066 -0.0005)
(0.00101790796171791 -0.00132895801488269 -0.0005)
(0.00116057536593923 -0.00151522140748102 -0.0005)
(0.0013316840801875 -0.00173861714242815 -0.0005)
(0.00153690399185194 -0.0020065476987033 -0.0005)
(0.0017830353027474 -0.00232789126868193 -0.0005)
(0.00207823386175553 -0.00271329594742477 -0.0005)
(0.0024322814184172 -0.00317553256976249 -0.0005)
(0.000274128337741437 -0.000418155060291176 -0.0005)
(0.000274447558921862 -0.000418641999923344 -0.0005)
(0.000274830418104318 -0.000419226012892751 -0.0005)
(0.000275289601775639 -0.000419926451152247 -0.0005)
(0.000275840325523873 -0.000420766524542849 -0.0005)
(0.000276500838224589 -0.000421774069878973 -0.0005)
(0.000277293026738713 -0.000422982473353838 -0.0005)
(0.00027824314115927 -0.00042443177683003 -0.0005)
(0.000279382664638915 -0.000426170004673456 -0.0005)
(0.000280749356621026 -0.00042825475509688 -0.0005)
(0.000282388504043022 -0.000430755108744074 -0.0005)
(0.000284354421972013 -0.000433753917757756 -0.0005)
(0.000286712253398071 -0.000437350551182242 -0.0005)
(0.00028954012782341 -0.000441664187672969 -0.0005)
(0.000292931750174825 -0.000446837764620633 -0.0005)
(0.000296999505826045 -0.000453042714548832 -0.0005)
(0.000301878184618552 -0.000460484645731247 -0.0005)
(0.000307729447280632 -0.000469410155262295 -0.0005)
(0.000314747182244704 -0.000480115000340285 -0.0005)
(0.000323163930367314 -0.000492953898528131 -0.0005)
(0.000333258590442416 -0.000508352281734703 -0.0005)
(0.000345365660839131 -0.000526820393398747 -0.0005)
(0.000359886323496463 -0.000548970196002051 -0.0005)
(0.000377301737556108 -0.000575535649162079 -0.0005)
(0.00039818898313341 -0.000607397030242395 -0.0005)
(0.000423240183541989 -0.000645610103372749 -0.0005)
(0.000453285439609297 -0.000691441103428421 -0.0005)
(0.00048932033603849 -0.000746408694203906 -0.0005)
(0.000532538931272083 -0.000812334291114098 -0.0005)
(0.000584373324015113 -0.000891402415924537 -0.0005)
(0.000646541107500825 -0.000986233083435301 -0.0005)
(0.000721102283951494 -0.00109996861873599 -0.0005)
(0.000810527525161608 -0.0012363777818231 -0.0005)
(0.000917780041097671 -0.00139998064987071 -0.0005)
(0.00104641376932646 -0.00159619839527477 -0.0005)
(0.00120069113889326 -0.0018315329225414 -0.0005)
(0.00138572431089398 -0.00211378231649792 -0.0005)
(0.00160764457591266 -0.00245229924095485 -0.0005)
(0.00187380552150661 -0.00285830085016087 -0.0005)
(0.00219302670193149 -0.0033452404823294 -0.0005)
(0.000241765731878607 -0.000437663490468649 -0.0005)
(0.000242047266954303 -0.00043817314757746 -0.0005)
(0.000242384927158336 -0.000438784406842125 -0.0005)
(0.000242789901256521 -0.000439517523053358 -0.0005)
(0.000243275608539291 -0.000440396788874331 -0.0005)
(0.000243858143485584 -0.000441451339806481 -0.0005)
(0.000244556809072225 -0.000442716119628434 -0.0005)
(0.000245394756400644 -0.000444233038298979 -0.0005)
(0.000246399751835699 -0.000446052360692576 -0.0005)
(0.000247605097076654 -0.000448234372184763 -0.0005)
(0.000249050732647938 -0.000450851376278592 -0.0005)
(0.000250784561375138 -0.000453990090465771 -0.0005)
(0.000252864035701156 -0.000457754519712187 -0.0005)
(0.000255358061440107 -0.000462269402784102 -0.0005)
(0.000258349281052065 -0.000467684345613076 -0.0005)
(0.000261936812097645 -0.000474178778663504 -0.0005)
(0.00026623953161431 -0.000481967902570926 -0.0005)
(0.000271400015246053 -0.000491309819066805 -0.0005)
(0.000277589261654132 -0.000502514083481296 -0.0005)
(0.000285012358757724 -0.000515951962221186 -0.0005)
(0.000293915279562011 -0.000532068735116554 -0.0005)
(0.00030459303276142 -0.000551398450288773 -0.0005)
(0.00031739943819778 -0.000574581620459674 -0.0005)
(0.000332758851094634 -0.000602386447089784 -0.0005)
(0.000351180223563933 -0.00063573427563227 -0.0005)
(0.000373273969329577 -0.000675730125392209 -0.0005)
(0.000399772190500145 -0.000723699305633784 -0.0005)
(0.000431552936628592 -0.000781231331252939 -0.0005)
(0.000469669299911217 -0.000850232593212683 -0.0005)
(0.000515384310629379 -0.00093298952903752 -0.0005)
(0.000570212789135204 -0.00103224438659522 -0.0005)
(0.000635971541195814 -0.00115128609168749 -0.0005)
(0.0007148395599775 -0.00129405923045337 -0.0005)
(0.00080943022953302 -0.00146529475784491 -0.0005)
(0.000922877922339006 -0.00167066676335318 -0.0005)
(0.0010589418603942 -0.00191698048860042 -0.0005)
(0.00122213068143746 -0.0022123978269812 -0.0005)
(0.00141785183793293 -0.00256670777754681 -0.0005)
(0.00165259077933241 -0.00299165081493888 -0.0005)
(0.00193412585502886 -0.00350130792374919 -0.0005)
(0.000206970107032442 -0.000455152034813621 -0.0005)
(0.000207211122764066 -0.00045568205725137 -0.0005)
(0.000207500185932887 -0.000456317741753665 -0.0005)
(0.000207846874985117 -0.000457080152470036 -0.0005)
(0.000208262677868016 -0.000457994552771348 -0.0005)
(0.000208761372696467 -0.000459091242381141 -0.0005)
(0.000209359484306923 -0.000460406561392413 -0.0005)
(0.000210076831827197 -0.000461984094439107 -0.0005)
(0.000210937185406442 -0.000463876114923934 -0.0005)
(0.000211969053866844 -0.00046614531715872 -0.0005)
(0.000213206629376795 -0.000468866893813757 -0.0005)
(0.000214690920448388 -0.000472131027514887 -0.0005)
(0.000216471110802426 -0.000476045879150292 -0.0005)
(0.000218606189128545 -0.000480741171908039 -0.0005)
(0.000221166903744441 -0.00048637248980565 -0.0005)
(0.000224238106924133 -0.000493126433148509 -0.0005)
(0.000227921566577305 -0.00050122680174924 -0.0005)
(0.000232339338448041 -0.000510942010796276 -0.0005)
(0.00023763781057466 -0.000522593985105086 -0.0005)
(0.000243992554028599 -0.000536568826473487 -0.0005)
(0.000251614140667229 -0.000553329607616326 -0.0005)
(0.000260755120678646 -0.000573431716621539 -0.0005)
(0.000271718391127558 -0.00059754126038407 -0.0005)
(0.000284867232803819 -0.000626457136836965 -0.0005)
(0.000300637347956324 -0.000661137507368844 -0.0005)
(0.000319551297796655 -0.000702731546622252 -0.0005)
(0.000342235818176059 -0.000752617521739608 -0.0005)
(0.000369442587210962 -0.000812448462857104 -0.0005)
(0.000402073133016575 -0.000884206938191786 -0.0005)
(0.000441208706895499 -0.000970270748758395 -0.0005)
(0.000488146111864348 -0.00107349171958726 -0.0005)
(0.000544440673738559 -0.00119729019828241 -0.0005)
(0.000611957778672514 -0.00134576839224014 -0.0005)
(0.000692934684911676 -0.00152384630008936 -0.0005)
(0.00079005465696143 -0.001737424741601 -0.0005)
(0.000906535878695033 -0.00199358088825321 -0.0005)
(0.0010462380916405 -0.00230080277358629 -0.0005)
(0.00121379049203081 -0.00266927055412236 -0.0005)
(0.00141474512463576 -0.00311119384075925 -0.0005)
(0.00165576085625954 -0.00364121627850896 -0.0005)
(0.000169798447428296 -0.000470285537998927 -0.0005)
(0.000169996176934369 -0.000470833183331087 -0.0005)
(0.000170233324597761 -0.000471490003921335 -0.0005)
(0.000170517748583683 -0.000472277764288202 -0.0005)
(0.000170858873613596 -0.00047322256779287 -0.0005)
(0.000171268003264373 -0.000474355721604586 -0.0005)
(0.000171758694525543 -0.00047571477410033 -0.0005)
(0.000172347207025998 -0.000477344759074206 -0.0005)
(0.000173053041815812 -0.000479299687984886 -0.0005)
(0.000173899587556348 -0.000481644339688468 -0.0005)
(0.000174914895530906 -0.000484456406961646 -0.0005)
(0.000176132609156809 -0.000487829070942737 -0.0005)
(0.000177593078799389 -0.000491874088797697 -0.0005)
(0.000179344698828537 -0.00049672549692453 -0.0005)
(0.000181445511222754 -0.000502544052406119 -0.0005)
(0.000183965128858003 -0.0005095225598842 -0.0005)
(0.000186987042211778 -0.000517892260366686 -0.0005)
(0.00019061138591773 -0.000527930493668946 -0.0005)
(0.000194958256843882 -0.00053996988839298 -0.0005)
(0.000200171693642825 -0.000554409383965222 -0.0005)
(0.00020642444964095 -0.00057172744996106 -0.0005)
(0.000213923717221984 -0.00059249794075388 -0.0005)
(0.000222917993388977 -0.000617409110850952 -0.0005)
(0.000233705314003155 -0.000647286421011565 -0.0005)
(0.000246643129550794 -0.000683119890854813 -0.0005)
(0.000262160149683181 -0.000726096904317682 -0.0005)
(0.000280770549012369 -0.000777641555010661 -0.0005)
(0.000303091004888359 -0.000839461835225262 -0.0005)
(0.000329861131724417 -0.000913606232256405 -0.0005)
(0.000361967988985765 -0.00100253160742501 -0.0005)
(0.00040047547494254 -0.00110918460705161 -0.0005)
(0.000446659580183394 -0.00123709930302883 -0.0005)
(0.000502050669056155 -0.00139051429842726 -0.0005)
(0.000568484190080528 -0.00157451317856604 -0.0005)
(0.000648161495681683 -0.00179519296155857 -0.0005)
(0.000743722786577747 -0.00205986613013925 -0.0005)
(0.000858334597918791 -0.0023773029393322 -0.0005)
(0.00099579472613286 -0.00275802202910983 -0.0005)
(0.00116065807335283 -0.00321463897183181 -0.0005)
(0.00135838757942637 -0.00376228430399141 -0.0005)
(0.000130347380922429 -0.000482710638257189 -0.0005)
(0.000130499169844166 -0.000483272752561087 -0.0005)
(0.000130681218486443 -0.000483946926569687 -0.0005)
(0.000130899559243959 -0.000484755499827333 -0.0005)
(0.000131161427093104 -0.00048572526535469 -0.0005)
(0.000131475499331361 -0.000486888357466824 -0.0005)
(0.00013185218310971 -0.000488283316581317 -0.0005)
(0.000132303960285746 -0.000489956366300084 -0.0005)
(0.000132845801024632 -0.000491962945082491 -0.0005)
(0.000133495659853032 -0.000494369543263551 -0.0005)
(0.000134275070603352 -0.000497255906288945 -0.0005)
(0.000135209859962466 -0.000500717677173644 -0.0005)
(0.000136331003269194 -0.00050486956574508 -0.0005)
(0.000137675650918384 -0.000509849149687453 -0.0005)
(0.000139288359382701 -0.000515821433339218 -0.0005)
(0.000141222567643466 -0.000522984315304844 -0.0005)
(0.000143542367953803 -0.000531575146056547 -0.0005)
(0.000146324629610425 -0.000541878592819819 -0.0005)
(0.00014966154610768 -0.000554236072354905 -0.0005)
(0.000153663690076834 -0.000569057064200511 -0.0005)
(0.000158463677239536 -0.000586832679257273 -0.0005)
(0.000164220560784876 -0.000608151933321897 -0.0005)
(0.000171125101782847 -0.000633721264814541 -0.0005)
(0.000179406090275527 -0.000664387943442175 -0.0005)
(0.000189337926502736 -0.000701168145471359 -0.0005)
(0.000201249713474943 -0.000745280625917434 -0.0005)
(0.000215536162186463 -0.000798187103417511 -0.0005)
(0.000232670670825941 -0.000861640695987258 -0.0005)
(0.000253221011379054 -0.000937744012636938 -0.0005)
(0.000277868143417375 -0.00102901882578034 -0.0005)
(0.000307428778490275 -0.00113848963311339 -0.0005)
(0.000342882442817408 -0.001269783877883 -0.0005)
(0.000385403935035733 -0.00142725214846199 -0.0005)
(0.000436402254526486 -0.00161611234018365 -0.0005)
(0.00049756729025776 -0.00184262255640685 -0.0005)
(0.000570925817232092 -0.00211428847809084 -0.0005)
(0.000658908656046855 -0.00244011207331312 -0.0005)
(0.000764431220978031 -0.00283088988801104 -0.0005)
(0.000890990125642357 -0.00329957080216 -0.0005)
(0.00104277904737943 -0.00386168510605751 -0.0005)
(8.87588900245484e-05 -0.000492058796732271 -0.0005)
(8.88622493411381e-05 -0.000492631796923442 -0.0005)
(8.89862137453675e-05 -0.000493319026963902 -0.0005)
(8.91348909427695e-05 -0.000494143259024881 -0.0005)
(8.9313207526185e-05 -0.000495131804999809 -0.0005)
(8.95270722241788e-05 -0.000496317421515848 -0.0005)
(8.97835716936726e-05 -0.000497739395363049 -0.0005)
(9.00912053446106e-05 -0.000499444845308097 -0.0005)
(9.04601669778497e-05 -0.000501490283429753 -0.0005)
(9.09026825686749e-05 -0.000503943487712687 -0.0005)
(9.14334153887902e-05 -0.000506885747950281 -0.0005)
(9.20699518909782e-05 -0.000510414559377015 -0.0005)
(9.28333844567837e-05 -0.000514646853287096 -0.0005)
(9.37490103172471e-05 -0.000519722871689669 -0.0005)
(9.48471698062451e-05 -0.000525810814391826 -0.0005)
(9.6164251722942e-05 -0.000533112412495954 -0.0005)
(9.77438991172132e-05 -0.000541869612995773 -0.0005)
(9.96384554531516e-05 -0.000552372595972977 -0.0005)
(0.000101910699070975 -0.000564969390053654 -0.0005)
(0.00010463592342076 -0.0005800774047439 -0.0005)
(0.000107904431998981 -0.000598197261782034 -0.0005)
(0.000111824530660488 -0.000619929383825466 -0.0005)
(0.000116526116459696 -0.000645993890157757 -0.0005)
(0.000122164981941418 -0.000677254458683386 -0.0005)
(0.000128927977509064 -0.000714746944905344 -0.0005)
(0.000137039202931316 -0.000759713706208844 -0.0005)
(0.000146767433150087 -0.000813644768826446 -0.0005)
(0.000158435024452601 -0.000878327201600124 -0.0005)
(0.000172428596124028 -0.000955904332597648 -0.0005)
(0.000189211841529716 -0.00104894677079512 -0.0005)
(0.000209340893137226 -0.00116053758621218 -0.0005)
(0.000233482750616142 -0.00129437447104335 -0.0005)
(0.000262437382652301 -0.00145489226701396 -0.0005)
(0.000297164234845904 -0.00164740991904811 -0.0005)
(0.000338814022063728 -0.00187830672473022 -0.0005)
(0.000388766858722199 -0.00215523371979215 -0.0005)
(0.000448677990492881 -0.00248736720413155 -0.0005)
(0.000520532642803911 -0.00288571280924223 -0.0005)
(0.000606711803606637 -0.00336347018268683 -0.0005)
(0.000710071120196387 -0.00393647037385816 -0.0005)
(4.5226239706945e-05 -0.000497950386325756 -0.0005)
(4.52789054537422e-05 -0.000498530247245738 -0.0005)
(4.53420703249935e-05 -0.000499225705728372 -0.0005)
(4.54178273625905e-05 -0.000500059806603942 -0.0005)
(4.55086868645857e-05 -0.000501060188780595 -0.0005)
(4.56176595668541e-05 -0.00050226000109188 -0.0005)
(4.57483564073489e-05 -0.000503699000722131 -0.0005)
(4.59051081787533e-05 -0.000505424870607265 -0.0005)
(4.60931090343625e-05 -0.000507494799464645 -0.0005)
(4.63185886024282e-05 -0.000509977376808116 -0.0005)
(4.65890184121773e-05 -0.000512954865741778 -0.0005)
(4.69133594716724e-05 -0.000516525928844159 -0.0005)
(4.73023592012956e-05 -0.000520808897468162 -0.0005)
(4.77689075620936e-05 -0.000525945692788851 -0.0005)
(4.8328464179714e-05 -0.000532106528527588 -0.0005)
(4.89995706171846e-05 -0.000539495551182789 -0.0005)
(4.98044647712913e-05 -0.000548357604662934 -0.0005)
(5.07698177513e-05 -0.000558986343475862 -0.0005)
(5.19276176573582e-05 -0.000571733963314376 -0.0005)
(5.33162295436098e-05 -0.000587022871472472 -0.0005)
(5.49816666891388e-05 -0.000605359683805116 -0.0005)
(5.69791153017923e-05 -0.00062735201203717 -0.0005)
(5.93747631777285e-05 -0.000653728597688613 -0.0005)
(6.22479929114604e-05 -0.000685363459777196 -0.0005)
(6.56940123309775e-05 -0.000723304856460924 -0.0005)
(6.98270093204888e-05 -0.000768810020298243 -0.0005)
(7.47839355695302e-05 -0.000823386818119429 -0.0005)
(8.07290446273862e-05 -0.000888843715957732 -0.0005)
(8.78593346365699e-05 -0.000967349704686716 -0.0005)
(9.64110760967008e-05 -0.00106150617206988 -0.0005)
(0.00010666764096387 -0.001174433102787 -0.0005)
(0.00011896889251186 -0.00130987246277587 -0.0005)
(0.000133722447099254 -0.00147231219365058 -0.0005)
(0.000151417181014259 -0.00166713492589633 -0.0005)
(0.000172639429962343 -0.00190079633862653 -0.0005)
(0.000198092417985661 -0.00218103907606132 -0.0005)
(0.000228619559614245 -0.00251714930910022 -0.0005)
(0.000265232407392975 -0.00292026444345673 -0.0005)
(0.000309144170858353 -0.00340374217062387 -0.0005)
(0.00036180991765556 -0.00398360309060605 -0.0005)
(0 -0.0005 -0.0005)
(0 -0.000500582247685619 -0.0005)
(0 -0.000501280568745037 -0.0005)
(0 -0.000502118102863371 -0.0005)
(0 -0.000503122602713279 -0.0005)
(0 -0.000504327353572234 -0.0005)
(0 -0.00050577227626912 -0.0005)
(0 -0.000507505250007597 -0.0005)
(0 -0.000509583698899517 -0.0005)
(0 -0.000512076494780036 -0.0005)
(0 -0.00051506623935643 -0.0005)
(0 -0.000518652001312286 -0.0005)
(0 -0.000522952599064209 -0.0005)
(0 -0.000528110537949036 -0.0005)
(0 -0.000534296732304859 -0.0005)
(0 -0.000541716168917533 -0.0005)
(0 -0.000550614699497593 -0.0005)
(0 -0.000561287187264252 -0.0005)
(0 -0.000574087277583063 -0.0005)
(0 -0.000589439116418764 -0.0005)
(0 -0.000607851404907931 -0.0005)
(0 -0.000629934255766156 -0.0005)
(0 -0.000656419410086517 -0.0005)
(0 -0.000688184484436604 -0.0005)
(0 -0.00072628205171001 -0.0005)
(0 -0.000771974519360341 -0.0005)
(0 -0.000826775960748803 -0.0005)
(0 -0.000892502285736009 -0.0005)
(0 -0.000971331412979246 -0.0005)
(0 -0.00106587543781465 -0.0005)
(0 -0.0011792671870915 -0.0005)
(0 -0.00131526402905425 -0.0005)
(0 -0.00147837237813428 -0.0005)
(0 -0.00167399702026308 -0.0005)
(0 -0.00190862020677602 -0.0005)
(0 -0.00219001645139251 -0.0005)
(0 -0.00252751014782175 -0.0005)
(0 -0.0029322845444549 -0.0005)
(0 -0.00341775231438134 -0.0005)
(0 -0.004 -0.0005)
(0.00049948733375476 -2.26363296176948e-05 0.0005)
(0.000500068984442909 -2.26626895187564e-05 0.0005)
(0.000500766589491056 -2.26943043701164e-05 0.0005)
(0.000501603264858447 -2.27322217668537e-05 0.0005)
(0.000502606734762022 -2.27776981462606e-05 0.0005)
(0.000503810250350778 -2.28322404213616e-05 0.0005)
(0.000505253691521477 -2.28976559142392e-05 0.0005)
(0.000506984888385675 -2.29761122437652e-05 0.0005)
(0.000509061206176417 -2.30702091521873e-05 0.0005)
(0.000511551446112327 -2.31830646506294e-05 0.0005)
(0.000514538125206469 -2.33184183380373e-05 0.0005)
(0.000518120210564088 -2.3480755317164e-05 0.0005)
(0.000522416398773407 -2.36754548136953e-05 0.0005)
(0.000527569049055912 -2.3908968423185e-05 0.0005)
(0.00053374890050567 -2.41890338922201e-05 0.0005)
(0.000541160729728924 -2.45249315177043e-05 0.0005)
(0.000550050136356462 -2.4927791660351e-05 0.0005)
(0.000560711681274659 -2.54109635622048e-05 0.0005)
(0.000573498647244986 -2.59904576893906e-05 0.0005)
(0.00058883474534154 -2.66854762576359e-05 0.0005)
(0.000607228155113095 -2.75190495201496e-05 0.0005)
(0.000629288363706852 -2.85187989019999e-05 0.0005)
(0.000655746361937974 -2.97178522683424e-05 0.0005)
(0.000687478866525267 -3.11559416549807e-05 0.0005)
(0.000725537371125139 -3.28807198358469e-05 0.0005)
(0.000771182988803818 -3.49493393534044e-05 0.0005)
(0.000825928240493899 -3.74303463349924e-05 0.0005)
(0.000891587174144616 -4.04059518489327e-05 0.0005)
(0.000970335475322494 -4.39747560644389e-05 0.0005)
(0.00106478256109745 -4.82550154835545e-05 0.0005)
(0.00117805804612962 -5.33885615086699e-05 0.0005)
(0.0013139154461117 -5.95455001919388e-05 0.0005)
(0.00147685655490195 -6.69298488982857e-05 0.0005)
(0.00167228061672924 -7.5786296659428e-05 0.0005)
(0.00190666323646603 -8.64083122311498e-05 0.0005)
(0.00218777095637021 -9.91478685237903e-05 0.0005)
(0.00252491860954717 -0.000114427105636323 0.0005)
(0.00292927797784014 -0.000132752318962307 0.0005)
(0.00341424798188899 -0.000154730735879951 0.0005)
(0.00399589867003808 -0.000181090636941558 0.0005)
(0.000497887242162397 -4.59161637326423e-05 0.0005)
(0.000498467029551293 -4.59696328927739e-05 0.0005)
(0.000499162399844128 -4.60337613409783e-05 0.0005)
(0.000499996394948916 -4.61106740483965e-05 0.0005)
(0.000500996650268964 -4.62029196075521e-05 0.0005)
(0.000502196310434279 -4.63135546829457e-05 0.0005)
(0.00050363512758766 -4.64462452972082e-05 0.0005)
(0.000505360778618441 -4.66053883090488e-05 0.0005)
(0.000507430444991988 -4.67962571083115e-05 0.0005)
(0.000509912707524438 -4.70251763559153e-05 0.0005)
(0.00051288981888826 -4.72997315588923e-05 0.0005)
(0.000516460429150764 -4.7629020425035e-05 0.0005)
(0.000520742854659473 -4.80239543260861e-05 0.0005)
(0.00052587899859269 -4.84976198588034e-05 0.0005)
(0.000532039053087293 -4.90657124846513e-05 0.0005)
(0.000539427138754259 -4.97470566172743e-05 0.0005)
(0.000548288068453867 -5.05642293914622e-05 0.0005)
(0.000558915459456174 -5.15443087829192e-05 0.0005)
(0.000571661462792699 -5.27197708686616e-05 0.0005)
(0.000586948432192757 -5.4129565959816e-05 0.0005)
(0.000605282919268296 -5.58204092657384e-05 0.0005)
(0.000627272458694066 -5.78483288571179e-05 0.0005)
(0.000653645699579687 -6.0280522221634e-05 0.0005)
(0.000685276550110183 -6.31975829313102e-05 0.0005)
(0.000723213135515888 -6.66961712047923e-05 0.0005)
(0.000768712528927923 -7.08922168567544e-05 0.0005)
(0.000823282405966775 -7.59247607679093e-05 0.0005)
(0.000888731003337474 -8.19605621672241e-05 0.0005)
(0.000967227036867881 -8.91996243940276e-05 0.0005)
(0.00106137156444435 -9.78818222425985e-05 0.0005)
(0.00117428417510719 -0.000108294850494051 0.0005)
(0.00130970636028245 -0.00012078375701942 0.0005)
(0.00147212549247668 -0.000135762376344458 0.0005)
(0.00166692351961371 -0.000153727042540709 0.0005)
(0.00190055530217427 -0.000175273035835515 0.0005)
(0.00218076250254819 -0.000201114307918637 0.0005)
(0.00251683011407289 -0.000232107139566597 0.0005)
(0.00291989413014814 -0.000269278514507775 0.0005)
(0.00340331054840294 -0.000313860149729501 0.0005)
(0.00398309793729917 -0.000367329309861138 0.0005)
(0.00049510355574144 -6.98030736585657e-05 0.0005)
(0.000495680101540384 -6.98843590147393e-05 0.0005)
(0.000496371584019518 -6.9981848927435e-05 0.0005)
(0.000497200916259601 -7.00987738389423e-05 0.0005)
(0.000498195579154464 -7.02390081929687e-05 0.0005)
(0.000499388532022566 -7.04071988188643e-05 0.0005)
(0.000500819304752566 -7.06089189097477e-05 0.0005)
(0.000502535307672419 -7.08508526967783e-05 0.0005)
(0.000504593402546053 -7.11410169389748e-05 0.0005)
(0.000507061786754417 -7.1489026567902e-05 0.0005)
(0.00051002225309548 -7.19064132896747e-05 0.0005)
(0.000513572900084253 -7.24070077015281e-05 0.0005)
(0.000517831382561834 -7.30073975848347e-05 0.0005)
(0.000522938810326184 -7.37274775606426e-05 0.0005)
(0.000529064423970336 -7.45911083212141e-05 0.0005)
(0.000536411202867402 -7.56269072819732e-05 0.0005)
(0.000545222591129525 -7.68691968530391e-05 0.0005)
(0.000555790564413285 -7.83591417524315e-05 0.0005)
(0.000568465304874595 -8.0146113047152e-05 0.0005)
(0.000583666804864045 -8.22893241212378e-05 0.0005)
(0.000601898783864692 -8.48597927805019e-05 0.0005)
(0.000623765379826322 -8.79426945105975e-05 0.0005)
(0.000649991167983066 -9.16401848663628e-05 0.0005)
(0.000681445170501304 -9.60747845156207e-05 0.0005)
(0.000719169652545628 -0.000101393439104816 0.0005)
(0.000764414658954187 -0.000107772388474891 0.0005)
(0.000818679435936555 -0.00011542300657456 0.0005)
(0.000883762110350521 -0.000124598805583338 0.0005)
(0.000961819272738762 -0.000135603836334138 0.0005)
(0.001055437438479 -0.000148802763393264 0.0005)
(0.00116771875499641 -0.000164632948647355 0.0005)
(0.00130238379504715 -0.000183618943801072 0.0005)
(0.00146389484224842 -0.000206389872011392 0.0005)
(0.00165760375406565 -0.000233700274619286 0.0005)
(0.00188992930186954 -0.000266455113759627 0.0005)
(0.00216856986443336 -0.000305739759340044 0.0005)
(0.00250275852271824 -0.000352855954042348 0.0005)
(0.00290356900881058 -0.000409364948088919 0.0005)
(0.00338428264698747 -0.000477139233094988 0.0005)
(0.00396082844593152 -0.000558424589268526 0.0005)
(0.000491036351941153 -9.42512656271731e-05 0.0005)
(0.000491608161500098 -9.43610207897292e-05 0.0005)
(0.000492293963551098 -9.44926560770577e-05 0.0005)
(0.000493116482947284 -9.46505333783755e-05 0.0005)
(0.000494102974830933 -9.48398841427279e-05 0.0005)
(0.000495286127764492 -9.50669827291717e-05 0.0005)
(0.000496705146904323 -9.53393543150015e-05 0.0005)
(0.000498407053109427 -9.56660242513019e-05 0.0005)
(0.000500448241032596 -9.60578171285116e-05 0.0005)
(0.000502896347823204 -9.65277154618898e-05 0.0005)
(0.000505832494363261 -9.7091289882344e-05 0.0005)
(0.000509353973302726 -9.77672150874984e-05 0.0005)
(0.000513577472965267 -9.85778886496425e-05 0.0005)
(0.000518642943952349 -9.95501731854877e-05 0.0005)
(0.000524718236570114 -0.000100716286480392 0.0005)
(0.000532004662745606 -0.000102114869062362 0.0005)
(0.000540743666732945 -0.000103792264601147 0.0005)
(0.000551224825651098 -0.000105804055559944 0.0005)
(0.000563795444960431 -0.000108216904985324 0.0005)
(0.000578872066835373 -0.000111110765465262 0.0005)
(0.00059695427277659 -0.000114581528451655 0.0005)
(0.000618641237828356 -0.000118744201735743 0.0005)
(0.000644651584944494 -0.000123736720365793 0.0005)
(0.000675847197400506 -0.000129724517286267 0.0005)
(0.000713261778304038 -0.000136906005151937 0.0005)
(0.000758135103556453 -0.000145519150963281 0.0005)
(0.000811954103277468 -0.000155849361381393 0.0005)
(0.000876502132973901 -0.000168238940011527 0.0005)
(0.000953918067110349 -0.000183098430033448 0.0005)
(0.00104676717321637 -0.000200920218029896 0.0005)
(0.00115812611502663 -0.00022229484979194 0.0005)
(0.00129168490133245 -0.000247930598744517 0.0005)
(0.00145186915873924 -0.000278676935414819 0.0005)
(0.00164398677998068 -0.000315552675631823 0.0005)
(0.00187440380715293 -0.000359779740180474 0.0005)
(0.00215075537796577 -0.000412823644576149 0.0005)
(0.00248219872496127 -0.000476442060635447 0.0005)
(0.00287971661112512 -0.000552743058987747 0.0005)
(0.00335648125658449 -0.000644254962461282 0.0005)
(0.00392829081552922 -0.000754010125017384 0.0005)
(0.000485582417460003 -0.00011920451272372 0.0005)
(0.000486147875937489 -0.000119343325827017 0.0005)
(0.00048682606079388 -0.000119509811870242 0.0005)
(0.000487639444477652 -0.000119709487563173 0.0005)
(0.000488614979408565 -0.000119948969393452 0.0005)
(0.000489784991077622 -0.000120236192871642 0.0005)
(0.000491188249190015 -0.000120580675483654 0.0005)
(0.000492871252344665 -0.00012099383206377 0.0005)
(0.000494889768819676 -0.000121489353038535 0.0005)
(0.000497310684519469 -0.000122083658075049 0.0005)
(0.000500214219317456 -0.000122796440165844 0.0005)
(0.000503696585235377 -0.000123651318179226 0.0005)
(0.00050787317454118 -0.000124676619498104 0.0005)
(0.000512882383406791 -0.000125906318680953 0.0005)
(0.000518890197827147 -0.000127381163248553 0.0005)
(0.000526095693760294 -0.00012915002390075 0.0005)
(0.000534737633742109 -0.000131271513904256 0.0005)
(0.000545102378562201 -0.000133815931311805 0.0005)
(0.000557533376163631 -0.000136867588370352 0.0005)
(0.000572442542192223 -0.000140527605305997 0.0005)
(0.000590323909303304 -0.000144917261060957 0.0005)
(0.000611769997511595 -0.000150182012013167 0.0005)
(0.00063749144803496 -0.00015649631184351 0.0005)
(0.000668340571222383 -0.000164069392262579 0.0005)
(0.000705339588854314 -0.00017315219614815 0.0005)
(0.000749714506657036 -0.000184045692830954 0.0005)
(0.00080293573943644 -0.000197110851065493 0.0005)
(0.000866766834992539 -0.000212780600151934 0.0005)
(0.000943322911338605 -0.000231574175554866 0.0005)
(0.00103514074361055 -0.000254114324377754 0.0005)
(0.00114526282307829 -0.000281147940816627 0.0005)
(0.0012773381736527 -0.000313570815372897 0.0005)
(0.00143574326656107 -0.000352457317919406 0.0005)
(0.00162572703984037 -0.000399095998202838 0.0005)
(0.00185358482803862 -0.000455032283446762 0.0005)
(0.0021268669654887 -0.000522119687890348 0.0005)
(0.00245462897546795 -0.000602581231150697 0.0005)
(0.00284773163555403 -0.000699083100578082 0.0005)
(0.00331920086219362 -0.000814822998492385 0.0005)
(0.00388465933968002 -0.000953636101789757 0.0005)
(0.000478635851489055 -0.000144595026433649 0.0005)
(0.000479193220722622 -0.000144763406672635 0.0005)
(0.000479861703712396 -0.000144965354176726 0.0005)
(0.000480663451424156 -0.000145207560712685 0.0005)
(0.000481625030706119 -0.000145498052077386 0.0005)
(0.000482778304612535 -0.000145846454041979 0.0005)
(0.000484161488223255 -0.00014626431131308 0.0005)
(0.000485820414945104 -0.000146765470080128 0.0005)
(0.000487810055255425 -0.000147366536825065 0.0005)
(0.000490196338213146 -0.000148087428597539 0.0005)
(0.00049305833609526 -0.000148952032989646 0.0005)
(0.000496490884549217 -0.00014998899967923 0.0005)
(0.000500607725083023 -0.000151232689770469 0.0005)
(0.000505545274023159 -0.000152724314389259 0.0005)
(0.000511467142829112 -0.000154513300262067 0.0005)
(0.000518569559550464 -0.000156658927528331 0.0005)
(0.000527087871072841 -0.00015923229405722 0.0005)
(0.000537304341612243 -0.000162318671358686 0.0005)
(0.000549557505870005 -0.000166020330154689 0.0005)
(0.000564253386776103 -0.000170459929239196 0.0005)
(0.000581878949533851 -0.000175784579920786 0.0005)
(0.000603018237781516 -0.000182170720727936 0.0005)
(0.000628371726561406 -0.00018982996390604 0.0005)
(0.00065877953337974 -0.000199016107436675 0.0005)
(0.000695249256482876 -0.000210033544930587 0.0005)
(0.000738989362803781 -0.000223247352066023 0.0005)
(0.000791449231927369 -0.000239095383798357 0.0005)
(0.000854367182978364 -0.00025810278319618 0.0005)
(0.000929828075858775 -0.000280899382671135 0.0005)
(0.00102033239551937 -0.000308240574211573 0.0005)
(0.00112887910845328 -0.00034103234017966 0.0005)
(0.00125906503695861 -0.000380361274096654 0.0005)
(0.0014152040440524 -0.000427530586190204 0.0005)
(0.00160246997836752 -0.000484103286789578 0.0005)
(0.00182706811567891 -0.00055195397850115 0.0005)
(0.00209644077797458 -0.000633330973358451 0.0005)
(0.00241951394349978 -0.000730930793271203 0.0005)
(0.00280699301948673 -0.000847987522432873 0.0005)
(0.0032717175783452 -0.000988379972483267 0.0005)
(0.00382908681191244 -0.00115676021146919 0.0005)
(0.000470088831288695 -0.000170342275133419 0.0005)
(0.000470636247556801 -0.000170540637924337 0.0005)
(0.000471292793418173 -0.000170778545120407 0.0005)
(0.000472080224287877 -0.000171063880054845 0.0005)
(0.000473024632608823 -0.000171406097634454 0.0005)
(0.000474157312455383 -0.000171816537639021 0.0005)
(0.000475515796499147 -0.00017230880047818 0.0005)
(0.000477145099697896 -0.000172899197856897 0.0005)
(0.000479099210918888 -0.000173607293282893 0.0005)
(0.000481442881923117 -0.000174456550326355 0.0005)
(0.000484253772990655 -0.000175475110112776 0.0005)
(0.00048762502628487 -0.000176696723812071 0.0005)
(0.000491668352226958 -0.000178161871023064 0.0005)
(0.000496517731151412 -0.000179919101112345 0.0005)
(0.00050233385290112 -0.000182026641954322 0.0005)
(0.000509309441473265 -0.000184554329379944 0.0005)
(0.000517675641154399 -0.000187585921268647 0.0005)
(0.000527709675756741 -0.00019122187296366 0.0005)
(0.000539744034753461 -0.000195582665977299 0.0005)
(0.000554177490706275 -0.000200812800286809 0.0005)
(0.00057148831306072 -0.000207085582510123 0.0005)
(0.000592250116163651 -0.000214608868623367 0.0005)
(0.000617150866645571 -0.000223631951511748 0.0005)
(0.000647015679999632 -0.000234453821580899 0.0005)
(0.000682834161748627 -0.0002474330741537 0.0005)
(0.000725793199181508 -0.000262999791945735 0.0005)
(0.000777316290251985 -0.000281669796359138 0.0005)
(0.000839110712848258 -0.000304061739828096 0.0005)
(0.00091322409744282 -0.000330917605590886 0.0005)
(0.00100211227772323 -0.000363127294172352 0.0005)
(0.0011087206675139 -0.000401758111278705 0.0005)
(0.00123658186050835 -0.000448090134220496 0.0005)
(0.00138993268689326 -0.000503658628771591 0.0005)
(0.00157385460567245 -0.000570304921996352 0.0005)
(0.00179444208475465 -0.000650237416775687 0.0005)
(0.00205900454827624 -0.000746104769819631 0.0005)
(0.00237630858291968 -0.00086108365800552 0.0005)
(0.00275686842901742 -0.000998984041282016 0.0005)
(0.00321329438220351 -0.00116437541014845 0.0005)
(0.00376071065030956 -0.00136273820106735 0.0005)
(0.000459832563355212 -0.000196351760058766 0.0005)
(0.000460368036246783 -0.000196580410774488 0.0005)
(0.000461010257772377 -0.000196854643912694 0.0005)
(0.000461780508693439 -0.000197183546509182 0.0005)
(0.000462704312175186 -0.000197578017136199 0.0005)
(0.000463812279526541 -0.000198051127039375 0.0005)
(0.000465141124541659 -0.00019861855326874 0.0005)
(0.000466734880054442 -0.000199299098156111 0.0005)
(0.000468646357017991 -0.000200115312352353 0.0005)
(0.000470938894457311 -0.000201094242069567 0.0005)
(0.000473688458281993 -0.000202268325288969 0.0005)
(0.000476986158505478 -0.000203676466631337 0.0005)
(0.000480941268281931 -0.000205365326507127 0.0005)
(0.00048568484480001 -0.00020739086726375 0.0005)
(0.000491374072016114 -0.000209820207563413 0.0005)
(0.000498197469128628 -0.000212733846438499 0.0005)
(0.000506381137382076 -0.000216228330721162 0.0005)
(0.000516196252196315 -0.00022041945423554 0.0005)
(0.00052796804888127 -0.000225446094761559 0.0005)
(0.000542086599689343 -0.000231474815912616 0.0005)
(0.000559019739315761 -0.000238705386415731 0.0005)
(0.000579328567148418 -0.000247377399681987 0.0005)
(0.000603686039952398 -0.000257778213014449 0.0005)
(0.000632899271079536 -0.000270252469528523 0.0005)
(0.000667936275113392 -0.000285213518304704 0.0005)
(0.000709958044164746 -0.000303157111193845 0.0005)
(0.00076035701870318 -0.000324677830134609 0.0005)
(0.000820803227700749 -0.000350488789321474 0.0005)
(0.000893299626995373 -0.000381445265077685 0.0005)
(0.000980248469575339 -0.000418573036436628 0.0005)
(0.00108453090704195 -0.000463102375529931 0.0005)
(0.00120960245993784 -0.000516508814093572 0.0005)
(0.00135960752046205 -0.000580562036937857 0.0005)
(0.00153951668175311 -0.000657384522523569 0.0005)
(0.00175529144430675 -0.000749521873768395 0.0005)
(0.0020140817572678 -0.000860027169577143 0.0005)
(0.00232446294035837 -0.000992562132182384 0.0005)
(0.00269671983712714 -0.00115151846259367 0.0005)
(0.00314318761527036 -0.00134216336474739 0.0005)
(0.00367866050684169 -0.00157081408047012 0.0005)
(0.000447758445164327 -0.000222513763133935 0.0005)
(0.000448279857801153 -0.000222772879381141 0.0005)
(0.000448905216104734 -0.000223083651474754 0.0005)
(0.000449655242053928 -0.000223456377211601 0.0005)
(0.000450554788635854 -0.000223903407294943 0.0005)
(0.000451633663378686 -0.000224439554589472 0.0005)
(0.000452927616058967 -0.000225082584962916 0.0005)
(0.000454479523312269 -0.000225853805978838 0.0005)
(0.000456340809400669 -0.000226778772947683 0.0005)
(0.000458573150215815 -0.000227888135731881 0.0005)
(0.000461250516981744 -0.000229218654364886 0.0005)
(0.000464461627377911 -0.000230814417137886 0.0005)
(0.000468312885303267 -0.000232728301516898 0.0005)
(0.000472931906693913 -0.000235023726299453 0.0005)
(0.000478471748226408 -0.000237776753070637 0.0005)
(0.000485115979029781 -0.000241078606592677 0.0005)
(0.000493084763463331 -0.00024503869764414 0.0005)
(0.000502642156520199 -0.00024978824847406 0.0005)
(0.000514104853598427 -0.000255484641004646 0.0005)
(0.000527852684573401 -0.000262316631865361 0.0005)
(0.000544341199905053 -0.000270510607064625 0.0005)
(0.000564116765835202 -0.000280338083555003 0.0005)
(0.000587834668872047 -0.000292124706265017 0.0005)
(0.000616280829475095 -0.000306261038724751 0.0005)
(0.000650397844448862 -0.000323215504845258 0.0005)
(0.000691316220990528 -0.00034354991069276 0.0005)
(0.000740391837368252 -0.000367938060589781 0.0005)
(0.000799250871533526 -0.000397188084409515 0.0005)
(0.000869843686429711 -0.000432269215904428 0.0005)
(0.000954509457549468 -0.000474343909400336 0.0005)
(0.0010560536842508 -0.000524806359080198 0.0005)
(0.0011778411532598 -0.000585328697239125 0.0005)
(0.00132390743481458 -0.000657916402343844 0.0005)
(0.00149909260600542 -0.000744974752907461 0.0005)
(0.00170920163239049 -0.000849388529206402 0.0005)
(0.00196119672231961 -0.000974617603849145 0.0005)
(0.00226342802785145 -0.00112481158870205 0.0005)
(0.00262591033680903 -0.00130494733713227 0.0005)
(0.00306065492448833 -0.00152099385786541 0.0005)
(0.00358206756131461 -0.00178011010507148 0.0005)
(0.0004337594639936 -0.000248702085628538 0.0005)
(0.000434264574881651 -0.000248991698056069 0.0005)
(0.000434870381618508 -0.000249339045863901 0.0005)
(0.000435596958318998 -0.00024975563882793 0.0005)
(0.000436468380951954 -0.000250255281243302 0.0005)
(0.000437513525125606 -0.000250854529345871 0.0005)
(0.000438767022914633 -0.000251573239922446 0.0005)
(0.000440270410434467 -0.000252435228288644 0.0005)
(0.000442073504189062 -0.00025346905743723 0.0005)
(0.00044423605179902 -0.000254708984506292 0.0005)
(0.000446829711808889 -0.000256196095929584 0.0005)
(0.00044994042817685 -0.000257979668883561 0.0005)
(0.000453671278128303 -0.000260118804144267 0.0005)
(0.000458145887740291 -0.000262684384460669 0.0005)
(0.000463512528436176 -0.000265761423337462 0.0005)
(0.000469949030132672 -0.000269451882056984 0.0005)
(0.000477668673842147 -0.000273878048285564 0.0005)
(0.000486927258988435 -0.00027918658821839 0.0005)
(0.000498031579619949 -0.000285553406535434 0.0005)
(0.000511349590389329 -0.000293189475208778 0.0005)
(0.000527322599161242 -0.000302347824305679 0.0005)
(0.00054647989026467 -0.000313331926435807 0.0005)
(0.000569456262948246 -0.000326505752671143 0.0005)
(0.000597013066195867 -0.000342305833153167 0.0005)
(0.000630063426915812 -0.000361255722029706 0.0005)
(0.000669702507468917 -0.000383983346034009 0.0005)
(0.000717243795154389 -0.000411241811571531 0.0005)
(0.000774262626147829 -0.000443934359781565 0.0005)
(0.000842648386108048 -0.000483144296488906 0.0005)
(0.000924667117180854 -0.000530170888809469 0.0005)
(0.0010230366059561 -0.00058657241788591 0.0005)
(0.00114101644050527 -0.000654217814355973 0.0005)
(0.00128251602064494 -0.000735348587555232 0.0005)
(0.00145222410047239 -0.00083265310055077 0.0005)
(0.00165576415571704 -0.000949355652195936 0.0005)
(0.00189988072418636 -0.00108932331804425 0.0005)
(0.0021926628939151 -0.00125719409042113 0.0005)
(0.00254381234455895 -0.00145853056372452 0.0005)
(0.00296496482389787 -0.0017000042574968 0.0005)
(0.0034700757119488 -0.0019896166850283 0.0005)
(0.000417731860499917 -0.00027477280200791 0.0005)
(0.000418218307317887 -0.00027509277366399 0.0005)
(0.000418801729228641 -0.000275476532932385 0.0005)
(0.000419501458599609 -0.000275936796125329 0.0005)
(0.000420340681781957 -0.00027648881460208 0.0005)
(0.000421347207417457 -0.000277150880140553 0.0005)
(0.000422554387910354 -0.00027794493105677 0.0005)
(0.000424002224598298 -0.000278897279156625 0.0005)
(0.00042573869324345 -0.000280039481608351 0.0005)
(0.000427821333765481 -0.000281409386626199 0.0005)
(0.000430319156894114 -0.000283052387615286 0.0005)
(0.000433314930920373 -0.000285022927335174 0.0005)
(0.000436907924320718 -0.000287386301924384 0.0005)
(0.000441217195134125 -0.000290220824564323 0.0005)
(0.000446385536089469 -0.000293620420478153 0.0005)
(0.000452584206209617 -0.000297697739252922 0.0005)
(0.000460018605679464 -0.000302587887615394 0.0005)
(0.000468935082021322 -0.000308452906351474 0.0005)
(0.00047962909310821 -0.000315487139717182 0.0005)
(0.000492454997506075 -0.000323923675262901 0.0005)
(0.000507837796559356 -0.000334042067461994 0.0005)
(0.000526287217307653 -0.000346177601075268 0.0005)
(0.000548414602887397 -0.000360732401203703 0.0005)
(0.000574953170101757 -0.000378188758174029 0.0005)
(0.000606782305417038 -0.000399125108792826 0.0005)
(0.000644956704461848 -0.000424235203526701 0.0005)
(0.000690741320600407 -0.000454351094735461 0.0005)
(0.000745653280641862 -0.000490470707700295 0.0005)
(0.000811512156611666 -0.000533790908045219 0.0005)
(0.000890500259398955 -0.000585747161279479 0.0005)
(0.00098523495218047 -0.000648061098626235 0.0005)
(0.0010988553798109 -0.000722797565286901 0.0005)
(0.00123512648805944 -0.000812433041502106 0.0005)
(0.00139856377949162 -0.000919937703621156 0.0005)
(0.00159458293992857 -0.00104887384436953 0.0005)
(0.00182967929353124 -0.00120351391358508 0.0005)
(0.002111643032964 -0.00138898209084082 0.0005)
(0.00244981735654059 -0.00161142408112872 0.0005)
(0.00285540806602882 -0.00187821075998316 0.0005)
(0.00334185488399933 -0.00219818241606328 0.0005)
(0.000399577085405285 -0.000300563059638102 0.0005)
(0.000400042391071692 -0.000300913063929816 0.0005)
(0.000400600457258891 -0.000301332842958272 0.0005)
(0.000401269776142754 -0.000301836306592588 0.0005)
(0.000402072526387387 -0.000302440137689177 0.0005)
(0.000403035308061108 -0.000303164344897715 0.0005)
(0.000404190024060823 -0.000304032925671148 0.0005)
(0.000405574937251833 -0.000305074661449367 0.0005)
(0.000407235938352627 -0.000306324071365881 0.0005)
(0.000409228066577523 -0.000307822556079684 0.0005)
(0.000411617333425407 -0.000309619769634519 0.0005)
(0.000414482910047963 -0.000311775264803691 0.0005)
(0.00041791975067839 -0.000314360466440872 0.0005)
(0.000422041739050986 -0.000317461038226172 0.0005)
(0.000426985462071887 -0.000321179721232377 0.0005)
(0.00043291473578597 -0.000325639738370569 0.0005)
(0.000440026033613111 -0.000330988877525422 0.0005)
(0.00044855499672476 -0.000337404388679616 0.0005)
(0.000458784242289791 -0.000345098857299348 0.0005)
(0.000471052728324953 -0.000354327248602407 0.0005)
(0.000485766985465238 -0.000365395356128893 0.0005)
(0.000503414587831976 -0.000378669934567853 0.0005)
(0.000524580309371654 -0.000394590852602883 0.0005)
(0.000549965501024634 -0.000413685668475471 0.0005)
(0.000580411330808912 -0.000436587111244397 0.0005)
(0.000616926656906302 -0.000464054047003194 0.0005)
(0.000660721457358322 -0.000496996624795783 0.0005)
(0.000713246924103899 -0.000536506435469629 0.0005)
(0.000776243549921689 -0.000583892682815286 0.0005)
(0.000851798801694121 -0.000640725565565346 0.0005)
(0.00094241629106422 -0.000708888307766078 0.0005)
(0.00105109873453582 -0.000790639561608968 0.0005)
(0.00118144745199715 -0.000888688250512991 0.0005)
(0.00133778170066771 -0.00100628333247067 0.0005)
(0.00152528179873839 -0.00114732145807142 0.0005)
(0.00175016078127409 -0.00131647609057662 0.0005)
(0.00201987027639779 -0.00151935236659131 0.0005)
(0.00234334742370451 -0.00176267282882177 0.0005)
(0.00273131101683532 -0.00205450018539132 0.0005)
(0.00319661668324228 -0.00240450447710481 0.0005)
(0.000379204077630716 -0.000325889962269841 0.0005)
(0.000379645659023871 -0.000326269459622437 0.0005)
(0.000380175271410324 -0.000326724611269849 0.0005)
(0.000380810464115978 -0.000327270499194296 0.0005)
(0.000381572284994108 -0.000327925212030669 0.0005)
(0.000382485977870597 -0.000328710444454608 0.0005)
(0.000383581819027638 -0.00032965221606095 0.0005)
(0.000384896120443753 -0.000330781733553444 0.0005)
(0.000386472433033679 -0.000332136424815379 0.0005)
(0.000388362989758867 -0.000333761179126276 0.0005)
(0.000390630436427753 -0.000335709834620672 0.0005)
(0.0003933499075379 -0.000338046962277677 0.0005)
(0.000396611515945457 -0.0003408500055559 0.0005)
(0.00040052333886005 -0.000344211846573033 0.0005)
(0.000405214999109539 -0.000348243883863459 0.0005)
(0.000410841960344036 -0.000353079723698995 0.0005)
(0.000417590678505797 -0.000358879607288981 0.0005)
(0.000425684780264958 -0.000365835720560184 0.0005)
(0.000435392473150828 -0.00037417856246228 0.0005)
(0.000447035432922083 -0.000384184582820159 0.0005)
(0.000460999462669293 -0.00039618534282223 0.0005)
(0.000477747276851592 -0.000410578501688225 0.0005)
(0.000497833833881512 -0.000427840993572572 0.0005)
(0.000521924725321104 -0.000448544831335469 0.0005)
(0.000550818231036875 -0.000473376060858075 0.0005)
(0.000585471771136906 -0.000503157493975239 0.0005)
(0.000627033631205997 -0.000538875973308077 0.0005)
(0.000676881012091657 -0.000581715072448509 0.0005)
(0.000736665665065069 -0.000633094315054635 0.0005)
(0.00080836862453148 -0.000694716212427533 0.0005)
(0.0008943658519224 -0.000768622678214619 0.0005)
(0.000997506965956753 -0.000857262689606739 0.0005)
(0.00112120966809027 -0.000963573437061908 0.0005)
(0.00126957299205085 -0.00109107765154672 0.0005)
(0.00144751313011569 -0.00124400033434739 0.0005)
(0.00166092633689278 -0.00142740875742927 0.0005)
(0.00191688430861404 -0.00164738037342054 0.0005)
(0.00222386851206165 -0.00191120419911369 0.0005)
(0.00259205122789044 -0.00222762234556279 0.0005)
(0.00303363262104572 -0.00260711969815872 0.0005)
(0.000356531891278309 -0.000350549583513534 0.0005)
(0.000356947071015401 -0.000350957796880925 0.0005)
(0.000357445018471468 -0.000351447389194 0.0005)
(0.000358042233717908 -0.000352034583666721 0.0005)
(0.000358758506180461 -0.00035273883767477 0.0005)
(0.000359617570384986 -0.000353583487498459 0.0005)
(0.000360647892428729 -0.000354596521597664 0.0005)
(0.000361883613237759 -0.00035581150804219 0.0005)
(0.000363365679866482 -0.000357268706829024 0.0005)
(0.000365143202326187 -0.000359016403944424 0.0005)
(0.000367275080902708 -0.000361112511376558 0.0005)
(0.000369831957886299 -0.000363626486096965 0.0005)
(0.000372898558386539 -0.000366641631598557 0.0005)
(0.00037657649779795 -0.000370257858254286 0.0005)
(0.000380987648944943 -0.000374594993964221 0.0005)
(0.000386278180480416 -0.000379796754793177 0.0005)
(0.000392623400355029 -0.000386035507170622 0.0005)
(0.000400233564851212 -0.000393517979453933 0.0005)
(0.00040936084567101 -0.000402492112114323 0.0005)
(0.000420307685940395 -0.000413255273534367 0.0005)
(0.000433436822016003 -0.000426164113657183 0.0005)
(0.000449183303178603 -0.000441646381999468 0.0005)
(0.000468068907499876 -0.000460215101632056 0.0005)
(0.00049071943156914 -0.000482485568799455 0.0005)
(0.00051788542699532 -0.000509195741480597 0.0005)
(0.000550467070812411 -0.000541230692489656 0.0005)
(0.000589543993898423 -0.000579651937398989 0.0005)
(0.000636411055807346 -0.00062573260909927 0.0005)
(0.000692621251455045 -0.000680999644546974 0.0005)
(0.000760037171422306 -0.000747284381606463 0.0005)
(0.000840892721072367 -0.000826783242572203 0.0005)
(0.000937867143618083 -0.000922130515190602 0.0005)
(0.00105417379997965 -0.00103648564286577 0.0005)
(0.0011936666472573 -0.00117363791651224 0.0005)
(0.0013609679441077 -0.0013381320371417 0.0005)
(0.00156162141469116 -0.00153541870984686 0.0005)
(0.00180227594645601 -0.00177203525929029 0.0005)
(0.00209090590880132 -0.00205582225160368 0.0005)
(0.00243707539313439 -0.00239618330071759 0.0005)
(0.00285225513022647 -0.00280439666810827 0.0005)
(0.000331492696713002 -0.000374316165862418 0.0005)
(0.000331878718423924 -0.000374752055304944 0.0005)
(0.00033234169508624 -0.000375274841027949 0.0005)
(0.000332896967973191 -0.000375901846147856 0.0005)
(0.000333562936701379 -0.000376653847212711 0.0005)
(0.000334361668923583 -0.000377555762657397 0.0005)
(0.000335319631566248 -0.000378637478505129 0.0005)
(0.00033646856784205 -0.000379934838675784 0.0005)
(0.000337846549098375 -0.000381490832716113 0.0005)
(0.000339499236355952 -0.000383357020308659 0.0005)
(0.000341481393340176 -0.000385595239762147 0.0005)
(0.000343858701141211 -0.00038827965709617 0.0005)
(0.000346709934633736 -0.000391499223619002 0.0005)
(0.000350129572774561 -0.000395360623433244 0.0005)
(0.000354230929273366 -0.000399991808538347 0.0005)
(0.000359149907375019 -0.000405546238669778 0.0005)
(0.000365049503172553 -0.000412207966366853 0.0005)
(0.000372125206673366 -0.000420197735768911 0.0005)
(0.000380611479589271 -0.000429780297230572 0.0005)
(0.000390789524499571 -0.000441273180134407 0.0005)
(0.000402996602827434 -0.000455057214598442 0.0005)
(0.000417637210391642 -0.000471589150727566 0.0005)
(0.000435196480848676 -0.000491416793562511 0.0005)
(0.000456256261163874 -0.000515197155240629 0.0005)
(0.000481514391791207 -0.000543718225861562 0.0005)
(0.000511807830432966 -0.000577925084460891 0.0005)
(0.000548140385612208 -0.000618951215309418 0.0005)
(0.000591715979042296 -0.000668156067240294 0.0005)
(0.000643978538981082 -0.000727170100576232 0.0005)
(0.000706659846482662 -0.000797948814339413 0.0005)
(0.000781836919988235 -0.000882837543998897 0.0005)
(0.000872000839761607 -0.000984649176904689 0.0005)
(0.000980139292747492 -0.00110675736060026 0.0005)
(0.00110983557307308 -0.00125320829257998 0.0005)
(0.00126538731869022 -0.00142885479577587 0.0005)
(0.00145194891863589 -0.00163951712252173 0.0005)
(0.00167570230974182 -0.00189217581542198 0.0005)
(0.00194406182234243 -0.00219520301579597 0.0005)
(0.00226591986278275 -0.00255863988437326 0.0005)
(0.00265194157370402 -0.00299452932689934 0.0005)
(0.000304035177302151 -0.000396941571220312 0.0005)
(0.000304389224858812 -0.000397403807842649 0.0005)
(0.00030481385319304 -0.000397958193159733 0.0005)
(0.000305323132861369 -0.000398623097377497 0.0005)
(0.000305933939441303 -0.000399420552874923 0.0005)
(0.000306666512723317 -0.000400376984272688 0.0005)
(0.000307545127379988 -0.000401524084043876 0.0005)
(0.000308598897335664 -0.000402899862681146 0.0005)
(0.000309862740490401 -0.000404549908218865 0.0005)
(0.000311378535765424 -0.000406528896845955 0.0005)
(0.000313196510810168 -0.000408902404665357 0.0005)
(0.000315376906354192 -0.000411749080634916 0.0005)
(0.000317991972354214 -0.000415163252692585 0.0005)
(0.000321128362080938 -0.000419258053422989 0.0005)
(0.000324890003476535 -0.000424169168837938 0.0005)
(0.000329401542928568 -0.000430059334491147 0.0005)
(0.000334812475573842 -0.000437123727911149 0.0005)
(0.000341302098994624 -0.000445596436037003 0.0005)
(0.000349085454453751 -0.000455758211962825 0.0005)
(0.000358420452538404 -0.000467945778019953 0.0005)
(0.000369616419329088 -0.000482562983465256 0.0005)
(0.000383044346281123 -0.000500094186498631 0.0005)
(0.000399149183460455 -0.000521120304038505 0.0005)
(0.000418464583484544 -0.000546338061083411 0.0005)
(0.000441630584726045 -0.000576583077509766 0.0005)
(0.000469414819732927 -0.000612857557313877 0.0005)
(0.000502737951630836 -0.000656363497813625 0.0005)
(0.000542704181372644 -0.000708542519235542 0.0005)
(0.000590637836728587 -0.000771123634487254 0.0005)
(0.00064812725543597 -0.00084618054202257 0.0005)
(0.000717077416627944 -0.000936200340265314 0.0005)
(0.000799773064545302 -0.00104416594052471 0.0005)
(0.000898954416209314 -0.00117365490925066 0.0005)
(0.00101790796171791 -0.00132895801488269 0.0005)
(0.00116057536593923 -0.00151522140748102 0.0005)
(0.0013316840801875 -0.00173861714242815 0.0005)
(0.00153690399185194 -0.0020065476987033 0.0005)
(0.0017830353027474 -0.00232789126868193 0.0005)
(0.00207823386175553 -0.00271329594742477 0.0005)
(0.0024322814184172 -0.00317553256976249 0.0005)
(0.000274128337741437 -0.000418155060291176 0.0005)
(0.000274447558921862 -0.000418641999923344 0.0005)
(0.000274830418104318 -0.000419226012892751 0.0005)
(0.000275289601775639 -0.000419926451152247 0.0005)
(0.000275840325523873 -0.000420766524542849 0.0005)
(0.000276500838224589 -0.000421774069878973 0.0005)
(0.000277293026738713 -0.000422982473353838 0.0005)
(0.00027824314115927 -0.00042443177683003 0.0005)
(0.000279382664638915 -0.000426170004673456 0.0005)
(0.000280749356621026 -0.00042825475509688 0.0005)
(0.000282388504043022 -0.000430755108744074 0.0005)
(0.000284354421972013 -0.000433753917757756 0.0005)
(0.000286712253398071 -0.000437350551182242 0.0005)
(0.00028954012782341 -0.000441664187672969 0.0005)
(0.000292931750174825 -0.000446837764620633 0.0005)
(0.000296999505826045 -0.000453042714548832 0.0005)
(0.000301878184618552 -0.000460484645731247 0.0005)
(0.000307729447280632 -0.000469410155262295 0.0005)
(0.000314747182244704 -0.000480115000340285 0.0005)
(0.000323163930367314 -0.000492953898528131 0.0005)
(0.000333258590442416 -0.000508352281734703 0.0005)
(0.000345365660839131 -0.000526820393398747 0.0005)
(0.000359886323496463 -0.000548970196002051 0.0005)
(0.000377301737556108 -0.000575535649162079 0.0005)
(0.00039818898313341 -0.000607397030242395 0.0005)
(0.000423240183541989 -0.000645610103372749 0.0005)
(0.000453285439609297 -0.00069144110342842 0.0005)
(0.00048932033603849 -0.000746408694203906 0.0005)
(0.000532538931272083 -0.000812334291114098 0.0005)
(0.000584373324015113 -0.000891402415924537 0.0005)
(0.000646541107500825 -0.000986233083435301 0.0005)
(0.000721102283951494 -0.00109996861873599 0.0005)
(0.000810527525161608 -0.0012363777818231 0.0005)
(0.000917780041097671 -0.00139998064987071 0.0005)
(0.00104641376932646 -0.00159619839527477 0.0005)
(0.00120069113889326 -0.0018315329225414 0.0005)
(0.00138572431089398 -0.00211378231649792 0.0005)
(0.00160764457591266 -0.00245229924095485 0.0005)
(0.00187380552150661 -0.00285830085016087 0.0005)
(0.00219302670193149 -0.0033452404823294 0.0005)
(0.000241765731878607 -0.000437663490468649 0.0005)
(0.000242047266954303 -0.00043817314757746 0.0005)
(0.000242384927158336 -0.000438784406842125 0.0005)
(0.000242789901256521 -0.000439517523053358 0.0005)
(0.000243275608539291 -0.000440396788874331 0.0005)
(0.000243858143485584 -0.000441451339806481 0.0005)
(0.000244556809072225 -0.000442716119628434 0.0005)
(0.000245394756400644 -0.000444233038298979 0.0005)
(0.000246399751835699 -0.000446052360692576 0.0005)
(0.000247605097076654 -0.000448234372184763 0.0005)
(0.000249050732647938 -0.000450851376278592 0.0005)
(0.000250784561375138 -0.000453990090465771 0.0005)
(0.000252864035701156 -0.000457754519712187 0.0005)
(0.000255358061440107 -0.000462269402784102 0.0005)
(0.000258349281052065 -0.000467684345613076 0.0005)
(0.000261936812097645 -0.000474178778663504 0.0005)
(0.00026623953161431 -0.000481967902570926 0.0005)
(0.000271400015246053 -0.000491309819066806 0.0005)
(0.000277589261654132 -0.000502514083481296 0.0005)
(0.000285012358757724 -0.000515951962221186 0.0005)
(0.000293915279562011 -0.000532068735116555 0.0005)
(0.00030459303276142 -0.000551398450288773 0.0005)
(0.00031739943819778 -0.000574581620459674 0.0005)
(0.000332758851094634 -0.000602386447089784 0.0005)
(0.000351180223563933 -0.00063573427563227 0.0005)
(0.000373273969329577 -0.000675730125392209 0.0005)
(0.000399772190500145 -0.000723699305633784 0.0005)
(0.000431552936628592 -0.000781231331252939 0.0005)
(0.000469669299911217 -0.000850232593212683 0.0005)
(0.000515384310629379 -0.00093298952903752 0.0005)
(0.000570212789135204 -0.00103224438659522 0.0005)
(0.000635971541195814 -0.00115128609168749 0.0005)
(0.0007148395599775 -0.00129405923045337 0.0005)
(0.00080943022953302 -0.00146529475784491 0.0005)
(0.000922877922339006 -0.00167066676335318 0.0005)
(0.0010589418603942 -0.00191698048860042 0.0005)
(0.00122213068143746 -0.0022123978269812 0.0005)
(0.00141785183793293 -0.00256670777754681 0.0005)
(0.00165259077933241 -0.00299165081493888 0.0005)
(0.00193412585502886 -0.00350130792374919 0.0005)
(0.000206970107032442 -0.000455152034813621 0.0005)
(0.000207211122764066 -0.00045568205725137 0.0005)
(0.000207500185932887 -0.000456317741753665 0.0005)
(0.000207846874985117 -0.000457080152470036 0.0005)
(0.000208262677868016 -0.000457994552771348 0.0005)
(0.000208761372696467 -0.000459091242381141 0.0005)
(0.000209359484306923 -0.000460406561392413 0.0005)
(0.000210076831827197 -0.000461984094439107 0.0005)
(0.000210937185406442 -0.000463876114923934 0.0005)
(0.000211969053866844 -0.00046614531715872 0.0005)
(0.000213206629376795 -0.000468866893813757 0.0005)
(0.000214690920448388 -0.000472131027514887 0.0005)
(0.000216471110802426 -0.000476045879150292 0.0005)
(0.000218606189128545 -0.000480741171908039 0.0005)
(0.000221166903744441 -0.00048637248980565 0.0005)
(0.000224238106924133 -0.000493126433148509 0.0005)
(0.000227921566577305 -0.00050122680174924 0.0005)
(0.000232339338448041 -0.000510942010796276 0.0005)
(0.00023763781057466 -0.000522593985105086 0.0005)
(0.000243992554028599 -0.000536568826473487 0.0005)
(0.000251614140667229 -0.000553329607616326 0.0005)
(0.000260755120678646 -0.000573431716621539 0.0005)
(0.000271718391127558 -0.00059754126038407 0.0005)
(0.000284867232803819 -0.000626457136836965 0.0005)
(0.000300637347956324 -0.000661137507368844 0.0005)
(0.000319551297796655 -0.000702731546622252 0.0005)
(0.000342235818176059 -0.000752617521739608 0.0005)
(0.000369442587210962 -0.000812448462857104 0.0005)
(0.000402073133016575 -0.000884206938191786 0.0005)
(0.000441208706895499 -0.000970270748758395 0.0005)
(0.000488146111864348 -0.00107349171958726 0.0005)
(0.000544440673738559 -0.00119729019828241 0.0005)
(0.000611957778672514 -0.00134576839224014 0.0005)
(0.000692934684911676 -0.00152384630008936 0.0005)
(0.00079005465696143 -0.001737424741601 0.0005)
(0.000906535878695033 -0.00199358088825321 0.0005)
(0.0010462380916405 -0.00230080277358629 0.0005)
(0.00121379049203081 -0.00266927055412236 0.0005)
(0.00141474512463576 -0.00311119384075925 0.0005)
(0.00165576085625954 -0.00364121627850896 0.0005)
(0.000169798447428296 -0.000470285537998927 0.0005)
(0.000169996176934369 -0.000470833183331087 0.0005)
(0.000170233324597761 -0.000471490003921335 0.0005)
(0.000170517748583683 -0.000472277764288202 0.0005)
(0.000170858873613596 -0.00047322256779287 0.0005)
(0.000171268003264373 -0.000474355721604586 0.0005)
(0.000171758694525543 -0.00047571477410033 0.0005)
(0.000172347207025998 -0.000477344759074206 0.0005)
(0.000173053041815812 -0.000479299687984886 0.0005)
(0.000173899587556348 -0.000481644339688468 0.0005)
(0.000174914895530906 -0.000484456406961646 0.0005)
(0.000176132609156809 -0.000487829070942737 0.0005)
(0.000177593078799389 -0.000491874088797697 0.0005)
(0.000179344698828537 -0.00049672549692453 0.0005)
(0.000181445511222754 -0.000502544052406119 0.0005)
(0.000183965128858003 -0.0005095225598842 0.0005)
(0.000186987042211778 -0.000517892260366686 0.0005)
(0.00019061138591773 -0.000527930493668946 0.0005)
(0.000194958256843882 -0.00053996988839298 0.0005)
(0.000200171693642825 -0.000554409383965222 0.0005)
(0.00020642444964095 -0.00057172744996106 0.0005)
(0.000213923717221984 -0.00059249794075388 0.0005)
(0.000222917993388977 -0.000617409110850952 0.0005)
(0.000233705314003155 -0.000647286421011565 0.0005)
(0.000246643129550794 -0.000683119890854813 0.0005)
(0.000262160149683181 -0.000726096904317682 0.0005)
(0.000280770549012369 -0.000777641555010661 0.0005)
(0.000303091004888359 -0.000839461835225262 0.0005)
(0.000329861131724417 -0.000913606232256405 0.0005)
(0.000361967988985765 -0.00100253160742501 0.0005)
(0.00040047547494254 -0.00110918460705161 0.0005)
(0.000446659580183394 -0.00123709930302883 0.0005)
(0.000502050669056155 -0.00139051429842726 0.0005)
(0.000568484190080528 -0.00157451317856604 0.0005)
(0.000648161495681683 -0.00179519296155857 0.0005)
(0.000743722786577747 -0.00205986613013925 0.0005)
(0.000858334597918791 -0.0023773029393322 0.0005)
(0.00099579472613286 -0.00275802202910983 0.0005)
(0.00116065807335283 -0.00321463897183181 0.0005)
(0.00135838757942637 -0.00376228430399141 0.0005)
(0.000130347380922429 -0.000482710638257189 0.0005)
(0.000130499169844166 -0.000483272752561087 0.0005)
(0.000130681218486443 -0.000483946926569687 0.0005)
(0.000130899559243959 -0.000484755499827333 0.0005)
(0.000131161427093104 -0.000485725265354691 0.0005)
(0.000131475499331361 -0.000486888357466824 0.0005)
(0.00013185218310971 -0.000488283316581317 0.0005)
(0.000132303960285746 -0.000489956366300084 0.0005)
(0.000132845801024632 -0.000491962945082491 0.0005)
(0.000133495659853032 -0.000494369543263551 0.0005)
(0.000134275070603352 -0.000497255906288945 0.0005)
(0.000135209859962466 -0.000500717677173644 0.0005)
(0.000136331003269194 -0.00050486956574508 0.0005)
(0.000137675650918384 -0.000509849149687453 0.0005)
(0.000139288359382701 -0.000515821433339218 0.0005)
(0.000141222567643466 -0.000522984315304844 0.0005)
(0.000143542367953803 -0.000531575146056547 0.0005)
(0.000146324629610425 -0.000541878592819819 0.0005)
(0.00014966154610768 -0.000554236072354905 0.0005)
(0.000153663690076834 -0.000569057064200511 0.0005)
(0.000158463677239536 -0.000586832679257273 0.0005)
(0.000164220560784876 -0.000608151933321897 0.0005)
(0.000171125101782847 -0.000633721264814541 0.0005)
(0.000179406090275527 -0.000664387943442175 0.0005)
(0.000189337926502736 -0.000701168145471359 0.0005)
(0.000201249713474943 -0.000745280625917434 0.0005)
(0.000215536162186463 -0.000798187103417511 0.0005)
(0.000232670670825941 -0.000861640695987258 0.0005)
(0.000253221011379054 -0.000937744012636938 0.0005)
(0.000277868143417375 -0.00102901882578034 0.0005)
(0.000307428778490275 -0.00113848963311339 0.0005)
(0.000342882442817408 -0.001269783877883 0.0005)
(0.000385403935035733 -0.00142725214846199 0.0005)
(0.000436402254526486 -0.00161611234018365 0.0005)
(0.00049756729025776 -0.00184262255640685 0.0005)
(0.000570925817232092 -0.00211428847809084 0.0005)
(0.000658908656046855 -0.00244011207331312 0.0005)
(0.000764431220978031 -0.00283088988801104 0.0005)
(0.000890990125642357 -0.00329957080216 0.0005)
(0.00104277904737943 -0.00386168510605751 0.0005)
(8.87588900245484e-05 -0.000492058796732271 0.0005)
(8.88622493411381e-05 -0.000492631796923442 0.0005)
(8.89862137453675e-05 -0.000493319026963902 0.0005)
(8.91348909427695e-05 -0.000494143259024881 0.0005)
(8.9313207526185e-05 -0.000495131804999809 0.0005)
(8.95270722241788e-05 -0.000496317421515848 0.0005)
(8.97835716936726e-05 -0.000497739395363049 0.0005)
(9.00912053446105e-05 -0.000499444845308097 0.0005)
(9.04601669778497e-05 -0.000501490283429753 0.0005)
(9.09026825686749e-05 -0.000503943487712687 0.0005)
(9.14334153887902e-05 -0.000506885747950281 0.0005)
(9.20699518909782e-05 -0.000510414559377015 0.0005)
(9.28333844567837e-05 -0.000514646853287096 0.0005)
(9.37490103172471e-05 -0.000519722871689669 0.0005)
(9.48471698062451e-05 -0.000525810814391826 0.0005)
(9.6164251722942e-05 -0.000533112412495954 0.0005)
(9.77438991172132e-05 -0.000541869612995773 0.0005)
(9.96384554531516e-05 -0.000552372595972977 0.0005)
(0.000101910699070975 -0.000564969390053654 0.0005)
(0.00010463592342076 -0.0005800774047439 0.0005)
(0.000107904431998981 -0.000598197261782034 0.0005)
(0.000111824530660488 -0.000619929383825466 0.0005)
(0.000116526116459696 -0.000645993890157757 0.0005)
(0.000122164981941418 -0.000677254458683386 0.0005)
(0.000128927977509064 -0.000714746944905344 0.0005)
(0.000137039202931316 -0.000759713706208844 0.0005)
(0.000146767433150087 -0.000813644768826446 0.0005)
(0.000158435024452601 -0.000878327201600124 0.0005)
(0.000172428596124028 -0.000955904332597648 0.0005)
(0.000189211841529716 -0.00104894677079512 0.0005)
(0.000209340893137226 -0.00116053758621218 0.0005)
(0.000233482750616142 -0.00129437447104335 0.0005)
(0.000262437382652301 -0.00145489226701396 0.0005)
(0.000297164234845904 -0.00164740991904811 0.0005)
(0.000338814022063728 -0.00187830672473022 0.0005)
(0.000388766858722199 -0.00215523371979215 0.0005)
(0.000448677990492881 -0.00248736720413155 0.0005)
(0.000520532642803911 -0.00288571280924223 0.0005)
(0.000606711803606637 -0.00336347018268683 0.0005)
(0.000710071120196387 -0.00393647037385816 0.0005)
(4.5226239706945e-05 -0.000497950386325756 0.0005)
(4.52789054537422e-05 -0.000498530247245738 0.0005)
(4.53420703249935e-05 -0.000499225705728372 0.0005)
(4.54178273625905e-05 -0.000500059806603942 0.0005)
(4.55086868645857e-05 -0.000501060188780595 0.0005)
(4.56176595668541e-05 -0.00050226000109188 0.0005)
(4.57483564073489e-05 -0.000503699000722131 0.0005)
(4.59051081787533e-05 -0.000505424870607265 0.0005)
(4.60931090343625e-05 -0.000507494799464645 0.0005)
(4.63185886024282e-05 -0.000509977376808116 0.0005)
(4.65890184121773e-05 -0.000512954865741778 0.0005)
(4.69133594716724e-05 -0.000516525928844159 0.0005)
(4.73023592012956e-05 -0.000520808897468162 0.0005)
(4.77689075620936e-05 -0.000525945692788851 0.0005)
(4.8328464179714e-05 -0.000532106528527588 0.0005)
(4.89995706171846e-05 -0.000539495551182789 0.0005)
(4.98044647712913e-05 -0.000548357604662934 0.0005)
(5.07698177513e-05 -0.000558986343475862 0.0005)
(5.19276176573582e-05 -0.000571733963314376 0.0005)
(5.33162295436098e-05 -0.000587022871472472 0.0005)
(5.49816666891388e-05 -0.000605359683805116 0.0005)
(5.69791153017923e-05 -0.00062735201203717 0.0005)
(5.93747631777285e-05 -0.000653728597688613 0.0005)
(6.22479929114604e-05 -0.000685363459777196 0.0005)
(6.56940123309775e-05 -0.000723304856460924 0.0005)
(6.98270093204888e-05 -0.000768810020298243 0.0005)
(7.47839355695302e-05 -0.000823386818119429 0.0005)
(8.07290446273862e-05 -0.000888843715957732 0.0005)
(8.78593346365699e-05 -0.000967349704686716 0.0005)
(9.64110760967008e-05 -0.00106150617206988 0.0005)
(0.00010666764096387 -0.001174433102787 0.0005)
(0.00011896889251186 -0.00130987246277587 0.0005)
(0.000133722447099254 -0.00147231219365058 0.0005)
(0.000151417181014259 -0.00166713492589633 0.0005)
(0.000172639429962343 -0.00190079633862653 0.0005)
(0.000198092417985661 -0.00218103907606132 0.0005)
(0.000228619559614245 -0.00251714930910022 0.0005)
(0.000265232407392975 -0.00292026444345673 0.0005)
(0.000309144170858353 -0.00340374217062387 0.0005)
(0.00036180991765556 -0.00398360309060605 0.0005)
(0 -0.0005 0.0005)
(0 -0.000500582247685619 0.0005)
(0 -0.000501280568745037 0.0005)
(0 -0.000502118102863371 0.0005)
(0 -0.000503122602713279 0.0005)
(0 -0.000504327353572234 0.0005)
(0 -0.00050577227626912 0.0005)
(0 -0.000507505250007597 0.0005)
(0 -0.000509583698899517 0.0005)
(0 -0.000512076494780036 0.0005)
(0 -0.00051506623935643 0.0005)
(0 -0.000518652001312286 0.0005)
(0 -0.000522952599064209 0.0005)
(0 -0.000528110537949036 0.0005)
(0 -0.000534296732304859 0.0005)
(0 -0.000541716168917533 0.0005)
(0 -0.000550614699497593 0.0005)
(0 -0.000561287187264252 0.0005)
(0 -0.000574087277583063 0.0005)
(0 -0.000589439116418764 0.0005)
(0 -0.000607851404907931 0.0005)
(0 -0.000629934255766156 0.0005)
(0 -0.000656419410086517 0.0005)
(0 -0.000688184484436604 0.0005)
(0 -0.00072628205171001 0.0005)
(0 -0.00077197451936034 0.0005)
(0 -0.000826775960748803 0.0005)
(0 -0.000892502285736009 0.0005)
(0 -0.000971331412979246 0.0005)
(0 -0.00106587543781465 0.0005)
(0 -0.0011792671870915 0.0005)
(0 -0.00131526402905425 0.0005)
(0 -0.00147837237813428 0.0005)
(0 -0.00167399702026308 0.0005)
(0 -0.00190862020677602 0.0005)
(0 -0.00219001645139251 0.0005)
(0 -0.00252751014782175 0.0005)
(0 -0.0029322845444549 0.0005)
(0 -0.00341775231438134 0.0005)
(0 -0.004 0.0005)
(-4.90085701647803e-05 -0.000497592363336098 -0.0005)
(-4.90656404178881e-05 -0.000498171807339966 -0.0005)
(-4.91340878511642e-05 -0.000498866765792613 -0.0005)
(-4.92161805503717e-05 -0.000499700266955246 -0.0005)
(-4.93146387531212e-05 -0.000500699929863819 -0.0005)
(-4.94327249871256e-05 -0.000501898879518096 -0.0005)
(-4.95743521778716e-05 -0.000503336844517259 -0.0005)
(-4.97442133079834e-05 -0.000505061473513516 -0.0005)
(-4.99479369246906e-05 -0.000507129914105923 -0.0005)
(-5.01922736483243e-05 -0.000509610706492927 -0.0005)
(-5.04853198620183e-05 -0.000512586054632005 -0.0005)
(-5.08367859948338e-05 -0.000516154550163955 -0.0005)
(-5.1258318288185e-05 -0.00052043443936223 -0.0005)
(-5.17638847076704e-05 -0.000525567541361518 -0.0005)
(-5.23702377879511e-05 -0.000531723947500659 -0.0005)
(-5.30974697475818e-05 -0.000539107657498105 -0.0005)
(-5.39696782681744e-05 -0.000547963339221206 -0.0005)
(-5.50157649992645e-05 -0.000558584436042181 -0.0005)
(-5.62703932482745e-05 -0.000571322890427486 -0.0005)
(-5.77751365897502e-05 -0.000586600805963109 -0.0005)
(-5.95798564543812e-05 -0.00060492443425061 -0.0005)
(-6.17443543458286e-05 -0.000626900950146095 -0.0005)
(-6.43403534334976e-05 -0.000653258571209275 -0.0005)
(-6.74538751836489e-05 -0.000684870688044088 -0.0005)
(-7.11880897813012e-05 -0.000722784805117948 -0.0005)
(-7.56667347949876e-05 -0.000768257251047521 -0.0005)
(-8.10382153658227e-05 -0.00082279480851694 -0.0005)
(-8.748052178544e-05 -0.000888204643284501 -0.0005)
(-9.52071274124971e-05 -0.000966654186733869 -0.0005)
(-0.00010447406236211 -0.00106074295624818 -0.0005)
(-0.000115588397363194 -0.00117358869325914 -0.0005)
(-0.000128918418906234 -0.00130893067325613 -0.0005)
(-0.000144905832846934 -0.00147125361105329 -0.0005)
(-0.000164080400846392 -0.00166593626706058 -0.0005)
(-0.0001870774946434 -0.00189942967880143 -0.0005)
(-0.000214659149840186 -0.00217947092358667 -0.0005)
(-0.000247739316843433 -0.00251533949562119 -0.0005)
(-0.000287414145680038 -0.00291816479289846 -0.0005)
(-0.000334998308210396 -0.00340129490282086 -0.0005)
(-0.000392068561318242 -0.00398073890668879 -0.0005)
(-9.75451610080641e-05 -0.000490392640201615 -0.0005)
(-9.76587518965446e-05 -0.000490963700161219 -0.0005)
(-9.77949875768971e-05 -0.000491648603177291 -0.0005)
(-9.79583823777424e-05 -0.000492470044312389 -0.0005)
(-9.81543505769262e-05 -0.000493455242979347 -0.0005)
(-9.83893858099488e-05 -0.000494636844888362 -0.0005)
(-9.86712762441728e-05 -0.000496054003800789 -0.0005)
(-9.90093626488579e-05 -0.000497753678934813 -0.0005)
(-9.94148479124766e-05 -0.000499792191014079 -0.0005)
(-9.99011682635275e-05 -0.000502237088520741 -0.0005)
(-0.000100484438495682 -0.000505169385993434 -0.0005)
(-0.000101183985950323 -0.000508686248538767 -0.0005)
(-0.000102022990950608 -0.000512904211510788 -0.0005)
(-0.000103029254908588 -0.000517963042046246 -0.0005)
(-0.00010423612155752 -0.000524030370412151 -0.0005)
(-0.000105683581835465 -0.000531307244630747 -0.0005)
(-0.000107419599031799 -0.000540034792440887 -0.0005)
(-0.00010950169810691 -0.000550502211347709 -0.0005)
(-0.000111998871849042 -0.000563056351520232 -0.0005)
(-0.000114993867031039 -0.00057811320907741 -0.0005)
(-0.000118585926321444 -0.000596171710606122 -0.0005)
(-0.000122894076806409 -0.000617830245677209 -0.0005)
(-0.000128061074091416 -0.000643806495183828 -0.0005)
(-0.00013425813267524 -0.000674961212537307 -0.0005)
(-0.00014169059934264 -0.000712326745738235 -0.0005)
(-0.000150604757570255 -0.00075714124543498 -0.0005)
(-0.000161295988417678 -0.000810889692493664 -0.0005)
(-0.000174118558324369 -0.000875353104576116 -0.0005)
(-0.000189497358142502 -0.000952667552243315 -0.0005)
(-0.000207941982392342 -0.00104539494015196 -0.0005)
(-0.000230063615272734 -0.00115660789876186 -0.0005)
(-0.000256595282964425 -0.00128999159954026 -0.0005)
(-0.000288416143309966 -0.00144996586742882 -0.0005)
(-0.000326580617737163 -0.00164183163691289 -0.0005)
(-0.000372353330746424 -0.00187194660468609 -0.0005)
(-0.000427251014722783 -0.00214793589936669 -0.0005)
(-0.000493092768637577 -0.00247894474905337 -0.0005)
(-0.000572060336020623 -0.00287594151915526 -0.0005)
(-0.000666770399584022 -0.00335208116200929 -0.0005)
(-0.000780361288064513 -0.00392314112161292 -0.0005)
(-0.000145142338627231 -0.000478470167866104 -0.0005)
(-0.000145311356208733 -0.00047902734416186 -0.0005)
(-0.000145514068112086 -0.000479695595750908 -0.0005)
(-0.000145757191433316 -0.000480497065931293 -0.0005)
(-0.000146048782348049 -0.000481458312354908 -0.0005)
(-0.000146398503062313 -0.00048261118704635 -0.0005)
(-0.000146817941981036 -0.000483993891857015 -0.0005)
(-0.000147320997703401 -0.000485652244328129 -0.0005)
(-0.000147924339569182 -0.000487641195908565 -0.0005)
(-0.000148647960016819 -0.00049002665283538 -0.0005)
(-0.000149515837056251 -0.000492887660014068 -0.0005)
(-0.000150556728808318 -0.000496319020263961 -0.0005)
(-0.000151805126438736 -0.000500434435720535 -0.0005)
(-0.000153302397063216 -0.000505370275488668 -0.0005)
(-0.00015509815449523 -0.000511290094392434 -0.0005)
(-0.00015725190325775 -0.00051839005255551 -0.0005)
(-0.000159835010335222 -0.000526905415396316 -0.0005)
(-0.000162933070002068 -0.00053711834942284 -0.0005)
(-0.000166648740089092 -0.000549367272149926 -0.0005)
(-0.000171105143670776 -0.000564058065959469 -0.0005)
(-0.00017644994889237 -0.00058167752748789 -0.0005)
(-0.000182860262126608 -0.000602809498202084 -0.0005)
(-0.000190548496600529 -0.00062815421066933 -0.0005)
(-0.000199769410956208 -0.00065855149158246 -0.0005)
(-0.000210828550976349 -0.000695008590399654 -0.0005)
(-0.000224092374201185 -0.000738733555733395 -0.0005)
(-0.000240000392927714 -0.000791175265454279 -0.0005)
(-0.000259079737963747 -0.00085407143695398 -0.0005)
(-0.000281962625723801 -0.0009295062084436 -0.0005)
(-0.000309407307459485 -0.00101997919931107 -0.0005)
(-0.000342323194801633 -0.00112848833793332 -0.0005)
(-0.000381800994178418 -0.00125862920153967 -0.0005)
(-0.000429148848648621 -0.00141471415986904 -0.0005)
(-0.000485935684751999 -0.00160191527058527 -0.0005)
(-0.000554043200725323 -0.00182643566145752 -0.0005)
(-0.000635728218774437 -0.00209571507825461 -0.0005)
(-0.000733697467517815 -0.00241867640942311 -0.0005)
(-0.00085119727260534 -0.00280602135643304 -0.0005)
(-0.000992121127515878 -0.00327058504717361 -0.0005)
(-0.00116113870901785 -0.00382776134292884 -0.0005)
(-0.000191341716182545 -0.000461939766255643 -0.0005)
(-0.000191564532725364 -0.000462477692975239 -0.0005)
(-0.000191831768625275 -0.000463122857509156 -0.0005)
(-0.000192152279056402 -0.000463896638138865 -0.0005)
(-0.000192536684506775 -0.000464824674990606 -0.0005)
(-0.000192997722700625 -0.00046593771965097 -0.0005)
(-0.000193550670677771 -0.000467272654156684 -0.0005)
(-0.00019421385101621 -0.000468873713124043 -0.0005)
(-0.000195009238972166 -0.000470793949514659 -0.0005)
(-0.000195963190655908 -0.000473096992607398 -0.0005)
(-0.000197107316372298 -0.000475859156428965 -0.0005)
(-0.000198479528065209 -0.000479171968508438 -0.0005)
(-0.000200125295574136 -0.000483145202749004 -0.0005)
(-0.000202099153330511 -0.000487910516914639 -0.0005)
(-0.000204466507419875 -0.000493625815264121 -0.0005)
(-0.000207305802889028 -0.000500480480893336 -0.0005)
(-0.000210711123114411 -0.000508701651165679 -0.0005)
(-0.000214795307364831 -0.000518561744174272 -0.0005)
(-0.000219693689862617 -0.000530387485634118 -0.0005)
(-0.000225568584241379 -0.000544570735320834 -0.0005)
(-0.000232614661998109 -0.000561581471802668 -0.0005)
(-0.000241065403160941 -0.000581983365730081 -0.0005)
(-0.000251200832922976 -0.000606452457722066 -0.0005)
(-0.000263356800604599 -0.00063579955976281 -0.0005)
(-0.000277936108413546 -0.000670997122405182 -0.0005)
(-0.000295421858767206 -0.000713211458057257 -0.0005)
(-0.000316393462456297 -0.000763841388108174 -0.0005)
(-0.000341545838099144 -0.000824564594511039 -0.0005)
(-0.00037171243908293 -0.000897393211736793 -0.0005)
(-0.000407892871016554 -0.000984740501203463 -0.0005)
(-0.000451286014831699 -0.00108950081751599 -0.0005)
(-0.000503329753104819 -0.00121514551629155 -0.0005)
(-0.000565748615978166 -0.0013658379815883 -0.0005)
(-0.000640610925483207 -0.00154657158450594 -0.0005)
(-0.000730397331810416 -0.00176333514437783 -0.0005)
(-0.000838083012554899 -0.00202331137530454 -0.0005)
(-0.000967236258706023 -0.00233511489378709 -0.0005)
(-0.00112213671414311 -0.00270907767412107 -0.0005)
(-0.00130791718664118 -0.00315759141045 -0.0005)
(-0.00153073372946036 -0.00369551813004515 -0.0005)
(-0.000235698368412999 -0.000440960632174178 -0.0005)
(-0.000235972838072024 -0.000441474128789242 -0.0005)
(-0.00023630202434069 -0.000442089992980885 -0.0005)
(-0.000236696835191054 -0.000442828632129461 -0.0005)
(-0.000237170353142443 -0.00044371452190713 -0.0005)
(-0.000237738268766042 -0.000444777017307884 -0.0005)
(-0.00023841940061032 -0.000446051325359608 -0.0005)
(-0.000239236318775644 -0.000447579671750128 -0.0005)
(-0.000240216092800954 -0.000449412700024774 -0.0005)
(-0.000241391188644604 -0.000451611149719483 -0.0005)
(-0.000242800544481859 -0.000454247869036375 -0.0005)
(-0.000244490860966885 -0.000457410228754136 -0.0005)
(-0.000246518148713542 -0.000461203017360965 -0.0005)
(-0.000248949584272598 -0.000465751913343704 -0.0005)
(-0.000251865736105304 -0.000471207649691496 -0.0005)
(-0.000255363234313606 -0.000477751008609698 -0.0005)
(-0.000259557972591593 -0.000485598811949707 -0.0005)
(-0.000264588948498611 -0.000495011105854621 -0.0005)
(-0.000270622869305977 -0.00050629977769236 -0.0005)
(-0.000277859676037405 -0.000519838890808414 -0.0005)
(-0.000286539168748697 -0.000536077079552326 -0.0005)
(-0.000296948952583079 -0.000555552415301628 -0.0005)
(-0.000309433967904031 -0.000578910236086303 -0.0005)
(-0.000324407920297696 -0.00060692453061925 -0.0005)
(-0.000342366989191389 -0.000640523585317609 -0.0005)
(-0.000363906269339282 -0.000680820744158985 -0.0005)
(-0.000389739489983165 -0.00072915130063641 -0.0005)
(-0.000420722665105699 -0.000787116744270098 -0.0005)
(-0.000457882458455002 -0.00085663782783593 -0.0005)
(-0.000502450203248808 -0.000940018213755353 -0.0005)
(-0.000555902703840906 -0.00104002080864426 -0.0005)
(-0.000620011171360789 -0.00115995931545544 -0.0005)
(-0.000696899914866188 -0.00130380803690187 -0.0005)
(-0.000789116732808458 -0.00147633356862579 -0.0005)
(-0.000899717337314378 -0.00168325274592073 -0.0005)
(-0.00103236660878168 -0.00193142207775578 -0.0005)
(-0.00119146003597777 -0.00222906494522026 -0.0005)
(-0.00138226936570135 -0.00258604409287481 -0.0005)
(-0.00161111728827886 -0.00301418844232871 -0.0005)
(-0.00188558694730399 -0.00352768505739342 -0.0005)
(-0.000277785116509801 -0.000415734806151273 -0.0005)
(-0.000278108595992175 -0.000416218927408698 -0.0005)
(-0.000278496562385879 -0.000416799560149235 -0.0005)
(-0.000278961871411163 -0.000417495944317896 -0.0005)
(-0.000279519941626845 -0.000418331155418658 -0.0005)
(-0.000280189265342285 -0.000419332869148274 -0.0005)
(-0.00028099202138169 -0.000420534278462861 -0.0005)
(-0.000281954810005392 -0.000421975193465323 -0.0005)
(-0.000283109534340596 -0.000423703360559679 -0.0005)
(-0.000284494457528806 -0.000425776044584003 -0.0005)
(-0.000286155470619782 -0.000428261926347821 -0.0005)
(-0.00028814761322515 -0.000431243378451066 -0.0005)
(-0.000290536897320309 -0.000434819194796526 -0.0005)
(-0.000293402494628453 -0.000439107864241373 -0.0005)
(-0.000296839360068223 -0.000444251496864038 -0.0005)
(-0.000300961378196 -0.000450420532947881 -0.0005)
(-0.000305905136903896 -0.000457819390719346 -0.0005)
(-0.000311834453419317 -0.000466693239984993 -0.0005)
(-0.000318945802580411 -0.000477336126119813 -0.0005)
(-0.000327474827259641 -0.000490100713604665 -0.0005)
(-0.000337704146665992 -0.000505409971976355 -0.0005)
(-0.000349972721263033 -0.000523771191417978 -0.0005)
(-0.000364687084620356 -0.000545792792412502 -0.0005)
(-0.000382334814378919 -0.00057220448646713 -0.0005)
(-0.000403500688706485 -0.000603881455957619 -0.0005)
(-0.00042888606360622 -0.000641873354319986 -0.0005)
(-0.000459332113168218 -0.000687439087544871 -0.0005)
(-0.000495847702856882 -0.000742088529500055 -0.0005)
(-0.000539642819448139 -0.000807632553367136 -0.0005)
(-0.000592168665356556 -0.000886243037042553 -0.0005)
(-0.000655165745924795 -0.000980524830852081 -0.0005)
(-0.000730721543103972 -0.00109360207231322 -0.0005)
(-0.000821339686609804 -0.0012292217080861 -0.0005)
(-0.000930022914621678 -0.00139187765343376 -0.0005)
(-0.00106037257302448 -0.00158695970336086 -0.0005)
(-0.0012167079502169 -0.00182093212977553 -0.0005)
(-0.00140420940178474 -0.0021015478827001 -0.0005)
(-0.00162909000764259 -0.00243810549333866 -0.0005)
(-0.00189880144970412 -0.00284175719178478 -0.0005)
(-0.00222228093207841 -0.00332587844921018 -0.0005)
(-0.000317196642081823 -0.000386505226681368 -0.0005)
(-0.000317566016103299 -0.000386955310228798 -0.0005)
(-0.000318009026293584 -0.000387495119707531 -0.0005)
(-0.000318540352313513 -0.000388142542336051 -0.0005)
(-0.000319177600272238 -0.000388919031220432 -0.0005)
(-0.000319941886126249 -0.000389850316228102 -0.0005)
(-0.00032085853538129 -0.000390967256577096 -0.0005)
(-0.000321957922282612 -0.000392306863392342 -0.0005)
(-0.000323276476301123 -0.000393913526112576 -0.0005)
(-0.000324857889266515 -0.000395840483386317 -0.0005)
(-0.000326754563147144 -0.000398151587196754 -0.0005)
(-0.000329029346450549 -0.000400923418671901 -0.0005)
(-0.000331757616782258 -0.000404247825689846 -0.0005)
(-0.000335029778570918 -0.000408234966365623 -0.0005)
(-0.000338954258724784 -0.000413016959269208 -0.0005)
(-0.000343661099484142 -0.000418752261328867 -0.0005)
(-0.000349306267523057 -0.000425630918486822 -0.0005)
(-0.000356076822087544 -0.000433880863093834 -0.0005)
(-0.000364197113422486 -0.000443775466714263 -0.0005)
(-0.000373936216879417 -0.0004556425986126 -0.0005)
(-0.000385616849043028 -0.000469875490085056 -0.0005)
(-0.000399626061322673 -0.000486945764638514 -0.0005)
(-0.000416428065353548 -0.000507419065787079 -0.0005)
(-0.000436579615192202 -0.00053197380031154 -0.0005)
(-0.000460748456013424 -0.000561423618061573 -0.0005)
(-0.000489735450627658 -0.000596744373195218 -0.0005)
(-0.000524501117006986 -0.000639106460247844 -0.0005)
(-0.000566197456171627 -0.000689913596524071 -0.0005)
(-0.000616206125091218 -0.000750849335912554 -0.0005)
(-0.0006761842195046 -0.000823932855413309 -0.0005)
(-0.0007481191837254 -0.000911585862929398 -0.0005)
(-0.000834394666934036 -0.00101671284339093 -0.0005)
(-0.000937869508181423 -0.00114279730226052 -0.0005)
(-0.00106197246736485 -0.00129401719556143 -0.0005)
(-0.00121081584119774 -0.00147538337133721 -0.0005)
(-0.00138933172897131 -0.00169290560996278 -0.0005)
(-0.00160343546343358 -0.00195379176524661 -0.0005)
(-0.00186022162225905 -0.00226668660509763 -0.0005)
(-0.00216819911517828 -0.00264195826602146 -0.0005)
(-0.00253757313665458 -0.00309204181345095 -0.0005)
(-0.000353553390593274 -0.000353553390593274 -0.0005)
(-0.000353965101880105 -0.000353965101880105 -0.0005)
(-0.000354458889436665 -0.000354458889436665 -0.0005)
(-0.000355051115491214 -0.000355051115491214 -0.0005)
(-0.000355761404146785 -0.000355761404146785 -0.0005)
(-0.000356613291648792 -0.000356613291648792 -0.0005)
(-0.000357635006286051 -0.000357635006286051 -0.0005)
(-0.000358860403768146 -0.000358860403768146 -0.0005)
(-0.000360330089073973 -0.000360330089073973 -0.0005)
(-0.000362092761945201 -0.000362092761945201 -0.0005)
(-0.000364206830609185 -0.000364206830609185 -0.0005)
(-0.000366742347203892 -0.000366742347203892 -0.0005)
(-0.000369783329037432 -0.000369783329037432 -0.0005)
(-0.000373430542599839 -0.000373430542599839 -0.0005)
(-0.000377804842578579 -0.000377804842578579 -0.0005)
(-0.000383051176519985 -0.000383051176519985 -0.0005)
(-0.000389343387835741 -0.000389343387835741 -0.0005)
(-0.000396889976307676 -0.000396889976307676 -0.0005)
(-0.000405941006971908 -0.000405941006971908 -0.0005)
(-0.000416796396316315 -0.000416796396316315 -0.0005)
(-0.000429815850364168 -0.000429815850364168 -0.0005)
(-0.00044543078395395 -0.00044543078395395 -0.0005)
(-0.00046415861617465 -0.000464158616174649 -0.0005)
(-0.00048661991565249 -0.00048661991565249 -0.0005)
(-0.000513558963818226 -0.000513558963818226 -0.0005)
(-0.000545868417542922 -0.000545868417542922 -0.0005)
(-0.000584618888367501 -0.000584618888367501 -0.0005)
(-0.000631094418468426 -0.000631094418468426 -0.0005)
(-0.000686835028897135 -0.000686835028897135 -0.0005)
(-0.00075368774997892 -0.00075368774997892 -0.0005)
(-0.000833867824823184 -0.000833867824823183 -0.0005)
(-0.000930032113995003 -0.000930032113995003 -0.0005)
(-0.00104536713369763 -0.00104536713369763 -0.0005)
(-0.0011836946447141 -0.0011836946447141 -0.0005)
(-0.001349598290921 -0.001349598290921 -0.0005)
(-0.00154857548368974 -0.00154857548368974 -0.0005)
(-0.00178721956504257 -0.00178721956504257 -0.0005)
(-0.00207343828575257 -0.00207343828575257 -0.0005)
(-0.00241671583791506 -0.00241671583791506 -0.0005)
(-0.00282842712474619 -0.00282842712474619 -0.0005)
(-0.000386505226681368 -0.000317196642081823 -0.0005)
(-0.000386955310228798 -0.000317566016103299 -0.0005)
(-0.000387495119707531 -0.000318009026293584 -0.0005)
(-0.000388142542336051 -0.000318540352313513 -0.0005)
(-0.000388919031220432 -0.000319177600272238 -0.0005)
(-0.000389850316228102 -0.000319941886126249 -0.0005)
(-0.000390967256577096 -0.000320858535381289 -0.0005)
(-0.000392306863392342 -0.000321957922282612 -0.0005)
(-0.000393913526112576 -0.000323276476301123 -0.0005)
(-0.000395840483386317 -0.000324857889266515 -0.0005)
(-0.000398151587196754 -0.000326754563147144 -0.0005)
(-0.000400923418671901 -0.000329029346450548 -0.0005)
(-0.000404247825689846 -0.000331757616782257 -0.0005)
(-0.000408234966365623 -0.000335029778570918 -0.0005)
(-0.000413016959269208 -0.000338954258724784 -0.0005)
(-0.000418752261328867 -0.000343661099484142 -0.0005)
(-0.000425630918486822 -0.000349306267523057 -0.0005)
(-0.000433880863093835 -0.000356076822087544 -0.0005)
(-0.000443775466714263 -0.000364197113422486 -0.0005)
(-0.0004556425986126 -0.000373936216879417 -0.0005)
(-0.000469875490085056 -0.000385616849043028 -0.0005)
(-0.000486945764638514 -0.000399626061322673 -0.0005)
(-0.000507419065787079 -0.000416428065353548 -0.0005)
(-0.00053197380031154 -0.000436579615192202 -0.0005)
(-0.000561423618061573 -0.000460748456013423 -0.0005)
(-0.000596744373195218 -0.000489735450627658 -0.0005)
(-0.000639106460247844 -0.000524501117006986 -0.0005)
(-0.000689913596524071 -0.000566197456171627 -0.0005)
(-0.000750849335912554 -0.000616206125091218 -0.0005)
(-0.000823932855413309 -0.0006761842195046 -0.0005)
(-0.000911585862929399 -0.0007481191837254 -0.0005)
(-0.00101671284339093 -0.000834394666934036 -0.0005)
(-0.00114279730226053 -0.000937869508181423 -0.0005)
(-0.00129401719556143 -0.00106197246736485 -0.0005)
(-0.00147538337133721 -0.00121081584119774 -0.0005)
(-0.00169290560996278 -0.00138933172897131 -0.0005)
(-0.00195379176524661 -0.00160343546343358 -0.0005)
(-0.00226668660509763 -0.00186022162225904 -0.0005)
(-0.00264195826602146 -0.00216819911517828 -0.0005)
(-0.00309204181345095 -0.00253757313665458 -0.0005)
(-0.000415734806151273 -0.000277785116509801 -0.0005)
(-0.000416218927408698 -0.000278108595992175 -0.0005)
(-0.000416799560149235 -0.000278496562385879 -0.0005)
(-0.000417495944317896 -0.000278961871411163 -0.0005)
(-0.000418331155418658 -0.000279519941626845 -0.0005)
(-0.000419332869148274 -0.000280189265342285 -0.0005)
(-0.000420534278462861 -0.000280992021381689 -0.0005)
(-0.000421975193465323 -0.000281954810005392 -0.0005)
(-0.000423703360559679 -0.000283109534340596 -0.0005)
(-0.000425776044584003 -0.000284494457528806 -0.0005)
(-0.000428261926347821 -0.000286155470619782 -0.0005)
(-0.000431243378451066 -0.00028814761322515 -0.0005)
(-0.000434819194796526 -0.000290536897320309 -0.0005)
(-0.000439107864241373 -0.000293402494628453 -0.0005)
(-0.000444251496864038 -0.000296839360068223 -0.0005)
(-0.000450420532947882 -0.000300961378196 -0.0005)
(-0.000457819390719346 -0.000305905136903896 -0.0005)
(-0.000466693239984993 -0.000311834453419317 -0.0005)
(-0.000477336126119813 -0.000318945802580411 -0.0005)
(-0.000490100713604665 -0.000327474827259641 -0.0005)
(-0.000505409971976355 -0.000337704146665992 -0.0005)
(-0.000523771191417978 -0.000349972721263033 -0.0005)
(-0.000545792792412502 -0.000364687084620356 -0.0005)
(-0.00057220448646713 -0.000382334814378919 -0.0005)
(-0.000603881455957619 -0.000403500688706485 -0.0005)
(-0.000641873354319986 -0.00042888606360622 -0.0005)
(-0.000687439087544871 -0.000459332113168218 -0.0005)
(-0.000742088529500055 -0.000495847702856882 -0.0005)
(-0.000807632553367137 -0.000539642819448139 -0.0005)
(-0.000886243037042554 -0.000592168665356556 -0.0005)
(-0.000980524830852081 -0.000655165745924794 -0.0005)
(-0.00109360207231322 -0.000730721543103972 -0.0005)
(-0.0012292217080861 -0.000821339686609804 -0.0005)
(-0.00139187765343376 -0.000930022914621678 -0.0005)
(-0.00158695970336086 -0.00106037257302448 -0.0005)
(-0.00182093212977553 -0.0012167079502169 -0.0005)
(-0.0021015478827001 -0.00140420940178474 -0.0005)
(-0.00243810549333866 -0.00162909000764259 -0.0005)
(-0.00284175719178478 -0.00189880144970412 -0.0005)
(-0.00332587844921018 -0.00222228093207841 -0.0005)
(-0.000440960632174177 -0.000235698368412999 -0.0005)
(-0.000441474128789242 -0.000235972838072024 -0.0005)
(-0.000442089992980885 -0.00023630202434069 -0.0005)
(-0.000442828632129461 -0.000236696835191053 -0.0005)
(-0.00044371452190713 -0.000237170353142443 -0.0005)
(-0.000444777017307884 -0.000237738268766042 -0.0005)
(-0.000446051325359608 -0.00023841940061032 -0.0005)
(-0.000447579671750128 -0.000239236318775643 -0.0005)
(-0.000449412700024774 -0.000240216092800954 -0.0005)
(-0.000451611149719483 -0.000241391188644604 -0.0005)
(-0.000454247869036375 -0.000242800544481859 -0.0005)
(-0.000457410228754136 -0.000244490860966885 -0.0005)
(-0.000461203017360965 -0.000246518148713542 -0.0005)
(-0.000465751913343704 -0.000248949584272598 -0.0005)
(-0.000471207649691496 -0.000251865736105304 -0.0005)
(-0.000477751008609698 -0.000255363234313606 -0.0005)
(-0.000485598811949707 -0.000259557972591593 -0.0005)
(-0.000495011105854621 -0.000264588948498611 -0.0005)
(-0.00050629977769236 -0.000270622869305977 -0.0005)
(-0.000519838890808414 -0.000277859676037405 -0.0005)
(-0.000536077079552326 -0.000286539168748697 -0.0005)
(-0.000555552415301628 -0.000296948952583079 -0.0005)
(-0.000578910236086302 -0.00030943396790403 -0.0005)
(-0.00060692453061925 -0.000324407920297696 -0.0005)
(-0.000640523585317609 -0.000342366989191389 -0.0005)
(-0.000680820744158985 -0.000363906269339282 -0.0005)
(-0.00072915130063641 -0.000389739489983165 -0.0005)
(-0.000787116744270098 -0.000420722665105699 -0.0005)
(-0.00085663782783593 -0.000457882458455002 -0.0005)
(-0.000940018213755353 -0.000502450203248808 -0.0005)
(-0.00104002080864426 -0.000555902703840906 -0.0005)
(-0.00115995931545544 -0.000620011171360789 -0.0005)
(-0.00130380803690187 -0.000696899914866188 -0.0005)
(-0.00147633356862579 -0.000789116732808458 -0.0005)
(-0.00168325274592073 -0.000899717337314378 -0.0005)
(-0.00193142207775578 -0.00103236660878168 -0.0005)
(-0.00222906494522026 -0.00119146003597777 -0.0005)
(-0.00258604409287481 -0.00138226936570135 -0.0005)
(-0.0030141884423287 -0.00161111728827886 -0.0005)
(-0.00352768505739342 -0.00188558694730399 -0.0005)
(-0.000461939766255643 -0.000191341716182545 -0.0005)
(-0.000462477692975239 -0.000191564532725364 -0.0005)
(-0.000463122857509156 -0.000191831768625275 -0.0005)
(-0.000463896638138865 -0.000192152279056402 -0.0005)
(-0.000464824674990606 -0.000192536684506775 -0.0005)
(-0.00046593771965097 -0.000192997722700625 -0.0005)
(-0.000467272654156684 -0.000193550670677771 -0.0005)
(-0.000468873713124043 -0.00019421385101621 -0.0005)
(-0.000470793949514659 -0.000195009238972166 -0.0005)
(-0.000473096992607398 -0.000195963190655908 -0.0005)
(-0.000475859156428965 -0.000197107316372298 -0.0005)
(-0.000479171968508438 -0.000198479528065209 -0.0005)
(-0.000483145202749003 -0.000200125295574136 -0.0005)
(-0.000487910516914639 -0.000202099153330511 -0.0005)
(-0.000493625815264121 -0.000204466507419875 -0.0005)
(-0.000500480480893336 -0.000207305802889028 -0.0005)
(-0.000508701651165679 -0.000210711123114411 -0.0005)
(-0.000518561744174272 -0.000214795307364831 -0.0005)
(-0.000530387485634118 -0.000219693689862617 -0.0005)
(-0.000544570735320834 -0.000225568584241378 -0.0005)
(-0.000561581471802668 -0.000232614661998109 -0.0005)
(-0.000581983365730081 -0.000241065403160941 -0.0005)
(-0.000606452457722066 -0.000251200832922976 -0.0005)
(-0.00063579955976281 -0.000263356800604599 -0.0005)
(-0.000670997122405182 -0.000277936108413546 -0.0005)
(-0.000713211458057257 -0.000295421858767205 -0.0005)
(-0.000763841388108174 -0.000316393462456296 -0.0005)
(-0.000824564594511039 -0.000341545838099144 -0.0005)
(-0.000897393211736793 -0.00037171243908293 -0.0005)
(-0.000984740501203463 -0.000407892871016553 -0.0005)
(-0.00108950081751599 -0.000451286014831699 -0.0005)
(-0.00121514551629155 -0.000503329753104819 -0.0005)
(-0.00136583798158829 -0.000565748615978165 -0.0005)
(-0.00154657158450594 -0.000640610925483207 -0.0005)
(-0.00176333514437783 -0.000730397331810416 -0.0005)
(-0.00202331137530454 -0.000838083012554899 -0.0005)
(-0.00233511489378709 -0.000967236258706022 -0.0005)
(-0.00270907767412107 -0.00112213671414311 -0.0005)
(-0.00315759141045 -0.00130791718664118 -0.0005)
(-0.00369551813004515 -0.00153073372946036 -0.0005)
(-0.000478470167866104 -0.000145142338627231 -0.0005)
(-0.00047902734416186 -0.000145311356208733 -0.0005)
(-0.000479695595750908 -0.000145514068112086 -0.0005)
(-0.000480497065931293 -0.000145757191433316 -0.0005)
(-0.000481458312354908 -0.000146048782348049 -0.0005)
(-0.00048261118704635 -0.000146398503062313 -0.0005)
(-0.000483993891857015 -0.000146817941981036 -0.0005)
(-0.000485652244328129 -0.000147320997703401 -0.0005)
(-0.000487641195908565 -0.000147924339569181 -0.0005)
(-0.00049002665283538 -0.000148647960016819 -0.0005)
(-0.000492887660014068 -0.000149515837056251 -0.0005)
(-0.000496319020263961 -0.000150556728808318 -0.0005)
(-0.000500434435720535 -0.000151805126438736 -0.0005)
(-0.000505370275488668 -0.000153302397063216 -0.0005)
(-0.000511290094392434 -0.00015509815449523 -0.0005)
(-0.00051839005255551 -0.00015725190325775 -0.0005)
(-0.000526905415396316 -0.000159835010335222 -0.0005)
(-0.00053711834942284 -0.000162933070002068 -0.0005)
(-0.000549367272149926 -0.000166648740089092 -0.0005)
(-0.000564058065959469 -0.000171105143670776 -0.0005)
(-0.00058167752748789 -0.00017644994889237 -0.0005)
(-0.000602809498202084 -0.000182860262126608 -0.0005)
(-0.00062815421066933 -0.000190548496600529 -0.0005)
(-0.00065855149158246 -0.000199769410956208 -0.0005)
(-0.000695008590399654 -0.000210828550976349 -0.0005)
(-0.000738733555733395 -0.000224092374201185 -0.0005)
(-0.000791175265454279 -0.000240000392927714 -0.0005)
(-0.00085407143695398 -0.000259079737963747 -0.0005)
(-0.0009295062084436 -0.000281962625723801 -0.0005)
(-0.00101997919931107 -0.000309407307459485 -0.0005)
(-0.00112848833793332 -0.000342323194801633 -0.0005)
(-0.00125862920153967 -0.000381800994178417 -0.0005)
(-0.00141471415986904 -0.00042914884864862 -0.0005)
(-0.00160191527058527 -0.000485935684751999 -0.0005)
(-0.00182643566145753 -0.000554043200725323 -0.0005)
(-0.00209571507825461 -0.000635728218774437 -0.0005)
(-0.00241867640942311 -0.000733697467517815 -0.0005)
(-0.00280602135643304 -0.000851197272605339 -0.0005)
(-0.00327058504717361 -0.000992121127515877 -0.0005)
(-0.00382776134292884 -0.00116113870901785 -0.0005)
(-0.000490392640201615 -9.75451610080641e-05 -0.0005)
(-0.000490963700161219 -9.76587518965445e-05 -0.0005)
(-0.000491648603177292 -9.7794987576897e-05 -0.0005)
(-0.000492470044312389 -9.79583823777423e-05 -0.0005)
(-0.000493455242979347 -9.81543505769261e-05 -0.0005)
(-0.000494636844888362 -9.83893858099488e-05 -0.0005)
(-0.000496054003800789 -9.86712762441727e-05 -0.0005)
(-0.000497753678934813 -9.90093626488578e-05 -0.0005)
(-0.000499792191014079 -9.94148479124765e-05 -0.0005)
(-0.000502237088520741 -9.99011682635274e-05 -0.0005)
(-0.000505169385993434 -0.000100484438495682 -0.0005)
(-0.000508686248538767 -0.000101183985950323 -0.0005)
(-0.000512904211510788 -0.000102022990950608 -0.0005)
(-0.000517963042046246 -0.000103029254908588 -0.0005)
(-0.000524030370412151 -0.00010423612155752 -0.0005)
(-0.000531307244630747 -0.000105683581835465 -0.0005)
(-0.000540034792440887 -0.000107419599031799 -0.0005)
(-0.00055050221134771 -0.00010950169810691 -0.0005)
(-0.000563056351520232 -0.000111998871849042 -0.0005)
(-0.00057811320907741 -0.000114993867031039 -0.0005)
(-0.000596171710606122 -0.000118585926321444 -0.0005)
(-0.000617830245677209 -0.000122894076806409 -0.0005)
(-0.000643806495183828 -0.000128061074091416 -0.0005)
(-0.000674961212537307 -0.00013425813267524 -0.0005)
(-0.000712326745738235 -0.00014169059934264 -0.0005)
(-0.000757141245434981 -0.000150604757570255 -0.0005)
(-0.000810889692493665 -0.000161295988417678 -0.0005)
(-0.000875353104576116 -0.000174118558324368 -0.0005)
(-0.000952667552243315 -0.000189497358142502 -0.0005)
(-0.00104539494015196 -0.000207941982392342 -0.0005)
(-0.00115660789876186 -0.000230063615272734 -0.0005)
(-0.00128999159954026 -0.000256595282964424 -0.0005)
(-0.00144996586742882 -0.000288416143309965 -0.0005)
(-0.00164183163691289 -0.000326580617737163 -0.0005)
(-0.00187194660468609 -0.000372353330746423 -0.0005)
(-0.00214793589936669 -0.000427251014722783 -0.0005)
(-0.00247894474905337 -0.000493092768637577 -0.0005)
(-0.00287594151915526 -0.000572060336020623 -0.0005)
(-0.00335208116200929 -0.000666770399584022 -0.0005)
(-0.00392314112161292 -0.000780361288064512 -0.0005)
(-0.000497592363336098 -4.90085701647803e-05 -0.0005)
(-0.000498171807339966 -4.90656404178881e-05 -0.0005)
(-0.000498866765792613 -4.91340878511642e-05 -0.0005)
(-0.000499700266955246 -4.92161805503717e-05 -0.0005)
(-0.000500699929863819 -4.93146387531212e-05 -0.0005)
(-0.000501898879518096 -4.94327249871255e-05 -0.0005)
(-0.000503336844517259 -4.95743521778716e-05 -0.0005)
(-0.000505061473513516 -4.97442133079834e-05 -0.0005)
(-0.000507129914105923 -4.99479369246905e-05 -0.0005)
(-0.000509610706492927 -5.01922736483243e-05 -0.0005)
(-0.000512586054632005 -5.04853198620182e-05 -0.0005)
(-0.000516154550163955 -5.08367859948338e-05 -0.0005)
(-0.00052043443936223 -5.12583182881849e-05 -0.0005)
(-0.000525567541361518 -5.17638847076703e-05 -0.0005)
(-0.000531723947500659 -5.2370237787951e-05 -0.0005)
(-0.000539107657498105 -5.30974697475818e-05 -0.0005)
(-0.000547963339221206 -5.39696782681744e-05 -0.0005)
(-0.000558584436042181 -5.50157649992645e-05 -0.0005)
(-0.000571322890427486 -5.62703932482745e-05 -0.0005)
(-0.000586600805963109 -5.77751365897502e-05 -0.0005)
(-0.00060492443425061 -5.95798564543812e-05 -0.0005)
(-0.000626900950146095 -6.17443543458285e-05 -0.0005)
(-0.000653258571209275 -6.43403534334975e-05 -0.0005)
(-0.000684870688044088 -6.74538751836488e-05 -0.0005)
(-0.000722784805117948 -7.11880897813011e-05 -0.0005)
(-0.000768257251047521 -7.56667347949875e-05 -0.0005)
(-0.00082279480851694 -8.10382153658226e-05 -0.0005)
(-0.000888204643284501 -8.74805217854399e-05 -0.0005)
(-0.000966654186733869 -9.5207127412497e-05 -0.0005)
(-0.00106074295624818 -0.00010447406236211 -0.0005)
(-0.00117358869325914 -0.000115588397363194 -0.0005)
(-0.00130893067325613 -0.000128918418906234 -0.0005)
(-0.00147125361105329 -0.000144905832846934 -0.0005)
(-0.00166593626706058 -0.000164080400846392 -0.0005)
(-0.00189942967880143 -0.0001870774946434 -0.0005)
(-0.00217947092358667 -0.000214659149840186 -0.0005)
(-0.00251533949562119 -0.000247739316843433 -0.0005)
(-0.00291816479289846 -0.000287414145680038 -0.0005)
(-0.00340129490282086 -0.000334998308210396 -0.0005)
(-0.00398073890668879 -0.000392068561318242 -0.0005)
(-4.90085701647803e-05 -0.000497592363336098 0.0005)
(-4.90656404178881e-05 -0.000498171807339966 0.0005)
(-4.91340878511642e-05 -0.000498866765792613 0.0005)
(-4.92161805503717e-05 -0.000499700266955245 0.0005)
(-4.93146387531212e-05 -0.000500699929863819 0.0005)
(-4.94327249871256e-05 -0.000501898879518096 0.0005)
(-4.95743521778716e-05 -0.000503336844517259 0.0005)
(-4.97442133079834e-05 -0.000505061473513516 0.0005)
(-4.99479369246906e-05 -0.000507129914105923 0.0005)
(-5.01922736483243e-05 -0.000509610706492927 0.0005)
(-5.04853198620183e-05 -0.000512586054632005 0.0005)
(-5.08367859948338e-05 -0.000516154550163955 0.0005)
(-5.1258318288185e-05 -0.00052043443936223 0.0005)
(-5.17638847076704e-05 -0.000525567541361518 0.0005)
(-5.23702377879511e-05 -0.000531723947500659 0.0005)
(-5.30974697475818e-05 -0.000539107657498105 0.0005)
(-5.39696782681744e-05 -0.000547963339221206 0.0005)
(-5.50157649992645e-05 -0.00055858443604218 0.0005)
(-5.62703932482745e-05 -0.000571322890427486 0.0005)
(-5.77751365897502e-05 -0.000586600805963109 0.0005)
(-5.95798564543812e-05 -0.00060492443425061 0.0005)
(-6.17443543458286e-05 -0.000626900950146095 0.0005)
(-6.43403534334976e-05 -0.000653258571209275 0.0005)
(-6.74538751836489e-05 -0.000684870688044088 0.0005)
(-7.11880897813012e-05 -0.000722784805117948 0.0005)
(-7.56667347949876e-05 -0.000768257251047521 0.0005)
(-8.10382153658227e-05 -0.00082279480851694 0.0005)
(-8.748052178544e-05 -0.000888204643284501 0.0005)
(-9.52071274124971e-05 -0.000966654186733869 0.0005)
(-0.00010447406236211 -0.00106074295624818 0.0005)
(-0.000115588397363194 -0.00117358869325914 0.0005)
(-0.000128918418906234 -0.00130893067325613 0.0005)
(-0.000144905832846934 -0.00147125361105329 0.0005)
(-0.000164080400846392 -0.00166593626706058 0.0005)
(-0.0001870774946434 -0.00189942967880143 0.0005)
(-0.000214659149840186 -0.00217947092358667 0.0005)
(-0.000247739316843433 -0.00251533949562119 0.0005)
(-0.000287414145680038 -0.00291816479289846 0.0005)
(-0.000334998308210396 -0.00340129490282086 0.0005)
(-0.000392068561318242 -0.00398073890668879 0.0005)
(-9.75451610080641e-05 -0.000490392640201615 0.0005)
(-9.76587518965446e-05 -0.000490963700161219 0.0005)
(-9.77949875768971e-05 -0.000491648603177291 0.0005)
(-9.79583823777424e-05 -0.000492470044312389 0.0005)
(-9.81543505769262e-05 -0.000493455242979347 0.0005)
(-9.83893858099488e-05 -0.000494636844888362 0.0005)
(-9.86712762441728e-05 -0.000496054003800789 0.0005)
(-9.90093626488579e-05 -0.000497753678934813 0.0005)
(-9.94148479124766e-05 -0.000499792191014079 0.0005)
(-9.99011682635275e-05 -0.000502237088520741 0.0005)
(-0.000100484438495682 -0.000505169385993434 0.0005)
(-0.000101183985950323 -0.000508686248538767 0.0005)
(-0.000102022990950608 -0.000512904211510788 0.0005)
(-0.000103029254908588 -0.000517963042046246 0.0005)
(-0.00010423612155752 -0.000524030370412151 0.0005)
(-0.000105683581835465 -0.000531307244630746 0.0005)
(-0.000107419599031799 -0.000540034792440887 0.0005)
(-0.00010950169810691 -0.000550502211347709 0.0005)
(-0.000111998871849042 -0.000563056351520232 0.0005)
(-0.000114993867031039 -0.00057811320907741 0.0005)
(-0.000118585926321444 -0.000596171710606122 0.0005)
(-0.000122894076806409 -0.000617830245677209 0.0005)
(-0.000128061074091416 -0.000643806495183828 0.0005)
(-0.00013425813267524 -0.000674961212537307 0.0005)
(-0.00014169059934264 -0.000712326745738235 0.0005)
(-0.000150604757570255 -0.00075714124543498 0.0005)
(-0.000161295988417678 -0.000810889692493664 0.0005)
(-0.000174118558324369 -0.000875353104576116 0.0005)
(-0.000189497358142502 -0.000952667552243315 0.0005)
(-0.000207941982392342 -0.00104539494015196 0.0005)
(-0.000230063615272734 -0.00115660789876186 0.0005)
(-0.000256595282964425 -0.00128999159954026 0.0005)
(-0.000288416143309966 -0.00144996586742882 0.0005)
(-0.000326580617737163 -0.00164183163691289 0.0005)
(-0.000372353330746424 -0.00187194660468609 0.0005)
(-0.000427251014722783 -0.00214793589936669 0.0005)
(-0.000493092768637577 -0.00247894474905337 0.0005)
(-0.000572060336020623 -0.00287594151915526 0.0005)
(-0.000666770399584022 -0.00335208116200929 0.0005)
(-0.000780361288064513 -0.00392314112161292 0.0005)
(-0.000145142338627231 -0.000478470167866104 0.0005)
(-0.000145311356208733 -0.00047902734416186 0.0005)
(-0.000145514068112086 -0.000479695595750908 0.0005)
(-0.000145757191433316 -0.000480497065931293 0.0005)
(-0.000146048782348049 -0.000481458312354908 0.0005)
(-0.000146398503062313 -0.00048261118704635 0.0005)
(-0.000146817941981036 -0.000483993891857015 0.0005)
(-0.000147320997703401 -0.000485652244328129 0.0005)
(-0.000147924339569182 -0.000487641195908565 0.0005)
(-0.000148647960016819 -0.00049002665283538 0.0005)
(-0.000149515837056251 -0.000492887660014068 0.0005)
(-0.000150556728808318 -0.000496319020263961 0.0005)
(-0.000151805126438736 -0.000500434435720535 0.0005)
(-0.000153302397063216 -0.000505370275488668 0.0005)
(-0.00015509815449523 -0.000511290094392434 0.0005)
(-0.00015725190325775 -0.00051839005255551 0.0005)
(-0.000159835010335222 -0.000526905415396316 0.0005)
(-0.000162933070002068 -0.00053711834942284 0.0005)
(-0.000166648740089092 -0.000549367272149926 0.0005)
(-0.000171105143670776 -0.000564058065959469 0.0005)
(-0.00017644994889237 -0.00058167752748789 0.0005)
(-0.000182860262126608 -0.000602809498202084 0.0005)
(-0.000190548496600529 -0.00062815421066933 0.0005)
(-0.000199769410956208 -0.00065855149158246 0.0005)
(-0.000210828550976349 -0.000695008590399654 0.0005)
(-0.000224092374201185 -0.000738733555733395 0.0005)
(-0.000240000392927714 -0.000791175265454279 0.0005)
(-0.000259079737963747 -0.00085407143695398 0.0005)
(-0.000281962625723801 -0.0009295062084436 0.0005)
(-0.000309407307459485 -0.00101997919931107 0.0005)
(-0.000342323194801633 -0.00112848833793332 0.0005)
(-0.000381800994178418 -0.00125862920153967 0.0005)
(-0.000429148848648621 -0.00141471415986904 0.0005)
(-0.000485935684751999 -0.00160191527058527 0.0005)
(-0.000554043200725323 -0.00182643566145752 0.0005)
(-0.000635728218774437 -0.00209571507825461 0.0005)
(-0.000733697467517815 -0.00241867640942311 0.0005)
(-0.00085119727260534 -0.00280602135643304 0.0005)
(-0.000992121127515878 -0.00327058504717361 0.0005)
(-0.00116113870901785 -0.00382776134292884 0.0005)
(-0.000191341716182545 -0.000461939766255643 0.0005)
(-0.000191564532725364 -0.000462477692975238 0.0005)
(-0.000191831768625275 -0.000463122857509156 0.0005)
(-0.000192152279056402 -0.000463896638138865 0.0005)
(-0.000192536684506775 -0.000464824674990606 0.0005)
(-0.000192997722700625 -0.00046593771965097 0.0005)
(-0.000193550670677771 -0.000467272654156684 0.0005)
(-0.00019421385101621 -0.000468873713124043 0.0005)
(-0.000195009238972166 -0.000470793949514658 0.0005)
(-0.000195963190655908 -0.000473096992607398 0.0005)
(-0.000197107316372298 -0.000475859156428965 0.0005)
(-0.000198479528065209 -0.000479171968508438 0.0005)
(-0.000200125295574136 -0.000483145202749003 0.0005)
(-0.000202099153330511 -0.000487910516914639 0.0005)
(-0.000204466507419875 -0.000493625815264121 0.0005)
(-0.000207305802889028 -0.000500480480893336 0.0005)
(-0.000210711123114411 -0.000508701651165679 0.0005)
(-0.000214795307364831 -0.000518561744174272 0.0005)
(-0.000219693689862617 -0.000530387485634118 0.0005)
(-0.000225568584241379 -0.000544570735320834 0.0005)
(-0.000232614661998109 -0.000561581471802668 0.0005)
(-0.000241065403160941 -0.000581983365730081 0.0005)
(-0.000251200832922976 -0.000606452457722066 0.0005)
(-0.000263356800604599 -0.00063579955976281 0.0005)
(-0.000277936108413546 -0.000670997122405182 0.0005)
(-0.000295421858767206 -0.000713211458057257 0.0005)
(-0.000316393462456297 -0.000763841388108174 0.0005)
(-0.000341545838099144 -0.000824564594511039 0.0005)
(-0.00037171243908293 -0.000897393211736793 0.0005)
(-0.000407892871016554 -0.000984740501203463 0.0005)
(-0.000451286014831699 -0.00108950081751599 0.0005)
(-0.000503329753104819 -0.00121514551629155 0.0005)
(-0.000565748615978166 -0.0013658379815883 0.0005)
(-0.000640610925483207 -0.00154657158450594 0.0005)
(-0.000730397331810416 -0.00176333514437783 0.0005)
(-0.000838083012554899 -0.00202331137530454 0.0005)
(-0.000967236258706023 -0.00233511489378709 0.0005)
(-0.00112213671414311 -0.00270907767412107 0.0005)
(-0.00130791718664118 -0.00315759141045 0.0005)
(-0.00153073372946036 -0.00369551813004515 0.0005)
(-0.000235698368412999 -0.000440960632174178 0.0005)
(-0.000235972838072024 -0.000441474128789242 0.0005)
(-0.00023630202434069 -0.000442089992980885 0.0005)
(-0.000236696835191054 -0.000442828632129461 0.0005)
(-0.000237170353142443 -0.00044371452190713 0.0005)
(-0.000237738268766042 -0.000444777017307884 0.0005)
(-0.00023841940061032 -0.000446051325359608 0.0005)
(-0.000239236318775644 -0.000447579671750128 0.0005)
(-0.000240216092800954 -0.000449412700024774 0.0005)
(-0.000241391188644604 -0.000451611149719483 0.0005)
(-0.000242800544481859 -0.000454247869036375 0.0005)
(-0.000244490860966885 -0.000457410228754136 0.0005)
(-0.000246518148713542 -0.000461203017360965 0.0005)
(-0.000248949584272598 -0.000465751913343704 0.0005)
(-0.000251865736105304 -0.000471207649691496 0.0005)
(-0.000255363234313606 -0.000477751008609698 0.0005)
(-0.000259557972591593 -0.000485598811949707 0.0005)
(-0.000264588948498611 -0.000495011105854621 0.0005)
(-0.000270622869305977 -0.00050629977769236 0.0005)
(-0.000277859676037405 -0.000519838890808414 0.0005)
(-0.000286539168748697 -0.000536077079552326 0.0005)
(-0.000296948952583079 -0.000555552415301628 0.0005)
(-0.000309433967904031 -0.000578910236086303 0.0005)
(-0.000324407920297696 -0.00060692453061925 0.0005)
(-0.000342366989191389 -0.000640523585317609 0.0005)
(-0.000363906269339282 -0.000680820744158985 0.0005)
(-0.000389739489983165 -0.00072915130063641 0.0005)
(-0.000420722665105699 -0.000787116744270098 0.0005)
(-0.000457882458455002 -0.00085663782783593 0.0005)
(-0.000502450203248808 -0.000940018213755354 0.0005)
(-0.000555902703840906 -0.00104002080864426 0.0005)
(-0.000620011171360789 -0.00115995931545544 0.0005)
(-0.000696899914866188 -0.00130380803690187 0.0005)
(-0.000789116732808458 -0.00147633356862579 0.0005)
(-0.000899717337314378 -0.00168325274592073 0.0005)
(-0.00103236660878168 -0.00193142207775578 0.0005)
(-0.00119146003597777 -0.00222906494522026 0.0005)
(-0.00138226936570135 -0.00258604409287481 0.0005)
(-0.00161111728827886 -0.0030141884423287 0.0005)
(-0.00188558694730399 -0.00352768505739342 0.0005)
(-0.000277785116509801 -0.000415734806151273 0.0005)
(-0.000278108595992175 -0.000416218927408698 0.0005)
(-0.000278496562385879 -0.000416799560149235 0.0005)
(-0.000278961871411163 -0.000417495944317896 0.0005)
(-0.000279519941626845 -0.000418331155418658 0.0005)
(-0.000280189265342285 -0.000419332869148274 0.0005)
(-0.00028099202138169 -0.000420534278462861 0.0005)
(-0.000281954810005392 -0.000421975193465323 0.0005)
(-0.000283109534340596 -0.000423703360559679 0.0005)
(-0.000284494457528806 -0.000425776044584003 0.0005)
(-0.000286155470619782 -0.000428261926347821 0.0005)
(-0.00028814761322515 -0.000431243378451066 0.0005)
(-0.000290536897320309 -0.000434819194796526 0.0005)
(-0.000293402494628453 -0.000439107864241373 0.0005)
(-0.000296839360068223 -0.000444251496864038 0.0005)
(-0.000300961378196 -0.000450420532947881 0.0005)
(-0.000305905136903896 -0.000457819390719346 0.0005)
(-0.000311834453419317 -0.000466693239984993 0.0005)
(-0.000318945802580411 -0.000477336126119813 0.0005)
(-0.000327474827259641 -0.000490100713604665 0.0005)
(-0.000337704146665992 -0.000505409971976355 0.0005)
(-0.000349972721263033 -0.000523771191417978 0.0005)
(-0.000364687084620356 -0.000545792792412502 0.0005)
(-0.000382334814378919 -0.00057220448646713 0.0005)
(-0.000403500688706485 -0.000603881455957619 0.0005)
(-0.00042888606360622 -0.000641873354319986 0.0005)
(-0.000459332113168218 -0.000687439087544871 0.0005)
(-0.000495847702856882 -0.000742088529500055 0.0005)
(-0.000539642819448139 -0.000807632553367136 0.0005)
(-0.000592168665356556 -0.000886243037042553 0.0005)
(-0.000655165745924795 -0.000980524830852081 0.0005)
(-0.000730721543103972 -0.00109360207231322 0.0005)
(-0.000821339686609804 -0.0012292217080861 0.0005)
(-0.000930022914621678 -0.00139187765343376 0.0005)
(-0.00106037257302448 -0.00158695970336086 0.0005)
(-0.0012167079502169 -0.00182093212977553 0.0005)
(-0.00140420940178474 -0.0021015478827001 0.0005)
(-0.00162909000764259 -0.00243810549333866 0.0005)
(-0.00189880144970412 -0.00284175719178478 0.0005)
(-0.00222228093207841 -0.00332587844921018 0.0005)
(-0.000317196642081823 -0.000386505226681368 0.0005)
(-0.000317566016103299 -0.000386955310228798 0.0005)
(-0.000318009026293584 -0.000387495119707531 0.0005)
(-0.000318540352313513 -0.000388142542336051 0.0005)
(-0.000319177600272238 -0.000388919031220432 0.0005)
(-0.000319941886126249 -0.000389850316228102 0.0005)
(-0.00032085853538129 -0.000390967256577096 0.0005)
(-0.000321957922282612 -0.000392306863392342 0.0005)
(-0.000323276476301123 -0.000393913526112576 0.0005)
(-0.000324857889266515 -0.000395840483386317 0.0005)
(-0.000326754563147144 -0.000398151587196754 0.0005)
(-0.000329029346450549 -0.000400923418671901 0.0005)
(-0.000331757616782258 -0.000404247825689845 0.0005)
(-0.000335029778570918 -0.000408234966365623 0.0005)
(-0.000338954258724784 -0.000413016959269208 0.0005)
(-0.000343661099484142 -0.000418752261328867 0.0005)
(-0.000349306267523057 -0.000425630918486822 0.0005)
(-0.000356076822087544 -0.000433880863093834 0.0005)
(-0.000364197113422486 -0.000443775466714263 0.0005)
(-0.000373936216879417 -0.0004556425986126 0.0005)
(-0.000385616849043028 -0.000469875490085056 0.0005)
(-0.000399626061322673 -0.000486945764638514 0.0005)
(-0.000416428065353549 -0.000507419065787079 0.0005)
(-0.000436579615192202 -0.00053197380031154 0.0005)
(-0.000460748456013424 -0.000561423618061573 0.0005)
(-0.000489735450627658 -0.000596744373195218 0.0005)
(-0.000524501117006986 -0.000639106460247844 0.0005)
(-0.000566197456171627 -0.000689913596524071 0.0005)
(-0.000616206125091218 -0.000750849335912554 0.0005)
(-0.0006761842195046 -0.000823932855413309 0.0005)
(-0.0007481191837254 -0.000911585862929398 0.0005)
(-0.000834394666934036 -0.00101671284339093 0.0005)
(-0.000937869508181423 -0.00114279730226052 0.0005)
(-0.00106197246736485 -0.00129401719556143 0.0005)
(-0.00121081584119774 -0.00147538337133721 0.0005)
(-0.00138933172897131 -0.00169290560996278 0.0005)
(-0.00160343546343358 -0.00195379176524661 0.0005)
(-0.00186022162225905 -0.00226668660509763 0.0005)
(-0.00216819911517828 -0.00264195826602146 0.0005)
(-0.00253757313665458 -0.00309204181345095 0.0005)
(-0.000353553390593274 -0.000353553390593274 0.0005)
(-0.000353965101880105 -0.000353965101880105 0.0005)
(-0.000354458889436665 -0.000354458889436665 0.0005)
(-0.000355051115491214 -0.000355051115491214 0.0005)
(-0.000355761404146785 -0.000355761404146785 0.0005)
(-0.000356613291648792 -0.000356613291648792 0.0005)
(-0.000357635006286051 -0.000357635006286051 0.0005)
(-0.000358860403768146 -0.000358860403768146 0.0005)
(-0.000360330089073973 -0.000360330089073973 0.0005)
(-0.000362092761945201 -0.000362092761945201 0.0005)
(-0.000364206830609185 -0.000364206830609185 0.0005)
(-0.000366742347203892 -0.000366742347203892 0.0005)
(-0.000369783329037432 -0.000369783329037432 0.0005)
(-0.000373430542599839 -0.000373430542599839 0.0005)
(-0.000377804842578579 -0.000377804842578579 0.0005)
(-0.000383051176519985 -0.000383051176519985 0.0005)
(-0.000389343387835741 -0.000389343387835741 0.0005)
(-0.000396889976307676 -0.000396889976307676 0.0005)
(-0.000405941006971908 -0.000405941006971908 0.0005)
(-0.000416796396316315 -0.000416796396316315 0.0005)
(-0.000429815850364168 -0.000429815850364168 0.0005)
(-0.00044543078395395 -0.00044543078395395 0.0005)
(-0.00046415861617465 -0.000464158616174649 0.0005)
(-0.00048661991565249 -0.00048661991565249 0.0005)
(-0.000513558963818226 -0.000513558963818226 0.0005)
(-0.000545868417542922 -0.000545868417542922 0.0005)
(-0.000584618888367501 -0.000584618888367501 0.0005)
(-0.000631094418468426 -0.000631094418468426 0.0005)
(-0.000686835028897135 -0.000686835028897135 0.0005)
(-0.00075368774997892 -0.00075368774997892 0.0005)
(-0.000833867824823184 -0.000833867824823183 0.0005)
(-0.000930032113995003 -0.000930032113995003 0.0005)
(-0.00104536713369763 -0.00104536713369763 0.0005)
(-0.0011836946447141 -0.0011836946447141 0.0005)
(-0.001349598290921 -0.001349598290921 0.0005)
(-0.00154857548368974 -0.00154857548368974 0.0005)
(-0.00178721956504257 -0.00178721956504257 0.0005)
(-0.00207343828575257 -0.00207343828575257 0.0005)
(-0.00241671583791506 -0.00241671583791506 0.0005)
(-0.00282842712474619 -0.00282842712474619 0.0005)
(-0.000386505226681368 -0.000317196642081823 0.0005)
(-0.000386955310228798 -0.000317566016103299 0.0005)
(-0.000387495119707531 -0.000318009026293584 0.0005)
(-0.000388142542336051 -0.000318540352313513 0.0005)
(-0.000388919031220432 -0.000319177600272238 0.0005)
(-0.000389850316228102 -0.000319941886126249 0.0005)
(-0.000390967256577096 -0.000320858535381289 0.0005)
(-0.000392306863392342 -0.000321957922282612 0.0005)
(-0.000393913526112576 -0.000323276476301123 0.0005)
(-0.000395840483386317 -0.000324857889266515 0.0005)
(-0.000398151587196754 -0.000326754563147144 0.0005)
(-0.000400923418671901 -0.000329029346450548 0.0005)
(-0.000404247825689846 -0.000331757616782257 0.0005)
(-0.000408234966365623 -0.000335029778570918 0.0005)
(-0.000413016959269208 -0.000338954258724784 0.0005)
(-0.000418752261328867 -0.000343661099484142 0.0005)
(-0.000425630918486822 -0.000349306267523057 0.0005)
(-0.000433880863093835 -0.000356076822087544 0.0005)
(-0.000443775466714263 -0.000364197113422486 0.0005)
(-0.0004556425986126 -0.000373936216879417 0.0005)
(-0.000469875490085056 -0.000385616849043028 0.0005)
(-0.000486945764638514 -0.000399626061322673 0.0005)
(-0.000507419065787079 -0.000416428065353548 0.0005)
(-0.00053197380031154 -0.000436579615192202 0.0005)
(-0.000561423618061573 -0.000460748456013423 0.0005)
(-0.000596744373195218 -0.000489735450627658 0.0005)
(-0.000639106460247844 -0.000524501117006986 0.0005)
(-0.000689913596524071 -0.000566197456171627 0.0005)
(-0.000750849335912554 -0.000616206125091218 0.0005)
(-0.000823932855413309 -0.0006761842195046 0.0005)
(-0.000911585862929399 -0.0007481191837254 0.0005)
(-0.00101671284339093 -0.000834394666934036 0.0005)
(-0.00114279730226053 -0.000937869508181423 0.0005)
(-0.00129401719556143 -0.00106197246736485 0.0005)
(-0.00147538337133721 -0.00121081584119774 0.0005)
(-0.00169290560996278 -0.00138933172897131 0.0005)
(-0.00195379176524661 -0.00160343546343358 0.0005)
(-0.00226668660509763 -0.00186022162225904 0.0005)
(-0.00264195826602146 -0.00216819911517828 0.0005)
(-0.00309204181345095 -0.00253757313665458 0.0005)
(-0.000415734806151273 -0.000277785116509801 0.0005)
(-0.000416218927408698 -0.000278108595992175 0.0005)
(-0.000416799560149235 -0.000278496562385879 0.0005)
(-0.000417495944317896 -0.000278961871411163 0.0005)
(-0.000418331155418658 -0.000279519941626845 0.0005)
(-0.000419332869148274 -0.000280189265342285 0.0005)
(-0.000420534278462861 -0.000280992021381689 0.0005)
(-0.000421975193465323 -0.000281954810005392 0.0005)
(-0.000423703360559679 -0.000283109534340596 0.0005)
(-0.000425776044584003 -0.000284494457528806 0.0005)
(-0.000428261926347821 -0.000286155470619782 0.0005)
(-0.000431243378451066 -0.00028814761322515 0.0005)
(-0.000434819194796526 -0.000290536897320309 0.0005)
(-0.000439107864241373 -0.000293402494628453 0.0005)
(-0.000444251496864038 -0.000296839360068223 0.0005)
(-0.000450420532947882 -0.000300961378196 0.0005)
(-0.000457819390719346 -0.000305905136903896 0.0005)
(-0.000466693239984993 -0.000311834453419317 0.0005)
(-0.000477336126119813 -0.000318945802580411 0.0005)
(-0.000490100713604665 -0.000327474827259641 0.0005)
(-0.000505409971976355 -0.000337704146665992 0.0005)
(-0.000523771191417978 -0.000349972721263033 0.0005)
(-0.000545792792412502 -0.000364687084620356 0.0005)
(-0.00057220448646713 -0.000382334814378919 0.0005)
(-0.000603881455957619 -0.000403500688706485 0.0005)
(-0.000641873354319986 -0.00042888606360622 0.0005)
(-0.000687439087544871 -0.000459332113168218 0.0005)
(-0.000742088529500055 -0.000495847702856882 0.0005)
(-0.000807632553367137 -0.000539642819448139 0.0005)
(-0.000886243037042554 -0.000592168665356556 0.0005)
(-0.000980524830852081 -0.000655165745924794 0.0005)
(-0.00109360207231322 -0.000730721543103972 0.0005)
(-0.0012292217080861 -0.000821339686609804 0.0005)
(-0.00139187765343376 -0.000930022914621678 0.0005)
(-0.00158695970336086 -0.00106037257302448 0.0005)
(-0.00182093212977553 -0.0012167079502169 0.0005)
(-0.0021015478827001 -0.00140420940178474 0.0005)
(-0.00243810549333866 -0.00162909000764259 0.0005)
(-0.00284175719178478 -0.00189880144970412 0.0005)
(-0.00332587844921018 -0.00222228093207841 0.0005)
(-0.000440960632174177 -0.000235698368412999 0.0005)
(-0.000441474128789242 -0.000235972838072024 0.0005)
(-0.000442089992980885 -0.00023630202434069 0.0005)
(-0.000442828632129461 -0.000236696835191053 0.0005)
(-0.00044371452190713 -0.000237170353142443 0.0005)
(-0.000444777017307884 -0.000237738268766042 0.0005)
(-0.000446051325359608 -0.00023841940061032 0.0005)
(-0.000447579671750128 -0.000239236318775643 0.0005)
(-0.000449412700024774 -0.000240216092800954 0.0005)
(-0.000451611149719483 -0.000241391188644604 0.0005)
(-0.000454247869036375 -0.000242800544481859 0.0005)
(-0.000457410228754136 -0.000244490860966885 0.0005)
(-0.000461203017360965 -0.000246518148713542 0.0005)
(-0.000465751913343704 -0.000248949584272598 0.0005)
(-0.000471207649691496 -0.000251865736105304 0.0005)
(-0.000477751008609698 -0.000255363234313606 0.0005)
(-0.000485598811949707 -0.000259557972591593 0.0005)
(-0.000495011105854621 -0.000264588948498611 0.0005)
(-0.00050629977769236 -0.000270622869305977 0.0005)
(-0.000519838890808414 -0.000277859676037405 0.0005)
(-0.000536077079552326 -0.000286539168748697 0.0005)
(-0.000555552415301628 -0.000296948952583079 0.0005)
(-0.000578910236086302 -0.00030943396790403 0.0005)
(-0.00060692453061925 -0.000324407920297696 0.0005)
(-0.000640523585317609 -0.000342366989191389 0.0005)
(-0.000680820744158985 -0.000363906269339282 0.0005)
(-0.00072915130063641 -0.000389739489983165 0.0005)
(-0.000787116744270098 -0.000420722665105699 0.0005)
(-0.00085663782783593 -0.000457882458455002 0.0005)
(-0.000940018213755353 -0.000502450203248808 0.0005)
(-0.00104002080864426 -0.000555902703840906 0.0005)
(-0.00115995931545544 -0.000620011171360789 0.0005)
(-0.00130380803690187 -0.000696899914866188 0.0005)
(-0.00147633356862579 -0.000789116732808458 0.0005)
(-0.00168325274592073 -0.000899717337314378 0.0005)
(-0.00193142207775578 -0.00103236660878168 0.0005)
(-0.00222906494522026 -0.00119146003597777 0.0005)
(-0.00258604409287481 -0.00138226936570135 0.0005)
(-0.0030141884423287 -0.00161111728827886 0.0005)
(-0.00352768505739342 -0.00188558694730399 0.0005)
(-0.000461939766255643 -0.000191341716182545 0.0005)
(-0.000462477692975239 -0.000191564532725364 0.0005)
(-0.000463122857509156 -0.000191831768625275 0.0005)
(-0.000463896638138865 -0.000192152279056402 0.0005)
(-0.000464824674990606 -0.000192536684506775 0.0005)
(-0.00046593771965097 -0.000192997722700625 0.0005)
(-0.000467272654156684 -0.000193550670677771 0.0005)
(-0.000468873713124043 -0.00019421385101621 0.0005)
(-0.000470793949514659 -0.000195009238972166 0.0005)
(-0.000473096992607398 -0.000195963190655908 0.0005)
(-0.000475859156428965 -0.000197107316372298 0.0005)
(-0.000479171968508438 -0.000198479528065209 0.0005)
(-0.000483145202749003 -0.000200125295574136 0.0005)
(-0.000487910516914639 -0.000202099153330511 0.0005)
(-0.000493625815264121 -0.000204466507419875 0.0005)
(-0.000500480480893336 -0.000207305802889028 0.0005)
(-0.000508701651165679 -0.000210711123114411 0.0005)
(-0.000518561744174272 -0.000214795307364831 0.0005)
(-0.000530387485634118 -0.000219693689862617 0.0005)
(-0.000544570735320834 -0.000225568584241378 0.0005)
(-0.000561581471802668 -0.000232614661998109 0.0005)
(-0.000581983365730081 -0.000241065403160941 0.0005)
(-0.000606452457722066 -0.000251200832922976 0.0005)
(-0.00063579955976281 -0.000263356800604599 0.0005)
(-0.000670997122405182 -0.000277936108413546 0.0005)
(-0.000713211458057257 -0.000295421858767205 0.0005)
(-0.000763841388108174 -0.000316393462456296 0.0005)
(-0.000824564594511039 -0.000341545838099144 0.0005)
(-0.000897393211736793 -0.00037171243908293 0.0005)
(-0.000984740501203463 -0.000407892871016553 0.0005)
(-0.00108950081751599 -0.000451286014831699 0.0005)
(-0.00121514551629155 -0.000503329753104819 0.0005)
(-0.00136583798158829 -0.000565748615978165 0.0005)
(-0.00154657158450594 -0.000640610925483207 0.0005)
(-0.00176333514437783 -0.000730397331810415 0.0005)
(-0.00202331137530454 -0.000838083012554899 0.0005)
(-0.00233511489378709 -0.000967236258706022 0.0005)
(-0.00270907767412107 -0.00112213671414311 0.0005)
(-0.00315759141045 -0.00130791718664118 0.0005)
(-0.00369551813004515 -0.00153073372946036 0.0005)
(-0.000478470167866104 -0.000145142338627231 0.0005)
(-0.00047902734416186 -0.000145311356208733 0.0005)
(-0.000479695595750908 -0.000145514068112086 0.0005)
(-0.000480497065931293 -0.000145757191433316 0.0005)
(-0.000481458312354908 -0.000146048782348049 0.0005)
(-0.00048261118704635 -0.000146398503062313 0.0005)
(-0.000483993891857015 -0.000146817941981036 0.0005)
(-0.000485652244328129 -0.000147320997703401 0.0005)
(-0.000487641195908565 -0.000147924339569181 0.0005)
(-0.00049002665283538 -0.000148647960016819 0.0005)
(-0.000492887660014068 -0.000149515837056251 0.0005)
(-0.000496319020263961 -0.000150556728808318 0.0005)
(-0.000500434435720535 -0.000151805126438736 0.0005)
(-0.000505370275488668 -0.000153302397063216 0.0005)
(-0.000511290094392434 -0.00015509815449523 0.0005)
(-0.00051839005255551 -0.00015725190325775 0.0005)
(-0.000526905415396316 -0.000159835010335222 0.0005)
(-0.00053711834942284 -0.000162933070002068 0.0005)
(-0.000549367272149926 -0.000166648740089092 0.0005)
(-0.000564058065959469 -0.000171105143670776 0.0005)
(-0.00058167752748789 -0.00017644994889237 0.0005)
(-0.000602809498202084 -0.000182860262126608 0.0005)
(-0.00062815421066933 -0.000190548496600529 0.0005)
(-0.00065855149158246 -0.000199769410956208 0.0005)
(-0.000695008590399654 -0.000210828550976349 0.0005)
(-0.000738733555733395 -0.000224092374201185 0.0005)
(-0.000791175265454279 -0.000240000392927714 0.0005)
(-0.00085407143695398 -0.000259079737963747 0.0005)
(-0.0009295062084436 -0.000281962625723801 0.0005)
(-0.00101997919931107 -0.000309407307459485 0.0005)
(-0.00112848833793332 -0.000342323194801633 0.0005)
(-0.00125862920153967 -0.000381800994178417 0.0005)
(-0.00141471415986904 -0.00042914884864862 0.0005)
(-0.00160191527058527 -0.000485935684751999 0.0005)
(-0.00182643566145753 -0.000554043200725323 0.0005)
(-0.00209571507825461 -0.000635728218774437 0.0005)
(-0.00241867640942311 -0.000733697467517815 0.0005)
(-0.00280602135643304 -0.000851197272605339 0.0005)
(-0.00327058504717361 -0.000992121127515877 0.0005)
(-0.00382776134292884 -0.00116113870901785 0.0005)
(-0.000490392640201615 -9.75451610080641e-05 0.0005)
(-0.000490963700161219 -9.76587518965446e-05 0.0005)
(-0.000491648603177292 -9.7794987576897e-05 0.0005)
(-0.000492470044312389 -9.79583823777423e-05 0.0005)
(-0.000493455242979347 -9.81543505769261e-05 0.0005)
(-0.000494636844888362 -9.83893858099488e-05 0.0005)
(-0.000496054003800789 -9.86712762441727e-05 0.0005)
(-0.000497753678934813 -9.90093626488578e-05 0.0005)
(-0.000499792191014079 -9.94148479124765e-05 0.0005)
(-0.000502237088520741 -9.99011682635274e-05 0.0005)
(-0.000505169385993434 -0.000100484438495682 0.0005)
(-0.000508686248538767 -0.000101183985950323 0.0005)
(-0.000512904211510788 -0.000102022990950608 0.0005)
(-0.000517963042046246 -0.000103029254908588 0.0005)
(-0.000524030370412151 -0.00010423612155752 0.0005)
(-0.000531307244630747 -0.000105683581835465 0.0005)
(-0.000540034792440887 -0.000107419599031799 0.0005)
(-0.00055050221134771 -0.00010950169810691 0.0005)
(-0.000563056351520232 -0.000111998871849042 0.0005)
(-0.00057811320907741 -0.000114993867031039 0.0005)
(-0.000596171710606122 -0.000118585926321444 0.0005)
(-0.000617830245677209 -0.000122894076806409 0.0005)
(-0.000643806495183828 -0.000128061074091416 0.0005)
(-0.000674961212537307 -0.00013425813267524 0.0005)
(-0.000712326745738235 -0.00014169059934264 0.0005)
(-0.000757141245434981 -0.000150604757570255 0.0005)
(-0.000810889692493665 -0.000161295988417678 0.0005)
(-0.000875353104576116 -0.000174118558324368 0.0005)
(-0.000952667552243315 -0.000189497358142502 0.0005)
(-0.00104539494015196 -0.000207941982392342 0.0005)
(-0.00115660789876186 -0.000230063615272734 0.0005)
(-0.00128999159954026 -0.000256595282964424 0.0005)
(-0.00144996586742882 -0.000288416143309965 0.0005)
(-0.00164183163691289 -0.000326580617737163 0.0005)
(-0.00187194660468609 -0.000372353330746423 0.0005)
(-0.00214793589936669 -0.000427251014722783 0.0005)
(-0.00247894474905337 -0.000493092768637577 0.0005)
(-0.00287594151915526 -0.000572060336020623 0.0005)
(-0.00335208116200929 -0.000666770399584022 0.0005)
(-0.00392314112161292 -0.000780361288064512 0.0005)
(-0.000497592363336098 -4.90085701647803e-05 0.0005)
(-0.000498171807339966 -4.90656404178881e-05 0.0005)
(-0.000498866765792613 -4.91340878511642e-05 0.0005)
(-0.000499700266955246 -4.92161805503717e-05 0.0005)
(-0.000500699929863819 -4.93146387531212e-05 0.0005)
(-0.000501898879518096 -4.94327249871255e-05 0.0005)
(-0.000503336844517259 -4.95743521778716e-05 0.0005)
(-0.000505061473513516 -4.97442133079834e-05 0.0005)
(-0.000507129914105923 -4.99479369246905e-05 0.0005)
(-0.000509610706492927 -5.01922736483243e-05 0.0005)
(-0.000512586054632005 -5.04853198620182e-05 0.0005)
(-0.000516154550163955 -5.08367859948338e-05 0.0005)
(-0.00052043443936223 -5.12583182881849e-05 0.0005)
(-0.000525567541361518 -5.17638847076703e-05 0.0005)
(-0.000531723947500659 -5.2370237787951e-05 0.0005)
(-0.000539107657498105 -5.30974697475818e-05 0.0005)
(-0.000547963339221206 -5.39696782681744e-05 0.0005)
(-0.00055858443604218 -5.50157649992645e-05 0.0005)
(-0.000571322890427486 -5.62703932482745e-05 0.0005)
(-0.000586600805963109 -5.77751365897502e-05 0.0005)
(-0.00060492443425061 -5.95798564543812e-05 0.0005)
(-0.000626900950146095 -6.17443543458285e-05 0.0005)
(-0.000653258571209275 -6.43403534334975e-05 0.0005)
(-0.000684870688044088 -6.74538751836488e-05 0.0005)
(-0.000722784805117948 -7.11880897813011e-05 0.0005)
(-0.000768257251047521 -7.56667347949875e-05 0.0005)
(-0.00082279480851694 -8.10382153658226e-05 0.0005)
(-0.000888204643284501 -8.74805217854399e-05 0.0005)
(-0.000966654186733869 -9.5207127412497e-05 0.0005)
(-0.00106074295624818 -0.00010447406236211 0.0005)
(-0.00117358869325914 -0.000115588397363194 0.0005)
(-0.00130893067325613 -0.000128918418906234 0.0005)
(-0.00147125361105329 -0.000144905832846934 0.0005)
(-0.00166593626706058 -0.000164080400846392 0.0005)
(-0.00189942967880143 -0.0001870774946434 0.0005)
(-0.00217947092358667 -0.000214659149840186 0.0005)
(-0.00251533949562119 -0.000247739316843433 0.0005)
(-0.00291816479289846 -0.000287414145680038 0.0005)
(-0.00340129490282086 -0.000334998308210396 0.0005)
(-0.00398073890668879 -0.000392068561318242 0.0005)
(0.00462653629854884 -0.000195900701808864 -0.0005)
(0.00530206640723668 -0.000211355405612156 -0.0005)
(0.00602570176658746 -0.000227433854590002 -0.0005)
(0.00680088594592782 -0.000244102439046907 -0.0005)
(0.00763130961679601 -0.000261312021383201 -0.0005)
(0.00852092786581766 -0.000278994610228707 -0.0005)
(0.0094739785321037 -0.000297059439046557 -0.0005)
(0.0104950015684587 -0.000315388358335809 -0.0005)
(0.0115888594045174 -0.000333830441875804 -0.0005)
(0.0127607582619881 -0.000352195700245475 -0.0005)
(0.0140162703359217 -0.00037024779049202 -0.0005)
(0.0153613567095774 -0.000387695611311068 -0.0005)
(0.0168023908120688 -0.000404183681273449 -0.0005)
(0.018346182155521 -0.000419281217461753 -0.0005)
(0.02 -0.000432469868828843 -0.0005)
(0.00461100959757015 -0.000397418106111685 -0.0005)
(0.00528397998680524 -0.000428817001281812 -0.0005)
(0.006005276742142 -0.000461483646146313 -0.0005)
(0.00677840616198757 -0.000495349876038843 -0.0005)
(0.00760713006594831 -0.000530316001264855 -0.0005)
(0.0084954835571654 -0.000566244054026505 -0.0005)
(0.00944779363649885 -0.000602949826096539 -0.0005)
(0.0104686985803379 -0.000640193512720308 -0.0005)
(0.0115631679446983 -0.000677668760587973 -0.0005)
(0.0127365229949704 -0.000714989903079107 -0.0005)
(0.0139944572800291 -0.000751677157131125 -0.0005)
(0.0153430569677784 -0.000787139557073478 -0.0005)
(0.0167888204325922 -0.000820655417365757 -0.0005)
(0.0183386764293629 -0.000851350156440911 -0.0005)
(0.02 -0.000878171388883333 -0.0005)
(0.00458629019604193 -0.000604292900749432 -0.0005)
(0.0052570074004442 -0.000652159484956068 -0.0005)
(0.00597630603499996 -0.000701960047009483 -0.0005)
(0.00674775896649897 -0.000753590988038944 -0.0005)
(0.00757520339512323 -0.000806900710153202 -0.0005)
(0.00846275908957357 -0.000861679332187351 -0.0005)
(0.0094148472967641 -0.000917646563763109 -0.0005)
(0.0104362101477234 -0.000974437456631295 -0.0005)
(0.0115319303034233 -0.00103158572540335 -0.0005)
(0.0127074504845267 -0.00108850430748167 -0.0005)
(0.0139685924026414 -0.00114446281851883 -0.0005)
(0.0153215744520557 -0.00119856156124459 -0.0005)
(0.0167730273240085 -0.00124970177077755 -0.0005)
(0.0183300064639619 -0.00129655184086151 -0.0005)
(0.02 -0.00133750938974069 -0.0005)
(0.00455160734336348 -0.000816194449371008 -0.0005)
(0.00522040888545308 -0.000881090069388332 -0.0005)
(0.00593808343538499 -0.000948610341087709 -0.0005)
(0.00670827449291096 -0.00101861543418468 -0.0005)
(0.00753489911621905 -0.00109090056161738 -0.0005)
(0.00842216665443373 -0.00116518205750858 -0.0005)
(0.00937459797269425 -0.00124108096175685 -0.0005)
(0.010397044898603 -0.00131810373076985 -0.0005)
(0.0114947095112411 -0.00139561965748385 -0.0005)
(0.0126731627566722 -0.0014728345536258 -0.0005)
(0.0139383617003098 -0.00154876022892427 -0.0005)
(0.0152966645091912 -0.0016221793040199 -0.0005)
(0.0167548419878307 -0.0016916049280509 -0.0005)
(0.0183200841612735 -0.00175523505491876 -0.0005)
(0.02 -0.00181090108695958 -0.0005)
(0.00450616491286732 -0.00103271260454845 -0.0005)
(0.00517342033037793 -0.00111524067779326 -0.0005)
(0.00588987949615463 -0.00120111102866176 -0.0005)
(0.00665926084005557 -0.00129014689806452 -0.0005)
(0.00748556600854473 -0.00138208912258565 -0.0005)
(0.00837309912044017 -0.00147657846541102 -0.0005)
(0.0093264863284357 -0.00157313478240791 -0.0005)
(0.010350695319553 -0.00167113254037998 -0.0005)
(0.0114510542495054 -0.00176977215835663 -0.0005)
(0.0126332694299897 -0.00186804660445572 -0.0005)
(0.0139034408657905 -0.00196470265769414 -0.0005)
(0.0152680744607471 -0.00205819624671668 -0.0005)
(0.0167340893675918 -0.0021466413208614 -0.0005)
(0.0183088185354584 -0.00222775181437985 -0.0005)
(0.02 -0.00229877646103596 -0.0005)
(0.00444914603382233 -0.00125334905750161 -0.0005)
(0.0051152576996859 -0.00135415969721426 -0.0005)
(0.00583094573585406 -0.0014590600114836 -0.0005)
(0.00660000803832028 -0.0015678357345499 -0.0005)
(0.00742653583181738 -0.00168017225394984 -0.0005)
(0.00831493347601616 -0.00179563308252247 -0.0005)
(0.00926993838576775 -0.00191363447373893 -0.0005)
(0.0102966406000418 -0.0020334155917693 -0.0005)
(0.0114005013645249 -0.00215400359143923 -0.0005)
(0.0125873698770065 -0.00227417291653034 -0.0005)
(0.0138634970724878 -0.00239239809664844 -0.0005)
(0.015235544984756 -0.00250679932605082 -0.0005)
(0.0167105898001828 -0.00261508016077691 -0.0005)
(0.0182961162043494 -0.00271445679888348 -0.0005)
(0.02 -0.00280157864795329 -0.0005)
(0.00437971897058869 -0.00147750828079217 -0.0005)
(0.00504512265044758 -0.00159730334349509 -0.0005)
(0.0057605199747494 -0.00172196840941725 -0.0005)
(0.00652979308561453 -0.0018512512695006 -0.0005)
(0.00735712804131877 -0.00198478092686384 -0.0005)
(0.00824703520150166 -0.00212204209536703 -0.0005)
(0.0092043695296502 -0.00226234512875608 -0.0005)
(0.0102343502460505 -0.00240479068297626 -0.0005)
(0.011342579062238 -0.0025482283475801 -0.0005)
(0.0125350559710569 -0.002691208426822 -0.0005)
(0.0138181912426529 -0.00283192601758401 -0.0005)
(0.0151988118722775 -0.00296815653503378 -0.0005)
(0.0166841602255011 -0.00309718189966697 -0.0005)
(0.0182818820144657 -0.0032157067516071 -0.0005)
(0.02 -0.00331976434168186 -0.0005)
(0.00429704442760628 -0.0017044881449343 -0.0005)
(0.00496220951181825 -0.00184402671524985 -0.0005)
(0.00567783296618399 -0.00198925208221159 -0.0005)
(0.00644788620642948 -0.00213987382185991 -0.0005)
(0.00727665564882735 -0.0022954637798903 -0.0005)
(0.0081687637043529 -0.00245542647964383 -0.0005)
(0.00912918948819057 -0.0026189642264402 -0.0005)
(0.0101632885732799 -0.00278503609871092 -0.0005)
(0.0112768108809667 -0.00295230993900656 -0.0005)
(0.0124759155025662 -0.00311910639372204 -0.0005)
(0.0137671808686957 -0.00328333401156055 -0.0005)
(0.0151576082125686 -0.00344241441512205 -0.0005)
(0.0166546156914487 -0.00359319663285417 -0.0005)
(0.0182660198187257 -0.00373185985531671 -0.0005)
(0.02 -0.00385380420899276 -0.0005)
(0.00420028447219471 -0.00193347031945296 -0.0005)
(0.00486571381081804 -0.00209357464250364 -0.0005)
(0.00558211649768123 -0.00226022295687537 -0.0005)
(0.00635355849869775 -0.00243308654303946 -0.0005)
(0.00718443238362959 -0.00261167950593147 -0.0005)
(0.00807947896052052 -0.00279532497264513 -0.0005)
(0.00904380841827361 -0.00298311523015065 -0.0005)
(0.0100829201984251 -0.00317386487795992 -0.0005)
(0.0112027205470608 -0.0033660559822312 -0.0005)
(0.0124095363549371 -0.0035577741444095 -0.0005)
(0.0137101234621272 -0.00374663435313659 -0.0005)
(0.0151116670646182 -0.00392969549316105 -0.0005)
(0.0166217711940746 -0.0041033624682416 -0.0005)
(0.0182484334274354 -0.00426327509699592 -0.0005)
(0.02 -0.00440418331696332 -0.0005)
(0.0040886132787813 -0.00216351060413373 -0.0005)
(0.00475484253903599 -0.00234507246933557 -0.0005)
(0.00547261314679267 -0.00253408029312037 -0.0005)
(0.0062460911431456 -0.00273016719870877 -0.0005)
(0.00707978131726963 -0.00293278918618834 -0.0005)
(0.00797854951385255 -0.00314118699763034 -0.0005)
(0.00894764423605367 -0.00335434114323442 -0.0005)
(0.00999271665417556 -0.00357091904438625 -0.0005)
(0.011119837824599 -0.00378921314970186 -0.0005)
(0.012335511535687 -0.00400706879729054 -0.0005)
(0.0136466807091688 -0.00422180054640162 -0.0005)
(0.0150607246762954 -0.00443009570726881 -0.0005)
(0.0165854438950731 -0.00462790389196205 -0.0005)
(0.0182290277543756 -0.00481031163703663 -0.0005)
(0.02 -0.00497140157356237 -0.0005)
(0.00396122990719603 -0.00239352937769246 -0.0005)
(0.00462882636350662 -0.00259751694950921 -0.0005)
(0.00534858788488671 -0.00280990205703195 -0.0005)
(0.00612478635757041 -0.00303028005369893 -0.0005)
(0.00696204512294756 -0.0032580487217396 -0.0005)
(0.00786536199209711 -0.0034923656799144 -0.0005)
(0.00884013133767775 -0.00373209814999998 -0.0005)
(0.00989216425917337 -0.00397576391526439 -0.0005)
(0.0110277054752394 -0.00422146219263802 -0.0005)
(0.0122534451627243 -0.00446679304771338 -0.0005)
(0.0135765234155656 -0.00470876392576375 -0.0005)
(0.0150045243150753 -0.00494368187829483 -0.0005)
(0.0165454557607166 -0.00516703016970533 -0.0005)
(0.0182077101807798 -0.00537332820343232 -0.0005)
(0.02 -0.00555597418171535 -0.0005)
(0.0038173733328737 -0.00262230239946112 -0.0005)
(0.00448693398997962 -0.00284976748030925 -0.0005)
(0.0052093417267999 -0.00308663661707466 -0.0005)
(0.00598898028293933 -0.00333246806223153 -0.0005)
(0.00683059814465791 -0.00358660155221432 -0.0005)
(0.00773933230195847 -0.00384811113050666 -0.0005)
(0.00872073085916374 -0.00411574950329027 -0.0005)
(0.00978077337736615 -0.00438788263455041 -0.0005)
(0.0109258874471526 -0.00466241316391369 -0.0005)
(0.0121629595080945 -0.00493669112789541 -0.0005)
(0.0134993373251631 -0.00520741040323873 -0.0005)
(0.0149428207758728 -0.00547048929805191 -0.0005)
(0.0165016366673803 -0.00572093383291973 -0.0005)
(0.0181843921605512 -0.00595268253661131 -0.0005)
(0.02 -0.00615843210726187 -0.0005)
(0.00365633994670009 -0.00284845225549134 -0.0005)
(0.00432848888670409 -0.00310053795314521 -0.0005)
(0.00505422762417789 -0.00336309502724575 -0.0005)
(0.00583805798811552 -0.00363564561356641 -0.0005)
(0.0066848604510761 -0.00391747189589177 -0.0005)
(0.00759991866558289 -0.00420756421475976 -0.0005)
(0.00858894262428643 -0.00450455985804747 -0.0005)
(0.00965808920113194 -0.00480667111013658 -0.0005)
(0.0108139784119119 -0.00511160100032506 -0.0005)
(0.0120637032014763 -0.00541644507822525 -0.0005)
(0.0134148298967611 -0.00571757747565982 -0.0005)
(0.0148753856314818 -0.00601051952231783 -0.0005)
(0.0164538280187955 -0.00628978931066458 -0.0005)
(0.0181589910900567 -0.00654873091654195 -0.0005)
(0.02 -0.00677932256123066 -0.0005)
(0.0034775037350197 -0.00307044080415444 -0.0005)
(0.00415288856994813 -0.00334838956035012 -0.0005)
(0.00488266879377394 -0.0036379442200477 -0.0005)
(0.00567147077382419 -0.00393859213779773 -0.0005)
(0.00652431404339719 -0.00424955879674919 -0.0005)
(0.00744663665546549 -0.00456975107098295 -0.0005)
(0.0084443189243881 -0.00489769029380422 -0.0005)
(0.00952370418809362 -0.00523143357464816 -0.0005)
(0.0106916147642734 -0.00556848165835773 -0.0005)
(0.0119553606923189 -0.00590567149702739 -0.0005)
(0.0133227381209601 -0.00623905162995794 -0.0005)
(0.0148020132889431 -0.00656373847577284 -0.0005)
(0.0164018869186713 -0.00687375178110491 -0.0005)
(0.0181314324650602 -0.00716182781058014 -0.0005)
(0.02 -0.00741920949686994 -0.0005)
(0.00328033933381328 -0.00328656304811671 -0.0005)
(0.003959626636694 -0.00359172496623303 -0.0005)
(0.00469417965697257 -0.00390970149718865 -0.0005)
(0.00548875594230578 -0.00423994693813431 -0.0005)
(0.00634852137306107 -0.00458163132169531 -0.0005)
(0.00727907637245688 -0.00493357869752723 -0.0005)
(0.00828648026274222 -0.00529419431813045 -0.0005)
(0.00937727227135162 -0.00566137903346269 -0.0005)
(0.0105584871907643 -0.00603242903678087 -0.0005)
(0.0118376630617511 -0.00640391896961837 -0.0005)
(0.0132228374523033 -0.00677156631254583 -0.0005)
(0.0147225279102007 -0.0071300749976511 -0.0005)
(0.0163456909388979 -0.00747295633153774 -0.0005)
(0.0181016523455896 -0.00779232568823965 -0.0005)
(0.02 -0.0080786741218848 -0.0005)
(0.0030644481226776 -0.00349494293946988 -0.0005)
(0.00374831770282601 -0.00382878432681893 -0.0005)
(0.00448838954102344 -0.00417673077851934 -0.0005)
(0.0052895591747571 -0.00453820568455658 -0.0005)
(0.00615714630248865 -0.00491232531545596 -0.0005)
(0.00709692189038454 -0.00529783198644483 -0.0005)
(0.00811513317669778 -0.00569301519769959 -0.0005)
(0.0092185249453487 -0.00609561891295471 -0.0005)
(0.0104143548975029 -0.00650273296303165 -0.0005)
(0.0117104002620639 -0.00691066641503117 -0.0005)
(0.0131149519210001 -0.00731480065986885 -0.0005)
(0.0146367912468655 -0.00770941998093495 -0.0005)
(0.0162851435176662 -0.00808751753241794 -0.0005)
(0.0180696001464881 -0.00844057505764425 -0.0005)
(0.02 -0.00875831542634667 -0.0005)
(0.00282958748098572 -0.00369353171239172 -0.0005)
(0.0035187253637831 -0.00405764372643815 -0.0005)
(0.00426506925317045 -0.00443724114930359 -0.0005)
(0.00507365962154947 -0.00483171907889978 -0.0005)
(0.00594997760718521 -0.00524014219099105 -0.0005)
(0.00689997305854452 -0.00566117264715852 -0.0005)
(0.00793009022125813 -0.00609298502353188 -0.0005)
(0.00904728930288291 -0.00653316627603995 -0.0005)
(0.010259061564052 -0.00697859856819047 -0.0005)
(0.0115734348412436 -0.00742532262994718 -0.0005)
(0.012998965471726 -0.00786837922120181 -0.0005)
(0.0145447114258909 -0.00830162628428622 -0.0005)
(0.016220180012864 -0.00871752954902547 -0.0005)
(0.0180352417667621 -0.00910692478782471 -0.0005)
(0.02 -0.00945875072675452 -0.0005)
(0.00257570326700952 -0.003880109432069 -0.0005)
(0.00327079323577139 -0.00427621668952048 -0.0005)
(0.00402416058289463 -0.00468928833165446 -0.0005)
(0.00484099775736369 -0.00511869428237401 -0.0005)
(0.00572695506805525 -0.00556345030917146 -0.0005)
(0.00668816970737955 -0.00602214053395333 -0.0005)
(0.00773129215563384 -0.00649282598149116 -0.0005)
(0.00886350806076568 -0.00697293703033945 -0.0005)
(0.0100925530564794 -0.00745914742687769 -0.0005)
(0.0114267171810927 -0.00794722735371516 -0.0005)
(0.0128748345530774 -0.00843187294141342 -0.0005)
(0.0144462527044337 -0.00890650962430954 -0.0005)
(0.0161507744233423 -0.00936306693399295 -0.0005)
(0.017998563064238 -0.00979172279115291 -0.0005)
(0.02 -0.0101806162267419 -0.0005)
(0.00230296549693162 -0.00405229054811302 -0.0005)
(0.00300467905547826 -0.00448225952105499 -0.0005)
(0.00376580871129987 -0.00493077979637124 -0.0005)
(0.00459170598143519 -0.00539719978190116 -0.0005)
(0.00548819813536882 -0.00588048958142497 -0.0005)
(0.00646161824011965 -0.00637915796531366 -0.0005)
(0.00751883231697678 -0.00689115436714385 -0.0005)
(0.00866726155986504 -0.0074137536157019 -0.0005)
(0.00991489688700347 -0.00794342089273965 -0.0005)
(0.0112703022380809 -0.00847565422509206 -0.0005)
(0.012742601948707 -0.00900480171005778 -0.0005)
(0.0143414461869421 -0.00952385068568962 -0.0005)
(0.0160769467732542 -0.0100241862645546 -0.0005)
(0.0179595736730452 -0.0104953171508864 -0.0005)
(0.02 -0.010924567594939 -0.0005)
(0.00201180709021897 -0.0042075343428156 -0.0005)
(0.00272079171065153 -0.00467338132678751 -0.0005)
(0.00349039740631215 -0.00515948432419874 -0.0005)
(0.0043261418483334 -0.00566517445926808 -0.0005)
(0.00523403705703504 -0.00618938001114766 -0.0005)
(0.00622062051078338 -0.00673053769929398 -0.0005)
(0.00729298308998353 -0.00728648795391376 -0.0005)
(0.0084587916570985 -0.0078543517208591 -0.0005)
(0.00972630334729566 -0.00843038611595996 -0.0005)
(0.0111043677241707 -0.00900981604932721 -0.0005)
(0.0126024117982807 -0.00958663882280855 -0.0005)
(0.0142304014642806 -0.0101533987174811 -0.0005)
(0.0159987711317688 -0.0107009288095644 -0.0005)
(0.0179183111496044 -0.0112180577897587 -0.0005)
(0.02 -0.0116912805605152 -0.0005)
(0.00170296540608254 -0.00434316126568195 -0.0005)
(0.00241983093841637 -0.00484705966085407 -0.0005)
(0.00319858675357208 -0.00537304691737902 -0.0005)
(0.00404492369308173 -0.00592044171383003 -0.0005)
(0.00496504624989933 -0.0064881349709367 -0.0005)
(0.00596570478322059 -0.00707449530450825 -0.0005)
(0.00705422428414184 -0.00767725739258657 -0.0005)
(0.00823852733945044 -0.00829339064138984 -0.0005)
(0.00952714816510729 -0.00891894528443794 -0.0005)
(0.0109292335982652 -0.00954887284171484 -0.0005)
(0.0124545257013682 -0.0101768177405071 -0.0005)
(0.0141133190920529 -0.0107948769142558 -0.0005)
(0.0159163842110722 -0.0113933244323053 -0.0005)
(0.0178748454176032 -0.0119602987864025 -0.0005)
(0.02 -0.0124814515269416 -0.0005)
(0.00137752611778295 -0.00445637624067596 -0.0005)
(0.0021028292580945 -0.00500066283935516 -0.0005)
(0.00289135301120369 -0.00556901004868339 -0.0005)
(0.00374896826173234 -0.00616072957101001 -0.0005)
(0.00468207954973078 -0.00677468008906587 -0.0005)
(0.00569765843315032 -0.00740916673717941 -0.0005)
(0.00680327310871819 -0.00806182238517587 -0.0005)
(0.0080071117802451 -0.00872946794981013 -0.0005)
(0.00931799643671552 -0.0094079486821577 -0.0005)
(0.0107453826553173 -0.0100919431583824 -0.0005)
(0.0122993397282861 -0.0107747415679889 -0.0005)
(0.0139905037717387 -0.0114479899094074 -0.0005)
(0.0158299944486647 -0.0121013969548207 -0.0005)
(0.0178292834633587 -0.0127224014565943 -0.0005)
(0.02 -0.013295798204533 -0.0005)
(0.0010369687524092 -0.0045443001147549 -0.0005)
(0.00177119549583157 -0.00513148003689149 -0.0005)
(0.00257002997754019 -0.00574484230974724 -0.0005)
(0.00343952977049722 -0.00638369777931822 -0.0005)
(0.00438630679942506 -0.00704687868465525 -0.0005)
(0.00541756189171619 -0.0077326319959571 -0.0005)
(0.00654111528576171 -0.00843849343232934 -0.0005)
(0.00776543042265324 -0.00916113919931489 -0.0005)
(0.00909962746802718 -0.00989621220313245 -0.0005)
(0.0105534818971793 -0.0106381192636843 -0.0005)
(0.0121374020768391 -0.0113797957067542 -0.0005)
(0.0138623780323313 -0.012112433732641 -0.0005)
(0.0157398914345332 -0.0128251712265473 -0.0005)
(0.0177817742094788 -0.0135047383251277 -0.0005)
(0.02 -0.0141350602623423 -0.0005)
(0.000683212958774815 -0.00460401047673918 -0.0005)
(0.0014267590050529 -0.00523676034088244 -0.0005)
(0.00223635102012699 -0.00589797557547332 -0.0005)
(0.00311823958918432 -0.00658697295050078 -0.0005)
(0.00407925102195142 -0.00730256473959596 -0.0005)
(0.00512682313145563 -0.00804294577131491 -0.0005)
(0.00626903666022874 -0.00880555999480313 -0.0005)
(0.00751463951185754 -0.00958694342002588 -0.0005)
(0.00887306001248935 -0.0103825399923357 -0.0005)
(0.010354404244781 -0.0111864867119915 -0.0005)
(0.0119694310110314 -0.0119913641590344 -0.0005)
(0.0137294961304329 -0.0127879086018799 -0.0005)
(0.0156464554888276 -0.01356468215258 -0.0005)
(0.0177325134663217 -0.0143076981206263 -0.0005)
(0.02 -0.015 -0.0005)
(0.00462653629854884 -0.000195900701808864 0.0005)
(0.00530206640723668 -0.000211355405612156 0.0005)
(0.00602570176658746 -0.000227433854590002 0.0005)
(0.00680088594592782 -0.000244102439046907 0.0005)
(0.00763130961679601 -0.000261312021383201 0.0005)
(0.00852092786581766 -0.000278994610228707 0.0005)
(0.0094739785321037 -0.000297059439046557 0.0005)
(0.0104950015684587 -0.000315388358335809 0.0005)
(0.0115888594045174 -0.000333830441875804 0.0005)
(0.0127607582619881 -0.000352195700245475 0.0005)
(0.0140162703359217 -0.00037024779049202 0.0005)
(0.0153613567095774 -0.000387695611311068 0.0005)
(0.0168023908120688 -0.000404183681273449 0.0005)
(0.018346182155521 -0.000419281217461753 0.0005)
(0.02 -0.000432469868828843 0.0005)
(0.00461100959757015 -0.000397418106111685 0.0005)
(0.00528397998680524 -0.000428817001281812 0.0005)
(0.006005276742142 -0.000461483646146313 0.0005)
(0.00677840616198757 -0.000495349876038843 0.0005)
(0.00760713006594831 -0.000530316001264855 0.0005)
(0.0084954835571654 -0.000566244054026505 0.0005)
(0.00944779363649885 -0.000602949826096539 0.0005)
(0.0104686985803379 -0.000640193512720308 0.0005)
(0.0115631679446983 -0.000677668760587973 0.0005)
(0.0127365229949704 -0.000714989903079107 0.0005)
(0.0139944572800291 -0.000751677157131125 0.0005)
(0.0153430569677784 -0.000787139557073478 0.0005)
(0.0167888204325922 -0.000820655417365757 0.0005)
(0.0183386764293629 -0.000851350156440911 0.0005)
(0.02 -0.000878171388883333 0.0005)
(0.00458629019604193 -0.000604292900749432 0.0005)
(0.0052570074004442 -0.000652159484956068 0.0005)
(0.00597630603499996 -0.000701960047009483 0.0005)
(0.00674775896649897 -0.000753590988038944 0.0005)
(0.00757520339512323 -0.000806900710153202 0.0005)
(0.00846275908957357 -0.000861679332187351 0.0005)
(0.0094148472967641 -0.000917646563763109 0.0005)
(0.0104362101477234 -0.000974437456631295 0.0005)
(0.0115319303034233 -0.00103158572540335 0.0005)
(0.0127074504845267 -0.00108850430748167 0.0005)
(0.0139685924026414 -0.00114446281851882 0.0005)
(0.0153215744520557 -0.00119856156124459 0.0005)
(0.0167730273240084 -0.00124970177077755 0.0005)
(0.0183300064639619 -0.00129655184086151 0.0005)
(0.02 -0.00133750938974069 0.0005)
(0.00455160734336348 -0.000816194449371008 0.0005)
(0.00522040888545308 -0.000881090069388332 0.0005)
(0.00593808343538499 -0.000948610341087709 0.0005)
(0.00670827449291096 -0.00101861543418468 0.0005)
(0.00753489911621905 -0.00109090056161738 0.0005)
(0.00842216665443373 -0.00116518205750858 0.0005)
(0.00937459797269425 -0.00124108096175685 0.0005)
(0.010397044898603 -0.00131810373076985 0.0005)
(0.0114947095112411 -0.00139561965748385 0.0005)
(0.0126731627566722 -0.0014728345536258 0.0005)
(0.0139383617003098 -0.00154876022892427 0.0005)
(0.0152966645091912 -0.0016221793040199 0.0005)
(0.0167548419878308 -0.0016916049280509 0.0005)
(0.0183200841612735 -0.00175523505491876 0.0005)
(0.02 -0.00181090108695958 0.0005)
(0.00450616491286732 -0.00103271260454845 0.0005)
(0.00517342033037793 -0.00111524067779326 0.0005)
(0.00588987949615463 -0.00120111102866176 0.0005)
(0.00665926084005557 -0.00129014689806452 0.0005)
(0.00748556600854473 -0.00138208912258565 0.0005)
(0.00837309912044017 -0.00147657846541102 0.0005)
(0.0093264863284357 -0.00157313478240791 0.0005)
(0.010350695319553 -0.00167113254037998 0.0005)
(0.0114510542495054 -0.00176977215835663 0.0005)
(0.0126332694299897 -0.00186804660445572 0.0005)
(0.0139034408657905 -0.00196470265769414 0.0005)
(0.0152680744607471 -0.00205819624671668 0.0005)
(0.0167340893675918 -0.0021466413208614 0.0005)
(0.0183088185354584 -0.00222775181437985 0.0005)
(0.02 -0.00229877646103596 0.0005)
(0.00444914603382233 -0.00125334905750161 0.0005)
(0.0051152576996859 -0.00135415969721426 0.0005)
(0.00583094573585406 -0.0014590600114836 0.0005)
(0.00660000803832028 -0.0015678357345499 0.0005)
(0.00742653583181738 -0.00168017225394984 0.0005)
(0.00831493347601616 -0.00179563308252247 0.0005)
(0.00926993838576775 -0.00191363447373893 0.0005)
(0.0102966406000418 -0.0020334155917693 0.0005)
(0.0114005013645249 -0.00215400359143923 0.0005)
(0.0125873698770065 -0.00227417291653034 0.0005)
(0.0138634970724878 -0.00239239809664844 0.0005)
(0.015235544984756 -0.00250679932605082 0.0005)
(0.0167105898001828 -0.00261508016077691 0.0005)
(0.0182961162043494 -0.00271445679888348 0.0005)
(0.02 -0.00280157864795329 0.0005)
(0.00437971897058869 -0.00147750828079217 0.0005)
(0.00504512265044758 -0.00159730334349509 0.0005)
(0.0057605199747494 -0.00172196840941725 0.0005)
(0.00652979308561453 -0.0018512512695006 0.0005)
(0.00735712804131877 -0.00198478092686384 0.0005)
(0.00824703520150166 -0.00212204209536704 0.0005)
(0.0092043695296502 -0.00226234512875608 0.0005)
(0.0102343502460505 -0.00240479068297626 0.0005)
(0.0113425790622379 -0.0025482283475801 0.0005)
(0.0125350559710569 -0.002691208426822 0.0005)
(0.0138181912426529 -0.00283192601758401 0.0005)
(0.0151988118722775 -0.00296815653503378 0.0005)
(0.0166841602255011 -0.00309718189966697 0.0005)
(0.0182818820144657 -0.0032157067516071 0.0005)
(0.02 -0.00331976434168186 0.0005)
(0.00429704442760628 -0.0017044881449343 0.0005)
(0.00496220951181825 -0.00184402671524985 0.0005)
(0.00567783296618399 -0.00198925208221159 0.0005)
(0.00644788620642948 -0.00213987382185991 0.0005)
(0.00727665564882735 -0.0022954637798903 0.0005)
(0.0081687637043529 -0.00245542647964383 0.0005)
(0.00912918948819057 -0.0026189642264402 0.0005)
(0.0101632885732799 -0.00278503609871092 0.0005)
(0.0112768108809667 -0.00295230993900656 0.0005)
(0.0124759155025662 -0.00311910639372204 0.0005)
(0.0137671808686957 -0.00328333401156055 0.0005)
(0.0151576082125686 -0.00344241441512205 0.0005)
(0.0166546156914487 -0.00359319663285417 0.0005)
(0.0182660198187257 -0.00373185985531671 0.0005)
(0.02 -0.00385380420899276 0.0005)
(0.00420028447219471 -0.00193347031945296 0.0005)
(0.00486571381081804 -0.00209357464250364 0.0005)
(0.00558211649768123 -0.00226022295687537 0.0005)
(0.00635355849869775 -0.00243308654303946 0.0005)
(0.00718443238362959 -0.00261167950593147 0.0005)
(0.00807947896052052 -0.00279532497264513 0.0005)
(0.00904380841827361 -0.00298311523015065 0.0005)
(0.0100829201984251 -0.00317386487795992 0.0005)
(0.0112027205470608 -0.0033660559822312 0.0005)
(0.0124095363549371 -0.0035577741444095 0.0005)
(0.0137101234621272 -0.00374663435313659 0.0005)
(0.0151116670646182 -0.00392969549316105 0.0005)
(0.0166217711940746 -0.0041033624682416 0.0005)
(0.0182484334274354 -0.00426327509699592 0.0005)
(0.02 -0.00440418331696332 0.0005)
(0.0040886132787813 -0.00216351060413373 0.0005)
(0.00475484253903599 -0.00234507246933557 0.0005)
(0.00547261314679267 -0.00253408029312037 0.0005)
(0.0062460911431456 -0.00273016719870877 0.0005)
(0.00707978131726963 -0.00293278918618834 0.0005)
(0.00797854951385255 -0.00314118699763034 0.0005)
(0.00894764423605367 -0.00335434114323442 0.0005)
(0.00999271665417556 -0.00357091904438625 0.0005)
(0.011119837824599 -0.00378921314970186 0.0005)
(0.012335511535687 -0.00400706879729054 0.0005)
(0.0136466807091688 -0.00422180054640162 0.0005)
(0.0150607246762954 -0.00443009570726881 0.0005)
(0.0165854438950731 -0.00462790389196205 0.0005)
(0.0182290277543756 -0.00481031163703663 0.0005)
(0.02 -0.00497140157356237 0.0005)
(0.00396122990719603 -0.00239352937769246 0.0005)
(0.00462882636350662 -0.00259751694950921 0.0005)
(0.00534858788488671 -0.00280990205703195 0.0005)
(0.00612478635757041 -0.00303028005369893 0.0005)
(0.00696204512294756 -0.0032580487217396 0.0005)
(0.00786536199209711 -0.0034923656799144 0.0005)
(0.00884013133767775 -0.00373209814999998 0.0005)
(0.00989216425917337 -0.00397576391526439 0.0005)
(0.0110277054752394 -0.00422146219263802 0.0005)
(0.0122534451627243 -0.00446679304771338 0.0005)
(0.0135765234155656 -0.00470876392576375 0.0005)
(0.0150045243150753 -0.00494368187829483 0.0005)
(0.0165454557607166 -0.00516703016970533 0.0005)
(0.0182077101807798 -0.00537332820343232 0.0005)
(0.02 -0.00555597418171535 0.0005)
(0.0038173733328737 -0.00262230239946112 0.0005)
(0.00448693398997962 -0.00284976748030925 0.0005)
(0.0052093417267999 -0.00308663661707466 0.0005)
(0.00598898028293933 -0.00333246806223153 0.0005)
(0.00683059814465791 -0.00358660155221432 0.0005)
(0.00773933230195847 -0.00384811113050666 0.0005)
(0.00872073085916374 -0.00411574950329027 0.0005)
(0.00978077337736615 -0.00438788263455041 0.0005)
(0.0109258874471526 -0.00466241316391369 0.0005)
(0.0121629595080945 -0.00493669112789541 0.0005)
(0.0134993373251631 -0.00520741040323873 0.0005)
(0.0149428207758728 -0.00547048929805191 0.0005)
(0.0165016366673803 -0.00572093383291973 0.0005)
(0.0181843921605512 -0.00595268253661131 0.0005)
(0.02 -0.00615843210726187 0.0005)
(0.00365633994670009 -0.00284845225549134 0.0005)
(0.00432848888670409 -0.00310053795314521 0.0005)
(0.00505422762417789 -0.00336309502724575 0.0005)
(0.00583805798811553 -0.00363564561356641 0.0005)
(0.0066848604510761 -0.00391747189589176 0.0005)
(0.00759991866558289 -0.00420756421475976 0.0005)
(0.00858894262428643 -0.00450455985804748 0.0005)
(0.00965808920113194 -0.00480667111013658 0.0005)
(0.0108139784119119 -0.00511160100032506 0.0005)
(0.0120637032014763 -0.00541644507822525 0.0005)
(0.0134148298967611 -0.00571757747565982 0.0005)
(0.0148753856314818 -0.00601051952231783 0.0005)
(0.0164538280187955 -0.00628978931066459 0.0005)
(0.0181589910900567 -0.00654873091654195 0.0005)
(0.02 -0.00677932256123066 0.0005)
(0.0034775037350197 -0.00307044080415444 0.0005)
(0.00415288856994813 -0.00334838956035012 0.0005)
(0.00488266879377394 -0.0036379442200477 0.0005)
(0.00567147077382419 -0.00393859213779773 0.0005)
(0.00652431404339719 -0.00424955879674919 0.0005)
(0.00744663665546549 -0.00456975107098295 0.0005)
(0.0084443189243881 -0.00489769029380422 0.0005)
(0.00952370418809362 -0.00523143357464816 0.0005)
(0.0106916147642734 -0.00556848165835773 0.0005)
(0.0119553606923189 -0.00590567149702739 0.0005)
(0.0133227381209601 -0.00623905162995794 0.0005)
(0.0148020132889431 -0.00656373847577284 0.0005)
(0.0164018869186713 -0.00687375178110491 0.0005)
(0.0181314324650602 -0.00716182781058014 0.0005)
(0.02 -0.00741920949686994 0.0005)
(0.00328033933381328 -0.0032865630481167 0.0005)
(0.003959626636694 -0.00359172496623303 0.0005)
(0.00469417965697257 -0.00390970149718865 0.0005)
(0.00548875594230578 -0.00423994693813431 0.0005)
(0.00634852137306107 -0.00458163132169531 0.0005)
(0.00727907637245688 -0.00493357869752723 0.0005)
(0.00828648026274222 -0.00529419431813045 0.0005)
(0.00937727227135162 -0.00566137903346269 0.0005)
(0.0105584871907643 -0.00603242903678087 0.0005)
(0.0118376630617511 -0.00640391896961837 0.0005)
(0.0132228374523033 -0.00677156631254583 0.0005)
(0.0147225279102007 -0.0071300749976511 0.0005)
(0.0163456909388979 -0.00747295633153774 0.0005)
(0.0181016523455896 -0.00779232568823965 0.0005)
(0.02 -0.0080786741218848 0.0005)
(0.0030644481226776 -0.00349494293946988 0.0005)
(0.00374831770282601 -0.00382878432681893 0.0005)
(0.00448838954102344 -0.00417673077851934 0.0005)
(0.0052895591747571 -0.00453820568455658 0.0005)
(0.00615714630248865 -0.00491232531545596 0.0005)
(0.00709692189038454 -0.00529783198644483 0.0005)
(0.00811513317669778 -0.00569301519769959 0.0005)
(0.0092185249453487 -0.00609561891295471 0.0005)
(0.0104143548975029 -0.00650273296303165 0.0005)
(0.0117104002620639 -0.00691066641503117 0.0005)
(0.0131149519210001 -0.00731480065986884 0.0005)
(0.0146367912468655 -0.00770941998093495 0.0005)
(0.0162851435176662 -0.00808751753241794 0.0005)
(0.0180696001464881 -0.00844057505764425 0.0005)
(0.02 -0.00875831542634667 0.0005)
(0.00282958748098572 -0.00369353171239172 0.0005)
(0.0035187253637831 -0.00405764372643815 0.0005)
(0.00426506925317045 -0.00443724114930359 0.0005)
(0.00507365962154947 -0.00483171907889978 0.0005)
(0.00594997760718521 -0.00524014219099105 0.0005)
(0.00689997305854452 -0.00566117264715852 0.0005)
(0.00793009022125813 -0.00609298502353188 0.0005)
(0.00904728930288291 -0.00653316627603995 0.0005)
(0.010259061564052 -0.00697859856819047 0.0005)
(0.0115734348412436 -0.00742532262994718 0.0005)
(0.012998965471726 -0.00786837922120181 0.0005)
(0.0145447114258909 -0.00830162628428622 0.0005)
(0.016220180012864 -0.00871752954902547 0.0005)
(0.0180352417667621 -0.00910692478782471 0.0005)
(0.02 -0.00945875072675452 0.0005)
(0.00257570326700952 -0.003880109432069 0.0005)
(0.00327079323577139 -0.00427621668952048 0.0005)
(0.00402416058289463 -0.00468928833165446 0.0005)
(0.00484099775736369 -0.00511869428237401 0.0005)
(0.00572695506805525 -0.00556345030917146 0.0005)
(0.00668816970737955 -0.00602214053395333 0.0005)
(0.00773129215563384 -0.00649282598149116 0.0005)
(0.00886350806076568 -0.00697293703033945 0.0005)
(0.0100925530564794 -0.00745914742687769 0.0005)
(0.0114267171810927 -0.00794722735371516 0.0005)
(0.0128748345530774 -0.00843187294141342 0.0005)
(0.0144462527044337 -0.00890650962430954 0.0005)
(0.0161507744233423 -0.00936306693399295 0.0005)
(0.017998563064238 -0.00979172279115291 0.0005)
(0.02 -0.0101806162267419 0.0005)
(0.00230296549693162 -0.00405229054811302 0.0005)
(0.00300467905547826 -0.00448225952105499 0.0005)
(0.00376580871129987 -0.00493077979637124 0.0005)
(0.00459170598143519 -0.00539719978190116 0.0005)
(0.00548819813536882 -0.00588048958142497 0.0005)
(0.00646161824011965 -0.00637915796531366 0.0005)
(0.00751883231697678 -0.00689115436714385 0.0005)
(0.00866726155986504 -0.0074137536157019 0.0005)
(0.00991489688700347 -0.00794342089273965 0.0005)
(0.0112703022380809 -0.00847565422509206 0.0005)
(0.012742601948707 -0.00900480171005778 0.0005)
(0.0143414461869421 -0.00952385068568961 0.0005)
(0.0160769467732542 -0.0100241862645546 0.0005)
(0.0179595736730452 -0.0104953171508864 0.0005)
(0.02 -0.010924567594939 0.0005)
(0.00201180709021897 -0.0042075343428156 0.0005)
(0.00272079171065153 -0.00467338132678751 0.0005)
(0.00349039740631215 -0.00515948432419874 0.0005)
(0.0043261418483334 -0.00566517445926808 0.0005)
(0.00523403705703504 -0.00618938001114766 0.0005)
(0.00622062051078338 -0.00673053769929398 0.0005)
(0.00729298308998353 -0.00728648795391376 0.0005)
(0.0084587916570985 -0.0078543517208591 0.0005)
(0.00972630334729566 -0.00843038611595996 0.0005)
(0.0111043677241707 -0.00900981604932721 0.0005)
(0.0126024117982807 -0.00958663882280855 0.0005)
(0.0142304014642806 -0.0101533987174811 0.0005)
(0.0159987711317688 -0.0107009288095644 0.0005)
(0.0179183111496044 -0.0112180577897587 0.0005)
(0.02 -0.0116912805605152 0.0005)
(0.00170296540608254 -0.00434316126568195 0.0005)
(0.00241983093841637 -0.00484705966085407 0.0005)
(0.00319858675357208 -0.00537304691737902 0.0005)
(0.00404492369308173 -0.00592044171383003 0.0005)
(0.00496504624989933 -0.0064881349709367 0.0005)
(0.00596570478322059 -0.00707449530450825 0.0005)
(0.00705422428414184 -0.00767725739258657 0.0005)
(0.00823852733945044 -0.00829339064138984 0.0005)
(0.00952714816510729 -0.00891894528443794 0.0005)
(0.0109292335982652 -0.00954887284171484 0.0005)
(0.0124545257013682 -0.0101768177405071 0.0005)
(0.0141133190920529 -0.0107948769142558 0.0005)
(0.0159163842110722 -0.0113933244323053 0.0005)
(0.0178748454176032 -0.0119602987864025 0.0005)
(0.02 -0.0124814515269416 0.0005)
(0.00137752611778295 -0.00445637624067596 0.0005)
(0.0021028292580945 -0.00500066283935516 0.0005)
(0.00289135301120369 -0.00556901004868339 0.0005)
(0.00374896826173234 -0.00616072957101001 0.0005)
(0.00468207954973078 -0.00677468008906587 0.0005)
(0.00569765843315032 -0.00740916673717941 0.0005)
(0.00680327310871819 -0.00806182238517587 0.0005)
(0.0080071117802451 -0.00872946794981013 0.0005)
(0.00931799643671552 -0.00940794868215769 0.0005)
(0.0107453826553173 -0.0100919431583824 0.0005)
(0.0122993397282861 -0.0107747415679889 0.0005)
(0.0139905037717387 -0.0114479899094074 0.0005)
(0.0158299944486647 -0.0121013969548207 0.0005)
(0.0178292834633587 -0.0127224014565943 0.0005)
(0.02 -0.013295798204533 0.0005)
(0.0010369687524092 -0.0045443001147549 0.0005)
(0.00177119549583157 -0.00513148003689149 0.0005)
(0.00257002997754019 -0.00574484230974724 0.0005)
(0.00343952977049722 -0.00638369777931822 0.0005)
(0.00438630679942506 -0.00704687868465525 0.0005)
(0.00541756189171619 -0.0077326319959571 0.0005)
(0.00654111528576171 -0.00843849343232934 0.0005)
(0.00776543042265324 -0.00916113919931489 0.0005)
(0.00909962746802718 -0.00989621220313245 0.0005)
(0.0105534818971793 -0.0106381192636843 0.0005)
(0.0121374020768391 -0.0113797957067542 0.0005)
(0.0138623780323313 -0.012112433732641 0.0005)
(0.0157398914345332 -0.0128251712265473 0.0005)
(0.0177817742094788 -0.0135047383251277 0.0005)
(0.02 -0.0141350602623423 0.0005)
(0.000683212958774815 -0.00460401047673918 0.0005)
(0.0014267590050529 -0.00523676034088244 0.0005)
(0.00223635102012699 -0.00589797557547332 0.0005)
(0.00311823958918432 -0.00658697295050078 0.0005)
(0.00407925102195142 -0.00730256473959597 0.0005)
(0.00512682313145563 -0.00804294577131491 0.0005)
(0.00626903666022874 -0.00880555999480313 0.0005)
(0.00751463951185754 -0.00958694342002588 0.0005)
(0.00887306001248935 -0.0103825399923357 0.0005)
(0.010354404244781 -0.0111864867119915 0.0005)
(0.0119694310110314 -0.0119913641590344 0.0005)
(0.0137294961304329 -0.0127879086018799 0.0005)
(0.0156464554888276 -0.01356468215258 0.0005)
(0.0177325134663217 -0.0143076981206263 0.0005)
(0.02 -0.015 0.0005)
(0.0218770065428153 -0.000432469868828843 -0.0005)
(0.0240102873134142 -0.000432469868828843 -0.0005)
(0.0264348323229276 -0.000432469868828843 -0.0005)
(0.029190408890332 -0.000432469868828843 -0.0005)
(0.032322213904895 -0.000432469868828843 -0.0005)
(0.0358816151442809 -0.000432469868828843 -0.0005)
(0.0399269938073936 -0.000432469868828843 -0.0005)
(0.0445247020811566 -0.000432469868828843 -0.0005)
(0.0497501514472152 -0.000432469868828843 -0.0005)
(0.0556890495789345 -0.000432469868828843 -0.0005)
(0.0624388061162451 -0.000432469868828843 -0.0005)
(0.0701101303758141 -0.000432469868828843 -0.0005)
(0.0788288472021398 -0.000432469868828843 -0.0005)
(0.0887379607431082 -0.000432469868828843 -0.0005)
(0.1 -0.000432469868828843 -0.0005)
(0.0218770065428153 -0.000878171388883333 -0.0005)
(0.0240102873134142 -0.000878171388883333 -0.0005)
(0.0264348323229276 -0.000878171388883333 -0.0005)
(0.029190408890332 -0.000878171388883333 -0.0005)
(0.032322213904895 -0.000878171388883333 -0.0005)
(0.0358816151442809 -0.000878171388883333 -0.0005)
(0.0399269938073936 -0.000878171388883333 -0.0005)
(0.0445247020811566 -0.000878171388883333 -0.0005)
(0.0497501514472152 -0.000878171388883333 -0.0005)
(0.0556890495789345 -0.000878171388883333 -0.0005)
(0.0624388061162451 -0.000878171388883333 -0.0005)
(0.0701101303758141 -0.000878171388883333 -0.0005)
(0.0788288472021398 -0.000878171388883333 -0.0005)
(0.0887379607431081 -0.000878171388883333 -0.0005)
(0.1 -0.000878171388883333 -0.0005)
(0.0218770065428153 -0.00133750938974069 -0.0005)
(0.0240102873134142 -0.00133750938974069 -0.0005)
(0.0264348323229276 -0.00133750938974069 -0.0005)
(0.029190408890332 -0.00133750938974069 -0.0005)
(0.032322213904895 -0.00133750938974069 -0.0005)
(0.035881615144281 -0.00133750938974069 -0.0005)
(0.0399269938073936 -0.00133750938974069 -0.0005)
(0.0445247020811566 -0.00133750938974069 -0.0005)
(0.0497501514472152 -0.00133750938974069 -0.0005)
(0.0556890495789345 -0.00133750938974069 -0.0005)
(0.0624388061162451 -0.00133750938974069 -0.0005)
(0.0701101303758141 -0.00133750938974069 -0.0005)
(0.0788288472021398 -0.00133750938974069 -0.0005)
(0.0887379607431082 -0.00133750938974069 -0.0005)
(0.1 -0.00133750938974069 -0.0005)
(0.0218770065428153 -0.00181090108695958 -0.0005)
(0.0240102873134142 -0.00181090108695958 -0.0005)
(0.0264348323229276 -0.00181090108695958 -0.0005)
(0.029190408890332 -0.00181090108695958 -0.0005)
(0.032322213904895 -0.00181090108695958 -0.0005)
(0.0358816151442809 -0.00181090108695958 -0.0005)
(0.0399269938073936 -0.00181090108695958 -0.0005)
(0.0445247020811566 -0.00181090108695958 -0.0005)
(0.0497501514472152 -0.00181090108695958 -0.0005)
(0.0556890495789345 -0.00181090108695958 -0.0005)
(0.0624388061162451 -0.00181090108695958 -0.0005)
(0.0701101303758141 -0.00181090108695958 -0.0005)
(0.0788288472021398 -0.00181090108695958 -0.0005)
(0.0887379607431082 -0.00181090108695958 -0.0005)
(0.1 -0.00181090108695958 -0.0005)
(0.0218770065428153 -0.00229877646103596 -0.0005)
(0.0240102873134142 -0.00229877646103596 -0.0005)
(0.0264348323229276 -0.00229877646103596 -0.0005)
(0.029190408890332 -0.00229877646103596 -0.0005)
(0.032322213904895 -0.00229877646103596 -0.0005)
(0.0358816151442809 -0.00229877646103596 -0.0005)
(0.0399269938073936 -0.00229877646103596 -0.0005)
(0.0445247020811566 -0.00229877646103596 -0.0005)
(0.0497501514472152 -0.00229877646103596 -0.0005)
(0.0556890495789345 -0.00229877646103596 -0.0005)
(0.0624388061162451 -0.00229877646103596 -0.0005)
(0.0701101303758141 -0.00229877646103596 -0.0005)
(0.0788288472021398 -0.00229877646103596 -0.0005)
(0.0887379607431082 -0.00229877646103596 -0.0005)
(0.1 -0.00229877646103596 -0.0005)
(0.0218770065428153 -0.00280157864795329 -0.0005)
(0.0240102873134142 -0.00280157864795329 -0.0005)
(0.0264348323229276 -0.00280157864795329 -0.0005)
(0.029190408890332 -0.00280157864795329 -0.0005)
(0.032322213904895 -0.00280157864795329 -0.0005)
(0.0358816151442809 -0.00280157864795329 -0.0005)
(0.0399269938073936 -0.00280157864795329 -0.0005)
(0.0445247020811566 -0.00280157864795329 -0.0005)
(0.0497501514472152 -0.00280157864795329 -0.0005)
(0.0556890495789345 -0.00280157864795329 -0.0005)
(0.0624388061162451 -0.00280157864795329 -0.0005)
(0.0701101303758141 -0.00280157864795329 -0.0005)
(0.0788288472021398 -0.00280157864795329 -0.0005)
(0.0887379607431082 -0.00280157864795329 -0.0005)
(0.1 -0.00280157864795329 -0.0005)
(0.0218770065428153 -0.00331976434168186 -0.0005)
(0.0240102873134142 -0.00331976434168186 -0.0005)
(0.0264348323229276 -0.00331976434168186 -0.0005)
(0.029190408890332 -0.00331976434168186 -0.0005)
(0.032322213904895 -0.00331976434168186 -0.0005)
(0.0358816151442809 -0.00331976434168186 -0.0005)
(0.0399269938073936 -0.00331976434168186 -0.0005)
(0.0445247020811566 -0.00331976434168186 -0.0005)
(0.0497501514472152 -0.00331976434168186 -0.0005)
(0.0556890495789345 -0.00331976434168186 -0.0005)
(0.0624388061162451 -0.00331976434168186 -0.0005)
(0.0701101303758141 -0.00331976434168186 -0.0005)
(0.0788288472021398 -0.00331976434168186 -0.0005)
(0.0887379607431082 -0.00331976434168186 -0.0005)
(0.1 -0.00331976434168186 -0.0005)
(0.0218770065428153 -0.00385380420899276 -0.0005)
(0.0240102873134142 -0.00385380420899276 -0.0005)
(0.0264348323229276 -0.00385380420899276 -0.0005)
(0.029190408890332 -0.00385380420899276 -0.0005)
(0.032322213904895 -0.00385380420899276 -0.0005)
(0.0358816151442809 -0.00385380420899276 -0.0005)
(0.0399269938073936 -0.00385380420899276 -0.0005)
(0.0445247020811566 -0.00385380420899276 -0.0005)
(0.0497501514472152 -0.00385380420899276 -0.0005)
(0.0556890495789345 -0.00385380420899276 -0.0005)
(0.0624388061162451 -0.00385380420899276 -0.0005)
(0.0701101303758141 -0.00385380420899276 -0.0005)
(0.0788288472021398 -0.00385380420899276 -0.0005)
(0.0887379607431082 -0.00385380420899276 -0.0005)
(0.1 -0.00385380420899276 -0.0005)
(0.0218770065428153 -0.00440418331696332 -0.0005)
(0.0240102873134142 -0.00440418331696332 -0.0005)
(0.0264348323229276 -0.00440418331696332 -0.0005)
(0.029190408890332 -0.00440418331696332 -0.0005)
(0.032322213904895 -0.00440418331696332 -0.0005)
(0.0358816151442809 -0.00440418331696332 -0.0005)
(0.0399269938073936 -0.00440418331696332 -0.0005)
(0.0445247020811566 -0.00440418331696332 -0.0005)
(0.0497501514472152 -0.00440418331696332 -0.0005)
(0.0556890495789345 -0.00440418331696332 -0.0005)
(0.0624388061162451 -0.00440418331696332 -0.0005)
(0.0701101303758141 -0.00440418331696332 -0.0005)
(0.0788288472021398 -0.00440418331696332 -0.0005)
(0.0887379607431081 -0.00440418331696332 -0.0005)
(0.1 -0.00440418331696332 -0.0005)
(0.0218770065428153 -0.00497140157356237 -0.0005)
(0.0240102873134142 -0.00497140157356237 -0.0005)
(0.0264348323229276 -0.00497140157356237 -0.0005)
(0.029190408890332 -0.00497140157356237 -0.0005)
(0.032322213904895 -0.00497140157356237 -0.0005)
(0.035881615144281 -0.00497140157356237 -0.0005)
(0.0399269938073936 -0.00497140157356237 -0.0005)
(0.0445247020811566 -0.00497140157356237 -0.0005)
(0.0497501514472152 -0.00497140157356237 -0.0005)
(0.0556890495789345 -0.00497140157356237 -0.0005)
(0.0624388061162451 -0.00497140157356237 -0.0005)
(0.0701101303758141 -0.00497140157356237 -0.0005)
(0.0788288472021398 -0.00497140157356237 -0.0005)
(0.0887379607431082 -0.00497140157356237 -0.0005)
(0.1 -0.00497140157356237 -0.0005)
(0.0218770065428153 -0.00555597418171535 -0.0005)
(0.0240102873134142 -0.00555597418171535 -0.0005)
(0.0264348323229276 -0.00555597418171535 -0.0005)
(0.029190408890332 -0.00555597418171535 -0.0005)
(0.032322213904895 -0.00555597418171535 -0.0005)
(0.0358816151442809 -0.00555597418171535 -0.0005)
(0.0399269938073936 -0.00555597418171535 -0.0005)
(0.0445247020811566 -0.00555597418171535 -0.0005)
(0.0497501514472152 -0.00555597418171535 -0.0005)
(0.0556890495789345 -0.00555597418171535 -0.0005)
(0.0624388061162451 -0.00555597418171535 -0.0005)
(0.0701101303758141 -0.00555597418171535 -0.0005)
(0.0788288472021398 -0.00555597418171535 -0.0005)
(0.0887379607431082 -0.00555597418171535 -0.0005)
(0.1 -0.00555597418171535 -0.0005)
(0.0218770065428153 -0.00615843210726187 -0.0005)
(0.0240102873134142 -0.00615843210726187 -0.0005)
(0.0264348323229276 -0.00615843210726187 -0.0005)
(0.029190408890332 -0.00615843210726187 -0.0005)
(0.032322213904895 -0.00615843210726187 -0.0005)
(0.0358816151442809 -0.00615843210726187 -0.0005)
(0.0399269938073936 -0.00615843210726187 -0.0005)
(0.0445247020811566 -0.00615843210726187 -0.0005)
(0.0497501514472152 -0.00615843210726187 -0.0005)
(0.0556890495789345 -0.00615843210726187 -0.0005)
(0.0624388061162451 -0.00615843210726187 -0.0005)
(0.0701101303758141 -0.00615843210726187 -0.0005)
(0.0788288472021398 -0.00615843210726187 -0.0005)
(0.0887379607431082 -0.00615843210726187 -0.0005)
(0.1 -0.00615843210726187 -0.0005)
(0.0218770065428153 -0.00677932256123066 -0.0005)
(0.0240102873134142 -0.00677932256123066 -0.0005)
(0.0264348323229276 -0.00677932256123066 -0.0005)
(0.029190408890332 -0.00677932256123066 -0.0005)
(0.032322213904895 -0.00677932256123066 -0.0005)
(0.0358816151442809 -0.00677932256123066 -0.0005)
(0.0399269938073936 -0.00677932256123066 -0.0005)
(0.0445247020811566 -0.00677932256123066 -0.0005)
(0.0497501514472152 -0.00677932256123066 -0.0005)
(0.0556890495789345 -0.00677932256123066 -0.0005)
(0.0624388061162451 -0.00677932256123066 -0.0005)
(0.0701101303758141 -0.00677932256123066 -0.0005)
(0.0788288472021398 -0.00677932256123066 -0.0005)
(0.0887379607431082 -0.00677932256123066 -0.0005)
(0.1 -0.00677932256123066 -0.0005)
(0.0218770065428153 -0.00741920949686994 -0.0005)
(0.0240102873134142 -0.00741920949686994 -0.0005)
(0.0264348323229276 -0.00741920949686994 -0.0005)
(0.029190408890332 -0.00741920949686994 -0.0005)
(0.032322213904895 -0.00741920949686994 -0.0005)
(0.0358816151442809 -0.00741920949686994 -0.0005)
(0.0399269938073936 -0.00741920949686994 -0.0005)
(0.0445247020811566 -0.00741920949686994 -0.0005)
(0.0497501514472152 -0.00741920949686994 -0.0005)
(0.0556890495789345 -0.00741920949686994 -0.0005)
(0.0624388061162451 -0.00741920949686994 -0.0005)
(0.0701101303758141 -0.00741920949686994 -0.0005)
(0.0788288472021398 -0.00741920949686994 -0.0005)
(0.0887379607431081 -0.00741920949686994 -0.0005)
(0.1 -0.00741920949686994 -0.0005)
(0.0218770065428153 -0.0080786741218848 -0.0005)
(0.0240102873134142 -0.0080786741218848 -0.0005)
(0.0264348323229276 -0.0080786741218848 -0.0005)
(0.029190408890332 -0.0080786741218848 -0.0005)
(0.032322213904895 -0.0080786741218848 -0.0005)
(0.0358816151442809 -0.0080786741218848 -0.0005)
(0.0399269938073936 -0.0080786741218848 -0.0005)
(0.0445247020811566 -0.0080786741218848 -0.0005)
(0.0497501514472152 -0.0080786741218848 -0.0005)
(0.0556890495789345 -0.0080786741218848 -0.0005)
(0.0624388061162451 -0.0080786741218848 -0.0005)
(0.0701101303758141 -0.0080786741218848 -0.0005)
(0.0788288472021398 -0.0080786741218848 -0.0005)
(0.0887379607431082 -0.0080786741218848 -0.0005)
(0.1 -0.0080786741218848 -0.0005)
(0.0218770065428153 -0.00875831542634667 -0.0005)
(0.0240102873134142 -0.00875831542634667 -0.0005)
(0.0264348323229276 -0.00875831542634667 -0.0005)
(0.029190408890332 -0.00875831542634667 -0.0005)
(0.032322213904895 -0.00875831542634667 -0.0005)
(0.0358816151442809 -0.00875831542634667 -0.0005)
(0.0399269938073936 -0.00875831542634667 -0.0005)
(0.0445247020811566 -0.00875831542634667 -0.0005)
(0.0497501514472152 -0.00875831542634667 -0.0005)
(0.0556890495789345 -0.00875831542634667 -0.0005)
(0.0624388061162451 -0.00875831542634667 -0.0005)
(0.0701101303758141 -0.00875831542634667 -0.0005)
(0.0788288472021398 -0.00875831542634667 -0.0005)
(0.0887379607431082 -0.00875831542634667 -0.0005)
(0.1 -0.00875831542634667 -0.0005)
(0.0218770065428153 -0.00945875072675452 -0.0005)
(0.0240102873134142 -0.00945875072675452 -0.0005)
(0.0264348323229276 -0.00945875072675452 -0.0005)
(0.029190408890332 -0.00945875072675452 -0.0005)
(0.032322213904895 -0.00945875072675452 -0.0005)
(0.0358816151442809 -0.00945875072675452 -0.0005)
(0.0399269938073936 -0.00945875072675452 -0.0005)
(0.0445247020811566 -0.00945875072675452 -0.0005)
(0.0497501514472152 -0.00945875072675452 -0.0005)
(0.0556890495789345 -0.00945875072675452 -0.0005)
(0.0624388061162451 -0.00945875072675452 -0.0005)
(0.0701101303758141 -0.00945875072675452 -0.0005)
(0.0788288472021398 -0.00945875072675452 -0.0005)
(0.0887379607431082 -0.00945875072675452 -0.0005)
(0.1 -0.00945875072675452 -0.0005)
(0.0218770065428153 -0.0101806162267419 -0.0005)
(0.0240102873134142 -0.0101806162267419 -0.0005)
(0.0264348323229276 -0.0101806162267419 -0.0005)
(0.029190408890332 -0.0101806162267419 -0.0005)
(0.032322213904895 -0.0101806162267419 -0.0005)
(0.0358816151442809 -0.0101806162267419 -0.0005)
(0.0399269938073936 -0.0101806162267419 -0.0005)
(0.0445247020811566 -0.0101806162267419 -0.0005)
(0.0497501514472152 -0.0101806162267419 -0.0005)
(0.0556890495789345 -0.0101806162267419 -0.0005)
(0.0624388061162451 -0.0101806162267419 -0.0005)
(0.0701101303758141 -0.0101806162267419 -0.0005)
(0.0788288472021398 -0.0101806162267419 -0.0005)
(0.0887379607431082 -0.0101806162267419 -0.0005)
(0.1 -0.0101806162267419 -0.0005)
(0.0218770065428153 -0.010924567594939 -0.0005)
(0.0240102873134142 -0.010924567594939 -0.0005)
(0.0264348323229276 -0.010924567594939 -0.0005)
(0.029190408890332 -0.010924567594939 -0.0005)
(0.032322213904895 -0.010924567594939 -0.0005)
(0.0358816151442809 -0.010924567594939 -0.0005)
(0.0399269938073936 -0.010924567594939 -0.0005)
(0.0445247020811566 -0.010924567594939 -0.0005)
(0.0497501514472152 -0.010924567594939 -0.0005)
(0.0556890495789345 -0.010924567594939 -0.0005)
(0.0624388061162451 -0.010924567594939 -0.0005)
(0.0701101303758141 -0.010924567594939 -0.0005)
(0.0788288472021398 -0.010924567594939 -0.0005)
(0.0887379607431082 -0.010924567594939 -0.0005)
(0.1 -0.010924567594939 -0.0005)
(0.0218770065428153 -0.0116912805605152 -0.0005)
(0.0240102873134142 -0.0116912805605152 -0.0005)
(0.0264348323229276 -0.0116912805605152 -0.0005)
(0.029190408890332 -0.0116912805605152 -0.0005)
(0.032322213904895 -0.0116912805605152 -0.0005)
(0.0358816151442809 -0.0116912805605152 -0.0005)
(0.0399269938073936 -0.0116912805605152 -0.0005)
(0.0445247020811566 -0.0116912805605152 -0.0005)
(0.0497501514472152 -0.0116912805605152 -0.0005)
(0.0556890495789345 -0.0116912805605152 -0.0005)
(0.0624388061162451 -0.0116912805605152 -0.0005)
(0.0701101303758141 -0.0116912805605152 -0.0005)
(0.0788288472021398 -0.0116912805605152 -0.0005)
(0.0887379607431082 -0.0116912805605152 -0.0005)
(0.1 -0.0116912805605152 -0.0005)
(0.0218770065428153 -0.0124814515269416 -0.0005)
(0.0240102873134142 -0.0124814515269416 -0.0005)
(0.0264348323229276 -0.0124814515269416 -0.0005)
(0.029190408890332 -0.0124814515269416 -0.0005)
(0.032322213904895 -0.0124814515269416 -0.0005)
(0.0358816151442809 -0.0124814515269416 -0.0005)
(0.0399269938073936 -0.0124814515269416 -0.0005)
(0.0445247020811566 -0.0124814515269416 -0.0005)
(0.0497501514472152 -0.0124814515269416 -0.0005)
(0.0556890495789345 -0.0124814515269416 -0.0005)
(0.0624388061162451 -0.0124814515269416 -0.0005)
(0.0701101303758141 -0.0124814515269416 -0.0005)
(0.0788288472021398 -0.0124814515269416 -0.0005)
(0.0887379607431082 -0.0124814515269416 -0.0005)
(0.1 -0.0124814515269416 -0.0005)
(0.0218770065428153 -0.013295798204533 -0.0005)
(0.0240102873134142 -0.013295798204533 -0.0005)
(0.0264348323229276 -0.013295798204533 -0.0005)
(0.029190408890332 -0.013295798204533 -0.0005)
(0.032322213904895 -0.013295798204533 -0.0005)
(0.0358816151442809 -0.013295798204533 -0.0005)
(0.0399269938073936 -0.013295798204533 -0.0005)
(0.0445247020811566 -0.013295798204533 -0.0005)
(0.0497501514472152 -0.013295798204533 -0.0005)
(0.0556890495789345 -0.013295798204533 -0.0005)
(0.0624388061162451 -0.013295798204533 -0.0005)
(0.0701101303758141 -0.013295798204533 -0.0005)
(0.0788288472021398 -0.013295798204533 -0.0005)
(0.0887379607431082 -0.013295798204533 -0.0005)
(0.1 -0.013295798204533 -0.0005)
(0.0218770065428153 -0.0141350602623423 -0.0005)
(0.0240102873134142 -0.0141350602623423 -0.0005)
(0.0264348323229276 -0.0141350602623423 -0.0005)
(0.029190408890332 -0.0141350602623423 -0.0005)
(0.032322213904895 -0.0141350602623423 -0.0005)
(0.0358816151442809 -0.0141350602623423 -0.0005)
(0.0399269938073936 -0.0141350602623423 -0.0005)
(0.0445247020811566 -0.0141350602623423 -0.0005)
(0.0497501514472152 -0.0141350602623423 -0.0005)
(0.0556890495789345 -0.0141350602623423 -0.0005)
(0.0624388061162451 -0.0141350602623423 -0.0005)
(0.0701101303758141 -0.0141350602623423 -0.0005)
(0.0788288472021398 -0.0141350602623423 -0.0005)
(0.0887379607431082 -0.0141350602623423 -0.0005)
(0.1 -0.0141350602623423 -0.0005)
(0.0218770065428153 -0.015 -0.0005)
(0.0240102873134142 -0.015 -0.0005)
(0.0264348323229276 -0.015 -0.0005)
(0.029190408890332 -0.015 -0.0005)
(0.032322213904895 -0.015 -0.0005)
(0.0358816151442809 -0.015 -0.0005)
(0.0399269938073936 -0.015 -0.0005)
(0.0445247020811566 -0.015 -0.0005)
(0.0497501514472152 -0.015 -0.0005)
(0.0556890495789345 -0.015 -0.0005)
(0.0624388061162451 -0.015 -0.0005)
(0.0701101303758141 -0.015 -0.0005)
(0.0788288472021398 -0.015 -0.0005)
(0.0887379607431082 -0.015 -0.0005)
(0.1 -0.015 -0.0005)
(0.0218770065428153 -0.000432469868828843 0.0005)
(0.0240102873134142 -0.000432469868828843 0.0005)
(0.0264348323229276 -0.000432469868828843 0.0005)
(0.029190408890332 -0.000432469868828843 0.0005)
(0.032322213904895 -0.000432469868828843 0.0005)
(0.0358816151442809 -0.000432469868828843 0.0005)
(0.0399269938073936 -0.000432469868828843 0.0005)
(0.0445247020811566 -0.000432469868828843 0.0005)
(0.0497501514472152 -0.000432469868828843 0.0005)
(0.0556890495789345 -0.000432469868828843 0.0005)
(0.0624388061162451 -0.000432469868828843 0.0005)
(0.0701101303758141 -0.000432469868828843 0.0005)
(0.0788288472021398 -0.000432469868828843 0.0005)
(0.0887379607431082 -0.000432469868828843 0.0005)
(0.1 -0.000432469868828843 0.0005)
(0.0218770065428153 -0.000878171388883333 0.0005)
(0.0240102873134142 -0.000878171388883333 0.0005)
(0.0264348323229276 -0.000878171388883333 0.0005)
(0.029190408890332 -0.000878171388883333 0.0005)
(0.032322213904895 -0.000878171388883333 0.0005)
(0.0358816151442809 -0.000878171388883333 0.0005)
(0.0399269938073936 -0.000878171388883333 0.0005)
(0.0445247020811566 -0.000878171388883333 0.0005)
(0.0497501514472152 -0.000878171388883333 0.0005)
(0.0556890495789345 -0.000878171388883333 0.0005)
(0.0624388061162451 -0.000878171388883333 0.0005)
(0.0701101303758141 -0.000878171388883333 0.0005)
(0.0788288472021398 -0.000878171388883333 0.0005)
(0.0887379607431081 -0.000878171388883333 0.0005)
(0.1 -0.000878171388883333 0.0005)
(0.0218770065428153 -0.00133750938974069 0.0005)
(0.0240102873134142 -0.00133750938974069 0.0005)
(0.0264348323229276 -0.00133750938974069 0.0005)
(0.029190408890332 -0.00133750938974069 0.0005)
(0.032322213904895 -0.00133750938974069 0.0005)
(0.035881615144281 -0.00133750938974069 0.0005)
(0.0399269938073936 -0.00133750938974069 0.0005)
(0.0445247020811566 -0.00133750938974069 0.0005)
(0.0497501514472152 -0.00133750938974069 0.0005)
(0.0556890495789345 -0.00133750938974069 0.0005)
(0.0624388061162451 -0.00133750938974069 0.0005)
(0.0701101303758141 -0.00133750938974069 0.0005)
(0.0788288472021398 -0.00133750938974069 0.0005)
(0.0887379607431082 -0.00133750938974069 0.0005)
(0.1 -0.00133750938974069 0.0005)
(0.0218770065428153 -0.00181090108695958 0.0005)
(0.0240102873134142 -0.00181090108695958 0.0005)
(0.0264348323229276 -0.00181090108695958 0.0005)
(0.029190408890332 -0.00181090108695958 0.0005)
(0.032322213904895 -0.00181090108695958 0.0005)
(0.0358816151442809 -0.00181090108695958 0.0005)
(0.0399269938073936 -0.00181090108695958 0.0005)
(0.0445247020811566 -0.00181090108695958 0.0005)
(0.0497501514472152 -0.00181090108695958 0.0005)
(0.0556890495789345 -0.00181090108695958 0.0005)
(0.0624388061162451 -0.00181090108695958 0.0005)
(0.0701101303758141 -0.00181090108695958 0.0005)
(0.0788288472021398 -0.00181090108695958 0.0005)
(0.0887379607431082 -0.00181090108695958 0.0005)
(0.1 -0.00181090108695958 0.0005)
(0.0218770065428153 -0.00229877646103596 0.0005)
(0.0240102873134142 -0.00229877646103596 0.0005)
(0.0264348323229276 -0.00229877646103596 0.0005)
(0.029190408890332 -0.00229877646103596 0.0005)
(0.032322213904895 -0.00229877646103596 0.0005)
(0.0358816151442809 -0.00229877646103596 0.0005)
(0.0399269938073936 -0.00229877646103596 0.0005)
(0.0445247020811566 -0.00229877646103596 0.0005)
(0.0497501514472152 -0.00229877646103596 0.0005)
(0.0556890495789345 -0.00229877646103596 0.0005)
(0.0624388061162451 -0.00229877646103596 0.0005)
(0.0701101303758141 -0.00229877646103596 0.0005)
(0.0788288472021398 -0.00229877646103596 0.0005)
(0.0887379607431082 -0.00229877646103596 0.0005)
(0.1 -0.00229877646103596 0.0005)
(0.0218770065428153 -0.00280157864795329 0.0005)
(0.0240102873134142 -0.00280157864795329 0.0005)
(0.0264348323229276 -0.00280157864795329 0.0005)
(0.029190408890332 -0.00280157864795329 0.0005)
(0.032322213904895 -0.00280157864795329 0.0005)
(0.0358816151442809 -0.00280157864795329 0.0005)
(0.0399269938073936 -0.00280157864795329 0.0005)
(0.0445247020811566 -0.00280157864795329 0.0005)
(0.0497501514472152 -0.00280157864795329 0.0005)
(0.0556890495789345 -0.00280157864795329 0.0005)
(0.0624388061162451 -0.00280157864795329 0.0005)
(0.0701101303758141 -0.00280157864795329 0.0005)
(0.0788288472021398 -0.00280157864795329 0.0005)
(0.0887379607431082 -0.00280157864795329 0.0005)
(0.1 -0.00280157864795329 0.0005)
(0.0218770065428153 -0.00331976434168186 0.0005)
(0.0240102873134142 -0.00331976434168186 0.0005)
(0.0264348323229276 -0.00331976434168186 0.0005)
(0.029190408890332 -0.00331976434168186 0.0005)
(0.032322213904895 -0.00331976434168186 0.0005)
(0.0358816151442809 -0.00331976434168186 0.0005)
(0.0399269938073936 -0.00331976434168186 0.0005)
(0.0445247020811566 -0.00331976434168186 0.0005)
(0.0497501514472152 -0.00331976434168186 0.0005)
(0.0556890495789345 -0.00331976434168186 0.0005)
(0.0624388061162451 -0.00331976434168186 0.0005)
(0.0701101303758141 -0.00331976434168186 0.0005)
(0.0788288472021398 -0.00331976434168186 0.0005)
(0.0887379607431082 -0.00331976434168186 0.0005)
(0.1 -0.00331976434168186 0.0005)
(0.0218770065428153 -0.00385380420899276 0.0005)
(0.0240102873134142 -0.00385380420899276 0.0005)
(0.0264348323229276 -0.00385380420899276 0.0005)
(0.029190408890332 -0.00385380420899276 0.0005)
(0.032322213904895 -0.00385380420899276 0.0005)
(0.0358816151442809 -0.00385380420899276 0.0005)
(0.0399269938073936 -0.00385380420899276 0.0005)
(0.0445247020811566 -0.00385380420899276 0.0005)
(0.0497501514472152 -0.00385380420899276 0.0005)
(0.0556890495789345 -0.00385380420899276 0.0005)
(0.0624388061162451 -0.00385380420899276 0.0005)
(0.0701101303758141 -0.00385380420899276 0.0005)
(0.0788288472021398 -0.00385380420899276 0.0005)
(0.0887379607431082 -0.00385380420899276 0.0005)
(0.1 -0.00385380420899276 0.0005)
(0.0218770065428153 -0.00440418331696332 0.0005)
(0.0240102873134142 -0.00440418331696332 0.0005)
(0.0264348323229276 -0.00440418331696332 0.0005)
(0.029190408890332 -0.00440418331696332 0.0005)
(0.032322213904895 -0.00440418331696332 0.0005)
(0.0358816151442809 -0.00440418331696332 0.0005)
(0.0399269938073936 -0.00440418331696332 0.0005)
(0.0445247020811566 -0.00440418331696332 0.0005)
(0.0497501514472152 -0.00440418331696332 0.0005)
(0.0556890495789345 -0.00440418331696332 0.0005)
(0.0624388061162451 -0.00440418331696332 0.0005)
(0.0701101303758141 -0.00440418331696332 0.0005)
(0.0788288472021398 -0.00440418331696332 0.0005)
(0.0887379607431081 -0.00440418331696332 0.0005)
(0.1 -0.00440418331696332 0.0005)
(0.0218770065428153 -0.00497140157356237 0.0005)
(0.0240102873134142 -0.00497140157356237 0.0005)
(0.0264348323229276 -0.00497140157356237 0.0005)
(0.029190408890332 -0.00497140157356237 0.0005)
(0.032322213904895 -0.00497140157356237 0.0005)
(0.035881615144281 -0.00497140157356237 0.0005)
(0.0399269938073936 -0.00497140157356237 0.0005)
(0.0445247020811566 -0.00497140157356237 0.0005)
(0.0497501514472152 -0.00497140157356237 0.0005)
(0.0556890495789345 -0.00497140157356237 0.0005)
(0.0624388061162451 -0.00497140157356237 0.0005)
(0.0701101303758141 -0.00497140157356237 0.0005)
(0.0788288472021398 -0.00497140157356237 0.0005)
(0.0887379607431082 -0.00497140157356237 0.0005)
(0.1 -0.00497140157356237 0.0005)
(0.0218770065428153 -0.00555597418171535 0.0005)
(0.0240102873134142 -0.00555597418171535 0.0005)
(0.0264348323229276 -0.00555597418171535 0.0005)
(0.029190408890332 -0.00555597418171535 0.0005)
(0.032322213904895 -0.00555597418171535 0.0005)
(0.0358816151442809 -0.00555597418171535 0.0005)
(0.0399269938073936 -0.00555597418171535 0.0005)
(0.0445247020811566 -0.00555597418171535 0.0005)
(0.0497501514472152 -0.00555597418171535 0.0005)
(0.0556890495789345 -0.00555597418171535 0.0005)
(0.0624388061162451 -0.00555597418171535 0.0005)
(0.0701101303758141 -0.00555597418171535 0.0005)
(0.0788288472021398 -0.00555597418171535 0.0005)
(0.0887379607431082 -0.00555597418171535 0.0005)
(0.1 -0.00555597418171535 0.0005)
(0.0218770065428153 -0.00615843210726187 0.0005)
(0.0240102873134142 -0.00615843210726187 0.0005)
(0.0264348323229276 -0.00615843210726187 0.0005)
(0.029190408890332 -0.00615843210726187 0.0005)
(0.032322213904895 -0.00615843210726187 0.0005)
(0.0358816151442809 -0.00615843210726187 0.0005)
(0.0399269938073936 -0.00615843210726187 0.0005)
(0.0445247020811566 -0.00615843210726187 0.0005)
(0.0497501514472152 -0.00615843210726187 0.0005)
(0.0556890495789345 -0.00615843210726187 0.0005)
(0.0624388061162451 -0.00615843210726187 0.0005)
(0.0701101303758141 -0.00615843210726187 0.0005)
(0.0788288472021398 -0.00615843210726187 0.0005)
(0.0887379607431082 -0.00615843210726187 0.0005)
(0.1 -0.00615843210726187 0.0005)
(0.0218770065428153 -0.00677932256123066 0.0005)
(0.0240102873134142 -0.00677932256123066 0.0005)
(0.0264348323229276 -0.00677932256123066 0.0005)
(0.029190408890332 -0.00677932256123066 0.0005)
(0.032322213904895 -0.00677932256123066 0.0005)
(0.0358816151442809 -0.00677932256123066 0.0005)
(0.0399269938073936 -0.00677932256123066 0.0005)
(0.0445247020811566 -0.00677932256123066 0.0005)
(0.0497501514472152 -0.00677932256123066 0.0005)
(0.0556890495789345 -0.00677932256123066 0.0005)
(0.0624388061162451 -0.00677932256123066 0.0005)
(0.0701101303758141 -0.00677932256123066 0.0005)
(0.0788288472021398 -0.00677932256123066 0.0005)
(0.0887379607431082 -0.00677932256123066 0.0005)
(0.1 -0.00677932256123066 0.0005)
(0.0218770065428153 -0.00741920949686994 0.0005)
(0.0240102873134142 -0.00741920949686994 0.0005)
(0.0264348323229276 -0.00741920949686994 0.0005)
(0.029190408890332 -0.00741920949686994 0.0005)
(0.032322213904895 -0.00741920949686994 0.0005)
(0.0358816151442809 -0.00741920949686994 0.0005)
(0.0399269938073936 -0.00741920949686994 0.0005)
(0.0445247020811566 -0.00741920949686994 0.0005)
(0.0497501514472152 -0.00741920949686994 0.0005)
(0.0556890495789345 -0.00741920949686994 0.0005)
(0.0624388061162451 -0.00741920949686994 0.0005)
(0.0701101303758141 -0.00741920949686994 0.0005)
(0.0788288472021398 -0.00741920949686994 0.0005)
(0.0887379607431081 -0.00741920949686994 0.0005)
(0.1 -0.00741920949686994 0.0005)
(0.0218770065428153 -0.0080786741218848 0.0005)
(0.0240102873134142 -0.0080786741218848 0.0005)
(0.0264348323229276 -0.0080786741218848 0.0005)
(0.029190408890332 -0.0080786741218848 0.0005)
(0.032322213904895 -0.0080786741218848 0.0005)
(0.0358816151442809 -0.0080786741218848 0.0005)
(0.0399269938073936 -0.0080786741218848 0.0005)
(0.0445247020811566 -0.0080786741218848 0.0005)
(0.0497501514472152 -0.0080786741218848 0.0005)
(0.0556890495789345 -0.0080786741218848 0.0005)
(0.0624388061162451 -0.0080786741218848 0.0005)
(0.0701101303758141 -0.0080786741218848 0.0005)
(0.0788288472021398 -0.0080786741218848 0.0005)
(0.0887379607431082 -0.0080786741218848 0.0005)
(0.1 -0.0080786741218848 0.0005)
(0.0218770065428153 -0.00875831542634667 0.0005)
(0.0240102873134142 -0.00875831542634667 0.0005)
(0.0264348323229276 -0.00875831542634667 0.0005)
(0.029190408890332 -0.00875831542634667 0.0005)
(0.032322213904895 -0.00875831542634667 0.0005)
(0.0358816151442809 -0.00875831542634667 0.0005)
(0.0399269938073936 -0.00875831542634667 0.0005)
(0.0445247020811566 -0.00875831542634667 0.0005)
(0.0497501514472152 -0.00875831542634667 0.0005)
(0.0556890495789345 -0.00875831542634667 0.0005)
(0.0624388061162451 -0.00875831542634667 0.0005)
(0.0701101303758141 -0.00875831542634667 0.0005)
(0.0788288472021398 -0.00875831542634667 0.0005)
(0.0887379607431082 -0.00875831542634667 0.0005)
(0.1 -0.00875831542634667 0.0005)
(0.0218770065428153 -0.00945875072675452 0.0005)
(0.0240102873134142 -0.00945875072675452 0.0005)
(0.0264348323229276 -0.00945875072675452 0.0005)
(0.029190408890332 -0.00945875072675452 0.0005)
(0.032322213904895 -0.00945875072675452 0.0005)
(0.0358816151442809 -0.00945875072675452 0.0005)
(0.0399269938073936 -0.00945875072675452 0.0005)
(0.0445247020811566 -0.00945875072675452 0.0005)
(0.0497501514472152 -0.00945875072675452 0.0005)
(0.0556890495789345 -0.00945875072675452 0.0005)
(0.0624388061162451 -0.00945875072675452 0.0005)
(0.0701101303758141 -0.00945875072675452 0.0005)
(0.0788288472021398 -0.00945875072675452 0.0005)
(0.0887379607431082 -0.00945875072675452 0.0005)
(0.1 -0.00945875072675452 0.0005)
(0.0218770065428153 -0.0101806162267419 0.0005)
(0.0240102873134142 -0.0101806162267419 0.0005)
(0.0264348323229276 -0.0101806162267419 0.0005)
(0.029190408890332 -0.0101806162267419 0.0005)
(0.032322213904895 -0.0101806162267419 0.0005)
(0.0358816151442809 -0.0101806162267419 0.0005)
(0.0399269938073936 -0.0101806162267419 0.0005)
(0.0445247020811566 -0.0101806162267419 0.0005)
(0.0497501514472152 -0.0101806162267419 0.0005)
(0.0556890495789345 -0.0101806162267419 0.0005)
(0.0624388061162451 -0.0101806162267419 0.0005)
(0.0701101303758141 -0.0101806162267419 0.0005)
(0.0788288472021398 -0.0101806162267419 0.0005)
(0.0887379607431082 -0.0101806162267419 0.0005)
(0.1 -0.0101806162267419 0.0005)
(0.0218770065428153 -0.010924567594939 0.0005)
(0.0240102873134142 -0.010924567594939 0.0005)
(0.0264348323229276 -0.010924567594939 0.0005)
(0.029190408890332 -0.010924567594939 0.0005)
(0.032322213904895 -0.010924567594939 0.0005)
(0.0358816151442809 -0.010924567594939 0.0005)
(0.0399269938073936 -0.010924567594939 0.0005)
(0.0445247020811566 -0.010924567594939 0.0005)
(0.0497501514472152 -0.010924567594939 0.0005)
(0.0556890495789345 -0.010924567594939 0.0005)
(0.0624388061162451 -0.010924567594939 0.0005)
(0.0701101303758141 -0.010924567594939 0.0005)
(0.0788288472021398 -0.010924567594939 0.0005)
(0.0887379607431082 -0.010924567594939 0.0005)
(0.1 -0.010924567594939 0.0005)
(0.0218770065428153 -0.0116912805605152 0.0005)
(0.0240102873134142 -0.0116912805605152 0.0005)
(0.0264348323229276 -0.0116912805605152 0.0005)
(0.029190408890332 -0.0116912805605152 0.0005)
(0.032322213904895 -0.0116912805605152 0.0005)
(0.0358816151442809 -0.0116912805605152 0.0005)
(0.0399269938073936 -0.0116912805605152 0.0005)
(0.0445247020811566 -0.0116912805605152 0.0005)
(0.0497501514472152 -0.0116912805605152 0.0005)
(0.0556890495789345 -0.0116912805605152 0.0005)
(0.0624388061162451 -0.0116912805605152 0.0005)
(0.0701101303758141 -0.0116912805605152 0.0005)
(0.0788288472021398 -0.0116912805605152 0.0005)
(0.0887379607431082 -0.0116912805605152 0.0005)
(0.1 -0.0116912805605152 0.0005)
(0.0218770065428153 -0.0124814515269416 0.0005)
(0.0240102873134142 -0.0124814515269416 0.0005)
(0.0264348323229276 -0.0124814515269416 0.0005)
(0.029190408890332 -0.0124814515269416 0.0005)
(0.032322213904895 -0.0124814515269416 0.0005)
(0.0358816151442809 -0.0124814515269416 0.0005)
(0.0399269938073936 -0.0124814515269416 0.0005)
(0.0445247020811566 -0.0124814515269416 0.0005)
(0.0497501514472152 -0.0124814515269416 0.0005)
(0.0556890495789345 -0.0124814515269416 0.0005)
(0.0624388061162451 -0.0124814515269416 0.0005)
(0.0701101303758141 -0.0124814515269416 0.0005)
(0.0788288472021398 -0.0124814515269416 0.0005)
(0.0887379607431082 -0.0124814515269416 0.0005)
(0.1 -0.0124814515269416 0.0005)
(0.0218770065428153 -0.013295798204533 0.0005)
(0.0240102873134142 -0.013295798204533 0.0005)
(0.0264348323229276 -0.013295798204533 0.0005)
(0.029190408890332 -0.013295798204533 0.0005)
(0.032322213904895 -0.013295798204533 0.0005)
(0.0358816151442809 -0.013295798204533 0.0005)
(0.0399269938073936 -0.013295798204533 0.0005)
(0.0445247020811566 -0.013295798204533 0.0005)
(0.0497501514472152 -0.013295798204533 0.0005)
(0.0556890495789345 -0.013295798204533 0.0005)
(0.0624388061162451 -0.013295798204533 0.0005)
(0.0701101303758141 -0.013295798204533 0.0005)
(0.0788288472021398 -0.013295798204533 0.0005)
(0.0887379607431082 -0.013295798204533 0.0005)
(0.1 -0.013295798204533 0.0005)
(0.0218770065428153 -0.0141350602623423 0.0005)
(0.0240102873134142 -0.0141350602623423 0.0005)
(0.0264348323229276 -0.0141350602623423 0.0005)
(0.029190408890332 -0.0141350602623423 0.0005)
(0.032322213904895 -0.0141350602623423 0.0005)
(0.0358816151442809 -0.0141350602623423 0.0005)
(0.0399269938073936 -0.0141350602623423 0.0005)
(0.0445247020811566 -0.0141350602623423 0.0005)
(0.0497501514472152 -0.0141350602623423 0.0005)
(0.0556890495789345 -0.0141350602623423 0.0005)
(0.0624388061162451 -0.0141350602623423 0.0005)
(0.0701101303758141 -0.0141350602623423 0.0005)
(0.0788288472021398 -0.0141350602623423 0.0005)
(0.0887379607431082 -0.0141350602623423 0.0005)
(0.1 -0.0141350602623423 0.0005)
(0.0218770065428153 -0.015 0.0005)
(0.0240102873134142 -0.015 0.0005)
(0.0264348323229276 -0.015 0.0005)
(0.029190408890332 -0.015 0.0005)
(0.032322213904895 -0.015 0.0005)
(0.0358816151442809 -0.015 0.0005)
(0.0399269938073936 -0.015 0.0005)
(0.0445247020811566 -0.015 0.0005)
(0.0497501514472152 -0.015 0.0005)
(0.0556890495789345 -0.015 0.0005)
(0.0624388061162451 -0.015 0.0005)
(0.0701101303758141 -0.015 0.0005)
(0.0788288472021398 -0.015 0.0005)
(0.0887379607431082 -0.015 0.0005)
(0.1 -0.015 0.0005)
(0 -0.00475180457415266 -0.0005)
(0 -0.00597776433082607 -0.0005)
(0 -0.00797692392183637 -0.0005)
(0 -0.0112369322937043 -0.0005)
(0 -0.0165529934188085 -0.0005)
(0 -0.0252218379928642 -0.0005)
(0 -0.0393580310276393 -0.0005)
(0 -0.0624097712923666 -0.0005)
(0 -0.1 -0.0005)
(-0.00046575829576337 -0.00472892333632782 -0.0005)
(-0.000585923365271621 -0.00594897976168396 -0.0005)
(-0.000781875271444865 -0.00793851285283764 -0.0005)
(-0.00110141196950579 -0.0111828233933441 -0.0005)
(-0.00162247707880564 -0.0164732862311036 -0.0005)
(-0.00247217243391602 -0.025100387949099 -0.0005)
(-0.00385776165033133 -0.0391685113505971 -0.0005)
(-0.00611722731069968 -0.0621092511852682 -0.0005)
(-0.00980171403295606 -0.0995184726672197 -0.0005)
(-0.000927031084529155 -0.00466049998168168 -0.0005)
(-0.00116620396823738 -0.00586290326539368 -0.0005)
(-0.00155622065660922 -0.00782364956543353 -0.0005)
(-0.0021922167396522 -0.0110210177905529 -0.0005)
(-0.00322932881640619 -0.0162349322917789 -0.0005)
(-0.0049205364958665 -0.0247372074481162 -0.0005)
(-0.00767837094710293 -0.0386017774975623 -0.0005)
(-0.0121755423783807 -0.0612105850368853 -0.0005)
(-0.0195090322016128 -0.098078528040323 -0.0005)
(-0.00137937605718418 -0.0045471934645235 -0.0005)
(-0.00173525338947708 -0.00572036380566873 -0.0005)
(-0.00231557878613367 -0.00763344025587239 -0.0005)
(-0.0032619092642082 -0.0107530737617375 -0.0005)
(-0.00480508035217405 -0.0158402270795676 -0.0005)
(-0.00732151310152293 -0.0241357941166749 -0.0005)
(-0.0114250333342294 -0.0376632874253479 -0.0005)
(-0.0181166003171295 -0.0597224274934877 -0.0005)
(-0.0290284677254462 -0.0956940335732209 -0.0005)
(-0.00181843688436488 -0.00439009498855316 -0.0005)
(-0.00228759137199013 -0.00552273411542624 -0.0005)
(-0.00305263662612354 -0.00736971674378429 -0.0005)
(-0.00430018781940889 -0.0103815717543685 -0.0005)
(-0.00633455633742636 -0.0152929718214312 -0.0005)
(-0.00965197953366551 -0.0233019398939228 -0.0005)
(-0.0150616664047887 -0.0363620793063801 -0.0005)
(-0.0238831854912831 -0.057659110325728 -0.0005)
(-0.038268343236509 -0.0923879532511287 -0.0005)
(-0.00223998517029042 -0.00419071749797302 -0.0005)
(-0.00281789859906626 -0.00527191747661863 -0.0005)
(-0.00376029590666291 -0.00703501883075658 -0.0005)
(-0.00529705321518688 -0.00991008953586056 -0.0005)
(-0.00780302708232853 -0.0145984368846656 -0.0005)
(-0.0118894921265902 -0.0222436752518562 -0.0005)
(-0.0185532473943255 -0.0347106844861575 -0.0005)
(-0.0294197625332785 -0.0550405044058557 -0.0005)
(-0.0471396736825998 -0.0881921264348355 -0.0005)
(-0.00263996117452561 -0.00395098110700818 -0.0005)
(-0.00332106792221331 -0.00497032939058794 -0.0005)
(-0.00443174148203427 -0.00663256984065619 -0.0005)
(-0.00624290509283879 -0.00934316773771627 -0.0005)
(-0.00919635041085936 -0.0137633110203833 -0.0005)
(-0.0140125024108782 -0.0209711918574844 -0.0005)
(-0.0218661504692183 -0.0327250067995428 -0.0005)
(-0.0346730111796002 -0.0518918283403546 -0.0005)
(-0.0555570233019602 -0.0831469612302545 -0.0005)
(-0.00301451290950054 -0.00367319460815688 -0.0005)
(-0.00379225354578905 -0.00462087431546746 -0.0005)
(-0.00506050696429733 -0.0061662455772588 -0.0005)
(-0.0071286343817276 -0.00868626612676274 -0.0005)
(-0.0105011078576971 -0.0127956369471835 -0.0005)
(-0.0160005646369366 -0.0194967444215055 -0.0005)
(-0.0249684705618388 -0.0304241694081402 -0.0005)
(-0.0395923397740665 -0.048243405600977 -0.0005)
(-0.0634393284163646 -0.0773010453362737 -0.0005)
(-0.00336003323725661 -0.00336003323725661 -0.0005)
(-0.00422691769466218 -0.00422691769466218 -0.0005)
(-0.00564053699813969 -0.00564053699813969 -0.0005)
(-0.00794571102461242 -0.00794571102461242 -0.0005)
(-0.0117047338953758 -0.0117047338953758 -0.0005)
(-0.0178345326787428 -0.0178345326787428 -0.0005)
(-0.0278303306337943 -0.0278303306337943 -0.0005)
(-0.044130372493134 -0.044130372493134 -0.0005)
(-0.0707106781186548 -0.0707106781186548 -0.0005)
(-0.00367319460815688 -0.00301451290950054 -0.0005)
(-0.00462087431546746 -0.00379225354578905 -0.0005)
(-0.0061662455772588 -0.00506050696429733 -0.0005)
(-0.00868626612676275 -0.0071286343817276 -0.0005)
(-0.0127956369471835 -0.0105011078576971 -0.0005)
(-0.0194967444215055 -0.0160005646369365 -0.0005)
(-0.0304241694081401 -0.0249684705618388 -0.0005)
(-0.0482434056009771 -0.0395923397740665 -0.0005)
(-0.0773010453362737 -0.0634393284163645 -0.0005)
(-0.00395098110700818 -0.00263996117452561 -0.0005)
(-0.00497032939058794 -0.00332106792221331 -0.0005)
(-0.00663256984065619 -0.00443174148203427 -0.0005)
(-0.00934316773771627 -0.00624290509283879 -0.0005)
(-0.0137633110203833 -0.00919635041085936 -0.0005)
(-0.0209711918574844 -0.0140125024108782 -0.0005)
(-0.0327250067995428 -0.0218661504692183 -0.0005)
(-0.0518918283403546 -0.0346730111796002 -0.0005)
(-0.0831469612302545 -0.0555570233019602 -0.0005)
(-0.00419071749797302 -0.00223998517029042 -0.0005)
(-0.00527191747661863 -0.00281789859906626 -0.0005)
(-0.00703501883075657 -0.00376029590666291 -0.0005)
(-0.00991008953586056 -0.00529705321518688 -0.0005)
(-0.0145984368846656 -0.00780302708232852 -0.0005)
(-0.0222436752518562 -0.0118894921265902 -0.0005)
(-0.0347106844861575 -0.0185532473943255 -0.0005)
(-0.0550405044058557 -0.0294197625332785 -0.0005)
(-0.0881921264348355 -0.0471396736825998 -0.0005)
(-0.00439009498855316 -0.00181843688436488 -0.0005)
(-0.00552273411542624 -0.00228759137199013 -0.0005)
(-0.00736971674378429 -0.00305263662612354 -0.0005)
(-0.0103815717543685 -0.00430018781940888 -0.0005)
(-0.0152929718214312 -0.00633455633742636 -0.0005)
(-0.0233019398939228 -0.00965197953366551 -0.0005)
(-0.0363620793063801 -0.0150616664047887 -0.0005)
(-0.057659110325728 -0.0238831854912831 -0.0005)
(-0.0923879532511287 -0.038268343236509 -0.0005)
(-0.0045471934645235 -0.00137937605718418 -0.0005)
(-0.00572036380566873 -0.00173525338947708 -0.0005)
(-0.00763344025587239 -0.00231557878613367 -0.0005)
(-0.0107530737617375 -0.0032619092642082 -0.0005)
(-0.0158402270795676 -0.00480508035217405 -0.0005)
(-0.0241357941166749 -0.00732151310152292 -0.0005)
(-0.0376632874253479 -0.0114250333342294 -0.0005)
(-0.0597224274934877 -0.0181166003171294 -0.0005)
(-0.0956940335732209 -0.0290284677254462 -0.0005)
(-0.00466049998168168 -0.000927031084529155 -0.0005)
(-0.00586290326539368 -0.00116620396823738 -0.0005)
(-0.00782364956543353 -0.00155622065660921 -0.0005)
(-0.0110210177905529 -0.0021922167396522 -0.0005)
(-0.0162349322917789 -0.00322932881640619 -0.0005)
(-0.0247372074481162 -0.0049205364958665 -0.0005)
(-0.0386017774975623 -0.00767837094710292 -0.0005)
(-0.0612105850368853 -0.0121755423783807 -0.0005)
(-0.098078528040323 -0.0195090322016128 -0.0005)
(-0.00472892333632782 -0.00046575829576337 -0.0005)
(-0.00594897976168396 -0.000585923365271621 -0.0005)
(-0.00793851285283764 -0.000781875271444865 -0.0005)
(-0.0111828233933441 -0.00110141196950579 -0.0005)
(-0.0164732862311036 -0.00162247707880564 -0.0005)
(-0.025100387949099 -0.00247217243391602 -0.0005)
(-0.0391685113505971 -0.00385776165033132 -0.0005)
(-0.0621092511852682 -0.00611722731069968 -0.0005)
(-0.0995184726672197 -0.00980171403295606 -0.0005)
(0 -0.00475180457415266 0.0005)
(0 -0.00597776433082607 0.0005)
(0 -0.00797692392183637 0.0005)
(0 -0.0112369322937043 0.0005)
(0 -0.0165529934188085 0.0005)
(0 -0.0252218379928642 0.0005)
(0 -0.0393580310276393 0.0005)
(0 -0.0624097712923666 0.0005)
(0 -0.1 0.0005)
(-0.00046575829576337 -0.00472892333632782 0.0005)
(-0.000585923365271621 -0.00594897976168396 0.0005)
(-0.000781875271444865 -0.00793851285283764 0.0005)
(-0.00110141196950579 -0.0111828233933441 0.0005)
(-0.00162247707880564 -0.0164732862311036 0.0005)
(-0.00247217243391602 -0.025100387949099 0.0005)
(-0.00385776165033133 -0.0391685113505971 0.0005)
(-0.00611722731069968 -0.0621092511852682 0.0005)
(-0.00980171403295606 -0.0995184726672197 0.0005)
(-0.000927031084529155 -0.00466049998168168 0.0005)
(-0.00116620396823738 -0.00586290326539368 0.0005)
(-0.00155622065660922 -0.00782364956543353 0.0005)
(-0.0021922167396522 -0.0110210177905529 0.0005)
(-0.00322932881640619 -0.0162349322917789 0.0005)
(-0.0049205364958665 -0.0247372074481162 0.0005)
(-0.00767837094710293 -0.0386017774975623 0.0005)
(-0.0121755423783807 -0.0612105850368853 0.0005)
(-0.0195090322016128 -0.098078528040323 0.0005)
(-0.00137937605718418 -0.0045471934645235 0.0005)
(-0.00173525338947708 -0.00572036380566873 0.0005)
(-0.00231557878613367 -0.00763344025587239 0.0005)
(-0.0032619092642082 -0.0107530737617375 0.0005)
(-0.00480508035217405 -0.0158402270795676 0.0005)
(-0.00732151310152293 -0.0241357941166749 0.0005)
(-0.0114250333342294 -0.0376632874253479 0.0005)
(-0.0181166003171295 -0.0597224274934877 0.0005)
(-0.0290284677254462 -0.0956940335732209 0.0005)
(-0.00181843688436488 -0.00439009498855316 0.0005)
(-0.00228759137199013 -0.00552273411542624 0.0005)
(-0.00305263662612354 -0.00736971674378429 0.0005)
(-0.00430018781940889 -0.0103815717543685 0.0005)
(-0.00633455633742636 -0.0152929718214312 0.0005)
(-0.00965197953366551 -0.0233019398939228 0.0005)
(-0.0150616664047887 -0.0363620793063801 0.0005)
(-0.0238831854912831 -0.057659110325728 0.0005)
(-0.038268343236509 -0.0923879532511287 0.0005)
(-0.00223998517029042 -0.00419071749797302 0.0005)
(-0.00281789859906626 -0.00527191747661863 0.0005)
(-0.00376029590666291 -0.00703501883075658 0.0005)
(-0.00529705321518688 -0.00991008953586056 0.0005)
(-0.00780302708232852 -0.0145984368846656 0.0005)
(-0.0118894921265902 -0.0222436752518562 0.0005)
(-0.0185532473943255 -0.0347106844861575 0.0005)
(-0.0294197625332785 -0.0550405044058557 0.0005)
(-0.0471396736825998 -0.0881921264348355 0.0005)
(-0.00263996117452561 -0.00395098110700818 0.0005)
(-0.00332106792221331 -0.00497032939058794 0.0005)
(-0.00443174148203427 -0.00663256984065619 0.0005)
(-0.00624290509283879 -0.00934316773771627 0.0005)
(-0.00919635041085936 -0.0137633110203833 0.0005)
(-0.0140125024108782 -0.0209711918574844 0.0005)
(-0.0218661504692183 -0.0327250067995428 0.0005)
(-0.0346730111796002 -0.0518918283403546 0.0005)
(-0.0555570233019602 -0.0831469612302545 0.0005)
(-0.00301451290950054 -0.00367319460815688 0.0005)
(-0.00379225354578905 -0.00462087431546746 0.0005)
(-0.00506050696429733 -0.0061662455772588 0.0005)
(-0.0071286343817276 -0.00868626612676274 0.0005)
(-0.0105011078576971 -0.0127956369471835 0.0005)
(-0.0160005646369366 -0.0194967444215055 0.0005)
(-0.0249684705618388 -0.0304241694081402 0.0005)
(-0.0395923397740665 -0.048243405600977 0.0005)
(-0.0634393284163646 -0.0773010453362737 0.0005)
(-0.00336003323725661 -0.00336003323725661 0.0005)
(-0.00422691769466218 -0.00422691769466218 0.0005)
(-0.00564053699813969 -0.00564053699813969 0.0005)
(-0.00794571102461242 -0.00794571102461242 0.0005)
(-0.0117047338953758 -0.0117047338953758 0.0005)
(-0.0178345326787428 -0.0178345326787428 0.0005)
(-0.0278303306337943 -0.0278303306337943 0.0005)
(-0.044130372493134 -0.044130372493134 0.0005)
(-0.0707106781186548 -0.0707106781186548 0.0005)
(-0.00367319460815688 -0.00301451290950054 0.0005)
(-0.00462087431546746 -0.00379225354578905 0.0005)
(-0.0061662455772588 -0.00506050696429733 0.0005)
(-0.00868626612676275 -0.0071286343817276 0.0005)
(-0.0127956369471835 -0.0105011078576971 0.0005)
(-0.0194967444215055 -0.0160005646369365 0.0005)
(-0.0304241694081401 -0.0249684705618388 0.0005)
(-0.0482434056009771 -0.0395923397740665 0.0005)
(-0.0773010453362737 -0.0634393284163645 0.0005)
(-0.00395098110700818 -0.00263996117452561 0.0005)
(-0.00497032939058794 -0.00332106792221331 0.0005)
(-0.00663256984065619 -0.00443174148203427 0.0005)
(-0.00934316773771627 -0.00624290509283879 0.0005)
(-0.0137633110203833 -0.00919635041085936 0.0005)
(-0.0209711918574844 -0.0140125024108782 0.0005)
(-0.0327250067995428 -0.0218661504692183 0.0005)
(-0.0518918283403546 -0.0346730111796002 0.0005)
(-0.0831469612302545 -0.0555570233019602 0.0005)
(-0.00419071749797302 -0.00223998517029042 0.0005)
(-0.00527191747661863 -0.00281789859906626 0.0005)
(-0.00703501883075657 -0.00376029590666291 0.0005)
(-0.00991008953586056 -0.00529705321518688 0.0005)
(-0.0145984368846656 -0.00780302708232852 0.0005)
(-0.0222436752518562 -0.0118894921265902 0.0005)
(-0.0347106844861575 -0.0185532473943255 0.0005)
(-0.0550405044058557 -0.0294197625332785 0.0005)
(-0.0881921264348355 -0.0471396736825998 0.0005)
(-0.00439009498855316 -0.00181843688436488 0.0005)
(-0.00552273411542624 -0.00228759137199013 0.0005)
(-0.00736971674378429 -0.00305263662612354 0.0005)
(-0.0103815717543685 -0.00430018781940888 0.0005)
(-0.0152929718214312 -0.00633455633742636 0.0005)
(-0.0233019398939228 -0.00965197953366551 0.0005)
(-0.0363620793063801 -0.0150616664047887 0.0005)
(-0.057659110325728 -0.0238831854912831 0.0005)
(-0.0923879532511287 -0.038268343236509 0.0005)
(-0.0045471934645235 -0.00137937605718418 0.0005)
(-0.00572036380566873 -0.00173525338947708 0.0005)
(-0.00763344025587239 -0.00231557878613367 0.0005)
(-0.0107530737617375 -0.0032619092642082 0.0005)
(-0.0158402270795676 -0.00480508035217405 0.0005)
(-0.0241357941166749 -0.00732151310152292 0.0005)
(-0.0376632874253479 -0.0114250333342294 0.0005)
(-0.0597224274934877 -0.0181166003171294 0.0005)
(-0.0956940335732209 -0.0290284677254462 0.0005)
(-0.00466049998168168 -0.000927031084529155 0.0005)
(-0.00586290326539368 -0.00116620396823738 0.0005)
(-0.00782364956543353 -0.00155622065660921 0.0005)
(-0.0110210177905529 -0.0021922167396522 0.0005)
(-0.0162349322917789 -0.00322932881640619 0.0005)
(-0.0247372074481162 -0.0049205364958665 0.0005)
(-0.0386017774975623 -0.00767837094710292 0.0005)
(-0.0612105850368853 -0.0121755423783807 0.0005)
(-0.098078528040323 -0.0195090322016128 0.0005)
(-0.00472892333632782 -0.00046575829576337 0.0005)
(-0.00594897976168396 -0.000585923365271621 0.0005)
(-0.00793851285283764 -0.000781875271444865 0.0005)
(-0.0111828233933441 -0.00110141196950579 0.0005)
(-0.0164732862311036 -0.00162247707880564 0.0005)
(-0.025100387949099 -0.00247217243391602 0.0005)
(-0.0391685113505971 -0.00385776165033132 0.0005)
(-0.0621092511852682 -0.00611722731069968 0.0005)
(-0.0995184726672197 -0.00980171403295606 0.0005)
(0.000684065021159893 -0.00535108486506634 -0.0005)
(0.00142842875010767 -0.00597887947668713 -0.0005)
(0.00223879027400349 -0.00663491653796691 -0.0005)
(0.00312138435875602 -0.00731851816947224 -0.0005)
(0.00408301932630559 -0.00802850594627297 -0.0005)
(0.00513111271848627 -0.00876308883376002 -0.0005)
(0.00627372265409157 -0.00951973079827394 -0.0005)
(0.00751957206013042 -0.010294994977317 -0.0005)
(0.00887806203233111 -0.0110843609960618 -0.0005)
(0.0103592694071501 -0.0118820117696634 -0.0005)
(0.0119739221534976 -0.0126805859818487 -0.0005)
(0.0137333443551592 -0.0134708924480729 -0.0005)
(0.0156493602863277 -0.0142415828538928 -0.0005)
(0.0177341443115817 -0.0149787800427366 -0.0005)
(0.02 -0.015665660300031 -0.0005)
(0.000685454470267005 -0.00656933115781171 -0.0005)
(0.00143115158568412 -0.00718904529162541 -0.0005)
(0.00224276793946566 -0.00783663836052908 -0.0005)
(0.00312651250119019 -0.00851144121021944 -0.0005)
(0.00408916426030565 -0.00921229058352395 -0.0005)
(0.00513810770262594 -0.00993741849862046 -0.0005)
(0.00628136405465409 -0.0106843215636775 -0.0005)
(0.00752761551435814 -0.0114496071527846 -0.0005)
(0.00888621877311043 -0.0122288130738189 -0.0005)
(0.0103672029758983 -0.0130161971148704 -0.0005)
(0.0119812458119515 -0.0138044927087315 -0.0005)
(0.0137396196144636 -0.014584626972546 -0.0005)
(0.0156540971088461 -0.0153453976584367 -0.0005)
(0.0177368037136749 -0.0160731062256618 -0.0005)
(0.02 -0.0167511455012523 -0.0005)
(0.000687720230210253 -0.00855591248488823 -0.0005)
(0.00143559168482096 -0.00916244986912263 -0.0005)
(0.00224925427640718 -0.00979627340908927 -0.0005)
(0.00313487490874519 -0.0104567281784623 -0.0005)
(0.00409918473909825 -0.0111426756539708 -0.0005)
(0.00514951434917829 -0.0118523854457281 -0.0005)
(0.00629382480562097 -0.0125834073905858 -0.0005)
(0.0075407318899787 -0.013332420998768 -0.0005)
(0.00889951988391086 -0.0140950589560721 -0.0005)
(0.0103801401624312 -0.0148657011450896 -0.0005)
(0.0119931884242269 -0.0156372355049107 -0.0005)
(0.0137498526133497 -0.01640078206599 -0.0005)
(0.015661821395159 -0.0171453767696523 -0.0005)
(0.0177411403725023 -0.0178576123420982 -0.0005)
(0.02 -0.0185212347224593 -0.0005)
(0.000691414980952939 -0.0117954096149763 -0.0005)
(0.00144283210745811 -0.0123804598132273 -0.0005)
(0.00225983147736061 -0.0129918295281901 -0.0005)
(0.00314851139817848 -0.0136288870349507 -0.0005)
(0.004115525027738 -0.0142905341435499 -0.0005)
(0.00516811504690287 -0.0149751017648721 -0.0005)
(0.00631414442025026 -0.0156802265352186 -0.0005)
(0.007562120624787 -0.0164027055964439 -0.0005)
(0.00892120986442042 -0.0171383263507651 -0.0005)
(0.0104012366954921 -0.0178816677789845 -0.0005)
(0.0120126631155797 -0.0186258697719755 -0.0005)
(0.0137665394562552 -0.0193623669418856 -0.0005)
(0.0156744173070412 -0.0200805836426487 -0.0005)
(0.0177482121161226 -0.0207675875663836 -0.0005)
(0.02 -0.021407700468384 -0.0005)
(0.000697439971857759 -0.0170780232753456 -0.0005)
(0.00145463898796886 -0.0176280345469853 -0.0005)
(0.00227707960693174 -0.0182027890473237 -0.0005)
(0.00317074827707266 -0.0188016928857439 -0.0005)
(0.00414217096336207 -0.0194237136433905 -0.0005)
(0.0051984470076815 -0.0200672821936659 -0.0005)
(0.00634727940062027 -0.0207301767158152 -0.0005)
(0.0075969990081098 -0.0214093861723464 -0.0005)
(0.00895657948591778 -0.0221009502599038 -0.0005)
(0.01043563858852 -0.0227997726266335 -0.0005)
(0.0120444202885114 -0.0234994040185131 -0.0005)
(0.01379375051425 -0.024191792032725 -0.0005)
(0.0156949573271437 -0.0248669944035309 -0.0005)
(0.0177597439335469 -0.0255128533449422 -0.0005)
(0.02 -0.02611462958957 -0.0005)
(0.000707264860715289 -0.0256923254229018 -0.0005)
(0.00147389234297052 -0.0261851990880154 -0.0005)
(0.00230520594914764 -0.0267002455456593 -0.0005)
(0.00320700971997357 -0.0272369326012041 -0.0005)
(0.0041856222083759 -0.0277943350880367 -0.0005)
(0.00524790901487599 -0.0283710468873793 -0.0005)
(0.0064013122621755 -0.0289650769910559 -0.0005)
(0.0076538748183957 -0.0295737271614829 -0.0005)
(0.0090142563530922 -0.0301934485091549 -0.0005)
(0.0104917373911286 -0.0308196741138167 -0.0005)
(0.0120962063740694 -0.0314466246985131 -0.0005)
(0.0138381232983285 -0.0320670843796901 -0.0005)
(0.0157284517203844 -0.0326721437382016 -0.0005)
(0.0177785487460867 -0.0332509079927063 -0.0005)
(0.02 -0.0337901690561819 -0.0005)
(0.000723286202919406 -0.0397395767004456 -0.0005)
(0.00150528858505854 -0.0401392766757439 -0.0005)
(0.0023510712775117 -0.0405569578605367 -0.0005)
(0.00326614087086545 -0.0409921886671873 -0.0005)
(0.00425647769342578 -0.0414442188241788 -0.0005)
(0.00532856618615362 -0.0419119080278582 -0.0005)
(0.00648942307724907 -0.0423936416536776 -0.0005)
(0.00774662159985455 -0.0428872315435513 -0.0005)
(0.00910830940953514 -0.0433897996961818 -0.0005)
(0.0105832171143973 -0.0438976425298151 -0.0005)
(0.0121806533953199 -0.0444060732920039 -0.0005)
(0.0139104815273711 -0.0449092402022971 -0.0005)
(0.0157830706727013 -0.0453999180935482 -0.0005)
(0.0178092135547328 -0.0458692717527173 -0.0005)
(0.02 -0.046306589972389 -0.0005)
(0.000749412035968876 -0.062646280583642 -0.0005)
(0.00155648610451241 -0.0628940432097656 -0.0005)
(0.00242586338271314 -0.0631529518753202 -0.0005)
(0.00336256541236405 -0.0634227390514269 -0.0005)
(0.00437202098246288 -0.0637029396661497 -0.0005)
(0.00546009298111219 -0.0639928468777446 -0.0005)
(0.00663310445020378 -0.0642914598264594 -0.0005)
(0.00789786279409402 -0.0645974221354435 -0.0005)
(0.00926168073255633 -0.0649089498136949 -0.0005)
(0.0107323921302657 -0.0652237471164097 -0.0005)
(0.0123183602584909 -0.0655389088592842 -0.0005)
(0.0140284753251216 -0.0658508076903504 -0.0005)
(0.0158721372197727 -0.0661549649343594 -0.0005)
(0.0178592183334195 -0.0664459038944873 -0.0005)
(0.02 -0.0667169849984496 -0.0005)
(0.00079201515522273 -0.1 -0.0005)
(0.00163997335725052 -0.1 -0.0005)
(0.00254782607653845 -0.1 -0.0005)
(0.00351980389094901 -0.1 -0.0005)
(0.0045604362001713 -0.1 -0.0005)
(0.00567457233264469 -0.1 -0.0005)
(0.0068674041433449 -0.1 -0.0005)
(0.00814449020773777 -0.1 -0.0005)
(0.00951178172464414 -0.1 -0.0005)
(0.0109756502487227 -0.1 -0.0005)
(0.0125429173818039 -0.1 -0.0005)
(0.0142208865614354 -0.1 -0.0005)
(0.016017377094774 -0.1 -0.0005)
(0.0179407605964209 -0.1 -0.0005)
(0.02 -0.1 -0.0005)
(0.000684065021159893 -0.00535108486506634 0.0005)
(0.00142842875010767 -0.00597887947668712 0.0005)
(0.00223879027400349 -0.00663491653796691 0.0005)
(0.00312138435875602 -0.00731851816947224 0.0005)
(0.00408301932630559 -0.00802850594627297 0.0005)
(0.00513111271848627 -0.00876308883376002 0.0005)
(0.00627372265409157 -0.00951973079827394 0.0005)
(0.00751957206013042 -0.010294994977317 0.0005)
(0.00887806203233111 -0.0110843609960618 0.0005)
(0.0103592694071501 -0.0118820117696634 0.0005)
(0.0119739221534976 -0.0126805859818487 0.0005)
(0.0137333443551592 -0.0134708924480729 0.0005)
(0.0156493602863277 -0.0142415828538928 0.0005)
(0.0177341443115817 -0.0149787800427365 0.0005)
(0.02 -0.015665660300031 0.0005)
(0.000685454470267005 -0.00656933115781171 0.0005)
(0.00143115158568412 -0.00718904529162541 0.0005)
(0.00224276793946566 -0.00783663836052908 0.0005)
(0.00312651250119019 -0.00851144121021944 0.0005)
(0.00408916426030565 -0.00921229058352395 0.0005)
(0.00513810770262594 -0.00993741849862046 0.0005)
(0.00628136405465409 -0.0106843215636775 0.0005)
(0.00752761551435814 -0.0114496071527846 0.0005)
(0.00888621877311043 -0.0122288130738189 0.0005)
(0.0103672029758983 -0.0130161971148704 0.0005)
(0.0119812458119515 -0.0138044927087315 0.0005)
(0.0137396196144636 -0.014584626972546 0.0005)
(0.0156540971088461 -0.0153453976584367 0.0005)
(0.0177368037136749 -0.0160731062256618 0.0005)
(0.02 -0.0167511455012523 0.0005)
(0.000687720230210253 -0.00855591248488823 0.0005)
(0.00143559168482096 -0.00916244986912263 0.0005)
(0.00224925427640718 -0.00979627340908927 0.0005)
(0.00313487490874519 -0.0104567281784623 0.0005)
(0.00409918473909825 -0.0111426756539708 0.0005)
(0.00514951434917829 -0.0118523854457281 0.0005)
(0.00629382480562097 -0.0125834073905858 0.0005)
(0.0075407318899787 -0.013332420998768 0.0005)
(0.00889951988391086 -0.0140950589560721 0.0005)
(0.0103801401624312 -0.0148657011450896 0.0005)
(0.0119931884242269 -0.0156372355049107 0.0005)
(0.0137498526133497 -0.01640078206599 0.0005)
(0.015661821395159 -0.0171453767696523 0.0005)
(0.0177411403725023 -0.0178576123420982 0.0005)
(0.02 -0.0185212347224593 0.0005)
(0.000691414980952939 -0.0117954096149763 0.0005)
(0.00144283210745811 -0.0123804598132273 0.0005)
(0.00225983147736061 -0.0129918295281901 0.0005)
(0.00314851139817848 -0.0136288870349507 0.0005)
(0.004115525027738 -0.0142905341435499 0.0005)
(0.00516811504690287 -0.0149751017648721 0.0005)
(0.00631414442025026 -0.0156802265352186 0.0005)
(0.007562120624787 -0.0164027055964439 0.0005)
(0.00892120986442042 -0.0171383263507651 0.0005)
(0.0104012366954921 -0.0178816677789845 0.0005)
(0.0120126631155797 -0.0186258697719755 0.0005)
(0.0137665394562552 -0.0193623669418856 0.0005)
(0.0156744173070412 -0.0200805836426487 0.0005)
(0.0177482121161226 -0.0207675875663836 0.0005)
(0.02 -0.021407700468384 0.0005)
(0.000697439971857759 -0.0170780232753456 0.0005)
(0.00145463898796886 -0.0176280345469853 0.0005)
(0.00227707960693174 -0.0182027890473237 0.0005)
(0.00317074827707266 -0.0188016928857439 0.0005)
(0.00414217096336207 -0.0194237136433905 0.0005)
(0.0051984470076815 -0.0200672821936659 0.0005)
(0.00634727940062027 -0.0207301767158152 0.0005)
(0.0075969990081098 -0.0214093861723464 0.0005)
(0.00895657948591778 -0.0221009502599038 0.0005)
(0.01043563858852 -0.0227997726266335 0.0005)
(0.0120444202885114 -0.0234994040185131 0.0005)
(0.01379375051425 -0.024191792032725 0.0005)
(0.0156949573271437 -0.0248669944035309 0.0005)
(0.0177597439335469 -0.0255128533449422 0.0005)
(0.02 -0.02611462958957 0.0005)
(0.000707264860715289 -0.0256923254229018 0.0005)
(0.00147389234297052 -0.0261851990880154 0.0005)
(0.00230520594914764 -0.0267002455456593 0.0005)
(0.00320700971997357 -0.0272369326012041 0.0005)
(0.0041856222083759 -0.0277943350880367 0.0005)
(0.00524790901487599 -0.0283710468873793 0.0005)
(0.0064013122621755 -0.0289650769910559 0.0005)
(0.0076538748183957 -0.0295737271614829 0.0005)
(0.0090142563530922 -0.0301934485091549 0.0005)
(0.0104917373911286 -0.0308196741138167 0.0005)
(0.0120962063740694 -0.0314466246985131 0.0005)
(0.0138381232983285 -0.0320670843796901 0.0005)
(0.0157284517203844 -0.0326721437382016 0.0005)
(0.0177785487460867 -0.0332509079927063 0.0005)
(0.02 -0.0337901690561819 0.0005)
(0.000723286202919406 -0.0397395767004456 0.0005)
(0.00150528858505854 -0.0401392766757439 0.0005)
(0.0023510712775117 -0.0405569578605367 0.0005)
(0.00326614087086545 -0.0409921886671873 0.0005)
(0.00425647769342578 -0.0414442188241788 0.0005)
(0.00532856618615362 -0.0419119080278582 0.0005)
(0.00648942307724907 -0.0423936416536776 0.0005)
(0.00774662159985455 -0.0428872315435513 0.0005)
(0.00910830940953514 -0.0433897996961818 0.0005)
(0.0105832171143973 -0.0438976425298151 0.0005)
(0.0121806533953199 -0.0444060732920039 0.0005)
(0.0139104815273711 -0.0449092402022971 0.0005)
(0.0157830706727013 -0.0453999180935482 0.0005)
(0.0178092135547328 -0.0458692717527173 0.0005)
(0.02 -0.046306589972389 0.0005)
(0.000749412035968876 -0.062646280583642 0.0005)
(0.00155648610451241 -0.0628940432097656 0.0005)
(0.00242586338271314 -0.0631529518753202 0.0005)
(0.00336256541236405 -0.0634227390514269 0.0005)
(0.00437202098246288 -0.0637029396661497 0.0005)
(0.00546009298111219 -0.0639928468777446 0.0005)
(0.00663310445020378 -0.0642914598264594 0.0005)
(0.00789786279409402 -0.0645974221354435 0.0005)
(0.00926168073255633 -0.0649089498136949 0.0005)
(0.0107323921302657 -0.0652237471164097 0.0005)
(0.0123183602584909 -0.0655389088592842 0.0005)
(0.0140284753251216 -0.0658508076903504 0.0005)
(0.0158721372197727 -0.0661549649343594 0.0005)
(0.0178592183334195 -0.0664459038944873 0.0005)
(0.02 -0.0667169849984496 0.0005)
(0.00079201515522273 -0.1 0.0005)
(0.00163997335725052 -0.1 0.0005)
(0.00254782607653845 -0.1 0.0005)
(0.00351980389094901 -0.1 0.0005)
(0.0045604362001713 -0.1 0.0005)
(0.00567457233264469 -0.1 0.0005)
(0.0068674041433449 -0.1 0.0005)
(0.00814449020773777 -0.1 0.0005)
(0.00951178172464414 -0.1 0.0005)
(0.0109756502487227 -0.1 0.0005)
(0.0125429173818039 -0.1 0.0005)
(0.0142208865614354 -0.1 0.0005)
(0.016017377094774 -0.1 0.0005)
(0.0179407605964209 -0.1 0.0005)
(0.02 -0.1 0.0005)
(0.0218770065428153 -0.015665660300031 -0.0005)
(0.0240102873134142 -0.015665660300031 -0.0005)
(0.0264348323229276 -0.015665660300031 -0.0005)
(0.029190408890332 -0.015665660300031 -0.0005)
(0.032322213904895 -0.015665660300031 -0.0005)
(0.0358816151442809 -0.015665660300031 -0.0005)
(0.0399269938073936 -0.015665660300031 -0.0005)
(0.0445247020811566 -0.015665660300031 -0.0005)
(0.0497501514472152 -0.015665660300031 -0.0005)
(0.0556890495789345 -0.015665660300031 -0.0005)
(0.0624388061162451 -0.015665660300031 -0.0005)
(0.0701101303758141 -0.015665660300031 -0.0005)
(0.0788288472021398 -0.015665660300031 -0.0005)
(0.0887379607431082 -0.015665660300031 -0.0005)
(0.1 -0.015665660300031 -0.0005)
(0.0218770065428153 -0.0167511455012523 -0.0005)
(0.0240102873134142 -0.0167511455012523 -0.0005)
(0.0264348323229276 -0.0167511455012523 -0.0005)
(0.029190408890332 -0.0167511455012523 -0.0005)
(0.032322213904895 -0.0167511455012523 -0.0005)
(0.0358816151442809 -0.0167511455012523 -0.0005)
(0.0399269938073936 -0.0167511455012523 -0.0005)
(0.0445247020811566 -0.0167511455012523 -0.0005)
(0.0497501514472152 -0.0167511455012523 -0.0005)
(0.0556890495789345 -0.0167511455012523 -0.0005)
(0.0624388061162451 -0.0167511455012523 -0.0005)
(0.0701101303758141 -0.0167511455012523 -0.0005)
(0.0788288472021398 -0.0167511455012522 -0.0005)
(0.0887379607431082 -0.0167511455012523 -0.0005)
(0.1 -0.0167511455012523 -0.0005)
(0.0218770065428153 -0.0185212347224593 -0.0005)
(0.0240102873134142 -0.0185212347224593 -0.0005)
(0.0264348323229276 -0.0185212347224593 -0.0005)
(0.029190408890332 -0.0185212347224593 -0.0005)
(0.032322213904895 -0.0185212347224593 -0.0005)
(0.0358816151442809 -0.0185212347224593 -0.0005)
(0.0399269938073936 -0.0185212347224593 -0.0005)
(0.0445247020811566 -0.0185212347224593 -0.0005)
(0.0497501514472152 -0.0185212347224593 -0.0005)
(0.0556890495789345 -0.0185212347224593 -0.0005)
(0.0624388061162451 -0.0185212347224593 -0.0005)
(0.0701101303758141 -0.0185212347224593 -0.0005)
(0.0788288472021398 -0.0185212347224593 -0.0005)
(0.0887379607431082 -0.0185212347224593 -0.0005)
(0.1 -0.0185212347224593 -0.0005)
(0.0218770065428153 -0.021407700468384 -0.0005)
(0.0240102873134142 -0.021407700468384 -0.0005)
(0.0264348323229276 -0.021407700468384 -0.0005)
(0.029190408890332 -0.021407700468384 -0.0005)
(0.032322213904895 -0.021407700468384 -0.0005)
(0.0358816151442809 -0.021407700468384 -0.0005)
(0.0399269938073936 -0.021407700468384 -0.0005)
(0.0445247020811566 -0.021407700468384 -0.0005)
(0.0497501514472152 -0.021407700468384 -0.0005)
(0.0556890495789345 -0.021407700468384 -0.0005)
(0.0624388061162451 -0.021407700468384 -0.0005)
(0.0701101303758141 -0.021407700468384 -0.0005)
(0.0788288472021398 -0.021407700468384 -0.0005)
(0.0887379607431082 -0.021407700468384 -0.0005)
(0.1 -0.021407700468384 -0.0005)
(0.0218770065428153 -0.02611462958957 -0.0005)
(0.0240102873134142 -0.02611462958957 -0.0005)
(0.0264348323229276 -0.02611462958957 -0.0005)
(0.029190408890332 -0.02611462958957 -0.0005)
(0.032322213904895 -0.02611462958957 -0.0005)
(0.0358816151442809 -0.02611462958957 -0.0005)
(0.0399269938073936 -0.02611462958957 -0.0005)
(0.0445247020811566 -0.02611462958957 -0.0005)
(0.0497501514472152 -0.02611462958957 -0.0005)
(0.0556890495789345 -0.02611462958957 -0.0005)
(0.0624388061162451 -0.02611462958957 -0.0005)
(0.0701101303758141 -0.02611462958957 -0.0005)
(0.0788288472021398 -0.02611462958957 -0.0005)
(0.0887379607431082 -0.02611462958957 -0.0005)
(0.1 -0.02611462958957 -0.0005)
(0.0218770065428153 -0.0337901690561819 -0.0005)
(0.0240102873134142 -0.0337901690561819 -0.0005)
(0.0264348323229276 -0.0337901690561819 -0.0005)
(0.029190408890332 -0.0337901690561819 -0.0005)
(0.032322213904895 -0.0337901690561819 -0.0005)
(0.0358816151442809 -0.0337901690561819 -0.0005)
(0.0399269938073936 -0.0337901690561819 -0.0005)
(0.0445247020811566 -0.0337901690561819 -0.0005)
(0.0497501514472152 -0.0337901690561819 -0.0005)
(0.0556890495789345 -0.0337901690561819 -0.0005)
(0.0624388061162451 -0.0337901690561819 -0.0005)
(0.0701101303758141 -0.0337901690561819 -0.0005)
(0.0788288472021398 -0.0337901690561819 -0.0005)
(0.0887379607431082 -0.0337901690561819 -0.0005)
(0.1 -0.0337901690561819 -0.0005)
(0.0218770065428153 -0.046306589972389 -0.0005)
(0.0240102873134142 -0.046306589972389 -0.0005)
(0.0264348323229276 -0.046306589972389 -0.0005)
(0.029190408890332 -0.046306589972389 -0.0005)
(0.032322213904895 -0.046306589972389 -0.0005)
(0.0358816151442809 -0.046306589972389 -0.0005)
(0.0399269938073936 -0.046306589972389 -0.0005)
(0.0445247020811566 -0.046306589972389 -0.0005)
(0.0497501514472152 -0.046306589972389 -0.0005)
(0.0556890495789345 -0.046306589972389 -0.0005)
(0.0624388061162451 -0.046306589972389 -0.0005)
(0.0701101303758141 -0.046306589972389 -0.0005)
(0.0788288472021398 -0.046306589972389 -0.0005)
(0.0887379607431082 -0.046306589972389 -0.0005)
(0.1 -0.046306589972389 -0.0005)
(0.0218770065428153 -0.0667169849984496 -0.0005)
(0.0240102873134142 -0.0667169849984496 -0.0005)
(0.0264348323229276 -0.0667169849984496 -0.0005)
(0.029190408890332 -0.0667169849984496 -0.0005)
(0.032322213904895 -0.0667169849984496 -0.0005)
(0.035881615144281 -0.0667169849984496 -0.0005)
(0.0399269938073936 -0.0667169849984496 -0.0005)
(0.0445247020811566 -0.0667169849984496 -0.0005)
(0.0497501514472152 -0.0667169849984496 -0.0005)
(0.0556890495789345 -0.0667169849984496 -0.0005)
(0.0624388061162451 -0.0667169849984496 -0.0005)
(0.0701101303758141 -0.0667169849984496 -0.0005)
(0.0788288472021398 -0.0667169849984496 -0.0005)
(0.0887379607431082 -0.0667169849984496 -0.0005)
(0.1 -0.0667169849984496 -0.0005)
(0.0218770065428153 -0.1 -0.0005)
(0.0240102873134142 -0.1 -0.0005)
(0.0264348323229276 -0.1 -0.0005)
(0.029190408890332 -0.1 -0.0005)
(0.032322213904895 -0.1 -0.0005)
(0.0358816151442809 -0.1 -0.0005)
(0.0399269938073936 -0.1 -0.0005)
(0.0445247020811566 -0.1 -0.0005)
(0.0497501514472152 -0.1 -0.0005)
(0.0556890495789345 -0.1 -0.0005)
(0.0624388061162451 -0.1 -0.0005)
(0.0701101303758141 -0.1 -0.0005)
(0.0788288472021398 -0.1 -0.0005)
(0.0887379607431082 -0.1 -0.0005)
(0.1 -0.1 -0.0005)
(0.0218770065428153 -0.015665660300031 0.0005)
(0.0240102873134142 -0.015665660300031 0.0005)
(0.0264348323229276 -0.015665660300031 0.0005)
(0.029190408890332 -0.015665660300031 0.0005)
(0.032322213904895 -0.015665660300031 0.0005)
(0.0358816151442809 -0.015665660300031 0.0005)
(0.0399269938073936 -0.015665660300031 0.0005)
(0.0445247020811566 -0.015665660300031 0.0005)
(0.0497501514472152 -0.015665660300031 0.0005)
(0.0556890495789345 -0.015665660300031 0.0005)
(0.0624388061162451 -0.015665660300031 0.0005)
(0.0701101303758141 -0.015665660300031 0.0005)
(0.0788288472021398 -0.015665660300031 0.0005)
(0.0887379607431082 -0.015665660300031 0.0005)
(0.1 -0.015665660300031 0.0005)
(0.0218770065428153 -0.0167511455012523 0.0005)
(0.0240102873134142 -0.0167511455012523 0.0005)
(0.0264348323229276 -0.0167511455012523 0.0005)
(0.029190408890332 -0.0167511455012523 0.0005)
(0.032322213904895 -0.0167511455012523 0.0005)
(0.0358816151442809 -0.0167511455012523 0.0005)
(0.0399269938073936 -0.0167511455012523 0.0005)
(0.0445247020811566 -0.0167511455012523 0.0005)
(0.0497501514472152 -0.0167511455012523 0.0005)
(0.0556890495789345 -0.0167511455012523 0.0005)
(0.0624388061162451 -0.0167511455012523 0.0005)
(0.0701101303758141 -0.0167511455012523 0.0005)
(0.0788288472021398 -0.0167511455012523 0.0005)
(0.0887379607431082 -0.0167511455012523 0.0005)
(0.1 -0.0167511455012523 0.0005)
(0.0218770065428153 -0.0185212347224593 0.0005)
(0.0240102873134142 -0.0185212347224593 0.0005)
(0.0264348323229276 -0.0185212347224593 0.0005)
(0.029190408890332 -0.0185212347224593 0.0005)
(0.032322213904895 -0.0185212347224593 0.0005)
(0.0358816151442809 -0.0185212347224593 0.0005)
(0.0399269938073936 -0.0185212347224593 0.0005)
(0.0445247020811566 -0.0185212347224593 0.0005)
(0.0497501514472152 -0.0185212347224593 0.0005)
(0.0556890495789345 -0.0185212347224593 0.0005)
(0.0624388061162451 -0.0185212347224593 0.0005)
(0.0701101303758141 -0.0185212347224593 0.0005)
(0.0788288472021398 -0.0185212347224593 0.0005)
(0.0887379607431082 -0.0185212347224593 0.0005)
(0.1 -0.0185212347224593 0.0005)
(0.0218770065428153 -0.021407700468384 0.0005)
(0.0240102873134142 -0.021407700468384 0.0005)
(0.0264348323229276 -0.021407700468384 0.0005)
(0.029190408890332 -0.021407700468384 0.0005)
(0.032322213904895 -0.021407700468384 0.0005)
(0.0358816151442809 -0.021407700468384 0.0005)
(0.0399269938073936 -0.021407700468384 0.0005)
(0.0445247020811566 -0.021407700468384 0.0005)
(0.0497501514472152 -0.021407700468384 0.0005)
(0.0556890495789345 -0.021407700468384 0.0005)
(0.0624388061162451 -0.021407700468384 0.0005)
(0.0701101303758141 -0.021407700468384 0.0005)
(0.0788288472021398 -0.021407700468384 0.0005)
(0.0887379607431082 -0.021407700468384 0.0005)
(0.1 -0.021407700468384 0.0005)
(0.0218770065428153 -0.02611462958957 0.0005)
(0.0240102873134142 -0.02611462958957 0.0005)
(0.0264348323229276 -0.02611462958957 0.0005)
(0.029190408890332 -0.02611462958957 0.0005)
(0.032322213904895 -0.02611462958957 0.0005)
(0.0358816151442809 -0.02611462958957 0.0005)
(0.0399269938073936 -0.02611462958957 0.0005)
(0.0445247020811566 -0.02611462958957 0.0005)
(0.0497501514472152 -0.02611462958957 0.0005)
(0.0556890495789345 -0.02611462958957 0.0005)
(0.0624388061162451 -0.02611462958957 0.0005)
(0.0701101303758141 -0.02611462958957 0.0005)
(0.0788288472021398 -0.02611462958957 0.0005)
(0.0887379607431082 -0.02611462958957 0.0005)
(0.1 -0.02611462958957 0.0005)
(0.0218770065428153 -0.0337901690561819 0.0005)
(0.0240102873134142 -0.0337901690561819 0.0005)
(0.0264348323229276 -0.0337901690561819 0.0005)
(0.029190408890332 -0.0337901690561819 0.0005)
(0.032322213904895 -0.0337901690561819 0.0005)
(0.0358816151442809 -0.0337901690561819 0.0005)
(0.0399269938073936 -0.0337901690561819 0.0005)
(0.0445247020811566 -0.0337901690561819 0.0005)
(0.0497501514472152 -0.0337901690561819 0.0005)
(0.0556890495789345 -0.0337901690561819 0.0005)
(0.0624388061162451 -0.0337901690561819 0.0005)
(0.0701101303758141 -0.0337901690561819 0.0005)
(0.0788288472021398 -0.0337901690561819 0.0005)
(0.0887379607431082 -0.0337901690561819 0.0005)
(0.1 -0.0337901690561819 0.0005)
(0.0218770065428153 -0.046306589972389 0.0005)
(0.0240102873134142 -0.046306589972389 0.0005)
(0.0264348323229276 -0.046306589972389 0.0005)
(0.029190408890332 -0.046306589972389 0.0005)
(0.032322213904895 -0.046306589972389 0.0005)
(0.0358816151442809 -0.046306589972389 0.0005)
(0.0399269938073936 -0.046306589972389 0.0005)
(0.0445247020811566 -0.046306589972389 0.0005)
(0.0497501514472152 -0.046306589972389 0.0005)
(0.0556890495789345 -0.046306589972389 0.0005)
(0.0624388061162451 -0.046306589972389 0.0005)
(0.0701101303758141 -0.046306589972389 0.0005)
(0.0788288472021398 -0.046306589972389 0.0005)
(0.0887379607431082 -0.046306589972389 0.0005)
(0.1 -0.046306589972389 0.0005)
(0.0218770065428153 -0.0667169849984496 0.0005)
(0.0240102873134142 -0.0667169849984496 0.0005)
(0.0264348323229276 -0.0667169849984496 0.0005)
(0.029190408890332 -0.0667169849984496 0.0005)
(0.032322213904895 -0.0667169849984496 0.0005)
(0.035881615144281 -0.0667169849984496 0.0005)
(0.0399269938073936 -0.0667169849984496 0.0005)
(0.0445247020811566 -0.0667169849984496 0.0005)
(0.0497501514472152 -0.0667169849984496 0.0005)
(0.0556890495789345 -0.0667169849984496 0.0005)
(0.0624388061162451 -0.0667169849984496 0.0005)
(0.0701101303758141 -0.0667169849984496 0.0005)
(0.0788288472021398 -0.0667169849984496 0.0005)
(0.0887379607431082 -0.0667169849984496 0.0005)
(0.1 -0.0667169849984496 0.0005)
(0.0218770065428153 -0.1 0.0005)
(0.0240102873134142 -0.1 0.0005)
(0.0264348323229276 -0.1 0.0005)
(0.029190408890332 -0.1 0.0005)
(0.032322213904895 -0.1 0.0005)
(0.0358816151442809 -0.1 0.0005)
(0.0399269938073936 -0.1 0.0005)
(0.0445247020811566 -0.1 0.0005)
(0.0497501514472152 -0.1 0.0005)
(0.0556890495789345 -0.1 0.0005)
(0.0624388061162451 -0.1 0.0005)
(0.0701101303758141 -0.1 0.0005)
(0.0788288472021398 -0.1 0.0005)
(0.0887379607431082 -0.1 0.0005)
(0.1 -0.1 0.0005)
)


// ************************************************************************* //
