/*--------------------------------*- C++ -*----------------------------------*\
  =========                 |
  \\      /  F ield         | OpenFOAM: The Open Source CFD Toolbox
   \\    /   O peration     | Website:  https://openfoam.org
    \\  /    A nd           | Version:  14
     \\/     M anipulation  |
\*---------------------------------------------------------------------------*/
FoamFile
{
    format      ascii;
    class       surfaceScalarField;
    location    "3000";
    object      phi;
}
// * * * * * * * * * * * * * * * * * * * * * * * * * * * * * * * * * * * * * //

dimensions      [0 3 -1 0 0 0 0];

internalField   nonuniform List<scalar> 
10657
(
1.0632632e-16
-1.0632615e-16
-9.0897313e-25
5.137592e-16
-4.0743278e-16
-3.8388654e-24
1.4044637e-15
-8.9070449e-16
-8.8041864e-24
3.0499783e-15
-1.6455146e-15
-1.6711436e-23
5.8520157e-15
-2.8020374e-15
-2.9056003e-23
1.0401189e-14
-4.5491736e-15
-4.8044855e-23
1.7561408e-14
-7.1602186e-15
-7.6904967e-23
2.8590881e-14
-1.1029474e-14
-1.2029741e-22
4.5315207e-14
-1.6724327e-14
-1.8480055e-22
7.0374315e-14
-2.505911e-14
-2.7930591e-22
1.0757378e-13
-3.7199465e-14
-4.1485481e-22
1.6238298e-13
-5.4809199e-14
-6.0282155e-22
2.4263884e-13
-8.0255868e-14
-8.4985194e-22
3.5953568e-13
-1.1689684e-13
-1.1504199e-21
5.2901009e-13
-1.6947442e-13
-1.4902216e-21
7.736669e-13
-2.4465682e-13
-1.8980896e-21
1.1254379e-12
-3.5177105e-13
-2.5840263e-21
1.6292211e-12
-5.0378318e-13
-4.0812949e-21
2.3478114e-12
-7.1859042e-13
-7.0634947e-21
3.368506e-12
-1.0206947e-12
-1.15226e-20
4.8118343e-12
-1.4433283e-12
-1.5843104e-20
6.8429307e-12
-2.0310966e-12
-1.741993e-20
9.6861187e-12
-2.843188e-12
-1.5677312e-20
1.3643308e-11
-3.957189e-12
-1.5068754e-20
1.9116835e-11
-5.4735276e-12
-2.3810819e-20
2.6637418e-11
-7.5205832e-12
-4.7740582e-20
3.689795e-11
-1.0260533e-11
-8.4804591e-20
5.0794033e-11
-1.3896083e-11
-1.2667842e-19
6.9472353e-11
-1.867832e-11
-1.6742186e-19
9.4388382e-11
-2.4916029e-11
-2.1149981e-19
1.2737523e-10
-3.2986843e-11
-2.7209388e-19
1.7072617e-10
-4.3350944e-11
-3.5886202e-19
2.2729416e-10
-5.656799e-11
-4.586201e-19
3.0060994e-10
-7.3315779e-11
-5.8630101e-19
3.9501838e-10
-9.4408437e-11
-7.0915678e-19
5.1585903e-10
-1.2084065e-10
-9.4394787e-19
6.6967044e-10
-1.5381141e-10
-9.6701781e-19
8.6425916e-10
-1.9458872e-10
-1.3368255e-18
-2.4669728e-10
1.1109564e-09
-1.4594049e-18
1.0973411e-16
-2.160601e-16
5.3020767e-16
-8.2790625e-16
1.4493753e-15
-1.8098721e-15
3.1474803e-15
-3.3436196e-15
6.0391443e-15
-5.6937015e-15
1.073401e-14
-9.2440398e-15
1.8123901e-14
-1.455011e-14
2.9507799e-14
-2.2413372e-14
4.6770632e-14
-3.3987162e-14
7.2638367e-14
-5.0926846e-14
1.1104091e-13
-7.5602007e-14
1.6762669e-13
-1.1139498e-13
2.5048957e-13
-1.6311876e-13
3.711911e-13
-2.3759837e-13
5.4619058e-13
-3.444739e-13
7.9883343e-13
-4.9729969e-13
1.1620956e-12
-7.1503323e-13
1.6823391e-12
-1.0240268e-12
2.4244003e-12
-1.4606517e-12
3.478404e-12
-2.0746984e-12
4.9687698e-12
-2.9336942e-12
7.0659443e-12
-4.1282712e-12
1.0001445e-11
-5.7786891e-12
1.4086842e-11
-8.0425863e-12
1.9737329e-11
-1.1124015e-11
2.7500579e-11
-1.5283833e-11
3.8091649e-11
-2.0851604e-11
5.2434875e-11
-2.8239309e-11
7.171391e-11
-3.7957355e-11
9.7431455e-11
-5.0633574e-11
1.314806e-10
-6.7035988e-11
1.7623042e-10
-8.8100771e-11
2.3462962e-10
-1.1496719e-10
3.1032879e-10
-1.4901495e-10
4.0782406e-10
-1.9190371e-10
5.3264056e-10
-2.4565715e-10
6.9155714e-10
-3.1272798e-10
8.9265618e-10
-3.9568775e-10
-5.0170012e-10
1.147659e-09
1.1368275e-16
-3.2974269e-16
5.4928581e-16
-1.2635092e-15
1.5015286e-15
-2.7621149e-15
3.2607331e-15
-5.1028242e-15
6.2564268e-15
-8.6893952e-15
1.112016e-14
-1.4107773e-14
1.8775785e-14
-2.2205735e-14
3.0568907e-14
-3.4206495e-14
4.8452054e-14
-5.187031e-14
7.524885e-14
-7.7723643e-14
1.1502981e-13
-1.1538297e-13
1.7364513e-13
-1.700103e-13
2.5947716e-13
-2.4895079e-13
3.8449839e-13
-3.6261961e-13
5.6575115e-13
-5.2572667e-13
8.2740423e-13
-7.5895279e-13
1.2035907e-12
-1.0912197e-12
1.7422897e-12
-1.5627258e-12
2.5105843e-12
-2.2289464e-12
3.6017002e-12
-3.1658144e-12
5.1443074e-12
-4.4763015e-12
7.314635e-12
-6.298599e-12
1.0352007e-11
-8.8160613e-12
1.4578448e-11
-1.2269027e-11
2.0423041e-11
-1.6968609e-11
2.8451769e-11
-2.3312561e-11
3.9403652e-11
-3.1803488e-11
5.4234174e-11
-4.3069832e-11
7.4167246e-11
-5.7890427e-11
1.0075734e-10
-7.7223667e-11
1.359638e-10
-1.0224245e-10
1.8224025e-10
-1.3437722e-10
2.4264356e-10
-1.753705e-10
3.209616e-10
-2.27333e-10
4.2186592e-10
-2.9280802e-10
5.5110164e-10
-3.7489287e-10
7.1572951e-10
-4.7735585e-10
9.241863e-10
-6.0414454e-10
-7.6609445e-10
1.1885806e-09
1.1823217e-16
-4.479747e-16
5.712589e-16
-1.7165359e-15
1.5615705e-15
-3.7524265e-15
3.3910513e-15
-6.932305e-15
6.5063032e-15
-1.1804647e-14
1.1563928e-14
-1.9165398e-14
1.9524335e-14
-3.0166142e-14
3.1786224e-14
-4.6468385e-14
5.0378917e-14
-7.0463004e-14
7.8236693e-14
-1.0558142e-13
1.1958892e-13
-1.567352e-13
1.8051306e-13
-2.3093444e-13
2.6971538e-13
-3.3815312e-13
3.9962835e-13
-4.9253258e-13
5.8794474e-13
-7.1404308e-13
8.5974911e-13
-1.0307572e-12
1.2504572e-12
-1.4819278e-12
1.8098351e-12
-2.1221037e-12
2.6074395e-12
-3.0265508e-12
3.7398982e-12
-4.2982731e-12
5.340527e-12
-6.0769304e-12
7.5918531e-12
-8.5499253e-12
1.0741675e-11
-1.1965883e-11
1.5123337e-11
-1.6650689e-11
2.1180935e-11
-2.3026207e-11
2.9500233e-11
-3.163186e-11
4.0846165e-11
-4.314942e-11
5.6207988e-11
-5.8431655e-11
7.6853458e-11
-7.8535897e-11
1.0439377e-10
-1.0476397e-10
1.4086137e-10
-1.3871006e-10
1.8880397e-10
-1.8231982e-10
2.5140029e-10
-2.3796681e-10
3.3259457e-10
-3.0852728e-10
4.3726017e-10
-3.9747362e-10
5.7140015e-10
-5.0903284e-10
7.4240209e-10
-6.4835779e-10
9.5914159e-10
-8.2088404e-10
-1.0410673e-09
1.2341145e-09
1.2339438e-16
-5.7136892e-16
5.9618529e-16
-2.1893267e-15
1.6296676e-15
-4.7859089e-15
3.5388255e-15
-8.8414628e-15
6.7895977e-15
-1.505542e-14
1.2066942e-14
-2.4442743e-14
2.0372619e-14
-3.8471819e-14
3.3165338e-14
-5.9261105e-14
5.2561132e-14
-8.9858799e-14
8.1619056e-14
-1.3463935e-13
1.2474735e-13
-1.998635e-13
1.8827885e-13
-2.9446595e-13
2.8128306e-13
-4.3115733e-13
4.1670685e-13
-6.2795638e-13
6.1296832e-13
-9.1030456e-13
8.9616977e-13
-1.3139586e-12
1.3031476e-12
-1.8889057e-12
1.8856396e-12
-2.7045958e-12
2.7159224e-12
-3.8568336e-12
3.8943504e-12
-5.4767013e-12
5.5593107e-12
-7.7418908e-12
7.9001812e-12
-1.0890796e-11
1.117395e-11
-1.5239652e-11
1.5726204e-11
-2.1202944e-11
2.2017249e-11
-2.9317252e-11
3.0654194e-11
-4.0268805e-11
4.2429953e-11
-5.4925179e-11
5.8370344e-11
-7.4372047e-11
7.9790777e-11
-9.9956331e-11
1.0836444e-10
-1.3333764e-10
1.462042e-10
-1.7654981e-10
1.9596191e-10
-2.3207753e-10
2.6095272e-10
-3.0295762e-10
3.4529761e-10
-3.9287217e-10
4.5409978e-10
-5.0627578e-10
5.9365994e-10
-6.48593e-10
7.7174087e-10
-8.2643872e-10
9.9773977e-10
-1.0468829e-09
-1.3278771e-09
1.2845495e-09
1.2921821e-16
-7.0058697e-16
6.2430219e-16
-2.6844106e-15
1.7064689e-15
-5.8680755e-15
3.7054591e-15
-1.0840453e-14
7.1089833e-15
-1.8458944e-14
1.2633906e-14
-2.9967666e-14
2.1328484e-14
-4.7166397e-14
3.4718845e-14
-7.2651467e-14
5.5018338e-14
-1.1015829e-13
8.5425897e-14
-1.6504691e-13
1.3054999e-13
-2.4498759e-13
1.9700889e-13
-3.6092486e-13
2.9427729e-13
-5.2842574e-13
4.3587469e-13
-7.6955378e-13
6.4102458e-13
-1.1154545e-12
9.3695633e-13
-1.6098904e-12
1.3620748e-12
-2.3140242e-12
1.9702875e-12
-3.3128085e-12
2.8368533e-12
-4.7233995e-12
4.0661984e-12
-6.7060465e-12
5.8022299e-12
-9.4779224e-12
8.2417573e-12
-1.3330323e-11
1.1651706e-11
-1.8649601e-11
1.6390865e-11
-2.5942103e-11
2.293699e-11
-3.5863378e-11
3.1920148e-11
-4.9251963e-11
4.4163369e-11
-6.71684e-11
6.0731903e-11
-9.0940582e-11
8.2992745e-11
-1.2221717e-10
1.1268654e-10
-1.6303143e-10
1.5201405e-10
-2.1587733e-10
2.0374162e-10
-2.8380509e-10
2.7133584e-10
-3.7055185e-10
3.5911527e-10
-4.8065159e-10
4.7244159e-10
-6.1960211e-10
6.179531e-10
-7.9410452e-10
8.0383724e-10
-1.0123229e-09
1.0400899e-09
-1.2831356e-09
-1.6278032e-09
1.340016e-09
1.3573293e-16
-8.3631974e-16
6.5575037e-16
-3.2044279e-15
1.7923587e-15
-7.0046839e-15
3.8917871e-15
-1.2939881e-14
7.4660625e-15
-2.2033219e-14
1.326767e-14
-3.5769274e-14
2.2396744e-14
-5.6295472e-14
3.6454589e-14
-8.6709312e-14
5.7762978e-14
-1.3146668e-13
8.9676548e-14
-1.9696048e-13
1.370264e-13
-2.9233744e-13
2.0674776e-13
-4.3064622e-13
3.0876454e-13
-6.3044252e-13
4.5722991e-13
-9.1801916e-13
6.7225675e-13
-1.3304813e-12
9.8231587e-13
-1.9199495e-12
1.4275349e-12
-2.7592433e-12
2.0641973e-12
-3.949471e-12
2.9708166e-12
-5.6300189e-12
4.256247e-12
-7.991477e-12
6.0703773e-12
-1.1292053e-11
8.6180416e-12
-1.5877988e-11
1.217686e-11
-2.2208419e-11
1.7119796e-11
-3.0885039e-11
2.3943295e-11
-4.2686877e-11
3.3301996e-11
-5.8610664e-11
4.6051164e-11
-7.9917568e-11
6.3298328e-11
-1.0818775e-10
8.6465973e-11
-1.4538482e-10
1.1736766e-10
-1.9393312e-10
1.5829948e-10
-2.5680915e-10
2.121522e-10
-3.3765782e-10
2.825588e-10
-4.4095845e-10
3.740558e-10
-5.7214859e-10
4.9229117e-10
-7.3783748e-10
6.4427871e-10
-9.4609205e-10
8.3867799e-10
-1.2067221e-09
1.0861504e-09
-1.530608e-09
-1.9420796e-09
1.4004268e-09
1.4295856e-16
-9.7927814e-16
6.9062642e-16
-3.7520957e-15
1.8876001e-15
-8.2016576e-15
4.0983766e-15
-1.5150658e-14
7.8619139e-15
-2.5796757e-14
1.3970129e-14
-4.1877489e-14
2.3580558e-14
-6.5905901e-14
3.8377627e-14
-1.0150638e-13
6.0802914e-14
-1.5389197e-13
9.4382942e-14
-2.3054051e-13
1.4419433e-13
-3.4214883e-13
2.1752143e-13
-5.0397333e-13
3.2478225e-13
-7.3770334e-13
4.8082578e-13
-1.0740627e-12
7.067396e-13
-1.5563951e-12
1.032352e-12
-2.245562e-12
1.4996698e-12
-3.2265611e-12
2.1675603e-12
-4.6173615e-12
3.1180656e-12
-6.5805242e-12
4.4648241e-12
-9.3382356e-12
6.3641648e-12
-1.3191393e-11
9.029531e-12
-1.8543354e-11
1.274998e-11
-2.5928868e-11
1.7913583e-11
-3.6048643e-11
2.5036674e-11
-4.9809968e-11
3.479999e-11
-6.837398e-11
4.8093041e-11
-9.3210619e-11
6.6068312e-11
-1.2616302e-10
9.020746e-11
-1.6952397e-10
1.2240215e-10
-2.261278e-10
1.6505078e-10
-2.9945779e-10
2.2117751e-10
-3.9378454e-10
2.9459555e-10
-5.1437649e-10
3.9007823e-10
-6.6763127e-10
5.1358487e-10
-8.6134413e-10
6.7253792e-10
-1.1050451e-09
8.7611076e-10
-1.410295e-09
1.135681e-09
-1.7901783e-09
-2.2718109e-09
1.4654124e-09
1.5089118e-16
-1.1301692e-15
7.2891092e-16
-4.3301153e-15
1.9921391e-15
-9.4648857e-15
4.3251084e-15
-1.7483627e-14
8.296304e-15
-2.9767952e-14
1.474086e-14
-4.8322045e-14
2.4879189e-14
-7.604423e-14
4.0486724e-14
-1.1711392e-13
6.4136116e-14
-1.7754136e-13
9.9541799e-14
-2.6594619e-13
1.5204854e-13
-3.9465557e-13
2.2932157e-13
-5.8124635e-13
3.4231721e-13
-8.5069899e-13
5.0664139e-13
-1.2383869e-12
7.4444007e-13
-1.7941938e-12
1.0870125e-12
-2.5881344e-12
1.5783968e-12
-3.7179453e-12
2.2802455e-12
-5.3192103e-12
3.2783933e-12
-7.5786721e-12
4.691603e-12
-1.0751445e-11
6.6830777e-12
-1.5182868e-11
9.4754174e-12
-2.1335694e-11
1.33698e-11
-2.9823251e-11
1.8770264e-11
-4.1449107e-11
2.6214096e-11
-5.72538e-11
3.6409495e-11
-7.856938e-11
5.0281965e-11
-1.0708309e-10
6.9031271e-11
-1.4491232e-10
9.4201427e-11
-1.9469412e-10
1.2776682e-10
-2.596932e-10
1.722343e-10
-3.4392527e-10
2.3076819e-10
-4.5231844e-10
3.0737402e-10
-5.9098231e-10
4.0707756e-10
-7.6733481e-10
5.3616949e-10
-9.9043606e-10
7.0250602e-10
-1.2713816e-09
9.1580537e-10
-1.6235943e-09
1.1881913e-09
-2.0625642e-09
-2.6178772e-09
1.5342575e-09
1.5949854e-16
-1.2896676e-15
7.7044779e-16
-4.9410645e-15
2.1055483e-15
-1.0799986e-14
4.5710526e-15
-1.9949131e-14
8.7674448e-15
-3.3964344e-14
1.5576674e-14
-5.5131275e-14
2.6287238e-14
-8.6754795e-14
4.2773055e-14
-1.3359973e-13
6.7748534e-14
-2.0251684e-13
1.0513118e-13
-3.0332884e-13
1.6055528e-13
-4.5007968e-13
2.4209684e-13
-6.6278792e-13
3.6129207e-13
-9.6989423e-13
5.3456104e-13
-1.4116559e-12
7.8518605e-13
-2.0448188e-12
1.1460426e-12
-2.948991e-12
1.66334e-12
-4.2352427e-12
2.4017008e-12
-6.0575711e-12
3.4509902e-12
-8.6279615e-12
4.9354001e-12
-1.2235855e-11
7.0253897e-12
-1.7272858e-11
9.9531888e-12
-2.4263493e-11
1.4032676e-11
-3.3902738e-11
1.9684559e-11
-4.7100991e-11
2.7467943e-11
-6.5037183e-11
3.8119548e-11
-8.9220986e-11
5.2602206e-11
-1.2156575e-10
7.2164681e-11
-1.644748e-10
9.8415691e-11
-2.2094513e-10
1.3341599e-10
-2.946935e-10
1.7978563e-10
-3.902949e-10
2.4083262e-10
-5.1336543e-10
3.2076424e-10
-6.7091394e-10
4.2486814e-10
-8.714387e-10
5.5977968e-10
-1.1253476e-09
7.3380151e-10
-1.4454035e-09
9.5721171e-10
-1.8470045e-09
1.2428849e-09
-2.3482374e-09
-2.9808262e-09
1.6058339e-09
1.6871074e-16
-1.4583781e-15
8.1490013e-16
-5.5872538e-15
2.2269074e-15
-1.2211994e-14
4.834211e-15
-2.2556435e-14
9.2715012e-15
-3.8401635e-14
1.6470754e-14
-6.2330528e-14
2.7793187e-14
-9.8077228e-14
4.5217855e-14
-1.510244e-13
7.1610399e-14
-2.2890939e-13
1.111048e-13
-3.4282324e-13
1.6964371e-13
-5.0861859e-13
2.5574017e-13
-7.4888439e-13
3.8154657e-13
-1.0957006e-12
5.6434675e-13
-1.594456e-12
8.2862661e-13
-2.3090987e-12
1.2089276e-12
-3.329292e-12
1.7537487e-12
-4.7800639e-12
2.5308354e-12
-6.8346578e-12
3.6342786e-12
-9.7314047e-12
5.1939418e-12
-1.3795519e-11
7.3878363e-12
-1.9466753e-11
1.0458174e-11
-2.7333832e-11
1.4731946e-11
-3.817651e-11
2.0647005e-11
-5.301605e-11
2.8784811e-11
-7.3174989e-11
3.9911229e-11
-1.003474e-10
5.5027132e-11
-1.3668165e-10
7.5431106e-11
-1.8487877e-10
1.0279756e-10
-2.4831159e-10
1.3927576e-10
-3.311717e-10
1.8760177e-10
-4.3862091e-10
2.5122825e-10
-5.7699191e-10
3.3456554e-10
-7.5425122e-10
4.4316538e-10
-9.8003854e-10
5.8401365e-10
-1.2661959e-09
7.6585352e-10
-1.6272433e-09
9.9951455e-10
-2.0806656e-09
1.2985961e-09
-2.6473189e-09
-3.3608199e-09
1.6785897e-09
1.7840993e-16
-1.6367879e-15
8.6169897e-16
-6.2705428e-15
2.3546631e-15
-1.3704958e-14
5.1112131e-15
-2.5312985e-14
9.8020119e-15
-4.3092433e-14
1.7411624e-14
-6.994014e-14
2.9377679e-14
-1.1004328e-13
4.7789642e-14
-1.6943637e-13
7.567187e-14
-2.5679162e-13
1.1738536e-13
-3.8453673e-13
1.7919584e-13
-5.7042907e-13
2.7007376e-13
-8.3976231e-13
4.028155e-13
-1.2284424e-12
5.9560636e-13
-1.7872469e-12
8.74186e-13
-2.5876784e-12
1.2748275e-12
-3.7299336e-12
1.8484039e-12
-5.3536402e-12
2.6658889e-12
-7.6521428e-12
3.8257273e-12
-1.0891243e-11
5.4636043e-12
-1.5433396e-11
7.7652504e-12
-2.1768399e-11
1.0983036e-11
-3.0551617e-11
1.5457232e-11
-4.2650706e-11
2.1642977e-11
-5.9201796e-11
3.0144179e-11
-8.1676191e-11
4.1755854e-11
-1.1195908e-10
5.7516804e-11
-1.524426e-10
7.8775054e-11
-2.0613702e-10
1.0726964e-10
-2.7680617e-10
1.4523764e-10
-3.691397e-10
1.9553179e-10
-4.8891507e-10
2.6175684e-10
-6.4321696e-10
3.4848827e-10
-8.4098266e-10
4.6156562e-10
-1.0931159e-09
6.0830823e-10
-1.4129385e-09
7.9786892e-10
-1.816804e-09
1.0415878e-09
-2.3243844e-09
1.3536997e-09
-2.9594308e-09
-3.7571616e-09
1.7500414e-09
1.8842621e-16
-1.825214e-15
9.1002146e-16
-6.9921379e-15
2.4865637e-15
-1.52815e-14
5.3971682e-15
-2.822359e-14
1.0349593e-14
-4.8044858e-14
1.8382609e-14
-7.7973157e-14
3.1012567e-14
-1.2267324e-13
5.044261e-14
-1.8886641e-13
7.9860392e-14
-2.862094e-13
1.2386027e-13
-4.2853661e-13
1.8903973e-13
-6.3560853e-13
2.8483834e-13
-9.3556092e-13
4.2471203e-13
-1.3683161e-12
6.2776769e-13
-1.9903026e-12
9.2102414e-13
-2.8809348e-12
1.342517e-12
-4.1514264e-12
1.9455286e-12
-5.9566518e-12
2.8042988e-12
-8.5109129e-12
4.0216599e-12
-1.2108604e-11
5.7391383e-12
-1.7150874e-11
8.1501725e-12
-2.4179433e-11
1.1517221e-11
-3.3918665e-11
1.6193671e-11
-4.7327156e-11
2.2651637e-11
-6.5659762e-11
3.1516954e-11
-9.0541508e-11
4.3612998e-11
-1.2405512e-10
6.0015361e-11
-1.6884496e-10
8.2119942e-11
-2.282416e-10
1.1172733e-10
-3.0641356e-10
1.511541e-10
-4.0856647e-10
2.0335541e-10
-5.4111638e-10
2.7210788e-10
-7.1196943e-10
3.6214127e-10
-9.3101604e-10
4.7953031e-10
-1.2105049e-09
6.3191603e-10
-1.5653242e-09
8.2880302e-10
-2.013691e-09
1.0819622e-09
-2.5775436e-09
1.4061114e-09
-3.28358e-09
-4.1682071e-09
1.8171569e-09
1.9851556e-16
-2.0237294e-15
9.5868856e-16
-7.7523108e-15
2.6193846e-15
-1.6942196e-14
5.6850765e-15
-3.1289282e-14
1.0900827e-14
-5.3260609e-14
1.9359897e-14
-8.6432227e-14
3.2657722e-14
-1.3597107e-13
5.3111576e-14
-2.0932026e-13
8.4072929e-14
-3.1717075e-13
1.3037002e-13
-4.748337e-13
1.9893245e-13
-7.0417097e-13
2.9966877e-13
-1.0362972e-12
4.4669319e-13
-1.5153405e-12
6.6003057e-13
-2.20364e-12
9.6797081e-13
-3.1888751e-12
1.4102959e-12
-4.5937516e-12
2.0426675e-12
-6.5890234e-12
2.9425373e-12
-9.4107827e-12
4.2170325e-12
-1.33831e-11
6.013366e-12
-1.8947208e-11
8.532433e-12
-2.66985e-11
1.2046385e-11
-3.7432617e-11
1.6921117e-11
-5.2201889e-11
2.364481e-11
-7.2383454e-11
3.28639e-11
-9.9760599e-11
4.5428254e-11
-1.3661948e-10
6.2447793e-11
-1.858645e-10
8.5363756e-11
-2.5115757e-10
1.1603915e-10
-3.3708896e-10
1.5685833e-10
-4.4938564e-10
2.1082049e-10
-5.9507854e-10
2.8183416e-10
-7.829831e-10
3.7493543e-10
-1.0241173e-09
4.9636424e-10
-1.3319337e-09
6.5388752e-10
-1.7228475e-09
8.5733564e-10
-2.2171391e-09
1.1188021e-09
-2.8390101e-09
1.4532949e-09
-3.6180727e-09
-4.5915218e-09
1.8766096e-09
2.0836948e-16
-2.2320988e-15
1.0062136e-15
-8.5501549e-15
2.7490714e-15
-1.8685054e-14
5.9661445e-15
-3.4506355e-14
1.1438856e-14
-5.873332e-14
2.0313539e-14
-9.530691e-14
3.4262599e-14
-1.4992013e-13
5.5714287e-14
-2.3077195e-13
8.8179176e-14
-3.4963564e-13
1.3671236e-13
-5.2336688e-13
2.0856508e-13
-7.7602369e-13
3.140992e-13
-1.1418314e-12
4.6806377e-13
-1.6693051e-12
6.9136665e-13
-2.4269428e-12
1.0135165e-12
-3.5110249e-12
1.4759636e-12
-5.0561987e-12
2.1366322e-12
-7.249692e-12
3.0760128e-12
-1.0350163e-11
4.4052706e-12
-1.4712357e-11
6.2769255e-12
-2.0818863e-11
8.898773e-12
-2.9320348e-11
1.2551844e-11
-4.1085688e-11
1.7613367e-11
-5.7263412e-11
2.4585892e-11
-7.9355979e-11
3.4134031e-11
-1.0930874e-10
4.7130638e-11
-1.4961608e-10
6.4714712e-11
-2.0344858e-10
8.8363724e-11
-2.7480658e-10
1.1998208e-10
-3.6870731e-10
1.6200363e-10
-4.9140719e-10
2.1757215e-10
-6.5064706e-10
2.9071706e-10
-8.5612801e-10
3.864843e-10
-1.1198846e-09
5.1125724e-10
-1.4567067e-09
6.7305543e-10
-1.8846457e-09
8.8185172e-10
-2.4259354e-09
1.1498834e-09
-3.1070418e-09
1.4922069e-09
-3.9603963e-09
-5.0236097e-09
1.9242948e-09
2.1756308e-16
-2.4496617e-15
1.0505442e-15
-9.3831359e-15
2.870018e-15
-2.0504527e-14
6.2282166e-15
-3.7864553e-14
1.1940406e-14
-6.444551e-14
2.1202284e-14
-1.0456879e-13
3.5757787e-14
-1.6447563e-13
5.8138186e-14
-2.5315235e-13
9.2001576e-14
-3.8349903e-13
1.4261306e-13
-5.7397837e-13
2.1752108e-13
-8.5093171e-13
3.2750539e-13
-1.2518157e-12
4.8789868e-13
-1.8296983e-12
7.2041771e-13
-2.6594619e-12
1.0556829e-12
-3.8462901e-12
1.5366583e-12
-5.5371741e-12
2.2233081e-12
-7.9363418e-12
3.1988407e-12
-1.1325696e-11
4.5779986e-12
-1.6091515e-11
6.51795e-12
-2.2758814e-11
9.2324529e-12
-3.2034851e-11
1.3010093e-11
-4.4863328e-11
1.8237566e-11
-6.2490884e-11
2.5429187e-11
-8.65476e-11
3.526412e-11
-1.1914367e-10
4.8633175e-11
-1.6298514e-10
6.6697516e-11
-2.2151292e-10
9.0961982e-11
-2.9907105e-10
1.2336603e-10
-4.0111136e-10
1.6639874e-10
-5.344399e-10
2.2326765e-10
-7.0751598e-10
2.9804215e-10
-9.3090251e-10
3.9584899e-10
-1.2176914e-09
5.231407e-10
-1.5839984e-09
6.880043e-10
-2.0495093e-09
9.004295e-10
-2.6383606e-09
1.1725891e-09
-3.3792014e-09
1.5192993e-09
-4.3071064e-09
-5.4597547e-09
1.9554442e-09
2.2564505e-16
-2.6753067e-15
1.0895062e-15
-1.0246997e-14
2.9762869e-15
-2.2391308e-14
6.4583972e-15
-4.1346663e-14
1.2380715e-14
-7.0367828e-14
2.1982062e-14
-1.1417013e-13
3.7068743e-14
-1.7956231e-13
6.0261658e-14
-2.7634527e-13
9.5346897e-14
-4.1858427e-13
1.477712e-13
-6.2640268e-13
2.2533909e-13
-9.2849959e-13
3.3918877e-13
-1.3656654e-12
5.0515087e-13
-1.9956604e-12
7.4562787e-13
-2.8999389e-12
1.0921755e-12
-4.1928377e-12
1.58902e-12
-6.0340185e-12
2.297808e-12
-8.6451298e-12
3.3039606e-12
-1.2331849e-11
4.7250864e-12
-1.7512641e-11
6.7220057e-12
-2.4755733e-11
9.513048e-12
-3.4825893e-11
1.339242e-11
-4.87427e-11
1.8753607e-11
-6.7852072e-11
2.6119013e-11
-9.3913006e-11
3.617732e-11
-1.2920198e-10
4.9830491e-11
-1.7663831e-10
6.8252772e-11
-2.399352e-10
9.2964604e-11
-3.2378288e-10
1.2592506e-10
-4.3407181e-10
1.6964945e-10
-5.7816429e-10
2.2736315e-10
-7.6522968e-10
3.0314985e-10
-1.0066892e-09
4.0214733e-10
-1.3166889e-09
5.3079057e-10
-1.7126416e-09
6.9708837e-10
-2.2158071e-09
9.1085265e-10
-2.8521249e-09
1.1839326e-09
-3.6522813e-09
1.530567e-09
-4.6537408e-09
-5.8939359e-09
1.9647482e-09
2.31918e-16
-2.9072246e-15
1.1197216e-15
-1.11348e-14
3.0586481e-15
-2.4330234e-14
6.6366911e-15
-4.4924706e-14
1.2721565e-14
-7.6452701e-14
2.2585287e-14
-1.2403386e-13
3.8082074e-14
-1.950591e-13
6.1901489e-14
-3.0016468e-13
9.7927359e-14
-4.5461014e-13
1.5174456e-13
-6.8021987e-13
2.3135132e-13
-1.0081064e-12
3.481553e-13
-1.4824693e-12
5.1835829e-13
-2.1658634e-12
7.648685e-13
-3.1464491e-12
1.1199221e-12
-4.5478913e-12
1.628647e-12
-6.5427435e-12
2.3538643e-12
-9.3703471e-12
3.3824923e-12
-1.3360477e-11
4.8340031e-12
-1.8964152e-11
6.871469e-12
-2.6793199e-11
9.7158507e-12
-3.7670275e-11
1.3664303e-11
-5.2691152e-11
1.9113451e-11
-7.330122e-11
2.6588816e-11
-1.0138837e-10
3.6781883e-11
-1.3939505e-10
5.0596718e-11
-1.9045314e-10
6.9208509e-11
-2.5854699e-10
9.4136947e-11
-3.4871132e-10
1.2733799e-10
-4.6727286e-10
1.7131898e-10
-6.2214527e-10
2.2928054e-10
-8.2319125e-10
3.0526632e-10
-1.082675e-09
4.0434429e-10
-1.4157668e-09
5.3281586e-10
-1.8411132e-09
6.9844723e-10
-2.3814384e-09
9.1064062e-10
-3.0643183e-09
1.180611e-09
-3.9222516e-09
1.5216346e-09
-4.9947645e-09
-6.3187796e-09
1.9464783e-09
2.3588298e-16
-3.1431075e-15
1.1388065e-15
-1.2037724e-14
3.1106017e-15
-2.630203e-14
6.7489446e-15
-4.8563049e-14
1.2935633e-14
-8.263939e-14
2.2962979e-14
-1.340612e-13
3.8714175e-14
-2.1081029e-13
6.2919782e-14
-3.2437029e-13
9.9521078e-14
-4.9121144e-13
1.541826e-13
-7.348814e-13
2.3501175e-13
-1.0889355e-12
3.5356368e-13
-1.6010213e-12
5.2623623e-13
-2.338536e-12
7.76193e-13
-3.3964058e-12
1.1359944e-12
-4.9076927e-12
1.6511668e-12
-7.0579159e-12
2.384999e-12
-1.0104179e-11
3.4249232e-12
-1.4400401e-11
4.8909144e-12
-2.0430143e-11
6.9464285e-12
-2.8848713e-11
9.8124994e-12
-4.0536345e-11
1.3785741e-11
-5.6664394e-11
1.9261172e-11
-7.877665e-11
2.6761e-11
-1.088882e-10
3.6970843e-11
-1.4960489e-10
5.0785219e-11
-2.0426752e-10
6.9364627e-11
-2.771264e-10
9.4206931e-11
-3.7355362e-10
1.2723614e-10
-5.0030206e-10
1.7091179e-10
-6.6582092e-10
2.2835953e-10
-8.8063899e-10
3.0351248e-10
-1.1578279e-09
4.0127023e-10
-1.5135246e-09
5.2766616e-10
-1.9675091e-09
6.9003426e-10
-2.5438065e-09
8.9710282e-10
-3.2713868e-09
1.1590954e-09
-4.1842442e-09
1.4878917e-09
-5.3235607e-09
-6.7255444e-09
1.8946565e-09
2.3629362e-16
-3.379401e-15
1.1406938e-15
-1.2942124e-14
3.1155563e-15
-2.8276892e-14
6.7592765e-15
-5.2206769e-14
1.2954571e-14
-8.8834685e-14
2.2994848e-14
-1.4410148e-13
3.8764465e-14
-2.2657991e-13
6.2994918e-14
-3.4860074e-13
9.962752e-14
-5.2784404e-13
1.543246e-13
-7.8957847e-13
2.3518648e-13
-1.1697974e-12
3.5375154e-13
-1.7195863e-12
5.2638236e-13
-2.5111668e-12
7.7617331e-13
-3.6461968e-12
1.1355547e-12
-5.2670741e-12
1.6498163e-12
-7.5721775e-12
2.381828e-12
-1.0836191e-11
3.4182981e-12
-1.5436871e-11
4.8779811e-12
-2.1889826e-11
6.9223246e-12
-3.0893057e-11
9.7691425e-12
-4.3383163e-11
1.3710017e-11
-6.0605269e-11
1.9132293e-11
-8.4198926e-11
2.6546736e-11
-1.1630264e-10
3.6622233e-11
-1.5968038e-10
5.0229265e-11
-2.1787455e-10
6.8494295e-11
-2.9539143e-10
9.2867455e-11
-3.9792678e-10
1.2520596e-10
-5.3264057e-10
1.6787492e-10
-7.0848989e-10
2.2386439e-10
-9.3662846e-10
2.9691405e-10
-1.2308776e-09
3.9164195e-10
-1.6082525e-09
5.1366124e-10
-2.0895284e-09
6.6966565e-10
-2.6998109e-09
8.6742117e-10
-3.4691424e-09
1.1157639e-09
-4.4325869e-09
1.4246828e-09
-5.6324797e-09
-7.1041183e-09
1.8032568e-09
2.331283e-16
-3.6125293e-15
1.1253873e-15
-1.3834383e-14
3.0735778e-15
-3.0225083e-14
6.6676298e-15
-5.5800821e-14
1.2777488e-14
-9.4944543e-14
2.2677361e-14
-1.5400135e-13
3.8222796e-14
-2.4212535e-13
6.2102124e-14
-3.7248007e-13
9.8192002e-14
-5.6393392e-13
1.5205792e-13
-8.4344439e-13
2.3165514e-13
-1.2493946e-12
3.4830476e-13
-1.836236e-12
5.1804401e-13
-2.680906e-12
7.6348063e-13
-3.8916334e-12
1.1163186e-12
-5.6199121e-12
1.6207672e-12
-8.0766261e-12
2.3380959e-12
-1.1553519e-11
3.3526554e-12
-1.645143e-11
4.7797478e-12
-2.3316918e-11
6.7757946e-12
-3.2889104e-11
9.5513324e-12
-4.6158701e-11
1.3387465e-11
-6.4441401e-11
1.8656544e-11
-8.9468005e-11
2.5848063e-11
-1.2349416e-10
3.5601015e-11
-1.6943334e-10
4.8744302e-11
-2.3101784e-10
6.6347036e-11
-3.1299416e-10
8.9780702e-11
-4.2136044e-10
1.2079472e-10
-5.6365459e-10
1.6160573e-10
-7.4930089e-10
2.1499751e-10
-9.9002024e-10
2.8442231e-10
-1.3003024e-09
3.7409198e-10
-1.6979221e-09
4.8903533e-10
-2.2044718e-09
6.3508945e-10
-2.8458651e-09
8.1876153e-10
-3.6528144e-09
1.0470768e-09
-4.6609022e-09
1.3275371e-09
-5.9129399e-09
-7.4429994e-09
1.6664181e-09
2.2364963e-16
-3.8361788e-15
1.0794481e-15
-1.4690181e-14
2.947833e-15
-3.2093467e-14
6.394457e-15
-5.9247445e-14
1.2253412e-14
-1.008035e-13
2.1746293e-14
-1.6349423e-13
3.6651844e-14
-2.570309e-13
5.9546759e-14
-3.9537498e-13
9.4146027e-14
-5.9853319e-13
1.4578172e-13
-8.9508009e-13
2.2207299e-13
-1.3256859e-12
3.3385787e-13
-1.9480208e-12
4.9648046e-13
-2.8435286e-12
7.3155496e-13
-4.1267079e-12
1.0693619e-12
-5.957719e-12
1.5520709e-12
-8.5593351e-12
2.2380282e-12
-1.2239477e-11
3.2073947e-12
-1.7420797e-11
4.5694713e-12
-2.4678995e-11
6.4721075e-12
-3.479174e-11
9.1136586e-12
-4.8800252e-11
1.2758048e-11
-6.808579e-11
1.7753613e-11
-9.446357e-11
2.4556589e-11
-1.3029714e-10
3.3760284e-11
-1.7863703e-10
4.6131269e-11
-2.4338882e-10
6.2654056e-11
-3.2951695e-10
8.4585659e-11
-4.4329205e-10
1.1352072e-10
-5.9258965e-10
1.5146602e-10
-7.8724619e-10
2.0091958e-10
-1.0394738e-09
2.6494294e-10
-1.3643258e-09
3.4720914e-10
-1.7801883e-09
4.5199525e-10
-2.3092579e-09
5.8407291e-10
-2.9779427e-09
7.484169e-10
-3.8171584e-09
9.4982626e-10
-4.8623115e-09
1.192507e-09
-6.1556207e-09
-7.7294449e-09
1.4789525e-09
2.100244e-16
-4.0462032e-15
1.0137593e-15
-1.5493916e-14
2.7683084e-15
-3.3848017e-14
6.0042093e-15
-6.2483346e-14
1.1503272e-14
-1.0630256e-13
2.0409663e-14
-1.7240062e-13
3.4387938e-14
-2.7100917e-13
5.5846955e-14
-4.16834e-13
8.8255708e-14
-6.3094194e-13
1.3658663e-13
-9.4341101e-13
2.0793432e-13
-1.3970336e-12
3.1237371e-13
-2.0524602e-12
4.6414187e-13
-2.9952968e-12
6.8325252e-13
-4.3458186e-12
9.9768195e-13
-6.2721484e-12
1.446299e-12
-9.0079521e-12
2.0827498e-12
-1.2875928e-11
2.9805475e-12
-1.8318595e-11
4.2396582e-12
-2.5938105e-11
5.9949122e-12
-3.6546994e-11
8.4266165e-12
-5.1231956e-11
1.1773797e-11
-7.1432971e-11
1.6350597e-11
-9.9040369e-11
2.2566487e-11
-1.3651303e-10
3.0951166e-11
-1.8702171e-10
4.2185154e-11
-2.5462281e-10
5.7137176e-11
-3.4446897e-10
7.6909043e-11
-4.6306392e-10
1.0288772e-10
-6.1856832e-10
1.3680197e-10
-8.2116044e-10
1.8077696e-10
-1.0834488e-09
2.3737338e-10
-1.4209222e-09
3.0958928e-10
-1.8524042e-09
4.0078877e-10
-2.4004574e-09
5.1449948e-10
-3.0916534e-09
6.5397676e-10
-3.9566357e-09
8.2155426e-10
-5.029889e-09
1.0172273e-09
-6.3512938e-09
-7.9498147e-09
1.2375971e-09
1.8621892e-16
-4.2324221e-15
8.9858055e-16
-1.6206278e-14
2.4533979e-15
-3.5402834e-14
5.3207487e-15
-6.5350697e-14
1.0193352e-14
-1.1117516e-13
1.8084985e-14
-1.8029226e-13
3.0470474e-14
-2.8339466e-13
4.9483995e-14
-4.3584752e-13
7.8198666e-14
-6.5965661e-13
1.2101873e-13
-9.8623108e-13
1.8422643e-13
-1.4602412e-12
2.7673936e-13
-2.1449731e-12
4.1115141e-13
-3.1297088e-12
6.0515057e-13
-4.5398177e-12
8.8343058e-13
-6.5504284e-12
1.2802392e-12
-9.4047607e-12
1.8427318e-12
-1.343842e-11
2.6353252e-12
-1.9111188e-11
3.7452697e-12
-2.704805e-11
5.2896811e-12
-3.8091405e-11
7.4243067e-12
-5.3366582e-11
1.0354338e-11
-7.4363003e-11
1.4347657e-11
-1.0303369e-10
1.9750975e-11
-1.4191634e-10
2.7009465e-11
-1.942802e-10
3.6690493e-11
-2.6430384e-10
4.9511999e-11
-3.5729048e-10
6.6375505e-11
-4.7992742e-10
8.840244e-11
-6.4059525e-10
1.1696987e-10
-8.4972788e-10
1.5373741e-10
-1.1202163e-09
2.0065039e-10
-1.4678352e-09
2.5989595e-10
-1.9116498e-09
3.3377648e-10
-2.4743379e-09
4.2444446e-10
-3.1823214e-09
5.3340359e-10
-4.0655948e-09
6.6083757e-10
-5.157323e-09
8.0332395e-10
-6.4937801e-09
-8.0899429e-09
9.4345211e-10
1.6199941e-16
-4.3944216e-15
7.8171726e-16
-1.6825996e-14
2.1342274e-15
-3.6755344e-14
4.6281208e-15
-6.784459e-14
8.8652437e-15
-1.1541229e-13
1.5725917e-14
-1.8715293e-13
2.6489994e-14
-2.9415874e-13
4.3008061e-14
-4.5236559e-13
6.7942339e-14
-6.8459089e-13
1.0510374e-13
-1.0233925e-12
1.5992041e-13
-1.5150579e-12
2.4008425e-13
-2.225137e-12
3.5643521e-13
-3.2460598e-12
5.2415916e-13
-4.7075417e-12
7.6439189e-13
-6.7906612e-12
1.1063399e-12
-9.7467087e-12
1.5900446e-12
-1.3922125e-11
2.2699288e-12
-1.9791072e-11
3.2192725e-12
-2.7997394e-11
4.5357673e-12
-3.94079e-11
6.3482978e-12
-5.5179112e-11
8.8251089e-12
-7.6839814e-11
1.2183542e-11
-1.0639212e-10
1.6701573e-11
-1.4643437e-10
2.2731414e-11
-2.0031004e-10
3.0715424e-11
-2.7228785e-10
4.1204259e-11
-3.6777931e-10
5.487643e-11
-4.9359959e-10
7.2556792e-11
-6.5827562e-10
9.5228573e-11
-8.7239966e-10
1.2402899e-10
-1.1490167e-09
1.6021213e-10
-1.5040183e-09
2.0505551e-10
-1.9564932e-09
2.5968021e-10
-2.5289626e-09
3.2474397e-10
-3.2473852e-09
3.9994112e-10
-4.140792e-09
4.8366485e-10
-5.2410467e-09
5.7253192e-10
-6.5826472e-09
-8.1949284e-09
6.7751749e-10
1.1690222e-16
-4.5113238e-15
5.6394072e-16
-1.7273034e-14
1.5390644e-15
-3.7730468e-14
3.3358092e-15
-6.9641335e-14
6.3857983e-15
-1.1846228e-13
1.1319083e-14
-1.9208621e-13
1.9049481e-14
-3.0188914e-13
3.089463e-14
-4.6421074e-13
4.8743887e-14
-7.0244014e-13
7.5291571e-14
-1.0499402e-12
1.143585e-13
-1.5541248e-12
1.713313e-13
-2.2821098e-12
2.5375658e-13
-3.3284851e-12
3.7213491e-13
-4.82592e-12
5.4096759e-13
-6.9594938e-12
7.8011484e-13
-9.985856e-12
1.1165269e-12
-1.4258537e-11
1.5864063e-12
-2.0260952e-11
2.2378477e-12
-2.8648835e-11
3.1339838e-12
-4.0304036e-11
4.3566362e-12
-5.6401765e-11
6.0104412e-12
-7.8493619e-11
8.2273927e-12
-1.0860907e-10
1.1171717e-11
-1.493787e-10
1.5044956e-11
-2.0418328e-10
2.0090978e-11
-2.7733387e-10
2.6600236e-11
-3.7428857e-10
3.4911654e-11
-5.0191101e-10
4.5408751e-11
-6.6877271e-10
5.8503727e-11
-8.8549463e-10
7.4599037e-11
-1.1651121e-09
9.4010781e-11
-1.52343e-09
1.1683334e-10
-1.9793157e-09
1.427255e-10
-2.5548547e-09
1.7058869e-10
-3.2752484e-09
1.9803171e-10
-4.168235e-09
2.2118857e-10
-5.2642036e-09
2.3453672e-10
-6.5959953e-09
-8.1942356e-09
2.3384394e-10
6.2416102e-17
-4.57374e-15
3.0072006e-16
-1.7511338e-14
8.1991476e-16
-3.8249662e-14
1.7754704e-15
-7.0596891e-14
3.3954391e-15
-1.2008225e-13
6.0117407e-15
-1.9470252e-13
1.0104084e-14
-3.0598148e-13
1.6361193e-14
-4.7046784e-13
2.5765455e-14
-7.1184441e-13
3.9708834e-14
-1.0638835e-12
6.0149756e-14
-1.5745658e-12
8.9822497e-14
-2.3117825e-12
1.3251189e-13
-3.3711745e-12
1.9340612e-13
-4.8868142e-12
2.7953772e-13
-7.0456254e-12
4.0031597e-13
-1.0106634e-11
5.6814024e-13
-1.4426361e-11
7.9906128e-13
-2.0491873e-11
1.1134243e-12
-2.8963198e-11
1.5363837e-12
-4.0726995e-11
2.0981279e-12
-5.6963509e-11
2.8335969e-12
-7.9229088e-11
3.781415e-12
-1.0955689e-10
4.9816818e-12
-1.5057897e-10
6.4721301e-12
-2.0567373e-10
8.2818817e-12
-2.7914362e-10
1.0421487e-11
-3.7642817e-10
1.2866895e-11
-5.0435642e-10
1.5533237e-11
-6.7143905e-10
1.8231577e-11
-8.8819297e-10
2.0598219e-11
-1.1674787e-09
2.1982142e-11
-1.524814e-09
2.1273409e-11
-1.978607e-09
1.6662939e-11
-2.5502443e-09
5.3282972e-12
-3.2639137e-09
-1.7224704e-11
-4.145682e-09
-5.7251959e-11
-5.2241763e-09
-1.2305851e-10
-6.5301888e-09
-8.0932178e-09
-2.2407631e-10
4.2701665e-18
-4.5780103e-15
2.0096158e-17
-1.7527164e-14
5.3459324e-17
-3.8283026e-14
1.1237691e-16
-7.0655809e-14
2.0718886e-16
-1.2017706e-13
3.504722e-16
-1.948458e-13
5.5611582e-16
-3.0618712e-13
8.3664908e-16
-4.7074838e-13
1.1971807e-15
-7.1220494e-13
1.6230487e-15
-1.0643094e-12
2.0561838e-15
-1.5749989e-12
2.3517483e-15
-2.3120781e-12
2.2011003e-15
-3.3710238e-12
9.9849269e-16
-4.8856116e-12
-2.3842698e-15
-7.0422427e-12
-9.9705351e-15
-1.0099048e-11
-2.5282201e-14
-1.441105e-11
-5.4295862e-14
-2.0462859e-11
-1.0692521e-13
-2.8910569e-11
-1.9926891e-13
-4.0634652e-11
-3.5694352e-13
-5.6805834e-11
-6.1991568e-13
-7.8966116e-11
-1.0493576e-12
-1.0912745e-10
-1.7371841e-12
-1.4989114e-10
-2.819124e-12
-2.0459179e-10
-4.4925211e-12
-2.7747023e-10
-7.040684e-12
-3.7388001e-10
-1.0866705e-11
-5.005304e-10
-1.6541409e-11
-6.6576435e-10
-2.4872535e-11
-8.7986185e-10
-3.7005065e-11
-1.1553462e-09
-5.4565028e-11
-1.507254e-09
-7.9860186e-11
-1.9533119e-09
-1.16151e-10
-2.5139534e-09
-1.6787781e-10
-3.2121869e-09
-2.4157617e-10
-4.0719836e-09
-3.4574091e-10
-5.1200116e-09
-4.9094928e-10
-6.3849804e-09
-7.8941929e-09
-6.8997426e-10
-5.9386942e-17
-4.5186234e-15
-2.8726351e-16
-1.7299288e-14
-7.8607462e-16
-3.7784215e-14
-1.7089762e-15
-6.9732907e-14
-3.2833119e-15
-1.1860272e-13
-5.8446563e-15
-1.9228445e-13
-9.8861478e-15
-3.0214563e-13
-1.6129914e-14
-4.6450461e-13
-2.5630395e-14
-7.0270446e-13
-3.9923694e-14
-1.0500161e-12
-6.1243232e-14
-1.5536794e-12
-9.2830808e-14
-2.2804905e-12
-1.3938456e-13
-3.3244701e-12
-2.0770279e-13
-4.8172934e-12
-3.0760668e-13
-6.9423388e-12
-4.532579e-13
-9.9533967e-12
-6.6503092e-13
-1.4199277e-11
-9.7215699e-13
-2.0155733e-11
-1.4164282e-12
-2.8466297e-11
-2.0573372e-12
-3.9993743e-11
-2.9791288e-12
-5.5884042e-11
-4.3003581e-12
-7.7644886e-11
-6.1866862e-12
-1.0724112e-10
-8.8678301e-12
-1.4721e-10
-1.2659845e-11
-2.0079977e-10
-1.7994343e-11
-2.7213573e-10
-2.5456929e-11
-3.6641743e-10
-3.5838227e-11
-4.901491e-10
-5.0202486e-11
-6.5140009e-10
-6.9980827e-11
-8.6008351e-10
-9.7098137e-11
-1.1282289e-09
-1.3414212e-10
-1.47021e-09
-1.8457798e-10
-1.902876e-09
-2.5308134e-10
-2.4454501e-09
-3.4558747e-10
-3.1196808e-09
-4.7053247e-10
-3.9470386e-09
-6.3826497e-10
-4.9522791e-09
-8.6131296e-10
-6.1619324e-09
-7.6006446e-09
-1.1548612e-09
-1.2524624e-16
-4.3933773e-15
-6.0517309e-16
-1.6819361e-14
-1.6543549e-15
-3.6735033e-14
-3.592738e-15
-6.7794524e-14
-6.8937275e-15
-1.1530173e-13
-1.2253479e-14
-1.869247e-13
-2.0690519e-14
-2.9370859e-13
-3.3688651e-14
-4.5150648e-13
-5.3401496e-14
-6.8299161e-13
-8.2944513e-14
-1.0204731e-12
-1.2681079e-13
-1.5098131e-12
-1.9146126e-13
-2.21584e-12
-2.8615948e-13
-3.2297718e-12
-4.2414764e-13
-4.6793052e-12
-6.2429523e-13
-6.7421912e-12
-9.1339769e-13
-9.6642943e-12
-1.3293605e-12
-1.3783314e-11
-1.9255777e-12
-1.9559516e-11
-2.7769014e-12
-2.7614974e-11
-3.9877079e-12
-3.8782936e-11
-5.7026856e-12
-5.4169065e-11
-8.1211191e-12
-7.5226453e-11
-1.1515612e-11
-1.0384663e-10
-1.6256414e-11
-1.424692e-10
-2.2842806e-11
-1.9421338e-10
-3.1943485e-11
-2.6303505e-10
-4.4448539e-11
-3.5391237e-10
-6.1536684e-11
-4.7306096e-10
-8.4762883e-11
-6.2817389e-10
-1.1617332e-10
-8.2867307e-10
-1.5845634e-10
-1.0859458e-09
-2.151332e-10
-1.4135332e-09
-2.9075639e-10
-1.8272528e-09
-3.9125267e-10
-2.3449538e-09
-5.2433505e-10
-2.9865984e-09
-6.995087e-10
-3.771865e-09
-9.2880806e-10
-4.7229797e-09
-1.2268824e-09
-5.8638581e-09
-7.2172362e-09
-1.6102908e-09
-1.9284421e-16
-4.2005333e-15
-9.3149468e-16
-1.6080711e-14
-2.5455888e-15
-3.5120939e-14
-5.5261407e-15
-6.4813972e-14
-1.0598827e-14
-1.1022905e-13
-1.8829311e-14
-1.7869422e-13
-3.1774224e-14
-2.8076368e-13
-5.1696994e-14
-4.3158371e-13
-8.1875509e-14
-6.528131e-13
-1.270393e-13
-9.753093e-13
-1.9398865e-13
-1.4428637e-12
-2.9246782e-13
-2.1173609e-12
-4.3639147e-13
-3.0858482e-12
-6.4555827e-13
-4.4701384e-12
-9.4803162e-13
-6.4397178e-12
-1.3834258e-12
-9.2289e-12
-2.0074089e-12
-1.3159331e-11
-2.8978216e-12
-1.8669103e-11
-4.1629189e-12
-2.6349876e-11
-5.9523619e-12
-3.6993493e-11
-8.4717283e-12
-5.1649699e-11
-1.2001474e-11
-7.1696707e-11
-1.6921471e-11
-9.892663e-11
-2.3742494e-11
-1.3564817e-10
-3.3146363e-11
-1.8480951e-10
-4.6036936e-11
-2.5014448e-10
-6.3604776e-11
-3.3634453e-10
-8.7409246e-11
-4.4925649e-10
-1.1948287e-10
-5.9610027e-10
-1.6246448e-10
-7.8569147e-10
-2.1977132e-10
-1.028639e-09
-2.9582991e-10
-1.3374746e-09
-3.9635425e-10
-1.7267285e-09
-5.2806228e-10
-2.2132457e-09
-7.0014104e-10
-2.8145196e-09
-9.2372645e-10
-3.5482796e-09
-1.2120155e-09
-4.4346906e-09
-1.5810012e-09
-5.4948724e-09
-6.7496638e-09
-2.0485735e-09
-2.6003268e-16
-3.9405008e-15
-1.2558134e-15
-1.508493e-14
-3.4313181e-15
-3.2945434e-14
-7.4475669e-15
-6.0797724e-14
-1.4280945e-14
-1.0339567e-13
-2.5364343e-14
-1.6761082e-13
-4.2789173e-14
-2.6333885e-13
-6.9593677e-14
-4.0477921e-13
-1.1017306e-13
-6.1223371e-13
-1.7086092e-13
-9.1462144e-13
-2.6075024e-13
-1.3529744e-12
-3.9284775e-13
-1.9852633e-12
-5.8568888e-13
-2.8930071e-12
-8.6558436e-13
-4.1902429e-12
-1.2697259e-12
-6.0355763e-12
-1.8504484e-12
-8.6481776e-12
-2.6810325e-12
-1.2328747e-11
-3.8635348e-12
-1.7486601e-11
-5.5392521e-12
-2.4674159e-11
-7.9025638e-12
-3.4630182e-11
-1.1219053e-11
-4.833321e-11
-1.5848983e-11
-6.7066778e-11
-2.2277418e-11
-9.2498195e-11
-3.1152552e-11
-1.2677304e-10
-4.3334136e-11
-1.7262793e-10
-5.9954401e-11
-2.3352421e-10
-8.2494428e-11
-3.1380451e-10
-1.1287962e-10
-4.188713e-10
-1.5359853e-10
-5.5538136e-10
-2.0784933e-10
-7.3144067e-10
-2.7971617e-10
-9.5677214e-10
-3.7437991e-10
-1.2428108e-09
-4.985418e-10
-1.6025666e-09
-6.6046979e-10
-2.0513178e-09
-8.7002435e-10
-2.6049651e-09
-1.13922e-09
-3.2790839e-09
-1.4826535e-09
-4.0912571e-09
-1.9174925e-09
-5.0600334e-09
-6.2044424e-09
-2.4627139e-09
-3.2539261e-16
-3.6151084e-15
-1.5713033e-15
-1.383902e-14
-4.292913e-15
-3.0223824e-14
-9.3165593e-15
-5.5774078e-14
-1.7862382e-14
-9.4849845e-14
-3.1720239e-14
-1.5375296e-13
-5.3501274e-14
-2.4155782e-13
-8.6996529e-14
-3.7128395e-13
-1.3768645e-13
-5.6154379e-13
-2.1346205e-13
-8.3884584e-13
-3.2564147e-13
-1.240795e-12
-4.9039618e-13
-1.8205086e-12
-7.3074142e-13
-2.6526618e-12
-1.0792974e-12
-3.8416869e-12
-1.5820937e-12
-5.53278e-12
-2.3037712e-12
-7.9265001e-12
-3.3346338e-12
-1.1297884e-11
-4.8001206e-12
-1.6021114e-11
-6.8733974e-12
-2.2600882e-11
-9.791922e-12
-3.1711657e-11
-1.3878998e-11
-4.4246134e-11
-1.9571521e-11
-6.1374254e-11
-2.7455359e-11
-8.4614358e-11
-3.8310047e-11
-1.1591835e-10
-5.3164906e-11
-1.5777307e-10
-7.3369068e-11
-2.1332005e-10
-1.006785e-10
-2.8649508e-10
-1.373636e-10
-3.821862e-10
-1.8634132e-10
-5.0640365e-10
-2.5133541e-10
-6.6644657e-10
-3.3706801e-10
-8.7103954e-10
-4.4948303e-10
-1.1303958e-09
-5.9589599e-10
-1.4561536e-09
-7.8562423e-10
-1.8615895e-09
-1.0297993e-09
-2.36079e-09
-1.3413341e-09
-2.9675492e-09
-1.7356234e-09
-3.6969678e-09
-2.2306565e-09
-4.5650003e-09
-5.5887052e-09
-2.8463937e-09
-3.8710041e-16
-3.2280083e-15
-1.8691556e-15
-1.2356965e-14
-5.1063213e-15
-2.6986659e-14
-1.1080987e-14
-4.9799412e-14
-2.1243375e-14
-8.4687458e-14
-3.7720266e-14
-1.3727607e-13
-6.3613312e-14
-2.1566477e-13
-1.0342397e-13
-3.3147329e-13
-1.636567e-13
-5.0131106e-13
-2.5367188e-13
-7.4883066e-13
-3.8688659e-13
-1.1075803e-12
-5.8245696e-13
-1.6249383e-12
-8.6762201e-13
-2.3674968e-12
-1.2809488e-12
-3.4283601e-12
-1.8767933e-12
-4.9369354e-12
-2.7313841e-12
-7.0719094e-12
-3.9510446e-12
-1.0078223e-11
-5.6831986e-12
-1.428896e-11
-8.1309466e-12
-2.0153134e-11
-1.1572159e-11
-2.8270445e-11
-1.6384208e-11
-3.9434085e-11
-2.3075653e-11
-5.4682809e-11
-3.2326431e-11
-7.536358e-11
-4.5038369e-11
-1.0320641e-10
-6.2398223e-11
-1.4041322e-10
-8.595584e-11
-1.8976243e-10
-1.1772051e-10
-2.547304e-10
-1.6027893e-10
-3.3962778e-10
-2.1693799e-10
-4.4974459e-10
-2.9189504e-10
-5.9148952e-10
-3.904352e-10
-7.7249938e-10
-5.1914713e-10
-1.0016839e-09
-6.8611928e-10
-1.2891815e-09
-9.0135454e-10
-1.6463542e-09
-1.1768981e-09
-2.0852464e-09
-1.5265883e-09
-2.6178589e-09
-1.966582e-09
-3.2569741e-09
-2.5154822e-09
-4.0161001e-09
-4.9101417e-09
-3.1940458e-09
-4.4358553e-16
-2.784423e-15
-2.1417948e-15
-1.0658756e-14
-5.8508649e-15
-2.3277589e-14
-1.2695997e-14
-4.295428e-14
-2.4337952e-14
-7.3045503e-14
-4.3211788e-14
-1.1840224e-13
-7.2867897e-14
-1.8600866e-13
-1.1845755e-13
-2.8588364e-13
-1.8742171e-13
-4.323469e-13
-2.9046425e-13
-6.4578812e-13
-4.4292092e-13
-9.5512361e-13
-6.6667531e-13
-1.4011839e-12
-9.9282491e-13
-2.0413472e-12
-1.4653671e-12
-2.955818e-12
-2.1462575e-12
-4.256045e-12
-3.1222952e-12
-6.0958716e-12
-4.5144075e-12
-8.6861111e-12
-6.4900462e-12
-1.2313321e-11
-9.2795581e-12
-1.7363623e-11
-1.3197561e-11
-2.4352442e-11
-1.8670534e-11
-3.3961113e-11
-2.6272029e-11
-4.7081314e-11
-3.6767147e-11
-6.4868462e-11
-5.1168198e-11
-8.8805364e-11
-7.0803805e-11
-1.2077761e-10
-9.7404121e-11
-1.6316212e-10
-1.3320514e-10
-2.1892938e-10
-1.8107525e-10
-2.9175768e-10
-2.4466659e-10
-3.8615325e-10
-3.2859248e-10
-5.0756364e-10
-4.3862841e-10
-6.6246345e-10
-5.8192777e-10
-8.5838451e-10
-7.67239e-10
-1.1038702e-09
-1.0052026e-09
-1.4083906e-09
-1.3085007e-09
-1.7819483e-09
-1.6917384e-09
-2.2346212e-09
-2.1717373e-09
-2.7769752e-09
-2.7676346e-09
-3.4202028e-09
-4.1769242e-09
-3.500852e-09
-4.9325302e-16
-2.2911702e-15
-2.3815163e-15
-8.7704924e-15
-6.5054952e-15
-1.915361e-14
-1.4115945e-14
-3.5343831e-14
-2.7058721e-14
-6.0102727e-14
-4.8039892e-14
-9.7421066e-14
-8.1004336e-14
-1.5304422e-13
-1.3167456e-13
-2.3521341e-13
-2.0831472e-13
-3.5570673e-13
-3.2280958e-13
-5.3129326e-13
-4.921812e-13
-7.8575199e-13
-7.4071002e-13
-1.1526551e-12
-1.1028838e-12
-1.6791734e-12
-1.6274702e-12
-2.4312316e-12
-2.3830991e-12
-3.5004161e-12
-3.4658492e-12
-5.0131215e-12
-5.0094624e-12
-7.142498e-12
-7.1989535e-12
-1.012383e-11
-1.0288545e-11
-1.4274031e-11
-1.4625025e-11
-2.0015962e-11
-2.0677814e-11
-2.7908323e-11
-2.9077226e-11
-3.8681903e-11
-4.0662624e-11
-5.3283065e-11
-5.6542479e-11
-7.2925509e-11
-7.8168628e-11
-9.9151461e-11
-1.074274e-10
-1.3390335e-10
-1.4675054e-10
-1.7960625e-10
-1.9924866e-10
-2.3925955e-10
-2.6886944e-10
-3.1653247e-10
-3.605803e-10
-4.1585278e-10
-4.8057217e-10
-5.4247158e-10
-6.3647491e-10
-7.0248177e-10
-8.3757345e-10
-9.0277168e-10
-1.0950448e-09
-1.1509193e-09
-1.4220863e-09
-1.4549067e-09
-1.8338849e-09
-1.8228226e-09
-2.3477904e-09
-2.2630697e-09
-2.9834052e-09
-2.7845881e-09
-3.3976143e-09
-3.7627151e-09
-5.3479945e-16
-1.7563711e-15
-2.5820416e-15
-6.7232504e-15
-7.0530635e-15
-1.4682589e-14
-1.5303616e-14
-2.7093279e-14
-2.9334325e-14
-4.6072018e-14
-5.2077849e-14
-7.4677544e-14
-8.7808851e-14
-1.1731322e-13
-1.4272733e-13
-1.8029493e-13
-2.257855e-13
-2.7264857e-13
-3.4985495e-13
-4.0722381e-13
-5.3336667e-13
-6.0224027e-13
-8.0260329e-13
-8.8341845e-13
-1.1948838e-12
-1.2868929e-12
-1.7629583e-12
-1.863157e-12
-2.5810268e-12
-2.6823477e-12
-3.7529091e-12
-3.8412392e-12
-5.4230325e-12
-5.4723746e-12
-7.791049e-12
-7.7558139e-12
-1.1131067e-11
-1.0934013e-11
-1.5816652e-11
-1.5330377e-11
-2.2352941e-11
-2.1372035e-11
-3.1417403e-11
-2.9617441e-11
-4.391103e-11
-4.0789438e-11
-6.1021971e-11
-5.5814569e-11
-8.4303966e-11
-7.5869467e-11
-1.1577223e-10
-1.0243508e-10
-1.5801959e-10
-1.3735889e-10
-2.1435542e-10
-1.8292373e-10
-2.8896888e-10
-2.4191901e-10
-3.871156e-10
-3.1770606e-10
-5.1532288e-10
-4.1426429e-10
-6.8160343e-10
-5.3620121e-10
-8.9566397e-10
-6.8871114e-10
-1.1691047e-09
-8.7747856e-10
-1.5155325e-09
-1.1084789e-09
-1.9505707e-09
-1.3877845e-09
-2.4919683e-09
-1.7216721e-09
-3.1597079e-09
-2.1168485e-09
-2.5810802e-09
-3.976242e-09
-5.6611051e-16
-1.1902609e-15
-2.733188e-15
-4.5561732e-15
-7.4659627e-15
-9.949814e-15
-1.6199833e-14
-1.8359409e-14
-3.1053376e-14
-3.1218476e-14
-5.5132956e-14
-5.0597963e-14
-9.2967834e-14
-7.9478338e-14
-1.5112918e-13
-1.2213359e-13
-2.3910641e-13
-1.8467134e-13
-3.7054052e-13
-2.757897e-13
-5.6495764e-13
-4.0782315e-13
-8.5019561e-13
-5.9818048e-13
-1.2657716e-12
-8.713169e-13
-1.8675265e-12
-1.2614021e-12
-2.7339803e-12
-1.8158939e-12
-3.9749538e-12
-2.6002657e-12
-5.7431511e-12
-3.7041773e-12
-8.2495558e-12
-5.2494093e-12
-1.178366e-11
-7.3999088e-12
-1.6739732e-11
-1.0374306e-11
-2.3650497e-11
-1.4461271e-11
-3.3229828e-11
-2.003811e-11
-4.6426245e-11
-2.7593022e-11
-6.4489277e-11
-3.7751538e-11
-8.9051066e-11
-5.130768e-11
-1.2222581e-10
-6.9260336e-11
-1.6672981e-10
-9.2854895e-11
-2.2602439e-10
-1.2362916e-10
-3.0448278e-10
-1.6346061e-10
-4.0757951e-10
-2.1460934e-10
-5.4209621e-10
-2.7974759e-10
-7.1633293e-10
-3.6196449e-10
-9.4030884e-10
-4.6473523e-10
-1.2259374e-09
-5.9184999e-10
-1.5871295e-09
-7.4728678e-10
-2.0398202e-09
-9.3509381e-10
-2.6020473e-09
-1.1594449e-09
-3.2940803e-09
-1.4248155e-09
-1.7364275e-09
-4.1387329e-09
-5.8789864e-16
-6.0236253e-16
-2.8384663e-15
-2.3056057e-15
-7.7543874e-15
-5.033893e-15
-1.6828186e-14
-9.2856101e-15
-3.2263304e-14
-1.5783358e-14
-5.7290955e-14
-2.5570313e-14
-9.6621938e-14
-4.0147356e-14
-1.5708763e-13
-6.1667889e-14
-2.4854324e-13
-9.321573e-14
-3.8514298e-13
-1.3918996e-13
-5.8714814e-13
-2.0581799e-13
-8.834508e-13
-3.0187782e-13
-1.3150612e-12
-4.397065e-13
-1.939921e-12
-6.3654233e-13
-2.8394882e-12
-9.1632663e-13
-4.1276674e-12
-1.3120866e-12
-5.9627995e-12
-1.8690452e-12
-8.5635885e-12
-2.6486204e-12
-1.2230012e-11
-3.7334853e-12
-1.7370446e-11
-5.2338715e-12
-2.4536417e-11
-7.2953006e-12
-3.4466587e-11
-1.0107939e-11
-4.8141815e-11
-1.3917795e-11
-6.6853354e-11
-1.904e-11
-9.2286567e-11
-2.5874468e-11
-1.2662277e-10
-3.4924138e-11
-1.7266182e-10
-4.6815844e-11
-2.3396771e-10
-6.2323272e-11
-3.1503779e-10
-8.2390527e-11
-4.2149373e-10
-1.0815339e-10
-5.6028758e-10
-1.4095373e-10
-7.3991084e-10
-1.8234123e-10
-9.705891e-10
-2.3405696e-10
-1.2644429e-09
-2.9799619e-10
-1.6355835e-09
-3.7614619e-10
-2.1001468e-09
-4.7053049e-10
-2.6763586e-09
-5.8323317e-10
-3.3846804e-09
-7.1649366e-10
-8.7293619e-10
-4.2481717e-09
-6.0236272e-16
-2.4163438e-24
-2.9079687e-15
-9.4583136e-24
-7.9418618e-15
-2.0847566e-23
-1.7227472e-14
-3.8537947e-23
-3.3010831e-14
-6.537523e-23
-5.8581144e-14
-1.0535517e-22
-9.87285e-14
-1.64034e-22
-1.6039639e-13
-2.4905202e-22
-2.5361212e-13
-3.7095237e-22
-3.9280208e-13
-5.4763828e-22
-5.9862007e-13
-8.0105423e-22
-9.0049789e-13
-1.1528819e-21
-1.3402044e-12
-1.6345724e-21
-1.9767467e-12
-2.2834802e-21
-2.8930734e-12
-3.1433375e-21
-4.2051599e-12
-4.2671736e-21
-6.0742052e-12
-5.7221877e-21
-8.7228257e-12
-7.5825968e-21
-1.2456311e-11
-9.8661133e-21
-1.7690183e-11
-1.2367612e-20
-2.4985484e-11
-1.45146e-20
-3.5093423e-11
-1.583179e-20
-4.9011219e-11
-1.7958104e-20
-6.805122e-11
-2.8116255e-20
-9.3925689e-11
-6.0925184e-20
-1.2884983e-10
-1.3621869e-19
-1.7566568e-10
-2.8499761e-19
-2.3798895e-10
-5.6914909e-19
-3.2037948e-10
-1.0163389e-18
-4.2853287e-10
-1.4112106e-18
-5.694866e-10
-1.3751842e-18
-7.5182781e-10
-7.8516654e-19
-9.8588476e-10
3.679429e-19
-1.283881e-09
1.8371567e-18
-1.6600271e-09
2.4500775e-18
-2.1305576e-09
8.6121165e-19
-2.7137908e-09
-2.3328807e-18
-3.4302844e-09
-3.3568308e-18
-4.3032206e-09
6.5289925e-19
1.2944954e-09
-1.835389e-10
-1.0508483e-18
1.4903592e-09
-1.9586379e-10
-1.0578291e-18
1.6949119e-09
-2.045527e-10
-1.0852371e-18
1.9092323e-09
-2.1432042e-10
-5.4351458e-19
2.1328402e-09
-2.2360787e-10
-1.0821658e-18
2.3653019e-09
-2.3246169e-10
-3.5010077e-19
2.6059403e-09
-2.406384e-10
4.4935613e-20
2.8536574e-09
-2.4771713e-10
7.4350452e-19
3.1069643e-09
-2.5330689e-10
2.4574395e-18
3.3638431e-09
-2.5687881e-10
4.9741425e-18
3.6216609e-09
-2.5781771e-10
8.2474675e-18
3.8770432e-09
-2.5538237e-10
1.0744166e-17
4.1258621e-09
-2.4881885e-10
1.5740178e-17
4.3624081e-09
-2.36546e-10
1.4299462e-17
-2.1974887e-10
4.5821569e-09
2.0041685e-17
1.3363599e-09
-3.7223969e-10
1.5379879e-09
-3.9749184e-10
1.7487655e-09
-4.1533026e-10
1.9697998e-09
-4.3535463e-10
2.2005533e-09
-4.5436137e-10
2.4405809e-09
-4.7248916e-10
2.6891556e-09
-4.89213e-10
2.9451361e-09
-5.0369754e-10
3.2069673e-09
-5.1513798e-10
3.4725499e-09
-5.2246128e-10
3.7391509e-09
-5.2441865e-10
4.0032606e-09
-5.1949198e-10
4.2606111e-09
-5.0616934e-10
4.5052636e-09
-4.8119849e-10
-4.4702161e-10
4.7325362e-09
1.3830979e-09
-5.6675692e-10
1.5911861e-09
-6.0558004e-10
1.8089768e-09
-6.3312094e-10
2.0375566e-09
-6.6393445e-10
2.2763403e-09
-6.931451e-10
2.524854e-09
-7.2100284e-10
2.7823117e-09
-7.4667063e-10
3.0475139e-09
-7.6889977e-10
3.3188226e-09
-7.864466e-10
3.5940375e-09
-7.9767616e-10
3.870304e-09
-8.0068517e-10
4.1439549e-09
-7.9314289e-10
4.4105525e-09
-7.7276688e-10
4.6639209e-09
-7.3456691e-10
-6.8224007e-10
4.8991393e-09
1.4352022e-09
-7.6784468e-10
1.6505558e-09
-8.209336e-10
1.8762636e-09
-8.5882869e-10
2.1133378e-09
-9.0100865e-10
2.3611564e-09
-9.4096374e-10
2.619197e-09
-9.7904343e-10
2.8866048e-09
-1.0140784e-09
3.1621053e-09
-1.0444002e-09
3.4439584e-09
-1.0682997e-09
3.729842e-09
-1.0835598e-09
4.0167553e-09
-1.0875984e-09
4.300851e-09
-1.0772386e-09
4.5774867e-09
-1.0494026e-09
4.8402443e-09
-9.9732449e-10
-9.2586941e-10
5.0838736e-09
1.4930504e-09
-9.763456e-10
1.7165864e-09
-1.0444696e-09
1.9512276e-09
-1.0934699e-09
2.1978626e-09
-1.1476436e-09
2.4558395e-09
-1.1989406e-09
2.7245687e-09
-1.2477727e-09
3.0031154e-09
-1.292625e-09
3.2901111e-09
-1.3313959e-09
3.5836937e-09
-1.3618823e-09
3.8813961e-09
-1.3812621e-09
4.1800451e-09
-1.3862475e-09
4.4755895e-09
-1.372783e-09
4.7631468e-09
-1.3369599e-09
5.0360472e-09
-1.2702248e-09
-1.1784451e-09
5.2886228e-09
1.5568488e-09
-1.1931783e-09
1.7895865e-09
-1.2772074e-09
2.034287e-09
-1.3381704e-09
2.2916609e-09
-1.4050175e-09
2.561033e-09
-1.4683127e-09
2.8417308e-09
-1.5284705e-09
3.1327255e-09
-1.5836197e-09
3.4325348e-09
-1.6312052e-09
3.7391527e-09
-1.6685003e-09
4.0499432e-09
-1.6920525e-09
4.3615343e-09
-1.6978386e-09
4.6696451e-09
-1.6808939e-09
4.9691184e-09
-1.6364332e-09
5.2530204e-09
-1.5541268e-09
-1.4406035e-09
5.5151788e-09
1.6265651e-09
-1.4193166e-09
1.8696085e-09
-1.5202507e-09
2.1255986e-09
-1.5941604e-09
2.394989e-09
-1.6744079e-09
2.6770974e-09
-1.750421e-09
2.9711552e-09
-1.8225283e-09
3.2760232e-09
-1.8884876e-09
3.5900842e-09
-1.9452662e-09
3.911166e-09
-1.9895821e-09
4.2364391e-09
-2.0173256e-09
4.5623061e-09
-2.0237056e-09
4.8842314e-09
-2.0028191e-09
5.1967495e-09
-1.9489513e-09
5.4926475e-09
-1.8500249e-09
-1.7131215e-09
5.7651654e-09
1.701852e-09
-1.6557563e-09
1.9563662e-09
-1.774765e-09
2.224974e-09
-1.8627682e-09
2.5077374e-09
-1.9571713e-09
2.8040131e-09
-2.0466968e-09
3.112924e-09
-2.1314392e-09
3.4331998e-09
-2.2087634e-09
3.7630667e-09
-2.2751331e-09
4.100164e-09
-2.3266794e-09
4.4414449e-09
-2.3586065e-09
4.7830616e-09
-2.3653223e-09
5.1201988e-09
-2.3399563e-09
5.4470521e-09
-2.2758047e-09
5.7561135e-09
-2.1590862e-09
-1.996963e-09
6.039955e-09
1.7819671e-09
-1.9034658e-09
2.04916e-09
-2.0419579e-09
2.3317906e-09
-2.1453987e-09
2.6293329e-09
-2.2547135e-09
2.9412792e-09
-2.358643e-09
3.2666244e-09
-2.4567845e-09
3.6039425e-09
-2.5460815e-09
3.9512809e-09
-2.6224714e-09
4.3060685e-09
-2.6814669e-09
4.6650193e-09
-2.7175574e-09
5.0240121e-09
-2.724315e-09
5.37793e-09
-2.6938743e-09
5.7206024e-09
-2.6184771e-09
6.0442092e-09
-2.482693e-09
-2.2933345e-09
6.3405807e-09
1.8660378e-09
-2.1636696e-09
2.1471629e-09
-2.323083e-09
2.4449169e-09
-2.4431527e-09
2.7586405e-09
-2.5684372e-09
3.0878148e-09
-2.6878173e-09
3.4312498e-09
-2.8002194e-09
3.7873342e-09
-2.9021659e-09
4.1539146e-09
-2.9890519e-09
4.5281899e-09
-3.0557422e-09
4.9066158e-09
-3.0959833e-09
5.2847785e-09
-3.1024777e-09
5.6572415e-09
-3.0663373e-09
6.0174448e-09
-2.9786805e-09
6.3572407e-09
-2.8224889e-09
-2.6037452e-09
6.6676514e-09
1.9528089e-09
-2.4378888e-09
2.2488932e-09
-2.6191674e-09
2.5624784e-09
-2.7567378e-09
2.8938649e-09
-2.8998236e-09
3.2418734e-09
-3.0358259e-09
3.6051122e-09
-3.1634582e-09
3.9817653e-09
-3.278819e-09
4.3694578e-09
-3.3767443e-09
4.7651408e-09
-3.4514252e-09
5.164997e-09
-3.4958396e-09
5.5643063e-09
-3.501787e-09
5.9572993e-09
-3.4593303e-09
6.3370096e-09
-3.3583907e-09
6.6949486e-09
-3.1804279e-09
-2.9300703e-09
7.0212736e-09
2.0389581e-09
-2.7268055e-09
2.3510906e-09
-2.9312999e-09
2.6820397e-09
-3.0876869e-09
3.0325171e-09
-3.2503011e-09
3.4009784e-09
-3.4042871e-09
3.7857797e-09
-3.5482595e-09
4.1848731e-09
-3.6779125e-09
4.595642e-09
-3.7875132e-09
5.0147764e-09
-3.8705595e-09
5.4381759e-09
-3.9192391e-09
5.8608069e-09
-3.9244181e-09
6.2765609e-09
-3.8750843e-09
6.6780539e-09
-3.7598837e-09
7.0564478e-09
-3.5588218e-09
-3.274613e-09
7.4009905e-09
2.1209112e-09
-3.0305598e-09
2.4500941e-09
-3.2604827e-09
2.8002886e-09
-3.4378813e-09
3.171339e-09
-3.6213515e-09
3.5618871e-09
-3.7948352e-09
3.9700476e-09
-3.9564199e-09
4.393516e-09
-4.1013809e-09
4.8294179e-09
-4.2234151e-09
5.2741728e-09
-4.3153144e-09
5.7233945e-09
-4.3684609e-09
6.1717363e-09
-4.3727598e-09
6.6127514e-09
-4.3160994e-09
7.038635e-09
-4.1857674e-09
7.4401961e-09
-3.9603829e-09
-3.6401611e-09
7.8057442e-09
2.1957617e-09
-3.3497119e-09
2.5426447e-09
-3.6073657e-09
2.9132077e-09
-3.8084443e-09
3.3063186e-09
-4.0144624e-09
3.7206047e-09
-4.2091214e-09
4.1539549e-09
-4.3897701e-09
4.6037945e-09
-4.5512205e-09
5.0669789e-09
-4.6865995e-09
5.5396537e-09
-4.7879891e-09
6.017151e-09
-4.8459582e-09
6.4938197e-09
-4.8494285e-09
6.962885e-09
-4.7851648e-09
7.4161255e-09
-4.6390078e-09
7.8440003e-09
-4.3882578e-09
-4.0300306e-09
8.2338699e-09
2.2593298e-09
-3.6847469e-09
2.6243985e-09
-3.9724344e-09
3.0162438e-09
-4.2002896e-09
3.4327863e-09
-4.4310049e-09
3.8724524e-09
-4.6487875e-09
4.3328552e-09
-4.8501729e-09
4.8111266e-09
-5.0294918e-09
5.3038405e-09
-5.1793134e-09
5.8068705e-09
-5.2910192e-09
6.3152799e-09
-5.3543676e-09
6.8231301e-09
-5.3572788e-09
7.3233376e-09
-5.2853723e-09
7.8072759e-09
-5.1229461e-09
8.2650657e-09
-4.8460475e-09
-4.4480932e-09
8.6831283e-09
2.306614e-09
-4.0359167e-09
2.6902284e-09
-4.3560488e-09
3.1042239e-09
-4.6142851e-09
3.5455024e-09
-4.8722833e-09
4.0121836e-09
-5.1154687e-09
4.5015411e-09
-5.3395305e-09
5.0103778e-09
-5.5383285e-09
5.5349744e-09
-5.70391e-09
6.0709397e-09
-5.8269845e-09
6.613088e-09
-5.8965159e-09
7.1552205e-09
-5.8994113e-09
7.6899712e-09
-5.820123e-09
8.2083284e-09
-5.6413033e-09
8.7000925e-09
-5.3378116e-09
-4.8987801e-09
9.1507795e-09
2.3321561e-09
-4.4033246e-09
2.7345484e-09
-4.7584412e-09
3.1715063e-09
-5.051243e-09
3.6388016e-09
-5.3395785e-09
4.1341505e-09
-5.6108176e-09
4.6544214e-09
-5.8598014e-09
5.1960452e-09
-6.0799523e-09
5.7549959e-09
-6.2628607e-09
6.3266304e-09
-6.3986191e-09
6.9055425e-09
-6.475428e-09
7.4853067e-09
-6.4791755e-09
8.0583085e-09
-6.3931248e-09
8.6151769e-09
-6.1981717e-09
9.1454176e-09
-5.8680523e-09
-5.3870603e-09
9.6336977e-09
2.3301571e-09
-4.7870034e-09
2.7514976e-09
-5.1797816e-09
3.2121856e-09
-5.511931e-09
3.7067965e-09
-5.8341895e-09
4.2325168e-09
-6.136538e-09
4.7857421e-09
-6.4130267e-09
5.3624826e-09
-6.6566927e-09
5.9583923e-09
-6.8587705e-09
6.5685946e-09
-7.0088213e-09
7.1874977e-09
-7.0943311e-09
7.8084901e-09
-7.100168e-09
8.4237462e-09
-7.0083808e-09
9.0235665e-09
-6.7979921e-09
9.597193e-09
-6.4416787e-09
-5.9183904e-09
1.0128523e-08
2.2946596e-09
-5.1870065e-09
2.7351761e-09
-5.6202982e-09
3.2203405e-09
-5.9970954e-09
3.7436225e-09
-6.3574714e-09
4.3015065e-09
-6.694422e-09
4.8898383e-09
-7.0013585e-09
5.5041547e-09
-7.2710091e-09
6.1397775e-09
-7.4943934e-09
6.7916202e-09
-7.660664e-09
7.4539472e-09
-7.7566581e-09
8.1200046e-09
-7.7662254e-09
8.7817929e-09
-7.6701692e-09
9.4293179e-09
-7.445517e-09
1.0051591e-08
-7.0639522e-09
-6.4986377e-09
1.0631839e-08
2.2197225e-09
-5.6034722e-09
2.679892e-09
-6.0804676e-09
3.1903023e-09
-6.5075057e-09
3.7437004e-09
-6.9108696e-09
4.3356645e-09
-7.2863861e-09
4.9613946e-09
-7.6270886e-09
5.6158971e-09
-7.9255116e-09
6.2941512e-09
-8.1726475e-09
6.99089e-09
-8.3574028e-09
7.7002791e-09
-8.4660473e-09
8.415466e-09
-8.4814123e-09
9.1283104e-09
-8.3830135e-09
9.8285561e-09
-8.1457628e-09
1.0505019e-08
-7.7404154e-09
-7.1339799e-09
1.1140361e-08
2.0994821e-09
-6.0365362e-09
2.5802889e-09
-6.5612744e-09
3.1168636e-09
-7.0440804e-09
3.7019676e-09
-7.4959736e-09
4.3300995e-09
-7.914518e-09
4.9956922e-09
-8.2926813e-09
5.6931632e-09
-8.6229826e-09
6.417144e-09
-8.8966282e-09
7.1622233e-09
-9.1024821e-09
7.9225147e-09
-9.2263388e-09
8.691106e-09
-9.2500036e-09
9.4597386e-09
-9.1516461e-09
1.0217926e-08
-8.9039503e-09
1.0954319e-08
-8.476808e-09
-7.8307848e-09
1.1651124e-08
1.9285399e-09
-6.4861235e-09
2.4314704e-09
-7.064205e-09
2.9954823e-09
-7.6080922e-09
3.6141104e-09
-8.1146017e-09
4.2807196e-09
-8.5811271e-09
4.9888413e-09
-9.0008031e-09
5.73225e-09
-9.3663913e-09
6.5052366e-09
-9.6696148e-09
7.3022897e-09
-9.8995352e-09
8.1175154e-09
-1.0041564e-08
8.9439711e-09
-1.0076459e-08
9.7732867e-09
-9.9809617e-09
1.0594775e-08
-9.7254387e-09
1.1396941e-08
-9.2789732e-09
-8.5954801e-09
1.2161636e-08
1.7037361e-09
-6.9522625e-09
2.2304235e-09
-7.5908923e-09
2.8232689e-09
-8.2009377e-09
3.4772074e-09
-8.7685403e-09
4.1846442e-09
-9.2885638e-09
4.9380579e-09
-9.7542168e-09
5.7305045e-09
-1.0158838e-08
6.5559321e-09
-1.0495042e-08
7.4087641e-09
-1.0752367e-08
8.283128e-09
-1.0915928e-08
9.1720608e-09
-1.0965392e-08
1.0067063e-08
-1.0875964e-08
1.0957284e-08
-1.061566e-08
1.1831057e-08
-1.0152746e-08
-9.4344376e-09
1.2670015e-08
1.4298884e-09
-7.4386988e-09
1.9795653e-09
-8.1405692e-09
2.6009462e-09
-8.8223186e-09
3.2906876e-09
-9.4582816e-09
4.0405956e-09
-1.0038472e-08
4.8417885e-09
-1.055541e-08
5.6863453e-09
-1.1003395e-08
6.5677472e-09
-1.1376444e-08
7.4803164e-09
-1.1664936e-08
8.4181812e-09
-1.1853793e-08
9.3743315e-09
-1.1921543e-08
1.0340098e-08
-1.184173e-08
1.1304478e-08
-1.1580041e-08
1.2255736e-08
-1.1104003e-08
1.3174806e-08
-1.0353507e-08
4.6619081e-09
-7.9751246e-11
5.6551076e-18
4.7437519e-09
-8.184384e-11
2.0136864e-17
4.8258098e-09
-8.2057885e-11
-1.0403535e-17
4.9073359e-09
-8.1526082e-11
-8.2097221e-18
4.9882109e-09
-8.0875025e-11
-1.0351336e-17
5.0678093e-09
-7.9598393e-11
-2.125575e-17
5.1458609e-09
-7.8051603e-11
2.0846253e-17
5.2220657e-09
-7.6204684e-11
-7.6070163e-17
5.2960748e-09
-7.400931e-11
1.6050752e-16
5.3678474e-09
-7.1772262e-11
-3.633379e-16
5.4366391e-09
-6.8792167e-11
5.1451892e-16
5.5035669e-09
-6.6927526e-11
-3.4337761e-16
5.5644449e-09
-6.0877645e-11
-2.8498247e-16
5.6297922e-09
-6.5347264e-11
-1.8215581e-17
-4.3400794e-11
-1.0721202e-15
4.8135024e-09
-1.6071762e-10
4.8967082e-09
-1.6504988e-10
4.9802356e-09
-1.6558556e-10
5.0633381e-09
-1.6462878e-10
5.1458661e-09
-1.6340323e-10
5.227182e-09
-1.6091443e-10
5.3069938e-09
-1.5786338e-10
5.384985e-09
-1.5419612e-10
5.4607899e-09
-1.4981434e-10
5.5343537e-09
-1.4533669e-10
5.6049104e-09
-1.393486e-10
5.6735888e-09
-1.3560659e-10
5.7361025e-09
-1.2339142e-10
5.8031974e-09
-1.3244259e-10
-8.8005226e-11
4.979988e-09
-2.4156629e-10
5.0632793e-09
-2.4834126e-10
5.1471503e-09
-2.4945653e-10
5.2308259e-09
-2.483044e-10
5.3141232e-09
-2.4670056e-10
5.3963884e-09
-2.4317962e-10
5.4772958e-09
-2.3877085e-10
5.5565042e-09
-2.3340451e-10
5.6336214e-09
-2.2693153e-10
5.7085682e-09
-2.2028349e-10
5.7805504e-09
-2.1133076e-10
5.8506955e-09
-2.0575172e-10
5.9146234e-09
-1.8731932e-10
5.9832442e-09
-2.0106344e-10
-1.3368235e-10
5.163091e-09
-3.2078373e-10
5.2450118e-09
-3.3026208e-10
5.327936e-09
-3.3238073e-10
5.4110286e-09
-3.3139695e-10
5.4940735e-09
-3.297455e-10
5.5763952e-09
-3.2550139e-10
5.6576233e-09
-3.1999894e-10
5.7373819e-09
-3.1316309e-10
5.8152421e-09
-3.0479175e-10
5.8910892e-09
-2.9613065e-10
5.9640928e-09
-2.8433428e-10
6.0353654e-09
-2.7702439e-10
6.1004375e-09
-2.5239142e-10
6.17032e-09
-2.7094588e-10
-1.8027529e-10
5.3645346e-09
-3.9669555e-10
5.4434739e-09
-4.0920136e-10
5.5240078e-09
-4.1291463e-10
5.6052178e-09
-4.12607e-10
5.686855e-09
-4.1138267e-10
5.7682181e-09
-4.0686449e-10
5.8488805e-09
-4.0066145e-10
5.9284227e-09
-3.9270526e-10
6.0063683e-09
-3.8273739e-10
6.0825554e-09
-3.7231777e-10
6.1561084e-09
-3.5788726e-10
6.2281096e-09
-3.490256e-10
6.2940046e-09
-3.1828639e-10
6.3648364e-09
-3.4177765e-10
-2.2759905e-10
5.5859882e-09
-4.6750499e-10
5.6602131e-09
-4.8342629e-10
5.7367828e-09
-4.8948428e-10
5.8146843e-09
-4.905085e-10
5.8936356e-09
-4.9033397e-10
5.9729087e-09
-4.8613769e-10
6.0520117e-09
-4.7976443e-10
6.1304722e-09
-4.7116581e-10
6.2077566e-09
-4.6002181e-10
6.2836438e-09
-4.4820495e-10
6.3572041e-09
-4.3144757e-10
6.4294717e-09
-4.2129321e-10
6.4958132e-09
-3.8462787e-10
6.5672312e-09
-4.1319559e-10
-2.7544154e-10
5.8290062e-09
-5.3134572e-10
5.896708e-09
-5.5112818e-10
5.967643e-09
-5.6041923e-10
6.0407089e-09
-5.6357447e-10
6.1155917e-09
-5.6521677e-10
6.1915402e-09
-5.6208614e-10
6.2679898e-09
-5.5621406e-10
6.3444093e-09
-5.4758532e-10
6.4201987e-09
-5.3581126e-10
6.4950666e-09
-5.2307284e-10
6.5680208e-09
-5.0440177e-10
6.6400271e-09
-4.9329947e-10
6.7063806e-09
-4.5098136e-10
6.7779765e-09
-4.8479155e-10
-3.2357184e-10
6.0949586e-09
-5.8634938e-10
6.1543117e-09
-6.104813e-10
6.2178906e-09
-6.2399809e-10
6.2845286e-09
-6.3021244e-10
6.3538822e-09
-6.3457038e-10
6.4251864e-09
-6.3339038e-10
6.4978021e-09
-6.2882982e-10
6.5711355e-09
-6.2091875e-10
6.6445142e-09
-6.0918997e-10
6.7175666e-09
-5.9612528e-10
6.7892306e-09
-5.7606578e-10
6.8603809e-09
-5.6444977e-10
6.9262542e-09
-5.1685459e-10
6.9975803e-09
-5.5611766e-10
-3.7173987e-10
6.3849577e-09
-6.3072634e-10
6.4341905e-09
-6.5971408e-10
6.4886983e-09
-6.7850589e-10
6.5472959e-09
-6.8881004e-10
6.6096168e-09
-6.9689132e-10
6.674899e-09
-6.9867261e-10
6.7424326e-09
-6.963635e-10
6.8115625e-09
-6.9004866e-10
6.8815415e-09
-6.7916897e-10
6.9519109e-09
-6.6649466e-10
7.0215327e-09
-6.456876e-10
7.0911658e-09
-6.3408286e-10
7.1560067e-09
-5.8169548e-10
7.2265699e-09
-6.2668089e-10
-4.1966916e-10
6.6997819e-09
-6.6285682e-10
6.7372581e-09
-6.9719034e-10
6.7810547e-09
-7.2230239e-10
6.830035e-09
-7.3779046e-10
6.8838212e-09
-7.5067752e-10
6.9416794e-09
-7.5653078e-10
7.0028407e-09
-7.5752487e-10
7.0665959e-09
-7.5380394e-10
7.1321261e-09
-7.4469917e-10
7.1988821e-09
-7.3325072e-10
7.2656473e-09
-7.1245268e-10
7.3330377e-09
-7.0147332e-10
7.3962407e-09
-6.4489848e-10
7.465506e-09
-6.9594615e-10
-4.670526e-10
7.0398045e-09
-6.8138763e-10
7.0641113e-09
-7.214972e-10
7.0957081e-09
-7.5389913e-10
7.1335941e-09
-7.7567646e-10
7.1773975e-09
-7.9448104e-10
7.226447e-09
-8.0558027e-10
7.279936e-09
-8.1101399e-10
7.3371162e-09
-8.1098409e-10
7.3971062e-09
-8.0468921e-10
7.4592686e-09
-7.954132e-10
7.5223082e-09
-7.7549214e-10
7.5866741e-09
-7.6583922e-10
7.6475921e-09
-7.0581656e-10
7.7149789e-09
-7.633328e-10
-5.1354545e-10
7.4049311e-09
-6.853281e-10
7.4149684e-09
-7.3153458e-10
7.4331113e-09
-7.7204193e-10
7.4585958e-09
-8.0116102e-10
7.4910828e-09
-8.2696803e-10
7.5300053e-09
-8.4450285e-10
7.5745515e-09
-8.5556023e-10
7.6239569e-09
-8.6038959e-10
7.6772961e-09
-8.5802833e-10
7.7338515e-09
-8.5196863e-10
7.7922537e-09
-8.3389433e-10
7.8527669e-09
-8.2635235e-10
7.910715e-09
-7.6376478e-10
7.9755914e-09
-8.2820902e-10
-5.5877024e-10
7.7945536e-09
-6.7413747e-10
7.7896188e-09
-7.2659976e-10
7.7933708e-09
-7.7579388e-10
7.8053908e-09
-8.1318112e-10
7.8254066e-09
-8.4698386e-10
7.8530053e-09
-8.721016e-10
7.8874124e-09
-8.899674e-10
7.9278807e-09
-9.0085791e-10
7.9734668e-09
-9.0361446e-10
8.0233898e-09
-9.0189162e-10
8.0762156e-09
-8.8672004e-10
8.1320117e-09
-8.821485e-10
8.1862739e-09
-8.1802691e-10
8.2479579e-09
-8.8989295e-10
-6.0231361e-10
8.207527e-09
-6.4779457e-10
8.1873867e-09
-7.0645941e-10
8.1762057e-09
-7.6461283e-10
8.1740148e-09
-8.109903e-10
8.180651e-09
-8.5362013e-10
8.1959091e-09
-8.8735977e-10
8.2191054e-09
-9.1316374e-10
8.2495522e-09
-9.3130481e-10
8.2863251e-09
-9.403873e-10
8.3286042e-09
-9.4417073e-10
8.3749063e-09
-9.3302209e-10
8.4251137e-09
-9.3235584e-10
8.4749566e-09
-8.6786972e-10
8.5327093e-09
-9.4764561e-10
-6.4372061e-10
8.6421751e-09
-6.0684135e-10
8.607117e-09
-6.7140129e-10
8.5809204e-09
-7.3841616e-10
8.5641547e-09
-7.9422467e-10
8.5568143e-09
-8.462797e-10
8.5589553e-09
-8.8950085e-10
8.5700466e-09
-9.2425513e-10
8.5895114e-09
-9.5076973e-10
8.6164901e-09
-9.6736588e-10
8.6501579e-09
-9.7783857e-10
8.6890097e-09
-9.7187378e-10
8.7327721e-09
-9.7611824e-10
8.777446e-09
-9.1254364e-10
8.8304796e-09
-1.0006792e-09
-6.8250556e-10
9.0963303e-09
-5.5239208e-10
9.047187e-09
-6.2225794e-10
9.0063964e-09
-6.9762554e-10
8.9751279e-09
-7.6295624e-10
8.9535827e-09
-8.2473464e-10
8.9421281e-09
-8.7804623e-10
8.9404516e-09
-9.2257876e-10
8.9481456e-09
-9.5846376e-10
8.9644694e-09
-9.8368966e-10
8.9886367e-09
-1.0020059e-09
9.0191589e-09
-1.0023959e-09
9.0556447e-09
-1.0126039e-09
9.0943974e-09
-9.5129641e-10
9.1419021e-09
-1.0481838e-09
-7.1815993e-10
9.5674089e-09
-4.8610315e-10
9.5055474e-09
-5.603964e-10
9.4511065e-09
-6.431846e-10
9.4058774e-09
-7.1772728e-10
9.3703145e-09
-7.8917174e-10
9.3451341e-09
-8.5286596e-10
9.3303095e-09
-9.0775422e-10
9.3256635e-09
-9.5381778e-10
9.3306356e-09
-9.8866165e-10
9.3445283e-09
-1.0158987e-09
9.3659194e-09
-1.0237869e-09
9.3943455e-09
-1.0410299e-09
9.4264436e-09
-9.8339458e-10
9.4676016e-09
-1.0893417e-09
-7.5016028e-10
1.0052521e-08
-4.1010147e-10
9.9797958e-09
-4.8767074e-10
9.9131554e-09
-5.7654416e-10
9.8549883e-09
-6.5956024e-10
9.8060366e-09
-7.4022011e-10
9.7673888e-09
-8.1421823e-10
9.7393626e-09
-8.7972817e-10
9.722073e-09
-9.3652815e-10
9.7152031e-09
-9.8179168e-10
9.7182012e-09
-1.0188968e-09
9.7297697e-09
-1.0353553e-09
9.7494287e-09
-1.0606889e-09
9.7741806e-09
-1.0081465e-09
9.8081859e-09
-1.123347e-09
-7.7797796e-10
1.0548612e-08
-3.2687461e-10
1.0467279e-08
-4.0633759e-10
1.0390347e-08
-4.9961204e-10
1.0320725e-08
-5.8993863e-10
1.0259461e-08
-6.7895603e-10
1.0208015e-08
-7.6277238e-10
1.0167095e-08
-8.3880847e-10
1.0137164e-08
-9.0659639e-10
1.0118209e-08
-9.6283721e-10
1.0109885e-08
-1.0105729e-09
1.0111083e-08
-1.0365532e-09
1.0121374e-08
-1.0709795e-09
1.0138155e-08
-1.0249279e-09
1.0164236e-08
-1.1494273e-09
-8.0109097e-10
1.1052618e-08
-2.3913069e-10
1.0965219e-08
-3.1893933e-10
1.0880276e-08
-4.1466817e-10
1.0801094e-08
-5.1075701e-10
1.0729019e-08
-6.0688136e-10
1.0665858e-08
-6.9961167e-10
1.0612733e-08
-7.8568365e-10
1.0570497e-08
-8.6435956e-10
1.0539498e-08
-9.3183895e-10
1.0519654e-08
-9.9072866e-10
1.0510111e-08
-1.0270096e-09
1.0510569e-08
-1.0714382e-09
1.0518851e-08
-1.0332097e-09
1.0536293e-08
-1.1668686e-09
-8.1899786e-10
1.1561635e-08
-1.4964164e-10
1.1470859e-08
-2.2816334e-10
1.138044e-08
-3.2424955e-10
1.1293924e-08
-4.2424084e-10
1.1212917e-08
-5.2587407e-10
1.1139517e-08
-6.2621225e-10
1.1075257e-08
-7.2142394e-10
1.1021405e-08
-8.1050734e-10
1.0978714e-08
-8.8914795e-10
1.0947413e-08
-9.5942725e-10
1.0926963e-08
-1.0065598e-09
1.091729e-08
-1.061765e-09
1.091667e-08
-1.0325899e-09
1.092485e-08
-1.175048e-09
-8.3123253e-10
1.2073079e-08
-6.1084243e-11
1.1981606e-08
-1.3669129e-10
1.188837e-08
-2.3101276e-10
1.1796969e-08
-3.3284059e-10
1.1709207e-08
-4.3811202e-10
1.1627392e-08
-5.4439725e-10
1.155343e-08
-6.4746128e-10
1.1489005e-08
-7.4608289e-10
1.1435299e-08
-8.3544112e-10
1.1392888e-08
-9.1701709e-10
1.1361599e-08
-9.7527055e-10
1.1341619e-08
-1.0417853e-09
1.1331825e-08
-1.0227954e-09
1.1330315e-08
-1.1735378e-09
-8.3740473e-10
1.2584812e-08
2.4118587e-11
1.2495186e-08
-4.7065175e-11
1.2401754e-08
-1.3758033e-10
1.2308021e-08
-2.3910818e-10
1.2215883e-08
-3.4597442e-10
1.2127753e-08
-4.5626646e-10
1.2045838e-08
-5.6554675e-10
1.197222e-08
-6.7246461e-10
1.1908501e-08
-7.7172215e-10
1.185563e-08
-8.6414602e-10
1.1813821e-08
-9.3346168e-10
1.1783497e-08
-1.011461e-09
1.1764371e-08
-1.0036694e-09
1.1752977e-08
-1.1621442e-09
-8.3726219e-10
1.3095467e-08
1.0345777e-10
1.3009682e-08
3.8719171e-11
1.2918562e-08
-4.6460338e-11
1.282503e-08
-1.4557591e-10
1.2730973e-08
-2.5191704e-10
1.2638815e-08
-3.641084e-10
1.2550953e-08
-4.7768531e-10
1.2469818e-08
-5.9132904e-10
1.2397397e-08
-6.9930148e-10
1.2335021e-08
-8.0176966e-10
1.2283272e-08
-8.8171293e-10
1.2242824e-08
-9.7101313e-10
1.2214311e-08
-9.7515597e-10
1.219304e-08
-1.1408734e-09
-8.3060303e-10
7.4483392e-10
-1.0957662e-08
1.0890345e-08
8.1627373e-10
-1.8340721e-08
1.8269281e-08
8.1631424e-10
-3.0432076e-08
3.0432035e-08
6.4983405e-10
-4.9943211e-08
5.0109691e-08
2.4490704e-10
-8.1359235e-08
8.1764162e-08
-4.6863188e-10
-1.3228463e-07
1.3299817e-07
-1.659475e-09
-2.1511976e-07
2.163106e-07
-3.6932148e-09
-3.4971023e-07
3.5174397e-07
-5.6670255e-07
5.7023224e-07
1.8403073e-10
-1.0907848e-08
4.2636713e-11
-1.8199327e-08
-2.9245566e-10
-3.0096983e-08
-9.733616e-10
-4.9262305e-08
-2.1733708e-09
-8.0159226e-08
-4.1546587e-09
-1.3030334e-07
-7.4009655e-09
-2.1187345e-07
-1.276434e-08
-3.4434686e-07
-5.5786772e-07
-3.9847425e-10
-1.073345e-08
-7.4400786e-10
-1.7853794e-08
-1.4025563e-09
-2.9438435e-08
-2.5804801e-09
-4.8084381e-08
-4.5566623e-09
-7.8183044e-08
-7.785483e-09
-1.2707452e-07
-1.3056849e-08
-2.0660208e-07
-2.1698057e-08
-3.3570565e-07
-5.4379836e-07
-9.8709455e-10
-1.043633e-08
-1.5297227e-09
-1.7311165e-08
-2.4974078e-09
-2.847075e-08
-4.1524694e-09
-4.642932e-08
-6.8813581e-09
-7.5454155e-08
-1.1325519e-08
-1.2263036e-07
-1.8568992e-08
-1.9935861e-07
-3.0401636e-08
-3.2387301e-07
-5.2460879e-07
-1.5702782e-09
-1.0020913e-08
-2.3009035e-09
-1.658054e-08
-3.5617346e-09
-2.7209919e-08
-5.6719821e-09
-4.4319072e-08
-9.1248136e-09
-7.2001323e-08
-1.4740982e-08
-1.1701419e-07
-2.3885447e-08
-1.9021415e-07
-3.8794014e-08
-3.0896444e-07
-5.004654e-07
-2.1380819e-09
-9.493122e-09
-3.0458608e-09
-1.5672761e-08
-4.5822738e-09
-2.5673506e-08
-7.1232646e-09
-4.1778081e-08
-1.1265454e-08
-6.7859134e-08
-1.7999448e-08
-1.102802e-07
-2.8956493e-08
-1.792571e-07
-4.6796626e-08
-2.9112431e-07
-4.7158455e-07
-2.6815126e-09
-8.8601829e-09
-3.7542274e-09
-1.4600047e-08
-5.5472204e-09
-2.3880513e-08
-8.491773e-09
-3.8833529e-08
-1.3282787e-08
-6.3068121e-08
-2.1069987e-08
-1.02493e-07
-3.3734813e-08
-1.6659227e-07
-5.433546e-08
-2.7052366e-07
-4.3823127e-07
-3.1925402e-09
-8.1303567e-09
-4.4168273e-09
-1.3375759e-08
-6.4459904e-09
-2.185135e-08
-9.7640504e-09
-3.5515469e-08
-1.5157518e-08
-5.7674653e-08
-2.392339e-08
-9.3727127e-08
-3.8175728e-08
-1.5233994e-07
-6.1339614e-08
-2.4735977e-07
-4.0071538e-07
-3.6640597e-09
-7.3126907e-09
-5.0255846e-09
-1.2014235e-08
-7.2691033e-09
-1.9607831e-08
-1.0927732e-08
-3.185684e-08
-1.6871727e-08
-5.1730658e-08
-2.6532335e-08
-8.4066519e-08
-4.2236288e-08
-1.3663598e-07
-6.7745879e-08
-2.2185018e-07
-3.5939101e-07
-4.0898617e-09
-6.4168748e-09
-5.5734395e-09
-1.0530657e-08
-8.0081183e-09
-1.7173152e-08
-1.1971598e-08
-2.789336e-08
-1.8409054e-08
-4.5293202e-08
-2.8871765e-08
-7.3603808e-08
-4.5879446e-08
-1.196283e-07
-7.3495641e-08
-1.9423399e-07
-3.1465207e-07
-4.4645912e-09
-5.4531356e-09
-6.054281e-09
-8.9409669e-09
-8.6556046e-09
-1.4571829e-08
-1.2885641e-08
-2.3663323e-08
-1.9754924e-08
-3.842392e-08
-3.0918225e-08
-6.2440508e-08
-4.9063778e-08
-1.0148275e-07
-7.852817e-08
-1.647696e-07
-2.6692e-07
-4.7837089e-09
-4.4321418e-09
-6.4629038e-09
-7.261772e-09
-9.2051378e-09
-1.1829595e-08
-1.3661102e-08
-1.9207359e-08
-2.0896739e-08
-3.1188282e-08
-3.2654839e-08
-5.0682408e-08
-5.1765899e-08
-8.2371687e-08
-8.2796605e-08
-1.3373889e-07
-2.1664665e-07
-5.0434631e-09
-3.3649207e-09
-6.7949824e-09
-5.5102528e-09
-9.6513172e-09
-8.9732598e-09
-1.4290553e-08
-1.4568123e-08
-2.1823614e-08
-2.3655221e-08
-3.406522e-08
-3.8440802e-08
-5.3961775e-08
-6.2475132e-08
-8.6264782e-08
-1.0143588e-07
-1.643133e-07
-5.2408697e-09
-2.2627839e-09
-7.047059e-09
-3.7040635e-09
-9.989786e-09
-6.0305328e-09
-1.4767971e-08
-9.7899387e-09
-2.2526617e-08
-1.5896575e-08
-3.5134915e-08
-2.5832504e-08
-5.5627138e-08
-4.198291e-08
-8.8895934e-08
-6.8167086e-08
-1.104177e-07
-5.3737004e-09
-1.1372552e-09
-7.2165402e-09
-1.8612238e-09
-1.0217253e-08
-3.0298195e-09
-1.5088784e-08
-4.9184083e-09
-2.2999005e-08
-7.9863539e-09
-3.5853467e-08
-1.2978042e-08
-5.6744728e-08
-2.1091648e-08
-9.0663573e-08
-3.4248241e-08
-5.5471497e-08
-5.4404758e-09
5.9054094e-18
-7.3016996e-09
1.2102465e-17
-1.0331519e-08
3.1109555e-18
-1.5249927e-08
1.0771457e-17
-2.3236281e-08
-3.0942705e-18
-3.6214323e-08
-1.4629067e-17
-5.7305972e-08
2.5363284e-17
-9.1554213e-08
-8.8128244e-17
-7.9448586e-17
1.0973034e-08
-7.5213878e-09
1.1039556e-08
-8.2070915e-09
1.1074855e-08
-8.8576171e-09
1.1080494e-08
-9.4639212e-09
1.1059154e-08
-1.0017132e-08
1.1014725e-08
-1.0510981e-08
1.0952345e-08
-1.0941014e-08
1.0877029e-08
-1.1301128e-08
1.079277e-08
-1.1580678e-08
1.0702172e-08
-1.1763195e-08
1.0606894e-08
-1.1826265e-08
1.0508037e-08
-1.1742873e-08
1.0406825e-08
-1.1478829e-08
1.0305837e-08
-1.1003015e-08
-1.02506e-08
1.020293e-08
1.8401257e-08
-7.653364e-09
1.8466953e-08
-8.2727873e-09
1.8471836e-08
-8.8624995e-09
1.8424138e-08
-9.4162239e-09
1.8335079e-08
-9.9280722e-09
1.8215948e-08
-1.039185e-08
1.8076982e-08
-1.0802048e-08
1.7925336e-08
-1.1149482e-08
1.7765472e-08
-1.1420814e-08
1.7599693e-08
-1.1597416e-08
1.7429404e-08
-1.1655976e-08
1.725564e-08
-1.1569108e-08
1.7081088e-08
-1.1304278e-08
1.6906832e-08
-1.0828758e-08
-1.008186e-08
1.6738091e-08
3.0534699e-08
-7.7560275e-09
3.0543255e-08
-8.2813437e-09
3.0474919e-08
-8.794164e-09
3.0343816e-08
-9.2851203e-09
3.016478e-08
-9.7490363e-09
2.9951907e-08
-1.0178976e-08
2.9714849e-08
-1.056499e-08
2.9459977e-08
-1.089461e-08
2.9191103e-08
-1.115194e-08
2.8910907e-08
-1.131722e-08
2.8622186e-08
-1.1367255e-08
2.8328732e-08
-1.1275654e-08
2.8035889e-08
-1.1011435e-08
2.7746155e-08
-1.0539024e-08
-9.8089054e-09
2.7473201e-08
5.0086185e-08
-7.7325216e-09
4.9979391e-08
-8.17455e-09
4.980089e-08
-8.6156623e-09
4.9562486e-08
-9.0467163e-09
4.9273527e-08
-9.4600774e-09
4.8940944e-08
-9.8463939e-09
4.8570296e-08
-1.0194341e-08
4.8167487e-08
-1.0491801e-08
4.7737829e-08
-1.0722282e-08
4.728806e-08
-1.0867451e-08
4.6825339e-08
-1.0904534e-08
4.6357798e-08
-1.0808113e-08
4.589339e-08
-1.0547026e-08
4.5440027e-08
-1.0085661e-08
-9.3831315e-09
4.5014253e-08
8.1501876e-08
-7.4702357e-09
8.1180041e-08
-7.8527146e-09
8.0799907e-08
-8.2355285e-09
8.0363983e-08
-8.6107925e-09
7.9875169e-08
-8.9712631e-09
7.9337362e-08
-9.3085868e-09
7.8755754e-08
-9.6127334e-09
7.8135495e-08
-9.8715424e-09
7.7483411e-08
-1.0070198e-08
7.6807213e-08
-1.0191252e-08
7.6116562e-08
-1.0213884e-08
7.5421777e-08
-1.0113328e-08
7.4734561e-08
-9.8598108e-09
7.4068736e-08
-9.4198359e-09
-8.7555339e-09
7.3441138e-08
1.323542e-07
-6.826262e-09
1.3165898e-07
-7.1574939e-09
1.3091098e-07
-7.4875364e-09
1.3011056e-07
-7.8103731e-09
1.2925912e-07
-8.119815e-09
1.2835911e-07
-8.4085792e-09
1.2741416e-07
-8.6677841e-09
1.2642925e-07
-8.8866346e-09
1.2541118e-07
-9.0521264e-09
1.243686e-07
-9.1486724e-09
1.2331239e-07
-9.1576758e-09
1.2225615e-07
-9.0570841e-09
1.2121727e-07
-8.8209292e-09
1.2021628e-07
-8.4188447e-09
-7.8152823e-09
1.1927602e-07
2.1508958e-07
-5.6052405e-09
2.1380387e-07
-5.8717873e-09
2.1245267e-07
-6.1363326e-09
2.1103674e-07
-6.3944403e-09
2.0955811e-07
-6.6411878e-09
2.0802022e-07
-6.8706915e-09
2.0642822e-07
-7.0757877e-09
2.0478938e-07
-7.2477867e-09
2.0311347e-07
-7.3762214e-09
2.0141335e-07
-7.4485509e-09
1.997055e-07
-7.4498231e-09
1.9801071e-07
-7.3622979e-09
1.9635482e-07
-7.1650339e-09
1.9476944e-07
-6.833473e-09
-6.3389044e-09
1.9329307e-07
3.4963245e-07
-3.4937149e-09
3.4741969e-07
-3.659034e-09
3.4510624e-07
-3.8228781e-09
3.4269439e-07
-3.9825965e-09
3.4018837e-07
-4.1351608e-09
3.375946e-07
-4.2769279e-09
3.3492228e-07
-4.4034643e-09
3.3218389e-07
-4.509397e-09
3.2939593e-07
-4.5882552e-09
3.2657966e-07
-4.6322865e-09
3.2376208e-07
-4.6322466e-09
3.2097695e-07
-4.5771647e-09
3.18266e-07
-4.454087e-09
3.1568033e-07
-4.2477983e-09
-3.9405515e-09
3.1328198e-07
5.6673853e-07
5.6307949e-07
5.5925661e-07
5.5527402e-07
5.5113886e-07
5.4686193e-07
5.4245846e-07
5.3794907e-07
5.3336081e-07
5.2872853e-07
5.2409628e-07
5.1951911e-07
5.1506503e-07
5.1081723e-07
5.0687668e-07
1.0148958e-08
1.5743054e-10
1.0087699e-08
9.9977469e-11
1.0022433e-08
1.8805684e-11
9.9540111e-09
-7.7153568e-11
9.88381e-09
-1.81716e-10
9.813645e-09
-2.9394333e-10
9.7453215e-09
-4.0936179e-10
9.6808494e-09
-5.2685698e-10
9.6219192e-09
-6.4037117e-10
9.5697885e-09
-7.4963891e-10
9.5250656e-09
-8.3699014e-10
9.488523e-09
-9.3447059e-10
9.4610679e-09
-9.4770079e-10
9.438843e-09
-1.1186486e-09
-8.2121014e-10
1.6657685e-08
2.3783691e-10
1.6570508e-08
1.871546e-10
1.6473581e-08
1.1573288e-10
1.6369932e-08
2.6495308e-11
1.6261517e-08
-7.3301311e-11
1.6150504e-08
-1.8292985e-10
1.6039898e-08
-2.9875591e-10
1.593308e-08
-4.200393e-10
1.5833104e-08
-5.4039472e-10
1.5742115e-08
-6.5865003e-10
1.5661879e-08
-7.5675403e-10
1.5593177e-08
-8.6576862e-10
1.5539735e-08
-8.942593e-10
1.549257e-08
-1.0714834e-09
-7.996301e-10
2.7372153e-08
3.3888499e-10
2.7260097e-08
2.9921046e-10
2.7131307e-08
2.4452251e-10
2.6987721e-08
1.700809e-10
2.6832519e-08
8.1901187e-11
2.666743e-08
-1.7841249e-11
2.6496797e-08
-1.2812238e-10
2.6326206e-08
-2.4944845e-10
2.6160818e-08
-3.7500676e-10
2.6004083e-08
-5.0191615e-10
2.5860625e-08
-6.1329558e-10
2.5730359e-08
-7.3550368e-10
2.5624567e-08
-7.8846698e-10
2.5522499e-08
-9.6941536e-10
-7.5024769e-10
4.4924566e-08
4.2857207e-10
4.4813751e-08
4.1002552e-10
4.4679e-08
3.7927302e-10
4.451796e-08
3.3112111e-10
4.4332263e-08
2.6759853e-10
4.4121754e-08
1.926674e-10
4.3891172e-08
1.0245957e-10
4.364836e-08
-6.6364015e-12
4.3399718e-08
-1.2636422e-10
4.3150192e-08
-2.5239101e-10
4.2908647e-08
-3.717506e-10
4.2674347e-08
-5.0120416e-10
4.2470891e-08
-5.8501121e-10
4.2259328e-08
-7.5785353e-10
-6.3766351e-10
7.3406914e-08
4.6279634e-10
7.334855e-08
4.6838892e-10
7.3262886e-08
4.649371e-10
7.3145642e-08
4.4836478e-10
7.2995513e-08
4.1772781e-10
7.281095e-08
3.7723081e-10
7.2590632e-08
3.2277709e-10
7.2334216e-08
2.4978026e-10
7.2046885e-08
1.6096649e-10
7.1732699e-08
6.1795123e-11
7.1400506e-08
-3.955789e-11
7.1051257e-08
-1.5195577e-10
7.071697e-08
-2.5072333e-10
7.0348115e-08
-3.8899837e-10
-4.0162479e-10
1.1931598e-07
4.2283833e-10
1.1934067e-07
4.4369845e-10
1.193448e-07
4.6081292e-10
1.1932268e-07
4.7048421e-10
1.1927129e-07
4.6911124e-10
1.1919019e-07
4.5833752e-10
1.1907778e-07
4.3518065e-10
1.1892899e-07
3.985742e-10
1.1874177e-07
3.4818641e-10
1.1851576e-07
2.8780969e-10
1.1825253e-07
2.2366298e-10
1.1794463e-07
1.5594897e-10
1.1760268e-07
9.1230165e-11
1.1718723e-07
2.6445249e-11
-5.7285262e-11
1.9339502e-07
3.2088078e-10
1.9349407e-07
3.4464964e-10
1.9358842e-07
3.6646388e-10
1.9367403e-07
3.8487844e-10
1.9374486e-07
3.982804e-10
1.9379795e-07
4.0524271e-10
1.9382784e-07
4.0529324e-10
1.9382757e-07
3.9884484e-10
1.9379401e-07
3.8174566e-10
1.9372839e-07
3.5343598e-10
1.9363275e-07
3.1930284e-10
1.9351044e-07
2.7825077e-10
1.9336639e-07
2.3529071e-10
1.931942e-07
1.9862537e-10
1.5116493e-10
3.134289e-07
1.7395638e-10
3.1358371e-07
1.8983751e-10
3.137446e-07
2.0557898e-10
3.1390906e-07
2.2041164e-10
3.1407385e-07
2.3349601e-10
3.1423527e-07
2.4381692e-10
3.143903e-07
2.5026943e-10
3.1453737e-07
2.5177206e-10
3.1467168e-07
2.4743456e-10
3.1478859e-07
2.3652361e-10
3.1488797e-07
2.1993034e-10
3.149647e-07
2.0151527e-10
3.1501461e-07
1.8538014e-10
3.1503615e-07
1.7708563e-10
1.6289671e-10
5.0705063e-07
5.0724047e-07
5.0744605e-07
5.0766646e-07
5.0789996e-07
5.0814378e-07
5.0839404e-07
5.0864582e-07
5.0889325e-07
5.0912978e-07
5.0934971e-07
5.0955122e-07
5.097366e-07
5.0991368e-07
1.063263e-16
-1.0632615e-16
5.1375918e-16
-4.074328e-16
1.4044637e-15
-8.9070453e-16
3.0499783e-15
-1.6455147e-15
5.8520158e-15
-2.8020375e-15
1.0401189e-14
-4.5491738e-15
1.7561408e-14
-7.1602189e-15
2.8590881e-14
-1.1029474e-14
4.5315207e-14
-1.6724328e-14
7.0374316e-14
-2.5059111e-14
1.0757378e-13
-3.7199467e-14
1.6238298e-13
-5.4809202e-14
2.4263885e-13
-8.0255872e-14
3.5953568e-13
-1.1689684e-13
5.2901009e-13
-1.6947442e-13
7.736669e-13
-2.4465683e-13
1.1254379e-12
-3.5177106e-13
1.6292211e-12
-5.037832e-13
2.3478114e-12
-7.1859045e-13
3.368506e-12
-1.0206947e-12
4.8118343e-12
-1.4433284e-12
6.8429308e-12
-2.0310967e-12
9.6861187e-12
-2.8431882e-12
1.3643308e-11
-3.9571892e-12
1.9116835e-11
-5.4735279e-12
2.6637418e-11
-7.5205836e-12
3.689795e-11
-1.0260533e-11
5.0794033e-11
-1.3896083e-11
6.9472353e-11
-1.8678321e-11
9.4388382e-11
-2.491603e-11
1.2737523e-10
-3.2986844e-11
1.7072617e-10
-4.3350946e-11
2.2729416e-10
-5.6567991e-11
3.0060994e-10
-7.331578e-11
3.9501838e-10
-9.4408437e-11
5.1585903e-10
-1.2084065e-10
6.6967044e-10
-1.5381141e-10
8.6425916e-10
-1.9458871e-10
-2.4669727e-10
1.1109564e-09
1.097341e-16
-2.160601e-16
5.3020766e-16
-8.2790627e-16
1.4493752e-15
-1.8098721e-15
3.1474802e-15
-3.3436197e-15
6.0391442e-15
-5.6937016e-15
1.073401e-14
-9.24404e-15
1.8123901e-14
-1.455011e-14
2.9507798e-14
-2.2413373e-14
4.6770632e-14
-3.3987163e-14
7.2638367e-14
-5.0926847e-14
1.1104091e-13
-7.5602009e-14
1.6762669e-13
-1.1139498e-13
2.5048957e-13
-1.6311876e-13
3.711911e-13
-2.3759838e-13
5.4619058e-13
-3.4447391e-13
7.9883342e-13
-4.9729969e-13
1.1620956e-12
-7.1503324e-13
1.6823391e-12
-1.0240268e-12
2.4244003e-12
-1.4606517e-12
3.478404e-12
-2.0746984e-12
4.9687698e-12
-2.9336942e-12
7.0659443e-12
-4.1282713e-12
1.0001445e-11
-5.7786891e-12
1.4086842e-11
-8.0425864e-12
1.9737329e-11
-1.1124015e-11
2.7500579e-11
-1.5283833e-11
3.8091649e-11
-2.0851605e-11
5.2434875e-11
-2.823931e-11
7.171391e-11
-3.7957355e-11
9.7431455e-11
-5.0633575e-11
1.314806e-10
-6.7035989e-11
1.7623042e-10
-8.8100771e-11
2.3462962e-10
-1.1496719e-10
3.1032879e-10
-1.4901495e-10
4.0782406e-10
-1.9190371e-10
5.3264056e-10
-2.4565715e-10
6.9155714e-10
-3.1272799e-10
8.9265618e-10
-3.9568775e-10
-5.0170012e-10
1.147659e-09
1.1368275e-16
-3.297427e-16
5.4928581e-16
-1.2635092e-15
1.5015286e-15
-2.7621149e-15
3.2607331e-15
-5.1028242e-15
6.2564268e-15
-8.6893953e-15
1.112016e-14
-1.4107773e-14
1.8775785e-14
-2.2205735e-14
3.0568907e-14
-3.4206496e-14
4.8452053e-14
-5.187031e-14
7.5248849e-14
-7.7723644e-14
1.1502981e-13
-1.1538297e-13
1.7364513e-13
-1.7001031e-13
2.5947716e-13
-2.4895079e-13
3.8449839e-13
-3.6261961e-13
5.6575114e-13
-5.2572668e-13
8.2740422e-13
-7.5895279e-13
1.2035907e-12
-1.0912197e-12
1.7422897e-12
-1.5627258e-12
2.5105843e-12
-2.2289464e-12
3.6017002e-12
-3.1658144e-12
5.1443073e-12
-4.4763015e-12
7.314635e-12
-6.2985991e-12
1.0352007e-11
-8.8160614e-12
1.4578448e-11
-1.2269027e-11
2.0423041e-11
-1.6968609e-11
2.8451769e-11
-2.3312561e-11
3.9403652e-11
-3.1803488e-11
5.4234174e-11
-4.3069832e-11
7.4167246e-11
-5.7890427e-11
1.0075734e-10
-7.7223667e-11
1.359638e-10
-1.0224245e-10
1.8224025e-10
-1.3437722e-10
2.4264356e-10
-1.753705e-10
3.209616e-10
-2.27333e-10
4.2186592e-10
-2.9280802e-10
5.5110164e-10
-3.7489287e-10
7.1572951e-10
-4.7735586e-10
9.241863e-10
-6.0414454e-10
-7.6609445e-10
1.1885806e-09
1.1823217e-16
-4.4797471e-16
5.7125891e-16
-1.7165359e-15
1.5615705e-15
-3.7524266e-15
3.3910513e-15
-6.932305e-15
6.5063033e-15
-1.1804647e-14
1.1563928e-14
-1.9165398e-14
1.9524335e-14
-3.0166142e-14
3.1786224e-14
-4.6468385e-14
5.0378917e-14
-7.0463005e-14
7.8236693e-14
-1.0558142e-13
1.1958892e-13
-1.567352e-13
1.8051306e-13
-2.3093445e-13
2.6971538e-13
-3.3815312e-13
3.9962834e-13
-4.9253258e-13
5.8794474e-13
-7.1404308e-13
8.5974911e-13
-1.0307572e-12
1.2504572e-12
-1.4819278e-12
1.8098351e-12
-2.1221037e-12
2.6074395e-12
-3.0265508e-12
3.7398981e-12
-4.2982732e-12
5.3405269e-12
-6.0769304e-12
7.591853e-12
-8.5499253e-12
1.0741675e-11
-1.1965883e-11
1.5123337e-11
-1.6650689e-11
2.1180935e-11
-2.3026207e-11
2.9500233e-11
-3.163186e-11
4.0846165e-11
-4.314942e-11
5.6207988e-11
-5.8431656e-11
7.6853458e-11
-7.8535898e-11
1.0439377e-10
-1.0476397e-10
1.4086137e-10
-1.3871006e-10
1.8880397e-10
-1.8231982e-10
2.5140029e-10
-2.3796681e-10
3.3259457e-10
-3.0852728e-10
4.3726017e-10
-3.9747362e-10
5.7140015e-10
-5.0903285e-10
7.4240209e-10
-6.4835779e-10
9.5914159e-10
-8.2088404e-10
-1.0410673e-09
1.2341145e-09
1.2339437e-16
-5.7136892e-16
5.9618528e-16
-2.1893267e-15
1.6296676e-15
-4.7859089e-15
3.5388255e-15
-8.8414629e-15
6.7895977e-15
-1.505542e-14
1.2066942e-14
-2.4442743e-14
2.0372619e-14
-3.8471819e-14
3.3165338e-14
-5.9261105e-14
5.2561132e-14
-8.98588e-14
8.1619056e-14
-1.3463935e-13
1.2474735e-13
-1.998635e-13
1.8827885e-13
-2.9446595e-13
2.8128306e-13
-4.3115733e-13
4.1670685e-13
-6.2795638e-13
6.1296832e-13
-9.1030456e-13
8.9616977e-13
-1.3139586e-12
1.3031476e-12
-1.8889057e-12
1.8856396e-12
-2.7045958e-12
2.7159224e-12
-3.8568337e-12
3.8943504e-12
-5.4767013e-12
5.5593107e-12
-7.7418908e-12
7.9001812e-12
-1.0890796e-11
1.117395e-11
-1.5239652e-11
1.5726204e-11
-2.1202944e-11
2.2017249e-11
-2.9317252e-11
3.0654194e-11
-4.0268805e-11
4.2429953e-11
-5.4925179e-11
5.8370344e-11
-7.4372047e-11
7.9790777e-11
-9.9956331e-11
1.0836444e-10
-1.3333764e-10
1.462042e-10
-1.7654982e-10
1.9596191e-10
-2.3207753e-10
2.6095272e-10
-3.0295762e-10
3.4529761e-10
-3.9287217e-10
4.5409978e-10
-5.0627579e-10
5.9365994e-10
-6.4859301e-10
7.7174087e-10
-8.2643873e-10
9.9773977e-10
-1.0468829e-09
-1.3278771e-09
1.2845495e-09
1.2921821e-16
-7.0058697e-16
6.2430219e-16
-2.6844106e-15
1.7064689e-15
-5.8680756e-15
3.7054591e-15
-1.0840453e-14
7.1089833e-15
-1.8458944e-14
1.2633906e-14
-2.9967666e-14
2.1328484e-14
-4.7166397e-14
3.4718845e-14
-7.2651467e-14
5.5018338e-14
-1.1015829e-13
8.5425897e-14
-1.6504691e-13
1.3054999e-13
-2.4498759e-13
1.9700889e-13
-3.6092486e-13
2.9427729e-13
-5.2842574e-13
4.3587468e-13
-7.6955378e-13
6.4102458e-13
-1.1154545e-12
9.3695633e-13
-1.6098904e-12
1.3620748e-12
-2.3140242e-12
1.9702875e-12
-3.3128086e-12
2.8368533e-12
-4.7233995e-12
4.0661984e-12
-6.7060465e-12
5.8022299e-12
-9.4779224e-12
8.2417573e-12
-1.3330324e-11
1.1651706e-11
-1.8649601e-11
1.6390865e-11
-2.5942103e-11
2.293699e-11
-3.5863378e-11
3.1920148e-11
-4.9251963e-11
4.4163369e-11
-6.71684e-11
6.0731903e-11
-9.0940582e-11
8.2992745e-11
-1.2221717e-10
1.1268654e-10
-1.6303143e-10
1.5201405e-10
-2.1587733e-10
2.0374162e-10
-2.838051e-10
2.7133584e-10
-3.7055185e-10
3.5911527e-10
-4.806516e-10
4.7244159e-10
-6.1960211e-10
6.179531e-10
-7.9410452e-10
8.0383724e-10
-1.0123229e-09
1.0400899e-09
-1.2831356e-09
-1.6278032e-09
1.340016e-09
1.3573293e-16
-8.3631974e-16
6.5575037e-16
-3.2044279e-15
1.7923587e-15
-7.0046839e-15
3.8917871e-15
-1.2939881e-14
7.4660625e-15
-2.2033219e-14
1.326767e-14
-3.5769274e-14
2.2396744e-14
-5.6295472e-14
3.6454589e-14
-8.6709312e-14
5.7762978e-14
-1.3146668e-13
8.9676548e-14
-1.9696048e-13
1.370264e-13
-2.9233744e-13
2.0674776e-13
-4.3064622e-13
3.0876454e-13
-6.3044252e-13
4.5722991e-13
-9.1801916e-13
6.7225675e-13
-1.3304813e-12
9.8231587e-13
-1.9199495e-12
1.4275349e-12
-2.7592433e-12
2.0641973e-12
-3.949471e-12
2.9708166e-12
-5.6300189e-12
4.256247e-12
-7.991477e-12
6.0703773e-12
-1.1292053e-11
8.6180416e-12
-1.5877988e-11
1.217686e-11
-2.220842e-11
1.7119796e-11
-3.0885039e-11
2.3943295e-11
-4.2686877e-11
3.3301996e-11
-5.8610664e-11
4.6051164e-11
-7.9917569e-11
6.3298328e-11
-1.0818775e-10
8.6465973e-11
-1.4538482e-10
1.1736766e-10
-1.9393312e-10
1.5829948e-10
-2.5680915e-10
2.121522e-10
-3.3765782e-10
2.825588e-10
-4.4095845e-10
3.740558e-10
-5.7214859e-10
4.9229117e-10
-7.3783748e-10
6.4427871e-10
-9.4609205e-10
8.3867799e-10
-1.2067221e-09
1.0861504e-09
-1.530608e-09
-1.9420796e-09
1.4004268e-09
1.4295856e-16
-9.7927814e-16
6.9062642e-16
-3.7520957e-15
1.8876001e-15
-8.2016576e-15
4.0983766e-15
-1.5150658e-14
7.8619139e-15
-2.5796757e-14
1.3970129e-14
-4.1877489e-14
2.3580558e-14
-6.5905901e-14
3.8377627e-14
-1.0150638e-13
6.0802914e-14
-1.5389197e-13
9.4382942e-14
-2.3054051e-13
1.4419433e-13
-3.4214883e-13
2.1752143e-13
-5.0397333e-13
3.2478225e-13
-7.3770335e-13
4.8082578e-13
-1.0740627e-12
7.067396e-13
-1.5563951e-12
1.032352e-12
-2.245562e-12
1.4996698e-12
-3.2265611e-12
2.1675603e-12
-4.6173615e-12
3.1180656e-12
-6.5805243e-12
4.4648241e-12
-9.3382356e-12
6.3641648e-12
-1.3191394e-11
9.029531e-12
-1.8543354e-11
1.2749979e-11
-2.5928868e-11
1.7913583e-11
-3.6048643e-11
2.5036674e-11
-4.9809968e-11
3.479999e-11
-6.837398e-11
4.8093041e-11
-9.3210619e-11
6.6068312e-11
-1.2616302e-10
9.020746e-11
-1.6952397e-10
1.2240215e-10
-2.261278e-10
1.6505078e-10
-2.9945779e-10
2.2117751e-10
-3.9378454e-10
2.9459555e-10
-5.1437649e-10
3.9007823e-10
-6.6763127e-10
5.1358487e-10
-8.6134413e-10
6.7253792e-10
-1.1050451e-09
8.7611076e-10
-1.410295e-09
1.135681e-09
-1.7901783e-09
-2.2718109e-09
1.4654124e-09
1.5089118e-16
-1.1301692e-15
7.2891092e-16
-4.3301153e-15
1.9921391e-15
-9.4648858e-15
4.3251084e-15
-1.7483627e-14
8.296304e-15
-2.9767952e-14
1.474086e-14
-4.8322045e-14
2.4879189e-14
-7.604423e-14
4.0486724e-14
-1.1711392e-13
6.4136116e-14
-1.7754137e-13
9.9541799e-14
-2.6594619e-13
1.5204854e-13
-3.9465558e-13
2.2932157e-13
-5.8124636e-13
3.4231721e-13
-8.5069899e-13
5.0664139e-13
-1.2383869e-12
7.4444006e-13
-1.7941938e-12
1.0870125e-12
-2.5881345e-12
1.5783968e-12
-3.7179453e-12
2.2802455e-12
-5.3192103e-12
3.2783933e-12
-7.5786721e-12
4.691603e-12
-1.0751445e-11
6.6830777e-12
-1.5182868e-11
9.4754174e-12
-2.1335694e-11
1.33698e-11
-2.9823251e-11
1.8770264e-11
-4.1449107e-11
2.6214095e-11
-5.72538e-11
3.6409495e-11
-7.856938e-11
5.0281965e-11
-1.0708309e-10
6.903127e-11
-1.4491232e-10
9.4201427e-11
-1.9469412e-10
1.2776682e-10
-2.596932e-10
1.722343e-10
-3.4392527e-10
2.3076819e-10
-4.5231844e-10
3.0737402e-10
-5.9098231e-10
4.0707756e-10
-7.6733481e-10
5.3616949e-10
-9.9043606e-10
7.0250602e-10
-1.2713816e-09
9.1580537e-10
-1.6235943e-09
1.1881913e-09
-2.0625642e-09
-2.6178772e-09
1.5342575e-09
1.5949854e-16
-1.2896676e-15
7.7044779e-16
-4.9410645e-15
2.1055483e-15
-1.0799986e-14
4.5710526e-15
-1.9949132e-14
8.7674447e-15
-3.3964344e-14
1.5576674e-14
-5.5131275e-14
2.6287238e-14
-8.6754795e-14
4.2773055e-14
-1.3359973e-13
6.7748534e-14
-2.0251684e-13
1.0513118e-13
-3.0332884e-13
1.6055528e-13
-4.5007968e-13
2.4209684e-13
-6.6278792e-13
3.6129207e-13
-9.6989423e-13
5.3456104e-13
-1.4116559e-12
7.8518605e-13
-2.0448188e-12
1.1460426e-12
-2.948991e-12
1.66334e-12
-4.2352427e-12
2.4017007e-12
-6.0575711e-12
3.4509902e-12
-8.6279615e-12
4.9354001e-12
-1.2235855e-11
7.0253897e-12
-1.7272858e-11
9.9531888e-12
-2.4263493e-11
1.4032676e-11
-3.3902738e-11
1.9684559e-11
-4.7100991e-11
2.7467943e-11
-6.5037183e-11
3.8119548e-11
-8.9220986e-11
5.2602205e-11
-1.2156575e-10
7.2164681e-11
-1.644748e-10
9.8415691e-11
-2.2094513e-10
1.3341599e-10
-2.946935e-10
1.7978563e-10
-3.902949e-10
2.4083262e-10
-5.1336543e-10
3.2076424e-10
-6.7091394e-10
4.2486814e-10
-8.7143871e-10
5.5977968e-10
-1.1253476e-09
7.3380151e-10
-1.4454035e-09
9.5721171e-10
-1.8470045e-09
1.2428849e-09
-2.3482374e-09
-2.9808262e-09
1.6058339e-09
1.6871074e-16
-1.4583781e-15
8.1490013e-16
-5.5872538e-15
2.2269074e-15
-1.2211994e-14
4.834211e-15
-2.2556435e-14
9.2715012e-15
-3.8401635e-14
1.6470754e-14
-6.2330528e-14
2.7793187e-14
-9.8077228e-14
4.5217855e-14
-1.510244e-13
7.1610399e-14
-2.2890939e-13
1.111048e-13
-3.4282324e-13
1.6964371e-13
-5.0861859e-13
2.5574017e-13
-7.4888439e-13
3.8154657e-13
-1.0957006e-12
5.6434675e-13
-1.594456e-12
8.2862661e-13
-2.3090987e-12
1.2089276e-12
-3.329292e-12
1.7537487e-12
-4.7800639e-12
2.5308354e-12
-6.8346578e-12
3.6342786e-12
-9.7314048e-12
5.1939418e-12
-1.3795519e-11
7.3878363e-12
-1.9466753e-11
1.0458174e-11
-2.7333832e-11
1.4731946e-11
-3.817651e-11
2.0647005e-11
-5.301605e-11
2.8784811e-11
-7.3174989e-11
3.9911229e-11
-1.003474e-10
5.5027132e-11
-1.3668165e-10
7.5431106e-11
-1.8487877e-10
1.0279756e-10
-2.4831159e-10
1.3927576e-10
-3.311717e-10
1.8760177e-10
-4.3862091e-10
2.5122825e-10
-5.7699191e-10
3.3456554e-10
-7.5425122e-10
4.4316538e-10
-9.8003855e-10
5.8401365e-10
-1.2661959e-09
7.6585352e-10
-1.6272433e-09
9.9951455e-10
-2.0806656e-09
1.2985961e-09
-2.6473189e-09
-3.3608199e-09
1.6785897e-09
1.7840993e-16
-1.6367879e-15
8.6169897e-16
-6.2705428e-15
2.3546631e-15
-1.3704958e-14
5.1112132e-15
-2.5312985e-14
9.8020119e-15
-4.3092433e-14
1.7411624e-14
-6.9940141e-14
2.9377679e-14
-1.1004328e-13
4.7789642e-14
-1.6943637e-13
7.567187e-14
-2.5679162e-13
1.1738536e-13
-3.8453673e-13
1.7919584e-13
-5.7042907e-13
2.7007376e-13
-8.3976231e-13
4.028155e-13
-1.2284424e-12
5.9560636e-13
-1.7872469e-12
8.74186e-13
-2.5876784e-12
1.2748275e-12
-3.7299336e-12
1.8484039e-12
-5.3536402e-12
2.6658889e-12
-7.6521428e-12
3.8257273e-12
-1.0891243e-11
5.4636043e-12
-1.5433396e-11
7.7652504e-12
-2.1768399e-11
1.0983036e-11
-3.0551617e-11
1.5457232e-11
-4.2650706e-11
2.1642977e-11
-5.9201796e-11
3.0144179e-11
-8.1676191e-11
4.1755854e-11
-1.1195908e-10
5.7516804e-11
-1.524426e-10
7.8775054e-11
-2.0613702e-10
1.0726964e-10
-2.7680617e-10
1.4523764e-10
-3.691397e-10
1.9553179e-10
-4.8891507e-10
2.6175684e-10
-6.4321696e-10
3.4848827e-10
-8.4098266e-10
4.6156562e-10
-1.0931159e-09
6.0830823e-10
-1.4129385e-09
7.9786892e-10
-1.816804e-09
1.0415878e-09
-2.3243844e-09
1.3536997e-09
-2.9594308e-09
-3.7571616e-09
1.7500414e-09
1.8842621e-16
-1.825214e-15
9.1002146e-16
-6.9921379e-15
2.4865637e-15
-1.52815e-14
5.3971682e-15
-2.822359e-14
1.0349593e-14
-4.8044858e-14
1.8382609e-14
-7.7973157e-14
3.1012567e-14
-1.2267324e-13
5.044261e-14
-1.8886641e-13
7.9860392e-14
-2.862094e-13
1.2386027e-13
-4.2853661e-13
1.8903973e-13
-6.3560853e-13
2.8483834e-13
-9.3556092e-13
4.2471203e-13
-1.3683161e-12
6.2776769e-13
-1.9903026e-12
9.2102414e-13
-2.8809348e-12
1.342517e-12
-4.1514264e-12
1.9455286e-12
-5.9566518e-12
2.8042988e-12
-8.5109129e-12
4.0216599e-12
-1.2108604e-11
5.7391383e-12
-1.7150874e-11
8.1501725e-12
-2.4179433e-11
1.1517221e-11
-3.3918665e-11
1.6193671e-11
-4.7327156e-11
2.2651637e-11
-6.5659762e-11
3.1516954e-11
-9.0541509e-11
4.3612998e-11
-1.2405512e-10
6.0015361e-11
-1.6884496e-10
8.2119942e-11
-2.282416e-10
1.1172733e-10
-3.0641356e-10
1.511541e-10
-4.0856647e-10
2.0335541e-10
-5.4111638e-10
2.7210788e-10
-7.1196943e-10
3.6214127e-10
-9.3101604e-10
4.7953031e-10
-1.2105049e-09
6.3191603e-10
-1.5653242e-09
8.2880302e-10
-2.013691e-09
1.0819622e-09
-2.5775436e-09
1.4061114e-09
-3.28358e-09
-4.1682071e-09
1.8171569e-09
1.9851556e-16
-2.0237294e-15
9.5868856e-16
-7.7523109e-15
2.6193846e-15
-1.6942196e-14
5.6850765e-15
-3.1289282e-14
1.0900827e-14
-5.3260609e-14
1.9359897e-14
-8.6432227e-14
3.2657722e-14
-1.3597107e-13
5.3111576e-14
-2.0932026e-13
8.4072929e-14
-3.1717075e-13
1.3037002e-13
-4.748337e-13
1.9893245e-13
-7.0417097e-13
2.9966877e-13
-1.0362972e-12
4.4669319e-13
-1.5153405e-12
6.6003057e-13
-2.20364e-12
9.6797081e-13
-3.1888751e-12
1.4102959e-12
-4.5937516e-12
2.0426675e-12
-6.5890234e-12
2.9425373e-12
-9.4107828e-12
4.2170325e-12
-1.33831e-11
6.013366e-12
-1.8947208e-11
8.532433e-12
-2.66985e-11
1.2046385e-11
-3.7432617e-11
1.6921117e-11
-5.2201889e-11
2.364481e-11
-7.2383454e-11
3.28639e-11
-9.9760599e-11
4.5428254e-11
-1.3661948e-10
6.2447793e-11
-1.858645e-10
8.5363756e-11
-2.5115757e-10
1.1603915e-10
-3.3708896e-10
1.5685833e-10
-4.4938564e-10
2.1082049e-10
-5.9507854e-10
2.8183416e-10
-7.829831e-10
3.7493543e-10
-1.0241173e-09
4.9636424e-10
-1.3319337e-09
6.5388752e-10
-1.7228475e-09
8.5733564e-10
-2.2171391e-09
1.1188021e-09
-2.8390101e-09
1.4532949e-09
-3.6180727e-09
-4.5915218e-09
1.8766096e-09
2.0836948e-16
-2.2320988e-15
1.0062136e-15
-8.5501549e-15
2.7490714e-15
-1.8685054e-14
5.9661445e-15
-3.4506355e-14
1.1438856e-14
-5.873332e-14
2.0313539e-14
-9.530691e-14
3.4262599e-14
-1.4992013e-13
5.5714287e-14
-2.3077195e-13
8.8179175e-14
-3.4963564e-13
1.3671236e-13
-5.2336688e-13
2.0856508e-13
-7.7602369e-13
3.140992e-13
-1.1418314e-12
4.6806377e-13
-1.6693051e-12
6.9136665e-13
-2.4269428e-12
1.0135165e-12
-3.5110249e-12
1.4759636e-12
-5.0561987e-12
2.1366322e-12
-7.249692e-12
3.0760128e-12
-1.0350163e-11
4.4052706e-12
-1.4712357e-11
6.2769255e-12
-2.0818863e-11
8.898773e-12
-2.9320348e-11
1.2551844e-11
-4.1085688e-11
1.7613367e-11
-5.7263412e-11
2.4585892e-11
-7.9355979e-11
3.4134031e-11
-1.0930874e-10
4.7130638e-11
-1.4961608e-10
6.4714712e-11
-2.0344858e-10
8.8363724e-11
-2.7480658e-10
1.1998208e-10
-3.6870731e-10
1.6200363e-10
-4.9140719e-10
2.1757215e-10
-6.5064706e-10
2.9071706e-10
-8.5612801e-10
3.864843e-10
-1.1198846e-09
5.1125724e-10
-1.4567067e-09
6.7305543e-10
-1.8846457e-09
8.8185172e-10
-2.4259354e-09
1.1498834e-09
-3.1070418e-09
1.4922069e-09
-3.9603963e-09
-5.0236097e-09
1.9242948e-09
2.1756308e-16
-2.4496617e-15
1.0505442e-15
-9.3831359e-15
2.870018e-15
-2.0504527e-14
6.2282166e-15
-3.7864553e-14
1.1940406e-14
-6.444551e-14
2.1202284e-14
-1.0456879e-13
3.5757787e-14
-1.6447563e-13
5.8138186e-14
-2.5315235e-13
9.2001576e-14
-3.8349903e-13
1.4261306e-13
-5.7397837e-13
2.1752108e-13
-8.5093171e-13
3.2750539e-13
-1.2518157e-12
4.8789868e-13
-1.8296983e-12
7.2041771e-13
-2.6594619e-12
1.0556829e-12
-3.8462901e-12
1.5366583e-12
-5.5371741e-12
2.2233081e-12
-7.9363418e-12
3.1988407e-12
-1.1325696e-11
4.5779986e-12
-1.6091515e-11
6.51795e-12
-2.2758814e-11
9.2324529e-12
-3.2034851e-11
1.3010093e-11
-4.4863328e-11
1.8237566e-11
-6.2490884e-11
2.5429187e-11
-8.65476e-11
3.526412e-11
-1.1914367e-10
4.8633175e-11
-1.6298514e-10
6.6697516e-11
-2.2151292e-10
9.0961982e-11
-2.9907105e-10
1.2336603e-10
-4.0111136e-10
1.6639874e-10
-5.344399e-10
2.2326765e-10
-7.0751598e-10
2.9804215e-10
-9.3090251e-10
3.9584899e-10
-1.2176914e-09
5.2314069e-10
-1.5839984e-09
6.880043e-10
-2.0495093e-09
9.004295e-10
-2.6383606e-09
1.1725891e-09
-3.3792014e-09
1.5192993e-09
-4.3071065e-09
-5.4597547e-09
1.9554442e-09
2.2564505e-16
-2.6753067e-15
1.0895062e-15
-1.0246997e-14
2.9762869e-15
-2.2391308e-14
6.4583972e-15
-4.1346663e-14
1.2380715e-14
-7.0367828e-14
2.1982062e-14
-1.1417013e-13
3.7068743e-14
-1.7956231e-13
6.0261658e-14
-2.7634527e-13
9.5346897e-14
-4.1858427e-13
1.477712e-13
-6.2640268e-13
2.2533909e-13
-9.2849959e-13
3.3918877e-13
-1.3656654e-12
5.0515087e-13
-1.9956604e-12
7.4562787e-13
-2.8999389e-12
1.0921755e-12
-4.1928377e-12
1.58902e-12
-6.0340185e-12
2.297808e-12
-8.6451298e-12
3.3039606e-12
-1.2331849e-11
4.7250864e-12
-1.7512641e-11
6.7220057e-12
-2.4755733e-11
9.513048e-12
-3.4825893e-11
1.339242e-11
-4.87427e-11
1.8753607e-11
-6.7852072e-11
2.6119013e-11
-9.3913006e-11
3.617732e-11
-1.2920198e-10
4.983049e-11
-1.7663831e-10
6.8252772e-11
-2.399352e-10
9.2964603e-11
-3.2378288e-10
1.2592506e-10
-4.3407181e-10
1.6964945e-10
-5.7816429e-10
2.2736315e-10
-7.6522968e-10
3.0314985e-10
-1.0066892e-09
4.0214733e-10
-1.3166889e-09
5.3079057e-10
-1.7126416e-09
6.9708837e-10
-2.2158071e-09
9.1085265e-10
-2.8521249e-09
1.1839326e-09
-3.6522813e-09
1.530567e-09
-4.6537408e-09
-5.8939359e-09
1.9647482e-09
2.31918e-16
-2.9072246e-15
1.1197216e-15
-1.11348e-14
3.0586481e-15
-2.4330234e-14
6.6366911e-15
-4.4924706e-14
1.2721565e-14
-7.6452702e-14
2.2585287e-14
-1.2403386e-13
3.8082074e-14
-1.950591e-13
6.1901489e-14
-3.0016468e-13
9.7927359e-14
-4.5461014e-13
1.5174456e-13
-6.8021987e-13
2.3135132e-13
-1.0081064e-12
3.481553e-13
-1.4824693e-12
5.1835829e-13
-2.1658634e-12
7.648685e-13
-3.1464491e-12
1.1199221e-12
-4.5478913e-12
1.628647e-12
-6.5427435e-12
2.3538643e-12
-9.3703471e-12
3.3824923e-12
-1.3360477e-11
4.8340031e-12
-1.8964152e-11
6.871469e-12
-2.6793199e-11
9.7158507e-12
-3.7670275e-11
1.3664303e-11
-5.2691152e-11
1.9113451e-11
-7.330122e-11
2.6588816e-11
-1.0138837e-10
3.6781883e-11
-1.3939505e-10
5.0596718e-11
-1.9045314e-10
6.9208508e-11
-2.5854699e-10
9.4136947e-11
-3.4871132e-10
1.2733799e-10
-4.6727286e-10
1.7131898e-10
-6.2214527e-10
2.2928054e-10
-8.2319125e-10
3.0526632e-10
-1.082675e-09
4.0434429e-10
-1.4157668e-09
5.3281586e-10
-1.8411132e-09
6.9844723e-10
-2.3814384e-09
9.1064062e-10
-3.0643183e-09
1.180611e-09
-3.9222516e-09
1.5216346e-09
-4.9947645e-09
-6.3187796e-09
1.9464783e-09
2.3588298e-16
-3.1431075e-15
1.1388065e-15
-1.2037724e-14
3.1106017e-15
-2.630203e-14
6.7489446e-15
-4.8563049e-14
1.2935633e-14
-8.263939e-14
2.2962979e-14
-1.340612e-13
3.8714175e-14
-2.1081029e-13
6.2919782e-14
-3.2437029e-13
9.9521078e-14
-4.9121144e-13
1.541826e-13
-7.348814e-13
2.3501175e-13
-1.0889355e-12
3.5356368e-13
-1.6010213e-12
5.2623623e-13
-2.338536e-12
7.76193e-13
-3.3964058e-12
1.1359944e-12
-4.9076927e-12
1.6511668e-12
-7.0579159e-12
2.384999e-12
-1.0104179e-11
3.4249232e-12
-1.4400401e-11
4.8909144e-12
-2.0430143e-11
6.9464285e-12
-2.8848713e-11
9.8124994e-12
-4.0536345e-11
1.3785741e-11
-5.6664394e-11
1.9261172e-11
-7.877665e-11
2.6761e-11
-1.088882e-10
3.6970843e-11
-1.4960489e-10
5.0785219e-11
-2.0426752e-10
6.9364627e-11
-2.771264e-10
9.420693e-11
-3.7355362e-10
1.2723614e-10
-5.0030207e-10
1.7091179e-10
-6.6582092e-10
2.2835953e-10
-8.8063899e-10
3.0351248e-10
-1.1578279e-09
4.0127023e-10
-1.5135246e-09
5.2766616e-10
-1.9675091e-09
6.9003426e-10
-2.5438065e-09
8.9710282e-10
-3.2713868e-09
1.1590954e-09
-4.1842442e-09
1.4878917e-09
-5.3235607e-09
-6.7255444e-09
1.8946565e-09
2.3629362e-16
-3.379401e-15
1.1406938e-15
-1.2942124e-14
3.1155563e-15
-2.8276892e-14
6.7592765e-15
-5.2206769e-14
1.2954571e-14
-8.8834685e-14
2.2994848e-14
-1.4410148e-13
3.8764465e-14
-2.2657991e-13
6.2994918e-14
-3.4860074e-13
9.962752e-14
-5.2784404e-13
1.543246e-13
-7.8957848e-13
2.3518648e-13
-1.1697974e-12
3.5375154e-13
-1.7195863e-12
5.2638236e-13
-2.5111668e-12
7.7617331e-13
-3.6461968e-12
1.1355547e-12
-5.2670741e-12
1.6498163e-12
-7.5721775e-12
2.381828e-12
-1.0836191e-11
3.4182981e-12
-1.5436871e-11
4.8779811e-12
-2.1889826e-11
6.9223246e-12
-3.0893057e-11
9.7691425e-12
-4.3383163e-11
1.3710017e-11
-6.0605269e-11
1.9132293e-11
-8.4198926e-11
2.6546736e-11
-1.1630264e-10
3.6622233e-11
-1.5968038e-10
5.0229265e-11
-2.1787455e-10
6.8494295e-11
-2.9539143e-10
9.2867455e-11
-3.9792678e-10
1.2520596e-10
-5.3264057e-10
1.6787492e-10
-7.0848989e-10
2.2386439e-10
-9.3662846e-10
2.9691405e-10
-1.2308776e-09
3.9164195e-10
-1.6082525e-09
5.1366124e-10
-2.0895284e-09
6.6966565e-10
-2.6998109e-09
8.6742117e-10
-3.4691424e-09
1.1157639e-09
-4.4325869e-09
1.4246828e-09
-5.6324797e-09
-7.1041183e-09
1.8032568e-09
2.331283e-16
-3.6125293e-15
1.1253873e-15
-1.3834383e-14
3.0735778e-15
-3.0225083e-14
6.6676298e-15
-5.5800821e-14
1.2777488e-14
-9.4944543e-14
2.2677361e-14
-1.5400135e-13
3.8222796e-14
-2.4212535e-13
6.2102124e-14
-3.7248007e-13
9.8192002e-14
-5.6393392e-13
1.5205792e-13
-8.4344439e-13
2.3165514e-13
-1.2493946e-12
3.4830476e-13
-1.836236e-12
5.1804401e-13
-2.6809061e-12
7.6348063e-13
-3.8916334e-12
1.1163186e-12
-5.6199121e-12
1.6207672e-12
-8.0766261e-12
2.3380959e-12
-1.1553519e-11
3.3526554e-12
-1.645143e-11
4.7797478e-12
-2.3316918e-11
6.7757946e-12
-3.2889104e-11
9.5513324e-12
-4.6158701e-11
1.3387465e-11
-6.4441401e-11
1.8656544e-11
-8.9468005e-11
2.5848063e-11
-1.2349416e-10
3.5601015e-11
-1.6943334e-10
4.8744302e-11
-2.3101784e-10
6.6347036e-11
-3.1299416e-10
8.9780702e-11
-4.2136044e-10
1.2079472e-10
-5.6365459e-10
1.6160573e-10
-7.4930089e-10
2.1499751e-10
-9.9002024e-10
2.8442231e-10
-1.3003024e-09
3.7409198e-10
-1.6979221e-09
4.8903532e-10
-2.2044718e-09
6.3508945e-10
-2.8458651e-09
8.1876153e-10
-3.6528144e-09
1.0470768e-09
-4.6609022e-09
1.3275371e-09
-5.9129399e-09
-7.4429994e-09
1.6664181e-09
2.2364963e-16
-3.8361788e-15
1.0794481e-15
-1.4690181e-14
2.947833e-15
-3.2093467e-14
6.3944569e-15
-5.9247445e-14
1.2253412e-14
-1.008035e-13
2.1746293e-14
-1.6349423e-13
3.6651844e-14
-2.570309e-13
5.9546759e-14
-3.9537498e-13
9.4146027e-14
-5.9853319e-13
1.4578172e-13
-8.9508009e-13
2.2207299e-13
-1.3256859e-12
3.3385787e-13
-1.9480208e-12
4.9648046e-13
-2.8435286e-12
7.3155496e-13
-4.1267079e-12
1.0693619e-12
-5.957719e-12
1.5520709e-12
-8.5593351e-12
2.2380282e-12
-1.2239477e-11
3.2073947e-12
-1.7420797e-11
4.5694712e-12
-2.4678995e-11
6.4721074e-12
-3.479174e-11
9.1136586e-12
-4.8800252e-11
1.2758048e-11
-6.808579e-11
1.7753613e-11
-9.446357e-11
2.4556589e-11
-1.3029714e-10
3.3760284e-11
-1.7863703e-10
4.6131269e-11
-2.4338882e-10
6.2654056e-11
-3.2951695e-10
8.4585659e-11
-4.4329205e-10
1.1352072e-10
-5.9258965e-10
1.5146602e-10
-7.8724619e-10
2.0091958e-10
-1.0394738e-09
2.6494294e-10
-1.3643258e-09
3.4720914e-10
-1.7801883e-09
4.5199525e-10
-2.3092579e-09
5.8407291e-10
-2.9779427e-09
7.484169e-10
-3.8171584e-09
9.4982626e-10
-4.8623115e-09
1.192507e-09
-6.1556207e-09
-7.7294449e-09
1.4789525e-09
2.100244e-16
-4.0462032e-15
1.0137593e-15
-1.5493916e-14
2.7683084e-15
-3.3848017e-14
6.0042093e-15
-6.2483346e-14
1.1503272e-14
-1.0630256e-13
2.0409663e-14
-1.7240062e-13
3.4387938e-14
-2.7100917e-13
5.5846954e-14
-4.16834e-13
8.8255708e-14
-6.3094194e-13
1.3658663e-13
-9.4341101e-13
2.0793432e-13
-1.3970336e-12
3.1237371e-13
-2.0524602e-12
4.6414186e-13
-2.9952968e-12
6.8325252e-13
-4.3458186e-12
9.9768194e-13
-6.2721484e-12
1.446299e-12
-9.0079521e-12
2.0827497e-12
-1.2875928e-11
2.9805475e-12
-1.8318595e-11
4.2396582e-12
-2.5938105e-11
5.9949122e-12
-3.6546994e-11
8.4266164e-12
-5.1231956e-11
1.1773797e-11
-7.1432971e-11
1.6350596e-11
-9.9040369e-11
2.2566487e-11
-1.3651303e-10
3.0951166e-11
-1.8702171e-10
4.2185154e-11
-2.5462281e-10
5.7137175e-11
-3.4446897e-10
7.6909043e-11
-4.6306392e-10
1.0288772e-10
-6.1856832e-10
1.3680197e-10
-8.2116044e-10
1.8077696e-10
-1.0834488e-09
2.3737338e-10
-1.4209222e-09
3.0958928e-10
-1.8524042e-09
4.0078877e-10
-2.4004574e-09
5.1449948e-10
-3.0916534e-09
6.5397676e-10
-3.9566357e-09
8.2155426e-10
-5.029889e-09
1.0172273e-09
-6.3512938e-09
-7.9498147e-09
1.2375971e-09
1.8621892e-16
-4.2324221e-15
8.9858055e-16
-1.6206278e-14
2.4533979e-15
-3.5402834e-14
5.3207486e-15
-6.5350697e-14
1.0193352e-14
-1.1117516e-13
1.8084985e-14
-1.8029226e-13
3.0470474e-14
-2.8339466e-13
4.9483994e-14
-4.3584752e-13
7.8198666e-14
-6.5965661e-13
1.2101873e-13
-9.8623108e-13
1.8422643e-13
-1.4602412e-12
2.7673936e-13
-2.1449731e-12
4.1115141e-13
-3.1297088e-12
6.0515057e-13
-4.5398177e-12
8.8343057e-13
-6.5504284e-12
1.2802392e-12
-9.4047607e-12
1.8427318e-12
-1.343842e-11
2.6353252e-12
-1.9111188e-11
3.7452696e-12
-2.704805e-11
5.2896811e-12
-3.8091405e-11
7.4243067e-12
-5.3366582e-11
1.0354338e-11
-7.4363003e-11
1.4347657e-11
-1.0303369e-10
1.9750975e-11
-1.4191634e-10
2.7009465e-11
-1.942802e-10
3.6690493e-11
-2.6430384e-10
4.9511999e-11
-3.5729048e-10
6.6375505e-11
-4.7992742e-10
8.8402439e-11
-6.4059525e-10
1.1696987e-10
-8.4972788e-10
1.5373741e-10
-1.1202163e-09
2.0065039e-10
-1.4678352e-09
2.5989595e-10
-1.9116498e-09
3.3377648e-10
-2.4743379e-09
4.2444446e-10
-3.1823214e-09
5.3340359e-10
-4.0655948e-09
6.6083757e-10
-5.157323e-09
8.0332395e-10
-6.4937801e-09
-8.0899429e-09
9.4345211e-10
1.6199941e-16
-4.3944216e-15
7.8171726e-16
-1.6825996e-14
2.1342274e-15
-3.6755344e-14
4.6281208e-15
-6.784459e-14
8.8652436e-15
-1.1541229e-13
1.5725917e-14
-1.8715293e-13
2.6489993e-14
-2.9415874e-13
4.3008061e-14
-4.5236559e-13
6.7942339e-14
-6.8459089e-13
1.0510374e-13
-1.0233925e-12
1.5992041e-13
-1.5150579e-12
2.4008424e-13
-2.225137e-12
3.5643521e-13
-3.2460598e-12
5.2415915e-13
-4.7075417e-12
7.6439189e-13
-6.7906612e-12
1.1063399e-12
-9.7467087e-12
1.5900446e-12
-1.3922125e-11
2.2699288e-12
-1.9791072e-11
3.2192725e-12
-2.7997394e-11
4.5357673e-12
-3.94079e-11
6.3482978e-12
-5.5179112e-11
8.8251089e-12
-7.6839814e-11
1.2183542e-11
-1.0639212e-10
1.6701573e-11
-1.4643437e-10
2.2731413e-11
-2.0031004e-10
3.0715424e-11
-2.7228785e-10
4.1204259e-11
-3.6777931e-10
5.487643e-11
-4.9359959e-10
7.2556792e-11
-6.5827562e-10
9.5228573e-11
-8.7239966e-10
1.2402899e-10
-1.1490167e-09
1.6021213e-10
-1.5040183e-09
2.0505551e-10
-1.9564932e-09
2.596802e-10
-2.5289626e-09
3.2474397e-10
-3.2473852e-09
3.9994112e-10
-4.140792e-09
4.8366485e-10
-5.2410467e-09
5.7253192e-10
-6.5826472e-09
-8.1949284e-09
6.7751749e-10
1.1690222e-16
-4.5113238e-15
5.6394072e-16
-1.7273034e-14
1.5390644e-15
-3.7730468e-14
3.3358092e-15
-6.9641335e-14
6.3857982e-15
-1.1846228e-13
1.1319083e-14
-1.9208621e-13
1.9049481e-14
-3.0188914e-13
3.089463e-14
-4.6421074e-13
4.8743887e-14
-7.0244014e-13
7.529157e-14
-1.0499402e-12
1.143585e-13
-1.5541248e-12
1.713313e-13
-2.2821098e-12
2.5375657e-13
-3.3284851e-12
3.7213491e-13
-4.82592e-12
5.4096759e-13
-6.9594938e-12
7.8011483e-13
-9.985856e-12
1.1165269e-12
-1.4258537e-11
1.5864063e-12
-2.0260952e-11
2.2378477e-12
-2.8648835e-11
3.1339838e-12
-4.0304036e-11
4.3566361e-12
-5.6401765e-11
6.0104412e-12
-7.8493619e-11
8.2273927e-12
-1.0860907e-10
1.1171717e-11
-1.493787e-10
1.5044956e-11
-2.0418328e-10
2.0090978e-11
-2.7733387e-10
2.6600236e-11
-3.7428857e-10
3.4911654e-11
-5.0191101e-10
4.5408751e-11
-6.6877271e-10
5.8503726e-11
-8.8549463e-10
7.4599036e-11
-1.1651121e-09
9.401078e-11
-1.52343e-09
1.1683334e-10
-1.9793157e-09
1.427255e-10
-2.5548547e-09
1.7058869e-10
-3.2752484e-09
1.9803171e-10
-4.168235e-09
2.2118857e-10
-5.2642036e-09
2.3453672e-10
-6.5959953e-09
-8.1942356e-09
2.3384394e-10
6.2416101e-17
-4.57374e-15
3.0072005e-16
-1.7511338e-14
8.1991475e-16
-3.8249662e-14
1.7754704e-15
-7.0596891e-14
3.3954391e-15
-1.2008224e-13
6.0117406e-15
-1.9470252e-13
1.0104084e-14
-3.0598148e-13
1.6361192e-14
-4.7046784e-13
2.5765454e-14
-7.1184441e-13
3.9708834e-14
-1.0638835e-12
6.0149755e-14
-1.5745658e-12
8.9822495e-14
-2.3117825e-12
1.3251189e-13
-3.3711745e-12
1.9340612e-13
-4.8868142e-12
2.7953772e-13
-7.0456254e-12
4.0031596e-13
-1.0106634e-11
5.6814023e-13
-1.4426361e-11
7.9906127e-13
-2.0491873e-11
1.1134243e-12
-2.8963198e-11
1.5363836e-12
-4.0726995e-11
2.0981278e-12
-5.6963509e-11
2.8335969e-12
-7.9229088e-11
3.781415e-12
-1.0955689e-10
4.9816818e-12
-1.5057897e-10
6.47213e-12
-2.0567373e-10
8.2818816e-12
-2.7914362e-10
1.0421487e-11
-3.7642817e-10
1.2866895e-11
-5.0435642e-10
1.5533237e-11
-6.7143905e-10
1.8231577e-11
-8.8819297e-10
2.0598218e-11
-1.1674787e-09
2.1982141e-11
-1.524814e-09
2.1273409e-11
-1.978607e-09
1.6662938e-11
-2.5502443e-09
5.3282965e-12
-3.2639137e-09
-1.7224705e-11
-4.145682e-09
-5.7251959e-11
-5.2241763e-09
-1.2305851e-10
-6.5301888e-09
-8.0932178e-09
-2.2407631e-10
4.2701653e-18
-4.5780103e-15
2.0096153e-17
-1.7527164e-14
5.3459309e-17
-3.8283026e-14
1.1237688e-16
-7.0655808e-14
2.071888e-16
-1.2017706e-13
3.5047208e-16
-1.948458e-13
5.5611564e-16
-3.0618712e-13
8.3664878e-16
-4.7074838e-13
1.1971802e-15
-7.1220494e-13
1.623048e-15
-1.0643094e-12
2.0561828e-15
-1.5749989e-12
2.3517468e-15
-2.3120781e-12
2.2010981e-15
-3.3710238e-12
9.9848953e-16
-4.8856116e-12
-2.3842743e-15
-7.0422427e-12
-9.9705413e-15
-1.0099048e-11
-2.528221e-14
-1.441105e-11
-5.4295873e-14
-2.0462859e-11
-1.0692523e-13
-2.8910569e-11
-1.9926894e-13
-4.0634652e-11
-3.5694354e-13
-5.6805834e-11
-6.1991572e-13
-7.8966116e-11
-1.0493577e-12
-1.0912745e-10
-1.7371841e-12
-1.4989114e-10
-2.8191241e-12
-2.0459179e-10
-4.4925212e-12
-2.7747023e-10
-7.0406841e-12
-3.7388001e-10
-1.0866705e-11
-5.005304e-10
-1.654141e-11
-6.6576435e-10
-2.4872536e-11
-8.7986185e-10
-3.7005065e-11
-1.1553462e-09
-5.4565029e-11
-1.507254e-09
-7.9860186e-11
-1.9533119e-09
-1.16151e-10
-2.5139534e-09
-1.6787781e-10
-3.2121869e-09
-2.4157617e-10
-4.0719836e-09
-3.4574091e-10
-5.1200116e-09
-4.9094928e-10
-6.3849804e-09
-7.8941929e-09
-6.8997426e-10
-5.9386943e-17
-4.5186234e-15
-2.8726351e-16
-1.7299288e-14
-7.8607463e-16
-3.7784215e-14
-1.7089762e-15
-6.9732907e-14
-3.283312e-15
-1.1860272e-13
-5.8446564e-15
-1.9228445e-13
-9.886148e-15
-3.0214563e-13
-1.6129914e-14
-4.6450461e-13
-2.5630396e-14
-7.0270446e-13
-3.9923695e-14
-1.0500161e-12
-6.1243233e-14
-1.5536794e-12
-9.2830809e-14
-2.2804905e-12
-1.3938457e-13
-3.3244701e-12
-2.077028e-13
-4.8172934e-12
-3.0760669e-13
-6.9423388e-12
-4.532579e-13
-9.9533967e-12
-6.6503093e-13
-1.4199277e-11
-9.72157e-13
-2.0155733e-11
-1.4164282e-12
-2.8466297e-11
-2.0573372e-12
-3.9993743e-11
-2.9791288e-12
-5.5884042e-11
-4.3003581e-12
-7.7644886e-11
-6.1866863e-12
-1.0724112e-10
-8.8678301e-12
-1.4721e-10
-1.2659845e-11
-2.0079977e-10
-1.7994343e-11
-2.7213573e-10
-2.5456929e-11
-3.6641743e-10
-3.5838227e-11
-4.901491e-10
-5.0202486e-11
-6.5140009e-10
-6.9980827e-11
-8.6008351e-10
-9.7098138e-11
-1.1282289e-09
-1.3414212e-10
-1.47021e-09
-1.8457798e-10
-1.902876e-09
-2.5308134e-10
-2.4454501e-09
-3.4558747e-10
-3.1196808e-09
-4.7053247e-10
-3.9470386e-09
-6.3826497e-10
-4.9522791e-09
-8.6131296e-10
-6.1619324e-09
-7.6006446e-09
-1.1548612e-09
-1.2524624e-16
-4.3933773e-15
-6.0517309e-16
-1.6819361e-14
-1.654355e-15
-3.6735033e-14
-3.592738e-15
-6.7794524e-14
-6.8937275e-15
-1.1530173e-13
-1.2253479e-14
-1.869247e-13
-2.0690519e-14
-2.9370859e-13
-3.3688651e-14
-4.5150648e-13
-5.3401496e-14
-6.8299161e-13
-8.2944513e-14
-1.0204731e-12
-1.2681079e-13
-1.5098131e-12
-1.9146126e-13
-2.21584e-12
-2.8615948e-13
-3.2297718e-12
-4.2414764e-13
-4.6793052e-12
-6.2429524e-13
-6.7421912e-12
-9.133977e-13
-9.6642942e-12
-1.3293605e-12
-1.3783314e-11
-1.9255777e-12
-1.9559516e-11
-2.7769014e-12
-2.7614974e-11
-3.9877079e-12
-3.8782936e-11
-5.7026856e-12
-5.4169065e-11
-8.1211191e-12
-7.5226453e-11
-1.1515613e-11
-1.0384663e-10
-1.6256414e-11
-1.424692e-10
-2.2842806e-11
-1.9421338e-10
-3.1943485e-11
-2.6303505e-10
-4.4448539e-11
-3.5391237e-10
-6.1536685e-11
-4.7306096e-10
-8.4762883e-11
-6.2817389e-10
-1.1617332e-10
-8.2867307e-10
-1.5845635e-10
-1.0859458e-09
-2.151332e-10
-1.4135332e-09
-2.9075639e-10
-1.8272528e-09
-3.9125268e-10
-2.3449538e-09
-5.2433505e-10
-2.9865984e-09
-6.995087e-10
-3.771865e-09
-9.2880806e-10
-4.7229797e-09
-1.2268824e-09
-5.8638581e-09
-7.2172362e-09
-1.6102908e-09
-1.9284421e-16
-4.2005333e-15
-9.3149469e-16
-1.6080711e-14
-2.5455888e-15
-3.5120939e-14
-5.5261407e-15
-6.4813972e-14
-1.0598827e-14
-1.1022905e-13
-1.8829311e-14
-1.7869422e-13
-3.1774224e-14
-2.8076368e-13
-5.1696994e-14
-4.3158371e-13
-8.187551e-14
-6.5281309e-13
-1.270393e-13
-9.7530929e-13
-1.9398865e-13
-1.4428637e-12
-2.9246782e-13
-2.1173609e-12
-4.3639147e-13
-3.0858482e-12
-6.4555827e-13
-4.4701384e-12
-9.4803162e-13
-6.4397178e-12
-1.3834258e-12
-9.2289e-12
-2.0074089e-12
-1.3159331e-11
-2.8978216e-12
-1.8669103e-11
-4.162919e-12
-2.6349876e-11
-5.9523619e-12
-3.6993493e-11
-8.4717283e-12
-5.1649699e-11
-1.2001474e-11
-7.1696707e-11
-1.6921471e-11
-9.892663e-11
-2.3742494e-11
-1.3564817e-10
-3.3146363e-11
-1.8480951e-10
-4.6036936e-11
-2.5014448e-10
-6.3604776e-11
-3.3634453e-10
-8.7409246e-11
-4.4925649e-10
-1.1948287e-10
-5.9610027e-10
-1.6246448e-10
-7.8569147e-10
-2.1977132e-10
-1.028639e-09
-2.9582991e-10
-1.3374746e-09
-3.9635425e-10
-1.7267285e-09
-5.2806229e-10
-2.2132457e-09
-7.0014104e-10
-2.8145196e-09
-9.2372645e-10
-3.5482796e-09
-1.2120155e-09
-4.4346906e-09
-1.5810012e-09
-5.4948724e-09
-6.7496638e-09
-2.0485735e-09
-2.6003268e-16
-3.9405008e-15
-1.2558134e-15
-1.508493e-14
-3.4313181e-15
-3.2945434e-14
-7.447567e-15
-6.0797723e-14
-1.4280946e-14
-1.0339567e-13
-2.5364343e-14
-1.6761082e-13
-4.2789173e-14
-2.6333885e-13
-6.9593677e-14
-4.047792e-13
-1.1017306e-13
-6.1223371e-13
-1.7086092e-13
-9.1462144e-13
-2.6075024e-13
-1.3529744e-12
-3.9284775e-13
-1.9852633e-12
-5.8568888e-13
-2.8930071e-12
-8.6558437e-13
-4.1902429e-12
-1.2697259e-12
-6.0355763e-12
-1.8504484e-12
-8.6481775e-12
-2.6810325e-12
-1.2328747e-11
-3.8635349e-12
-1.7486601e-11
-5.5392521e-12
-2.4674159e-11
-7.9025639e-12
-3.4630182e-11
-1.1219053e-11
-4.8333209e-11
-1.5848983e-11
-6.7066778e-11
-2.2277418e-11
-9.2498195e-11
-3.1152552e-11
-1.2677304e-10
-4.3334136e-11
-1.7262793e-10
-5.9954402e-11
-2.3352421e-10
-8.2494428e-11
-3.1380451e-10
-1.1287962e-10
-4.188713e-10
-1.5359853e-10
-5.5538136e-10
-2.0784933e-10
-7.3144066e-10
-2.7971617e-10
-9.5677214e-10
-3.7437991e-10
-1.2428108e-09
-4.985418e-10
-1.6025666e-09
-6.6046979e-10
-2.0513178e-09
-8.7002435e-10
-2.6049651e-09
-1.13922e-09
-3.2790839e-09
-1.4826535e-09
-4.0912571e-09
-1.9174925e-09
-5.0600334e-09
-6.2044424e-09
-2.4627139e-09
-3.2539261e-16
-3.6151084e-15
-1.5713033e-15
-1.383902e-14
-4.292913e-15
-3.0223824e-14
-9.3165593e-15
-5.5774077e-14
-1.7862382e-14
-9.4849845e-14
-3.1720239e-14
-1.5375296e-13
-5.3501274e-14
-2.4155781e-13
-8.6996529e-14
-3.7128395e-13
-1.3768645e-13
-5.6154379e-13
-2.1346205e-13
-8.3884584e-13
-3.2564147e-13
-1.240795e-12
-4.9039618e-13
-1.8205086e-12
-7.3074143e-13
-2.6526618e-12
-1.0792974e-12
-3.8416869e-12
-1.5820938e-12
-5.5327799e-12
-2.3037712e-12
-7.9265001e-12
-3.3346338e-12
-1.1297884e-11
-4.8001206e-12
-1.6021114e-11
-6.8733974e-12
-2.2600882e-11
-9.791922e-12
-3.1711657e-11
-1.3878998e-11
-4.4246134e-11
-1.9571521e-11
-6.1374254e-11
-2.7455359e-11
-8.4614358e-11
-3.8310047e-11
-1.1591835e-10
-5.3164906e-11
-1.5777307e-10
-7.3369068e-11
-2.1332005e-10
-1.006785e-10
-2.8649508e-10
-1.373636e-10
-3.821862e-10
-1.8634132e-10
-5.0640365e-10
-2.5133541e-10
-6.6644657e-10
-3.3706801e-10
-8.7103954e-10
-4.4948303e-10
-1.1303958e-09
-5.9589599e-10
-1.4561536e-09
-7.8562423e-10
-1.8615895e-09
-1.0297993e-09
-2.36079e-09
-1.3413341e-09
-2.9675492e-09
-1.7356234e-09
-3.6969678e-09
-2.2306565e-09
-4.5650003e-09
-5.5887052e-09
-2.8463937e-09
-3.8710041e-16
-3.2280083e-15
-1.8691556e-15
-1.2356965e-14
-5.1063214e-15
-2.6986659e-14
-1.1080987e-14
-4.9799412e-14
-2.1243375e-14
-8.4687458e-14
-3.7720266e-14
-1.3727607e-13
-6.3613312e-14
-2.1566477e-13
-1.0342397e-13
-3.3147329e-13
-1.636567e-13
-5.0131106e-13
-2.5367188e-13
-7.4883066e-13
-3.8688659e-13
-1.1075803e-12
-5.8245696e-13
-1.6249383e-12
-8.6762202e-13
-2.3674967e-12
-1.2809488e-12
-3.4283601e-12
-1.8767933e-12
-4.9369354e-12
-2.7313841e-12
-7.0719093e-12
-3.9510446e-12
-1.0078223e-11
-5.6831987e-12
-1.428896e-11
-8.1309467e-12
-2.0153134e-11
-1.1572159e-11
-2.8270445e-11
-1.6384208e-11
-3.9434085e-11
-2.3075653e-11
-5.4682809e-11
-3.2326431e-11
-7.536358e-11
-4.5038369e-11
-1.0320641e-10
-6.2398224e-11
-1.4041322e-10
-8.595584e-11
-1.8976243e-10
-1.1772051e-10
-2.547304e-10
-1.6027893e-10
-3.3962778e-10
-2.1693799e-10
-4.4974459e-10
-2.9189504e-10
-5.9148952e-10
-3.904352e-10
-7.7249938e-10
-5.1914713e-10
-1.0016839e-09
-6.8611928e-10
-1.2891815e-09
-9.0135454e-10
-1.6463542e-09
-1.1768981e-09
-2.0852464e-09
-1.5265883e-09
-2.6178589e-09
-1.966582e-09
-3.2569741e-09
-2.5154822e-09
-4.0161001e-09
-4.9101417e-09
-3.1940458e-09
-4.4358553e-16
-2.784423e-15
-2.1417948e-15
-1.0658755e-14
-5.8508649e-15
-2.3277589e-14
-1.2695997e-14
-4.295428e-14
-2.4337952e-14
-7.3045503e-14
-4.3211788e-14
-1.1840224e-13
-7.2867897e-14
-1.8600866e-13
-1.1845755e-13
-2.8588363e-13
-1.8742172e-13
-4.323469e-13
-2.9046425e-13
-6.4578812e-13
-4.4292092e-13
-9.5512361e-13
-6.6667531e-13
-1.4011839e-12
-9.9282491e-13
-2.0413471e-12
-1.4653671e-12
-2.955818e-12
-2.1462575e-12
-4.256045e-12
-3.1222952e-12
-6.0958716e-12
-4.5144076e-12
-8.6861111e-12
-6.4900462e-12
-1.2313321e-11
-9.2795582e-12
-1.7363622e-11
-1.3197561e-11
-2.4352442e-11
-1.8670534e-11
-3.3961113e-11
-2.6272029e-11
-4.7081314e-11
-3.6767148e-11
-6.4868462e-11
-5.1168198e-11
-8.8805364e-11
-7.0803806e-11
-1.2077761e-10
-9.7404122e-11
-1.6316212e-10
-1.3320514e-10
-2.1892938e-10
-1.8107525e-10
-2.9175768e-10
-2.4466659e-10
-3.8615325e-10
-3.2859248e-10
-5.0756364e-10
-4.3862841e-10
-6.6246345e-10
-5.8192777e-10
-8.5838451e-10
-7.67239e-10
-1.1038702e-09
-1.0052026e-09
-1.4083906e-09
-1.3085007e-09
-1.7819483e-09
-1.6917384e-09
-2.2346212e-09
-2.1717373e-09
-2.7769752e-09
-2.7676346e-09
-3.4202028e-09
-4.1769242e-09
-3.500852e-09
-4.9325302e-16
-2.2911702e-15
-2.3815163e-15
-8.7704924e-15
-6.5054952e-15
-1.915361e-14
-1.4115945e-14
-3.5343831e-14
-2.7058721e-14
-6.0102727e-14
-4.8039892e-14
-9.7421066e-14
-8.1004336e-14
-1.5304422e-13
-1.3167456e-13
-2.3521341e-13
-2.0831472e-13
-3.5570673e-13
-3.2280958e-13
-5.3129326e-13
-4.921812e-13
-7.8575199e-13
-7.4071002e-13
-1.1526551e-12
-1.1028838e-12
-1.6791734e-12
-1.6274702e-12
-2.4312316e-12
-2.3830991e-12
-3.5004161e-12
-3.4658492e-12
-5.0131215e-12
-5.0094624e-12
-7.1424979e-12
-7.1989535e-12
-1.012383e-11
-1.0288545e-11
-1.4274031e-11
-1.4625025e-11
-2.0015962e-11
-2.0677814e-11
-2.7908323e-11
-2.9077226e-11
-3.8681903e-11
-4.0662624e-11
-5.3283065e-11
-5.6542479e-11
-7.2925509e-11
-7.8168628e-11
-9.9151461e-11
-1.074274e-10
-1.3390334e-10
-1.4675054e-10
-1.7960625e-10
-1.9924866e-10
-2.3925955e-10
-2.6886944e-10
-3.1653247e-10
-3.605803e-10
-4.1585278e-10
-4.8057217e-10
-5.4247158e-10
-6.3647491e-10
-7.0248177e-10
-8.3757345e-10
-9.0277168e-10
-1.0950448e-09
-1.1509193e-09
-1.4220863e-09
-1.4549067e-09
-1.833885e-09
-1.8228226e-09
-2.3477904e-09
-2.2630697e-09
-2.9834052e-09
-2.7845881e-09
-3.3976143e-09
-3.7627151e-09
-5.3479945e-16
-1.7563711e-15
-2.5820416e-15
-6.7232504e-15
-7.0530635e-15
-1.4682588e-14
-1.5303616e-14
-2.7093279e-14
-2.9334325e-14
-4.6072018e-14
-5.2077849e-14
-7.4677543e-14
-8.7808851e-14
-1.1731321e-13
-1.4272733e-13
-1.8029493e-13
-2.257855e-13
-2.7264857e-13
-3.4985495e-13
-4.0722381e-13
-5.3336667e-13
-6.0224026e-13
-8.0260329e-13
-8.8341844e-13
-1.1948838e-12
-1.2868929e-12
-1.7629583e-12
-1.863157e-12
-2.5810268e-12
-2.6823477e-12
-3.7529091e-12
-3.8412391e-12
-5.4230325e-12
-5.4723746e-12
-7.791049e-12
-7.7558139e-12
-1.1131067e-11
-1.0934013e-11
-1.5816652e-11
-1.5330377e-11
-2.2352941e-11
-2.1372035e-11
-3.1417403e-11
-2.9617441e-11
-4.391103e-11
-4.0789438e-11
-6.1021971e-11
-5.5814569e-11
-8.4303966e-11
-7.5869467e-11
-1.1577223e-10
-1.0243508e-10
-1.5801959e-10
-1.3735889e-10
-2.1435542e-10
-1.8292373e-10
-2.8896888e-10
-2.4191901e-10
-3.871156e-10
-3.1770606e-10
-5.1532288e-10
-4.1426429e-10
-6.8160343e-10
-5.3620121e-10
-8.9566397e-10
-6.8871114e-10
-1.1691047e-09
-8.7747856e-10
-1.5155325e-09
-1.1084789e-09
-1.9505707e-09
-1.3877845e-09
-2.4919683e-09
-1.7216721e-09
-3.1597079e-09
-2.1168485e-09
-2.5810802e-09
-3.976242e-09
-5.6611051e-16
-1.1902609e-15
-2.733188e-15
-4.5561731e-15
-7.4659628e-15
-9.9498138e-15
-1.6199833e-14
-1.8359408e-14
-3.1053376e-14
-3.1218476e-14
-5.5132956e-14
-5.0597963e-14
-9.2967834e-14
-7.9478337e-14
-1.5112918e-13
-1.2213358e-13
-2.3910641e-13
-1.8467134e-13
-3.7054052e-13
-2.7578969e-13
-5.6495764e-13
-4.0782314e-13
-8.5019561e-13
-5.9818048e-13
-1.2657716e-12
-8.7131689e-13
-1.8675265e-12
-1.2614021e-12
-2.7339803e-12
-1.8158939e-12
-3.9749538e-12
-2.6002657e-12
-5.7431511e-12
-3.7041773e-12
-8.2495558e-12
-5.2494093e-12
-1.178366e-11
-7.3999087e-12
-1.6739732e-11
-1.0374305e-11
-2.3650497e-11
-1.4461271e-11
-3.3229828e-11
-2.0038109e-11
-4.6426245e-11
-2.7593022e-11
-6.4489277e-11
-3.7751538e-11
-8.9051066e-11
-5.130768e-11
-1.2222581e-10
-6.9260336e-11
-1.6672981e-10
-9.2854895e-11
-2.2602439e-10
-1.2362916e-10
-3.0448278e-10
-1.6346061e-10
-4.0757951e-10
-2.1460934e-10
-5.4209621e-10
-2.7974759e-10
-7.1633293e-10
-3.6196449e-10
-9.4030884e-10
-4.6473522e-10
-1.2259374e-09
-5.9184999e-10
-1.5871295e-09
-7.4728677e-10
-2.0398202e-09
-9.3509381e-10
-2.6020473e-09
-1.1594449e-09
-3.2940803e-09
-1.4248155e-09
-1.7364275e-09
-4.1387329e-09
-5.8789864e-16
-6.0236252e-16
-2.8384663e-15
-2.3056057e-15
-7.7543874e-15
-5.0338929e-15
-1.6828186e-14
-9.28561e-15
-3.2263304e-14
-1.5783358e-14
-5.7290954e-14
-2.5570312e-14
-9.6621937e-14
-4.0147355e-14
-1.5708763e-13
-6.1667888e-14
-2.4854324e-13
-9.3215729e-14
-3.8514298e-13
-1.3918996e-13
-5.8714814e-13
-2.0581798e-13
-8.834508e-13
-3.0187782e-13
-1.3150612e-12
-4.3970649e-13
-1.939921e-12
-6.3654232e-13
-2.8394882e-12
-9.1632662e-13
-4.1276674e-12
-1.3120865e-12
-5.9627995e-12
-1.8690452e-12
-8.5635885e-12
-2.6486204e-12
-1.2230012e-11
-3.7334853e-12
-1.7370446e-11
-5.2338714e-12
-2.4536417e-11
-7.2953005e-12
-3.4466587e-11
-1.0107939e-11
-4.8141815e-11
-1.3917795e-11
-6.6853354e-11
-1.904e-11
-9.2286567e-11
-2.5874468e-11
-1.2662277e-10
-3.4924138e-11
-1.7266182e-10
-4.6815844e-11
-2.3396771e-10
-6.2323272e-11
-3.1503779e-10
-8.2390527e-11
-4.2149373e-10
-1.0815339e-10
-5.6028758e-10
-1.4095373e-10
-7.3991084e-10
-1.8234122e-10
-9.705891e-10
-2.3405696e-10
-1.2644429e-09
-2.9799619e-10
-1.6355835e-09
-3.7614619e-10
-2.1001468e-09
-4.7053049e-10
-2.6763586e-09
-5.8323317e-10
-3.3846804e-09
-7.1649366e-10
-8.7293619e-10
-4.2481717e-09
-6.0236271e-16
-2.9079687e-15
-7.9418617e-15
-1.7227472e-14
-3.3010831e-14
-5.8581143e-14
-9.8728499e-14
-1.6039639e-13
-2.5361212e-13
-3.9280208e-13
-5.9862006e-13
-9.0049788e-13
-1.3402044e-12
-1.9767467e-12
-2.8930733e-12
-4.2051599e-12
-6.0742052e-12
-8.7228257e-12
-1.2456311e-11
-1.7690183e-11
-2.4985484e-11
-3.5093423e-11
-4.9011219e-11
-6.805122e-11
-9.392569e-11
-1.2884983e-10
-1.7566568e-10
-2.3798895e-10
-3.2037948e-10
-4.2853287e-10
-5.6948659e-10
-7.5182781e-10
-9.8588476e-10
-1.283881e-09
-1.6600271e-09
-2.1305576e-09
-2.7137908e-09
-3.4302844e-09
-4.3032206e-09
1.2944954e-09
-1.8353889e-10
1.4903592e-09
-1.9586377e-10
1.6949119e-09
-2.0455267e-10
1.9092323e-09
-2.1432038e-10
2.1328402e-09
-2.2360782e-10
2.3653019e-09
-2.3246163e-10
2.6059403e-09
-2.4063833e-10
2.8536574e-09
-2.4771704e-10
3.1069643e-09
-2.5330679e-10
3.3638431e-09
-2.568787e-10
3.6216609e-09
-2.5781761e-10
3.8770432e-09
-2.5538229e-10
4.1258621e-09
-2.488188e-10
4.3624081e-09
-2.36546e-10
-2.1974892e-10
4.5821569e-09
1.3363599e-09
-3.7223969e-10
1.5379879e-09
-3.9749184e-10
1.7487655e-09
-4.1533026e-10
1.9697998e-09
-4.3535462e-10
2.2005533e-09
-4.5436137e-10
2.4405809e-09
-4.7248916e-10
2.6891556e-09
-4.8921299e-10
2.9451361e-09
-5.0369753e-10
3.2069673e-09
-5.1513797e-10
3.4725499e-09
-5.2246127e-10
3.7391509e-09
-5.2441864e-10
4.0032606e-09
-5.1949196e-10
4.2606111e-09
-5.0616932e-10
4.5052636e-09
-4.8119847e-10
-4.4702159e-10
4.7325362e-09
1.3830979e-09
-5.6675693e-10
1.5911861e-09
-6.0558004e-10
1.8089768e-09
-6.3312094e-10
2.0375566e-09
-6.6393445e-10
2.2763403e-09
-6.931451e-10
2.524854e-09
-7.2100284e-10
2.7823117e-09
-7.4667062e-10
3.0475139e-09
-7.6889977e-10
3.3188226e-09
-7.8644659e-10
3.5940375e-09
-7.9767615e-10
3.870304e-09
-8.0068515e-10
4.1439549e-09
-7.9314287e-10
4.4105525e-09
-7.7276685e-10
4.6639209e-09
-7.3456689e-10
-6.8224005e-10
4.8991393e-09
1.4352022e-09
-7.6784469e-10
1.6505558e-09
-8.209336e-10
1.8762636e-09
-8.5882869e-10
2.1133378e-09
-9.0100865e-10
2.3611564e-09
-9.4096374e-10
2.619197e-09
-9.7904343e-10
2.8866048e-09
-1.0140784e-09
3.1621053e-09
-1.0444002e-09
3.4439584e-09
-1.0682997e-09
3.729842e-09
-1.0835597e-09
4.0167553e-09
-1.0875984e-09
4.300851e-09
-1.0772386e-09
4.5774867e-09
-1.0494026e-09
4.8402443e-09
-9.9732447e-10
-9.2586939e-10
5.0838736e-09
1.4930504e-09
-9.763456e-10
1.7165864e-09
-1.0444696e-09
1.9512276e-09
-1.0934699e-09
2.1978626e-09
-1.1476436e-09
2.4558395e-09
-1.1989406e-09
2.7245687e-09
-1.2477727e-09
3.0031154e-09
-1.292625e-09
3.2901111e-09
-1.3313959e-09
3.5836937e-09
-1.3618823e-09
3.8813961e-09
-1.3812621e-09
4.1800451e-09
-1.3862475e-09
4.4755895e-09
-1.372783e-09
4.7631468e-09
-1.3369599e-09
5.0360472e-09
-1.2702248e-09
-1.178445e-09
5.2886228e-09
1.5568488e-09
-1.1931783e-09
1.7895865e-09
-1.2772074e-09
2.034287e-09
-1.3381704e-09
2.2916609e-09
-1.4050175e-09
2.561033e-09
-1.4683127e-09
2.8417308e-09
-1.5284705e-09
3.1327255e-09
-1.5836197e-09
3.4325348e-09
-1.6312052e-09
3.7391527e-09
-1.6685003e-09
4.0499432e-09
-1.6920525e-09
4.3615343e-09
-1.6978385e-09
4.6696451e-09
-1.6808939e-09
4.9691184e-09
-1.6364332e-09
5.2530204e-09
-1.5541268e-09
-1.4406035e-09
5.5151788e-09
1.6265651e-09
-1.4193166e-09
1.8696085e-09
-1.5202507e-09
2.1255986e-09
-1.5941604e-09
2.394989e-09
-1.6744079e-09
2.6770974e-09
-1.750421e-09
2.9711553e-09
-1.8225283e-09
3.2760232e-09
-1.8884876e-09
3.5900842e-09
-1.9452662e-09
3.911166e-09
-1.9895821e-09
4.2364391e-09
-2.0173256e-09
4.5623061e-09
-2.0237056e-09
4.8842314e-09
-2.0028191e-09
5.1967495e-09
-1.9489513e-09
5.4926475e-09
-1.8500249e-09
-1.7131215e-09
5.7651654e-09
1.701852e-09
-1.6557563e-09
1.9563662e-09
-1.774765e-09
2.224974e-09
-1.8627682e-09
2.5077374e-09
-1.9571713e-09
2.8040131e-09
-2.0466968e-09
3.112924e-09
-2.1314392e-09
3.4331998e-09
-2.2087634e-09
3.7630667e-09
-2.2751331e-09
4.100164e-09
-2.3266794e-09
4.4414449e-09
-2.3586065e-09
4.7830616e-09
-2.3653223e-09
5.1201988e-09
-2.3399563e-09
5.4470521e-09
-2.2758047e-09
5.7561135e-09
-2.1590862e-09
-1.996963e-09
6.039955e-09
1.7819671e-09
-1.9034658e-09
2.04916e-09
-2.0419579e-09
2.3317906e-09
-2.1453987e-09
2.6293329e-09
-2.2547136e-09
2.9412792e-09
-2.358643e-09
3.2666244e-09
-2.4567845e-09
3.6039425e-09
-2.5460815e-09
3.9512809e-09
-2.6224714e-09
4.3060685e-09
-2.6814669e-09
4.6650193e-09
-2.7175574e-09
5.0240121e-09
-2.724315e-09
5.37793e-09
-2.6938743e-09
5.7206024e-09
-2.6184771e-09
6.0442092e-09
-2.482693e-09
-2.2933345e-09
6.3405807e-09
1.8660378e-09
-2.1636696e-09
2.1471629e-09
-2.323083e-09
2.4449169e-09
-2.4431527e-09
2.7586405e-09
-2.5684372e-09
3.0878148e-09
-2.6878173e-09
3.4312498e-09
-2.8002194e-09
3.7873342e-09
-2.9021659e-09
4.1539146e-09
-2.9890519e-09
4.5281899e-09
-3.0557422e-09
4.9066158e-09
-3.0959833e-09
5.2847785e-09
-3.1024777e-09
5.6572415e-09
-3.0663373e-09
6.0174448e-09
-2.9786805e-09
6.3572407e-09
-2.8224889e-09
-2.6037452e-09
6.6676514e-09
1.9528089e-09
-2.4378888e-09
2.2488932e-09
-2.6191674e-09
2.5624784e-09
-2.7567378e-09
2.8938649e-09
-2.8998236e-09
3.2418734e-09
-3.0358259e-09
3.6051122e-09
-3.1634582e-09
3.9817653e-09
-3.278819e-09
4.3694578e-09
-3.3767443e-09
4.7651408e-09
-3.4514252e-09
5.164997e-09
-3.4958396e-09
5.5643063e-09
-3.501787e-09
5.9572993e-09
-3.4593303e-09
6.3370096e-09
-3.3583907e-09
6.6949486e-09
-3.1804279e-09
-2.9300702e-09
7.0212736e-09
2.0389581e-09
-2.7268055e-09
2.3510906e-09
-2.9312999e-09
2.6820397e-09
-3.0876869e-09
3.0325171e-09
-3.2503011e-09
3.4009784e-09
-3.4042871e-09
3.7857797e-09
-3.5482595e-09
4.1848731e-09
-3.6779125e-09
4.595642e-09
-3.7875132e-09
5.0147764e-09
-3.8705595e-09
5.4381759e-09
-3.9192391e-09
5.8608069e-09
-3.9244181e-09
6.2765609e-09
-3.8750843e-09
6.6780539e-09
-3.7598837e-09
7.0564478e-09
-3.5588218e-09
-3.274613e-09
7.4009905e-09
2.1209112e-09
-3.0305598e-09
2.4500941e-09
-3.2604828e-09
2.8002886e-09
-3.4378813e-09
3.171339e-09
-3.6213515e-09
3.5618871e-09
-3.7948352e-09
3.9700476e-09
-3.9564199e-09
4.393516e-09
-4.1013809e-09
4.8294179e-09
-4.2234151e-09
5.2741728e-09
-4.3153144e-09
5.7233945e-09
-4.3684609e-09
6.1717363e-09
-4.3727598e-09
6.6127514e-09
-4.3160994e-09
7.038635e-09
-4.1857674e-09
7.4401961e-09
-3.9603829e-09
-3.6401611e-09
7.8057442e-09
2.1957617e-09
-3.3497119e-09
2.5426447e-09
-3.6073657e-09
2.9132077e-09
-3.8084443e-09
3.3063186e-09
-4.0144624e-09
3.7206047e-09
-4.2091214e-09
4.1539549e-09
-4.3897701e-09
4.6037945e-09
-4.5512205e-09
5.0669789e-09
-4.6865995e-09
5.5396537e-09
-4.7879891e-09
6.017151e-09
-4.8459582e-09
6.4938197e-09
-4.8494285e-09
6.962885e-09
-4.7851648e-09
7.4161254e-09
-4.6390078e-09
7.8440003e-09
-4.3882578e-09
-4.0300306e-09
8.2338699e-09
2.2593298e-09
-3.6847469e-09
2.6243985e-09
-3.9724345e-09
3.0162438e-09
-4.2002896e-09
3.4327863e-09
-4.4310049e-09
3.8724524e-09
-4.6487875e-09
4.3328552e-09
-4.8501729e-09
4.8111266e-09
-5.0294918e-09
5.3038405e-09
-5.1793134e-09
5.8068705e-09
-5.2910192e-09
6.3152799e-09
-5.3543676e-09
6.8231301e-09
-5.3572788e-09
7.3233376e-09
-5.2853723e-09
7.8072759e-09
-5.1229461e-09
8.2650657e-09
-4.8460475e-09
-4.4480932e-09
8.6831283e-09
2.306614e-09
-4.0359167e-09
2.6902284e-09
-4.3560488e-09
3.1042239e-09
-4.6142851e-09
3.5455024e-09
-4.8722833e-09
4.0121836e-09
-5.1154687e-09
4.5015411e-09
-5.3395305e-09
5.0103778e-09
-5.5383285e-09
5.5349744e-09
-5.70391e-09
6.0709397e-09
-5.8269845e-09
6.613088e-09
-5.8965159e-09
7.1552205e-09
-5.8994113e-09
7.6899712e-09
-5.820123e-09
8.2083284e-09
-5.6413033e-09
8.7000925e-09
-5.3378116e-09
-4.8987801e-09
9.1507795e-09
2.3321561e-09
-4.4033246e-09
2.7345485e-09
-4.7584412e-09
3.1715063e-09
-5.051243e-09
3.6388016e-09
-5.3395786e-09
4.1341505e-09
-5.6108176e-09
4.6544214e-09
-5.8598014e-09
5.1960452e-09
-6.0799523e-09
5.7549959e-09
-6.2628607e-09
6.3266304e-09
-6.3986191e-09
6.9055425e-09
-6.475428e-09
7.4853067e-09
-6.4791755e-09
8.0583085e-09
-6.3931248e-09
8.6151769e-09
-6.1981717e-09
9.1454176e-09
-5.8680523e-09
-5.3870603e-09
9.6336977e-09
2.3301571e-09
-4.7870034e-09
2.7514976e-09
-5.1797816e-09
3.2121856e-09
-5.511931e-09
3.7067965e-09
-5.8341895e-09
4.2325168e-09
-6.136538e-09
4.7857421e-09
-6.4130267e-09
5.3624826e-09
-6.6566927e-09
5.9583923e-09
-6.8587705e-09
6.5685946e-09
-7.0088213e-09
7.1874977e-09
-7.0943312e-09
7.8084901e-09
-7.100168e-09
8.4237462e-09
-7.0083808e-09
9.0235665e-09
-6.7979921e-09
9.597193e-09
-6.4416787e-09
-5.9183904e-09
1.0128523e-08
2.2946596e-09
-5.1870065e-09
2.7351761e-09
-5.6202982e-09
3.2203406e-09
-5.9970954e-09
3.7436225e-09
-6.3574714e-09
4.3015065e-09
-6.694422e-09
4.8898383e-09
-7.0013585e-09
5.5041547e-09
-7.2710091e-09
6.1397775e-09
-7.4943934e-09
6.7916202e-09
-7.660664e-09
7.4539472e-09
-7.7566581e-09
8.1200046e-09
-7.7662254e-09
8.7817929e-09
-7.6701692e-09
9.4293179e-09
-7.445517e-09
1.0051591e-08
-7.0639522e-09
-6.4986378e-09
1.0631839e-08
2.2197225e-09
-5.6034722e-09
2.679892e-09
-6.0804676e-09
3.1903023e-09
-6.5075057e-09
3.7437004e-09
-6.9108696e-09
4.3356645e-09
-7.2863861e-09
4.9613946e-09
-7.6270886e-09
5.6158971e-09
-7.9255116e-09
6.2941512e-09
-8.1726475e-09
6.99089e-09
-8.3574028e-09
7.7002791e-09
-8.4660473e-09
8.415466e-09
-8.4814123e-09
9.1283104e-09
-8.3830135e-09
9.8285561e-09
-8.1457628e-09
1.0505019e-08
-7.7404154e-09
-7.1339799e-09
1.1140361e-08
2.0994821e-09
-6.0365362e-09
2.5802889e-09
-6.5612744e-09
3.1168636e-09
-7.0440804e-09
3.7019676e-09
-7.4959736e-09
4.3300995e-09
-7.914518e-09
4.9956922e-09
-8.2926813e-09
5.6931632e-09
-8.6229826e-09
6.417144e-09
-8.8966282e-09
7.1622233e-09
-9.1024821e-09
7.9225147e-09
-9.2263388e-09
8.691106e-09
-9.2500036e-09
9.4597386e-09
-9.1516461e-09
1.0217926e-08
-8.9039503e-09
1.0954319e-08
-8.476808e-09
-7.8307848e-09
1.1651124e-08
1.9285399e-09
-6.4861235e-09
2.4314704e-09
-7.064205e-09
2.9954823e-09
-7.6080922e-09
3.6141104e-09
-8.1146017e-09
4.2807196e-09
-8.5811271e-09
4.9888413e-09
-9.0008031e-09
5.73225e-09
-9.3663913e-09
6.5052366e-09
-9.6696148e-09
7.3022897e-09
-9.8995352e-09
8.1175154e-09
-1.0041564e-08
8.9439711e-09
-1.0076459e-08
9.7732867e-09
-9.9809617e-09
1.0594775e-08
-9.7254387e-09
1.1396941e-08
-9.2789733e-09
-8.5954801e-09
1.2161636e-08
1.7037361e-09
-6.9522625e-09
2.2304235e-09
-7.5908923e-09
2.8232689e-09
-8.2009377e-09
3.4772074e-09
-8.7685403e-09
4.1846442e-09
-9.2885638e-09
4.9380579e-09
-9.7542168e-09
5.7305045e-09
-1.0158838e-08
6.5559321e-09
-1.0495042e-08
7.4087641e-09
-1.0752367e-08
8.283128e-09
-1.0915928e-08
9.1720608e-09
-1.0965392e-08
1.0067063e-08
-1.0875964e-08
1.0957284e-08
-1.061566e-08
1.1831057e-08
-1.0152746e-08
-9.4344376e-09
1.2670015e-08
1.4298884e-09
-7.4386988e-09
1.9795653e-09
-8.1405692e-09
2.6009462e-09
-8.8223186e-09
3.2906876e-09
-9.4582816e-09
4.0405956e-09
-1.0038472e-08
4.8417885e-09
-1.055541e-08
5.6863453e-09
-1.1003395e-08
6.5677472e-09
-1.1376444e-08
7.4803164e-09
-1.1664936e-08
8.4181812e-09
-1.1853793e-08
9.3743315e-09
-1.1921543e-08
1.0340098e-08
-1.184173e-08
1.1304478e-08
-1.1580041e-08
1.2255736e-08
-1.1104003e-08
1.3174806e-08
-1.0353507e-08
4.6619081e-09
-7.9751402e-11
4.7437519e-09
-8.1844022e-11
4.8258098e-09
-8.2058156e-11
4.9073359e-09
-8.1526306e-11
4.9882109e-09
-8.0875221e-11
5.0678093e-09
-7.9598547e-11
5.1458609e-09
-7.8051639e-11
5.2220657e-09
-7.6204953e-11
5.2960748e-09
-7.4009459e-11
5.3678474e-09
-7.1772753e-11
5.4366391e-09
-6.8792141e-11
5.5035669e-09
-6.6927996e-11
5.5644449e-09
-6.0877784e-11
5.6297922e-09
-6.5347765e-11
-4.3401317e-11
4.8135024e-09
-1.6071761e-10
4.8967082e-09
-1.6504986e-10
4.9802356e-09
-1.6558557e-10
5.0633381e-09
-1.6462879e-10
5.1458661e-09
-1.6340326e-10
5.227182e-09
-1.6091447e-10
5.3069938e-09
-1.5786336e-10
5.384985e-09
-1.5419616e-10
5.4607899e-09
-1.4981436e-10
5.5343537e-09
-1.4533661e-10
5.6049104e-09
-1.3934878e-10
5.6735888e-09
-1.3560645e-10
5.7361025e-09
-1.2339146e-10
5.8031974e-09
-1.3244262e-10
-8.8005086e-11
4.979988e-09
-2.4156628e-10
5.0632793e-09
-2.4834125e-10
5.1471503e-09
-2.4945653e-10
5.2308259e-09
-2.4830441e-10
5.3141232e-09
-2.4670059e-10
5.3963884e-09
-2.4317966e-10
5.4772958e-09
-2.3877084e-10
5.5565042e-09
-2.3340456e-10
5.6336214e-09
-2.2693155e-10
5.7085682e-09
-2.2028342e-10
5.7805504e-09
-2.1133094e-10
5.8506955e-09
-2.0575159e-10
5.9146234e-09
-1.8731936e-10
5.9832442e-09
-2.0106347e-10
-1.3368223e-10
5.163091e-09
-3.2078371e-10
5.2450118e-09
-3.3026207e-10
5.327936e-09
-3.3238074e-10
5.4110286e-09
-3.3139697e-10
5.4940735e-09
-3.2974552e-10
5.5763952e-09
-3.2550143e-10
5.6576233e-09
-3.1999894e-10
5.7373819e-09
-3.1316314e-10
5.8152421e-09
-3.0479178e-10
5.8910893e-09
-2.9613057e-10
5.9640928e-09
-2.8433445e-10
6.0353655e-09
-2.7702427e-10
6.1004375e-09
-2.5239146e-10
6.17032e-09
-2.7094591e-10
-1.8027518e-10
5.3645346e-09
-3.9669554e-10
5.4434739e-09
-4.0920135e-10
5.5240078e-09
-4.1291463e-10
5.6052178e-09
-4.1260702e-10
5.686855e-09
-4.1138269e-10
5.7682181e-09
-4.0686454e-10
5.8488805e-09
-4.0066144e-10
5.9284227e-09
-3.927053e-10
6.0063683e-09
-3.8273742e-10
6.0825554e-09
-3.723177e-10
6.1561084e-09
-3.5788742e-10
6.2281096e-09
-3.4902549e-10
6.2940046e-09
-3.1828642e-10
6.3648364e-09
-3.4177767e-10
-2.2759895e-10
5.5859882e-09
-4.6750497e-10
5.6602131e-09
-4.8342629e-10
5.7367828e-09
-4.8948428e-10
5.8146843e-09
-4.9050852e-10
5.8936356e-09
-4.9033399e-10
5.9729087e-09
-4.8613774e-10
6.0520117e-09
-4.7976443e-10
6.1304722e-09
-4.7116585e-10
6.2077566e-09
-4.6002184e-10
6.2836438e-09
-4.4820488e-10
6.3572041e-09
-4.3144772e-10
6.4294717e-09
-4.212931e-10
6.4958132e-09
-3.8462789e-10
6.5672311e-09
-4.1319561e-10
-2.7544145e-10
5.8290062e-09
-5.313457e-10
5.896708e-09
-5.5112817e-10
5.967643e-09
-5.6041923e-10
6.0407089e-09
-5.6357448e-10
6.1155917e-09
-5.6521679e-10
6.1915402e-09
-5.6208619e-10
6.2679898e-09
-5.5621407e-10
6.3444093e-09
-5.4758536e-10
6.4201987e-09
-5.3581129e-10
6.4950666e-09
-5.2307278e-10
6.5680208e-09
-5.0440192e-10
6.6400271e-09
-4.9329937e-10
6.7063806e-09
-4.5098139e-10
6.7779765e-09
-4.8479158e-10
-3.2357176e-10
6.0949586e-09
-5.8634936e-10
6.1543117e-09
-6.104813e-10
6.2178906e-09
-6.2399809e-10
6.2845286e-09
-6.3021245e-10
6.3538822e-09
-6.345704e-10
6.4251864e-09
-6.3339042e-10
6.4978021e-09
-6.2882983e-10
6.5711355e-09
-6.2091878e-10
6.6445142e-09
-6.0919001e-10
6.7175666e-09
-5.9612522e-10
6.7892306e-09
-5.7606592e-10
6.8603809e-09
-5.6444968e-10
6.9262542e-09
-5.1685462e-10
6.9975802e-09
-5.5611769e-10
-3.717398e-10
6.3849577e-09
-6.3072633e-10
6.4341905e-09
-6.5971408e-10
6.4886983e-09
-6.7850589e-10
6.5472959e-09
-6.8881006e-10
6.6096168e-09
-6.9689134e-10
6.674899e-09
-6.9867265e-10
6.7424326e-09
-6.9636352e-10
6.8115625e-09
-6.900487e-10
6.8815415e-09
-6.7916901e-10
6.9519109e-09
-6.664946e-10
7.0215327e-09
-6.4568774e-10
7.0911658e-09
-6.3408278e-10
7.1560067e-09
-5.816955e-10
7.2265699e-09
-6.2668092e-10
-4.196691e-10
6.6997819e-09
-6.6285681e-10
6.7372581e-09
-6.9719033e-10
6.7810547e-09
-7.2230239e-10
6.830035e-09
-7.3779047e-10
6.8838212e-09
-7.5067754e-10
6.9416794e-09
-7.5653082e-10
7.0028407e-09
-7.5752489e-10
7.0665959e-09
-7.5380397e-10
7.1321261e-09
-7.4469921e-10
7.1988821e-09
-7.3325066e-10
7.2656473e-09
-7.1245281e-10
7.3330377e-09
-7.0147324e-10
7.3962408e-09
-6.448985e-10
7.465506e-09
-6.9594618e-10
-4.6705254e-10
7.0398044e-09
-6.8138761e-10
7.0641113e-09
-7.2149719e-10
7.0957081e-09
-7.5389913e-10
7.1335941e-09
-7.7567647e-10
7.1773975e-09
-7.9448106e-10
7.226447e-09
-8.055803e-10
7.279936e-09
-8.1101401e-10
7.3371162e-09
-8.1098412e-10
7.3971062e-09
-8.0468926e-10
7.4592687e-09
-7.9541314e-10
7.5223082e-09
-7.7549227e-10
7.5866741e-09
-7.6583915e-10
7.6475921e-09
-7.0581658e-10
7.7149789e-09
-7.6333283e-10
-5.135454e-10
7.4049311e-09
-6.8532809e-10
7.4149684e-09
-7.3153458e-10
7.4331113e-09
-7.7204193e-10
7.4585958e-09
-8.0116103e-10
7.4910828e-09
-8.2696805e-10
7.5300053e-09
-8.4450288e-10
7.5745515e-09
-8.5556026e-10
7.6239569e-09
-8.6038962e-10
7.6772961e-09
-8.5802838e-10
7.7338515e-09
-8.5196857e-10
7.7922537e-09
-8.3389446e-10
7.8527669e-09
-8.2635228e-10
7.910715e-09
-7.6376481e-10
7.9755914e-09
-8.2820905e-10
-5.5877019e-10
7.7945536e-09
-6.7413746e-10
7.7896188e-09
-7.2659976e-10
7.7933708e-09
-7.7579388e-10
7.8053908e-09
-8.1318112e-10
7.8254066e-09
-8.4698388e-10
7.8530053e-09
-8.7210163e-10
7.8874124e-09
-8.8996742e-10
7.9278807e-09
-9.0085794e-10
7.9734668e-09
-9.0361452e-10
8.0233898e-09
-9.0189157e-10
8.0762156e-09
-8.8672016e-10
8.1320117e-09
-8.8214844e-10
8.1862739e-09
-8.1802693e-10
8.2479579e-09
-8.8989298e-10
-6.0231357e-10
8.207527e-09
-6.4779456e-10
8.1873867e-09
-7.064594e-10
8.1762057e-09
-7.6461283e-10
8.1740148e-09
-8.109903e-10
8.180651e-09
-8.5362015e-10
8.1959092e-09
-8.8735979e-10
8.2191054e-09
-9.1316377e-10
8.2495523e-09
-9.3130483e-10
8.2863251e-09
-9.4038736e-10
8.3286042e-09
-9.4417068e-10
8.3749063e-09
-9.330222e-10
8.4251137e-09
-9.3235579e-10
8.4749566e-09
-8.6786975e-10
8.5327093e-09
-9.4764564e-10
-6.4372058e-10
8.6421751e-09
-6.0684135e-10
8.607117e-09
-6.7140129e-10
8.5809204e-09
-7.3841616e-10
8.5641547e-09
-7.9422468e-10
8.5568143e-09
-8.4627972e-10
8.5589553e-09
-8.8950088e-10
8.5700466e-09
-9.2425516e-10
8.5895115e-09
-9.5076975e-10
8.6164901e-09
-9.6736595e-10
8.6501579e-09
-9.7783853e-10
8.6890097e-09
-9.7187389e-10
8.7327721e-09
-9.7611819e-10
8.777446e-09
-9.1254366e-10
8.8304796e-09
-1.0006792e-09
-6.8250554e-10
9.0963303e-09
-5.5239208e-10
9.047187e-09
-6.2225794e-10
9.0063964e-09
-6.9762554e-10
8.9751279e-09
-7.6295624e-10
8.9535827e-09
-8.2473466e-10
8.9421281e-09
-8.7804625e-10
8.9404516e-09
-9.2257879e-10
8.9481456e-09
-9.5846377e-10
8.9644694e-09
-9.8368973e-10
8.9886367e-09
-1.0020059e-09
9.0191589e-09
-1.002396e-09
9.0556447e-09
-1.0126039e-09
9.0943974e-09
-9.5129643e-10
9.1419021e-09
-1.0481838e-09
-7.1815991e-10
9.5674089e-09
-4.8610315e-10
9.5055474e-09
-5.603964e-10
9.4511064e-09
-6.431846e-10
9.4058774e-09
-7.1772729e-10
9.3703145e-09
-7.8917175e-10
9.3451341e-09
-8.5286598e-10
9.3303095e-09
-9.0775425e-10
9.3256635e-09
-9.5381779e-10
9.3306356e-09
-9.8866172e-10
9.3445283e-09
-1.0158987e-09
9.3659194e-09
-1.023787e-09
9.3943455e-09
-1.0410299e-09
9.4264436e-09
-9.833946e-10
9.4676016e-09
-1.0893418e-09
-7.5016027e-10
1.0052521e-08
-4.1010147e-10
9.9797958e-09
-4.8767074e-10
9.9131554e-09
-5.7654416e-10
9.8549883e-09
-6.5956025e-10
9.8060366e-09
-7.4022012e-10
9.7673888e-09
-8.1421824e-10
9.7393626e-09
-8.797282e-10
9.722073e-09
-9.3652815e-10
9.7152031e-09
-9.8179175e-10
9.7182012e-09
-1.0188968e-09
9.7297697e-09
-1.0353554e-09
9.7494287e-09
-1.0606888e-09
9.7741806e-09
-1.0081465e-09
9.8081859e-09
-1.123347e-09
-7.7797795e-10
1.0548612e-08
-3.2687462e-10
1.0467279e-08
-4.0633759e-10
1.0390347e-08
-4.9961204e-10
1.0320725e-08
-5.8993863e-10
1.0259461e-08
-6.7895604e-10
1.0208015e-08
-7.627724e-10
1.0167095e-08
-8.3880851e-10
1.0137164e-08
-9.065964e-10
1.0118209e-08
-9.6283728e-10
1.0109885e-08
-1.0105728e-09
1.0111083e-08
-1.0365533e-09
1.0121374e-08
-1.0709795e-09
1.0138155e-08
-1.0249279e-09
1.0164236e-08
-1.1494273e-09
-8.0109096e-10
1.1052618e-08
-2.391307e-10
1.0965219e-08
-3.1893933e-10
1.0880275e-08
-4.1466818e-10
1.0801094e-08
-5.1075701e-10
1.0729019e-08
-6.0688137e-10
1.0665858e-08
-6.9961169e-10
1.0612733e-08
-7.8568369e-10
1.0570497e-08
-8.6435956e-10
1.0539498e-08
-9.3183902e-10
1.0519654e-08
-9.9072864e-10
1.0510111e-08
-1.0270096e-09
1.0510569e-08
-1.0714382e-09
1.0518851e-08
-1.0332097e-09
1.0536293e-08
-1.1668687e-09
-8.1899786e-10
1.1561635e-08
-1.4964165e-10
1.1470859e-08
-2.2816334e-10
1.138044e-08
-3.2424955e-10
1.1293924e-08
-4.2424084e-10
1.1212917e-08
-5.2587408e-10
1.1139517e-08
-6.2621226e-10
1.1075257e-08
-7.2142398e-10
1.1021405e-08
-8.1050734e-10
1.0978714e-08
-8.8914802e-10
1.0947413e-08
-9.5942724e-10
1.0926963e-08
-1.0065598e-09
1.091729e-08
-1.0617651e-09
1.091667e-08
-1.0325899e-09
1.092485e-08
-1.1750481e-09
-8.3123253e-10
1.2073079e-08
-6.108425e-11
1.1981606e-08
-1.3669129e-10
1.188837e-08
-2.3101276e-10
1.1796969e-08
-3.328406e-10
1.1709207e-08
-4.3811203e-10
1.1627392e-08
-5.4439726e-10
1.155343e-08
-6.4746132e-10
1.1489005e-08
-7.4608288e-10
1.1435299e-08
-8.3544119e-10
1.1392888e-08
-9.1701708e-10
1.1361599e-08
-9.7527061e-10
1.1341619e-08
-1.0417853e-09
1.1331825e-08
-1.0227954e-09
1.1330315e-08
-1.1735379e-09
-8.3740474e-10
1.2584812e-08
2.4118579e-11
1.2495186e-08
-4.706518e-11
1.2401754e-08
-1.3758033e-10
1.2308021e-08
-2.3910818e-10
1.2215883e-08
-3.4597442e-10
1.2127753e-08
-4.5626647e-10
1.2045838e-08
-5.6554679e-10
1.197222e-08
-6.724646e-10
1.1908501e-08
-7.7172222e-10
1.185563e-08
-8.6414602e-10
1.1813821e-08
-9.3346173e-10
1.1783497e-08
-1.0114611e-09
1.1764371e-08
-1.0036694e-09
1.1752977e-08
-1.1621442e-09
-8.372622e-10
1.3095467e-08
1.0345777e-10
1.3009682e-08
3.8719166e-11
1.2918562e-08
-4.6460342e-11
1.282503e-08
-1.4557591e-10
1.2730973e-08
-2.5191705e-10
1.2638815e-08
-3.641084e-10
1.2550953e-08
-4.7768536e-10
1.2469818e-08
-5.9132903e-10
1.2397397e-08
-6.9930155e-10
1.2335021e-08
-8.0176967e-10
1.2283272e-08
-8.8171298e-10
1.2242824e-08
-9.7101316e-10
1.2214311e-08
-9.7515599e-10
1.219304e-08
-1.1408734e-09
-8.3060304e-10
7.4483392e-10
-1.0957662e-08
1.0890345e-08
8.1627372e-10
-1.8340721e-08
1.8269281e-08
8.1631424e-10
-3.0432076e-08
3.0432035e-08
6.4983405e-10
-4.9943211e-08
5.0109691e-08
2.4490704e-10
-8.1359235e-08
8.1764162e-08
-4.6863189e-10
-1.3228463e-07
1.3299817e-07
-1.659475e-09
-2.1511976e-07
2.163106e-07
-3.6932148e-09
-3.4971023e-07
3.5174397e-07
-5.6670255e-07
5.7023224e-07
1.8403073e-10
-1.0907848e-08
4.2636712e-11
-1.8199327e-08
-2.9245566e-10
-3.0096983e-08
-9.733616e-10
-4.9262305e-08
-2.1733708e-09
-8.0159226e-08
-4.1546587e-09
-1.3030334e-07
-7.4009655e-09
-2.1187345e-07
-1.276434e-08
-3.4434686e-07
-5.5786772e-07
-3.9847425e-10
-1.073345e-08
-7.4400786e-10
-1.7853794e-08
-1.4025563e-09
-2.9438435e-08
-2.5804801e-09
-4.8084381e-08
-4.5566623e-09
-7.8183044e-08
-7.785483e-09
-1.2707452e-07
-1.3056849e-08
-2.0660208e-07
-2.1698057e-08
-3.3570565e-07
-5.4379836e-07
-9.8709455e-10
-1.043633e-08
-1.5297227e-09
-1.7311165e-08
-2.4974078e-09
-2.847075e-08
-4.1524694e-09
-4.642932e-08
-6.8813581e-09
-7.5454155e-08
-1.1325519e-08
-1.2263036e-07
-1.8568992e-08
-1.9935861e-07
-3.0401636e-08
-3.2387301e-07
-5.2460879e-07
-1.5702782e-09
-1.0020913e-08
-2.3009035e-09
-1.658054e-08
-3.5617346e-09
-2.7209919e-08
-5.6719821e-09
-4.4319072e-08
-9.1248136e-09
-7.2001323e-08
-1.4740982e-08
-1.1701419e-07
-2.3885447e-08
-1.9021415e-07
-3.8794014e-08
-3.0896444e-07
-5.004654e-07
-2.1380819e-09
-9.493122e-09
-3.0458608e-09
-1.5672761e-08
-4.5822738e-09
-2.5673506e-08
-7.1232646e-09
-4.1778081e-08
-1.1265454e-08
-6.7859134e-08
-1.7999448e-08
-1.102802e-07
-2.8956493e-08
-1.792571e-07
-4.6796626e-08
-2.9112431e-07
-4.7158455e-07
-2.6815126e-09
-8.8601829e-09
-3.7542274e-09
-1.4600047e-08
-5.5472204e-09
-2.3880513e-08
-8.491773e-09
-3.8833529e-08
-1.3282787e-08
-6.3068121e-08
-2.1069987e-08
-1.02493e-07
-3.3734813e-08
-1.6659227e-07
-5.433546e-08
-2.7052366e-07
-4.3823127e-07
-3.1925402e-09
-8.1303567e-09
-4.4168273e-09
-1.3375759e-08
-6.4459904e-09
-2.185135e-08
-9.7640504e-09
-3.5515469e-08
-1.5157518e-08
-5.7674653e-08
-2.392339e-08
-9.3727127e-08
-3.8175728e-08
-1.5233994e-07
-6.1339614e-08
-2.4735977e-07
-4.0071538e-07
-3.6640597e-09
-7.3126907e-09
-5.0255846e-09
-1.2014235e-08
-7.2691033e-09
-1.9607831e-08
-1.0927732e-08
-3.185684e-08
-1.6871727e-08
-5.1730658e-08
-2.6532335e-08
-8.4066519e-08
-4.2236288e-08
-1.3663598e-07
-6.7745879e-08
-2.2185018e-07
-3.5939101e-07
-4.0898617e-09
-6.4168748e-09
-5.5734395e-09
-1.0530657e-08
-8.0081183e-09
-1.7173152e-08
-1.1971598e-08
-2.789336e-08
-1.8409054e-08
-4.5293202e-08
-2.8871765e-08
-7.3603808e-08
-4.5879446e-08
-1.196283e-07
-7.3495641e-08
-1.9423399e-07
-3.1465207e-07
-4.4645912e-09
-5.4531356e-09
-6.054281e-09
-8.9409669e-09
-8.6556046e-09
-1.4571829e-08
-1.2885641e-08
-2.3663323e-08
-1.9754924e-08
-3.842392e-08
-3.0918225e-08
-6.2440508e-08
-4.9063778e-08
-1.0148275e-07
-7.852817e-08
-1.647696e-07
-2.6692e-07
-4.7837089e-09
-4.4321418e-09
-6.4629038e-09
-7.261772e-09
-9.2051378e-09
-1.1829595e-08
-1.3661102e-08
-1.9207359e-08
-2.0896739e-08
-3.1188282e-08
-3.2654839e-08
-5.0682408e-08
-5.1765899e-08
-8.2371687e-08
-8.2796605e-08
-1.3373889e-07
-2.1664665e-07
-5.0434631e-09
-3.3649207e-09
-6.7949824e-09
-5.5102528e-09
-9.6513172e-09
-8.9732598e-09
-1.4290553e-08
-1.4568123e-08
-2.1823614e-08
-2.3655221e-08
-3.406522e-08
-3.8440802e-08
-5.3961775e-08
-6.2475132e-08
-8.6264782e-08
-1.0143588e-07
-1.643133e-07
-5.2408697e-09
-2.2627839e-09
-7.047059e-09
-3.7040635e-09
-9.989786e-09
-6.0305328e-09
-1.4767971e-08
-9.7899387e-09
-2.2526617e-08
-1.5896575e-08
-3.5134915e-08
-2.5832504e-08
-5.5627138e-08
-4.198291e-08
-8.8895934e-08
-6.8167086e-08
-1.104177e-07
-5.3737004e-09
-1.1372552e-09
-7.2165402e-09
-1.8612238e-09
-1.0217253e-08
-3.0298195e-09
-1.5088784e-08
-4.9184083e-09
-2.2999005e-08
-7.9863539e-09
-3.5853467e-08
-1.2978042e-08
-5.6744728e-08
-2.1091648e-08
-9.0663573e-08
-3.4248241e-08
-5.5471497e-08
-5.4404758e-09
-7.3016996e-09
-1.0331519e-08
-1.5249927e-08
-2.3236281e-08
-3.6214323e-08
-5.7305972e-08
-9.1554213e-08
1.0973034e-08
-7.5213878e-09
1.1039556e-08
-8.2070915e-09
1.1074855e-08
-8.8576171e-09
1.1080494e-08
-9.4639212e-09
1.1059154e-08
-1.0017132e-08
1.1014725e-08
-1.0510981e-08
1.0952345e-08
-1.0941014e-08
1.0877029e-08
-1.1301128e-08
1.079277e-08
-1.1580678e-08
1.0702172e-08
-1.1763195e-08
1.0606894e-08
-1.1826265e-08
1.0508037e-08
-1.1742873e-08
1.0406825e-08
-1.1478829e-08
1.0305837e-08
-1.1003015e-08
-1.02506e-08
1.020293e-08
1.8401257e-08
-7.653364e-09
1.8466953e-08
-8.2727873e-09
1.8471836e-08
-8.8624995e-09
1.8424138e-08
-9.4162239e-09
1.8335079e-08
-9.9280722e-09
1.8215948e-08
-1.039185e-08
1.8076982e-08
-1.0802048e-08
1.7925336e-08
-1.1149482e-08
1.7765472e-08
-1.1420814e-08
1.7599693e-08
-1.1597416e-08
1.7429404e-08
-1.1655976e-08
1.725564e-08
-1.1569108e-08
1.7081088e-08
-1.1304278e-08
1.6906832e-08
-1.0828758e-08
-1.008186e-08
1.6738091e-08
3.0534699e-08
-7.7560275e-09
3.0543255e-08
-8.2813437e-09
3.0474919e-08
-8.794164e-09
3.0343816e-08
-9.2851203e-09
3.016478e-08
-9.7490364e-09
2.9951907e-08
-1.0178976e-08
2.9714849e-08
-1.056499e-08
2.9459977e-08
-1.089461e-08
2.9191103e-08
-1.115194e-08
2.8910907e-08
-1.131722e-08
2.8622186e-08
-1.1367255e-08
2.8328732e-08
-1.1275654e-08
2.8035889e-08
-1.1011435e-08
2.7746155e-08
-1.0539024e-08
-9.8089054e-09
2.7473201e-08
5.0086185e-08
-7.7325216e-09
4.9979391e-08
-8.17455e-09
4.980089e-08
-8.6156623e-09
4.9562486e-08
-9.0467163e-09
4.9273527e-08
-9.4600774e-09
4.8940944e-08
-9.8463939e-09
4.8570296e-08
-1.0194341e-08
4.8167487e-08
-1.0491801e-08
4.7737829e-08
-1.0722282e-08
4.728806e-08
-1.0867451e-08
4.6825339e-08
-1.0904534e-08
4.6357798e-08
-1.0808113e-08
4.589339e-08
-1.0547026e-08
4.5440027e-08
-1.0085661e-08
-9.3831315e-09
4.5014253e-08
8.1501876e-08
-7.4702357e-09
8.1180041e-08
-7.8527146e-09
8.0799907e-08
-8.2355285e-09
8.0363983e-08
-8.6107925e-09
7.9875169e-08
-8.9712631e-09
7.9337362e-08
-9.3085868e-09
7.8755754e-08
-9.6127334e-09
7.8135495e-08
-9.8715424e-09
7.7483411e-08
-1.0070198e-08
7.6807213e-08
-1.0191252e-08
7.6116562e-08
-1.0213884e-08
7.5421777e-08
-1.0113328e-08
7.4734561e-08
-9.8598108e-09
7.4068736e-08
-9.4198359e-09
-8.7555339e-09
7.3441138e-08
1.323542e-07
-6.826262e-09
1.3165898e-07
-7.1574939e-09
1.3091098e-07
-7.4875364e-09
1.3011056e-07
-7.8103731e-09
1.2925912e-07
-8.119815e-09
1.2835911e-07
-8.4085792e-09
1.2741416e-07
-8.6677841e-09
1.2642925e-07
-8.8866346e-09
1.2541118e-07
-9.0521264e-09
1.243686e-07
-9.1486724e-09
1.2331239e-07
-9.1576758e-09
1.2225615e-07
-9.0570841e-09
1.2121727e-07
-8.8209292e-09
1.2021628e-07
-8.4188447e-09
-7.8152823e-09
1.1927602e-07
2.1508958e-07
-5.6052405e-09
2.1380387e-07
-5.8717873e-09
2.1245267e-07
-6.1363326e-09
2.1103674e-07
-6.3944403e-09
2.0955811e-07
-6.6411878e-09
2.0802022e-07
-6.8706915e-09
2.0642822e-07
-7.0757877e-09
2.0478938e-07
-7.2477867e-09
2.0311347e-07
-7.3762214e-09
2.0141335e-07
-7.4485509e-09
1.997055e-07
-7.4498231e-09
1.9801071e-07
-7.3622979e-09
1.9635482e-07
-7.1650339e-09
1.9476944e-07
-6.833473e-09
-6.3389044e-09
1.9329307e-07
3.4963245e-07
-3.4937149e-09
3.4741969e-07
-3.659034e-09
3.4510624e-07
-3.8228781e-09
3.4269439e-07
-3.9825965e-09
3.4018837e-07
-4.1351608e-09
3.375946e-07
-4.2769279e-09
3.3492228e-07
-4.4034643e-09
3.3218389e-07
-4.509397e-09
3.2939593e-07
-4.5882552e-09
3.2657966e-07
-4.6322865e-09
3.2376208e-07
-4.6322466e-09
3.2097695e-07
-4.5771647e-09
3.18266e-07
-4.454087e-09
3.1568033e-07
-4.2477983e-09
-3.9405515e-09
3.1328198e-07
5.6673853e-07
5.6307949e-07
5.5925661e-07
5.5527402e-07
5.5113886e-07
5.4686193e-07
5.4245846e-07
5.3794907e-07
5.3336081e-07
5.2872853e-07
5.2409628e-07
5.1951911e-07
5.1506503e-07
5.1081723e-07
5.0687668e-07
1.0148958e-08
1.5743054e-10
1.0087699e-08
9.9977463e-11
1.0022433e-08
1.880568e-11
9.9540111e-09
-7.7153573e-11
9.88381e-09
-1.8171601e-10
9.813645e-09
-2.9394332e-10
9.7453215e-09
-4.0936184e-10
9.6808494e-09
-5.2685696e-10
9.6219193e-09
-6.4037124e-10
9.5697885e-09
-7.4963893e-10
9.5250656e-09
-8.3699018e-10
9.488523e-09
-9.3447063e-10
9.4610679e-09
-9.477008e-10
9.438843e-09
-1.1186486e-09
-8.2121015e-10
1.6657685e-08
2.378369e-10
1.6570508e-08
1.8715459e-10
1.6473581e-08
1.1573288e-10
1.6369932e-08
2.6495303e-11
1.6261517e-08
-7.3301317e-11
1.6150504e-08
-1.8292984e-10
1.6039898e-08
-2.9875596e-10
1.593308e-08
-4.2003928e-10
1.5833104e-08
-5.4039478e-10
1.5742115e-08
-6.5865004e-10
1.5661879e-08
-7.5675406e-10
1.5593177e-08
-8.6576866e-10
1.5539735e-08
-8.9425931e-10
1.549257e-08
-1.0714834e-09
-7.9963011e-10
2.7372153e-08
3.3888499e-10
2.7260097e-08
2.9921045e-10
2.7131307e-08
2.4452251e-10
2.6987721e-08
1.700809e-10
2.6832519e-08
8.1901183e-11
2.666743e-08
-1.7841249e-11
2.6496797e-08
-1.2812241e-10
2.6326206e-08
-2.4944845e-10
2.6160818e-08
-3.7500681e-10
2.6004083e-08
-5.0191617e-10
2.5860625e-08
-6.1329561e-10
2.5730359e-08
-7.3550373e-10
2.5624567e-08
-7.8846699e-10
2.5522499e-08
-9.694154e-10
-7.502477e-10
4.4924566e-08
4.2857206e-10
4.4813751e-08
4.1002552e-10
4.4679e-08
3.7927302e-10
4.451796e-08
3.311211e-10
4.4332263e-08
2.6759853e-10
4.4121754e-08
1.926674e-10
4.3891172e-08
1.0245955e-10
4.364836e-08
-6.6364026e-12
4.3399718e-08
-1.2636424e-10
4.3150192e-08
-2.5239104e-10
4.2908647e-08
-3.7175061e-10
4.2674347e-08
-5.0120421e-10
4.2470891e-08
-5.8501122e-10
4.2259328e-08
-7.5785357e-10
-6.3766353e-10
7.3406914e-08
4.6279634e-10
7.334855e-08
4.6838892e-10
7.3262886e-08
4.649371e-10
7.3145642e-08
4.4836478e-10
7.2995513e-08
4.1772781e-10
7.281095e-08
3.7723081e-10
7.2590632e-08
3.2277709e-10
7.2334216e-08
2.4978026e-10
7.2046885e-08
1.6096648e-10
7.1732699e-08
6.17951e-11
7.1400506e-08
-3.9557899e-11
7.1051257e-08
-1.519558e-10
7.071697e-08
-2.5072335e-10
7.0348115e-08
-3.889984e-10
-4.0162482e-10
1.1931598e-07
4.2283832e-10
1.1934067e-07
4.4369845e-10
1.193448e-07
4.6081292e-10
1.1932268e-07
4.7048421e-10
1.1927129e-07
4.6911124e-10
1.1919019e-07
4.5833752e-10
1.1907778e-07
4.3518065e-10
1.1892899e-07
3.985742e-10
1.1874177e-07
3.4818641e-10
1.1851576e-07
2.8780968e-10
1.1825253e-07
2.2366298e-10
1.1794463e-07
1.5594896e-10
1.1760268e-07
9.1230146e-11
1.1718723e-07
2.6445229e-11
-5.7285284e-11
1.9339502e-07
3.2088078e-10
1.9349407e-07
3.4464964e-10
1.9358842e-07
3.6646388e-10
1.9367403e-07
3.8487844e-10
1.9374486e-07
3.982804e-10
1.9379795e-07
4.0524271e-10
1.9382784e-07
4.0529324e-10
1.9382757e-07
3.9884484e-10
1.9379401e-07
3.8174566e-10
1.9372839e-07
3.5343598e-10
1.9363275e-07
3.1930284e-10
1.9351044e-07
2.7825077e-10
1.9336639e-07
2.352907e-10
1.931942e-07
1.9862535e-10
1.5116491e-10
3.134289e-07
1.7395638e-10
3.1358371e-07
1.8983751e-10
3.137446e-07
2.0557898e-10
3.1390906e-07
2.2041164e-10
3.1407385e-07
2.3349601e-10
3.1423527e-07
2.4381692e-10
3.143903e-07
2.5026943e-10
3.1453737e-07
2.5177206e-10
3.1467168e-07
2.4743456e-10
3.1478859e-07
2.3652361e-10
3.1488797e-07
2.1993034e-10
3.149647e-07
2.0151526e-10
3.1501461e-07
1.8538013e-10
3.1503615e-07
1.7708562e-10
1.628967e-10
5.0705063e-07
5.0724047e-07
5.0744605e-07
5.0766646e-07
5.0789996e-07
5.0814378e-07
5.0839404e-07
5.0864582e-07
5.0889325e-07
5.0912978e-07
5.0934971e-07
5.0955122e-07
5.097366e-07
5.0991368e-07
)
;

boundaryField
{
    inlet
    {
        type            calculated;
        value           nonuniform List<scalar> 
92
(
-7.22291e-09
-2.1599169e-08
-3.5767417e-08
-4.9591205e-08
-6.2937402e-08
-7.5677478e-08
-8.7688738e-08
-9.8855508e-08
-1.0907025e-07
-1.1823458e-07
-1.2626024e-07
-1.3306996e-07
-1.3859813e-07
-1.4279153e-07
-1.4560977e-07
-1.4702571e-07
0
0
0
0
0
0
0
0
0
0
0
0
0
0
0
0
0
0
0
0
0
0
0
0
0
0
0
0
0
0
-7.22291e-09
-2.1599169e-08
-3.5767417e-08
-4.9591205e-08
-6.2937402e-08
-7.5677478e-08
-8.7688738e-08
-9.8855508e-08
-1.0907025e-07
-1.1823458e-07
-1.2626024e-07
-1.3306996e-07
-1.3859813e-07
-1.4279153e-07
-1.4560977e-07
-1.4702571e-07
0
0
0
0
0
0
0
0
0
0
0
0
0
0
0
0
0
0
0
0
0
0
0
0
0
0
0
0
0
0
)
;
    }
    outlet
    {
        type            calculated;
        value           nonuniform List<scalar> 
66
(
5.673194e-09
5.8478011e-09
6.0289214e-09
6.2169129e-09
6.4121601e-09
6.6150736e-09
6.8261068e-09
7.0457483e-09
7.2744991e-09
7.5128893e-09
7.7614717e-09
8.0208163e-09
8.2915014e-09
8.5741163e-09
8.8692645e-09
9.1775565e-09
9.4996019e-09
9.8360036e-09
1.0187349e-08
1.0554199e-08
1.0937084e-08
1.1336487e-08
1.1752835e-08
1.218638e-08
9.42945e-09
1.547099e-08
2.5473116e-08
4.2146744e-08
7.0112079e-08
1.1684289e-07
1.9298575e-07
3.1502442e-07
5.1007659e-07
5.673194e-09
5.8478011e-09
6.0289214e-09
6.2169129e-09
6.4121601e-09
6.6150736e-09
6.8261068e-09
7.0457483e-09
7.2744991e-09
7.5128893e-09
7.7614717e-09
8.0208163e-09
8.2915014e-09
8.5741163e-09
8.8692645e-09
9.1775565e-09
9.4996019e-09
9.8360036e-09
1.0187349e-08
1.0554199e-08
1.0937084e-08
1.1336487e-08
1.1752835e-08
1.218638e-08
9.42945e-09
1.547099e-08
2.5473116e-08
4.2146744e-08
7.0112079e-08
1.1684289e-07
1.9298575e-07
3.1502442e-07
5.1007659e-07
)
;
    }
    cylinder
    {
        type            calculated;
        value           uniform 0;
    }
    frontAndBack
    {
        type            empty;
    }
}


// ************************************************************************* //
