/*--------------------------------*- C++ -*----------------------------------*\
  =========                 |
  \\      /  F ield         | OpenFOAM: The Open Source CFD Toolbox
   \\    /   O peration     | Website:  https://openfoam.org
    \\  /    A nd           | Version:  14
     \\/     M anipulation  |
\*---------------------------------------------------------------------------*/
FoamFile
{
    format      ascii;
    class       surfaceScalarField;
    location    "4000";
    object      phi;
}
// * * * * * * * * * * * * * * * * * * * * * * * * * * * * * * * * * * * * * //

dimensions      [0 3 -1 0 0 0 0];

internalField   nonuniform List<scalar> 
10657
(
1.0696553e-16
-1.0696552e-16
-3.0189507e-26
5.1683946e-16
-4.0987392e-16
-1.4966102e-25
1.4128541e-15
-8.9601464e-16
-3.6620485e-25
3.0681096e-15
-1.6552555e-15
-7.1703236e-25
5.8865811e-15
-2.8184715e-15
-1.2720449e-24
1.0462132e-14
-4.575551e-15
-2.1343754e-24
1.7663306e-14
-7.201174e-15
-3.4551444e-24
2.875488e-14
-1.1091574e-14
-5.4569256e-24
4.5571702e-14
-1.6816822e-14
-8.466386e-24
7.0766662e-14
-2.519496e-14
-1.2947254e-23
1.081634e-13
-3.7396737e-14
-1.947898e-23
1.6325635e-13
-5.509295e-14
-2.8517616e-23
2.4391703e-13
-8.0660678e-14
-3.9653802e-23
3.6138722e-13
-1.1747019e-13
-5.0333182e-23
5.3166838e-13
-1.7028116e-13
-5.5544326e-23
7.7745343e-13
-2.4578505e-13
-5.3041863e-23
1.1307931e-12
-3.5333969e-13
-5.8738009e-23
1.6367449e-12
-5.0595179e-13
-1.2286564e-22
2.3583164e-12
-7.2157153e-13
-3.0918866e-22
3.3830857e-12
-1.0247693e-12
-6.0259678e-22
4.8319508e-12
-1.4488651e-12
-8.0862136e-22
6.8705255e-12
-2.0385747e-12
-6.2998121e-22
9.7237502e-12
-2.8532247e-12
-8.1180847e-25
1.3694322e-11
-3.9705714e-12
6.1356538e-22
1.9185571e-11
-5.4912495e-12
4.0765842e-22
2.6729456e-11
-7.5438851e-12
-1.085904e-21
3.7020403e-11
-1.0290947e-11
-3.4873559e-21
5.0955882e-11
-1.3935479e-11
-5.8716225e-21
6.9684838e-11
-1.8728956e-11
-7.7092546e-21
9.4665437e-11
-2.4980599e-11
-9.5428873e-21
1.2773397e-10
-3.3068532e-11
-1.2630093e-20
1.7118745e-10
-4.3453481e-11
-1.7780595e-20
2.2788322e-10
-5.6695768e-11
-2.3897138e-20
3.0135713e-10
-7.3473913e-11
-3.2458419e-20
3.9596004e-10
-9.4602909e-11
-4.0622258e-20
5.1703866e-10
-1.2107862e-10
-6.0017735e-20
6.7114028e-10
-1.5410162e-10
-6.1487984e-20
8.6608278e-10
-1.9494249e-10
-8.710814e-20
-2.4712845e-10
1.1132112e-09
-1.1412248e-19
1.1038854e-16
-2.1735404e-16
5.3336111e-16
-8.3284648e-16
1.4579646e-15
-1.8206182e-15
3.1660413e-15
-3.3633321e-15
6.0745292e-15
-5.7269595e-15
1.07964e-14
-9.2974213e-15
1.8228221e-14
-1.4632996e-14
2.9675703e-14
-2.2539056e-14
4.7033249e-14
-3.4174368e-14
7.3040102e-14
-5.1201814e-14
1.1164468e-13
-7.6001314e-14
1.6852109e-13
-1.1196936e-13
2.5179865e-13
-1.6393824e-13
3.7308756e-13
-2.387591e-13
5.4891363e-13
-3.4610723e-13
8.0271259e-13
-4.9958401e-13
1.1675823e-12
-7.1820943e-13
1.6900485e-12
-1.028418e-12
2.4351655e-12
-1.4666885e-12
3.4933461e-12
-2.08295e-12
4.9893882e-12
-2.9449071e-12
7.0942296e-12
-4.1434161e-12
1.0040021e-11
-5.7990163e-12
1.413914e-11
-8.0696903e-12
1.9807799e-11
-1.1159909e-11
2.7594943e-11
-1.5331029e-11
3.8217201e-11
-2.0913205e-11
5.2600826e-11
-2.8319103e-11
7.1931783e-11
-3.8059914e-11
9.7715538e-11
-5.0764354e-11
1.3184844e-10
-6.7201435e-11
1.7670339e-10
-8.8308432e-11
2.3523357e-10
-1.1522595e-10
3.1109483e-10
-1.4933517e-10
4.0878939e-10
-1.9229746e-10
5.3384966e-10
-2.4613889e-10
6.9306341e-10
-3.1331537e-10
8.9452447e-10
-3.9640356e-10
-5.0257222e-10
1.1499682e-09
1.143494e-16
-3.3170343e-16
5.5249817e-16
-1.2709952e-15
1.5102786e-15
-2.7783986e-15
3.2796415e-15
-5.132695e-15
6.2924745e-15
-8.7397925e-15
1.1183719e-14
-1.4188666e-14
1.8882063e-14
-2.233134e-14
3.0739967e-14
-3.439696e-14
4.8719614e-14
-5.2154015e-14
7.5658162e-14
-7.8140361e-14
1.1564499e-13
-1.1598814e-13
1.7455648e-13
-1.7088085e-13
2.6081111e-13
-2.5019286e-13
3.86431e-13
-3.64379e-13
5.6852629e-13
-5.2820252e-13
8.313579e-13
-7.6241562e-13
1.2091833e-12
-1.0960348e-12
1.7501485e-12
-1.5693832e-12
2.521559e-12
-2.238099e-12
3.6169346e-12
-3.1783256e-12
5.165331e-12
-4.4933036e-12
7.343479e-12
-6.3215641e-12
1.0391348e-11
-8.8468857e-12
1.4631788e-11
-1.2310129e-11
2.049492e-11
-1.7023041e-11
2.8548025e-11
-2.3384135e-11
3.9531727e-11
-3.1896907e-11
5.4403465e-11
-4.3190841e-11
7.4389509e-11
-5.8045958e-11
1.0104714e-10
-7.7421989e-11
1.3633904e-10
-1.0249333e-10
1.8272269e-10
-1.3469209e-10
2.4325955e-10
-1.7576281e-10
3.217428e-10
-2.2781842e-10
4.2285013e-10
-2.934048e-10
5.5233404e-10
-3.7562279e-10
7.1726416e-10
-4.7824549e-10
9.2608868e-10
-6.0522808e-10
-7.6741378e-10
1.1909302e-09
1.189078e-16
-4.5061121e-16
5.7451458e-16
-1.726602e-15
1.5704386e-15
-3.7743226e-15
3.4102151e-15
-6.9724715e-15
6.5428383e-15
-1.1872416e-14
1.1628347e-14
-1.9274174e-14
1.9632052e-14
-3.0335046e-14
3.1959602e-14
-4.672451e-14
5.0650108e-14
-7.0844521e-14
7.8651566e-14
-1.0614182e-13
1.2021248e-13
-1.5754906e-13
1.8143684e-13
-2.3210521e-13
2.7106758e-13
-3.398236e-13
4.0158748e-13
-4.948989e-13
5.9075812e-13
-7.1737316e-13
8.637575e-13
-1.035415e-12
1.2561276e-12
-1.4884049e-12
1.8178039e-12
-2.1310595e-12
2.6185688e-12
-3.0388639e-12
3.7553487e-12
-4.3151055e-12
5.3618511e-12
-6.0998059e-12
7.6211123e-12
-8.5808253e-12
1.0781587e-11
-1.200736e-11
1.5177455e-11
-1.6705998e-11
2.1253868e-11
-2.3099455e-11
2.9597909e-11
-3.1728176e-11
4.0976136e-11
-4.3275134e-11
5.6379792e-11
-5.8594496e-11
7.7079023e-11
-7.8745189e-11
1.0468787e-10
-1.0503084e-10
1.4124216e-10
-1.3904762e-10
1.8929349e-10
-1.8274342e-10
2.5202521e-10
-2.3849453e-10
3.333869e-10
-3.0918011e-10
4.3825807e-10
-3.9827597e-10
5.7264909e-10
-5.1001381e-10
7.4395631e-10
-6.4955271e-10
9.6106641e-10
-8.2233818e-10
-1.0428364e-09
1.236489e-09
1.2407535e-16
-5.7468654e-16
5.9946672e-16
-2.2019934e-15
1.638606e-15
-4.8134619e-15
3.5581413e-15
-8.8920068e-15
6.826423e-15
-1.5140697e-14
1.2131874e-14
-2.4579625e-14
2.0481195e-14
-3.8684367e-14
3.3340102e-14
-5.9583417e-14
5.2834496e-14
-9.0338915e-14
8.2037265e-14
-1.3534459e-13
1.2537594e-13
-2.0088773e-13
1.8921012e-13
-2.959394e-13
2.8264628e-13
-4.3325975e-13
4.1868205e-13
-6.3093468e-13
6.1580495e-13
-9.1449606e-13
9.0021156e-13
-1.3198216e-12
1.3088657e-12
-1.8970591e-12
1.8936762e-12
-2.71587e-12
2.7271476e-12
-3.8723353e-12
3.9099357e-12
-5.4978937e-12
5.5808232e-12
-7.7706934e-12
7.9297024e-12
-1.0929704e-11
1.1214224e-11
-1.5291881e-11
1.5780819e-11
-2.1272593e-11
2.209086e-11
-2.9409495e-11
3.0752784e-11
-4.03901e-11
4.2561148e-11
-5.5083498e-11
5.8543771e-11
-7.4577119e-11
8.0018474e-11
-1.0021989e-10
1.0866132e-10
-1.3367368e-10
1.4658854e-10
-1.7697484e-10
1.9645591e-10
-2.3261079e-10
2.6158321e-10
-3.0362183e-10
3.4609673e-10
-3.9369363e-10
4.5510573e-10
-5.0728497e-10
5.949181e-10
-6.4982618e-10
7.7330511e-10
-8.2793971e-10
9.9967443e-10
-1.0487075e-09
-1.3300942e-09
1.2869322e-09
1.2990073e-16
-7.0458726e-16
6.2759112e-16
-2.6996838e-15
1.7154277e-15
-5.9012985e-15
3.7248194e-15
-1.0901399e-14
7.1458939e-15
-1.8561772e-14
1.2698989e-14
-3.013272e-14
2.1437315e-14
-4.7422693e-14
3.4894022e-14
-7.3040124e-14
5.5292354e-14
-1.1073725e-13
8.5845116e-14
-1.6589735e-13
1.3118011e-13
-2.4622273e-13
1.9794248e-13
-3.6270176e-13
2.9564396e-13
-5.3096124e-13
4.37855e-13
-7.7314572e-13
6.4386873e-13
-1.1205098e-12
9.4100915e-13
-1.616962e-12
1.367809e-12
-2.3238589e-12
1.9783475e-12
-3.3264085e-12
2.8481124e-12
-4.7421002e-12
4.0818327e-12
-6.731614e-12
5.8238128e-12
-9.5126735e-12
8.2713789e-12
-1.3377271e-11
1.1692121e-11
-1.8712624e-11
1.6445679e-11
-2.602615e-11
2.3010877e-11
-3.5974693e-11
3.2019117e-11
-4.939834e-11
4.4295076e-11
-6.7359458e-11
6.0906011e-11
-9.1188055e-11
8.3221333e-11
-1.2253521e-10
1.1298456e-10
-1.6343691e-10
1.5239983e-10
-2.1639011e-10
2.0423734e-10
-2.844483e-10
2.7196832e-10
-3.7135281e-10
3.5991653e-10
-4.8164184e-10
4.7344959e-10
-6.2081803e-10
6.1921269e-10
-7.9558927e-10
8.0540128e-10
-1.0141283e-09
1.042021e-09
-1.2853272e-09
-1.6304621e-09
1.3423889e-09
1.3641306e-16
-8.410003e-16
6.5902787e-16
-3.2222986e-15
1.8012865e-15
-7.0435571e-15
3.9110805e-15
-1.3011193e-14
7.502846e-15
-2.2153537e-14
1.333253e-14
-3.5962404e-14
2.2505204e-14
-5.6595368e-14
3.6629172e-14
-8.7164092e-14
5.8036072e-14
-1.3214415e-13
9.0094368e-14
-1.9795565e-13
1.3765444e-13
-2.937828e-13
2.076783e-13
-4.3272562e-13
3.1012682e-13
-6.3340976e-13
4.5920399e-13
-9.2222289e-13
6.7509214e-13
-1.3363979e-12
9.8635654e-13
-1.9282264e-12
1.4332525e-12
-2.7707549e-12
2.0722348e-12
-3.9653908e-12
2.9820455e-12
-5.6519109e-12
4.2718413e-12
-8.0214098e-12
6.0919079e-12
-1.133274e-11
8.6475954e-12
-1.5932958e-11
1.2217189e-11
-2.2282218e-11
1.7174499e-11
-3.098346e-11
2.4017041e-11
-4.2817235e-11
3.3400783e-11
-5.8782083e-11
4.6182636e-11
-8.0141311e-11
6.3472128e-11
-1.0847755e-10
8.6694149e-11
-1.4575723e-10
1.1766512e-10
-1.9440788e-10
1.5868446e-10
-2.5740946e-10
2.1264674e-10
-3.3841058e-10
2.8318949e-10
-4.4189555e-10
3.7485432e-10
-5.7330667e-10
4.9329487e-10
-7.3925858e-10
6.4553145e-10
-9.4782586e-10
8.4023105e-10
-1.2088279e-09
1.0880636e-09
-1.5331597e-09
-1.9451693e-09
1.4027708e-09
1.4363234e-16
-9.8463263e-16
6.9387332e-16
-3.7725395e-15
1.8964447e-15
-8.2461285e-15
4.1174903e-15
-1.5232238e-14
7.8983553e-15
-2.5934402e-14
1.4034387e-14
-4.2098436e-14
2.3688013e-14
-6.6248994e-14
3.8550595e-14
-1.0202667e-13
6.1073488e-14
-1.5466704e-13
9.4796919e-14
-2.3167908e-13
1.4481662e-13
-3.4380251e-13
2.1844349e-13
-5.0635248e-13
3.2613217e-13
-7.4109845e-13
4.8278207e-13
-1.0788728e-12
7.0954963e-13
-1.5631655e-12
1.0363569e-12
-2.2550337e-12
1.5053372e-12
-3.2397352e-12
2.1755281e-12
-4.6355817e-12
3.1291985e-12
-6.6055814e-12
4.4802872e-12
-9.3724985e-12
6.3855171e-12
-1.323797e-11
9.0588443e-12
-1.8606285e-11
1.2789986e-11
-2.6013359e-11
1.7967855e-11
-3.616133e-11
2.5109846e-11
-4.9959225e-11
3.4898017e-11
-6.8570255e-11
4.8223506e-11
-9.3466799e-11
6.6240778e-11
-1.2649482e-10
9.0433868e-11
-1.6995032e-10
1.2269726e-10
-2.2667127e-10
1.6543265e-10
-3.0014485e-10
2.2166784e-10
-3.9464577e-10
2.9522052e-10
-5.1544823e-10
3.908689e-10
-6.6895505e-10
5.1457762e-10
-8.629673e-10
6.7377518e-10
-1.1070234e-09
8.7764154e-10
-1.4126943e-09
1.1375614e-09
-1.7930795e-09
-2.2753152e-09
1.4677073e-09
1.5155461e-16
-1.1361872e-15
7.3210799e-16
-4.3530929e-15
2.000848e-15
-9.5148685e-15
4.3439292e-15
-1.7575319e-14
8.3321873e-15
-2.9922661e-14
1.4804134e-14
-4.8570382e-14
2.4985001e-14
-7.6429861e-14
4.0657052e-14
-1.1769873e-13
6.4402565e-14
-1.7841255e-13
9.9949475e-14
-2.6722599e-13
1.5266138e-13
-3.9651441e-13
2.3022965e-13
-5.8392076e-13
3.4364675e-13
-8.5451554e-13
5.0856824e-13
-1.2437943e-12
7.4720801e-13
-1.8018053e-12
1.0909577e-12
-2.5987834e-12
1.5839802e-12
-3.7327577e-12
2.2880962e-12
-5.3396976e-12
3.2893638e-12
-7.606849e-12
4.7068425e-12
-1.0789977e-11
6.704124e-12
-1.5235252e-11
9.5043145e-12
-2.1406476e-11
1.3409243e-11
-2.9918287e-11
1.8823779e-11
-4.1575866e-11
2.6286253e-11
-5.7421699e-11
3.6506169e-11
-7.8790171e-11
5.041063e-11
-1.0737126e-10
6.9201347e-11
-1.4528553e-10
9.4424669e-11
-1.9517365e-10
1.2805775e-10
-2.6030435e-10
1.7261065e-10
-3.4469775e-10
2.3125118e-10
-4.532863e-10
3.079892e-10
-5.9218625e-10
4.0785506e-10
-7.6882091e-10
5.3714438e-10
-9.9225662e-10
7.0371881e-10
-1.2735978e-09
9.1730217e-10
-1.6262776e-09
1.1900236e-09
-2.0658009e-09
-2.6217742e-09
1.5364825e-09
1.6014766e-16
-1.2963349e-15
7.7357596e-16
-4.9665212e-15
2.1140696e-15
-1.0855362e-14
4.5894682e-15
-2.0050718e-14
8.8025557e-15
-3.4135748e-14
1.5638587e-14
-5.5406414e-14
2.6390775e-14
-8.7182049e-14
4.2939723e-14
-1.3424767e-13
6.8009263e-14
-2.0348209e-13
1.0553011e-13
-3.0474683e-13
1.6115499e-13
-4.521393e-13
2.4298551e-13
-6.6575128e-13
3.6259324e-13
-9.7412327e-13
5.3644687e-13
-1.4176479e-12
7.8789523e-13
-2.0532536e-12
1.1499043e-12
-2.9607925e-12
1.6688058e-12
-4.2516592e-12
2.4093867e-12
-6.0802785e-12
3.4617316e-12
-8.659194e-12
4.950323e-12
-1.2278569e-11
7.0460014e-12
-1.733093e-11
9.9814927e-12
-2.4341967e-11
1.4071314e-11
-3.4008108e-11
1.9736987e-11
-4.7241539e-11
2.7538639e-11
-6.5223352e-11
3.8214267e-11
-8.9465799e-11
5.2728264e-11
-1.2188526e-10
7.2331293e-11
-1.6488856e-10
9.8634339e-11
-2.2147669e-10
1.3370086e-10
-2.9537087e-10
1.8015398e-10
-3.9115087e-10
2.4130501e-10
-5.1443733e-10
3.2136547e-10
-6.7224671e-10
4.25627e-10
-8.7308244e-10
5.6072957e-10
-1.1273592e-09
7.3498056e-10
-1.4478488e-09
9.5866251e-10
-1.8499596e-09
1.2446535e-09
-2.3517919e-09
-2.985088e-09
1.6079673e-09
1.6934161e-16
-1.4656765e-15
8.1794052e-16
-5.6151201e-15
2.2351898e-15
-1.2272611e-14
4.8521104e-15
-2.2667639e-14
9.3056285e-15
-3.8589266e-14
1.6530933e-14
-6.2631718e-14
2.7893826e-14
-9.8544942e-14
4.537986e-14
-1.5173371e-13
7.1863836e-14
-2.2996607e-13
1.1149258e-13
-3.4437558e-13
1.7022667e-13
-5.1087339e-13
2.5660405e-13
-7.5212865e-13
3.8281147e-13
-1.1003307e-12
5.661801e-13
-1.6010165e-12
8.3126053e-13
-2.3183341e-12
1.2126823e-12
-3.3422142e-12
1.7590634e-12
-4.7980403e-12
2.5383093e-12
-6.8595245e-12
3.6447247e-12
-9.7656094e-12
5.2084558e-12
-1.38423e-11
7.4078853e-12
-1.9530359e-11
1.0485708e-11
-2.741979e-11
1.4769536e-11
-3.8291937e-11
2.0698014e-11
-5.3170017e-11
2.8853597e-11
-7.3378935e-11
4.0003387e-11
-1.0061559e-10
5.5149772e-11
-1.3703164e-10
7.5593167e-11
-1.8533196e-10
1.0301016e-10
-2.4889369e-10
1.3955262e-10
-3.3191333e-10
1.8795957e-10
-4.3955782e-10
2.5168676e-10
-5.7816452e-10
3.3514859e-10
-7.5570855e-10
4.4389994e-10
-9.8183378e-10
5.8493119e-10
-1.2683904e-09
7.6698927e-10
-1.6299069e-09
1.000907e-09
-2.0838773e-09
1.3002858e-09
-2.6511707e-09
-3.3654203e-09
1.6806182e-09
1.7901878e-16
-1.6446952e-15
8.6463319e-16
-6.3007345e-15
2.3626563e-15
-1.3770635e-14
5.1284881e-15
-2.543347e-14
9.8349489e-15
-4.3295727e-14
1.7469705e-14
-7.0266474e-14
2.9474809e-14
-1.1055005e-13
4.7945998e-14
-1.702049e-13
7.5916473e-14
-2.5793655e-13
1.1775963e-13
-3.8621874e-13
1.797585e-13
-5.7287226e-13
2.7090755e-13
-8.4327771e-13
4.0403638e-13
-1.2334595e-12
5.9737596e-13
-1.7943561e-12
8.767284e-13
-2.5976865e-12
1.2784519e-12
-3.7439377e-12
1.8535343e-12
-5.3731228e-12
2.6731041e-12
-7.6790943e-12
3.8358126e-12
-1.0928318e-11
5.4776178e-12
-1.5484105e-11
7.7846093e-12
-2.1837351e-11
1.1009623e-11
-3.0644804e-11
1.5493532e-11
-4.2775845e-11
2.1692237e-11
-5.9368722e-11
3.0210606e-11
-8.1897304e-11
4.1844845e-11
-1.1224983e-10
5.7635211e-11
-1.5282201e-10
7.8931478e-11
-2.0662823e-10
1.0747475e-10
-2.7743696e-10
1.4550455e-10
-3.6994313e-10
1.9587626e-10
-4.8992953e-10
2.6219823e-10
-6.4448648e-10
3.490489e-10
-8.4255922e-10
4.6227006e-10
-1.0950549e-09
6.0918587e-10
-1.4153063e-09
7.9895157e-10
-1.8196726e-09
1.0429092e-09
-2.3278349e-09
1.355294e-09
-2.9635555e-09
-3.7620714e-09
1.7519451e-09
1.8900939e-16
-1.8337046e-15
9.1283187e-16
-7.024557e-15
2.4942194e-15
-1.5352022e-14
5.4137133e-15
-2.8352964e-14
1.0381138e-14
-4.8263152e-14
1.8438235e-14
-7.8323571e-14
3.110559e-14
-1.232174e-13
5.0592355e-14
-1.8969166e-13
8.0094651e-14
-2.8743884e-13
1.2421871e-13
-4.3034279e-13
1.8957859e-13
-6.3823213e-13
2.8563686e-13
-9.3933598e-13
4.2588127e-13
-1.3737039e-12
6.2946244e-13
-1.9979373e-12
9.2345903e-13
-2.8916831e-12
1.3459881e-12
-4.1664668e-12
1.9504422e-12
-5.9775769e-12
2.8112092e-12
-8.5398613e-12
4.0313193e-12
-1.2148428e-11
5.7525604e-12
-1.7205346e-11
8.1687146e-12
-2.4253505e-11
1.1542687e-11
-3.4018776e-11
1.6228439e-11
-4.7461597e-11
2.2698816e-11
-6.58391e-11
3.1580571e-11
-9.0779058e-11
4.3698212e-11
-1.2436747e-10
6.012872e-11
-1.6925252e-10
8.2269652e-11
-2.2876916e-10
1.1192354e-10
-3.0709085e-10
1.5140928e-10
-4.0942887e-10
2.0368436e-10
-5.4220461e-10
2.725289e-10
-7.1333103e-10
3.6267415e-10
-9.3270448e-10
4.8019855e-10
-1.2125793e-09
6.3274607e-10
-1.5678538e-09
8.2982252e-10
-2.0167491e-09
1.0831992e-09
-2.5812117e-09
1.4075918e-09
-3.2879481e-09
-4.1733823e-09
1.8189027e-09
1.990693e-16
-2.0327739e-15
9.6135706e-16
-7.7868447e-15
2.6266537e-15
-1.7017319e-14
5.700786e-15
-3.1427097e-14
1.0930779e-14
-5.3493145e-14
1.9412712e-14
-8.6805505e-14
3.2746044e-14
-1.3655073e-13
5.3253753e-14
-2.1019937e-13
8.4295344e-14
-3.1848043e-13
1.3071033e-13
-4.7675778e-13
1.9944405e-13
-7.0696585e-13
3.0042688e-13
-1.0403188e-12
4.4780323e-13
-1.5210803e-12
6.6163948e-13
-2.2117735e-12
9.7028233e-13
-3.200326e-12
1.4135911e-12
-4.6097756e-12
2.047332e-12
-6.6113177e-12
2.9490972e-12
-9.4416266e-12
4.2262016e-12
-1.3425532e-11
6.0261063e-12
-1.9005251e-11
8.5500323e-12
-2.6777431e-11
1.2070554e-11
-3.7539298e-11
1.6954112e-11
-5.2345156e-11
2.3689577e-11
-7.2574564e-11
3.2924253e-11
-1.0001373e-10
4.5509076e-11
-1.3695229e-10
6.2555276e-11
-1.8629872e-10
8.5505658e-11
-2.5171954e-10
1.162251e-10
-3.378103e-10
1.5709997e-10
-4.5030374e-10
2.1113134e-10
-5.9623598e-10
2.8223045e-10
-7.8443013e-10
3.7543549e-10
-1.0259095e-09
4.9699051e-10
-1.3341343e-09
6.5466225e-10
-1.7255255e-09
8.5828186e-10
-2.2203687e-09
1.1199414e-09
-2.8428712e-09
1.454644e-09
-3.6226506e-09
-4.5969144e-09
1.8781761e-09
2.0889008e-16
-2.241664e-15
1.0087224e-15
-8.586677e-15
2.7559057e-15
-1.8764502e-14
5.9809141e-15
-3.4652105e-14
1.1467015e-14
-5.8979246e-14
2.0363192e-14
-9.5701682e-14
3.4345633e-14
-1.5053317e-13
5.5847946e-14
-2.3170168e-13
8.8388262e-14
-3.5102075e-13
1.3703227e-13
-5.2540179e-13
2.0904598e-13
-7.7897957e-13
3.1481179e-13
-1.1460846e-12
4.6910712e-13
-1.6753756e-12
6.928788e-13
-2.4355452e-12
1.0156889e-12
-3.523136e-12
1.4790602e-12
-5.0731469e-12
2.1410152e-12
-7.2732727e-12
3.0821763e-12
-1.0382788e-11
4.4138848e-12
-1.4757241e-11
6.2888934e-12
-2.0880259e-11
8.9153029e-12
-2.9403841e-11
1.2574541e-11
-4.1198536e-11
1.7644345e-11
-5.7414959e-11
2.462791e-11
-7.9558129e-11
3.4190657e-11
-1.0957648e-10
4.7206434e-11
-1.4996807e-10
6.4815446e-11
-2.0390773e-10
8.849659e-11
-2.7540068e-10
1.201559e-10
-3.694696e-10
1.6222892e-10
-4.9237676e-10
2.1786175e-10
-6.5186881e-10
2.9108587e-10
-8.5765425e-10
3.8694873e-10
-1.1217724e-09
5.1183583e-10
-1.4590215e-09
6.7376707e-10
-1.8874568e-09
8.8271445e-10
-2.4293161e-09
1.1509118e-09
-3.1110686e-09
1.4934081e-09
-3.9651469e-09
-5.029169e-09
1.9256627e-09
2.1804682e-16
-2.4597108e-15
1.0528754e-15
-9.4215056e-15
2.8763683e-15
-2.0587995e-14
6.24194e-15
-3.8017677e-14
1.196657e-14
-6.4703876e-14
2.1248419e-14
-1.0498353e-13
3.5834933e-14
-1.6511969e-13
5.8262364e-14
-2.5412911e-13
9.2195819e-14
-3.849542e-13
1.4291024e-13
-5.7611621e-13
2.1796779e-13
-8.5403712e-13
3.2816727e-13
-1.2562841e-12
4.888677e-13
-1.836076e-12
7.2182202e-13
-2.6684995e-12
1.0577001e-12
-3.8590141e-12
1.5395334e-12
-5.5549801e-12
2.227377e-12
-7.9611164e-12
3.2045616e-12
-1.1359972e-11
4.5859926e-12
-1.6138672e-11
6.5290537e-12
-2.282332e-11
9.2477852e-12
-3.2122572e-11
1.3031139e-11
-4.498189e-11
1.8266279e-11
-6.2650099e-11
2.5468115e-11
-8.6759966e-11
3.5316551e-11
-1.1942492e-10
4.8703303e-11
-1.6335482e-10
6.6790625e-11
-2.2199505e-10
9.1084633e-11
-2.9969469e-10
1.2352622e-10
-4.0191119e-10
1.6660605e-10
-5.3545659e-10
2.2353361e-10
-7.0879636e-10
2.983796e-10
-9.3250023e-10
3.9627251e-10
-1.2196653e-09
5.236654e-10
-1.5864143e-09
6.8864489e-10
-2.0524362e-09
9.0119853e-10
-2.6418697e-09
1.1734937e-09
-3.3833638e-09
1.5203367e-09
-4.3119898e-09
-5.4654275e-09
1.9565952e-09
2.2608821e-16
-2.685799e-15
1.0916418e-15
-1.0287059e-14
2.9821042e-15
-2.2478457e-14
6.4709684e-15
-4.1506541e-14
1.2404682e-14
-7.0637589e-14
2.2024319e-14
-1.1460317e-13
3.7139403e-14
-1.8023477e-13
6.0375387e-14
-2.773651e-13
9.5524784e-14
-4.201036e-13
1.4804334e-13
-6.2863476e-13
2.257481e-13
-9.3174189e-13
3.3979473e-13
-1.3703307e-12
5.0603789e-13
-2.0023192e-12
7.4691313e-13
-2.9093748e-12
1.0940214e-12
-4.2061224e-12
1.5916503e-12
-6.0526091e-12
2.3015296e-12
-8.6709957e-12
3.3091918e-12
-1.2367635e-11
4.7323938e-12
-1.7561874e-11
6.7321519e-12
-2.4823079e-11
9.527052e-12
-3.4917472e-11
1.3411632e-11
-4.886647e-11
1.8779804e-11
-6.8018271e-11
2.6154503e-11
-9.4134665e-11
3.6225079e-11
-1.2949549e-10
4.9894301e-11
-1.7702404e-10
6.8337382e-11
-2.4043813e-10
9.3075876e-11
-3.2443319e-10
1.2607011e-10
-4.3490542e-10
1.6983674e-10
-5.7922322e-10
2.2760261e-10
-7.6656224e-10
3.0345244e-10
-1.0083501e-09
4.0252505e-10
-1.3187379e-09
5.3125509e-10
-1.7151444e-09
6.9764992e-10
-2.2188311e-09
9.1151786e-10
-2.8557376e-09
1.1847009e-09
-3.6565469e-09
1.5314258e-09
-4.6587147e-09
-5.8996674e-09
1.9656656e-09
2.3231646e-16
-2.9181154e-15
1.1216416e-15
-1.1176384e-14
3.0638781e-15
-2.4420694e-14
6.6479928e-15
-4.5090656e-14
1.274311e-14
-7.6732707e-14
2.2623274e-14
-1.2448333e-13
3.8145587e-14
-1.9575709e-13
6.2003708e-14
-3.0122322e-13
9.8087227e-14
-4.5618712e-13
1.519891e-13
-6.8253663e-13
2.3171882e-13
-1.0114716e-12
3.4869967e-13
-1.4873116e-12
5.1915501e-13
-2.1727745e-12
7.6602268e-13
-3.1562424e-12
1.1215793e-12
-4.561679e-12
1.6310079e-12
-6.5620376e-12
2.3572035e-12
-9.3971913e-12
3.3871841e-12
-1.3397615e-11
4.8405539e-12
-1.9015243e-11
6.8805599e-12
-2.6863085e-11
9.7283902e-12
-3.7765303e-11
1.3681493e-11
-5.2819573e-11
1.9136869e-11
-7.3473647e-11
2.6620509e-11
-1.016183e-10
3.6824479e-11
-1.3969946e-10
5.0653544e-11
-1.9085311e-10
6.928372e-11
-2.5906831e-10
9.423564e-11
-3.4938511e-10
1.2746629e-10
-4.6813608e-10
1.7148408e-10
-6.2324101e-10
2.2949067e-10
-8.2456883e-10
3.0553033e-10
-1.0843897e-09
4.0467132e-10
-1.4178789e-09
5.332139e-10
-1.843687e-09
6.9892174e-10
-2.3845389e-09
9.1119204e-10
-3.0680079e-09
1.181231e-09
-3.9265858e-09
1.522301e-09
-4.9997847e-09
-6.3245142e-09
1.9471478e-09
2.3623277e-16
-3.1543482e-15
1.140492e-15
-1.2080644e-14
3.1151927e-15
-2.6395394e-14
6.7588647e-15
-4.8734328e-14
1.2954543e-14
-8.2928385e-14
2.2996316e-14
-1.345251e-13
3.8769906e-14
-2.1153068e-13
6.3009464e-14
-3.2546278e-13
9.9661315e-14
-4.9283897e-13
1.5439707e-13
-7.3727238e-13
2.3533398e-13
-1.0924085e-12
3.5404086e-13
-1.6060185e-12
5.2693439e-13
-2.3456681e-12
7.7720401e-13
-3.4065121e-12
1.1374454e-12
-4.9219204e-12
1.6532329e-12
-7.0778251e-12
2.3879196e-12
-1.0131878e-11
3.429024e-12
-1.443872e-11
4.8966359e-12
-2.0482855e-11
6.9543616e-12
-2.892081e-11
9.823431e-12
-4.0634372e-11
1.380071e-11
-5.6796853e-11
1.9281537e-11
-7.8954473e-11
2.6788518e-11
-1.0912529e-10
3.7007759e-11
-1.499187e-10
5.0834362e-11
-2.0467971e-10
6.9429498e-11
-2.7766344e-10
9.4291783e-11
-3.7424739e-10
1.2734601e-10
-5.011903e-10
1.7105247e-10
-6.6694748e-10
2.2853741e-10
-8.8205377e-10
3.0373409e-10
-1.1595864e-09
4.0154161e-10
-1.5156864e-09
5.279914e-10
-1.9701368e-09
6.9041382e-10
-2.5469613e-09
8.9753081e-10
-3.2751249e-09
1.1595558e-09
-4.1886108e-09
1.4883533e-09
-5.3285822e-09
-6.7312272e-09
1.8950663e-09
2.3658942e-16
-3.3909376e-15
1.142119e-15
-1.2986173e-14
3.119438e-15
-2.8372713e-14
6.7676632e-15
-5.2382553e-14
1.2970557e-14
-8.9131279e-14
2.3023027e-14
-1.4457757e-13
3.8811568e-14
-2.2731922e-13
6.3070704e-14
-3.4972191e-13
9.9746008e-14
-5.2951428e-13
1.5450577e-13
-7.9203215e-13
2.3545861e-13
-1.1733614e-12
3.5415442e-13
-1.7247143e-12
5.2697163e-13
-2.5184853e-12
7.770263e-13
-3.6565667e-12
1.1367784e-12
-5.2816725e-12
1.6515576e-12
-7.5926043e-12
2.3842878e-12
-1.0864608e-11
3.4217493e-12
-1.5476181e-11
4.8827914e-12
-2.1943897e-11
6.9289863e-12
-3.0967005e-11
9.7783094e-12
-4.3483695e-11
1.3722549e-11
-6.0741093e-11
1.9149309e-11
-8.4381233e-11
2.6569675e-11
-1.1654565e-10
3.6652919e-11
-1.6000195e-10
5.026998e-11
-2.1829677e-10
6.8547826e-11
-2.9594129e-10
9.2937133e-11
-3.986367e-10
1.2529563e-10
-5.335488e-10
1.6798886e-10
-7.096407e-10
2.2400699e-10
-9.380719e-10
2.9708932e-10
-1.2326687e-09
3.9185267e-10
-1.6104498e-09
5.139074e-10
-2.0921915e-09
6.6994255e-10
-2.7029965e-09
8.6771654e-10
-3.4728989e-09
1.1160541e-09
-4.4369484e-09
1.4249287e-09
-5.6374568e-09
-7.1096961e-09
1.8033976e-09
2.3336618e-16
-3.6243038e-15
1.1265334e-15
-1.387934e-14
3.076699e-15
-3.0322879e-14
6.6743724e-15
-5.5980226e-14
1.2790338e-14
-9.5247244e-14
2.2700004e-14
-1.5448724e-13
3.8260635e-14
-2.4287985e-13
6.216298e-14
-3.7362426e-13
9.8287101e-14
-5.656384e-13
1.5220324e-13
-8.4594829e-13
2.3187329e-13
-1.2530314e-12
3.4862747e-13
-1.8414685e-12
5.1851558e-13
-2.6883734e-12
7.6416254e-13
-3.9022137e-12
1.1172957e-12
-5.6348056e-12
1.6221557e-12
-8.0974643e-12
2.3400541e-12
-1.1582507e-11
3.3553979e-12
-1.6491525e-11
4.7835625e-12
-2.3372062e-11
6.7810656e-12
-3.2964508e-11
9.5585667e-12
-4.6261196e-11
1.3397325e-11
-6.4579851e-11
1.8669888e-11
-8.9653795e-11
2.5865981e-11
-1.2374175e-10
3.5624877e-11
-1.6976084e-10
4.8775786e-11
-2.3144768e-10
6.6388156e-11
-3.1355366e-10
8.9833783e-11
-4.2208232e-10
1.2086233e-10
-5.6457735e-10
1.6169047e-10
-7.5046884e-10
2.1510167e-10
-9.914831e-10
2.8454722e-10
-1.3021143e-09
3.74237e-10
-1.7001395e-09
4.8919621e-10
-2.2071507e-09
6.3525628e-10
-2.8490566e-09
8.1891577e-10
-3.6565584e-09
1.0471876e-09
-4.6652202e-09
1.3275581e-09
-5.9178272e-09
-7.4484209e-09
1.6662829e-09
2.2382114e-16
-3.8481249e-15
1.0802741e-15
-1.4735793e-14
2.9500818e-15
-3.2192686e-14
6.3993138e-15
-5.9429458e-14
1.2262666e-14
-1.011106e-13
2.1762596e-14
-1.6398717e-13
3.6679081e-14
-2.5779633e-13
5.9590552e-14
-3.9653573e-13
9.4214438e-14
-6.0026228e-13
1.4588622e-13
-8.9762007e-13
2.2222978e-13
-1.329375e-12
3.3408966e-13
-1.9533284e-12
4.9681893e-13
-2.8511026e-12
7.3204396e-13
-4.1374387e-12
1.0700618e-12
-5.9728234e-12
1.5530641e-12
-8.5804667e-12
2.2394267e-12
-1.2268869e-11
3.2093491e-12
-1.7461447e-11
4.5721826e-12
-2.4734896e-11
6.4758415e-12
-3.4868167e-11
9.1187629e-12
-4.8904117e-11
1.2764971e-11
-6.8226059e-11
1.7762925e-11
-9.4651749e-11
2.4569002e-11
-1.3054782e-10
3.3776668e-11
-1.7896851e-10
4.6152653e-11
-2.4382367e-10
6.2681608e-11
-3.3008261e-10
8.4620623e-11
-4.4402134e-10
1.1356427e-10
-5.9352099e-10
1.51519e-10
-7.8842357e-10
2.0098204e-10
-1.0409461e-09
2.6501341e-10
-1.3661456e-09
3.4728345e-10
-1.7824096e-09
4.5206484e-10
-2.3119321e-09
5.8412274e-10
-2.9811145e-09
7.484225e-10
-3.8208582e-09
9.4975013e-10
-4.8665479e-09
1.1922959e-09
-6.160373e-09
-7.7346617e-09
1.4785367e-09
2.1012789e-16
-4.0582528e-15
1.0142576e-15
-1.5539923e-14
2.769664e-15
-3.3948093e-14
6.0071343e-15
-6.2666929e-14
1.1508837e-14
-1.066123e-13
2.0419452e-14
-1.7289779e-13
3.4404259e-14
-2.7178114e-13
5.5873131e-14
-4.180046e-13
8.8296484e-14
-6.3268564e-13
1.3664871e-13
-9.459723e-13
2.080271e-13
-1.4007533e-12
3.1251026e-13
-2.0578115e-12
4.6434025e-13
-3.0029326e-12
6.8353746e-13
-4.3566359e-12
9.9808705e-13
-6.287373e-12
1.4468696e-12
-9.0292492e-12
2.0835464e-12
-1.2905546e-11
2.9816503e-12
-1.8359551e-11
4.2411718e-12
-2.5994417e-11
5.9969718e-12
-3.6623967e-11
8.4293935e-12
-5.1336539e-11
1.1777505e-11
-7.157417e-11
1.6355492e-11
-9.9229737e-11
2.257287e-11
-1.367652e-10
3.0959365e-11
-1.87355e-10
4.2195493e-11
-2.550598e-10
5.7149916e-11
-3.4503704e-10
7.6924262e-11
-4.6379569e-10
1.0290511e-10
-6.1950184e-10
1.3682051e-10
-8.2233898e-10
1.8079438e-10
-1.08492e-09
2.3738529e-10
-1.4227366e-09
3.0958795e-10
-1.8546122e-09
4.0076137e-10
-2.4031055e-09
5.144261e-10
-3.0947792e-09
6.5382759e-10
-3.9602597e-09
8.212861e-10
-5.0340064e-09
1.0167798e-09
-6.3558667e-09
-7.9547757e-09
1.2368938e-09
1.8623655e-16
-4.2444894e-15
8.9866506e-16
-1.6252351e-14
2.453627e-15
-3.5503055e-14
5.3212413e-15
-6.5534543e-14
1.0194286e-14
-1.1148534e-13
1.8086619e-14
-1.8079012e-13
3.0473183e-14
-2.841677e-13
4.9488308e-14
-4.3701972e-13
7.8205324e-14
-6.6140265e-13
1.2102876e-13
-9.8879573e-13
1.842412e-13
-1.4639658e-12
2.7676071e-13
-2.150331e-12
4.1118174e-13
-3.1373536e-12
6.0519288e-13
-4.5506471e-12
8.8348851e-13
-6.5656687e-12
1.2803168e-12
-9.4260775e-12
1.8428333e-12
-1.3468062e-11
2.6354538e-12
-1.9152172e-11
3.7454254e-12
-2.7104389e-11
5.2898577e-12
-3.81684e-11
7.4244853e-12
-5.3471167e-11
1.0354477e-11
-7.4504162e-11
1.4347673e-11
-1.0322293e-10
1.9750721e-11
-1.4216825e-10
2.7008684e-11
-1.9461296e-10
3.668875e-11
-2.6473986e-10
4.9508577e-11
-3.5785686e-10
6.6369239e-11
-4.8065635e-10
8.8391458e-11
-6.4152406e-10
1.169512e-10
-8.5089872e-10
1.5370637e-10
-1.1216752e-09
2.0059965e-10
-1.4696298e-09
2.5981423e-10
-1.9138268e-09
3.3364679e-10
-2.4769381e-09
4.2424249e-10
-3.1853749e-09
5.3309524e-10
-4.0691124e-09
6.6037629e-10
-5.1612874e-09
8.026479e-10
-6.4981383e-09
-8.094606e-09
9.4247824e-10
1.6192337e-16
-4.4064127e-15
7.8135036e-16
-1.6871778e-14
2.1332267e-15
-3.6854931e-14
4.6259555e-15
-6.8027272e-14
8.8611087e-15
-1.157205e-13
1.5718611e-14
-1.8764762e-13
2.6477749e-14
-2.9492684e-13
4.2988295e-14
-4.5353027e-13
6.7911313e-14
-6.8632567e-13
1.0505607e-13
-1.0259405e-12
1.5984841e-13
-1.5187581e-12
2.3997692e-13
-2.2304595e-12
3.5627696e-13
-3.2536537e-12
5.2392785e-13
-4.718298e-12
7.6405625e-13
-6.805797e-12
1.1058557e-12
-9.767877e-12
1.5893495e-12
-1.3951556e-11
2.2689348e-12
-1.9831757e-11
3.2178557e-12
-2.805331e-11
4.5337534e-12
-3.9484297e-11
6.3454414e-12
-5.5282855e-11
8.8210655e-12
-7.6979786e-11
1.2177828e-11
-1.065797e-10
1.6693509e-11
-1.4668393e-10
2.2720048e-11
-2.006395e-10
3.069942e-11
-2.7271923e-10
4.118174e-11
-3.6833918e-10
5.484475e-11
-4.9431936e-10
7.2512214e-11
-6.5919152e-10
9.5165792e-11
-8.735523e-10
1.2394044e-10
-1.1504498e-09
1.6008697e-10
-1.5057764e-09
2.0487817e-10
-1.958618e-09
2.5942854e-10
-2.5314884e-09
3.2438825e-10
-3.2503346e-09
3.9944205e-10
-4.1441662e-09
4.8297198e-10
-5.2448174e-09
5.7158438e-10
-6.5867507e-09
-8.1992618e-09
6.7624014e-10
1.1673081e-16
-4.5231435e-15
5.6311409e-16
-1.7318162e-14
1.5368107e-15
-3.7828628e-14
3.3309332e-15
-6.9821394e-14
6.3764889e-15
-1.1876605e-13
1.130264e-14
-1.9257377e-13
1.9021929e-14
-3.0264613e-13
3.0850174e-14
-4.6535852e-13
4.8674149e-14
-7.0414965e-13
7.5184523e-14
-1.0524509e-12
1.1419697e-13
-1.5577706e-12
1.710909e-13
-2.2873535e-12
2.5340284e-13
-3.3359656e-12
3.7161929e-13
-4.8365144e-12
5.4022199e-13
-6.9743998e-12
7.7904414e-13
-1.0006699e-11
1.1149987e-12
-1.4287511e-11
1.5842368e-12
-2.0300995e-11
2.234783e-12
-2.8703856e-11
3.1296742e-12
-4.0379188e-11
4.350602e-12
-5.6503782e-11
6.0020269e-12
-7.8631211e-11
8.215705e-12
-1.0879337e-10
1.1155544e-11
-1.4962377e-10
1.5022654e-11
-2.0450661e-10
2.0060329e-11
-2.7775691e-10
2.6558247e-11
-3.748371e-10
3.4854291e-11
-5.026154e-10
4.5330579e-11
-6.6966781e-10
5.8397413e-11
-8.8661913e-10
7.4454667e-11
-1.1665071e-09
9.3814871e-11
-1.5251366e-09
1.1656735e-10
-1.9813705e-09
1.4236391e-10
-2.557285e-09
1.700992e-10
-3.2780699e-09
1.9737389e-10
-4.1714409e-09
2.2031265e-10
-5.2677561e-09
2.333844e-10
-6.5998224e-09
-8.1982299e-09
2.3235249e-10
6.2136042e-17
-4.5852796e-15
2.9936985e-16
-1.7555396e-14
8.1623545e-16
-3.8345493e-14
1.7675161e-15
-7.0772675e-14
3.3802672e-15
-1.203788e-13
5.9849745e-15
-1.9517848e-13
1.0059297e-14
-3.0672045e-13
1.6289048e-14
-4.7158827e-13
2.5652502e-14
-7.135131e-13
3.953584e-14
-1.0663342e-12
5.988939e-14
-1.5781241e-12
8.943614e-14
-2.3169002e-12
1.3194525e-13
-3.3784747e-12
1.925832e-13
-4.8971524e-12
2.7835265e-13
-7.0601692e-12
3.9862182e-13
-1.0126968e-11
5.6573396e-13
-1.4454623e-11
7.9566338e-13
-2.0530924e-11
1.1086516e-12
-2.9016844e-11
1.529713e-12
-4.080025e-11
2.0888482e-12
-5.7062918e-11
2.8207458e-12
-7.9363109e-11
3.7636961e-12
-1.0973632e-10
4.9573573e-12
-1.5081743e-10
6.4388809e-12
-2.0598814e-10
8.2366276e-12
-2.7955466e-10
1.0360153e-11
-3.7696063e-10
1.2784114e-11
-5.0503936e-10
1.5421962e-11
-6.7230566e-10
1.8082593e-11
-8.8927977e-10
2.0399513e-11
-1.168824e-09
2.1718028e-11
-1.5264551e-09
2.0923012e-11
-1.9805755e-09
1.619775e-11
-2.5525597e-09
4.7143414e-12
-3.2665865e-09
-1.8027634e-11
-4.1486989e-09
-5.8291494e-11
-5.2274923e-09
-1.2438782e-10
-6.5337261e-09
-8.0968698e-09
-2.2574788e-10
3.8884624e-18
-4.5891681e-15
1.8256417e-17
-1.7569764e-14
4.8446848e-17
-3.8375684e-14
1.0154179e-16
-7.082577e-14
1.8652465e-16
-1.2046379e-13
3.1402101e-16
-1.9530598e-13
4.9513232e-16
-3.0690156e-13
7.3843036e-16
-4.7183156e-13
1.0434355e-15
-7.138181e-13
1.3876335e-15
-1.0666784e-12
1.7019713e-15
-1.5784385e-12
1.8263148e-15
-2.3170246e-12
1.4308087e-15
-3.3780792e-12
-1.1958857e-16
-4.895602e-12
-3.9933536e-15
-7.0562954e-12
-1.2268975e-14
-1.0118693e-11
-2.854348e-14
-1.4438348e-11
-5.8895309e-14
-2.0500572e-11
-1.1337549e-13
-2.8962364e-11
-2.0826679e-13
-4.0705359e-11
-3.6943112e-13
-5.6901753e-11
-6.3716003e-13
-7.909538e-11
-1.0730532e-12
-1.0930043e-10
-1.769584e-12
-1.501209e-10
-2.863207e-12
-2.0489451e-10
-4.5522021e-12
-2.7786566e-10
-7.121078e-12
-3.7439175e-10
-1.0974454e-11
-5.0118599e-10
-1.6685083e-11
-6.6659503e-10
-2.5063097e-11
-8.8090175e-10
-3.7256392e-11
-1.1566307e-09
-5.4894523e-11
-1.508817e-09
-8.0290132e-11
-1.9551799e-09
-1.1671284e-10
-2.516137e-09
-1.6860638e-10
-3.2146929e-09
-2.4251033e-10
-4.074795e-09
-3.4692467e-10
-5.1230779e-09
-4.9242971e-10
-6.388221e-09
-7.897505e-09
-6.9179458e-10
-5.9872781e-17
-4.5292953e-15
-2.8960508e-16
-1.7340031e-14
-7.9245386e-16
-3.7872835e-14
-1.7227641e-15
-6.989546e-14
-3.3096034e-15
-1.1887695e-13
-5.8910247e-15
-1.9272456e-13
-9.9637045e-15
-3.0282888e-13
-1.6254789e-14
-4.6554048e-13
-2.5825799e-14
-7.0424709e-13
-4.0222774e-14
-1.0522814e-12
-6.1693018e-14
-1.5569682e-12
-9.3497633e-14
-2.28522e-12
-1.4036148e-13
-3.3312154e-12
-2.0911969e-13
-4.8268438e-12
-3.0964396e-13
-6.9557712e-12
-4.5616493e-13
-9.9721717e-12
-6.6915077e-13
-1.4225363e-11
-9.7795929e-13
-2.0191764e-11
-1.4245526e-12
-2.8515771e-11
-2.0686503e-12
-4.0061261e-11
-2.9947984e-12
-5.5975605e-11
-4.3219479e-12
-7.776823e-11
-6.2162777e-12
-1.074061e-10
-8.9081758e-12
-1.47429e-10
-1.271456e-11
-2.0108813e-10
-1.8068144e-11
-2.7251208e-10
-2.5555922e-11
-3.6690397e-10
-3.5970262e-11
-4.9077165e-10
-5.0377568e-11
-6.5218772e-10
-7.0211571e-11
-8.6106775e-10
-9.740016e-11
-1.1294421e-09
-1.3453417e-10
-1.4716829e-09
-1.8508215e-10
-1.9046319e-09
-2.5373164e-10
-2.4474875e-09
-3.4642027e-10
-3.1220043e-09
-4.7158431e-10
-3.9496309e-09
-6.3957425e-10
-4.955088e-09
-8.6292076e-10
-6.1648745e-09
-7.6036235e-09
-1.1568022e-09
-1.2583242e-16
-4.4034629e-15
-6.0799809e-16
-1.6857866e-14
-1.6620507e-15
-3.6818782e-14
-3.6093704e-15
-6.794814e-14
-6.9254407e-15
-1.1556088e-13
-1.2309405e-14
-1.8734059e-13
-2.0784051e-14
-2.9435424e-13
-3.3839231e-14
-4.524853e-13
-5.3637089e-14
-6.8444924e-13
-8.3305046e-14
-1.0226135e-12
-1.2735289e-13
-1.5129204e-12
-1.9226475e-13
-2.2203081e-12
-2.8733627e-13
-3.2361438e-12
-4.2585384e-13
-4.6883262e-12
-6.2674746e-13
-6.7548775e-12
-9.1689508e-13
-9.6820241e-12
-1.3343141e-12
-1.3807944e-11
-1.932549e-12
-1.9593529e-11
-2.7866542e-12
-2.7661665e-11
-4.0012742e-12
-3.8846641e-11
-5.721452e-12
-5.4255427e-11
-8.1469367e-12
-7.5342746e-11
-1.1550935e-11
-1.040021e-10
-1.6304472e-11
-1.4267546e-10
-2.290782e-11
-1.9448478e-10
-3.2030926e-11
-2.6338897e-10
-4.456544e-11
-3.5436946e-10
-6.1692017e-11
-4.7364507e-10
-8.4967982e-11
-6.2891176e-10
-1.1644237e-10
-8.2959336e-10
-1.5880678e-10
-1.0870777e-09
-2.1558545e-10
-1.4149043e-09
-2.9133055e-10
-1.8288868e-09
-3.9198018e-10
-2.3468379e-09
-5.2526173e-10
-2.9887227e-09
-7.0066218e-10
-3.7742305e-09
-9.3022488e-10
-4.7255253e-09
-1.2285957e-09
-5.8665037e-09
-7.2198916e-09
-1.6123276e-09
-1.9352844e-16
-4.2099345e-15
-9.3479207e-16
-1.6116602e-14
-2.5545711e-15
-3.5199003e-14
-5.5455522e-15
-6.4957159e-14
-1.0635836e-14
-1.1047059e-13
-1.8894571e-14
-1.7908186e-13
-3.1883356e-14
-2.8136545e-13
-5.1872666e-14
-4.3249599e-13
-8.2150318e-14
-6.5417158e-13
-1.2745977e-13
-9.7730402e-13
-1.9462072e-13
-1.4457594e-12
-2.9340443e-13
-2.1215244e-12
-4.3776283e-13
-3.0917854e-12
-6.4754585e-13
-4.4785432e-12
-9.5088705e-13
-6.4515363e-12
-1.3874962e-12
-9.2454149e-12
-2.0131706e-12
-1.3182269e-11
-2.9059248e-12
-1.8700775e-11
-4.1742459e-12
-2.6393344e-11
-5.9681031e-12
-3.7052784e-11
-8.4934791e-12
-5.1730051e-11
-1.2031359e-11
-7.1804866e-11
-1.6962297e-11
-9.9071165e-11
-2.379794e-11
-1.3583982e-10
-3.3221216e-11
-1.8506151e-10
-4.6137362e-11
-2.5047283e-10
-6.3738652e-11
-3.3676817e-10
-8.7586533e-11
-4.4979719e-10
-1.1971605e-10
-5.9678224e-10
-1.6276902e-10
-7.8654039e-10
-2.2016637e-10
-1.0296804e-09
-2.9633917e-10
-1.3387315e-09
-3.9700365e-10
-1.7282223e-09
-5.2886891e-10
-2.2149727e-09
-7.0114466e-10
-2.816447e-09
-9.2496477e-10
-3.5504104e-09
-1.2135208e-09
-4.4369693e-09
-1.5828001e-09
-5.4972244e-09
-6.7520068e-09
-2.0506849e-09
-2.6081e-16
-3.9491245e-15
-1.2595592e-15
-1.5117853e-14
-3.4415216e-15
-3.3017041e-14
-7.4696167e-15
-6.0929064e-14
-1.4322983e-14
-1.0361723e-13
-2.5438464e-14
-1.6796638e-13
-4.2913114e-14
-2.638908e-13
-6.979317e-14
-4.0561594e-13
-1.104851e-13
-6.1347965e-13
-1.7133829e-13
-9.1645083e-13
-2.6146775e-13
-1.35563e-12
-3.9391078e-13
-1.9890814e-12
-5.87245e-13
-2.8984512e-12
-8.6783916e-13
-4.197949e-12
-1.2729643e-12
-6.0464112e-12
-1.855063e-12
-8.6633162e-12
-2.6875617e-12
-1.2349771e-11
-3.8727127e-12
-1.7515624e-11
-5.5520734e-12
-2.4713984e-11
-7.9203683e-12
-3.4684489e-11
-1.1243633e-11
-4.8406787e-11
-1.5882719e-11
-6.716578e-11
-2.2323447e-11
-9.2630437e-11
-3.121497e-11
-1.269483e-10
-4.341825e-11
-1.7285823e-10
-6.006701e-11
-2.3382406e-10
-8.2644156e-11
-3.1419102e-10
-1.1307727e-10
-4.1936407e-10
-1.5385747e-10
-5.5600205e-10
-2.0818584e-10
-7.3221202e-10
-2.8014973e-10
-9.5771647e-10
-3.749334e-10
-1.2439478e-09
-4.9924533e-10
-1.6039104e-09
-6.6134847e-10
-2.0528695e-09
-8.7110151e-10
-2.6066939e-09
-1.1405343e-09
-3.2809776e-09
-1.4842335e-09
-4.0932701e-09
-1.9193605e-09
-5.0620974e-09
-6.2064849e-09
-2.4648823e-09
-3.2625751e-16
-3.622867e-15
-1.5754711e-15
-1.3868639e-14
-4.3042654e-15
-3.0288247e-14
-9.3410911e-15
-5.5892238e-14
-1.7909149e-14
-9.5049168e-14
-3.1802696e-14
-1.5407283e-13
-5.3639144e-14
-2.4205435e-13
-8.7218424e-14
-3.7203666e-13
-1.380335e-13
-5.6266458e-13
-2.1399292e-13
-8.404914e-13
-3.2643928e-13
-1.2431836e-12
-4.9157798e-13
-1.8239427e-12
-7.3247108e-13
-2.6575581e-12
-1.0818031e-12
-3.848617e-12
-1.5856914e-12
-5.5425229e-12
-2.3088961e-12
-7.9401115e-12
-3.3418824e-12
-1.1316784e-11
-4.8103048e-12
-1.6047201e-11
-6.8876169e-12
-2.2636672e-11
-9.8116554e-12
-3.176045e-11
-1.390622e-11
-4.4312222e-11
-1.960885e-11
-6.146315e-11
-2.7506233e-11
-8.4733053e-11
-3.8378949e-11
-1.1607558e-10
-5.3257615e-11
-1.5797956e-10
-7.3492958e-11
-2.1358872e-10
-1.0084287e-10
-2.8684111e-10
-1.3758002e-10
-3.8262692e-10
-1.8662395e-10
-5.0695811e-10
-2.5170134e-10
-6.6713463e-10
-3.3753735e-10
-8.7188046e-10
-4.5007907e-10
-1.1314061e-09
-5.9664537e-10
-1.4573441e-09
-7.865575e-10
-1.8629574e-09
-1.03094e-09
-2.3623114e-09
-1.3427132e-09
-2.9692044e-09
-1.737266e-09
-3.6987173e-09
-2.2325798e-09
-4.5667836e-09
-5.5904597e-09
-2.848605e-09
-3.8804578e-16
-3.2348212e-15
-1.873711e-15
-1.2382974e-14
-5.1187292e-15
-2.7043229e-14
-1.1107799e-14
-4.9903168e-14
-2.1294486e-14
-8.486248e-14
-3.7810378e-14
-1.3755694e-13
-6.3763975e-14
-2.1610076e-13
-1.0366644e-13
-3.3213419e-13
-1.640359e-13
-5.0229512e-13
-2.5425187e-13
-7.5027543e-13
-3.8775813e-13
-1.1096773e-12
-5.8374781e-13
-1.627953e-12
-8.6951097e-13
-2.371795e-12
-1.2836847e-12
-3.4344433e-12
-1.8807208e-12
-4.9454869e-12
-2.7369773e-12
-7.0838549e-12
-3.9589529e-12
-1.0094809e-11
-5.6943057e-12
-1.4311849e-11
-8.1464475e-12
-2.018453e-11
-1.1593659e-11
-2.8313239e-11
-1.6413848e-11
-3.9492033e-11
-2.3116267e-11
-5.4760732e-11
-3.2381732e-11
-7.5467588e-11
-4.5113186e-11
-1.0334413e-10
-6.2498763e-11
-1.4059398e-10
-8.6089992e-11
-1.8999749e-10
-1.1789818e-10
-2.5503292e-10
-1.6051236e-10
-3.4001275e-10
-2.1724211e-10
-4.5022837e-10
-2.9228766e-10
-5.9208908e-10
-3.909372e-10
-7.7323091e-10
-5.1978248e-10
-1.0025608e-09
-6.8691507e-10
-1.2902115e-09
-9.0233888e-10
-1.6475336e-09
-1.1780944e-09
-2.0865559e-09
-1.5280226e-09
-2.6192762e-09
-1.9682762e-09
-3.2584637e-09
-2.5174492e-09
-4.0176106e-09
-4.9116203e-09
-3.1962886e-09
-4.4460309e-16
-2.7902182e-15
-2.1466979e-15
-1.0680879e-14
-5.8642197e-15
-2.3325707e-14
-1.2724854e-14
-4.3042534e-14
-2.4392962e-14
-7.3194373e-14
-4.3308769e-14
-1.1864113e-13
-7.3030036e-14
-1.8637949e-13
-1.1871848e-13
-2.8644575e-13
-1.8782975e-13
-4.3318385e-13
-2.910883e-13
-6.4701688e-13
-4.4385857e-13
-9.5690705e-13
-6.6806391e-13
-1.4037477e-12
-9.9485664e-13
-2.0450022e-12
-1.4683093e-12
-2.9609906e-12
-2.1504803e-12
-4.2633159e-12
-3.1283077e-12
-6.1060275e-12
-4.5229063e-12
-8.7002101e-12
-6.5019787e-12
-1.2332776e-11
-9.2962046e-12
-1.7390304e-11
-1.322064e-11
-2.4388803e-11
-1.8702333e-11
-3.401034e-11
-2.6315572e-11
-4.7147493e-11
-3.6826393e-11
-6.4956767e-11
-5.1248279e-11
-8.8922241e-11
-7.0911305e-11
-1.2093096e-10
-9.754738e-11
-1.6336142e-10
-1.3339459e-10
-2.1918571e-10
-1.8132373e-10
-2.9208361e-10
-2.4498966e-10
-3.8656244e-10
-3.2900858e-10
-5.0807015e-10
-4.3915899e-10
-6.630805e-10
-5.8259709e-10
-8.5912271e-10
-7.6807368e-10
-1.1047349e-09
-1.0062294e-09
-1.4093779e-09
-1.3097429e-09
-1.7830424e-09
-1.6932182e-09
-2.2358008e-09
-2.173473e-09
-2.7782089e-09
-2.7696354e-09
-3.4214482e-09
-4.1781381e-09
-3.5031175e-09
-4.9433304e-16
-2.2958851e-15
-2.3867203e-15
-8.7884919e-15
-6.5196691e-15
-1.9192758e-14
-1.4146571e-14
-3.5415632e-14
-2.7117102e-14
-6.0223843e-14
-4.8142813e-14
-9.7615418e-14
-8.1176401e-14
-1.533459e-13
-1.3195144e-13
-2.3567071e-13
-2.0874769e-13
-3.563876e-13
-3.2347173e-13
-5.3229284e-13
-4.9317602e-13
-7.8720275e-13
-7.4218316e-13
-1.1547405e-12
-1.105039e-12
-1.6821464e-12
-1.6305908e-12
-2.4354387e-12
-2.3875772e-12
-3.5063295e-12
-3.472224e-12
-5.0213807e-12
-5.0184714e-12
-7.1539627e-12
-7.2115991e-12
-1.0139649e-11
-1.0306181e-11
-1.4295722e-11
-1.4649466e-11
-2.0045518e-11
-2.0711476e-11
-2.794833e-11
-2.9123295e-11
-3.8735674e-11
-4.0725268e-11
-5.3354794e-11
-5.6627091e-11
-7.3020419e-11
-7.8282111e-11
-9.927594e-11
-1.0757848e-10
-1.3406505e-10
-1.4695008e-10
-1.7981411e-10
-1.9951001e-10
-2.3952367e-10
-2.6920866e-10
-3.1686379e-10
-3.6101635e-10
-4.1626247e-10
-4.8112684e-10
-5.4297001e-10
-6.3717254e-10
-7.0307701e-10
-8.3844008e-10
-9.0346735e-10
-1.0961062e-09
-1.1517118e-09
-1.4233651e-09
-1.4557835e-09
-1.835401e-09
-1.823765e-09
-2.3495585e-09
-2.2640514e-09
-2.9854314e-09
-2.7855753e-09
-3.3985732e-09
-3.7649963e-09
-5.3593114e-16
-1.759954e-15
-2.5874945e-15
-6.7369286e-15
-7.067915e-15
-1.4712337e-14
-1.5335706e-14
-2.7147841e-14
-2.9395495e-14
-4.6164054e-14
-5.2185683e-14
-7.4825231e-14
-8.7989123e-14
-1.1754246e-13
-1.4301742e-13
-1.8064242e-13
-2.2623908e-13
-2.7316593e-13
-3.5054859e-13
-4.0798334e-13
-5.3440875e-13
-6.0334259e-13
-8.0414629e-13
-8.8500298e-13
-1.197141e-12
-1.2891517e-12
-1.7662263e-12
-1.8663533e-12
-2.5857158e-12
-2.6868401e-12
-3.7595832e-12
-3.8475132e-12
-5.4324627e-12
-5.4810832e-12
-7.804283e-12
-7.7678283e-12
-1.1149519e-11
-1.0950487e-11
-1.5842217e-11
-1.535282e-11
-2.2388137e-11
-2.140241e-11
-3.1465552e-11
-2.9658259e-11
-4.3976469e-11
-4.0843876e-11
-6.1110306e-11
-5.5886582e-11
-8.4422359e-11
-7.5963887e-11
-1.1592971e-10
-1.0255769e-10
-1.5822739e-10
-1.3751643e-10
-2.1462727e-10
-1.831238e-10
-2.8932125e-10
-2.4216981e-10
-3.8756779e-10
-3.1801592e-10
-5.1589694e-10
-4.1464086e-10
-6.8232365e-10
-5.366503e-10
-8.965559e-10
-6.892351e-10
-1.1701933e-09
-8.780744e-10
-1.5168397e-09
-1.109137e-09
-1.9521144e-09
-1.3884903e-09
-2.4937608e-09
-1.7224051e-09
-3.1617526e-09
-2.1175835e-09
-2.5817921e-09
-3.9785337e-09
-5.6727991e-16
-1.1926742e-15
-2.7388225e-15
-4.565386e-15
-7.4813093e-15
-9.9698507e-15
-1.6232994e-14
-1.8396157e-14
-3.1116588e-14
-3.1280459e-14
-5.52444e-14
-5.0697419e-14
-9.3154158e-14
-7.9632703e-14
-1.5142903e-13
-1.2236754e-13
-2.3957534e-13
-1.8501963e-13
-3.7125773e-13
-2.7630094e-13
-5.6603526e-13
-4.0856506e-13
-8.517914e-13
-5.9924685e-13
-1.2681062e-12
-8.7283694e-13
-1.8709067e-12
-1.2635529e-12
-2.7388302e-12
-1.8189166e-12
-3.9818565e-12
-2.6044869e-12
-5.7529037e-12
-3.7100361e-12
-8.2632405e-12
-5.2574915e-12
-1.1802738e-11
-7.4109895e-12
-1.6766157e-11
-1.0389401e-11
-2.3686869e-11
-1.4481698e-11
-3.3279571e-11
-2.0065557e-11
-4.6493824e-11
-2.7629623e-11
-6.4580461e-11
-3.7799945e-11
-8.9173213e-11
-5.1371135e-11
-1.2238819e-10
-6.9342715e-11
-1.6694391e-10
-9.2960707e-11
-2.2630423e-10
-1.2376348e-10
-3.0484513e-10
-1.6362891e-10
-4.0804391e-10
-2.1481714e-10
-5.4268485e-10
-2.7999993e-10
-7.1707004e-10
-3.6226511e-10
-9.4121959e-10
-4.6508555e-10
-1.2270461e-09
-5.9224787e-10
-1.5884574e-09
-7.4772578e-10
-2.0413839e-09
-9.3556379e-10
-2.6038569e-09
-1.159932e-09
-3.2961376e-09
-1.4253028e-09
-1.7368986e-09
-4.141031e-09
-5.8909472e-16
-6.0357948e-16
-2.8442296e-15
-2.3102511e-15
-7.7700864e-15
-5.0439939e-15
-1.6862113e-14
-9.3041295e-15
-3.2327989e-14
-1.5814584e-14
-5.7405015e-14
-2.5620394e-14
-9.6812668e-14
-4.022505e-14
-1.5739462e-13
-6.1785593e-14
-2.4902335e-13
-9.3390896e-14
-3.8587725e-13
-1.3944705e-13
-5.8825126e-13
-2.0619104e-13
-8.850841e-13
-3.0241401e-13
-1.3174503e-12
-4.4047077e-13
-1.9433794e-12
-6.3762371e-13
-2.8444497e-12
-9.1784635e-13
-4.1347278e-12
-1.3142088e-12
-5.9727733e-12
-1.8719906e-12
-8.5775813e-12
-2.6526834e-12
-1.2249515e-11
-3.7390555e-12
-1.7397457e-11
-5.2414593e-12
-2.4573587e-11
-7.3055679e-12
-3.451741e-11
-1.0121734e-11
-4.8210845e-11
-1.3936188e-11
-6.6946466e-11
-1.9064324e-11
-9.2411252e-11
-2.5906349e-11
-1.2678845e-10
-3.496552e-11
-1.7288017e-10
-4.6868987e-11
-2.3425293e-10
-6.2390717e-11
-3.1540684e-10
-8.2475008e-11
-4.2196631e-10
-1.0825766e-10
-5.6088596e-10
-1.4108028e-10
-7.4065917e-10
-1.824919e-10
-9.715123e-10
-2.3423242e-10
-1.2655648e-09
-2.9819532e-10
-1.6369249e-09
-3.7636574e-10
-2.1017234e-09
-4.7076529e-10
-2.6781792e-09
-5.8347619e-10
-3.3867455e-09
-7.1673654e-10
-8.7317068e-10
-4.2504735e-09
-6.0357949e-16
2.8988701e-25
-2.9138306e-15
1.067859e-24
-7.9578245e-15
2.2782581e-24
-1.7261954e-14
4.1276782e-24
-3.3076538e-14
6.8878679e-24
-5.8696931e-14
1.0931749e-23
-9.8921982e-14
1.676885e-23
-1.6070757e-13
2.5092231e-23
-2.5409847e-13
3.6834689e-23
-3.9354552e-13
5.3137295e-23
-5.9973656e-13
7.5613145e-23
-9.0215057e-13
1.0672328e-22
-1.3426213e-12
1.4978119e-22
-1.980245e-12
2.0953205e-22
-2.8980914e-12
2.9259779e-22
-4.2123002e-12
4.075116e-22
-6.0842908e-12
5.6402324e-22
-8.7369742e-12
7.7289032e-22
-1.247603e-11
1.0512559e-21
-1.7717489e-11
1.4402291e-21
-2.5023057e-11
2.0247345e-21
-3.5144791e-11
2.8968962e-21
-4.9080979e-11
3.9593362e-21
-6.8145303e-11
4.5490649e-21
-9.4051653e-11
3.1746145e-21
-1.2901717e-10
-2.201658e-21
-1.7588616e-10
-1.4194861e-20
-2.3827688e-10
-3.8200667e-20
-3.2075189e-10
-7.9283237e-20
-4.2900955e-10
-1.2133244e-19
-5.7008983e-10
-1.268176e-19
-7.5258173e-10
-7.9313442e-20
-9.8681415e-10
2.3144799e-20
-1.2850095e-09
1.5979969e-19
-1.6613752e-09
2.211242e-19
-2.1321405e-09
7.0366072e-20
-2.7156167e-09
-2.6393226e-19
-3.4323532e-09
-4.4362941e-19
-4.3055239e-09
-1.0740537e-19
1.2970507e-09
-1.8383949e-10
-4.3923707e-20
1.493226e-09
-1.9617527e-10
-7.5959798e-20
1.698105e-09
-2.0487899e-10
-3.653007e-20
1.9127659e-09
-2.1466092e-10
-7.2093019e-21
2.1367291e-09
-2.2396323e-10
-3.3268811e-20
2.3695606e-09
-2.328315e-10
3.4394311e-20
2.6105824e-09
-2.4102174e-10
6.1047998e-20
2.8586951e-09
-2.481127e-10
1.2495175e-19
3.1124079e-09
-2.537128e-10
2.7168593e-19
3.3697006e-09
-2.5729271e-10
4.9671252e-19
3.6279372e-09
-2.5823664e-10
8.0634926e-19
3.88374e-09
-2.5580274e-10
1.0473456e-18
4.1329758e-09
-2.4923587e-10
1.5164969e-18
4.369932e-09
-2.3695616e-10
1.4373154e-18
-2.2013912e-10
4.5900711e-09
1.8955278e-18
1.3389767e-09
-3.7284797e-10
1.5409238e-09
-3.981223e-10
1.7520355e-09
-4.1599072e-10
1.9734185e-09
-4.3604391e-10
2.2045361e-09
-4.5508086e-10
2.4449426e-09
-4.7323796e-10
2.6939101e-09
-4.8998928e-10
2.9502961e-09
-5.0449866e-10
3.2125435e-09
-5.1596017e-10
3.4785506e-09
-5.2329977e-10
3.7455814e-09
-5.2526748e-10
4.0101226e-09
-5.2034393e-10
4.2679015e-09
-5.070148e-10
4.5129759e-09
-4.8203049e-10
-4.478138e-10
4.7406505e-09
1.3857613e-09
-5.6767902e-10
1.5941749e-09
-6.0653586e-10
1.8123062e-09
-6.3412204e-10
2.0412415e-09
-6.6497923e-10
2.2803963e-09
-6.942357e-10
2.5292963e-09
-7.221379e-10
2.7871544e-09
-7.4784739e-10
3.05277e-09
-7.7011424e-10
3.3245029e-09
-7.8769312e-10
3.6001507e-09
-7.9894759e-10
3.8768558e-09
-8.0197256e-10
4.1509474e-09
-7.9443553e-10
4.417983e-09
-7.7405032e-10
4.6717834e-09
-7.3583094e-10
-6.8344512e-10
4.9074147e-09
1.4378957e-09
-7.6908575e-10
1.6535799e-09
-8.2222005e-10
1.8796333e-09
-8.6017542e-10
2.1170681e-09
-9.0241401e-10
2.3652631e-09
-9.4243068e-10
2.6236952e-09
-9.8057007e-10
2.8915089e-09
-1.0156611e-09
3.1674283e-09
-1.0460336e-09
3.4497116e-09
-1.0699764e-09
3.7360342e-09
-1.0852702e-09
4.0233924e-09
-1.0893308e-09
4.3079358e-09
-1.0789789e-09
4.5850172e-09
-1.0511317e-09
4.8482153e-09
-9.990291e-10
-9.274972e-10
5.0922674e-09
1.4957561e-09
-9.7790965e-10
1.7196267e-09
-1.0460907e-09
1.954617e-09
-1.0951657e-09
2.2016159e-09
-1.1494129e-09
2.4599724e-09
-1.2007872e-09
2.7290964e-09
-1.2496941e-09
3.0080522e-09
-1.2946168e-09
3.29547e-09
-1.3334515e-09
3.589486e-09
-1.3639924e-09
3.8876308e-09
-1.383415e-09
4.1867288e-09
-1.3884288e-09
4.4827254e-09
-1.3749755e-09
4.7707339e-09
-1.3391401e-09
5.0440816e-09
-1.2723768e-09
-1.1805044e-09
5.2970888e-09
1.5595475e-09
-1.1950682e-09
1.7926226e-09
-1.2791658e-09
2.0376738e-09
-1.3402169e-09
2.2954131e-09
-1.4071522e-09
2.565166e-09
-1.4705401e-09
2.8462596e-09
-1.5307877e-09
3.1376642e-09
-1.5860213e-09
3.4378962e-09
-1.6336835e-09
3.7449481e-09
-1.6710443e-09
4.0561818e-09
-1.6946487e-09
4.368223e-09
-1.7004699e-09
4.676788e-09
-1.6835405e-09
4.9767157e-09
-1.6390679e-09
5.26107e-09
-1.5567311e-09
-1.4431022e-09
5.5236677e-09
1.6292364e-09
-1.4215338e-09
1.8726185e-09
-1.5225479e-09
2.1289591e-09
-1.5965575e-09
2.3987146e-09
-1.6769077e-09
2.681203e-09
-1.7530285e-09
2.9756553e-09
-1.82524e-09
3.2809313e-09
-1.8912974e-09
3.5954129e-09
-1.9481651e-09
3.9169264e-09
-1.9925578e-09
4.2426405e-09
-2.0203628e-09
4.568956e-09
-2.0267854e-09
4.8913347e-09
-2.0059192e-09
5.204308e-09
-1.9520413e-09
5.5006614e-09
-1.8530844e-09
-1.7160658e-09
5.773625e-09
1.7044743e-09
-1.6583008e-09
1.9593272e-09
-1.7774008e-09
2.2282834e-09
-1.8655137e-09
2.5114095e-09
-1.9600338e-09
2.8080622e-09
-2.0496812e-09
3.1173638e-09
-2.1345415e-09
3.4380432e-09
-2.2119768e-09
3.7683258e-09
-2.2784477e-09
4.1058496e-09
-2.3300816e-09
4.4475665e-09
-2.3620797e-09
4.7896269e-09
-2.3688458e-09
5.1272139e-09
-2.3435062e-09
5.4545208e-09
-2.2793481e-09
5.7640382e-09
-2.1626019e-09
-2.000358e-09
6.0483305e-09
1.7845178e-09
-1.9063361e-09
2.0520481e-09
-2.0449312e-09
2.3350228e-09
-2.1484884e-09
2.6329237e-09
-2.2579346e-09
2.9452417e-09
-2.3619993e-09
3.2709714e-09
-2.4602712e-09
3.608686e-09
-2.5496914e-09
3.9564323e-09
-2.6261939e-09
4.3116381e-09
-2.6852875e-09
4.6710167e-09
-2.7214583e-09
5.0304454e-09
-2.7282745e-09
5.3848067e-09
-2.6978675e-09
5.7279282e-09
-2.6224697e-09
6.0519897e-09
-2.4866634e-09
-2.2971838e-09
6.3488155e-09
1.8684885e-09
-2.1668574e-09
2.1499483e-09
-2.3263909e-09
2.4480444e-09
-2.4465845e-09
2.7621212e-09
-2.5720114e-09
3.0916598e-09
-2.6915379e-09
3.4354705e-09
-2.8040819e-09
3.7919415e-09
-2.9061625e-09
4.1589192e-09
-2.9931715e-09
4.5336015e-09
-3.0599698e-09
4.9124437e-09
-3.1003005e-09
5.2910315e-09
-3.1068623e-09
5.6639283e-09
-3.0707642e-09
6.0245736e-09
-2.9831151e-09
6.3648205e-09
-2.8269103e-09
-2.6080506e-09
6.6756873e-09
1.9551436e-09
-2.4413828e-09
2.2515483e-09
-2.6227957e-09
2.5654746e-09
-2.7605108e-09
2.8972065e-09
-2.9037433e-09
3.2455695e-09
-3.0399009e-09
3.6091726e-09
-3.1676849e-09
3.9861999e-09
-3.2831898e-09
4.3742761e-09
-3.3812477e-09
4.7703519e-09
-3.4560457e-09
5.17061e-09
-3.5005586e-09
5.5703304e-09
-3.5065827e-09
5.9637446e-09
-3.4641784e-09
6.3438869e-09
-3.3632574e-09
6.7022708e-09
-3.1852942e-09
-2.9348318e-09
7.029052e-09
2.0411689e-09
-2.7306066e-09
2.3536043e-09
-2.9352311e-09
2.6848779e-09
-3.0917844e-09
3.0356909e-09
-3.2545562e-09
3.4044942e-09
-3.4087043e-09
3.7896461e-09
-3.5528368e-09
4.1890986e-09
-3.6826423e-09
4.600235e-09
-3.7923841e-09
5.0197451e-09
-3.8755557e-09
5.4435289e-09
-3.9243424e-09
5.866554e-09
-3.9296078e-09
6.2827135e-09
-3.8803379e-09
6.6846258e-09
-3.7651697e-09
7.0634559e-09
-3.5641243e-09
-3.2798289e-09
7.408453e-09
2.1229622e-09
-3.0346661e-09
2.4524473e-09
-3.2647162e-09
2.8029477e-09
-3.4422848e-09
3.174317e-09
-3.6259254e-09
3.5651919e-09
-3.7995792e-09
3.9736867e-09
-3.9613315e-09
4.3974968e-09
-4.1064525e-09
4.8337475e-09
-4.2286348e-09
5.2788584e-09
-4.3206666e-09
5.7284442e-09
-4.3739282e-09
6.1771599e-09
-4.3783235e-09
6.618562e-09
-4.32174e-09
7.0448493e-09
-4.191457e-09
7.4468354e-09
-3.9661104e-09
-3.6458271e-09
7.8128337e-09
2.1976189e-09
-3.3541089e-09
2.5447984e-09
-3.6118956e-09
2.9156586e-09
-3.8131451e-09
3.3090726e-09
-4.0193395e-09
3.7236686e-09
-4.2141753e-09
4.1573351e-09
-4.394998e-09
4.607497e-09
-4.5566144e-09
5.0710094e-09
-4.6921472e-09
5.544018e-09
-4.7936752e-09
6.0218564e-09
-4.8517666e-09
6.4988763e-09
-4.8553434e-09
6.9683072e-09
-4.7911709e-09
7.4219331e-09
-4.6450828e-09
7.850219e-09
-4.3943963e-09
-4.0361403e-09
8.2405322e-09
2.2609745e-09
-3.6894208e-09
2.6263283e-09
-3.9772494e-09
3.0184592e-09
-4.205276e-09
3.4352893e-09
-4.4361695e-09
3.8752474e-09
-4.6541334e-09
4.3359472e-09
-4.8556978e-09
4.81452e-09
-5.0351872e-09
5.3075394e-09
-5.1851666e-09
5.8108791e-09
-5.2970149e-09
6.3196042e-09
-5.3604917e-09
6.8277804e-09
-5.3635196e-09
7.3283296e-09
-5.2917201e-09
7.8126324e-09
-5.1293857e-09
8.2708167e-09
-4.8525806e-09
-4.4546373e-09
8.6893137e-09
2.308027e-09
-4.0408526e-09
2.6919126e-09
-4.361135e-09
3.1061802e-09
-4.6195436e-09
3.5477299e-09
-4.8777192e-09
4.0146848e-09
-5.1210883e-09
4.5043192e-09
-5.3453323e-09
5.0134357e-09
-5.5443037e-09
5.538314e-09
-5.7100448e-09
6.0745632e-09
-5.8332641e-09
6.6170001e-09
-5.9029286e-09
7.159431e-09
-5.9059505e-09
7.6944972e-09
-5.8267863e-09
8.2131957e-09
-5.6480842e-09
8.7053351e-09
-5.34472e-09
-4.9057464e-09
9.1564443e-09
2.33332e-09
-4.4085069e-09
2.7359684e-09
-4.7637834e-09
3.1731834e-09
-5.0567587e-09
3.6407332e-09
-5.345269e-09
4.136337e-09
-5.6166921e-09
4.6568647e-09
-5.86586e-09
5.1987462e-09
-6.0861852e-09
5.7579542e-09
-6.2692528e-09
6.3298458e-09
-6.4051557e-09
6.9090177e-09
-6.4821005e-09
7.4890512e-09
-6.4859841e-09
8.0623404e-09
-6.4000755e-09
8.6195248e-09
-6.2052686e-09
9.1501191e-09
-5.8753143e-09
-5.3944334e-09
9.6388061e-09
2.3310574e-09
-4.7924165e-09
2.7526383e-09
-5.1853642e-09
3.213568e-09
-5.5176884e-09
3.7084165e-09
-5.8401174e-09
4.2343734e-09
-6.1426491e-09
4.7878357e-09
-6.4193223e-09
5.3648122e-09
-6.6631616e-09
5.9609548e-09
-6.8653953e-09
6.5713865e-09
-7.0155874e-09
7.1905197e-09
-7.1012337e-09
7.8117511e-09
-7.1072155e-09
8.4272652e-09
-7.0155896e-09
9.0273747e-09
-6.8053782e-09
9.6013307e-09
-6.4492702e-09
-5.9261515e-09
1.0133049e-08
2.2952853e-09
-5.1926355e-09
2.7360269e-09
-5.6261058e-09
3.2214179e-09
-6.0030794e-09
3.7449209e-09
-6.3636205e-09
4.3030238e-09
-6.700752e-09
4.891574e-09
-7.0078725e-09
5.5061057e-09
-7.2776933e-09
6.1419374e-09
-7.501227e-09
6.7939819e-09
-7.6676319e-09
7.4565088e-09
-7.7637606e-09
8.1227741e-09
-7.7734809e-09
8.7847904e-09
-7.6776059e-09
9.4325766e-09
-7.4531644e-09
1.0055154e-08
-7.0718473e-09
-6.5067645e-09
1.0635767e-08
2.2200663e-09
-5.6093043e-09
2.6804471e-09
-6.0864865e-09
3.1910697e-09
-6.513702e-09
3.7446736e-09
-6.9172244e-09
4.3368405e-09
-7.2929189e-09
4.962772e-09
-7.6338041e-09
5.6174706e-09
-7.9323919e-09
6.2959104e-09
-8.1796669e-09
6.9928238e-09
-8.3645453e-09
7.7023827e-09
-8.4733194e-09
8.4177467e-09
-8.4888449e-09
9.130789e-09
-8.3906482e-09
9.8312676e-09
-8.153643e-09
1.0508006e-08
-7.7485861e-09
-7.1424465e-09
1.1143688e-08
2.099541e-09
-6.0425624e-09
2.580548e-09
-6.5674935e-09
3.1173223e-09
-7.0504763e-09
3.7026185e-09
-7.5025207e-09
4.3309391e-09
-7.9212395e-09
4.9967186e-09
-8.2995836e-09
5.6943685e-09
-8.6300417e-09
6.4185133e-09
-8.9038117e-09
7.1637409e-09
-9.1097729e-09
7.9241725e-09
-9.2337511e-09
8.692911e-09
-9.2575834e-09
9.4617125e-09
-9.1594496e-09
1.0220105e-08
-8.9120353e-09
1.0956744e-08
-8.4852253e-09
-7.8395619e-09
1.1653859e-08
1.9283192e-09
-6.492345e-09
2.4314394e-09
-7.0706137e-09
2.9956397e-09
-7.6146766e-09
3.6144489e-09
-8.1213299e-09
4.2812352e-09
-8.5880257e-09
4.9895316e-09
-9.00788e-09
5.7331044e-09
-9.3736146e-09
6.5062352e-09
-9.6769424e-09
7.3034113e-09
-9.906949e-09
8.118749e-09
-1.0049089e-08
8.9453237e-09
-1.0084158e-08
9.7747809e-09
-9.9889067e-09
1.0596447e-08
-9.7337014e-09
1.1398829e-08
-9.2876073e-09
-8.6045351e-09
1.2163802e-08
1.7032323e-09
-6.9586835e-09
2.2301107e-09
-7.597492e-09
2.8231369e-09
-8.2077028e-09
3.4772487e-09
-8.7754417e-09
4.1848545e-09
-9.2956315e-09
4.9384339e-09
-9.7614595e-09
5.7310324e-09
-1.0166213e-08
6.5565861e-09
-1.0502496e-08
7.4095176e-09
-1.075988e-08
8.2839674e-09
-1.0923539e-08
9.1729938e-09
-1.0973185e-08
1.0068113e-08
-1.0884026e-08
1.0958486e-08
-1.0624075e-08
1.1832445e-08
-1.0161566e-08
-9.4437355e-09
1.2671645e-08
1.429093e-09
-7.4452982e-09
1.9789678e-09
-8.1473668e-09
2.6005346e-09
-8.8292697e-09
3.2904484e-09
-9.4653554e-09
4.0405229e-09
-1.0045706e-08
4.8418766e-09
-1.0562813e-08
5.6865759e-09
-1.1010912e-08
6.5680884e-09
-1.1384009e-08
7.4807359e-09
-1.1672528e-08
8.4186637e-09
-1.1861466e-08
9.3748858e-09
-1.1929407e-08
1.0340748e-08
-1.1849888e-08
1.1305256e-08
-1.1588583e-08
1.2256668e-08
-1.1112978e-08
1.3175945e-08
-1.0363012e-08
4.6700127e-09
-7.9941563e-11
6.9413779e-19
4.7520739e-09
-8.2061232e-11
2.1645577e-18
4.83439e-09
-8.2316149e-11
-1.2721762e-18
4.9162261e-09
-8.1836092e-11
-2.2536594e-19
4.9974733e-09
-8.1247186e-11
-6.432477e-19
5.0775242e-09
-8.0050881e-11
-1.0137154e-18
5.1561243e-09
-7.8600123e-11
-6.0581007e-20
5.2330045e-09
-7.6880168e-11
-9.7066552e-20
5.3078345e-09
-7.4830048e-11
-1.0606767e-18
5.380643e-09
-7.2808447e-11
-1.1639999e-18
5.4506715e-09
-7.0028527e-11
7.9114613e-18
5.519236e-09
-6.8564424e-11
-3.4328161e-17
5.5819761e-09
-6.2740173e-11
5.3190355e-17
5.6503415e-09
-6.8365399e-11
-7.7740284e-18
-4.5965941e-11
-4.059798e-17
4.8218136e-09
-1.6110462e-10
4.9052439e-09
-1.6549162e-10
4.9890377e-09
-1.6610989e-10
5.0724594e-09
-1.6525781e-10
5.1553704e-09
-1.641582e-10
5.2371515e-09
-1.6183206e-10
5.3175271e-09
-1.589757e-10
5.3962122e-09
-1.5556525e-10
5.4728604e-09
-1.5147831e-10
5.5474878e-09
-1.4743586e-10
5.6193148e-09
-1.4185556e-10
5.6896732e-09
-1.3892289e-10
5.7540999e-09
-1.2716674e-10
5.8242903e-09
-1.3855592e-10
-9.3203045e-11
4.9884677e-09
-2.4215758e-10
5.0719916e-09
-2.4901554e-10
5.1561374e-09
-2.5025564e-10
5.2401415e-09
-2.4926198e-10
5.3238324e-09
-2.4784908e-10
5.406575e-09
-2.4457462e-10
5.4880605e-09
-2.4046128e-10
5.5679796e-09
-2.3548433e-10
5.6459604e-09
-2.2945906e-10
5.7219953e-09
-2.2347081e-10
5.7952775e-09
-2.1513777e-10
5.8671408e-09
-2.1078618e-10
5.9330268e-09
-1.9305278e-10
6.0048084e-09
-2.1033754e-10
-1.4157331e-10
5.1716976e-09
-3.2158782e-10
5.25386e-09
-3.3117792e-10
5.3370681e-09
-3.3346369e-10
5.4204987e-09
-3.3269264e-10
5.5039476e-09
-3.31298e-10
5.5867583e-09
-3.273853e-10
5.6685777e-09
-3.2228066e-10
5.7490621e-09
-3.1596872e-10
5.8278038e-09
-3.0820075e-10
5.9047604e-09
-3.0042744e-10
5.9790896e-09
-2.8946693e-10
6.0521133e-09
-2.8380991e-10
6.1191827e-09
-2.601222e-10
6.1922778e-09
-2.8343264e-10
-1.9090823e-10
5.3732231e-09
-3.9772206e-10
5.4524141e-09
-4.1036889e-10
5.5332415e-09
-4.1429113e-10
5.6147996e-09
-4.1425069e-10
5.6968511e-09
-4.1334952e-10
5.7787141e-09
-4.0924831e-10
5.85998e-09
-4.0354657e-10
5.9402614e-09
-3.9625015e-10
6.019104e-09
-3.8704338e-10
6.0964186e-09
-3.77742e-10
6.1713185e-09
-3.6436685e-10
6.2450983e-09
-3.5758964e-10
6.3130237e-09
-3.280476e-10
6.3871055e-09
-3.5751445e-10
-2.4101061e-10
5.5947103e-09
-4.6876468e-10
5.6691982e-09
-4.8485682e-10
5.7460719e-09
-4.9116484e-10
5.8243318e-09
-4.9251052e-10
5.9037078e-09
-4.9272556e-10
5.9834914e-09
-4.8903194e-10
6.0632089e-09
-4.8326406e-10
6.1424204e-09
-4.7546167e-10
6.2206149e-09
-4.6523786e-10
6.297644e-09
-4.5477105e-10
6.3725681e-09
-4.39291e-10
6.4466362e-09
-4.3165777e-10
6.5150351e-09
-3.9644647e-10
6.5897247e-09
-4.3220405e-10
-2.9165467e-10
5.8377108e-09
-5.3285048e-10
5.9056881e-09
-5.5283417e-10
5.9769385e-09
-5.6241524e-10
6.0503737e-09
-5.6594567e-10
6.1256917e-09
-5.6804359e-10
6.2021607e-09
-5.6550096e-10
6.279235e-09
-5.6033835e-10
6.3564155e-09
-5.526422e-10
6.4331256e-09
-5.4194796e-10
6.5091462e-09
-5.3079167e-10
6.5834767e-09
-5.1362143e-10
6.6573001e-09
-5.0548117e-10
6.7257318e-09
-4.6487818e-10
6.8006028e-09
-5.0707503e-10
-3.4259319e-10
6.1035922e-09
-5.8811217e-10
6.1632344e-09
-6.1247636e-10
6.227141e-09
-6.2632186e-10
6.2941596e-09
-6.3296429e-10
6.3639592e-09
-6.3784315e-10
6.4357938e-09
-6.3733557e-10
6.5090434e-09
-6.3358798e-10
6.5831462e-09
-6.26745e-10
6.6574537e-09
-6.1625544e-10
6.7316661e-09
-6.0500409e-10
6.8047142e-09
-5.8666951e-10
6.8776931e-09
-5.7846005e-10
6.9456589e-09
-5.3284405e-10
7.0202432e-09
-5.8165925e-10
-3.9355886e-10
6.3934644e-09
-6.3276112e-10
6.4430009e-09
-6.6201287e-10
6.4978498e-09
-6.8117071e-10
6.5568402e-09
-6.9195469e-10
6.6196181e-09
-7.0062103e-10
6.6854403e-09
-7.0315779e-10
6.7536163e-09
-7.0176396e-10
6.8235223e-09
-6.9665107e-10
6.8944358e-09
-6.871689e-10
6.9659687e-09
-6.7653706e-10
7.036978e-09
-6.5767876e-10
7.1084461e-09
-6.4992818e-10
7.1753883e-09
-5.997862e-10
7.2491722e-09
-6.5544319e-10
-4.442587e-10
6.7081046e-09
-6.6517836e-10
6.7459001e-09
-6.9980842e-10
6.7900519e-09
-7.2532248e-10
6.8394379e-09
-7.413407e-10
6.8936924e-09
-7.5487552e-10
6.9521e-09
-7.6156539e-10
7.0139113e-09
-7.6357527e-10
7.078448e-09
-7.6118774e-10
7.1449159e-09
-7.5363685e-10
7.2128356e-09
-7.4445672e-10
7.2809871e-09
-7.2583025e-10
7.3502141e-09
-7.1915524e-10
7.4155161e-09
-6.6508821e-10
7.487943e-09
-7.2787003e-10
-4.9437377e-10
7.0478849e-09
-6.8401127e-10
7.0725273e-09
-7.2445082e-10
7.1044944e-09
-7.5728955e-10
7.1427994e-09
-7.7964573e-10
7.187083e-09
-7.9915904e-10
7.2366912e-09
-8.1117367e-10
7.2908373e-09
-8.177213e-10
7.3488026e-09
-8.1915308e-10
7.4097314e-09
-8.1456561e-10
7.4730539e-09
-8.0777926e-10
7.5374746e-09
-7.9025098e-10
7.6036718e-09
-7.8535241e-10
7.6666733e-09
-7.2808967e-10
7.7371461e-09
-7.9834285e-10
-5.4354757e-10
7.4127112e-09
-6.8826949e-10
7.4231007e-09
-7.3484034e-10
7.4416295e-09
-7.7581836e-10
7.4675471e-09
-8.0556327e-10
7.5005261e-09
-8.3213804e-10
7.5400167e-09
-8.5066432e-10
7.5852262e-09
-8.6293079e-10
7.6354192e-09
-8.6934615e-10
7.6896958e-09
-8.6884219e-10
7.7474043e-09
-8.6548772e-10
7.8071788e-09
-8.5002545e-10
7.8695112e-09
-8.4768481e-10
7.9295169e-09
-7.8809543e-10
7.9973911e-09
-8.6621701e-10
-5.9138872e-10
7.8019762e-09
-6.7741202e-10
7.79741e-09
-7.3027416e-10
7.801564e-09
-7.7997232e-10
7.8140313e-09
-8.1803056e-10
7.8345512e-09
-8.5265803e-10
7.8627272e-09
-8.7884027e-10
7.8978033e-09
-8.9800689e-10
7.9390602e-09
-9.1060307e-10
7.9855803e-09
-9.1536233e-10
8.036646e-09
-9.1655336e-10
8.0908315e-09
-9.0421099e-10
8.1484291e-09
-9.0528237e-10
8.2047095e-09
-8.4437581e-10
8.2692908e-09
-9.3079834e-10
-6.3748017e-10
8.2145371e-09
-6.5141697e-10
8.1947813e-09
-7.1051829e-10
8.184018e-09
-7.6920908e-10
8.1822885e-09
-8.1630103e-10
8.189441e-09
-8.5981053e-10
8.2052852e-09
-8.9468447e-10
8.2291555e-09
-9.2187715e-10
8.2603907e-09
-9.4183828e-10
8.2980919e-09
-9.5306362e-10
8.3415e-09
-9.5996143e-10
8.3891461e-09
-9.5185703e-10
8.4411217e-09
-9.5725799e-10
8.4929281e-09
-8.9618225e-10
8.5534754e-09
-9.9134561e-10
-6.8136433e-10
8.6487215e-09
-6.1082473e-10
8.6140623e-09
-6.7585909e-10
8.5882984e-09
-7.4344521e-10
8.5720076e-09
-8.000102e-10
8.565195e-09
-8.5299792e-10
8.5679304e-09
-8.974199e-10
8.5796998e-09
-9.3364659e-10
8.5999513e-09
-9.6208981e-10
8.6278507e-09
-9.8096296e-10
8.6626306e-09
-9.9474139e-10
8.7028039e-09
-9.9203028e-10
8.7482833e-09
-1.0027374e-09
8.7948595e-09
-9.4275846e-10
8.8505848e-09
-1.0470709e-09
-7.2254781e-10
9.1023667e-09
-5.567472e-10
9.0536345e-09
-6.2712684e-10
9.01329e-09
-7.0310076e-10
8.9825086e-09
-7.6922876e-10
8.9615019e-09
-8.319912e-10
8.9506489e-09
-8.8656698e-10
8.9496536e-09
-9.3265128e-10
8.958131e-09
-9.7056721e-10
8.9753657e-09
-9.9819768e-10
9.0006253e-09
-1.0200009e-09
9.0324404e-09
-1.0238454e-09
9.0705834e-09
-1.0408804e-09
9.1111725e-09
-9.8334756e-10
9.1612558e-09
-1.0971542e-09
-7.6051443e-10
9.5728962e-09
-4.9083735e-10
9.5114547e-09
-5.6568533e-10
9.4574707e-09
-6.4911672e-10
9.4127388e-09
-7.2449687e-10
9.377723e-09
-7.9697541e-10
9.3531503e-09
-8.6199432e-10
9.3390084e-09
-9.1850931e-10
9.3351408e-09
-9.6669961e-10
9.3410116e-09
-1.0040685e-09
9.3559736e-09
-1.034963e-09
9.3786235e-09
-1.0464952e-09
9.4086397e-09
-1.0708966e-09
9.4425021e-09
-1.01721e-09
9.4861166e-09
-1.1407687e-09
-7.9473318e-10
1.0057429e-08
-4.1521766e-10
9.985128e-09
-4.9338431e-10
9.9189515e-09
-5.8294023e-10
9.8612885e-09
-6.6683384e-10
9.8128901e-09
-7.4857705e-10
9.7748538e-09
-8.2395794e-10
9.7475098e-09
-8.9116532e-10
9.7309913e-09
-9.5018121e-10
9.7250057e-09
-9.9808282e-10
9.7290471e-09
-1.0390044e-09
9.7418354e-09
-1.0592835e-09
9.7630109e-09
-1.0920721e-09
9.7894484e-09
-1.0436475e-09
9.8257792e-09
-1.1770995e-09
-8.2466827e-10
1.0552919e-08
-3.3237018e-10
1.047201e-08
-4.1247505e-10
1.0395544e-08
-5.0647427e-10
1.0326429e-08
-5.9771898e-10
1.0265721e-08
-6.878688e-10
1.0214887e-08
-7.731242e-10
1.0174646e-08
-8.5092446e-10
1.0145476e-08
-9.2101092e-10
1.0127389e-08
-9.7999531e-10
1.0120079e-08
-1.0316947e-09
1.0122453e-08
-1.0616581e-09
1.0134181e-08
-1.1037994e-09
1.0152562e-08
-1.0620288e-09
1.0180829e-08
-1.2053663e-09
-8.4979098e-10
1.1056315e-08
-2.4499663e-10
1.0969334e-08
-3.2549366e-10
1.0884852e-08
-4.2199284e-10
1.0806175e-08
-5.1904154e-10
1.0734654e-08
-6.1634782e-10
1.0672102e-08
-7.1057241e-10
1.0619649e-08
-7.9847174e-10
1.0578161e-08
-8.7952253e-10
1.0548009e-08
-9.4984348e-10
1.0529147e-08
-1.0128326e-09
1.0520733e-08
-1.0532442e-09
1.0522542e-08
-1.1056088e-09
1.0532331e-08
-1.0718178e-09
1.0551813e-08
-1.2248482e-09
-8.6959366e-10
1.1564725e-08
-1.5586187e-10
1.1474352e-08
-2.3512054e-10
1.1384385e-08
-3.3202605e-10
1.1298364e-08
-4.3302061e-10
1.1217902e-08
-5.3588632e-10
1.1145104e-08
-6.3777378e-10
1.1081505e-08
-7.34873e-10
1.1028384e-08
-8.2640174e-10
1.0986515e-08
-9.0797464e-10
1.095616e-08
-9.8247772e-10
1.093679e-08
-1.033874e-09
1.0928381e-08
-1.0971994e-09
1.0929168e-08
-1.0726054e-09
1.0939231e-08
-1.2349105e-09
-8.8360442e-10
1.2075576e-08
-6.7635325e-11
1.1984485e-08
-1.4403007e-10
1.1891682e-08
-2.3922299e-10
1.1800761e-08
-3.4209935e-10
1.171353e-08
-4.4865538e-10
1.1632302e-08
-5.5654549e-10
1.1558984e-08
-6.615548e-10
1.1495269e-08
-7.6268686e-10
1.1442355e-08
-8.5506132e-10
1.1400853e-08
-9.4097493e-10
1.137059e-08
-1.0036113e-09
1.1351791e-08
-1.0784006e-09
1.1343303e-08
-1.0641177e-09
1.1343502e-08
-1.2351096e-09
-8.9142195e-10
1.2586742e-08
1.7267652e-11
1.249747e-08
-5.4757297e-11
1.2404445e-08
-1.4619847e-10
1.2311168e-08
-2.4882176e-10
1.2219539e-08
-3.5702662e-10
1.2131974e-08
-4.6898052e-10
1.2050681e-08
-5.8026193e-10
1.1977745e-08
-6.8975058e-10
1.1914785e-08
-7.9210209e-10
1.1862778e-08
-8.8896796e-10
1.182194e-08
-9.6277235e-10
1.1792711e-08
-1.0491724e-09
1.1774799e-08
-1.0462052e-09
1.1764934e-08
-1.2252443e-09
-8.927777e-10
1.3096866e-08
9.6346526e-11
1.3011401e-08
3.0706945e-11
1.2920656e-08
-5.545266e-11
1.2827546e-08
-1.5571186e-10
1.2733967e-08
-2.6344768e-10
1.2642346e-08
-3.7735988e-10
1.2555076e-08
-4.9299213e-10
1.2474589e-08
-6.0926312e-10
1.2402888e-08
-7.2040109e-10
1.2341329e-08
-8.2740863e-10
1.2290497e-08
-9.1194088e-10
1.2251059e-08
-1.0097341e-09
1.2223648e-08
-1.0187944e-09
1.2203739e-08
-1.2053354e-09
-8.8745791e-10
7.4315049e-10
-1.0962363e-08
1.0895452e-08
8.1392158e-10
-1.834675e-08
1.8275979e-08
8.1304472e-10
-3.0438888e-08
3.0439765e-08
6.454755e-10
-4.9949958e-08
5.0117527e-08
2.393818e-10
-8.1364779e-08
8.1770873e-08
-4.7539795e-10
-1.3228682e-07
1.330016e-07
-1.6672908e-09
-2.1511411e-07
2.16306e-07
-3.7002485e-09
-3.4968999e-07
3.5172295e-07
-5.6666498e-07
5.7018764e-07
1.8212789e-10
-1.0912138e-08
4.0102971e-11
-1.8204725e-08
-2.958212e-10
-3.0102964e-08
-9.7766775e-10
-4.9268112e-08
-2.1786619e-09
-8.0163785e-08
-4.1609642e-09
-1.3030452e-07
-7.4079998e-09
-2.1186707e-07
-1.2770359e-08
-3.4432763e-07
-5.5783617e-07
-4.0055319e-10
-1.0737333e-08
-7.4667887e-10
-1.7858599e-08
-1.4059738e-09
-2.9443669e-08
-2.584714e-09
-4.8089371e-08
-4.5617348e-09
-7.8186764e-08
-7.7913677e-09
-1.2707488e-07
-1.3063162e-08
-2.0659528e-07
-2.1703141e-08
-3.3568765e-07
-5.4377189e-07
-9.8931065e-10
-1.0439817e-08
-1.5324899e-09
-1.731542e-08
-2.5008422e-09
-2.8475316e-08
-4.156615e-09
-4.6433599e-08
-6.8862163e-09
-7.5457163e-08
-1.1331006e-08
-1.2263009e-07
-1.8574653e-08
-1.9935163e-07
-3.0405956e-08
-3.2385635e-07
-5.2458664e-07
-1.5725989e-09
-1.002402e-08
-2.3037339e-09
-1.6584285e-08
-3.5651612e-09
-2.7213889e-08
-5.6760301e-09
-4.432273e-08
-9.1294639e-09
-7.2003729e-08
-1.4746098e-08
-1.1701346e-07
-2.3890522e-08
-1.9020721e-07
-3.8797693e-08
-3.0894918e-07
-5.0044693e-07
-2.1404798e-09
-9.495868e-09
-3.0487284e-09
-1.5676037e-08
-4.5856752e-09
-2.5676942e-08
-7.1272111e-09
-4.1781194e-08
-1.1269906e-08
-6.7861035e-08
-1.8004224e-08
-1.1027914e-07
-2.8961043e-08
-1.7925039e-07
-4.679977e-08
-2.9111045e-07
-4.7156922e-07
-2.6839655e-09
-8.8625874e-09
-3.7571129e-09
-1.4602889e-08
-5.5505857e-09
-2.3883469e-08
-8.4956181e-09
-3.8836161e-08
-1.3287052e-08
-6.3069601e-08
-2.1074453e-08
-1.0249174e-07
-3.3738895e-08
-1.6658595e-07
-5.4338133e-08
-2.7051122e-07
-4.3821862e-07
-3.1950307e-09
-8.132439e-09
-4.4197167e-09
-1.3378203e-08
-6.4493135e-09
-2.1853873e-08
-9.7677973e-09
-3.5517678e-08
-1.5161611e-08
-5.7675787e-08
-2.392758e-08
-9.3725772e-08
-3.8179401e-08
-1.5233412e-07
-6.1341913e-08
-2.473487e-07
-4.0070502e-07
-3.6665747e-09
-7.3144692e-09
-5.0284686e-09
-1.2016309e-08
-7.2723818e-09
-1.9609959e-08
-1.0931387e-08
-3.1858673e-08
-1.6875664e-08
-5.173151e-08
-2.6536284e-08
-8.4065152e-08
-4.2239644e-08
-1.3663076e-07
-6.7747784e-08
-2.2184056e-07
-3.5938256e-07
-4.0923914e-09
-6.4183665e-09
-5.5763123e-09
-1.0532388e-08
-8.0113528e-09
-1.7174919e-08
-1.1975168e-08
-2.7894858e-08
-1.8412849e-08
-4.5293829e-08
-2.8875504e-08
-7.3602496e-08
-4.588255e-08
-1.1962372e-07
-7.3497321e-08
-1.9422579e-07
-3.1464531e-07
-4.4671286e-09
-5.4543554e-09
-6.0571398e-09
-8.9423774e-09
-8.6587976e-09
-1.4573261e-08
-1.2889135e-08
-2.3664521e-08
-1.9758595e-08
-3.8424369e-08
-3.0921774e-08
-6.2439317e-08
-4.9066645e-08
-1.0147885e-07
-7.8529634e-08
-1.647628e-07
-2.6691469e-07
-4.7862495e-09
-4.4331022e-09
-6.4657477e-09
-7.2628792e-09
-9.2082939e-09
-1.1830715e-08
-1.366453e-08
-1.9208284e-08
-2.0900304e-08
-3.1188595e-08
-3.2658224e-08
-5.0681397e-08
-5.1768555e-08
-8.2368517e-08
-8.2797894e-08
-1.3373346e-07
-2.1664263e-07
-5.0460039e-09
-3.365632e-09
-6.7978122e-09
-5.5110708e-09
-9.654442e-09
-8.974085e-09
-1.4293928e-08
-1.4568798e-08
-2.1827094e-08
-2.365543e-08
-3.4068479e-08
-3.8440012e-08
-5.3964263e-08
-6.2472733e-08
-8.6265911e-08
-1.0143182e-07
-1.6431041e-07
-5.2434093e-09
-2.2632538e-09
-7.0498771e-09
-3.7046031e-09
-9.9928862e-09
-6.0310759e-09
-1.4771305e-08
-9.7903795e-09
-2.2530033e-08
-1.5896702e-08
-3.5138081e-08
-2.5831964e-08
-5.5629511e-08
-4.1981303e-08
-8.8896955e-08
-6.8164371e-08
-1.1041583e-07
-5.3762384e-09
-1.1374888e-09
-7.2193497e-09
-1.8614918e-09
-1.0220337e-08
-3.0300889e-09
-1.509209e-08
-4.918626e-09
-2.3002378e-08
-7.9864136e-09
-3.5856574e-08
-1.2977769e-08
-5.6747033e-08
-2.1090844e-08
-9.0664526e-08
-3.4246878e-08
-5.5470587e-08
-5.4430128e-09
4.2335718e-19
-7.3045045e-09
1.0079002e-18
-1.0334593e-08
4.0154584e-20
-1.5253219e-08
6.7219956e-19
-2.3239633e-08
-1.6788197e-19
-3.6217402e-08
-2.4716879e-18
-5.7308246e-08
2.8987785e-18
-9.1555124e-08
-9.1359598e-18
-9.9122657e-18
1.097771e-08
-7.5275555e-09
1.1043766e-08
-8.2134228e-09
1.1078585e-08
-8.8640886e-09
1.1083788e-08
-9.470559e-09
1.1062079e-08
-1.0023997e-08
1.1017302e-08
-1.0518036e-08
1.0954567e-08
-1.0948177e-08
1.0878895e-08
-1.1308337e-08
1.0794305e-08
-1.1587938e-08
1.0703425e-08
-1.1770587e-08
1.0607929e-08
-1.183391e-08
1.0508904e-08
-1.1750863e-08
1.0407565e-08
-1.1487244e-08
1.030647e-08
-1.1011883e-08
-1.026004e-08
1.0203497e-08
1.840732e-08
-7.6588969e-09
1.847234e-08
-8.2784428e-09
1.8476559e-08
-8.8683072e-09
1.842834e-08
-9.4223402e-09
1.8338832e-08
-9.9344893e-09
1.8219191e-08
-1.0398394e-08
1.8079684e-08
-1.080867e-08
1.792751e-08
-1.1156163e-08
1.7767183e-08
-1.1427611e-08
1.7601039e-08
-1.1604442e-08
1.7430476e-08
-1.1663348e-08
1.7256498e-08
-1.1576884e-08
1.7081771e-08
-1.1312517e-08
1.6907365e-08
-1.0837477e-08
-1.0091176e-08
1.6738502e-08
3.0541618e-08
-7.7607504e-09
3.0549389e-08
-8.2862135e-09
3.0480339e-08
-8.7992571e-09
3.0348564e-08
-9.2905655e-09
3.0168771e-08
-9.7546967e-09
2.9955093e-08
-1.0184716e-08
2.9717284e-08
-1.0570862e-08
2.9461766e-08
-1.0900645e-08
2.9192418e-08
-1.1158262e-08
2.8911868e-08
-1.1323892e-08
2.8622844e-08
-1.1374324e-08
2.8329113e-08
-1.1283153e-08
2.8036017e-08
-1.1019421e-08
2.7746039e-08
-1.0547499e-08
-9.8179929e-09
2.7472855e-08
5.0093128e-08
-7.7363511e-09
4.9985489e-08
-8.1785743e-09
4.9806142e-08
-8.61991e-09
4.9566778e-08
-9.0512015e-09
4.9276865e-08
-9.4647839e-09
4.8943459e-08
-9.8513104e-09
4.8572074e-08
-1.0199477e-08
4.8168646e-08
-1.0497217e-08
4.7738461e-08
-1.0728078e-08
4.7288171e-08
-1.0873601e-08
4.6824933e-08
-1.0911086e-08
4.6356902e-08
-1.0815122e-08
4.5892064e-08
-1.0554583e-08
4.5438341e-08
-1.0093776e-08
-9.3918717e-09
4.501222e-08
8.1507673e-08
-7.4731512e-09
8.1184922e-08
-7.8558235e-09
8.0803861e-08
-8.2388487e-09
8.0367e-08
-8.6143399e-09
7.9877265e-08
-8.975049e-09
7.9338581e-08
-9.312627e-09
7.8756156e-08
-9.6170516e-09
7.8135107e-08
-9.8761678e-09
7.7482196e-08
-1.0075166e-08
7.6805188e-08
-1.0196594e-08
7.6113743e-08
-1.0219641e-08
7.5418184e-08
-1.0119562e-08
7.4730218e-08
-9.8666176e-09
7.4063699e-08
-9.4272569e-09
-8.7636541e-09
7.3435481e-08
1.3235679e-07
-6.8283432e-09
1.3166071e-07
-7.1597431e-09
1.3091183e-07
-7.4899708e-09
1.301105e-07
-7.8130104e-09
1.2925813e-07
-8.1226723e-09
1.2835718e-07
-8.4116762e-09
1.2741127e-07
-8.6711443e-09
1.2642539e-07
-8.8902851e-09
1.2540632e-07
-9.0560988e-09
1.2436273e-07
-9.1530031e-09
1.2330549e-07
-9.1624082e-09
1.222482e-07
-9.0622699e-09
1.2120821e-07
-8.8266273e-09
1.2020608e-07
-8.4251248e-09
-7.8222267e-09
1.1926465e-07
2.1508426e-07
-5.6066028e-09
2.1379779e-07
-5.8732762e-09
2.1244578e-07
-6.1379623e-09
2.11029e-07
-6.3962256e-09
2.0954947e-07
-6.6431439e-09
2.0801063e-07
-6.8728358e-09
2.0641763e-07
-7.0781401e-09
2.0477771e-07
-7.2503701e-09
2.0310067e-07
-7.3790619e-09
2.0139935e-07
-7.4516789e-09
1.9969022e-07
-7.4532739e-09
1.9799406e-07
-7.3661131e-09
1.9633669e-07
-7.1692627e-09
1.9474974e-07
-6.8381742e-09
-6.3441486e-09
1.9327167e-07
3.4961079e-07
-3.4944393e-09
3.4739734e-07
-3.6598298e-09
3.4508313e-07
-3.8237538e-09
3.4267047e-07
-3.9835607e-09
3.4016355e-07
-4.1362224e-09
3.3756881e-07
-4.2780971e-09
3.3489542e-07
-4.4047528e-09
3.3215587e-07
-4.5108182e-09
3.2936663e-07
-4.5898245e-09
3.2654897e-07
-4.6340217e-09
3.2372987e-07
-4.6341684e-09
3.2094305e-07
-4.5792975e-09
3.1823025e-07
-4.4564595e-09
3.1564252e-07
-4.2504451e-09
-3.9435151e-09
3.1324189e-07
5.666932e-07
5.6303337e-07
5.5920961e-07
5.5522605e-07
5.5108983e-07
5.4681173e-07
5.4240698e-07
5.3789616e-07
5.3330634e-07
5.2867232e-07
5.2403815e-07
5.1945885e-07
5.1500239e-07
5.1075195e-07
5.0680843e-07
1.0149687e-08
1.5015675e-10
1.0088647e-08
9.1747034e-11
1.0023635e-08
9.5598474e-12
9.9555021e-09
-8.757946e-11
9.8856344e-09
-1.9357994e-10
9.8158484e-09
-3.0757393e-10
9.7479435e-09
-4.2508716e-10
9.6839308e-09
-5.4525045e-10
9.6255083e-09
-6.6197863e-10
9.5739549e-09
-7.7585518e-10
9.5298778e-09
-8.6786378e-10
9.4940501e-09
-9.7390642e-10
9.467335e-09
-9.9207935e-10
9.446032e-09
-1.1840324e-09
-8.789506e-10
1.6658322e-08
2.3033696e-10
1.6571433e-08
1.7863597e-10
1.6474854e-08
1.061389e-10
1.6371608e-08
1.5666065e-11
1.6263667e-08
-8.5639193e-11
1.6153203e-08
-1.9710973e-10
1.6043208e-08
-3.1509225e-10
1.5937058e-08
-4.3910031e-10
1.5837829e-08
-5.6274956e-10
1.574767e-08
-6.8569621e-10
1.5668387e-08
-7.8858081e-10
1.5600697e-08
-9.0621573e-10
1.5548357e-08
-9.3973971e-10
1.5502346e-08
-1.138022e-09
-8.58703e-10
2.7372051e-08
3.3114157e-10
2.7260315e-08
2.9037175e-10
2.7131907e-08
2.3454712e-10
2.6988788e-08
1.5878437e-10
2.6834168e-08
6.8980733e-11
2.666979e-08
-3.2731058e-11
2.6499954e-08
-1.4525627e-10
2.6330232e-08
-2.6937894e-10
2.6165848e-08
-3.9836514e-10
2.6010183e-08
-5.3003105e-10
2.586803e-08
-6.4642863e-10
2.5738993e-08
-7.7717829e-10
2.5634784e-08
-8.3553099e-10
2.5533721e-08
-1.0369591e-09
-8.1136285e-10
4.4922582e-08
4.2077953e-10
4.4811856e-08
4.0109797e-10
4.4677282e-08
3.6912056e-10
4.4516555e-08
3.1951197e-10
4.4331352e-08
2.5418302e-10
4.4121527e-08
1.7709374e-10
4.3891714e-08
8.4557517e-11
4.3649776e-08
-2.7441213e-11
4.3402202e-08
-1.5079163e-10
4.3153772e-08
-2.8160108e-10
4.2913697e-08
-4.0635287e-10
4.2680474e-08
-5.4395599e-10
4.2478948e-08
-6.3400483e-10
4.2267255e-08
-8.2526613e-10
-7.0167095e-10
7.3401009e-08
4.5525223e-10
7.3342358e-08
4.5974825e-10
7.325644e-08
4.5503896e-10
7.3138978e-08
4.3697352e-10
7.2988704e-08
4.0445722e-10
7.2804115e-08
3.6168255e-10
7.2583948e-08
3.0472441e-10
7.2327828e-08
2.2867933e-10
7.2040847e-08
1.3618903e-10
7.1727024e-08
3.2222518e-11
7.1395569e-08
-7.4898639e-11
7.1046338e-08
-1.9472472e-10
7.0713148e-08
-3.0081497e-10
7.0341547e-08
-4.5366447e-10
-4.6795735e-10
1.1930375e-07
4.1615829e-10
1.1932755e-07
4.3594048e-10
1.1933084e-07
4.5175057e-10
1.1930788e-07
4.5993662e-10
1.1925549e-07
4.5685025e-10
1.1917311e-07
4.4405664e-10
1.1905926e-07
4.1858041e-10
1.1890883e-07
3.791065e-10
1.1871978e-07
3.2524217e-10
1.1849163e-07
2.6036601e-10
1.1822617e-07
1.9056347e-10
1.1791543e-07
1.160125e-10
1.1757103e-07
4.358666e-11
1.1714858e-07
-3.1215124e-11
-1.2094443e-10
1.9337221e-07
3.1561912e-10
1.9346962e-07
3.3852748e-10
1.9356204e-07
3.5932635e-10
1.9364544e-07
3.7654324e-10
1.9371376e-07
3.8852712e-10
1.9376403e-07
3.9378673e-10
1.9379087e-07
3.9173859e-10
1.9378715e-07
3.8282235e-10
1.9374957e-07
3.6283022e-10
1.9367899e-07
3.3093801e-10
1.9357686e-07
2.9269444e-10
1.9344609e-07
2.4679057e-10
1.9329191e-07
1.9776474e-10
1.9310624e-07
1.5445547e-10
9.9394907e-11
3.1338668e-07
1.7082413e-10
3.1353902e-07
1.861913e-10
3.1369702e-07
2.013264e-10
3.1385812e-07
2.1544507e-10
3.1401895e-07
2.2768823e-10
3.1417572e-07
2.3701648e-10
3.1432517e-07
2.4229527e-10
3.1446558e-07
2.4241044e-10
3.1459198e-07
2.3642715e-10
3.146994e-07
2.2351914e-10
3.1478756e-07
2.045361e-10
3.148511e-07
1.8325147e-10
3.1488507e-07
1.6379053e-10
3.1488809e-07
1.5143893e-10
1.3223493e-10
5.0697926e-07
5.0716545e-07
5.0736677e-07
5.0758222e-07
5.0780991e-07
5.0804692e-07
5.0828922e-07
5.0853163e-07
5.0876806e-07
5.0899158e-07
5.0919611e-07
5.0937936e-07
5.0954315e-07
5.0969459e-07
1.0696553e-16
-1.0696552e-16
5.1683946e-16
-4.0987392e-16
1.4128541e-15
-8.9601464e-16
3.0681096e-15
-1.6552555e-15
5.8865811e-15
-2.8184715e-15
1.0462132e-14
-4.575551e-15
1.7663306e-14
-7.201174e-15
2.875488e-14
-1.1091574e-14
4.5571702e-14
-1.6816822e-14
7.0766662e-14
-2.519496e-14
1.081634e-13
-3.7396737e-14
1.6325635e-13
-5.509295e-14
2.4391703e-13
-8.0660678e-14
3.6138722e-13
-1.1747019e-13
5.3166838e-13
-1.7028116e-13
7.7745343e-13
-2.4578505e-13
1.1307931e-12
-3.5333969e-13
1.6367449e-12
-5.0595179e-13
2.3583164e-12
-7.2157153e-13
3.3830857e-12
-1.0247693e-12
4.8319508e-12
-1.4488651e-12
6.8705255e-12
-2.0385747e-12
9.7237502e-12
-2.8532247e-12
1.3694322e-11
-3.9705714e-12
1.9185571e-11
-5.4912495e-12
2.6729456e-11
-7.5438852e-12
3.7020403e-11
-1.0290947e-11
5.0955882e-11
-1.3935479e-11
6.9684838e-11
-1.8728956e-11
9.4665437e-11
-2.49806e-11
1.2773397e-10
-3.3068532e-11
1.7118745e-10
-4.3453481e-11
2.2788322e-10
-5.6695768e-11
3.0135713e-10
-7.3473913e-11
3.9596004e-10
-9.4602909e-11
5.1703866e-10
-1.2107862e-10
6.7114028e-10
-1.5410162e-10
8.6608278e-10
-1.9494249e-10
-2.4712845e-10
1.1132112e-09
1.1038854e-16
-2.1735404e-16
5.3336111e-16
-8.3284649e-16
1.4579646e-15
-1.8206182e-15
3.1660413e-15
-3.3633321e-15
6.0745292e-15
-5.7269595e-15
1.07964e-14
-9.2974214e-15
1.8228221e-14
-1.4632996e-14
2.9675703e-14
-2.2539056e-14
4.7033249e-14
-3.4174368e-14
7.3040102e-14
-5.1201814e-14
1.1164468e-13
-7.6001314e-14
1.6852109e-13
-1.1196936e-13
2.5179865e-13
-1.6393824e-13
3.7308756e-13
-2.387591e-13
5.4891363e-13
-3.4610723e-13
8.0271259e-13
-4.9958401e-13
1.1675823e-12
-7.1820943e-13
1.6900485e-12
-1.028418e-12
2.4351655e-12
-1.4666885e-12
3.4933461e-12
-2.08295e-12
4.9893882e-12
-2.9449071e-12
7.0942296e-12
-4.1434161e-12
1.0040021e-11
-5.7990163e-12
1.413914e-11
-8.0696903e-12
1.9807799e-11
-1.1159909e-11
2.7594943e-11
-1.5331029e-11
3.8217201e-11
-2.0913205e-11
5.2600826e-11
-2.8319103e-11
7.1931783e-11
-3.8059914e-11
9.7715538e-11
-5.0764354e-11
1.3184844e-10
-6.7201435e-11
1.7670339e-10
-8.8308432e-11
2.3523357e-10
-1.1522595e-10
3.1109483e-10
-1.4933517e-10
4.0878939e-10
-1.9229746e-10
5.3384966e-10
-2.4613889e-10
6.9306341e-10
-3.1331537e-10
8.9452447e-10
-3.9640356e-10
-5.0257222e-10
1.1499682e-09
1.143494e-16
-3.3170343e-16
5.5249817e-16
-1.2709952e-15
1.5102786e-15
-2.7783986e-15
3.2796415e-15
-5.132695e-15
6.2924745e-15
-8.7397925e-15
1.1183719e-14
-1.4188666e-14
1.8882063e-14
-2.233134e-14
3.0739967e-14
-3.439696e-14
4.8719614e-14
-5.2154016e-14
7.5658162e-14
-7.8140361e-14
1.1564499e-13
-1.1598814e-13
1.7455648e-13
-1.7088085e-13
2.6081111e-13
-2.5019286e-13
3.86431e-13
-3.64379e-13
5.6852629e-13
-5.2820252e-13
8.313579e-13
-7.6241562e-13
1.2091833e-12
-1.0960348e-12
1.7501485e-12
-1.5693832e-12
2.521559e-12
-2.238099e-12
3.6169346e-12
-3.1783256e-12
5.165331e-12
-4.4933036e-12
7.343479e-12
-6.3215641e-12
1.0391348e-11
-8.8468857e-12
1.4631788e-11
-1.2310129e-11
2.049492e-11
-1.7023041e-11
2.8548025e-11
-2.3384135e-11
3.9531727e-11
-3.1896907e-11
5.4403465e-11
-4.3190841e-11
7.4389509e-11
-5.8045958e-11
1.0104714e-10
-7.7421989e-11
1.3633904e-10
-1.0249333e-10
1.8272269e-10
-1.3469209e-10
2.4325955e-10
-1.7576281e-10
3.217428e-10
-2.2781842e-10
4.2285013e-10
-2.934048e-10
5.5233404e-10
-3.7562279e-10
7.1726416e-10
-4.7824549e-10
9.2608868e-10
-6.0522808e-10
-7.6741378e-10
1.1909302e-09
1.189078e-16
-4.5061121e-16
5.7451458e-16
-1.726602e-15
1.5704386e-15
-3.7743226e-15
3.4102151e-15
-6.9724715e-15
6.5428383e-15
-1.1872416e-14
1.1628347e-14
-1.9274174e-14
1.9632052e-14
-3.0335046e-14
3.1959602e-14
-4.672451e-14
5.0650108e-14
-7.0844521e-14
7.8651566e-14
-1.0614182e-13
1.2021248e-13
-1.5754906e-13
1.8143684e-13
-2.3210521e-13
2.7106758e-13
-3.398236e-13
4.0158748e-13
-4.948989e-13
5.9075812e-13
-7.1737316e-13
8.637575e-13
-1.035415e-12
1.2561276e-12
-1.4884049e-12
1.8178039e-12
-2.1310595e-12
2.6185688e-12
-3.0388639e-12
3.7553487e-12
-4.3151055e-12
5.3618511e-12
-6.0998059e-12
7.6211123e-12
-8.5808253e-12
1.0781587e-11
-1.200736e-11
1.5177455e-11
-1.6705998e-11
2.1253868e-11
-2.3099455e-11
2.9597909e-11
-3.1728176e-11
4.0976136e-11
-4.3275134e-11
5.6379792e-11
-5.8594496e-11
7.7079023e-11
-7.8745189e-11
1.0468787e-10
-1.0503084e-10
1.4124216e-10
-1.3904762e-10
1.8929349e-10
-1.8274342e-10
2.5202521e-10
-2.3849453e-10
3.333869e-10
-3.0918011e-10
4.3825807e-10
-3.9827597e-10
5.7264909e-10
-5.1001381e-10
7.4395631e-10
-6.4955271e-10
9.6106641e-10
-8.2233818e-10
-1.0428364e-09
1.236489e-09
1.2407535e-16
-5.7468654e-16
5.9946672e-16
-2.2019934e-15
1.638606e-15
-4.8134619e-15
3.5581413e-15
-8.8920068e-15
6.826423e-15
-1.5140697e-14
1.2131874e-14
-2.4579625e-14
2.0481195e-14
-3.8684368e-14
3.3340102e-14
-5.9583417e-14
5.2834496e-14
-9.0338915e-14
8.2037265e-14
-1.3534459e-13
1.2537594e-13
-2.0088773e-13
1.8921012e-13
-2.959394e-13
2.8264628e-13
-4.3325975e-13
4.1868205e-13
-6.3093468e-13
6.1580495e-13
-9.1449606e-13
9.0021156e-13
-1.3198216e-12
1.3088657e-12
-1.8970591e-12
1.8936762e-12
-2.71587e-12
2.7271476e-12
-3.8723353e-12
3.9099357e-12
-5.4978937e-12
5.5808232e-12
-7.7706934e-12
7.9297024e-12
-1.0929704e-11
1.1214224e-11
-1.5291881e-11
1.5780819e-11
-2.1272593e-11
2.209086e-11
-2.9409495e-11
3.0752784e-11
-4.03901e-11
4.2561148e-11
-5.5083498e-11
5.8543771e-11
-7.457712e-11
8.0018474e-11
-1.0021989e-10
1.0866132e-10
-1.3367368e-10
1.4658854e-10
-1.7697484e-10
1.9645591e-10
-2.3261079e-10
2.6158321e-10
-3.0362183e-10
3.4609673e-10
-3.9369363e-10
4.5510573e-10
-5.0728497e-10
5.949181e-10
-6.4982618e-10
7.7330511e-10
-8.2793971e-10
9.9967443e-10
-1.0487075e-09
-1.3300942e-09
1.2869322e-09
1.2990073e-16
-7.0458726e-16
6.2759112e-16
-2.6996838e-15
1.7154277e-15
-5.9012985e-15
3.7248194e-15
-1.0901399e-14
7.1458939e-15
-1.8561772e-14
1.2698989e-14
-3.013272e-14
2.1437315e-14
-4.7422693e-14
3.4894022e-14
-7.3040124e-14
5.5292354e-14
-1.1073725e-13
8.5845116e-14
-1.6589735e-13
1.3118011e-13
-2.4622273e-13
1.9794248e-13
-3.6270176e-13
2.9564396e-13
-5.3096124e-13
4.37855e-13
-7.7314572e-13
6.4386873e-13
-1.1205098e-12
9.4100915e-13
-1.616962e-12
1.367809e-12
-2.3238589e-12
1.9783475e-12
-3.3264085e-12
2.8481124e-12
-4.7421002e-12
4.0818327e-12
-6.731614e-12
5.8238128e-12
-9.5126735e-12
8.2713789e-12
-1.3377271e-11
1.1692121e-11
-1.8712624e-11
1.6445679e-11
-2.602615e-11
2.3010877e-11
-3.5974693e-11
3.2019117e-11
-4.939834e-11
4.4295076e-11
-6.7359458e-11
6.0906011e-11
-9.1188055e-11
8.3221333e-11
-1.2253521e-10
1.1298456e-10
-1.6343691e-10
1.5239983e-10
-2.1639011e-10
2.0423734e-10
-2.844483e-10
2.7196832e-10
-3.7135281e-10
3.5991653e-10
-4.8164184e-10
4.7344959e-10
-6.2081803e-10
6.1921269e-10
-7.9558927e-10
8.0540128e-10
-1.0141283e-09
1.042021e-09
-1.2853272e-09
-1.6304621e-09
1.3423889e-09
1.3641306e-16
-8.410003e-16
6.5902787e-16
-3.2222986e-15
1.8012865e-15
-7.0435571e-15
3.9110805e-15
-1.3011193e-14
7.5028461e-15
-2.2153537e-14
1.333253e-14
-3.5962404e-14
2.2505204e-14
-5.6595368e-14
3.6629172e-14
-8.7164092e-14
5.8036072e-14
-1.3214415e-13
9.0094368e-14
-1.9795565e-13
1.3765444e-13
-2.937828e-13
2.076783e-13
-4.3272562e-13
3.1012682e-13
-6.3340976e-13
4.5920399e-13
-9.2222289e-13
6.7509214e-13
-1.3363979e-12
9.8635654e-13
-1.9282264e-12
1.4332525e-12
-2.7707549e-12
2.0722348e-12
-3.9653908e-12
2.9820455e-12
-5.6519109e-12
4.2718413e-12
-8.0214098e-12
6.0919079e-12
-1.133274e-11
8.6475954e-12
-1.5932958e-11
1.2217189e-11
-2.2282218e-11
1.7174499e-11
-3.098346e-11
2.4017041e-11
-4.2817235e-11
3.3400783e-11
-5.8782083e-11
4.6182636e-11
-8.0141311e-11
6.3472128e-11
-1.0847755e-10
8.6694149e-11
-1.4575723e-10
1.1766512e-10
-1.9440788e-10
1.5868446e-10
-2.5740946e-10
2.1264674e-10
-3.3841058e-10
2.8318949e-10
-4.4189555e-10
3.7485432e-10
-5.7330667e-10
4.9329487e-10
-7.3925858e-10
6.4553145e-10
-9.4782586e-10
8.4023105e-10
-1.2088279e-09
1.0880636e-09
-1.5331597e-09
-1.9451693e-09
1.4027708e-09
1.4363234e-16
-9.8463263e-16
6.9387332e-16
-3.7725395e-15
1.8964447e-15
-8.2461285e-15
4.1174903e-15
-1.5232238e-14
7.8983553e-15
-2.5934402e-14
1.4034387e-14
-4.2098436e-14
2.3688013e-14
-6.6248994e-14
3.8550595e-14
-1.0202667e-13
6.1073488e-14
-1.5466704e-13
9.4796919e-14
-2.3167908e-13
1.4481662e-13
-3.4380251e-13
2.1844349e-13
-5.0635248e-13
3.2613217e-13
-7.4109845e-13
4.8278207e-13
-1.0788728e-12
7.0954963e-13
-1.5631655e-12
1.0363569e-12
-2.2550337e-12
1.5053372e-12
-3.2397352e-12
2.1755281e-12
-4.6355817e-12
3.1291985e-12
-6.6055814e-12
4.4802872e-12
-9.3724985e-12
6.3855171e-12
-1.323797e-11
9.0588443e-12
-1.8606285e-11
1.2789986e-11
-2.6013359e-11
1.7967855e-11
-3.616133e-11
2.5109846e-11
-4.9959225e-11
3.4898017e-11
-6.8570255e-11
4.8223506e-11
-9.3466799e-11
6.6240778e-11
-1.2649482e-10
9.0433868e-11
-1.6995032e-10
1.2269726e-10
-2.2667127e-10
1.6543265e-10
-3.0014485e-10
2.2166784e-10
-3.9464577e-10
2.9522052e-10
-5.1544823e-10
3.908689e-10
-6.6895505e-10
5.1457762e-10
-8.629673e-10
6.7377518e-10
-1.1070234e-09
8.7764154e-10
-1.4126943e-09
1.1375614e-09
-1.7930795e-09
-2.2753152e-09
1.4677073e-09
1.5155461e-16
-1.1361872e-15
7.3210799e-16
-4.3530929e-15
2.000848e-15
-9.5148685e-15
4.3439292e-15
-1.7575319e-14
8.3321873e-15
-2.9922661e-14
1.4804134e-14
-4.8570382e-14
2.4985001e-14
-7.6429861e-14
4.0657052e-14
-1.1769873e-13
6.4402565e-14
-1.7841255e-13
9.9949475e-14
-2.6722599e-13
1.5266138e-13
-3.9651441e-13
2.3022965e-13
-5.8392076e-13
3.4364675e-13
-8.5451554e-13
5.0856824e-13
-1.2437943e-12
7.4720801e-13
-1.8018053e-12
1.0909577e-12
-2.5987834e-12
1.5839802e-12
-3.7327577e-12
2.2880962e-12
-5.3396976e-12
3.2893638e-12
-7.606849e-12
4.7068425e-12
-1.0789977e-11
6.704124e-12
-1.5235252e-11
9.5043145e-12
-2.1406476e-11
1.3409243e-11
-2.9918287e-11
1.8823779e-11
-4.1575866e-11
2.6286253e-11
-5.7421699e-11
3.6506169e-11
-7.8790171e-11
5.041063e-11
-1.0737126e-10
6.9201347e-11
-1.4528553e-10
9.4424669e-11
-1.9517365e-10
1.2805775e-10
-2.6030435e-10
1.7261065e-10
-3.4469775e-10
2.3125118e-10
-4.532863e-10
3.079892e-10
-5.9218625e-10
4.0785506e-10
-7.6882091e-10
5.3714438e-10
-9.9225662e-10
7.0371881e-10
-1.2735978e-09
9.1730217e-10
-1.6262776e-09
1.1900236e-09
-2.0658009e-09
-2.6217742e-09
1.5364825e-09
1.6014766e-16
-1.2963349e-15
7.7357596e-16
-4.9665212e-15
2.1140696e-15
-1.0855362e-14
4.5894682e-15
-2.0050718e-14
8.8025557e-15
-3.4135748e-14
1.5638587e-14
-5.5406414e-14
2.6390775e-14
-8.7182049e-14
4.2939723e-14
-1.3424767e-13
6.8009263e-14
-2.0348209e-13
1.0553011e-13
-3.0474683e-13
1.6115499e-13
-4.521393e-13
2.4298551e-13
-6.6575128e-13
3.6259324e-13
-9.7412327e-13
5.3644687e-13
-1.4176479e-12
7.8789523e-13
-2.0532536e-12
1.1499043e-12
-2.9607925e-12
1.6688058e-12
-4.2516592e-12
2.4093867e-12
-6.0802785e-12
3.4617316e-12
-8.659194e-12
4.950323e-12
-1.2278569e-11
7.0460014e-12
-1.733093e-11
9.9814927e-12
-2.4341967e-11
1.4071314e-11
-3.4008108e-11
1.9736987e-11
-4.7241539e-11
2.7538639e-11
-6.5223352e-11
3.8214267e-11
-8.9465799e-11
5.2728264e-11
-1.2188526e-10
7.2331293e-11
-1.6488856e-10
9.8634339e-11
-2.2147669e-10
1.3370086e-10
-2.9537087e-10
1.8015398e-10
-3.9115087e-10
2.4130501e-10
-5.1443733e-10
3.2136547e-10
-6.7224671e-10
4.25627e-10
-8.7308244e-10
5.6072957e-10
-1.1273592e-09
7.3498056e-10
-1.4478488e-09
9.5866251e-10
-1.8499596e-09
1.2446535e-09
-2.3517919e-09
-2.985088e-09
1.6079673e-09
1.6934161e-16
-1.4656765e-15
8.1794052e-16
-5.6151201e-15
2.2351898e-15
-1.2272611e-14
4.8521104e-15
-2.2667639e-14
9.3056285e-15
-3.8589266e-14
1.6530933e-14
-6.2631718e-14
2.7893826e-14
-9.8544942e-14
4.537986e-14
-1.5173371e-13
7.1863836e-14
-2.2996607e-13
1.1149258e-13
-3.4437558e-13
1.7022667e-13
-5.1087339e-13
2.5660405e-13
-7.5212865e-13
3.8281147e-13
-1.1003307e-12
5.661801e-13
-1.6010165e-12
8.3126053e-13
-2.3183341e-12
1.2126823e-12
-3.3422142e-12
1.7590634e-12
-4.7980403e-12
2.5383093e-12
-6.8595245e-12
3.6447247e-12
-9.7656094e-12
5.2084558e-12
-1.38423e-11
7.4078853e-12
-1.9530359e-11
1.0485708e-11
-2.741979e-11
1.4769536e-11
-3.8291937e-11
2.0698014e-11
-5.3170017e-11
2.8853597e-11
-7.3378935e-11
4.0003387e-11
-1.0061559e-10
5.5149772e-11
-1.3703164e-10
7.5593167e-11
-1.8533196e-10
1.0301016e-10
-2.4889369e-10
1.3955262e-10
-3.3191333e-10
1.8795957e-10
-4.3955782e-10
2.5168676e-10
-5.7816452e-10
3.3514859e-10
-7.5570855e-10
4.4389994e-10
-9.8183378e-10
5.8493119e-10
-1.2683904e-09
7.6698927e-10
-1.6299069e-09
1.000907e-09
-2.0838773e-09
1.3002858e-09
-2.6511707e-09
-3.3654203e-09
1.6806182e-09
1.7901878e-16
-1.6446952e-15
8.6463319e-16
-6.3007345e-15
2.3626563e-15
-1.3770635e-14
5.1284881e-15
-2.543347e-14
9.8349489e-15
-4.3295727e-14
1.7469705e-14
-7.0266474e-14
2.9474809e-14
-1.1055005e-13
4.7945998e-14
-1.702049e-13
7.5916473e-14
-2.5793655e-13
1.1775963e-13
-3.8621874e-13
1.797585e-13
-5.7287226e-13
2.7090755e-13
-8.4327771e-13
4.0403638e-13
-1.2334595e-12
5.9737596e-13
-1.7943561e-12
8.767284e-13
-2.5976865e-12
1.2784519e-12
-3.7439377e-12
1.8535343e-12
-5.3731228e-12
2.6731041e-12
-7.6790943e-12
3.8358126e-12
-1.0928318e-11
5.4776178e-12
-1.5484105e-11
7.7846093e-12
-2.1837351e-11
1.1009623e-11
-3.0644804e-11
1.5493532e-11
-4.2775845e-11
2.1692237e-11
-5.9368722e-11
3.0210606e-11
-8.1897304e-11
4.1844845e-11
-1.1224983e-10
5.7635211e-11
-1.5282201e-10
7.8931478e-11
-2.0662823e-10
1.0747475e-10
-2.7743696e-10
1.4550455e-10
-3.6994313e-10
1.9587626e-10
-4.8992953e-10
2.6219823e-10
-6.4448648e-10
3.490489e-10
-8.4255922e-10
4.6227006e-10
-1.0950549e-09
6.0918587e-10
-1.4153063e-09
7.9895157e-10
-1.8196726e-09
1.0429092e-09
-2.3278349e-09
1.355294e-09
-2.9635555e-09
-3.7620714e-09
1.7519451e-09
1.8900939e-16
-1.8337046e-15
9.1283187e-16
-7.024557e-15
2.4942194e-15
-1.5352022e-14
5.4137133e-15
-2.8352964e-14
1.0381138e-14
-4.8263152e-14
1.8438235e-14
-7.8323571e-14
3.110559e-14
-1.232174e-13
5.0592355e-14
-1.8969166e-13
8.0094651e-14
-2.8743884e-13
1.2421871e-13
-4.3034279e-13
1.8957859e-13
-6.3823213e-13
2.8563686e-13
-9.3933598e-13
4.2588127e-13
-1.3737039e-12
6.2946244e-13
-1.9979373e-12
9.2345903e-13
-2.8916831e-12
1.3459881e-12
-4.1664668e-12
1.9504422e-12
-5.9775769e-12
2.8112092e-12
-8.5398613e-12
4.0313193e-12
-1.2148428e-11
5.7525604e-12
-1.7205346e-11
8.1687146e-12
-2.4253505e-11
1.1542687e-11
-3.4018776e-11
1.6228439e-11
-4.7461597e-11
2.2698816e-11
-6.58391e-11
3.1580571e-11
-9.0779058e-11
4.3698212e-11
-1.2436747e-10
6.012872e-11
-1.6925252e-10
8.2269652e-11
-2.2876916e-10
1.1192354e-10
-3.0709085e-10
1.5140928e-10
-4.0942887e-10
2.0368436e-10
-5.4220461e-10
2.725289e-10
-7.1333103e-10
3.6267415e-10
-9.3270448e-10
4.8019855e-10
-1.2125793e-09
6.3274607e-10
-1.5678538e-09
8.2982252e-10
-2.0167491e-09
1.0831992e-09
-2.5812117e-09
1.4075918e-09
-3.2879481e-09
-4.1733823e-09
1.8189027e-09
1.990693e-16
-2.0327739e-15
9.6135706e-16
-7.7868447e-15
2.6266537e-15
-1.7017319e-14
5.700786e-15
-3.1427097e-14
1.0930779e-14
-5.3493145e-14
1.9412712e-14
-8.6805505e-14
3.2746044e-14
-1.3655073e-13
5.3253753e-14
-2.1019937e-13
8.4295344e-14
-3.1848043e-13
1.3071033e-13
-4.7675778e-13
1.9944405e-13
-7.0696585e-13
3.0042688e-13
-1.0403188e-12
4.4780323e-13
-1.5210803e-12
6.6163948e-13
-2.2117735e-12
9.7028233e-13
-3.200326e-12
1.4135911e-12
-4.6097756e-12
2.047332e-12
-6.6113177e-12
2.9490972e-12
-9.4416266e-12
4.2262016e-12
-1.3425532e-11
6.0261063e-12
-1.9005251e-11
8.5500323e-12
-2.6777431e-11
1.2070554e-11
-3.7539298e-11
1.6954112e-11
-5.2345156e-11
2.3689577e-11
-7.2574564e-11
3.2924253e-11
-1.0001373e-10
4.5509076e-11
-1.3695229e-10
6.2555276e-11
-1.8629872e-10
8.5505658e-11
-2.5171954e-10
1.162251e-10
-3.378103e-10
1.5709997e-10
-4.5030374e-10
2.1113134e-10
-5.9623598e-10
2.8223045e-10
-7.8443013e-10
3.7543549e-10
-1.0259095e-09
4.9699051e-10
-1.3341343e-09
6.5466225e-10
-1.7255255e-09
8.5828186e-10
-2.2203687e-09
1.1199414e-09
-2.8428712e-09
1.454644e-09
-3.6226506e-09
-4.5969144e-09
1.8781761e-09
2.0889008e-16
-2.241664e-15
1.0087224e-15
-8.586677e-15
2.7559057e-15
-1.8764502e-14
5.9809141e-15
-3.4652105e-14
1.1467015e-14
-5.8979246e-14
2.0363192e-14
-9.5701682e-14
3.4345633e-14
-1.5053317e-13
5.5847946e-14
-2.3170168e-13
8.8388262e-14
-3.5102075e-13
1.3703227e-13
-5.2540179e-13
2.0904598e-13
-7.7897957e-13
3.1481179e-13
-1.1460846e-12
4.6910712e-13
-1.6753756e-12
6.928788e-13
-2.4355452e-12
1.0156889e-12
-3.523136e-12
1.4790602e-12
-5.0731469e-12
2.1410152e-12
-7.2732727e-12
3.0821763e-12
-1.0382788e-11
4.4138848e-12
-1.4757241e-11
6.2888934e-12
-2.0880259e-11
8.9153029e-12
-2.9403841e-11
1.2574541e-11
-4.1198536e-11
1.7644345e-11
-5.7414959e-11
2.462791e-11
-7.9558129e-11
3.4190657e-11
-1.0957648e-10
4.7206434e-11
-1.4996807e-10
6.4815446e-11
-2.0390773e-10
8.849659e-11
-2.7540068e-10
1.201559e-10
-3.694696e-10
1.6222892e-10
-4.9237676e-10
2.1786175e-10
-6.5186881e-10
2.9108587e-10
-8.5765425e-10
3.8694873e-10
-1.1217724e-09
5.1183583e-10
-1.4590215e-09
6.7376707e-10
-1.8874568e-09
8.8271445e-10
-2.4293161e-09
1.1509118e-09
-3.1110686e-09
1.4934081e-09
-3.9651469e-09
-5.029169e-09
1.9256627e-09
2.1804682e-16
-2.4597108e-15
1.0528754e-15
-9.4215056e-15
2.8763683e-15
-2.0587995e-14
6.24194e-15
-3.8017677e-14
1.196657e-14
-6.4703876e-14
2.1248419e-14
-1.0498353e-13
3.5834933e-14
-1.6511969e-13
5.8262364e-14
-2.5412911e-13
9.2195819e-14
-3.849542e-13
1.4291024e-13
-5.7611621e-13
2.1796779e-13
-8.5403712e-13
3.2816727e-13
-1.2562841e-12
4.888677e-13
-1.836076e-12
7.2182202e-13
-2.6684995e-12
1.0577001e-12
-3.8590141e-12
1.5395334e-12
-5.5549801e-12
2.227377e-12
-7.9611164e-12
3.2045616e-12
-1.1359972e-11
4.5859926e-12
-1.6138672e-11
6.5290537e-12
-2.282332e-11
9.2477852e-12
-3.2122572e-11
1.3031139e-11
-4.498189e-11
1.8266279e-11
-6.2650099e-11
2.5468115e-11
-8.6759966e-11
3.5316551e-11
-1.1942492e-10
4.8703303e-11
-1.6335482e-10
6.6790625e-11
-2.2199505e-10
9.1084633e-11
-2.9969469e-10
1.2352622e-10
-4.0191119e-10
1.6660605e-10
-5.3545659e-10
2.2353361e-10
-7.0879636e-10
2.983796e-10
-9.3250024e-10
3.9627251e-10
-1.2196653e-09
5.236654e-10
-1.5864143e-09
6.8864489e-10
-2.0524362e-09
9.0119853e-10
-2.6418697e-09
1.1734937e-09
-3.3833638e-09
1.5203367e-09
-4.3119898e-09
-5.4654275e-09
1.9565952e-09
2.2608821e-16
-2.685799e-15
1.0916418e-15
-1.0287059e-14
2.9821042e-15
-2.2478457e-14
6.4709684e-15
-4.1506541e-14
1.2404682e-14
-7.0637589e-14
2.2024319e-14
-1.1460317e-13
3.7139403e-14
-1.8023477e-13
6.0375387e-14
-2.773651e-13
9.5524784e-14
-4.201036e-13
1.4804334e-13
-6.2863476e-13
2.257481e-13
-9.3174189e-13
3.3979473e-13
-1.3703307e-12
5.0603789e-13
-2.0023192e-12
7.4691313e-13
-2.9093748e-12
1.0940214e-12
-4.2061224e-12
1.5916503e-12
-6.0526091e-12
2.3015296e-12
-8.6709957e-12
3.3091918e-12
-1.2367635e-11
4.7323938e-12
-1.7561874e-11
6.7321519e-12
-2.4823079e-11
9.527052e-12
-3.4917472e-11
1.3411632e-11
-4.886647e-11
1.8779804e-11
-6.8018271e-11
2.6154503e-11
-9.4134665e-11
3.6225079e-11
-1.2949549e-10
4.9894301e-11
-1.7702404e-10
6.8337382e-11
-2.4043813e-10
9.3075876e-11
-3.2443319e-10
1.2607011e-10
-4.3490542e-10
1.6983674e-10
-5.7922322e-10
2.2760261e-10
-7.6656224e-10
3.0345244e-10
-1.0083501e-09
4.0252505e-10
-1.3187379e-09
5.3125509e-10
-1.7151444e-09
6.9764992e-10
-2.2188311e-09
9.1151786e-10
-2.8557376e-09
1.1847009e-09
-3.6565469e-09
1.5314258e-09
-4.6587147e-09
-5.8996674e-09
1.9656656e-09
2.3231646e-16
-2.9181154e-15
1.1216416e-15
-1.1176384e-14
3.0638781e-15
-2.4420694e-14
6.6479928e-15
-4.5090656e-14
1.274311e-14
-7.6732707e-14
2.2623274e-14
-1.2448333e-13
3.8145587e-14
-1.9575709e-13
6.2003708e-14
-3.0122322e-13
9.8087227e-14
-4.5618712e-13
1.519891e-13
-6.8253663e-13
2.3171882e-13
-1.0114716e-12
3.4869967e-13
-1.4873116e-12
5.1915501e-13
-2.1727745e-12
7.6602268e-13
-3.1562424e-12
1.1215793e-12
-4.561679e-12
1.6310079e-12
-6.5620376e-12
2.3572035e-12
-9.3971913e-12
3.3871841e-12
-1.3397615e-11
4.8405539e-12
-1.9015243e-11
6.8805599e-12
-2.6863085e-11
9.7283902e-12
-3.7765303e-11
1.3681493e-11
-5.2819574e-11
1.9136869e-11
-7.3473647e-11
2.6620509e-11
-1.016183e-10
3.6824479e-11
-1.3969946e-10
5.0653544e-11
-1.9085311e-10
6.928372e-11
-2.5906831e-10
9.423564e-11
-3.4938511e-10
1.2746629e-10
-4.6813608e-10
1.7148408e-10
-6.2324102e-10
2.2949067e-10
-8.2456883e-10
3.0553033e-10
-1.0843897e-09
4.0467132e-10
-1.4178789e-09
5.332139e-10
-1.843687e-09
6.9892174e-10
-2.3845389e-09
9.1119204e-10
-3.0680079e-09
1.181231e-09
-3.9265858e-09
1.522301e-09
-4.9997847e-09
-6.3245142e-09
1.9471478e-09
2.3623277e-16
-3.1543482e-15
1.140492e-15
-1.2080644e-14
3.1151927e-15
-2.6395394e-14
6.7588647e-15
-4.8734328e-14
1.2954543e-14
-8.2928385e-14
2.2996316e-14
-1.345251e-13
3.8769906e-14
-2.1153068e-13
6.3009464e-14
-3.2546278e-13
9.9661315e-14
-4.9283897e-13
1.5439707e-13
-7.3727238e-13
2.3533398e-13
-1.0924085e-12
3.5404086e-13
-1.6060185e-12
5.2693439e-13
-2.3456681e-12
7.7720401e-13
-3.4065121e-12
1.1374454e-12
-4.9219204e-12
1.6532329e-12
-7.0778251e-12
2.3879196e-12
-1.0131878e-11
3.429024e-12
-1.443872e-11
4.8966359e-12
-2.0482855e-11
6.9543616e-12
-2.892081e-11
9.823431e-12
-4.0634372e-11
1.380071e-11
-5.6796853e-11
1.9281537e-11
-7.8954473e-11
2.6788518e-11
-1.0912529e-10
3.7007759e-11
-1.499187e-10
5.0834362e-11
-2.0467971e-10
6.9429498e-11
-2.7766344e-10
9.4291783e-11
-3.7424739e-10
1.2734601e-10
-5.011903e-10
1.7105247e-10
-6.6694748e-10
2.2853741e-10
-8.8205377e-10
3.0373409e-10
-1.1595864e-09
4.0154161e-10
-1.5156864e-09
5.279914e-10
-1.9701368e-09
6.9041382e-10
-2.5469613e-09
8.9753081e-10
-3.2751249e-09
1.1595558e-09
-4.1886108e-09
1.4883533e-09
-5.3285822e-09
-6.7312272e-09
1.8950663e-09
2.3658942e-16
-3.3909376e-15
1.142119e-15
-1.2986173e-14
3.119438e-15
-2.8372713e-14
6.7676632e-15
-5.2382553e-14
1.2970557e-14
-8.9131279e-14
2.3023027e-14
-1.4457757e-13
3.8811568e-14
-2.2731922e-13
6.3070704e-14
-3.4972191e-13
9.9746008e-14
-5.2951428e-13
1.5450577e-13
-7.9203215e-13
2.3545861e-13
-1.1733614e-12
3.5415442e-13
-1.7247143e-12
5.2697163e-13
-2.5184853e-12
7.770263e-13
-3.6565667e-12
1.1367784e-12
-5.2816725e-12
1.6515576e-12
-7.5926043e-12
2.3842878e-12
-1.0864608e-11
3.4217493e-12
-1.5476181e-11
4.8827914e-12
-2.1943897e-11
6.9289863e-12
-3.0967005e-11
9.7783094e-12
-4.3483695e-11
1.3722549e-11
-6.0741093e-11
1.9149309e-11
-8.4381233e-11
2.6569675e-11
-1.1654565e-10
3.6652919e-11
-1.6000195e-10
5.026998e-11
-2.1829677e-10
6.8547826e-11
-2.9594129e-10
9.2937133e-11
-3.986367e-10
1.2529563e-10
-5.335488e-10
1.6798886e-10
-7.096407e-10
2.2400699e-10
-9.380719e-10
2.9708932e-10
-1.2326687e-09
3.9185267e-10
-1.6104498e-09
5.139074e-10
-2.0921915e-09
6.6994255e-10
-2.7029965e-09
8.6771654e-10
-3.4728989e-09
1.1160541e-09
-4.4369484e-09
1.4249287e-09
-5.6374568e-09
-7.1096961e-09
1.8033976e-09
2.3336618e-16
-3.6243038e-15
1.1265334e-15
-1.387934e-14
3.076699e-15
-3.0322879e-14
6.6743725e-15
-5.5980226e-14
1.2790338e-14
-9.5247244e-14
2.2700004e-14
-1.5448724e-13
3.8260635e-14
-2.4287985e-13
6.216298e-14
-3.7362426e-13
9.8287101e-14
-5.656384e-13
1.5220324e-13
-8.4594829e-13
2.3187329e-13
-1.2530314e-12
3.4862747e-13
-1.8414685e-12
5.1851558e-13
-2.6883734e-12
7.6416254e-13
-3.9022137e-12
1.1172957e-12
-5.6348056e-12
1.6221557e-12
-8.0974643e-12
2.3400541e-12
-1.1582507e-11
3.3553979e-12
-1.6491525e-11
4.7835625e-12
-2.3372062e-11
6.7810656e-12
-3.2964508e-11
9.5585667e-12
-4.6261196e-11
1.3397325e-11
-6.4579851e-11
1.8669888e-11
-8.9653795e-11
2.5865981e-11
-1.2374175e-10
3.5624877e-11
-1.6976084e-10
4.8775786e-11
-2.3144768e-10
6.6388156e-11
-3.1355366e-10
8.9833783e-11
-4.2208232e-10
1.2086233e-10
-5.6457735e-10
1.6169047e-10
-7.5046884e-10
2.1510167e-10
-9.914831e-10
2.8454722e-10
-1.3021143e-09
3.74237e-10
-1.7001395e-09
4.8919621e-10
-2.2071507e-09
6.3525628e-10
-2.8490566e-09
8.1891577e-10
-3.6565584e-09
1.0471876e-09
-4.6652202e-09
1.3275581e-09
-5.9178272e-09
-7.4484209e-09
1.6662829e-09
2.2382114e-16
-3.8481249e-15
1.0802741e-15
-1.4735793e-14
2.9500818e-15
-3.2192686e-14
6.3993138e-15
-5.9429458e-14
1.2262666e-14
-1.011106e-13
2.1762596e-14
-1.6398717e-13
3.6679081e-14
-2.5779633e-13
5.9590552e-14
-3.9653573e-13
9.4214438e-14
-6.0026228e-13
1.4588622e-13
-8.9762007e-13
2.2222978e-13
-1.329375e-12
3.3408966e-13
-1.9533284e-12
4.9681893e-13
-2.8511026e-12
7.3204396e-13
-4.1374387e-12
1.0700618e-12
-5.9728234e-12
1.5530641e-12
-8.5804667e-12
2.2394267e-12
-1.2268869e-11
3.2093491e-12
-1.7461447e-11
4.5721826e-12
-2.4734896e-11
6.4758415e-12
-3.4868167e-11
9.1187629e-12
-4.8904117e-11
1.2764971e-11
-6.8226059e-11
1.7762925e-11
-9.4651749e-11
2.4569002e-11
-1.3054782e-10
3.3776668e-11
-1.7896851e-10
4.6152653e-11
-2.4382367e-10
6.2681608e-11
-3.3008261e-10
8.4620623e-11
-4.4402134e-10
1.1356427e-10
-5.9352099e-10
1.51519e-10
-7.8842357e-10
2.0098204e-10
-1.0409461e-09
2.6501341e-10
-1.3661456e-09
3.4728345e-10
-1.7824096e-09
4.5206484e-10
-2.3119321e-09
5.8412274e-10
-2.9811145e-09
7.484225e-10
-3.8208582e-09
9.4975013e-10
-4.8665479e-09
1.1922959e-09
-6.160373e-09
-7.7346617e-09
1.4785367e-09
2.1012789e-16
-4.0582528e-15
1.0142576e-15
-1.5539923e-14
2.769664e-15
-3.3948093e-14
6.0071343e-15
-6.2666929e-14
1.1508837e-14
-1.066123e-13
2.0419452e-14
-1.7289779e-13
3.4404259e-14
-2.7178114e-13
5.5873131e-14
-4.180046e-13
8.8296484e-14
-6.3268564e-13
1.3664871e-13
-9.459723e-13
2.080271e-13
-1.4007533e-12
3.1251026e-13
-2.0578115e-12
4.6434025e-13
-3.0029326e-12
6.8353746e-13
-4.3566359e-12
9.9808705e-13
-6.287373e-12
1.4468696e-12
-9.0292492e-12
2.0835464e-12
-1.2905546e-11
2.9816503e-12
-1.8359551e-11
4.2411718e-12
-2.5994417e-11
5.9969718e-12
-3.6623967e-11
8.4293935e-12
-5.1336539e-11
1.1777505e-11
-7.157417e-11
1.6355492e-11
-9.9229737e-11
2.257287e-11
-1.367652e-10
3.0959365e-11
-1.87355e-10
4.2195493e-11
-2.550598e-10
5.7149916e-11
-3.4503704e-10
7.6924262e-11
-4.6379569e-10
1.0290511e-10
-6.1950184e-10
1.3682051e-10
-8.2233898e-10
1.8079438e-10
-1.08492e-09
2.3738529e-10
-1.4227366e-09
3.0958795e-10
-1.8546122e-09
4.0076137e-10
-2.4031055e-09
5.144261e-10
-3.0947792e-09
6.5382759e-10
-3.9602597e-09
8.212861e-10
-5.0340064e-09
1.0167798e-09
-6.3558667e-09
-7.9547757e-09
1.2368938e-09
1.8623655e-16
-4.2444894e-15
8.9866506e-16
-1.6252351e-14
2.453627e-15
-3.5503055e-14
5.3212413e-15
-6.5534543e-14
1.0194286e-14
-1.1148534e-13
1.8086619e-14
-1.8079012e-13
3.0473183e-14
-2.841677e-13
4.9488308e-14
-4.3701972e-13
7.8205324e-14
-6.6140265e-13
1.2102876e-13
-9.8879573e-13
1.842412e-13
-1.4639658e-12
2.7676071e-13
-2.150331e-12
4.1118174e-13
-3.1373536e-12
6.0519288e-13
-4.5506471e-12
8.8348851e-13
-6.5656687e-12
1.2803168e-12
-9.4260775e-12
1.8428333e-12
-1.3468062e-11
2.6354538e-12
-1.9152172e-11
3.7454254e-12
-2.7104389e-11
5.2898577e-12
-3.81684e-11
7.4244853e-12
-5.3471167e-11
1.0354477e-11
-7.4504162e-11
1.4347673e-11
-1.0322293e-10
1.9750721e-11
-1.4216825e-10
2.7008684e-11
-1.9461296e-10
3.668875e-11
-2.6473986e-10
4.9508577e-11
-3.5785686e-10
6.6369239e-11
-4.8065635e-10
8.8391458e-11
-6.4152406e-10
1.169512e-10
-8.5089872e-10
1.5370637e-10
-1.1216752e-09
2.0059965e-10
-1.4696298e-09
2.5981423e-10
-1.9138268e-09
3.3364679e-10
-2.4769381e-09
4.2424249e-10
-3.1853749e-09
5.3309524e-10
-4.0691124e-09
6.6037629e-10
-5.1612874e-09
8.026479e-10
-6.4981383e-09
-8.094606e-09
9.4247824e-10
1.6192337e-16
-4.4064127e-15
7.8135036e-16
-1.6871778e-14
2.1332267e-15
-3.6854931e-14
4.6259555e-15
-6.8027272e-14
8.8611087e-15
-1.157205e-13
1.5718611e-14
-1.8764762e-13
2.6477749e-14
-2.9492684e-13
4.2988295e-14
-4.5353027e-13
6.7911313e-14
-6.8632567e-13
1.0505607e-13
-1.0259405e-12
1.5984841e-13
-1.5187581e-12
2.3997692e-13
-2.2304595e-12
3.5627696e-13
-3.2536537e-12
5.2392785e-13
-4.718298e-12
7.6405625e-13
-6.805797e-12
1.1058557e-12
-9.767877e-12
1.5893495e-12
-1.3951556e-11
2.2689348e-12
-1.9831757e-11
3.2178557e-12
-2.805331e-11
4.5337534e-12
-3.9484297e-11
6.3454414e-12
-5.5282855e-11
8.8210655e-12
-7.6979786e-11
1.2177828e-11
-1.065797e-10
1.6693509e-11
-1.4668393e-10
2.2720048e-11
-2.006395e-10
3.069942e-11
-2.7271923e-10
4.1181739e-11
-3.6833918e-10
5.484475e-11
-4.9431936e-10
7.2512214e-11
-6.5919152e-10
9.5165792e-11
-8.735523e-10
1.2394044e-10
-1.1504498e-09
1.6008697e-10
-1.5057764e-09
2.0487817e-10
-1.958618e-09
2.5942854e-10
-2.5314884e-09
3.2438825e-10
-3.2503346e-09
3.9944205e-10
-4.1441662e-09
4.8297198e-10
-5.2448174e-09
5.7158438e-10
-6.5867507e-09
-8.1992618e-09
6.7624014e-10
1.1673081e-16
-4.5231435e-15
5.6311409e-16
-1.7318162e-14
1.5368107e-15
-3.7828628e-14
3.3309332e-15
-6.9821394e-14
6.3764889e-15
-1.1876605e-13
1.130264e-14
-1.9257377e-13
1.9021929e-14
-3.0264613e-13
3.0850174e-14
-4.6535852e-13
4.8674149e-14
-7.0414965e-13
7.5184523e-14
-1.0524509e-12
1.1419697e-13
-1.5577706e-12
1.710909e-13
-2.2873535e-12
2.5340284e-13
-3.3359656e-12
3.7161929e-13
-4.8365144e-12
5.4022199e-13
-6.9743998e-12
7.7904414e-13
-1.0006699e-11
1.1149987e-12
-1.4287511e-11
1.5842368e-12
-2.0300995e-11
2.234783e-12
-2.8703856e-11
3.1296742e-12
-4.0379188e-11
4.350602e-12
-5.6503782e-11
6.0020269e-12
-7.8631211e-11
8.215705e-12
-1.0879337e-10
1.1155544e-11
-1.4962377e-10
1.5022654e-11
-2.0450661e-10
2.0060329e-11
-2.7775691e-10
2.6558247e-11
-3.748371e-10
3.4854291e-11
-5.026154e-10
4.5330579e-11
-6.6966781e-10
5.8397413e-11
-8.8661913e-10
7.4454667e-11
-1.1665071e-09
9.3814871e-11
-1.5251366e-09
1.1656735e-10
-1.9813705e-09
1.4236391e-10
-2.557285e-09
1.700992e-10
-3.2780699e-09
1.9737389e-10
-4.1714409e-09
2.2031265e-10
-5.2677561e-09
2.333844e-10
-6.5998224e-09
-8.1982299e-09
2.3235249e-10
6.2136042e-17
-4.5852796e-15
2.9936985e-16
-1.7555396e-14
8.1623545e-16
-3.8345493e-14
1.7675161e-15
-7.0772675e-14
3.3802672e-15
-1.203788e-13
5.9849745e-15
-1.9517848e-13
1.0059297e-14
-3.0672045e-13
1.6289048e-14
-4.7158827e-13
2.5652502e-14
-7.135131e-13
3.953584e-14
-1.0663342e-12
5.988939e-14
-1.5781241e-12
8.943614e-14
-2.3169002e-12
1.3194525e-13
-3.3784747e-12
1.925832e-13
-4.8971524e-12
2.7835265e-13
-7.0601692e-12
3.9862182e-13
-1.0126968e-11
5.6573396e-13
-1.4454623e-11
7.9566338e-13
-2.0530924e-11
1.1086516e-12
-2.9016844e-11
1.529713e-12
-4.080025e-11
2.0888482e-12
-5.7062918e-11
2.8207458e-12
-7.9363109e-11
3.7636961e-12
-1.0973632e-10
4.9573573e-12
-1.5081743e-10
6.4388809e-12
-2.0598814e-10
8.2366276e-12
-2.7955466e-10
1.0360153e-11
-3.7696063e-10
1.2784114e-11
-5.0503936e-10
1.5421962e-11
-6.7230566e-10
1.8082593e-11
-8.8927977e-10
2.0399513e-11
-1.168824e-09
2.1718028e-11
-1.5264551e-09
2.0923012e-11
-1.9805755e-09
1.619775e-11
-2.5525597e-09
4.7143413e-12
-3.2665865e-09
-1.8027634e-11
-4.1486989e-09
-5.8291494e-11
-5.2274923e-09
-1.2438782e-10
-6.5337261e-09
-8.0968698e-09
-2.2574788e-10
3.8884623e-18
-4.5891681e-15
1.8256417e-17
-1.7569764e-14
4.8446847e-17
-3.8375684e-14
1.0154179e-16
-7.082577e-14
1.8652465e-16
-1.2046379e-13
3.1402101e-16
-1.9530598e-13
4.9513231e-16
-3.0690156e-13
7.3843035e-16
-4.7183156e-13
1.0434355e-15
-7.138181e-13
1.3876334e-15
-1.0666784e-12
1.7019713e-15
-1.5784385e-12
1.8263147e-15
-2.3170246e-12
1.4308086e-15
-3.3780792e-12
-1.1958872e-16
-4.895602e-12
-3.9933538e-15
-7.0562954e-12
-1.2268976e-14
-1.0118693e-11
-2.8543481e-14
-1.4438348e-11
-5.8895309e-14
-2.0500572e-11
-1.1337549e-13
-2.8962364e-11
-2.0826679e-13
-4.0705359e-11
-3.6943112e-13
-5.6901753e-11
-6.3716004e-13
-7.909538e-11
-1.0730532e-12
-1.0930043e-10
-1.769584e-12
-1.501209e-10
-2.863207e-12
-2.0489451e-10
-4.5522021e-12
-2.7786566e-10
-7.121078e-12
-3.7439175e-10
-1.0974454e-11
-5.0118599e-10
-1.6685084e-11
-6.6659503e-10
-2.5063097e-11
-8.8090175e-10
-3.7256392e-11
-1.1566307e-09
-5.4894523e-11
-1.508817e-09
-8.0290132e-11
-1.9551799e-09
-1.1671284e-10
-2.516137e-09
-1.6860638e-10
-3.2146929e-09
-2.4251033e-10
-4.074795e-09
-3.4692467e-10
-5.1230779e-09
-4.9242971e-10
-6.388221e-09
-7.897505e-09
-6.9179458e-10
-5.9872781e-17
-4.5292953e-15
-2.8960508e-16
-1.7340031e-14
-7.9245386e-16
-3.7872835e-14
-1.7227641e-15
-6.989546e-14
-3.3096034e-15
-1.1887695e-13
-5.8910247e-15
-1.9272456e-13
-9.9637045e-15
-3.0282888e-13
-1.6254789e-14
-4.6554048e-13
-2.5825799e-14
-7.0424709e-13
-4.0222774e-14
-1.0522814e-12
-6.1693018e-14
-1.5569682e-12
-9.3497633e-14
-2.28522e-12
-1.4036148e-13
-3.3312154e-12
-2.0911969e-13
-4.8268438e-12
-3.0964396e-13
-6.9557712e-12
-4.5616493e-13
-9.9721717e-12
-6.6915077e-13
-1.4225363e-11
-9.7795929e-13
-2.0191764e-11
-1.4245526e-12
-2.8515771e-11
-2.0686504e-12
-4.0061261e-11
-2.9947984e-12
-5.5975605e-11
-4.3219479e-12
-7.776823e-11
-6.2162777e-12
-1.074061e-10
-8.9081758e-12
-1.47429e-10
-1.271456e-11
-2.0108813e-10
-1.8068144e-11
-2.7251208e-10
-2.5555922e-11
-3.6690397e-10
-3.5970262e-11
-4.9077165e-10
-5.0377568e-11
-6.5218772e-10
-7.0211571e-11
-8.6106775e-10
-9.740016e-11
-1.1294421e-09
-1.3453417e-10
-1.4716829e-09
-1.8508215e-10
-1.9046319e-09
-2.5373164e-10
-2.4474875e-09
-3.4642027e-10
-3.1220043e-09
-4.7158431e-10
-3.9496309e-09
-6.3957425e-10
-4.955088e-09
-8.6292076e-10
-6.1648745e-09
-7.6036235e-09
-1.1568022e-09
-1.2583242e-16
-4.4034629e-15
-6.0799809e-16
-1.6857866e-14
-1.6620507e-15
-3.6818782e-14
-3.6093704e-15
-6.794814e-14
-6.9254407e-15
-1.1556088e-13
-1.2309405e-14
-1.8734059e-13
-2.0784052e-14
-2.9435424e-13
-3.3839231e-14
-4.524853e-13
-5.3637089e-14
-6.8444924e-13
-8.3305046e-14
-1.0226135e-12
-1.2735289e-13
-1.5129204e-12
-1.9226475e-13
-2.2203081e-12
-2.8733627e-13
-3.2361438e-12
-4.2585384e-13
-4.6883262e-12
-6.2674746e-13
-6.7548775e-12
-9.1689508e-13
-9.6820241e-12
-1.3343141e-12
-1.3807944e-11
-1.932549e-12
-1.9593529e-11
-2.7866542e-12
-2.7661665e-11
-4.0012742e-12
-3.8846641e-11
-5.721452e-12
-5.4255427e-11
-8.1469367e-12
-7.5342746e-11
-1.1550935e-11
-1.040021e-10
-1.6304472e-11
-1.4267546e-10
-2.290782e-11
-1.9448478e-10
-3.2030926e-11
-2.6338897e-10
-4.456544e-11
-3.5436946e-10
-6.1692017e-11
-4.7364507e-10
-8.4967982e-11
-6.2891176e-10
-1.1644237e-10
-8.2959336e-10
-1.5880678e-10
-1.0870777e-09
-2.1558545e-10
-1.4149043e-09
-2.9133055e-10
-1.8288868e-09
-3.9198018e-10
-2.3468379e-09
-5.2526173e-10
-2.9887227e-09
-7.0066218e-10
-3.7742305e-09
-9.3022488e-10
-4.7255253e-09
-1.2285957e-09
-5.8665037e-09
-7.2198916e-09
-1.6123276e-09
-1.9352844e-16
-4.2099345e-15
-9.3479207e-16
-1.6116602e-14
-2.5545711e-15
-3.5199003e-14
-5.5455522e-15
-6.4957159e-14
-1.0635836e-14
-1.1047059e-13
-1.8894571e-14
-1.7908186e-13
-3.1883356e-14
-2.8136545e-13
-5.1872666e-14
-4.3249599e-13
-8.2150318e-14
-6.5417158e-13
-1.2745977e-13
-9.7730402e-13
-1.9462072e-13
-1.4457594e-12
-2.9340443e-13
-2.1215244e-12
-4.3776283e-13
-3.0917854e-12
-6.4754585e-13
-4.4785432e-12
-9.5088705e-13
-6.4515363e-12
-1.3874962e-12
-9.2454149e-12
-2.0131706e-12
-1.3182269e-11
-2.9059248e-12
-1.8700775e-11
-4.1742459e-12
-2.6393344e-11
-5.9681031e-12
-3.7052784e-11
-8.4934791e-12
-5.1730051e-11
-1.2031359e-11
-7.1804866e-11
-1.6962297e-11
-9.9071165e-11
-2.379794e-11
-1.3583982e-10
-3.3221216e-11
-1.8506151e-10
-4.6137362e-11
-2.5047283e-10
-6.3738652e-11
-3.3676817e-10
-8.7586533e-11
-4.4979719e-10
-1.1971605e-10
-5.9678224e-10
-1.6276902e-10
-7.8654039e-10
-2.2016637e-10
-1.0296804e-09
-2.9633917e-10
-1.3387315e-09
-3.9700365e-10
-1.7282223e-09
-5.2886891e-10
-2.2149727e-09
-7.0114466e-10
-2.816447e-09
-9.2496477e-10
-3.5504104e-09
-1.2135208e-09
-4.4369693e-09
-1.5828001e-09
-5.4972244e-09
-6.7520068e-09
-2.0506849e-09
-2.6081e-16
-3.9491245e-15
-1.2595592e-15
-1.5117853e-14
-3.4415216e-15
-3.3017041e-14
-7.4696167e-15
-6.0929064e-14
-1.4322983e-14
-1.0361723e-13
-2.5438464e-14
-1.6796638e-13
-4.2913114e-14
-2.638908e-13
-6.979317e-14
-4.0561594e-13
-1.104851e-13
-6.1347965e-13
-1.7133829e-13
-9.1645083e-13
-2.6146775e-13
-1.35563e-12
-3.9391078e-13
-1.9890814e-12
-5.87245e-13
-2.8984512e-12
-8.6783916e-13
-4.197949e-12
-1.2729643e-12
-6.0464112e-12
-1.855063e-12
-8.6633162e-12
-2.6875617e-12
-1.2349771e-11
-3.8727127e-12
-1.7515624e-11
-5.5520734e-12
-2.4713984e-11
-7.9203683e-12
-3.4684489e-11
-1.1243633e-11
-4.8406787e-11
-1.5882719e-11
-6.716578e-11
-2.2323447e-11
-9.2630437e-11
-3.121497e-11
-1.269483e-10
-4.341825e-11
-1.7285823e-10
-6.006701e-11
-2.3382406e-10
-8.2644156e-11
-3.1419102e-10
-1.1307727e-10
-4.1936407e-10
-1.5385747e-10
-5.5600205e-10
-2.0818584e-10
-7.3221202e-10
-2.8014973e-10
-9.5771647e-10
-3.749334e-10
-1.2439478e-09
-4.9924533e-10
-1.6039104e-09
-6.6134847e-10
-2.0528695e-09
-8.7110151e-10
-2.6066939e-09
-1.1405343e-09
-3.2809776e-09
-1.4842335e-09
-4.0932701e-09
-1.9193605e-09
-5.0620974e-09
-6.2064849e-09
-2.4648823e-09
-3.2625751e-16
-3.622867e-15
-1.5754711e-15
-1.3868639e-14
-4.3042654e-15
-3.0288247e-14
-9.3410911e-15
-5.5892238e-14
-1.7909149e-14
-9.5049168e-14
-3.1802696e-14
-1.5407283e-13
-5.3639144e-14
-2.4205435e-13
-8.7218424e-14
-3.7203666e-13
-1.380335e-13
-5.6266458e-13
-2.1399292e-13
-8.404914e-13
-3.2643928e-13
-1.2431836e-12
-4.9157798e-13
-1.8239427e-12
-7.3247108e-13
-2.6575581e-12
-1.0818031e-12
-3.848617e-12
-1.5856914e-12
-5.5425229e-12
-2.3088961e-12
-7.9401115e-12
-3.3418824e-12
-1.1316784e-11
-4.8103048e-12
-1.6047201e-11
-6.8876169e-12
-2.2636672e-11
-9.8116554e-12
-3.176045e-11
-1.390622e-11
-4.4312222e-11
-1.960885e-11
-6.146315e-11
-2.7506233e-11
-8.4733053e-11
-3.8378949e-11
-1.1607558e-10
-5.3257615e-11
-1.5797956e-10
-7.3492958e-11
-2.1358872e-10
-1.0084287e-10
-2.8684111e-10
-1.3758002e-10
-3.8262692e-10
-1.8662395e-10
-5.0695811e-10
-2.5170134e-10
-6.6713463e-10
-3.3753735e-10
-8.7188046e-10
-4.5007907e-10
-1.1314061e-09
-5.9664537e-10
-1.4573441e-09
-7.865575e-10
-1.8629574e-09
-1.03094e-09
-2.3623114e-09
-1.3427132e-09
-2.9692044e-09
-1.737266e-09
-3.6987173e-09
-2.2325798e-09
-4.5667836e-09
-5.5904597e-09
-2.848605e-09
-3.8804578e-16
-3.2348212e-15
-1.873711e-15
-1.2382974e-14
-5.1187292e-15
-2.7043229e-14
-1.1107799e-14
-4.9903168e-14
-2.1294486e-14
-8.486248e-14
-3.7810378e-14
-1.3755694e-13
-6.3763975e-14
-2.1610076e-13
-1.0366644e-13
-3.3213419e-13
-1.640359e-13
-5.0229512e-13
-2.5425187e-13
-7.5027543e-13
-3.8775813e-13
-1.1096773e-12
-5.8374781e-13
-1.627953e-12
-8.6951097e-13
-2.371795e-12
-1.2836847e-12
-3.4344433e-12
-1.8807208e-12
-4.9454869e-12
-2.7369773e-12
-7.0838549e-12
-3.9589529e-12
-1.0094809e-11
-5.6943057e-12
-1.4311849e-11
-8.1464475e-12
-2.018453e-11
-1.1593659e-11
-2.8313239e-11
-1.6413848e-11
-3.9492033e-11
-2.3116267e-11
-5.4760732e-11
-3.2381732e-11
-7.5467588e-11
-4.5113186e-11
-1.0334413e-10
-6.2498763e-11
-1.4059398e-10
-8.6089992e-11
-1.8999749e-10
-1.1789818e-10
-2.5503292e-10
-1.6051236e-10
-3.4001275e-10
-2.1724211e-10
-4.5022837e-10
-2.9228766e-10
-5.9208908e-10
-3.909372e-10
-7.7323091e-10
-5.1978248e-10
-1.0025608e-09
-6.8691507e-10
-1.2902115e-09
-9.0233888e-10
-1.6475336e-09
-1.1780944e-09
-2.0865559e-09
-1.5280226e-09
-2.6192762e-09
-1.9682762e-09
-3.2584637e-09
-2.5174492e-09
-4.0176106e-09
-4.9116203e-09
-3.1962886e-09
-4.4460309e-16
-2.7902182e-15
-2.1466979e-15
-1.0680879e-14
-5.8642197e-15
-2.3325707e-14
-1.2724854e-14
-4.3042534e-14
-2.4392962e-14
-7.3194373e-14
-4.3308769e-14
-1.1864113e-13
-7.3030036e-14
-1.8637949e-13
-1.1871848e-13
-2.8644575e-13
-1.8782975e-13
-4.3318385e-13
-2.910883e-13
-6.4701688e-13
-4.4385857e-13
-9.5690705e-13
-6.6806391e-13
-1.4037477e-12
-9.9485664e-13
-2.0450022e-12
-1.4683093e-12
-2.9609906e-12
-2.1504803e-12
-4.2633159e-12
-3.1283077e-12
-6.1060275e-12
-4.5229063e-12
-8.7002101e-12
-6.5019787e-12
-1.2332776e-11
-9.2962046e-12
-1.7390304e-11
-1.322064e-11
-2.4388803e-11
-1.8702333e-11
-3.401034e-11
-2.6315572e-11
-4.7147493e-11
-3.6826393e-11
-6.4956767e-11
-5.1248279e-11
-8.8922241e-11
-7.0911305e-11
-1.2093096e-10
-9.754738e-11
-1.6336142e-10
-1.3339459e-10
-2.1918571e-10
-1.8132373e-10
-2.9208361e-10
-2.4498966e-10
-3.8656244e-10
-3.2900858e-10
-5.0807015e-10
-4.3915899e-10
-6.630805e-10
-5.8259709e-10
-8.5912271e-10
-7.6807368e-10
-1.1047349e-09
-1.0062294e-09
-1.4093779e-09
-1.3097429e-09
-1.7830424e-09
-1.6932182e-09
-2.2358008e-09
-2.173473e-09
-2.7782089e-09
-2.7696354e-09
-3.4214482e-09
-4.1781381e-09
-3.5031175e-09
-4.9433304e-16
-2.2958851e-15
-2.3867203e-15
-8.7884919e-15
-6.5196691e-15
-1.9192758e-14
-1.4146571e-14
-3.5415632e-14
-2.7117102e-14
-6.0223843e-14
-4.8142813e-14
-9.7615418e-14
-8.1176401e-14
-1.533459e-13
-1.3195144e-13
-2.3567071e-13
-2.0874769e-13
-3.563876e-13
-3.2347173e-13
-5.3229284e-13
-4.9317602e-13
-7.8720275e-13
-7.4218316e-13
-1.1547405e-12
-1.105039e-12
-1.6821464e-12
-1.6305908e-12
-2.4354387e-12
-2.3875772e-12
-3.5063295e-12
-3.472224e-12
-5.0213807e-12
-5.0184714e-12
-7.1539627e-12
-7.2115991e-12
-1.0139649e-11
-1.0306181e-11
-1.4295722e-11
-1.4649466e-11
-2.0045518e-11
-2.0711476e-11
-2.794833e-11
-2.9123295e-11
-3.8735674e-11
-4.0725268e-11
-5.3354794e-11
-5.6627091e-11
-7.3020419e-11
-7.8282111e-11
-9.927594e-11
-1.0757848e-10
-1.3406505e-10
-1.4695008e-10
-1.7981411e-10
-1.9951001e-10
-2.3952367e-10
-2.6920866e-10
-3.1686379e-10
-3.6101635e-10
-4.1626247e-10
-4.8112684e-10
-5.4297001e-10
-6.3717254e-10
-7.0307701e-10
-8.3844008e-10
-9.0346735e-10
-1.0961062e-09
-1.1517118e-09
-1.4233651e-09
-1.4557835e-09
-1.835401e-09
-1.823765e-09
-2.3495585e-09
-2.2640514e-09
-2.9854314e-09
-2.7855753e-09
-3.3985732e-09
-3.7649963e-09
-5.3593114e-16
-1.759954e-15
-2.5874945e-15
-6.7369286e-15
-7.067915e-15
-1.4712337e-14
-1.5335706e-14
-2.7147841e-14
-2.9395495e-14
-4.6164054e-14
-5.2185683e-14
-7.4825231e-14
-8.7989123e-14
-1.1754246e-13
-1.4301742e-13
-1.8064242e-13
-2.2623908e-13
-2.7316593e-13
-3.5054859e-13
-4.0798334e-13
-5.3440875e-13
-6.0334259e-13
-8.0414629e-13
-8.8500298e-13
-1.197141e-12
-1.2891517e-12
-1.7662263e-12
-1.8663533e-12
-2.5857158e-12
-2.6868401e-12
-3.7595832e-12
-3.8475132e-12
-5.4324627e-12
-5.4810832e-12
-7.804283e-12
-7.7678283e-12
-1.1149519e-11
-1.0950487e-11
-1.5842217e-11
-1.535282e-11
-2.2388137e-11
-2.140241e-11
-3.1465552e-11
-2.9658259e-11
-4.3976469e-11
-4.0843876e-11
-6.1110306e-11
-5.5886582e-11
-8.4422359e-11
-7.5963887e-11
-1.1592971e-10
-1.0255769e-10
-1.5822739e-10
-1.3751643e-10
-2.1462727e-10
-1.831238e-10
-2.8932125e-10
-2.4216981e-10
-3.8756779e-10
-3.1801592e-10
-5.1589694e-10
-4.1464086e-10
-6.8232365e-10
-5.366503e-10
-8.965559e-10
-6.892351e-10
-1.1701933e-09
-8.780744e-10
-1.5168397e-09
-1.109137e-09
-1.9521144e-09
-1.3884903e-09
-2.4937608e-09
-1.7224051e-09
-3.1617526e-09
-2.1175835e-09
-2.5817921e-09
-3.9785337e-09
-5.6727991e-16
-1.1926742e-15
-2.7388225e-15
-4.565386e-15
-7.4813093e-15
-9.9698507e-15
-1.6232994e-14
-1.8396157e-14
-3.1116588e-14
-3.1280459e-14
-5.52444e-14
-5.0697419e-14
-9.3154158e-14
-7.9632703e-14
-1.5142903e-13
-1.2236754e-13
-2.3957534e-13
-1.8501963e-13
-3.7125773e-13
-2.7630094e-13
-5.6603526e-13
-4.0856506e-13
-8.517914e-13
-5.9924685e-13
-1.2681062e-12
-8.7283693e-13
-1.8709067e-12
-1.2635529e-12
-2.7388302e-12
-1.8189166e-12
-3.9818565e-12
-2.6044869e-12
-5.7529037e-12
-3.7100361e-12
-8.2632405e-12
-5.2574915e-12
-1.1802738e-11
-7.4109895e-12
-1.6766157e-11
-1.0389401e-11
-2.3686869e-11
-1.4481698e-11
-3.3279571e-11
-2.0065557e-11
-4.6493824e-11
-2.7629623e-11
-6.4580461e-11
-3.7799945e-11
-8.9173213e-11
-5.1371135e-11
-1.2238819e-10
-6.9342715e-11
-1.6694391e-10
-9.2960707e-11
-2.2630423e-10
-1.2376348e-10
-3.0484513e-10
-1.6362891e-10
-4.0804391e-10
-2.1481714e-10
-5.4268485e-10
-2.7999993e-10
-7.1707004e-10
-3.6226511e-10
-9.4121959e-10
-4.6508555e-10
-1.2270461e-09
-5.9224787e-10
-1.5884574e-09
-7.4772578e-10
-2.0413839e-09
-9.3556379e-10
-2.6038569e-09
-1.159932e-09
-3.2961376e-09
-1.4253028e-09
-1.7368986e-09
-4.141031e-09
-5.8909472e-16
-6.0357948e-16
-2.8442296e-15
-2.3102511e-15
-7.7700864e-15
-5.0439939e-15
-1.6862113e-14
-9.3041295e-15
-3.2327989e-14
-1.5814584e-14
-5.7405015e-14
-2.5620394e-14
-9.6812668e-14
-4.022505e-14
-1.5739462e-13
-6.1785593e-14
-2.4902335e-13
-9.3390896e-14
-3.8587725e-13
-1.3944705e-13
-5.8825126e-13
-2.0619104e-13
-8.850841e-13
-3.0241401e-13
-1.3174503e-12
-4.4047077e-13
-1.9433794e-12
-6.3762371e-13
-2.8444497e-12
-9.1784635e-13
-4.1347278e-12
-1.3142088e-12
-5.9727733e-12
-1.8719906e-12
-8.5775813e-12
-2.6526834e-12
-1.2249515e-11
-3.7390555e-12
-1.7397457e-11
-5.2414593e-12
-2.4573587e-11
-7.3055679e-12
-3.451741e-11
-1.0121734e-11
-4.8210845e-11
-1.3936188e-11
-6.6946466e-11
-1.9064324e-11
-9.2411252e-11
-2.5906349e-11
-1.2678845e-10
-3.496552e-11
-1.7288017e-10
-4.6868987e-11
-2.3425293e-10
-6.2390717e-11
-3.1540684e-10
-8.2475008e-11
-4.2196631e-10
-1.0825766e-10
-5.6088596e-10
-1.4108028e-10
-7.4065917e-10
-1.824919e-10
-9.715123e-10
-2.3423242e-10
-1.2655648e-09
-2.9819532e-10
-1.6369249e-09
-3.7636574e-10
-2.1017234e-09
-4.7076529e-10
-2.6781792e-09
-5.8347619e-10
-3.3867455e-09
-7.1673654e-10
-8.7317068e-10
-4.2504735e-09
-6.0357949e-16
-2.9138306e-15
-7.9578245e-15
-1.7261954e-14
-3.3076538e-14
-5.8696931e-14
-9.8921981e-14
-1.6070757e-13
-2.5409847e-13
-3.9354552e-13
-5.9973656e-13
-9.0215057e-13
-1.3426213e-12
-1.980245e-12
-2.8980914e-12
-4.2123002e-12
-6.0842908e-12
-8.7369742e-12
-1.247603e-11
-1.7717489e-11
-2.5023057e-11
-3.5144791e-11
-4.9080979e-11
-6.8145304e-11
-9.4051653e-11
-1.2901717e-10
-1.7588616e-10
-2.3827688e-10
-3.2075189e-10
-4.2900955e-10
-5.7008983e-10
-7.5258173e-10
-9.8681415e-10
-1.2850095e-09
-1.6613752e-09
-2.1321405e-09
-2.7156167e-09
-3.4323532e-09
-4.3055239e-09
1.2970507e-09
-1.8383948e-10
1.493226e-09
-1.9617527e-10
1.698105e-09
-2.0487898e-10
1.9127659e-09
-2.1466091e-10
2.1367291e-09
-2.2396323e-10
2.3695606e-09
-2.3283149e-10
2.6105824e-09
-2.4102174e-10
2.8586951e-09
-2.4811269e-10
3.1124079e-09
-2.5371279e-10
3.3697006e-09
-2.572927e-10
3.6279372e-09
-2.5823663e-10
3.88374e-09
-2.5580273e-10
4.1329758e-09
-2.4923587e-10
4.369932e-09
-2.3695616e-10
-2.2013912e-10
4.5900711e-09
1.3389767e-09
-3.7284797e-10
1.5409238e-09
-3.981223e-10
1.7520355e-09
-4.1599072e-10
1.9734185e-09
-4.3604391e-10
2.2045361e-09
-4.5508086e-10
2.4449426e-09
-4.7323796e-10
2.6939102e-09
-4.8998928e-10
2.9502961e-09
-5.0449866e-10
3.2125435e-09
-5.1596017e-10
3.4785506e-09
-5.2329977e-10
3.7455814e-09
-5.2526748e-10
4.0101226e-09
-5.2034393e-10
4.2679015e-09
-5.0701479e-10
4.5129759e-09
-4.8203048e-10
-4.478138e-10
4.7406505e-09
1.3857613e-09
-5.6767902e-10
1.5941749e-09
-6.0653586e-10
1.8123062e-09
-6.3412204e-10
2.0412415e-09
-6.6497923e-10
2.2803963e-09
-6.942357e-10
2.5292963e-09
-7.221379e-10
2.7871544e-09
-7.4784738e-10
3.05277e-09
-7.7011424e-10
3.3245029e-09
-7.8769312e-10
3.6001507e-09
-7.9894759e-10
3.8768558e-09
-8.0197256e-10
4.1509474e-09
-7.9443553e-10
4.417983e-09
-7.7405032e-10
4.6717834e-09
-7.3583094e-10
-6.8344512e-10
4.9074147e-09
1.4378957e-09
-7.6908575e-10
1.6535799e-09
-8.2222005e-10
1.8796333e-09
-8.6017542e-10
2.1170681e-09
-9.0241401e-10
2.3652631e-09
-9.4243068e-10
2.6236952e-09
-9.8057007e-10
2.8915089e-09
-1.0156611e-09
3.1674283e-09
-1.0460336e-09
3.4497116e-09
-1.0699764e-09
3.7360342e-09
-1.0852702e-09
4.0233924e-09
-1.0893308e-09
4.3079358e-09
-1.0789789e-09
4.5850172e-09
-1.0511317e-09
4.8482153e-09
-9.990291e-10
-9.274972e-10
5.0922674e-09
1.4957561e-09
-9.7790965e-10
1.7196267e-09
-1.0460907e-09
1.954617e-09
-1.0951657e-09
2.2016159e-09
-1.1494129e-09
2.4599724e-09
-1.2007872e-09
2.7290964e-09
-1.2496941e-09
3.0080522e-09
-1.2946168e-09
3.29547e-09
-1.3334515e-09
3.589486e-09
-1.3639924e-09
3.8876308e-09
-1.383415e-09
4.1867288e-09
-1.3884288e-09
4.4827254e-09
-1.3749755e-09
4.7707339e-09
-1.3391401e-09
5.0440816e-09
-1.2723768e-09
-1.1805044e-09
5.2970888e-09
1.5595475e-09
-1.1950682e-09
1.7926226e-09
-1.2791658e-09
2.0376738e-09
-1.3402169e-09
2.2954131e-09
-1.4071522e-09
2.565166e-09
-1.4705401e-09
2.8462596e-09
-1.5307877e-09
3.1376642e-09
-1.5860213e-09
3.4378962e-09
-1.6336835e-09
3.7449481e-09
-1.6710443e-09
4.0561818e-09
-1.6946487e-09
4.368223e-09
-1.7004699e-09
4.676788e-09
-1.6835405e-09
4.9767157e-09
-1.6390679e-09
5.26107e-09
-1.5567311e-09
-1.4431022e-09
5.5236677e-09
1.6292364e-09
-1.4215338e-09
1.8726185e-09
-1.5225479e-09
2.1289591e-09
-1.5965575e-09
2.3987146e-09
-1.6769077e-09
2.681203e-09
-1.7530285e-09
2.9756553e-09
-1.82524e-09
3.2809313e-09
-1.8912974e-09
3.5954129e-09
-1.9481651e-09
3.9169264e-09
-1.9925578e-09
4.2426405e-09
-2.0203628e-09
4.568956e-09
-2.0267854e-09
4.8913347e-09
-2.0059192e-09
5.204308e-09
-1.9520413e-09
5.5006614e-09
-1.8530844e-09
-1.7160658e-09
5.773625e-09
1.7044743e-09
-1.6583008e-09
1.9593272e-09
-1.7774008e-09
2.2282834e-09
-1.8655137e-09
2.5114095e-09
-1.9600338e-09
2.8080622e-09
-2.0496812e-09
3.1173638e-09
-2.1345415e-09
3.4380432e-09
-2.2119768e-09
3.7683258e-09
-2.2784477e-09
4.1058496e-09
-2.3300816e-09
4.4475665e-09
-2.3620797e-09
4.7896269e-09
-2.3688458e-09
5.1272139e-09
-2.3435062e-09
5.4545208e-09
-2.2793481e-09
5.7640382e-09
-2.1626019e-09
-2.000358e-09
6.0483305e-09
1.7845178e-09
-1.9063361e-09
2.0520481e-09
-2.0449312e-09
2.3350228e-09
-2.1484884e-09
2.6329237e-09
-2.2579346e-09
2.9452417e-09
-2.3619993e-09
3.2709714e-09
-2.4602712e-09
3.608686e-09
-2.5496914e-09
3.9564323e-09
-2.6261939e-09
4.3116381e-09
-2.6852875e-09
4.6710167e-09
-2.7214583e-09
5.0304454e-09
-2.7282745e-09
5.3848067e-09
-2.6978675e-09
5.7279282e-09
-2.6224697e-09
6.0519897e-09
-2.4866634e-09
-2.2971838e-09
6.3488155e-09
1.8684885e-09
-2.1668574e-09
2.1499483e-09
-2.3263909e-09
2.4480444e-09
-2.4465845e-09
2.7621212e-09
-2.5720114e-09
3.0916598e-09
-2.6915379e-09
3.4354705e-09
-2.8040819e-09
3.7919415e-09
-2.9061625e-09
4.1589192e-09
-2.9931715e-09
4.5336015e-09
-3.0599698e-09
4.9124437e-09
-3.1003005e-09
5.2910315e-09
-3.1068623e-09
5.6639283e-09
-3.0707642e-09
6.0245736e-09
-2.9831151e-09
6.3648205e-09
-2.8269103e-09
-2.6080506e-09
6.6756873e-09
1.9551436e-09
-2.4413828e-09
2.2515483e-09
-2.6227957e-09
2.5654746e-09
-2.7605108e-09
2.8972065e-09
-2.9037433e-09
3.2455695e-09
-3.0399009e-09
3.6091726e-09
-3.1676849e-09
3.9861999e-09
-3.2831898e-09
4.3742761e-09
-3.3812477e-09
4.7703519e-09
-3.4560457e-09
5.17061e-09
-3.5005586e-09
5.5703304e-09
-3.5065827e-09
5.9637446e-09
-3.4641784e-09
6.3438869e-09
-3.3632574e-09
6.7022708e-09
-3.1852942e-09
-2.9348318e-09
7.029052e-09
2.0411689e-09
-2.7306066e-09
2.3536043e-09
-2.9352311e-09
2.6848779e-09
-3.0917844e-09
3.0356909e-09
-3.2545562e-09
3.4044942e-09
-3.4087043e-09
3.7896461e-09
-3.5528368e-09
4.1890986e-09
-3.6826423e-09
4.600235e-09
-3.7923841e-09
5.0197451e-09
-3.8755557e-09
5.4435289e-09
-3.9243424e-09
5.866554e-09
-3.9296078e-09
6.2827135e-09
-3.8803379e-09
6.6846258e-09
-3.7651697e-09
7.0634559e-09
-3.5641243e-09
-3.2798289e-09
7.408453e-09
2.1229622e-09
-3.0346661e-09
2.4524473e-09
-3.2647162e-09
2.8029477e-09
-3.4422848e-09
3.174317e-09
-3.6259254e-09
3.5651919e-09
-3.7995792e-09
3.9736867e-09
-3.9613315e-09
4.3974968e-09
-4.1064525e-09
4.8337475e-09
-4.2286348e-09
5.2788584e-09
-4.3206666e-09
5.7284442e-09
-4.3739282e-09
6.1771599e-09
-4.3783235e-09
6.618562e-09
-4.32174e-09
7.0448493e-09
-4.191457e-09
7.4468354e-09
-3.9661104e-09
-3.6458271e-09
7.8128337e-09
2.1976189e-09
-3.3541089e-09
2.5447984e-09
-3.6118956e-09
2.9156586e-09
-3.8131451e-09
3.3090726e-09
-4.0193395e-09
3.7236686e-09
-4.2141753e-09
4.1573351e-09
-4.394998e-09
4.607497e-09
-4.5566144e-09
5.0710094e-09
-4.6921472e-09
5.544018e-09
-4.7936752e-09
6.0218564e-09
-4.8517666e-09
6.4988763e-09
-4.8553434e-09
6.9683072e-09
-4.7911709e-09
7.4219331e-09
-4.6450828e-09
7.850219e-09
-4.3943963e-09
-4.0361403e-09
8.2405322e-09
2.2609745e-09
-3.6894208e-09
2.6263283e-09
-3.9772494e-09
3.0184592e-09
-4.205276e-09
3.4352893e-09
-4.4361695e-09
3.8752474e-09
-4.6541334e-09
4.3359472e-09
-4.8556978e-09
4.81452e-09
-5.0351872e-09
5.3075394e-09
-5.1851666e-09
5.8108791e-09
-5.2970149e-09
6.3196042e-09
-5.3604917e-09
6.8277804e-09
-5.3635196e-09
7.3283296e-09
-5.2917201e-09
7.8126324e-09
-5.1293857e-09
8.2708167e-09
-4.8525806e-09
-4.4546373e-09
8.6893137e-09
2.308027e-09
-4.0408526e-09
2.6919126e-09
-4.361135e-09
3.1061802e-09
-4.6195436e-09
3.5477299e-09
-4.8777192e-09
4.0146848e-09
-5.1210883e-09
4.5043192e-09
-5.3453323e-09
5.0134357e-09
-5.5443037e-09
5.538314e-09
-5.7100448e-09
6.0745632e-09
-5.8332641e-09
6.6170001e-09
-5.9029286e-09
7.159431e-09
-5.9059505e-09
7.6944972e-09
-5.8267863e-09
8.2131957e-09
-5.6480842e-09
8.7053351e-09
-5.34472e-09
-4.9057464e-09
9.1564443e-09
2.33332e-09
-4.4085069e-09
2.7359684e-09
-4.7637834e-09
3.1731834e-09
-5.0567587e-09
3.6407332e-09
-5.345269e-09
4.136337e-09
-5.6166921e-09
4.6568647e-09
-5.86586e-09
5.1987462e-09
-6.0861852e-09
5.7579542e-09
-6.2692528e-09
6.3298458e-09
-6.4051557e-09
6.9090177e-09
-6.4821005e-09
7.4890512e-09
-6.4859841e-09
8.0623404e-09
-6.4000755e-09
8.6195248e-09
-6.2052686e-09
9.1501191e-09
-5.8753143e-09
-5.3944334e-09
9.6388061e-09
2.3310574e-09
-4.7924165e-09
2.7526383e-09
-5.1853642e-09
3.213568e-09
-5.5176884e-09
3.7084165e-09
-5.8401174e-09
4.2343734e-09
-6.1426491e-09
4.7878357e-09
-6.4193223e-09
5.3648122e-09
-6.6631616e-09
5.9609548e-09
-6.8653953e-09
6.5713865e-09
-7.0155874e-09
7.1905197e-09
-7.1012337e-09
7.8117511e-09
-7.1072155e-09
8.4272652e-09
-7.0155896e-09
9.0273747e-09
-6.8053782e-09
9.6013307e-09
-6.4492702e-09
-5.9261515e-09
1.0133049e-08
2.2952853e-09
-5.1926355e-09
2.7360269e-09
-5.6261058e-09
3.2214179e-09
-6.0030794e-09
3.7449209e-09
-6.3636205e-09
4.3030238e-09
-6.700752e-09
4.891574e-09
-7.0078725e-09
5.5061057e-09
-7.2776933e-09
6.1419374e-09
-7.501227e-09
6.7939819e-09
-7.6676319e-09
7.4565088e-09
-7.7637606e-09
8.1227741e-09
-7.7734809e-09
8.7847904e-09
-7.6776059e-09
9.4325766e-09
-7.4531644e-09
1.0055154e-08
-7.0718473e-09
-6.5067645e-09
1.0635767e-08
2.2200663e-09
-5.6093043e-09
2.6804471e-09
-6.0864865e-09
3.1910697e-09
-6.513702e-09
3.7446736e-09
-6.9172244e-09
4.3368405e-09
-7.2929189e-09
4.962772e-09
-7.6338041e-09
5.6174706e-09
-7.9323919e-09
6.2959104e-09
-8.1796669e-09
6.9928238e-09
-8.3645453e-09
7.7023827e-09
-8.4733194e-09
8.4177467e-09
-8.4888449e-09
9.130789e-09
-8.3906482e-09
9.8312676e-09
-8.153643e-09
1.0508006e-08
-7.7485861e-09
-7.1424465e-09
1.1143688e-08
2.099541e-09
-6.0425624e-09
2.580548e-09
-6.5674935e-09
3.1173223e-09
-7.0504763e-09
3.7026185e-09
-7.5025207e-09
4.3309391e-09
-7.9212395e-09
4.9967186e-09
-8.2995836e-09
5.6943685e-09
-8.6300418e-09
6.4185133e-09
-8.9038117e-09
7.1637409e-09
-9.1097729e-09
7.9241725e-09
-9.2337511e-09
8.692911e-09
-9.2575834e-09
9.4617125e-09
-9.1594496e-09
1.0220105e-08
-8.9120353e-09
1.0956744e-08
-8.4852253e-09
-7.8395619e-09
1.1653859e-08
1.9283192e-09
-6.492345e-09
2.4314394e-09
-7.0706137e-09
2.9956397e-09
-7.6146766e-09
3.6144489e-09
-8.1213299e-09
4.2812352e-09
-8.5880257e-09
4.9895316e-09
-9.00788e-09
5.7331044e-09
-9.3736146e-09
6.5062352e-09
-9.6769424e-09
7.3034113e-09
-9.906949e-09
8.118749e-09
-1.0049089e-08
8.9453237e-09
-1.0084158e-08
9.7747809e-09
-9.9889067e-09
1.0596447e-08
-9.7337014e-09
1.1398829e-08
-9.2876073e-09
-8.6045351e-09
1.2163802e-08
1.7032323e-09
-6.9586835e-09
2.2301107e-09
-7.597492e-09
2.8231369e-09
-8.2077028e-09
3.4772487e-09
-8.7754417e-09
4.1848545e-09
-9.2956315e-09
4.9384339e-09
-9.7614595e-09
5.7310324e-09
-1.0166213e-08
6.5565861e-09
-1.0502496e-08
7.4095176e-09
-1.075988e-08
8.2839674e-09
-1.0923539e-08
9.1729938e-09
-1.0973185e-08
1.0068113e-08
-1.0884026e-08
1.0958486e-08
-1.0624075e-08
1.1832445e-08
-1.0161566e-08
-9.4437355e-09
1.2671645e-08
1.429093e-09
-7.4452982e-09
1.9789678e-09
-8.1473668e-09
2.6005346e-09
-8.8292697e-09
3.2904484e-09
-9.4653554e-09
4.0405229e-09
-1.0045706e-08
4.8418766e-09
-1.0562813e-08
5.6865759e-09
-1.1010912e-08
6.5680884e-09
-1.1384009e-08
7.4807359e-09
-1.1672528e-08
8.4186637e-09
-1.1861466e-08
9.3748858e-09
-1.1929407e-08
1.0340748e-08
-1.1849888e-08
1.1305256e-08
-1.1588583e-08
1.2256668e-08
-1.1112978e-08
1.3175945e-08
-1.0363012e-08
4.6700127e-09
-7.9941576e-11
4.7520739e-09
-8.2061248e-11
4.83439e-09
-8.2316174e-11
4.9162261e-09
-8.1836112e-11
4.9974733e-09
-8.1247204e-11
5.0775242e-09
-8.0050894e-11
5.1561243e-09
-7.8600128e-11
5.2330045e-09
-7.6880184e-11
5.3078345e-09
-7.4830076e-11
5.380643e-09
-7.2808464e-11
5.4506715e-09
-7.0028557e-11
5.519236e-09
-6.8564476e-11
5.5819761e-09
-6.2740114e-11
5.6503415e-09
-6.8365452e-11
-4.5965945e-11
4.8218136e-09
-1.6110461e-10
4.9052439e-09
-1.6549162e-10
4.9890377e-09
-1.6610989e-10
5.0724594e-09
-1.6525781e-10
5.1553704e-09
-1.6415821e-10
5.2371515e-09
-1.6183206e-10
5.3175271e-09
-1.589757e-10
5.3962122e-09
-1.5556526e-10
5.4728604e-09
-1.5147831e-10
5.5474878e-09
-1.4743586e-10
5.6193148e-09
-1.4185557e-10
5.6896732e-09
-1.3892288e-10
5.7540999e-09
-1.2716676e-10
5.8242903e-09
-1.3855591e-10
-9.3203058e-11
4.9884677e-09
-2.4215758e-10
5.0719916e-09
-2.4901554e-10
5.1561374e-09
-2.5025564e-10
5.2401415e-09
-2.4926198e-10
5.3238324e-09
-2.4784909e-10
5.406575e-09
-2.4457462e-10
5.4880605e-09
-2.4046128e-10
5.5679796e-09
-2.3548433e-10
5.6459604e-09
-2.2945906e-10
5.7219953e-09
-2.2347081e-10
5.7952775e-09
-2.1513777e-10
5.8671408e-09
-2.1078617e-10
5.9330268e-09
-1.9305279e-10
6.0048084e-09
-2.1033753e-10
-1.4157332e-10
5.1716976e-09
-3.2158781e-10
5.25386e-09
-3.3117792e-10
5.3370681e-09
-3.3346369e-10
5.4204987e-09
-3.3269264e-10
5.5039476e-09
-3.31298e-10
5.5867583e-09
-3.273853e-10
5.6685777e-09
-3.2228066e-10
5.7490621e-09
-3.1596873e-10
5.8278038e-09
-3.0820075e-10
5.9047604e-09
-3.0042744e-10
5.9790896e-09
-2.8946693e-10
6.0521133e-09
-2.838099e-10
6.1191827e-09
-2.6012222e-10
6.1922778e-09
-2.8343264e-10
-1.9090823e-10
5.3732231e-09
-3.9772206e-10
5.4524141e-09
-4.1036889e-10
5.5332415e-09
-4.1429113e-10
5.6147996e-09
-4.1425069e-10
5.6968511e-09
-4.1334953e-10
5.7787141e-09
-4.0924831e-10
5.85998e-09
-4.0354657e-10
5.9402614e-09
-3.9625015e-10
6.019104e-09
-3.8704338e-10
6.0964186e-09
-3.77742e-10
6.1713185e-09
-3.6436686e-10
6.2450983e-09
-3.5758963e-10
6.3130237e-09
-3.2804762e-10
6.3871055e-09
-3.5751444e-10
-2.4101061e-10
5.5947103e-09
-4.6876467e-10
5.6691982e-09
-4.8485682e-10
5.7460719e-09
-4.9116484e-10
5.8243318e-09
-4.9251052e-10
5.9037078e-09
-4.9272556e-10
5.9834914e-09
-4.8903195e-10
6.0632089e-09
-4.8326406e-10
6.1424204e-09
-4.7546168e-10
6.2206149e-09
-4.6523786e-10
6.297644e-09
-4.5477104e-10
6.3725681e-09
-4.39291e-10
6.4466362e-09
-4.3165776e-10
6.5150351e-09
-3.9644648e-10
6.5897247e-09
-4.3220405e-10
-2.9165468e-10
5.8377108e-09
-5.3285047e-10
5.9056881e-09
-5.5283417e-10
5.9769385e-09
-5.6241524e-10
6.0503737e-09
-5.6594567e-10
6.1256917e-09
-5.6804359e-10
6.2021607e-09
-5.6550096e-10
6.279235e-09
-5.6033835e-10
6.3564155e-09
-5.526422e-10
6.4331256e-09
-5.4194796e-10
6.5091462e-09
-5.3079167e-10
6.5834767e-09
-5.1362143e-10
6.6573001e-09
-5.0548117e-10
6.7257318e-09
-4.6487819e-10
6.8006028e-09
-5.0707503e-10
-3.4259319e-10
6.1035922e-09
-5.8811217e-10
6.1632344e-09
-6.1247636e-10
6.227141e-09
-6.2632186e-10
6.2941596e-09
-6.3296429e-10
6.3639592e-09
-6.3784315e-10
6.4357938e-09
-6.3733557e-10
6.5090434e-09
-6.3358798e-10
6.5831462e-09
-6.2674501e-10
6.6574537e-09
-6.1625544e-10
6.7316661e-09
-6.0500409e-10
6.8047142e-09
-5.8666951e-10
6.8776931e-09
-5.7846005e-10
6.9456589e-09
-5.3284406e-10
7.0202432e-09
-5.8165925e-10
-3.9355886e-10
6.3934644e-09
-6.3276112e-10
6.4430009e-09
-6.6201287e-10
6.4978498e-09
-6.8117071e-10
6.5568402e-09
-6.9195469e-10
6.6196181e-09
-7.0062103e-10
6.6854403e-09
-7.0315779e-10
6.7536163e-09
-7.0176396e-10
6.8235223e-09
-6.9665108e-10
6.8944358e-09
-6.871689e-10
6.9659687e-09
-6.7653706e-10
7.036978e-09
-6.5767876e-10
7.1084461e-09
-6.4992818e-10
7.1753883e-09
-5.9978621e-10
7.2491722e-09
-6.5544319e-10
-4.442587e-10
6.7081046e-09
-6.6517835e-10
6.7459001e-09
-6.9980842e-10
6.7900519e-09
-7.2532248e-10
6.8394379e-09
-7.413407e-10
6.8936924e-09
-7.5487552e-10
6.9521e-09
-7.6156539e-10
7.0139113e-09
-7.6357527e-10
7.078448e-09
-7.6118775e-10
7.1449159e-09
-7.5363685e-10
7.2128356e-09
-7.4445672e-10
7.2809871e-09
-7.2583026e-10
7.3502141e-09
-7.1915523e-10
7.4155161e-09
-6.6508822e-10
7.487943e-09
-7.2787003e-10
-4.9437377e-10
7.0478849e-09
-6.8401127e-10
7.0725273e-09
-7.2445082e-10
7.1044944e-09
-7.5728955e-10
7.1427994e-09
-7.7964573e-10
7.187083e-09
-7.9915904e-10
7.2366912e-09
-8.1117368e-10
7.2908373e-09
-8.177213e-10
7.3488026e-09
-8.1915308e-10
7.4097314e-09
-8.1456561e-10
7.4730539e-09
-8.0777926e-10
7.5374746e-09
-7.9025098e-10
7.6036718e-09
-7.8535241e-10
7.6666733e-09
-7.2808967e-10
7.7371461e-09
-7.9834285e-10
-5.4354757e-10
7.4127112e-09
-6.8826949e-10
7.4231007e-09
-7.3484034e-10
7.4416295e-09
-7.7581836e-10
7.4675471e-09
-8.0556327e-10
7.5005261e-09
-8.3213804e-10
7.5400167e-09
-8.5066432e-10
7.5852262e-09
-8.6293079e-10
7.6354192e-09
-8.6934615e-10
7.6896958e-09
-8.6884219e-10
7.7474043e-09
-8.6548772e-10
7.8071788e-09
-8.5002545e-10
7.8695112e-09
-8.4768481e-10
7.9295169e-09
-7.8809544e-10
7.9973911e-09
-8.6621701e-10
-5.9138872e-10
7.8019762e-09
-6.7741202e-10
7.79741e-09
-7.3027416e-10
7.801564e-09
-7.7997232e-10
7.8140313e-09
-8.1803056e-10
7.8345512e-09
-8.5265803e-10
7.8627272e-09
-8.7884027e-10
7.8978033e-09
-8.9800689e-10
7.9390602e-09
-9.1060308e-10
7.9855803e-09
-9.1536234e-10
8.036646e-09
-9.1655336e-10
8.0908315e-09
-9.0421099e-10
8.1484291e-09
-9.0528236e-10
8.2047095e-09
-8.4437581e-10
8.2692908e-09
-9.3079834e-10
-6.3748017e-10
8.2145371e-09
-6.5141696e-10
8.1947813e-09
-7.1051829e-10
8.184018e-09
-7.6920908e-10
8.1822885e-09
-8.1630103e-10
8.189441e-09
-8.5981054e-10
8.2052852e-09
-8.9468447e-10
8.2291555e-09
-9.2187715e-10
8.2603907e-09
-9.4183828e-10
8.2980919e-09
-9.5306362e-10
8.3415e-09
-9.5996143e-10
8.3891461e-09
-9.5185704e-10
8.4411217e-09
-9.5725799e-10
8.4929281e-09
-8.9618225e-10
8.5534754e-09
-9.9134562e-10
-6.8136433e-10
8.6487215e-09
-6.1082473e-10
8.6140623e-09
-6.7585909e-10
8.5882984e-09
-7.4344521e-10
8.5720076e-09
-8.000102e-10
8.565195e-09
-8.5299792e-10
8.5679304e-09
-8.974199e-10
8.5796998e-09
-9.3364659e-10
8.5999513e-09
-9.6208981e-10
8.6278507e-09
-9.8096297e-10
8.6626306e-09
-9.9474139e-10
8.7028039e-09
-9.9203028e-10
8.7482833e-09
-1.0027374e-09
8.7948595e-09
-9.4275847e-10
8.8505848e-09
-1.0470709e-09
-7.2254781e-10
9.1023667e-09
-5.567472e-10
9.0536345e-09
-6.2712684e-10
9.01329e-09
-7.0310076e-10
8.9825086e-09
-7.6922876e-10
8.9615019e-09
-8.319912e-10
8.9506489e-09
-8.8656698e-10
8.9496536e-09
-9.3265128e-10
8.958131e-09
-9.7056721e-10
8.9753657e-09
-9.9819768e-10
9.0006253e-09
-1.0200009e-09
9.0324404e-09
-1.0238454e-09
9.0705834e-09
-1.0408804e-09
9.1111725e-09
-9.8334756e-10
9.1612558e-09
-1.0971542e-09
-7.6051443e-10
9.5728962e-09
-4.9083735e-10
9.5114547e-09
-5.6568533e-10
9.4574707e-09
-6.4911672e-10
9.4127388e-09
-7.2449687e-10
9.377723e-09
-7.9697541e-10
9.3531503e-09
-8.6199433e-10
9.3390084e-09
-9.1850931e-10
9.3351408e-09
-9.6669961e-10
9.3410116e-09
-1.0040685e-09
9.3559736e-09
-1.034963e-09
9.3786235e-09
-1.0464952e-09
9.4086397e-09
-1.0708966e-09
9.4425021e-09
-1.01721e-09
9.4861166e-09
-1.1407687e-09
-7.9473318e-10
1.0057429e-08
-4.1521766e-10
9.985128e-09
-4.9338431e-10
9.9189515e-09
-5.8294023e-10
9.8612885e-09
-6.6683384e-10
9.8128901e-09
-7.4857706e-10
9.7748538e-09
-8.2395794e-10
9.7475098e-09
-8.9116532e-10
9.7309913e-09
-9.5018121e-10
9.7250057e-09
-9.9808282e-10
9.7290471e-09
-1.0390044e-09
9.7418354e-09
-1.0592835e-09
9.7630109e-09
-1.0920721e-09
9.7894484e-09
-1.0436475e-09
9.8257792e-09
-1.1770995e-09
-8.2466827e-10
1.0552919e-08
-3.3237018e-10
1.047201e-08
-4.1247505e-10
1.0395544e-08
-5.0647427e-10
1.0326429e-08
-5.9771898e-10
1.0265721e-08
-6.878688e-10
1.0214887e-08
-7.731242e-10
1.0174646e-08
-8.5092446e-10
1.0145476e-08
-9.2101092e-10
1.0127389e-08
-9.7999531e-10
1.0120079e-08
-1.0316947e-09
1.0122453e-08
-1.0616581e-09
1.0134181e-08
-1.1037994e-09
1.0152562e-08
-1.0620288e-09
1.0180829e-08
-1.2053663e-09
-8.4979098e-10
1.1056315e-08
-2.4499663e-10
1.0969334e-08
-3.2549366e-10
1.0884852e-08
-4.2199284e-10
1.0806175e-08
-5.1904154e-10
1.0734654e-08
-6.1634782e-10
1.0672102e-08
-7.1057241e-10
1.0619649e-08
-7.9847174e-10
1.0578161e-08
-8.7952253e-10
1.0548009e-08
-9.4984348e-10
1.0529147e-08
-1.0128326e-09
1.0520733e-08
-1.0532442e-09
1.0522542e-08
-1.1056088e-09
1.0532331e-08
-1.0718178e-09
1.0551813e-08
-1.2248482e-09
-8.6959366e-10
1.1564725e-08
-1.5586187e-10
1.1474352e-08
-2.3512054e-10
1.1384385e-08
-3.3202605e-10
1.1298364e-08
-4.3302061e-10
1.1217902e-08
-5.3588632e-10
1.1145104e-08
-6.3777378e-10
1.1081505e-08
-7.34873e-10
1.1028384e-08
-8.2640174e-10
1.0986515e-08
-9.0797465e-10
1.095616e-08
-9.8247772e-10
1.093679e-08
-1.033874e-09
1.0928381e-08
-1.0971994e-09
1.0929168e-08
-1.0726054e-09
1.0939231e-08
-1.2349105e-09
-8.8360442e-10
1.2075576e-08
-6.7635325e-11
1.1984485e-08
-1.4403007e-10
1.1891682e-08
-2.3922299e-10
1.1800761e-08
-3.4209935e-10
1.171353e-08
-4.4865539e-10
1.1632302e-08
-5.5654549e-10
1.1558984e-08
-6.615548e-10
1.1495269e-08
-7.6268686e-10
1.1442355e-08
-8.5506132e-10
1.1400853e-08
-9.4097493e-10
1.137059e-08
-1.0036113e-09
1.1351791e-08
-1.0784006e-09
1.1343303e-08
-1.0641177e-09
1.1343502e-08
-1.2351096e-09
-8.9142195e-10
1.2586742e-08
1.7267652e-11
1.249747e-08
-5.4757297e-11
1.2404445e-08
-1.4619847e-10
1.2311168e-08
-2.4882176e-10
1.2219539e-08
-3.5702662e-10
1.2131974e-08
-4.6898052e-10
1.2050681e-08
-5.8026193e-10
1.1977745e-08
-6.8975058e-10
1.1914785e-08
-7.921021e-10
1.1862778e-08
-8.8896796e-10
1.182194e-08
-9.6277235e-10
1.1792711e-08
-1.0491724e-09
1.1774799e-08
-1.0462052e-09
1.1764934e-08
-1.2252443e-09
-8.927777e-10
1.3096866e-08
9.6346525e-11
1.3011401e-08
3.0706944e-11
1.2920656e-08
-5.5452661e-11
1.2827546e-08
-1.5571186e-10
1.2733967e-08
-2.6344768e-10
1.2642346e-08
-3.7735988e-10
1.2555076e-08
-4.9299213e-10
1.2474589e-08
-6.0926312e-10
1.2402888e-08
-7.2040109e-10
1.2341329e-08
-8.2740863e-10
1.2290497e-08
-9.1194088e-10
1.2251059e-08
-1.0097341e-09
1.2223648e-08
-1.0187944e-09
1.2203739e-08
-1.2053354e-09
-8.8745792e-10
7.4315049e-10
-1.0962363e-08
1.0895452e-08
8.1392158e-10
-1.834675e-08
1.8275979e-08
8.1304472e-10
-3.0438888e-08
3.0439765e-08
6.454755e-10
-4.9949958e-08
5.0117527e-08
2.393818e-10
-8.1364779e-08
8.1770873e-08
-4.7539795e-10
-1.3228682e-07
1.330016e-07
-1.6672908e-09
-2.1511411e-07
2.16306e-07
-3.7002485e-09
-3.4968999e-07
3.5172295e-07
-5.6666498e-07
5.7018764e-07
1.8212789e-10
-1.0912138e-08
4.0102971e-11
-1.8204725e-08
-2.958212e-10
-3.0102964e-08
-9.7766775e-10
-4.9268112e-08
-2.1786619e-09
-8.0163785e-08
-4.1609642e-09
-1.3030452e-07
-7.4079998e-09
-2.1186707e-07
-1.2770359e-08
-3.4432763e-07
-5.5783617e-07
-4.0055319e-10
-1.0737333e-08
-7.4667887e-10
-1.7858599e-08
-1.4059738e-09
-2.9443669e-08
-2.584714e-09
-4.8089371e-08
-4.5617348e-09
-7.8186764e-08
-7.7913677e-09
-1.2707488e-07
-1.3063162e-08
-2.0659528e-07
-2.1703141e-08
-3.3568765e-07
-5.4377189e-07
-9.8931065e-10
-1.0439817e-08
-1.5324899e-09
-1.731542e-08
-2.5008422e-09
-2.8475316e-08
-4.156615e-09
-4.6433599e-08
-6.8862163e-09
-7.5457163e-08
-1.1331006e-08
-1.2263009e-07
-1.8574653e-08
-1.9935163e-07
-3.0405956e-08
-3.2385635e-07
-5.2458664e-07
-1.5725989e-09
-1.002402e-08
-2.3037339e-09
-1.6584285e-08
-3.5651612e-09
-2.7213889e-08
-5.6760301e-09
-4.432273e-08
-9.1294639e-09
-7.2003729e-08
-1.4746098e-08
-1.1701346e-07
-2.3890522e-08
-1.9020721e-07
-3.8797693e-08
-3.0894918e-07
-5.0044693e-07
-2.1404798e-09
-9.495868e-09
-3.0487284e-09
-1.5676037e-08
-4.5856752e-09
-2.5676942e-08
-7.1272111e-09
-4.1781194e-08
-1.1269906e-08
-6.7861035e-08
-1.8004224e-08
-1.1027914e-07
-2.8961043e-08
-1.7925039e-07
-4.679977e-08
-2.9111045e-07
-4.7156922e-07
-2.6839655e-09
-8.8625874e-09
-3.7571129e-09
-1.4602889e-08
-5.5505857e-09
-2.3883469e-08
-8.4956181e-09
-3.8836161e-08
-1.3287052e-08
-6.3069601e-08
-2.1074453e-08
-1.0249174e-07
-3.3738895e-08
-1.6658595e-07
-5.4338133e-08
-2.7051122e-07
-4.3821862e-07
-3.1950307e-09
-8.132439e-09
-4.4197167e-09
-1.3378203e-08
-6.4493135e-09
-2.1853873e-08
-9.7677973e-09
-3.5517678e-08
-1.5161611e-08
-5.7675787e-08
-2.392758e-08
-9.3725772e-08
-3.8179401e-08
-1.5233412e-07
-6.1341913e-08
-2.473487e-07
-4.0070502e-07
-3.6665747e-09
-7.3144692e-09
-5.0284686e-09
-1.2016309e-08
-7.2723818e-09
-1.9609959e-08
-1.0931387e-08
-3.1858673e-08
-1.6875664e-08
-5.173151e-08
-2.6536284e-08
-8.4065152e-08
-4.2239644e-08
-1.3663076e-07
-6.7747784e-08
-2.2184056e-07
-3.5938256e-07
-4.0923914e-09
-6.4183665e-09
-5.5763123e-09
-1.0532388e-08
-8.0113528e-09
-1.7174919e-08
-1.1975168e-08
-2.7894858e-08
-1.8412849e-08
-4.5293829e-08
-2.8875504e-08
-7.3602496e-08
-4.588255e-08
-1.1962372e-07
-7.3497321e-08
-1.9422579e-07
-3.1464531e-07
-4.4671286e-09
-5.4543554e-09
-6.0571398e-09
-8.9423774e-09
-8.6587976e-09
-1.4573261e-08
-1.2889135e-08
-2.3664521e-08
-1.9758595e-08
-3.8424369e-08
-3.0921774e-08
-6.2439317e-08
-4.9066645e-08
-1.0147885e-07
-7.8529634e-08
-1.647628e-07
-2.6691469e-07
-4.7862495e-09
-4.4331022e-09
-6.4657477e-09
-7.2628792e-09
-9.2082939e-09
-1.1830715e-08
-1.366453e-08
-1.9208284e-08
-2.0900304e-08
-3.1188595e-08
-3.2658224e-08
-5.0681397e-08
-5.1768555e-08
-8.2368517e-08
-8.2797894e-08
-1.3373346e-07
-2.1664263e-07
-5.0460039e-09
-3.365632e-09
-6.7978122e-09
-5.5110708e-09
-9.654442e-09
-8.974085e-09
-1.4293928e-08
-1.4568798e-08
-2.1827094e-08
-2.365543e-08
-3.4068479e-08
-3.8440012e-08
-5.3964263e-08
-6.2472733e-08
-8.6265911e-08
-1.0143182e-07
-1.6431041e-07
-5.2434093e-09
-2.2632538e-09
-7.0498771e-09
-3.7046031e-09
-9.9928862e-09
-6.0310759e-09
-1.4771305e-08
-9.7903795e-09
-2.2530033e-08
-1.5896702e-08
-3.5138081e-08
-2.5831964e-08
-5.5629511e-08
-4.1981303e-08
-8.8896955e-08
-6.8164371e-08
-1.1041583e-07
-5.3762384e-09
-1.1374888e-09
-7.2193497e-09
-1.8614918e-09
-1.0220337e-08
-3.0300889e-09
-1.509209e-08
-4.918626e-09
-2.3002378e-08
-7.9864136e-09
-3.5856574e-08
-1.2977769e-08
-5.6747033e-08
-2.1090844e-08
-9.0664526e-08
-3.4246878e-08
-5.5470587e-08
-5.4430128e-09
-7.3045045e-09
-1.0334593e-08
-1.5253219e-08
-2.3239633e-08
-3.6217402e-08
-5.7308246e-08
-9.1555124e-08
1.097771e-08
-7.5275555e-09
1.1043766e-08
-8.2134228e-09
1.1078585e-08
-8.8640886e-09
1.1083788e-08
-9.470559e-09
1.1062079e-08
-1.0023997e-08
1.1017302e-08
-1.0518036e-08
1.0954567e-08
-1.0948177e-08
1.0878895e-08
-1.1308337e-08
1.0794305e-08
-1.1587938e-08
1.0703425e-08
-1.1770587e-08
1.0607929e-08
-1.183391e-08
1.0508904e-08
-1.1750863e-08
1.0407565e-08
-1.1487244e-08
1.030647e-08
-1.1011883e-08
-1.026004e-08
1.0203497e-08
1.840732e-08
-7.6588969e-09
1.847234e-08
-8.2784428e-09
1.8476559e-08
-8.8683072e-09
1.842834e-08
-9.4223402e-09
1.8338832e-08
-9.9344893e-09
1.8219191e-08
-1.0398394e-08
1.8079684e-08
-1.080867e-08
1.792751e-08
-1.1156163e-08
1.7767183e-08
-1.1427611e-08
1.7601039e-08
-1.1604442e-08
1.7430476e-08
-1.1663348e-08
1.7256498e-08
-1.1576884e-08
1.7081771e-08
-1.1312517e-08
1.6907365e-08
-1.0837477e-08
-1.0091176e-08
1.6738502e-08
3.0541618e-08
-7.7607504e-09
3.0549389e-08
-8.2862135e-09
3.0480339e-08
-8.7992571e-09
3.0348564e-08
-9.2905655e-09
3.0168771e-08
-9.7546967e-09
2.9955093e-08
-1.0184716e-08
2.9717284e-08
-1.0570862e-08
2.9461766e-08
-1.0900645e-08
2.9192418e-08
-1.1158262e-08
2.8911868e-08
-1.1323892e-08
2.8622844e-08
-1.1374324e-08
2.8329113e-08
-1.1283153e-08
2.8036017e-08
-1.1019421e-08
2.7746039e-08
-1.0547499e-08
-9.8179929e-09
2.7472855e-08
5.0093128e-08
-7.7363511e-09
4.9985489e-08
-8.1785743e-09
4.9806142e-08
-8.61991e-09
4.9566778e-08
-9.0512015e-09
4.9276865e-08
-9.4647839e-09
4.8943459e-08
-9.8513104e-09
4.8572074e-08
-1.0199477e-08
4.8168646e-08
-1.0497217e-08
4.7738461e-08
-1.0728078e-08
4.7288171e-08
-1.0873601e-08
4.6824933e-08
-1.0911086e-08
4.6356902e-08
-1.0815122e-08
4.5892064e-08
-1.0554583e-08
4.5438341e-08
-1.0093776e-08
-9.3918717e-09
4.501222e-08
8.1507673e-08
-7.4731512e-09
8.1184922e-08
-7.8558235e-09
8.0803861e-08
-8.2388487e-09
8.0367e-08
-8.6143399e-09
7.9877265e-08
-8.975049e-09
7.9338581e-08
-9.312627e-09
7.8756156e-08
-9.6170516e-09
7.8135107e-08
-9.8761678e-09
7.7482196e-08
-1.0075166e-08
7.6805188e-08
-1.0196594e-08
7.6113743e-08
-1.0219641e-08
7.5418184e-08
-1.0119562e-08
7.4730218e-08
-9.8666176e-09
7.4063699e-08
-9.4272569e-09
-8.7636541e-09
7.3435481e-08
1.3235679e-07
-6.8283432e-09
1.3166071e-07
-7.1597431e-09
1.3091183e-07
-7.4899708e-09
1.301105e-07
-7.8130104e-09
1.2925813e-07
-8.1226723e-09
1.2835718e-07
-8.4116762e-09
1.2741127e-07
-8.6711443e-09
1.2642539e-07
-8.8902851e-09
1.2540632e-07
-9.0560988e-09
1.2436273e-07
-9.1530031e-09
1.2330549e-07
-9.1624082e-09
1.222482e-07
-9.0622699e-09
1.2120821e-07
-8.8266273e-09
1.2020608e-07
-8.4251248e-09
-7.8222267e-09
1.1926465e-07
2.1508426e-07
-5.6066028e-09
2.1379779e-07
-5.8732762e-09
2.1244578e-07
-6.1379623e-09
2.11029e-07
-6.3962256e-09
2.0954947e-07
-6.6431439e-09
2.0801063e-07
-6.8728358e-09
2.0641763e-07
-7.0781401e-09
2.0477771e-07
-7.2503701e-09
2.0310067e-07
-7.3790619e-09
2.0139935e-07
-7.4516789e-09
1.9969022e-07
-7.4532739e-09
1.9799406e-07
-7.3661131e-09
1.9633669e-07
-7.1692627e-09
1.9474974e-07
-6.8381742e-09
-6.3441486e-09
1.9327167e-07
3.4961079e-07
-3.4944393e-09
3.4739734e-07
-3.6598298e-09
3.4508313e-07
-3.8237538e-09
3.4267047e-07
-3.9835607e-09
3.4016355e-07
-4.1362224e-09
3.3756881e-07
-4.2780971e-09
3.3489542e-07
-4.4047528e-09
3.3215587e-07
-4.5108182e-09
3.2936663e-07
-4.5898245e-09
3.2654897e-07
-4.6340217e-09
3.2372987e-07
-4.6341684e-09
3.2094305e-07
-4.5792975e-09
3.1823025e-07
-4.4564595e-09
3.1564252e-07
-4.2504451e-09
-3.9435151e-09
3.1324189e-07
5.666932e-07
5.6303337e-07
5.5920961e-07
5.5522605e-07
5.5108983e-07
5.4681173e-07
5.4240698e-07
5.3789616e-07
5.3330634e-07
5.2867232e-07
5.2403815e-07
5.1945885e-07
5.1500239e-07
5.1075195e-07
5.0680843e-07
1.0149687e-08
1.5015675e-10
1.0088647e-08
9.1747033e-11
1.0023635e-08
9.5598472e-12
9.9555021e-09
-8.757946e-11
9.8856344e-09
-1.9357994e-10
9.8158484e-09
-3.0757393e-10
9.7479435e-09
-4.2508716e-10
9.6839308e-09
-5.4525045e-10
9.6255083e-09
-6.6197863e-10
9.5739549e-09
-7.7585518e-10
9.5298778e-09
-8.6786379e-10
9.4940501e-09
-9.7390642e-10
9.467335e-09
-9.9207936e-10
9.446032e-09
-1.1840324e-09
-8.789506e-10
1.6658322e-08
2.3033696e-10
1.6571433e-08
1.7863597e-10
1.6474854e-08
1.061389e-10
1.6371608e-08
1.5666065e-11
1.6263667e-08
-8.5639194e-11
1.6153203e-08
-1.9710973e-10
1.6043208e-08
-3.1509226e-10
1.5937058e-08
-4.3910031e-10
1.5837829e-08
-5.6274956e-10
1.574767e-08
-6.8569622e-10
1.5668387e-08
-7.8858081e-10
1.5600697e-08
-9.0621573e-10
1.5548357e-08
-9.3973971e-10
1.5502346e-08
-1.138022e-09
-8.58703e-10
2.7372051e-08
3.3114157e-10
2.7260315e-08
2.9037175e-10
2.7131907e-08
2.3454712e-10
2.6988788e-08
1.5878437e-10
2.6834168e-08
6.8980733e-11
2.666979e-08
-3.2731058e-11
2.6499954e-08
-1.4525627e-10
2.6330232e-08
-2.6937894e-10
2.6165848e-08
-3.9836514e-10
2.6010183e-08
-5.3003106e-10
2.586803e-08
-6.4642863e-10
2.5738993e-08
-7.7717829e-10
2.5634784e-08
-8.3553099e-10
2.5533721e-08
-1.0369591e-09
-8.1136285e-10
4.4922582e-08
4.2077953e-10
4.4811856e-08
4.0109797e-10
4.4677282e-08
3.6912056e-10
4.4516555e-08
3.1951197e-10
4.4331352e-08
2.5418302e-10
4.4121527e-08
1.7709374e-10
4.3891714e-08
8.4557516e-11
4.3649776e-08
-2.7441214e-11
4.3402202e-08
-1.5079163e-10
4.3153772e-08
-2.8160109e-10
4.2913697e-08
-4.0635288e-10
4.2680474e-08
-5.4395599e-10
4.2478948e-08
-6.3400484e-10
4.2267255e-08
-8.2526613e-10
-7.0167095e-10
7.3401009e-08
4.5525223e-10
7.3342358e-08
4.5974825e-10
7.325644e-08
4.5503896e-10
7.3138978e-08
4.3697352e-10
7.2988704e-08
4.0445722e-10
7.2804115e-08
3.6168256e-10
7.2583948e-08
3.0472441e-10
7.2327828e-08
2.2867933e-10
7.2040847e-08
1.3618903e-10
7.1727024e-08
3.2222516e-11
7.1395569e-08
-7.489864e-11
7.1046338e-08
-1.9472472e-10
7.0713148e-08
-3.0081497e-10
7.0341547e-08
-4.5366447e-10
-4.6795735e-10
1.1930375e-07
4.1615829e-10
1.1932755e-07
4.3594048e-10
1.1933084e-07
4.5175057e-10
1.1930788e-07
4.5993662e-10
1.1925549e-07
4.5685025e-10
1.1917311e-07
4.4405664e-10
1.1905926e-07
4.1858041e-10
1.1890883e-07
3.791065e-10
1.1871978e-07
3.2524217e-10
1.1849163e-07
2.6036601e-10
1.1822617e-07
1.9056347e-10
1.1791543e-07
1.160125e-10
1.1757103e-07
4.3586658e-11
1.1714858e-07
-3.1215125e-11
-1.2094443e-10
1.9337221e-07
3.1561912e-10
1.9346962e-07
3.3852748e-10
1.9356204e-07
3.5932635e-10
1.9364544e-07
3.7654324e-10
1.9371376e-07
3.8852712e-10
1.9376403e-07
3.9378673e-10
1.9379087e-07
3.9173859e-10
1.9378715e-07
3.8282235e-10
1.9374957e-07
3.6283022e-10
1.9367899e-07
3.3093801e-10
1.9357686e-07
2.9269444e-10
1.9344609e-07
2.4679057e-10
1.9329191e-07
1.9776474e-10
1.9310624e-07
1.5445547e-10
9.9394906e-11
3.1338668e-07
1.7082413e-10
3.1353902e-07
1.861913e-10
3.1369702e-07
2.013264e-10
3.1385812e-07
2.1544507e-10
3.1401895e-07
2.2768823e-10
3.1417572e-07
2.3701648e-10
3.1432517e-07
2.4229527e-10
3.1446558e-07
2.4241044e-10
3.1459198e-07
2.3642715e-10
3.146994e-07
2.2351914e-10
3.1478756e-07
2.045361e-10
3.148511e-07
1.8325147e-10
3.1488507e-07
1.6379053e-10
3.1488809e-07
1.5143893e-10
1.3223493e-10
5.0697926e-07
5.0716545e-07
5.0736677e-07
5.0758222e-07
5.0780991e-07
5.0804692e-07
5.0828922e-07
5.0853163e-07
5.0876806e-07
5.0899158e-07
5.0919611e-07
5.0937936e-07
5.0954315e-07
5.0969459e-07
)
;

boundaryField
{
    inlet
    {
        type            calculated;
        value           nonuniform List<scalar> 
92
(
-7.22291e-09
-2.1599169e-08
-3.5767417e-08
-4.9591205e-08
-6.2937402e-08
-7.5677478e-08
-8.7688738e-08
-9.8855508e-08
-1.0907025e-07
-1.1823458e-07
-1.2626024e-07
-1.3306996e-07
-1.3859813e-07
-1.4279153e-07
-1.4560977e-07
-1.4702571e-07
0
0
0
0
0
0
0
0
0
0
0
0
0
0
0
0
0
0
0
0
0
0
0
0
0
0
0
0
0
0
-7.22291e-09
-2.1599169e-08
-3.5767417e-08
-4.9591205e-08
-6.2937402e-08
-7.5677478e-08
-8.7688738e-08
-9.8855508e-08
-1.0907025e-07
-1.1823458e-07
-1.2626024e-07
-1.3306996e-07
-1.3859813e-07
-1.4279153e-07
-1.4560977e-07
-1.4702571e-07
0
0
0
0
0
0
0
0
0
0
0
0
0
0
0
0
0
0
0
0
0
0
0
0
0
0
0
0
0
0
)
;
    }
    outlet
    {
        type            calculated;
        value           nonuniform List<scalar> 
66
(
5.6963075e-09
5.8715274e-09
6.0531787e-09
6.2416128e-09
6.4372078e-09
6.6403688e-09
6.8515413e-09
7.0712088e-09
7.2998721e-09
7.538058e-09
7.7863198e-09
8.0452322e-09
8.3153823e-09
8.5973596e-09
8.8917682e-09
9.1992224e-09
9.5203354e-09
9.8557143e-09
1.0205952e-08
1.0571616e-08
1.0953241e-08
1.135132e-08
1.1766289e-08
1.2198419e-08
9.4375247e-09
1.5482099e-08
2.5486381e-08
4.2157563e-08
7.0107833e-08
1.1680157e-07
1.928859e-07
3.1485525e-07
5.0982683e-07
5.6963075e-09
5.8715274e-09
6.0531787e-09
6.2416128e-09
6.4372078e-09
6.6403688e-09
6.8515413e-09
7.0712088e-09
7.2998721e-09
7.538058e-09
7.7863198e-09
8.0452322e-09
8.3153823e-09
8.5973596e-09
8.8917682e-09
9.1992224e-09
9.5203354e-09
9.8557143e-09
1.0205952e-08
1.0571616e-08
1.0953241e-08
1.135132e-08
1.1766289e-08
1.2198419e-08
9.4375247e-09
1.5482099e-08
2.5486381e-08
4.2157563e-08
7.0107833e-08
1.1680157e-07
1.928859e-07
3.1485525e-07
5.0982683e-07
)
;
    }
    cylinder
    {
        type            calculated;
        value           uniform 0;
    }
    frontAndBack
    {
        type            empty;
    }
}


// ************************************************************************* //
