/*--------------------------------*- C++ -*----------------------------------*\
  =========                 |
  \\      /  F ield         | OpenFOAM: The Open Source CFD Toolbox
   \\    /   O peration     | Website:  https://openfoam.org
    \\  /    A nd           | Version:  14
     \\/     M anipulation  |
\*---------------------------------------------------------------------------*/
FoamFile
{
    format      ascii;
    class       volVectorField;
    location    "500";
    object      U;
}
// * * * * * * * * * * * * * * * * * * * * * * * * * * * * * * * * * * * * * //

dimensions      [0 1 -1 0 0 0 0];

internalField   nonuniform List<vector> 
5388
(
(3.7624704e-10 -1.3708318e-08 0)
(2.6283851e-09 -4.4011473e-08 0)
(7.47425e-09 -8.0759753e-08 0)
(1.6677645e-08 -1.2556592e-07 -4.4549676e-26)
(3.2508925e-08 -1.8045048e-07 4.5608345e-28)
(5.8506615e-08 -2.4791583e-07 6.3853471e-26)
(9.9992358e-08 -3.310584e-07 0)
(1.6490255e-07 -4.3370218e-07 9.0557084e-26)
(2.6503644e-07 -5.6055682e-07 -1.757197e-28)
(4.1788192e-07 -7.1740242e-07 -1.2374967e-25)
(6.4926288e-07 -9.1130132e-07 0)
(9.9715451e-07 -1.1508334e-06 0)
(1.5171351e-06 -1.4463461e-06 0)
(2.2900923e-06 -1.8102011e-06 2.3989002e-25)
(3.4329689e-06 -2.2569877e-06 -2.772406e-25)
(5.1134955e-06 -2.8036536e-06 7.8508224e-26)
(7.5699628e-06 -3.4694837e-06 -6.9962315e-25)
(1.1137042e-05 -4.2758308e-06 3.9074972e-25)
(1.6278339e-05 -5.2454839e-06 1.2974566e-20)
(2.3625583e-05 -6.4015513e-06 -1.4685076e-20)
(3.4022912e-05 -7.7657606e-06 0)
(4.8572517e-05 -9.3561499e-06 0)
(6.8675035e-05 -1.118426e-05 0)
(9.6055079e-05 -1.3252131e-05 -3.3522099e-24)
(0.00013276014 -1.554962e-05 1.6173337e-20)
(0.00018112144 -1.8052705e-05 -1.5546011e-20)
(0.00024366929 -2.07234e-05 0)
(0.00032300373 -2.351166e-05 -1.1114314e-24)
(0.00042163157 -2.6359061e-05 9.1130816e-24)
(0.00054178957 -2.9203418e-05 1.3992505e-23)
(0.00068528061 -3.1982683e-05 3.2452239e-21)
(0.00085332085 -3.4637559e-05 3.2140719e-21)
(0.0010464897 -3.7107301e-05 -1.3923331e-23)
(0.0012644123 -3.933633e-05 -3.0111554e-23)
(0.0015064751 -4.125881e-05 -1.3061156e-24)
(0.0017694694 -4.2867531e-05 -3.4490638e-23)
(0.0020550485 -4.3950204e-05 1.4617455e-24)
(0.0023474366 -4.4453866e-05 3.7165263e-23)
(0.0026682584 -4.5228885e-05 -3.490403e-23)
(2.9219663e-09 -4.1533985e-08 -6.8183526e-29)
(1.0817887e-08 -1.3333585e-07 0)
(2.2535913e-08 -2.4464549e-07 2.8399469e-28)
(4.0163325e-08 -3.8037313e-07 -1.6963696e-28)
(6.6376164e-08 -5.4664472e-07 -4.054428e-28)
(1.0522613e-07 -7.5104755e-07 9.6911115e-28)
(1.6268363e-07 -1.0029704e-06 0)
(2.4750634e-07 -1.314008e-06 -3.5182418e-25)
(3.7253471e-07 -1.6984389e-06 6.9018859e-28)
(5.5657824e-07 -2.1737843e-06 -1.0615999e-26)
(8.2713957e-07 -2.7614465e-06 5.8672675e-25)
(1.224326e-06 -3.4874167e-06 2.1554818e-26)
(1.8064209e-06 -4.3830254e-06 0)
(2.6577344e-06 -5.4856801e-06 -8.7582213e-25)
(3.8995203e-06 -6.839498e-06 1.0811404e-24)
(5.7049021e-06 -8.4956878e-06 7.6697957e-26)
(8.3188494e-06 -1.0512467e-05 3.4382117e-25)
(1.2084195e-05 -1.2954229e-05 3.7882065e-25)
(1.7474349e-05 -1.5889614e-05 1.3813912e-20)
(2.5132566e-05 -1.9388109e-05 -1.4013063e-20)
(3.5916184e-05 -2.3514894e-05 0)
(5.0942046e-05 -2.8323846e-05 -1.4929408e-21)
(7.1626461e-05 -3.3849045e-05 -1.5168293e-21)
(9.9710089e-05 -4.0095701e-05 6.1893191e-26)
(0.00013725608 -4.7032079e-05 6.2807482e-24)
(0.00018661013 -5.4584411e-05 -1.4984318e-25)
(0.00025031534 -6.2636736e-05 -1.3078425e-23)
(0.00033098261 -7.1036694e-05 -1.8496694e-23)
(0.00043112801 -7.9606704e-05 2.8935828e-21)
(0.00055299688 -8.8157969e-05 2.8215798e-21)
(0.00069840111 -9.6502286e-05 -3.1552061e-21)
(0.00086856825 -0.00010445985 -3.4002942e-21)
(0.0010640914 -0.00011184669 2.6085826e-23)
(0.0012846109 -0.0001184932 3.1379872e-23)
(0.0015295289 -0.00012420468 -4.6836753e-23)
(0.001795677 -0.00012895593 3.1261252e-23)
(0.0020848162 -0.00013210704 -1.1036303e-22)
(0.002380758 -0.00013351162 -3.3515281e-23)
(0.002707094 -0.000135644 3.5495928e-23)
(8.279878e-09 -7.045648e-08 -1.1969638e-31)
(2.8062291e-08 -2.2618029e-07 -2.3596321e-25)
(5.4257216e-08 -4.1499015e-07 2.8247364e-25)
(8.9640119e-08 -6.4522432e-07 -1.862998e-23)
(1.3774664e-07 -9.2727791e-07 9.7032151e-24)
(2.0371571e-07 -1.2740237e-06 -4.8304482e-25)
(2.9489237e-07 -1.7013873e-06 2.2472429e-27)
(4.2177371e-07 -2.2290301e-06 0)
(5.994036e-07 -2.8811557e-06 -8.1916624e-25)
(8.4938493e-07 -3.6874487e-06 9.730708e-25)
(1.2027625e-06 -4.6841463e-06 0)
(1.7041331e-06 -5.9152214e-06 1.2765779e-24)
(2.4174619e-06 -7.4336302e-06 -1.6718736e-24)
(3.4342286e-06 -9.3025294e-06 -1.7639554e-24)
(4.8846919e-06 -1.1596306e-05 2.1098129e-24)
(6.9532061e-06 -1.4401172e-05 -2.5368679e-24)
(9.8986114e-06 -1.7814962e-05 2.3684671e-24)
(1.4080649e-05 -2.1945661e-05 -2.9571308e-24)
(1.9992992e-05 -2.6908072e-05 4.0506321e-24)
(2.8302666e-05 -3.2818018e-05 -3.3834416e-24)
(3.9894167e-05 -3.9783585e-05 7.0591488e-24)
(5.5914393e-05 -4.7893312e-05 1.1799898e-21)
(7.7811674e-05 -5.7201894e-05 1.8198603e-21)
(0.00010735932 -6.7714981e-05 6.594063e-24)
(0.00014665218 -7.937572e-05 -6.4532476e-24)
(0.00019806514 -9.2056379e-05 -1.353009e-20)
(0.00026416687 -0.0001055583 1.9813122e-20)
(0.00034758991 -0.00011962186 1.878921e-23)
(0.00045086884 -0.00013394553 -1.167663e-19)
(0.00057626626 -0.00014820948 1.8859088e-19)
(0.00072561247 -0.00016209564 -6.5293576e-24)
(0.00090015884 -0.00017530028 -4.1637584e-23)
(0.0011005277 -0.0001875125 -7.7909601e-23)
(0.0013263907 -0.00019844172 7.8920498e-24)
(0.0015771848 -0.00020777018 -3.471419e-23)
(0.0018498257 -0.00021544673 -1.6308395e-22)
(0.0021462972 -0.00022038467 1.1484073e-22)
(0.0024495648 -0.00022242287 1.6238373e-22)
(0.0027872384 -0.00022521723 -7.1656075e-24)
(1.683587e-08 -1.0076512e-07 -1.3177258e-25)
(5.5597083e-08 -3.2346278e-07 2.2956467e-25)
(1.0490595e-07 -5.9346122e-07 2.7428174e-25)
(1.6863599e-07 -9.2268542e-07 -1.4922658e-23)
(2.5169449e-07 -1.3259965e-06 3.0048227e-23)
(3.60954e-07 -1.8217906e-06 -4.6842516e-25)
(5.0594922e-07 -2.4328156e-06 -5.9087936e-27)
(6.9994484e-07 -3.1871396e-06 6.6095504e-25)
(9.6148557e-07 -4.1192898e-06 -6.2040759e-27)
(1.3166048e-06 -5.2715767e-06 -9.3741781e-25)
(1.8019544e-06 -6.6955973e-06 1.1108814e-24)
(2.4692211e-06 -8.4538876e-06 -1.2632286e-24)
(3.3913192e-06 -1.0621652e-05 1.6285184e-24)
(4.6709886e-06 -1.3288432e-05 -2.2248634e-25)
(6.4525859e-06 -1.6559486e-05 -4.0920065e-24)
(8.9379911e-06 -2.0556525e-05 4.7014327e-24)
(1.2407617e-05 -2.5417297e-05 6.591658e-25)
(1.7247414e-05 -3.1293345e-05 -7.260606e-24)
(2.3982356e-05 -3.8345124e-05 4.8008401e-24)
(3.3316064e-05 -4.6733631e-05 -6.6752385e-24)
(4.6174691e-05 -5.6607901e-05 1.3888439e-20)
(6.3751053e-05 -6.8088242e-05 -1.932026e-20)
(8.7542193e-05 -8.1246079e-05 0)
(0.00011937085 -9.6082659e-05 -6.5921333e-24)
(0.00016137959 -0.00011251034 1.8848723e-23)
(0.00021598696 -0.00013034119 -2.0761616e-20)
(0.0002857996 -0.00014928743 1.3025469e-20)
(0.00037348204 -0.00016897598 0)
(0.00048159615 -0.00018897573 -2.0359274e-19)
(0.0006124303 -0.00020883118 1.0885727e-19)
(0.00076784291 -0.00022809082 0)
(0.00094912242 -0.00024632401 4.2516641e-23)
(0.0011569379 -0.00026308847 7.1216815e-23)
(0.0013910079 -0.00027796434 0)
(0.0016508276 -0.0002905198 9.4301936e-23)
(0.0019334455 -0.00030067577 1.3182678e-22)
(0.0022411782 -0.00030684401 2.2227946e-22)
(0.0025557193 -0.00030905363 -1.7295288e-22)
(0.0029107181 -0.00031123133 1.3914604e-23)
(2.9083542e-08 -1.3271117e-07 -2.5651015e-25)
(9.500582e-08 -4.2598369e-07 0)
(1.7738586e-07 -7.8151803e-07 5.3434282e-25)
(2.816648e-07 -1.2150125e-06 -6.3878881e-25)
(4.147071e-07 -1.7460238e-06 0)
(5.8585568e-07 -2.3987465e-06 0)
(8.0776095e-07 -3.2030781e-06 1.0957692e-24)
(1.0976188e-06 -4.195877e-06 -2.5864592e-24)
(1.478937e-06 -5.4224376e-06 1.4848703e-26)
(1.9840157e-06 -6.938197e-06 1.8291419e-24)
(2.6574171e-06 -8.8106633e-06 -2.1573403e-24)
(3.5608029e-06 -1.1121519e-05 5.0887918e-24)
(4.7796383e-06 -1.3968803e-05 -2.9878257e-24)
(6.4324016e-06 -1.7468975e-05 -3.3529238e-24)
(8.6830822e-06 -2.1758575e-05 -2.2410959e-25)
(1.1757871e-05 -2.6994996e-05 5.1669529e-24)
(1.5966983e-05 -3.3355711e-05 -5.7767543e-24)
(2.173242e-05 -4.1035092e-05 5.7579036e-24)
(2.962203e-05 -5.0237776e-05 2.3090805e-28)
(4.0389327e-05 -6.1167525e-05 -3.2598647e-24)
(5.5016995e-05 -7.4010788e-05 1.8396245e-20)
(7.4759857e-05 -8.8914865e-05 -1.4237015e-20)
(0.00010118039 -0.00010596189 0)
(0.00013616734 -0.00012514157 0)
(0.00018192656 -0.00014632753 2.5232574e-23)
(0.00024093406 -0.00016926335 -2.3317674e-23)
(0.00031584605 -0.00019356399 3.2002756e-23)
(0.00040936849 -0.0002187355 2.8224246e-23)
(0.00052409861 -0.00024421093 1.615504e-23)
(0.00066235853 -0.00026939428 -4.4697749e-23)
(0.0008260443 -0.00029369743 -3.7026266e-23)
(0.0010164953 -0.00031656063 -6.1234767e-23)
(0.0012344466 -0.00033740496 0)
(0.0014796771 -0.00035567135 1.4166617e-22)
(0.0017517675 -0.00037082651 1.360008e-22)
(0.0020479571 -0.00038276818 2.0590213e-23)
(0.0023709811 -0.00038931458 -2.3446515e-22)
(0.00270088 -0.00039101345 2.2571355e-23)
(0.0030792167 -0.00039066831 -8.54917e-23)
(4.5643688e-08 -1.6652714e-07 2.4971604e-25)
(1.4827889e-07 -5.3448176e-07 2.1288965e-28)
(2.7534631e-07 -9.8050446e-07 -5.2058693e-25)
(4.3439869e-07 -1.5242771e-06 -6.2215077e-25)
(6.3493518e-07 -2.1903099e-06 7.4410185e-25)
(8.8961837e-07 -3.0089017e-06 -8.8765154e-25)
(1.2152775e-06 -4.0174601e-06 2.1144561e-24)
(1.6343695e-06 -5.2620506e-06 -1.2626871e-24)
(2.1770266e-06 -6.799208e-06 -1.498597e-24)
(2.8838899e-06 -8.6980176e-06 4.275106e-27)
(3.8100161e-06 -1.1042452e-05 2.1073813e-24)
(5.0302531e-06 -1.3933896e-05 0)
(6.6465943e-06 -1.7493727e-05 0)
(8.7981585e-06 -2.1865712e-05 -3.3748198e-24)
(1.167457e-05 -2.7217828e-05 4.1674654e-24)
(1.5533618e-05 -3.3742933e-05 -1.1175756e-24)
(2.0724067e-05 -4.1657455e-05 3.7575136e-24)
(2.7714316e-05 -5.1197049e-05 1.3288539e-24)
(3.71271e-05 -6.2607975e-05 -4.6385858e-24)
(4.9779462e-05 -7.6132944e-05 9.6785549e-24)
(6.6725661e-05 -9.1990551e-05 -1.3808582e-23)
(8.9298559e-05 -0.00011034828 -1.3696645e-23)
(0.00011914246 -0.00013129069 1.4030167e-23)
(0.00015822806 -0.00015478643 0)
(0.00020883914 -0.00018066017 -3.7698388e-23)
(0.00027352181 -0.00020857664 1.2272048e-23)
(0.00035499215 -0.00023804382 -4.2786288e-23)
(0.00045600572 -0.00026843839 0)
(0.00057920196 -0.00029905085 1.6098857e-23)
(0.00072694385 -0.00032913995 -1.5371276e-23)
(0.00090117393 -0.00035797846 0)
(0.0011032969 -0.0003848767 8.5616259e-23)
(0.0013341337 -0.00040911284 1.3900729e-22)
(0.0015935332 -0.00042997669 1.3650448e-22)
(0.0018811944 -0.00044685114 -3.2575164e-23)
(0.0021946175 -0.00045961974 0)
(0.0025369974 -0.00046538475 2.248784e-23)
(0.0028864207 -0.00046564167 2.4309853e-22)
(0.0032939779 -0.00046023414 1.6747463e-22)
(6.7276211e-08 -2.0238828e-07 0)
(2.1785159e-07 -6.4951235e-07 -4.1293954e-28)
(4.0325064e-07 -1.1914281e-06 4.9596215e-28)
(6.3377204e-07 -1.8520281e-06 -6.0477768e-25)
(9.2233842e-07 -2.6610526e-06 7.2760339e-25)
(1.2859172e-06 -3.6552313e-06 0)
(1.7467443e-06 -4.8798611e-06 0)
(2.3340654e-06 -6.3906484e-06 2.3671907e-21)
(3.0865359e-06 -8.2558492e-06 -2.9920088e-21)
(4.055491e-06 -1.0558713e-05 0)
(5.3093923e-06 -1.34002e-05 0)
(6.9398598e-06 -1.6901882e-05 -4.7456445e-24)
(9.0698142e-06 -2.1208859e-05 5.6778792e-24)
(1.186438e-05 -2.6492375e-05 6.786663e-24)
(1.5545315e-05 -3.2951674e-05 -8.1347686e-24)
(2.0409796e-05 -4.0814375e-05 5.4534782e-25)
(2.6854369e-05 -5.0334402e-05 1.2330637e-24)
(3.5404606e-05 -6.1786207e-05 0)
(4.6750459e-05 -7.5453878e-05 1.1288079e-20)
(6.1786272e-05 -9.1613702e-05 -1.7937836e-20)
(8.1652817e-05 -0.00011050928 -6.7137265e-24)
(0.00010777661 -0.00013231931 0)
(0.00014189939 -0.00015712012 -1.3428364e-23)
(0.00018608862 -0.00018484742 1.3556304e-23)
(0.00024271918 -0.0002152644 0)
(0.00031441821 -0.00024794469 -9.9803569e-21)
(0.00040397014 -0.00028227812 2.6606843e-20)
(0.00051418651 -0.00031750269 -1.9794631e-23)
(0.00064775433 -0.00035275937 3.2080915e-23)
(0.00080708321 -0.00038715729 -3.0685071e-23)
(0.00099416989 -0.00041982873 0)
(0.0012104988 -0.00044995539 -1.6538973e-22)
(0.0014569967 -0.00047666531 -1.0930866e-22)
(0.0017335836 -0.0004990839 -2.3700171e-22)
(0.0020401221 -0.0005165353 -2.0956953e-22)
(0.0023744565 -0.00052889095 3.023361e-23)
(0.0027402085 -0.00053240317 1.3602666e-23)
(0.0031133355 -0.00053001448 -3.6040537e-22)
(0.0035556928 -0.00051636337 -1.6601996e-23)
(9.4891709e-08 -2.4038407e-07 -4.7420559e-25)
(3.0664106e-07 -7.7135501e-07 0)
(5.6644332e-07 -1.4147897e-06 -9.876757e-25)
(8.880847e-07 -2.1990236e-06 2.3618394e-24)
(1.2888321e-06 -3.159309e-06 -2.8279579e-24)
(1.7911029e-06 -4.3391354e-06 1.6827195e-24)
(2.4239608e-06 -5.792066e-06 0)
(3.2252e-06 -7.5838707e-06 2.4561297e-21)
(4.2441709e-06 -9.7949837e-06 -2.7589695e-21)
(5.5455774e-06 -1.2523288e-05 -3.3978358e-24)
(7.2145659e-06 -1.5887174e-05 1.3589361e-26)
(9.3635326e-06 -2.0028762e-05 9.3381709e-24)
(1.2141188e-05 -2.5117055e-05 -1.1210422e-23)
(1.5744524e-05 -3.1350658e-05 6.0515489e-24)
(2.0434439e-05 -3.8959486e-05 8.340583e-24)
(2.6555787e-05 -4.8204628e-05 -8.5622628e-24)
(3.4562569e-05 -5.9375234e-05 9.5827739e-24)
(4.5048624e-05 -7.2781007e-05 -2.841112e-24)
(5.8783594e-05 -8.8738705e-05 1.580425e-20)
(7.6752787e-05 -0.00010755115 -1.1777163e-20)
(0.00010019797 -0.00012947781 6.631531e-24)
(0.00013065407 -0.00015469742 1.6059552e-25)
(0.00016997459 -0.00018326509 4.029929e-23)
(0.00022033683 -0.00021506932 2.4975079e-23)
(0.00028421787 -0.00024979717 -5.0436269e-23)
(0.00036433454 -0.0002869172 -2.6570663e-20)
(0.00046354569 -0.00032568878 8.7975562e-21)
(0.00058472307 -0.00036520143 7.4676642e-23)
(0.00073060459 -0.0004044397 0)
(0.00090365063 -0.00044235929 -2.7414692e-23)
(0.0011059179 -0.00047795222 1.4630567e-22)
(0.0013389852 -0.00051027601 1.4620741e-22)
(0.0016039028 -0.00053830139 -1.3393484e-22)
(0.0019006481 -0.0005609789 0)
(0.0022293246 -0.00057760975 -1.3005956e-22)
(0.0025882044 -0.00058800533 -9.5766515e-24)
(0.0029811941 -0.0005874903 -2.792097e-23)
(0.0033821374 -0.0005809751 3.3148054e-20)
(0.0038644395 -0.00055530223 3.0095387e-20)
(1.2955569e-07 -2.8047323e-07 -9.234277e-25)
(4.1805939e-07 -8.9986984e-07 8.0356859e-25)
(7.7117334e-07 -1.65032e-06 0)
(1.207037e-06 -2.5648234e-06 -1.1209467e-27)
(1.7483347e-06 -3.684411e-06 2.6791119e-27)
(2.4242634e-06 -5.0596379e-06 6.4066408e-27)
(3.2723575e-06 -6.7526782e-06 0)
(4.3409821e-06 -8.8397388e-06 1.8200649e-26)
(5.6926659e-06 -1.1413819e-05 0)
(7.4085155e-06 -1.4587801e-05 -3.2816512e-24)
(9.5940518e-06 -1.8497809e-05 7.774806e-24)
(1.238691e-05 -2.3306662e-05 -4.5916666e-24)
(1.5966946e-05 -2.9207166e-05 -1.9521142e-28)
(2.0569403e-05 -3.6424774e-05 1.956628e-25)
(2.6501836e-05 -4.5218945e-05 -9.0584227e-25)
(3.4165531e-05 -5.5882231e-05 7.2257633e-24)
(4.4081972e-05 -6.8735815e-05 -9.4658804e-24)
(5.6924554e-05 -8.4119916e-05 6.1494053e-27)
(7.3555009e-05 -0.00010237734 -1.1401984e-23)
(9.5062837e-05 -0.00012382864 -5.7490447e-24)
(0.00012280442 -0.00014873802 7.1813628e-25)
(0.00015843652 -0.00017727084 1.372848e-23)
(0.00020393682 -0.00020944569 -1.324142e-23)
(0.00026160319 -0.00024508745 -2.6098277e-23)
(0.00033402327 -0.00028379058 -2.3665445e-23)
(0.00042400924 -0.00032490319 4.5966721e-23)
(0.00053449763 -0.00036754116 1.9587398e-23)
(0.00066842184 -0.00041063563 3.4026353e-23)
(0.00082857178 -0.00045300832 -3.45379e-23)
(0.0010174607 -0.00049345844 1.1150527e-22)
(0.0012372086 -0.0005308398 -9.8430031e-23)
(0.0014895029 -0.00056409388 -1.9617216e-22)
(0.0017755275 -0.00059202757 2.0385325e-22)
(0.0020952783 -0.00061342636 -2.9773493e-23)
(0.0024492588 -0.00062759301 1.7307788e-22)
(0.0028362126 -0.00063413865 1.8547455e-22)
(0.0032600172 -0.00062756168 5.2077177e-23)
(0.0036927434 -0.00061519512 -1.0538353e-19)
(0.0042194859 -0.00057342017 3.8800285e-20)
(1.7248411e-07 -3.2243215e-07 -4.4925807e-25)
(5.5599906e-07 -1.0343323e-06 3.8129458e-28)
(1.0245667e-06 -1.8966774e-06 9.3507528e-25)
(1.6016856e-06 -2.9473192e-06 -1.1179833e-24)
(2.3167017e-06 -4.2332905e-06 0)
(3.2071283e-06 -5.8124613e-06 -1.5976599e-24)
(4.3208596e-06 -7.7558855e-06 1.9046141e-24)
(5.7191474e-06 -1.0150482e-05 -2.2904371e-24)
(7.4805226e-06 -1.310207e-05 5.3885364e-24)
(9.7059212e-06 -1.6738728e-05 -3.1761137e-24)
(1.2525371e-05 -2.1214379e-05 0)
(1.6106694e-05 -2.6712397e-05 0)
(2.0666766e-05 -3.3448891e-05 1.6325789e-25)
(2.6485979e-05 -4.1675137e-05 -6.4513841e-24)
(3.3926555e-05 -5.1678343e-05 7.5253892e-24)
(4.345537e-05 -6.3779677e-05 1.0112802e-24)
(5.5671674e-05 -7.8328104e-05 0)
(7.1339707e-05 -9.5688326e-05 -1.7731532e-23)
(9.1425351e-05 -0.00011622103 2.2696844e-23)
(0.00011713475 -0.0001402539 0)
(0.00014995121 -0.00016804276 -2.5079763e-23)
(0.00019166477 -0.00019972408 3.9590604e-23)
(0.00024438724 -0.00023526259 1.3157608e-23)
(0.00031054467 -0.00027440129 -2.4926883e-23)
(0.00039284021 -0.00031662408 1.8564146e-24)
(0.00049418346 -0.00036114245 6.8043378e-23)
(0.00061758838 -0.00040691558 3.9490779e-23)
(0.00076604844 -0.00045270687 -2.2089738e-24)
(0.00094240402 -0.00049716965 0)
(0.0011492211 -0.00053894433 -2.2185931e-22)
(0.001388683 -0.00057674975 4.432843e-23)
(0.0016626009 -0.00060941878 1.1845621e-22)
(0.0019722753 -0.00063558553 2.4777264e-22)
(0.0023176345 -0.0006539373 1.9688051e-22)
(0.0026998055 -0.00066349398 -2.9986112e-22)
(0.0031183515 -0.00066420878 2.3228896e-23)
(0.0035760743 -0.00064936394 2.496009e-22)
(0.0040441903 -0.00062923597 -4.980214e-23)
(0.0046189275 -0.00056722861 -2.5308835e-22)
(2.2502599e-07 -3.6579463e-07 4.3627081e-25)
(7.2477678e-07 -1.1732404e-06 -1.5190024e-24)
(1.3345228e-06 -2.151095e-06 1.8171891e-24)
(2.0842802e-06 -3.3421868e-06 -1.0858597e-24)
(3.0114885e-06 -4.7996943e-06 1.2971828e-24)
(4.1637375e-06 -6.5889502e-06 -3.10513e-24)
(5.6014381e-06 -8.7900284e-06 1.842326e-24)
(7.401358e-06 -1.1500671e-05 2.2150377e-24)
(9.661218e-06 -1.4839564e-05 -2.61941e-24)
(1.2505624e-05 -1.8949913e-05 4.8412691e-26)
(1.6093705e-05 -2.4003175e-05 5.7248731e-26)
(2.0628912e-05 -3.020271e-05 1.3489989e-25)
(2.6371529e-05 -3.7786907e-05 0)
(3.3654494e-05 -4.7031176e-05 3.70016e-25)
(4.2903147e-05 -5.8247875e-05 4.2678777e-25)
(5.4659416e-05 -7.178295e-05 -9.7841758e-25)
(6.9610701e-05 -8.8007707e-05 1.1085228e-24)
(8.862316e-05 -0.00010730391 0)
(0.00011277824 -0.00013004038 0)
(0.00014340998 -0.00015653955 0)
(0.00018213905 -0.00018703391 6.1632251e-24)
(0.00023089771 -0.00022161367 -4.4169077e-25)
(0.00029193857 -0.00026017068 -2.6177484e-23)
(0.00036781976 -0.00030234644 0)
(0.00046136064 -0.00034749553 1.1728569e-22)
(0.00057556613 -0.00039467648 -9.0742196e-23)
(0.00071352334 -0.00044267924 -2.5474845e-24)
(0.00087828074 -0.00049009133 -7.2946091e-23)
(0.001072725 -0.00053539379 -6.2959262e-23)
(0.0012994731 -0.00057706686 5.2718417e-23)
(0.0015607694 -0.00061369646 0)
(0.0018585689 -0.00064400019 -1.8034599e-22)
(0.002194205 -0.00066643063 -4.5233722e-22)
(0.002567451 -0.00067976209 -1.7402344e-23)
(0.0029812617 -0.00068302733 5.7897593e-22)
(0.0034340249 -0.00067526958 -2.2257762e-22)
(0.00392795 -0.00064955802 -2.6961036e-22)
(0.0044345539 -0.00061956946 -1.5111603e-22)
(0.0050593275 -0.00053302098 2.5351642e-22)
(2.8862964e-07 -4.0978609e-07 8.4526461e-25)
(9.2902476e-07 -1.3141041e-06 -2.9436978e-24)
(1.7095138e-06 -2.4089954e-06 1.7209008e-27)
(2.6679508e-06 -3.7422893e-06 3.460065e-28)
(3.8514962e-06 -5.3733287e-06 2.516626e-24)
(5.3198117e-06 -7.3749004e-06 5.8686607e-27)
(7.1482588e-06 -9.8360427e-06 6.9981124e-27)
(9.4320741e-06 -1.2865189e-05 0)
(1.2291728e-05 -1.6593637e-05 0)
(1.5879755e-05 -2.1179274e-05 -4.6999187e-26)
(2.0389433e-05 -2.6810371e-05 -2.6703459e-28)
(2.6065772e-05 -3.3709139e-05 4.0499085e-21)
(3.321933e-05 -4.2134541e-05 -5.8925877e-21)
(4.2243438e-05 -5.2383616e-05 1.1755516e-23)
(5.3635342e-05 -6.4790295e-05 -5.5708197e-25)
(6.8021666e-05 -7.9720327e-05 -1.4346965e-23)
(8.6188242e-05 -9.756062e-05 1.6018102e-23)
(0.00010911373 -0.00011870113 -4.0943963e-23)
(0.00013800555 -0.00014350743 2.4075888e-23)
(0.00017433522 -0.00017228277 -2.2541239e-23)
(0.00021986887 -0.00020521964 1.8453865e-23)
(0.0002766867 -0.00024234326 4.9128848e-23)
(0.00034718491 -0.00028345239 -5.0110239e-23)
(0.00043405302 -0.0003280668 0)
(0.00054022256 -0.00037539302 -9.1900486e-23)
(0.00066878675 -0.00042432107 8.7071887e-23)
(0.00082289704 -0.00047346071 -7.9606944e-23)
(0.0010056481 -0.00052121794 1.0102325e-22)
(0.0012199662 -0.00056590064 1.5223352e-22)
(0.0014685176 -0.0006058306 5.5475352e-23)
(0.0017536126 -0.00063946395 0)
(0.0020774141 -0.00066537723 1.1185313e-23)
(0.0024412884 -0.00068212128 2.3780885e-22)
(0.0028448585 -0.00068813703 -1.9942428e-23)
(0.0032921358 -0.00068264832 -4.6360884e-22)
(0.0037800018 -0.00066396251 -5.529305e-23)
(0.0043134502 -0.00062482786 0)
(0.0048609848 -0.00058265789 5.101025e-23)
(0.0055364216 -0.00046710697 0)
(3.6478385e-07 -4.5324956e-07 8.166445e-25)
(1.1735023e-06 -1.453209e-06 -6.9061972e-28)
(2.1582394e-06 -2.6635588e-06 -1.6989972e-24)
(3.3661691e-06 -4.1370091e-06 2.0354096e-24)
(4.8559975e-06 -5.9389056e-06 2.3590761e-27)
(6.7016862e-06 -8.1492572e-06 2.8949141e-24)
(8.9962554e-06 -1.0865737e-05 -3.4584108e-24)
(1.185668e-05 -1.4206998e-05 0)
(1.5430099e-05 -1.8316282e-05 4.8793316e-24)
(1.9901631e-05 -2.3365214e-05 -5.80744e-24)
(2.5504181e-05 -2.9557549e-05 -5.3716393e-26)
(3.2530675e-05 -3.7132497e-05 4.6652539e-21)
(4.1349229e-05 -4.6367029e-05 -4.429369e-21)
(5.2421749e-05 -5.7576317e-05 -3.4640259e-25)
(6.6326392e-05 -7.1111148e-05 0)
(8.3784104e-05 -8.7350813e-05 0)
(0.00010568908 -0.00010668968 0)
(0.00013314227 -0.00012951551 4.6404872e-24)
(0.00016748604 -0.00015617783 2.4857525e-24)
(0.00021033689 -0.00018694523 -5.4543284e-24)
(0.00026361146 -0.00022195242 0)
(0.00032953991 -0.00026113988 -1.2125261e-23)
(0.00041066016 -0.00030419283 2.4380086e-23)
(0.00050978735 -0.00035048931 0)
(0.00062995559 -0.00039907015 4.333071e-23)
(0.00077433397 -0.00044864326 -1.2633662e-22)
(0.00094612448 -0.0004976301 -3.6044583e-23)
(0.0011484546 -0.00054425327 -9.7870578e-23)
(0.0013842801 -0.000586652 -1.1905471e-22)
(0.0016563136 -0.00062300052 0)
(0.0019669516 -0.00065164553 -3.7970714e-23)
(0.0023186307 -0.0006710498 2.3628072e-22)
(0.0027114303 -0.0006795548 -1.0607905e-22)
(0.0031471471 -0.00067580476 -1.9376291e-22)
(0.0036301031 -0.00065866645 3.1432896e-22)
(0.0041555004 -0.00062709553 0)
(0.0047295555 -0.00057190405 0)
(0.005319545 -0.00051515775 1.1067116e-22)
(0.0060447977 -0.0003665521 0)
(4.5493918e-07 -4.9458248e-07 2.4600973e-30)
(1.4628428e-06 -1.5854143e-06 6.7012046e-28)
(2.6891613e-06 -2.9053538e-06 0)
(4.1920225e-06 -4.5116752e-06 -1.9162888e-27)
(6.0436869e-06 -6.4753223e-06 -2.2891725e-27)
(8.3348603e-06 -8.8829952e-06 -5.3913347e-27)
(1.117918e-05 -1.1840304e-05 0)
(1.4718914e-05 -1.5475208e-05 0)
(1.9132106e-05 -1.9941685e-05 -4.7018353e-24)
(2.4641461e-05 -2.5423505e-05 -2.6661865e-21)
(3.1525335e-05 -3.2137812e-05 2.5895525e-21)
(4.0131275e-05 -4.0338061e-05 7.7712903e-24)
(5.0892526e-05 -5.031563e-05 1.4051756e-25)
(6.4347944e-05 -6.2399141e-05 -3.2745192e-25)
(8.1165606e-05 -7.6950203e-05 3.7873746e-25)
(0.00010217015 -9.4353972e-05 1.3937643e-23)
(0.00012837343 -0.00011500265 -1.7059741e-23)
(0.00016100727 -0.00013926999 -1.986223e-23)
(0.00020155618 -0.00016747523 3.9089147e-23)
(0.00025178645 -0.00019983584 -1.6155937e-23)
(0.00031376687 -0.00023641019 1.0924469e-23)
(0.00038987511 -0.0002770343 -6.8543143e-23)
(0.00048278391 -0.00032125983 2.5191592e-24)
(0.00059542246 -0.00036830463 9.0372296e-23)
(0.00073091196 -0.00041702852 -4.458341e-23)
(0.00089247911 -0.00046594688 7.9266296e-23)
(0.0010833571 -0.00051328865 0)
(0.0013066871 -0.00055709588 1.2614893e-22)
(0.0015654351 -0.0005953496 1.5569111e-22)
(0.0018623348 -0.00062609582 3.7690344e-23)
(0.0021998255 -0.00064756572 6.9650362e-23)
(0.0025799578 -0.00065809978 -1.8012977e-22)
(0.0030037943 -0.00065591754 4.1453922e-23)
(0.0034743072 -0.00064005463 -4.00931e-23)
(0.0039928169 -0.00060880118 0)
(0.0045567484 -0.00056123645 8.4865989e-23)
(0.0051718568 -0.0004876965 -1.1637527e-23)
(0.005804958 -0.0004141366 0)
(0.006577536 -0.00022924963 0)
(5.6038109e-07 -5.3166137e-07 1.8443182e-28)
(1.8011483e-06 -1.703913e-06 -1.3030008e-24)
(3.3097621e-06 -3.1219012e-06 3.1190045e-24)
(5.1570675e-06 -4.8468935e-06 -1.8648978e-24)
(7.4310409e-06 -6.9547123e-06 2.2215404e-24)
(1.0241755e-05 -9.5378341e-06 -6.0011727e-28)
(1.3726625e-05 -1.2708644e-05 -6.3245259e-24)
(1.8056993e-05 -1.6602924e-05 3.7732678e-24)
(2.3446288e-05 -2.1383509e-05 -4.4483527e-24)
(3.0160045e-05 -2.7243924e-05 -2.3527304e-21)
(3.8528142e-05 -3.4411667e-05 3.3571379e-21)
(4.8959641e-05 -4.3150605e-05 5.5193692e-26)
(6.1960601e-05 -5.3761694e-05 8.552457e-24)
(7.8155171e-05 -6.6580961e-05 1.034017e-23)
(9.8310117e-05 -8.197334e-05 -1.2107199e-23)
(0.00012336257 -0.00010032065 -8.2231899e-25)
(0.0001544503 -0.00012200182 -1.4970696e-23)
(0.00019294305 -0.00014736337 1.7151793e-23)
(0.00024047233 -0.000176679 -4.7264387e-24)
(0.000298956 -0.00021009786 0)
(0.00037061263 -0.00024758349 1.0796552e-23)
(0.00045796017 -0.00028884842 -1.06744e-23)
(0.00056379365 -0.00033329271 0)
(0.00069113886 -0.00037995825 0)
(0.00084318248 -0.00042751235 0)
(0.0010231848 -0.00047427202 -3.8602488e-23)
(0.0012343853 -0.00051827438 -6.4671378e-23)
(0.0014799158 -0.00055738823 -6.131932e-23)
(0.0017627303 -0.00058944904 -1.0535936e-22)
(0.0020855607 -0.00061238959 -1.2718371e-22)
(0.0024508683 -0.00062434695 1.6389863e-22)
(0.0028607351 -0.00062363681 1.6211911e-22)
(0.0033168853 -0.0006084375 -1.8796843e-22)
(0.003821657 -0.00057748231 0)
(0.0043763552 -0.00052963383 2.6050595e-23)
(0.0049791078 -0.00046363753 -1.1153448e-22)
(0.005634773 -0.00036961314 1.1827337e-23)
(0.0063105658 -0.00027728272 0)
(0.0071262187 -5.4065496e-05 0)
(6.8210709e-07 -5.6182588e-07 0)
(2.191593e-06 -1.8001802e-06 0)
(4.0258142e-06 -3.2975791e-06 -7.2972981e-28)
(6.2701822e-06 -5.1183978e-06 0)
(9.0306539e-06 -7.3422308e-06 2.0832414e-27)
(1.2439404e-05 -1.0065944e-05 0)
(1.6660908e-05 -1.3406964e-05 -2.9954566e-24)
(2.1899488e-05 -1.7506733e-05 3.5687285e-24)
(2.8408554e-05 -2.2534244e-05 1.622434e-26)
(3.6501817e-05 -2.868943e-05 0)
(4.6566795e-05 -3.6206001e-05 0)
(5.9080939e-05 -4.5353133e-05 6.8342837e-24)
(7.4630658e-05 -5.6435118e-05 -8.0807354e-24)
(9.3933417e-05 -6.9787811e-05 0)
(0.00011786284 -8.5770366e-05 1.0576237e-23)
(0.0001474764 -0.00010475047 -1.1141711e-23)
(0.00018404468 -0.00012708113 9.0755226e-25)
(0.00022908034 -0.0001530673 0)
(0.00028436409 -0.0001829211 -2.1378509e-24)
(0.00035196356 -0.00021670616 -4.6034372e-24)
(0.00043424045 -0.0002542736 0)
(0.00053384064 -0.00029519549 -1.9620921e-20)
(0.00065366331 -0.00033870531 7.1699392e-21)
(0.00079680732 -0.00038365781 4.1607358e-23)
(0.00096649738 -0.00042852171 0)
(0.0011659978 -0.00047141599 8.9625849e-26)
(0.0013985257 -0.00051019321 3.8898197e-23)
(0.0016671764 -0.00054256229 -5.0567774e-23)
(0.0019748698 -0.00056623091 4.9516658e-23)
(0.0023243195 -0.00057903749 -2.1622714e-20)
(0.0027180016 -0.00057904583 -3.5149167e-22)
(0.0031580867 -0.00056453604 0)
(0.0036465223 -0.00053375188 1.4388675e-22)
(0.004185476 -0.00048549876 -3.1610829e-23)
(0.0047760363 -0.00041857592 1.8356411e-23)
(0.0054168161 -0.00033192517 1.4372777e-25)
(0.0061114626 -0.00021569862 -2.2385663e-23)
(0.0068283055 -0.00010312754 3.2830837e-23)
(0.007681033 0.00015889203 0)
(8.2057465e-07 -5.8180702e-07 -6.6395513e-25)
(2.6356232e-06 -1.8637475e-06 1.1541009e-24)
(4.8399263e-06 -3.4132174e-06 -1.3818687e-24)
(7.5353359e-06 -5.2964368e-06 0)
(1.0848076e-05 -7.5952023e-06 -1.9697677e-24)
(1.4935176e-05 -1.0408823e-05 2.3530123e-24)
(1.9991461e-05 -1.3857357e-05 0)
(2.6258124e-05 -1.8084938e-05 3.3235676e-24)
(3.4033104e-05 -2.3263078e-05 -3.9640017e-24)
(4.3683533e-05 -2.9593662e-05 0)
(5.5660507e-05 -3.7311209e-05 -5.50937e-24)
(7.051644e-05 -4.6683685e-05 6.6378441e-24)
(8.8925174e-05 -5.8010924e-05 7.3371311e-24)
(0.00011170481 -7.161939e-05 -9.193932e-24)
(0.00013984303 -8.785169e-05 -9.8313946e-24)
(0.00017452411 -0.00010704901 2.199167e-23)
(0.0002171564 -0.00012952453 -1.3435789e-23)
(0.00026939807 -0.00015552631 -1.7945513e-24)
(0.00033317803 -0.00018518867 1.8085962e-23)
(0.00041070809 -0.00021847324 2.0942328e-23)
(0.00050448181 -0.00025510289 -3.7889149e-23)
(0.00061725559 -0.0002944955 -7.7317908e-21)
(0.00075200907 -0.0003357078 2.1738918e-20)
(0.00091188512 -0.00037740228 3.5326472e-23)
(0.0011001137 -0.00041785042 -3.6614941e-23)
(0.0013199293 -0.00045498167 2.2401957e-20)
(0.0015744937 -0.00048647954 -4.9723675e-21)
(0.0018668369 -0.00050991467 -4.4357249e-23)
(0.0021998214 -0.00052289287 0)
(0.0025761251 -0.00052318725 1.7797614e-21)
(0.0029982262 -0.0005088261 1.9683934e-20)
(0.0034683606 -0.00047809704 0)
(0.0039885592 -0.00042938599 6.8911334e-23)
(0.0045607801 -0.00036154731 -1.474076e-23)
(0.0051859628 -0.00027344119 3.3717886e-23)
(0.0058629008 -0.00016435072 0)
(0.0065938036 -2.4849282e-05 0)
(0.0073487486 0.00010871675 1.1569212e-22)
(0.0082309448 0.00040803017 1.4297006e-21)
(9.7562924e-07 -5.8787371e-07 -6.115089e-25)
(3.1327121e-06 -1.8826684e-06 1.0653242e-24)
(5.751069e-06 -3.4469435e-06 1.2725467e-24)
(8.950804e-06 -5.3470746e-06 -3.0425548e-24)
(1.2880612e-05 -7.6649672e-06 3.6313669e-24)
(1.7725015e-05 -1.0499794e-05 -6.3360648e-27)
(2.3712316e-05 -1.397108e-05 -5.1577252e-24)
(3.1124251e-05 -1.8221784e-05 3.0733384e-24)
(4.0307547e-05 -2.3421232e-05 -8.8885585e-28)
(5.1687601e-05 -2.9767593e-05 -4.2619555e-24)
(6.5784495e-05 -3.7489395e-05 1.0170053e-23)
(8.323149e-05 -4.6845323e-05 -6.0078018e-24)
(0.00010479602 -5.8121283e-05 1.1248716e-25)
(0.00013140298 -7.162338e-05 2.6180427e-25)
(0.00016415976 -8.7665183e-05 -9.3044639e-24)
(0.00020438203 -0.00010654744 1.219299e-23)
(0.00025361855 -0.00012852839 -9.3627805e-21)
(0.00031367265 -0.0001537833 7.9358015e-21)
(0.00038661709 -0.00018235283 0)
(0.00047479829 -0.00021408168 -1.4146107e-20)
(0.00058082599 -0.00024855186 9.571595e-21)
(0.00070754479 -0.00028501819 3.5504664e-23)
(0.0008579862 -0.00032235701 3.2884839e-23)
(0.0010353033 -0.00035904159 -3.4573726e-23)
(0.0012426943 -0.00039315673 -3.2614434e-23)
(0.0014833265 -0.00042246068 4.8160915e-21)
(0.0017602714 -0.00044449333 -2.2256418e-20)
(0.0020764633 -0.00045671802 4.4515087e-23)
(0.0024346818 -0.00045667335 -2.9847679e-23)
(0.0028375489 -0.0004421047 -7.1672411e-23)
(0.0032875219 -0.00041104888 8.5731604e-23)
(0.0037868542 -0.00036184948 1.8543075e-23)
(0.0043375638 -0.00029306475 -1.1937978e-22)
(0.0049413758 -0.00020367501 -7.3327924e-24)
(0.0055990101 -9.2757684e-05 -1.9698787e-23)
(0.0063091717 3.9945753e-05 1.5373195e-22)
(0.0070724482 0.00020295421 -4.2459176e-22)
(0.0078612209 0.0003573293 0)
(0.0087639465 0.00069008855 -1.5608329e-21)
(1.1459096e-06 -5.7570025e-07 -2.6894265e-28)
(3.6784893e-06 -1.8431035e-06 2.4371651e-28)
(6.7512118e-06 -3.3734426e-06 -1.1182395e-27)
(1.0504062e-05 -5.2310802e-06 1.3357401e-27)
(1.5110183e-05 -7.4953528e-06 1.6617153e-27)
(2.0783936e-05 -1.0262018e-05 0)
(2.7789876e-05 -1.3646067e-05 0)
(3.6453508e-05 -1.7784437e-05 0)
(4.7174042e-05 -2.2838432e-05 3.246217e-24)
(6.0439293e-05 -2.8995529e-05 -3.928376e-24)
(7.6842874e-05 -3.6470013e-05 -3.4047363e-26)
(9.7103694e-05 -4.5501647e-05 5.3494976e-24)
(0.00012208762 -5.6351282e-05 -6.3298618e-24)
(0.00015283084 -6.9292053e-05 0)
(0.00019056416 -8.4594499e-05 -8.3349149e-24)
(0.00023673676 -0.00010250381 8.5353605e-24)
(0.00029303758 -0.0001232075 -6.7688899e-21)
(0.00036141147 -0.00014679233 1.0528242e-20)
(0.00044406681 -0.00017319056 0)
(0.00054347092 -0.00020211758 -8.5194945e-21)
(0.00066232973 -0.00023300602 1.5367676e-20)
(0.0008035495 -0.0002649446 0)
(0.00097018108 -0.00029663353 6.8950945e-24)
(0.0011653506 -0.0003263695 0)
(0.0013921854 -0.00035207223 0)
(0.0016537465 -0.00037135877 0)
(0.0019529796 -0.0003816622 2.2189302e-23)
(0.0022926931 -0.00038037994 5.7542517e-23)
(0.0026755577 -0.0003650271 -6.9516572e-24)
(0.0031041165 -0.00033336628 6.8160882e-24)
(0.003580777 -0.00028349104 1.4787847e-23)
(0.0041077566 -0.00021385217 -6.7609687e-24)
(0.004686982 -0.00012321681 2.4415823e-23)
(0.0053199036 -1.0795542e-05 1.4759529e-23)
(0.00600689 0.00012395069 0)
(0.0067463057 0.00028067135 -3.8993315e-22)
(0.00753697 0.00046642008 1.0007266e-21)
(0.0083540268 0.00064029074 5.5495508e-22)
(0.0092674016 0.0010000382 0)
(1.3293642e-06 -5.4097599e-07 1.2500828e-28)
(4.2663254e-06 -1.7312624e-06 8.4539587e-25)
(7.8280996e-06 -3.1674889e-06 -1.0117457e-24)
(1.2175874e-05 -4.9093637e-06 -1.2066183e-24)
(1.7508823e-05 -7.0303963e-06 4.3667618e-27)
(2.4073008e-05 -9.618955e-06 1.7201904e-24)
(3.2171382e-05 -1.2780677e-05 0)
(4.2175668e-05 -1.6640658e-05 0)
(5.4540284e-05 -2.1345217e-05 1.1850393e-26)
(6.9818419e-05 -2.7062886e-05 3.3883608e-24)
(8.8680298e-05 -3.3984027e-05 -7.9851619e-24)
(0.00011193352 -4.2318271e-05 4.7335254e-24)
(0.00014054513 -5.2288651e-05 0)
(0.00017566468 -6.4121082e-05 0)
(0.00021864725 -7.8027566e-05 2.1263989e-25)
(0.00027107462 -9.4181413e-05 9.0274332e-24)
(0.00033477224 -0.00011268298 -3.1682581e-25)
(0.00041181926 -0.00013351508 -9.2459261e-24)
(0.00050454793 -0.00015648854 0)
(0.00061552921 -0.00018118062 0)
(0.00074754189 -0.00020687179 0)
(0.00090352459 -0.00023248997 0)
(0.0010865128 -0.00025657376 -3.6050172e-23)
(0.0012995673 -0.00027726788 4.7195205e-23)
(0.0015457051 -0.00029236123 -1.3776984e-23)
(0.0018278429 -0.00029937228 1.5663845e-23)
(0.0021487671 -0.00029567598 1.242401e-23)
(0.0025111314 -0.0002786557 -2.8095958e-23)
(0.002917474 -0.00024585551 0)
(0.0033702354 -0.00019510693 0)
(0.003871742 -0.0001246126 0)
(0.004424123 -3.2985279e-05 6.8300659e-24)
(0.0050291407 8.0749101e-05 5.9749193e-23)
(0.0056879017 0.00021704199 -1.712616e-23)
(0.0064002725 0.00037588102 0)
(0.0071640288 0.00055611968 5.6118704e-22)
(0.0079761205 0.00076274382 -5.7779876e-22)
(0.0088148033 0.00095356328 1.4989638e-22)
(0.0097285419 0.0013310804 -7.5473146e-22)
(1.5212519e-06 -4.7887872e-07 0)
(4.8810756e-06 -1.5317435e-06 0)
(8.9540747e-06 -2.8009391e-06 0)
(1.3923439e-05 -4.3383846e-06 -8.0857276e-22)
(2.0015334e-05 -6.207889e-06 9.5592493e-22)
(2.7508622e-05 -8.4857331e-06 -1.4509773e-24)
(3.67459e-05 -1.1262526e-05 0)
(4.8146485e-05 -1.4644721e-05 2.0395994e-24)
(6.2221463e-05 -1.8755578e-05 -1.8934062e-26)
(7.9590865e-05 -2.3735189e-05 -2.870543e-24)
(0.00010100288 -2.9738986e-05 0)
(0.00012735484 -3.6933902e-05 -3.9097683e-24)
(0.00015971538 -4.5491094e-05 9.1761476e-24)
(0.00019934687 -5.5573923e-05 -1.0617237e-23)
(0.00024772655 -6.7319661e-05 5.8785783e-24)
(0.00030656444 -8.081339e-05 -2.351389e-25)
(0.00037781526 -9.6052808e-05 7.5969271e-24)
(0.0004636813 -0.00011290342 -1.7100079e-23)
(0.00056660291 -0.00013104507 8.5012991e-24)
(0.00068923371 -0.00014991288 -1.0745562e-24)
(0.00083439899 -0.00016863878 0)
(0.0010050382 -0.00018600287 0)
(0.0012041363 -0.00020040622 9.5581361e-24)
(0.0014346516 -0.00020987737 3.6562116e-24)
(0.0016994537 -0.00021212153 -3.0097272e-24)
(0.0020012819 -0.00020461476 -1.5581331e-23)
(0.0023427346 -0.00018473555 -4.2871578e-24)
(0.0027262876 -0.00014991635 -8.1245415e-24)
(0.0031543274 -9.779141e-05 3.8879679e-24)
(0.0036291709 -2.6319154e-05 -3.3499498e-24)
(0.0041530337 6.6132559e-05 -7.7551468e-24)
(0.0047279078 0.00018073131 7.5707387e-24)
(0.0053553199 0.00031813354 3.1773183e-23)
(0.0060359461 0.00047834927 -8.6944576e-23)
(0.0067689958 0.00066065999 0)
(0.0075514046 0.00086292458 -3.2809376e-22)
(0.0083781886 0.0010874566 -4.5748495e-22)
(0.0092309121 0.0012915072 -4.6608122e-22)
(0.01013483 0.0016748669 2.2423831e-21)
(1.7177251e-06 -3.8585283e-07 1.633219e-25)
(5.510259e-06 -1.2332503e-06 -2.8446615e-25)
(1.0106001e-05 -2.2531455e-06 0)
(1.5710333e-05 -3.4862426e-06 -6.6866843e-22)
(2.2576606e-05 -4.9823153e-06 8.1285966e-22)
(3.1016618e-05 -6.8003463e-06 -5.7434806e-25)
(4.1412634e-05 -9.0096482e-06 1.9711591e-23)
(5.4231407e-05 -1.1690548e-05 -3.3186871e-23)
(7.0040262e-05 -1.4934389e-05 9.5214745e-25)
(8.9525225e-05 -1.8842475e-05 -2.2556496e-24)
(0.00011351101 -2.3523367e-05 1.3337552e-24)
(0.00014298242 -2.9087757e-05 0)
(0.00017910633 -3.5639877e-05 -2.4001948e-26)
(0.00022325306 -4.3264252e-05 -2.0708767e-24)
(0.00027701535 -5.2006418e-05 2.4856138e-24)
(0.00034222242 -6.1846318e-05 -7.031168e-26)
(0.00042094638 -7.2663407e-05 -1.5529994e-25)
(0.00051549745 -8.4193359e-05 0)
(0.00062840512 -9.5977741e-05 7.6749596e-24)
(0.00076238277 -0.0001073102 -7.2245478e-24)
(0.00092027545 -0.00011718542 0)
(0.0011049937 -0.00012425987 0)
(0.00131944 -0.00012683526 -2.8139565e-24)
(0.0015664388 -0.0001228755 -1.6817086e-24)
(0.0018486829 -0.00011006468 -8.6013516e-24)
(0.0021687089 -8.5906427e-05 5.300149e-24)
(0.0025289075 -4.7855828e-05 0)
(0.0029315618 6.5337769e-06 0)
(0.0033788936 7.9470439e-05 3.4161581e-24)
(0.0038730809 0.00017280687 1.2742989e-23)
(0.0044162031 0.00028795171 -3.8455911e-23)
(0.0050100712 0.00042579436 4.4888416e-23)
(0.0056559103 0.00058661209 -1.0344088e-22)
(0.0063538765 0.00076988241 2.5568244e-22)
(0.0071023714 0.00097405997 -1.1757736e-22)
(0.0078972316 0.0011958442 1.142114e-22)
(0.0087314455 0.0014343657 1.8408685e-22)
(0.0095895587 0.0016472189 -5.4535346e-22)
(0.010472599 0.0020221423 -1.3273322e-21)
(1.9076944e-06 -2.5792377e-07 -3.3545901e-29)
(6.1186383e-06 -8.2302172e-07 2.0048452e-25)
(1.1219803e-05 -1.5008501e-06 -9.9789399e-28)
(1.743795e-05 -2.3170056e-06 -2.8604898e-25)
(2.5052588e-05 -3.3024493e-06 1.313926e-28)
(3.4407166e-05 -4.4931082e-06 4.023958e-25)
(4.5922023e-05 -5.9300974e-06 1.405448e-23)
(6.0109356e-05 -7.6594198e-06 -8.560681e-24)
(7.7590237e-05 -9.7308739e-06 6.7240225e-25)
(9.9113571e-05 -1.2195806e-05 -1.2007412e-27)
(0.00012557668 -1.5103178e-05 0)
(0.00015804687 -1.8493222e-05 -1.0542418e-24)
(0.00019778301 -2.2387805e-05 5.9081668e-26)
(0.00024625549 -2.6776439e-05 1.4504963e-24)
(0.0003051625 -3.1596848e-05 0)
(0.00037643999 -3.6709056e-05 1.79041e-24)
(0.00046226194 -4.1862414e-05 -3.6790473e-24)
(0.00056502783 -4.665579e-05 2.1605312e-24)
(0.00068733428 -5.0492588e-05 -2.0374296e-24)
(0.00083192941 -5.2534297e-05 3.0182514e-24)
(0.0010016509 -5.1658767e-05 0)
(0.0011993523 -4.6431813e-05 0)
(0.0014278265 -3.5102132e-05 1.2943945e-24)
(0.0016897394 -1.5628705e-05 -5.9811614e-24)
(0.0019875875 1.4254071e-05 2.4286019e-25)
(0.002323691 5.6935263e-05 -3.4126216e-24)
(0.0027002253 0.00011480028 1.712245e-24)
(0.0031192783 0.00019009431 -1.0168801e-23)
(0.0035829055 0.00028479375 -8.7638019e-24)
(0.0040931398 0.00040049655 -2.1188578e-23)
(0.0046519078 0.00053832823 2.1054955e-23)
(0.0052608061 0.00069884244 -4.5644409e-23)
(0.0059207051 0.00088187893 3.0689005e-23)
(0.006631167 0.0010863132 -4.9735905e-23)
(0.0073896631 0.0013097105 -6.9472808e-23)
(0.0081906926 0.0015475545 0)
(0.0090250215 0.0017956426 4.4918505e-22)
(0.0098785108 0.0020136288 5.5198779e-22)
(0.010725728 0.0023630835 3.2854181e-22)
(2.0885318e-06 -9.437787e-08 -1.6353383e-26)
(6.6974015e-06 -2.9884285e-07 2.8261306e-26)
(1.227861e-05 -5.4010596e-07 -3.381828e-26)
(1.9078806e-05 -8.2475847e-07 -5.3613682e-29)
(2.7401699e-05 -1.1601722e-06 -1.2749345e-28)
(3.7619881e-05 -1.5534879e-06 5.6039722e-26)
(5.0188549e-05 -2.0107913e-06 -9.1578858e-28)
(6.5661234e-05 -2.5356927e-06 -7.8888079e-26)
(8.4707535e-05 -3.1270279e-06 -9.0616756e-26)
(0.00010813266 -3.7753536e-06 1.0914368e-25)
(0.00013689831 -4.4577765e-06 0)
(0.00017214423 -5.1305146e-06 0)
(0.00021520897 -5.7184672e-06 0)
(0.00026764835 -6.1009826e-06 8.1595321e-27)
(0.000331249 -6.0930165e-06 0)
(0.00040803414 -5.421049e-06 0)
(0.00050025816 -3.6935805e-06 -4.4190871e-25)
(0.00061038665 -3.6687704e-07 4.6110787e-25)
(0.0007410593 5.2920364e-06 0)
(0.00089503489 1.4241364e-05 -2.4391098e-25)
(0.0010751207 2.7693749e-05 2.7332832e-25)
(0.0012840927 4.7131268e-05 0)
(0.0015246179 7.4298158e-05 0)
(0.0017991936 0.00011116458 -6.1573471e-25)
(0.0021101168 0.00015985854 -4.8343246e-21)
(0.0024594964 0.00022256909 5.0225626e-21)
(0.0028493037 0.0003014306 5.0332794e-24)
(0.0032814456 0.00039840196 -6.9112469e-24)
(0.0037578238 0.00051515316 5.7757127e-24)
(0.0042803322 0.00065296302 1.8956511e-23)
(0.0048507392 0.00081261742 1.013273e-23)
(0.0054704077 0.00099428155 -3.5124356e-23)
(0.0061398229 0.0011973078 -1.0437218e-23)
(0.006857917 0.0014199268 0)
(0.0076211887 0.0016588219 0)
(0.00842272 0.0019083985 0)
(0.0092510781 0.0021618689 -1.7029652e-22)
(0.010091325 0.0023854929 -1.0045127e-22)
(0.010898225 0.0026876958 1.9425092e-22)
(2.2442547e-06 1.1052335e-07 3.1991074e-27)
(7.1957911e-06 3.5765176e-07 -5.5722313e-27)
(1.319023e-05 6.6259999e-07 2.5091871e-23)
(2.0491173e-05 1.0422607e-06 -2.9555121e-23)
(2.9422904e-05 1.5183068e-06 0)
(4.0382774e-05 2.1189224e-06 0)
(5.3855557e-05 2.8808307e-06 -1.128377e-28)
(7.0429807e-05 3.8519797e-06 0)
(9.081617e-05 5.0951625e-06 3.4028673e-28)
(0.00011586736 6.692838e-06 0)
(0.00014659926 8.7535014e-06 0)
(0.00018421217 1.1420035e-05 1.2988416e-27)
(0.00023011084 1.4880523e-05 0)
(0.00028592113 1.9382022e-05 4.5812353e-26)
(0.00035350076 2.5247702e-05 -7.3852579e-26)
(0.0004349409 3.2897534e-05 2.5972567e-26)
(0.00053255505 4.2872244e-05 -8.3376116e-22)
(0.00064885203 5.5859497e-05 1.076291e-21)
(0.00078649095 7.2720171e-05 5.4000663e-25)
(0.00094821818 9.4511214e-05 -4.9635358e-25)
(0.0011367901 0.00012250017 3.1841495e-25)
(0.0013548901 0.00015816549 0)
(0.0016050515 0.00020317683 0)
(0.0018896042 0.00025935141 -1.1175111e-24)
(0.0022106573 0.00032858617 -1.1214629e-20)
(0.0025701277 0.00041277041 1.1727803e-20)
(0.002969808 0.00051368776 0)
(0.0034114507 0.00063291737 0)
(0.0038968271 0.00077173992 0)
(0.0044277065 0.0009310435 1.2849722e-23)
(0.005005702 0.0011112114 -4.2602166e-23)
(0.0056319351 0.0013119614 0)
(0.0063064949 0.0015321018 0)
(0.0070276907 0.0017691704 0)
(0.0077911147 0.0020189769 -2.3859502e-22)
(0.0085886307 0.0022750343 2.3507299e-22)
(0.0094072613 0.0025293677 0)
(0.010230672 0.0027618359 4.4934544e-22)
(0.011011488 0.0030082227 0)
(2.3663942e-06 3.5117583e-07 0)
(7.5863159e-06 1.1289429e-06 3.7981434e-29)
(1.390386e-05 2.0749038e-06 -2.4137892e-22)
(2.1595359e-05 3.2337891e-06 2.8845842e-22)
(3.1000511e-05 4.6607406e-06 0)
(4.2535028e-05 6.4247803e-06 -3.1593716e-28)
(5.6705375e-05 8.6119775e-06 1.1284045e-28)
(7.4125474e-05 1.132948e-05 0)
(9.5535249e-05 1.4710528e-05 -3.4030357e-28)
(0.0001218207 1.8920595e-05 0)
(0.00015403484 2.4164873e-05 0)
(0.00019341844 3.0697285e-05 6.3342348e-27)
(0.00024141901 3.883123e-05 -7.9569518e-25)
(0.00029970583 4.8952143e-05 9.4861751e-25)
(0.00037017817 6.1531804e-05 -2.5110645e-21)
(0.00045496353 7.7144044e-05 3.2138392e-21)
(0.00055640217 9.648106e-05 -3.6660987e-21)
(0.00067701495 0.00012036894 4.1345755e-21)
(0.00081945278 0.00014978026 -2.3960338e-24)
(0.00098642833 0.00018584081 1.213106e-23)
(0.001180635 0.00022982698 -7.3298713e-24)
(0.0014046628 0.00028315008 2.7197881e-24)
(0.0016609247 0.00034732498 0)
(0.0019516107 0.00042392216 -2.179921e-24)
(0.0022786837 0.00051450552 -1.2821666e-23)
(0.0026439214 0.00062056114 1.3417275e-23)
(0.003048997 0.00074342394 -1.7382043e-23)
(0.003495568 0.00088420642 0)
(0.0039853269 0.001043727 0)
(0.0045199587 0.0012224238 -6.767458e-23)
(0.0051009474 0.0014202284 1.6566113e-22)
(0.005729192 0.0016363675 -6.7421868e-23)
(0.0064044123 0.0018690618 0)
(0.00712436 0.0021151108 -1.563044e-22)
(0.0078838838 0.0023694031 -3.2368964e-22)
(0.0086740023 0.0026244307 -3.6620241e-22)
(0.0094811146 0.0028707868 0)
(0.010289081 0.0030925346 -1.4876436e-21)
(0.01106716 0.0032961222 0)
(2.4325548e-06 6.0944815e-07 2.4474288e-25)
(7.7975605e-06 1.9560159e-06 4.5957343e-28)
(1.428919e-05 3.5889726e-06 9.3142085e-28)
(2.2190141e-05 5.5820319e-06 -6.1305124e-25)
(3.1847683e-05 8.0258508e-06 7.3706612e-25)
(4.3686395e-05 1.1032447e-05 -8.8228683e-25)
(5.8223015e-05 1.4739653e-05 -1.0592282e-24)
(7.6083185e-05 1.9316477e-05 -5.4929694e-27)
(9.801997e-05 2.4969421e-05 3.0397893e-24)
(0.00012493375 3.1949807e-05 -1.8183667e-24)
(0.00015789283 4.0562135e-05 0)
(0.00019815353 5.117343e-05 -2.6358624e-24)
(0.00024717829 6.4223424e-05 3.1151169e-24)
(0.00030664928 8.0235251e-05 0)
(0.00037847486 9.9826077e-05 -4.9680105e-21)
(0.0004647855 0.00012371678 5.5563967e-21)
(0.00056791573 0.00015273939 0)
(0.00069036916 0.00018784063 5.737793e-25)
(0.00083476549 0.00023007943 -4.3041815e-25)
(0.0010037707 0.00028061626 -8.69976e-24)
(0.001200016 0.00034069236 -2.6801995e-25)
(0.0014260163 0.00041159773 1.038157e-23)
(0.0016841016 0.00049462874 -8.7798271e-24)
(0.0019763791 0.00059103812 3.3155728e-23)
(0.0023047381 0.00070198229 -1.4624552e-23)
(0.0026709007 0.00082847173 0)
(0.0030765065 0.00097132773 1.7382519e-23)
(0.003523198 0.0011311431 0)
(0.0040126577 0.0013082348 0)
(0.0045465398 0.0015025646 9.2736481e-23)
(0.0051262422 0.0017135968 1.8294146e-22)
(0.0057524817 0.0019400588 1.7903651e-22)
(0.0064246662 0.002179583 1.6049208e-22)
(0.0071400889 0.0024282335 -1.7953372e-22)
(0.0078930239 0.0026799785 8.7190918e-22)
(0.0086739021 0.0029262191 0)
(0.0094687805 0.0031559841 -6.4102863e-22)
(0.010261154 0.0033538024 2.7990765e-21)
(0.011025439 0.0035132429 2.2386617e-21)
(2.4400239e-06 8.7313472e-07 -3.5691564e-22)
(7.8207613e-06 2.8001641e-06 6.2958697e-22)
(1.4330078e-05 5.1337395e-06 4.737599e-28)
(2.225032e-05 7.9767701e-06 5.6735262e-28)
(3.1928077e-05 1.1455629e-05 -1.1657551e-24)
(4.3786786e-05 1.572545e-05 1.3969154e-24)
(5.8341372e-05 2.0975807e-05 -1.6739604e-24)
(7.6214728e-05 2.7437312e-05 -1.837295e-21)
(9.8155875e-05 3.5389104e-05 2.2936198e-21)
(0.00012505941 4.5167173e-05 0)
(0.00015798556 5.717333e-05 3.4107184e-24)
(0.00019817959 7.1884533e-05 -3.5578502e-21)
(0.00024708913 8.9862052e-05 4.6020427e-21)
(0.00030637694 0.0001117597 5.74116e-24)
(0.00037792654 0.00013833006 -1.3557129e-23)
(0.00046383734 0.00017042726 7.9684429e-24)
(0.00056640621 0.00020900462 0)
(0.00068809269 0.00025510521 -1.3704344e-24)
(0.00083146701 0.00030984361 1.8357908e-24)
(0.0009991427 0.00037437753 -3.0618787e-23)
(0.0011936995 0.00044986932 3.2727567e-23)
(0.0014176073 0.00053743909 4.7342802e-23)
(0.0016731647 0.00063811348 -3.1573443e-23)
(0.001962468 0.00075277644 4.3948198e-23)
(0.0022874222 0.00088212911 -6.7296001e-23)
(0.0026497935 0.0010266644 0)
(0.0030512899 0.0011866563 4.4847257e-23)
(0.0034936337 0.0013621536 -1.1340312e-22)
(0.0039785785 0.0015529576 -7.8557253e-25)
(0.0045078123 0.0017585493 -2.1384577e-22)
(0.0050826981 0.0019779303 -7.9692976e-22)
(0.0057038209 0.0022093431 1.6136002e-23)
(0.0063703402 0.002449859 3.725471e-22)
(0.007079187 0.0026948516 -3.6504325e-22)
(0.0078241979 0.0029374353 7.3975457e-22)
(0.0085953781 0.003167998 2.0780098e-21)
(0.0093785228 0.0033742335 -7.040006e-23)
(0.010156567 0.0035401945 -1.7047264e-21)
(0.010904246 0.0036543525 -1.0837608e-21)
(2.3815972e-06 1.1264416e-06 -4.8108664e-22)
(7.6331186e-06 3.6108461e-06 8.3193843e-22)
(1.3985326e-05 6.6167789e-06 -7.0832475e-28)
(2.1713021e-05 1.0274841e-05 -2.7007396e-24)
(3.1153335e-05 1.4745241e-05 -1.3584154e-27)
(4.2718003e-05 2.0223839e-05 0)
(5.690752e-05 2.694894e-05 0)
(7.4327067e-05 3.5208966e-05 -2.523332e-21)
(9.570407e-05 4.5350936e-05 2.9117738e-21)
(0.000121907 5.7789547e-05 -3.5021142e-26)
(0.00015396474 7.30165e-05 0)
(0.00019308543 9.1609493e-05 -5.0193397e-21)
(0.00024067324 0.00011424002 5.5726026e-21)
(0.00029834096 0.00014167879 -1.5587627e-23)
(0.00036791581 0.00017479714 -3.2582362e-25)
(0.00045143553 0.00021456266 0)
(0.00055113176 0.00026202671 -2.5140691e-23)
(0.00066939841 0.00031830208 2.9923802e-23)
(0.00080874435 0.000384529 -1.8357976e-24)
(0.0009717323 0.00046182958 3.7993659e-23)
(0.0011609096 0.00055125242 -3.6791246e-23)
(0.0013787406 0.00065371204 3.6698073e-23)
(0.0016275539 0.00076993077 -2.7956192e-25)
(0.0019095169 0.00090039276 -8.6045679e-23)
(0.0022266484 0.0010453192 -8.3935639e-23)
(0.0025808667 0.0012046696 1.2137827e-22)
(0.0029740558 0.0013781645 5.5976742e-23)
(0.0034081182 0.0015653135 1.1290143e-22)
(0.0038849633 0.0017654152 2.6386561e-20)
(0.0044063814 0.0019774912 -8.6233517e-20)
(0.0049737573 0.0022001103 -2.815938e-22)
(0.0055875988 0.0024310727 0)
(0.0062468847 0.0026669517 9.1278634e-22)
(0.0069482779 0.0029025282 0)
(0.0076853017 0.0031302128 3.5658251e-23)
(0.0084476663 0.0033396103 -3.7382821e-21)
(0.0092210023 0.0035175254 0)
(0.0099886731 0.0036476434 -2.4427322e-19)
(0.010725451 0.0037147089 2.2837626e-18)
(2.2593566e-06 1.3541743e-06 -2.7857284e-24)
(7.241245e-06 4.3394581e-06 4.8517865e-24)
(1.3266968e-05 7.9492127e-06 9.6085646e-28)
(2.0596822e-05 1.2338598e-05 -3.475884e-24)
(2.9549984e-05 1.7697778e-05 -4.1582212e-24)
(4.051627e-05 2.4258565e-05 9.9445757e-24)
(5.3969521e-05 3.2302133e-05 -5.9420605e-24)
(7.0482727e-05 4.2167555e-05 0)
(9.0744735e-05 5.4261036e-05 0)
(0.00011557822 6.9065488e-05 1.0061497e-23)
(0.00014595831 8.7149933e-05 -1.2036153e-23)
(0.00018303093 0.00010917788 -9.8958532e-26)
(0.00022812942 0.00013591351 0)
(0.00028278766 0.00016822402 0)
(0.0003487473 0.00020707625 3.2582356e-25)
(0.00042795658 0.00025352505 0)
(0.00052255799 0.00030869117 0)
(0.00063486292 0.00037372653 -3.649798e-23)
(0.00076731268 0.00044976579 4.4821108e-23)
(0.0009224275 0.0005378652 0)
(0.0011027487 0.00063893251 -1.3198238e-23)
(0.0013107823 0.00075365529 7.3640741e-23)
(0.0015489548 0.00088243841 -6.3287478e-23)
(0.0018195928 0.0010253631 -5.7946911e-24)
(0.0021249316 0.0011821783 -3.2047616e-23)
(0.002467151 0.0013523285 -1.4226161e-22)
(0.00284842 0.0015350088 -9.2839299e-24)
(0.0032709198 0.0017292237 2.8527694e-22)
(0.003736799 0.0019338101 8.6709195e-20)
(0.0042480176 0.0021473759 -2.6798146e-20)
(0.0048060384 0.0023681107 7.5850221e-22)
(0.0054113469 0.0025934419 -2.5795001e-22)
(0.0060628079 0.0028195424 -9.1219237e-22)
(0.0067569063 0.0030407444 0)
(0.007486969 0.003248974 -1.825605e-21)
(0.0082425351 0.0034333829 1.5677128e-21)
(0.0090090229 0.0035803659 3.245531e-21)
(0.0097680165 0.00367439 -2.2228015e-18)
(0.010502986 0.0037012613 1.2331498e-19)
(2.0771259e-06 1.5403968e-06 -1.7073412e-24)
(6.6574811e-06 4.9350391e-06 -7.9179424e-28)
(1.2197788e-05 9.0379078e-06 3.5582847e-24)
(1.8937432e-05 1.402391e-05 -4.2614719e-24)
(2.7169847e-05 2.0107255e-05 -5.0940008e-24)
(3.7253589e-05 2.7548501e-05 6.0888962e-24)
(4.9624738e-05 3.6662948e-05 7.7398711e-27)
(6.481099e-05 4.7829789e-05 8.6699837e-24)
(8.3447334e-05 6.1501804e-05 -1.0366843e-23)
(0.00010629308 7.8215168e-05 4.3707696e-26)
(0.00013424972 9.8598661e-05 -1.0240959e-26)
(0.00016837892 0.00012338123 -6.5889511e-21)
(0.00020991942 0.00015339642 9.14371e-21)
(0.00026030141 0.0001895818 0)
(0.0003211564 0.00023297091 2.8251817e-23)
(0.00039432035 0.00028467516 -3.3129162e-23)
(0.00048182811 0.000345853 3.9485249e-23)
(0.00058589708 0.00041766435 -4.4241644e-23)
(0.0007088999 0.00050120969 -2.8760108e-24)
(0.00085332708 0.00059745574 -7.6393911e-24)
(0.0010217436 0.00070715346 7.2293193e-24)
(0.0012167459 0.00083075795 4.1287629e-20)
(0.0014409267 0.00096836393 -9.2121461e-21)
(0.0016968569 0.0011196714 3.634386e-23)
(0.0019870864 0.0012839935 -8.7219197e-23)
(0.0023141601 0.0014603087 0)
(0.0026806328 0.0016473456 1.560452e-22)
(0.0030890548 0.001843669 0)
(0.0035418903 0.0020477213 0)
(0.0040413303 0.002257767 3.2838633e-22)
(0.0045889669 0.0024716937 0)
(0.0051853138 0.0026866495 5.5736905e-22)
(0.0058291827 0.0028985328 -5.4754491e-22)
(0.0065169599 0.0031014067 0)
(0.0072418824 0.0032869656 2.7653221e-21)
(0.0079934798 0.0034442582 9.5493566e-22)
(0.0087573785 0.0035599774 -1.3977316e-21)
(0.0095159632 0.0036195364 -1.6671565e-21)
(0.010247617 0.003609171 -6.1519029e-21)
(1.8441159e-06 1.6712166e-06 0)
(5.9113107e-06 5.3531705e-06 7.9179424e-28)
(1.0831749e-05 9.8016968e-06 4.2027581e-24)
(1.6818545e-05 1.5205193e-05 -5.0297186e-24)
(2.4132874e-05 2.1794243e-05 -6.0098622e-24)
(3.3094243e-05 2.9848849e-05 1.4374699e-23)
(4.4091721e-05 3.9707218e-05 -8.5941007e-24)
(5.7596829e-05 5.1775216e-05 0)
(7.4178058e-05 6.6536233e-05 -1.2161805e-23)
(9.4516856e-05 8.4560918e-05 1.4520555e-23)
(0.00011942478 0.00010651596 6.2188077e-26)
(0.00014986129 0.0001331707 -8.2401564e-21)
(0.00018695133 0.00016539985 8.4325366e-21)
(0.00023200167 0.00020418016 -2.8288489e-23)
(0.00028651445 0.00025057846 3.3317586e-23)
(0.00035219635 0.00030572803 0)
(0.00043096159 0.00037079076 -1.2986411e-24)
(0.00052492733 0.00044690295 0)
(0.00063640078 0.00053510479 0)
(0.00076785836 0.00063625635 7.6393831e-24)
(0.00092191923 0.00075094716 1.4438158e-22)
(0.0011013168 0.00087941108 1.8667419e-20)
(0.0013088733 0.001021462 -5.665778e-20)
(0.0015474804 0.001176467 0)
(0.0018200887 0.0013433687 -9.613407e-23)
(0.0021296972 0.0015207592 5.8281377e-24)
(0.0024793319 0.0017069884 5.6314227e-22)
(0.002871988 0.0019002722 -1.3350067e-23)
(0.0033105078 0.0020987496 -3.6753987e-22)
(0.0037973636 0.0023004318 -6.9073071e-22)
(0.0043343193 0.0025030001 -4.1912375e-23)
(0.0049219595 0.0027034361 -6.382452e-22)
(0.0055590924 0.0028975117 -5.778462e-22)
(0.0062420679 0.0030792238 5.6595041e-22)
(0.0069641006 0.0032403179 0)
(0.0077147502 0.0033701198 -1.872237e-21)
(0.0084797532 0.0034559758 -5.2998991e-21)
(0.0092415831 0.0034846163 5.0213849e-21)
(0.0099801995 0.003444518 3.0363702e-21)
(1.5727316e-06 1.7349431e-06 0)
(5.0424632e-06 5.5564908e-06 1.0445065e-27)
(9.2415914e-06 1.0172351e-05 -4.826985e-24)
(1.4352995e-05 1.5776962e-05 5.7795678e-24)
(2.0600792e-05 2.2608177e-05 3.5744767e-27)
(2.8259728e-05 3.0954435e-05 0)
(3.7665109e-05 4.1163618e-05 0)
(4.9224384e-05 5.3652491e-05 0)
(6.3430427e-05 6.8916403e-05 1.3996057e-23)
(8.0876464e-05 8.7538671e-05 -4.2039802e-26)
(0.00010227256 0.00011019873 -1.9841362e-23)
(0.00012846341 0.0001376777 -2.3118951e-23)
(0.00016044695 0.00017085957 2.7630932e-23)
(0.00019939325 0.00021072564 0)
(0.00024666264 0.00025833945 0)
(0.00030382205 0.00031481928 0)
(0.00037265826 0.0003812953 -4.910799e-23)
(0.0004551869 0.00045884977 5.884865e-23)
(0.00055365604 0.0005484404 0)
(0.00067054403 0.00065081069 9.8122777e-24)
(0.00080855159 0.00076639521 -1.6302309e-22)
(0.00097058893 0.00089523283 3.9327209e-24)
(0.0011597587 0.001036905 1.9411178e-22)
(0.0013793349 0.0011905162 1.9857853e-22)
(0.0016327353 0.0013547288 -6.529945e-24)
(0.0019234808 0.0015278528 -7.2581676e-24)
(0.0022551318 0.0017079714 -6.2409754e-22)
(0.0026311832 0.0018930648 1.633241e-23)
(0.0030549002 0.0020810774 4.0524653e-22)
(0.0035290719 0.0022698732 -9.3036482e-24)
(0.0040556649 0.0024570361 1.8050881e-21)
(0.0046353663 0.0026395061 0)
(0.005267019 0.0028130866 6.253269e-22)
(0.0059469828 0.0029719189 -6.1252572e-22)
(0.0066685006 0.0031080756 0)
(0.0074212093 0.003211498 -1.0340296e-22)
(0.0081910027 0.0032705617 -1.993191e-21)
(0.0089604711 0.0032735813 0)
(0.0097097704 0.0032111002 1.0217397e-20)
(1.2786172e-06 1.7235851e-06 2.5979413e-24)
(4.1010004e-06 5.5194738e-06 -1.0445065e-27)
(7.5188872e-06 1.0103279e-05 -5.4099868e-24)
(1.1682666e-05 1.5667242e-05 6.4727946e-24)
(1.6776681e-05 2.2446425e-05 7.7299763e-24)
(2.3027713e-05 3.0725567e-05 -9.2583619e-24)
(3.0713549e-05 4.0847685e-05 0)
(4.0173225e-05 5.3223143e-05 -1.3139373e-23)
(5.1819048e-05 6.8338872e-05 1.5648671e-23)
(6.6150494e-05 8.676713e-05 1.8663946e-23)
(8.3770099e-05 0.00010917284 -2.1948525e-23)
(0.0001054014 0.00013631812 -1.9331072e-25)
(0.00013190889 0.00016906218 0)
(0.00016431984 0.00020835419 0)
(0.00020384761 0.00025521632 4.2210762e-23)
(0.00025191598 0.00031071403 -4.9497973e-23)
(0.00031018368 0.00037591097 5.4896468e-23)
(0.00038056799 0.00045180677 -6.5555034e-23)
(0.00046526625 0.00053925854 -4.8219958e-24)
(0.0005667733 0.00063888991 -9.812335e-24)
(0.00068789295 0.00075099653 1.189686e-23)
(0.00083174079 0.00087546144 -2.5824245e-23)
(0.001001735 0.0010116977 0)
(0.0012015712 0.0011586354 5.7661692e-23)
(0.0014351756 0.001314766 0)
(0.0017066312 0.0014782407 0)
(0.0020200682 0.0016470056 2.3671517e-22)
(0.0023795105 0.0018189326 4.3703167e-22)
(0.0027886689 0.0019918929 -4.4038503e-22)
(0.0032506676 0.0021637183 4.2378897e-22)
(0.0037676931 0.002332011 5.3359942e-23)
(0.0043405546 0.0024937984 0)
(0.0049681547 0.0026450744 0)
(0.0056468917 0.0027803267 0)
(0.006370062 0.0028922074 1.2808499e-21)
(0.0071273921 0.002971558 3.2934496e-21)
(0.0079049018 0.0030080579 -4.2253557e-21)
(0.0086852347 0.0029917662 1.8726712e-21)
(0.0094486045 0.0029153198 -8.7634012e-21)
(9.7934127e-07 1.6333323e-06 2.8526199e-24)
(3.1431359e-06 5.2299701e-06 -9.9360213e-24)
(5.7664428e-06 9.5723539e-06 5.9479039e-24)
(8.9668014e-06 1.484195e-05 0)
(1.2888386e-05 2.1260559e-05 0)
(1.7709583e-05 2.9096624e-05 9.4687855e-27)
(2.3650225e-05 3.8673218e-05 0)
(3.0980519e-05 5.0376416e-05 0)
(4.0031849e-05 6.4663716e-05 0)
(5.1209711e-05 8.2071915e-05 -2.0386295e-23)
(6.5009102e-05 0.0001032235 2.4178539e-23)
(8.2032749e-05 0.00012883021 -2.3250507e-25)
(0.00010301254 0.00015969199 3.3695215e-23)
(0.00012883449 0.00019668901 -3.9825177e-23)
(0.00016056756 0.00024076416 7.5249265e-25)
(0.00019949618 0.00029289319 0)
(0.00024715633 0.00035404007 0)
(0.00030537422 0.00042509607 7.0653448e-23)
(0.00037630563 0.00050680361 -7.6376283e-23)
(0.00046247321 0.00059966891 0)
(0.00056679698 0.00070387213 -2.4737728e-23)
(0.00069261231 0.00081918848 -2.0100803e-24)
(0.00084366758 0.00094493693 0)
(0.0010240936 0.0010799731 4.2895393e-24)
(0.0012383368 0.0012227375 -6.352457e-23)
(0.0014910499 0.0013713567 0)
(0.001786937 0.0015237783 -2.3675537e-22)
(0.0021305518 0.0016779014 4.6858075e-22)
(0.0025260493 0.0018316499 -7.0886099e-22)
(0.0029768881 0.0019829407 -4.239759e-22)
(0.0034854772 0.00212951 -3.5705443e-22)
(0.0040527553 0.0022685985 3.9904616e-22)
(0.0046776966 0.0023965405 -1.4866723e-21)
(0.005356751 0.0025083553 0)
(0.0060832751 0.002597491 -2.4525887e-21)
(0.0068470723 0.0026559162 2.3894116e-21)
(0.0076342376 0.0026747934 4.237695e-21)
(0.0084273914 0.0026459742 -6.0539236e-21)
(0.0092066662 0.0025639871 -1.7196196e-21)
(6.9335175e-07 1.4651398e-06 -1.5386337e-24)
(2.2278828e-06 4.6910703e-06 -5.3553279e-24)
(4.0921537e-06 8.585305e-06 1.2819605e-23)
(6.3724679e-06 1.3310114e-05 -7.672282e-24)
(9.1748283e-06 1.9063775e-05 -4.6095243e-27)
(1.2631676e-05 2.6086096e-05 0)
(1.6907876e-05 3.4665465e-05 0)
(2.2208428e-05 4.5146207e-05 0)
(2.8788149e-05 5.7935911e-05 -1.8499494e-23)
(3.6963752e-05 7.3512198e-05 -1.0315382e-26)
(4.7128826e-05 9.2428068e-05 2.6151709e-23)
(5.9772426e-05 0.00011531457 3.1023234e-23)
(7.5502021e-05 0.00014287922 -7.2773563e-23)
(9.5071618e-05 0.00017589798 4.287872e-23)
(0.00011941585 0.00021519859 -7.5249338e-25)
(0.00014969056 0.0002616326 0)
(0.00018732001 0.00031603398 6.6447103e-23)
(0.00023404981 0.00037916323 -7.4527286e-23)
(0.0002920035 0.00045163783 0)
(0.00036373831 0.00053385313 -8.315615e-23)
(0.00045229368 0.00062590167 1.2038769e-22)
(0.00056122293 0.00072750336 -1.7169118e-24)
(0.00069459689 0.00083796167 -1.2070727e-22)
(0.00085696724 0.00095616087 6.8292915e-23)
(0.0010532796 0.0010806138 6.3531738e-23)
(0.0012887304 0.001209558 -2.585926e-22)
(0.0015685684 0.0013410816 1.3346426e-22)
(0.0018978478 0.0014732442 2.5932567e-22)
(0.0022811419 0.0016041463 2.3674757e-22)
(0.0027222241 0.0017319031 -4.7244787e-22)
(0.0032237138 0.0018544935 -4.0458909e-22)
(0.0037866755 0.0019694876 0)
(0.0044101562 0.0020736948 1.4887341e-21)
(0.0050906588 0.0021628255 1.1741759e-19)
(0.0058215932 0.0022313013 2.6826217e-19)
(0.0065928166 0.0022723857 -3.6252003e-21)
(0.0073904469 0.0022788257 0)
(0.0081970071 0.0022442115 2.0651296e-21)
(0.0089924443 0.0021646632 1.9980295e-21)
(4.3867302e-07 1.2248408e-06 -1.6322398e-24)
(1.4128923e-06 3.9214628e-06 7.0912099e-28)
(2.6014098e-06 7.1763603e-06 1.6125319e-27)
(4.0628164e-06 1.1124856e-05 1.928398e-27)
(5.8692683e-06 1.593226e-05 4.8603205e-24)
(8.1124939e-06 2.1798403e-05 -5.8013663e-24)
(1.0908689e-05 2.8963455e-05 6.9098349e-24)
(1.4405162e-05 3.7713968e-05 -8.2606619e-24)
(1.8789062e-05 4.8388869e-05 -1.9601268e-26)
(2.4298723e-05 6.1384921e-05 -1.1646494e-23)
(3.1238339e-05 7.7160948e-05 5.7964355e-26)
(3.9996931e-05 9.6239742e-05 8.3367405e-26)
(5.1072715e-05 0.0001192063 1.9334527e-23)
(6.5104105e-05 0.00014670065 -2.2541662e-23)
(8.2908607e-05 0.00017940324 5.2859838e-23)
(0.00010553063 0.00021801083 -3.0853014e-23)
(0.00013429862 0.00026320109 0)
(0.00017089082 0.00031558507 -5.0341135e-24)
(0.00021740699 0.00037564835 -9.050805e-23)
(0.00027644065 0.00044368439 1.8498975e-22)
(0.00035114321 0.00051972715 -1.1352942e-22)
(0.0004452676 0.00060349327 -9.0163307e-23)
(0.00056317655 0.00069434691 1.6402832e-22)
(0.00070980011 0.00079129971 -1.3234457e-22)
(0.00089053022 0.0008930537 7.0480888e-23)
(0.0011110473 0.00099808486 0)
(0.001377083 0.0011047516 1.3340353e-22)
(0.0016941335 0.001211398 -5.1897645e-22)
(0.0020671408 0.0013164145 2.6163077e-22)
(0.0025001552 0.0014182168 -2.4428685e-22)
(0.0029959818 0.0015151241 4.8438416e-22)
(0.0035557969 0.0016051362 -8.4731826e-22)
(0.0041787134 0.0016856512 4.384763e-22)
(0.0048612809 0.0017532014 -2.3441093e-19)
(0.0055969503 0.0018033192 -1.5522213e-19)
(0.0063756069 0.0018306785 2.4971602e-21)
(0.0071833512 0.0018296521 1.1468658e-21)
(0.0080025591 0.0017954554 -1.1178926e-21)
(0.0088129391 0.0017254803 2.0998308e-21)
(2.3158388e-07 9.2279147e-07 3.389607e-23)
(7.5021589e-07 2.9543068e-06 -6.8947745e-23)
(1.3893317e-06 5.4062099e-06 3.5520123e-24)
(2.1850394e-06 8.3802688e-06 4.2442237e-24)
(3.1820491e-06 1.2000788e-05 -1.0147557e-23)
(4.4390935e-06 1.6417965e-05 6.0551349e-24)
(6.0329513e-06 2.181224e-05 6.910304e-27)
(8.0642507e-06 2.8398784e-05 0)
(1.066545e-05 3.6431937e-05 1.9601269e-26)
(1.4011602e-05 4.6209224e-05 -2.4126785e-26)
(1.833479e-05 5.8074406e-05 0)
(2.3943439e-05 7.2418745e-05 1.6955284e-23)
(3.1247882e-05 8.9679445e-05 -2.0176465e-23)
(4.0793759e-05 0.00011033396 0)
(5.3304867e-05 0.00013488864 0)
(6.9736867e-05 0.00016386021 0)
(9.1342562e-05 0.00019774863 0)
(0.00011974804 0.00023700085 2.5778187e-24)
(0.0001570367 0.0002819661 -3.0123211e-24)
(0.00020583479 0.00033284547 5.8991244e-23)
(0.00026938811 0.00038964105 -1.4577134e-24)
(0.00035161514 0.00045211284 -8.0000261e-23)
(0.00045711878 0.00051975297 -3.287975e-23)
(0.00059113883 0.00059178697 0)
(0.00075943135 0.00066720763 1.7423617e-22)
(0.00096807021 0.0007448398 -1.4678763e-22)
(0.0012231787 0.00082342376 -7.1518588e-23)
(0.0015306105 0.00090169451 0)
(0.001895605 0.00097842811 0)
(0.0023224357 0.0010524276 2.4552623e-22)
(0.0028140574 0.0011224321 -4.6212202e-22)
(0.0033717371 0.0011869529 4.0004362e-24)
(0.0039946408 0.0012440673 -3.8467954e-22)
(0.004679354 0.0012912288 -3.0088649e-21)
(0.0054193554 0.0013251811 6.9674821e-22)
(0.0062045394 0.0013420812 0)
(0.0070209661 0.0013379304 -1.1796794e-21)
(0.0078508525 0.0013094362 2.3108346e-21)
(0.0086736681 0.0012549698 -3.022512e-21)
(8.5678646e-08 5.7457512e-07 2.4807335e-23)
(2.8334119e-07 1.8394226e-06 -3.6269945e-23)
(5.3541355e-07 3.3658127e-06 -4.4919647e-28)
(8.6218022e-07 5.2168336e-06 -5.1425477e-28)
(1.289032e-06 7.4694631e-06 -2.6082284e-24)
(1.8514744e-06 1.021656e-05 3.1222961e-24)
(2.598536e-06 1.3569499e-05 3.6586927e-27)
(3.5979938e-06 1.7661001e-05 0)
(4.9438651e-06 2.2648255e-05 -1.0372986e-26)
(6.7667846e-06 2.8716341e-05 2.4126787e-26)
(9.2482658e-06 3.6079205e-05 0)
(1.2640222e-05 4.4979107e-05 6.7619501e-26)
(1.72914e-05 5.5686322e-05 1.0389141e-23)
(2.3682534e-05 6.8495676e-05 -9.5046525e-26)
(3.2472005e-05 8.3719362e-05 -1.4237015e-23)
(4.4553728e-05 0.00010167522 -5.1741756e-25)
(6.1128189e-05 0.00012266971 -3.9427972e-20)
(8.3785938e-05 0.00014697519 4.379939e-20)
(0.00011460029 0.00017480197 2.5214365e-23)
(0.00015622221 0.00020626686 -1.0897717e-22)
(0.00021196582 0.00024136164 6.4420569e-23)
(0.00028586805 0.00027992637 -4.785236e-23)
(0.00038270274 0.00032163375 -6.3839424e-24)
(0.00050792936 0.00036599044 -1.5379014e-23)
(0.00066756143 0.00041235874 5.7551676e-23)
(0.00086795044 0.00045999759 7.5189666e-23)
(0.0011154954 0.00050811508 7.1546883e-23)
(0.0014163014 0.00055591832 0)
(0.0017758165 0.00060264259 -6.7616571e-23)
(0.0021984706 0.00064754301 2.4890585e-22)
(0.0026873235 0.00068983874 1.0728558e-22)
(0.0032437057 0.00072861254 -2.3119432e-22)
(0.0038668202 0.00076268507 0)
(0.0045532768 0.0007905015 1.1481775e-21)
(0.0052965706 0.00081008389 1.4285904e-21)
(0.0060865946 0.00081911433 -3.2589783e-22)
(0.006909367 0.0008152068 0)
(0.0077469708 0.00079644079 -3.4099623e-21)
(0.0085786854 0.00076193473 0)
(9.4597162e-09 1.9606128e-07 -4.4474466e-25)
(4.1517012e-08 6.2730168e-07 7.746615e-25)
(9.3204052e-08 1.1468844e-06 9.2680552e-25)
(1.7724573e-07 1.7756468e-06 -1.1094189e-24)
(3.0902075e-07 2.5392157e-06 1.3238466e-24)
(5.1213923e-07 3.4685213e-06 -1.5832464e-24)
(8.215289e-07 4.6009893e-06 1.8815247e-24)
(1.2889382e-06 5.9821067e-06 -2.2514727e-24)
(1.9868531e-06 7.6679647e-06 1.0372987e-26)
(3.0210509e-06 9.7241791e-06 0)
(4.5511554e-06 1.2221329e-05 -3.7559563e-24)
(6.8001572e-06 1.5238937e-05 4.4617958e-24)
(1.0082145e-05 1.8868468e-05 -5.3071389e-24)
(1.4845277e-05 2.3209448e-05 4.8594534e-26)
(2.1714674e-05 2.8367216e-05 7.2173303e-24)
(3.155259e-05 3.4448907e-05 5.1741921e-25)
(4.5532747e-05 4.1557641e-05 -3.8848063e-20)
(6.5227701e-05 4.9784786e-05 4.691126e-20)
(9.2705996e-05 5.9200463e-05 1.3796794e-23)
(0.00013063187 6.9842869e-05 -1.3955311e-23)
(0.00018235527 8.1707573e-05 -3.7661086e-24)
(0.00025197485 9.4738495e-05 1.6161301e-23)
(0.00034435327 0.00010882266 -9.0597186e-24)
(0.00046506391 0.0001237907 1.8018342e-23)
(0.00062025359 0.00013942437 -1.0384123e-19)
(0.00081641748 0.00015547061 1.086573e-19)
(0.0010600971 0.00017165946 3.7575155e-23)
(0.0013575272 0.00018772113 -3.4720482e-23)
(0.0017142634 0.00020339594 1.0269339e-22)
(0.0021348163 0.00021843154 6.293995e-23)
(0.0026222995 0.00023256402 -6.4830894e-23)
(0.0031780763 0.00024548401 -2.2764017e-22)
(0.0038013687 0.0002567947 2.1213882e-22)
(0.004488799 0.00026597471 -1.0136246e-22)
(0.0052338701 0.00027236276 -7.2650786e-22)
(0.0060264721 0.00027518697 5.0881051e-22)
(0.0068525964 0.00027365677 1.6171935e-22)
(0.0076942487 0.000267141 8.7221008e-22)
(0.0085306034 0.00025535882 2.7780095e-22)
(0.0029527952 -3.9812234e-05 -1.161974e-23)
(0.0032068666 -3.8444428e-05 4.484042e-25)
(0.0034539105 -3.410287e-05 0)
(0.0036619387 -3.1261615e-05 1.8926695e-23)
(0.0038597313 -2.8340685e-05 0)
(0.0040344263 -2.5789057e-05 0)
(0.0041960607 -2.3449533e-05 0)
(0.0043424672 -2.1279458e-05 9.485787e-23)
(0.004476669 -1.9235773e-05 -1.0118113e-22)
(0.0045983753 -1.7276135e-05 8.7205096e-23)
(0.0047093912 -1.5347933e-05 0)
(0.0048073155 -1.3430155e-05 -9.5336642e-23)
(0.0048972248 -1.1530208e-05 0)
(0.0049683675 -9.3211593e-06 0)
(0.0050365493 -8.0833071e-06 0)
(0.0029920816 -0.00011939997 1.1403289e-23)
(0.0032437859 -0.00011544845 0)
(0.0034905132 -0.00010228474 -7.2273466e-24)
(0.0036980861 -9.3669862e-05 -1.1572103e-24)
(0.0038959137 -8.4827605e-05 -1.0883031e-23)
(0.0040708758 -7.7075622e-05 0)
(0.004232894 -6.9983015e-05 0)
(0.0043797922 -6.3398546e-05 -7.6471117e-23)
(0.0045144951 -5.7206981e-05 8.3045009e-23)
(0.0046366776 -5.1272352e-05 1.3492077e-22)
(0.0047481004 -4.544977e-05 -9.3087908e-23)
(0.0048462801 -3.9653027e-05 1.4381477e-22)
(0.0049363651 -3.393967e-05 -2.0117722e-22)
(0.0050072262 -2.7279961e-05 1.8881652e-22)
(0.0050754978 -2.3552523e-05 1.2621985e-23)
(0.0030738857 -0.000198162 0)
(0.0033217878 -0.00019206305 0)
(0.0035685184 -0.00017002338 -4.3761377e-23)
(0.0037754424 -0.0001557047 2.2660014e-23)
(0.0039734738 -0.00014088735 -2.2631175e-23)
(0.0041488896 -0.00012790756 -1.2516816e-22)
(0.0043115193 -0.00011600093 -1.7992145e-22)
(0.0044591409 -0.00010495048 -4.0184953e-24)
(0.0045945301 -9.4555796e-05 -3.5694401e-24)
(0.0047173013 -8.4595871e-05 -5.4965348e-22)
(0.0048291361 -7.4837292e-05 -7.4588043e-19)
(0.0049274189 -6.512022e-05 -7.9509281e-19)
(0.0050174334 -5.5573477e-05 -2.3985401e-18)
(0.0050873274 -4.4431096e-05 2.9416792e-18)
(0.0051554511 -3.8209264e-05 4.283148e-22)
(0.0032003271 -0.00027362289 0)
(0.0034429653 -0.0002660271 -4.2636795e-23)
(0.0036900222 -0.00023520916 6.4088235e-24)
(0.0038960755 -0.0002153451 0)
(0.0040944455 -0.00019460761 2.1458363e-22)
(0.0042704702 -0.00017645286 1.6222291e-22)
(0.0044339094 -0.00015975542 1.4989074e-22)
(0.0045824538 -0.00014426506 -3.6501986e-22)
(0.0047186812 -0.00012969215 -3.5314761e-22)
(0.0048421151 -0.00011573854 4.2027257e-22)
(0.0049543251 -0.00010208938 7.2612314e-19)
(0.0050525049 -8.8506274e-05 8.4306938e-19)
(0.0051421487 -7.5203112e-05 -7.7210269e-19)
(0.0052103099 -5.9673658e-05 -7.0690877e-19)
(0.0052779849 -5.1031493e-05 -4.3621607e-22)
(0.0033731645 -0.0003429442 -1.5620265e-24)
(0.0036090876 -0.0003347775 3.5501902e-23)
(0.0038568102 -0.0002954483 4.8725428e-23)
(0.0040617576 -0.00027031963 1.607063e-22)
(0.0042605608 -0.00024385175 1.7962195e-24)
(0.0044373203 -0.00022067795 3.0227765e-22)
(0.0046017369 -0.00019931696 -3.0662523e-22)
(0.0047513724 -0.00017950706 6.7068518e-22)
(0.0048885588 -0.00016087342 3.5949833e-22)
(0.0050126947 -0.00014305152 -3.8617362e-22)
(0.0051252063 -0.00012565344 -5.164318e-23)
(0.0052230344 -0.00010836511 4.6505421e-22)
(0.0053119624 -9.1483902e-05 3.4688169e-18)
(0.0053775693 -7.1804395e-05 -2.5227309e-18)
(0.0054444476 -6.0895015e-05 0)
(0.0035936866 -0.00040297154 0)
(0.0038214729 -0.00039551295 -1.0382562e-22)
(0.004070254 -0.00034811258 -8.0323792e-23)
(0.0042738554 -0.00031813974 -4.2685064e-22)
(0.0044731419 -0.00028628267 -5.4829923e-23)
(0.0046507374 -0.00025837175 7.2212366e-23)
(0.0048162711 -0.00023259418 -9.0467092e-23)
(0.0049671386 -0.0002086947 -2.6134248e-22)
(0.0051053779 -0.00018622385 9.6509435e-23)
(0.0052302269 -0.00016476436 2.9709882e-22)
(0.0053429393 -0.00014386482 0)
(0.0054401382 -0.00012314674 -5.4775828e-23)
(0.0055279748 -0.00010297521 1.0118136e-22)
(0.005590178 -7.9527322e-05 -8.2743153e-23)
(0.005655878 -6.6594291e-05 -8.9534565e-22)
(0.003862585 -0.00045023794 0)
(0.0040808247 -0.00044521087 1.356979e-22)
(0.0043312039 -0.00039039129 8.9733536e-23)
(0.0045332084 -0.00035612349 -1.3249273e-23)
(0.004732977 -0.00031938689 -1.7535354e-22)
(0.0049114916 -0.00028716708 4.3202154e-19)
(0.0050782585 -0.00025735492 4.4944886e-19)
(0.0052304777 -0.00022971916 8.5315713e-23)
(0.0053698442 -0.00020375242 -1.5111688e-18)
(0.0054953993 -0.00017900166 3.1869868e-18)
(0.0056081962 -0.00015496291 1.0868537e-22)
(0.0057044787 -0.00013121219 -1.0656191e-22)
(0.0057908369 -0.00010815505 8.9859021e-22)
(0.0058487924 -8.1466711e-05 -9.0016004e-22)
(0.0059129124 -6.6858743e-05 9.3608789e-22)
(0.0041798481 -0.00048108312 6.6764119e-24)
(0.0043870258 -0.0004805852 2.9024922e-23)
(0.0046398847 -0.0004193656 -3.5793121e-23)
(0.0048399975 -0.00038144273 2.1907361e-22)
(0.0050401856 -0.00034052329 -4.7150961e-22)
(0.0052196918 -0.00030458907 -3.6637878e-19)
(0.0053877937 -0.00027127369 -5.2495174e-19)
(0.0055414711 -0.00024039014 0)
(0.0056820293 -0.00021139634 -3.3200532e-18)
(0.0058082777 -0.00018382417 1.5559357e-18)
(0.0059210437 -0.00015712978 0)
(0.0060161351 -0.00013086933 9.0174688e-22)
(0.0061006418 -0.00010545225 5.8204985e-23)
(0.0061535486 -7.6192895e-05 1.7733551e-21)
(0.0062156798 -6.0358449e-05 0)
(0.004546688 -0.00049133809 -1.8555954e-24)
(0.0047442136 -0.00049781074 1.4890424e-22)
(0.004995847 -0.00043180253 -8.2832979e-24)
(0.0051935961 -0.00039115352 -4.606237e-22)
(0.0053940773 -0.00034699708 5.4860089e-22)
(0.0055746486 -0.00030813009 -6.3634792e-22)
(0.0057441843 -0.00027200406 1.8663887e-22)
(0.0058994244 -0.00023850493 6.0040543e-22)
(0.0060412409 -0.00020708664 -1.0239303e-21)
(0.0061681788 -0.00017729065 -6.6253851e-22)
(0.0062808181 -0.00014854786 1.8094957e-21)
(0.0063744822 -0.00012042604 -2.7596319e-21)
(0.0064568093 -9.3294613e-05 -1.9058798e-21)
(0.0065039597 -6.2267626e-05 -9.285443e-22)
(0.0065637876 -4.5722757e-05 0)
(0.0049601627 -0.00047884539 -5.5146376e-23)
(0.0051487155 -0.00049251037 -1.9257652e-22)
(0.0053960531 -0.00042340318 0)
(0.0055922814 -0.00038233775 5.1505892e-22)
(0.0057930032 -0.00033617619 0)
(0.0059747381 -0.00029534934 1.7941082e-22)
(0.0061458198 -0.0002572718 1.6514626e-23)
(0.0063027383 -0.00022193664 -9.8336513e-22)
(0.006445895 -0.00018883139 -1.7233451e-21)
(0.0065735444 -0.000157536 2.4459612e-21)
(0.0066860014 -0.00012747286 -1.598863e-21)
(0.0067780688 -9.8257493e-05 3.7583452e-21)
(0.0068579664 -7.017062e-05 2.0425166e-21)
(0.0068988018 -3.8304234e-05 -1.1840387e-22)
(0.0069561216 -2.1628407e-05 -2.0410295e-21)
(0.0054130263 -0.00044016429 1.2485982e-22)
(0.0055909728 -0.0004634836 1.3814073e-22)
(0.0058391279 -0.00039224117 9.4218131e-24)
(0.0060332198 -0.00035236561 -8.8440453e-22)
(0.0062342441 -0.0003056117 -5.1328084e-22)
(0.006417286 -0.00026399225 0)
(0.006590055 -0.00022498757 7.9881639e-22)
(0.0067487917 -0.00018874027 0)
(0.0068934001 -0.00015481575 1.731455e-21)
(0.007021825 -0.00012286517 -1.8047866e-21)
(0.0071341051 -9.2321203e-05 0)
(0.007224502 -6.2887088e-05 3.5595169e-23)
(0.0073018333 -3.4703122e-05 1.9948286e-21)
(0.0073359969 -3.0326022e-06 1.9472965e-21)
(0.0073907537 1.3134098e-05 4.1467471e-21)
(0.0059040387 -0.00037131773 1.61833e-23)
(0.0060700192 -0.00040891603 -6.1553893e-23)
(0.0063197766 -0.00033611162 -5.0581303e-22)
(0.0065123353 -0.00029895969 6.0811271e-22)
(0.0067138889 -0.000253213 -2.2734042e-22)
(0.0068984741 -0.00021213247 -4.0448454e-22)
(0.0070731197 -0.00017337625 -2.4583932e-21)
(0.0072338519 -0.00013727406 -4.3203907e-22)
(0.0073800649 -0.00010351607 2.2013922e-22)
(0.0075093864 -7.1860349e-05 0)
(0.0076215753 -4.177016e-05 1.9600593e-21)
(0.0077103503 -1.3079281e-05 -3.9338249e-21)
(0.007785124 1.4265854e-05 1.6158753e-22)
(0.0078125119 4.4624733e-05 -9.7851323e-23)
(0.0078648409 5.9611114e-05 -2.1023255e-21)
(0.0064274573 -0.00026936152 -5.588688e-23)
(0.0065827391 -0.00032403978 -1.5087723e-22)
(0.0068329538 -0.00025321046 8.0867185e-22)
(0.0070245391 -0.00022039551 1.6457568e-20)
(0.0072268613 -0.00017738676 -9.3470396e-19)
(0.0074133029 -0.00013831663 -5.0609303e-19)
(0.0075900721 -0.00010111504 7.7261979e-19)
(0.0077530234 -6.6329648e-05 6.8112404e-19)
(0.0079010446 -3.3822681e-05 0)
(0.0080314519 -3.4964368e-06 2.4659176e-22)
(0.0081437303 2.5133921e-05 -2.2035801e-21)
(0.0082310763 5.2059536e-05 1.7318164e-21)
(0.008303474 7.7582268e-05 1.3272142e-18)
(0.0083242817 0.00010546744 1.3115224e-18)
(0.0083745407 0.00011860697 2.184937e-21)
(0.0069760265 -0.00013280681 2.1441426e-23)
(0.0071222513 -0.00020748951 9.0064454e-22)
(0.0073722485 -0.00014196742 6.386595e-22)
(0.0075635198 -0.00011551837 3.352955e-19)
(0.0077669124 -7.7168496e-05 3.8836227e-19)
(0.0079556029 -4.1706061e-05 6.9587279e-19)
(0.0081348076 -7.4704561e-06 -5.7382934e-19)
(0.0083002528 2.4738055e-05 -8.7193788e-19)
(0.0084503405 5.4837427e-05 1.9677277e-21)
(0.0085820956 8.2743034e-05 0)
(0.0086947465 0.00010886636 0)
(0.0087810139 0.00013297845 0)
(0.0088514075 0.00015568456 -1.2475956e-18)
(0.0088661652 0.00017992876 -1.3940718e-18)
(0.0089149538 0.00019059998 2.2685621e-21)
(0.0075411003 3.893855e-05 -1.5349897e-19)
(0.007680382 -5.8280969e-05 -3.9039566e-19)
(0.0079299243 -1.7983719e-06 -6.417871e-22)
(0.0081217963 1.6036237e-05 -1.8338789e-22)
(0.0083266889 4.7636336e-05 1.6199283e-21)
(0.0085181146 7.7792159e-05 -1.8345251e-21)
(0.0087001368 0.00010757744 -1.4337343e-21)
(0.0088684015 0.00013589335 2.1287805e-23)
(0.0090208653 0.00016238914 -2.4445784e-21)
(0.0091543001 0.00018676 0)
(0.0092677061 0.00020932342 -2.6252049e-22)
(0.0093534047 0.00022958634 -3.9741178e-21)
(0.0094223594 0.00024851303 4.3176475e-21)
(0.0094319515 0.00026799013 4.1594747e-21)
(0.0094801104 0.00027565953 -4.4587136e-21)
(0.0081127916 0.00024519987 -7.8768426e-21)
(0.0082478795 0.00012348746 5.4640782e-19)
(0.0084971482 0.00016678737 -1.5833951e-21)
(0.0086908834 0.00017367538 1.5767931e-21)
(0.008897893 0.00019632925 -1.6290881e-21)
(0.0090926491 0.00021941951 2.295586e-21)
(0.0092779425 0.00024323776 3.4098516e-21)
(0.0094493969 0.00026632818 5.0880081e-22)
(0.0096045869 0.00028802205 -1.023388e-21)
(0.0097400897 0.00030775826 5.1367889e-22)
(0.0098547186 0.00032574142 -1.282871e-18)
(0.009940504 0.0003411736 -1.1941477e-18)
(0.010008764 0.00035543342 -4.0288603e-21)
(0.010014426 0.00036910737 -4.4105667e-21)
(0.010063012 0.00037337101 4.613853e-21)
(0.0086802077 0.00048379215 -1.0847403e-22)
(0.0088146409 0.00033645672 1.7590203e-21)
(0.0090642921 0.00036211614 2.0125243e-21)
(0.0092615536 0.00035575008 -3.9125938e-21)
(0.0094715332 0.00036724237 2.3064583e-21)
(0.0096703338 0.00038150414 1.5407802e-21)
(0.0098594205 0.00039785408 -1.9675026e-21)
(0.010034466 0.00041441123 -5.2408604e-22)
(0.010192753 0.00043014151 5.1861977e-22)
(0.010330746 0.00044419528 -3.8046465e-21)
(0.010447123 0.00045664832 1.0859599e-18)
(0.010533767 0.00046636287 1.3753543e-18)
(0.010602218 0.00047518554 4.1841507e-21)
(0.010605508 0.0004821581 1.3978002e-22)
(0.01065574 0.00048277708 -9.4127111e-21)
(0.0092317696 0.00075088397 1.9006644e-22)
(0.0093700412 0.00057791658 -2.0557343e-21)
(0.0096213011 0.00058134882 -7.2554779e-22)
(0.0098241792 0.00055953731 3.9151509e-21)
(0.010038255 0.00055773316 -1.1607856e-23)
(0.010241936 0.00056146334 -1.4853599e-21)
(0.010435396 0.00056890963 0)
(0.010614445 0.00057769302 4.8978614e-21)
(0.010776195 0.00058637186 -5.3357317e-22)
(0.0109171 0.0005937825 4.8421855e-21)
(0.01103577 0.00059985977 -5.437049e-21)
(0.011124114 0.00060310043 2.6773493e-22)
(0.011193729 0.0006058676 9.8594513e-23)
(0.01119647 0.00060542069 2.7162759e-22)
(0.011249639 0.00060234553 4.6527444e-21)
(0.0097555985 0.0010409828 1.5834303e-21)
(0.0099033333 0.00084381239 -2.2032614e-22)
(0.010158105 0.00082059267 2.0923341e-21)
(0.010369124 0.00078133042 -2.0068858e-21)
(0.010588723 0.00076427285 0)
(0.01079824 0.00075588861 0)
(0.010996695 0.00075310709 0)
(0.011180149 0.00075297951 -4.2857323e-21)
(0.011345694 0.00075362316 0)
(0.011489896 0.0007535447 0)
(0.011611375 0.00075253003 0)
(0.011702269 0.00074869813 -1.5137983e-18)
(0.011774032 0.00074496609 -1.4678457e-18)
(0.011778227 0.00073659443 -4.23451e-21)
(0.011835582 0.00072997405 -4.9165763e-21)
(0.010240094 0.0013468473 -1.6383622e-21)
(0.01040418 0.0011287005 0)
(0.010665098 0.0010750228 -1.4959252e-21)
(0.010887185 0.001016558 -5.4489016e-22)
(0.011114049 0.00098256741 -5.5320337e-22)
(0.011330466 0.00096066857 5.1250872e-21)
(0.011534561 0.00094649057 0)
(0.011722785 0.00093645152 -4.6028016e-21)
(0.011892386 0.00092820653 0)
(0.012040195 0.00091992975 -4.6113465e-21)
(0.012164919 0.00091125407 -4.6117654e-21)
(0.012259155 0.00089992644 1.300128e-18)
(0.012333973 0.00088943465 1.6338251e-18)
(0.012341698 0.00087286776 -5.0820347e-21)
(0.012404296 0.00086303978 5.0149855e-21)
(0.01067492 0.0016589464 -2.7405857e-22)
(0.010863708 0.0014251466 -2.939373e-23)
(0.011133978 0.001338605 3.115803e-22)
(0.011370273 0.0012596425 0)
(0.011606384 0.0012075026 0)
(0.011830802 0.0011710009 -3.882118e-21)
(0.012041142 0.0011445032 4.1429839e-21)
(0.012234411 0.001123753 -7.8671399e-22)
(0.01240822 0.0011059428 5.7346127e-22)
(0.012559818 0.0010889298 3.9417604e-21)
(0.012688084 0.0010721944 5.0984168e-21)
(0.01278632 0.0010531419 0)
(0.012864931 0.0010358123 0)
(0.012878213 0.0010110341 1.7656991e-20)
(0.012946747 0.0009984904 -9.6482195e-21)
(0.011050788 0.0019662446 -3.0127251e-22)
(0.011275303 0.0017238537 6.2925542e-22)
(0.01155856 0.0016043332 2.7770568e-22)
(0.011812037 0.001504298 -1.2061714e-21)
(0.012059425 0.0014334397 -4.3411801e-21)
(0.012292859 0.0013816854 5.896276e-22)
(0.01250992 0.0013422666 -4.5871616e-21)
(0.012708362 0.0013102525 3.9997547e-21)
(0.012886368 0.0012824047 -1.1892822e-18)
(0.013041766 0.0012563048 -9.4588954e-19)
(0.013173682 0.0012312863 0)
(0.013276364 0.0012044715 -5.783419e-22)
(0.013359249 0.0011803864 -8.7772971e-21)
(0.013379937 0.0011476461 -9.083851e-21)
(0.013454548 0.0011329643 9.8105244e-21)
(0.011352814 0.0022649293 -2.9888805e-21)
(0.011629314 0.0020209984 3.1140998e-21)
(0.011931393 0.0018700195 5.2959193e-21)
(0.012205558 0.0017479856 -6.2347215e-22)
(0.012466848 0.0016575557 5.3926304e-21)
(0.012710667 0.0015896288 0)
(0.012935107 0.0015364663 0)
(0.013138931 0.0014924682 0)
(0.013321132 0.0014539966 8.3144056e-19)
(0.013480286 0.0014183955 1.2461466e-18)
(0.013615837 0.0013848455 -5.8378984e-22)
(0.013723221 0.001350254 5.8110941e-22)
(0.013810583 0.0013195208 8.6016669e-21)
(0.013840275 0.0012792251 5.6923099e-22)
(0.013920326 0.001263028 0)
(0.011551464 0.002575161 3.4211369e-21)
(0.011897625 0.0023336121 -3.4587277e-21)
(0.012232509 0.0021499373 3.6998448e-22)
(0.01253605 0.0020002729 -7.4777866e-22)
(0.012817722 0.0018856032 1.3206427e-18)
(0.013075896 0.0017977704 7.3475901e-19)
(0.01331 0.0017280726 5.3492024e-21)
(0.013520416 0.0016700074 -1.036733e-20)
(0.013707415 0.0016193734 1.0078507e-20)
(0.013870606 0.0015731939 0)
(0.014009898 0.0015303985 9.5791047e-21)
(0.014122192 0.0014877209 -5.7617252e-22)
(0.014214028 0.0014502321 5.6763428e-22)
(0.014254157 0.0014026802 0)
(0.014337888 0.0013858156 -9.1436538e-21)
(0.0050851633 -4.2832875e-06 0)
(0.0051089473 -2.9500891e-06 0)
(0.0051326227 -8.5412583e-07 0)
(0.0051222842 1.0781736e-06 0)
(0.005095022 2.723444e-06 0)
(0.0050343886 4.3853264e-06 0)
(0.0049398951 5.7728039e-06 0)
(0.0048082602 7.191253e-06 0)
(0.0046227794 8.2177214e-06 0)
(0.0044035328 9.2692642e-06 0)
(0.0041014388 9.3856265e-06 0)
(0.0038179322 9.9500734e-06 0)
(0.0033813826 8.4176216e-06 0)
(0.0031627456 8.5879523e-06 0)
(0.0025631735 6.3475339e-06 0)
(0.0051223331 -1.217445e-05 0)
(0.0051430904 -8.193404e-06 0)
(0.0051646443 -1.8847459e-06 0)
(0.0051522738 3.9164008e-06 0)
(0.0051232208 8.8647556e-06 0)
(0.0050610435 1.3819273e-05 0)
(0.004965208 1.7992709e-05 0)
(0.0048324488 2.2153714e-05 0)
(0.0046460618 2.5205413e-05 0)
(0.004426049 2.8295003e-05 0)
(0.0041233398 2.8581412e-05 0)
(0.0038390967 3.0154727e-05 0)
(0.0034019277 2.5454049e-05 0)
(0.0031821123 2.5957444e-05 0)
(0.0025813338 1.906373e-05 0)
(0.0051984674 -1.9346885e-05 0)
(0.005212937 -1.2806635e-05 0)
(0.005230064 -2.3330899e-06 0)
(0.005213456 7.3123046e-06 0)
(0.0051806689 1.5566824e-05 0)
(0.0051152719 2.3819561e-05 0)
(0.0050166344 3.0800834e-05 0)
(0.0048815241 3.7723314e-05 0)
(0.0046932426 4.282646e-05 0)
(0.0044716258 4.797814e-05 0)
(0.0041676398 4.8439372e-05 0)
(0.0038818846 5.1028489e-05 0)
(0.0034434773 4.3091642e-05 0)
(0.0032212875 4.393313e-05 0)
(0.0026180944 3.2175232e-05 0)
(0.0053150372 -2.5038394e-05 0)
(0.0053197674 -1.6132079e-05 0)
(0.0053299974 -1.7032427e-06 0)
(0.0053067925 1.1663601e-05 0)
(0.0052681878 2.313867e-05 0)
(0.0051977688 3.4627365e-05 -1.0656878e-34)
(0.005094759 4.4374164e-05 9.4255393e-35)
(0.0049559723 5.4042286e-05 0)
(0.0047647238 6.1184145e-05 0)
(0.0045405964 6.8397587e-05 0)
(0.0042346301 6.9026729e-05 0)
(0.0039465571 7.2640455e-05 0)
(0.0035062982 6.1400479e-05 0)
(0.0032805454 6.2577791e-05 0)
(0.0026737643 4.5813777e-05 0)
(0.0054733328 -2.8389546e-05 0)
(0.005464743 -1.7419331e-05 0)
(0.005465477 5.7233966e-07 0)
(0.0054331964 1.7423497e-05 0)
(0.0053865701 3.1936968e-05 0)
(0.0053092167 4.6519399e-05 0)
(0.0052001635 5.8934094e-05 0)
(0.0050562837 7.1273671e-05 0)
(0.0048609163 8.0407055e-05 0)
(0.0046333057 8.9653978e-05 0)
(0.0043246161 9.0428636e-05 0)
(0.004033395 9.5060317e-05 0)
(0.0035906767 8.0451722e-05 0)
(0.0033601891 8.1975462e-05 0)
(0.0027487034 5.9991043e-05 0)
(0.0056743906 -2.8451729e-05 0)
(0.0056488609 -1.5835143e-05 0)
(0.0056374123 5.1338224e-06 0)
(0.0055935003 2.510416e-05 0)
(0.005536556 4.2364943e-05 0)
(0.0054502666 5.9808809e-05 0)
(0.0053334141 7.4725482e-05 0)
(0.0051829431 8.9601021e-05 0)
(0.0049822331 0.00010063642 0)
(0.0047501058 0.00011185453 0)
(0.0044379137 0.00011273626 0)
(0.004142696 0.00011836295 0)
(0.0036969164 0.00010032341 0)
(0.0034605503 0.0001022124 0)
(0.0028433187 7.4742845e-05 0)
(0.0059189528 -2.4162722e-05 0)
(0.0058728947 -1.0470177e-05 0)
(0.0058465418 1.2689296e-05 0)
(0.0057884178 3.5273284e-05 0)
(0.0057188029 5.4871887e-05 0)
(0.0056215149 7.4846222e-05 0)
(0.0054950428 9.2020674e-05 0)
(0.0053364171 0.00010923123 0)
(0.0051290788 0.00012202942 0)
(0.0048913481 0.00013511693 0)
(0.0045748434 0.0001360474 0)
(0.0042747697 0.00014262977 0)
(0.0038253351 0.00012109808 0)
(0.0035819882 0.00012337573 0)
(0.0029580577 9.0119926e-05 0)
(0.0062070682 -1.4479331e-05 0)
(0.0061373155 -3.5736502e-07 0)
(0.0060933736 2.4006435e-05 0)
(0.0060184969 4.8548366e-05 0)
(0.0059338494 6.9950541e-05 0)
(0.0058234748 9.2018159e-05 0)
(0.0056855262 0.00011112114 0)
(0.0055171369 0.00013039413 0)
(0.0053018373 0.00014476091 0)
(0.0050573744 0.00015957155 0)
(0.0047357229 0.00016046833 0)
(0.004429931 0.0001679479 0)
(0.003976261 0.00014286236 0)
(0.0037248883 0.00014555817 0)
(0.0030933996 0.00010619124 0)
(0.0065384234 1.7214139e-06 0)
(0.0064421641 1.5444126e-05 0)
(0.006378117 3.9893412e-05 0)
(0.0062840648 6.55878e-05 0)
(0.0061820712 8.8131975e-05 0)
(0.0060565417 0.00011174414 0)
(0.0059052581 0.00013235599 0)
(0.0057254776 0.00015334191 0)
(0.005500856 0.00016902315 0)
(0.0052485039 0.00018536132 0)
(0.0049208567 0.00018611368 0)
(0.0046084921 0.00019440988 0)
(0.0041500281 0.00016570647 0)
(0.003889661 0.00016886763 0)
(0.0032498444 0.00012300218 0)
(0.0069123927 2.5579693e-05 0)
(0.0067870742 3.7916148e-05 0)
(0.006700613 6.1182678e-05 0)
(0.0065851658 8.7077825e-05 0)
(0.0064636306 0.00010997748 0)
(0.0063209525 0.00013447171 0)
(0.006154517 0.00015607884 0)
(0.0059617329 0.00017834735 0)
(0.0057264259 0.00019502474 0)
(0.0054650186 0.00021264104 0)
(0.0051305245 0.00021310606 0)
(0.0048107519 0.000222113 0)
(0.0043469718 0.00018972331 0)
(0.0040767376 0.00019338737 0)
(0.0034279015 0.00014051508 0)
(0.0073274474 5.8133807e-05 0)
(0.0071711238 6.8011411e-05 0)
(0.0070602547 8.8709536e-05 0)
(0.0069214913 0.00011371557 0)
(0.006778419 0.00013606693 0)
(0.006616738 0.00016066892 0)
(0.0064334285 0.00018266308 0)
(0.0062260848 0.00020570096 0)
(0.0059787581 0.00022298897 0)
(0.0057071447 0.00024157643 0)
(0.0053649659 0.00024157527 0)
(0.0050369839 0.00025115845 0)
(0.0045674207 0.00021500717 0)
(0.00428655 0.00021914729 0)
(0.0036280728 0.00015882727 0)
(0.0077812564 0.00010033155 0)
(0.0075927303 0.00010660694 0)
(0.0074559005 0.00012328001 0)
(0.0072923046 0.0001461868 0)
(0.0071259932 0.00016698309 0)
(0.0069436704 0.00019081395 0)
(0.0067419215 0.00021249483 0)
(0.006518569 0.00023570658 0)
(0.0062579566 0.00025315104 0)
(0.0059750309 0.0002723425 0)
(0.005624364 0.00027165715 0)
(0.0052874218 0.00028165016 0)
(0.0048116786 0.00024165265 0)
(0.0045194997 0.00024632037 0)
(0.0038508344 0.00017811472 0)
(0.0082705941 0.00015294681 0)
(0.0080495572 0.00015445208 0)
(0.0078857883 0.00016563136 0)
(0.0076963618 0.00018513797 0)
(0.0075055065 0.00020329142 0)
(0.0073012042 0.00022538115 0)
(0.0070796795 0.00024596344 0)
(0.0068390349 0.00026867502 0)
(0.006563986 0.00028575397 0)
(0.0062687232 0.00030512097 0)
(0.005908824 0.00030349179 0)
(0.005562242 0.00031369338 0)
(0.0050800037 0.00026975357 0)
(0.0047759582 0.00027498274 0)
(0.0040966789 0.00019827233 0)
(0.0087912714 0.00021651163 0)
(0.0085384329 0.0002121122 0)
(0.008347453 0.00021638596 0)
(0.0081318319 0.00023114252 0)
(0.0079156374 0.00024551489 0)
(0.0076884134 0.00026482337 0)
(0.0074460873 0.00028344902 0)
(0.0071871009 0.0003049156 0)
(0.0068966351 0.00032104287 0)
(0.0065881355 0.00034009666 0)
(0.0062183508 0.00033722108 0)
(0.0058615445 0.00034739293 0)
(0.0053725926 0.00029940162 0)
(0.0050562519 0.00030521977 0)
(0.0043660079 0.00021941222 0)
(0.0093380994 0.00029124784 0)
(0.0090552884 0.00027990907 0)
(0.0088376565 0.00027599951 0)
(0.008596223 0.00028466187 0)
(0.0083545182 0.00029410407 0)
(0.0081039272 0.00030955013 0)
(0.0078401734 0.00032530667 0)
(0.0075621058 0.00034472509 0)
(0.007255477 0.00035925741 0)
(0.006933017 0.00037745253 0)
(0.006552822 0.00037298532 0)
(0.0061853308 0.00038285086 0)
(0.0056895613 0.00033068483 0)
(0.005360624 0.00033712222 0)
(0.0046591648 0.00024161491 0)
(0.0099048959 0.00037700083 0)
(0.0095951254 0.00035786102 0)
(0.0093523361 0.00034470581 0)
(0.0090863184 0.00034600198 0)
(0.008819669 0.00034940256 0)
(0.0085458656 0.00035990174 0)
(0.008260552 0.00037184736 0)
(0.0079630577 0.00038837393 0)
(0.0076398251 0.00040062205 0)
(0.0073029158 0.00041736316 0)
(0.0069119586 0.00041091877 0)
(0.006533479 0.00042016355 0)
(0.006030925 0.00036368551 0)
(0.005689241 0.00037077722 0)
(0.0049764944 0.00026488682 0)
(0.010484548 0.00047318247 0)
(0.010152027 0.00044562789 0)
(0.0098865825 0.00042246127 0)
(0.0095981323 0.00041526723 0)
(0.0093079415 0.0004116089 0)
(0.0090117799 0.00041611954 0)
(0.0087053649 0.00042331533 0)
(0.0083885805 0.00043608948 0)
(0.0080486864 0.00044533405 0)
(0.0076971395 0.00045998646 0)
(0.0072952927 0.00045114399 0)
(0.006905717 0.00045941777 0)
(0.006396575 0.00039847717 0)
(0.0060421727 0.00040626361 0)
(0.005318262 0.00028928758 0)
(0.011069142 0.0005787306 0)
(0.01071922 0.00054246634 0)
(0.010434657 0.00050889346 0)
(0.010126892 0.00049231435 0)
(0.0098154801 0.00048073643 0)
(0.0094986036 0.00047831314 0)
(0.0091722284 0.00047986222 0)
(0.0088368625 0.00048803635 0)
(0.0084807148 0.00049354889 0)
(0.0081147141 0.00050545345 0)
(0.0077021324 0.00049376469 0)
(0.0073015931 0.00050068601 0)
(0.006786254 0.00043512074 0)
(0.0064193703 0.0004436491 0)
(0.0056846383 0.00031486022 0)
(0.011650156 0.00069209256 0)
(0.011289201 0.00064720218 0)
(0.010990055 0.00060325933 0)
(0.01066706 0.00057670999 0)
(0.010337709 0.00055657367 0)
(0.01000262 0.00054642596 0)
(0.00965819 0.00054151888 0)
(0.0093056094 0.00054429411 0)
(0.0089341643 0.00054536332 0)
(0.0085543412 0.00055385602 0)
(0.0081315255 0.00053885701 0)
(0.0077204446 0.00054402054 0)
(0.0071995298 0.00047365987 0)
(0.0068206413 0.00048298692 0)
(0.0060756748 0.00034163864 0)
(0.012218737 0.00081124067 0)
(0.011853924 0.00075822635 0)
(0.011545633 0.00070441972 0)
(0.011212396 0.00066769691 0)
(0.010869353 0.00063864849 0)
(0.01051945 0.00062020122 0)
(0.0101597 0.00060816578 0)
(0.0097920062 0.00060483291 0)
(0.0094068482 0.00060079623 0)
(0.009014358 0.0006052326 0)
(0.0085822226 0.0005864591 0)
(0.0081613655 0.00058944626 0)
(0.0076357679 0.00051411537 0)
(0.007245623 0.000524313 0)
(0.0064912807 0.00036964563 0)
(0.012766025 0.00093372683 0)
(0.01240507 0.00087351746 0)
(0.012093791 0.00081083571 0)
(0.011756081 0.00076417328 0)
(0.011404499 0.00072619913 0)
(0.011044078 0.00069915013 0)
(0.010672605 0.00067950313 0)
(0.010292693 0.00066948737 0)
(0.0098961051 0.00065976745 0)
(0.0094926999 0.00065955142 0)
(0.0090526419 0.00063655925 0)
(0.0086231747 0.00063695154 0)
(0.0080941032 0.00055647994 0)
(0.0076937564 0.00056764374 0)
(0.0069311987 0.00039889679 0)
(0.013283531 0.0010567648 0)
(0.01293436 0.00099068238 0)
(0.012626722 0.00092058391 0)
(0.012290892 0.0008646849 0)
(0.01193671 0.00081815146 0)
(0.011570912 0.00078252132 0)
(0.011192173 0.00075501948 0)
(0.010803764 0.00073792729 0)
(0.01039878 0.00072207317 0)
(0.0099868725 0.00071669044 0)
(0.0095408377 0.00068908244 0)
(0.009104385 0.00068647792 0)
(0.0085734136 0.0006007157 0)
(0.0081642594 0.00061296412 0)
(0.0073949801 0.00042941465 0)
(0.013763551 0.0011772402 0)
(0.01343394 0.0011070347 0)
(0.013136716 0.0010313847 0)
(0.012809435 0.00096743268 0)
(0.012459191 0.00091310888 0)
(0.012093891 0.00086927751 0)
(0.011713154 0.00083396346 0)
(0.011320791 0.00080963071 0)
(0.010911224 0.00078735995 0)
(0.010493935 0.00077641913 0)
(0.010044476 0.00074387211 0)
(0.0096031782 0.00073791606 0)
(0.0090722938 0.00064674173 0)
(0.0086561028 0.00066013228 0)
(0.0078819587 0.00046119439 0)
(0.014199569 0.0012915302 0)
(0.013896827 0.001220036 0)
(0.013616497 0.0011407703 0)
(0.013304435 0.0010704027 0)
(0.012965012 0.0010094592 0)
(0.012606648 0.00095816573 0)
(0.012229887 0.00091538749 0)
(0.011838885 0.0008839189 0)
(0.011429319 0.00085513645 0)
(0.011010503 0.00083841864 0)
(0.010560825 0.00080066686 0)
(0.010117385 0.00079111878 0)
(0.0095890253 0.00069434957 0)
(0.0091678192 0.0007093411 0)
(0.008391202 0.00049392367 0)
(0.01186702 0.0031846226 -8.405039e-22)
(0.012721563 0.0032705176 3.1806693e-22)
(0.013598882 0.0032424314 -2.3875267e-22)
(0.014319242 0.0029165324 -1.2034337e-20)
(0.014798984 0.0023485248 -1.7243182e-20)
(0.015127918 0.0017552116 2.4192025e-20)
(0.015388729 0.0012395235 -6.5853639e-20)
(0.015561104 0.00074594381 0)
(0.015547307 0.00023764304 6.9474485e-21)
(0.011908445 0.0034299064 7.7909504e-22)
(0.01272878 0.0034451433 0)
(0.0135349 0.0033062063 0)
(0.014197568 0.0028764475 1.2757886e-20)
(0.014663048 0.0022622933 1.6681659e-20)
(0.015011335 0.0016723928 3.127144e-20)
(0.015290923 0.001172735 2.2615235e-19)
(0.015470913 0.00070411923 0)
(0.01541885 0.00022641828 0)
(0.011809535 0.0035957135 4.0838008e-21)
(0.012603516 0.0035457499 0)
(0.013381471 0.0033104028 0)
(0.014030742 0.0028020728 0)
(0.014513998 0.0021659563 4.9720085e-21)
(0.014893203 0.0015883473 -6.0290318e-20)
(0.015194971 0.0011040742 -3.0001913e-19)
(0.015382049 0.00065614432 1.7911492e-20)
(0.01534786 0.00020909874 -1.6771744e-20)
(0.011653245 0.0036826729 -7.3095437e-21)
(0.012427565 0.0035742688 1.6804171e-21)
(0.01319674 0.0032589361 2.3073911e-20)
(0.013853264 0.0026976321 2.8403889e-20)
(0.014366334 0.0020582647 -9.2414281e-20)
(0.014779597 0.001498887 1.8425905e-20)
(0.015104777 0.001033323 1.6655904e-19)
(0.015302643 0.00060971463 1.1745672e-20)
(0.015276329 0.00019431069 -1.74973e-20)
(0.011447443 0.0036998306 -1.3574674e-21)
(0.012220443 0.003534586 1.6746749e-21)
(0.012992756 0.0031582018 -4.2636331e-20)
(0.013672387 0.0025676823 -2.8657532e-20)
(0.014222703 0.0019394524 -5.8116311e-18)
(0.014671313 0.0014037234 -5.4389342e-18)
(0.015020319 0.00096049013 3.3764854e-19)
(0.015230171 0.00056329616 -4.3877225e-19)
(0.015221068 0.00017912403 -7.1419592e-20)
(0.011216695 0.0036409743 1.2677426e-20)
(0.011988096 0.0034323788 -1.569608e-20)
(0.012780428 0.0030137379 2.1899305e-20)
(0.013493583 0.0024154076 0)
(0.014085249 0.0018099418 4.3856604e-18)
(0.0145691 0.0013029913 7.063644e-18)
(0.014941989 0.00088544286 -7.0686271e-19)
(0.015165055 0.00051670548 -5.2662896e-19)
(0.015172604 0.00016424112 -1.1824512e-18)
(0.010965114 0.0035122365 -7.7655122e-21)
(0.011747682 0.003272234 3.0263409e-20)
(0.012568037 0.002831254 0)
(0.013321269 0.0022433631 0)
(0.013955715 0.0016703377 -1.0807608e-19)
(0.014473539 0.0011969947 -5.3336417e-19)
(0.014870078 0.00080828656 3.8214322e-19)
(0.015107181 0.00046927982 8.6991774e-19)
(0.015132671 0.00014945351 2.5140577e-18)
(0.010706036 0.0033205869 5.7336236e-21)
(0.011508033 0.0030605489 -1.8927012e-20)
(0.01236248 0.0026158104 0)
(0.013158919 0.0020537756 -8.6898863e-21)
(0.013835578 0.0015213363 6.9110628e-21)
(0.014385218 0.0010860993 2.8112005e-19)
(0.014804766 0.00072969631 0)
(0.015058308 0.00042075225 0)
(0.015098598 0.00013472658 -1.4307379e-18)
(0.010450423 0.0030706138 -6.0628698e-21)
(0.011277299 0.0028035347 -1.6067471e-20)
(0.012169175 0.0023718673 0)
(0.013009243 0.0018486431 7.6871688e-20)
(0.013726136 0.0013636893 0)
(0.014304929 0.0009705896 1.7978224e-20)
(0.014743732 0.00065014626 -4.4592745e-19)
(0.015013956 0.00037236697 1.7900262e-20)
(0.015068367 0.00011944434 1.474223e-18)
(0.010207699 0.002768383 -1.2959058e-20)
(0.011062347 0.0025071691 3.7851903e-20)
(0.0119924 0.0021034302 0)
(0.012874385 0.0016298357 -8.7806649e-20)
(0.013628464 0.0011982157 -9.2792915e-20)
(0.014233753 0.00085068214 -3.2853568e-19)
(0.014688428 0.0005690974 8.5822723e-19)
(0.014973641 0.0003249379 1.2323956e-18)
(0.015046863 0.00010338544 -1.2253714e-19)
(0.0099858259 0.002420422 2.32304e-20)
(0.01086882 0.0021771655 -1.9472408e-20)
(0.011835546 0.0018141741 0)
(0.012756059 0.0013991677 0)
(0.013543395 0.001025814 -2.1201587e-21)
(0.01417245 0.00072670541 3.1069704e-19)
(0.014641745 0.00048557022 -9.0035101e-19)
(0.014938842 0.00027701043 -5.3268476e-19)
(0.015027963 8.7264754e-05 -1.7636365e-18)
(0.009791439 0.0020335444 -1.0165259e-20)
(0.010701288 0.0018190289 -2.2537158e-21)
(0.011701296 0.001507553 -2.634176e-20)
(0.012655645 0.0011584428 -3.8609436e-20)
(0.013471581 0.00084745228 2.4489803e-19)
(0.014121178 0.00059919057 0)
(0.014604195 0.00039960088 4.889969e-19)
(0.01491081 0.00022771166 -6.7309315e-19)
(0.015011994 7.1518042e-05 0)
(0.0096298988 0.001614733 -5.3678464e-21)
(0.010563358 0.0014381024 0)
(0.011591734 0.0011868798 2.7233055e-20)
(0.012574231 0.00090947786 4.8117366e-20)
(0.013413561 0.0006641631 -1.2255474e-19)
(0.014079851 0.00046880013 -2.9014981e-20)
(0.014574478 0.00031195228 2.5255646e-19)
(0.014891015 0.00017748327 2.4744886e-20)
(0.014998871 5.5799046e-05 1.3206102e-19)
(0.009505354 0.0011710613 7.3023003e-21)
(0.010457766 0.0010396019 0)
(0.011508419 0.00085537649 3.8791417e-21)
(0.012512633 0.0006541102 4.4335731e-20)
(0.013369776 0.00047703166 -8.2588292e-21)
(0.014048605 0.00033621857 -9.4002005e-20)
(0.014551741 0.00022329009 -2.7079543e-19)
(0.014875526 0.00012701843 4.5178103e-19)
(0.014988896 3.974007e-05 -3.7996253e-20)
(0.0094207998 0.00070964733 1.8942328e-21)
(0.010386445 0.00062865126 0)
(0.011452421 0.00051621597 0)
(0.012471398 0.00039420937 -2.4450682e-20)
(0.013340531 0.00028720043 4.090261e-20)
(0.014027662 0.00020216162 4.9960147e-20)
(0.01453602 0.00013404878 0)
(0.014863444 7.6393775e-05 -2.3161311e-19)
(0.014983446 2.3634987e-05 0)
(0.0093781218 0.0002376357 -1.4530643e-21)
(0.010350568 0.0002103239 3.1440886e-22)
(0.011424351 0.00017256558 -1.6154066e-21)
(0.012450795 0.00013170844 -2.6320919e-20)
(0.013325952 9.5911151e-05 -3.7169502e-20)
(0.014017199 6.7459994e-05 5.8204905e-20)
(0.014528095 4.4719782e-05 -5.3371615e-21)
(0.014857311 2.5648581e-05 -2.5431474e-19)
(0.01498082 7.5945632e-06 -3.2070515e-20)
(0.012029878 0.0028771465 0)
(0.012392115 0.0026356405 -1.1415592e-18)
(0.012721547 0.0024313238 -1.1336125e-18)
(0.013013364 0.0022591131 1.2708065e-23)
(0.013278848 0.0021206224 -1.0533234e-18)
(0.013517734 0.0020101038 -1.0871057e-18)
(0.013731267 0.0019195741 -5.5980718e-21)
(0.013921667 0.0018427595 1.0878702e-20)
(0.014090279 0.0017755653 3.7479089e-22)
(0.014237349 0.0017150857 -1.0667953e-20)
(0.014362791 0.0016598853 -2.0482681e-20)
(0.014464727 0.0016069148 0)
(0.014547242 0.0015604102 9.8254013e-21)
(0.014586718 0.0015048578 -1.8307441e-17)
(0.014660481 0.0014859767 -2.0356227e-17)
(0.012875327 0.003036974 4.5635492e-21)
(0.013233438 0.0028289385 1.1055637e-18)
(0.01351 0.0026448499 1.0970402e-18)
(0.013738429 0.0024833338 7.3167976e-21)
(0.013942129 0.0023441175 0)
(0.014123391 0.0022239066 1.0206054e-22)
(0.01428469 0.0021186351 -1.0229421e-22)
(0.014428865 0.0020252469 0)
(0.014557056 0.0019416245 -1.1826217e-20)
(0.014669175 0.001865963 -5.2335757e-22)
(0.014764705 0.0017969407 2.3240038e-20)
(0.014842554 0.0017322541 -8.9073386e-23)
(0.014904078 0.0016746677 2.8141516e-22)
(0.014933492 0.0016111074 2.0318087e-17)
(0.014987725 0.00158594 2.2459354e-17)
(0.013750943 0.0031229482 -3.6117098e-21)
(0.014032636 0.0029777574 3.2200548e-21)
(0.014244853 0.0028308593 6.0196267e-21)
(0.014420228 0.0026899299 -5.73342e-21)
(0.014579653 0.0025570589 -1.9296012e-22)
(0.014722859 0.0024333961 0)
(0.014849888 0.0023194722 -1.8293228e-22)
(0.014962533 0.0022151974 6.4265502e-21)
(0.015061816 0.0021200247 -4.53251e-24)
(0.015148034 0.0020330615 1.1211303e-20)
(0.015221337 0.0019532475 -1.1377298e-20)
(0.015281845 0.0018792226 1.7953052e-22)
(0.015329582 0.0018118557 -1.1494213e-20)
(0.015356257 0.001745194 1.1527283e-20)
(0.015397228 0.0017076609 0)
(0.014466291 0.0028903545 0)
(0.014659475 0.0028127755 2.2476704e-21)
(0.014816479 0.0027238434 -2.7582259e-22)
(0.014952873 0.002632883 4.8671348e-21)
(0.015079627 0.0025416697 4.9150948e-21)
(0.015195483 0.002451671 -2.9482372e-22)
(0.015299472 0.0023641833 4.7335885e-21)
(0.015392553 0.0022799925 -9.3111134e-21)
(0.015475741 0.0021994961 -1.0248107e-20)
(0.015549767 0.0021228456 6.0825832e-22)
(0.015615506 0.0020498951 0)
(0.015673638 0.0019804569 9.5911602e-21)
(0.015723701 0.0019166574 -9.6355462e-21)
(0.015762319 0.0018578732 3.3239311e-22)
(0.015805748 0.0018138614 9.8292826e-21)
(0.014922597 0.0023879612 0)
(0.01504081 0.0023661885 -2.5115493e-21)
(0.015146096 0.0023343936 -3.7509127e-22)
(0.015243377 0.002298243 -6.3592836e-21)
(0.015337408 0.0022586245 -2.6527836e-21)
(0.01542754 0.0022161036 0)
(0.015513003 0.0021713934 -3.1631447e-21)
(0.015594016 0.0021251508 3.2251932e-21)
(0.015670966 0.0020778808 6.575245e-21)
(0.015744107 0.002029751 0)
(0.015813684 0.0019809658 -7.0624502e-21)
(0.015879908 0.0019331409 -6.9357408e-21)
(0.015942859 0.0018909282 7.045866e-21)
(0.016000959 0.0018531666 2.1143523e-22)
(0.016059101 0.0018205904 -7.0806403e-21)
(0.015219466 0.0018184762 -7.5380839e-22)
(0.015286092 0.0018216955 1.9490815e-21)
(0.015349133 0.001819051 -1.3506679e-21)
(0.015410734 0.0018134255 3.7769474e-21)
(0.015473399 0.001805226 9.3065315e-22)
(0.015536923 0.0017946436 0)
(0.015600833 0.0017819372 -1.0301885e-21)
(0.015665084 0.0017673963 -1.0894817e-21)
(0.015729736 0.0017513177 0)
(0.01579479 0.0017340059 0)
(0.01586014 0.0017157777 5.7378861e-21)
(0.015925615 0.0016971576 -2.3777546e-21)
(0.015991675 0.0016787598 1.2275902e-21)
(0.016058973 0.0016612274 -5.4444919e-21)
(0.016128379 0.0016449012 6.1355298e-22)
(0.015457781 0.0013038973 6.7502248e-22)
(0.015494597 0.0013129383 -3.9444631e-23)
(0.015530274 0.0013193195 0)
(0.015566543 0.0013244157 0)
(0.015604976 0.0013284071 1.6805947e-21)
(0.015645522 0.0013313294 -4.863641e-21)
(0.015687977 0.0013332124 1.3334094e-21)
(0.015732405 0.0013341088 -1.2400095e-21)
(0.015778944 0.0013340879 5.456176e-21)
(0.015827706 0.0013332378 -5.6396881e-21)
(0.01587881 0.001331671 2.9374647e-21)
(0.015932416 0.0013295295 0)
(0.015988715 0.0013270035 0)
(0.016047974 0.0013242823 0)
(0.016110019 0.0013214397 0)
(0.015624576 0.00080178236 -9.5317757e-22)
(0.015644571 0.00080971462 1.4318708e-21)
(0.015664851 0.00081663011 -1.3749497e-21)
(0.015686159 0.00082300058 2.5556897e-21)
(0.015709385 0.00082884293 -6.0686229e-21)
(0.015734571 0.00083427312 2.8359862e-21)
(0.015761532 0.00083937076 -3.6063481e-22)
(0.015790572 0.000844154 7.9916469e-22)
(0.015821888 0.00084863916 0)
(0.015855638 0.00085285024 3.3004101e-21)
(0.015892011 0.00085682326 -5.6956277e-23)
(0.015931232 0.00086061048 -2.710976e-21)
(0.015973544 0.00086428407 0)
(0.016019229 0.00086794268 1.850821e-21)
(0.016068227 0.00087172693 -1.8855315e-21)
(0.015586533 0.00027360496 1.2334695e-22)
(0.015602915 0.00027656722 0)
(0.015616716 0.00027912966 -2.7680971e-21)
(0.015631379 0.0002816115 6.0299947e-21)
(0.015647827 0.00028403202 -2.9676934e-21)
(0.015665853 0.00028638379 0)
(0.015685437 0.00028866977 2.2473596e-22)
(0.015706743 0.00029088818 0)
(0.015729951 0.00029303967 0)
(0.015755237 0.00029512937 0)
(0.015782784 0.00029716731 -8.0548988e-21)
(0.015812796 0.00029917062 7.9018231e-21)
(0.015845487 0.00030117118 0)
(0.015881106 0.00030325172 0)
(0.015920273 0.00030571077 0)
(0.01453768 0.0013830393 0)
(0.014264148 0.001314054 0)
(0.014003337 0.0012328835 0)
(0.013710252 0.0011585719 0)
(0.013386402 0.0010931587 0)
(0.013040086 0.001036275 0)
(0.012672582 0.00098754757 0)
(0.012288078 0.00095019928 0)
(0.011883232 0.00091583255 0)
(0.011467158 0.00089405973 0)
(0.011020743 0.00085157291 0)
(0.010578382 0.00083880763 0)
(0.010054764 0.00073685601 0)
(0.0096315691 0.00075379929 0)
(0.0088548047 0.00052302034 0)
(0.014880425 0.0014781751 0)
(0.014644356 0.0014115146 0)
(0.014408748 0.0013305565 0)
(0.014142007 0.0012534075 0)
(0.013841113 0.0011842735 0)
(0.013513901 0.0011222746 0)
(0.013162365 0.001067711 0)
(0.012790432 0.001024348 0)
(0.012395705 0.000984166 0)
(0.011986986 0.00095687351 0)
(0.011547928 0.0009093531 0)
(0.011109995 0.00089287297 0)
(0.01059445 0.00078556117 9.7021654e-18)
(0.010171605 0.0008045851 8.2591764e-18)
(0.0093967119 0.00055715189 0)
(0.015322471 0.0016112782 0)
(0.015149904 0.0015445764 0)
(0.01496135 0.0014693452 0)
(0.014743849 0.0013921732 0)
(0.014489351 0.0013200733 0)
(0.014203304 0.0012529353 0)
(0.013888391 0.0011914822 0)
(0.013547457 0.0011401412 0)
(0.013179159 0.0010922052 0)
(0.012791589 0.0010563478 0)
(0.01237247 0.0010021244 0)
(0.011948916 0.00097828575 0)
(0.011452436 0.00086540733 -1.4046528e-17)
(0.011036041 0.00088418421 -1.213819e-17)
(0.010272471 0.00061567669 0)
(0.015782586 0.0017471902 0)
(0.015698632 0.0016922251 0)
(0.015591164 0.0016324791 0)
(0.01545738 0.001565995 0)
(0.015288452 0.0014982297 0)
(0.015084857 0.0014310874 0)
(0.014847868 0.0013660285 0)
(0.014577069 0.0013081943 0)
(0.014272021 0.0012531124 0)
(0.0139389 0.0012064909 0)
(0.013570195 0.001145484 0)
(0.013187051 0.0011082663 0)
(0.012735495 0.0009942418 0)
(0.012345327 0.001002344 0)
(0.0116217 0.00071933219 0)
(0.01609152 0.0017920814 0)
(0.016097438 0.0017679079 0)
(0.016089537 0.0017388785 0)
(0.016066208 0.0017021546 0)
(0.016021714 0.0016592223 0)
(0.015952006 0.0016104808 0)
(0.01585149 0.0015587371 0)
(0.015716253 0.0015100716 0)
(0.015544342 0.0014567007 0)
(0.015335198 0.0014047537 0)
(0.015084015 0.0013422584 0)
(0.014804264 0.0012897192 0)
(0.014458507 0.0011838191 0)
(0.014149845 0.0011657883 0)
(0.013535027 0.0008964599 0)
(0.016189708 0.0016404766 0)
(0.016242718 0.0016397122 0)
(0.01629744 0.0016361657 0)
(0.016353744 0.0016278877 0)
(0.016406637 0.0016164625 0)
(0.016453758 0.0016052316 0)
(0.016492951 0.0015960298 0)
(0.016519469 0.0015865797 0)
(0.016527757 0.0015750873 0)
(0.016513118 0.0015557949 0)
(0.016469013 0.0015212658 0)
(0.016397293 0.0014792075 0)
(0.016273845 0.0014028123 0)
(0.016158093 0.0013589172 0)
(0.015816302 0.0011483407 0)
(0.016169558 0.0013275519 0)
(0.016227316 0.0013366445 0)
(0.016291611 0.0013457258 0)
(0.016362618 0.0013540459 0)
(0.016440393 0.0013619699 0)
(0.016525374 0.0013697586 0)
(0.016618428 0.0013772188 0)
(0.016720368 0.0013845521 0)
(0.016832684 0.0013918954 0)
(0.016952296 0.0013966088 0)
(0.017087348 0.0013947931 0)
(0.017221998 0.0013862523 0)
(0.017350817 0.0013612262 0)
(0.017471725 0.0013513822 0)
(0.017557244 0.0012775048 0)
(0.016116884 0.0008796099 0)
(0.01616579 0.00088969424 0)
(0.016221486 0.00090031731 0)
(0.016284951 0.00091090198 0)
(0.016357227 0.00092125778 0)
(0.016439474 0.00093125034 -3.3614741e-33)
(0.016533069 0.00094076416 3.4797322e-33)
(0.016639592 0.00094966727 0)
(0.016760908 0.00095776918 0)
(0.016898914 0.00096442033 0)
(0.017055532 0.0009689403 0)
(0.017230458 0.00097294995 0)
(0.017434299 0.00097540693 0)
(0.01762176 0.00098099615 0)
(0.017978313 0.00096801609 0)
(0.015958262 0.00030714134 0)
(0.015999444 0.00031067615 0)
(0.016045483 0.00031460723 0)
(0.016098356 0.00031859331 0)
(0.016159403 0.0003225387 0)
(0.016229634 0.00032636472 0)
(0.016310278 0.00032997493 0)
(0.016402828 0.00033325102 0)
(0.016508955 0.00033605661 0)
(0.016630511 0.00033822101 0)
(0.016769403 0.00033963937 0)
(0.016927872 0.00033988205 0)
(0.017107885 0.00033959349 0)
(0.01730687 0.0003363034 0)
(0.017610928 0.00033071129 0)
(3.7516016e-10 1.366109e-08 0)
(2.6249424e-09 4.385929e-08 0)
(7.4680102e-09 8.0478802e-08 0)
(1.6668058e-08 1.2512504e-07 4.4549843e-26)
(3.249528e-08 1.7980933e-07 -4.5608583e-28)
(5.8488026e-08 2.4702267e-07 -6.3853708e-26)
(9.9967742e-08 3.2984748e-07 0)
(1.6487059e-07 4.3209066e-07 -9.0557416e-26)
(2.6499551e-07 5.5844116e-07 1.7572082e-28)
(4.1783003e-07 7.1465421e-07 1.2375013e-25)
(6.491975e-07 9.0776255e-07 0)
(9.9707227e-07 1.1463111e-06 0)
(1.5170314e-06 1.4406066e-06 0)
(2.2899609e-06 1.8029639e-06 -2.3989103e-25)
(3.4328016e-06 2.2479187e-06 2.7724177e-25)
(5.1132829e-06 2.7923592e-06 -7.8508478e-26)
(7.5696948e-06 3.455504e-06 6.9962671e-25)
(1.1136708e-05 4.2586343e-06 -7.7720609e-25)
(1.6277926e-05 5.2244632e-06 1.2975058e-20)
(2.3625073e-05 6.3760217e-06 -1.4686051e-20)
(3.4022282e-05 7.7349622e-06 0)
(4.857174e-05 9.3192508e-06 0)
(6.8674089e-05 1.1140357e-05 0)
(9.6053949e-05 1.3200248e-05 3.3522219e-24)
(0.00013275882 1.5488701e-05 1.6173497e-20)
(0.00018111991 1.7981611e-05 -1.5546165e-20)
(0.00024366753 2.0640914e-05 0)
(0.00032300173 2.3416479e-05 1.029376e-23)
(0.00042162931 2.6249772e-05 -9.1131062e-24)
(0.00054178703 2.9078471e-05 -1.3992527e-23)
(0.00068527778 3.1840364e-05 3.233214e-21)
(0.00085331771 3.4476021e-05 3.2572808e-21)
(0.0010464862 3.6924707e-05 1.3923342e-23)
(0.0012644085 3.9131045e-05 3.0111542e-23)
(0.0015064709 4.1030019e-05 1.3061015e-24)
(0.001769465 4.26159e-05 3.4490527e-23)
(0.0020550439 4.3675267e-05 -1.4617099e-24)
(0.002347432 4.4157064e-05 -3.7164896e-23)
(0.0026682538 4.4911128e-05 0)
(2.9188941e-09 4.1489294e-08 6.9838945e-26)
(1.0808001e-08 1.331916e-07 0)
(2.2517664e-08 2.4437866e-07 -2.8399593e-28)
(4.0134687e-08 3.7995339e-07 1.6963742e-28)
(6.6334506e-08 5.4603257e-07 4.0544391e-28)
(1.0516807e-07 7.5019213e-07 -9.6911538e-28)
(1.6260487e-07 1.0018068e-06 0)
(2.4740142e-07 1.3124542e-06 3.5182478e-25)
(3.7239677e-07 1.6963921e-06 -6.9018443e-28)
(5.5639868e-07 2.171117e-06 1.0616053e-26)
(8.2690766e-07 2.7580014e-06 -5.8672777e-25)
(1.2240284e-06 3.483002e-06 -2.1554913e-26)
(1.8060412e-06 4.3774086e-06 5.0430499e-26)
(2.6572527e-06 5.4785822e-06 8.7582362e-25)
(3.8989128e-06 6.8305867e-06 -1.0811424e-24)
(5.704141e-06 8.4845713e-06 -7.6698362e-26)
(8.3179023e-06 1.0498688e-05 -1.7123916e-24)
(1.2083025e-05 1.2937259e-05 1.5239664e-24)
(1.7472912e-05 1.5868849e-05 1.3814348e-20)
(2.5130815e-05 1.936287e-05 -1.4011334e-20)
(3.5914069e-05 2.3484422e-05 0)
(5.0939517e-05 2.8287303e-05 -1.4894131e-21)
(7.1623475e-05 3.3805512e-05 -1.5168909e-21)
(9.9706604e-05 4.0044181e-05 -6.1915853e-26)
(0.00013725205 4.6971502e-05 -6.2807259e-24)
(0.00018660551 5.4513638e-05 1.498437e-25)
(0.00025031007 6.2554552e-05 1.3078418e-23)
(0.00033097663 7.0941798e-05 9.2177036e-24)
(0.00043112128 7.9497687e-05 2.9098996e-21)
(0.00055298935 8.8033283e-05 2.8217094e-21)
(0.00069839273 9.6360236e-05 -3.1546017e-21)
(0.00086855897 0.00010429861 -3.4209191e-21)
(0.0010640811 0.00011166445 -2.2025816e-23)
(0.0012845996 0.00011828832 -3.5275264e-23)
(0.0015295165 0.00012397637 1.1020722e-24)
(0.0017956639 0.00012870489 -3.1261101e-23)
(0.0020848028 0.00013183276 1.0446999e-22)
(0.0023807443 0.00013321548 3.9254999e-23)
(0.0027070801 0.00013532685 0)
(8.2745087e-09 7.041037e-08 1.1991407e-31)
(2.8044986e-08 2.260317e-07 2.3596488e-25)
(5.4225258e-08 4.1471574e-07 -2.8247565e-25)
(8.9589948e-08 6.447935e-07 -1.8630114e-23)
(1.3767364e-07 9.2665096e-07 8.8971807e-24)
(2.0361397e-07 1.2731496e-06 4.8304825e-25)
(2.9475436e-07 1.7002012e-06 -2.24726e-27)
(4.2158995e-07 2.2274501e-06 0)
(5.9916226e-07 2.8790794e-06 8.1917206e-25)
(8.4907132e-07 3.684749e-06 -9.7307768e-25)
(1.2023586e-06 4.6806666e-06 0)
(1.703617e-06 5.9107703e-06 -1.2765869e-24)
(2.4168071e-06 7.4279756e-06 1.622831e-24)
(3.4334036e-06 9.2953921e-06 1.7639674e-24)
(4.8836596e-06 1.1587353e-05 -2.1098275e-24)
(6.9519229e-06 1.4390009e-05 2.5368845e-24)
(9.8970264e-06 1.780113e-05 -2.3684838e-24)
(1.4078702e-05 2.1928628e-05 2.9571504e-24)
(1.9990613e-05 2.6887228e-05 -4.0506568e-24)
(2.8299774e-05 3.2792674e-05 3.3834641e-24)
(3.9890677e-05 3.975297e-05 -7.0591955e-24)
(5.5910215e-05 4.7856574e-05 1.1978267e-21)
(7.7806719e-05 5.7158103e-05 1.8196991e-21)
(0.00010735351 6.7663142e-05 -1.3440651e-23)
(0.00014664541 7.9314777e-05 6.4532866e-24)
(0.00019805734 9.1985219e-05 -1.3541746e-20)
(0.00026415794 0.00010547574 1.9813138e-20)
(0.00034757976 0.00011952664 -1.8789214e-23)
(0.0004508574 0.00013383629 -1.1676673e-19)
(0.00057625345 0.00014808476 1.8866397e-19)
(0.00072559823 0.00016195386 -4.2535877e-23)
(0.00090014309 0.0001751397 4.1637751e-23)
(0.0011005104 0.00018733134 0)
(0.0013263717 0.00019823835 0)
(0.001577164 0.00020754393 8.1519979e-23)
(0.0018498038 0.00021519824 1.6308233e-22)
(0.0021462748 0.00022011345 -1.1484058e-22)
(0.002449542 0.00022213025 -1.6237839e-22)
(0.0027872153 0.00022490387 7.1653578e-24)
(1.6828526e-08 1.0072099e-07 1.3177367e-25)
(5.5573442e-08 3.2332039e-07 -2.2956655e-25)
(1.0486232e-07 5.9319788e-07 -2.7428398e-25)
(1.6856755e-07 9.2227126e-07 -1.492108e-23)
(2.5159496e-07 1.3253926e-06 3.0832991e-23)
(3.6081531e-07 1.8209467e-06 4.6842897e-25)
(5.0576114e-07 2.4316678e-06 1.5361725e-27)
(6.9969446e-07 3.1856067e-06 -6.609604e-25)
(9.6115676e-07 4.1172705e-06 6.2041509e-27)
(1.3161776e-06 5.2689446e-06 9.3742539e-25)
(1.8014042e-06 6.6921967e-06 -1.1108904e-24)
(2.468518e-06 8.4495282e-06 1.2632389e-24)
(3.3904267e-06 1.0616103e-05 -1.6285315e-24)
(4.6698627e-06 1.3281416e-05 2.2248828e-25)
(6.4511735e-06 1.6550672e-05 3.8352673e-24)
(8.9362287e-06 2.0545522e-05 -4.7014721e-24)
(1.240543e-05 2.540365e-05 -6.5917237e-25)
(1.7244714e-05 3.1276526e-05 7.260672e-24)
(2.3979047e-05 3.8324528e-05 -4.8008806e-24)
(3.3312037e-05 4.6708574e-05 6.6752986e-24)
(4.616983e-05 5.6577615e-05 1.3867519e-20)
(6.3745234e-05 6.805188e-05 -1.932741e-20)
(8.7535287e-05 8.1202718e-05 0)
(0.00011936273 9.6031308e-05 6.5921933e-24)
(0.00016137011 0.00011244994 -1.8848894e-23)
(0.000215976 0.00013027064 -2.0737464e-20)
(0.00028578703 0.00014920555 1.3015297e-20)
(0.00037346774 0.00016888152 0)
(0.00048158 0.00018886735 -2.0355314e-19)
(0.0006124122 0.00020870745 1.0873484e-19)
(0.00076782277 0.00022795017 5.0049864e-23)
(0.00094910016 0.00024616473 -4.2516812e-23)
(0.0011569135 0.00026290876 0)
(0.0013909812 0.00027776255 0)
(0.0016507984 0.00029029533 -9.4301759e-23)
(0.0019334148 0.00030042934 -1.3182552e-22)
(0.0022411468 0.00030657506 -2.2227339e-22)
(0.0025556875 0.00030876325 1.7294677e-22)
(0.0029106859 0.00031092018 -1.3913728e-23)
(2.9074107e-08 1.32668e-07 2.5663868e-25)
(9.4975412e-08 4.2584439e-07 0)
(1.7732969e-07 7.812604e-07 -5.3434907e-25)
(2.8157656e-07 1.2146072e-06 6.3879628e-25)
(4.1457859e-07 1.7454327e-06 0)
(5.8567635e-07 2.3979202e-06 0)
(8.0751734e-07 3.2019537e-06 -1.091538e-24)
(1.097294e-06 4.1943748e-06 2.5864894e-24)
(1.4785096e-06 5.4204577e-06 -1.4848871e-26)
(1.9834593e-06 6.935615e-06 -1.8291632e-24)
(2.6566992e-06 8.8073258e-06 2.1573654e-24)
(3.5598839e-06 1.1117239e-05 -5.0888508e-24)
(4.7784702e-06 1.3963351e-05 2.9878603e-24)
(6.4309272e-06 1.7462077e-05 -1.0835903e-25)
(8.6812336e-06 2.1749905e-05 4.4938178e-24)
(1.1755569e-05 2.6984167e-05 -9.7241866e-24)
(1.5964134e-05 3.3342271e-05 5.8289125e-24)
(2.1728917e-05 4.1018516e-05 6.1486358e-28)
(2.9617751e-05 5.0217464e-05 -2.2683829e-28)
(4.0384132e-05 6.1142799e-05 3.2598969e-24)
(5.5010733e-05 7.3980887e-05 1.8382474e-20)
(7.4752364e-05 8.8878955e-05 -1.4230159e-20)
(0.0001011715 0.00010591906 0)
(0.00013615688 0.00012509084 -1.3373167e-23)
(0.00018191435 0.00014626785 0)
(0.00024091993 0.00016919363 2.3317973e-23)
(0.00031582984 0.00019348306 1.0311517e-23)
(0.00040935004 0.00021864212 -2.8224551e-23)
(0.00052407777 0.00024410379 1.7511012e-23)
(0.00066233516 0.00026927196 -1.3914552e-23)
(0.0008260183 0.00029355837 3.7026558e-23)
(0.0010164666 0.00031640312 -2.269797e-23)
(0.0012344151 0.0003372272 -1.4000174e-22)
(0.0014796427 0.0003554716 -1.4166621e-22)
(0.0017517299 0.00037060427 -1.3600039e-22)
(0.0020479179 0.0003825244 -2.0590029e-23)
(0.0023709412 0.00038904834 2.3445829e-22)
(0.0027008397 0.00039072576 -2.2570449e-23)
(0.0030791758 0.00039035975 8.5470643e-23)
(4.5632381e-08 1.6648579e-07 2.4988927e-25)
(1.4824244e-07 5.3434827e-07 0)
(2.7527895e-07 9.8025739e-07 0)
(4.3429281e-07 1.5238881e-06 6.2215919e-25)
(6.3478084e-07 2.1897416e-06 -7.4411192e-25)
(8.8940279e-07 3.0081063e-06 8.8766353e-25)
(1.2149844e-06 4.0163758e-06 -2.1103395e-24)
(1.6339782e-06 5.2605995e-06 1.2627041e-24)
(2.1765114e-06 6.7972918e-06 1.4986172e-24)
(2.8832186e-06 8.6955141e-06 -4.2751722e-27)
(3.8091495e-06 1.103921e-05 -2.1074097e-24)
(5.0291429e-06 1.392973e-05 0)
(6.6451822e-06 1.7488412e-05 0)
(8.796374e-06 2.1858976e-05 3.3748657e-24)
(1.1672329e-05 2.7209349e-05 -4.1675219e-24)
(1.5530821e-05 3.3732329e-05 1.1175912e-24)
(2.0720597e-05 4.1644278e-05 -3.7575642e-24)
(2.7710039e-05 5.1180782e-05 -1.3288713e-24)
(3.7121866e-05 6.2588026e-05 4.6386533e-24)
(4.97731e-05 7.6108645e-05 -9.6786985e-24)
(6.6717988e-05 9.1961153e-05 1.3808779e-23)
(8.9289377e-05 0.00011031296 1.3696843e-23)
(0.00011913156 0.00013124855 -1.403037e-23)
(0.00015821523 0.0001547365 1.3388516e-23)
(0.00020882417 0.00018060141 0)
(0.00027350451 0.00020850798 -2.184811e-25)
(0.0003549723 0.0002379641 2.0629389e-23)
(0.00045598314 0.0002683464 -1.9809275e-23)
(0.00057917646 0.00029894529 -1.6099061e-23)
(0.00072691528 0.00032901943 1.5371472e-23)
(0.00090114219 0.00035784144 0)
(0.0011032619 0.00038472149 0)
(0.0013340954 0.0004089376 3.9239825e-24)
(0.0015934914 0.0004297796 -1.3650479e-22)
(0.0018811488 0.00044663184 3.2574942e-23)
(0.0021945704 0.00045937946 0)
(0.0025369496 0.00046512207 -2.2486723e-23)
(0.0028863727 0.00046535745 -2.4308037e-22)
(0.0032939296 0.00045992889 -1.6742616e-22)
(6.7263015e-08 2.0234852e-07 0)
(2.1780904e-07 6.4938397e-07 0)
(4.0317195e-07 1.1911904e-06 -4.9597122e-28)
(6.3364824e-07 1.8516536e-06 6.0478793e-25)
(9.2215781e-07 2.6605052e-06 -7.2761572e-25)
(1.2856646e-06 3.6544645e-06 0)
(1.7464003e-06 4.8788149e-06 -4.0230337e-27)
(2.3336057e-06 6.3892468e-06 2.3660028e-21)
(3.0859295e-06 8.2539966e-06 -2.9905969e-21)
(4.0546999e-06 1.055629e-05 0)
(5.3083694e-06 1.3397059e-05 0)
(6.9385475e-06 1.6897842e-05 4.7457245e-24)
(9.068143e-06 2.1203699e-05 -5.677975e-24)
(1.1862266e-05 2.648583e-05 -2.0645593e-25)
(1.5542659e-05 3.2943427e-05 4.7720433e-25)
(2.0406481e-05 4.0804052e-05 -5.4535618e-25)
(2.6850258e-05 5.0321562e-05 -1.2330827e-24)
(3.5399541e-05 6.1770341e-05 0)
(4.6744262e-05 7.5434403e-05 1.1264452e-20)
(6.1778743e-05 9.1589959e-05 -1.7915378e-20)
(8.1643738e-05 0.00011048053 0)
(0.00010776575 0.00013228474 0)
(0.0001418865 0.00015707885 0)
(0.00018607346 0.0001847985 1.3208514e-23)
(0.00024270149 0.00021520681 0)
(0.00031439777 0.00024787736 -1.009651e-20)
(0.00040394671 0.00028219992 2.6566611e-20)
(0.00051415988 0.00031741243 0)
(0.0006477243 0.00035265578 -3.2081416e-23)
(0.00080704961 0.000387039 3.0685551e-23)
(0.00099413261 0.00041969425 0)
(0.0012104578 0.00044980304 1.2588552e-22)
(0.001456952 0.00047649322 1.4722393e-22)
(0.0017335349 0.00049889008 2.3700226e-22)
(0.0020400692 0.00051631962 3.854899e-22)
(0.0023744023 0.00052865489 -3.0232622e-23)
(0.002740154 0.00053214488 1.7010039e-22)
(0.0031132811 0.00052973439 3.6037723e-22)
(0.0035556386 0.00051606233 1.660696e-23)
(9.4876944e-08 2.4034662e-07 4.7421491e-25)
(3.0659342e-07 7.7123401e-07 0)
(5.6635514e-07 1.4145655e-06 9.8769511e-25)
(8.8794581e-07 2.1986699e-06 -2.3618858e-24)
(1.2886291e-06 3.1587913e-06 2.8280134e-24)
(1.7908186e-06 4.3384087e-06 -1.6827525e-24)
(2.423573e-06 5.7910728e-06 0)
(3.2246804e-06 7.5825374e-06 2.4561965e-21)
(4.2434842e-06 9.7932177e-06 -2.7590015e-21)
(5.5446795e-06 1.2520973e-05 3.3979025e-24)
(7.2134022e-06 1.5884167e-05 -4.0001875e-24)
(9.3620366e-06 2.0024886e-05 -4.6225686e-24)
(1.2139278e-05 2.5112095e-05 1.1210643e-23)
(1.5742104e-05 3.1344354e-05 3.6077935e-25)
(2.0431393e-05 3.8951528e-05 -1.5810386e-23)
(2.655198e-05 4.8194648e-05 8.0298268e-24)
(3.4557841e-05 5.9362801e-05 -9.5829647e-24)
(4.5042794e-05 7.2765621e-05 2.841172e-24)
(5.8776457e-05 8.8719794e-05 1.5851637e-20)
(7.6744112e-05 0.00010752806 -1.1787169e-20)
(0.0001001875 0.00012944983 0)
(0.00013064155 0.00015466376 -1.6062109e-25)
(0.00016995974 0.00018322487 -4.0300121e-23)
(0.00022031937 0.00021502161 -3.8175223e-23)
(0.00028419753 0.00024974098 5.0437358e-23)
(0.00036431104 0.00028685148 -2.6479483e-20)
(0.0004635188 0.00032561242 8.7964996e-21)
(0.00058469254 0.00036511326 -7.4678275e-23)
(0.00073057022 0.00040433847 0)
(0.00090361224 0.00044224367 2.7415158e-23)
(0.0011058755 0.00047782074 -1.4630811e-22)
(0.0013389386 0.00051012705 -1.46209e-22)
(0.0016038521 0.00053813303 1.3393594e-22)
(0.001900593 0.00056078896 0)
(0.0022292652 0.00057739838 -4.9551368e-23)
(0.0025881445 0.00058777413 9.5773655e-24)
(0.0029811339 0.00058723709 -1.5969797e-22)
(0.0033820777 0.00058069968 3.3402184e-20)
(0.0038643782 0.00055500569 3.011592e-20)
(1.2953939e-07 2.8043791e-07 9.2344881e-25)
(4.1800679e-07 8.9975569e-07 -8.0358696e-25)
(7.7107592e-07 1.6501083e-06 0)
(1.2068835e-06 2.5644893e-06 1.1209705e-27)
(1.74811e-06 3.6839214e-06 -2.6791688e-27)
(2.4239483e-06 5.0589499e-06 -6.4067876e-27)
(3.2719269e-06 6.7517365e-06 0)
(4.3404044e-06 8.8384727e-06 -1.8201065e-26)
(5.6919012e-06 1.1412139e-05 -2.1614114e-26)
(7.4075139e-06 1.4585596e-05 3.2817263e-24)
(9.5927519e-06 1.8494939e-05 -7.7749837e-24)
(1.2385236e-05 2.3302957e-05 4.5917716e-24)
(1.5964807e-05 2.9202417e-05 1.9578472e-28)
(2.0566688e-05 3.6418729e-05 -6.0477267e-24)
(2.6498414e-05 4.5211301e-05 8.1856288e-24)
(3.4161248e-05 5.587263e-05 -6.7067653e-24)
(4.4076648e-05 6.8723838e-05 9.4660993e-24)
(5.6917984e-05 8.4105075e-05 -6.1403757e-27)
(7.3546959e-05 0.00010235908 1.1402252e-23)
(9.5053049e-05 0.00012380632 5.7491942e-24)
(0.00012279262 0.00014871095 -7.1814884e-25)
(0.00015842239 0.00017723823 -1.372883e-23)
(0.00020392007 0.0002094067 1.3241765e-23)
(0.00026158351 0.00024504117 2.6098863e-23)
(0.00033400036 0.00028373603 2.3666114e-23)
(0.00042398282 0.00032483935 -2.3714724e-23)
(0.00053446743 0.00036746694 -8.1640404e-23)
(0.00066838764 0.00041054989 7.869197e-23)
(0.00082853336 0.00045290983 3.4538707e-23)
(0.0010174179 0.00049334589 -1.1150786e-22)
(0.0012371613 0.00053071178 9.8431723e-23)
(0.0014894512 0.00056394882 1.9617522e-22)
(0.0017754716 0.00059186348 -2.0385507e-22)
(0.0020952174 0.00061324094 -1.7823092e-22)
(0.002449194 0.00062738671 -1.7307845e-22)
(0.0028361487 0.00063391276 -1.8546762e-22)
(0.0032599528 0.00062731398 -5.2074669e-23)
(0.0036926789 0.00061492463 -1.0564073e-19)
(0.0042194195 0.0005731282 3.8812638e-20)
(1.7246652e-07 3.2239924e-07 4.4926992e-25)
(5.5594225e-07 1.0342259e-06 -3.8130396e-28)
(1.0244614e-06 1.8964799e-06 -9.3509995e-25)
(1.6015195e-06 2.9470071e-06 1.1180128e-24)
(2.3164584e-06 4.2328326e-06 -1.3358104e-24)
(3.2067864e-06 5.8118169e-06 3.1945507e-24)
(4.3203917e-06 7.7550019e-06 -1.9046643e-24)
(5.7185187e-06 1.0149292e-05 2.2727882e-24)
(7.4796888e-06 1.3100488e-05 -5.3886785e-24)
(9.7048271e-06 1.6736647e-05 3.1761975e-24)
(1.2523949e-05 2.1211665e-05 0)
(1.6104859e-05 2.6708886e-05 0)
(2.0664417e-05 3.3444383e-05 -1.6326192e-25)
(2.6482992e-05 4.1669387e-05 6.0707076e-24)
(3.3922786e-05 5.1671059e-05 -7.5255881e-24)
(4.3450645e-05 6.3770514e-05 -1.0113053e-24)
(5.5665794e-05 7.8316654e-05 0)
(7.1332443e-05 9.5674116e-05 1.7732017e-23)
(9.1416444e-05 0.00011620352 -2.2697458e-23)
(0.00011712392 0.00014023247 0)
(0.00014993814 0.00016801673 2.5080459e-23)
(0.00019164913 0.0001996927 -3.9591731e-23)
(0.0002443687 0.00023522503 -1.3157951e-23)
(0.0003105229 0.00027435666 -3.7928377e-25)
(0.0003928149 0.00031657144 -1.8563589e-24)
(0.00049415432 0.00036108078 2.0370258e-23)
(0.00061755514 0.00040684383 -1.2197733e-22)
(0.00076601088 0.0004526239 1.4458874e-24)
(0.00094236194 0.00049707427 -3.3979535e-23)
(0.0011491744 0.00053883525 2.2186494e-22)
(0.0013886316 0.00057662558 -4.4329339e-23)
(0.0016625449 0.00060927804 -1.1845797e-22)
(0.001972215 0.00063542616 -2.4777528e-22)
(0.0023175684 0.00065375731 1.5141075e-23)
(0.0026997365 0.00066329321 2.9986183e-22)
(0.0031182861 0.00066398838 -2.3224947e-23)
(0.0035760073 0.00064912179 -2.4957267e-22)
(0.0040441231 0.00062897083 4.9789693e-23)
(0.0046188618 0.00056694214 2.5317478e-22)
(2.2500741e-07 3.6576439e-07 -4.3628394e-25)
(7.2471671e-07 1.1731425e-06 7.5979914e-25)
(1.3344114e-06 2.1509133e-06 -9.0821508e-25)
(2.0841042e-06 3.3418992e-06 1.0858924e-24)
(3.0112304e-06 4.7992716e-06 -1.2972219e-24)
(4.1633741e-06 6.5883542e-06 3.0991757e-24)
(5.6009398e-06 8.7892094e-06 -1.8423814e-24)
(7.4006869e-06 1.1499566e-05 0)
(9.660326e-06 1.4838091e-05 0)
(1.2504451e-05 1.894797e-05 3.0486552e-24)
(1.6092176e-05 2.4000637e-05 -3.6772974e-24)
(2.0626936e-05 3.0199418e-05 -1.3490424e-25)
(2.6368994e-05 3.778267e-05 0)
(3.3651266e-05 4.702576e-05 -3.700265e-25)
(4.2899065e-05 5.8241001e-05 -4.2680165e-25)
(5.4654293e-05 7.1774283e-05 9.7844955e-25)
(6.9604317e-05 8.7996856e-05 -1.1085593e-24)
(8.8615265e-05 0.00010729042 0)
(0.00011276855 0.00013002372 0)
(0.00014339819 0.00015651915 0)
(0.00018212482 0.00018700909 -6.1634357e-24)
(0.00023088069 0.0002215837 4.417028e-25)
(0.00029191841 0.00026013476 2.6178331e-23)
(0.00036779611 0.00030230371 2.5220931e-23)
(0.00046133318 0.00034744508 -1.1728964e-22)
(0.00057553457 0.00039461731 4.5928062e-23)
(0.00071348743 0.00044261029 8.1677255e-23)
(0.00087824028 0.0004900115 2.6219536e-24)
(0.0010726799 0.00053530189 6.2961673e-23)
(0.0012994232 0.0005769616 5.2292029e-23)
(0.0015607146 0.00061357648 0)
(0.0018585095 0.00064386406 1.8034985e-22)
(0.0021941411 0.00066627636 4.5234225e-22)
(0.0025673806 0.00067958802 1.7403349e-23)
(0.002981194 0.00068283088 -5.7897469e-22)
(0.0034339584 0.00067505466 2.2256664e-22)
(0.0039278819 0.0006493213 2.6958249e-22)
(0.0044344866 0.0006193099 1.5109049e-22)
(0.0050592644 0.00053273983 -2.5359434e-22)
(2.8861037e-07 4.0975871e-07 -8.4529341e-25)
(9.2896244e-07 1.3140154e-06 1.4724811e-24)
(1.7093981e-06 2.4088305e-06 1.7590135e-24)
(2.6677677e-06 3.7420279e-06 -2.1041967e-24)
(3.8512272e-06 5.3729439e-06 0)
(5.3194322e-06 7.3743565e-06 0)
(7.1477372e-06 9.8352934e-06 -1.397075e-26)
(9.4313698e-06 1.2864175e-05 0)
(1.2290789e-05 1.6592282e-05 -1.9730959e-26)
(1.5878518e-05 2.1177482e-05 4.7000698e-26)
(2.0387817e-05 2.6808023e-05 -5.5324331e-26)
(2.6063678e-05 3.3706086e-05 4.0586559e-21)
(3.3216638e-05 4.21306e-05 -5.9024923e-21)
(4.2240003e-05 5.2378567e-05 -1.1755923e-23)
(5.363099e-05 6.4783871e-05 1.4479436e-25)
(6.8016196e-05 7.971221e-05 1.4347465e-23)
(8.6181417e-05 9.7550437e-05 1.0812962e-24)
(0.00010910528 0.00011868844 2.1483433e-23)
(0.00013799517 0.00014349174 -4.5027666e-23)
(0.00017432259 0.00017226351 4.5726633e-23)
(0.00021985362 0.00020519619 -1.8454549e-23)
(0.00027666848 0.00024231489 -4.9130677e-23)
(0.00034716334 0.00028341834 5.0112184e-23)
(0.00043402776 0.00032802623 0)
(0.00054019328 0.00037534503 9.1903899e-23)
(0.00066875317 0.00042426469 -8.707539e-23)
(0.00082285895 0.0004733949 0)
(0.0010056053 0.00052114159 -3.0077023e-23)
(0.0012199187 0.00056581255 -1.5223934e-22)
(0.0014684653 0.00060572947 -1.6188747e-22)
(0.0017535555 0.0006393484 0)
(0.0020773524 0.00066524576 -1.1184696e-23)
(0.0024412215 0.00068197228 -2.3781183e-22)
(0.0028447877 0.00068796819 1.9944779e-23)
(0.0032920693 0.00068245955 4.6360595e-22)
(0.0037799365 0.00066375359 5.5291692e-23)
(0.004313383 0.00062459662 0)
(0.00486092 0.00058240377 -5.1010875e-23)
(0.0055363637 0.00046683078 0)
(3.6476422e-07 4.5322515e-07 -8.16676e-25)
(1.1734388e-06 1.4531299e-06 6.906481e-28)
(2.1581214e-06 2.6634115e-06 1.6998949e-24)
(3.365982e-06 4.1367752e-06 -2.0354882e-24)
(4.8557219e-06 5.9385604e-06 -2.3591732e-27)
(6.7012965e-06 8.148768e-06 -2.895026e-24)
(8.9957184e-06 1.0865061e-05 3.4653109e-24)
(1.1855953e-05 1.420608e-05 0)
(1.5429127e-05 1.8315052e-05 -4.8603692e-24)
(1.9900346e-05 2.3363583e-05 5.8076651e-24)
(2.5502498e-05 2.9555404e-05 5.3718354e-26)
(3.2528488e-05 3.71297e-05 4.6573875e-21)
(4.1346411e-05 4.6363409e-05 -4.4201881e-21)
(5.2418146e-05 5.7571666e-05 3.4641535e-25)
(6.6321819e-05 7.1105215e-05 7.9754027e-25)
(8.3778347e-05 8.7343297e-05 0)
(0.00010568189 0.00010668023 0)
(0.00013313336 0.00012950372 -4.6406749e-24)
(0.00016747509 0.00015616321 -2.4858752e-24)
(0.00021032356 0.00018692725 0)
(0.00026359538 0.00022193047 0)
(0.0003295207 0.0002611133 1.2125744e-23)
(0.00041063746 0.00030416086 -2.438107e-23)
(0.00050976081 0.00035045113 0)
(0.0006299249 0.0003990249 -4.3332656e-23)
(0.00077429889 0.00044858997 1.2634233e-22)
(0.00094608484 0.00049756774 3.6046229e-23)
(0.0011484103 0.00054418072 9.7875069e-23)
(0.0013842311 0.00058656803 1.1905964e-22)
(0.0016562601 0.0006229038 0)
(0.0019668936 0.00065153458 0)
(0.0023185687 0.00067092306 -1.9965285e-22)
(0.0027113645 0.0006794105 1.0608126e-22)
(0.0031470808 0.00067564117 -2.2562373e-23)
(0.0036300359 0.00065848572 -2.4652136e-22)
(0.0041554361 0.00062689207 0)
(0.0047294919 0.00057167821 0)
(0.0053194857 0.00051490861 -1.1063418e-22)
(0.006044748 0.00036627998 0)
(4.5491963e-07 4.945612e-07 -2.4591399e-30)
(1.4627795e-06 1.5853453e-06 -6.70148e-28)
(2.6890434e-06 2.905225e-06 0)
(4.1918353e-06 4.5114703e-06 1.9163676e-27)
(6.0434104e-06 6.475019e-06 2.2892667e-27)
(8.3344682e-06 8.8825638e-06 5.3915869e-27)
(1.1178638e-05 1.1839706e-05 0)
(1.4718177e-05 1.5474393e-05 0)
(1.9131118e-05 1.9940588e-05 1.8173387e-26)
(2.4640149e-05 2.5422044e-05 -2.6718372e-21)
(3.1523612e-05 3.2135884e-05 2.6028317e-21)
(4.012903e-05 4.0335539e-05 -7.771634e-24)
(5.0889625e-05 5.0312355e-05 8.901686e-24)
(6.4344224e-05 6.239492e-05 -1.0639158e-23)
(8.1160876e-05 7.6944801e-05 -7.6436456e-25)
(0.00010216419 9.4347111e-05 -1.3938277e-23)
(0.00012836597 0.000114994 3.185616e-23)
(0.00016099802 0.00013925916 1.8452078e-24)
(0.0002015448 0.00016746178 -3.9091004e-23)
(0.0002517726 0.00019981926 2.1506497e-23)
(0.00031375018 0.00023638991 -1.0924964e-23)
(0.00038985521 0.00027700966 6.8546511e-23)
(0.00048276042 0.00032123013 -2.5192408e-24)
(0.00059539506 0.00036826908 -9.0376895e-23)
(0.00073088037 0.00041698625 4.4585702e-23)
(0.00089244315 0.00046589694 -7.9270502e-23)
(0.0010833166 0.00051323001 0)
(0.0013066421 0.00055702739 -1.8608831e-22)
(0.0015653858 0.00059527 5.8391177e-23)
(0.0018622813 0.00062600371 -8.738957e-23)
(0.0021997682 0.00064745954 -6.9653783e-23)
(0.0025798972 0.00065797786 1.8013906e-22)
(0.0030037317 0.00065577777 -4.1454937e-23)
(0.0034742437 0.00063989569 2.4779613e-22)
(0.0039927549 0.00060862397 -5.7126865e-23)
(0.0045566893 0.00056103844 -8.4860264e-23)
(0.0051718002 0.00048747526 1.1608258e-23)
(0.0058049076 0.00041389152 0)
(0.0065774978 0.00022898027 0)
(5.6036212e-07 5.3164336e-07 -1.8444043e-28)
(1.8010868e-06 1.7038545e-06 1.3030657e-24)
(3.3096475e-06 3.1217919e-06 -3.1184077e-24)
(5.1568848e-06 4.8467189e-06 1.8667885e-24)
(7.4307702e-06 6.9544528e-06 2.1469965e-27)
(1.024137e-05 9.5374634e-06 -2.658245e-24)
(1.372609e-05 1.2708127e-05 3.163616e-24)
(1.8056263e-05 1.6602216e-05 0)
(2.3445304e-05 2.1382552e-05 -1.7638903e-26)
(3.0158734e-05 2.7242644e-05 -2.3634993e-21)
(3.8526412e-05 3.4409971e-05 3.3760414e-21)
(4.895738e-05 4.3148375e-05 -7.4078081e-24)
(6.1957668e-05 5.3758787e-05 -8.4735418e-24)
(7.8151401e-05 6.6577199e-05 9.8251694e-24)
(9.8305311e-05 8.196851e-05 7.2730886e-25)
(0.00012335649 0.0001003145 0)
(0.00015444269 0.00012199403 1.5930227e-23)
(0.0001929336 0.00014735359 -1.7152696e-23)
(0.00024046072 0.00017666682 4.7266755e-24)
(0.00029894188 0.00021008279 4.9279697e-24)
(0.00037059562 0.000247565 -1.0797111e-23)
(0.0004579399 0.0002888259 1.0675053e-23)
(0.0005637698 0.00033326546 4.26173e-23)
(0.00069111112 0.00037992551 -4.4343001e-23)
(0.00084315063 0.00042747327 0)
(0.0010231487 0.00047422564 3.8604704e-23)
(0.001234345 0.00051821965 6.4675886e-23)
(0.0014798712 0.00055732396 6.1322957e-23)
(0.0017626818 0.00058937393 0)
(0.0020855086 0.00061230218 8.8344228e-23)
(0.0024508133 0.00062424561 -1.2627605e-22)
(0.0028606778 0.00062351984 -1.6212785e-22)
(0.0033168268 0.00060830283 1.8797949e-22)
(0.003821599 0.00057732824 0)
(0.0043763003 0.00052946052 -2.6049955e-23)
(0.0049790568 0.00046344333 1.1152803e-22)
(0.0056347267 0.00036939516 -1.1797589e-23)
(0.0063105276 0.00027704031 0)
(0.007126195 5.3797221e-05 0)
(6.820893e-07 5.6181122e-07 0)
(2.1915352e-06 1.8001325e-06 0)
(4.0257061e-06 3.2974896e-06 0)
(6.2700096e-06 5.1182542e-06 -1.7444146e-27)
(9.0303969e-06 7.3420162e-06 -2.0833526e-27)
(1.2439036e-05 1.0065636e-05 0)
(1.6660394e-05 1.3406532e-05 2.9956281e-24)
(2.1898782e-05 1.7506137e-05 -3.5689329e-24)
(2.8407598e-05 2.2533433e-05 -4.2377918e-24)
(3.6500537e-05 2.8688339e-05 5.0265176e-24)
(4.6565098e-05 3.6204547e-05 0)
(5.9078711e-05 4.5351211e-05 -6.8346808e-24)
(7.4627758e-05 5.6432599e-05 8.0812049e-24)
(9.3929676e-05 6.9784537e-05 3.0171859e-25)
(0.00011785806 8.5766142e-05 -1.0925913e-23)
(0.00014747035 0.00010474506 1.2713293e-23)
(0.00018403708 0.00012707427 -9.0760329e-25)
(0.0002290709 0.00015305864 -1.9472812e-24)
(0.00028435248 0.00018291027 2.1379944e-24)
(0.00035194944 0.00021669272 -2.2457771e-25)
(0.00043422346 0.00025425703 0)
(0.00053382044 0.00029517521 -1.9663199e-20)
(0.00065363961 0.00033868066 7.2102183e-21)
(0.00079677987 0.00038362803 0)
(0.00096646601 0.00042848596 0)
(0.0011659625 0.0004713733 -8.9841164e-26)
(0.0013984865 0.00051014249 -3.890022e-23)
(0.0016671335 0.00054250231 5.05718e-23)
(0.0019748236 0.00056616029 -4.9520602e-23)
(0.0023242705 0.00057895468 -2.1624617e-20)
(0.0027179507 0.00057894911 -2.0324237e-22)
(0.0031580346 0.0005644236 3.9342705e-23)
(0.0036464704 0.00053362167 -1.8199194e-22)
(0.0041854261 0.00048534883 9.5081626e-23)
(0.0047759909 0.00041840572 -1.8358225e-23)
(0.0054167762 0.00033173328 -1.379769e-25)
(0.0061114297 0.00021548225 2.2389301e-23)
(0.0068282827 0.00010288601 -3.2839261e-23)
(0.0076810267 -0.00015916123 0)
(8.2055868e-07 5.8179568e-07 6.6399867e-25)
(2.6355712e-06 1.8637104e-06 -1.1541766e-24)
(4.8398288e-06 3.4131476e-06 1.3819594e-24)
(7.5351791e-06 5.2963242e-06 1.6485648e-24)
(1.0847841e-05 7.5950329e-06 -2.4049839e-27)
(1.4934838e-05 1.0408578e-05 -2.3531673e-24)
(1.9990985e-05 1.385701e-05 0)
(2.6257464e-05 1.8084456e-05 -3.3237877e-24)
(3.4032205e-05 2.3262416e-05 3.964264e-24)
(4.3682321e-05 2.9592764e-05 0)
(5.565889e-05 3.7310003e-05 5.5097388e-24)
(7.0514305e-05 4.668208e-05 -6.6382879e-24)
(8.8922382e-05 5.8008807e-05 -7.3376281e-24)
(0.0001117012 7.161662e-05 9.1945563e-24)
(0.0001398384 8.7848097e-05 9.8320739e-24)
(0.00017451822 0.00010704438 -2.2743005e-23)
(0.000217149 0.00012951863 1.3436725e-23)
(0.00026938887 0.00015551882 3.6942539e-24)
(0.00033316671 0.00018517926 -1.8087273e-23)
(0.00041069433 0.00021846148 -2.0943895e-23)
(0.00050446529 0.00025508832 3.7891983e-23)
(0.000617236 0.00029447755 -7.676004e-21)
(0.00075198616 0.00033568583 2.1701303e-20)
(0.0009118587 0.00037737555 -3.5329449e-23)
(0.0011000837 0.00041781807 3.6617782e-23)
(0.0013198957 0.0004549427 2.2403547e-20)
(0.0015744568 0.00048643281 -5.1208043e-21)
(0.0018667971 0.00050985887 4.4362146e-23)
(0.0021997791 0.00052282652 0)
(0.002576081 0.0005231087 1.636983e-21)
(0.0029981813 0.0005087335 1.9991943e-20)
(0.003468316 0.00047798842 0)
(0.0039885162 0.00042925921 -8.6742179e-23)
(0.0045607408 0.00036140029 -3.2370816e-23)
(0.0051859296 0.00027327278 -3.3716836e-23)
(0.005862875 0.00016415943 0)
(0.006593787 2.4632541e-05 0)
(0.007348744 -0.00010895953 -1.1570463e-22)
(0.0082309583 -0.00040830251 -1.4298107e-21)
(9.7561575e-07 5.8786557e-07 6.1155558e-25)
(3.132668e-06 1.8826417e-06 -1.0654055e-24)
(5.7509859e-06 3.4468927e-06 -1.272644e-24)
(8.9506692e-06 5.346992e-06 3.0427876e-24)
(1.2880409e-05 7.6648415e-06 -3.6316451e-24)
(1.7724719e-05 1.049961e-05 6.3362473e-27)
(2.3711894e-05 1.3970816e-05 5.1581219e-24)
(3.1123661e-05 1.8221413e-05 -6.1337411e-24)
(4.0306735e-05 2.3420717e-05 3.664095e-24)
(5.1686496e-05 2.9766887e-05 4.2622868e-24)
(6.578301e-05 3.7488437e-05 -5.1059362e-24)
(8.3229514e-05 4.6844036e-05 0)
(0.00010479342 5.8119571e-05 -1.1249537e-25)
(0.0001313996 7.1621122e-05 -2.6182353e-25)
(0.0001641554 8.7662231e-05 9.3052163e-24)
(0.00020437648 0.00010654361 -1.2193978e-23)
(0.00025361156 0.00012852346 -9.3388798e-21)
(0.00031366396 0.00015377701 7.9038133e-21)
(0.0003866064 0.00018234486 0)
(0.00047478531 0.00021407165 -1.4147384e-20)
(0.00058081044 0.00024853932 9.6416518e-21)
(0.00070752641 0.00028500259 -3.5507914e-23)
(0.0008579648 0.00032233773 -3.2888073e-23)
(0.0010352788 0.00035901788 3.4577126e-23)
(0.0012426667 0.00039312771 1.773084e-23)
(0.0014832959 0.0004224253 4.850013e-21)
(0.0017602382 0.00044445038 -2.2188173e-20)
(0.0020764281 0.00045666609 -4.4520001e-23)
(0.0024346451 0.00045661083 2.9851867e-23)
(0.0028375117 0.00044202978 7.1683322e-23)
(0.0032874852 0.00041095955 -8.5743084e-23)
(0.0037868194 0.00036174361 -1.8546983e-23)
(0.0043375324 0.00029294006 1.1941042e-22)
(0.0049413497 0.00020352926 7.3232962e-24)
(0.0055989917 9.2589257e-05 -7.6751309e-23)
(0.0063091626 -4.0138495e-05 -1.5373724e-22)
(0.0070724505 -0.00020317363 0)
(0.0078612368 -0.00035757578 0)
(0.0087639815 -0.00069036635 1.5609562e-21)
(1.1458992e-06 5.7569504e-07 -5.529676e-25)
(3.6784553e-06 1.8430862e-06 -2.4373673e-28)
(6.7511471e-06 3.3734094e-06 1.1502084e-24)
(1.0503956e-05 5.2310254e-06 -1.3767366e-24)
(1.5110019e-05 7.4952678e-06 -1.6618537e-27)
(2.0783694e-05 1.0261891e-05 0)
(2.7789526e-05 1.3645882e-05 0)
(3.6453012e-05 1.7784172e-05 2.7599076e-24)
(4.7173349e-05 2.2838058e-05 -6.5514733e-24)
(6.0438338e-05 2.8995007e-05 3.9287364e-24)
(7.6841575e-05 3.6469295e-05 3.4050828e-26)
(9.7101951e-05 4.550067e-05 0)
(0.00012208531 5.6349966e-05 0)
(0.00015282782 6.9290297e-05 0)
(0.00019056024 8.4592177e-05 2.4956679e-25)
(0.00023673176 0.00010250077 1.1963833e-24)
(0.00029303127 0.00012320354 -6.7809753e-21)
(0.0003614036 0.00014678722 1.0546001e-20)
(0.00044405714 0.00017318401 0)
(0.0005434592 0.00020210924 -8.5066502e-21)
(0.00066231572 0.00023299545 1.5350109e-20)
(0.00080353304 0.00026493129 0)
(0.00097016205 0.00029661684 -6.896023e-24)
(0.001165329 0.00032634866 0)
(0.0013921614 0.00035204631 -1.4255865e-23)
(0.0016537203 0.00037132666 -2.1037899e-23)
(0.0019529517 0.00038162259 -2.2192284e-23)
(0.0022926641 0.00038033129 -5.7553661e-23)
(0.0026755286 0.00036496764 6.9523196e-24)
(0.0031040883 0.00033329403 -6.815692e-24)
(0.0035807509 0.0002834038 -1.4791551e-23)
(0.004107734 0.00021374759 6.7714813e-24)
(0.0046869646 0.00012309245 -2.4428894e-23)
(0.0053198934 1.0648981e-05 -1.4752311e-23)
(0.0060068891 -0.0001241214 -8.5595335e-23)
(0.0067463159 -0.000280868 3.8994292e-22)
(0.0075369932 -0.0004666448 -4.4555022e-22)
(0.0083540649 -0.00064054357 -6.7604427e-22)
(0.0092674589 -0.0010003237 0)
(1.3293576e-06 5.4097331e-07 -1.2502065e-28)
(4.2663036e-06 1.7312533e-06 -8.4548809e-25)
(7.8280572e-06 3.167471e-06 1.0118561e-24)
(1.2175802e-05 4.9093331e-06 1.2067503e-24)
(1.7508709e-05 7.0303472e-06 -4.3668956e-27)
(2.4072835e-05 9.6188788e-06 -1.7203791e-24)
(3.2171124e-05 1.2780562e-05 0)
(4.2175291e-05 1.6640488e-05 0)
(5.4539745e-05 2.134497e-05 -2.2353794e-26)
(6.981766e-05 2.7062533e-05 0)
(8.8679248e-05 3.3983531e-05 -3.305413e-26)
(0.00011193209 4.2317582e-05 0)
(0.00014054321 5.2287705e-05 0)
(0.00017566215 6.4119798e-05 0)
(0.00021864395 7.8025839e-05 -4.5524944e-25)
(0.00027107038 9.4179111e-05 -9.0285147e-24)
(0.00033476688 0.00011267994 3.1683946e-25)
(0.00041181257 0.00013351108 9.2470773e-24)
(0.00050453972 0.00015648333 -1.303403e-24)
(0.00061551928 0.00018117385 0)
(0.0007475301 0.00020686306 0)
(0.00090351083 0.00023247875 0)
(0.001086497 0.00025655941 3.6055819e-23)
(0.0012995498 0.00027724959 -4.720292e-23)
(0.0015456859 0.000292338 1.3778927e-23)
(0.0018278225 0.00029934291 4.0409998e-24)
(0.0021487462 0.00029563902 4.6542137e-24)
(0.0025111106 0.00027860946 2.8101798e-23)
(0.0029174545 0.00024579803 0)
(0.0033702183 0.00019503601 0)
(0.0038717286 0.00012452582 -1.8656377e-24)
(0.004424115 3.2880074e-05 -6.8406854e-24)
(0.0050291397 -8.0875369e-05 -5.9737873e-23)
(0.0056879097 -0.00021719189 1.7123054e-23)
(0.0064002915 -0.00037605674 1.8570275e-22)
(0.0071640605 -0.00055632307 -5.611949e-22)
(0.0079761663 -0.0007629767 5.7782677e-22)
(0.0088148646 -0.0009538252 -1.4989583e-22)
(0.0097286214 -0.0013313757 7.5476526e-22)
(1.5212498e-06 4.7887803e-07 -4.1041889e-25)
(4.881068e-06 1.531741e-06 7.1484188e-25)
(8.9540584e-06 2.8009333e-06 0)
(1.3923408e-05 4.3383734e-06 -8.0970113e-22)
(2.0015279e-05 6.2078688e-06 9.5484768e-22)
(2.750853e-05 8.4856985e-06 1.4511768e-24)
(3.6745752e-05 1.1262469e-05 0)
(4.8146253e-05 1.4644631e-05 -2.0398833e-24)
(6.2221112e-05 1.875544e-05 2.9127026e-26)
(7.959035e-05 2.3734981e-05 2.8709447e-24)
(0.00010100214 2.9738682e-05 0)
(0.00012735381 3.6933464e-05 3.9103299e-24)
(0.00015971397 4.5490473e-05 -9.1774738e-24)
(0.00019934497 5.5573054e-05 1.0618793e-23)
(0.00024772405 6.7318459e-05 -5.8794477e-24)
(0.00030656121 8.0811745e-05 2.3517042e-25)
(0.00037781115 9.6050573e-05 -7.5981274e-24)
(0.00046367617 0.00011290041 1.7102824e-23)
(0.00056659663 0.00013104103 1.7571508e-24)
(0.00068922616 0.00014990749 -9.0666975e-24)
(0.00083439011 0.00016863163 0)
(0.001005028 0.00018599342 0)
(0.0012041249 0.00020039378 -9.5601676e-24)
(0.0014346392 0.00020986109 -3.6572772e-24)
(0.0016994407 0.00021210032 3.0095803e-24)
(0.0020012688 0.00020458729 1.1263804e-23)
(0.0023427222 0.00018470022 -7.13096e-24)
(0.0027262769 0.00014987127 8.1280075e-24)
(0.0031543195 9.7734403e-05 -3.899286e-24)
(0.0036291671 2.6247781e-05 3.3552503e-24)
(0.0041530354 -6.6220954e-05 9.6318298e-24)
(0.0047279167 -0.00018083952 -7.5672426e-24)
(0.0053553376 -0.00031826439 -3.177241e-23)
(0.0060359745 -0.00047850548 8.6939052e-23)
(0.0067690366 -0.00066084384 0)
(0.0075514591 -0.00086313785 3.2809713e-22)
(0.008378258 -0.0010877006 4.5749758e-22)
(0.0092309966 -0.0012917809 9.108356e-22)
(0.01013493 -0.0016751736 -2.242498e-21)
(1.717728e-06 3.8585346e-07 -1.6335127e-25)
(5.5102675e-06 1.233252e-06 2.8451732e-25)
(1.0106014e-05 2.2531479e-06 0)
(1.5710348e-05 3.4862447e-06 -6.6919333e-22)
(2.257662e-05 4.9823152e-06 8.1252739e-22)
(3.1016621e-05 6.8003411e-06 5.744525e-25)
(4.1412614e-05 9.0096333e-06 2.0396378e-23)
(5.4231347e-05 1.1690517e-05 -3.3999644e-23)
(7.0040137e-05 1.4934332e-05 -9.5232454e-25)
(8.9525005e-05 1.8842378e-05 2.256071e-24)
(0.00011351066 2.3523211e-05 -1.3340055e-24)
(0.00014298188 2.9087515e-05 0)
(0.00017910554 3.5639512e-05 0)
(0.00022325196 4.3263712e-05 2.0712907e-24)
(0.00027701385 5.2005634e-05 -2.486107e-24)
(0.00034222046 6.1845194e-05 7.0329568e-26)
(0.00042094385 7.2661812e-05 1.5534104e-25)
(0.00051549429 8.4191114e-05 0)
(0.00062840127 9.5974606e-05 -7.3213077e-24)
(0.00076237822 0.00010730585 7.226377e-24)
(0.00092027024 0.00011717943 0)
(0.001104988 0.00012425167 0)
(0.001319434 0.0001268241 2.8144387e-24)
(0.0015664328 0.00012286044 1.6816359e-24)
(0.0018486774 0.00011004452 8.6044055e-24)
(0.0021687048 8.5879694e-05 -3.9586075e-24)
(0.0025289055 4.7820727e-05 0)
(0.002931563 -6.5793552e-06 0)
(0.0033788993 -7.9528914e-05 -3.4073197e-24)
(0.0038730924 -0.00017288093 -1.2740443e-23)
(0.004416222 -0.00028804427 3.8447623e-23)
(0.0050100991 -0.00042590845 -4.4880693e-23)
(0.0056559487 -0.00058675068 1.0343066e-22)
(0.006353927 -0.00077004829 -3.1014362e-22)
(0.0071024354 -0.00097425541 1.7055115e-22)
(0.0078973099 -0.0011960707 -1.1421015e-22)
(0.0087315383 -0.0014346239 -1.8409355e-22)
(0.0095896654 -0.0016475068 9.5257531e-23)
(0.010472718 -0.0020224617 1.3273957e-21)
(1.9077027e-06 2.5792487e-07 3.355311e-29)
(6.1186643e-06 8.2302508e-07 -2.0053779e-25)
(1.1219849e-05 1.5008557e-06 9.9794257e-28)
(1.7438017e-05 2.3170132e-06 2.8612524e-25)
(2.5052677e-05 3.3024582e-06 0)
(3.4407275e-05 4.4931169e-06 -4.0250468e-25)
(4.5922148e-05 5.9301036e-06 1.4065045e-23)
(6.0109491e-05 7.6594197e-06 -6.2951172e-24)
(7.7590371e-05 9.7308614e-06 -6.7258711e-25)
(9.9113691e-05 1.2195773e-05 1.2011841e-27)
(0.00012557677 1.5103109e-05 0)
(0.00015804691 1.8493099e-05 1.0545491e-24)
(0.00019778297 2.2387597e-05 -3.5777288e-26)
(0.00024625534 2.6776105e-05 -1.4509267e-24)
(0.00030516222 3.1596325e-05 0)
(0.00037643955 3.6708256e-05 -1.7910006e-24)
(0.00046226133 4.1861211e-05 3.6803105e-24)
(0.00056502706 4.6654006e-05 -2.1612909e-24)
(0.00068733338 5.0489975e-05 1.6916077e-24)
(0.00083192849 5.2530514e-05 -3.1948507e-24)
(0.0010016501 5.1653349e-05 0)
(0.0011993519 4.6424137e-05 0)
(0.0014278269 3.5091376e-05 -1.2960544e-24)
(0.001689741 1.561381e-05 5.986269e-24)
(0.001987591 -1.4274449e-05 -2.4132773e-25)
(0.0023236972 -5.6962785e-05 2.0728072e-24)
(0.0027002353 -0.00011483695 -1.7091978e-24)
(0.0031192933 -0.00019014248 1.0163313e-23)
(0.0035829266 -0.0002848561 8.7625601e-24)
(0.0040931685 -0.00040057604 2.1183332e-23)
(0.0046519457 -0.00053842801 -2.1050515e-23)
(0.0052608546 -0.00069896572 4.5638019e-23)
(0.0059207657 -0.00088202884 -3.0685914e-23)
(0.0066312408 -0.0010864925 4.9732153e-23)
(0.0073897509 -0.0013099212 6.9470323e-23)
(0.0081907946 -0.0015477978 0)
(0.0090251369 -0.0017959181 -6.0390863e-22)
(0.0098786377 -0.0020139332 -4.0214458e-22)
(0.010725862 -0.0023634161 4.9194595e-22)
(2.088546e-06 9.4378503e-08 1.6361296e-26)
(6.6974467e-06 2.9884472e-07 -2.8275074e-26)
(1.2278692e-05 5.4010904e-07 3.3834758e-26)
(1.907893e-05 8.2476254e-07 5.3632337e-29)
(2.7401871e-05 1.1601768e-06 0)
(3.7620107e-05 1.553492e-06 -5.6067893e-26)
(5.0188836e-05 2.0107933e-06 9.1582964e-28)
(6.5661588e-05 2.5356897e-06 7.8928236e-26)
(8.4707964e-05 3.1270154e-06 9.0664493e-26)
(0.00010813317 3.7753241e-06 -1.0920099e-25)
(0.00013689892 4.4577184e-06 0)
(0.00017214493 5.13041e-06 0)
(0.00021520979 5.7182887e-06 0)
(0.0002676493 6.1006886e-06 -8.1628707e-27)
(0.00033125012 6.092545e-06 0)
(0.00040803548 5.4203085e-06 0)
(0.00050025979 3.6924372e-06 4.4227036e-25)
(0.00061038867 3.6513883e-07 -4.6150194e-25)
(0.00074106186 -5.2946423e-06 0)
(0.00089503821 -1.4245218e-05 4.1591887e-25)
(0.001075125 -2.7699375e-05 -2.73866e-25)
(0.0012840985 -4.7139368e-05 0)
(0.0015246257 -7.4309663e-05 0)
(0.0017992039 -0.00011118069 6.1573422e-25)
(0.0021101305 -0.00015988077 -4.833826e-21)
(0.0024595144 -0.00022259932 5.0188706e-21)
(0.0028493272 -0.00030147106 -1.89487e-24)
(0.0032814757 -0.00039845526 0)
(0.0037578619 -0.00051522226 -2.0333961e-24)
(0.0042803797 -0.00065305113 -1.8952801e-23)
(0.0048507975 -0.00081272791 -1.0131613e-23)
(0.0054704781 -0.0009944178 3.5120371e-23)
(0.0061399065 -0.001197473 1.0436381e-23)
(0.0068580145 -0.0014201235 0)
(0.0076213003 -0.0016590518 0)
(0.0084228448 -0.0019086619 0)
(0.0092512142 -0.0021621644 1.7029928e-22)
(0.010091469 -0.0023858156 1.0045452e-22)
(0.01089837 -0.0026880417 -1.0310541e-21)
(2.2442751e-06 -1.1052437e-07 -3.2145037e-27)
(7.1958564e-06 -3.5765515e-07 5.5990487e-27)
(1.319035e-05 -6.6260646e-07 2.5224089e-23)
(2.0491357e-05 -1.0422713e-06 -2.9713986e-23)
(2.9423164e-05 -1.5183228e-06 0)
(4.0383127e-05 -2.1189459e-06 0)
(5.385602e-05 -2.8808646e-06 1.1270676e-28)
(7.0430401e-05 -3.8520284e-06 0)
(9.0816923e-05 -5.0952325e-06 -3.399147e-28)
(0.00011586831 -6.692939e-06 0)
(0.00014660043 -8.7536483e-06 0)
(0.00018421363 -1.142025e-05 -1.2975996e-27)
(0.00023011264 -1.4880839e-05 0)
(0.00028592335 -1.938249e-05 -4.5604916e-26)
(0.00035350351 -2.5248396e-05 7.3592156e-26)
(0.0004349443 -3.2898562e-05 -2.5953925e-26)
(0.00053255927 -4.2873763e-05 -8.326152e-22)
(0.00064885729 -5.5861735e-05 1.0750605e-21)
(0.00078649751 -7.2723446e-05 -5.3952572e-25)
(0.00094822639 -9.4515972e-05 4.9586904e-25)
(0.0011368004 -0.00012250702 -3.1828175e-25)
(0.001354903 -0.00015817524 0)
(0.0016050677 -0.00020319056 0)
(0.0018896245 -0.00025937049 3.2862041e-24)
(0.0022106825 -0.00032861232 -1.1218307e-20)
(0.002570159 -0.00041280575 1.1724354e-20)
(0.0029698465 -0.00051373478 0)
(0.0034114976 -0.00063297896 0)
(0.0038968837 -0.0007718193 0)
(0.0044277742 -0.00093114413 -1.2848295e-23)
(0.0050057819 -0.0011113368 4.259815e-23)
(0.0056320283 -0.0013121151 6.0459265e-23)
(0.0063066021 -0.0015322868 0)
(0.0070278121 -0.0017693891 0)
(0.0077912495 -0.0020192305 2.3859082e-22)
(0.008588777 -0.0022753219 -2.3507231e-22)
(0.0094074159 -0.0025296864 0)
(0.01023083 -0.0027621791 -4.4935553e-22)
(0.011011639 -0.0030085823 0)
(2.3664207e-06 -3.5117977e-07 5.6011673e-26)
(7.5864013e-06 -1.1289558e-06 -9.759976e-26)
(1.3904017e-05 -2.0749277e-06 -2.4124136e-22)
(2.1595603e-05 -3.2338268e-06 2.8829457e-22)
(3.1000862e-05 -4.660796e-06 0)
(4.2535511e-05 -6.4248583e-06 3.1582315e-28)
(5.6706021e-05 -8.6120848e-06 -1.127095e-28)
(7.4126321e-05 -1.1329626e-05 0)
(9.5536345e-05 -1.4710725e-05 3.3993153e-28)
(0.00012182211 -1.8920861e-05 0)
(0.00015403663 -2.4165233e-05 0)
(0.00019342071 -3.0697773e-05 -6.3328944e-27)
(0.00024142187 -3.8831897e-05 7.9531276e-25)
(0.00029970942 -4.8953061e-05 -9.4815864e-25)
(0.00037018268 -6.1533074e-05 -2.5076472e-21)
(0.00045496918 -7.7145811e-05 3.2095871e-21)
(0.00055640923 -9.6483527e-05 -3.6646382e-21)
(0.00067702375 -0.00012037239 4.1370713e-21)
(0.00081946372 -0.00014978509 2.3952232e-24)
(0.00098644191 -0.00018584756 -1.2127062e-23)
(0.0011806518 -0.00022983637 7.3275193e-24)
(0.0014046835 -0.00028316308 -2.7191963e-24)
(0.0016609501 -0.00034734283 0)
(0.0019516418 -0.00042394645 -1.1474447e-23)
(0.0022787213 -0.00051453819 2.5010239e-23)
(0.0026439667 -0.00062060458 -1.3414754e-23)
(0.0030490513 -0.00074348091 0)
(0.0034956324 -0.00088428009 0)
(0.0039854027 -0.0010438208 0)
(0.004520047 -0.0012225415 6.7668608e-23)
(0.0051010492 -0.0014203737 -1.6564768e-22)
(0.0057293079 -0.0016365437 6.2571266e-24)
(0.0064045425 -0.0018692718 0)
(0.0071245039 -0.0021153565 1.5629918e-22)
(0.0078840398 -0.0023696847 3.2368296e-22)
(0.0086741674 -0.0026247463 3.6620023e-22)
(0.0094812839 -0.0028711314 0)
(0.010289248 -0.0030928996 1.4876739e-21)
(0.011067315 -0.0032964968 0)
(2.432587e-06 -6.0945624e-07 3.8688204e-29)
(7.7976645e-06 -1.9560421e-06 -4.2670716e-25)
(1.4289382e-05 -3.5890214e-06 -9.3148134e-28)
(2.2190442e-05 -5.5821089e-06 6.1288522e-25)
(3.1848119e-05 -8.0259635e-06 -7.3686766e-25)
(4.3687002e-05 -1.1032606e-05 8.8204936e-25)
(5.8223837e-05 -1.4739871e-05 1.0589454e-24)
(7.6084277e-05 -1.9316772e-05 5.4934818e-27)
(9.8021402e-05 -2.4969816e-05 -3.0389853e-24)
(0.00012493561 -3.1950333e-05 3.647034e-24)
(0.00015789523 -4.0562836e-05 -2.1768092e-24)
(0.00019815661 -5.1174362e-05 2.6351896e-24)
(0.00024718222 -6.4224666e-05 -3.1143226e-24)
(0.00030665426 -8.023691e-05 0)
(0.00037848116 -9.9828298e-05 -4.9577709e-21)
(0.00046479344 -0.00012371976 5.544662e-21)
(0.00056792567 -0.0001527434 0)
(0.00069038156 -0.00018784604 -5.7367524e-25)
(0.00083478088 -0.00023008674 4.3030382e-25)
(0.0010037897 -0.00028062614 8.6979894e-24)
(0.0012000394 -0.00034070567 2.6809788e-25)
(0.0014260448 -0.0004116156 -1.037971e-23)
(0.0016841361 -0.00049465262 8.7785624e-24)
(0.0019764208 -0.00059106982 0)
(0.002304788 -0.00070202401 -2.0599206e-23)
(0.0026709599 -0.00082852609 0)
(0.0030765762 -0.00097139778 4.0067542e-23)
(0.0035232793 -0.0011312323 -4.0814718e-23)
(0.0040127517 -0.0013083467 0)
(0.0045466475 -0.0015027031 -9.2729842e-23)
(0.0051263641 -0.0017137656 -1.8293041e-22)
(0.0057526181 -0.0019402613 -1.7902772e-22)
(0.0064248167 -0.0021798216 0)
(0.0071402522 -0.0024285094 2.2322863e-23)
(0.0078931974 -0.0026802909 -2.2023435e-22)
(0.0086740816 -0.0029265645 -1.2557997e-21)
(0.0094689598 -0.0031563553 6.4102979e-22)
(0.010261325 -0.0033541885 -2.7991289e-21)
(0.011025593 -0.0035136306 -2.2387225e-21)
(2.4400611e-06 -8.7314804e-07 -3.572427e-22)
(7.8208816e-06 -2.8002074e-06 6.294772e-22)
(1.4330301e-05 -5.1338199e-06 -4.7369073e-28)
(2.2250671e-05 -7.9768974e-06 0)
(3.192859e-05 -1.1455816e-05 1.1655531e-24)
(4.3787505e-05 -1.5725714e-05 -1.3966733e-24)
(5.8342354e-05 -2.0976171e-05 1.6736716e-24)
(7.6216045e-05 -2.7437804e-05 -1.8409774e-21)
(9.8157619e-05 -3.5389765e-05 2.2932305e-21)
(0.0001250617 -4.5168054e-05 -2.8574837e-24)
(0.00015798854 -5.7174499e-05 -9.5402786e-27)
(0.00019818344 -7.1886078e-05 -3.5573506e-21)
(0.00024709407 -8.9864092e-05 4.6108206e-21)
(0.00030638326 -0.00011176239 -5.8458661e-24)
(0.00037793455 -0.00013833361 1.3554917e-23)
(0.00046384746 -0.00017043194 -7.9671524e-24)
(0.00056641891 -0.00020901079 0)
(0.00068810854 -0.00025511335 1.3702252e-24)
(0.00083148667 -0.00030985434 -1.8355544e-24)
(0.00099916691 -0.00037439167 3.0614401e-23)
(0.0011937291 -0.00044988791 -3.2722923e-23)
(0.0014176433 -0.00053746346 -4.733681e-23)
(0.001673208 -0.0006381453 3.1569478e-23)
(0.0019625198 -0.00075281774 -4.3943146e-23)
(0.0022874836 -0.00088218236 6.7288062e-23)
(0.0026498656 -0.0010267325 0)
(0.0030513738 -0.0011867425 0)
(0.0034937305 -0.0013622615 1.0698615e-23)
(0.0039786891 -0.0015530911 7.8453508e-25)
(0.0045079373 -0.0017587123 2.1383089e-22)
(0.0050828377 -0.0019781264 7.9688504e-22)
(0.005703975 -0.0022095753 -1.6134743e-23)
(0.0063705077 -0.0024501293 -3.7253569e-22)
(0.0070793658 -0.0026951603 3.6503194e-22)
(0.0078243845 -0.0029377804 -6.5262485e-22)
(0.0085955674 -0.0031683742 -8.1964627e-22)
(0.0093787073 -0.0033746314 7.0398797e-23)
(0.010156738 -0.0035406011 1.7047638e-21)
(0.010904397 -0.0036547505 1.0837919e-21)
(2.3816384e-06 -1.1264611e-06 -4.7994506e-22)
(7.633252e-06 -3.6109094e-06 8.2618535e-22)
(1.3985574e-05 -6.6168968e-06 2.2555099e-24)
(2.1713414e-05 -1.0275029e-05 7.5382466e-28)
(3.1153912e-05 -1.4745517e-05 1.3582174e-27)
(4.2718817e-05 -2.0224231e-05 0)
(5.6908639e-05 -2.6949482e-05 0)
(7.4328579e-05 -3.5209703e-05 -2.5174899e-21)
(9.5706087e-05 -4.5351928e-05 2.8982218e-21)
(0.00012190966 -5.7790871e-05 3.1449249e-26)
(0.00015396823 -7.3018257e-05 9.392741e-24)
(0.00019308997 -9.1611815e-05 -5.0188406e-21)
(0.0002406791 -0.00011424308 5.5456351e-21)
(0.00029834847 -0.0001416828 1.5691367e-23)
(0.00036792538 -0.00017480239 0)
(0.00045144764 -0.00021456951 0)
(0.00055114698 -0.00026203564 2.5137754e-23)
(0.00066941741 -0.00031831369 -2.9920294e-23)
(0.00080876789 -0.00038454407 1.8355612e-24)
(0.00097176124 -0.0004618491 -3.7989524e-23)
(0.0011609449 -0.00055127763 3.6787159e-23)
(0.0013787833 -0.00065374448 -3.6694514e-23)
(0.001627605 -0.00076997234 2.7929936e-25)
(0.0019095776 -0.00090044575 8.6037734e-23)
(0.00222672 -0.0010453863 8.3928216e-23)
(0.0025809501 -0.0012047539 -2.4133766e-22)
(0.0029741521 -0.0013782696 1.2377764e-22)
(0.0034082283 -0.0015654431 -1.1289278e-22)
(0.0038850878 -0.0017655733 2.6142926e-20)
(0.0044065207 -0.0019776816 -8.6429104e-20)
(0.0049739112 -0.0022003365 2.8158295e-22)
(0.0055877667 -0.0024313374 0)
(0.006247065 -0.0026672561 -9.1276062e-22)
(0.0069484678 -0.0029028715 0)
(0.0076854968 -0.0031305915 -7.7487953e-22)
(0.0084478606 -0.0033400172 3.7382708e-21)
(0.0092211875 -0.0035179489 0)
(0.0099888378 -0.0036480687 -2.4975624e-19)
(0.010725592 -0.0037151143 2.2930024e-18)
(2.2594007e-06 -1.3542008e-06 2.7852697e-24)
(7.2413881e-06 -4.3395441e-06 -4.8513172e-24)
(1.3267235e-05 -7.9493732e-06 -9.6083081e-28)
(2.0597246e-05 -1.2338854e-05 3.4755479e-24)
(2.955061e-05 -1.7698156e-05 0)
(4.0517157e-05 -2.4259104e-05 -4.9710961e-24)
(5.3970748e-05 -3.2302881e-05 5.9414866e-24)
(7.0484395e-05 -4.2168578e-05 0)
(9.0746972e-05 -5.4262417e-05 0)
(0.00011558119 -6.9067336e-05 -1.006053e-23)
(0.00014596222 -8.7152389e-05 1.1993335e-23)
(0.00018303604 -0.00010918113 9.894785e-26)
(0.00022813604 -0.00013591777 1.6811343e-23)
(0.00028279617 -0.00016822961 -1.9869723e-23)
(0.00034875818 -0.00020708353 0)
(0.00042797037 -0.00025353449 0)
(0.00052257533 -0.00030870339 0)
(0.00063488457 -0.00037374229 3.6494682e-23)
(0.00076733948 -0.00044978603 -4.4817088e-23)
(0.00092246041 -0.00053789111 0)
(0.0011027888 -0.00063896554 1.3197114e-23)
(0.0013108306 -0.00075369722 -7.3634841e-23)
(0.0015490125 -0.00088249136 6.3282315e-23)
(0.0018196611 -0.0010254296 5.7947474e-24)
(0.0021250115 -0.0011822613 3.2045051e-23)
(0.0024672435 -0.0013524314 0)
(0.0028485262 -0.0015351352 1.5604671e-22)
(0.0032710402 -0.0017293775 -2.8526081e-22)
(0.0037369341 -0.0019339953 8.7279463e-20)
(0.0042481675 -0.0021475962 -2.6796793e-20)
(0.0048062027 -0.0023683693 -7.5847037e-22)
(0.0054115243 -0.002593741 2.579402e-22)
(0.0060629963 -0.0028198823 9.1216653e-22)
(0.0067571022 -0.0030411232 0)
(0.0074871676 -0.0032493865 1.8255872e-21)
(0.0082427297 -0.0034338196 -1.5677096e-21)
(0.0090092047 -0.0035808128 -3.2455511e-21)
(0.0097681745 -0.0036748302 -2.2214776e-18)
(0.010503111 -0.0037016746 1.1393593e-19)
(2.0771718e-06 -1.5404308e-06 1.7073992e-24)
(6.6576302e-06 -4.9351499e-06 7.9173969e-28)
(1.2198066e-05 -9.038115e-06 -3.5580112e-24)
(1.8937876e-05 -1.4024241e-05 4.2611444e-24)
(2.7170505e-05 -2.0107747e-05 5.0936093e-24)
(3.7254526e-05 -2.7549204e-05 -6.0884282e-24)
(4.962604e-05 -3.6663927e-05 -7.7393377e-27)
(6.4812767e-05 -4.7831131e-05 -8.6693181e-24)
(8.3449729e-05 -6.1503622e-05 1.0366047e-23)
(0.00010629627 -7.8217607e-05 1.225022e-23)
(0.00013425394 -9.8601908e-05 -1.4620367e-23)
(0.00016838445 -0.00012338552 -6.6057513e-21)
(0.00020992661 -0.00015340207 9.1638793e-21)
(0.00026031068 -0.00018958918 0)
(0.00032116825 -0.0002329805 -2.824969e-23)
(0.0003943354 -0.00028468757 3.3126668e-23)
(0.00048184705 -0.00034586897 -3.9482337e-23)
(0.00058592074 -0.00041768482 4.4238371e-23)
(0.00070892917 -0.00050123579 2.8757801e-24)
(0.00085336298 -0.00059748887 7.638899e-24)
(0.0010217872 -0.0007071953 -7.2287633e-24)
(0.0012167983 -0.00083081052 4.1316677e-20)
(0.0014409891 -0.00096842961 -9.1715474e-21)
(0.0016969305 -0.001119753 -3.6341336e-23)
(0.0019871722 -0.0012840941 8.7214374e-23)
(0.0023142591 -0.0014604318 0)
(0.0026807457 -0.0016474951 -1.5603605e-22)
(0.0030891821 -0.0018438488 0)
(0.0035420323 -0.0020479354 0)
(0.0040414867 -0.0022580188 -3.2837392e-22)
(0.0045891369 -0.0024719861 0)
(0.0051854958 -0.002686984 -5.5735409e-22)
(0.0058293741 -0.0028989089 5.4753013e-22)
(0.0065171568 -0.003101821 0)
(0.0072420793 -0.003287411 -2.7652983e-21)
(0.0079936697 -0.0034447233 -9.5493776e-22)
(0.0087575529 -0.0035604462 1.3977471e-21)
(0.0095161138 -0.0036199884 -5.6131935e-23)
(0.010247729 -0.0036095856 4.6338826e-21)
(1.8441623e-06 -1.6712587e-06 0)
(5.9114615e-06 -5.3533074e-06 -7.9173969e-28)
(1.0832031e-05 -9.8019534e-06 -4.2024968e-24)
(1.6818997e-05 -1.5205603e-05 5.0294059e-24)
(2.4133544e-05 -2.1794854e-05 -2.7116223e-27)
(3.3095201e-05 -2.9849726e-05 -7.1835505e-24)
(4.4093058e-05 -3.9708443e-05 8.5935661e-24)
(5.7598661e-05 -5.1776901e-05 0)
(7.4180536e-05 -6.6538522e-05 1.2161049e-23)
(9.4520171e-05 -8.4563996e-05 -3.0471588e-26)
(0.00011942918 -0.00010652007 -1.7305298e-23)
(0.00014986706 -0.00013317614 -8.2192759e-21)
(0.00018695885 -0.00016540699 8.4075312e-21)
(0.00023201138 -0.00020418949 0)
(0.0002865269 -0.00025059057 0)
(0.00035221216 -0.00030574366 0)
(0.0004309815 -0.00037081082 1.298554e-24)
(0.0005249522 -0.00044692855 0)
(0.00063643154 -0.00053513726 0)
(0.00076789604 -0.00063629731 -7.638891e-24)
(0.00092196494 -0.00075099853 -1.4437337e-22)
(0.0011013717 -0.00087947513 1.8987299e-20)
(0.0013089384 -0.0010215413 -5.6694395e-20)
(0.001547557 -0.0011765646 0)
(0.0018201777 -0.0013434879 9.6129802e-23)
(0.0021297994 -0.0015209038 -5.8273717e-24)
(0.002479448 -0.0017071622 -5.6311683e-22)
(0.0028721183 -0.0019004792 1.3348268e-23)
(0.0033106523 -0.0020989935 3.6752479e-22)
(0.0037975218 -0.0023007159 6.9070654e-22)
(0.0043344901 -0.0025033268 6.8898421e-22)
(0.004922141 -0.0027038062 0)
(0.0055592816 -0.0028979235 5.7783588e-22)
(0.0062422605 -0.0030796726 -5.6594019e-22)
(0.006964291 -0.0032407949 0)
(0.0077149312 -0.0033706116 3.784974e-21)
(0.0084799162 -0.0034564641 3.4387063e-21)
(0.0092417196 -0.0034850789 -1.7373129e-21)
(0.0099802994 -0.0034449318 -3.036418e-21)
(1.572777e-06 -1.7349932e-06 0)
(5.042611e-06 -5.5566542e-06 -1.0444588e-27)
(9.2418685e-06 -1.0172657e-05 4.8267404e-24)
(1.4353439e-05 -1.5777453e-05 -5.7792749e-24)
(2.0601454e-05 -2.2608911e-05 -6.9033746e-24)
(2.8260677e-05 -3.0955489e-05 8.2517743e-24)
(3.7666436e-05 -4.1165096e-05 0)
(4.9226209e-05 -5.3654528e-05 0)
(6.3432902e-05 -6.8919176e-05 -1.3995346e-23)
(8.0879785e-05 -8.7542408e-05 1.6645031e-23)
(0.00010227697 -0.00011020372 8.1659862e-26)
(0.00012846922 -0.00013768432 -1.9330187e-25)
(0.00016045453 -0.00017086827 0)
(0.00019940306 -0.000210737 -3.2324239e-23)
(0.00024667522 -0.00025835419 3.807081e-23)
(0.00030383804 -0.00031483828 0)
(0.00037267842 -0.00038131962 4.9105544e-23)
(0.00045521206 -0.00045888071 -5.8845728e-23)
(0.00055368715 -0.0005484795 0)
(0.00067058212 -0.00065085981 -9.8118494e-24)
(0.00080859774 -0.00076645648 1.6301544e-22)
(0.00097064423 -0.00089530876 -3.9323439e-24)
(0.0011598243 -0.0010369984 -1.9410288e-22)
(0.0013794117 -0.0011906303 -1.9856996e-22)
(0.0016328243 -0.0013548671 6.5293115e-24)
(0.0019235827 -0.0015280192 7.2574568e-24)
(0.0022552471 -0.0017081698 6.2407378e-22)
(0.0026313121 -0.0018932991 -1.6330736e-23)
(0.0030550426 -0.0020813512 -4.0523243e-22)
(0.0035292269 -0.0022701894 9.3048738e-24)
(0.0040558313 -0.0024573966 -1.0996939e-21)
(0.0046355419 -0.0026399108 -6.9574765e-22)
(0.0052672008 -0.002813533 -6.2531713e-22)
(0.0059471662 -0.0029724007 6.12516e-22)
(0.0066686799 -0.0031085823 0)
(0.0074213775 -0.003212014 2.1511643e-21)
(0.0081911516 -0.0032710668 0)
(0.008960593 -0.0032740519 0)
(0.0097098568 -0.0032115115 -1.0217528e-20)
(1.27866e-06 -1.7236428e-06 -2.5975018e-24)
(4.1011399e-06 -5.5196621e-06 1.0444588e-27)
(7.5191489e-06 -1.0103632e-05 5.4097642e-24)
(1.1683086e-05 -1.566781e-05 -6.4725284e-24)
(1.6777309e-05 -2.2447276e-05 -7.729658e-24)
(2.3028616e-05 -3.0726792e-05 9.2579808e-24)
(3.0714816e-05 -4.0849407e-05 0)
(4.0174972e-05 -5.3225523e-05 1.3138831e-23)
(5.1821425e-05 -6.8342121e-05 -1.5648026e-23)
(6.6153691e-05 -8.6771517e-05 -7.6245773e-26)
(8.3774356e-05 -0.00010917871 -1.7209734e-25)
(0.00010540702 -0.0001363259 1.9330188e-25)
(0.00013191623 -0.00016907243 0)
(0.00016432935 -0.00020836758 0)
(0.00020385982 -0.00025523368 -4.2209033e-23)
(0.00025193153 -0.00031073639 4.9495946e-23)
(0.00031020327 -0.00037593955 -5.489425e-23)
(0.00038059246 -0.00045184306 6.5552377e-23)
(0.0004652965 -0.00053930429 4.8218219e-24)
(0.0005668103 -0.00063894717 9.8119067e-24)
(0.00068793773 -0.00075106768 -1.1896442e-23)
(0.0008317944 -0.00087554921 2.5823354e-23)
(0.0010017985 -0.0010118051 0)
(0.0012016454 -0.001158766 -5.7659798e-23)
(0.0014352614 -0.0013149233 0)
(0.0017067292 -0.0014784286 0)
(0.0020201787 -0.001647228 -2.3670828e-22)
(0.0023796337 -0.0018191934 -4.3701892e-22)
(0.0027888044 -0.0019921956 4.4037214e-22)
(0.0032508146 -0.0021640654 0)
(0.0037678501 -0.0023324038 -5.3361737e-23)
(0.0043407193 -0.0024942361 0)
(0.004968324 -0.0026455532 0)
(0.0056470611 -0.002780839 0)
(0.0063702261 -0.002892741 -1.2808396e-21)
(0.0071275441 -0.0029720954 -3.2934381e-21)
(0.0079050345 -0.0030085772 4.2253626e-21)
(0.008685341 -0.0029922423 0)
(0.0094486775 -0.0029157275 6.9377518e-21)
(9.7938037e-07 -1.6333976e-06 -2.8528579e-24)
(3.1432635e-06 -5.2301832e-06 9.9356915e-24)
(5.7666825e-06 -9.5727544e-06 -5.9477064e-24)
(8.9671866e-06 -1.4842595e-05 0)
(1.2888963e-05 -2.1261526e-05 -8.4919097e-24)
(1.7710415e-05 -2.9098019e-05 1.0146379e-23)
(2.3651394e-05 -3.8675182e-05 0)
(3.0982133e-05 -5.0379135e-05 0)
(4.0034049e-05 -6.4667432e-05 0)
(5.1212676e-05 -8.2076939e-05 2.0385615e-23)
(6.5013057e-05 -0.00010323023 -2.4276017e-23)
(8.2037972e-05 -0.00012883915 2.324982e-25)
(0.00010301937 -0.00015970376 0)
(0.00012884336 -0.00019670438 0)
(0.00016057895 -0.00024078408 0)
(0.00019951067 -0.00029291882 0)
(0.00024717461 -0.00035407279 0)
(0.00030539703 -0.00042513754 -7.0651143e-23)
(0.00037633382 -0.00050685578 7.6373808e-23)
(0.00046250767 -0.00059973403 0)
(0.00056683866 -0.00070395279 2.4736949e-23)
(0.00069266214 -0.00081928762 2.0102011e-24)
(0.00084372647 -0.00094505779 0)
(0.0010241624 -0.0010801193 -4.2897939e-24)
(0.0012384162 -0.0012229127 6.3522938e-23)
(0.0014911403 -0.0013715649 -2.4336533e-22)
(0.0017870388 -0.0015240236 4.8784806e-22)
(0.0021306649 -0.0016781872 0)
(0.0025261732 -0.0018319796 -4.5038894e-22)
(0.0029770221 -0.0019833166 4.4987399e-22)
(0.0034856197 -0.0021299326 3.5704526e-22)
(0.0040529041 -0.0022690663 -3.9903908e-22)
(0.0046778486 -0.0023970487 1.4866545e-21)
(0.0053569021 -0.002508895 0)
(0.00608342 -0.0025980483 2.4525721e-21)
(0.0068472053 -0.0026564721 -2.3894054e-21)
(0.0076343522 -0.0026753243 -4.237701e-21)
(0.0084274815 -0.0026464541 6.0539511e-21)
(0.0092067263 -0.0025643905 1.7196418e-21)
(6.933855e-07 -1.4652111e-06 1.538594e-24)
(2.227993e-06 -4.6913036e-06 5.3551894e-24)
(4.0923611e-06 -8.585744e-06 -6.41165e-24)
(6.3728018e-06 -1.3310822e-05 0)
(9.1753295e-06 -1.9064839e-05 4.6094194e-27)
(1.2632399e-05 -2.6087633e-05 0)
(1.6908896e-05 -3.4667635e-05 0)
(2.220984e-05 -4.5149218e-05 0)
(2.8790078e-05 -5.7940034e-05 0)
(3.6966357e-05 -7.3517783e-05 8.2880936e-26)
(4.7132306e-05 -9.2435557e-05 9.8283927e-26)
(5.977703e-05 -0.00011532453 -3.1022427e-23)
(7.5508052e-05 -0.00014289234 7.2771671e-23)
(9.5079446e-05 -0.00017591512 -4.2533953e-23)
(0.00011942591 -0.00021522081 0)
(0.00014970338 -0.00026166119 0)
(0.00018733617 -0.00031607046 -6.6445397e-23)
(0.00023406999 -0.00037920942 7.4525365e-23)
(0.00029202842 -0.00045169584 0)
(0.00036376876 -0.0005339254 8.3154035e-23)
(0.00045233048 -0.00062599099 -1.2038464e-22)
(0.00056126689 -0.00072761284 1.717045e-24)
(0.00069464879 -0.00083809473 1.207044e-22)
(0.00085702778 -0.00095632121 -6.8291456e-23)
(0.0010533493 -0.0010808053 -6.3530105e-23)
(0.0012888097 -0.0012097846 0)
(0.0015686575 -0.0013413473 0)
(0.0018979466 -0.0014735525 -2.593211e-22)
(0.00228125 -0.0016045002 4.7603621e-22)
(0.0027223407 -0.0017323045 -4.7556584e-22)
(0.0032238375 -0.0018549426 4.0458069e-22)
(0.0037868041 -0.001969982 0)
(0.0044102868 -0.0020742287 -1.4887162e-21)
(0.0050907878 -0.0021633888 1.2100165e-19)
(0.0058217159 -0.0022318788 2.7150272e-19)
(0.0065929281 -0.0022729569 3.6251925e-21)
(0.007390542 -0.0022793659 0)
(0.0081970807 -0.0022446936 -4.1101482e-21)
(0.0089924922 -0.0021650622 -1.8906182e-21)
(4.3870051e-07 -1.2249177e-06 -2.0368858e-28)
(1.4129821e-06 -3.921714e-06 -7.0910918e-28)
(2.6015789e-06 -7.1768336e-06 -1.6124953e-27)
(4.0630891e-06 -1.1125619e-05 0)
(5.8696782e-06 -1.593341e-05 -4.8602242e-24)
(8.1130869e-06 -2.1800068e-05 5.8012514e-24)
(1.0909526e-05 -2.8965808e-05 -6.9096978e-24)
(1.4406323e-05 -3.7717238e-05 8.2604981e-24)
(1.879065e-05 -4.8393352e-05 1.9600941e-26)
(2.430087e-05 -6.1391e-05 0)
(3.124121e-05 -7.7169108e-05 1.3801886e-23)
(4.0000733e-05 -9.6250595e-05 -8.3365718e-26)
(5.10777e-05 -0.00011922061 -1.9334142e-23)
(6.5110579e-05 -0.00014671936 2.2197562e-23)
(8.2916933e-05 -0.00017942749 -5.285879e-23)
(0.00010554123 -0.000218042 3.0852404e-23)
(0.00013431198 -0.00026324084 0)
(0.0001709075 -0.00031563535 5.0340157e-24)
(0.00021742759 -0.00037571143 9.0506298e-23)
(0.0002764658 -0.00044376287 -1.849862e-22)
(0.00035117359 -0.00051982396 1.1352724e-22)
(0.00044530387 -0.00060361167 9.0161711e-23)
(0.00056321935 -0.00069449046 -1.6402536e-22)
(0.00070984998 -0.00079147223 1.3234221e-22)
(0.00089058763 -0.00089325916 -7.0479418e-23)
(0.0011111125 -0.00099832725 0)
(0.0013771561 -0.0011050347 2.6737307e-22)
(0.0016942145 -0.0012117255 2.4652307e-22)
(0.0020672293 -0.0013167889 -5.1033564e-22)
(0.0025002505 -0.0014186399 9.655901e-22)
(0.0029960826 -0.0015155954 -4.8437927e-22)
(0.0035559014 -0.0016056528 8.4731019e-22)
(0.0041788191 -0.0016862066 3.6618214e-22)
(0.0048613845 -0.0017537842 -2.4326009e-19)
(0.005597048 -0.001803913 -1.5238095e-19)
(0.006375695 -0.0018312619 7.3323187e-23)
(0.0071834257 -0.0018301994 -1.1468658e-21)
(0.0080026164 -0.001795939 1.1178925e-21)
(0.0088129758 -0.0017258753 -2.0998326e-21)
(2.3160406e-07 -9.2287206e-07 3.7304624e-23)
(7.5028187e-07 -2.9545705e-06 -7.1916624e-23)
(1.389456e-06 -5.4067072e-06 0)
(2.1852401e-06 -8.3810725e-06 -4.2441657e-24)
(3.1823512e-06 -1.2001999e-05 1.0147418e-23)
(4.4395311e-06 -1.6419722e-05 -6.0550521e-24)
(6.0335698e-06 -2.1814728e-05 -6.9101886e-27)
(8.0651097e-06 -2.8402247e-05 0)
(1.0666627e-05 -3.6436693e-05 -1.9600941e-26)
(1.4013194e-05 -4.621568e-05 2.4126515e-26)
(1.8336922e-05 -5.8083082e-05 0)
(2.3946264e-05 -7.2430296e-05 -1.6955051e-23)
(3.1251589e-05 -8.9694683e-05 2.0176188e-23)
(4.0798577e-05 -0.00011035389 0)
(5.3311065e-05 -0.00013491448 0)
(6.9744763e-05 -0.00016389344 0)
(9.1352518e-05 -0.00019779099 0)
(0.00011976046 -0.00023705441 -2.5777762e-24)
(0.00015705203 -0.00028203324 3.0122885e-24)
(0.00020585351 -0.00033292891 -5.8990438e-23)
(0.00026941072 -0.00038974386 1.4576869e-24)
(0.00035164213 -0.00045223839 7.9999246e-23)
(0.00045715062 -0.00051990492 3.2879234e-23)
(0.00059117593 -0.00059196919 1.3735567e-22)
(0.00075947402 -0.00066742414 -3.2019418e-22)
(0.00096811864 -0.00074509459 1.4678585e-22)
(0.001223233 -0.00082372065 7.1517931e-23)
(0.0015306706 -0.0009020369 0)
(0.0018956707 -0.00097881863 0)
(0.0023225065 -0.0010528676 -2.4552334e-22)
(0.0028141323 -0.0011229209 4.6211706e-22)
(0.0033718145 -0.0011874871 -4.324431e-22)
(0.0039947185 -0.0012446393 3.9923031e-22)
(0.0046794295 -0.0012918264 2.6169803e-21)
(0.0054194261 -0.0013257872 -6.9674372e-22)
(0.0062046027 -0.0013426735 -2.5815709e-21)
(0.0070210197 -0.0013384828 1.1796777e-21)
(0.0078508937 -0.001309921 -3.3992028e-21)
(0.0086736941 -0.0012553617 4.0890701e-21)
(8.5691287e-08 -5.7466037e-07 2.3930351e-23)
(2.8338253e-07 -1.8397015e-06 -3.4742114e-23)
(5.3549149e-07 -3.3663385e-06 1.8259393e-24)
(8.6230609e-07 -5.217683e-06 -2.1846627e-24)
(1.2892216e-06 -7.470743e-06 2.6082058e-24)
(1.8517491e-06 -1.0218416e-05 -3.1222691e-24)
(2.5989246e-06 -1.3572126e-05 -3.7183165e-24)
(3.5985336e-06 -1.7664654e-05 4.4364122e-24)
(4.9446045e-06 -2.2653266e-05 1.0372937e-26)
(6.7677852e-06 -2.8723134e-05 -2.4126518e-26)
(9.2496052e-06 -3.6088323e-05 0)
(1.2641997e-05 -4.4991233e-05 -6.7618744e-26)
(1.7293727e-05 -5.5702306e-05 -1.0389051e-23)
(2.3685556e-05 -6.8516564e-05 9.5045368e-26)
(3.2475889e-05 -8.3746425e-05 1.4236892e-23)
(4.4558668e-05 -0.00010170999 5.1741495e-25)
(6.1134404e-05 -0.000122714 -3.9465274e-20)
(8.3793672e-05 -0.00014703113 4.3796987e-20)
(0.0001146098 -0.00017487202 -2.521415e-23)
(0.00015623379 -0.00020635381 1.0897629e-22)
(0.00021197976 -0.00024146862 -6.4420064e-23)
(0.00028588463 -0.00028005681 4.7852042e-23)
(0.00038272225 -0.00032179136 6.3839316e-24)
(0.00050795203 -0.00036617915 -7.3024918e-23)
(0.00066758746 -0.00041258259 1.7251243e-23)
(0.00086798 -0.00046026062 6.8687054e-23)
(0.0011155287 -0.00050842118 -2.2005004e-22)
(0.0014163385 -0.00055627089 0)
(0.0017758573 -0.0006030442 6.7616187e-23)
(0.0021985147 -0.00064799482 -2.4890434e-22)
(0.0026873702 -0.00069033976 -1.0728566e-22)
(0.0032437535 -0.00072915869 5.9542268e-24)
(0.0038668676 -0.0007632682 0)
(0.0045533221 -0.00079110891 -1.1481728e-21)
(0.0052966126 -0.00081069793 -1.4285844e-21)
(0.0060866326 -0.00081971251 3.2589584e-22)
(0.0069093997 -0.00081576299 0)
(0.0077469961 -0.00079692677 3.4099575e-21)
(0.008578701 -0.00076232426 0)
(9.4636676e-09 -1.9614503e-07 -4.4474397e-25)
(4.1530355e-08 -6.2757598e-07 1.548886e-24)
(9.3229251e-08 -1.1474023e-06 -9.2753652e-25)
(1.7728662e-07 -1.7764846e-06 1.1083219e-24)
(3.0908253e-07 -2.5404803e-06 -1.325514e-24)
(5.1222902e-07 -3.4703583e-06 1.5806631e-24)
(8.2165559e-07 -4.6035938e-06 -3.7894398e-28)
(1.2891129e-06 -5.9857357e-06 -2.2514704e-24)
(1.9870997e-06 -7.6729524e-06 -1.0372937e-26)
(3.0213881e-06 -9.7309676e-06 0)
(4.5515976e-06 -1.2230483e-05 0)
(6.8007488e-06 -1.5251151e-05 0)
(1.0082923e-05 -1.8884607e-05 5.3071297e-24)
(1.4846286e-05 -2.3230577e-05 -6.1764781e-24)
(2.1715965e-05 -2.8394631e-05 -7.1489887e-24)
(3.1554219e-05 -3.448417e-05 1.6153991e-23)
(4.5534769e-05 -4.1602608e-05 -3.8876751e-20)
(6.5230169e-05 -4.9841636e-05 4.6946881e-20)
(9.2708968e-05 -5.9271724e-05 -1.4031287e-23)
(0.00013063542 -6.9931425e-05 0)
(0.00018235948 -8.1816662e-05 1.8741897e-23)
(0.00025197986 -9.4871679e-05 -4.7985917e-25)
(0.00034435922 -0.00010898377 -2.6353021e-23)
(0.00046507096 -0.00012398377 0)
(0.00062026192 -0.00013965352 -1.038038e-19)
(0.00081642725 -0.00015573984 1.0865667e-19)
(0.0010601085 -0.00017197243 3.7574918e-23)
(0.0013575403 -0.00018808081 -1.2620854e-37)
(0.001714278 -0.00020380424 -6.7672535e-23)
(0.0021348322 -0.00021888886 0)
(0.0026223161 -0.00023306889 2.3898219e-22)
(0.0031780925 -0.00024603268 -1.9573981e-24)
(0.0038013838 -0.00025738037 2.121392e-22)
(0.004488813 -0.00026658596 -1.0136254e-22)
(0.0052338833 -0.00027298235 9.0452596e-22)
(0.006026485 -0.00027579098 -1.0134673e-21)
(0.0068526084 -0.00027421586 -1.4388744e-22)
(0.0076942577 -0.00026762577 -1.1378364e-21)
(0.0085306079 -0.00025574569 2.7780113e-22)
(0.0029527906 3.9474474e-05 4.4514109e-25)
(0.0032068624 3.808863e-05 -4.4823506e-25)
(0.0034539067 3.3732621e-05 0)
(0.0036619353 3.0878794e-05 -1.3614734e-23)
(0.0038597284 2.7949e-05 -5.3107569e-24)
(0.0040344239 2.5387867e-05 0)
(0.0041960588 2.3040918e-05 0)
(0.0043424658 2.0863801e-05 -9.4859787e-23)
(0.0044766681 1.881228e-05 1.0118293e-22)
(0.0045983749 1.6844903e-05 0)
(0.0047093914 1.4908585e-05 0)
(0.0048073162 1.298181e-05 9.5337645e-23)
(0.0048972264 1.1072109e-05 0)
(0.0049683698 8.8526542e-06 0)
(0.0050365526 7.6048641e-06 0)
(0.002992068 0.00011906322 0)
(0.0032437732 0.0001150931 0)
(0.003490502 0.00010191563 7.2271503e-24)
(0.003698076 9.328776e-05 1.1581436e-24)
(0.0038959051 8.4436676e-05 1.0882888e-23)
(0.0040708688 7.6675418e-05 0)
(0.0042328881 6.9575188e-05 0)
(0.0043797879 6.2983547e-05 7.6472458e-23)
(0.0045144924 5.6784326e-05 -8.3046257e-23)
(0.0046366763 5.0841947e-05 -4.5828053e-23)
(0.0047481007 4.5011195e-05 9.3087379e-23)
(0.0048462822 3.92055e-05 -1.4381581e-22)
(0.0049363692 3.3482458e-05 2.0117911e-22)
(0.0050072325 2.6812477e-05 -1.8881856e-22)
(0.0050755071 2.3074876e-05 -1.262203e-23)
(0.0030738629 0.0001978299 0)
(0.0033217667 0.00019171207 0)
(0.0035684995 0.00016965933 4.3769048e-23)
(0.0037754257 0.00015532832 -2.2661371e-23)
(0.0039734593 0.00014050153 2.2632536e-23)
(0.0041488779 0.00012751369 1.2517544e-22)
(0.0043115095 0.00011559927 1.7992997e-22)
(0.0044591337 0.00010454165 4.0184672e-24)
(0.0045945255 9.4140033e-05 3.5693822e-24)
(0.0047172992 8.4172601e-05 3.2124402e-22)
(0.0048291367 7.4405791e-05 -7.4556666e-19)
(0.0049274226 6.4679698e-05 -7.9556499e-19)
(0.0050174405 5.5123031e-05 -2.3989998e-18)
(0.0050873382 4.3969566e-05 2.9430299e-18)
(0.0051554669 3.7736266e-05 -4.283247e-22)
(0.0032002953 0.00027329297 0)
(0.0034429358 0.00026567843 4.2648193e-23)
(0.0036899955 0.00023484707 -6.408151e-24)
(0.0038960523 0.00021497107 0)
(0.0040944252 0.00019422369 -1.8535489e-22)
(0.0042704535 0.0001760608 -1.9136737e-22)
(0.0044338958 0.00015935562 -1.4989801e-22)
(0.0045824436 0.00014385801 3.6504206e-22)
(0.0047186745 0.00012927811 3.5316687e-22)
(0.004842112 0.00011531704 -4.2028803e-22)
(0.0049543259 0.00010165974 7.2590046e-19)
(0.0050525101 8.8067706e-05 8.4426509e-19)
(0.0051421587 7.4754672e-05 -7.7170566e-19)
(0.0052103253 5.9214253e-05 -7.0861444e-19)
(0.0052780072 5.0560663e-05 4.3622619e-22)
(0.0033731237 0.00034261659 1.5592669e-24)
(0.0036090501 0.00033443157 -3.5508477e-23)
(0.0038567762 0.00029508837 -4.8736414e-23)
(0.004061728 0.00026994792 2.5105402e-23)
(0.004260535 0.00024346979 -1.8002811e-24)
(0.004437299 0.00022028755 -3.0230595e-22)
(0.0046017197 0.00019891878 3.0665004e-22)
(0.0047513594 0.00017910153 -3.327171e-22)
(0.0048885502 0.00016046078 -3.5951795e-22)
(0.0050126907 0.00014263141 3.8619586e-22)
(0.0051252074 0.00012522529 5.1645552e-23)
(0.005223041 0.00010792812 -4.6507326e-22)
(0.0053119752 9.1037161e-05 3.4701925e-18)
(0.005377589 7.1346906e-05 -2.5219169e-18)
(0.0054444761 6.0426363e-05 0)
(0.0035936375 0.00040264692 0)
(0.0038214279 0.00039517064 1.0385245e-22)
(0.0040702135 0.00034775575 -3.7827894e-23)
(0.0042738203 0.00031777105 2.3778235e-22)
(0.0044731113 0.00028590345 2.300563e-22)
(0.0046507121 0.00025798378 -8.3116505e-24)
(0.0048162507 0.00023219832 7.546046e-24)
(0.0049671233 0.0002082914 0)
(0.0051053679 0.00018581334 -9.6515696e-23)
(0.0052302226 0.00016434641 -3.989181e-22)
(0.005342941 0.00014343892 1.0010192e-22)
(0.0054401466 0.00012271209 0)
(0.0055279906 0.00010253094 -4.7641235e-23)
(0.0055902022 7.9072476e-05 8.274659e-23)
(0.0056559124 6.6128473e-05 8.9538003e-22)
(0.0038625281 0.00044991683 -8.1488613e-23)
(0.0040807731 0.00044487296 -1.3573288e-22)
(0.0043311581 0.00039003832 -1.0282682e-22)
(0.0045331686 0.00035575835 1.3253705e-23)
(0.0047329426 0.00031901093 0)
(0.0049114631 0.00028678206 4.3391328e-19)
(0.0050782358 0.00025696183 4.4901886e-19)
(0.0052304608 0.00022931854 -8.5323536e-23)
(0.0053698335 0.00020334453 -1.5098165e-18)
(0.0054953952 0.00017858634 3.1864987e-18)
(0.0056081991 0.00015453973 -1.0869183e-22)
(0.0057044894 0.00013078039 -5.651528e-24)
(0.0057908562 0.0001077138 -7.8893953e-22)
(0.0058488214 8.1015037e-05 9.0020309e-22)
(0.0059129531 6.6396226e-05 -9.3612389e-22)
(0.0041797841 0.00048076595 7.5923135e-23)
(0.0043869687 0.00048025234 -2.902489e-23)
(0.0046398352 0.00041901711 1.2506876e-22)
(0.0048399545 0.00038108149 -1.7353769e-22)
(0.0050401487 0.00034015092 4.715797e-22)
(0.0052196615 0.00030420731 -3.6891384e-19)
(0.0053877697 0.00027088365 -5.2484374e-19)
(0.0055414537 0.00023999244 0)
(0.0056820189 0.00021099133 -3.3226994e-18)
(0.0058082746 0.00018341176 1.555945e-18)
(0.0059210486 0.0001567096 9.8603635e-22)
(0.0060161487 0.00013044071 0)
(0.0061006653 0.00010501435 -5.8208053e-23)
(0.0061535829 7.5744796e-05 -1.7734435e-21)
(0.0062157275 5.989962e-05 0)
(0.0045466246 0.00049102447 1.846596e-24)
(0.0047441552 0.00049748305 -1.4893584e-22)
(0.0049957962 0.00043145893 8.2835867e-24)
(0.0051935517 0.00039079635 4.6070098e-22)
(0.0053940395 0.00034662844 -5.4868115e-22)
(0.0055746178 0.00030775176 6.3642692e-22)
(0.0057441605 0.00027161722 -1.8665888e-22)
(0.0058994079 0.00023811032 -6.0046747e-22)
(0.006041232 0.00020668465 2.1174439e-22)
(0.0061681781 0.00017688131 1.5156486e-21)
(0.0062808262 0.00014813087 -2.6981818e-21)
(0.0063744999 0.00012000081 0)
(0.0064568378 9.2860342e-05 2.0248917e-21)
(0.0065040001 6.1823453e-05 8.126506e-22)
(0.0065638429 4.5268093e-05 0)
(0.0049601029 0.00047853583 5.5104606e-23)
(0.005148661 0.00049218594 1.9261848e-22)
(0.0053960027 0.0004230637 0)
(0.0055922378 0.00038198454 -5.1514722e-22)
(0.0057929665 0.00033581126 0)
(0.0059747088 0.00029497442 -8.8124947e-22)
(0.006145798 0.00025688816 -1.6514109e-23)
(0.0063027243 0.0002215451 9.8346943e-22)
(0.0064458893 0.00018843244 1.723516e-21)
(0.0065735475 0.00015712977 -2.4461787e-21)
(0.0066860139 0.00012705911 1.5989846e-21)
(0.0067780918 9.7835764e-05 -1.8952977e-21)
(0.0068580011 6.9740143e-05 -2.0426427e-21)
(0.0068988495 3.7864242e-05 1.1841109e-22)
(0.0069561854 2.1178334e-05 2.0411314e-21)
(0.0054129681 0.00043986006 -1.2472961e-22)
(0.0055909219 0.00046316255 -1.3817689e-22)
(0.0058390807 0.00039190517 1.151908e-22)
(0.0060331792 0.00035201604 7.6009603e-22)
(0.0062342106 0.00030525022 3.42412e-22)
(0.0064172602 0.00026362055 1.3379904e-22)
(0.0065900372 0.00022460696 -7.9891619e-22)
(0.0067487822 0.00018835166 0)
(0.0068933993 0.0001544197 -1.7316266e-21)
(0.0070218336 0.00012246195 1.804949e-21)
(0.0071341238 9.1910628e-05 0)
(0.0072245318 6.2468834e-05 -3.5604544e-23)
(0.0073018757 3.4276489e-05 -1.9949647e-21)
(0.007336053 2.5969253e-06 -1.9474161e-21)
(0.0073908269 -1.3579315e-05 -4.1469574e-21)
(0.0059039852 0.00037101834 -1.620408e-23)
(0.0060699718 0.00040859971 6.1578262e-23)
(0.0063197347 0.00033577877 3.6810928e-22)
(0.0065123 0.0002986133 -4.7057138e-22)
(0.0067138609 0.00025285455 2.2737408e-22)
(0.0068984541 0.00021176358 1.1475549e-21)
(0.007073108 0.0001729983 2.4587066e-21)
(0.0072338488 0.00013688803 4.3208886e-22)
(0.007380071 0.00010312264 -2.2016348e-22)
(0.0075094024 7.1459863e-05 0)
(0.007621602 4.136255e-05 -1.9602319e-21)
(0.0077103888 1.2664338e-05 1.9474937e-21)
(0.0077851756 -1.4688725e-05 -1.6160313e-22)
(0.007812578 -4.5056089e-05 3.3203712e-23)
(0.007864925 -6.0051343e-05 2.1653869e-21)
(0.006427412 0.00026906577 5.5889206e-23)
(0.0065826987 0.0003237272 1.5090532e-22)
(0.0068329196 0.00025288049 -8.0883848e-22)
(0.0070245117 0.00022005169 1.5869154e-20)
(0.0072268413 0.00017703072 -9.3609705e-19)
(0.007413291 0.00013794999 -5.077284e-19)
(0.0075900688 0.00010073922 7.7156516e-19)
(0.0077530291 6.5945724e-05 6.8076798e-19)
(0.0079010599 3.3431412e-05 0)
(0.0080314775 3.0982791e-06 -2.4661488e-22)
(0.008143767 -2.5538918e-05 2.2037755e-21)
(0.0082311252 -5.2471466e-05 0)
(0.0083035366 -7.8001588e-05 1.3311424e-18)
(0.0083243592 -0.00010589459 1.3155839e-18)
(0.008374637 -0.00011904221 -2.1850539e-21)
(0.0069759926 0.00013251336 7.2025398e-23)
(0.0071222211 0.00020717962 -9.0079148e-22)
(0.0073722248 0.00014163958 -6.3877956e-22)
(0.0075635027 0.00011517634 3.3509656e-19)
(0.0077669028 7.6814059e-05 3.9044796e-19)
(0.0079556015 4.1340902e-05 6.953312e-19)
(0.008134815 7.0960696e-06 -5.7498654e-19)
(0.0083002694 -2.5120524e-05 -8.7226815e-19)
(0.008450367 -5.522712e-05 -1.9679432e-21)
(0.0085821328 -8.3139398e-05 0)
(0.0086947952 -0.00010926922 0)
(0.0087810753 -0.00013338778 0)
(0.008851483 -0.00015610066 -1.2474247e-18)
(0.008866256 -0.00018035194 -1.3944183e-18)
(0.0089150639 -0.00019103035 -2.2686856e-21)
(0.0075410809 -3.9231261e-05 -1.536438e-19)
(0.0076803651 5.7972423e-05 -3.8743665e-19)
(0.0079299135 1.4715795e-06 6.4190602e-22)
(0.0081217919 -1.6377475e-05 9.5335699e-22)
(0.0083266919 -4.7990106e-05 0)
(0.0085181258 -7.8156707e-05 1.8347761e-21)
(0.0087001569 -0.0001079512 1.4339193e-21)
(0.008868431 -0.0001362751 -2.128575e-23)
(0.009020905 -0.00016277793 2.4448483e-21)
(0.0091543508 -0.00018715519 0)
(0.0092677686 -0.00020972469 0)
(0.0093534802 -0.00022999356 4.2327833e-21)
(0.0094224494 -0.00024892633 -4.3179684e-21)
(0.009432057 -0.00026840966 -4.0236713e-21)
(0.0094802357 -0.00027608525 4.3259879e-21)
(0.0081127895 -0.00024549361 -8.2294488e-21)
(0.0082478784 -0.00012379623 5.4471532e-19)
(0.0084971527 -0.0001671144 1.5836492e-21)
(0.0086908937 -0.00017401695 -1.5770235e-21)
(0.0088979105 -0.00019668338 1.6293186e-21)
(0.0090926746 -0.00021978438 -2.2958971e-21)
(0.0092779769 -0.00024361175 -3.4102817e-21)
(0.0094494409 -0.00026671 -5.0885888e-22)
(0.0096046412 -0.00028841065 1.0235007e-21)
(0.0097401553 -0.00030815292 -5.1373341e-22)
(0.0098547964 -0.0003261417 -1.2786865e-18)
(0.0099405951 -0.00034157924 -1.2069776e-18)
(0.010008869 -0.00035584438 4.0291599e-21)
(0.010014547 -0.00036952361 4.410862e-21)
(0.010063154 -0.00037379237 -4.614101e-21)
(0.0086802252 -0.00048408878 1.085386e-22)
(0.0088146576 -0.00033676738 3.9774165e-22)
(0.0090643135 -0.00036244476 -2.0128391e-21)
(0.0092615801 -0.00035609315 3.9131529e-21)
(0.0094715665 -0.00036759788 -2.3067829e-21)
(0.0096703749 -0.00038187024 -1.5409788e-21)
(0.0098594703 -0.0003982291 1.9677503e-21)
(0.010034525 -0.00041479382 5.2414543e-22)
(0.010192823 -0.00043053056 -5.1867871e-22)
(0.010330827 -0.00044458998 -5.4067674e-22)
(0.010447217 -0.00045704814 1.0784744e-18)
(0.010533874 -0.00046676741 1.3794738e-18)
(0.01060234 -0.0004755946 0)
(0.010605647 -0.00048257141 -1.3978839e-22)
(0.010655899 -0.00048319438 9.4132148e-21)
(0.0092318079 -0.00075118534 -1.9009344e-22)
(0.0093700769 -0.00057823076 -6.0776488e-23)
(0.0096213403 -0.00058168033 7.2564569e-22)
(0.0098242227 -0.00055988295 -3.9156838e-21)
(0.010038304 -0.00055809094 1.1607516e-23)
(0.010241993 -0.00056183143 3.5982887e-21)
(0.010435461 -0.00056928632 0)
(0.01061452 -0.00057807693 -5.3887534e-22)
(0.010776281 -0.00058676183 5.3363307e-22)
(0.010917198 -0.00059417767 -5.5117318e-22)
(0.011035881 -0.00060025951 1.0981857e-21)
(0.011124238 -0.00060350423 -2.6776137e-22)
(0.011193868 -0.00060627508 -4.5142461e-21)
(0.011196626 -0.00060583136 -2.7164687e-22)
(0.011249816 -0.00060275902 -4.6529912e-21)
(0.0097556581 -0.0010412905 -1.5836331e-21)
(0.0099033884 -0.00084413151 2.2035317e-22)
(0.010158162 -0.00082092812 -2.0925965e-21)
(0.010369184 -0.00078167943 2.0071511e-21)
(0.010588788 -0.00076463352 0)
(0.010798313 -0.00075625915 -2.0737698e-21)
(0.010996776 -0.0007534858 0)
(0.01118024 -0.00075336499 0)
(0.011345795 -0.00075401425 0)
(0.011490009 -0.00075394049 0)
(0.011611502 -0.00075292982 0)
(0.01170241 -0.00074910132 -1.51336e-18)
(0.011774188 -0.00074537213 -1.4641475e-18)
(0.0117784 -0.00073700256 4.234789e-21)
(0.011835776 -0.00073038382 4.916831e-21)
(0.010240174 -0.0013471627 1.6385564e-21)
(0.010404253 -0.0011290256 0)
(0.010665172 -0.0010753628 1.4961149e-21)
(0.010887261 -0.0010169108 5.4495621e-22)
(0.01111413 -0.00098293118 5.5327063e-22)
(0.011330553 -0.00096104161 -5.1256948e-21)
(0.011534656 -0.00094687123 5.6226859e-22)
(0.011722889 -0.00093683842 -5.5871285e-22)
(0.011892501 -0.00092859852 0)
(0.012040322 -0.00092032593 4.6117957e-21)
(0.012165059 -0.00091165369 4.61218e-21)
(0.01225931 -0.00090032882 1.2996668e-18)
(0.012334144 -0.00088983907 1.6384552e-18)
(0.012341886 -0.00087327321 5.082359e-21)
(0.012404505 -0.0008634457 -5.0152449e-21)
(0.010675019 -0.0016592701 2.7408397e-22)
(0.010863798 -0.0014254782 2.9399091e-23)
(0.011134067 -0.0013389497 -3.1161198e-22)
(0.011370363 -0.0012599989 0)
(0.011606476 -0.0012078692 0)
(0.0118309 -0.001171376 3.8825782e-21)
(0.012041248 -0.0011448852 5.7320889e-22)
(0.012234527 -0.0011241407 5.2854786e-21)
(0.012408346 -0.001106335 -5.7352181e-22)
(0.012559957 -0.0010893257 -3.9421461e-21)
(0.012688237 -0.0010725932 -5.098876e-21)
(0.012786487 -0.0010535428 -5.747584e-22)
(0.012865114 -0.0010362145 5.6984956e-22)
(0.012878414 -0.0010114364 -1.7658118e-20)
(0.012946969 -0.000998892 9.6486941e-21)
(0.011050903 -0.0019665767 3.0129703e-22)
(0.011275407 -0.0017241915 -6.2931087e-22)
(0.01155866 -0.0016046819 -2.7773868e-22)
(0.011812136 -0.0015046572 1.1940147e-23)
(0.012059527 -0.0014338081 5.5415052e-21)
(0.012292966 -0.0013820614 -5.8969245e-22)
(0.012510034 -0.0013426488 6.6183083e-25)
(0.012708485 -0.0013106397 -4.0001797e-21)
(0.012886502 -0.0012827959 -1.1846217e-18)
(0.013041913 -0.0012566992 -9.4597693e-19)
(0.013173843 -0.0012316831 0)
(0.01327654 -0.00120487 5.7838538e-22)
(0.013359441 -0.0011807855 8.7779059e-21)
(0.013380148 -0.0011480443 9.084422e-21)
(0.01345478 -0.0011333607 -9.8110063e-21)
(0.011352941 -0.0022652687 2.9890265e-21)
(0.011629428 -0.0020213412 -2.7734459e-21)
(0.011931502 -0.0018703707 -5.6431445e-21)
(0.012205664 -0.0017483459 -6.0014772e-21)
(0.012466955 -0.0016579241 -4.13697e-21)
(0.012710778 -0.001590004 0)
(0.012935224 -0.0015368469 0)
(0.013139057 -0.0014928531 0)
(0.01332127 -0.0014543849 8.2687568e-19)
(0.013480436 -0.0014187865 1.2462628e-18)
(0.013616002 -0.0013852386 5.838375e-22)
(0.013723401 -0.0013506483 -5.8115705e-22)
(0.01381078 -0.0013199152 -8.6022677e-21)
(0.01384049 -0.0012796178 -5.6926821e-22)
(0.013920564 -0.0012634179 0)
(0.011551597 -0.0025755058 -3.4213119e-21)
(0.011897745 -0.0023339572 3.4589698e-21)
(0.012232621 -0.0021502882 6.1684574e-21)
(0.012536158 -0.0020006315 6.5421427e-21)
(0.01281783 -0.001885969 1.314199e-18)
(0.013076007 -0.0017981423 7.3345015e-19)
(0.013310117 -0.0017284492 6.7052538e-22)
(0.013520541 -0.0016703878 1.0368323e-20)
(0.013707551 -0.0016197567 -1.0079437e-20)
(0.013870755 -0.0015735794 0)
(0.014010061 -0.0015307858 -9.5798852e-21)
(0.014122371 -0.001488109 5.7621371e-22)
(0.014214225 -0.0014506198 -5.6767503e-22)
(0.014254373 -0.0014030657 0)
(0.014338126 -0.0013861971 9.1440587e-21)
(0.0050851678 3.79335e-06 0)
(0.0051089528 2.4523116e-06 0)
(0.0051326293 3.5012047e-07 0)
(0.005122292 -1.5755358e-06 0)
(0.0050950308 -3.2095639e-06 0)
(0.0050343993 -4.8262842e-06 0)
(0.0049399061 -6.1888291e-06 0)
(0.0048082713 -7.5102936e-06 0)
(0.0046227916 -8.4791704e-06 0)
(0.0044035444 -9.4455238e-06 0)
(0.0041014494 -9.4902106e-06 0)
(0.003817942 -9.9406989e-06 0)
(0.0033813922 -8.3357612e-06 0)
(0.0031627527 -8.477983e-06 0)
(0.0025631795 -6.226117e-06 0)
(0.005122346 1.1685538e-05 0)
(0.0051431063 7.695781e-06 0)
(0.0051646639 1.3815733e-06 0)
(0.0051522974 -4.4145181e-06 0)
(0.0051232478 -9.3488057e-06 0)
(0.0050610759 -1.4265019e-05 0)
(0.0049652418 -1.8398536e-05 0)
(0.004832483 -2.2483487e-05 0)
(0.0046460981 -2.5466284e-05 0)
(0.0044260837 -2.8469803e-05 0)
(0.004123372 -2.8677545e-05 0)
(0.0038391264 -3.0153373e-05 0)
(0.0034019563 -2.5372389e-05 0)
(0.0031821339 -2.5831926e-05 0)
(0.0025813521 -1.8940698e-05 0)
(0.0051984898 1.8861374e-05 0)
(0.0052129637 1.2309564e-05 0)
(0.0052300968 1.8305282e-06 0)
(0.0052134955 -7.8119136e-06 0)
(0.0051807145 -1.6049034e-05 0)
(0.0051153255 -2.4266451e-05 0)
(0.0050166916 -3.1196462e-05 0)
(0.0048815826 -3.8054173e-05 0)
(0.0046933033 -4.308127e-05 0)
(0.0044716843 -4.8149678e-05 0)
(0.0041676949 -4.8528515e-05 0)
(0.0038819354 -5.1034078e-05 0)
(0.0034435249 -4.3011172e-05 0)
(0.0032213239 -4.3796142e-05 0)
(0.0026181259 -3.205062e-05 0)
(0.005315068 2.4554874e-05 0)
(0.0053198046 1.56363e-05 0)
(0.0053300433 1.2021459e-06 0)
(0.0053068481 -1.2162375e-05 0)
(0.005268252 -2.3619525e-05 0)
(0.0051978439 -3.5074256e-05 0)
(0.0050948397 -4.4768548e-05 0)
(0.0049560556 -5.4372831e-05 0)
(0.0047648095 -6.1437791e-05 0)
(0.0045406793 -6.8570678e-05 0)
(0.0042347086 -6.9115321e-05 0)
(0.0039466296 -7.2648811e-05 0)
(0.0035063651 -6.132035e-05 0)
(0.0032805971 -6.2437793e-05 0)
(0.0026738097 -4.5689041e-05 0)
(0.0054733707 2.7908056e-05 0)
(0.0054647906 1.6925539e-05 0)
(0.0054655356 -1.0713862e-06 0)
(0.0054332679 -1.7920511e-05 0)
(0.0053866531 -3.2416052e-05 0)
(0.0053093135 -4.6965619e-05 0)
(0.0052002682 -5.9328163e-05 0)
(0.0050563921 -7.1603843e-05 0)
(0.0048610276 -8.0660475e-05 0)
(0.0046334137 -8.982841e-05 0)
(0.0043247187 -9.0518218e-05 0)
(0.0040334898 -9.5069758e-05 0)
(0.0035907634 -8.0372322e-05 0)
(0.0033602567 -8.183556e-05 0)
(0.0027487632 -5.9866946e-05 0)
(0.0056744357 2.7973163e-05 0)
(0.0056489187 1.5344128e-05 0)
(0.0056374834 -5.630225e-06 0)
(0.0055935875 -2.5598838e-05 0)
(0.0055366575 -4.2841732e-05 0)
(0.005450385 -6.0253982e-05 0)
(0.0053335427 -7.5118435e-05 0)
(0.0051830769 -8.9930943e-05 0)
(0.0049823705 -0.0001008895 0)
(0.0047502394 -0.00011202943 0)
(0.004438041 -0.00011282661 0)
(0.0041428138 -0.00011837318 0)
(0.0036970236 -0.00010024493 0)
(0.0034606344 -0.00010207341 0)
(0.0028433934 -7.4619131e-05 0)
(0.0059190046 2.3687875e-05 0)
(0.0058729624 9.9827566e-06 0)
(0.0058466252 -1.3182412e-05 0)
(0.0057885205 -3.5764956e-05 0)
(0.0057189228 -5.534586e-05 0)
(0.0056216547 -7.5289882e-05 0)
(0.0054951953 -9.2411997e-05 0)
(0.0053365765 -0.00010956082 0)
(0.0051292426 -0.00012228222 0)
(0.0048915079 -0.00013529208 0)
(0.0045749961 -0.00013613845 0)
(0.0042749111 -0.00014264077 0)
(0.0038254634 -0.00012102069 0)
(0.0035820895 -0.00012323792 0)
(0.0029581478 -8.9996496e-05 0)
(0.006207128 1.400853e-05 0)
(0.0061373926 -1.2561474e-07 0)
(0.0060934692 -2.4495558e-05 0)
(0.0060186147 -4.9036303e-05 0)
(0.0059339874 -7.0421167e-05 0)
(0.0058236358 -9.245978e-05 0)
(0.0056857025 -0.00011151053 0)
(0.0055173219 -0.00013072327 0)
(0.0053020278 -0.00014501353 0)
(0.0050575608 -0.00015974699 0)
(0.0047359015 -0.0001605601 0)
(0.0044300967 -0.00016795977 0)
(0.0039764109 -0.00014278626 0)
(0.0037250075 -0.00014542168 0)
(0.0030935057 -0.00010606815 0)
(0.0065384927 -2.1878374e-06 0)
(0.0064422509 -1.5922148e-05 0)
(0.0063782246 -4.0377817e-05 0)
(0.0062841973 -6.6071263e-05 0)
(0.0061822267 -8.8598696e-05 0)
(0.0060567234 -0.00011218313 0)
(0.0059054578 -0.00013274317 0)
(0.0057256882 -0.00015367037 0)
(0.0055010733 -0.00016927559 0)
(0.0052487172 -0.00018553706 0)
(0.0049210616 -0.00018620626 0)
(0.0046086825 -0.00019442275 0)
(0.0041502004 -0.00016563188 0)
(0.0038897988 -0.00016873262 0)
(0.0032499672 -0.00012287941 0)
(0.0069124716 -2.6041177e-05 0)
(0.0067871713 -3.8388706e-05 0)
(0.0067007327 -6.1661676e-05 0)
(0.0065853126 -8.7556086e-05 0)
(0.0064638032 -0.00011043971 0)
(0.0063211543 -0.00013490741 0)
(0.0061547398 -0.00015646354 0)
(0.0059619688 -0.00017867483 0)
(0.0057266699 -0.00019527695 0)
(0.0054652591 -0.00021281711 0)
(0.005130756 -0.00021319954 0)
(0.0048109676 -0.00022212703 0)
(0.0043471672 -0.00018965047 0)
(0.0040768949 -0.00019325396 0)
(0.0034280416 -0.00014039268 0)
(0.0073275366 -5.8590012e-05 0)
(0.0071712317 -6.8478041e-05 0)
(0.0070603865 -8.9182498e-05 0)
(0.0069216522 -0.00011418793 0)
(0.0067786083 -0.00013652405 0)
(0.0066169594 -0.00016110067 0)
(0.0064336737 -0.00018304497 0)
(0.0062263457 -0.00020602712 0)
(0.0059790287 -0.00022324087 0)
(0.0057074125 -0.00024175284 0)
(0.0053652245 -0.00024166975 0)
(0.0050372255 -0.00025117381 0)
(0.0045676397 -0.00021493632 0)
(0.0042867275 -0.00021901577 0)
(0.0036282308 -0.00015870545 0)
(0.007781357 -0.00010078222 0)
(0.0075928496 -0.00010706725 0)
(0.0074560448 -0.00012374637 0)
(0.0072924795 -0.00014665261 0)
(0.0071261988 -0.0001674345 0)
(0.0069439107 -0.00019124106 0)
(0.0067421885 -0.00021287352 0)
(0.0065188544 -0.00023603104 0)
(0.0062582535 -0.00025340251 0)
(0.005975326 -0.00027251923 0)
(0.0056246497 -0.00027175272 0)
(0.0052876895 -0.00028166702 0)
(0.0048119217 -0.00024158402 0)
(0.0045196981 -0.00024619096 0)
(0.0038510109 -0.00017799351 0)
(0.0082707071 -0.00015339176 0)
(0.008049689 -0.00015490577 0)
(0.0078859454 -0.00016609065 0)
(0.0076965506 -0.00018559662 0)
(0.007505728 -0.00020373647 0)
(0.0073014626 -0.00022580295 0)
(0.0070799676 -0.00024633851 0)
(0.0068393441 -0.00026899737 0)
(0.0065643086 -0.00028600485 0)
(0.0062690453 -0.00030529799 0)
(0.0059091369 -0.00030358852 0)
(0.0055625361 -0.0003137119 0)
(0.0050802714 -0.00026968741 0)
(0.0047761782 -0.00027485566 0)
(0.0040968747 -0.00019815175 0)
(0.0087913982 -0.00021695078 0)
(0.008538578 -0.00021255907 0)
(0.0083476235 -0.00021683778 0)
(0.0081320347 -0.0002315935 0)
(0.0079158744 -0.00024595301 0)
(0.0076886894 -0.00026523921 0)
(0.0074463956 -0.00028382 0)
(0.0071874331 -0.00030523542 0)
(0.0068969829 -0.00032129296 0)
(0.0065884843 -0.00034027392 0)
(0.0062186907 -0.00033731904 0)
(0.005861865 -0.00034741324 0)
(0.0053728852 -0.00029933816 0)
(0.0050564941 -0.00030509526 0)
(0.0043662236 -0.00021929231 0)
(0.0093382412 -0.0002916812 0)
(0.0090554478 -0.00028034901 0)
(0.008837841 -0.00027644358 0)
(0.00859644 -0.00028510475 0)
(0.0083547706 -0.00029453469 0)
(0.0081042202 -0.00030995939 0)
(0.0078405011 -0.00032567307 0)
(0.0075624601 -0.00034504193 0)
(0.0072558491 -0.00035950645 0)
(0.0069333917 -0.00037762994 0)
(0.0065531885 -0.00037308453 0)
(0.0061856775 -0.00038287312 0)
(0.0056898788 -0.00033062428 0)
(0.0053608891 -0.0003370005 0)
(0.0046594009 -0.00024149586 0)
(0.0099050538 -0.0003774285 0)
(0.0095953002 -0.00035829403 0)
(0.0093525353 -0.00034514195 0)
(0.0090865499 -0.0003464364 0)
(0.0088199365 -0.00034982518 0)
(0.0085461748 -0.00036030383 0)
(0.0082608982 -0.00037220868 0)
(0.0079634329 -0.00038868734 0)
(0.0076402204 -0.00040086976 0)
(0.0073033156 -0.00041754059 0)
(0.0069123512 -0.00041101925 0)
(0.0065338516 -0.00042018785 0)
(0.0060312674 -0.00036362809 0)
(0.0056895293 -0.00037065852 0)
(0.0049767513 -0.0002647687 0)
(0.010484723 -0.00047360458 0)
(0.010152218 -0.00044605401 0)
(0.0098867971 -0.00042288938 0)
(0.0095983785 -0.00041569295 0)
(0.0093082239 -0.00041202311 0)
(0.0090121047 -0.00041651396 0)
(0.0087057284 -0.00042367106 0)
(0.0083889754 -0.000436399 0)
(0.0080491036 -0.00044558012 0)
(0.0076975633 -0.00046016375 0)
(0.0072957103 -0.00045124572 0)
(0.006906115 -0.00045944423 0)
(0.006396942 -0.00039842306 0)
(0.0060424844 -0.00040614814 0)
(0.0053185396 -0.00028917048 0)
(0.011069334 -0.00057914725 0)
(0.010719428 -0.00054288565 0)
(0.010434887 -0.00050931351 0)
(0.010127154 -0.00049273119 0)
(0.0098157773 -0.0004811419 0)
(0.0094989434 -0.00047869944 0)
(0.0091726081 -0.00048021189 0)
(0.0088372755 -0.00048834154 0)
(0.0084811522 -0.00049379298 0)
(0.0081151603 -0.00050563042 0)
(0.0077025738 -0.00049386764 0)
(0.0073020155 -0.00050071468 0)
(0.0067866449 -0.00043507011 0)
(0.0064197053 -0.00044353707 0)
(0.0056849365 -0.00031474427 0)
(0.011650365 -0.00069250378 0)
(0.011289425 -0.00064761471 0)
(0.010990301 -0.00060367134 0)
(0.010667336 -0.00057711786 0)
(0.010338021 -0.00055697014 0)
(0.010002974 -0.00054680379 0)
(0.0096585847 -0.00054186205 0)
(0.009306039 -0.00054459453 0)
(0.0089346202 -0.00054560506 0)
(0.0085548081 -0.00055403245 0)
(0.0081319891 -0.00053896108 0)
(0.00772089 -0.00054405148 0)
(0.0071999437 -0.00047361285 0)
(0.0068209991 -0.00048287854 0)
(0.0060759931 -0.00034152397 0)
(0.012218962 -0.00081164633 0)
(0.011854165 -0.00075863207 0)
(0.011545895 -0.00070482368 0)
(0.011212687 -0.00066809577 0)
(0.010869678 -0.00063903579 0)
(0.010519817 -0.0006205703 0)
(0.010160108 -0.00060850209 0)
(0.0097924504 -0.00060512817 0)
(0.0094073204 -0.00060103526 0)
(0.0090148433 -0.00060540823 0)
(0.0085827064 -0.00058656419 0)
(0.0081618324 -0.00058947946 0)
(0.0076362035 -0.00051407205 0)
(0.007246003 -0.00052420846 0)
(0.0064916184 -0.00036953239 0)
(0.012766264 -0.0009341266 0)
(0.012405325 -0.00087391619 0)
(0.012094068 -0.00081123156 0)
(0.011756386 -0.00076456309 0)
(0.011404837 -0.00072657717 0)
(0.011044458 -0.00069951028 0)
(0.010673025 -0.00067983226 0)
(0.01029315 -0.0006697771 0)
(0.0098965911 -0.00066000339 0)
(0.0094932011 -0.00065972599 0)
(0.0090531435 -0.00063666522 0)
(0.0086236607 -0.00063698699 0)
(0.0080945589 -0.00055644039 0)
(0.0076941574 -0.00056754325 0)
(0.0069315545 -0.00039878512 0)
(0.013283782 -0.001057158 0)
(0.012934628 -0.00099107373 0)
(0.012627012 -0.00092097149 0)
(0.012291209 -0.00086506563 0)
(0.01193706 -0.00081852018 0)
(0.011571302 -0.00078287246 0)
(0.011192602 -0.00075534119 0)
(0.010804231 -0.00073821121 0)
(0.010399277 -0.00072230567 0)
(0.0099873865 -0.00071686367 0)
(0.0095413541 -0.0006891891 0)
(0.0091048877 -0.00068651555 0)
(0.0085738871 -0.00060067994 0)
(0.0081646799 -0.00061286791 0)
(0.0073953526 -0.00042930473 0)
(0.013763809 -0.001177626 0)
(0.013434218 -0.001107418 0)
(0.013137016 -0.0010317637 0)
(0.012809763 -0.00096780424 0)
(0.01245955 -0.00091346827 0)
(0.012094288 -0.00086961962 0)
(0.01171359 -0.00083427763 0)
(0.011321264 -0.0008099086 0)
(0.010911728 -0.0007875887 0)
(0.010494458 -0.00077659076 0)
(0.010045004 -0.0007439793 0)
(0.0096036944 -0.00073795583 0)
(0.0090727824 -0.00064670979 0)
(0.0086565406 -0.00066003981 0)
(0.0078823457 -0.00046108638 0)
(0.01419983 -0.0012919072 0)
(0.01389711 -0.0012204104 0)
(0.013616804 -0.0011411402 0)
(0.01330477 -0.001070765 0)
(0.012965378 -0.0010098093 0)
(0.01260705 -0.00095849888 0)
(0.012230327 -0.00091569402 0)
(0.011839361 -0.00088419054 0)
(0.011429827 -0.00085536109 0)
(0.011011032 -0.00083858832 0)
(0.01056136 -0.0008007743 0)
(0.010117911 -0.00079116048 0)
(0.0095895258 -0.00069432134 0)
(0.0091682704 -0.00070925351 0)
(0.008391601 -0.00049381786 0)
(0.011867153 -0.0031849852 8.4054312e-22)
(0.012721664 -0.0032708619 -3.1808484e-22)
(0.013598928 -0.0032427156 2.3876632e-22)
(0.01431922 -0.0029167422 1.2034953e-20)
(0.014798929 -0.0023486554 1.7243929e-20)
(0.015127868 -0.0017552887 0)
(0.0153887 -0.001239569 0)
(0.015561097 -0.00074596368 0)
(0.015547307 -0.00023764669 -6.9475091e-21)
(0.011908573 -0.0034302754 -7.7913141e-22)
(0.012728862 -0.0034454803 0)
(0.013534921 -0.0033064734 0)
(0.014197529 -0.0028766239 -1.2758541e-20)
(0.014662981 -0.0022623936 -1.6682411e-20)
(0.015011279 -0.0016724501 -5.8500981e-20)
(0.015290892 -0.0011727696 -1.5252564e-19)
(0.015470904 -0.00070413481 -1.964012e-19)
(0.015418849 -0.00022642079 0)
(0.011809654 -0.0035960859 0)
(0.012603582 -0.0035460785 0)
(0.013381476 -0.0033106467 0)
(0.014030687 -0.0028022178 0)
(0.014513922 -0.0021660311 -4.9721982e-21)
(0.014893143 -0.0015883886 6.0292293e-20)
(0.015194937 -0.0011040991 3.0002555e-19)
(0.015382037 -0.00065615517 1.7843992e-19)
(0.015347857 -0.00020910022 1.6771923e-20)
(0.011653353 -0.0036830443 1.0910256e-21)
(0.012427616 -0.0035745819 0)
(0.013196726 -0.0032591531 -2.3074879e-20)
(0.013853198 -0.0026977473 -2.8405072e-20)
(0.014366253 -0.0020583171 9.241769e-20)
(0.014779534 -0.0014989139 -1.8426437e-20)
(0.015104742 -0.001033339 -1.665624e-19)
(0.01530263 -0.00060972111 -1.1745714e-20)
(0.015276325 -0.00019431112 8.5481992e-20)
(0.01144754 -0.0037001953 2.5442024e-21)
(0.012220478 -0.0035348822 -1.6747433e-21)
(0.012992729 -0.003158391 4.2638015e-20)
(0.013672313 -0.00256777 2.8658742e-20)
(0.01422262 -0.0019394847 -6.0937895e-18)
(0.014671251 -0.0014037371 -5.4224712e-18)
(0.015020284 -0.00096049773 -3.3765485e-19)
(0.015230156 -0.00056329852 4.387771e-19)
(0.015221064 -0.00017912345 0)
(0.011216782 -0.0036413325 -1.2677789e-20)
(0.011988119 -0.0034326551 1.569656e-20)
(0.01278039 -0.0030138995 -2.1900127e-20)
(0.013493506 -0.0024154698 0)
(0.014085166 -0.001809956 4.287493e-18)
(0.014569038 -0.001302993 6.5063559e-18)
(0.014941954 -0.00088544277 7.0687547e-19)
(0.01516504 -0.00051670378 5.2663419e-19)
(0.015172599 -0.00016423957 1.1824607e-18)
(0.010965184 -0.0035125865 1.0403901e-20)
(0.011747693 -0.0032724892 -3.2359332e-20)
(0.012567992 -0.0028313889 0)
(0.013321191 -0.0022434021 0)
(0.013955634 -0.0016703357 1.0807937e-19)
(0.01447348 -0.0011969857 5.3337662e-19)
(0.014870045 -0.00080827976 -3.8214978e-19)
(0.015107168 -0.00046927409 -8.6992691e-19)
(0.015132666 -0.00014945115 -2.5140774e-18)
(0.010706092 -0.0033209268 -5.7337378e-21)
(0.011508034 -0.0030607833 1.8927503e-20)
(0.012362431 -0.0026159205 0)
(0.013158842 -0.0020537938 8.6901273e-21)
(0.013835503 -0.0015213198 -6.9112597e-21)
(0.014385163 -0.0010860807 -2.8112632e-19)
(0.014804734 -0.00072968383 0)
(0.015058295 -0.00042074335 0)
(0.015098593 -0.00013472363 1.4307487e-18)
(0.010450468 -0.003070942 6.0629717e-21)
(0.011277294 -0.0028037488 1.6067782e-20)
(0.012169125 -0.0023719547 0)
(0.01300917 -0.0018486429 -7.6873495e-20)
(0.013726066 -0.0013636602 0)
(0.014304878 -0.00097056248 -3.199021e-19)
(0.014743702 -0.0006501288 4.459331e-19)
(0.015013943 -0.00037235597 -1.7900464e-20)
(0.015068361 -0.00011944052 -1.4742326e-18)
(0.010207733 -0.0027686991 1.6055797e-20)
(0.011062337 -0.0025073644 -4.0334587e-20)
(0.011992352 -0.0021034976 0)
(0.012874318 -0.0016298195 8.7808692e-20)
(0.013628402 -0.0011981756 9.2794618e-20)
(0.014233708 -0.00085064762 6.4090218e-19)
(0.014688401 -0.00056907525 -8.5823745e-19)
(0.014973629 -0.00032492493 -1.2324043e-18)
(0.01504686 -0.00010338067 1.2253913e-19)
(0.0099858517 -0.0024207265 -2.3230668e-20)
(0.010868808 -0.0021773438 1.9472717e-20)
(0.011835502 -0.001814224 0)
(0.012756001 -0.001399138 0)
(0.013543341 -0.0010257647 2.1198467e-21)
(0.014172411 -0.00072666463 -3.1070184e-19)
(0.014641723 -0.00048554379 9.0036038e-19)
(0.014938831 -0.00027699534 5.3268921e-19)
(0.015027959 -8.7259356e-05 1.7636468e-18)
(0.0097914578 -0.0020338384 1.1955746e-20)
(0.010701275 -0.0018191926 2.2537454e-21)
(0.011701257 -0.0015075885 2.6342061e-20)
(0.012655596 -0.0011584018 3.8609951e-20)
(0.013471536 -0.00084739545 -2.4490155e-19)
(0.014121146 -0.00059914473 0)
(0.014604176 -0.00039957099 -4.8900168e-19)
(0.014910802 -0.00022769478 6.7309736e-19)
(0.015011991 -7.1512264e-05 -1.1848977e-19)
(0.0096299123 -0.0016150182 -5.3293906e-21)
(0.010563346 -0.0014382541 2.819358e-21)
(0.011591702 -0.0011869038 -2.7233376e-20)
(0.012574192 -0.00090942801 -4.8118011e-20)
(0.013413526 -0.00066410029 1.2255635e-19)
(0.014079826 -0.00046875041 2.9015258e-20)
(0.014574463 -0.00031191975 -2.5255819e-19)
(0.014891008 -0.00017746515 -2.474504e-20)
(0.014998868 -5.5792957e-05 1.0603139e-18)
(0.009505363 -0.0011713394 0)
(0.010457757 -0.0010397444 0)
(0.011508395 -0.00085539194 -3.8791689e-21)
(0.012512605 -0.00065405358 -4.4336049e-20)
(0.013369751 -0.00047696419 8.2589e-21)
(0.014048587 -0.000336166 9.4002611e-20)
(0.01455173 -0.00022325567 2.707973e-19)
(0.014875521 -0.00012699939 -4.5178261e-19)
(0.014988894 -3.9733899e-05 -1.1535286e-18)
(0.0094208046 -0.00070991967 -1.8942312e-21)
(0.010386439 -0.0006287868 0)
(0.011452406 -0.00051622581 0)
(0.012471381 -0.00039414838 2.4450945e-20)
(0.013340516 -0.00028712956 -4.090282e-20)
(0.014027651 -0.00020210715 -1.040486e-19)
(0.014536014 -0.00013401323 0)
(0.014863441 -7.6374132e-05 2.3161424e-19)
(0.014983446 -2.362892e-05 0)
(0.009378123 -0.00023790626 2.3864427e-21)
(0.010350567 -0.00021045516 -3.8461952e-22)
(0.011424345 -0.00017257314 0)
(0.012450789 -0.00013164736 2.4132228e-20)
(0.013325947 -9.5839207e-05 3.751521e-20)
(0.014017196 -6.7404665e-05 1.9972027e-21)
(0.014528092 -4.4684019e-05 0)
(0.01485731 -2.562986e-05 2.836114e-19)
(0.01498082 -7.5878463e-06 1.2571479e-20)
(0.012030006 -0.0028774975 0)
(0.012392231 -0.0026359878 -1.1377432e-18)
(0.012721655 -0.0024316738 -1.1197879e-18)
(0.013013468 -0.0022594686 -1.2709224e-23)
(0.013278952 -0.0021209834 -1.0473807e-18)
(0.01351784 -0.0020104695 -1.0872133e-18)
(0.013731378 -0.0019199436 0)
(0.013921787 -0.001843132 -1.0879752e-20)
(0.01409041 -0.0017759402 -3.7478591e-22)
(0.014237493 -0.0017154627 1.0668861e-20)
(0.014362949 -0.001660264 2.0484333e-20)
(0.0144649 -0.0016072942 0)
(0.014547432 -0.0015607892 1.8790843e-23)
(0.014586929 -0.0015052343 -1.8317922e-17)
(0.014660714 -0.0014863485 -2.0376245e-17)
(0.012875431 -0.003037315 -4.5638062e-21)
(0.013233534 -0.0028292786 1.1100823e-18)
(0.013510091 -0.0026451928 1.1054568e-18)
(0.013738518 -0.0024836806 -7.317401e-21)
(0.013942218 -0.0023444677 0)
(0.014123484 -0.0022242599 -1.0206968e-22)
(0.01428479 -0.0021189909 1.0230339e-22)
(0.014428973 -0.0020256051 0)
(0.014557175 -0.0019419848 1.1827269e-20)
(0.014669307 -0.0018663254 5.2334213e-22)
(0.01476485 -0.0017973053 -2.3241818e-20)
(0.014842715 -0.0017326198 8.9079943e-23)
(0.014904256 -0.0016750331 0)
(0.01493369 -0.0016114707 2.0329698e-17)
(0.014987947 -0.0015862984 2.2460285e-17)
(0.013751001 -0.0031232555 3.6119136e-21)
(0.014032691 -0.0029780707 -3.2202817e-21)
(0.014244907 -0.0028311791 -6.0200979e-21)
(0.014420286 -0.0026902524 5.7338911e-21)
(0.014579716 -0.002557384 1.9297577e-22)
(0.014722928 -0.002433724 0)
(0.014849965 -0.0023198028 1.8294723e-22)
(0.01496262 -0.0022155306 -6.4270506e-21)
(0.015061914 -0.0021203604 4.5333947e-24)
(0.015148145 -0.0020333997 -1.1212188e-20)
(0.015221461 -0.0019535887 1.1378135e-20)
(0.015281983 -0.0018795653 0)
(0.015329738 -0.0018121984 0)
(0.015356434 -0.0017455344 -1.1527856e-20)
(0.015397431 -0.0017079965 0)
(0.014466283 -0.002890591 0)
(0.014659473 -0.0028130277 -2.2478022e-21)
(0.014816483 -0.0027241069 4.7892137e-21)
(0.014952886 -0.0026331491 -4.8674518e-21)
(0.01507965 -0.0025419437 -4.9154192e-21)
(0.015195516 -0.0024519522 2.9484458e-22)
(0.015299516 -0.0023644708 0)
(0.015392608 -0.0022802855 9.3117846e-21)
(0.015475809 -0.0021997944 9.6628521e-21)
(0.015549845 -0.0021231482 0)
(0.015615597 -0.002050203 0)
(0.015673745 -0.0019807645 -9.5916679e-21)
(0.015723826 -0.001916963 9.6359898e-21)
(0.015762474 -0.0018581759 -3.323644e-22)
(0.01580593 -0.0018141607 -9.8296642e-21)
(0.014922554 -0.0023881199 0)
(0.015040775 -0.0023663617 2.5116813e-21)
(0.01514607 -0.002334579 -2.1874944e-21)
(0.01524336 -0.0022984398 5.9758835e-21)
(0.015337401 -0.0022588317 2.6529609e-21)
(0.015427543 -0.0022163205 0)
(0.015513017 -0.0021716194 0)
(0.015594042 -0.0021253858 -3.2254094e-21)
(0.015671005 -0.0020781266 -6.5756799e-21)
(0.015744158 -0.0020300059 8.4853978e-22)
(0.015813754 -0.001981224 6.1748927e-21)
(0.015879996 -0.0019333925 6.936099e-21)
(0.015942967 -0.0018911735 -7.0461808e-21)
(0.016001096 -0.0018534061 -2.1140766e-22)
(0.016059253 -0.0018208379 7.0809025e-21)
(0.015219424 -0.0018185758 7.5383056e-22)
(0.015286056 -0.0018218054 -1.1021748e-21)
(0.015349102 -0.0018191707 1.350722e-21)
(0.015410709 -0.0018135543 -3.777123e-21)
(0.015473382 -0.0018053633 -9.3068514e-22)
(0.015536913 -0.0017947889 9.9838744e-22)
(0.015600832 -0.00178209 -2.5636435e-23)
(0.015665092 -0.001767556 1.0895311e-21)
(0.015729755 -0.0017514839 0)
(0.015794821 -0.0017341781 -1.1230795e-21)
(0.015860186 -0.0017159544 -4.5578721e-21)
(0.015925674 -0.0016973373 2.3778488e-21)
(0.015991747 -0.0016789413 -1.2276369e-21)
(0.016059057 -0.0016614095 5.4446871e-21)
(0.016128477 -0.0016450853 -6.1357249e-22)
(0.015457759 -0.0013039569 -9.9320323e-22)
(0.015494578 -0.0013130034 -2.3464249e-22)
(0.015530258 -0.0013193899 0)
(0.01556653 -0.0013244912 0)
(0.015604967 -0.0013284874 -1.6806336e-21)
(0.015645517 -0.0013314143 4.8637911e-21)
(0.015687977 -0.0013333015 -1.3334605e-21)
(0.015732411 -0.0013342019 1.240045e-21)
(0.015778955 -0.0013341848 -5.4563529e-21)
(0.015827724 -0.0013333381 5.6398698e-21)
(0.015878836 -0.0013317744 -2.9375585e-21)
(0.015932449 -0.0013296356 0)
(0.015988758 -0.001327112 0)
(0.016048027 -0.0013243928 0)
(0.016110081 -0.001321552 0)
(0.015624573 -0.00080180908 1.8717785e-22)
(0.015644569 -0.00080974347 -8.4894188e-22)
(0.015664851 -0.00081666108 1.2263539e-21)
(0.01568616 -0.00082303363 -2.5557322e-21)
(0.015709388 -0.00082887792 6.0687291e-21)
(0.015734577 -0.00083430992 -2.8360362e-21)
(0.01576154 -0.00083940929 3.6064089e-22)
(0.015790582 -0.00084419419 -7.9918672e-22)
(0.015821901 -0.00084868095 0)
(0.015855654 -0.00085289355 -3.3004789e-21)
(0.015892031 -0.000856868 3.471283e-21)
(0.015931256 -0.00086065656 -4.3950068e-21)
(0.015973572 -0.00086433137 3.6905594e-21)
(0.016019262 -0.00086799107 -1.8508575e-21)
(0.016068265 -0.00087177624 1.8855684e-21)
(0.015586535 -0.00027360947 -1.2334826e-22)
(0.015602918 -0.00027657182 0)
(0.01561672 -0.00027913436 2.8619781e-21)
(0.015631383 -0.0002816163 -6.0300624e-21)
(0.015647832 -0.00028403695 2.967727e-21)
(0.015665859 -0.00028638886 0)
(0.015685443 -0.00028867498 -2.2473975e-22)
(0.01570675 -0.00029089354 0)
(0.01572996 -0.0002930452 0)
(0.015755246 -0.00029513508 0)
(0.015782795 -0.00029717321 8.0550168e-21)
(0.015812808 -0.00029917669 -7.9019362e-21)
(0.015845501 -0.00030117743 0)
(0.015881121 -0.00030325813 0)
(0.01592029 -0.0003057173 0)
(0.014537939 -0.0013834073 0)
(0.014264431 -0.0013144198 0)
(0.014003645 -0.001233245 0)
(0.013710588 -0.0011589259 0)
(0.013386769 -0.0010935005 0)
(0.013040489 -0.0010366002 0)
(0.01267302 -0.00098784722 0)
(0.012288552 -0.00095046502 0)
(0.011883738 -0.00091605302 0)
(0.011467686 -0.00089422695 0)
(0.01102128 -0.00085167983 0)
(0.010578913 -0.00083885037 0)
(0.010055271 -0.00073683035 0)
(0.0096320289 -0.00075371586 0)
(0.0088552115 -0.00052291602 0)
(0.014880674 -0.0014785315 0)
(0.014644632 -0.0014118697 0)
(0.014409051 -0.0013309081 0)
(0.014142338 -0.0012537521 0)
(0.013841474 -0.0011846062 0)
(0.013514296 -0.0011225914 0)
(0.013162795 -0.0010680033 0)
(0.012790896 -0.0010246076 0)
(0.012396202 -0.00098438217 0)
(0.011987508 -0.00095703864 0)
(0.011548461 -0.00090946013 0)
(0.011110525 -0.00089291764 0)
(0.010594959 -0.00078553948 9.6991212e-18)
(0.010172072 -0.00080450559 8.2570163e-18)
(0.0093971233 -0.00055705009 0)
(0.015322703 -0.001611614 0)
(0.015150164 -0.001544913 0)
(0.014961638 -0.0014696802 0)
(0.014744165 -0.0013925024 0)
(0.014489697 -0.0013203914 0)
(0.014203681 -0.0012532383 0)
(0.013888801 -0.0011917626 0)
(0.013547901 -0.00114039 0)
(0.013179637 -0.0010924136 0)
(0.012792094 -0.0010565083 0)
(0.01237299 -0.0010022303 0)
(0.011949438 -0.0009783323 0)
(0.011452942 -0.00086539069 -1.4042083e-17)
(0.011036511 -0.00088411179 -1.2134997e-17)
(0.010272884 -0.00061557893 0)
(0.015782794 -0.0017474919 0)
(0.015698867 -0.0016925306 0)
(0.015591426 -0.0016327863 0)
(0.015457668 -0.0015662992 0)
(0.01528877 -0.0014985247 0)
(0.015085204 -0.0014313693 0)
(0.014848244 -0.0013662907 0)
(0.01457748 -0.0013084253 0)
(0.014272465 -0.0012533071 0)
(0.013939374 -0.0012066424 0)
(0.013570687 -0.001145586 0)
(0.01318755 -0.0011083137 0)
(0.012735986 -0.00099423103 0)
(0.012345792 -0.0010022818 0)
(0.011622109 -0.0007192412 0)
(0.016091692 -0.0017923342 0)
(0.016097635 -0.0017681691 0)
(0.016089757 -0.0017391468 0)
(0.016066453 -0.0017024235 0)
(0.016021983 -0.0016594857 0)
(0.015952303 -0.0016107381 0)
(0.015851823 -0.0015589733 0)
(0.015716623 -0.0015102717 0)
(0.015544741 -0.0014568754 0)
(0.015335625 -0.0014048911 0)
(0.015084463 -0.0013423516 0)
(0.014804721 -0.0012897648 0)
(0.014458961 -0.0011838139 0)
(0.014150283 -0.001165739 0)
(0.013535418 -0.00089637982 0)
(0.016189823 -0.0016406659 0)
(0.016242854 -0.0016399106 0)
(0.016297588 -0.0016363722 0)
(0.016353926 -0.001628098 0)
(0.016406841 -0.0016166645 0)
(0.016453997 -0.0016054131 0)
(0.016493221 -0.0015961994 0)
(0.01651977 -0.001586734 0)
(0.016528089 -0.0015752219 0)
(0.016513476 -0.0015559059 0)
(0.016469391 -0.0015213487 0)
(0.016397679 -0.0014792534 0)
(0.016274227 -0.001402816 0)
(0.016158466 -0.0013588903 0)
(0.015816644 -0.001148274 0)
(0.016169631 -0.0013276669 0)
(0.0162274 -0.0013367625 0)
(0.016291709 -0.0013458469 0)
(0.016362733 -0.0013541675 0)
(0.016440527 -0.0013620905 0)
(0.016525526 -0.0013698761 0)
(0.016618599 -0.0013773314 0)
(0.016720558 -0.0013846558 0)
(0.016832892 -0.0013919855 0)
(0.016952525 -0.0013966849 0)
(0.01708758 -0.001394851 0)
(0.017222256 -0.0013862846 0)
(0.017351075 -0.0013612216 0)
(0.017471991 -0.0013513511 0)
(0.017557484 -0.0012774552 0)
(0.016116928 -0.00087966036 0)
(0.016165839 -0.00088974589 0)
(0.016221542 -0.00090037001 0)
(0.016285015 -0.00091095539 0)
(0.016357299 -0.00092131135 0)
(0.016439556 -0.00093130327 3.3614905e-33)
(0.016533161 -0.00094081537 -3.4797472e-33)
(0.016639695 -0.00094971531 0)
(0.016761023 -0.00095781222 0)
(0.016899041 -0.00096445681 0)
(0.01705567 -0.0009689679 0)
(0.017230605 -0.00097296444 0)
(0.017434449 -0.00097540679 0)
(0.017621907 -0.00098098449 0)
(0.017978443 -0.00096799497 0)
(0.015958281 -0.00030714793 0)
(0.015999466 -0.00031068281 0)
(0.016045507 -0.00031461391 0)
(0.016098383 -0.00031859993 0)
(0.016159433 -0.00032254512 0)
(0.016229667 -0.00032637075 0)
(0.016310316 -0.00032998031 0)
(0.01640287 -0.00033325537 0)
(0.016509001 -0.00033605947 0)
(0.016630562 -0.00033822183 0)
(0.016769457 -0.00033963757 0)
(0.016927929 -0.0003398772 0)
(0.017107944 -0.00033958551 0)
(0.017306926 -0.0003362935 0)
(0.01761098 -0.00033070025 0)
)
;

boundaryField
{
    inlet
    {
        type            fixedValue;
        value           uniform (0.015 0 0);
    }
    outlet
    {
        type            zeroGradient;
    }
    cylinder
    {
        type            noSlip;
    }
    frontAndBack
    {
        type            empty;
    }
}


// ************************************************************************* //
