/*--------------------------------*- C++ -*----------------------------------*\
  =========                 |
  \\      /  F ield         | OpenFOAM: The Open Source CFD Toolbox
   \\    /   O peration     | Website:  https://openfoam.org
    \\  /    A nd           | Version:  14
     \\/     M anipulation  |
\*---------------------------------------------------------------------------*/
FoamFile
{
    format      ascii;
    class       surfaceScalarField;
    location    "4500";
    object      phi;
}
// * * * * * * * * * * * * * * * * * * * * * * * * * * * * * * * * * * * * * //

dimensions      [0 3 -1 0 0 0 0];

internalField   nonuniform List<scalar> 
10657
(
1.0701357e-16
-1.0701357e-16
-2.0980685e-27
5.1707094e-16
-4.1005737e-16
-2.2083336e-26
1.4134846e-15
-8.9641367e-16
-6.3897448e-26
3.069472e-15
-1.6559874e-15
-1.3348641e-25
5.8891781e-15
-2.8197062e-15
-2.462298e-25
1.046671e-14
-4.5775324e-15
-4.2508628e-25
1.767096e-14
-7.2042498e-15
-7.0295909e-25
2.8767197e-14
-1.1096237e-14
-1.1252157e-24
4.5590962e-14
-1.6823765e-14
-1.7482906e-24
7.0796118e-14
-2.5205155e-14
-2.6267257e-24
1.0820765e-13
-3.7411537e-14
-3.772077e-24
1.6332189e-13
-5.5114231e-14
-5.0693282e-24
2.4401291e-13
-8.0691027e-14
-6.2061291e-24
3.6152607e-13
-1.1751316e-13
-6.9167385e-24
5.3186767e-13
-1.703416e-13
-8.2612164e-24
7.777372e-13
-2.4586953e-13
-1.547413e-23
1.1311943e-12
-3.534571e-13
-4.0093974e-23
1.6373083e-12
-5.0611402e-13
-9.3090536e-23
2.3591028e-12
-7.2179443e-13
-1.6056142e-22
3.3841766e-12
-1.0250738e-12
-1.773522e-22
4.8334552e-12
-1.4492786e-12
-5.2270043e-23
6.8725881e-12
-2.0391329e-12
2.2214821e-22
9.7265617e-12
-2.8539736e-12
4.684069e-22
1.3698131e-11
-3.9715694e-12
4.0754853e-22
1.9190701e-11
-5.4925703e-12
-6.5708636e-23
2.6736322e-11
-7.5456208e-12
-7.0017922e-22
3.7029533e-11
-1.0293211e-11
-1.0781773e-21
5.0967943e-11
-1.393841e-11
-1.0517535e-21
6.9700664e-11
-1.8732721e-11
-9.4027253e-22
9.4686063e-11
-2.4985398e-11
-1.2321186e-21
1.2776066e-10
-3.3074599e-11
-2.214733e-21
1.7122175e-10
-4.3461093e-11
-3.8902211e-21
2.27927e-10
-5.6705247e-11
-6.4300839e-21
3.0141264e-10
-7.3485638e-11
-9.3624659e-21
3.9602996e-10
-9.4617319e-11
-1.2557284e-20
5.171262e-10
-1.2109624e-10
-1.7151308e-20
6.712493e-10
-1.541231e-10
-2.9643645e-20
8.6621796e-10
-1.9496866e-10
-1.5312384e-20
-2.4716032e-10
1.1133783e-09
-8.4309943e-20
1.1043771e-16
-2.1745128e-16
5.3359806e-16
-8.3321772e-16
1.45861e-15
-1.8214256e-15
3.1674358e-15
-3.3648132e-15
6.0771875e-15
-5.7294579e-15
1.0801086e-14
-9.3014309e-15
1.8236056e-14
-1.463922e-14
2.9688312e-14
-2.2548492e-14
4.7052967e-14
-3.4188421e-14
7.3070259e-14
-5.1222448e-14
1.1168999e-13
-7.6031269e-14
1.685882e-13
-1.1201244e-13
2.5189684e-13
-1.6399967e-13
3.7322977e-13
-2.3884609e-13
5.4911775e-13
-3.4622958e-13
8.0300327e-13
-4.9975505e-13
1.1679933e-12
-7.1844714e-13
1.6906258e-12
-1.0287465e-12
2.4359712e-12
-1.4671398e-12
3.494464e-12
-2.0835666e-12
4.99093e-12
-2.9457446e-12
7.0963437e-12
-4.1445467e-12
1.0042903e-11
-5.8005329e-12
1.4143045e-11
-8.0717114e-12
1.9813058e-11
-1.1162584e-11
2.7601982e-11
-1.5334544e-11
3.8226562e-11
-2.0917791e-11
5.2613192e-11
-2.832504e-11
7.194801e-11
-3.806754e-11
9.7736685e-11
-5.0774073e-11
1.3187581e-10
-6.7213723e-11
1.7673856e-10
-8.8323846e-11
2.3527846e-10
-1.1524515e-10
3.1115174e-10
-1.4935891e-10
4.0886106e-10
-1.9232664e-10
5.3393938e-10
-2.4617457e-10
6.9317512e-10
-3.1335884e-10
8.9466296e-10
-3.964565e-10
-5.0263669e-10
1.1501393e-09
1.1439948e-16
-3.3185076e-16
5.5273948e-16
-1.2715577e-15
1.5109359e-15
-2.779622e-15
3.2810618e-15
-5.1349391e-15
6.295182e-15
-8.7435781e-15
1.1188492e-14
-1.4194741e-14
1.8890044e-14
-2.2340772e-14
3.075281e-14
-3.4411258e-14
4.8739698e-14
-5.2175309e-14
7.568888e-14
-7.8171629e-14
1.1569115e-13
-1.1603354e-13
1.7462484e-13
-1.7094613e-13
2.6091114e-13
-2.5028597e-13
3.8657589e-13
-3.6451083e-13
5.6873427e-13
-5.2838797e-13
8.316541e-13
-7.6267488e-13
1.2096021e-12
-1.0963951e-12
1.7507368e-12
-1.5698812e-12
2.5223803e-12
-2.2387833e-12
3.6180741e-12
-3.1792605e-12
5.1669028e-12
-4.4945734e-12
7.3456345e-12
-6.3232784e-12
1.0394287e-11
-8.8491854e-12
1.463577e-11
-1.2313194e-11
2.0500283e-11
-1.7027097e-11
2.8555204e-11
-2.3389465e-11
3.9541274e-11
-3.1903861e-11
5.4416078e-11
-4.3199844e-11
7.440606e-11
-5.8057522e-11
1.0106871e-10
-7.7436727e-11
1.3636695e-10
-1.0251196e-10
1.8275856e-10
-1.3471546e-10
2.4330533e-10
-1.7579192e-10
3.2180083e-10
-2.2785441e-10
4.229232e-10
-2.9344901e-10
5.5242548e-10
-3.7567684e-10
7.1737796e-10
-4.7831133e-10
9.2622968e-10
-6.0530822e-10
-7.6751129e-10
1.1911043e-09
1.1895854e-16
-4.5080929e-16
5.7475906e-16
-1.7273582e-15
1.5711045e-15
-3.7759675e-15
3.411654e-15
-6.9754885e-15
6.5455813e-15
-1.1877505e-14
1.1633183e-14
-1.9282343e-14
1.9640138e-14
-3.0347727e-14
3.1972614e-14
-4.6743735e-14
5.0670457e-14
-7.0873152e-14
7.8682691e-14
-1.0618386e-13
1.2025925e-13
-1.576101e-13
1.8150611e-13
-2.3219299e-13
2.7116895e-13
-3.399488e-13
4.017343e-13
-4.9507619e-13
5.909689e-13
-7.1762256e-13
8.640577e-13
-1.0357637e-12
1.2565521e-12
-1.4888896e-12
1.8184003e-12
-2.1317293e-12
2.6194014e-12
-3.0397844e-12
3.7565041e-12
-4.3163632e-12
5.3634449e-12
-6.1015142e-12
7.6232982e-12
-8.5831316e-12
1.0784567e-11
-1.2010454e-11
1.5181494e-11
-1.6710121e-11
2.1259309e-11
-2.3104913e-11
2.9605193e-11
-3.1735348e-11
4.0985823e-11
-4.3284491e-11
5.6392589e-11
-5.860661e-11
7.7095816e-11
-7.8760749e-11
1.0470976e-10
-1.0505067e-10
1.4127048e-10
-1.3907269e-10
1.8932988e-10
-1.8277486e-10
2.5207164e-10
-2.3853367e-10
3.3344574e-10
-3.0922851e-10
4.3833214e-10
-3.9833541e-10
5.7274174e-10
-5.1008644e-10
7.4407154e-10
-6.4964113e-10
9.6120904e-10
-8.2244572e-10
-1.0429671e-09
1.2366649e-09
1.2412645e-16
-5.7493575e-16
5.9971301e-16
-2.2029448e-15
1.6392768e-15
-4.8155313e-15
3.5595909e-15
-8.8958026e-15
6.8291864e-15
-1.5147101e-14
1.2136746e-14
-2.4589902e-14
2.0489341e-14
-3.8700322e-14
3.3353212e-14
-5.9607606e-14
5.2854998e-14
-9.0374938e-14
8.2068624e-14
-1.3539749e-13
1.2542306e-13
-2.0096454e-13
1.8927992e-13
-2.9604985e-13
2.8274842e-13
-4.334173e-13
4.1883001e-13
-6.3115778e-13
6.1601737e-13
-9.1480992e-13
9.0051413e-13
-1.3202604e-12
1.3092936e-12
-1.8976691e-12
1.8942774e-12
-2.7167131e-12
2.7279869e-12
-3.8734939e-12
3.9111007e-12
-5.4994769e-12
5.5824305e-12
-7.772844e-12
7.931907e-12
-1.0932608e-11
1.121723e-11
-1.5295777e-11
1.5784894e-11
-2.1277785e-11
2.2096349e-11
-2.9416368e-11
3.0760133e-11
-4.0399132e-11
4.2570923e-11
-5.5095281e-11
5.8556686e-11
-7.4592373e-11
8.0035421e-11
-1.0023948e-10
1.086834e-10
-1.3369865e-10
1.4661712e-10
-1.770064e-10
1.9649262e-10
-2.3265037e-10
2.6163004e-10
-3.0367109e-10
3.4615605e-10
-3.9375452e-10
4.5518037e-10
-5.0735973e-10
5.9501141e-10
-6.4991748e-10
7.7342105e-10
-8.2805077e-10
9.9981775e-10
-1.0488424e-09
-1.330258e-09
1.2871086e-09
1.2995192e-16
-7.0488766e-16
6.278378e-16
-2.7008307e-15
1.7160996e-15
-5.9037931e-15
3.7262714e-15
-1.0905974e-14
7.1486618e-15
-1.8569491e-14
1.2703869e-14
-3.0145109e-14
2.1445474e-14
-4.7441928e-14
3.4907154e-14
-7.3069285e-14
5.5312892e-14
-1.1078068e-13
8.587653e-14
-1.6596113e-13
1.3122732e-13
-2.4631533e-13
1.9801241e-13
-3.6283493e-13
2.957463e-13
-5.311512e-13
4.3800325e-13
-7.7341473e-13
6.4408159e-13
-1.1208883e-12
9.4131237e-13
-1.6174912e-12
1.3682379e-12
-2.3245946e-12
1.9789501e-12
-3.3274253e-12
2.8489538e-12
-4.7434977e-12
4.0830007e-12
-6.7335237e-12
5.8254245e-12
-9.5152679e-12
8.2735899e-12
-1.3380774e-11
1.1695137e-11
-1.8717324e-11
1.6449767e-11
-2.6032415e-11
2.3016384e-11
-3.5982986e-11
3.2026491e-11
-4.9409239e-11
4.4304885e-11
-6.7373675e-11
6.0918971e-11
-9.120646e-11
8.323834e-11
-1.2255885e-10
1.1300672e-10
-1.6346703e-10
1.524285e-10
-2.1642818e-10
2.0427417e-10
-2.8449603e-10
2.7201528e-10
-3.714122e-10
3.59976e-10
-4.8171523e-10
4.7352436e-10
-6.2090809e-10
6.1930607e-10
-7.9569918e-10
8.0551717e-10
-1.0142619e-09
1.042164e-09
-1.2854892e-09
-1.6306586e-09
1.3425645e-09
1.3646403e-16
-8.4135169e-16
6.5927348e-16
-3.2236401e-15
1.8019556e-15
-7.0464752e-15
3.9125263e-15
-1.3016545e-14
7.5056022e-15
-2.2162567e-14
1.3337389e-14
-3.5976896e-14
2.2513329e-14
-5.6617868e-14
3.6642249e-14
-8.7198205e-14
5.8056525e-14
-1.3219495e-13
9.0125654e-14
-1.9803026e-13
1.3770146e-13
-2.9389114e-13
2.0774795e-13
-4.3288142e-13
3.1022876e-13
-6.3363201e-13
4.5935166e-13
-9.2253764e-13
6.7530419e-13
-1.3368408e-12
9.8665863e-13
-1.9288457e-12
1.4336798e-12
-2.7716157e-12
2.0728353e-12
-3.9665808e-12
2.9828841e-12
-5.6535466e-12
4.2730056e-12
-8.0236452e-12
6.0935146e-12
-1.1335777e-11
8.6498e-12
-1.5937059e-11
1.2220196e-11
-2.228772e-11
1.7178576e-11
-3.0990795e-11
2.4022535e-11
-4.2826944e-11
3.340814e-11
-5.8794844e-11
4.6192422e-11
-8.0157957e-11
6.3485058e-11
-1.084991e-10
8.6711117e-11
-1.4578491e-10
1.1768723e-10
-1.9444314e-10
1.5871306e-10
-2.5745402e-10
2.1268347e-10
-3.3846643e-10
2.832363e-10
-4.4196504e-10
3.7491356e-10
-5.7339249e-10
4.9336929e-10
-7.3936382e-10
6.4562429e-10
-9.4795418e-10
8.4034608e-10
-1.2089837e-09
1.0882052e-09
-1.5333483e-09
-1.9453976e-09
1.4029442e-09
1.4368278e-16
-9.8503447e-16
6.9411639e-16
-3.7740737e-15
1.8971068e-15
-8.2494656e-15
4.1189212e-15
-1.5238359e-14
7.9010831e-15
-2.5944729e-14
1.4039196e-14
-4.211501e-14
2.3696054e-14
-6.6274726e-14
3.8563538e-14
-1.0206569e-13
6.1093732e-14
-1.5472514e-13
9.4827886e-14
-2.3176441e-13
1.4486316e-13
-3.4392641e-13
2.1851243e-13
-5.0653069e-13
3.2623309e-13
-7.4135267e-13
4.8292828e-13
-1.0792328e-12
7.0975959e-13
-1.5636721e-12
1.036656e-12
-2.2557421e-12
1.5057604e-12
-3.2407201e-12
2.1761229e-12
-4.6369433e-12
3.1300293e-12
-6.607453e-12
4.4814407e-12
-9.3750566e-12
6.3871093e-12
-1.3241446e-11
9.0610294e-12
-1.8610979e-11
1.2792966e-11
-2.6019657e-11
1.7971898e-11
-3.6169726e-11
2.5115293e-11
-4.997034e-11
3.4905312e-11
-6.8584863e-11
4.8233211e-11
-9.3485856e-11
6.6253601e-11
-1.2651949e-10
9.0450694e-11
-1.6998201e-10
1.2271918e-10
-2.2671163e-10
1.6546101e-10
-3.0019584e-10
2.2170423e-10
-3.9470966e-10
2.9526688e-10
-5.1552769e-10
3.9092752e-10
-6.6905313e-10
5.1465119e-10
-8.6308749e-10
6.7386682e-10
-1.1071698e-09
8.7775486e-10
-1.4128717e-09
1.1377005e-09
-1.7932939e-09
-2.2755741e-09
1.467877e-09
1.5160422e-16
-1.1366387e-15
7.3234705e-16
-4.3548166e-15
2.0014992e-15
-9.5186177e-15
4.3453364e-15
-1.7582197e-14
8.3348701e-15
-2.9934263e-14
1.4808864e-14
-4.8589004e-14
2.4992911e-14
-7.6458772e-14
4.0669782e-14
-1.1774256e-13
6.4422477e-14
-1.7847784e-13
9.9979936e-14
-2.6732187e-13
1.5270716e-13
-3.9665364e-13
2.3029748e-13
-5.8412101e-13
3.4374603e-13
-8.5480122e-13
5.087121e-13
-1.2441989e-12
7.474146e-13
-1.8023746e-12
1.0912521e-12
-2.5995796e-12
1.5843968e-12
-3.7338648e-12
2.2886817e-12
-5.3412281e-12
3.2901817e-12
-7.6089531e-12
4.7079782e-12
-1.0792853e-11
6.705692e-12
-1.5239159e-11
9.5064666e-12
-2.1411754e-11
1.341218e-11
-2.992537e-11
1.8827761e-11
-4.1585308e-11
2.6291621e-11
-5.7434199e-11
3.6513358e-11
-7.88066e-11
5.0420194e-11
-1.0739269e-10
6.9213983e-11
-1.4531328e-10
9.4441249e-11
-1.9520927e-10
1.2807935e-10
-2.6034973e-10
1.7263858e-10
-3.4475507e-10
2.31287e-10
-4.5335808e-10
3.0803481e-10
-5.9227549e-10
4.0791267e-10
-7.68931e-10
5.3721658e-10
-9.923914e-10
7.0380858e-10
-1.2737618e-09
9.174129e-10
-1.626476e-09
1.190159e-09
-2.0660401e-09
-2.6220619e-09
1.5366469e-09
1.6019613e-16
-1.2968348e-15
7.7380954e-16
-4.96843e-15
2.1147059e-15
-1.0859514e-14
4.5908432e-15
-2.0058334e-14
8.8051772e-15
-3.4148597e-14
1.5643209e-14
-5.5427036e-14
2.6398504e-14
-8.7214067e-14
4.2952164e-14
-1.3429622e-13
6.8028722e-14
-2.035544e-13
1.0555988e-13
-3.0485303e-13
1.6119974e-13
-4.522935e-13
2.430518e-13
-6.6597307e-13
3.6269028e-13
-9.744397e-13
5.3658748e-13
-1.4180961e-12
7.8809719e-13
-2.0538843e-12
1.1501921e-12
-2.9616745e-12
1.669213e-12
-4.2528857e-12
2.4099592e-12
-6.0819743e-12
3.4625315e-12
-8.6615254e-12
4.951434e-12
-1.2281756e-11
7.0475354e-12
-1.7335261e-11
9.9835984e-12
-2.4347817e-11
1.4074187e-11
-3.4015959e-11
1.9740885e-11
-4.7252005e-11
2.7543893e-11
-6.5237208e-11
3.8221304e-11
-8.9484011e-11
5.2737626e-11
-1.2190901e-10
7.2343662e-11
-1.6491931e-10
9.8650564e-11
-2.2151617e-10
1.3372199e-10
-2.9542116e-10
1.8018129e-10
-3.9121438e-10
2.4134002e-10
-5.1451681e-10
3.2141001e-10
-6.7234548e-10
4.2568318e-10
-8.7320417e-10
5.6079987e-10
-1.1275081e-09
7.3506777e-10
-1.4480297e-09
9.5876976e-10
-1.850178e-09
1.2447841e-09
-2.3520545e-09
-2.9854026e-09
1.6081248e-09
1.6938864e-16
-1.4662235e-15
8.1816718e-16
-5.6172085e-15
2.2358072e-15
-1.2277154e-14
4.8534447e-15
-2.2675972e-14
9.3081724e-15
-3.8603325e-14
1.6535419e-14
-6.2654282e-14
2.7901327e-14
-9.8579975e-14
4.5391933e-14
-1.5178683e-13
7.1882721e-14
-2.3004519e-13
1.1152147e-13
-3.4449178e-13
1.702701e-13
-5.1104212e-13
2.5666839e-13
-7.5237136e-13
3.8290567e-13
-1.100677e-12
5.663166e-13
-1.601507e-12
8.314566e-13
-2.3190243e-12
1.2129617e-12
-3.3431796e-12
1.7594588e-12
-4.7993828e-12
2.5388653e-12
-6.8613808e-12
3.6455016e-12
-9.7681617e-12
5.209535e-12
-1.3845789e-11
7.4093755e-12
-1.9535101e-11
1.0487754e-11
-2.7426195e-11
1.4772329e-11
-3.8300534e-11
2.0701802e-11
-5.3181479e-11
2.8858704e-11
-7.339411e-11
4.0010227e-11
-1.0063553e-10
5.5158871e-11
-1.3705766e-10
7.5605186e-11
-1.8536563e-10
1.0302592e-10
-2.4893691e-10
1.3957314e-10
-3.3196837e-10
1.8798608e-10
-4.3962732e-10
2.5172071e-10
-5.7825144e-10
3.3519175e-10
-7.5581652e-10
4.4395428e-10
-9.8196671e-10
5.8499903e-10
-1.2685528e-09
7.6707321e-10
-1.6301039e-09
1.0010099e-09
-2.0841147e-09
1.3004105e-09
-2.6514551e-09
-3.3657598e-09
1.6807678e-09
1.7906408e-16
-1.6452875e-15
8.6485152e-16
-6.302996e-15
2.3632511e-15
-1.3775554e-14
5.1297735e-15
-2.5442494e-14
9.8373996e-15
-4.3310951e-14
1.7474026e-14
-7.0290909e-14
2.9482035e-14
-1.1058798e-13
4.7957629e-14
-1.7026242e-13
7.5934667e-14
-2.5802222e-13
1.1778747e-13
-3.8634458e-13
1.7980034e-13
-5.73055e-13
2.7096955e-13
-8.4354057e-13
4.0412714e-13
-1.2338346e-12
5.9750749e-13
-1.7948874e-12
8.7691735e-13
-2.5984342e-12
1.2787212e-12
-3.7449835e-12
1.8539154e-12
-5.3745771e-12
2.67364e-12
-7.6811054e-12
3.8365615e-12
-1.0931083e-11
5.4786582e-12
-1.5487886e-11
7.7860462e-12
-2.1842489e-11
1.1011596e-11
-3.0651745e-11
1.5496225e-11
-4.2785162e-11
2.1695891e-11
-5.9381145e-11
3.0215531e-11
-8.1913751e-11
4.1851441e-11
-1.1227144e-10
5.7643985e-11
-1.528502e-10
7.8943066e-11
-2.0666471e-10
1.0748994e-10
-2.7748379e-10
1.4552431e-10
-3.7000274e-10
1.9590175e-10
-4.9000476e-10
2.6223088e-10
-6.4458057e-10
3.4909036e-10
-8.42676e-10
4.6232212e-10
-1.0951985e-09
6.0925071e-10
-1.4154814e-09
7.9903151e-10
-1.8198847e-09
1.0430067e-09
-2.3280899e-09
1.3554115e-09
-2.96386e-09
-3.7624336e-09
1.7520853e-09
1.8905269e-16
-1.8343402e-15
9.1304055e-16
-7.0269838e-15
2.4947878e-15
-1.5357301e-14
5.4149417e-15
-2.8362648e-14
1.038348e-14
-4.8279489e-14
1.8442364e-14
-7.8349793e-14
3.1112496e-14
-1.2325812e-13
5.0603471e-14
-1.897534e-13
8.0112039e-14
-2.8753079e-13
1.2424531e-13
-4.3047785e-13
1.8961858e-13
-6.3842826e-13
2.8569612e-13
-9.3961811e-13
4.2596802e-13
-1.3741065e-12
6.2958817e-13
-1.9985075e-12
9.2363964e-13
-2.8924856e-12
1.3462456e-12
-4.1675894e-12
1.9508066e-12
-5.9791381e-12
2.8117216e-12
-8.5420204e-12
4.0320353e-12
-1.2151397e-11
5.7535552e-12
-1.7209405e-11
8.1700886e-12
-2.4259023e-11
1.1544574e-11
-3.402623e-11
1.6231015e-11
-4.7471603e-11
2.270231e-11
-6.585244e-11
3.1585281e-11
-9.0796721e-11
4.370452e-11
-1.2439068e-10
6.0137109e-11
-1.6928279e-10
8.2280728e-11
-2.2880833e-10
1.1193806e-10
-3.0714111e-10
1.5142815e-10
-4.0949283e-10
2.0370867e-10
-5.4228528e-10
2.7256001e-10
-7.1343191e-10
3.6271351e-10
-9.328295e-10
4.8024788e-10
-1.2127328e-09
6.3280732e-10
-1.5680409e-09
8.2989771e-10
-2.0169751e-09
1.0832904e-09
-2.5814826e-09
1.4077009e-09
-3.2882704e-09
-4.173764e-09
1.8190312e-09
1.9911032e-16
-2.0334506e-15
9.6155472e-16
-7.7894282e-15
2.6271921e-15
-1.7022938e-14
5.7019496e-15
-3.1437405e-14
1.0932997e-14
-5.3510537e-14
1.9416624e-14
-8.683342e-14
3.2752586e-14
-1.3659408e-13
5.3264282e-14
-2.1026509e-13
8.4311815e-14
-3.1857833e-13
1.3073553e-13
-4.7690157e-13
1.9948193e-13
-7.0717466e-13
3.0048301e-13
-1.0406192e-12
4.4788541e-13
-1.5215089e-12
6.6175858e-13
-2.2123807e-12
9.7045342e-13
-3.2011805e-12
1.413835e-12
-4.610971e-12
2.0476771e-12
-6.6129803e-12
2.9495826e-12
-9.4439259e-12
4.22688e-12
-1.3428694e-11
6.0270487e-12
-1.9009574e-11
8.551334e-12
-2.6783308e-11
1.2072342e-11
-3.7547238e-11
1.6956552e-11
-5.2355814e-11
2.3692887e-11
-7.2588775e-11
3.2928714e-11
-1.0003255e-10
4.551505e-11
-1.3697702e-10
6.2563218e-11
-1.8633096e-10
8.5516142e-11
-2.5176125e-10
1.1623883e-10
-3.3786381e-10
1.5711781e-10
-4.5037181e-10
2.1115429e-10
-5.9632176e-10
2.8225969e-10
-7.8453731e-10
3.7547238e-10
-1.0260422e-09
4.9703669e-10
-1.3342971e-09
6.5471934e-10
-1.7257235e-09
8.5835155e-10
-2.2206073e-09
1.1200253e-09
-2.8431563e-09
1.4547432e-09
-3.6229884e-09
-4.597312e-09
1.8782912e-09
2.0892853e-16
-2.2423791e-15
1.0089077e-15
-8.5894074e-15
2.7564105e-15
-1.8770441e-14
5.982005e-15
-3.4663e-14
1.1469095e-14
-5.8997627e-14
2.036686e-14
-9.5731185e-14
3.4351766e-14
-1.5057898e-13
5.5857819e-14
-2.3177114e-13
8.8403704e-14
-3.5112421e-13
1.3705589e-13
-5.2555375e-13
2.090815e-13
-7.7920027e-13
3.1486442e-13
-1.1464021e-12
4.6918416e-13
-1.6758286e-12
6.9299046e-13
-2.436187e-12
1.0158493e-12
-3.5240393e-12
1.4792888e-12
-5.0744105e-12
2.1413388e-12
-7.2750303e-12
3.0826313e-12
-1.0385218e-11
4.4145206e-12
-1.4760584e-11
6.2897767e-12
-2.088483e-11
8.9165229e-12
-2.9410054e-11
1.2576216e-11
-4.1206931e-11
1.7646631e-11
-5.7426228e-11
2.463101e-11
-7.9573155e-11
3.4194835e-11
-1.0959637e-10
4.7212025e-11
-1.4999421e-10
6.4822876e-11
-2.0394181e-10
8.8506389e-11
-2.7544476e-10
1.2016871e-10
-3.6952613e-10
1.6224553e-10
-4.9244863e-10
2.178831e-10
-6.5195932e-10
2.9111304e-10
-8.5776725e-10
3.8698293e-10
-1.1219121e-09
5.1187843e-10
-1.4591926e-09
6.7381943e-10
-1.8876645e-09
8.827779e-10
-2.4295658e-09
1.1509874e-09
-3.1113658e-09
1.4934963e-09
-3.9654972e-09
-5.0295787e-09
1.925763e-09
2.1808244e-16
-2.4604615e-15
1.053047e-15
-9.424372e-15
2.8768359e-15
-2.059423e-14
6.2429505e-15
-3.8029114e-14
1.1968497e-14
-6.4723173e-14
2.1251816e-14
-1.050145e-13
3.5840614e-14
-1.6516778e-13
5.8271507e-14
-2.5420204e-13
9.2210122e-14
-3.8506283e-13
1.4293212e-13
-5.7627576e-13
2.1800068e-13
-8.5426883e-13
3.2821601e-13
-1.2566174e-12
4.8893905e-13
-1.8365517e-12
7.2192541e-13
-2.6691733e-12
1.0578486e-12
-3.8599625e-12
1.539745e-12
-5.5563069e-12
2.2276766e-12
-7.9629618e-12
3.2049828e-12
-1.1362525e-11
4.5865812e-12
-1.6142182e-11
6.5298712e-12
-2.282812e-11
9.2489141e-12
-3.2129097e-11
1.3032688e-11
-4.4990705e-11
1.8268393e-11
-6.2661933e-11
2.5470981e-11
-8.6775743e-11
3.5320411e-11
-1.194458e-10
4.8708466e-11
-1.6338226e-10
6.6797479e-11
-2.2203082e-10
9.1093661e-11
-2.9974094e-10
1.2353801e-10
-4.0197049e-10
1.6662131e-10
-5.3553192e-10
2.2355317e-10
-7.0889118e-10
2.9840442e-10
-9.3261849e-10
3.9630365e-10
-1.2198113e-09
5.2370396e-10
-1.586593e-09
6.8869195e-10
-2.0526525e-09
9.0125499e-10
-2.6421288e-09
1.1735601e-09
-3.3836709e-09
1.5204127e-09
-4.3123498e-09
-5.4658454e-09
1.9566794e-09
2.2612072e-16
-2.6865822e-15
1.0917985e-15
-1.029005e-14
2.9825309e-15
-2.2484962e-14
6.4718907e-15
-4.1518474e-14
1.240644e-14
-7.0657723e-14
2.202742e-14
-1.1463548e-13
3.7144587e-14
-1.8028495e-13
6.0383731e-14
-2.7744118e-13
9.5537835e-14
-4.2021693e-13
1.480633e-13
-6.2880122e-13
2.2577812e-13
-9.3198364e-13
3.398392e-13
-1.3706785e-12
5.0610298e-13
-2.0028154e-12
7.4700745e-13
-2.9100778e-12
1.0941569e-12
-4.2071119e-12
1.5918434e-12
-6.0539934e-12
2.3018028e-12
-8.6729212e-12
3.3095757e-12
-1.2370298e-11
4.7329301e-12
-1.7565536e-11
6.7328967e-12
-2.4828087e-11
9.5280801e-12
-3.4924281e-11
1.3413043e-11
-4.8875668e-11
1.8781727e-11
-6.8030617e-11
2.6157109e-11
-9.4151125e-11
3.6228586e-11
-1.2951728e-10
4.9898987e-11
-1.7705267e-10
6.8343596e-11
-2.4047543e-10
9.3084048e-11
-3.244814e-10
1.2608076e-10
-4.3496719e-10
1.6985049e-10
-5.7930166e-10
2.2762019e-10
-7.6666089e-10
3.0347465e-10
-1.008473e-09
4.0255276e-10
-1.3188894e-09
5.3128916e-10
-1.7153293e-09
6.9769108e-10
-2.2190544e-09
9.1156658e-10
-2.8560043e-09
1.1847572e-09
-3.6568615e-09
1.5314885e-09
-4.6590812e-09
-5.9000894e-09
1.9657325e-09
2.3234556e-16
-2.9189278e-15
1.1217819e-15
-1.1179486e-14
3.0642601e-15
-2.4427441e-14
6.6488183e-15
-4.5103032e-14
1.2744684e-14
-7.6753588e-14
2.2626049e-14
-1.2451685e-13
3.8150227e-14
-1.9580913e-13
6.2011176e-14
-3.0130213e-13
9.8098907e-14
-4.5630466e-13
1.5200696e-13
-6.8270928e-13
2.3174567e-13
-1.0117223e-12
3.4873945e-13
-1.4876723e-12
5.1921323e-13
-2.1732892e-12
7.6610704e-13
-3.1569716e-12
1.1217005e-12
-4.5627053e-12
1.6311805e-12
-6.5634734e-12
2.3574476e-12
-9.3991883e-12
3.3875272e-12
-1.3400377e-11
4.841033e-12
-1.9019042e-11
6.8812249e-12
-2.6868279e-11
9.7293075e-12
-3.7772363e-11
1.3682751e-11
-5.2829112e-11
1.9138583e-11
-7.3486449e-11
2.6622829e-11
-1.0163537e-10
3.6827597e-11
-1.3972205e-10
5.0657705e-11
-1.9088277e-10
6.9289227e-11
-2.5910695e-10
9.4242867e-11
-3.4943504e-10
1.2747569e-10
-4.6820002e-10
1.7149617e-10
-6.2332214e-10
2.2950606e-10
-8.2467077e-10
3.0554966e-10
-1.0845166e-09
4.0469524e-10
-1.418035e-09
5.3324301e-10
-1.8438771e-09
6.9895641e-10
-2.3847678e-09
9.112323e-10
-3.0682802e-09
1.1812762e-09
-3.9269054e-09
1.5223495e-09
-5.0001545e-09
-6.3249363e-09
1.9471964e-09
2.3625818e-16
-3.155186e-15
1.1406145e-15
-1.2083842e-14
3.1155262e-15
-2.6402352e-14
6.7595854e-15
-4.8747092e-14
1.2955917e-14
-8.294992e-14
2.2998738e-14
-1.3455967e-13
3.8773956e-14
-2.1158434e-13
6.3015981e-14
-3.2554416e-13
9.9671507e-14
-4.9296019e-13
1.5441266e-13
-7.3745043e-13
2.353574e-13
-1.0926671e-12
3.5407555e-13
-1.6063904e-12
5.2698515e-13
-2.3461988e-12
7.7727754e-13
-3.407264e-12
1.137551e-12
-4.9229788e-12
1.6533832e-12
-7.0793056e-12
2.3881321e-12
-1.0133937e-11
3.4293225e-12
-1.4441568e-11
4.8970524e-12
-2.0486772e-11
6.9549393e-12
-2.8926166e-11
9.8242273e-12
-4.0641651e-11
1.3801801e-11
-5.6806686e-11
1.9283021e-11
-7.8967669e-11
2.6790524e-11
-1.0914287e-10
3.7010451e-11
-1.4994197e-10
5.0837946e-11
-2.0471027e-10
6.943423e-11
-2.7770324e-10
9.4297974e-11
-3.7429878e-10
1.2735403e-10
-5.0125607e-10
1.7106274e-10
-6.6703085e-10
2.2855039e-10
-8.8215842e-10
3.0375025e-10
-1.1597164e-09
4.0156139e-10
-1.5158462e-09
5.280151e-10
-1.9703308e-09
6.9044144e-10
-2.5471942e-09
8.975619e-10
-3.2754006e-09
1.1595891e-09
-4.1889326e-09
1.4883866e-09
-5.3289519e-09
-6.7316454e-09
1.8950956e-09
2.3661076e-16
-3.3917967e-15
1.1422218e-15
-1.2989453e-14
3.119718e-15
-2.8379849e-14
6.7682683e-15
-5.2395642e-14
1.297171e-14
-8.9153362e-14
2.302506e-14
-1.4461302e-13
3.8814967e-14
-2.2737425e-13
6.3076174e-14
-3.4980536e-13
9.9754561e-14
-5.2963857e-13
1.5451885e-13
-7.9221472e-13
2.3547826e-13
-1.1736265e-12
3.5418352e-13
-1.7250957e-12
5.270142e-13
-2.5190295e-12
7.7708794e-13
-3.6573377e-12
1.1368668e-12
-5.2827576e-12
1.6516835e-12
-7.5941223e-12
2.3844657e-12
-1.0866719e-11
3.4219989e-12
-1.5479101e-11
4.8831395e-12
-2.1947913e-11
6.9294686e-12
-3.0972495e-11
9.7789733e-12
-4.3491156e-11
1.3723457e-11
-6.075117e-11
1.9150542e-11
-8.4394754e-11
2.6571338e-11
-1.1656367e-10
3.6655145e-11
-1.6002578e-10
5.0272934e-11
-2.1832806e-10
6.8551711e-11
-2.9598201e-10
9.2942191e-11
-3.9868926e-10
1.2530214e-10
-5.3361602e-10
1.6799713e-10
-7.0972584e-10
2.2401734e-10
-9.3817863e-10
2.9710203e-10
-1.2328011e-09
3.9186794e-10
-1.6106121e-09
5.1392522e-10
-2.0923881e-09
6.6996256e-10
-2.7032315e-09
8.6773781e-10
-3.4731759e-09
1.1160749e-09
-4.4372697e-09
1.4249461e-09
-5.6378232e-09
-7.1101063e-09
1.8034071e-09
2.3338317e-16
-3.6251799e-15
1.1266152e-15
-1.3882685e-14
3.0769219e-15
-3.0330155e-14
6.674854e-15
-5.5993574e-14
1.2791255e-14
-9.5269763e-14
2.2701622e-14
-1.5452338e-13
3.8263338e-14
-2.4293597e-13
6.2167328e-14
-3.7370935e-13
9.8293898e-14
-5.6576514e-13
1.5221363e-13
-8.4613445e-13
2.3188889e-13
-1.2533018e-12
3.4865055e-13
-1.8418574e-12
5.1854932e-13
-2.6889283e-12
7.6421134e-13
-3.9029998e-12
1.1173656e-12
-5.6359119e-12
1.6222551e-12
-8.0990119e-12
2.3401945e-12
-1.1584659e-11
3.3555945e-12
-1.6494501e-11
4.7838362e-12
-2.3376154e-11
6.7814439e-12
-3.2970102e-11
9.5590862e-12
-4.6268798e-11
1.3398034e-11
-6.4590117e-11
1.8670847e-11
-8.9667567e-11
2.586727e-11
-1.2376009e-10
3.5626593e-11
-1.697851e-10
4.8778053e-11
-2.3147952e-10
6.6391117e-11
-3.1359508e-10
8.9837606e-11
-4.2213575e-10
1.208672e-10
-5.6464561e-10
1.6169657e-10
-7.5055521e-10
2.1510916e-10
-9.9159123e-10
2.845562e-10
-1.3022481e-09
3.742474e-10
-1.7003033e-09
4.8920771e-10
-2.2073484e-09
6.3526814e-10
-2.8492919e-09
8.189266e-10
-3.6568344e-09
1.0471952e-09
-4.6655383e-09
1.3275589e-09
-5.9181869e-09
-7.4488195e-09
1.6662721e-09
2.2383317e-16
-3.8490131e-15
1.080332e-15
-1.4739184e-14
2.9502394e-15
-3.2200063e-14
6.3996544e-15
-5.9442989e-14
1.2263315e-14
-1.0113342e-13
2.176374e-14
-1.6402381e-13
3.6680992e-14
-2.5785322e-13
5.9593625e-14
-3.9662198e-13
9.4219241e-14
-6.0039076e-13
1.4589356e-13
-8.9780878e-13
2.2224079e-13
-1.329649e-12
3.3410596e-13
-1.9537225e-12
4.9684273e-13
-2.851665e-12
7.3207837e-13
-4.1382354e-12
1.070111e-12
-5.9739446e-12
1.5531341e-12
-8.5820349e-12
2.2395253e-12
-1.227105e-11
3.2094869e-12
-1.7464463e-11
4.572374e-12
-2.4739041e-11
6.4761053e-12
-3.4873834e-11
9.1191237e-12
-4.8911816e-11
1.276546e-11
-6.8236454e-11
1.7763584e-11
-9.4665691e-11
2.4569881e-11
-1.3056639e-10
3.3777829e-11
-1.7899305e-10
4.6154168e-11
-2.4385586e-10
6.2683561e-11
-3.3012447e-10
8.46231e-11
-4.4407529e-10
1.1356735e-10
-5.9358986e-10
1.5152274e-10
-7.885106e-10
2.0098645e-10
-1.0410549e-09
2.6501836e-10
-1.36628e-09
3.4728861e-10
-1.7825735e-09
4.5206959e-10
-2.3121294e-09
5.8412595e-10
-2.9813483e-09
7.4842236e-10
-3.8211308e-09
9.4974386e-10
-4.8668598e-09
1.1922795e-09
-6.1607226e-09
-7.7350451e-09
1.4785052e-09
2.1013485e-16
-4.0591479e-15
1.0142911e-15
-1.5543341e-14
2.7697552e-15
-3.3955527e-14
6.007331e-15
-6.2680565e-14
1.1509212e-14
-1.066353e-13
2.0420111e-14
-1.7293471e-13
3.4405357e-14
-2.7183847e-13
5.5874894e-14
-4.1809152e-13
8.829923e-14
-6.328151e-13
1.3665289e-13
-9.4616244e-13
2.0803336e-13
-1.4010294e-12
3.1251947e-13
-2.0582087e-12
4.6435363e-13
-3.0034992e-12
6.835567e-13
-4.3574385e-12
9.9811441e-13
-6.2885023e-12
1.4469081e-12
-9.0308286e-12
2.0836002e-12
-1.2907742e-11
2.9817249e-12
-1.8362587e-11
4.2412743e-12
-2.5998591e-11
5.9971113e-12
-3.6629671e-11
8.4295816e-12
-5.1344287e-11
1.1777756e-11
-7.1584628e-11
1.6355824e-11
-9.9243759e-11
2.2573302e-11
-1.3678387e-10
3.0959918e-11
-1.8737967e-10
4.219619e-11
-2.5509213e-10
5.7150771e-11
-3.4507905e-10
7.6925276e-11
-4.6384979e-10
1.0290626e-10
-6.1957084e-10
1.3682171e-10
-8.2242606e-10
1.8079546e-10
-1.0850287e-09
2.3738591e-10
-1.4228705e-09
3.0958753e-10
-1.8547752e-09
4.0075895e-10
-2.4033008e-09
5.1442022e-10
-3.0950096e-09
6.5381604e-10
-3.9605266e-09
8.2126569e-10
-5.0343094e-09
1.0167461e-09
-6.356203e-09
-7.9551402e-09
1.2368412e-09
1.8623714e-16
-4.2453851e-15
8.9866787e-16
-1.6255771e-14
2.4536346e-15
-3.5510494e-14
5.3212576e-15
-6.5548188e-14
1.0194317e-14
-1.1150836e-13
1.8086673e-14
-1.8082707e-13
3.0473272e-14
-2.8422507e-13
4.9488449e-14
-4.371067e-13
7.8205541e-14
-6.6153219e-13
1.2102908e-13
-9.8898598e-13
1.8424167e-13
-1.464242e-12
2.7676138e-13
-2.1507284e-12
4.1118267e-13
-3.1379205e-12
6.0519413e-13
-4.5514499e-12
8.8349015e-13
-6.5667983e-12
1.2803189e-12
-9.4276573e-12
1.8428357e-12
-1.3470259e-11
2.6354562e-12
-1.9155208e-11
3.7454273e-12
-2.7108562e-11
5.2898578e-12
-3.8174101e-11
7.4244809e-12
-5.347891e-11
1.0354464e-11
-7.4514611e-11
1.4347644e-11
-1.0323694e-10
1.9750662e-11
-1.4218689e-10
2.7008573e-11
-1.9463758e-10
3.6688553e-11
-2.6477211e-10
4.9508237e-11
-3.5789874e-10
6.6368665e-11
-4.8071022e-10
8.8390508e-11
-6.4159268e-10
1.1694965e-10
-8.509852e-10
1.5370386e-10
-1.1217829e-09
2.0059564e-10
-1.4697623e-09
2.5980788e-10
-1.9139874e-09
3.3363684e-10
-2.4771298e-09
4.2422714e-10
-3.1855999e-09
5.3307197e-10
-4.0693714e-09
6.6034168e-10
-5.1615791e-09
8.0259739e-10
-6.4984587e-09
-8.0949485e-09
9.4240574e-10
1.6191701e-16
-4.4073021e-15
7.8131965e-16
-1.6875174e-14
2.133143e-15
-3.6862317e-14
4.6257744e-15
-6.8040819e-14
8.8607632e-15
-1.1574335e-13
1.5718001e-14
-1.876843e-13
2.6476727e-14
-2.9498379e-13
4.2986648e-14
-4.5361662e-13
6.7908731e-14
-6.8645427e-13
1.0505211e-13
-1.0261294e-12
1.5984243e-13
-1.5190324e-12
2.3996804e-13
-2.230854e-12
3.5626389e-13
-3.2542163e-12
5.2390881e-13
-4.7190948e-12
7.6402868e-13
-6.8069182e-12
1.1058161e-12
-9.7694448e-12
1.5892928e-12
-1.3953736e-11
2.268854e-12
-1.9834769e-11
3.217741e-12
-2.8057449e-11
4.533591e-12
-3.9489951e-11
6.3452121e-12
-5.5290531e-11
8.8207424e-12
-7.6990141e-11
1.2177374e-11
-1.0659357e-10
1.6692871e-11
-1.4670238e-10
2.2719153e-11
-2.0066386e-10
3.0698167e-11
-2.7275112e-10
4.1179986e-11
-3.6838056e-10
5.4842296e-11
-4.9437253e-10
7.2508779e-11
-6.5925916e-10
9.5160979e-11
-8.736374e-10
1.2393368e-10
-1.1505556e-09
1.6007747e-10
-1.5059061e-09
2.0486476e-10
-1.9587747e-09
2.5940959e-10
-2.5316746e-09
3.2436156e-10
-3.2505518e-09
3.9940473e-10
-4.1444146e-09
4.8292031e-10
-5.2450947e-09
5.715139e-10
-6.5870523e-09
-8.19958e-09
6.7614535e-10
1.1671744e-16
-4.5240195e-15
5.6304961e-16
-1.7321506e-14
1.5366349e-15
-3.7835902e-14
3.330553e-15
-6.9834737e-14
6.3757633e-15
-1.1878856e-13
1.1301359e-14
-1.926099e-13
1.9019783e-14
-3.0270222e-13
3.0846713e-14
-4.6544355e-13
4.8668724e-14
-7.0427628e-13
7.51762e-14
-1.0526368e-12
1.1418442e-13
-1.5580406e-12
1.7107224e-13
-2.2877418e-12
2.533754e-13
-3.3365195e-12
3.7157934e-13
-4.8372988e-12
5.401643e-13
-6.9755032e-12
7.7896139e-13
-1.0008242e-11
1.1148807e-12
-1.4289655e-11
1.5840696e-12
-2.0303958e-11
2.2345471e-12
-2.8707926e-11
3.1293431e-12
-4.0384747e-11
4.3501392e-12
-5.6511327e-11
6.0013825e-12
-7.8641385e-11
8.2148116e-12
-1.08807e-10
1.115431e-11
-1.4964188e-10
1.5020956e-11
-2.0453051e-10
2.0057999e-11
-2.7778816e-10
2.6555062e-11
-3.7487762e-10
3.4849949e-11
-5.0266742e-10
4.5324675e-11
-6.6973389e-10
5.83894e-11
-8.8670213e-10
7.444381e-11
-1.16661e-09
9.3800171e-11
-1.5252624e-09
1.1654743e-10
-1.9815219e-09
1.4233689e-10
-2.5574641e-09
1.7006269e-10
-3.2782776e-09
1.9732493e-10
-4.1716768e-09
2.2024758e-10
-5.2680174e-09
2.3329894e-10
-6.6001036e-09
-8.1985231e-09
2.3224206e-10
6.2114693e-17
-4.5861342e-15
2.9926693e-16
-1.7558658e-14
8.1595501e-16
-3.835259e-14
1.7669099e-15
-7.0785692e-14
3.3791111e-15
-1.2040076e-13
5.9829352e-15
-1.9521372e-13
1.0055886e-14
-3.0677517e-13
1.6283554e-14
-4.7167122e-13
2.5643904e-14
-7.1363663e-13
3.9522676e-14
-1.0665156e-12
5.9869585e-14
-1.5783875e-12
8.9406765e-14
-2.317279e-12
1.3190219e-13
-3.3790149e-12
1.925207e-13
-4.8979173e-12
2.7826269e-13
-7.0612452e-12
3.9849331e-13
-1.0128472e-11
5.6555156e-13
-1.4456713e-11
7.95406e-13
-2.0533812e-11
1.1082903e-12
-2.9020811e-11
1.5292086e-12
-4.0805665e-11
2.088147e-12
-5.7070266e-11
2.8197757e-12
-7.9373014e-11
3.7623599e-12
-1.0974958e-10
4.9555249e-12
-1.5083505e-10
6.4363789e-12
-2.0601136e-10
8.2332259e-12
-2.7958501e-10
1.0355548e-11
-3.7699994e-10
1.2777906e-11
-5.0508978e-10
1.5413627e-11
-6.7236961e-10
1.8071449e-11
-8.8935995e-10
2.0384669e-11
-1.1689232e-09
2.1698324e-11
-1.5265761e-09
2.0896907e-11
-1.9807205e-09
1.6163139e-11
-2.5527303e-09
4.6687203e-12
-3.2667832e-09
-1.808722e-11
-4.1489209e-09
-5.8368538e-11
-5.2277361e-09
-1.2448621e-10
-6.5339859e-09
-8.0971379e-09
-2.2587146e-10
3.8596702e-18
-4.5899939e-15
1.8117643e-17
-1.7572916e-14
4.8068766e-17
-3.8382541e-14
1.0072458e-16
-7.0838348e-14
1.8496627e-16
-1.20485e-13
3.1127244e-16
-1.9534003e-13
4.9053465e-16
-3.0695443e-13
7.3102688e-16
-4.7191171e-13
1.0318492e-15
-7.1393745e-13
1.3698969e-15
-1.0668537e-12
1.675292e-15
-1.5786929e-12
1.7867517e-15
-2.3173904e-12
1.3728289e-15
-3.378601e-12
-2.0371451e-16
-4.8963408e-12
-4.1143734e-15
-7.0573345e-12
-1.2441765e-14
-1.0120145e-11
-2.8788537e-14
-1.4440366e-11
-5.9240743e-14
-2.050336e-11
-1.1385967e-13
-2.8966192e-11
-2.0894182e-13
-4.0710583e-11
-3.703674e-13
-5.690884e-11
-6.3845215e-13
-7.9104929e-11
-1.0748276e-12
-1.0931321e-10
-1.7720085e-12
-1.5013787e-10
-2.8665034e-12
-2.0491687e-10
-4.5566617e-12
-2.7789485e-10
-7.1270807e-12
-3.7442952e-10
-1.0982493e-11
-5.0123437e-10
-1.6695794e-11
-6.6665631e-10
-2.5077291e-11
-8.8097845e-10
-3.7275094e-11
-1.1567254e-09
-5.491902e-11
-1.5089322e-09
-8.0322065e-11
-1.9553175e-09
-1.1675452e-10
-2.5162978e-09
-1.6866039e-10
-3.2148774e-09
-2.4257951e-10
-4.0750018e-09
-3.4701225e-10
-5.1233033e-09
-4.9253914e-10
-6.3884591e-09
-7.897748e-09
-6.9192901e-10
-5.9909193e-17
-4.5300847e-15
-2.8978057e-16
-1.7343045e-14
-7.9293195e-16
-3.787939e-14
-1.7237974e-15
-6.9907483e-14
-3.3115735e-15
-1.1889723e-13
-5.894499e-15
-1.927571e-13
-9.9695149e-15
-3.0287941e-13
-1.6264143e-14
-4.6561708e-13
-2.5840434e-14
-7.0436116e-13
-4.024517e-14
-1.0524489e-12
-6.1726692e-14
-1.5572114e-12
-9.3547544e-14
-2.2855696e-12
-1.4043459e-13
-3.331714e-12
-2.0922569e-13
-4.8275497e-12
-3.0979633e-13
-6.9567639e-12
-4.5638227e-13
-9.9735591e-12
-6.6945868e-13
-1.422729e-11
-9.7839279e-13
-2.0194426e-11
-1.4251594e-12
-2.8519425e-11
-2.0694949e-12
-4.0066248e-11
-2.9959677e-12
-5.5982367e-11
-4.3235582e-12
-7.7777338e-11
-6.2184839e-12
-1.0741828e-10
-8.9111823e-12
-1.4744517e-10
-1.2718636e-11
-2.0110941e-10
-1.8073638e-11
-2.7253985e-10
-2.5563287e-11
-3.6693987e-10
-3.598008e-11
-4.9081757e-10
-5.039058e-11
-6.5224581e-10
-7.0228708e-11
-8.6114032e-10
-9.7422577e-11
-1.1295316e-09
-1.3456325e-10
-1.4717915e-09
-1.8511951e-10
-1.9047612e-09
-2.537798e-10
-2.4476375e-09
-3.4648191e-10
-3.1221752e-09
-4.716621e-10
-3.9498216e-09
-6.39671e-10
-4.9552944e-09
-8.6303947e-10
-6.1650906e-09
-7.603842e-09
-1.1569454e-09
-1.2587617e-16
-4.4042085e-15
-6.0820891e-16
-1.6860712e-14
-1.662625e-15
-3.6824974e-14
-3.6106115e-15
-6.7959496e-14
-6.9278071e-15
-1.1558003e-13
-1.2313577e-14
-1.8737133e-13
-2.079103e-14
-2.9440196e-13
-3.3850464e-14
-4.5255765e-13
-5.3654662e-14
-6.8455697e-13
-8.3331933e-14
-1.0227716e-12
-1.2739331e-13
-1.51315e-12
-1.9232465e-13
-2.2206382e-12
-2.8742399e-13
-3.2366146e-12
-4.2598099e-13
-4.6889927e-12
-6.2693017e-13
-6.7558147e-12
-9.1715559e-13
-9.6833337e-12
-1.3346829e-12
-1.3809763e-11
-1.933068e-12
-1.9596041e-11
-2.7873801e-12
-2.7665113e-11
-4.0022836e-12
-3.8851344e-11
-5.7228479e-12
-5.4261803e-11
-8.1488564e-12
-7.535133e-11
-1.1553561e-11
-1.0401358e-10
-1.6308043e-11
-1.4269069e-10
-2.291265e-11
-1.9450481e-10
-3.2037418e-11
-2.6341508e-10
-4.4574117e-11
-3.5440317e-10
-6.170354e-11
-4.7368815e-10
-8.4983192e-11
-6.2896616e-10
-1.1646231e-10
-8.296612e-10
-1.5883275e-10
-1.0871611e-09
-2.1561894e-10
-1.4150053e-09
-2.9137304e-10
-1.8290071e-09
-3.9203398e-10
-2.3469766e-09
-5.2533022e-10
-2.988879e-09
-7.0074738e-10
-3.7744044e-09
-9.3032947e-10
-4.7257123e-09
-1.2287221e-09
-5.8666979e-09
-7.2200864e-09
-1.6124778e-09
-1.9357934e-16
-4.2106292e-15
-9.3503738e-16
-1.6119254e-14
-2.5552393e-15
-3.5204772e-14
-5.5469963e-15
-6.4967739e-14
-1.0638589e-14
-1.1048844e-13
-1.8899426e-14
-1.791105e-13
-3.1891474e-14
-2.8140991e-13
-5.1885731e-14
-4.3256339e-13
-8.2170755e-14
-6.5427194e-13
-1.2749104e-13
-9.7745137e-13
-1.9466772e-13
-1.4459733e-12
-2.9347405e-13
-2.1218319e-12
-4.3786476e-13
-3.0922239e-12
-6.4769355e-13
-4.4791639e-12
-9.5109921e-13
-6.452409e-12
-1.3877986e-12
-9.2466343e-12
-2.0135985e-12
-1.3183963e-11
-2.9065265e-12
-1.8703113e-11
-4.1750869e-12
-2.6396553e-11
-5.9692714e-12
-3.705716e-11
-8.4950932e-12
-5.1735981e-11
-1.2033576e-11
-7.1812847e-11
-1.6965324e-11
-9.9081829e-11
-2.3802051e-11
-1.3585396e-10
-3.3226764e-11
-1.8508009e-10
-4.6144804e-11
-2.5049704e-10
-6.374857e-11
-3.3679941e-10
-8.7599663e-11
-4.4983706e-10
-1.1973331e-10
-5.9683251e-10
-1.6279156e-10
-7.8660295e-10
-2.201956e-10
-1.0297571e-09
-2.9637683e-10
-1.3388241e-09
-3.9705165e-10
-1.7283323e-09
-5.289285e-10
-2.2150998e-09
-7.0121877e-10
-2.8165887e-09
-9.2505616e-10
-3.550567e-09
-1.2136318e-09
-4.4371366e-09
-1.5829327e-09
-5.4973971e-09
-6.7521786e-09
-2.0508405e-09
-2.608677e-16
-3.9497615e-15
-1.2598373e-15
-1.5120285e-14
-3.4422789e-15
-3.302233e-14
-7.4712534e-15
-6.0938765e-14
-1.4326103e-14
-1.0363359e-13
-2.5443965e-14
-1.6799264e-13
-4.2922312e-14
-2.6393157e-13
-6.9807974e-14
-4.0567773e-13
-1.1050826e-13
-6.1357166e-13
-1.7137371e-13
-9.1658591e-13
-2.6152099e-13
-1.355826e-12
-3.9398964e-13
-1.9893633e-12
-5.8736042e-13
-2.8988531e-12
-8.6800638e-13
-4.1985179e-12
-1.2732044e-12
-6.047211e-12
-1.8554051e-12
-8.6644336e-12
-2.6880457e-12
-1.2351322e-11
-3.8733929e-12
-1.7517766e-11
-5.5530234e-12
-2.4716922e-11
-7.9216874e-12
-3.4688496e-11
-1.1245454e-11
-4.8412215e-11
-1.5885217e-11
-6.7173084e-11
-2.2326855e-11
-9.2640191e-11
-3.1219591e-11
-1.2696122e-10
-4.3424475e-11
-1.7287521e-10
-6.0075343e-11
-2.3384617e-10
-8.2655233e-11
-3.1421952e-10
-1.1309189e-10
-4.194004e-10
-1.5387662e-10
-5.5604779e-10
-2.0821072e-10
-7.3226885e-10
-2.8018177e-10
-9.5778603e-10
-3.7497428e-10
-1.2440315e-09
-4.9929729e-10
-1.6040093e-09
-6.6141333e-10
-2.0529837e-09
-8.7118098e-10
-2.6068211e-09
-1.1406312e-09
-3.2811168e-09
-1.48435e-09
-4.0934179e-09
-1.9194981e-09
-5.0622489e-09
-6.2066347e-09
-2.465042e-09
-3.2632159e-16
-3.6234399e-15
-1.5757799e-15
-1.3870826e-14
-4.3051066e-15
-3.0293004e-14
-9.3429088e-15
-5.5900963e-14
-1.7912614e-14
-9.5063885e-14
-3.1808805e-14
-1.5409645e-13
-5.3649358e-14
-2.4209101e-13
-8.7234862e-14
-3.7209222e-13
-1.3805921e-13
-5.6274731e-13
-2.1403224e-13
-8.4061287e-13
-3.2649837e-13
-1.2433599e-12
-4.916655e-13
-1.8241961e-12
-7.3259916e-13
-2.6579195e-12
-1.0819886e-12
-3.8491284e-12
-1.5859578e-12
-5.5432419e-12
-2.3092755e-12
-7.9411158e-12
-3.3424189e-12
-1.1318179e-11
-4.8110585e-12
-1.6049126e-11
-6.8886691e-12
-2.2639312e-11
-9.8131154e-12
-3.1764049e-11
-1.3908233e-11
-4.4317097e-11
-1.9611611e-11
-6.1469707e-11
-2.7509995e-11
-8.4741806e-11
-3.8384044e-11
-1.1608717e-10
-5.3264468e-11
-1.5799479e-10
-7.3502115e-11
-2.1360853e-10
-1.0085502e-10
-2.8686662e-10
-1.3759601e-10
-3.826594e-10
-1.8664483e-10
-5.0699897e-10
-2.5172836e-10
-6.6718532e-10
-3.37572e-10
-8.7194239e-10
-4.5012306e-10
-1.1314805e-09
-5.9670066e-10
-1.4574317e-09
-7.8662634e-10
-1.863058e-09
-1.0310241e-09
-2.3624233e-09
-1.3428148e-09
-2.969326e-09
-1.737387e-09
-3.6988458e-09
-2.2327214e-09
-4.5669145e-09
-5.5905884e-09
-2.8487677e-09
-3.8811573e-16
-3.2353241e-15
-1.8740481e-15
-1.2384894e-14
-5.1196473e-15
-2.7047404e-14
-1.1109783e-14
-4.9910827e-14
-2.1298268e-14
-8.4875399e-14
-3.7817046e-14
-1.3757767e-13
-6.3775122e-14
-2.1613294e-13
-1.0368438e-13
-3.3218297e-13
-1.6406395e-13
-5.0236774e-13
-2.5429477e-13
-7.5038205e-13
-3.878226e-13
-1.1098321e-12
-5.8384329e-13
-1.6281754e-12
-8.6965068e-13
-2.3721121e-12
-1.2838871e-12
-3.4348921e-12
-1.8810112e-12
-4.9461177e-12
-2.7373909e-12
-7.0847361e-12
-3.9595376e-12
-1.0096032e-11
-5.6951268e-12
-1.4313537e-11
-8.1475933e-12
-2.0186845e-11
-1.1595248e-11
-2.8316394e-11
-1.6416039e-11
-3.9496306e-11
-2.3119267e-11
-5.4766478e-11
-3.2385818e-11
-7.5475256e-11
-4.5118713e-11
-1.0335428e-10
-6.2506188e-11
-1.4060731e-10
-8.6099898e-11
-1.9001482e-10
-1.179113e-10
-2.5505522e-10
-1.6052959e-10
-3.4004111e-10
-2.1726455e-10
-4.5026401e-10
-2.9231663e-10
-5.9213324e-10
-3.9097424e-10
-7.7328478e-10
-5.1982935e-10
-1.0026254e-09
-6.8697375e-10
-1.2902873e-09
-9.0241145e-10
-1.6476203e-09
-1.1781826e-09
-2.0866521e-09
-1.5281283e-09
-2.6193804e-09
-1.968401e-09
-3.2585731e-09
-2.517594e-09
-4.0177215e-09
-4.9117287e-09
-3.1964537e-09
-4.4467831e-16
-2.7906458e-15
-2.1470604e-15
-1.0682512e-14
-5.8652069e-15
-2.3329258e-14
-1.2726987e-14
-4.3049047e-14
-2.4397028e-14
-7.3205359e-14
-4.3315937e-14
-1.1865876e-13
-7.304202e-14
-1.8640685e-13
-1.1873776e-13
-2.8648723e-13
-1.878599e-13
-4.332456e-13
-2.9113442e-13
-6.4710753e-13
-4.4392787e-13
-9.5703862e-13
-6.6816652e-13
-1.4039368e-12
-9.9500676e-13
-2.0452718e-12
-1.4685267e-12
-2.9613721e-12
-2.1507923e-12
-4.2638522e-12
-3.1287518e-12
-6.1067766e-12
-4.5235341e-12
-8.7012499e-12
-6.50286e-12
-1.2334211e-11
-9.2974339e-12
-1.7392271e-11
-1.3222344e-11
-2.4391484e-11
-1.8704681e-11
-3.4013969e-11
-2.6318787e-11
-4.7152372e-11
-3.6830767e-11
-6.4963276e-11
-5.125419e-11
-8.8930856e-11
-7.0919239e-11
-1.2094226e-10
-9.7557952e-11
-1.633761e-10
-1.3340857e-10
-2.192046e-10
-1.8134206e-10
-2.9210762e-10
-2.4501349e-10
-3.8659258e-10
-3.2903927e-10
-5.0810746e-10
-4.3919811e-10
-6.6312594e-10
-5.8264644e-10
-8.5917705e-10
-7.681352e-10
-1.1047985e-09
-1.006305e-09
-1.4094505e-09
-1.3098344e-09
-1.7831228e-09
-1.6933272e-09
-2.2358875e-09
-2.1736008e-09
-2.7782995e-09
-2.7697826e-09
-3.4215396e-09
-4.1782271e-09
-3.5032842e-09
-4.944128e-16
-2.296233e-15
-2.3871046e-15
-8.78982e-15
-6.520716e-15
-1.9195646e-14
-1.4148833e-14
-3.5420929e-14
-2.7121414e-14
-6.0232779e-14
-4.8150415e-14
-9.7629757e-14
-8.1189109e-14
-1.5336816e-13
-1.3197189e-13
-2.3570445e-13
-2.0877966e-13
-3.5643783e-13
-3.2352063e-13
-5.3236657e-13
-4.9324948e-13
-7.8730976e-13
-7.4229193e-13
-1.1548943e-12
-1.1051981e-12
-1.6823657e-12
-1.6308212e-12
-2.435749e-12
-2.3879078e-12
-3.5067656e-12
-3.4726946e-12
-5.0219897e-12
-5.0191364e-12
-7.1548081e-12
-7.2125325e-12
-1.0140815e-11
-1.0307482e-11
-1.4297321e-11
-1.4651269e-11
-2.0047697e-11
-2.071396e-11
-2.7951279e-11
-2.9126694e-11
-3.8739637e-11
-4.072989e-11
-5.3360081e-11
-5.6633333e-11
-7.3027413e-11
-7.8290481e-11
-9.9285113e-11
-1.0758962e-10
-1.3407696e-10
-1.469648e-10
-1.7982942e-10
-1.9952929e-10
-2.3954313e-10
-2.6923367e-10
-3.1688819e-10
-3.6104849e-10
-4.1629264e-10
-4.8116772e-10
-5.4300671e-10
-6.3722395e-10
-7.0312082e-10
-8.3850393e-10
-9.0351854e-10
-1.0961844e-09
-1.1517701e-09
-1.4234593e-09
-1.4558479e-09
-1.8355126e-09
-1.8238342e-09
-2.3496886e-09
-2.2641235e-09
-2.9855804e-09
-2.7856478e-09
-3.3986435e-09
-3.7651641e-09
-5.3601467e-16
-1.7602184e-15
-2.587897e-15
-6.7379377e-15
-7.0690114e-15
-1.4714532e-14
-1.5338075e-14
-2.7151866e-14
-2.940001e-14
-4.6170843e-14
-5.2193642e-14
-7.4836125e-14
-8.800243e-14
-1.1755937e-13
-1.4303883e-13
-1.8066805e-13
-2.2627256e-13
-2.7320409e-13
-3.5059978e-13
-4.0803935e-13
-5.3448565e-13
-6.0342389e-13
-8.0426016e-13
-8.8511984e-13
-1.1973075e-12
-1.2893183e-12
-1.7664675e-12
-1.866589e-12
-2.5860617e-12
-2.6871714e-12
-3.7600756e-12
-3.8479758e-12
-5.4331584e-12
-5.4817253e-12
-7.8052593e-12
-7.768714e-12
-1.115088e-11
-1.0951701e-11
-1.5844102e-11
-1.5354475e-11
-2.2390732e-11
-2.1404648e-11
-3.1469103e-11
-2.9661267e-11
-4.3981295e-11
-4.0847888e-11
-6.1116819e-11
-5.5891889e-11
-8.4431088e-11
-7.5970844e-11
-1.1594133e-10
-1.0256673e-10
-1.5824271e-10
-1.3752804e-10
-2.1464731e-10
-1.8313853e-10
-2.8934722e-10
-2.4218828e-10
-3.8760112e-10
-3.1803874e-10
-5.1593924e-10
-4.1466859e-10
-6.8237671e-10
-5.3668335e-10
-8.966216e-10
-6.8927365e-10
-1.1702734e-09
-8.7811822e-10
-1.5169359e-09
-1.1091854e-09
-1.952228e-09
-1.3885421e-09
-2.4938926e-09
-1.7224589e-09
-3.161903e-09
-2.1176374e-09
-2.5818443e-09
-3.9787022e-09
-5.6736619e-16
-1.1928522e-15
-2.7392383e-15
-4.5660655e-15
-7.4824417e-15
-9.9713287e-15
-1.623544e-14
-1.8398867e-14
-3.1121252e-14
-3.1285031e-14
-5.5252622e-14
-5.0704755e-14
-9.3167905e-14
-7.9644089e-14
-1.5145116e-13
-1.223848e-13
-2.3960993e-13
-1.8504531e-13
-3.7131064e-13
-2.7633864e-13
-5.6611476e-13
-4.0861977e-13
-8.5190912e-13
-5.9932548e-13
-1.2682784e-12
-8.7294902e-13
-1.871156e-12
-1.2637115e-12
-2.7391879e-12
-1.8191394e-12
-3.9823656e-12
-2.6047981e-12
-5.7536229e-12
-3.710468e-12
-8.2642497e-12
-5.2580872e-12
-1.1804144e-11
-7.4118063e-12
-1.6768106e-11
-1.0390513e-11
-2.368955e-11
-1.4483204e-11
-3.3283238e-11
-2.006758e-11
-4.6498807e-11
-2.763232e-11
-6.4587183e-11
-3.7803512e-11
-8.9182217e-11
-5.1375811e-11
-1.2240016e-10
-6.9348784e-11
-1.6695969e-10
-9.2968502e-11
-2.2632485e-10
-1.2377337e-10
-3.0487183e-10
-1.6364131e-10
-4.0807813e-10
-2.1483244e-10
-5.4272821e-10
-2.800185e-10
-7.1712433e-10
-3.6228724e-10
-9.4128666e-10
-4.6511132e-10
-1.2271277e-09
-5.9227713e-10
-1.5885551e-09
-7.4775805e-10
-2.0414989e-09
-9.3559832e-10
-2.6039901e-09
-1.1599678e-09
-3.2962889e-09
-1.4253386e-09
-1.7369332e-09
-4.1412e-09
-5.8918294e-16
-6.0366924e-16
-2.8446547e-15
-2.3105938e-15
-7.7712445e-15
-5.0447389e-15
-1.6864616e-14
-9.3054955e-15
-3.2332761e-14
-1.5816887e-14
-5.7413428e-14
-2.5624087e-14
-9.6826737e-14
-4.023078e-14
-1.5741726e-13
-6.1794273e-14
-2.4905876e-13
-9.3403814e-14
-3.859314e-13
-1.39466e-13
-5.8833262e-13
-2.0621855e-13
-8.8520456e-13
-3.0245354e-13
-1.3176265e-12
-4.4052712e-13
-1.9436345e-12
-6.3770343e-13
-2.8448155e-12
-9.1795839e-13
-4.1352484e-12
-1.3143652e-12
-5.9735087e-12
-1.8722077e-12
-8.578613e-12
-2.6529829e-12
-1.2250953e-11
-3.739466e-12
-1.7399448e-11
-5.2420185e-12
-2.4576327e-11
-7.3063246e-12
-3.4521156e-11
-1.0122751e-11
-4.8215933e-11
-1.3937543e-11
-6.6953328e-11
-1.9066117e-11
-9.2420441e-11
-2.5908698e-11
-1.2680066e-10
-3.4968569e-11
-1.7289626e-10
-4.6872901e-11
-2.3427395e-10
-6.2395685e-11
-3.1543402e-10
-8.2481229e-11
-4.2200113e-10
-1.0826534e-10
-5.6093003e-10
-1.410896e-10
-7.4071428e-10
-1.8250299e-10
-9.7158027e-10
-2.3424533e-10
-1.2656474e-09
-2.9820997e-10
-1.6370236e-09
-3.7638188e-10
-2.1018394e-09
-4.7078254e-10
-2.6783131e-09
-5.8349403e-10
-3.3868974e-09
-7.1675436e-10
-8.7318787e-10
-4.2506427e-09
-6.0366924e-16
7.0863361e-26
-2.914263e-15
2.6133457e-25
-7.9590019e-15
5.572139e-25
-1.7264497e-14
1.008125e-24
-3.3081384e-14
1.6804441e-24
-5.8705471e-14
2.6634315e-24
-9.8936251e-14
4.0793243e-24
-1.6073052e-13
6.0958007e-24
-2.5413434e-13
8.9369823e-24
-3.9360034e-13
1.2879775e-23
-5.998189e-13
1.8312971e-23
-9.0227244e-13
2.5821843e-23
-1.3427996e-12
3.6173378e-23
-1.980503e-12
5.0409997e-23
-2.8984614e-12
6.9969562e-23
-4.2128266e-12
9.6986247e-23
-6.0850343e-12
1.3534503e-22
-8.7380173e-12
1.9392261e-22
-1.2477483e-11
2.9394284e-22
-1.7719502e-11
4.794997e-22
-2.5025826e-11
8.20398e-22
-3.5148577e-11
1.3839081e-21
-4.908612e-11
2.1591167e-21
-6.8152237e-11
2.9632856e-21
-9.4060935e-11
3.4085166e-21
-1.290295e-10
3.0110373e-21
-1.7590241e-10
1.506194e-21
-2.3829809e-10
-1.4143627e-21
-3.2077932e-10
-9.3175989e-21
-4.2904466e-10
-2.9444204e-20
-5.7013426e-10
-5.7001337e-20
-7.5263725e-10
-7.3531042e-20
-9.8688257e-10
-6.3083776e-20
-1.2850925e-09
-8.1514689e-21
-1.6614744e-09
8.3441017e-20
-2.132257e-09
1.4078441e-19
-2.715751e-09
7.0736394e-20
-3.4325054e-09
-1.258328e-19
-4.3056932e-09
-2.3785027e-19
1.29724e-09
-1.8386167e-10
9.1216237e-21
1.4934382e-09
-1.9619824e-10
-8.3518232e-20
1.6983412e-09
-2.0490304e-10
2.4714963e-21
1.9130272e-09
-2.14686e-10
-4.2048149e-20
2.1370166e-09
-2.239894e-10
-1.4528164e-20
2.3698753e-09
-2.3285871e-10
-1.2989313e-20
2.6109253e-09
-2.4104993e-10
-2.8158908e-20
2.859067e-09
-2.4814176e-10
-2.1906969e-20
3.1128097e-09
-2.5374261e-10
1.955003e-21
3.3701327e-09
-2.5732308e-10
3.9856984e-20
3.6284001e-09
-2.5826735e-10
1.2497306e-19
3.8842336e-09
-2.5583351e-10
2.3200644e-19
4.1335e-09
-2.4926637e-10
3.5693794e-19
4.3704861e-09
-2.3698611e-10
5.6664163e-19
-2.2016756e-10
4.5906536e-09
4.1412408e-19
1.3391705e-09
-3.7289286e-10
1.5411411e-09
-3.981688e-10
1.7522774e-09
-4.1603941e-10
1.9736861e-09
-4.3609469e-10
2.2048306e-09
-4.5513384e-10
2.4452649e-09
-4.7329306e-10
2.6942614e-09
-4.9004637e-10
2.9506771e-09
-5.0455753e-10
3.2129551e-09
-5.1602054e-10
3.4789933e-09
-5.2336129e-10
3.7460556e-09
-5.2532969e-10
4.0106284e-09
-5.2040631e-10
4.2684387e-09
-5.0707662e-10
4.5135438e-09
-4.8209124e-10
-4.4787153e-10
4.7412478e-09
1.3859585e-09
-5.6774708e-10
1.5943961e-09
-6.0660636e-10
1.8125525e-09
-6.3419583e-10
2.041514e-09
-6.650562e-10
2.2806962e-09
-6.94316e-10
2.5296245e-09
-7.2222142e-10
2.7875121e-09
-7.4793392e-10
3.053158e-09
-7.7020348e-10
3.3249221e-09
-7.8778465e-10
3.6006017e-09
-7.9904086e-10
3.8773389e-09
-8.0206692e-10
4.1514628e-09
-7.9453017e-10
4.4185304e-09
-7.7414417e-10
4.6723624e-09
-7.3592323e-10
-6.8353294e-10
4.9080238e-09
1.4380951e-09
-7.6917734e-10
1.6538037e-09
-8.2231492e-10
1.8798826e-09
-8.6027469e-10
2.1173439e-09
-9.0251754e-10
2.3655666e-09
-9.4253869e-10
2.6240276e-09
-9.806824e-10
2.8918711e-09
-1.0157774e-09
3.1678213e-09
-1.0461537e-09
3.4501361e-09
-1.0700995e-09
3.7364909e-09
-1.0853957e-09
4.0238818e-09
-1.0894578e-09
4.3084579e-09
-1.0791063e-09
4.5855718e-09
-1.0512581e-09
4.8488022e-09
-9.9915356e-10
-9.2761582e-10
5.0928851e-09
1.4959564e-09
-9.7802507e-10
1.7198517e-09
-1.0462102e-09
1.9548677e-09
-1.0952907e-09
2.2018933e-09
-1.1495432e-09
2.4602778e-09
-1.2009231e-09
2.7294309e-09
-1.2498355e-09
3.0084167e-09
-1.2947633e-09
3.2958656e-09
-1.3336025e-09
3.5899134e-09
-1.3641473e-09
3.8880906e-09
-1.3835729e-09
4.1872215e-09
-1.3885886e-09
4.4832512e-09
-1.375136e-09
4.7712926e-09
-1.3392995e-09
5.044673e-09
-1.272534e-09
-1.1806545e-09
5.2977117e-09
1.5597471e-09
-1.1952077e-09
1.7928471e-09
-1.2793102e-09
2.0379241e-09
-1.3403677e-09
2.2956904e-09
-1.4073095e-09
2.5654713e-09
-1.4707041e-09
2.8465941e-09
-1.5309582e-09
3.1380287e-09
-1.5861979e-09
3.4382918e-09
-1.6338656e-09
3.7453756e-09
-1.6712311e-09
4.0566417e-09
-1.6948391e-09
4.3687159e-09
-1.7006627e-09
4.6773141e-09
-1.6837342e-09
4.9772751e-09
-1.6392605e-09
5.2616623e-09
-1.5569212e-09
-1.4432842e-09
5.5242921e-09
1.6294339e-09
-1.4216974e-09
1.872841e-09
-1.5227173e-09
2.1292075e-09
-1.5967342e-09
2.3989898e-09
-1.6770918e-09
2.6815062e-09
-1.7532204e-09
2.9759875e-09
-1.8254395e-09
3.2812935e-09
-1.8915039e-09
3.5958059e-09
-1.948378e-09
3.9173511e-09
-1.9927762e-09
4.2430976e-09
-2.0205856e-09
4.5694459e-09
-2.027011e-09
4.8918577e-09
-2.0061461e-09
5.2048643e-09
-1.9522671e-09
5.5012509e-09
-1.8533078e-09
-1.7162803e-09
5.774247e-09
1.7046681e-09
-1.6584886e-09
1.959546e-09
-1.7775951e-09
2.2285279e-09
-1.865716e-09
2.5116807e-09
-1.9602446e-09
2.8083611e-09
-2.0499009e-09
3.1176913e-09
-2.1347697e-09
3.4384004e-09
-2.212213e-09
3.7687135e-09
-2.2786911e-09
4.1062686e-09
-2.3303313e-09
4.4480174e-09
-2.3623344e-09
4.7901103e-09
-2.3691039e-09
5.1277302e-09
-2.343766e-09
5.4550702e-09
-2.2796071e-09
5.764621e-09
-2.1628585e-09
-2.0006054e-09
6.048946e-09
1.7847062e-09
-1.9065479e-09
2.0522614e-09
-2.0451504e-09
2.3352614e-09
-2.148716e-09
2.6331887e-09
-2.2581718e-09
2.945534e-09
-2.3622463e-09
3.271292e-09
-2.4605277e-09
3.6090357e-09
-2.5499567e-09
3.9568119e-09
-2.6264673e-09
4.3120484e-09
-2.6855678e-09
4.6714582e-09
-2.7217443e-09
5.0309189e-09
-2.7285645e-09
5.3853125e-09
-2.6981597e-09
5.7284669e-09
-2.6227615e-09
6.0525616e-09
-2.4869532e-09
-2.2974643e-09
6.3494204e-09
1.8686694e-09
-2.1670926e-09
2.1501539e-09
-2.3266348e-09
2.4482752e-09
-2.4468373e-09
2.7623779e-09
-2.5722745e-09
3.0919433e-09
-2.6918117e-09
3.4357815e-09
-2.8043659e-09
3.792281e-09
-2.9064561e-09
4.1592877e-09
-2.993474e-09
4.5339999e-09
-3.06028e-09
4.9128726e-09
-3.100617e-09
5.2914914e-09
-3.1071834e-09
5.6644199e-09
-3.0710881e-09
6.0250975e-09
-2.9834391e-09
6.3653773e-09
-2.827233e-09
-2.6083643e-09
6.6762773e-09
1.9553158e-09
-2.4416405e-09
2.2517441e-09
-2.6230632e-09
2.5656955e-09
-2.7607887e-09
2.8974528e-09
-2.9040318e-09
3.2458419e-09
-3.0402007e-09
3.6094717e-09
-3.1679957e-09
3.9865264e-09
-3.2835109e-09
4.3746307e-09
-3.3815783e-09
4.7707353e-09
-3.4563846e-09
5.1710228e-09
-3.5009045e-09
5.5707732e-09
-3.5069339e-09
5.9642181e-09
-3.4645331e-09
6.344392e-09
-3.363613e-09
6.7028083e-09
-3.1856493e-09
-2.9351788e-09
7.0296227e-09
2.0413318e-09
-2.730887e-09
2.3537895e-09
-2.9355209e-09
2.685087e-09
-3.0920862e-09
3.0359246e-09
-3.2548694e-09
3.4047531e-09
-3.4090292e-09
3.7899306e-09
-3.5531732e-09
4.1894095e-09
-3.6829898e-09
4.6005728e-09
-3.7927416e-09
5.0201103e-09
-3.8759222e-09
5.4439223e-09
-3.9247164e-09
5.8669761e-09
-3.9299877e-09
6.2831652e-09
-3.8807221e-09
6.6851081e-09
-3.7655558e-09
7.06397e-09
-3.5645112e-09
-3.2802089e-09
7.4090001e-09
2.1231132e-09
-3.0349689e-09
2.4526205e-09
-3.2650282e-09
2.8031434e-09
-3.4426091e-09
3.1745361e-09
-3.6262621e-09
3.565435e-09
-3.7999282e-09
3.9739543e-09
-3.9616925e-09
4.3977894e-09
-4.1068249e-09
4.8340657e-09
-4.2290178e-09
5.2792026e-09
-4.3210591e-09
5.7288149e-09
-4.3743287e-09
6.1775579e-09
-4.3787307e-09
6.6189882e-09
-4.3221524e-09
7.0453049e-09
-4.1918726e-09
7.447322e-09
-3.9665282e-09
-3.64624e-09
7.813353e-09
2.1977555e-09
-3.3544332e-09
2.5449567e-09
-3.6122294e-09
2.9158388e-09
-3.8134912e-09
3.309275e-09
-4.0196983e-09
3.7238938e-09
-4.2145469e-09
4.1575834e-09
-4.3953822e-09
4.6077689e-09
-4.5570104e-09
5.0713053e-09
-4.6925542e-09
5.5443382e-09
-4.794092e-09
6.0222015e-09
-4.852192e-09
6.499247e-09
-4.8557762e-09
6.9687046e-09
-4.79161e-09
7.4223585e-09
-4.6455265e-09
7.8506743e-09
-4.3948441e-09
-4.0365854e-09
8.2410198e-09
2.2610952e-09
-3.6897654e-09
2.62647e-09
-3.9776042e-09
3.0186219e-09
-4.2056431e-09
3.435473e-09
-4.4365495e-09
3.8754525e-09
-4.6545264e-09
4.3361741e-09
-4.8561037e-09
4.8147689e-09
-5.0356053e-09
5.3078106e-09
-5.1855959e-09
5.8111729e-09
-5.2974543e-09
6.319921e-09
-5.3609401e-09
6.8281209e-09
-5.3639761e-09
7.328695e-09
-5.2921841e-09
7.8130243e-09
-5.1298558e-09
8.2712373e-09
-4.853057e-09
-4.455114e-09
8.6897658e-09
2.3081305e-09
-4.0412165e-09
2.692036e-09
-4.3615097e-09
3.1063236e-09
-4.6199307e-09
3.5478932e-09
-4.8781191e-09
4.0148681e-09
-5.1215013e-09
4.5045228e-09
-5.3457584e-09
5.0136597e-09
-5.5447422e-09
5.5385585e-09
-5.7104946e-09
6.0748284e-09
-5.8337242e-09
6.6172863e-09
-5.903398e-09
7.1597389e-09
-5.9064288e-09
7.694828e-09
-5.8272731e-09
8.2135513e-09
-5.6485791e-09
8.705718e-09
-5.3452237e-09
-4.9062538e-09
9.1568578e-09
2.333405e-09
-4.4088889e-09
2.7360722e-09
-4.7641769e-09
3.1733061e-09
-5.0571646e-09
3.6408745e-09
-5.3456875e-09
4.136497e-09
-5.6171238e-09
4.6570435e-09
-5.8663048e-09
5.1989438e-09
-6.0866425e-09
5.7581705e-09
-6.2697214e-09
6.3300807e-09
-6.4056344e-09
6.9092715e-09
-6.4825888e-09
7.4893246e-09
-6.4864819e-09
8.0626346e-09
-6.4005832e-09
8.619842e-09
-6.2057865e-09
9.1504619e-09
-5.8758436e-09
-5.3949703e-09
9.6391784e-09
2.3311229e-09
-4.7928155e-09
2.7527214e-09
-5.1857754e-09
3.2136689e-09
-5.5181121e-09
3.7085347e-09
-5.8405533e-09
4.234509e-09
-6.1430981e-09
4.7879886e-09
-6.4197845e-09
5.3649823e-09
-6.6636361e-09
5.9611417e-09
-6.8658808e-09
6.5715901e-09
-7.0160828e-09
7.19074e-09
-7.1017387e-09
7.8119887e-09
-7.1077306e-09
8.4275215e-09
-7.0161159e-09
9.027652e-09
-6.805917e-09
9.6016318e-09
-6.4498235e-09
-5.9267165e-09
1.0133378e-08
2.2953305e-09
-5.1930504e-09
2.7360886e-09
-5.6265334e-09
3.2214962e-09
-6.0035197e-09
3.7450154e-09
-6.3640726e-09
4.3031344e-09
-6.701217e-09
4.8917005e-09
-7.0083506e-09
5.5062478e-09
-7.2781834e-09
6.1420946e-09
-7.5017277e-09
6.7941538e-09
-7.6681419e-09
7.4566951e-09
-7.76428e-09
8.1229755e-09
-7.774011e-09
8.7850083e-09
-7.6781487e-09
9.4328133e-09
-7.453722e-09
1.0055412e-08
-7.0724224e-09
-6.507356e-09
1.0636052e-08
2.2200907e-09
-5.609734e-09
2.680487e-09
-6.0869297e-09
3.1911251e-09
-6.5141578e-09
3.7447441e-09
-6.9176915e-09
4.3369258e-09
-7.2933987e-09
4.962872e-09
-7.6342968e-09
5.6175848e-09
-7.9328962e-09
6.2960381e-09
-8.180181e-09
6.9929641e-09
-8.365068e-09
7.7025352e-09
-8.4738511e-09
8.417912e-09
-8.4893878e-09
9.1309686e-09
-8.3912053e-09
9.831464e-09
-8.1542175e-09
1.0508223e-08
-7.7491812e-09
-7.1430626e-09
1.1143929e-08
2.0995444e-09
-6.0430064e-09
2.5805661e-09
-6.5679514e-09
3.117355e-09
-7.0509467e-09
3.7026653e-09
-7.5030019e-09
4.3309996e-09
-7.921733e-09
4.9967927e-09
-8.3000899e-09
5.6944556e-09
-8.6305591e-09
6.4186123e-09
-8.9043377e-09
7.1638505e-09
-9.1103062e-09
7.9242923e-09
-9.2342928e-09
8.6930413e-09
-9.2581369e-09
9.4618548e-09
-9.1600188e-09
1.0220262e-08
-8.9126245e-09
1.0956919e-08
-8.4858382e-09
-7.8402004e-09
1.1654057e-08
1.9283021e-09
-6.4928033e-09
2.4314361e-09
-7.0710854e-09
2.9956503e-09
-7.6151609e-09
3.6144727e-09
-8.1218243e-09
4.2812719e-09
-8.5885322e-09
4.989581e-09
-9.0083991e-09
5.7331657e-09
-9.3741438e-09
6.5063069e-09
-9.6774788e-09
7.3034918e-09
-9.9074911e-09
8.1188375e-09
-1.0049639e-08
8.9454208e-09
-1.008472e-08
9.774888e-09
-9.989486e-09
1.0596567e-08
-9.7343034e-09
1.1398964e-08
-9.2882357e-09
-8.6051937e-09
1.2163958e-08
1.7031944e-09
-6.9591565e-09
2.2300867e-09
-7.5979777e-09
2.8231262e-09
-8.2082003e-09
3.4772506e-09
-8.7759488e-09
4.1848687e-09
-9.2961503e-09
4.9384603e-09
-9.7619906e-09
5.7310697e-09
-1.0166753e-08
6.5566325e-09
-1.0503042e-08
7.4095711e-09
-1.076043e-08
8.284027e-09
-1.0924094e-08
9.17306e-09
-1.0973753e-08
1.0068187e-08
-1.0884613e-08
1.0958571e-08
-1.0624688e-08
1.1832544e-08
-1.0162208e-08
-9.4444114e-09
1.2671762e-08
1.4290336e-09
-7.4457843e-09
1.9789229e-09
-8.1478671e-09
2.6005034e-09
-8.8297808e-09
3.2904297e-09
-9.4658751e-09
4.0405164e-09
-1.0046237e-08
4.8418818e-09
-1.0563356e-08
5.6865914e-09
-1.1011463e-08
6.5681119e-09
-1.1384562e-08
7.4807649e-09
-1.1673083e-08
8.4186971e-09
-1.1862027e-08
9.3749243e-09
-1.192998e-08
1.0340793e-08
-1.1850482e-08
1.130531e-08
-1.1589205e-08
1.2256733e-08
-1.1113631e-08
1.3176025e-08
-1.0363703e-08
4.6706089e-09
-7.995524e-11
8.0952688e-19
4.7526857e-09
-8.207684e-11
3.1480606e-19
4.8350204e-09
-8.2334693e-11
2.1800494e-19
4.9168788e-09
-8.1858348e-11
2.3528279e-19
4.9981526e-09
-8.1273892e-11
-1.1256817e-18
5.078236e-09
-8.0083333e-11
1.0070415e-18
5.1568754e-09
-7.8639423e-11
-3.0692146e-18
5.2338039e-09
-7.6928493e-11
3.6572813e-18
5.3086926e-09
-7.4888667e-11
-5.7805003e-18
5.3815748e-09
-7.2882212e-11
1.2233587e-17
5.4516911e-09
-7.0116267e-11
-2.1237526e-17
5.5203707e-09
-6.8679642e-11
1.5907904e-17
5.583241e-09
-6.2870335e-11
7.488691e-18
5.6518199e-09
-6.8578893e-11
-6.2887016e-19
-4.6148373e-11
-4.2225833e-17
4.822425e-09
-1.6113243e-10
4.9058715e-09
-1.6552334e-10
4.9896843e-09
-1.6614754e-10
5.0731289e-09
-1.6530298e-10
5.1560674e-09
-1.6421239e-10
5.2378819e-09
-1.6189787e-10
5.3182979e-09
-1.5905541e-10
5.3970326e-09
-1.5566321e-10
5.4737411e-09
-1.5159714e-10
5.5484442e-09
-1.4758534e-10
5.6203614e-09
-1.4203346e-10
5.690838e-09
-1.3915628e-10
5.7553985e-09
-1.2743075e-10
5.8258079e-09
-1.3898836e-10
-9.3572896e-11
4.9890914e-09
-2.4220009e-10
5.072632e-09
-2.4906397e-10
5.1567975e-09
-2.5031304e-10
5.2408253e-09
-2.4933075e-10
5.3245445e-09
-2.4793153e-10
5.4073213e-09
-2.4467468e-10
5.4888483e-09
-2.4058242e-10
5.5688182e-09
-2.3563314e-10
5.6468606e-09
-2.2963957e-10
5.7229731e-09
-2.2369777e-10
5.7963475e-09
-2.1540794e-10
5.8683318e-09
-2.1114052e-10
5.9343548e-09
-1.9345374e-10
6.00636e-09
-2.1099359e-10
-1.4213481e-10
5.1723306e-09
-3.2164565e-10
5.2545104e-09
-3.3124373e-10
5.3377388e-09
-3.3354149e-10
5.4211938e-09
-3.3278571e-10
5.5046717e-09
-3.3140946e-10
5.5875175e-09
-3.2752045e-10
5.6693793e-09
-3.2244418e-10
5.7499156e-09
-3.1616949e-10
5.8287203e-09
-3.0844425e-10
5.905756e-09
-3.0073344e-10
5.9801792e-09
-2.8983121e-10
6.0533263e-09
-2.8428756e-10
6.1205355e-09
-2.6066293e-10
6.1938579e-09
-2.8431603e-10
-1.9166489e-10
5.373862e-09
-3.9779593e-10
5.4530711e-09
-4.1045283e-10
5.5339197e-09
-4.1439006e-10
5.6155027e-09
-4.1436879e-10
5.697584e-09
-4.1349076e-10
5.7794829e-09
-4.0941936e-10
5.8607921e-09
-4.0375337e-10
5.9411265e-09
-3.9650385e-10
6.0200332e-09
-3.8735099e-10
6.0974281e-09
-3.7812834e-10
6.1724237e-09
-3.648268e-10
6.2463287e-09
-3.581926e-10
6.3143963e-09
-3.2873047e-10
6.3887081e-09
-3.5862787e-10
-2.4196509e-10
5.5953515e-09
-4.6885539e-10
5.6698584e-09
-4.8495973e-10
5.746754e-09
-4.9128569e-10
5.8250397e-09
-4.9265442e-10
5.9044462e-09
-4.9289734e-10
5.9842665e-09
-4.8923966e-10
6.0640281e-09
-4.8351495e-10
6.1432934e-09
-4.7576917e-10
6.221553e-09
-4.6561053e-10
6.2986634e-09
-4.5523878e-10
6.3736845e-09
-4.3984784e-10
6.4478795e-09
-4.3238765e-10
6.5164225e-09
-3.9727346e-10
6.5913438e-09
-4.3354912e-10
-2.9280868e-10
5.8383505e-09
-5.3295893e-10
5.9063478e-09
-5.5295698e-10
5.9776209e-09
-5.6255884e-10
6.0510827e-09
-5.6611618e-10
6.126432e-09
-5.6824671e-10
6.2029385e-09
-5.657461e-10
6.2800576e-09
-5.6063409e-10
6.3572927e-09
-5.5300424e-10
6.4340686e-09
-5.4238649e-10
6.5101715e-09
-5.3134162e-10
6.5845997e-09
-5.1427609e-10
6.6585513e-09
-5.0633926e-10
6.7271287e-09
-4.6585086e-10
6.8022317e-09
-5.0865207e-10
-3.4394728e-10
6.1042264e-09
-5.8823933e-10
6.1638896e-09
-6.126201e-10
6.2278199e-09
-6.2648914e-10
6.294866e-09
-6.3316227e-10
6.3646976e-09
-6.380784e-10
6.4365704e-09
-6.3761888e-10
6.5098656e-09
-6.3392927e-10
6.5840236e-09
-6.2716222e-10
6.6583975e-09
-6.1676044e-10
6.7326927e-09
-6.056368e-10
6.8058392e-09
-5.8742261e-10
6.8789472e-09
-5.7944726e-10
6.9470599e-09
-5.3396355e-10
7.021875e-09
-5.8346716e-10
-3.9511235e-10
6.3940891e-09
-6.3290803e-10
6.4436477e-09
-6.6217863e-10
6.4985212e-09
-6.8136268e-10
6.55754e-09
-6.9218104e-10
6.6203508e-09
-7.0088925e-10
6.6862119e-09
-7.0347999e-10
6.7544341e-09
-7.0215142e-10
6.8243958e-09
-6.9712399e-10
6.8953762e-09
-6.8774082e-10
6.9669923e-09
-6.7725285e-10
7.0381003e-09
-6.5853059e-10
7.1096981e-09
-6.5104512e-10
7.1767878e-09
-6.0105329e-10
7.2508001e-09
-6.574794e-10
-4.4600975e-10
6.7087154e-09
-6.6534612e-10
6.7465342e-09
-6.9999737e-10
6.7907117e-09
-7.255402e-10
6.8401271e-09
-7.415964e-10
6.8944154e-09
-7.5517756e-10
6.9528626e-09
-7.619272e-10
7.0147207e-09
-7.6400951e-10
7.0793134e-09
-7.6171678e-10
7.1458486e-09
-7.5427597e-10
7.2138514e-09
-7.4525565e-10
7.2821016e-09
-7.2678083e-10
7.3514587e-09
-7.2040218e-10
7.4169083e-09
-6.6650288e-10
7.4895593e-09
-7.3013041e-10
-4.963197e-10
7.0484777e-09
-6.8420106e-10
7.0731445e-09
-7.2466418e-10
7.1051384e-09
-7.5753415e-10
7.1434738e-09
-7.7993179e-10
7.1877921e-09
-7.9949578e-10
7.2374407e-09
-8.1157581e-10
7.291634e-09
-8.1820286e-10
7.3496558e-09
-8.1973854e-10
7.4106519e-09
-8.1527206e-10
7.4740574e-09
-8.0866114e-10
7.5385765e-09
-7.9130001e-10
7.6049036e-09
-7.867292e-10
7.6680517e-09
-7.29651e-10
7.7387433e-09
-8.0082205e-10
-5.4568506e-10
7.4132815e-09
-6.8848246e-10
7.4236967e-09
-7.3507935e-10
7.4422535e-09
-7.7609103e-10
7.4682025e-09
-8.0588075e-10
7.5012171e-09
-8.325104e-10
7.5407488e-09
-8.511075e-10
7.5860061e-09
-8.6346016e-10
7.6362558e-09
-8.6998827e-10
7.6905997e-09
-8.6961593e-10
7.7483907e-09
-8.6645212e-10
7.8082631e-09
-8.5117239e-10
7.8707247e-09
-8.4919082e-10
7.9308756e-09
-7.8980189e-10
7.9989621e-09
-8.6890861e-10
-5.9371314e-10
7.8025199e-09
-6.7764934e-10
7.7979806e-09
-7.3054006e-10
7.8021638e-09
-7.8027425e-10
7.8146636e-09
-8.1838051e-10
7.8352201e-09
-8.5306694e-10
7.8634378e-09
-8.7932519e-10
7.8985622e-09
-8.9858454e-10
7.9398759e-09
-9.1130199e-10
7.9864631e-09
-9.1620317e-10
8.0376106e-09
-9.1759961e-10
8.0918933e-09
-9.0545506e-10
8.1496191e-09
-9.0691662e-10
8.2060422e-09
-8.4622505e-10
8.2708287e-09
-9.3369502e-10
-6.3998602e-10
8.2150501e-09
-6.5167972e-10
8.1953223e-09
-7.1081226e-10
8.1845896e-09
-7.6954146e-10
8.1828936e-09
-8.1668454e-10
8.1900836e-09
-8.6025691e-10
8.2059702e-09
-8.9521183e-10
8.2298891e-09
-9.2250349e-10
8.2611812e-09
-9.4259401e-10
8.2989492e-09
-9.5397122e-10
8.3424382e-09
-9.6108863e-10
8.3901804e-09
-9.5319724e-10
8.4422822e-09
-9.590184e-10
8.4942279e-09
-8.9817078e-10
8.554973e-09
-9.9444009e-10
-6.8404608e-10
8.6492e-09
-6.111139e-10
8.61457e-09
-6.7618222e-10
8.5888377e-09
-7.4380917e-10
8.5725814e-09
-8.0042827e-10
8.5658072e-09
-8.5348263e-10
8.5685857e-09
-8.9799033e-10
8.5804041e-09
-9.3432196e-10
8.6007124e-09
-9.6290229e-10
8.628678e-09
-9.8193685e-10
8.6635378e-09
-9.9594841e-10
8.7038057e-09
-9.9346514e-10
8.7494078e-09
-1.0046205e-09
8.7961194e-09
-9.4488232e-10
8.8520352e-09
-1.0503559e-09
-7.2539959e-10
9.1028075e-09
-5.5706358e-10
9.0541053e-09
-6.2748003e-10
9.0137934e-09
-7.0349728e-10
8.9830475e-09
-7.6968232e-10
8.9620799e-09
-8.3251505e-10
8.9512706e-09
-8.8718107e-10
8.9503246e-09
-9.3337595e-10
8.9588586e-09
-9.7143628e-10
8.9761589e-09
-9.9923719e-10
9.0014969e-09
-1.0212864e-09
9.0334048e-09
-1.025373e-09
9.0716665e-09
-1.0428823e-09
9.1123866e-09
-9.8560242e-10
9.1626524e-09
-1.1006217e-09
-7.6352993e-10
9.5732963e-09
-4.911815e-10
9.5118855e-09
-5.6606924e-10
9.4579349e-09
-6.4954662e-10
9.4132392e-09
-7.2498667e-10
9.3782633e-09
-7.9753908e-10
9.3537347e-09
-8.6265254e-10
9.3396422e-09
-9.1928344e-10
9.3358309e-09
-9.6762495e-10
9.3417666e-09
-1.0051729e-09
9.3568055e-09
-1.0363254e-09
9.3795458e-09
-1.0481132e-09
9.4096761e-09
-1.0730126e-09
9.4436648e-09
-1.0195911e-09
9.4874532e-09
-1.1444101e-09
-7.9790561e-10
1.0057786e-08
-4.1558977e-10
9.9855163e-09
-4.9379928e-10
9.9193737e-09
-5.8340403e-10
9.8617475e-09
-6.673604e-10
9.8133894e-09
-7.4918102e-10
9.7753974e-09
-8.2466058e-10
9.7481029e-09
-8.919889e-10
9.7316403e-09
-9.5116235e-10
9.7257185e-09
-9.9925101e-10
9.729835e-09
-1.0404419e-09
9.742711e-09
-1.0609892e-09
9.7639956e-09
-1.0942972e-09
9.7905541e-09
-1.0461496e-09
9.8270497e-09
-1.1809058e-09
-8.2799041e-10
1.0553232e-08
-3.3277007e-10
1.0472354e-08
-4.1292103e-10
1.0395922e-08
-5.0697213e-10
1.0326844e-08
-5.9828252e-10
1.0266176e-08
-6.8851326e-10
1.0215387e-08
-7.7387136e-10
1.0175196e-08
-8.5179731e-10
1.014608e-08
-9.2204722e-10
1.0128056e-08
-9.8122615e-10
1.0120819e-08
-1.0332054e-09
1.0123278e-08
-1.0634485e-09
1.0135109e-08
-1.106128e-09
1.0153606e-08
-1.0646461e-09
1.0182028e-08
-1.2093277e-09
-8.532552e-10
1.1056583e-08
-2.4542361e-10
1.0969632e-08
-3.2597012e-10
1.0885184e-08
-4.2252448e-10
1.0806544e-08
-5.1964187e-10
1.0735063e-08
-6.1703263e-10
1.0672555e-08
-7.1136387e-10
1.0620152e-08
-7.9939339e-10
1.0578717e-08
-8.8061308e-10
1.0548627e-08
-9.5113555e-10
1.0529836e-08
-1.0144142e-09
1.0521503e-08
-1.0551161e-09
1.052341e-08
-1.1080349e-09
1.0533308e-08
-1.0745438e-09
1.0552935e-08
-1.2289545e-09
-8.7319196e-10
1.1564948e-08
-1.5631476e-10
1.1474604e-08
-2.3562644e-10
1.138467e-08
-3.3259069e-10
1.1298686e-08
-4.3365707e-10
1.1218264e-08
-5.366109e-10
1.1145509e-08
-6.3860895e-10
1.1081958e-08
-7.3584267e-10
1.102889e-08
-8.2754534e-10
1.0987081e-08
-9.0932624e-10
1.0956795e-08
-9.8412788e-10
1.0937502e-08
-1.0358238e-09
1.0929184e-08
-1.0997166e-09
1.0930074e-08
-1.0754333e-09
1.094027e-08
-1.239151e-09
-8.8732847e-10
1.2075755e-08
-6.8112381e-11
1.1984693e-08
-1.4456384e-10
1.1891921e-08
-2.398193e-10
1.1801035e-08
-3.4277076e-10
1.1713843e-08
-4.4941867e-10
1.1632657e-08
-5.5742337e-10
1.1559386e-08
-6.6257131e-10
1.1495722e-08
-7.6388196e-10
1.1442867e-08
-8.5647041e-10
1.140143e-08
-9.4269085e-10
1.1371241e-08
-1.0056353e-09
1.1352527e-08
-1.0810025e-09
1.1344134e-08
-1.0670403e-09
1.1344456e-08
-1.2394728e-09
-8.9526268e-10
1.258688e-08
1.6768718e-11
1.2497633e-08
-5.5316839e-11
1.2404639e-08
-1.4682453e-10
1.2311394e-08
-2.4952633e-10
1.2219803e-08
-3.5782697e-10
1.2132279e-08
-4.6989957e-10
1.2051031e-08
-5.8132362e-10
1.1978144e-08
-6.9099521e-10
1.191524e-08
-7.9356629e-10
1.1863296e-08
-8.9074663e-10
1.1822527e-08
-9.6486648e-10
1.1793378e-08
-1.0518531e-09
1.1775553e-08
-1.0492159e-09
1.1765798e-08
-1.2297174e-09
-8.9672475e-10
1.3096965e-08
9.5828629e-11
1.3011524e-08
3.0124079e-11
1.2920805e-08
-5.6105983e-11
1.2827726e-08
-1.564472e-10
1.2734182e-08
-2.6428288e-10
1.26426e-08
-3.7831803e-10
1.2555374e-08
-4.9409683e-10
1.2474933e-08
-6.1055483e-10
1.2403284e-08
-7.2191751e-10
1.2341785e-08
-8.2924678e-10
1.229102e-08
-9.1410193e-10
1.2251655e-08
-1.0124878e-09
1.2224324e-08
-1.021885e-09
1.2204513e-08
-1.2099062e-09
-8.9150006e-10
7.4302582e-10
-1.0962708e-08
1.0895827e-08
8.1374777e-10
-1.8347191e-08
1.8276469e-08
8.1280365e-10
-3.0439385e-08
3.0440329e-08
6.451549e-10
-4.9950449e-08
5.0118098e-08
2.389764e-10
-8.136518e-08
8.1771358e-08
-4.758929e-10
-1.3228697e-07
1.3300184e-07
-1.6678605e-09
-2.1511368e-07
2.1630565e-07
-3.7007592e-09
-3.496885e-07
3.517214e-07
-5.6666225e-07
5.701844e-07
1.819872e-10
-1.0912453e-08
3.9915964e-11
-1.820512e-08
-2.9606913e-10
-3.01034e-08
-9.7798433e-10
-4.9268534e-08
-2.1790501e-09
-8.0164114e-08
-4.1614255e-09
-1.303046e-07
-7.4085125e-09
-2.118666e-07
-1.2770796e-08
-3.4432622e-07
-5.5783387e-07
-4.0070671e-10
-1.0737617e-08
-7.4687583e-10
-1.7858951e-08
-1.4062254e-09
-2.9444051e-08
-2.5850252e-09
-4.8089734e-08
-4.5621068e-09
-7.8187032e-08
-7.7917982e-09
-1.2707491e-07
-1.3063622e-08
-2.0659477e-07
-2.170351e-08
-3.3568633e-07
-5.4376997e-07
-9.8947413e-10
-1.0440072e-08
-1.5326938e-09
-1.7315731e-08
-2.5010949e-09
-2.8475649e-08
-4.1569195e-09
-4.6433909e-08
-6.8865725e-09
-7.5457379e-08
-1.1331408e-08
-1.2263007e-07
-1.8575066e-08
-1.9935112e-07
-3.040627e-08
-3.2385513e-07
-5.2458503e-07
-1.57277e-09
-1.0024248e-08
-2.3039423e-09
-1.6584559e-08
-3.5654132e-09
-2.7214179e-08
-5.6763274e-09
-4.4322995e-08
-9.1298048e-09
-7.2003902e-08
-1.4746473e-08
-1.170134e-07
-2.3890892e-08
-1.902067e-07
-3.879796e-08
-3.0894806e-07
-5.0044559e-07
-2.1406564e-09
-9.4960691e-09
-3.0489395e-09
-1.5676276e-08
-4.5859253e-09
-2.5677193e-08
-7.1275008e-09
-4.178142e-08
-1.1270232e-08
-6.7861171e-08
-1.8004573e-08
-1.1027906e-07
-2.8961375e-08
-1.7924989e-07
-4.6799998e-08
-2.9110944e-07
-4.7156811e-07
-2.6841461e-09
-8.8627635e-09
-3.7573251e-09
-1.4603097e-08
-5.550833e-09
-2.3883685e-08
-8.4959003e-09
-3.8836352e-08
-1.3287365e-08
-6.3069706e-08
-2.107478e-08
-1.0249165e-07
-3.3739193e-08
-1.6658548e-07
-5.4338326e-08
-2.705103e-07
-4.382177e-07
-3.195214e-09
-8.1325915e-09
-4.4199292e-09
-1.3378382e-08
-6.4495576e-09
-2.1854056e-08
-9.7680722e-09
-3.5517838e-08
-1.5161911e-08
-5.7675867e-08
-2.3927886e-08
-9.372567e-08
-3.817967e-08
-1.523337e-07
-6.1342079e-08
-2.4734789e-07
-4.0070427e-07
-3.6667597e-09
-7.3145995e-09
-5.0286806e-09
-1.2016461e-08
-7.2726226e-09
-1.9610114e-08
-1.0931655e-08
-3.1858806e-08
-1.6875952e-08
-5.173157e-08
-2.6536573e-08
-8.4065049e-08
-4.223989e-08
-1.3663038e-07
-6.7747924e-08
-2.2183986e-07
-3.5938194e-07
-4.0925774e-09
-6.4184757e-09
-5.5765234e-09
-1.0532515e-08
-8.0115903e-09
-1.7175048e-08
-1.197543e-08
-2.7894966e-08
-1.8413127e-08
-4.5293873e-08
-2.8875777e-08
-7.3602399e-08
-4.5882776e-08
-1.1962338e-07
-7.3497444e-08
-1.9422519e-07
-3.1464481e-07
-4.4673152e-09
-5.4544447e-09
-6.0573498e-09
-8.9424805e-09
-8.6590321e-09
-1.4573365e-08
-1.2889391e-08
-2.3664607e-08
-1.9758863e-08
-3.84244e-08
-3.0922033e-08
-6.2439229e-08
-4.9066855e-08
-1.0147856e-07
-7.8529741e-08
-1.6476231e-07
-2.6691431e-07
-4.7864362e-09
-4.4331726e-09
-6.4659566e-09
-7.2629601e-09
-9.2085256e-09
-1.1830796e-08
-1.3664782e-08
-1.9208351e-08
-2.0900565e-08
-3.1188617e-08
-3.2658471e-08
-5.0681322e-08
-5.1768749e-08
-8.2368284e-08
-8.2797988e-08
-1.3373307e-07
-2.1664234e-07
-5.0461906e-09
-3.3656841e-09
-6.7980201e-09
-5.5111306e-09
-9.6546713e-09
-8.9741451e-09
-1.4294176e-08
-1.4568847e-08
-2.1827349e-08
-2.3655444e-08
-3.4068717e-08
-3.8439954e-08
-5.3964444e-08
-6.2472557e-08
-8.6265994e-08
-1.0143152e-07
-1.643102e-07
-5.2435959e-09
-2.2632882e-09
-7.050084e-09
-3.7046425e-09
-9.9931138e-09
-6.0311154e-09
-1.4771549e-08
-9.7904114e-09
-2.2530283e-08
-1.589671e-08
-3.5138313e-08
-2.5831924e-08
-5.5629684e-08
-4.1981185e-08
-8.889703e-08
-6.8164172e-08
-1.104157e-07
-5.3764249e-09
-1.137506e-09
-7.219556e-09
-1.8615114e-09
-1.0220563e-08
-3.0301085e-09
-1.5092333e-08
-4.9186418e-09
-2.3002625e-08
-7.9864177e-09
-3.5856801e-08
-1.2977748e-08
-5.6747201e-08
-2.1090785e-08
-9.0664595e-08
-3.4246778e-08
-5.5470521e-08
-5.4431992e-09
-9.2761266e-20
-7.3047105e-09
1.9125658e-19
-1.0334819e-08
5.0566788e-19
-1.5253461e-08
-3.205958e-19
-2.3239879e-08
1.2229387e-18
-3.6217627e-08
-2.0502127e-18
-5.7308412e-08
1.7682268e-18
-9.155519e-08
-1.1266738e-18
-1.0780316e-17
1.0978052e-08
-7.5280094e-09
1.1044074e-08
-8.2138885e-09
1.1078857e-08
-8.8645643e-09
1.1084028e-08
-9.4710464e-09
1.1062292e-08
-1.0024501e-08
1.1017489e-08
-1.0518553e-08
1.0954728e-08
-1.0948702e-08
1.087903e-08
-1.1308864e-08
1.0794415e-08
-1.1588468e-08
1.0703515e-08
-1.1771127e-08
1.0608002e-08
-1.1834467e-08
1.0508965e-08
-1.1751445e-08
1.0407616e-08
-1.1487856e-08
1.0306513e-08
-1.1012528e-08
-1.0260726e-08
1.0203536e-08
1.8407764e-08
-7.6593037e-09
1.8472734e-08
-8.2788584e-09
1.8476903e-08
-8.8687337e-09
1.8428645e-08
-9.4227889e-09
1.8339105e-08
-9.9349596e-09
1.8219425e-08
-1.0398873e-08
1.8079878e-08
-1.0809155e-08
1.7927666e-08
-1.1156652e-08
1.7767305e-08
-1.1428107e-08
1.7601133e-08
-1.1604955e-08
1.7430551e-08
-1.1663885e-08
1.7256557e-08
-1.1577451e-08
1.7081817e-08
-1.1313117e-08
1.6907401e-08
-1.0838111e-08
-1.0091853e-08
1.6738528e-08
3.0542123e-08
-7.7610972e-09
3.0549835e-08
-8.2865709e-09
3.0480732e-08
-8.7996306e-09
3.0348908e-08
-9.2909644e-09
3.0169059e-08
-9.7551111e-09
2.9955322e-08
-1.0185136e-08
2.9717458e-08
-1.0571291e-08
2.9461892e-08
-1.0901086e-08
2.9192509e-08
-1.1158724e-08
2.8911933e-08
-1.1324379e-08
2.8622887e-08
-1.1374839e-08
2.8329135e-08
-1.1283699e-08
2.803602e-08
-1.1020002e-08
2.7746024e-08
-1.0548115e-08
-9.818653e-09
2.7472824e-08
5.0093632e-08
-7.7366317e-09
4.998593e-08
-8.1788692e-09
4.9806521e-08
-8.6202211e-09
4.9567086e-08
-9.0515297e-09
4.9277103e-08
-9.4651281e-09
4.8943637e-08
-9.8516697e-09
4.8572198e-08
-1.0199852e-08
4.8168724e-08
-1.0497612e-08
4.77385e-08
-1.07285e-08
4.7288171e-08
-1.087405e-08
4.6824895e-08
-1.0911563e-08
4.6356828e-08
-1.0815632e-08
4.5891959e-08
-1.0555133e-08
4.5438209e-08
-1.0094366e-08
-9.3925064e-09
4.5012063e-08
8.1508091e-08
-7.4733644e-09
8.1185273e-08
-7.8560508e-09
8.0804143e-08
-8.2390914e-09
8.0367212e-08
-8.614599e-09
7.987741e-08
-8.9753254e-09
7.9338662e-08
-9.3129218e-09
7.8756177e-08
-9.6173665e-09
7.813507e-08
-9.8765049e-09
7.7482098e-08
-1.0075528e-08
7.680503e-08
-1.0196983e-08
7.6113527e-08
-1.022006e-08
7.5417911e-08
-1.0120015e-08
7.472989e-08
-9.8671121e-09
7.406332e-08
-9.4277956e-09
-8.7642433e-09
7.3435057e-08
1.3235697e-07
-6.828495e-09
1.3166083e-07
-7.1599071e-09
1.3091188e-07
-7.4901482e-09
1.3011049e-07
-7.8132025e-09
1.2925804e-07
-8.1228804e-09
1.2835702e-07
-8.4119016e-09
1.2741105e-07
-8.6713887e-09
1.2642509e-07
-8.8905506e-09
1.2540595e-07
-9.0563875e-09
1.2436229e-07
-9.1533177e-09
1.2330498e-07
-9.1627518e-09
1.2224761e-07
-9.0626462e-09
1.2120754e-07
-8.8270405e-09
1.2020532e-07
-8.4255799e-09
-7.8227297e-09
1.1926381e-07
2.1508386e-07
-5.6067018e-09
2.1379734e-07
-5.8733843e-09
2.1244527e-07
-6.1380806e-09
2.1102842e-07
-6.3963552e-09
2.0954883e-07
-6.6432858e-09
2.0800992e-07
-6.8729913e-09
2.0641684e-07
-7.0783106e-09
2.0477685e-07
-7.2505573e-09
2.0309973e-07
-7.3792677e-09
2.0139831e-07
-7.4519055e-09
1.9968909e-07
-7.4535237e-09
1.9799283e-07
-7.3663892e-09
1.9633536e-07
-7.1695686e-09
1.9474829e-07
-6.8385142e-09
-6.3445278e-09
1.9327009e-07
3.4960919e-07
-3.4944917e-09
3.4739569e-07
-3.6598874e-09
3.4508143e-07
-3.8238172e-09
3.4266871e-07
-3.9836304e-09
3.4016172e-07
-4.1362992e-09
3.3756691e-07
-4.2781816e-09
3.3489345e-07
-4.404846e-09
3.3215381e-07
-4.5109209e-09
3.2936448e-07
-4.5899379e-09
3.2654672e-07
-4.6341471e-09
3.237275e-07
-4.6343072e-09
3.2094057e-07
-4.5794515e-09
3.1822763e-07
-4.4566308e-09
3.1563975e-07
-4.2506361e-09
-3.9437289e-09
3.1323895e-07
5.666899e-07
5.6303002e-07
5.592062e-07
5.5522257e-07
5.5108627e-07
5.4680809e-07
5.4240324e-07
5.3789232e-07
5.3330238e-07
5.2866824e-07
5.2403393e-07
5.1945448e-07
5.1499785e-07
5.1074721e-07
5.0680348e-07
1.0149738e-08
1.4962703e-10
1.0088714e-08
9.1148289e-11
1.002372e-08
8.8880709e-12
9.9556084e-09
-8.8335908e-11
9.8857649e-09
-1.9443939e-10
9.8160065e-09
-3.0855966e-10
9.748132e-09
-4.2622229e-10
9.6841527e-09
-5.4657554e-10
9.6257671e-09
-6.6353193e-10
9.5742557e-09
-7.7773533e-10
9.5302259e-09
-8.7007213e-10
9.4944503e-09
-9.7671221e-10
9.4677889e-09
-9.9522361e-10
9.4465519e-09
-1.1886693e-09
-8.8305564e-10
1.6658364e-08
2.2979084e-10
1.6571496e-08
1.7801629e-10
1.6474943e-08
1.0544182e-10
1.6371726e-08
1.4880287e-11
1.626382e-08
-8.6533109e-11
1.6153396e-08
-1.981354e-10
1.6043445e-08
-3.1627178e-10
1.5937344e-08
-4.4047391e-10
1.5838169e-08
-5.6435716e-10
1.574807e-08
-6.8763674e-10
1.5668857e-08
-7.9085882e-10
1.5601241e-08
-9.0909569e-10
1.5548981e-08
-9.4296443e-10
1.5503054e-08
-1.1427419e-09
-8.6290277e-10
2.7372037e-08
3.3057788e-10
2.7260324e-08
2.8972894e-10
2.7131944e-08
2.3382242e-10
2.6988859e-08
1.579647e-10
2.6834282e-08
6.8044522e-11
2.6669955e-08
-3.3808264e-11
2.6500177e-08
-1.4649371e-10
2.6330518e-08
-2.7081574e-10
2.6166207e-08
-4.0004569e-10
2.601062e-08
-5.3204936e-10
2.5868563e-08
-6.4880186e-10
2.5739616e-08
-7.8014917e-10
2.5635524e-08
-8.3887245e-10
2.5534534e-08
-1.0417522e-09
-8.1570814e-10
4.4922428e-08
4.2021263e-10
4.4811708e-08
4.0044905e-10
4.4677147e-08
3.683833e-10
4.4516442e-08
3.1866981e-10
4.4331275e-08
2.5321105e-10
4.41215e-08
1.7596708e-10
4.3891742e-08
8.326441e-11
4.3649868e-08
-2.8941583e-11
4.3402372e-08
-1.5254998e-10
4.3154022e-08
-2.8369931e-10
4.2914053e-08
-4.088331e-10
4.2680912e-08
-5.4700838e-10
4.2479531e-08
-6.3749078e-10
4.2267831e-08
-8.3005286e-10
-7.0622312e-10
7.3400565e-08
4.5470395e-10
7.3341894e-08
4.5912073e-10
7.3255956e-08
4.5432074e-10
7.3138478e-08
4.3614779e-10
7.2988193e-08
4.0349635e-10
7.2803602e-08
3.6055823e-10
7.2583445e-08
3.0342069e-10
7.2327346e-08
2.2715751e-10
7.2040392e-08
1.3440489e-10
7.1726595e-08
3.0097109e-11
7.1395195e-08
-7.743335e-11
7.104597e-08
-1.9778336e-10
7.0712869e-08
-3.0438946e-10
7.0341074e-08
-4.5825828e-10
-4.7267859e-10
1.1930284e-07
4.1567358e-10
1.1932658e-07
4.3537789e-10
1.1932981e-07
4.5109386e-10
1.1930678e-07
4.5917283e-10
1.1925432e-07
4.5596319e-10
1.1917185e-07
4.4302453e-10
1.1905789e-07
4.1738213e-10
1.1890734e-07
3.7770327e-10
1.1871816e-07
3.2359056e-10
1.1848986e-07
2.5839354e-10
1.1822424e-07
1.8818872e-10
1.179133e-07
1.1315208e-10
1.1756874e-07
4.0173997e-11
1.1714578e-07
-3.5297493e-11
-1.2548844e-10
1.9337052e-07
3.1523809e-10
1.9346782e-07
3.3808437e-10
1.935601e-07
3.5881003e-10
1.9364333e-07
3.7594068e-10
1.9371147e-07
3.8782255e-10
1.9376154e-07
3.9295983e-10
1.9378816e-07
3.9076108e-10
1.937842e-07
3.8166801e-10
1.9374632e-07
3.6146899e-10
1.9367539e-07
3.2932116e-10
1.9357279e-07
2.9078421e-10
1.9344141e-07
2.4453575e-10
1.9328651e-07
1.9507399e-10
1.9309987e-07
1.5134491e-10
9.5681192e-11
3.1338359e-07
1.7059784e-10
3.1353575e-07
1.85928e-10
3.1369354e-07
2.0101945e-10
3.1385439e-07
2.1508677e-10
3.1401495e-07
2.2726949e-10
3.1417138e-07
2.3652651e-10
3.1432042e-07
2.4172118e-10
3.1446035e-07
2.4173705e-10
3.1458618e-07
2.3563619e-10
3.1469292e-07
2.2258581e-10
3.1478027e-07
2.0343272e-10
3.1484286e-07
1.81944e-10
3.1487569e-07
1.622474e-10
3.1487742e-07
1.4960861e-10
1.3004198e-10
5.0697408e-07
5.0716001e-07
5.0736103e-07
5.0757611e-07
5.0780338e-07
5.0803991e-07
5.0828163e-07
5.0852337e-07
5.0875901e-07
5.0898159e-07
5.0918502e-07
5.0936697e-07
5.0952922e-07
5.0967882e-07
1.0701357e-16
-1.0701357e-16
5.1707094e-16
-4.1005737e-16
1.4134846e-15
-8.9641367e-16
3.069472e-15
-1.6559874e-15
5.8891781e-15
-2.8197062e-15
1.046671e-14
-4.5775324e-15
1.767096e-14
-7.2042498e-15
2.8767197e-14
-1.1096237e-14
4.5590962e-14
-1.6823765e-14
7.0796118e-14
-2.5205155e-14
1.0820765e-13
-3.7411537e-14
1.6332189e-13
-5.5114231e-14
2.4401291e-13
-8.0691027e-14
3.6152607e-13
-1.1751316e-13
5.3186767e-13
-1.703416e-13
7.777372e-13
-2.4586954e-13
1.1311943e-12
-3.534571e-13
1.6373083e-12
-5.0611402e-13
2.3591028e-12
-7.2179444e-13
3.3841766e-12
-1.0250738e-12
4.8334552e-12
-1.4492786e-12
6.8725881e-12
-2.0391329e-12
9.7265617e-12
-2.8539736e-12
1.3698131e-11
-3.9715694e-12
1.9190701e-11
-5.4925703e-12
2.6736322e-11
-7.5456208e-12
3.7029533e-11
-1.0293211e-11
5.0967943e-11
-1.393841e-11
6.9700664e-11
-1.8732721e-11
9.4686063e-11
-2.4985398e-11
1.2776066e-10
-3.3074599e-11
1.7122175e-10
-4.3461093e-11
2.27927e-10
-5.6705247e-11
3.0141264e-10
-7.3485638e-11
3.9602996e-10
-9.4617319e-11
5.171262e-10
-1.2109624e-10
6.712493e-10
-1.541231e-10
8.6621796e-10
-1.9496866e-10
-2.4716032e-10
1.1133783e-09
1.1043771e-16
-2.1745128e-16
5.3359806e-16
-8.3321772e-16
1.45861e-15
-1.8214256e-15
3.1674358e-15
-3.3648132e-15
6.0771875e-15
-5.7294579e-15
1.0801086e-14
-9.3014309e-15
1.8236057e-14
-1.463922e-14
2.9688312e-14
-2.2548492e-14
4.7052967e-14
-3.4188421e-14
7.3070259e-14
-5.1222448e-14
1.1168999e-13
-7.6031269e-14
1.685882e-13
-1.1201244e-13
2.5189684e-13
-1.6399967e-13
3.7322977e-13
-2.3884609e-13
5.4911775e-13
-3.4622958e-13
8.0300327e-13
-4.9975505e-13
1.1679933e-12
-7.1844714e-13
1.6906258e-12
-1.0287465e-12
2.4359712e-12
-1.4671398e-12
3.494464e-12
-2.0835666e-12
4.99093e-12
-2.9457446e-12
7.0963437e-12
-4.1445467e-12
1.0042903e-11
-5.8005329e-12
1.4143045e-11
-8.0717114e-12
1.9813058e-11
-1.1162584e-11
2.7601982e-11
-1.5334544e-11
3.8226562e-11
-2.0917791e-11
5.2613192e-11
-2.832504e-11
7.194801e-11
-3.806754e-11
9.7736685e-11
-5.0774073e-11
1.3187581e-10
-6.7213723e-11
1.7673856e-10
-8.8323846e-11
2.3527846e-10
-1.1524515e-10
3.1115174e-10
-1.4935891e-10
4.0886106e-10
-1.9232664e-10
5.3393938e-10
-2.4617457e-10
6.9317512e-10
-3.1335884e-10
8.9466296e-10
-3.964565e-10
-5.0263669e-10
1.1501393e-09
1.1439948e-16
-3.3185076e-16
5.5273948e-16
-1.2715577e-15
1.5109359e-15
-2.779622e-15
3.2810618e-15
-5.1349391e-15
6.295182e-15
-8.7435781e-15
1.1188492e-14
-1.4194741e-14
1.8890044e-14
-2.2340772e-14
3.075281e-14
-3.4411258e-14
4.8739698e-14
-5.2175309e-14
7.568888e-14
-7.8171629e-14
1.1569115e-13
-1.1603354e-13
1.7462484e-13
-1.7094613e-13
2.6091114e-13
-2.5028597e-13
3.8657589e-13
-3.6451083e-13
5.6873427e-13
-5.2838797e-13
8.316541e-13
-7.6267488e-13
1.2096021e-12
-1.0963951e-12
1.7507368e-12
-1.5698812e-12
2.5223803e-12
-2.2387833e-12
3.6180741e-12
-3.1792605e-12
5.1669028e-12
-4.4945734e-12
7.3456345e-12
-6.3232784e-12
1.0394287e-11
-8.8491854e-12
1.463577e-11
-1.2313194e-11
2.0500283e-11
-1.7027097e-11
2.8555204e-11
-2.3389465e-11
3.9541274e-11
-3.1903861e-11
5.4416078e-11
-4.3199844e-11
7.440606e-11
-5.8057522e-11
1.0106871e-10
-7.7436727e-11
1.3636695e-10
-1.0251196e-10
1.8275856e-10
-1.3471546e-10
2.4330533e-10
-1.7579192e-10
3.2180083e-10
-2.2785441e-10
4.229232e-10
-2.9344901e-10
5.5242548e-10
-3.7567684e-10
7.1737796e-10
-4.7831133e-10
9.2622968e-10
-6.0530822e-10
-7.6751129e-10
1.1911043e-09
1.1895854e-16
-4.5080929e-16
5.7475906e-16
-1.7273582e-15
1.5711045e-15
-3.7759675e-15
3.411654e-15
-6.9754885e-15
6.5455813e-15
-1.1877505e-14
1.1633183e-14
-1.9282343e-14
1.9640138e-14
-3.0347727e-14
3.1972614e-14
-4.6743735e-14
5.0670457e-14
-7.0873152e-14
7.8682691e-14
-1.0618386e-13
1.2025925e-13
-1.576101e-13
1.8150611e-13
-2.3219299e-13
2.7116895e-13
-3.399488e-13
4.017343e-13
-4.9507619e-13
5.909689e-13
-7.1762256e-13
8.640577e-13
-1.0357637e-12
1.2565521e-12
-1.4888896e-12
1.8184003e-12
-2.1317293e-12
2.6194014e-12
-3.0397844e-12
3.7565041e-12
-4.3163632e-12
5.3634449e-12
-6.1015142e-12
7.6232982e-12
-8.5831316e-12
1.0784567e-11
-1.2010454e-11
1.5181494e-11
-1.6710121e-11
2.1259309e-11
-2.3104913e-11
2.9605193e-11
-3.1735348e-11
4.0985823e-11
-4.3284491e-11
5.6392589e-11
-5.860661e-11
7.7095816e-11
-7.8760749e-11
1.0470976e-10
-1.0505067e-10
1.4127048e-10
-1.3907269e-10
1.8932988e-10
-1.8277486e-10
2.5207164e-10
-2.3853367e-10
3.3344574e-10
-3.0922851e-10
4.3833214e-10
-3.9833541e-10
5.7274174e-10
-5.1008644e-10
7.4407154e-10
-6.4964113e-10
9.6120904e-10
-8.2244572e-10
-1.0429671e-09
1.2366649e-09
1.2412645e-16
-5.7493575e-16
5.9971301e-16
-2.2029448e-15
1.6392768e-15
-4.8155313e-15
3.5595909e-15
-8.8958026e-15
6.8291864e-15
-1.5147101e-14
1.2136746e-14
-2.4589902e-14
2.0489341e-14
-3.8700322e-14
3.3353212e-14
-5.9607606e-14
5.2854998e-14
-9.0374938e-14
8.2068624e-14
-1.3539749e-13
1.2542306e-13
-2.0096454e-13
1.8927992e-13
-2.9604985e-13
2.8274842e-13
-4.334173e-13
4.1883001e-13
-6.3115778e-13
6.1601737e-13
-9.1480992e-13
9.0051413e-13
-1.3202604e-12
1.3092936e-12
-1.8976691e-12
1.8942774e-12
-2.7167131e-12
2.7279869e-12
-3.8734939e-12
3.9111007e-12
-5.4994769e-12
5.5824305e-12
-7.772844e-12
7.931907e-12
-1.0932608e-11
1.121723e-11
-1.5295777e-11
1.5784894e-11
-2.1277785e-11
2.2096349e-11
-2.9416368e-11
3.0760133e-11
-4.0399132e-11
4.2570923e-11
-5.5095281e-11
5.8556686e-11
-7.4592373e-11
8.0035421e-11
-1.0023948e-10
1.086834e-10
-1.3369865e-10
1.4661712e-10
-1.770064e-10
1.9649262e-10
-2.3265037e-10
2.6163004e-10
-3.0367109e-10
3.4615605e-10
-3.9375452e-10
4.5518037e-10
-5.0735973e-10
5.9501141e-10
-6.4991748e-10
7.7342105e-10
-8.2805077e-10
9.9981775e-10
-1.0488424e-09
-1.330258e-09
1.2871086e-09
1.2995192e-16
-7.0488766e-16
6.278378e-16
-2.7008307e-15
1.7160996e-15
-5.9037931e-15
3.7262714e-15
-1.0905974e-14
7.1486618e-15
-1.8569491e-14
1.2703869e-14
-3.0145109e-14
2.1445474e-14
-4.7441928e-14
3.4907154e-14
-7.3069285e-14
5.5312892e-14
-1.1078068e-13
8.587653e-14
-1.6596113e-13
1.3122732e-13
-2.4631533e-13
1.9801241e-13
-3.6283493e-13
2.957463e-13
-5.311512e-13
4.3800325e-13
-7.7341473e-13
6.4408159e-13
-1.1208883e-12
9.4131237e-13
-1.6174912e-12
1.3682379e-12
-2.3245946e-12
1.9789501e-12
-3.3274253e-12
2.8489538e-12
-4.7434977e-12
4.0830007e-12
-6.7335237e-12
5.8254245e-12
-9.5152679e-12
8.2735899e-12
-1.3380774e-11
1.1695137e-11
-1.8717324e-11
1.6449767e-11
-2.6032415e-11
2.3016384e-11
-3.5982986e-11
3.2026491e-11
-4.9409239e-11
4.4304885e-11
-6.7373675e-11
6.0918971e-11
-9.120646e-11
8.323834e-11
-1.2255885e-10
1.1300672e-10
-1.6346703e-10
1.524285e-10
-2.1642818e-10
2.0427417e-10
-2.8449603e-10
2.7201528e-10
-3.714122e-10
3.59976e-10
-4.8171523e-10
4.7352436e-10
-6.2090809e-10
6.1930607e-10
-7.9569918e-10
8.0551717e-10
-1.0142619e-09
1.042164e-09
-1.2854892e-09
-1.6306586e-09
1.3425645e-09
1.3646403e-16
-8.4135169e-16
6.5927348e-16
-3.2236401e-15
1.8019556e-15
-7.0464752e-15
3.9125263e-15
-1.3016545e-14
7.5056022e-15
-2.2162567e-14
1.3337389e-14
-3.5976896e-14
2.2513329e-14
-5.6617868e-14
3.6642249e-14
-8.7198205e-14
5.8056525e-14
-1.3219495e-13
9.0125654e-14
-1.9803026e-13
1.3770146e-13
-2.9389114e-13
2.0774795e-13
-4.3288142e-13
3.1022876e-13
-6.3363201e-13
4.5935166e-13
-9.2253764e-13
6.7530419e-13
-1.3368408e-12
9.8665863e-13
-1.9288457e-12
1.4336798e-12
-2.7716157e-12
2.0728353e-12
-3.9665808e-12
2.9828841e-12
-5.6535466e-12
4.2730056e-12
-8.0236452e-12
6.0935146e-12
-1.1335777e-11
8.6498e-12
-1.5937059e-11
1.2220196e-11
-2.228772e-11
1.7178576e-11
-3.0990795e-11
2.4022535e-11
-4.2826944e-11
3.340814e-11
-5.8794844e-11
4.6192422e-11
-8.0157957e-11
6.3485058e-11
-1.084991e-10
8.6711117e-11
-1.4578491e-10
1.1768723e-10
-1.9444314e-10
1.5871306e-10
-2.5745402e-10
2.1268347e-10
-3.3846643e-10
2.832363e-10
-4.4196504e-10
3.7491356e-10
-5.7339249e-10
4.9336929e-10
-7.3936382e-10
6.4562429e-10
-9.4795418e-10
8.4034608e-10
-1.2089837e-09
1.0882052e-09
-1.5333483e-09
-1.9453976e-09
1.4029442e-09
1.4368278e-16
-9.8503447e-16
6.9411639e-16
-3.7740737e-15
1.8971068e-15
-8.2494656e-15
4.1189212e-15
-1.5238359e-14
7.9010831e-15
-2.5944729e-14
1.4039196e-14
-4.211501e-14
2.3696054e-14
-6.6274726e-14
3.8563538e-14
-1.0206569e-13
6.1093732e-14
-1.5472514e-13
9.4827886e-14
-2.3176441e-13
1.4486316e-13
-3.4392641e-13
2.1851243e-13
-5.0653069e-13
3.2623309e-13
-7.4135267e-13
4.8292828e-13
-1.0792328e-12
7.0975959e-13
-1.5636721e-12
1.036656e-12
-2.2557421e-12
1.5057604e-12
-3.2407201e-12
2.1761229e-12
-4.6369433e-12
3.1300293e-12
-6.607453e-12
4.4814407e-12
-9.3750566e-12
6.3871093e-12
-1.3241446e-11
9.0610294e-12
-1.8610979e-11
1.2792966e-11
-2.6019657e-11
1.7971898e-11
-3.6169726e-11
2.5115293e-11
-4.997034e-11
3.4905312e-11
-6.8584863e-11
4.8233211e-11
-9.3485856e-11
6.6253601e-11
-1.2651949e-10
9.0450694e-11
-1.6998201e-10
1.2271918e-10
-2.2671163e-10
1.6546101e-10
-3.0019584e-10
2.2170423e-10
-3.9470966e-10
2.9526688e-10
-5.1552769e-10
3.9092752e-10
-6.6905313e-10
5.1465119e-10
-8.6308749e-10
6.7386682e-10
-1.1071698e-09
8.7775486e-10
-1.4128717e-09
1.1377005e-09
-1.7932939e-09
-2.2755741e-09
1.467877e-09
1.5160422e-16
-1.1366387e-15
7.3234705e-16
-4.3548166e-15
2.0014992e-15
-9.5186177e-15
4.3453364e-15
-1.7582197e-14
8.3348701e-15
-2.9934263e-14
1.4808864e-14
-4.8589004e-14
2.4992911e-14
-7.6458772e-14
4.0669782e-14
-1.1774256e-13
6.4422477e-14
-1.7847784e-13
9.9979936e-14
-2.6732187e-13
1.5270716e-13
-3.9665364e-13
2.3029748e-13
-5.8412101e-13
3.4374603e-13
-8.5480122e-13
5.087121e-13
-1.2441989e-12
7.474146e-13
-1.8023746e-12
1.0912521e-12
-2.5995796e-12
1.5843968e-12
-3.7338648e-12
2.2886817e-12
-5.3412281e-12
3.2901817e-12
-7.6089531e-12
4.7079782e-12
-1.0792853e-11
6.705692e-12
-1.5239159e-11
9.5064666e-12
-2.1411754e-11
1.341218e-11
-2.992537e-11
1.8827761e-11
-4.1585308e-11
2.6291621e-11
-5.7434199e-11
3.6513358e-11
-7.88066e-11
5.0420194e-11
-1.0739269e-10
6.9213983e-11
-1.4531328e-10
9.4441249e-11
-1.9520927e-10
1.2807935e-10
-2.6034973e-10
1.7263858e-10
-3.4475507e-10
2.31287e-10
-4.5335808e-10
3.0803481e-10
-5.9227549e-10
4.0791267e-10
-7.68931e-10
5.3721658e-10
-9.923914e-10
7.0380858e-10
-1.2737618e-09
9.174129e-10
-1.626476e-09
1.190159e-09
-2.0660401e-09
-2.6220619e-09
1.5366469e-09
1.6019613e-16
-1.2968348e-15
7.7380954e-16
-4.96843e-15
2.1147059e-15
-1.0859514e-14
4.5908432e-15
-2.0058334e-14
8.8051772e-15
-3.4148597e-14
1.5643209e-14
-5.5427036e-14
2.6398504e-14
-8.7214067e-14
4.2952164e-14
-1.3429622e-13
6.8028722e-14
-2.035544e-13
1.0555988e-13
-3.0485303e-13
1.6119974e-13
-4.522935e-13
2.430518e-13
-6.6597307e-13
3.6269028e-13
-9.744397e-13
5.3658748e-13
-1.4180961e-12
7.8809719e-13
-2.0538843e-12
1.1501921e-12
-2.9616745e-12
1.669213e-12
-4.2528857e-12
2.4099592e-12
-6.0819743e-12
3.4625315e-12
-8.6615254e-12
4.951434e-12
-1.2281756e-11
7.0475354e-12
-1.7335261e-11
9.9835984e-12
-2.4347817e-11
1.4074187e-11
-3.4015959e-11
1.9740885e-11
-4.7252005e-11
2.7543893e-11
-6.5237208e-11
3.8221304e-11
-8.9484011e-11
5.2737626e-11
-1.2190901e-10
7.2343662e-11
-1.6491931e-10
9.8650564e-11
-2.2151617e-10
1.3372199e-10
-2.9542116e-10
1.8018129e-10
-3.9121438e-10
2.4134002e-10
-5.1451681e-10
3.2141001e-10
-6.7234548e-10
4.2568318e-10
-8.7320417e-10
5.6079987e-10
-1.1275081e-09
7.3506777e-10
-1.4480297e-09
9.5876976e-10
-1.850178e-09
1.2447841e-09
-2.3520545e-09
-2.9854026e-09
1.6081248e-09
1.6938864e-16
-1.4662235e-15
8.1816718e-16
-5.6172085e-15
2.2358072e-15
-1.2277154e-14
4.8534447e-15
-2.2675972e-14
9.3081724e-15
-3.8603325e-14
1.6535419e-14
-6.2654282e-14
2.7901327e-14
-9.8579975e-14
4.5391933e-14
-1.5178683e-13
7.1882721e-14
-2.3004519e-13
1.1152147e-13
-3.4449178e-13
1.702701e-13
-5.1104212e-13
2.5666839e-13
-7.5237136e-13
3.8290567e-13
-1.100677e-12
5.663166e-13
-1.601507e-12
8.314566e-13
-2.3190243e-12
1.2129617e-12
-3.3431796e-12
1.7594588e-12
-4.7993828e-12
2.5388653e-12
-6.8613808e-12
3.6455016e-12
-9.7681617e-12
5.209535e-12
-1.3845789e-11
7.4093755e-12
-1.9535101e-11
1.0487754e-11
-2.7426195e-11
1.4772329e-11
-3.8300534e-11
2.0701802e-11
-5.3181479e-11
2.8858704e-11
-7.339411e-11
4.0010227e-11
-1.0063553e-10
5.5158871e-11
-1.3705766e-10
7.5605186e-11
-1.8536563e-10
1.0302592e-10
-2.4893691e-10
1.3957314e-10
-3.3196837e-10
1.8798608e-10
-4.3962732e-10
2.5172071e-10
-5.7825144e-10
3.3519175e-10
-7.5581652e-10
4.4395428e-10
-9.8196671e-10
5.8499903e-10
-1.2685528e-09
7.6707321e-10
-1.6301039e-09
1.0010099e-09
-2.0841147e-09
1.3004105e-09
-2.6514551e-09
-3.3657598e-09
1.6807678e-09
1.7906408e-16
-1.6452875e-15
8.6485152e-16
-6.302996e-15
2.3632511e-15
-1.3775554e-14
5.1297735e-15
-2.5442494e-14
9.8373996e-15
-4.3310951e-14
1.7474026e-14
-7.0290909e-14
2.9482035e-14
-1.1058798e-13
4.7957629e-14
-1.7026242e-13
7.5934667e-14
-2.5802222e-13
1.1778747e-13
-3.8634458e-13
1.7980034e-13
-5.73055e-13
2.7096955e-13
-8.4354057e-13
4.0412714e-13
-1.2338346e-12
5.9750749e-13
-1.7948874e-12
8.7691735e-13
-2.5984342e-12
1.2787212e-12
-3.7449835e-12
1.8539154e-12
-5.3745771e-12
2.67364e-12
-7.6811054e-12
3.8365615e-12
-1.0931083e-11
5.4786582e-12
-1.5487886e-11
7.7860462e-12
-2.1842489e-11
1.1011596e-11
-3.0651745e-11
1.5496225e-11
-4.2785162e-11
2.1695891e-11
-5.9381145e-11
3.0215531e-11
-8.1913751e-11
4.1851441e-11
-1.1227144e-10
5.7643985e-11
-1.528502e-10
7.8943066e-11
-2.0666471e-10
1.0748994e-10
-2.7748379e-10
1.4552431e-10
-3.7000274e-10
1.9590175e-10
-4.9000476e-10
2.6223088e-10
-6.4458057e-10
3.4909036e-10
-8.42676e-10
4.6232212e-10
-1.0951985e-09
6.0925071e-10
-1.4154814e-09
7.9903151e-10
-1.8198847e-09
1.0430067e-09
-2.3280899e-09
1.3554115e-09
-2.96386e-09
-3.7624336e-09
1.7520853e-09
1.8905269e-16
-1.8343402e-15
9.1304055e-16
-7.0269838e-15
2.4947878e-15
-1.5357301e-14
5.4149417e-15
-2.8362648e-14
1.038348e-14
-4.8279489e-14
1.8442364e-14
-7.8349793e-14
3.1112496e-14
-1.2325812e-13
5.0603471e-14
-1.897534e-13
8.0112039e-14
-2.8753079e-13
1.2424531e-13
-4.3047785e-13
1.8961858e-13
-6.3842826e-13
2.8569612e-13
-9.3961811e-13
4.2596802e-13
-1.3741065e-12
6.2958817e-13
-1.9985075e-12
9.2363964e-13
-2.8924856e-12
1.3462456e-12
-4.1675894e-12
1.9508066e-12
-5.9791381e-12
2.8117216e-12
-8.5420204e-12
4.0320353e-12
-1.2151397e-11
5.7535552e-12
-1.7209405e-11
8.1700886e-12
-2.4259023e-11
1.1544574e-11
-3.402623e-11
1.6231015e-11
-4.7471603e-11
2.270231e-11
-6.585244e-11
3.1585281e-11
-9.0796721e-11
4.370452e-11
-1.2439068e-10
6.0137109e-11
-1.6928279e-10
8.2280728e-11
-2.2880833e-10
1.1193806e-10
-3.0714111e-10
1.5142815e-10
-4.0949283e-10
2.0370867e-10
-5.4228528e-10
2.7256001e-10
-7.1343191e-10
3.6271351e-10
-9.328295e-10
4.8024788e-10
-1.2127328e-09
6.3280732e-10
-1.5680409e-09
8.2989771e-10
-2.0169751e-09
1.0832904e-09
-2.5814826e-09
1.4077009e-09
-3.2882704e-09
-4.173764e-09
1.8190312e-09
1.9911032e-16
-2.0334506e-15
9.6155472e-16
-7.7894282e-15
2.6271921e-15
-1.7022938e-14
5.7019496e-15
-3.1437405e-14
1.0932997e-14
-5.3510537e-14
1.9416624e-14
-8.683342e-14
3.2752586e-14
-1.3659408e-13
5.3264282e-14
-2.1026509e-13
8.4311815e-14
-3.1857833e-13
1.3073553e-13
-4.7690157e-13
1.9948193e-13
-7.0717466e-13
3.0048301e-13
-1.0406192e-12
4.4788541e-13
-1.5215089e-12
6.6175858e-13
-2.2123807e-12
9.7045342e-13
-3.2011805e-12
1.413835e-12
-4.610971e-12
2.0476771e-12
-6.6129803e-12
2.9495826e-12
-9.4439259e-12
4.22688e-12
-1.3428694e-11
6.0270487e-12
-1.9009574e-11
8.551334e-12
-2.6783308e-11
1.2072342e-11
-3.7547238e-11
1.6956552e-11
-5.2355814e-11
2.3692887e-11
-7.2588775e-11
3.2928714e-11
-1.0003255e-10
4.551505e-11
-1.3697702e-10
6.2563218e-11
-1.8633096e-10
8.5516142e-11
-2.5176125e-10
1.1623883e-10
-3.3786381e-10
1.5711781e-10
-4.5037181e-10
2.1115429e-10
-5.9632176e-10
2.8225969e-10
-7.8453731e-10
3.7547238e-10
-1.0260422e-09
4.9703669e-10
-1.3342971e-09
6.5471934e-10
-1.7257235e-09
8.5835155e-10
-2.2206073e-09
1.1200253e-09
-2.8431563e-09
1.4547432e-09
-3.6229884e-09
-4.597312e-09
1.8782912e-09
2.0892853e-16
-2.2423791e-15
1.0089077e-15
-8.5894074e-15
2.7564105e-15
-1.8770441e-14
5.982005e-15
-3.4663e-14
1.1469095e-14
-5.8997627e-14
2.036686e-14
-9.5731185e-14
3.4351766e-14
-1.5057898e-13
5.5857819e-14
-2.3177114e-13
8.8403704e-14
-3.5112421e-13
1.3705589e-13
-5.2555375e-13
2.090815e-13
-7.7920027e-13
3.1486442e-13
-1.1464021e-12
4.6918416e-13
-1.6758286e-12
6.9299046e-13
-2.436187e-12
1.0158493e-12
-3.5240393e-12
1.4792888e-12
-5.0744105e-12
2.1413388e-12
-7.2750303e-12
3.0826313e-12
-1.0385218e-11
4.4145206e-12
-1.4760584e-11
6.2897767e-12
-2.088483e-11
8.9165229e-12
-2.9410054e-11
1.2576216e-11
-4.1206931e-11
1.7646631e-11
-5.7426228e-11
2.463101e-11
-7.9573155e-11
3.4194835e-11
-1.0959637e-10
4.7212025e-11
-1.4999421e-10
6.4822876e-11
-2.0394181e-10
8.8506389e-11
-2.7544476e-10
1.2016871e-10
-3.6952613e-10
1.6224553e-10
-4.9244863e-10
2.178831e-10
-6.5195932e-10
2.9111304e-10
-8.5776725e-10
3.8698293e-10
-1.1219121e-09
5.1187843e-10
-1.4591926e-09
6.7381943e-10
-1.8876645e-09
8.827779e-10
-2.4295658e-09
1.1509874e-09
-3.1113658e-09
1.4934963e-09
-3.9654972e-09
-5.0295787e-09
1.925763e-09
2.1808244e-16
-2.4604615e-15
1.053047e-15
-9.424372e-15
2.8768359e-15
-2.059423e-14
6.2429505e-15
-3.8029114e-14
1.1968497e-14
-6.4723173e-14
2.1251816e-14
-1.050145e-13
3.5840614e-14
-1.6516778e-13
5.8271507e-14
-2.5420204e-13
9.2210122e-14
-3.8506283e-13
1.4293212e-13
-5.7627576e-13
2.1800068e-13
-8.5426883e-13
3.2821601e-13
-1.2566174e-12
4.8893905e-13
-1.8365517e-12
7.2192541e-13
-2.6691733e-12
1.0578486e-12
-3.8599625e-12
1.539745e-12
-5.5563069e-12
2.2276766e-12
-7.9629618e-12
3.2049828e-12
-1.1362525e-11
4.5865812e-12
-1.6142182e-11
6.5298712e-12
-2.282812e-11
9.2489141e-12
-3.2129097e-11
1.3032688e-11
-4.4990705e-11
1.8268393e-11
-6.2661933e-11
2.5470981e-11
-8.6775743e-11
3.5320411e-11
-1.194458e-10
4.8708466e-11
-1.6338226e-10
6.6797479e-11
-2.2203082e-10
9.1093661e-11
-2.9974094e-10
1.2353801e-10
-4.0197049e-10
1.6662131e-10
-5.3553192e-10
2.2355317e-10
-7.0889118e-10
2.9840442e-10
-9.3261849e-10
3.9630365e-10
-1.2198113e-09
5.2370396e-10
-1.586593e-09
6.8869195e-10
-2.0526525e-09
9.0125499e-10
-2.6421288e-09
1.1735601e-09
-3.3836709e-09
1.5204127e-09
-4.3123498e-09
-5.4658454e-09
1.9566794e-09
2.2612072e-16
-2.6865822e-15
1.0917985e-15
-1.029005e-14
2.9825309e-15
-2.2484962e-14
6.4718907e-15
-4.1518474e-14
1.240644e-14
-7.0657723e-14
2.202742e-14
-1.1463548e-13
3.7144587e-14
-1.8028495e-13
6.0383731e-14
-2.7744118e-13
9.5537835e-14
-4.2021693e-13
1.480633e-13
-6.2880122e-13
2.2577812e-13
-9.3198364e-13
3.398392e-13
-1.3706785e-12
5.0610298e-13
-2.0028154e-12
7.4700745e-13
-2.9100778e-12
1.0941569e-12
-4.2071119e-12
1.5918434e-12
-6.0539934e-12
2.3018028e-12
-8.6729212e-12
3.3095757e-12
-1.2370298e-11
4.7329301e-12
-1.7565536e-11
6.7328967e-12
-2.4828087e-11
9.5280801e-12
-3.4924281e-11
1.3413043e-11
-4.8875668e-11
1.8781727e-11
-6.8030617e-11
2.6157109e-11
-9.4151125e-11
3.6228586e-11
-1.2951728e-10
4.9898987e-11
-1.7705267e-10
6.8343596e-11
-2.4047543e-10
9.3084048e-11
-3.244814e-10
1.2608076e-10
-4.3496719e-10
1.6985049e-10
-5.7930166e-10
2.2762019e-10
-7.6666089e-10
3.0347465e-10
-1.008473e-09
4.0255276e-10
-1.3188894e-09
5.3128916e-10
-1.7153293e-09
6.9769108e-10
-2.2190544e-09
9.1156658e-10
-2.8560043e-09
1.1847572e-09
-3.6568615e-09
1.5314885e-09
-4.6590812e-09
-5.9000894e-09
1.9657325e-09
2.3234556e-16
-2.9189278e-15
1.1217819e-15
-1.1179486e-14
3.0642601e-15
-2.4427441e-14
6.6488183e-15
-4.5103032e-14
1.2744684e-14
-7.6753588e-14
2.2626049e-14
-1.2451685e-13
3.8150227e-14
-1.9580913e-13
6.2011176e-14
-3.0130213e-13
9.8098907e-14
-4.5630466e-13
1.5200696e-13
-6.8270928e-13
2.3174567e-13
-1.0117223e-12
3.4873945e-13
-1.4876723e-12
5.1921323e-13
-2.1732892e-12
7.6610704e-13
-3.1569716e-12
1.1217005e-12
-4.5627053e-12
1.6311805e-12
-6.5634734e-12
2.3574476e-12
-9.3991883e-12
3.3875272e-12
-1.3400377e-11
4.841033e-12
-1.9019042e-11
6.8812249e-12
-2.6868279e-11
9.7293075e-12
-3.7772363e-11
1.3682751e-11
-5.2829112e-11
1.9138583e-11
-7.3486449e-11
2.6622829e-11
-1.0163537e-10
3.6827597e-11
-1.3972205e-10
5.0657705e-11
-1.9088277e-10
6.9289227e-11
-2.5910695e-10
9.4242867e-11
-3.4943504e-10
1.2747569e-10
-4.6820002e-10
1.7149617e-10
-6.2332214e-10
2.2950606e-10
-8.2467077e-10
3.0554966e-10
-1.0845166e-09
4.0469524e-10
-1.418035e-09
5.3324301e-10
-1.8438771e-09
6.9895641e-10
-2.3847678e-09
9.112323e-10
-3.0682802e-09
1.1812762e-09
-3.9269054e-09
1.5223495e-09
-5.0001545e-09
-6.3249363e-09
1.9471964e-09
2.3625818e-16
-3.155186e-15
1.1406145e-15
-1.2083842e-14
3.1155262e-15
-2.6402352e-14
6.7595854e-15
-4.8747092e-14
1.2955917e-14
-8.294992e-14
2.2998738e-14
-1.3455967e-13
3.8773956e-14
-2.1158434e-13
6.3015981e-14
-3.2554416e-13
9.9671507e-14
-4.9296019e-13
1.5441266e-13
-7.3745043e-13
2.353574e-13
-1.0926671e-12
3.5407555e-13
-1.6063904e-12
5.2698515e-13
-2.3461988e-12
7.7727754e-13
-3.407264e-12
1.137551e-12
-4.9229788e-12
1.6533832e-12
-7.0793056e-12
2.3881321e-12
-1.0133937e-11
3.4293225e-12
-1.4441568e-11
4.8970524e-12
-2.0486772e-11
6.9549393e-12
-2.8926166e-11
9.8242273e-12
-4.0641651e-11
1.3801801e-11
-5.6806686e-11
1.9283021e-11
-7.8967669e-11
2.6790524e-11
-1.0914287e-10
3.7010451e-11
-1.4994197e-10
5.0837946e-11
-2.0471027e-10
6.943423e-11
-2.7770324e-10
9.4297974e-11
-3.7429878e-10
1.2735403e-10
-5.0125607e-10
1.7106274e-10
-6.6703085e-10
2.2855039e-10
-8.8215842e-10
3.0375025e-10
-1.1597164e-09
4.0156139e-10
-1.5158462e-09
5.280151e-10
-1.9703308e-09
6.9044144e-10
-2.5471942e-09
8.975619e-10
-3.2754006e-09
1.1595891e-09
-4.1889326e-09
1.4883866e-09
-5.3289519e-09
-6.7316454e-09
1.8950956e-09
2.3661076e-16
-3.3917967e-15
1.1422218e-15
-1.2989453e-14
3.119718e-15
-2.8379849e-14
6.7682683e-15
-5.2395642e-14
1.297171e-14
-8.9153362e-14
2.302506e-14
-1.4461302e-13
3.8814967e-14
-2.2737425e-13
6.3076174e-14
-3.4980536e-13
9.9754561e-14
-5.2963857e-13
1.5451885e-13
-7.9221472e-13
2.3547826e-13
-1.1736265e-12
3.5418352e-13
-1.7250957e-12
5.270142e-13
-2.5190295e-12
7.7708794e-13
-3.6573377e-12
1.1368668e-12
-5.2827576e-12
1.6516835e-12
-7.5941223e-12
2.3844657e-12
-1.0866719e-11
3.4219989e-12
-1.5479101e-11
4.8831395e-12
-2.1947913e-11
6.9294686e-12
-3.0972495e-11
9.7789733e-12
-4.3491156e-11
1.3723457e-11
-6.075117e-11
1.9150542e-11
-8.4394754e-11
2.6571338e-11
-1.1656367e-10
3.6655145e-11
-1.6002578e-10
5.0272934e-11
-2.1832806e-10
6.8551711e-11
-2.9598201e-10
9.2942191e-11
-3.9868926e-10
1.2530214e-10
-5.3361602e-10
1.6799713e-10
-7.0972584e-10
2.2401734e-10
-9.3817863e-10
2.9710203e-10
-1.2328011e-09
3.9186794e-10
-1.6106121e-09
5.1392522e-10
-2.0923881e-09
6.6996256e-10
-2.7032315e-09
8.6773781e-10
-3.4731759e-09
1.1160749e-09
-4.4372697e-09
1.4249461e-09
-5.6378232e-09
-7.1101063e-09
1.8034071e-09
2.3338317e-16
-3.6251799e-15
1.1266152e-15
-1.3882685e-14
3.0769219e-15
-3.0330155e-14
6.674854e-15
-5.5993574e-14
1.2791255e-14
-9.5269763e-14
2.2701622e-14
-1.5452338e-13
3.8263338e-14
-2.4293597e-13
6.2167328e-14
-3.7370935e-13
9.8293898e-14
-5.6576514e-13
1.5221363e-13
-8.4613445e-13
2.3188889e-13
-1.2533018e-12
3.4865055e-13
-1.8418574e-12
5.1854932e-13
-2.6889283e-12
7.6421134e-13
-3.9029998e-12
1.1173656e-12
-5.6359119e-12
1.6222551e-12
-8.0990119e-12
2.3401945e-12
-1.1584659e-11
3.3555945e-12
-1.6494501e-11
4.7838362e-12
-2.3376154e-11
6.7814439e-12
-3.2970102e-11
9.5590862e-12
-4.6268798e-11
1.3398034e-11
-6.4590117e-11
1.8670847e-11
-8.9667567e-11
2.586727e-11
-1.2376009e-10
3.5626593e-11
-1.697851e-10
4.8778053e-11
-2.3147952e-10
6.6391117e-11
-3.1359508e-10
8.9837606e-11
-4.2213575e-10
1.208672e-10
-5.6464561e-10
1.6169657e-10
-7.5055521e-10
2.1510916e-10
-9.9159123e-10
2.845562e-10
-1.3022481e-09
3.742474e-10
-1.7003033e-09
4.8920771e-10
-2.2073484e-09
6.3526814e-10
-2.8492919e-09
8.189266e-10
-3.6568344e-09
1.0471952e-09
-4.6655383e-09
1.3275589e-09
-5.9181869e-09
-7.4488195e-09
1.6662721e-09
2.2383317e-16
-3.8490131e-15
1.080332e-15
-1.4739184e-14
2.9502394e-15
-3.2200063e-14
6.3996544e-15
-5.9442989e-14
1.2263315e-14
-1.0113342e-13
2.176374e-14
-1.6402381e-13
3.6680992e-14
-2.5785322e-13
5.9593625e-14
-3.9662198e-13
9.4219241e-14
-6.0039076e-13
1.4589356e-13
-8.9780878e-13
2.2224079e-13
-1.329649e-12
3.3410596e-13
-1.9537225e-12
4.9684273e-13
-2.851665e-12
7.3207837e-13
-4.1382354e-12
1.070111e-12
-5.9739446e-12
1.5531341e-12
-8.5820349e-12
2.2395253e-12
-1.227105e-11
3.2094869e-12
-1.7464463e-11
4.572374e-12
-2.4739041e-11
6.4761053e-12
-3.4873834e-11
9.1191237e-12
-4.8911816e-11
1.276546e-11
-6.8236454e-11
1.7763584e-11
-9.4665691e-11
2.4569881e-11
-1.3056639e-10
3.3777829e-11
-1.7899305e-10
4.6154168e-11
-2.4385586e-10
6.2683561e-11
-3.3012447e-10
8.46231e-11
-4.4407529e-10
1.1356735e-10
-5.9358986e-10
1.5152274e-10
-7.885106e-10
2.0098645e-10
-1.0410549e-09
2.6501836e-10
-1.36628e-09
3.4728861e-10
-1.7825735e-09
4.5206959e-10
-2.3121294e-09
5.8412595e-10
-2.9813483e-09
7.4842236e-10
-3.8211308e-09
9.4974386e-10
-4.8668598e-09
1.1922795e-09
-6.1607226e-09
-7.7350451e-09
1.4785052e-09
2.1013485e-16
-4.0591479e-15
1.0142911e-15
-1.5543341e-14
2.7697552e-15
-3.3955527e-14
6.007331e-15
-6.2680565e-14
1.1509212e-14
-1.066353e-13
2.0420111e-14
-1.7293471e-13
3.4405357e-14
-2.7183847e-13
5.5874894e-14
-4.1809152e-13
8.829923e-14
-6.328151e-13
1.3665289e-13
-9.4616244e-13
2.0803336e-13
-1.4010294e-12
3.1251947e-13
-2.0582087e-12
4.6435363e-13
-3.0034992e-12
6.835567e-13
-4.3574385e-12
9.9811441e-13
-6.2885023e-12
1.4469081e-12
-9.0308286e-12
2.0836002e-12
-1.2907742e-11
2.9817249e-12
-1.8362587e-11
4.2412743e-12
-2.5998591e-11
5.9971113e-12
-3.6629671e-11
8.4295816e-12
-5.1344287e-11
1.1777756e-11
-7.1584628e-11
1.6355824e-11
-9.9243759e-11
2.2573302e-11
-1.3678387e-10
3.0959918e-11
-1.8737967e-10
4.219619e-11
-2.5509213e-10
5.7150771e-11
-3.4507905e-10
7.6925276e-11
-4.6384979e-10
1.0290626e-10
-6.1957084e-10
1.3682171e-10
-8.2242606e-10
1.8079546e-10
-1.0850287e-09
2.3738591e-10
-1.4228705e-09
3.0958753e-10
-1.8547752e-09
4.0075895e-10
-2.4033008e-09
5.1442022e-10
-3.0950096e-09
6.5381604e-10
-3.9605266e-09
8.2126569e-10
-5.0343094e-09
1.0167461e-09
-6.356203e-09
-7.9551402e-09
1.2368412e-09
1.8623714e-16
-4.2453851e-15
8.9866787e-16
-1.6255771e-14
2.4536346e-15
-3.5510494e-14
5.3212576e-15
-6.5548188e-14
1.0194317e-14
-1.1150836e-13
1.8086673e-14
-1.8082707e-13
3.0473272e-14
-2.8422507e-13
4.9488449e-14
-4.371067e-13
7.8205541e-14
-6.6153219e-13
1.2102908e-13
-9.8898598e-13
1.8424167e-13
-1.464242e-12
2.7676138e-13
-2.1507284e-12
4.1118267e-13
-3.1379205e-12
6.0519413e-13
-4.5514499e-12
8.8349015e-13
-6.5667983e-12
1.2803189e-12
-9.4276573e-12
1.8428357e-12
-1.3470259e-11
2.6354562e-12
-1.9155208e-11
3.7454273e-12
-2.7108562e-11
5.2898578e-12
-3.8174101e-11
7.4244809e-12
-5.347891e-11
1.0354464e-11
-7.4514611e-11
1.4347644e-11
-1.0323694e-10
1.9750662e-11
-1.4218689e-10
2.7008573e-11
-1.9463758e-10
3.6688553e-11
-2.6477211e-10
4.9508237e-11
-3.5789874e-10
6.6368665e-11
-4.8071022e-10
8.8390508e-11
-6.4159268e-10
1.1694965e-10
-8.509852e-10
1.5370386e-10
-1.1217829e-09
2.0059564e-10
-1.4697623e-09
2.5980788e-10
-1.9139874e-09
3.3363684e-10
-2.4771298e-09
4.2422714e-10
-3.1855999e-09
5.3307197e-10
-4.0693714e-09
6.6034168e-10
-5.1615791e-09
8.0259739e-10
-6.4984587e-09
-8.0949485e-09
9.4240574e-10
1.6191701e-16
-4.4073021e-15
7.8131965e-16
-1.6875174e-14
2.133143e-15
-3.6862317e-14
4.6257744e-15
-6.8040819e-14
8.8607632e-15
-1.1574335e-13
1.5718001e-14
-1.876843e-13
2.6476727e-14
-2.9498379e-13
4.2986648e-14
-4.5361662e-13
6.7908731e-14
-6.8645427e-13
1.0505211e-13
-1.0261294e-12
1.5984243e-13
-1.5190324e-12
2.3996804e-13
-2.230854e-12
3.5626389e-13
-3.2542163e-12
5.2390881e-13
-4.7190948e-12
7.6402868e-13
-6.8069182e-12
1.1058161e-12
-9.7694448e-12
1.5892928e-12
-1.3953736e-11
2.268854e-12
-1.9834769e-11
3.217741e-12
-2.8057449e-11
4.533591e-12
-3.9489951e-11
6.3452121e-12
-5.5290531e-11
8.8207424e-12
-7.6990141e-11
1.2177374e-11
-1.0659357e-10
1.6692871e-11
-1.4670238e-10
2.2719153e-11
-2.0066386e-10
3.0698167e-11
-2.7275112e-10
4.1179986e-11
-3.6838056e-10
5.4842296e-11
-4.9437253e-10
7.2508779e-11
-6.5925916e-10
9.5160979e-11
-8.736374e-10
1.2393368e-10
-1.1505556e-09
1.6007747e-10
-1.5059061e-09
2.0486476e-10
-1.9587747e-09
2.5940959e-10
-2.5316746e-09
3.2436156e-10
-3.2505518e-09
3.9940473e-10
-4.1444146e-09
4.8292031e-10
-5.2450947e-09
5.715139e-10
-6.5870523e-09
-8.19958e-09
6.7614535e-10
1.1671744e-16
-4.5240195e-15
5.6304961e-16
-1.7321506e-14
1.5366349e-15
-3.7835902e-14
3.330553e-15
-6.9834737e-14
6.3757633e-15
-1.1878856e-13
1.1301359e-14
-1.926099e-13
1.9019783e-14
-3.0270222e-13
3.0846713e-14
-4.6544355e-13
4.8668724e-14
-7.0427628e-13
7.51762e-14
-1.0526368e-12
1.1418442e-13
-1.5580406e-12
1.7107224e-13
-2.2877418e-12
2.533754e-13
-3.3365195e-12
3.7157934e-13
-4.8372988e-12
5.401643e-13
-6.9755032e-12
7.7896139e-13
-1.0008242e-11
1.1148807e-12
-1.4289655e-11
1.5840696e-12
-2.0303958e-11
2.2345471e-12
-2.8707926e-11
3.1293431e-12
-4.0384747e-11
4.3501392e-12
-5.6511327e-11
6.0013825e-12
-7.8641385e-11
8.2148116e-12
-1.08807e-10
1.115431e-11
-1.4964188e-10
1.5020956e-11
-2.0453051e-10
2.0057999e-11
-2.7778816e-10
2.6555062e-11
-3.7487762e-10
3.4849949e-11
-5.0266742e-10
4.5324675e-11
-6.6973389e-10
5.83894e-11
-8.8670213e-10
7.444381e-11
-1.16661e-09
9.3800171e-11
-1.5252624e-09
1.1654743e-10
-1.9815219e-09
1.4233689e-10
-2.5574641e-09
1.7006269e-10
-3.2782776e-09
1.9732493e-10
-4.1716768e-09
2.2024758e-10
-5.2680174e-09
2.3329894e-10
-6.6001036e-09
-8.1985231e-09
2.3224206e-10
6.2114693e-17
-4.5861342e-15
2.9926693e-16
-1.7558658e-14
8.1595501e-16
-3.835259e-14
1.7669099e-15
-7.0785692e-14
3.3791111e-15
-1.2040076e-13
5.9829352e-15
-1.9521372e-13
1.0055886e-14
-3.0677517e-13
1.6283554e-14
-4.7167122e-13
2.5643904e-14
-7.1363663e-13
3.9522676e-14
-1.0665156e-12
5.9869585e-14
-1.5783875e-12
8.9406765e-14
-2.317279e-12
1.3190219e-13
-3.3790149e-12
1.925207e-13
-4.8979173e-12
2.7826269e-13
-7.0612452e-12
3.9849331e-13
-1.0128472e-11
5.6555156e-13
-1.4456713e-11
7.95406e-13
-2.0533812e-11
1.1082903e-12
-2.9020811e-11
1.5292086e-12
-4.0805665e-11
2.088147e-12
-5.7070266e-11
2.8197757e-12
-7.9373014e-11
3.7623599e-12
-1.0974958e-10
4.9555249e-12
-1.5083505e-10
6.4363789e-12
-2.0601136e-10
8.2332259e-12
-2.7958501e-10
1.0355548e-11
-3.7699994e-10
1.2777906e-11
-5.0508978e-10
1.5413627e-11
-6.7236961e-10
1.8071449e-11
-8.8935995e-10
2.0384669e-11
-1.1689232e-09
2.1698324e-11
-1.5265761e-09
2.0896907e-11
-1.9807205e-09
1.6163139e-11
-2.5527303e-09
4.6687203e-12
-3.2667832e-09
-1.808722e-11
-4.1489209e-09
-5.8368538e-11
-5.2277361e-09
-1.2448621e-10
-6.5339859e-09
-8.0971379e-09
-2.2587146e-10
3.8596702e-18
-4.5899939e-15
1.8117643e-17
-1.7572916e-14
4.8068766e-17
-3.8382541e-14
1.0072458e-16
-7.0838348e-14
1.8496627e-16
-1.20485e-13
3.1127243e-16
-1.9534003e-13
4.9053464e-16
-3.0695443e-13
7.3102688e-16
-4.7191171e-13
1.0318492e-15
-7.1393745e-13
1.3698969e-15
-1.0668537e-12
1.675292e-15
-1.5786929e-12
1.7867517e-15
-2.3173904e-12
1.3728289e-15
-3.378601e-12
-2.0371455e-16
-4.8963408e-12
-4.1143735e-15
-7.0573345e-12
-1.2441765e-14
-1.0120145e-11
-2.8788538e-14
-1.4440366e-11
-5.9240743e-14
-2.050336e-11
-1.1385967e-13
-2.8966192e-11
-2.0894182e-13
-4.0710583e-11
-3.703674e-13
-5.690884e-11
-6.3845215e-13
-7.9104929e-11
-1.0748276e-12
-1.0931321e-10
-1.7720085e-12
-1.5013787e-10
-2.8665034e-12
-2.0491687e-10
-4.5566617e-12
-2.7789485e-10
-7.1270807e-12
-3.7442952e-10
-1.0982493e-11
-5.0123437e-10
-1.6695794e-11
-6.6665631e-10
-2.5077291e-11
-8.8097845e-10
-3.7275094e-11
-1.1567254e-09
-5.491902e-11
-1.5089322e-09
-8.0322065e-11
-1.9553175e-09
-1.1675452e-10
-2.5162978e-09
-1.6866039e-10
-3.2148774e-09
-2.4257951e-10
-4.0750018e-09
-3.4701225e-10
-5.1233033e-09
-4.9253914e-10
-6.3884591e-09
-7.897748e-09
-6.9192901e-10
-5.9909193e-17
-4.5300847e-15
-2.8978057e-16
-1.7343045e-14
-7.9293195e-16
-3.787939e-14
-1.7237974e-15
-6.9907483e-14
-3.3115735e-15
-1.1889723e-13
-5.894499e-15
-1.927571e-13
-9.9695149e-15
-3.0287941e-13
-1.6264143e-14
-4.6561708e-13
-2.5840434e-14
-7.0436116e-13
-4.024517e-14
-1.0524489e-12
-6.1726692e-14
-1.5572114e-12
-9.3547545e-14
-2.2855696e-12
-1.4043459e-13
-3.331714e-12
-2.0922569e-13
-4.8275497e-12
-3.0979633e-13
-6.9567639e-12
-4.5638227e-13
-9.9735591e-12
-6.6945868e-13
-1.422729e-11
-9.7839279e-13
-2.0194426e-11
-1.4251594e-12
-2.8519425e-11
-2.0694949e-12
-4.0066248e-11
-2.9959677e-12
-5.5982367e-11
-4.3235582e-12
-7.7777338e-11
-6.2184839e-12
-1.0741828e-10
-8.9111823e-12
-1.4744517e-10
-1.2718636e-11
-2.0110941e-10
-1.8073638e-11
-2.7253985e-10
-2.5563287e-11
-3.6693987e-10
-3.598008e-11
-4.9081757e-10
-5.039058e-11
-6.5224581e-10
-7.0228708e-11
-8.6114032e-10
-9.7422577e-11
-1.1295316e-09
-1.3456325e-10
-1.4717915e-09
-1.8511951e-10
-1.9047612e-09
-2.537798e-10
-2.4476375e-09
-3.4648191e-10
-3.1221752e-09
-4.716621e-10
-3.9498216e-09
-6.39671e-10
-4.9552944e-09
-8.6303947e-10
-6.1650906e-09
-7.603842e-09
-1.1569454e-09
-1.2587617e-16
-4.4042085e-15
-6.0820891e-16
-1.6860712e-14
-1.662625e-15
-3.6824974e-14
-3.6106115e-15
-6.7959496e-14
-6.9278071e-15
-1.1558003e-13
-1.2313577e-14
-1.8737133e-13
-2.079103e-14
-2.9440196e-13
-3.3850464e-14
-4.5255765e-13
-5.3654662e-14
-6.8455697e-13
-8.3331933e-14
-1.0227716e-12
-1.2739331e-13
-1.51315e-12
-1.9232465e-13
-2.2206382e-12
-2.8742399e-13
-3.2366146e-12
-4.2598099e-13
-4.6889927e-12
-6.2693017e-13
-6.7558147e-12
-9.1715559e-13
-9.6833337e-12
-1.3346829e-12
-1.3809763e-11
-1.933068e-12
-1.9596041e-11
-2.7873801e-12
-2.7665113e-11
-4.0022836e-12
-3.8851344e-11
-5.7228479e-12
-5.4261803e-11
-8.1488564e-12
-7.535133e-11
-1.1553561e-11
-1.0401358e-10
-1.6308043e-11
-1.4269069e-10
-2.291265e-11
-1.9450481e-10
-3.2037418e-11
-2.6341508e-10
-4.4574117e-11
-3.5440317e-10
-6.170354e-11
-4.7368815e-10
-8.4983192e-11
-6.2896616e-10
-1.1646231e-10
-8.296612e-10
-1.5883275e-10
-1.0871611e-09
-2.1561894e-10
-1.4150053e-09
-2.9137304e-10
-1.8290071e-09
-3.9203398e-10
-2.3469766e-09
-5.2533022e-10
-2.988879e-09
-7.0074738e-10
-3.7744044e-09
-9.3032947e-10
-4.7257123e-09
-1.2287221e-09
-5.8666979e-09
-7.2200864e-09
-1.6124778e-09
-1.9357934e-16
-4.2106292e-15
-9.3503738e-16
-1.6119254e-14
-2.5552393e-15
-3.5204772e-14
-5.5469963e-15
-6.4967739e-14
-1.0638589e-14
-1.1048844e-13
-1.8899426e-14
-1.791105e-13
-3.1891474e-14
-2.8140991e-13
-5.1885731e-14
-4.3256339e-13
-8.2170755e-14
-6.5427194e-13
-1.2749104e-13
-9.7745137e-13
-1.9466772e-13
-1.4459733e-12
-2.9347405e-13
-2.1218319e-12
-4.3786476e-13
-3.0922239e-12
-6.4769355e-13
-4.4791639e-12
-9.5109921e-13
-6.452409e-12
-1.3877986e-12
-9.2466343e-12
-2.0135985e-12
-1.3183963e-11
-2.9065265e-12
-1.8703113e-11
-4.1750869e-12
-2.6396553e-11
-5.9692714e-12
-3.705716e-11
-8.4950932e-12
-5.1735981e-11
-1.2033576e-11
-7.1812847e-11
-1.6965324e-11
-9.9081829e-11
-2.3802051e-11
-1.3585396e-10
-3.3226764e-11
-1.8508009e-10
-4.6144804e-11
-2.5049704e-10
-6.374857e-11
-3.3679941e-10
-8.7599663e-11
-4.4983706e-10
-1.1973331e-10
-5.9683251e-10
-1.6279156e-10
-7.8660295e-10
-2.201956e-10
-1.0297571e-09
-2.9637683e-10
-1.3388241e-09
-3.9705165e-10
-1.7283323e-09
-5.289285e-10
-2.2150998e-09
-7.0121877e-10
-2.8165887e-09
-9.2505616e-10
-3.550567e-09
-1.2136318e-09
-4.4371366e-09
-1.5829327e-09
-5.4973971e-09
-6.7521786e-09
-2.0508405e-09
-2.608677e-16
-3.9497615e-15
-1.2598373e-15
-1.5120285e-14
-3.4422789e-15
-3.302233e-14
-7.4712534e-15
-6.0938765e-14
-1.4326103e-14
-1.0363359e-13
-2.5443965e-14
-1.6799264e-13
-4.2922312e-14
-2.6393157e-13
-6.9807974e-14
-4.0567773e-13
-1.1050826e-13
-6.1357166e-13
-1.7137371e-13
-9.1658591e-13
-2.6152099e-13
-1.355826e-12
-3.9398964e-13
-1.9893633e-12
-5.8736042e-13
-2.8988531e-12
-8.6800638e-13
-4.1985179e-12
-1.2732044e-12
-6.047211e-12
-1.8554051e-12
-8.6644336e-12
-2.6880457e-12
-1.2351322e-11
-3.8733929e-12
-1.7517766e-11
-5.5530234e-12
-2.4716922e-11
-7.9216874e-12
-3.4688496e-11
-1.1245454e-11
-4.8412215e-11
-1.5885217e-11
-6.7173084e-11
-2.2326855e-11
-9.2640191e-11
-3.1219591e-11
-1.2696122e-10
-4.3424475e-11
-1.7287521e-10
-6.0075343e-11
-2.3384617e-10
-8.2655233e-11
-3.1421952e-10
-1.1309189e-10
-4.194004e-10
-1.5387662e-10
-5.5604779e-10
-2.0821072e-10
-7.3226885e-10
-2.8018177e-10
-9.5778603e-10
-3.7497428e-10
-1.2440315e-09
-4.9929729e-10
-1.6040093e-09
-6.6141333e-10
-2.0529837e-09
-8.7118098e-10
-2.6068211e-09
-1.1406312e-09
-3.2811168e-09
-1.48435e-09
-4.0934179e-09
-1.9194981e-09
-5.0622489e-09
-6.2066347e-09
-2.465042e-09
-3.2632159e-16
-3.6234399e-15
-1.5757799e-15
-1.3870826e-14
-4.3051066e-15
-3.0293004e-14
-9.3429088e-15
-5.5900963e-14
-1.7912614e-14
-9.5063885e-14
-3.1808805e-14
-1.5409645e-13
-5.3649358e-14
-2.4209101e-13
-8.7234862e-14
-3.7209222e-13
-1.3805921e-13
-5.6274731e-13
-2.1403224e-13
-8.4061287e-13
-3.2649837e-13
-1.2433599e-12
-4.916655e-13
-1.8241961e-12
-7.3259916e-13
-2.6579195e-12
-1.0819886e-12
-3.8491284e-12
-1.5859578e-12
-5.5432419e-12
-2.3092755e-12
-7.9411158e-12
-3.3424189e-12
-1.1318179e-11
-4.8110585e-12
-1.6049126e-11
-6.8886691e-12
-2.2639312e-11
-9.8131154e-12
-3.1764049e-11
-1.3908233e-11
-4.4317097e-11
-1.9611611e-11
-6.1469707e-11
-2.7509995e-11
-8.4741806e-11
-3.8384044e-11
-1.1608717e-10
-5.3264468e-11
-1.5799479e-10
-7.3502115e-11
-2.1360853e-10
-1.0085502e-10
-2.8686662e-10
-1.3759601e-10
-3.826594e-10
-1.8664483e-10
-5.0699897e-10
-2.5172836e-10
-6.6718532e-10
-3.37572e-10
-8.7194239e-10
-4.5012306e-10
-1.1314805e-09
-5.9670066e-10
-1.4574317e-09
-7.8662634e-10
-1.863058e-09
-1.0310241e-09
-2.3624233e-09
-1.3428148e-09
-2.969326e-09
-1.737387e-09
-3.6988458e-09
-2.2327214e-09
-4.5669145e-09
-5.5905884e-09
-2.8487677e-09
-3.8811573e-16
-3.2353241e-15
-1.8740481e-15
-1.2384894e-14
-5.1196473e-15
-2.7047404e-14
-1.1109783e-14
-4.9910827e-14
-2.1298268e-14
-8.4875399e-14
-3.7817046e-14
-1.3757767e-13
-6.3775122e-14
-2.1613294e-13
-1.0368438e-13
-3.3218297e-13
-1.6406395e-13
-5.0236774e-13
-2.5429477e-13
-7.5038205e-13
-3.878226e-13
-1.1098321e-12
-5.8384329e-13
-1.6281754e-12
-8.6965068e-13
-2.3721121e-12
-1.2838871e-12
-3.4348921e-12
-1.8810112e-12
-4.9461177e-12
-2.7373909e-12
-7.0847361e-12
-3.9595376e-12
-1.0096032e-11
-5.6951268e-12
-1.4313537e-11
-8.1475933e-12
-2.0186845e-11
-1.1595248e-11
-2.8316394e-11
-1.6416039e-11
-3.9496306e-11
-2.3119267e-11
-5.4766478e-11
-3.2385818e-11
-7.5475256e-11
-4.5118713e-11
-1.0335428e-10
-6.2506188e-11
-1.4060731e-10
-8.6099898e-11
-1.9001482e-10
-1.179113e-10
-2.5505522e-10
-1.6052959e-10
-3.4004111e-10
-2.1726455e-10
-4.5026401e-10
-2.9231663e-10
-5.9213324e-10
-3.9097424e-10
-7.7328478e-10
-5.1982935e-10
-1.0026254e-09
-6.8697375e-10
-1.2902873e-09
-9.0241145e-10
-1.6476203e-09
-1.1781826e-09
-2.0866521e-09
-1.5281283e-09
-2.6193804e-09
-1.968401e-09
-3.2585731e-09
-2.517594e-09
-4.0177215e-09
-4.9117287e-09
-3.1964537e-09
-4.4467831e-16
-2.7906458e-15
-2.1470604e-15
-1.0682512e-14
-5.8652069e-15
-2.3329258e-14
-1.2726987e-14
-4.3049047e-14
-2.4397028e-14
-7.3205359e-14
-4.3315937e-14
-1.1865876e-13
-7.304202e-14
-1.8640685e-13
-1.1873776e-13
-2.8648723e-13
-1.878599e-13
-4.332456e-13
-2.9113442e-13
-6.4710753e-13
-4.4392787e-13
-9.5703862e-13
-6.6816652e-13
-1.4039368e-12
-9.9500676e-13
-2.0452718e-12
-1.4685267e-12
-2.9613721e-12
-2.1507923e-12
-4.2638522e-12
-3.1287518e-12
-6.1067766e-12
-4.5235341e-12
-8.7012499e-12
-6.50286e-12
-1.2334211e-11
-9.2974339e-12
-1.7392271e-11
-1.3222344e-11
-2.4391484e-11
-1.8704681e-11
-3.4013969e-11
-2.6318787e-11
-4.7152372e-11
-3.6830767e-11
-6.4963276e-11
-5.125419e-11
-8.8930856e-11
-7.0919239e-11
-1.2094226e-10
-9.7557952e-11
-1.633761e-10
-1.3340857e-10
-2.192046e-10
-1.8134206e-10
-2.9210762e-10
-2.4501349e-10
-3.8659258e-10
-3.2903927e-10
-5.0810746e-10
-4.3919811e-10
-6.6312594e-10
-5.8264644e-10
-8.5917705e-10
-7.681352e-10
-1.1047985e-09
-1.006305e-09
-1.4094505e-09
-1.3098344e-09
-1.7831228e-09
-1.6933272e-09
-2.2358875e-09
-2.1736008e-09
-2.7782995e-09
-2.7697826e-09
-3.4215396e-09
-4.1782271e-09
-3.5032842e-09
-4.944128e-16
-2.296233e-15
-2.3871046e-15
-8.78982e-15
-6.520716e-15
-1.9195646e-14
-1.4148833e-14
-3.5420929e-14
-2.7121414e-14
-6.0232779e-14
-4.8150415e-14
-9.7629757e-14
-8.1189109e-14
-1.5336816e-13
-1.3197189e-13
-2.3570445e-13
-2.0877966e-13
-3.5643783e-13
-3.2352063e-13
-5.3236657e-13
-4.9324948e-13
-7.8730976e-13
-7.4229193e-13
-1.1548943e-12
-1.1051981e-12
-1.6823657e-12
-1.6308212e-12
-2.435749e-12
-2.3879078e-12
-3.5067656e-12
-3.4726946e-12
-5.0219897e-12
-5.0191364e-12
-7.1548081e-12
-7.2125325e-12
-1.0140815e-11
-1.0307482e-11
-1.4297321e-11
-1.4651269e-11
-2.0047697e-11
-2.071396e-11
-2.7951279e-11
-2.9126694e-11
-3.8739637e-11
-4.072989e-11
-5.3360081e-11
-5.6633333e-11
-7.3027413e-11
-7.8290481e-11
-9.9285113e-11
-1.0758962e-10
-1.3407696e-10
-1.469648e-10
-1.7982942e-10
-1.9952929e-10
-2.3954313e-10
-2.6923367e-10
-3.1688819e-10
-3.6104849e-10
-4.1629264e-10
-4.8116772e-10
-5.4300671e-10
-6.3722395e-10
-7.0312082e-10
-8.3850393e-10
-9.0351854e-10
-1.0961844e-09
-1.1517701e-09
-1.4234593e-09
-1.4558479e-09
-1.8355126e-09
-1.8238342e-09
-2.3496886e-09
-2.2641235e-09
-2.9855804e-09
-2.7856478e-09
-3.3986435e-09
-3.7651641e-09
-5.3601467e-16
-1.7602184e-15
-2.587897e-15
-6.7379376e-15
-7.0690114e-15
-1.4714532e-14
-1.5338075e-14
-2.7151866e-14
-2.940001e-14
-4.6170843e-14
-5.2193642e-14
-7.4836125e-14
-8.800243e-14
-1.1755937e-13
-1.4303883e-13
-1.8066805e-13
-2.2627256e-13
-2.7320409e-13
-3.5059978e-13
-4.0803935e-13
-5.3448565e-13
-6.0342389e-13
-8.0426016e-13
-8.8511984e-13
-1.1973075e-12
-1.2893183e-12
-1.7664675e-12
-1.866589e-12
-2.5860617e-12
-2.6871714e-12
-3.7600756e-12
-3.8479758e-12
-5.4331584e-12
-5.4817253e-12
-7.8052593e-12
-7.768714e-12
-1.115088e-11
-1.0951701e-11
-1.5844102e-11
-1.5354475e-11
-2.2390732e-11
-2.1404648e-11
-3.1469103e-11
-2.9661267e-11
-4.3981295e-11
-4.0847888e-11
-6.1116819e-11
-5.5891889e-11
-8.4431088e-11
-7.5970844e-11
-1.1594133e-10
-1.0256673e-10
-1.5824271e-10
-1.3752804e-10
-2.1464731e-10
-1.8313853e-10
-2.8934722e-10
-2.4218828e-10
-3.8760112e-10
-3.1803874e-10
-5.1593924e-10
-4.1466859e-10
-6.8237671e-10
-5.3668335e-10
-8.966216e-10
-6.8927365e-10
-1.1702734e-09
-8.7811822e-10
-1.5169359e-09
-1.1091854e-09
-1.952228e-09
-1.3885421e-09
-2.4938926e-09
-1.7224589e-09
-3.161903e-09
-2.1176374e-09
-2.5818443e-09
-3.9787022e-09
-5.6736619e-16
-1.1928522e-15
-2.7392383e-15
-4.5660655e-15
-7.4824417e-15
-9.9713287e-15
-1.623544e-14
-1.8398867e-14
-3.1121252e-14
-3.1285031e-14
-5.5252622e-14
-5.0704755e-14
-9.3167905e-14
-7.9644089e-14
-1.5145116e-13
-1.223848e-13
-2.3960993e-13
-1.8504531e-13
-3.7131064e-13
-2.7633864e-13
-5.6611476e-13
-4.0861977e-13
-8.5190912e-13
-5.9932548e-13
-1.2682784e-12
-8.7294902e-13
-1.871156e-12
-1.2637115e-12
-2.7391879e-12
-1.8191394e-12
-3.9823656e-12
-2.6047981e-12
-5.7536229e-12
-3.710468e-12
-8.2642497e-12
-5.2580872e-12
-1.1804144e-11
-7.4118063e-12
-1.6768106e-11
-1.0390513e-11
-2.368955e-11
-1.4483204e-11
-3.3283238e-11
-2.006758e-11
-4.6498807e-11
-2.763232e-11
-6.4587183e-11
-3.7803512e-11
-8.9182217e-11
-5.1375811e-11
-1.2240016e-10
-6.9348784e-11
-1.6695969e-10
-9.2968502e-11
-2.2632485e-10
-1.2377337e-10
-3.0487183e-10
-1.6364131e-10
-4.0807813e-10
-2.1483244e-10
-5.4272821e-10
-2.800185e-10
-7.1712433e-10
-3.6228724e-10
-9.4128666e-10
-4.6511132e-10
-1.2271277e-09
-5.9227713e-10
-1.5885551e-09
-7.4775805e-10
-2.0414989e-09
-9.3559832e-10
-2.6039901e-09
-1.1599678e-09
-3.2962889e-09
-1.4253386e-09
-1.7369332e-09
-4.1412e-09
-5.8918294e-16
-6.0366924e-16
-2.8446547e-15
-2.3105938e-15
-7.7712445e-15
-5.0447389e-15
-1.6864616e-14
-9.3054955e-15
-3.2332761e-14
-1.5816887e-14
-5.7413428e-14
-2.5624087e-14
-9.6826737e-14
-4.023078e-14
-1.5741726e-13
-6.1794273e-14
-2.4905876e-13
-9.3403814e-14
-3.859314e-13
-1.39466e-13
-5.8833262e-13
-2.0621855e-13
-8.8520456e-13
-3.0245354e-13
-1.3176265e-12
-4.4052712e-13
-1.9436345e-12
-6.3770343e-13
-2.8448155e-12
-9.1795839e-13
-4.1352484e-12
-1.3143652e-12
-5.9735087e-12
-1.8722077e-12
-8.578613e-12
-2.6529829e-12
-1.2250953e-11
-3.739466e-12
-1.7399448e-11
-5.2420185e-12
-2.4576327e-11
-7.3063246e-12
-3.4521156e-11
-1.0122751e-11
-4.8215933e-11
-1.3937543e-11
-6.6953328e-11
-1.9066117e-11
-9.2420441e-11
-2.5908698e-11
-1.2680066e-10
-3.4968569e-11
-1.7289626e-10
-4.6872901e-11
-2.3427395e-10
-6.2395685e-11
-3.1543402e-10
-8.2481229e-11
-4.2200113e-10
-1.0826534e-10
-5.6093003e-10
-1.410896e-10
-7.4071428e-10
-1.8250299e-10
-9.7158027e-10
-2.3424533e-10
-1.2656474e-09
-2.9820997e-10
-1.6370236e-09
-3.7638188e-10
-2.1018394e-09
-4.7078254e-10
-2.6783131e-09
-5.8349403e-10
-3.3868974e-09
-7.1675436e-10
-8.7318787e-10
-4.2506427e-09
-6.0366924e-16
-2.914263e-15
-7.9590019e-15
-1.7264497e-14
-3.3081384e-14
-5.8705471e-14
-9.8936251e-14
-1.6073052e-13
-2.5413434e-13
-3.9360034e-13
-5.998189e-13
-9.0227244e-13
-1.3427996e-12
-1.980503e-12
-2.8984614e-12
-4.2128266e-12
-6.0850343e-12
-8.7380173e-12
-1.2477483e-11
-1.7719502e-11
-2.5025826e-11
-3.5148577e-11
-4.908612e-11
-6.8152237e-11
-9.4060935e-11
-1.290295e-10
-1.7590241e-10
-2.3829809e-10
-3.2077932e-10
-4.2904466e-10
-5.7013426e-10
-7.5263725e-10
-9.8688257e-10
-1.2850925e-09
-1.6614744e-09
-2.132257e-09
-2.715751e-09
-3.4325054e-09
-4.3056932e-09
1.29724e-09
-1.8386167e-10
1.4934382e-09
-1.9619824e-10
1.6983412e-09
-2.0490304e-10
1.9130272e-09
-2.14686e-10
2.1370166e-09
-2.239894e-10
2.3698753e-09
-2.3285871e-10
2.6109253e-09
-2.4104993e-10
2.859067e-09
-2.4814176e-10
3.1128097e-09
-2.5374261e-10
3.3701327e-09
-2.5732308e-10
3.6284001e-09
-2.5826734e-10
3.8842336e-09
-2.5583351e-10
4.1335e-09
-2.4926636e-10
4.3704861e-09
-2.3698611e-10
-2.2016755e-10
4.5906536e-09
1.3391705e-09
-3.7289286e-10
1.5411411e-09
-3.981688e-10
1.7522774e-09
-4.1603941e-10
1.9736861e-09
-4.3609469e-10
2.2048306e-09
-4.5513384e-10
2.4452649e-09
-4.7329306e-10
2.6942614e-09
-4.9004637e-10
2.9506771e-09
-5.0455753e-10
3.2129551e-09
-5.1602054e-10
3.4789933e-09
-5.2336129e-10
3.7460556e-09
-5.2532969e-10
4.0106284e-09
-5.2040631e-10
4.2684387e-09
-5.0707662e-10
4.5135438e-09
-4.8209124e-10
-4.4787153e-10
4.7412478e-09
1.3859585e-09
-5.6774708e-10
1.5943961e-09
-6.0660636e-10
1.8125525e-09
-6.3419583e-10
2.041514e-09
-6.650562e-10
2.2806962e-09
-6.94316e-10
2.5296245e-09
-7.2222142e-10
2.7875121e-09
-7.4793392e-10
3.053158e-09
-7.7020348e-10
3.3249221e-09
-7.8778465e-10
3.6006017e-09
-7.9904086e-10
3.8773389e-09
-8.0206692e-10
4.1514628e-09
-7.9453017e-10
4.4185304e-09
-7.7414417e-10
4.6723624e-09
-7.3592323e-10
-6.8353294e-10
4.9080238e-09
1.4380951e-09
-7.6917734e-10
1.6538037e-09
-8.2231492e-10
1.8798826e-09
-8.6027469e-10
2.1173439e-09
-9.0251754e-10
2.3655666e-09
-9.4253869e-10
2.6240276e-09
-9.806824e-10
2.8918711e-09
-1.0157774e-09
3.1678213e-09
-1.0461537e-09
3.4501361e-09
-1.0700995e-09
3.7364909e-09
-1.0853957e-09
4.0238818e-09
-1.0894578e-09
4.3084579e-09
-1.0791063e-09
4.5855718e-09
-1.0512581e-09
4.8488022e-09
-9.9915356e-10
-9.2761582e-10
5.0928851e-09
1.4959564e-09
-9.7802507e-10
1.7198517e-09
-1.0462102e-09
1.9548677e-09
-1.0952907e-09
2.2018933e-09
-1.1495432e-09
2.4602778e-09
-1.2009231e-09
2.7294309e-09
-1.2498355e-09
3.0084167e-09
-1.2947633e-09
3.2958656e-09
-1.3336025e-09
3.5899134e-09
-1.3641473e-09
3.8880906e-09
-1.3835729e-09
4.1872215e-09
-1.3885886e-09
4.4832512e-09
-1.375136e-09
4.7712926e-09
-1.3392995e-09
5.044673e-09
-1.272534e-09
-1.1806545e-09
5.2977117e-09
1.5597471e-09
-1.1952077e-09
1.7928471e-09
-1.2793102e-09
2.0379241e-09
-1.3403677e-09
2.2956904e-09
-1.4073095e-09
2.5654713e-09
-1.4707041e-09
2.8465941e-09
-1.5309582e-09
3.1380287e-09
-1.5861979e-09
3.4382918e-09
-1.6338656e-09
3.7453756e-09
-1.6712311e-09
4.0566417e-09
-1.6948391e-09
4.3687159e-09
-1.7006627e-09
4.6773141e-09
-1.6837342e-09
4.9772751e-09
-1.6392605e-09
5.2616623e-09
-1.5569212e-09
-1.4432842e-09
5.5242921e-09
1.6294339e-09
-1.4216974e-09
1.872841e-09
-1.5227173e-09
2.1292075e-09
-1.5967342e-09
2.3989898e-09
-1.6770918e-09
2.6815062e-09
-1.7532204e-09
2.9759875e-09
-1.8254395e-09
3.2812935e-09
-1.8915039e-09
3.5958059e-09
-1.948378e-09
3.9173511e-09
-1.9927762e-09
4.2430976e-09
-2.0205856e-09
4.5694459e-09
-2.027011e-09
4.8918577e-09
-2.0061461e-09
5.2048643e-09
-1.9522671e-09
5.5012509e-09
-1.8533078e-09
-1.7162803e-09
5.774247e-09
1.7046681e-09
-1.6584886e-09
1.959546e-09
-1.7775951e-09
2.2285279e-09
-1.865716e-09
2.5116807e-09
-1.9602446e-09
2.8083611e-09
-2.0499009e-09
3.1176913e-09
-2.1347697e-09
3.4384004e-09
-2.212213e-09
3.7687135e-09
-2.2786911e-09
4.1062686e-09
-2.3303313e-09
4.4480174e-09
-2.3623344e-09
4.7901103e-09
-2.3691039e-09
5.1277302e-09
-2.343766e-09
5.4550702e-09
-2.2796071e-09
5.764621e-09
-2.1628585e-09
-2.0006054e-09
6.048946e-09
1.7847062e-09
-1.9065479e-09
2.0522614e-09
-2.0451504e-09
2.3352614e-09
-2.148716e-09
2.6331887e-09
-2.2581718e-09
2.945534e-09
-2.3622463e-09
3.271292e-09
-2.4605277e-09
3.6090357e-09
-2.5499567e-09
3.9568119e-09
-2.6264673e-09
4.3120484e-09
-2.6855678e-09
4.6714582e-09
-2.7217443e-09
5.0309189e-09
-2.7285645e-09
5.3853125e-09
-2.6981597e-09
5.7284669e-09
-2.6227615e-09
6.0525616e-09
-2.4869532e-09
-2.2974643e-09
6.3494204e-09
1.8686694e-09
-2.1670926e-09
2.1501539e-09
-2.3266348e-09
2.4482752e-09
-2.4468373e-09
2.7623779e-09
-2.5722745e-09
3.0919433e-09
-2.6918117e-09
3.4357815e-09
-2.8043659e-09
3.792281e-09
-2.9064561e-09
4.1592877e-09
-2.993474e-09
4.5339999e-09
-3.06028e-09
4.9128726e-09
-3.100617e-09
5.2914914e-09
-3.1071834e-09
5.6644199e-09
-3.0710881e-09
6.0250975e-09
-2.9834391e-09
6.3653773e-09
-2.827233e-09
-2.6083643e-09
6.6762773e-09
1.9553158e-09
-2.4416405e-09
2.2517441e-09
-2.6230632e-09
2.5656955e-09
-2.7607887e-09
2.8974528e-09
-2.9040318e-09
3.2458419e-09
-3.0402007e-09
3.6094717e-09
-3.1679957e-09
3.9865264e-09
-3.2835109e-09
4.3746307e-09
-3.3815783e-09
4.7707353e-09
-3.4563846e-09
5.1710228e-09
-3.5009045e-09
5.5707732e-09
-3.5069339e-09
5.9642181e-09
-3.4645331e-09
6.344392e-09
-3.363613e-09
6.7028083e-09
-3.1856493e-09
-2.9351788e-09
7.0296227e-09
2.0413318e-09
-2.730887e-09
2.3537895e-09
-2.9355209e-09
2.685087e-09
-3.0920862e-09
3.0359246e-09
-3.2548694e-09
3.4047531e-09
-3.4090292e-09
3.7899306e-09
-3.5531732e-09
4.1894095e-09
-3.6829898e-09
4.6005728e-09
-3.7927416e-09
5.0201103e-09
-3.8759222e-09
5.4439223e-09
-3.9247164e-09
5.8669761e-09
-3.9299877e-09
6.2831652e-09
-3.8807221e-09
6.6851081e-09
-3.7655558e-09
7.06397e-09
-3.5645112e-09
-3.2802089e-09
7.4090001e-09
2.1231132e-09
-3.0349689e-09
2.4526205e-09
-3.2650282e-09
2.8031434e-09
-3.4426091e-09
3.1745361e-09
-3.6262621e-09
3.565435e-09
-3.7999282e-09
3.9739543e-09
-3.9616925e-09
4.3977894e-09
-4.1068249e-09
4.8340657e-09
-4.2290178e-09
5.2792026e-09
-4.3210591e-09
5.7288149e-09
-4.3743287e-09
6.1775579e-09
-4.3787307e-09
6.6189882e-09
-4.3221524e-09
7.0453049e-09
-4.1918726e-09
7.447322e-09
-3.9665282e-09
-3.64624e-09
7.813353e-09
2.1977555e-09
-3.3544332e-09
2.5449567e-09
-3.6122294e-09
2.9158388e-09
-3.8134912e-09
3.309275e-09
-4.0196983e-09
3.7238938e-09
-4.2145469e-09
4.1575834e-09
-4.3953822e-09
4.6077689e-09
-4.5570104e-09
5.0713053e-09
-4.6925542e-09
5.5443382e-09
-4.794092e-09
6.0222015e-09
-4.852192e-09
6.499247e-09
-4.8557762e-09
6.9687046e-09
-4.79161e-09
7.4223585e-09
-4.6455265e-09
7.8506743e-09
-4.3948441e-09
-4.0365854e-09
8.2410198e-09
2.2610952e-09
-3.6897654e-09
2.62647e-09
-3.9776042e-09
3.0186219e-09
-4.2056431e-09
3.435473e-09
-4.4365495e-09
3.8754525e-09
-4.6545264e-09
4.3361741e-09
-4.8561037e-09
4.8147689e-09
-5.0356053e-09
5.3078106e-09
-5.1855959e-09
5.8111729e-09
-5.2974543e-09
6.319921e-09
-5.3609401e-09
6.8281209e-09
-5.3639761e-09
7.328695e-09
-5.2921841e-09
7.8130243e-09
-5.1298558e-09
8.2712373e-09
-4.853057e-09
-4.455114e-09
8.6897658e-09
2.3081305e-09
-4.0412165e-09
2.692036e-09
-4.3615097e-09
3.1063236e-09
-4.6199307e-09
3.5478932e-09
-4.8781191e-09
4.0148681e-09
-5.1215013e-09
4.5045228e-09
-5.3457584e-09
5.0136597e-09
-5.5447422e-09
5.5385585e-09
-5.7104946e-09
6.0748284e-09
-5.8337242e-09
6.6172863e-09
-5.903398e-09
7.1597389e-09
-5.9064288e-09
7.694828e-09
-5.8272731e-09
8.2135513e-09
-5.6485791e-09
8.705718e-09
-5.3452237e-09
-4.9062538e-09
9.1568578e-09
2.333405e-09
-4.4088889e-09
2.7360722e-09
-4.7641769e-09
3.1733061e-09
-5.0571646e-09
3.6408745e-09
-5.3456875e-09
4.136497e-09
-5.6171238e-09
4.6570435e-09
-5.8663048e-09
5.1989438e-09
-6.0866425e-09
5.7581705e-09
-6.2697214e-09
6.3300807e-09
-6.4056344e-09
6.9092715e-09
-6.4825888e-09
7.4893246e-09
-6.4864819e-09
8.0626346e-09
-6.4005832e-09
8.619842e-09
-6.2057865e-09
9.1504619e-09
-5.8758436e-09
-5.3949703e-09
9.6391784e-09
2.3311229e-09
-4.7928155e-09
2.7527214e-09
-5.1857754e-09
3.2136689e-09
-5.5181121e-09
3.7085347e-09
-5.8405533e-09
4.234509e-09
-6.1430981e-09
4.7879886e-09
-6.4197845e-09
5.3649823e-09
-6.6636361e-09
5.9611417e-09
-6.8658808e-09
6.5715901e-09
-7.0160828e-09
7.19074e-09
-7.1017387e-09
7.8119887e-09
-7.1077306e-09
8.4275215e-09
-7.0161159e-09
9.027652e-09
-6.805917e-09
9.6016318e-09
-6.4498235e-09
-5.9267165e-09
1.0133378e-08
2.2953305e-09
-5.1930504e-09
2.7360886e-09
-5.6265334e-09
3.2214962e-09
-6.0035197e-09
3.7450154e-09
-6.3640726e-09
4.3031344e-09
-6.701217e-09
4.8917005e-09
-7.0083506e-09
5.5062478e-09
-7.2781834e-09
6.1420946e-09
-7.5017277e-09
6.7941538e-09
-7.6681419e-09
7.4566951e-09
-7.76428e-09
8.1229755e-09
-7.774011e-09
8.7850083e-09
-7.6781487e-09
9.4328133e-09
-7.453722e-09
1.0055412e-08
-7.0724224e-09
-6.507356e-09
1.0636052e-08
2.2200907e-09
-5.609734e-09
2.680487e-09
-6.0869297e-09
3.1911251e-09
-6.5141578e-09
3.7447441e-09
-6.9176915e-09
4.3369258e-09
-7.2933987e-09
4.962872e-09
-7.6342968e-09
5.6175848e-09
-7.9328962e-09
6.2960381e-09
-8.180181e-09
6.9929641e-09
-8.365068e-09
7.7025352e-09
-8.4738511e-09
8.417912e-09
-8.4893878e-09
9.1309686e-09
-8.3912053e-09
9.831464e-09
-8.1542175e-09
1.0508223e-08
-7.7491812e-09
-7.1430626e-09
1.1143929e-08
2.0995444e-09
-6.0430064e-09
2.5805661e-09
-6.5679514e-09
3.117355e-09
-7.0509467e-09
3.7026653e-09
-7.5030019e-09
4.3309996e-09
-7.921733e-09
4.9967927e-09
-8.3000899e-09
5.6944556e-09
-8.6305591e-09
6.4186123e-09
-8.9043377e-09
7.1638505e-09
-9.1103062e-09
7.9242923e-09
-9.2342928e-09
8.6930413e-09
-9.2581369e-09
9.4618548e-09
-9.1600188e-09
1.0220262e-08
-8.9126245e-09
1.0956919e-08
-8.4858382e-09
-7.8402004e-09
1.1654057e-08
1.9283021e-09
-6.4928033e-09
2.4314361e-09
-7.0710854e-09
2.9956503e-09
-7.6151609e-09
3.6144727e-09
-8.1218243e-09
4.2812719e-09
-8.5885322e-09
4.989581e-09
-9.0083991e-09
5.7331657e-09
-9.3741438e-09
6.5063069e-09
-9.6774788e-09
7.3034918e-09
-9.9074911e-09
8.1188375e-09
-1.0049639e-08
8.9454208e-09
-1.008472e-08
9.774888e-09
-9.989486e-09
1.0596567e-08
-9.7343034e-09
1.1398964e-08
-9.2882357e-09
-8.6051937e-09
1.2163958e-08
1.7031944e-09
-6.9591565e-09
2.2300867e-09
-7.5979777e-09
2.8231262e-09
-8.2082003e-09
3.4772506e-09
-8.7759488e-09
4.1848687e-09
-9.2961503e-09
4.9384603e-09
-9.7619906e-09
5.7310697e-09
-1.0166753e-08
6.5566325e-09
-1.0503042e-08
7.4095711e-09
-1.076043e-08
8.284027e-09
-1.0924094e-08
9.17306e-09
-1.0973753e-08
1.0068187e-08
-1.0884613e-08
1.0958571e-08
-1.0624688e-08
1.1832544e-08
-1.0162208e-08
-9.4444114e-09
1.2671762e-08
1.4290336e-09
-7.4457843e-09
1.9789229e-09
-8.1478671e-09
2.6005034e-09
-8.8297808e-09
3.2904297e-09
-9.4658751e-09
4.0405164e-09
-1.0046237e-08
4.8418818e-09
-1.0563356e-08
5.6865914e-09
-1.1011463e-08
6.5681119e-09
-1.1384562e-08
7.4807649e-09
-1.1673083e-08
8.4186971e-09
-1.1862027e-08
9.3749243e-09
-1.192998e-08
1.0340793e-08
-1.1850482e-08
1.130531e-08
-1.1589205e-08
1.2256733e-08
-1.1113631e-08
1.3176025e-08
-1.0363703e-08
4.6706089e-09
-7.9955242e-11
4.7526857e-09
-8.2076845e-11
4.8350204e-09
-8.2334702e-11
4.9168788e-09
-8.1858358e-11
4.9981526e-09
-8.1273904e-11
5.078236e-09
-8.0083339e-11
5.1568754e-09
-7.8639434e-11
5.2338039e-09
-7.6928488e-11
5.3086926e-09
-7.4888681e-11
5.3815748e-09
-7.2882205e-11
5.4516911e-09
-7.0116293e-11
5.5203707e-09
-6.8679641e-11
5.583241e-09
-6.2870326e-11
5.6518199e-09
-6.8578915e-11
-4.6148404e-11
4.822425e-09
-1.6113243e-10
4.9058715e-09
-1.6552334e-10
4.9896843e-09
-1.6614754e-10
5.0731289e-09
-1.6530298e-10
5.1560674e-09
-1.6421239e-10
5.2378819e-09
-1.6189787e-10
5.3182979e-09
-1.5905541e-10
5.3970326e-09
-1.5566321e-10
5.4737411e-09
-1.5159714e-10
5.5484442e-09
-1.4758534e-10
5.6203614e-09
-1.4203346e-10
5.690838e-09
-1.3915628e-10
5.7553985e-09
-1.2743075e-10
5.8258079e-09
-1.3898836e-10
-9.3572891e-11
4.9890914e-09
-2.4220009e-10
5.072632e-09
-2.4906397e-10
5.1567975e-09
-2.5031304e-10
5.2408253e-09
-2.4933075e-10
5.3245445e-09
-2.4793153e-10
5.4073213e-09
-2.4467468e-10
5.4888483e-09
-2.4058242e-10
5.5688182e-09
-2.3563314e-10
5.6468606e-09
-2.2963958e-10
5.7229731e-09
-2.2369777e-10
5.7963475e-09
-2.1540794e-10
5.8683318e-09
-2.1114052e-10
5.9343548e-09
-1.9345375e-10
6.00636e-09
-2.1099359e-10
-1.421348e-10
5.1723306e-09
-3.2164565e-10
5.2545104e-09
-3.3124373e-10
5.3377388e-09
-3.3354149e-10
5.4211938e-09
-3.3278571e-10
5.5046717e-09
-3.3140946e-10
5.5875175e-09
-3.2752045e-10
5.6693793e-09
-3.2244418e-10
5.7499156e-09
-3.1616949e-10
5.8287203e-09
-3.0844425e-10
5.905756e-09
-3.0073344e-10
5.9801792e-09
-2.8983121e-10
6.0533263e-09
-2.8428756e-10
6.1205355e-09
-2.6066293e-10
6.1938579e-09
-2.8431603e-10
-1.9166488e-10
5.373862e-09
-3.9779593e-10
5.4530711e-09
-4.1045283e-10
5.5339197e-09
-4.1439006e-10
5.6155027e-09
-4.1436879e-10
5.697584e-09
-4.1349076e-10
5.7794829e-09
-4.0941936e-10
5.8607921e-09
-4.0375337e-10
5.9411265e-09
-3.9650385e-10
6.0200332e-09
-3.8735099e-10
6.0974281e-09
-3.7812834e-10
6.1724237e-09
-3.648268e-10
6.2463287e-09
-3.581926e-10
6.3143963e-09
-3.2873047e-10
6.3887081e-09
-3.5862787e-10
-2.4196509e-10
5.5953515e-09
-4.6885539e-10
5.6698584e-09
-4.8495973e-10
5.746754e-09
-4.9128569e-10
5.8250397e-09
-4.9265442e-10
5.9044462e-09
-4.9289734e-10
5.9842665e-09
-4.8923966e-10
6.0640281e-09
-4.8351496e-10
6.1432934e-09
-4.7576917e-10
6.221553e-09
-4.6561053e-10
6.2986634e-09
-4.5523878e-10
6.3736845e-09
-4.3984784e-10
6.4478795e-09
-4.3238766e-10
6.5164225e-09
-3.9727346e-10
6.5913438e-09
-4.3354912e-10
-2.9280868e-10
5.8383505e-09
-5.3295893e-10
5.9063478e-09
-5.5295698e-10
5.9776209e-09
-5.6255884e-10
6.0510827e-09
-5.6611618e-10
6.126432e-09
-5.6824671e-10
6.2029385e-09
-5.657461e-10
6.2800576e-09
-5.6063409e-10
6.3572927e-09
-5.5300424e-10
6.4340686e-09
-5.4238649e-10
6.5101715e-09
-5.3134162e-10
6.5845997e-09
-5.1427609e-10
6.6585513e-09
-5.0633926e-10
6.7271287e-09
-4.6585086e-10
6.8022317e-09
-5.0865207e-10
-3.4394727e-10
6.1042264e-09
-5.8823933e-10
6.1638896e-09
-6.126201e-10
6.2278199e-09
-6.2648914e-10
6.294866e-09
-6.3316227e-10
6.3646976e-09
-6.380784e-10
6.4365704e-09
-6.3761888e-10
6.5098656e-09
-6.3392927e-10
6.5840236e-09
-6.2716222e-10
6.6583975e-09
-6.1676044e-10
6.7326927e-09
-6.056368e-10
6.8058392e-09
-5.8742261e-10
6.8789472e-09
-5.7944726e-10
6.9470599e-09
-5.3396355e-10
7.021875e-09
-5.8346715e-10
-3.9511235e-10
6.3940891e-09
-6.3290803e-10
6.4436477e-09
-6.6217863e-10
6.4985212e-09
-6.8136268e-10
6.55754e-09
-6.9218104e-10
6.6203508e-09
-7.0088925e-10
6.6862119e-09
-7.0347999e-10
6.7544341e-09
-7.0215142e-10
6.8243958e-09
-6.9712399e-10
6.8953762e-09
-6.8774082e-10
6.9669923e-09
-6.7725285e-10
7.0381003e-09
-6.5853059e-10
7.1096981e-09
-6.5104512e-10
7.1767878e-09
-6.0105329e-10
7.2508001e-09
-6.574794e-10
-4.4600975e-10
6.7087154e-09
-6.6534612e-10
6.7465342e-09
-6.9999737e-10
6.7907117e-09
-7.255402e-10
6.8401271e-09
-7.415964e-10
6.8944154e-09
-7.5517756e-10
6.9528626e-09
-7.619272e-10
7.0147207e-09
-7.6400951e-10
7.0793134e-09
-7.6171678e-10
7.1458486e-09
-7.5427598e-10
7.2138514e-09
-7.4525565e-10
7.2821016e-09
-7.2678083e-10
7.3514587e-09
-7.2040218e-10
7.4169083e-09
-6.6650288e-10
7.4895593e-09
-7.3013041e-10
-4.963197e-10
7.0484777e-09
-6.8420105e-10
7.0731445e-09
-7.2466418e-10
7.1051384e-09
-7.5753415e-10
7.1434738e-09
-7.7993179e-10
7.1877921e-09
-7.9949578e-10
7.2374407e-09
-8.1157581e-10
7.291634e-09
-8.1820286e-10
7.3496558e-09
-8.1973854e-10
7.4106519e-09
-8.1527206e-10
7.4740574e-09
-8.0866114e-10
7.5385765e-09
-7.913e-10
7.6049036e-09
-7.867292e-10
7.6680517e-09
-7.29651e-10
7.7387433e-09
-8.0082205e-10
-5.4568505e-10
7.4132815e-09
-6.8848246e-10
7.4236967e-09
-7.3507935e-10
7.4422535e-09
-7.7609103e-10
7.4682025e-09
-8.0588075e-10
7.5012171e-09
-8.325104e-10
7.5407488e-09
-8.511075e-10
7.5860061e-09
-8.6346016e-10
7.6362558e-09
-8.6998827e-10
7.6905997e-09
-8.6961593e-10
7.7483907e-09
-8.6645212e-10
7.8082631e-09
-8.5117238e-10
7.8707247e-09
-8.4919083e-10
7.9308756e-09
-7.8980189e-10
7.9989621e-09
-8.6890861e-10
-5.9371313e-10
7.8025199e-09
-6.7764934e-10
7.7979806e-09
-7.3054006e-10
7.8021638e-09
-7.8027425e-10
7.8146636e-09
-8.1838051e-10
7.8352201e-09
-8.5306694e-10
7.8634378e-09
-8.7932519e-10
7.8985622e-09
-8.9858454e-10
7.9398759e-09
-9.1130199e-10
7.9864631e-09
-9.1620318e-10
8.0376106e-09
-9.1759961e-10
8.0918933e-09
-9.0545506e-10
8.1496191e-09
-9.0691662e-10
8.2060422e-09
-8.4622506e-10
8.2708287e-09
-9.3369503e-10
-6.3998602e-10
8.2150501e-09
-6.5167972e-10
8.1953223e-09
-7.1081226e-10
8.1845896e-09
-7.6954146e-10
8.1828936e-09
-8.1668454e-10
8.1900836e-09
-8.6025691e-10
8.2059702e-09
-8.9521183e-10
8.2298891e-09
-9.2250349e-10
8.2611812e-09
-9.4259401e-10
8.2989492e-09
-9.5397122e-10
8.3424382e-09
-9.6108863e-10
8.3901804e-09
-9.5319724e-10
8.4422822e-09
-9.590184e-10
8.4942279e-09
-8.9817078e-10
8.554973e-09
-9.9444009e-10
-6.8404607e-10
8.6492e-09
-6.111139e-10
8.61457e-09
-6.7618222e-10
8.5888377e-09
-7.4380917e-10
8.5725814e-09
-8.0042827e-10
8.5658072e-09
-8.5348263e-10
8.5685857e-09
-8.9799033e-10
8.5804041e-09
-9.3432196e-10
8.6007124e-09
-9.6290229e-10
8.628678e-09
-9.8193685e-10
8.6635378e-09
-9.9594841e-10
8.7038057e-09
-9.9346514e-10
8.7494078e-09
-1.0046205e-09
8.7961194e-09
-9.4488232e-10
8.8520352e-09
-1.0503559e-09
-7.2539959e-10
9.1028075e-09
-5.5706358e-10
9.0541053e-09
-6.2748003e-10
9.0137934e-09
-7.0349728e-10
8.9830475e-09
-7.6968232e-10
8.9620799e-09
-8.3251505e-10
8.9512706e-09
-8.8718107e-10
8.9503246e-09
-9.3337595e-10
8.9588586e-09
-9.7143628e-10
8.9761589e-09
-9.9923719e-10
9.0014969e-09
-1.0212864e-09
9.0334048e-09
-1.025373e-09
9.0716665e-09
-1.0428823e-09
9.1123866e-09
-9.8560242e-10
9.1626524e-09
-1.1006217e-09
-7.6352993e-10
9.5732963e-09
-4.911815e-10
9.5118855e-09
-5.6606924e-10
9.4579349e-09
-6.4954662e-10
9.4132392e-09
-7.2498667e-10
9.3782633e-09
-7.9753908e-10
9.3537347e-09
-8.6265254e-10
9.3396422e-09
-9.1928344e-10
9.3358309e-09
-9.6762495e-10
9.3417666e-09
-1.0051729e-09
9.3568055e-09
-1.0363254e-09
9.3795458e-09
-1.0481132e-09
9.4096761e-09
-1.0730126e-09
9.4436648e-09
-1.0195911e-09
9.4874532e-09
-1.1444101e-09
-7.9790561e-10
1.0057786e-08
-4.1558977e-10
9.9855163e-09
-4.9379928e-10
9.9193737e-09
-5.8340403e-10
9.8617475e-09
-6.673604e-10
9.8133894e-09
-7.4918102e-10
9.7753974e-09
-8.2466059e-10
9.7481029e-09
-8.919889e-10
9.7316403e-09
-9.5116235e-10
9.7257185e-09
-9.9925101e-10
9.729835e-09
-1.0404419e-09
9.742711e-09
-1.0609892e-09
9.7639956e-09
-1.0942972e-09
9.7905541e-09
-1.0461496e-09
9.8270497e-09
-1.1809058e-09
-8.279904e-10
1.0553232e-08
-3.3277007e-10
1.0472354e-08
-4.1292103e-10
1.0395922e-08
-5.0697213e-10
1.0326844e-08
-5.9828252e-10
1.0266176e-08
-6.8851326e-10
1.0215387e-08
-7.7387136e-10
1.0175196e-08
-8.5179731e-10
1.014608e-08
-9.2204722e-10
1.0128056e-08
-9.8122615e-10
1.0120819e-08
-1.0332054e-09
1.0123278e-08
-1.0634485e-09
1.0135109e-08
-1.106128e-09
1.0153606e-08
-1.0646461e-09
1.0182028e-08
-1.2093277e-09
-8.532552e-10
1.1056583e-08
-2.4542361e-10
1.0969632e-08
-3.2597012e-10
1.0885184e-08
-4.2252448e-10
1.0806544e-08
-5.1964187e-10
1.0735063e-08
-6.1703263e-10
1.0672555e-08
-7.1136387e-10
1.0620152e-08
-7.9939339e-10
1.0578717e-08
-8.8061308e-10
1.0548627e-08
-9.5113555e-10
1.0529836e-08
-1.0144143e-09
1.0521503e-08
-1.0551161e-09
1.052341e-08
-1.1080349e-09
1.0533308e-08
-1.0745438e-09
1.0552935e-08
-1.2289545e-09
-8.7319195e-10
1.1564948e-08
-1.5631476e-10
1.1474604e-08
-2.3562644e-10
1.138467e-08
-3.3259069e-10
1.1298686e-08
-4.3365707e-10
1.1218264e-08
-5.366109e-10
1.1145509e-08
-6.3860895e-10
1.1081958e-08
-7.3584267e-10
1.102889e-08
-8.2754534e-10
1.0987081e-08
-9.0932624e-10
1.0956795e-08
-9.8412788e-10
1.0937502e-08
-1.0358238e-09
1.0929184e-08
-1.0997166e-09
1.0930074e-08
-1.0754333e-09
1.094027e-08
-1.239151e-09
-8.8732846e-10
1.2075755e-08
-6.8112381e-11
1.1984693e-08
-1.4456384e-10
1.1891921e-08
-2.398193e-10
1.1801035e-08
-3.4277076e-10
1.1713843e-08
-4.4941867e-10
1.1632657e-08
-5.5742337e-10
1.1559386e-08
-6.6257131e-10
1.1495722e-08
-7.6388196e-10
1.1442867e-08
-8.5647041e-10
1.140143e-08
-9.4269085e-10
1.1371241e-08
-1.0056353e-09
1.1352527e-08
-1.0810025e-09
1.1344134e-08
-1.0670403e-09
1.1344456e-08
-1.2394728e-09
-8.9526268e-10
1.258688e-08
1.6768718e-11
1.2497633e-08
-5.5316839e-11
1.2404639e-08
-1.4682453e-10
1.2311394e-08
-2.4952633e-10
1.2219803e-08
-3.5782697e-10
1.2132279e-08
-4.6989957e-10
1.2051031e-08
-5.8132362e-10
1.1978144e-08
-6.9099521e-10
1.191524e-08
-7.9356629e-10
1.1863296e-08
-8.9074664e-10
1.1822527e-08
-9.6486648e-10
1.1793378e-08
-1.0518531e-09
1.1775553e-08
-1.0492159e-09
1.1765798e-08
-1.2297174e-09
-8.9672475e-10
1.3096965e-08
9.5828628e-11
1.3011524e-08
3.0124079e-11
1.2920805e-08
-5.6105984e-11
1.2827726e-08
-1.564472e-10
1.2734182e-08
-2.6428288e-10
1.26426e-08
-3.7831803e-10
1.2555374e-08
-4.9409683e-10
1.2474933e-08
-6.1055483e-10
1.2403284e-08
-7.2191751e-10
1.2341785e-08
-8.2924678e-10
1.229102e-08
-9.1410193e-10
1.2251655e-08
-1.0124878e-09
1.2224324e-08
-1.021885e-09
1.2204513e-08
-1.2099062e-09
-8.9150006e-10
7.4302582e-10
-1.0962708e-08
1.0895827e-08
8.1374777e-10
-1.8347191e-08
1.8276469e-08
8.1280365e-10
-3.0439385e-08
3.0440329e-08
6.451549e-10
-4.9950449e-08
5.0118098e-08
2.389764e-10
-8.136518e-08
8.1771358e-08
-4.758929e-10
-1.3228697e-07
1.3300184e-07
-1.6678605e-09
-2.1511368e-07
2.1630565e-07
-3.7007592e-09
-3.496885e-07
3.517214e-07
-5.6666225e-07
5.701844e-07
1.819872e-10
-1.0912453e-08
3.9915964e-11
-1.820512e-08
-2.9606913e-10
-3.01034e-08
-9.7798433e-10
-4.9268534e-08
-2.1790501e-09
-8.0164114e-08
-4.1614255e-09
-1.303046e-07
-7.4085125e-09
-2.118666e-07
-1.2770796e-08
-3.4432622e-07
-5.5783387e-07
-4.0070671e-10
-1.0737617e-08
-7.4687583e-10
-1.7858951e-08
-1.4062254e-09
-2.9444051e-08
-2.5850252e-09
-4.8089734e-08
-4.5621068e-09
-7.8187032e-08
-7.7917982e-09
-1.2707491e-07
-1.3063622e-08
-2.0659477e-07
-2.170351e-08
-3.3568633e-07
-5.4376997e-07
-9.8947413e-10
-1.0440072e-08
-1.5326938e-09
-1.7315731e-08
-2.5010949e-09
-2.8475649e-08
-4.1569195e-09
-4.6433909e-08
-6.8865725e-09
-7.5457379e-08
-1.1331408e-08
-1.2263007e-07
-1.8575066e-08
-1.9935112e-07
-3.040627e-08
-3.2385513e-07
-5.2458503e-07
-1.57277e-09
-1.0024248e-08
-2.3039423e-09
-1.6584559e-08
-3.5654132e-09
-2.7214179e-08
-5.6763274e-09
-4.4322995e-08
-9.1298048e-09
-7.2003902e-08
-1.4746473e-08
-1.170134e-07
-2.3890892e-08
-1.902067e-07
-3.879796e-08
-3.0894806e-07
-5.0044559e-07
-2.1406564e-09
-9.4960691e-09
-3.0489395e-09
-1.5676276e-08
-4.5859253e-09
-2.5677193e-08
-7.1275008e-09
-4.178142e-08
-1.1270232e-08
-6.7861171e-08
-1.8004573e-08
-1.1027906e-07
-2.8961375e-08
-1.7924989e-07
-4.6799998e-08
-2.9110944e-07
-4.7156811e-07
-2.6841461e-09
-8.8627635e-09
-3.7573251e-09
-1.4603097e-08
-5.550833e-09
-2.3883685e-08
-8.4959003e-09
-3.8836352e-08
-1.3287365e-08
-6.3069706e-08
-2.107478e-08
-1.0249165e-07
-3.3739193e-08
-1.6658548e-07
-5.4338326e-08
-2.705103e-07
-4.382177e-07
-3.195214e-09
-8.1325915e-09
-4.4199292e-09
-1.3378382e-08
-6.4495576e-09
-2.1854056e-08
-9.7680722e-09
-3.5517838e-08
-1.5161911e-08
-5.7675867e-08
-2.3927886e-08
-9.372567e-08
-3.817967e-08
-1.523337e-07
-6.1342079e-08
-2.4734789e-07
-4.0070427e-07
-3.6667597e-09
-7.3145995e-09
-5.0286806e-09
-1.2016461e-08
-7.2726226e-09
-1.9610114e-08
-1.0931655e-08
-3.1858806e-08
-1.6875952e-08
-5.173157e-08
-2.6536573e-08
-8.4065049e-08
-4.223989e-08
-1.3663038e-07
-6.7747924e-08
-2.2183986e-07
-3.5938194e-07
-4.0925774e-09
-6.4184757e-09
-5.5765234e-09
-1.0532515e-08
-8.0115903e-09
-1.7175048e-08
-1.197543e-08
-2.7894966e-08
-1.8413127e-08
-4.5293873e-08
-2.8875777e-08
-7.3602399e-08
-4.5882776e-08
-1.1962338e-07
-7.3497444e-08
-1.9422519e-07
-3.1464481e-07
-4.4673152e-09
-5.4544447e-09
-6.0573498e-09
-8.9424805e-09
-8.6590321e-09
-1.4573365e-08
-1.2889391e-08
-2.3664607e-08
-1.9758863e-08
-3.84244e-08
-3.0922033e-08
-6.2439229e-08
-4.9066855e-08
-1.0147856e-07
-7.8529741e-08
-1.6476231e-07
-2.6691431e-07
-4.7864362e-09
-4.4331726e-09
-6.4659566e-09
-7.2629601e-09
-9.2085256e-09
-1.1830796e-08
-1.3664782e-08
-1.9208351e-08
-2.0900565e-08
-3.1188617e-08
-3.2658471e-08
-5.0681322e-08
-5.1768749e-08
-8.2368284e-08
-8.2797988e-08
-1.3373307e-07
-2.1664234e-07
-5.0461906e-09
-3.3656841e-09
-6.7980201e-09
-5.5111306e-09
-9.6546713e-09
-8.9741451e-09
-1.4294176e-08
-1.4568847e-08
-2.1827349e-08
-2.3655444e-08
-3.4068717e-08
-3.8439954e-08
-5.3964444e-08
-6.2472557e-08
-8.6265994e-08
-1.0143152e-07
-1.643102e-07
-5.2435959e-09
-2.2632882e-09
-7.050084e-09
-3.7046425e-09
-9.9931138e-09
-6.0311154e-09
-1.4771549e-08
-9.7904114e-09
-2.2530283e-08
-1.589671e-08
-3.5138313e-08
-2.5831924e-08
-5.5629684e-08
-4.1981185e-08
-8.889703e-08
-6.8164172e-08
-1.104157e-07
-5.3764249e-09
-1.137506e-09
-7.219556e-09
-1.8615114e-09
-1.0220563e-08
-3.0301085e-09
-1.5092333e-08
-4.9186418e-09
-2.3002625e-08
-7.9864177e-09
-3.5856801e-08
-1.2977748e-08
-5.6747201e-08
-2.1090785e-08
-9.0664595e-08
-3.4246778e-08
-5.5470521e-08
-5.4431992e-09
-7.3047105e-09
-1.0334819e-08
-1.5253461e-08
-2.3239879e-08
-3.6217627e-08
-5.7308412e-08
-9.155519e-08
1.0978052e-08
-7.5280094e-09
1.1044074e-08
-8.2138885e-09
1.1078857e-08
-8.8645643e-09
1.1084028e-08
-9.4710464e-09
1.1062292e-08
-1.0024501e-08
1.1017489e-08
-1.0518553e-08
1.0954728e-08
-1.0948702e-08
1.087903e-08
-1.1308864e-08
1.0794415e-08
-1.1588468e-08
1.0703515e-08
-1.1771127e-08
1.0608002e-08
-1.1834467e-08
1.0508965e-08
-1.1751445e-08
1.0407616e-08
-1.1487856e-08
1.0306513e-08
-1.1012528e-08
-1.0260726e-08
1.0203536e-08
1.8407764e-08
-7.6593037e-09
1.8472734e-08
-8.2788584e-09
1.8476903e-08
-8.8687337e-09
1.8428645e-08
-9.4227889e-09
1.8339105e-08
-9.9349596e-09
1.8219425e-08
-1.0398873e-08
1.8079878e-08
-1.0809155e-08
1.7927666e-08
-1.1156652e-08
1.7767305e-08
-1.1428107e-08
1.7601133e-08
-1.1604955e-08
1.7430551e-08
-1.1663885e-08
1.7256557e-08
-1.1577451e-08
1.7081817e-08
-1.1313117e-08
1.6907401e-08
-1.0838111e-08
-1.0091853e-08
1.6738528e-08
3.0542123e-08
-7.7610972e-09
3.0549835e-08
-8.2865709e-09
3.0480732e-08
-8.7996306e-09
3.0348908e-08
-9.2909644e-09
3.0169059e-08
-9.7551111e-09
2.9955322e-08
-1.0185136e-08
2.9717458e-08
-1.0571291e-08
2.9461892e-08
-1.0901086e-08
2.9192509e-08
-1.1158724e-08
2.8911933e-08
-1.1324379e-08
2.8622887e-08
-1.1374839e-08
2.8329135e-08
-1.1283699e-08
2.803602e-08
-1.1020002e-08
2.7746024e-08
-1.0548115e-08
-9.818653e-09
2.7472824e-08
5.0093632e-08
-7.7366317e-09
4.998593e-08
-8.1788692e-09
4.9806521e-08
-8.6202211e-09
4.9567086e-08
-9.0515297e-09
4.9277103e-08
-9.4651281e-09
4.8943637e-08
-9.8516697e-09
4.8572198e-08
-1.0199852e-08
4.8168724e-08
-1.0497612e-08
4.77385e-08
-1.07285e-08
4.7288171e-08
-1.087405e-08
4.6824895e-08
-1.0911563e-08
4.6356828e-08
-1.0815632e-08
4.5891959e-08
-1.0555133e-08
4.5438209e-08
-1.0094366e-08
-9.3925064e-09
4.5012063e-08
8.1508091e-08
-7.4733644e-09
8.1185273e-08
-7.8560508e-09
8.0804143e-08
-8.2390914e-09
8.0367212e-08
-8.614599e-09
7.987741e-08
-8.9753254e-09
7.9338662e-08
-9.3129218e-09
7.8756177e-08
-9.6173665e-09
7.813507e-08
-9.8765049e-09
7.7482098e-08
-1.0075528e-08
7.680503e-08
-1.0196983e-08
7.6113527e-08
-1.022006e-08
7.5417911e-08
-1.0120015e-08
7.472989e-08
-9.8671121e-09
7.406332e-08
-9.4277956e-09
-8.7642433e-09
7.3435057e-08
1.3235697e-07
-6.828495e-09
1.3166083e-07
-7.1599071e-09
1.3091188e-07
-7.4901482e-09
1.3011049e-07
-7.8132025e-09
1.2925804e-07
-8.1228804e-09
1.2835702e-07
-8.4119016e-09
1.2741105e-07
-8.6713887e-09
1.2642509e-07
-8.8905506e-09
1.2540595e-07
-9.0563875e-09
1.2436229e-07
-9.1533177e-09
1.2330498e-07
-9.1627518e-09
1.2224761e-07
-9.0626462e-09
1.2120754e-07
-8.8270405e-09
1.2020532e-07
-8.4255799e-09
-7.8227297e-09
1.1926381e-07
2.1508386e-07
-5.6067018e-09
2.1379734e-07
-5.8733843e-09
2.1244527e-07
-6.1380806e-09
2.1102842e-07
-6.3963552e-09
2.0954883e-07
-6.6432858e-09
2.0800992e-07
-6.8729913e-09
2.0641684e-07
-7.0783106e-09
2.0477685e-07
-7.2505573e-09
2.0309973e-07
-7.3792677e-09
2.0139831e-07
-7.4519055e-09
1.9968909e-07
-7.4535237e-09
1.9799283e-07
-7.3663892e-09
1.9633536e-07
-7.1695686e-09
1.9474829e-07
-6.8385142e-09
-6.3445278e-09
1.9327009e-07
3.4960919e-07
-3.4944917e-09
3.4739569e-07
-3.6598874e-09
3.4508143e-07
-3.8238172e-09
3.4266871e-07
-3.9836304e-09
3.4016172e-07
-4.1362992e-09
3.3756691e-07
-4.2781816e-09
3.3489345e-07
-4.404846e-09
3.3215381e-07
-4.5109209e-09
3.2936448e-07
-4.5899379e-09
3.2654672e-07
-4.6341471e-09
3.237275e-07
-4.6343072e-09
3.2094057e-07
-4.5794515e-09
3.1822763e-07
-4.4566308e-09
3.1563975e-07
-4.2506361e-09
-3.9437289e-09
3.1323895e-07
5.666899e-07
5.6303002e-07
5.592062e-07
5.5522257e-07
5.5108627e-07
5.4680809e-07
5.4240324e-07
5.3789232e-07
5.3330238e-07
5.2866824e-07
5.2403393e-07
5.1945448e-07
5.1499785e-07
5.1074721e-07
5.0680348e-07
1.0149738e-08
1.4962703e-10
1.0088714e-08
9.1148289e-11
1.002372e-08
8.8880708e-12
9.9556084e-09
-8.8335908e-11
9.8857649e-09
-1.9443939e-10
9.8160065e-09
-3.0855966e-10
9.748132e-09
-4.2622229e-10
9.6841527e-09
-5.4657554e-10
9.6257671e-09
-6.6353193e-10
9.5742557e-09
-7.7773533e-10
9.5302259e-09
-8.7007213e-10
9.4944503e-09
-9.7671221e-10
9.4677889e-09
-9.9522362e-10
9.4465519e-09
-1.1886693e-09
-8.8305564e-10
1.6658364e-08
2.2979083e-10
1.6571496e-08
1.7801629e-10
1.6474943e-08
1.0544182e-10
1.6371726e-08
1.4880287e-11
1.626382e-08
-8.6533109e-11
1.6153396e-08
-1.981354e-10
1.6043445e-08
-3.1627178e-10
1.5937344e-08
-4.4047391e-10
1.5838169e-08
-5.6435716e-10
1.574807e-08
-6.8763674e-10
1.5668857e-08
-7.9085882e-10
1.5601241e-08
-9.0909569e-10
1.5548981e-08
-9.4296443e-10
1.5503054e-08
-1.1427419e-09
-8.6290277e-10
2.7372037e-08
3.3057788e-10
2.7260324e-08
2.8972894e-10
2.7131944e-08
2.3382242e-10
2.6988859e-08
1.579647e-10
2.6834282e-08
6.8044522e-11
2.6669955e-08
-3.3808264e-11
2.6500177e-08
-1.4649371e-10
2.6330518e-08
-2.7081575e-10
2.6166207e-08
-4.0004569e-10
2.601062e-08
-5.3204936e-10
2.5868563e-08
-6.4880186e-10
2.5739616e-08
-7.8014917e-10
2.5635524e-08
-8.3887245e-10
2.5534534e-08
-1.0417522e-09
-8.1570814e-10
4.4922428e-08
4.2021263e-10
4.4811708e-08
4.0044905e-10
4.4677147e-08
3.683833e-10
4.4516442e-08
3.1866981e-10
4.4331275e-08
2.5321105e-10
4.41215e-08
1.7596708e-10
4.3891742e-08
8.326441e-11
4.3649868e-08
-2.8941584e-11
4.3402372e-08
-1.5254998e-10
4.3154022e-08
-2.8369931e-10
4.2914053e-08
-4.088331e-10
4.2680912e-08
-5.4700838e-10
4.2479531e-08
-6.3749078e-10
4.2267831e-08
-8.3005286e-10
-7.0622312e-10
7.3400565e-08
4.5470395e-10
7.3341894e-08
4.5912073e-10
7.3255956e-08
4.5432074e-10
7.3138478e-08
4.3614779e-10
7.2988193e-08
4.0349635e-10
7.2803602e-08
3.6055823e-10
7.2583445e-08
3.0342069e-10
7.2327346e-08
2.2715751e-10
7.2040392e-08
1.3440489e-10
7.1726595e-08
3.0097108e-11
7.1395195e-08
-7.743335e-11
7.104597e-08
-1.9778336e-10
7.0712869e-08
-3.0438946e-10
7.0341074e-08
-4.5825828e-10
-4.7267859e-10
1.1930284e-07
4.1567358e-10
1.1932658e-07
4.3537789e-10
1.1932981e-07
4.5109386e-10
1.1930678e-07
4.5917283e-10
1.1925432e-07
4.5596319e-10
1.1917185e-07
4.4302453e-10
1.1905789e-07
4.1738213e-10
1.1890734e-07
3.7770327e-10
1.1871816e-07
3.2359056e-10
1.1848986e-07
2.5839354e-10
1.1822424e-07
1.8818872e-10
1.179133e-07
1.1315208e-10
1.1756874e-07
4.0173997e-11
1.1714578e-07
-3.5297493e-11
-1.2548844e-10
1.9337052e-07
3.1523809e-10
1.9346782e-07
3.3808437e-10
1.935601e-07
3.5881003e-10
1.9364333e-07
3.7594068e-10
1.9371147e-07
3.8782255e-10
1.9376154e-07
3.9295983e-10
1.9378816e-07
3.9076108e-10
1.937842e-07
3.8166801e-10
1.9374632e-07
3.6146899e-10
1.9367539e-07
3.2932116e-10
1.9357279e-07
2.9078421e-10
1.9344141e-07
2.4453575e-10
1.9328651e-07
1.9507399e-10
1.9309987e-07
1.5134491e-10
9.5681192e-11
3.1338359e-07
1.7059784e-10
3.1353575e-07
1.85928e-10
3.1369354e-07
2.0101945e-10
3.1385439e-07
2.1508677e-10
3.1401495e-07
2.2726949e-10
3.1417138e-07
2.3652651e-10
3.1432042e-07
2.4172118e-10
3.1446035e-07
2.4173705e-10
3.1458618e-07
2.3563619e-10
3.1469292e-07
2.2258581e-10
3.1478027e-07
2.0343272e-10
3.1484286e-07
1.81944e-10
3.1487569e-07
1.622474e-10
3.1487742e-07
1.4960861e-10
1.3004198e-10
5.0697408e-07
5.0716001e-07
5.0736103e-07
5.0757611e-07
5.0780338e-07
5.0803991e-07
5.0828163e-07
5.0852337e-07
5.0875901e-07
5.0898159e-07
5.0918502e-07
5.0936697e-07
5.0952922e-07
5.0967882e-07
)
;

boundaryField
{
    inlet
    {
        type            calculated;
        value           nonuniform List<scalar> 
92
(
-7.22291e-09
-2.1599169e-08
-3.5767417e-08
-4.9591205e-08
-6.2937402e-08
-7.5677478e-08
-8.7688738e-08
-9.8855508e-08
-1.0907025e-07
-1.1823458e-07
-1.2626024e-07
-1.3306996e-07
-1.3859813e-07
-1.4279153e-07
-1.4560977e-07
-1.4702571e-07
0
0
0
0
0
0
0
0
0
0
0
0
0
0
0
0
0
0
0
0
0
0
0
0
0
0
0
0
0
0
-7.22291e-09
-2.1599169e-08
-3.5767417e-08
-4.9591205e-08
-6.2937402e-08
-7.5677478e-08
-8.7688738e-08
-9.8855508e-08
-1.0907025e-07
-1.1823458e-07
-1.2626024e-07
-1.3306996e-07
-1.3859813e-07
-1.4279153e-07
-1.4560977e-07
-1.4702571e-07
0
0
0
0
0
0
0
0
0
0
0
0
0
0
0
0
0
0
0
0
0
0
0
0
0
0
0
0
0
0
)
;
    }
    outlet
    {
        type            calculated;
        value           nonuniform List<scalar> 
66
(
5.6979683e-09
5.8732324e-09
6.0549219e-09
6.243388e-09
6.4390083e-09
6.6421874e-09
6.8533703e-09
7.0730401e-09
7.3016975e-09
7.5398693e-09
7.7881087e-09
8.0469902e-09
8.3171015e-09
8.599033e-09
8.8933887e-09
9.2007828e-09
9.5218289e-09
9.8571345e-09
1.0207292e-08
1.0572871e-08
1.0954407e-08
1.135239e-08
1.176726e-08
1.2199288e-08
9.4381075e-09
1.5482901e-08
2.548734e-08
4.2158346e-08
7.010753e-08
1.1679859e-07
1.928787e-07
3.1484306e-07
5.0980887e-07
5.6979683e-09
5.8732324e-09
6.0549219e-09
6.243388e-09
6.4390083e-09
6.6421874e-09
6.8533703e-09
7.0730401e-09
7.3016975e-09
7.5398693e-09
7.7881087e-09
8.0469902e-09
8.3171015e-09
8.599033e-09
8.8933887e-09
9.2007828e-09
9.5218289e-09
9.8571345e-09
1.0207292e-08
1.0572871e-08
1.0954407e-08
1.135239e-08
1.176726e-08
1.2199288e-08
9.4381075e-09
1.5482901e-08
2.548734e-08
4.2158346e-08
7.010753e-08
1.1679859e-07
1.928787e-07
3.1484306e-07
5.0980887e-07
)
;
    }
    cylinder
    {
        type            calculated;
        value           uniform 0;
    }
    frontAndBack
    {
        type            empty;
    }
}


// ************************************************************************* //
