/*--------------------------------*- C++ -*----------------------------------*\
  =========                 |
  \\      /  F ield         | OpenFOAM: The Open Source CFD Toolbox
   \\    /   O peration     | Website:  https://openfoam.org
    \\  /    A nd           | Version:  14
     \\/     M anipulation  |
\*---------------------------------------------------------------------------*/
FoamFile
{
    format      ascii;
    class       volVectorField;
    location    "4500";
    object      U;
}
// * * * * * * * * * * * * * * * * * * * * * * * * * * * * * * * * * * * * * //

dimensions      [0 1 -1 0 0 0 0];

internalField   nonuniform List<vector> 
5388
(
(2.5156323e-09 -9.1889277e-08 0)
(1.7543635e-08 -2.9338327e-07 0)
(4.9673703e-08 -5.343892e-07 0)
(1.1016213e-07 -8.2235829e-07 -1.2983814e-25)
(2.1297369e-07 -1.1662124e-06 1.4641668e-27)
(3.7932762e-07 -1.5764427e-06 1.8593567e-25)
(6.4016692e-07 -2.0653537e-06 0)
(1.0400986e-06 -2.6473147e-06 2.6273248e-25)
(1.6430874e-06 -3.339012e-06 -1.0218362e-27)
(2.5403846e-06 -4.1596887e-06 -3.5846089e-25)
(3.8614246e-06 -5.1313474e-06 0)
(5.7886709e-06 -6.2788768e-06 0)
(8.5776081e-06 -7.63005e-06 0)
(1.2583258e-05 -9.215319e-06 6.8615653e-25)
(1.8294701e-05 -1.106731e-05 -7.9298896e-25)
(2.6378985e-05 -1.3219901e-05 2.2322255e-25)
(3.7735324e-05 -1.5706736e-05 -1.9776497e-24)
(5.3559434e-05 -1.8559056e-05 1.1075313e-24)
(7.5415915e-05 -2.1802703e-05 3.6323727e-20)
(0.00010531358 -2.5454286e-05 -4.1110515e-20)
(0.0001457744 -2.9516588e-05 0)
(0.00019988182 -3.3973536e-05 0)
(0.00027128909 -3.8785321e-05 0)
(0.00036416543 -4.3884556e-05 -9.1691376e-24)
(0.00048305901 -4.9174573e-05 4.3975581e-20)
(0.00063266412 -5.453094e-05 -4.2266891e-20)
(0.00081749579 -5.9806955e-05 0)
(0.0010414976 -6.4843093e-05 -3.0085184e-24)
(0.001307631 -6.9479439e-05 2.4701257e-23)
(0.0016175093 -7.3569286e-05 3.8106082e-23)
(0.0019711452 -7.6991315e-05 8.9148327e-21)
(0.002366832 -7.9659714e-05 8.9577019e-21)
(0.0028012919 -8.1528066e-05 -3.9674622e-23)
(0.0032696815 -8.2590476e-05 -8.8715214e-23)
(0.003766671 -8.2851514e-05 -4.1805657e-24)
(0.004284283 -8.2410739e-05 -1.15941e-22)
(0.0048202317 -8.1245429e-05 5.9546111e-24)
(0.0053559298 -7.9528991e-05 1.6637437e-22)
(0.0059126708 -7.8358905e-05 -2.7632264e-22)
(1.9538149e-08 -2.7788192e-07 -1.9877777e-28)
(7.1909925e-08 -8.8713771e-07 0)
(1.487545e-07 -1.6157426e-06 8.2706576e-28)
(2.6274458e-07 -2.4863896e-06 -4.9436071e-28)
(4.2955151e-07 -3.5260841e-06 -1.1806027e-27)
(6.7241547e-07 -4.7665873e-06 2.8154718e-27)
(1.0246743e-06 -6.2451559e-06 0)
(1.5337676e-06 -8.0053028e-06 -1.0198544e-24)
(2.267002e-06 -1.009756e-05 3.9738951e-27)
(3.3195591e-06 -1.2580203e-05 -2.7979417e-26)
(4.825478e-06 -1.5519852e-05 1.6948169e-24)
(6.9725912e-06 -1.8991853e-05 6.1998765e-26)
(1.0022603e-05 -2.308025e-05 0)
(1.4337682e-05 -2.7877148e-05 -2.5031325e-24)
(2.0415026e-05 -3.3481166e-05 3.0900875e-24)
(2.8930771e-05 -3.9994622e-05 2.1762875e-25)
(4.07941e-05 -4.751904e-05 9.7265256e-25)
(5.7211374e-05 -5.614856e-05 1.0678802e-24)
(7.9758149e-05 -6.5960898e-05 3.8661837e-20)
(0.00011045394 -7.7005753e-05 -3.9219231e-20)
(0.00015183041 -8.9290927e-05 0)
(0.00020697871 -0.00010276713 -4.1226808e-21)
(0.00027955674 -0.00011731326 -4.1680855e-21)
(0.00037373431 -0.0001327248 1.841895e-25)
(0.00049405536 -0.00014870875 1.7118115e-23)
(0.0006452049 -0.00016488825 -4.2791001e-25)
(0.00083168424 -0.00018081926 -3.5471302e-23)
(0.0010574203 -0.00019601913 -5.0155518e-23)
(0.0013253574 -0.00021000422 7.8623609e-21)
(0.0016370941 -0.00022233094 7.7067002e-21)
(0.0019926333 -0.00023263247 -8.6624833e-21)
(0.0023902661 -0.00024064935 -9.4707101e-21)
(0.0028267232 -0.00024624187 7.4372513e-23)
(0.0032971835 -0.0002493908 9.322483e-23)
(0.0037963422 -0.00025011189 -1.456614e-22)
(0.0043162578 -0.00024869984 1.0553483e-22)
(0.0048547622 -0.00024509104 -4.325231e-22)
(0.0053928783 -0.00023981785 -1.5141088e-22)
(0.0059537954 -0.00023612553 2.8062712e-22)
(5.5017673e-08 -4.6826616e-07 1.0093417e-31)
(1.852466e-07 -1.4949259e-06 -6.8677285e-25)
(3.5535121e-07 -2.7226715e-06 8.2213999e-25)
(5.8098767e-07 -4.1897944e-06 -5.4133996e-23)
(8.8141621e-07 -5.9418128e-06 2.8238949e-23)
(1.2841333e-06 -8.0322625e-06 -1.4027807e-24)
(1.8275261e-06 -1.0523942e-05 6.5066599e-27)
(2.5650121e-06 -1.3490195e-05 0)
(3.5709538e-06 -1.7016187e-05 -2.3665475e-24)
(4.9488318e-06 -2.1200122e-05 2.8111833e-24)
(6.8424034e-06 -2.6154247e-05 0)
(9.4508183e-06 -3.2005465e-05 3.6643317e-24)
(1.3048868e-05 -3.8895266e-05 -4.7983945e-24)
(1.801372e-05 -4.6978615e-05 -5.0342979e-24)
(2.4859569e-05 -5.6421296e-05 6.0210245e-24)
(3.4281513e-05 -6.7395112e-05 -7.1887745e-24)
(4.7209484e-05 -8.0070269e-05 6.7120012e-24)
(6.4871946e-05 -9.4604217e-05 -8.3071841e-24)
(8.8867156e-05 -0.00011112641 1.1374296e-23)
(0.00012123677 -0.00012971876 -9.4148052e-24)
(0.00016453246 -0.00015039231 1.9595115e-23)
(0.00022186122 -0.00017306174 3.2600211e-21)
(0.00029689043 -0.00019752064 5.0029872e-21)
(0.00039379085 -0.00022342225 1.8016208e-23)
(0.00051709725 -0.00025027107 -1.7629845e-23)
(0.00067147498 -0.00027743088 -3.6746714e-20)
(0.00086139637 -0.00030415297 5.3830135e-20)
(0.0010907533 -0.00032962436 5.0940653e-23)
(0.001362454 -0.00035303102 -3.1846513e-19)
(0.0016780658 -0.00037362668 5.1499125e-19)
(0.0020375713 -0.00039079437 -1.793217e-23)
(0.0024392562 -0.00040409767 -1.1731811e-22)
(0.0028798684 -0.00041330359 -2.2530233e-22)
(0.0033546322 -0.00041837586 2.3008954e-23)
(0.0038582958 -0.00041934479 -1.1117061e-22)
(0.0043829883 -0.00041669241 -5.5950935e-22)
(0.0049267855 -0.00041030864 4.460183e-22)
(0.0054699101 -0.00040116116 7.5520837e-22)
(0.0060394409 -0.00039420728 -3.9987024e-23)
(1.1069019e-07 -6.6258351e-07 -3.826386e-25)
(3.6309567e-07 -2.1152508e-06 6.6660583e-25)
(6.7955622e-07 -3.8523884e-06 7.9554821e-25)
(1.0804173e-06 -5.9281775e-06 -4.3227688e-23)
(1.590578e-06 -8.4069923e-06 8.7111382e-23)
(2.2442239e-06 -1.1364539e-05 -1.355178e-24)
(3.0876793e-06 -1.4889608e-05 -1.5180949e-26)
(4.1837585e-06 -1.908588e-05 1.9099809e-24)
(5.6179156e-06 -2.4073723e-05 -1.7799788e-26)
(7.5066747e-06 -2.9991888e-05 -2.6959859e-24)
(1.0009061e-05 -3.6998909e-05 3.1948607e-24)
(1.3341994e-05 -4.527393e-05 -3.6166262e-24)
(1.7800794e-05 -5.5016566e-05 4.662785e-24)
(2.3786128e-05 -6.6445254e-05 -6.3422202e-25)
(3.1838768e-05 -7.9793419e-05 -1.1611841e-23)
(4.2683423e-05 -9.530259e-05 1.3341136e-23)
(5.7282345e-05 -0.00011321151 1.8573509e-24)
(7.6898347e-05 -0.00013374028 -2.0365519e-23)
(0.00010316488 -0.0001570687 1.3478907e-23)
(0.00013815781 -0.00018330865 -1.8554566e-23)
(0.00018445959 -0.00021247121 3.8422167e-20)
(0.00024520141 -0.00024443074 -5.3437554e-20)
(0.00032406483 -0.00027889036 0)
(0.00042522146 -0.00031535509 -1.8025843e-23)
(0.00055319116 -0.00035312046 5.1449361e-23)
(0.00071260797 -0.00039128443 -5.6528842e-20)
(0.00090789851 -0.00042878753 3.5481001e-20)
(0.0011428996 -0.00046448117 0)
(0.0014204625 -0.00049721662 -5.5752097e-19)
(0.0017421058 -0.00052594171 2.9822871e-19)
(0.0021077799 -0.00054978659 0)
(0.0025157605 -0.00056813637 1.1974696e-22)
(0.0029628219 -0.00058066679 2.0563466e-22)
(0.0034442569 -0.00058731987 0)
(0.0039548948 -0.00058814167 2.9895392e-22)
(0.0044869691 -0.00058379598 4.4833217e-22)
(0.0050389225 -0.00057408678 9.0585954e-22)
(0.0055897692 -0.00056061187 -8.135917e-22)
(0.0061724523 -0.00054913678 8.134397e-23)
(1.8844609e-07 -8.5997835e-07 -7.4214796e-25)
(6.1148676e-07 -2.7453716e-06 0)
(1.1323433e-06 -4.9998794e-06 1.5439599e-24)
(1.7779062e-06 -7.6937907e-06 -1.8457491e-24)
(2.5809424e-06 -1.0910581e-05 0)
(3.5849691e-06 -1.4748403e-05 0)
(4.8473812e-06 -1.9322344e-05 3.1546285e-24)
(6.4440953e-06 -2.4766745e-05 -7.4412174e-24)
(8.476026e-06 -3.1237515e-05 4.9510582e-26)
(1.1077871e-05 -3.8914286e-05 5.2508844e-24)
(1.4429919e-05 -4.8002183e-05 -6.1697273e-24)
(1.8773818e-05 -5.8732829e-05 1.4536793e-23)
(2.4433435e-05 -7.1364075e-05 -8.5253712e-24)
(3.1842075e-05 -8.6177756e-05 -9.5146073e-24)
(4.1577374e-05 -0.00010347457 -5.9795348e-25)
(5.4405019e-05 -0.00012356501 1.4611754e-23)
(7.1331884e-05 -0.00014675503 -1.6232731e-23)
(9.3668053e-05 -0.00017332537 1.6184936e-23)
(0.00012309521 -0.00020350331 1.0900426e-26)
(0.00016173592 -0.00023742689 -9.040679e-24)
(0.0002122143 -0.00027510235 5.0868147e-20)
(0.000277694 -0.000316358 -3.9367263e-20)
(0.00036187503 -0.0003608 0)
(0.00046892892 -0.00040777833 0)
(0.0006033537 -0.00045637299 6.904981e-23)
(0.00076973901 -0.00050541027 -6.3775038e-23)
(0.00097244732 -0.00055351539 8.7651802e-23)
(0.0012152384 -0.00059920113 7.7334354e-23)
(0.0015008846 -0.00064098273 4.4270424e-23)
(0.0018308361 -0.00067750177 -1.2306037e-22)
(0.0022049979 -0.00070763511 -1.0423747e-22)
(0.0026216292 -0.00073058992 -1.7778145e-22)
(0.0030775399 -0.0007459555 0)
(0.0035681129 -0.00075364649 4.4020056e-22)
(0.004088285 -0.00075372341 4.5186463e-22)
(0.0046304271 -0.00074702935 6.9419845e-23)
(0.0051934539 -0.00073320857 -9.6912033e-22)
(0.0057547976 -0.00071480055 9.9702983e-23)
(0.0063550969 -0.00069697863 -1.156283e-21)
(2.9034816e-07 -1.0593846e-06 7.1887399e-25)
(9.3700061e-07 -3.3818703e-06 -1.9041791e-31)
(1.7256899e-06 -6.1588873e-06 -1.4979203e-24)
(2.6918721e-06 -9.476951e-06 -1.7878531e-24)
(3.8786053e-06 -1.3438759e-05 2.1382996e-24)
(5.3416084e-06 -1.816503e-05 -2.5463264e-24)
(7.1527437e-06 -2.3797264e-05 6.0621619e-24)
(9.4050409e-06 -3.0500558e-05 -3.6181409e-24)
(1.2219593e-05 -3.8466411e-05 -4.2822602e-24)
(1.57548e-05 -4.7915318e-05 2.0811146e-26)
(2.021865e-05 -5.9098864e-05 6.0116724e-24)
(2.5884975e-05 -7.2300855e-05 0)
(3.3114741e-05 -8.783684e-05 0)
(4.2383604e-05 -0.00010605118 -9.5391211e-24)
(5.4316939e-05 -0.00012731052 1.1779841e-23)
(6.9733384e-05 -0.0001519924 -3.1438745e-24)
(8.969731e-05 -0.00018046736 1.052228e-23)
(0.0001155795 -0.00021307324 3.6647792e-24)
(0.00014912332 -0.0002500803 -1.2944453e-23)
(0.00019251064 -0.00029164713 2.6788588e-23)
(0.00024841811 -0.00033776858 -3.8251764e-23)
(0.00032004958 -0.00038821949 -3.770166e-23)
(0.00041112694 -0.00044250132 3.8616121e-23)
(0.00052581953 -0.00049980146 0)
(0.00066859509 -0.00055897777 -1.0319388e-22)
(0.00084398395 -0.00061857996 3.3376609e-23)
(0.0010562641 -0.00067691527 -1.1712326e-22)
(0.0013090945 -0.00073215769 0)
(0.0016051441 -0.0007824884 4.4829831e-23)
(0.0019457746 -0.00082624589 -4.2785572e-23)
(0.0023308304 -0.00086205577 0)
(0.0027585446 -0.00088895028 2.4675271e-22)
(0.0032257708 -0.00090644105 4.2131222e-22)
(0.0037280015 -0.00091440853 4.4370352e-22)
(0.0042603037 -0.00091292481 -8.7026716e-23)
(0.004815216 -0.00090301097 0)
(0.0053921986 -0.00088405236 1.0417745e-22)
(0.0059667944 -0.00085993612 1.2362559e-21)
(0.0065888949 -0.00083339474 2.5069756e-21)
(4.1860881e-07 -1.2593759e-06 0)
(1.3466922e-06 -4.0201819e-06 -1.1851282e-27)
(2.4724307e-06 -7.3210717e-06 1.4139327e-27)
(3.8420395e-06 -1.1264779e-05 -1.7280789e-24)
(5.5114962e-06 -1.5973185e-05 2.0789976e-24)
(7.5518285e-06 -2.1589508e-05 0)
(1.0053037e-05 -2.828154e-05 0)
(1.3129591e-05 -3.6244948e-05 6.7373309e-21)
(1.6927839e-05 -4.5706532e-05 -8.5140241e-21)
(2.1635809e-05 -5.6927214e-05 0)
(2.749608e-05 -7.0204404e-05 0)
(3.4822601e-05 -8.5873173e-05 -1.3413432e-23)
(4.4022509e-05 -0.00010430549 1.6047841e-23)
(5.562405e-05 -0.00012590644 1.9090115e-23)
(7.0311743e-05 -0.00015110626 -2.2877768e-23)
(8.8969632e-05 -0.0001803463 1.5310308e-24)
(0.00011273286 -0.00021405761 3.450955e-24)
(0.00014304662 -0.00025262991 0)
(0.00018172943 -0.00029637008 3.1295536e-20)
(0.00023103495 -0.00034544979 -4.9700333e-20)
(0.00029370262 -0.00039984403 -1.8511783e-23)
(0.00037298343 -0.00045926518 0)
(0.00047262327 -0.00052310095 -3.6891814e-23)
(0.00059678553 -0.00059036801 3.7238161e-23)
(0.00074989723 -0.00065969577 0)
(0.00093641245 -0.00072935369 -2.7472549e-20)
(0.0011605021 -0.00079733077 7.3410344e-20)
(0.0014256987 -0.00086146532 -5.4749891e-23)
(0.0017345417 -0.00091961048 9.0312143e-23)
(0.0020882822 -0.00096980889 -8.6340671e-23)
(0.0024866875 -0.0010104394 0)
(0.0029279502 -0.0010403649 -4.949277e-22)
(0.0034089748 -0.0010590346 -3.2788989e-22)
(0.0039253796 -0.0010662862 -7.4671204e-22)
(0.0044723763 -0.0010621997 -7.1008374e-22)
(0.0050426988 -0.0010479729 1.2459681e-22)
(0.0056363816 -0.0010226183 9.0475974e-23)
(0.0062268633 -0.00099184374 -1.919773e-21)
(0.0068744438 -0.00095371631 1.4478339e-22)
(5.7557202e-07 -1.4581236e-06 -1.3486666e-24)
(1.8480337e-06 -4.6544579e-06 0)
(3.3861531e-06 -8.4757534e-06 -2.8056714e-24)
(5.2492802e-06 -1.3040795e-05 6.7070344e-24)
(7.5091519e-06 -1.8490407e-05 -8.0250975e-24)
(1.0255457e-05 -2.4990005e-05 4.7734062e-24)
(1.3600288e-05 -3.273327e-05 0)
(1.7684197e-05 -4.1945904e-05 6.9465457e-21)
(2.2684226e-05 -5.28893e-05 -7.8016318e-21)
(2.8824361e-05 -6.5863872e-05 -9.5813265e-24)
(3.6389084e-05 -8.1211613e-05 5.7428072e-26)
(4.5740863e-05 -9.9317225e-05 2.6262466e-23)
(5.7342536e-05 -0.00012060693 -3.1464821e-23)
(7.1785642e-05 -0.00014554379 1.6969764e-23)
(8.9825656e-05 -0.00017461794 2.3281492e-23)
(0.00011242481 -0.00020833004 -2.3897334e-23)
(0.00014080249 -0.00024716585 2.661138e-23)
(0.00017649197 -0.00029156002 -7.9370277e-24)
(0.00022140017 -0.0003418478 4.3691772e-20)
(0.00027786436 -0.00039820447 -3.2542513e-20)
(0.00034869614 -0.00046057482 1.8284803e-23)
(0.00043719907 -0.00052859812 4.372931e-25)
(0.00054714343 -0.00060153823 1.1080964e-22)
(0.00068268072 -0.00067823263 6.8842207e-23)
(0.00084818453 -0.00075707652 -1.3899816e-22)
(0.0010480132 -0.00083605726 -7.3506575e-20)
(0.0012862059 -0.00091284815 2.4378622e-20)
(0.0015661403 -0.00098495894 2.1038507e-22)
(0.0018901991 -0.0010499255 0)
(0.002259499 -0.0011055066 -7.9627548e-23)
(0.0026737122 -0.0011498411 4.3317407e-22)
(0.0031309696 -0.0011816307 4.3769166e-22)
(0.0036282326 -0.0012002882 -4.2927493e-22)
(0.0041612557 -0.0012055956 0)
(0.0047254013 -0.0011976388 -4.7736673e-22)
(0.0053136184 -0.0011777905 -1.8335439e-23)
(0.0059264909 -0.001144574 -1.2205062e-22)
(0.0065352506 -0.0011060263 6.9386615e-20)
(0.007211242 -0.0010530407 7.5981367e-19)
(7.6366155e-07 -1.6532855e-06 -2.6071088e-24)
(2.4487485e-06 -5.2772106e-06 2.268521e-24)
(4.4808945e-06 -9.6092717e-06 0)
(6.9351443e-06 -1.4783935e-05 -3.1719833e-27)
(9.9020475e-06 -2.0960487e-05 7.5759834e-27)
(1.3493552e-05 -2.8325939e-05 1.8036078e-26)
(1.7848076e-05 -3.7099108e-05 0)
(2.3137216e-05 -4.7534777e-05 5.1138976e-26)
(2.9574493e-05 -5.9927728e-05 0)
(3.7426556e-05 -7.4616332e-05 -9.1909808e-24)
(4.7027518e-05 -9.1985215e-05 2.1759244e-23)
(5.8797169e-05 -0.00011246623 -1.2840556e-23)
(7.3263992e-05 -0.00013653674 2.5039366e-27)
(9.1093876e-05 -0.00016471376 5.4633751e-25)
(0.00011312534 -0.00019754245 -2.5163677e-24)
(0.00014041173 -0.00023557662 2.001784e-23)
(0.00017427009 -0.00027934933 -2.6216455e-23)
(0.00021633512 -0.00032933133 4.896697e-26)
(0.00026861469 -0.00038587596 -3.1403884e-23)
(0.00033354048 -0.00044915072 -1.5743072e-23)
(0.000414004 -0.00051905807 2.0141224e-24)
(0.00051336494 -0.00059515209 3.7727998e-23)
(0.00063541589 -0.00067656188 -3.6446439e-23)
(0.00078428795 -0.00076193722 -7.1845998e-23)
(0.00096428566 -0.0008494345 -6.5941899e-23)
(0.0011796496 -0.00093675937 1.2783977e-22)
(0.0014342595 -0.0010212755 5.5791963e-23)
(0.0017313086 -0.0011001759 9.9762747e-23)
(0.0020729921 -0.0011706954 -9.8440964e-23)
(0.0024602697 -0.001230327 3.3038115e-22)
(0.0028926962 -0.0012769777 -2.92485e-22)
(0.0033683136 -0.0013091998 -6.2108944e-22)
(0.0038841418 -0.0013264081 6.5619727e-22)
(0.0044360759 -0.0013283119 -9.9485865e-23)
(0.0050196245 -0.0013150051 6.3872674e-22)
(0.0056279592 -0.0012880324 8.1905517e-22)
(0.0062621278 -0.001245325 2.4592422e-22)
(0.0068911812 -0.0011977551 -8.3299005e-19)
(0.0075975269 -0.0011263626 -3.6242206e-20)
(9.8530788e-07 -1.8419095e-06 -1.2587753e-24)
(3.1565782e-06 -5.8790091e-06 1.0721363e-27)
(5.7707167e-06 -1.070443e-05 2.6171817e-24)
(8.9212048e-06 -1.6467703e-05 -3.1291354e-24)
(1.2720667e-05 -2.3345791e-05 0)
(1.7307145e-05 -3.1546342e-05 -4.4625115e-24)
(2.2849884e-05 -4.131213e-05 5.3198377e-24)
(2.9556786e-05 -5.2925563e-05 -6.3850252e-24)
(3.7683958e-05 -6.6713002e-05 1.5012988e-23)
(4.754777e-05 -8.3048536e-05 -8.8436131e-24)
(5.9540038e-05 -0.00010235665 0)
(7.414703e-05 -0.00012511289 0)
(9.1973116e-05 -0.00015184149 4.5382548e-25)
(0.00011376983 -0.00018310823 -1.7827395e-23)
(0.00014047092 -0.0002195068 2.0800698e-23)
(0.0001732337 -0.00026163646 2.7957069e-24)
(0.00021348591 -0.00031006833 0)
(0.00026297638 -0.00036529851 -4.8697181e-23)
(0.00032382534 -0.0004276863 6.2355892e-23)
(0.00039856803 -0.00049737814 0)
(0.0004901816 -0.00057422049 -6.8878094e-23)
(0.00060208275 -0.00065766902 1.0875127e-22)
(0.0007380814 -0.00074670675 3.621428e-23)
(0.00090227644 -0.00083978786 -6.9092555e-23)
(0.0010988846 -0.00093482703 4.2827969e-24)
(0.0013320035 -0.0010292515 1.9098978e-22)
(0.0016053237 -0.0011201258 1.1399639e-22)
(0.0019218212 -0.0012043428 -3.0703114e-24)
(0.0022834722 -0.0012788601 0)
(0.0026910558 -0.0013409303 -6.6518435e-22)
(0.0031439854 -0.0013882416 1.3937454e-22)
(0.0036401787 -0.0014192032 3.7554688e-22)
(0.0041767034 -0.0014332789 8.6444554e-22)
(0.0047495991 -0.0014301082 7.4139998e-22)
(0.0053545048 -0.0014097889 -1.2643968e-21)
(0.0059848029 -0.0013740348 2.3795825e-22)
(0.0066418559 -0.001320112 1.7701676e-21)
(0.0072927002 -0.0012621972 -5.6289502e-22)
(0.0080301498 -0.0011687786 2.5875877e-21)
(1.2428341e-06 -2.0203203e-06 1.2126208e-24)
(3.9789181e-06 -6.4481152e-06 -4.2212892e-24)
(7.2690428e-06 -1.1739838e-05 5.0478071e-24)
(1.1228038e-05 -1.8059159e-05 -3.01564e-24)
(1.5994056e-05 -2.5599567e-05 3.5981912e-24)
(2.1735286e-05 -3.4587956e-05 -8.6099281e-24)
(2.8656541e-05 -4.5289364e-05 5.1066456e-24)
(3.7007549e-05 -5.8011761e-05 6.1288827e-24)
(4.7093397e-05 -7.3110571e-05 -7.2475137e-24)
(5.9287515e-05 -9.0992536e-05 1.3326408e-25)
(7.4047774e-05 -0.00011211825 1.5741132e-25)
(9.1936317e-05 -0.00013700243 3.7048847e-25)
(0.00011364383 -0.00016621062 0)
(0.00014001883 -0.00020035068 1.0201748e-24)
(0.00017210242 -0.00024005689 1.1681134e-24)
(0.00021116832 -0.00028596442 -2.675485e-24)
(0.00025876739 -0.00033867145 3.0293377e-24)
(0.00031677411 -0.0003986868 0)
(0.00038743096 -0.00046636176 0)
(0.00047338374 -0.00054180689 0)
(0.00057769821 -0.00062479767 1.6900163e-23)
(0.00070384579 -0.00071467762 -1.1056608e-24)
(0.00085564515 -0.00081027255 -7.2091511e-23)
(0.0010371475 -0.00090983446 0)
(0.0012524594 -0.0010110359 3.2931311e-22)
(0.0015055072 -0.0011110331 -2.5533761e-22)
(0.0017997595 -0.001206606 -3.9004596e-24)
(0.0021379405 -0.0012943706 -2.1128894e-22)
(0.0025217725 -0.0013710384 -1.9074333e-22)
(0.0029518337 -0.0014336599 1.6055743e-22)
(0.0034273679 -0.0014797273 0)
(0.0039461362 -0.0015074736 -6.2026011e-22)
(0.0045051896 -0.0015164795 -1.6261875e-21)
(0.0051007569 -0.0015064134 -1.4321836e-23)
(0.0057285743 -0.0014772899 2.5508543e-21)
(0.0063821827 -0.0014310039 -1.0959159e-21)
(0.0070630527 -0.00136414 -1.8326775e-21)
(0.0077365191 -0.0012945843 -1.2339376e-21)
(0.0085044875 -0.0011758627 -2.3272554e-21)
(1.5383033e-06 -2.1840176e-06 2.3314482e-24)
(4.9223315e-06 -6.9701654e-06 -8.1180276e-24)
(8.9877729e-06 -1.2689333e-05 6.837196e-27)
(1.3873863e-05 -1.9518038e-05 3.899971e-27)
(1.9747894e-05 -2.7664703e-05 6.9325157e-24)
(2.6812435e-05 -3.737356e-05 1.6212848e-26)
(3.53128e-05 -4.8929608e-05 1.9318398e-26)
(4.5546274e-05 -6.2663602e-05 0)
(5.7873517e-05 -7.8956688e-05 0)
(7.273256e-05 -9.824423e-05 -1.2937317e-25)
(9.0655845e-05 -0.00012101809 -1.729563e-27)
(0.0001122909 -0.00014782635 1.1082407e-20)
(0.00013842514 -0.00017926893 -1.611509e-20)
(0.00017001531 -0.00021598753 3.2095438e-23)
(0.00020822156 -0.00025864733 -1.5507482e-24)
(0.00025444587 -0.00030790818 -3.9137438e-23)
(0.00031037352 -0.00036438242 4.3672532e-23)
(0.0003780147 -0.00042857725 -1.1166471e-22)
(0.00045974186 -0.0005008204 6.5679516e-23)
(0.0005583157 -0.00058117045 -6.171315e-23)
(0.00067689024 -0.00066931632 5.0490928e-23)
(0.00081898558 -0.00076447566 1.3551278e-22)
(0.0009884164 -0.0008653071 -1.387969e-22)
(0.0011891666 -0.00096985612 0)
(0.0014252064 -0.0010755564 -2.5979166e-22)
(0.0017002593 -0.0011793046 2.49372e-22)
(0.002017537 -0.0012776173 -2.3027508e-22)
(0.0023794747 -0.0013668615 3.0528039e-22)
(0.0027875007 -0.0014435405 4.6686432e-22)
(0.0032419704 -0.0015045502 1.7276569e-22)
(0.0037419142 -0.0015472245 0)
(0.0042848306 -0.0015693351 1.1581732e-23)
(0.0048679701 -0.0015713129 8.7704055e-22)
(0.0054874975 -0.0015525161 -1.6882914e-23)
(0.0061392973 -0.0015127307 -2.2414298e-21)
(0.0068169453 -0.0014541486 -2.913328e-22)
(0.0075217692 -0.001372733 0)
(0.0082178135 -0.0012903969 2.8447759e-23)
(0.0090139344 -0.0011437206 0)
(1.8732963e-06 -2.3275848e-06 2.2369381e-24)
(5.9918836e-06 -7.4278399e-06 -1.8857624e-27)
(1.093605e-05 -1.3521401e-05 -4.6499849e-24)
(1.6872652e-05 -2.0795858e-05 5.5706954e-24)
(2.4001824e-05 -2.947247e-05 6.4336848e-27)
(3.2564864e-05 -3.9810287e-05 7.9103228e-24)
(4.2852649e-05 -5.2111254e-05 -9.4500706e-24)
(5.5215861e-05 -6.6725308e-05 0)
(7.0077441e-05 -8.4055012e-05 1.3303265e-23)
(8.7947622e-05 -0.00010455923 -1.58337e-23)
(0.00010944196 -0.000128755 -1.4673233e-25)
(0.00013530278 -0.00015721653 1.2692726e-20)
(0.00016642449 -0.0001905697 -1.2043318e-20)
(0.00020388282 -0.00022948012 -9.4375458e-25)
(0.00024896805 -0.00027463242 0)
(0.00030322123 -0.00032669807 0)
(0.00036847191 -0.00038628897 0)
(0.00044687403 -0.00045389475 1.262898e-23)
(0.00054093518 -0.00052980283 6.7733122e-24)
(0.00065353202 -0.00061400301 -1.4926838e-23)
(0.00078790268 -0.00070608207 0)
(0.00094760553 -0.00080511909 -3.3449407e-23)
(0.0011364341 -0.0009095977 6.7746049e-23)
(0.0013582807 -0.001017356 0)
(0.0016169496 -0.0011255968 1.2487684e-22)
(0.0019159267 -0.0012309753 -3.6665307e-22)
(0.0022581302 -0.0013297714 -1.0866822e-22)
(0.0026456696 -0.001418137 -3.0193188e-22)
(0.003079635 -0.0014924064 -3.7124885e-22)
(0.0035601165 -0.0015493429 0)
(0.0040858318 -0.00158608 -1.3657315e-22)
(0.0046541558 -0.001601507 8.7261399e-22)
(0.0052632174 -0.001593705 -4.3364754e-22)
(0.0059066821 -0.0015637884 -9.0151939e-22)
(0.006582951 -0.001511408 1.6169381e-21)
(0.0072846316 -0.0014388446 0)
(0.0080126314 -0.001341515 0)
(0.0087301847 -0.0012455282 1.6088927e-21)
(0.0095501854 -0.0010690349 0)
(2.2486817e-06 -2.4446416e-06 9.3092069e-30)
(7.1903393e-06 -7.8007394e-06 1.8297884e-27)
(1.311883e-05 -1.4198928e-05 0)
(2.0231917e-05 -2.1835541e-05 -5.2286048e-27)
(2.8766308e-05 -3.0941989e-05 -6.2430432e-27)
(3.9006407e-05 -4.1788913e-05 -1.462591e-26)
(5.1293731e-05 -5.4691367e-05 0)
(6.6038198e-05 -7.0013912e-05 0)
(8.3731681e-05 -8.8175137e-05 -1.2752168e-23)
(0.00010496413 -0.00010965103 -7.2258908e-21)
(0.00013044254 -0.00013497635 7.020455e-21)
(0.00016101319 -0.00016474268 2.1051897e-23)
(0.00019768716 -0.00019959168 3.7998474e-25)
(0.00024166932 -0.00024020121 -8.8556048e-25)
(0.00029439008 -0.00028726211 1.0247429e-24)
(0.00035753898 -0.00034144265 3.7777121e-23)
(0.00043309779 -0.00040333807 -4.6241221e-23)
(0.0005233698 -0.00047340324 -5.4059996e-23)
(0.0006309998 -0.0005518677 1.0662795e-22)
(0.00075897779 -0.00063863568 -4.4121505e-23)
(0.00091061759 -0.00073317721 3.0245442e-23)
(0.0010895008 -0.00083442228 -1.9090569e-22)
(0.0012993776 -0.00094067519 5.4233696e-24)
(0.0015440206 -0.001049571 2.5771741e-22)
(0.0018270337 -0.001158096 -1.2816578e-22)
(0.002151629 -0.0012626898 2.3580249e-22)
(0.0025203955 -0.0013594327 0)
(0.0029350908 -0.0014443067 3.9986128e-22)
(0.0033964736 -0.0015135293 5.2756176e-22)
(0.0039045002 -0.0015637867 1.4664108e-22)
(0.0044572923 -0.0015924592 2.68976e-22)
(0.0050505737 -0.0015980248 -7.4142863e-22)
(0.0056840328 -0.0015783875 2.0198021e-22)
(0.0063541358 -0.0015355469 -1.9498239e-22)
(0.0070545642 -0.0014688318 0)
(0.0077793867 -0.0013808253 1.0435799e-21)
(0.0085287867 -0.0012666307 -1.7440604e-21)
(0.0092657197 -0.0011565317 0)
(0.010103681 -0.00094936371 0)
(2.664276e-06 -2.5277623e-06 5.0121884e-28)
(8.5170123e-06 -8.065226e-06 -3.53255e-24)
(1.5534838e-05 -1.4678879e-05 8.4546534e-24)
(2.3949582e-05 -2.2570945e-05 -5.0544171e-24)
(3.4038214e-05 -3.1979589e-05 6.0164759e-24)
(4.6132536e-05 -4.3183015e-05 -4.7552489e-27)
(6.0629655e-05 -5.6504623e-05 -1.7116857e-23)
(7.800439e-05 -7.2317976e-05 1.0209676e-23)
(9.8823971e-05 -9.1051079e-05 -1.2024999e-23)
(0.00012376523 -0.00011318932 -6.3564689e-21)
(0.00015363455 -0.00013927614 9.0726902e-21)
(0.00018939062 -0.00016991016 1.512769e-25)
(0.00023217019 -0.00020573686 2.3100575e-23)
(0.00028331622 -0.0002474329 2.7949887e-23)
(0.00034440789 -0.00029568027 -3.2726459e-23)
(0.00041729075 -0.00035112756 -2.2301222e-24)
(0.00050410444 -0.00041433584 -4.0697837e-23)
(0.00060730425 -0.0004857071 4.6618744e-23)
(0.00072967071 -0.00056539535 -1.2908753e-23)
(0.00087430047 -0.0006532032 0)
(0.00104457 -0.00074847134 2.9869751e-23)
(0.0012440641 -0.0008499735 -3.0190636e-23)
(0.0014764631 -0.00095583541 0)
(0.0017453864 -0.0010634998 0)
(0.0020541998 -0.0011697593 0)
(0.0024058003 -0.0012708741 -1.1622831e-22)
(0.0028024035 -0.0013627745 -2.0899133e-22)
(0.0032453615 -0.001441337 -1.9811759e-22)
(0.0037350191 -0.0015027076 -3.5722006e-22)
(0.0042706106 -0.0015434995 -4.6788343e-22)
(0.0048495331 -0.0015610799 6.8419358e-22)
(0.0054709241 -0.0015535451 7.1738193e-22)
(0.006130705 -0.0015213303 -1.0350186e-21)
(0.0068246647 -0.0014633272 0)
(0.0075477989 -0.0013808349 2.8939339e-22)
(0.0082938876 -0.0012764006 -1.3398429e-21)
(0.0090618821 -0.0011450064 1.7708314e-21)
(0.0098149928 -0.0010209667 0)
(0.010663569 -0.00078376344 0)
(3.1185073e-06 -2.5686455e-06 0)
(9.9668502e-06 -8.1948307e-06 0)
(1.817481e-05 -1.4913108e-05 -1.9769153e-27)
(2.8011267e-05 -2.2928083e-05 0)
(3.979695e-05 -3.2480515e-05 5.6400838e-27)
(5.3915094e-05 -4.3851263e-05 0)
(7.082303e-05 -5.736628e-05 -8.0987562e-24)
(9.1065755e-05 -7.3401343e-05 9.6486869e-24)
(0.00011529178 -9.2385939e-05 4.3921991e-26)
(0.00014427139 -0.00011480563 0)
(0.00017891745 -0.00014120195 0)
(0.00022030864 -0.00017216833 1.8470564e-23)
(0.00026971505 -0.00020834039 -2.1838958e-23)
(0.00032862524 -0.00025037825 0)
(0.00039877389 -0.00029893824 2.8689378e-23)
(0.00048216779 -0.00035463135 -3.0215063e-23)
(0.00058110733 -0.00041796581 2.468098e-24)
(0.00069819913 -0.00048927232 0)
(0.00083635426 -0.0005686122 -5.9275656e-24)
(0.00099876498 -0.0006556723 -1.288766e-23)
(0.0011888529 -0.00074965461 0)
(0.0014101815 -0.00084917445 -5.6422965e-20)
(0.0016663296 -0.0009521862 2.0106027e-20)
(0.0019607269 -0.001055959 1.2195487e-22)
(0.0022964606 -0.0011571235 0)
(0.0026760703 -0.0012518046 7.5477103e-25)
(0.0031013559 -0.0013358384 1.1528157e-22)
(0.0035732216 -0.0014050574 -1.8171162e-22)
(0.0040915676 -0.0014556079 1.7777462e-22)
(0.0046552223 -0.0014841959 -9.2410962e-20)
(0.0052619602 -0.0014882805 -7.9129147e-21)
(0.005909365 -0.001466107 0)
(0.0065936818 -0.0014177023 8.2529956e-22)
(0.0073105839 -0.0013433857 -3.300653e-22)
(0.0080546418 -0.0012440913 3.7414425e-23)
(0.0088193019 -0.0011227757 7.4875703e-22)
(0.0096021061 -0.00097463166 -5.1682858e-23)
(0.010367159 -0.00083767424 -3.9589543e-22)
(0.011217794 -0.00057294238 0)
(3.6078284e-06 -2.5580993e-06 -1.8030672e-24)
(1.152851e-05 -8.1602525e-06 3.1335649e-24)
(2.101805e-05 -1.4848335e-05 -3.7519902e-24)
(3.2385061e-05 -2.2825119e-05 0)
(4.5997144e-05 -3.232897e-05 -5.3452468e-24)
(6.2292559e-05 -4.3637531e-05 6.3852095e-24)
(8.1792956e-05 -5.7072422e-05 0)
(0.00010511813 -7.3003596e-05 9.0146302e-24)
(0.00013300301 -9.1852682e-05 -1.075143e-23)
(0.00016631697 -0.00011409466 0)
(0.00020608532 -0.00014025683 -1.4952447e-23)
(0.00025351292 -0.00017091354 1.8014506e-23)
(0.00031000922 -0.00020667501 1.9954083e-23)
(0.00037721393 -0.00024816775 -2.5009239e-23)
(0.00045702156 -0.00029600415 -2.6870432e-23)
(0.00055160261 -0.00035073848 6.020824e-23)
(0.0006634178 -0.00041280701 -3.6860193e-23)
(0.00079522082 -0.00048245101 -5.0113212e-24)
(0.00095004392 -0.00055962347 5.0662687e-23)
(0.0011311597 -0.00064388411 5.9920249e-23)
(0.001342013 -0.00073429141 -1.0758678e-22)
(0.0015861173 -0.00082930636 -2.3137884e-20)
(0.0018669156 -0.00092672739 6.3961279e-20)
(0.0021876087 -0.0010236784 1.1010848e-22)
(0.002550964 -0.0011166706 -1.1334015e-22)
(0.0029591238 -0.0012017489 7.6518034e-20)
(0.0034134354 -0.0012747209 -1.4666651e-20)
(0.0039143274 -0.0013314457 -1.7530603e-22)
(0.0044612388 -0.0013681442 0)
(0.0050526066 -0.0013816551 2.323984e-21)
(0.0056859784 -0.0013696047 9.5499199e-20)
(0.0063583765 -0.001330656 0)
(0.0070658312 -0.0012648197 7.5682645e-22)
(0.0078035611 -0.0011729183 -3.1841532e-22)
(0.0085657861 -0.0010562715 -8.0760378e-22)
(0.0093454116 -0.00091831795 0)
(0.010138327 -0.00075482803 0)
(0.010910163 -0.00060702293 -3.0344755e-22)
(0.011753455 -0.00031938471 -1.3612198e-21)
(4.1266782e-06 -2.4866403e-06 -1.6745017e-24)
(1.3184202e-05 -7.9312632e-06 2.9171859e-24)
(2.4032091e-05 -1.4429601e-05 3.4842582e-24)
(3.7020878e-05 -2.2177644e-05 -8.3301972e-24)
(5.2567567e-05 -3.1405529e-05 9.9414194e-24)
(7.1168323e-05 -4.2380825e-05 -1.756182e-26)
(9.3412366e-05 -5.5412815e-05 -1.4119328e-23)
(0.0001199979 -7.0856307e-05 8.4134322e-24)
(0.00015175024 -8.9114316e-05 -1.9074882e-27)
(0.000189642 -0.00011063891 -1.1678618e-23)
(0.00023481529 -0.00013592915 2.7882595e-23)
(0.00028860533 -0.00016552465 -1.6478802e-23)
(0.00035256475 -0.00019999289 3.074075e-25)
(0.00042848727 -0.00023990808 7.169045e-25)
(0.0005184287 -0.00028581895 -2.5786487e-23)
(0.00062472244 -0.00033820304 3.3807595e-23)
(0.00074998559 -0.00039740531 -2.6307033e-20)
(0.00089711084 -0.00046356035 2.2191481e-20)
(0.0010692384 -0.00053649955 0)
(0.0012697022 -0.00061564834 -4.1295899e-20)
(0.0015019447 -0.00069992319 2.7601667e-20)
(0.0017693981 -0.00078764333 1.0555576e-22)
(0.0020753328 -0.00087647688 1.0357518e-22)
(0.0024226815 -0.00096344288 -1.088599e-22)
(0.0028138524 -0.0010449877 -1.0650191e-22)
(0.0032505534 -0.0011171451 1.9661756e-20)
(0.0037336491 -0.0011757732 -8.1510362e-20)
(0.0042630698 -0.0012168447 1.7590476e-22)
(0.0048377784 -0.0012367499 -1.4880961e-22)
(0.0054557957 -0.0012325545 -4.0679778e-22)
(0.00611431 -0.0012021826 5.0387153e-22)
(0.0068098591 -0.001144651 2.0409356e-22)
(0.0075381036 -0.0010602007 -1.8583887e-21)
(0.0082937796 -0.00095010228 7.897267e-22)
(0.0090705898 -0.0008162946 1.1308881e-21)
(0.0098607489 -0.00066282773 -9.0058904e-22)
(0.01065831 -0.00048649893 1.5029561e-21)
(0.011431043 -0.00033111802 0)
(0.012257243 -2.7475541e-05 1.6738345e-21)
(4.6660928e-06 -2.3443108e-06 -7.5041722e-28)
(1.4905337e-05 -7.4761413e-06 6.7270696e-28)
(2.7164917e-05 -1.3599265e-05 -3.1205237e-27)
(4.1838758e-05 -2.0897195e-05 3.7276539e-27)
(5.9394959e-05 -2.9585134e-05 4.5865642e-27)
(8.0389489e-05 -3.9912729e-05 0)
(0.00010548124 -5.216779e-05 0)
(0.00013544911 -6.6679402e-05 0)
(0.00017121117 -8.3819818e-05 9.0564638e-24)
(0.00021384573 -0.00010400436 -1.0958913e-23)
(0.00026461394 -0.00012768832 -9.6634279e-26)
(0.00032498323 -0.00015535931 1.499653e-23)
(0.00039665053 -0.00018752336 -1.7744782e-23)
(0.00048156351 -0.00022468246 0)
(0.00058193733 -0.00026730127 -2.3663136e-23)
(0.00070026381 -0.00031576052 2.421202e-23)
(0.00083930854 -0.00037029548 -1.9604505e-20)
(0.001002091 -0.00043091902 3.0356393e-20)
(0.0011918424 -0.00049733126 0)
(0.0014119348 -0.00056882149 -2.6050438e-20)
(0.0016657805 -0.00064417263 4.6492841e-20)
(0.001956697 -0.00072158359 0)
(0.0022877461 -0.0007986288 2.3553698e-23)
(0.002661555 -0.00087227529 0)
(0.0030801372 -0.00093897354 0)
(0.0035447362 -0.00099482855 0)
(0.0040557101 -0.0010358418 8.9721345e-23)
(0.0046124743 -0.0010581984 3.0715449e-22)
(0.0052135016 -0.0010585599 -1.246659e-23)
(0.0058563698 -0.0010343174 8.3133026e-24)
(0.0065378514 -0.00098377929 1.2120972e-22)
(0.007254002 -0.0009063639 -3.8573423e-22)
(0.0080000165 -0.00080269578 7.2613883e-22)
(0.0087700838 -0.00067456452 -6.2643538e-22)
(0.0095572253 -0.00052466535 0)
(0.010352834 -0.00035781824 1.7532963e-21)
(0.011149043 -0.00017234345 -2.9241827e-21)
(0.011916337 -1.3933297e-05 -1.2536876e-21)
(0.012715932 0.0002964799 0)
(5.2153654e-06 -2.1224548e-06 3.5288421e-28)
(1.6657666e-05 -6.7673133e-06 2.4240516e-24)
(3.0354029e-05 -1.2307226e-05 -2.9010586e-24)
(4.6742311e-05 -1.8906892e-05 -3.4614716e-24)
(6.6342272e-05 -2.6759113e-05 1.1113999e-26)
(8.977025e-05 -3.6086916e-05 4.9365044e-24)
(0.00011775533 -4.714652e-05 0)
(0.00015115749 -6.0229628e-05 0)
(0.00019098778 -7.566438e-05 3.3538668e-26)
(0.00023843002 -9.3814247e-05 9.7736397e-24)
(0.00029486371 -0.00011507383 -2.3062339e-23)
(0.00036188704 -0.00013986017 1.3686732e-23)
(0.00044133864 -0.0001685978 0)
(0.00053531596 -0.00020169552 0)
(0.00064618738 -0.00023951269 6.4390508e-25)
(0.00077659441 -0.000282313 2.6897074e-23)
(0.00092943916 -0.00033020435 -5.889171e-25)
(0.0011078522 -0.00038306487 -2.7998458e-23)
(0.0013151354 -0.0004404577 0)
(0.001554675 -0.0005015406 0)
(0.0018298241 -0.00056498088 0)
(0.002143754 -0.00062889085 0)
(0.0024992846 -0.00069080211 -1.3152772e-22)
(0.0028987056 -0.00074769765 1.7939109e-22)
(0.0033436084 -0.00079611553 -4.8955266e-23)
(0.0038347501 -0.00083232794 8.0287072e-23)
(0.0043719692 -0.00085258379 7.550221e-23)
(0.0049541594 -0.00085338792 -1.5343684e-22)
(0.0055792976 -0.00083178001 0)
(0.0062445034 -0.00078557576 0)
(0.0069461059 -0.00071355092 0)
(0.0076796688 -0.00061560618 3.8958667e-22)
(0.0084398541 -0.00049286988 -4.6123308e-22)
(0.0092202141 -0.00034774593 1.4930608e-22)
(0.010012955 -0.00018379651 0)
(0.010808528 -6.769621e-06 -1.6206737e-21)
(0.011597162 0.00018299014 1.4194601e-21)
(0.012352601 0.00033866517 1.2862073e-22)
(0.013116978 0.00064434302 1.4911424e-22)
(5.7571696e-06 -1.8124301e-06 0)
(1.8386053e-05 -5.7772673e-06 0)
(3.3499337e-05 -1.0503536e-05 0)
(5.1578082e-05 -1.6130147e-05 -2.4398276e-21)
(7.319282e-05 -2.2819329e-05 2.8829574e-21)
(9.9019148e-05 -3.0757963e-05 -4.3804742e-24)
(0.00012985495 -4.0159668e-05 0)
(0.00016663958 -5.1266113e-05 6.180727e-24)
(0.00021047482 -6.4346937e-05 -4.1882013e-26)
(0.00026264721 -7.9697584e-05 -8.7166196e-24)
(0.00032465099 -9.7634087e-05 0)
(0.00039821044 -0.00011848349 -1.2008034e-23)
(0.00048529986 -0.00014256834 2.8271627e-23)
(0.00058815868 -0.00017018332 -3.2951222e-23)
(0.0007092985 -0.00020156228 1.8324371e-23)
(0.0008514977 -0.00023683377 -7.1941861e-25)
(0.001017779 -0.00027596425 2.4696946e-23)
(0.0012113644 -0.00031868938 -5.6211873e-23)
(0.0014356034 -0.00036443647 2.7994734e-23)
(0.0016938699 -0.0004122443 -4.0183595e-24)
(0.001989429 -0.00046069113 0)
(0.0023252764 -0.00050784544 0)
(0.0027039626 -0.00055125681 3.9562682e-23)
(0.0031274163 -0.0005880034 1.8763739e-23)
(0.0035967904 -0.00061480701 -4.569959e-24)
(0.0041123487 -0.00062821601 -7.9861438e-23)
(0.0046734117 -0.00062484247 -6.4464915e-24)
(0.0052783601 -0.00060162708 -6.8948729e-23)
(0.0059246841 -0.00055609844 2.2815591e-22)
(0.0066090471 -0.00048659687 -1.1363662e-22)
(0.0073273262 -0.00039245025 9.1631941e-23)
(0.0080745845 -0.00027412627 -8.9296881e-23)
(0.0088449034 -0.00013335457 3.59732e-23)
(0.0096311178 2.6756884e-05 2.3682084e-22)
(0.010424514 0.00020169652 0)
(0.01121449 0.00038466536 7.7878507e-22)
(0.011989461 0.00057283741 5.6743137e-22)
(0.012726893 0.00071906823 9.4382864e-22)
(0.013448834 0.0010064686 -8.3927872e-22)
(6.277236e-06 -1.4102563e-06 5.3496384e-25)
(2.0044687e-05 -4.4933819e-06 -9.3177418e-25)
(3.6516953e-05 -8.165362e-06 0)
(5.6216183e-05 -1.2532107e-05 -2.1967707e-21)
(7.9761098e-05 -1.7716814e-05 2.6686342e-21)
(0.0001078834 -2.3860405e-05 -1.8889359e-24)
(0.00014144593 -3.1122572e-05 6.4180427e-23)
(0.00018146269 -3.9681985e-05 -1.1086324e-22)
(0.00022912049 -4.9735088e-05 3.1624706e-24)
(0.00028580162 -6.1492853e-05 -7.5087574e-24)
(0.00035310667 -7.5174619e-05 4.4499556e-24)
(0.00043287593 -9.0997872e-05 0)
(0.00052720741 -0.00010916256 -8.8372089e-26)
(0.00063846852 -0.00012982838 -7.1662068e-24)
(0.00076929778 -0.00015308353 8.5779176e-24)
(0.00092259198 -0.00017890361 -2.7367486e-25)
(0.0011014738 -0.00020710019 -6.2276495e-25)
(0.0013092344 -0.00023726021 0)
(0.001549247 -0.00026867943 3.0115828e-23)
(0.0018248492 -0.00030029647 -2.9454683e-23)
(0.0021391951 -0.0003306376 0)
(0.0024950845 -0.0003577854 0)
(0.0028947831 -0.00037938665 -1.0447753e-23)
(0.0033398511 -0.00039271287 -2.5766076e-24)
(0.003831004 -0.00039478201 -5.3952105e-23)
(0.0043680243 -0.00038253911 6.4404442e-23)
(0.0049497351 -0.00035308156 0)
(0.0055740309 -0.00030390373 0)
(0.0062379424 -0.00023313176 -1.6341997e-22)
(0.0069376968 -0.00013972637 -3.7140519e-23)
(0.0076687292 -2.3648383e-05 1.5764053e-22)
(0.0084256025 0.00011399214 -1.4385879e-22)
(0.0092017918 0.00027078956 3.3112341e-22)
(0.0099893618 0.00044286926 -5.6260114e-22)
(0.010778606 0.00062474251 1.7921635e-22)
(0.01155775 0.00080851905 -1.7366674e-22)
(0.012313466 0.00098857641 -3.3298985e-22)
(0.013026881 0.0011184591 4.212941e-22)
(0.013699274 0.0013725492 4.6725149e-22)
(6.7439129e-06 -9.12061e-07 -1.1765621e-28)
(2.1533165e-05 -2.9032983e-06 7.7063626e-25)
(3.9225198e-05 -5.2702351e-06 -2.2674091e-27)
(6.037911e-05 -8.0782714e-06 -1.101424e-24)
(8.5656964e-05 -1.1402793e-05 5.8269587e-28)
(0.00011584092 -1.5328584e-05 1.5614299e-24)
(0.00015185222 -1.9949693e-05 5.348858e-23)
(0.00019477194 -2.5368434e-05 -3.5106266e-23)
(0.00024586318 -3.1693003e-05 2.6324869e-24)
(0.00030659398 -3.9033198e-05 -5.5094781e-27)
(0.0003786598 -4.7493514e-05 0)
(0.00046400388 -5.7162677e-05 -4.2850949e-24)
(0.00056483306 -6.8098506e-05 1.4877277e-25)
(0.00068362588 -8.0306929e-05 5.9766864e-24)
(0.00082312889 -9.3714027e-05 0)
(0.0009863363 -0.00010813033 7.9992414e-24)
(0.0011764478 -0.00012320737 -1.6926355e-23)
(0.0013967994 -0.00013838782 1.0146943e-23)
(0.001650764 -0.00015285277 -1.0946847e-23)
(0.0019416198 -0.00016547217 1.5713964e-23)
(0.0022723908 -0.00017476791 0)
(0.0026456684 -0.0001789014 0)
(0.0030634298 -0.00017569865 1.997153e-23)
(0.0035268744 -0.00016272355 -6.6878467e-23)
(0.004036301 -0.00013740375 -2.0075954e-23)
(0.0045910439 -9.720431e-05 3.7194202e-23)
(0.0051894732 -3.9833758e-05 -4.0446438e-23)
(0.0058290476 3.6539923e-05 7.1595829e-23)
(0.0065063884 0.00013308566 1.5780986e-23)
(0.0072173293 0.00025013168 8.0983016e-23)
(0.007956895 0.00038701161 -7.775199e-23)
(0.0087191684 0.00054191298 1.4070266e-22)
(0.0094970222 0.00071170738 -5.7841376e-23)
(0.010281741 0.00089173599 1.1778006e-22)
(0.011062599 0.0010755916 8.5989097e-23)
(0.011826551 0.0012544079 0)
(0.012558492 0.0014198704 -3.4176878e-22)
(0.01324167 0.0015282273 -4.2689911e-22)
(0.013854103 0.0017327081 -1.170825e-22)
(7.1497825e-06 -3.234555e-07 -8.7763259e-26)
(2.2826851e-05 -1.0251373e-06 1.5237093e-25)
(4.1577487e-05 -1.8514806e-06 -1.8235318e-25)
(6.3992169e-05 -2.8204939e-06 -2.3697083e-28)
(9.0769584e-05 -3.95172e-06 -5.6540404e-28)
(0.00012273428 -5.2645601e-06 3.0879932e-25)
(0.00016085621 -6.7768558e-06 -1.7474882e-27)
(0.00020627195 -8.5026044e-06 -4.3864144e-25)
(0.00026030716 -1.0448386e-05 -5.1686507e-25)
(0.00032449946 -1.2608117e-05 6.2123962e-25)
(0.00040062039 -1.4955579e-05 0)
(0.00049069459 -1.7434051e-05 0)
(0.00059701354 -1.9942293e-05 0)
(0.00072214043 -2.2316098e-05 4.0449408e-26)
(0.00086890165 -2.4304846e-05 0)
(0.0010403601 -2.5542817e-05 0)
(0.0012397644 -2.5515875e-05 -3.6989726e-24)
(0.0014704702 -2.3525316e-05 3.9932132e-24)
(0.0017358285 -1.8652513e-05 0)
(0.0020390435 -9.7300762e-06 -4.6866656e-24)
(0.002383003 4.6725469e-06 5.2512661e-24)
(0.0027700941 2.6239711e-05 0)
(0.0032020235 5.686723e-05 0)
(0.003679663 9.8580454e-05 -9.0163435e-25)
(0.0042029442 0.00015341158 2.8492352e-20)
(0.0047708179 0.00022324256 -2.9586805e-20)
(0.0053812763 0.0003096276 -2.1484953e-23)
(0.006031422 0.00041361287 1.9131194e-23)
(0.0067175429 0.00053556866 -2.0633381e-23)
(0.0074351455 0.00067503882 -4.4171955e-23)
(0.0081788975 0.00083059826 -1.3424196e-23)
(0.0089424457 0.00099969719 5.784705e-23)
(0.0097180989 0.0011784727 1.1523003e-23)
(0.010496408 0.0013615186 0)
(0.0112657 0.0015416698 0)
(0.012011719 0.0017094222 0)
(0.012717836 0.0018548442 9.9116211e-23)
(0.013367395 0.0019421012 2.376723e-23)
(0.013920842 0.0020793049 -3.9955918e-23)
(7.4446584e-06 3.6618606e-07 1.1680294e-25)
(2.3767294e-05 1.1751179e-06 -2.0344831e-25)
(4.3288437e-05 2.1529195e-06 9.9961903e-22)
(6.6621807e-05 3.3367588e-06 -1.1999999e-21)
(9.4493307e-05 4.7720118e-06 0)
(0.00012775909 6.5151321e-06 0)
(0.00016742555 8.6364701e-06 7.4381161e-28)
(0.00021467093 1.1223922e-05 0)
(0.00027086796 1.438769e-05 -2.0906339e-27)
(0.00033760661 1.8266388e-05 0)
(0.00041671557 2.3034787e-05 0)
(0.00051028019 2.891354e-05 -6.8211422e-27)
(0.00062065421 3.618123e-05 0)
(0.00075046132 4.5188947e-05 -1.4822136e-24)
(0.00090258221 5.6377407e-05 1.8317737e-24)
(0.0010801216 7.02962e-05 -9.7722354e-26)
(0.0012863503 8.7624041e-05 9.3142709e-21)
(0.0015246172 0.00010918795 -1.1138273e-20)
(0.0017982301 0.00013597798 -3.1031936e-24)
(0.0021103043 0.00016915266 3.2172874e-24)
(0.0024635889 0.00021002923 -6.432856e-25)
(0.0028602814 0.00026005209 0)
(0.003301852 0.00032073427 0)
(0.0037889001 0.00039356943 4.4425689e-24)
(0.0043210651 0.00047991706 2.0499651e-20)
(0.0048970036 0.00058086894 -2.1427054e-20)
(0.0055144284 0.00069710873 0)
(0.0061701853 0.00082877636 0)
(0.0068603218 0.00097534282 0)
(0.0075800982 0.0011354903 -1.0247919e-23)
(0.0083238921 0.0013069819 2.443651e-23)
(0.0090849739 0.0014865017 0)
(0.009855153 0.0016694536 0)
(0.010624345 0.0018497408 0)
(0.011380109 0.0020196318 6.239873e-23)
(0.012107288 0.0021693516 -5.0448254e-23)
(0.012788728 0.0022889975 0)
(0.013407577 0.0023582426 -6.0828599e-23)
(0.013918229 0.002418835 0)
(7.6199056e-06 1.1306271e-06 0)
(2.432518e-05 3.6137526e-06 -3.2975491e-29)
(4.4301541e-05 6.5906309e-06 5.5437006e-22)
(6.8175607e-05 1.0159304e-05 -6.6017756e-22)
(9.6688141e-05 1.4436686e-05 0)
(0.00013071223 1.9562689e-05 2.6491221e-28)
(0.00017127336 2.5704506e-05 -7.4382972e-28)
(0.000219571 3.3061644e-05 0)
(0.00027700104 4.1871826e-05 2.0907374e-27)
(0.00034517824 5.2417797e-05 0)
(0.00042595691 6.5035028e-05 0)
(0.00052144782 8.0120284e-05 1.1924406e-27)
(0.00063402834 9.8140855e-05 1.4303785e-24)
(0.00076634182 0.00011964408 -1.7276001e-24)
(0.00092128167 0.0001452665 4.1256237e-21)
(0.0011019548 0.00017574146 -5.0064149e-21)
(0.0013116194 0.00021190369 5.1545531e-21)
(0.0015535923 0.00025468838 -5.6183069e-21)
(0.0018311244 0.00030512205 2.9178425e-24)
(0.0021472465 0.00036430171 -1.3263218e-23)
(0.0025045927 0.00043335892 7.9202219e-24)
(0.0029052177 0.00051340615 -9.6087049e-25)
(0.0033504268 0.00060546456 0)
(0.0038406438 0.00071037537 2.8315483e-24)
(0.0043753361 0.00082870067 7.2352519e-24)
(0.0049530053 0.00096062221 -7.5672307e-24)
(0.0055712345 0.0011058468 3.2732648e-24)
(0.0062267621 0.0012635225 0)
(0.0069155342 0.0014321604 0)
(0.0076326859 0.0016095476 2.039053e-23)
(0.0083724092 0.0017926296 -5.281811e-23)
(0.0091276928 0.0019773459 1.7893223e-23)
(0.0098899541 0.002158419 0)
(0.010648633 0.0023291575 -1.6561277e-24)
(0.011390762 0.0024814402 -2.8400697e-23)
(0.012100613 0.0026052114 6.8821905e-23)
(0.012761656 0.00269037 0)
(0.013358824 0.0027235285 6.1473267e-23)
(0.0138627 0.0027173384 0)
(7.6198853e-06 1.9088676e-06 -4.968255e-26)
(2.4324513e-05 6.0959485e-06 6.7141219e-28)
(4.4299258e-05 1.1106769e-05 9.8139173e-28)
(6.8170183e-05 1.7100897e-05 1.2179859e-25)
(9.6677227e-05 2.4267461e-05 -1.422718e-25)
(0.00013069227 3.2830435e-05 1.6965531e-25)
(0.00017123903 4.3054314e-05 1.9648498e-25)
(0.00021951444 5.5250407e-05 -5.4456478e-27)
(0.00027691074 6.9783715e-05 -5.393846e-25)
(0.00034503749 8.7080183e-05 3.1640075e-25)
(0.00042574163 0.00010763406 0)
(0.00052112369 0.00013201484 4.0044114e-25)
(0.00063354682 0.00016087322 -4.6795026e-25)
(0.00076563507 0.00019494484 0)
(0.00092025603 0.00023505068 6.3181227e-22)
(0.0011004829 0.00028209223 -5.72219e-22)
(0.0013095309 0.00033703928 0)
(0.0015506639 0.00040090803 1.2788831e-25)
(0.0018270708 0.000474727 2.0840663e-25)
(0.0021417122 0.00055948903 7.8817947e-25)
(0.0024971491 0.00065608867 -1.5323091e-25)
(0.0028953658 0.00076524663 5.7456436e-25)
(0.0033376089 0.00088742565 -1.8766051e-24)
(0.0038242642 0.0010227453 9.7110856e-26)
(0.0043547898 0.0011709046 4.0044894e-24)
(0.0049277106 0.0013311211 0)
(0.0055406613 0.0015020898 -3.273776e-24)
(0.0061904458 0.0016819556 0)
(0.0068730642 0.0018682852 0)
(0.0075836607 0.0020580117 1.3042163e-23)
(0.0083163584 0.0022473289 2.3582237e-23)
(0.009063975 0.0024315245 2.12727e-23)
(0.009817659 0.0026047595 3.1681292e-24)
(0.010566545 0.0027599095 -3.2051059e-23)
(0.011297352 0.0028887063 -2.321963e-23)
(0.011993752 0.0029808746 0)
(0.012640193 0.0030262059 -9.9004546e-23)
(0.013222617 0.0030149196 2.2498678e-22)
(0.013719498 0.0029497647 2.6408667e-22)
(7.4539077e-06 2.667067e-06 -1.6304266e-22)
(2.3794284e-05 8.5139268e-06 2.8900684e-22)
(4.3333046e-05 1.5505464e-05 3.0019098e-28)
(6.6682376e-05 2.386086e-05 3.5905686e-28)
(9.4565699e-05 3.3839125e-05 -5.3213191e-25)
(0.00012783536 4.5745442e-05 6.3765542e-25)
(0.00016749205 5.9938089e-05 -7.6236996e-25)
(0.00021470558 7.683585e-05 -8.2927084e-22)
(0.00027083654 9.6925641e-05 1.0526226e-21)
(0.00033745761 0.00012076997 0)
(0.00041637322 0.00014901358 1.5398768e-24)
(0.00050963531 0.00018238845 -1.5749855e-21)
(0.00061955221 0.00022171581 2.1045524e-21)
(0.00074868709 0.00026790368 2.5537441e-24)
(0.00089984143 0.00032193775 -6.0073637e-24)
(0.0010760186 0.00038486336 3.5174508e-24)
(0.0012803631 0.00045775603 0)
(0.0015160712 0.00054167808 -5.895489e-25)
(0.0017862728 0.00063762002 1.043939e-24)
(0.0020938863 0.00074642652 -1.224105e-23)
(0.0024414557 0.00086870964 1.338927e-23)
(0.0028309839 0.001004755 1.9732909e-23)
(0.003263781 0.00115443 -1.3693559e-23)
(0.0037403484 0.0013171061 1.5619908e-23)
(0.0042603135 0.0014916068 -2.0696727e-23)
(0.0048224173 0.0016761888 0)
(0.0054245408 0.0018685559 6.9098474e-24)
(0.0060637362 0.0020658901 -4.5841617e-23)
(0.0067362188 0.0022648723 -2.3416328e-24)
(0.0074372773 0.0024616606 -6.4949358e-23)
(0.0081610787 0.0026517976 -1.7945554e-22)
(0.0089003713 0.002830045 2.0888768e-23)
(0.0096461394 0.0029901539 6.907902e-23)
(0.010387342 0.0031247854 -6.7540652e-23)
(0.011110546 0.0032257376 1.6938681e-22)
(0.011798627 0.0032827258 4.1106077e-22)
(0.012437236 0.0032858648 -7.4741091e-23)
(0.013012804 0.0032281361 -1.5615553e-22)
(0.0135071 0.0031090842 -8.6160813e-23)
(7.1133211e-06 3.3641781e-06 -3.6629945e-22)
(2.270745e-05 1.0736771e-05 6.3444074e-22)
(4.1354719e-05 1.9548567e-05 -2.7301465e-27)
(6.3639912e-05 3.007323e-05 -2.05307e-24)
(9.0254152e-05 4.2633565e-05 -8.5844535e-28)
(0.00012201198 5.760874e-05 0)
(0.00015987004 7.5442288e-05 0)
(0.00020494713 9.6650412e-05 -1.892418e-21)
(0.00025854516 0.00012183015 2.1959236e-21)
(0.00032216993 0.00015166678 -2.9491312e-26)
(0.00039755058 0.00018693959 0)
(0.00048665535 0.00022852461 -3.6827343e-21)
(0.00059170133 0.00027739267 4.1347407e-21)
(0.0007151545 0.00033460057 -1.1407152e-23)
(0.00085971607 0.00040127261 -2.6490171e-25)
(0.0010282906 0.00047856972 0)
(0.0012239314 0.00056764327 -1.7563576e-23)
(0.0014497604 0.00066957123 2.0809559e-23)
(0.00170886 0.00078527623 -1.0439315e-24)
(0.0020041419 0.00091542713 2.4961718e-23)
(0.0023381975 0.0010603299 -2.3720308e-23)
(0.0027131447 0.0012198179 2.3693714e-23)
(0.0031304866 0.0013931555 -1.3232768e-24)
(0.0035909999 0.0015789718 -5.3315494e-23)
(0.0040946629 0.0017752376 -4.2845266e-23)
(0.0046406267 0.0019792925 6.6074535e-23)
(0.0052272103 0.0021879147 2.3095188e-23)
(0.0058518919 0.0023974089 4.3548624e-23)
(0.0065112547 0.0026036745 8.9480068e-21)
(0.0072008566 0.0028022139 -3.8086364e-20)
(0.007915009 0.0029880531 -1.5175605e-22)
(0.0086464785 0.0031555824 0)
(0.009386176 0.003298319 3.4379658e-22)
(0.010122849 0.0034091351 0)
(0.010843353 0.0034796158 4.2461326e-23)
(0.011529597 0.0035002345 -9.8747118e-22)
(0.012167647 0.0034618302 0)
(0.012745143 0.0033599815 -1.8735592e-20)
(0.013245227 0.0031940115 5.5291076e-19)
(6.6137648e-06 3.9637448e-06 -2.6023933e-24)
(2.1113682e-05 1.2648278e-05 4.5291322e-24)
(3.8454262e-05 2.3024782e-05 -2.650682e-27)
(5.9180435e-05 3.541346e-05 -3.2388143e-24)
(8.393643e-05 5.0191524e-05 -3.8615062e-24)
(0.00011348205 6.7801104e-05 9.2248901e-24)
(0.00014871038 8.8758083e-05 -5.5060117e-24)
(0.00019066689 0.00011366105 0)
(0.00024056959 0.00014319976 0)
(0.00029982933 0.00017816228 9.1907367e-24)
(0.00037006915 0.00021943964 -1.1003499e-23)
(0.00045314073 0.00026802629 -8.245251e-26)
(0.0005511359 0.00032501417 0)
(0.00066638979 0.00039157774 0)
(0.00080147235 0.00046894672 2.6490157e-25)
(0.00095916392 0.00055836323 0)
(0.0011424111 0.00066102024 0)
(0.0013542595 0.00077797944 -3.0829808e-23)
(0.0015977625 0.00091006857 3.7995974e-23)
(0.0018758672 0.0010577623 0)
(0.0021912835 0.0012210548 -1.0556281e-23)
(0.002546347 0.0013993387 5.7600165e-23)
(0.0029428873 0.0015913074 -4.8593479e-23)
(0.003382116 0.0017949022 -8.1895921e-24)
(0.0038645417 0.0020073192 -2.0329037e-23)
(0.0043899119 0.0022250794 -9.2853486e-23)
(0.0049571648 0.0024441522 -1.133512e-23)
(0.0055643674 0.0026600955 1.664567e-22)
(0.0062086065 0.0028681685 4.6296136e-20)
(0.0068858122 0.0030633662 -1.71137e-20)
(0.0075905119 0.0032403512 3.424218e-22)
(0.0083155597 0.0033932947 -1.2283619e-22)
(0.0090519445 0.0035155601 -3.4363176e-22)
(0.0097870275 0.003601127 0)
(0.010512071 0.0036407744 -7.4096915e-22)
(0.011202112 0.0036255581 4.771699e-22)
(0.01184645 0.0035492583 1.1445383e-21)
(0.012435128 0.0034091617 -6.2899447e-19)
(0.012949741 0.0032049275 7.7721239e-20)
(5.9728519e-06 4.4291194e-06 -1.7772186e-24)
(1.9069323e-05 1.4131641e-05 -8.5379026e-28)
(3.4734493e-05 2.5721753e-05 3.6939991e-24)
(5.3462521e-05 3.9555438e-05 -4.4240023e-24)
(7.5837999e-05 5.6051659e-05 -5.2710314e-24)
(0.00010255127 7.5700706e-05 6.3003749e-24)
(0.00013441495 9.9073591e-05 8.2770862e-27)
(0.00017238198 0.00012683138 8.903267e-24)
(0.00021756489 0.00015973369 -1.0646578e-23)
(0.00027125575 0.00019864542 4.2562352e-26)
(0.00033494559 0.0002445402 -1.5229172e-26)
(0.00041034225 0.00029849865 -6.622487e-21)
(0.00049938441 0.00036169884 9.2443172e-21)
(0.0006042494 0.00043539591 0)
(0.00072735184 0.0005208871 2.7810166e-23)
(0.00087132943 0.00061945874 -3.2610849e-23)
(0.0010390125 0.00073231183 3.802147e-23)
(0.0012333744 0.00086046453 -4.2536325e-23)
(0.0014574602 0.0010046328 -2.5667988e-24)
(0.0017142959 0.0011650947 -7.3332729e-24)
(0.0020067791 0.0013415491 6.1865761e-24)
(0.0023375594 0.001532987 3.6636191e-20)
(0.0027089167 0.0017375962 -7.520716e-21)
(0.0031226443 0.0019527237 2.8424418e-23)
(0.0035799432 0.0021749106 -7.3000696e-23)
(0.0040813239 0.0024000038 0)
(0.0046265035 0.0026233252 1.0705947e-22)
(0.0052142781 0.0028398598 0)
(0.0058423511 0.0030444052 0)
(0.006507102 0.0032316324 2.1528052e-22)
(0.0072033114 0.0033960276 0)
(0.0079239734 0.0035317535 2.9321105e-22)
(0.0086612284 0.0036322385 -2.8750688e-22)
(0.0094012375 0.0036916341 0)
(0.010129766 0.0037021109 1.1426077e-21)
(0.01083227 0.003655575 4.273581e-22)
(0.011493202 0.0035473533 -3.3282561e-22)
(0.012098631 0.003376017 -6.4442941e-22)
(0.012635205 0.0031436833 -2.1668605e-21)
(5.2203501e-06 4.7304967e-06 0)
(1.666926e-05 1.5091869e-05 8.5379026e-28)
(3.036795e-05 2.7466787e-05 4.6600051e-24)
(4.6751196e-05 4.2233976e-05 -5.5769756e-24)
(6.6333901e-05 5.9838827e-05 -6.6428401e-24)
(8.9725337e-05 8.0801922e-05 1.5872414e-23)
(0.00011764436 0.00010572868 -9.4796513e-24)
(0.00015093625 0.00013531875 0)
(0.00019059119 0.00017037438 -1.3301378e-23)
(0.00023776373 0.00021180645 1.5880335e-23)
(0.00029379285 0.00026063686 6.5579992e-26)
(0.00036022139 0.00031799477 -8.8716638e-21)
(0.00043881363 0.00038510405 9.1201219e-21)
(0.00053156896 0.0004632585 -3.0091603e-23)
(0.00064072936 0.00055378097 3.5440983e-23)
(0.00076877779 0.00065796246 0)
(0.00091842439 0.00077697808 -1.305598e-24)
(0.0010925775 0.00091177852 0)
(0.0012942972 0.0010629588 0)
(0.0015267296 0.0012306116 7.333302e-24)
(0.0017930229 0.0014141774 1.3916259e-22)
(0.0020962263 0.0016123133 1.790349e-20)
(0.0024391765 0.0018228023 -5.2394303e-20)
(0.0028243726 0.0020425307 0)
(0.0032538422 0.0022675483 -8.4098478e-23)
(0.0037289947 0.0024932136 1.1089079e-23)
(0.0042504525 0.0027144019 4.5048674e-22)
(0.004817852 0.0029257293 -2.392568e-23)
(0.005429601 0.0031217356 -2.755783e-22)
(0.00608259 0.0032969683 -4.7538141e-22)
(0.0067718667 0.00344593 -5.7844495e-23)
(0.0074903105 0.0035628071 -4.0248392e-22)
(0.0082273537 0.0036413883 -3.1998619e-22)
(0.0089778796 0.0036769171 3.1280183e-22)
(0.0097224538 0.0036627157 0)
(0.010441322 0.0035888863 -8.1884418e-22)
(0.011121309 0.0034557798 -2.1779048e-21)
(0.011750773 0.0032627872 1.969079e-21)
(0.012315009 0.0030137685 1.0486057e-21)
(4.3917917e-06 4.8442776e-06 0)
(1.4026841e-05 1.5453778e-05 1.2302459e-27)
(2.5560885e-05 2.8123263e-05 -5.5875943e-24)
(3.9363528e-05 4.3239379e-05 6.6903036e-24)
(5.5873245e-05 6.1256561e-05 4.1940325e-27)
(7.561049e-05 8.2705452e-05 0)
(9.9191512e-05 0.00010820246 0)
(0.000127344 0.00013845896 0)
(0.00016092466 0.00017428918 1.5989358e-23)
(0.00020093848 0.00021661565 -1.1908538e-25)
(0.00024855948 0.0002664704 -2.2582662e-23)
(0.00030515231 0.00032498975 -2.6057926e-23)
(0.00037229388 0.00039339947 3.1148318e-23)
(0.0004517939 0.00047298707 0)
(0.00054571249 0.00056505704 0)
(0.00065637285 0.00067086515 0)
(0.0007863662 0.00079152879 -5.3075403e-23)
(0.00093854605 0.00092791225 6.365079e-23)
(0.0011160083 0.0010804895 0)
(0.0013220543 0.0012491924 1.043086e-23)
(0.0015601325 0.0014332587 -1.6554108e-22)
(0.0018337577 0.0016311022 7.8935718e-24)
(0.0021464034 0.0018402298 1.9276331e-22)
(0.0025013653 0.0020572317 1.8688891e-22)
(0.0029015938 0.0022778627 -1.2214718e-23)
(0.0033494909 0.0024972112 -1.3266851e-23)
(0.0038466709 0.0027099333 -5.3361912e-22)
(0.004393682 0.0029105013 2.8465547e-23)
(0.0049896955 0.0030934046 3.2628311e-22)
(0.0056321735 0.0032532483 -9.9898263e-24)
(0.0063165452 0.0033847134 1.2765137e-21)
(0.0070359123 0.0034823948 0)
(0.0077802099 0.0035410297 3.7864244e-22)
(0.0085389805 0.0035546287 -3.7022319e-22)
(0.0092979628 0.0035192849 0)
(0.010040242 0.0034273294 -1.2175276e-22)
(0.010747036 0.0032786162 -9.7716146e-22)
(0.011405146 0.0030742733 0)
(0.012000985 0.0028200244 4.1982139e-21)
(3.5289224e-06 4.7564311e-06 3.1048808e-24)
(1.1275162e-05 1.5172682e-05 -1.2302459e-27)
(2.0555361e-05 2.7610004e-05 -6.4500093e-24)
(3.1671407e-05 4.2447104e-05 7.7171376e-24)
(4.4982416e-05 6.0128871e-05 9.1889264e-24)
(6.0916679e-05 8.1174403e-05 -1.1005825e-23)
(7.9984078e-05 0.00010618614 0)
(0.00010279052 0.00013585856 -1.5514242e-23)
(0.0001300547 0.00017098543 1.8477603e-23)
(0.00016262723 0.00021246452 2.1891677e-23)
(0.0002015123 0.00026129789 -2.5743484e-23)
(0.00024789161 0.0003185856 -2.2203019e-25)
(0.00030315063 0.00038550974 0)
(0.00036890641 0.00046330528 0)
(0.00044703623 0.00055321392 4.8087159e-23)
(0.0005397054 0.000656417 -5.6388221e-23)
(0.00064939213 0.00077394469 6.1372575e-23)
(0.00077890621 0.00090656059 -7.326349e-23)
(0.00093139717 0.0010546248 -5.3558582e-24)
(0.0011103464 0.001217944 -1.0431025e-23)
(0.0013195359 0.0013956232 1.2813572e-23)
(0.0015629862 0.001585942 -2.72945e-23)
(0.0018448538 0.0017862806 0)
(0.0021692809 0.0019931223 5.819489e-23)
(0.0025401893 0.0022021462 0)
(0.0029610186 0.0024084111 0)
(0.0034344095 0.002606601 2.1724299e-22)
(0.0039618449 0.0027912831 3.7096402e-22)
(0.0045432662 0.0029571177 -3.7345347e-22)
(0.0051766898 0.0030989639 3.4094376e-22)
(0.0058578565 0.003211858 6.8964879e-23)
(0.0065799272 0.0032909017 0)
(0.0073330477 0.0033313873 0)
(0.0081058572 0.0033290818 0)
(0.0088838467 0.0032789989 8.0111988e-22)
(0.0096494516 0.0031761842 1.7716773e-21)
(0.010384758 0.0030210404 -2.187183e-21)
(0.01107416 0.0028161072 8.4928791e-22)
(0.011703551 0.0025680637 -3.7430908e-21)
(2.6764059e-06 4.4629629e-06 3.4791921e-24)
(8.5566291e-06 1.4235891e-05 -1.2113044e-23)
(1.5610375e-05 2.5904027e-05 7.2478441e-24)
(2.4072758e-05 3.9822018e-05 0)
(3.4224669e-05 5.6406332e-05 0)
(4.6403613e-05 7.6142601e-05 1.1368996e-26)
(6.1014769e-05 9.9594016e-05 0)
(7.8544275e-05 0.00012740922 0)
(9.9575254e-05 0.00016032875 0)
(0.00012480692 0.000199189 -2.4421366e-23)
(0.00015507715 0.0002449218 2.8967525e-23)
(0.00019138906 0.00029854768 -2.7895863e-25)
(0.00023494182 0.00036115977 3.9795457e-23)
(0.00028716602 0.0004338951 -4.7035013e-23)
(0.00034976339 0.00051788961 8.8708079e-25)
(0.00042474989 0.00061421326 0)
(0.00051450053 0.0007237828 0)
(0.0006217924 0.00084725148 7.9920985e-23)
(0.00074984056 0.00098487894 -8.6489206e-23)
(0.00090231891 0.0011363898 0)
(0.001083355 0.0013008356 -2.6953498e-23)
(0.0012974858 0.0014764813 -2.8107915e-24)
(0.0015495587 0.0016607421 0)
(0.0018445652 0.0018501936 5.9395609e-24)
(0.0021873965 0.0020406703 -6.4047343e-23)
(0.0025825199 0.0022274504 0)
(0.0030335866 0.0024054982 -2.173142e-22)
(0.0035429915 0.0025697179 4.133012e-22)
(0.0041114194 0.0027151591 -6.2286549e-22)
(0.0047374123 0.0028371262 -3.4120941e-22)
(0.0054169963 0.0029311741 -2.4711267e-22)
(0.0061433925 0.0029930314 3.0376767e-22)
(0.0069067831 0.0030186436 -1.053666e-21)
(0.0076950103 0.0030043992 0)
(0.0084932564 0.002946408 -1.4637414e-21)
(0.0092837363 0.0028413825 1.3905829e-21)
(0.010048054 0.0026898228 2.1957846e-21)
(0.010769096 0.0024950876 -2.9951571e-21)
(0.011431829 0.0022642193 -6.9003012e-22)
(1.8795394e-06 3.9709383e-06 -1.9050597e-24)
(6.0158583e-06 1.2665874e-05 -6.6225238e-24)
(1.0988799e-05 2.3046334e-05 1.5844355e-23)
(1.6971413e-05 3.5427262e-05 -9.4773741e-24)
(2.417152e-05 5.0178571e-05 -5.7129318e-27)
(3.2841964e-05 6.7731349e-05 0)
(4.3290348e-05 8.8585238e-05 0)
(5.5891267e-05 0.00011331528 0)
(7.1101705e-05 0.00014257741 -2.2576617e-23)
(8.948015e-05 0.0001771116 7.9163989e-26)
(0.00011171019 0.00021774108 3.1807155e-23)
(0.00013862953 0.00026536573 3.7410267e-23)
(0.00017126534 0.00032094695 -8.7527836e-23)
(0.00021087679 0.00038548121 5.1434689e-23)
(0.00025900529 0.00045995881 -8.8708291e-25)
(0.00031753218 0.00054530486 0)
(0.00038874227 0.00064230016 7.729415e-23)
(0.00047538989 0.00075148175 -8.6689358e-23)
(0.00058076081 0.00087302601 0)
(0.00070871975 0.0010066224 -9.3002961e-23)
(0.0008637293 0.0011513512 1.3465375e-22)
(0.0010508214 0.0013055849 -2.3950192e-24)
(0.0012755013 0.0014669355 -1.2792358e-22)
(0.0015435645 0.0016322702 7.3853785e-23)
(0.0018608152 0.0017978065 6.4061008e-23)
(0.0022326838 0.0019592851 -2.5246719e-22)
(0.002663763 0.0021121948 1.3135337e-22)
(0.0031572925 0.0022520059 2.4192759e-22)
(0.0037146395 0.0023743604 2.0688437e-22)
(0.0043348215 0.0024751762 -4.048812e-22)
(0.0050141167 0.002550654 -3.1106209e-22)
(0.005745789 0.0025972229 0)
(0.0065199444 0.0026115396 1.0558472e-21)
(0.0073238891 0.0025906137 8.2589773e-20)
(0.0081422308 0.002531573 1.7392362e-19)
(0.0089568858 0.0024323667 -2.1173252e-21)
(0.0097488407 0.0022937203 0)
(0.010499766 0.0021191805 1.053229e-21)
(0.011193607 0.0019154735 9.9204146e-22)
(1.1815252e-06 3.2984077e-06 -2.0419963e-24)
(3.7907407e-06 1.0520244e-05 8.8968652e-28)
(6.9412953e-06 1.9141763e-05 2.0036802e-27)
(1.0752429e-05 2.9424004e-05 2.3933378e-27)
(1.5367883e-05 4.1673874e-05 6.0496603e-24)
(2.0966481e-05 5.6248794e-05 -7.2209928e-24)
(2.7770564e-05 7.3562836e-05 8.5676533e-24)
(3.6057309e-05 9.409229e-05 -1.024262e-23)
(4.6173603e-05 0.00011838008 -2.4299777e-26)
(5.855522e-05 0.00014703815 -1.431692e-23)
(7.3751366e-05 0.0001807465 1.3662466e-25)
(9.2455917e-05 0.00022024737 1.9123998e-25)
(0.00011554681 0.00026633213 2.3570413e-23)
(0.00014413501 0.00031981873 -2.7175752e-23)
(0.00017962406 0.00038151673 6.3509215e-23)
(0.00022378068 0.0004521774 -3.6940585e-23)
(0.00027881497 0.00053242712 0)
(0.00034746662 0.00062268391 -5.8900402e-24)
(0.00043308966 0.00072305967 -1.0418741e-22)
(0.00053972346 0.00083325501 2.1157705e-22)
(0.00067213221 0.00095245811 -1.289051e-22)
(0.00083579017 0.0010792641 -9.8963286e-23)
(0.001036787 0.0012116342 1.7990681e-22)
(0.0012816299 0.0013469119 -1.3915679e-22)
(0.0015769272 0.0014819078 7.4668184e-23)
(0.0019289553 0.0016130481 0)
(0.0023431296 0.0017365674 1.2907545e-22)
(0.0028234243 0.0018487079 -4.8260419e-22)
(0.0033717952 0.0019458815 2.4226235e-22)
(0.0039876653 0.0020247614 -2.0983956e-22)
(0.00466752 0.0020822925 4.1827703e-22)
(0.0054046429 0.0021156527 -6.598888e-22)
(0.0061890135 0.0021222379 3.5451986e-22)
(0.0070075283 0.002099738 -1.6085376e-19)
(0.0078442453 0.002046125 -9.8476288e-20)
(0.0086806717 0.0019601937 1.5051945e-21)
(0.0094971642 0.0018428071 6.3307144e-22)
(0.010274386 0.0016972407 -6.1640701e-22)
(0.010995339 0.0015293277 1.0806507e-21)
(6.2075561e-07 2.4731732e-06 4.2686806e-23)
(2.0032065e-06 7.887915e-06 -8.6846049e-23)
(3.6897357e-06 1.4352002e-05 4.4699011e-24)
(5.7564429e-06 2.2060846e-05 5.3285756e-24)
(8.2955801e-06 3.1244395e-05 -1.2730752e-23)
(1.1426551e-05 4.217031e-05 7.5909691e-24)
(1.5303291e-05 5.5148555e-05 8.6086766e-27)
(2.0124884e-05 7.053552e-05 0)
(2.6150063e-05 8.8737226e-05 2.429978e-26)
(3.3716446e-05 0.000110211 -2.9993036e-26)
(4.3265829e-05 0.00013546466 0)
(5.5377256e-05 0.00016505186 2.0824341e-23)
(7.0809739e-05 0.00019956208 -2.478097e-23)
(9.0556424e-05 0.00023960332 0)
(0.00011591179 0.00028577552 0)
(0.00014855259 0.0003386327 0)
(0.00019063155 0.0003986325 0)
(0.00024487983 0.00046607316 3.0309851e-24)
(0.00031471013 0.00054101984 -3.5271293e-24)
(0.00040430645 0.00062322557 6.7612822e-23)
(0.0005186801 0.00071205567 -2.6612772e-24)
(0.00066366564 0.00080642804 -9.0173938e-23)
(0.00084582706 0.00090478383 -3.5909472e-23)
(0.0010722473 0.001005102 0)
(0.0013501839 0.0011049651 1.804812e-22)
(0.0016865937 0.0012016744 -1.5211229e-22)
(0.0020875527 0.0012923972 -7.107233e-23)
(0.0025576215 0.0013743189 0)
(0.0030992234 0.0014447673 0)
(0.0037120996 0.0015012837 2.1466654e-22)
(0.0043928926 0.0015416328 -3.8529702e-22)
(0.0051348891 0.0015637763 8.0293555e-24)
(0.005927938 0.0015658574 -2.7502028e-22)
(0.0067586171 0.0015462522 -2.1210172e-21)
(0.0076105341 0.0015036306 4.6810908e-22)
(0.0084647855 0.0014373399 0)
(0.0093011703 0.0013481893 -6.6532064e-22)
(0.010099552 0.0012388088 1.30131e-21)
(0.010842161 0.0011136877 -1.4671179e-21)
(2.2896414e-07 1.5354659e-06 3.1377212e-23)
(7.5437266e-07 4.8970107e-06 -4.5893754e-23)
(1.4180726e-06 8.9096359e-06 -5.6821478e-28)
(2.2660552e-06 1.3693989e-05 -6.4501729e-28)
(3.3545541e-06 1.9391929e-05 -3.2841245e-24)
(4.7614093e-06 2.616818e-05 3.9313961e-24)
(6.5926892e-06 3.4213085e-05 4.6012112e-27)
(8.9928376e-06 4.3745311e-05 0)
(1.2159e-05 5.5014832e-05 -1.2978778e-26)
(1.6360334e-05 6.8306237e-05 2.9993044e-26)
(2.1963777e-05 8.3936028e-05 0)
(2.9468321e-05 0.00010224653 8.3423196e-26)
(3.9550057e-05 0.00012360145 1.2755146e-23)
(5.3120162e-05 0.00014837551 -2.0212194e-25)
(7.1397424e-05 0.00017693782 -1.7378111e-23)
(9.5996517e-05 0.00020962811 -6.2567873e-25)
(0.00012903114 0.00024672529 -4.7038281e-20)
(0.00017322797 0.00028840814 5.2251735e-20)
(0.00023204263 0.00033470948 2.9108092e-23)
(0.0003097626 0.00038546713 -1.2642388e-22)
(0.00041157469 0.00044027721 7.421032e-23)
(0.00054356833 0.00049845747 -5.332647e-23)
(0.0007126421 0.00055902978 -5.6032749e-24)
(0.00092628406 0.00062073 -1.4975025e-23)
(0.0011922077 0.00068205005 6.2635908e-23)
(0.0015178465 0.00074131029 7.8519798e-23)
(0.0019097377 0.0007967521 7.1118396e-23)
(0.0023728506 0.00084663332 0)
(0.0029099326 0.00088930619 -6.2949562e-23)
(0.0035209433 0.00092326202 2.1739261e-22)
(0.0042026304 0.00094713879 8.1763048e-23)
(0.0049482758 0.000959705 -1.922674e-22)
(0.0057476245 0.0009598498 0)
(0.006587031 0.00094661367 8.1754433e-22)
(0.0074497851 0.00091924862 9.5986581e-22)
(0.0083166599 0.00087744785 -1.9913676e-22)
(0.00916704 0.00082178171 0)
(0.0099802279 0.00075394809 -1.8621595e-21)
(0.010737913 0.00067676905 0)
(2.5197182e-08 5.2313249e-07 -5.6395354e-25)
(1.1039303e-07 1.6674451e-06 9.8230093e-25)
(2.4685076e-07 3.031226e-06 1.1734531e-24)
(4.6677094e-07 4.6538317e-06 -1.404664e-24)
(8.0777645e-07 6.582109e-06 1.6720433e-24)
(1.326604e-06 8.8705386e-06 -1.9996701e-24)
(2.1052416e-06 1.1582972e-05 2.3671821e-24)
(3.2622331e-06 1.4795041e-05 -2.8326184e-24)
(4.9589884e-06 1.8598647e-05 1.297878e-26)
(7.4248637e-06 2.3097401e-05 0)
(1.0998446e-05 2.839376e-05 -4.6647638e-24)
(1.6137996e-05 3.459736e-05 5.5413877e-24)
(2.3469782e-05 4.1831271e-05 -6.5304635e-24)
(3.3864974e-05 5.0221758e-05 1.0292399e-25)
(4.8504466e-05 5.989314e-05 8.8299459e-24)
(6.8971217e-05 7.0959707e-05 6.256829e-25)
(9.7359089e-05 8.3514996e-05 -4.6453475e-20)
(0.00013639289 9.7618468e-05 5.6089915e-20)
(0.0001895509 0.00011327999 1.6159504e-23)
(0.00026117449 0.0001304432 -1.6337126e-23)
(0.00035654153 0.00014896972 -4.3126638e-24)
(0.00048187336 0.00016862669 1.8096079e-23)
(0.00064424149 0.00018908097 -1.0255213e-23)
(0.00085134308 0.00020990255 1.9531566e-23)
(0.0011111266 0.00023057902 -1.0888469e-19)
(0.0014312712 0.00025054028 1.1390782e-19)
(0.001818551 0.00026919011 3.8303026e-23)
(0.0022781453 0.00028593875 -3.3120909e-23)
(0.0028129673 0.00030022944 9.6421013e-23)
(0.0034230878 0.00031155368 5.5279048e-23)
(0.0041053068 0.00031945399 -5.8690077e-23)
(0.0048529017 0.00032351852 -1.8585326e-22)
(0.0056555607 0.00032337768 1.6408278e-22)
(0.0064995225 0.00031871451 -7.6094878e-23)
(0.0073679121 0.00030928826 -4.9383263e-22)
(0.0082413264 0.00029501094 3.261487e-22)
(0.0090989294 0.00027608758 1.0003965e-22)
(0.0099197337 0.0002531044 4.8432496e-22)
(0.010685149 0.00022702322 1.4840285e-22)
(0.0064121379 -7.0471963e-05 -1.4265816e-22)
(0.0068627784 -6.6687233e-05 1.4738303e-23)
(0.0072912404 -6.0580212e-05 0)
(0.0076696572 -5.6048166e-05 -8.2300593e-23)
(0.0080259612 -5.1746205e-05 0)
(0.0083518136 -4.7938135e-05 0)
(0.0086564716 -4.4496631e-05 0)
(0.0089403944 -4.1353901e-05 -1.2220074e-22)
(0.0092069191 -3.8462432e-05 1.0988958e-22)
(0.0094575071 -3.5777157e-05 -7.6074253e-23)
(0.009694403 -3.3254564e-05 0)
(0.0099177663 -3.0871575e-05 5.8085034e-23)
(0.010131394 -2.86231e-05 0)
(0.010331018 -2.6329363e-05 0)
(0.01052636 -2.4685661e-05 0)
(0.0064516648 -0.00021254418 1.3048132e-22)
(0.0068977176 -0.00020133153 0)
(0.0073239027 -0.00018284492 4.5522634e-23)
(0.0077002048 -0.00016912446 -1.4538926e-24)
(0.0080550494 -0.00015611455 3.9588341e-23)
(0.0083798439 -0.00014457433 0)
(0.0086836966 -0.00013415689 0)
(0.00896703 -0.00012464012 1.0032974e-22)
(0.0092330807 -0.0001158913 -8.8028336e-23)
(0.0094832624 -0.00010776926 -1.1374066e-22)
(0.0097197721 -0.00010014968 6.7819379e-23)
(0.0099427081 -9.2951615e-05 -9.0121955e-23)
(0.010155893 -8.6177374e-05 1.012807e-22)
(0.010354844 -7.9262564e-05 -8.3908263e-23)
(0.010549753 -7.4321337e-05 -5.0258959e-24)
(0.0065353154 -0.00035490795 0)
(0.0069738235 -0.00033673736 0)
(0.0073965579 -0.00030588326 3.9969969e-22)
(0.007769174 -0.00028307965 -8.112265e-23)
(0.0081213589 -0.0002613378 8.0922284e-23)
(0.0084439684 -0.00024204705 2.6548806e-22)
(0.0087459618 -0.00022459635 2.8879495e-22)
(0.009027691 -0.00020864469 -6.2249429e-24)
(0.0092922472 -0.0001939683 -5.3862707e-24)
(0.0095409712 -0.00018033851 4.6715885e-22)
(0.0097759845 -0.00016755445 5.3156636e-19)
(0.0099972913 -0.00015547589 4.7826551e-19)
(0.010208769 -0.00014412278 1.1223025e-18)
(0.010405529 -0.00013253584 -1.3771933e-18)
(0.010598741 -0.00012424527 -1.4941225e-22)
(0.0066659579 -0.00049445256 0)
(0.0070938831 -0.00047008978 5.5313555e-22)
(0.0075119396 -0.00042710278 -1.0764858e-22)
(0.0078792269 -0.0003954834 0)
(0.0082274681 -0.00036515723 -6.1863795e-22)
(0.0085466787 -0.00033824015 -3.3460054e-22)
(0.0088456691 -0.00031383951 -2.3073232e-22)
(0.0091246847 -0.00029152259 4.7255799e-22)
(0.0093866281 -0.00027097486 3.6526268e-22)
(0.0096327405 -0.0002518893 -3.5784752e-22)
(0.0098650425 -0.00023399478 -5.1824056e-19)
(0.010083409 -0.00021709252 -5.0797173e-19)
(0.010291806 -0.00020122537 3.8324034e-19)
(0.010484741 -0.00018504843 3.0882085e-19)
(0.010674887 -0.00017345185 1.5186616e-22)
(0.0068458556 -0.00062756814 -1.2749768e-22)
(0.0072601187 -0.00059814713 -3.2663478e-22)
(0.0076722145 -0.00054353342 -4.1539248e-22)
(0.0080324728 -0.00050358503 -6.243883e-22)
(0.0083754002 -0.00046503416 -8.1214484e-24)
(0.0086899159 -0.00043079496 -6.2257511e-22)
(0.008984674 -0.00039969858 4.823844e-22)
(0.0092597782 -0.00037124237 -8.4650774e-22)
(0.0095179011 -0.00034502779 -3.7109781e-22)
(0.0097601571 -0.0003206805 3.2374783e-22)
(0.0099884426 -0.00029786696 3.3453028e-23)
(0.010202467 -0.00027633559 -2.7947279e-22)
(0.010406326 -0.00025614825 -1.6210366e-18)
(0.010593719 -0.00023561135 1.1799898e-18)
(0.010779354 -0.00022084495 0)
(0.0070764911 -0.00075024573 0)
(0.0074740074 -0.00071734537 9.0670466e-22)
(0.0078788135 -0.000651905 6.4483733e-22)
(0.0082303009 -0.00060436957 1.6322835e-21)
(0.008566458 -0.00055819042 1.5240677e-22)
(0.0088749093 -0.00051714131 -1.4727098e-22)
(0.0091641288 -0.00047979625 1.1384942e-22)
(0.0094340466 -0.00044560321 3.1456427e-22)
(0.0096870653 -0.00041409187 -8.8687742e-23)
(0.009924146 -0.00038483441 -2.4085245e-22)
(0.010147041 -0.00035744436 0)
(0.010355262 -0.00033162821 2.9291249e-23)
(0.010553068 -0.00030745468 -5.627671e-23)
(0.010733166 -0.00028294352 3.568067e-23)
(0.010912807 -0.00026524607 2.9338187e-22)
(0.0073583844 -0.00085815062 0)
(0.0077360883 -0.0008238764 -1.1409882e-21)
(0.0081322685 -0.00074872073 -6.3163639e-22)
(0.008473208 -0.00069461511 -4.1339849e-24)
(0.0088010558 -0.00064166602 4.927384e-22)
(0.0091020123 -0.00059455158 -8.0331047e-19)
(0.0093843245 -0.00055161746 -6.5616725e-19)
(0.0096477198 -0.00051228372 -1.1523286e-22)
(0.0098942941 -0.00047602612 1.2988991e-18)
(0.01012483 -0.00044238052 -2.7766476e-18)
(0.01034092 -0.00041091882 -6.8038304e-23)
(0.010541849 -0.00038132113 6.6643856e-23)
(0.010732071 -0.00035364453 -4.3063624e-22)
(0.01090314 -0.00032570504 3.7940632e-22)
(0.011075307 -0.00030542613 -3.076391e-22)
(0.0076909135 -0.00094670084 -2.6520848e-22)
(0.0080457536 -0.00091377479 4.444666e-23)
(0.0084320698 -0.00083036141 2.2149807e-22)
(0.0087606341 -0.00077098193 -7.3084035e-22)
(0.0090785592 -0.00071241059 1.1353642e-21)
(0.0093705499 -0.00066023011 6.9361187e-19)
(0.009644544 -0.00061259544 7.7958927e-19)
(0.0099000428 -0.00056892395 0)
(0.010138801 -0.00052866154 2.9812716e-18)
(0.010361404 -0.00049132851 -1.4227066e-18)
(0.010569267 -0.00045646871 0)
(0.010761431 -0.00042375545 -5.0085042e-22)
(0.010942572 -0.00039321135 -2.5771432e-23)
(0.011102953 -0.00036254817 -7.3950176e-22)
(0.011266224 -0.0003401507 0)
(0.00807216 -0.001011163 -2.9764837e-22)
(0.0084009968 -0.00098282777 -6.7405048e-22)
(0.0087765583 -0.00089322019 -2.1101069e-23)
(0.0090908146 -0.00083013483 1.2520946e-21)
(0.0093971475 -0.00076740789 -1.2988161e-21)
(0.0096786904 -0.00071143408 1.1344457e-21)
(0.0099429428 -0.00066022666 -2.3441927e-22)
(0.010189162 -0.00061323384 -6.3278553e-22)
(0.010418735 -0.00056990256 9.4139181e-22)
(0.01063203 -0.00052976254 4.8321874e-22)
(0.010830281 -0.00049234574 -1.1476546e-21)
(0.011012272 -0.00045734163 1.5057714e-21)
(0.011182914 -0.00042471332 8.559926e-22)
(0.011331094 -0.00039217981 3.8459061e-22)
(0.011484162 -0.00036823524 0)
(0.008498857 -0.0010469722 -1.2323092e-21)
(0.0088013077 -0.001027075 9.0100316e-22)
(0.0091628914 -0.00093393529 0)
(0.0094606537 -0.00086889529 -1.4606088e-21)
(0.0097537156 -0.00080382656 0)
(0.010023359 -0.00074561552 -2.6647715e-22)
(0.01027647 -0.00069220399 3.0191474e-23)
(0.010512055 -0.00064311745 1.1003241e-21)
(0.010731111 -0.0005978426 1.5051569e-21)
(0.01093378 -0.000555948 -1.8215399e-21)
(0.011121114 -0.00051697278 1.0007922e-21)
(0.011291637 -0.00048064826 -2.0035606e-21)
(0.011450505 -0.00044685279 -9.1283641e-22)
(0.011585183 -0.00041343151 5.0158268e-23)
(0.011726907 -0.00038860725 5.894082e-22)
(0.0089675048 -0.0010506405 3.6928367e-21)
(0.0092446668 -0.0010417272 -6.9941519e-22)
(0.0095853266 -0.00094832906 3.6650135e-23)
(0.0098656245 -0.00088439758 2.1690415e-21)
(0.010143842 -0.00081919898 9.3181047e-22)
(0.010400207 -0.00076057767 0)
(0.010640847 -0.00070656095 -9.7552779e-22)
(0.010864512 -0.00065680652 0)
(0.0110718 -0.00061088718 -1.5100561e-21)
(0.011262627 -0.00056844454 1.3184572e-21)
(0.011437866 -0.00052904706 0)
(0.011595795 -0.00049249555 1.2075327e-23)
(0.011741805 -0.00045856014 -8.4421586e-22)
(0.011861957 -0.00042533363 -7.5903389e-22)
(0.01199142 -0.00040037266 -1.1723145e-21)
(0.0094698287 -0.0010190521 -5.3110466e-22)
(0.0097186756 -0.0010244058 5.2996548e-22)
(0.010038071 -0.00093359217 1.6693334e-21)
(0.010299852 -0.0008743668 -1.4342392e-21)
(0.010561831 -0.00081157953 2.7988968e-22)
(0.010803659 -0.00075463152 5.4061064e-22)
(0.011030615 -0.0007018168 2.9320629e-21)
(0.01124119 -0.00065299352 4.2739862e-22)
(0.011435586 -0.00060787577 -1.9802068e-22)
(0.011613501 -0.00056621739 0)
(0.011775642 -0.00052764146 -1.1183595e-21)
(0.011920064 -0.00049204705 1.9668361e-21)
(0.012052378 -0.00045907597 -3.7709709e-23)
(0.012157311 -0.00042718847 5.8871519e-23)
(0.012273866 -0.00040288164 5.8190431e-22)
(0.0099963208 -0.00094925018 -1.5037928e-23)
(0.010213138 -0.00097484451 4.138461e-22)
(0.010514028 -0.00088906148 -2.4639795e-21)
(0.010756133 -0.00083736575 -1.984881e-20)
(0.011000783 -0.00077972616 1.5421769e-18)
(0.011227028 -0.00072674695 6.4167756e-19)
(0.011439264 -0.00067711044 -8.3006677e-19)
(0.011635744 -0.0006309523 -6.0389889e-19)
(0.011816294 -0.00058819094 0)
(0.011980415 -0.0005487363 -1.5062408e-22)
(0.012128671 -0.0005122941 1.2657519e-21)
(0.012258932 -0.00047889071 -8.6270439e-22)
(0.012376998 -0.00044802414 -5.2273429e-19)
(0.012466393 -0.00041863569 -4.8219193e-19)
(0.012569694 -0.00039578833 -5.5372097e-22)
(0.010538768 -0.00083895071 -4.3601721e-21)
(0.010723727 -0.00089028321 -2.0812595e-21)
(0.011004225 -0.00081403623 -1.5950054e-21)
(0.011226291 -0.00077286369 -6.0473957e-19)
(0.011452841 -0.00072325792 -6.3394566e-19)
(0.011662733 -0.00067667857 -9.1739529e-19)
(0.011859444 -0.00063230758 6.3191588e-19)
(0.012041036 -0.00059063231 7.9254673e-19)
(0.012206999 -0.00055184223 -1.4155171e-21)
(0.01235667 -0.00051605065 0)
(0.012490503 -0.00048307604 0)
(0.012606238 -0.00045310012 0)
(0.012709816 -0.00042546718 4.9199901e-19)
(0.012783755 -0.00039970292 5.1319925e-19)
(0.012873772 -0.00037909821 -5.2275306e-22)
(0.01108651 -0.00068779541 1.4099075e-18)
(0.011241267 -0.00076936529 4.7774319e-19)
(0.011499618 -0.00070862247 1.6067733e-21)
(0.011701544 -0.00068127488 3.6224481e-22)
(0.011909519 -0.00064271575 -2.3873185e-21)
(0.012102601 -0.00060503827 2.0468552e-21)
(0.012283261 -0.00056806481 1.3666766e-21)
(0.012449424 -0.00053271281 4.8399343e-23)
(0.012600301 -0.00049951246 1.7788387e-21)
(0.012735121 -0.00046882976 0)
(0.012854268 -0.00044062693 1.2545972e-22)
(0.012955415 -0.00041526683 1.7085745e-21)
(0.013044588 -0.00039193623 -1.564539e-21)
(0.013103551 -0.0003708344 -1.4261322e-21)
(0.013180569 -0.00035319644 1.0765373e-21)
(0.011627955 -0.00049725529 -7.9452294e-19)
(0.011754977 -0.00061325699 -1.072461e-18)
(0.011990475 -0.00057393597 2.9570296e-21)
(0.012172707 -0.0005639811 -2.2187134e-21)
(0.01236205 -0.00053957859 1.9441678e-21)
(0.012538223 -0.00051331029 -2.5012939e-21)
(0.012702626 -0.00048583887 -3.0462117e-21)
(0.0128531 -0.00045860616 -3.6456356e-22)
(0.012988662 -0.00043255693 6.7910173e-22)
(0.013108501 -0.00040835973 -3.146638e-22)
(0.013212981 -0.00038615105 6.0317474e-19)
(0.013299784 -0.00036649681 4.8785613e-19)
(0.013374952 -0.00034842896 1.464062e-21)
(0.013419792 -0.00033289176 1.5124688e-21)
(0.013484381 -0.00031885181 -1.0090356e-21)
(0.012151051 -0.00027035165 1.7808989e-21)
(0.012253884 -0.00042416841 -1.8927034e-21)
(0.012466875 -0.00041238747 -3.6013293e-21)
(0.012630601 -0.00042338951 5.2337579e-21)
(0.012801782 -0.00041623405 -2.7351359e-21)
(0.012961364 -0.00040380484 -1.3806667e-21)
(0.01310965 -0.00038783508 1.7151021e-21)
(0.013244475 -0.00037040453 3.5093299e-22)
(0.013364768 -0.00035295047 -3.4675898e-22)
(0.01346977 -0.00033649243 1.9722552e-21)
(0.013559882 -0.0003213695 -5.1583604e-19)
(0.013632873 -0.000308367 -5.6827743e-19)
(0.013694724 -0.0002963717 -1.3647323e-21)
(0.013726622 -0.00028712331 -3.7293755e-23)
(0.01377959 -0.00027719249 2.0138141e-21)
(0.012643795 -1.1808891e-05 -4.2293774e-22)
(0.012727351 -0.00020564085 2.7441251e-21)
(0.012919264 -0.00022752858 9.6221853e-22)
(0.013066508 -0.00026286116 -4.734297e-21)
(0.013220611 -0.00027587728 -5.9561864e-23)
(0.013364364 -0.00027954448 1.3765305e-21)
(0.013497033 -0.00027689319 0)
(0.01361655 -0.00027076953 -3.1264242e-21)
(0.013721897 -0.00026318264 3.3195668e-22)
(0.013812469 -0.00025554733 -2.4715386e-21)
(0.013888771 -0.00024842933 2.4114488e-21)
(0.013948743 -0.00024284256 -1.2430893e-22)
(0.013998205 -0.00023754596 3.5959251e-23)
(0.014018598 -0.00023510146 -8.5151575e-23)
(0.014060929 -0.00022965233 -9.6681555e-22)
(0.013094737 0.00027198199 -4.0586773e-21)
(0.013165532 3.7587103e-05 3.9495085e-22)
(0.01333894 -2.3788361e-05 -2.4480104e-21)
(0.013472602 -8.6511851e-05 2.2400066e-21)
(0.013611383 -0.00012231948 0)
(0.013740526 -0.00014407879 0)
(0.013858429 -0.00015631274 0)
(0.013963268 -0.00016276949 2.7456833e-21)
(0.014054246 -0.00016610695 0)
(0.01413104 -0.00016817187 0)
(0.014194322 -0.00016977498 0)
(0.01424228 -0.00017215971 5.2237119e-19)
(0.014280468 -0.00017398344 4.2841441e-19)
(0.014290963 -0.00017863157 1.1987741e-21)
(0.014323739 -0.00017789011 9.2754529e-22)
(0.013493622 0.00057288095 3.8904368e-21)
(0.013559905 0.00029963928 0)
(0.013718489 0.00019378833 1.8400541e-21)
(0.013842322 0.00010102441 5.4786177e-22)
(0.013968226 4.0237615e-05 4.3533795e-22)
(0.014084419 -1.2681476e-06 -3.6223945e-21)
(0.014188734 -2.9649007e-05 0)
(0.014279782 -4.9688805e-05 2.4902494e-21)
(0.014357199 -6.4763153e-05 0)
(0.014421081 -7.7176356e-05 1.9247793e-21)
(0.014472328 -8.7995366e-05 1.6848419e-21)
(0.01450944 -9.8685084e-05 -4.5376556e-19)
(0.014537587 -0.00010783894 -4.8263607e-19)
(0.014539869 -0.00011963955 1.2647923e-21)
(0.01456419 -0.00012368775 -9.5050911e-22)
(0.013832228 0.00088061702 3.1662937e-22)
(0.013904291 0.00057295096 -6.3486232e-23)
(0.014052529 0.00041934273 -2.6029398e-22)
(0.014170876 0.00029455138 0)
(0.014286934 0.00020725004 0)
(0.014392181 0.00014482516 2.7508309e-21)
(0.014484328 9.9427316e-05 -2.2723319e-21)
(0.014562669 6.5125926e-05 1.729814e-22)
(0.014627516 3.7779825e-05 -2.7980805e-22)
(0.014679527 1.4621235e-05 -1.6701819e-21)
(0.014719875 -5.6736888e-06 -1.8719255e-21)
(0.014747413 -2.477299e-05 0)
(0.014766803 -4.1258104e-05 0)
(0.014762539 -6.0050358e-05 -4.5235355e-21)
(0.014779443 -6.8839776e-05 1.622282e-21)
(0.014103101 0.0011846475 2.7471958e-22)
(0.014195255 0.0008485571 -5.1358515e-22)
(0.014338461 0.00064630609 -2.1672881e-22)
(0.014455766 0.0004884535 8.6873846e-22)
(0.014565304 0.0003739924 2.6095101e-21)
(0.014661743 0.00029011013 -3.328169e-22)
(0.014743235 0.000227299 2.5974169e-21)
(0.014810054 0.00017842488 -1.9754625e-21)
(0.01486344 0.00013857396 4.7424085e-19)
(0.014904743 0.00010453849 3.2885045e-19)
(0.014935423 7.4750387e-05 0)
(0.014954701 4.7365731e-05 1.5703867e-22)
(0.014966594 2.3746253e-05 2.1035451e-21)
(0.014957348 -1.6713543e-06 2.2377405e-21)
(0.01496774 -1.5045862e-05 -1.6609157e-21)
(0.014295175 0.0014787888 1.3511246e-21)
(0.014426238 0.0011225422 -1.3784298e-21)
(0.014572934 0.0008726367 -2.7567411e-21)
(0.014694644 0.00068042595 3.678546e-22)
(0.014801791 0.0005380217 -3.2886643e-21)
(0.014892016 0.00043205901 0)
(0.014964635 0.00035142603 0)
(0.015021314 0.00028772835 0)
(0.015064515 0.00023525516 -3.3892047e-19)
(0.015096406 0.00019036233 -4.4349069e-19)
(0.015118735 0.00015123154 1.6678035e-22)
(0.015131065 0.00011585453 -1.6581193e-22)
(0.01513665 8.5448698e-05 -2.0894221e-21)
(0.01512382 5.3922439e-05 -1.2944209e-22)
(0.015128402 3.6219254e-05 0)
(0.014384629 0.0017800555 -1.6567188e-21)
(0.014571575 0.0014074363 1.5473839e-21)
(0.014739849 0.0011100942 2.9664786e-22)
(0.014877571 0.00087791973 3.4401893e-22)
(0.014990731 0.00070323156 -5.9429431e-19)
(0.015079976 0.00057219661 -3.0656347e-19)
(0.015147048 0.00047192254 -2.1171001e-21)
(0.015195902 0.00039239293 3.7515537e-21)
(0.015230792 0.00032680914 -3.2996043e-21)
(0.01525496 0.00027091733 0)
(0.015270477 0.00022253979 -2.5204432e-21)
(0.015277243 0.00017946566 1.3356713e-22)
(0.015277661 0.00014264231 -1.3146336e-22)
(0.015262521 0.00010553177 0)
(0.015261712 8.3900329e-05 1.2973849e-21)
(0.010714431 -2.1381627e-05 0)
(0.010898531 -1.9301608e-05 0)
(0.011092063 -1.7030274e-05 0)
(0.011280444 -1.4892967e-05 0)
(0.011470044 -1.3006751e-05 0)
(0.011656348 -1.127357e-05 0)
(0.01184017 -9.7381447e-06 0)
(0.012019754 -8.3800935e-06 0)
(0.01219576 -7.1764773e-06 0)
(0.01236559 -6.1441592e-06 0)
(0.012532824 -5.2000485e-06 0)
(0.012688837 -4.4810656e-06 0)
(0.01285137 -3.6086791e-06 0)
(0.012976264 -3.4637055e-06 0)
(0.013174804 -2.0552862e-06 0)
(0.010735872 -6.4467051e-05 0)
(0.010917046 -5.823862e-05 0)
(0.011108208 -5.140599e-05 0)
(0.0112944 -4.4974957e-05 0)
(0.011482049 -3.9292446e-05 0)
(0.011666642 -3.4068929e-05 0)
(0.01184896 -2.9437913e-05 0)
(0.012027235 -2.5339703e-05 0)
(0.012202107 -2.1705861e-05 0)
(0.012370961 -1.8587526e-05 0)
(0.012537354 -1.5734884e-05 0)
(0.012692656 -1.356131e-05 0)
(0.012854567 -1.0923731e-05 0)
(0.012978998 -1.0483857e-05 0)
(0.013176865 -6.2135863e-06 0)
(0.01078045 -0.00010787746 0)
(0.010955562 -9.7536909e-05 0)
(0.011141812 -8.6173344e-05 0)
(0.011323462 -7.5462313e-05 0)
(0.011507061 -6.5977704e-05 0)
(0.011688099 -5.7249949e-05 0)
(0.011867288 -4.950028e-05 0)
(0.012042842 -4.2634487e-05 0)
(0.012215351 -3.6540443e-05 0)
(0.012382172 -3.1305442e-05 0)
(0.012546811 -2.6513107e-05 0)
(0.012700631 -2.2858409e-05 0)
(0.012861243 -1.8420821e-05 0)
(0.012984705 -1.7677729e-05 0)
(0.013181175 -1.0473604e-05 0)
(0.010849607 -0.00015084375 0)
(0.011015388 -0.00013655357 0)
(0.011194054 -0.00012083275 0)
(0.011368687 -0.0001059622 0)
(0.011546017 -9.2757656e-05 0)
(0.011721542 -8.0582784e-05 1.3401206e-35)
(0.011895876 -6.9746874e-05 -1.1868607e-35)
(0.0120672 -6.0129554e-05 0)
(0.012236034 -5.1579023e-05 0)
(0.012399689 -4.4222361e-05 0)
(0.012561595 -3.7479034e-05 0)
(0.012713103 -3.2331094e-05 0)
(0.012871686 -2.6071077e-05 0)
(0.012993628 -2.5019564e-05 0)
(0.013187928 -1.4834012e-05 0)
(0.010944453 -0.00019251227 0)
(0.011097588 -0.00017456591 0)
(0.01126593 -0.00015481843 0)
(0.011430997 -0.00013602738 0)
(0.011599756 -0.00011928369 0)
(0.01176773 -0.00010379861 0)
(0.0119354 -8.9971715e-05 0)
(0.012100907 -7.7668425e-05 0)
(0.01226468 -6.6703629e-05 0)
(0.012423969 -5.7249868e-05 0)
(0.012582101 -4.8567092e-05 0)
(0.012730413 -4.1930583e-05 0)
(0.012886183 -3.3839841e-05 0)
(0.01300601 -3.247879e-05 0)
(0.013197326 -1.9278523e-05 0)
(0.011065679 -0.00023195294 0)
(0.011202914 -0.00021078563 0)
(0.011358192 -0.00018750518 0)
(0.011511131 -0.00016516119 0)
(0.011668985 -0.00014516584 0)
(0.011827323 -0.00012659485 0)
(0.011986467 -0.0001099416 0)
(0.012144515 -9.5072936e-05 0)
(0.012301783 -8.1779237e-05 0)
(0.01245545 -7.0286222e-05 0)
(0.012608713 -5.9701457e-05 0)
(0.012752896 -5.1600025e-05 0)
(0.012905021 -4.1686383e-05 0)
(0.013022094 -4.0019507e-05 0)
(0.013209573 -2.3766844e-05 0)
(0.011213467 -0.00026818238 0)
(0.011331727 -0.0002443769 0)
(0.011471291 -0.00021821988 0)
(0.011609602 -0.00019282497 0)
(0.01175424 -0.00016997733 0)
(0.011900857 -0.0001486377 0)
(0.012049594 -0.00012939741 0)
(0.012198509 -0.00011214377 0)
(0.012347792 -9.6653839e-05 0)
(0.012494538 -8.3216198e-05 0)
(0.012641796 -7.0795753e-05 0)
(0.012780876 -6.1274143e-05 0)
(0.012928476 -4.9563467e-05 0)
(0.013042116 -4.7601136e-05 0)
(0.013224904 -2.829165e-05 0)
(0.011387412 -0.00030019633 0)
(0.011483933 -0.00027448081 0)
(0.011605314 -0.00024625797 0)
(0.011726644 -0.00021844907 0)
(0.011855845 -0.00019326162 0)
(0.011988706 -0.00016956647 0)
(0.01212518 -0.00014805664 0)
(0.012263291 -0.00012866182 0)
(0.012403093 -0.00011115908 0)
(0.0125416 -9.5911294e-05 0)
(0.012681688 -8.1753008e-05 0)
(0.012814658 -7.0879002e-05 0)
(0.012956813 -5.741715e-05 0)
(0.013066316 -5.5181147e-05 0)
(0.013243573 -3.2848499e-05 0)
(0.011586453 -0.00032700962 0)
(0.011658917 -0.00030024602 0)
(0.011759929 -0.00027090468 0)
(0.011862161 -0.00024144759 0)
(0.011973869 -0.00021454228 0)
(0.012091055 -0.00018899996 0)
(0.01221348 -0.00016561737 0)
(0.012339154 -0.00014439057 0)
(0.012467998 -0.00012511158 0)
(0.012596946 -0.00010823039 0)
(0.012728686 -9.2465901e-05 0)
(0.012854522 -8.0331932e-05 0)
(0.012990279 -6.5186636e-05 0)
(0.013094921 -6.2712302e-05 0)
(0.013265807 -3.7389198e-05 0)
(0.011808819 -0.00034770241 0)
(0.01185549 -0.00032086482 0)
(0.01193434 -0.00029146118 0)
(0.012015687 -0.00026123676 0)
(0.01210809 -0.00023333571 0)
(0.012207859 -0.00020654491 0)
(0.012314576 -0.00018176379 0)
(0.012426264 -0.0001590795 0)
(0.012542722 -0.000138315 0)
(0.012660816 -0.00012002096 0)
(0.01278304 -0.00010281736 0)
(0.012900712 -8.9541667e-05 0)
(0.013029093 -7.2804211e-05 0)
(0.013128142 -7.0115985e-05 0)
(0.013291824 -4.1893255e-05 0)
(0.012052015 -0.00036147103 0)
(0.012071856 -0.00033561327 0)
(0.012127245 -0.00030727478 0)
(0.012186343 -0.00027725677 0)
(0.012257959 -0.00024916664 0)
(0.012338817 -0.00022180666 0)
(0.012428349 -0.00019617333 0)
(0.012524631 -0.00017246883 0)
(0.012627364 -0.00015056301 0)
(0.012733365 -0.00013112081 0)
(0.012844938 -0.00011268159 0)
(0.012953429 -9.8408826e-05 0)
(0.013073448 -8.0196749e-05 0)
(0.013166214 -7.7351334e-05 0)
(0.013321829 -4.6343794e-05 0)
(0.012312827 -0.00036768018 0)
(0.0123056 -0.00034389342 0)
(0.012336818 -0.00031777226 0)
(0.012372815 -0.00028899648 0)
(0.012422569 -0.00026158633 0)
(0.01248334 -0.00023440199 0)
(0.012554455 -0.00020852556 0)
(0.012634091 -0.00018429542 0)
(0.012721888 -0.00016164321 0)
(0.012814649 -0.00014136062 0)
(0.01291449 -0.00012192552 0)
(0.013012816 -0.00010682709 0)
(0.013123513 -8.7288618e-05 0)
(0.013209347 -8.4366978e-05 0)
(0.013356 -5.0643005e-05 0)
(0.012587376 -0.00036591282 0)
(0.01255371 -0.00034527482 0)
(0.01256071 -0.00032249455 0)
(0.012573337 -0.00029601992 0)
(0.012600638 -0.00027019265 0)
(0.012640532 -0.00024397375 0)
(0.012692301 -0.00021851258 0)
(0.012754284 -0.00019430003 0)
(0.012826108 -0.00017134193 0)
(0.012904605 -0.00015056712 0)
(0.012991723 -0.00013041078 0)
(0.013078954 -0.00011468472 0)
(0.013179416 -9.3994624e-05 0)
(0.013257679 -9.10972e-05 0)
(0.013394482 -5.4824588e-05 0)
(0.012871218 -0.00035601313 0)
(0.012812631 -0.0003395321 0)
(0.012796074 -0.0003211304 0)
(0.0127857 -0.00029799321 0)
(0.0127905 -0.00027465148 0)
(0.012809174 -0.00025020709 0)
(0.01284103 -0.00022585092 0)
(0.012884635 -0.00020223575 0)
(0.012939667 -0.0001794502 0)
(0.013003037 -0.00015856704 0)
(0.013076561 -0.00013799627 0)
(0.013151843 -0.00012186639 0)
(0.013241237 -0.00010021833 0)
(0.013311323 -9.744906e-05 0)
(0.013437377 -5.8864062e-05 0)
(0.013159483 -0.00033811764 0)
(0.01307835 -0.0003266747 0)
(0.013039624 -0.0003135464 0)
(0.013007278 -0.00029471024 0)
(0.012990117 -0.00027471813 0)
(0.012987722 -0.00025284628 0)
(0.012999508 -0.00023029439 0)
(0.013024342 -0.00020787755 0)
(0.013062023 -0.00018577048 0)
(0.013109607 -0.00016519191 0)
(0.013168813 -0.00014454138 0)
(0.013231403 -0.00012825634 0)
(0.013309029 -0.00010588889 0)
(0.01337034 -0.00010335269 0)
(0.013484762 -6.2670091e-05 0)
(0.013447054 -0.00031267 0)
(0.013346527 -0.0003069652 0)
(0.013287715 -0.00029981019 0)
(0.013235083 -0.00028611472 0)
(0.013197105 -0.00027025727 0)
(0.013174317 -0.00025171154 0)
(0.013166325 -0.00023164742 0)
(0.013172368 -0.00021103246 0)
(0.01319244 -0.00019012426 0)
(0.013223815 -0.00017028346 0)
(0.013268164 -0.00014991025 0)
(0.013317471 -0.00013374204 0)
(0.013382761 -0.00011092728 0)
(0.013434726 -0.00010872676 0)
(0.013536679 -6.6207707e-05 0)
(0.013728784 -0.00028041571 0)
(0.01361265 -0.00028092284 0)
(0.013536462 -0.00028020383 0)
(0.013465837 -0.0002723166 0)
(0.013408781 -0.00026125982 0)
(0.013366812 -0.00024671451 0)
(0.013339807 -0.00022977826 0)
(0.01332744 -0.00021155019 0)
(0.013329982 -0.00019236022 0)
(0.013344998 -0.00017369962 0)
(0.013374166 -0.00015397634 0)
(0.013409773 -0.00013821646 0)
(0.013462281 -0.00011522714 0)
(0.01350441 -0.00011348839 0)
(0.013593125 -6.9435737e-05 0)
(0.013999722 -0.00024237478 0)
(0.013872222 -0.00024931004 0)
(0.013781876 -0.00025522467 0)
(0.013696079 -0.0002536004 0)
(0.013622231 -0.00024785501 0)
(0.013562812 -0.0002378712 0)
(0.013518037 -0.00022463093 0)
(0.013488064 -0.00020933343 0)
(0.013473516 -0.00019236253 0)
(0.013472321 -0.00017532104 0)
(0.013486227 -0.00015662711 0)
(0.013507916 -0.00014158066 0)
(0.01354735 -0.00011871136 0)
(0.013579252 -0.00011755378 0)
(0.013654049 -7.2306731e-05 0)
(0.014255345 -0.00019979253 0)
(0.014120948 -0.00021310101 0)
(0.014020023 -0.00022557197 0)
(0.013922281 -0.00023042378 0)
(0.013834399 -0.00023031569 0)
(0.013759738 -0.00022531105 0)
(0.013698893 -0.00021623521 0)
(0.013652541 -0.00020434733 0)
(0.013621716 -0.00019005903 0)
(0.013604782 -0.00017505759 0)
(0.013603611 -0.00015776895 0)
(0.013611383 -0.00014374759 0)
(0.013637624 -0.0001213048 0)
(0.013659029 -0.00012084171 0)
(0.013719348 -7.4772448e-05 0)
(0.014491772 -0.00015407132 0)
(0.014354939 -0.00017343376 0)
(0.01424719 -0.00019211862 0)
(0.014140989 -0.00020340502 0)
(0.014042192 -0.00020905598 0)
(0.013954896 -0.00020928073 0)
(0.013880101 -0.00020471352 0)
(0.013819001 -0.00019662729 0)
(0.013773086 -0.00018542872 0)
(0.013741216 -0.00017285493 0)
(0.013725439 -0.00015733221 0)
(0.013719528 -0.00014464627 0)
(0.013732659 -0.00012294367 0)
(0.013743437 -0.00012327799 0)
(0.013788859 -7.6786738e-05 0)
(0.01470593 -0.00010668735 0)
(0.014570879 -0.00013154921 0)
(0.014460046 -0.00015586907 0)
(0.01434896 -0.00017329903 0)
(0.01424259 -0.00018461981 0)
(0.014145574 -0.00019014172 0)
(0.014059296 -0.00019028357 0)
(0.013985446 -0.00018628428 0)
(0.013925988 -0.00017850787 0)
(0.013880315 -0.00016870026 0)
(0.013850695 -0.00015527589 0)
(0.013831575 -0.00014422577 0)
(0.013831905 -0.00012356515 0)
(0.013832085 -0.00012479862 0)
(0.013862357 -7.8308544e-05 0)
(0.014895677 -5.9101899e-05 0)
(0.014766174 -8.8722861e-05 0)
(0.014655787 -0.00011790589 0)
(0.014543303 -0.00014096195 0)
(0.014432773 -0.00015765993 0)
(0.014329134 -0.00016836013 0)
(0.014234104 -0.00017325539 0)
(0.014149806 -0.00017350627 0)
(0.014078674 -0.00016939371 0)
(0.014020647 -0.00016262671 0)
(0.013978238 -0.00015159148 0)
(0.013946623 -0.00014245498 0)
(0.013934532 -0.00012313541 0)
(0.013924448 -0.0001253216 0)
(0.013939551 -7.9295909e-05 0)
(0.015059848 -1.2704164e-05 0)
(0.014939043 -4.6187163e-05 0)
(0.014832253 -7.9330606e-05 0)
(0.014721599 -0.00010730729 0)
(0.014610235 -0.00012890731 0)
(0.014503121 -0.0001444888 0)
(0.014402219 -0.00015402227 0)
(0.014310005 -0.00015855516 0)
(0.014229338 -0.00015824491 0)
(0.01416069 -0.00015471606 0)
(0.014106821 -0.00014630534 0)
(0.014063658 -0.0001393324 0)
(0.014039565 -0.00012160196 0)
(0.014019825 -0.00012483416 0)
(0.01402008 -7.9711848e-05 0)
(0.015198245 3.1127907e-05 0)
(0.015088581 -5.0054086e-06 0)
(0.014987999 -4.1211879e-05 0)
(0.014882001 -7.3269351e-05 0)
(0.014772891 -9.9140351e-05 0)
(0.014665356 -0.00011915029 0)
(0.014561498 -0.00013305227 0)
(0.01446403 -0.00014176512 0)
(0.014376167 -0.00014528299 0)
(0.01429887 -0.00014510381 0)
(0.01423512 -0.00013948315 0)
(0.014181631 -0.00013483097 0)
(0.014146146 -0.00011901773 0)
(0.014117406 -0.00012334202 0)
(0.014103447 -7.9535999e-05 0)
(0.01443434 0.0023837283 9.5434079e-23)
(0.014850597 0.0022244304 -2.4229886e-23)
(0.015163929 0.0019424241 1.8260058e-23)
(0.015311429 0.0015029316 -3.9846211e-22)
(0.015330594 0.0010326444 -8.7180205e-22)
(0.015306066 0.00065162702 1.5360925e-21)
(0.015276858 0.00038383344 -4.8639313e-21)
(0.015240045 0.00019046348 0)
(0.015153622 5.194852e-05 6.0433272e-22)
(0.014352756 0.0026307073 -8.8864472e-23)
(0.014745076 0.0024036422 0)
(0.015032228 0.0020336081 0)
(0.015178583 0.0015307511 4.2003957e-22)
(0.015224025 0.001036557 7.9218497e-22)
(0.015233074 0.00065250978 3.0882134e-21)
(0.015228987 0.00038488568 1.868445e-20)
(0.01520804 0.00019236419 0)
(0.015130712 5.4236513e-05 0)
(0.01417129 0.0028056441 4.5599836e-22)
(0.014560028 0.0025190785 0)
(0.014856796 0.0020791293 0)
(0.015030301 0.0015332601 0)
(0.015115261 0.0010283675 4.5512097e-22)
(0.015160436 0.0006462895 -5.0156669e-21)
(0.015181338 0.00038087034 -2.810634e-20)
(0.015175798 0.00019073437 1.7756918e-21)
(0.01510952 5.4221805e-05 -1.6470855e-21)
(0.013945439 0.0029119244 -9.3066241e-22)
(0.014341278 0.0025742384 2.4510837e-22)
(0.014662802 0.002083129 3.5317657e-21)
(0.014876176 0.0015131862 4.0453065e-21)
(0.015006214 0.0010083904 -1.1780425e-20)
(0.015088696 0.00063295928 2.0225403e-21)
(0.015134855 0.00037269816 1.6669154e-20)
(0.015145067 0.00018730863 1.2498683e-21)
(0.015091433 5.3528839e-05 -1.8600165e-21)
(0.013686791 0.0029521505 -4.1767592e-22)
(0.014101652 0.0025743184 2.8357683e-22)
(0.014459655 0.0020503971 -7.5216737e-21)
(0.014721164 0.0014727831 -4.0928942e-21)
(0.01489909 0.00097706879 -8.6192725e-19)
(0.015018885 0.0006126727 -7.2567359e-19)
(0.015090008 0.0003604728 4.148971e-20)
(0.015115625 0.00018195335 -5.1006834e-20)
(0.015075407 5.2040519e-05 -8.3714997e-21)
(0.013406919 0.0029286808 3.400867e-21)
(0.01385116 0.0025234801 -4.0352533e-21)
(0.014254293 0.0019844414 4.2431999e-21)
(0.014568769 0.0014135118 0)
(0.014795395 0.00093474232 6.5664649e-19)
(0.014951763 0.00058560073 9.6342694e-19)
(0.015047294 0.00034427189 -9.0565568e-20)
(0.015087722 0.00017457048 -6.8387267e-20)
(0.015061387 4.9934554e-05 -1.4927302e-19)
(0.013117301 0.0028448191 -2.1826347e-21)
(0.01359876 0.0024260225 8.2784987e-21)
(0.014052499 0.0018883504 0)
(0.01442191 0.0013366233 0)
(0.014696481 0.00088182791 -1.8321352e-20)
(0.014888042 0.0005520011 -8.2128009e-20)
(0.015007128 0.00032421535 5.0812999e-20)
(0.015061821 0.00016503911 1.0713952e-19)
(0.015049648 4.7613129e-05 3.2275716e-19)
(0.012828448 0.0027046905 1.9773678e-21)
(0.013352187 0.0022862883 -5.6091974e-21)
(0.013859073 0.0017649849 0)
(0.014283068 0.0012433547 -1.8942261e-21)
(0.014603592 0.00081886673 1.5130097e-21)
(0.014828369 0.00051222214 4.5140548e-20)
(0.014969889 0.00030048466 0)
(0.01503875 0.00015337009 0)
(0.015037338 4.490803e-05 -1.8716073e-19)
(0.012549578 0.0025130251 -2.2787857e-21)
(0.013117978 0.0021085547 -5.5155778e-21)
(0.013677993 0.0016170488 0)
(0.014154381 0.0011349964 1.9678406e-20)
(0.014517872 0.00074652309 0)
(0.014773338 0.00046670043 3.0453379e-21)
(0.014935925 0.00027339776 -7.0160123e-20)
(0.015017856 0.00013980912 2.6805503e-21)
(0.01502723 4.1404734e-05 2.0483168e-19)
(0.012288688 0.0022749632 -5.2917968e-21)
(0.012901661 0.0018970557 1.3476893e-20)
(0.013512606 0.0014471836 0)
(0.014037708 0.0010129325 -2.2435014e-20)
(0.014440387 0.00066557659 -2.1048666e-20)
(0.014723514 0.00041595779 -6.2741304e-20)
(0.014905661 0.0002435508 1.3765065e-19)
(0.015000405 0.00012432706 1.800196e-19)
(0.015017978 3.7031165e-05 -1.1575138e-20)
(0.012052653 0.0019959897 9.731729e-21)
(0.012707907 0.0016560402 -7.1341443e-21)
(0.013365735 0.001258048 0)
(0.013934667 0.00087866368 0)
(0.01437214 0.00057691923 -1.6070556e-21)
(0.014679528 0.00036052362 5.9232029e-20)
(0.014877369 0.00021128261 -1.4908348e-19)
(0.01498424 0.00010759805 -7.5332678e-20)
(0.015011219 3.2100402e-05 -2.5140604e-19)
(0.011847274 0.0016818893 -4.3213571e-21)
(0.012540623 0.0013898177 -7.1326896e-22)
(0.013239753 0.0010523688 -8.9686951e-21)
(0.013846638 0.00073381192 -1.1387649e-20)
(0.014313966 0.00048153918 5.8591003e-20)
(0.014642234 0.00030091747 0)
(0.014853819 0.00017655762 8.234089e-20)
(0.014970826 8.9921394e-05 -1.0090886e-19)
(0.015005016 2.6787399e-05 0)
(0.011677323 0.0013386982 -2.3999279e-21)
(0.012403006 0.0011027839 0)
(0.013136618 0.0008329654 9.4485135e-21)
(0.013774787 0.00058011502 1.4195996e-20)
(0.014266558 0.00038051447 -2.993953e-20)
(0.014611985 0.00023774712 -5.9236826e-21)
(0.014835293 0.00013946399 4.5066337e-20)
(0.014960713 7.0968081e-05 4.1660666e-21)
(0.014999902 2.1206018e-05 1.968061e-20)
(0.011546579 0.00097265929 3.3165075e-21)
(0.01229759 0.0007994308 0)
(0.013057892 0.0006027556 1.3183292e-21)
(0.013720057 0.00041941346 1.3413775e-20)
(0.014230486 0.00027500343 -1.9680955e-21)
(0.01458898 0.00017176216 -1.9624024e-20)
(0.01482117 0.00010066745 -4.7688117e-20)
(0.014953045 5.1208396e-05 7.0603641e-20)
(0.014995809 1.5271127e-05 -5.8631737e-21)
(0.011457857 0.00059018477 8.8450285e-22)
(0.012226262 0.00048434922 0)
(0.013004751 0.00036475894 0)
(0.013683168 0.00025365035 -7.386577e-21)
(0.01420619 0.00016625436 1.0416009e-20)
(0.014573465 0.00010378358 1.0305265e-20)
(0.014811454 6.076779e-05 0)
(0.01494717 3.0953404e-05 -3.6063457e-20)
(0.014993538 9.1486811e-06 0)
(0.011413029 0.0001978315 -6.8633833e-22)
(0.012190284 0.00016223648 1.0706339e-22)
(0.012977982 0.00012210952 -5.9325256e-22)
(0.013664603 8.4889226e-05 -8.0594081e-21)
(0.014193969 5.5629875e-05 -9.473563e-21)
(0.014565652 3.4714863e-05 1.2361678e-20)
(0.014806535 2.0330957e-05 -9.1951724e-22)
(0.014944192 1.0432936e-05 -3.9993683e-20)
(0.014992447 2.9201781e-06 -4.9014619e-21)
(0.014605038 0.0019897971 0)
(0.014805506 0.0016193646 3.8474179e-19)
(0.014974778 0.0013050414 4.2857146e-19)
(0.015107626 0.0010519117 -5.8514148e-24)
(0.0152083 0.00085559931 4.6787688e-19)
(0.015279912 0.00070434936 4.5866519e-19)
(0.015327845 0.00058592685 2.1950709e-21)
(0.015358669 0.00049034397 -3.9067351e-21)
(0.01537791 0.00041080211 2.9472186e-22)
(0.015389063 0.00034307606 2.7941416e-21)
(0.015393787 0.00028481655 5.1107545e-21)
(0.015391844 0.00023377438 0)
(0.015384465 0.00019026463 -1.881454e-21)
(0.015365023 0.00014779108 3.2882559e-18)
(0.015356556 0.0001222252 2.7694981e-18)
(0.015015619 0.0019202483 -4.7626654e-22)
(0.01520688 0.0016122969 -3.7195859e-19)
(0.01533864 0.0013502067 -4.1470514e-19)
(0.01542645 0.0011323962 -1.7304212e-21)
(0.015482067 0.00095356916 0)
(0.015512583 0.00080631701 -2.8936896e-23)
(0.015526845 0.00068353659 2.9031349e-23)
(0.015531378 0.00057940158 0)
(0.015530343 0.00049000371 3.3873008e-21)
(0.015525498 0.00041284195 -4.3806491e-22)
(0.015517057 0.00034615069 -5.03908e-21)
(0.015504209 0.00028806869 1.8381444e-23)
(0.015487193 0.00023819232 2.1074386e-22)
(0.015462013 0.00019100559 -3.6352886e-18)
(0.015444663 0.00016056083 -3.0439129e-18)
(0.015304588 0.0017666861 3.7832708e-22)
(0.015442594 0.001561189 -5.6739064e-22)
(0.015533187 0.001365147 -1.3230456e-21)
(0.015589903 0.0011880854 1.3756522e-21)
(0.015624327 0.0010321278 3.648996e-23)
(0.015643484 0.00089477462 0)
(0.015652564 0.00077303171 3.6884364e-23)
(0.015654146 0.00066558254 -1.0842609e-21)
(0.015650254 0.00057068257 2.3937944e-24)
(0.015641867 0.00048768492 -2.4091297e-21)
(0.01562857 0.00041520889 2.2618008e-21)
(0.015610733 0.00035192619 -2.8004444e-23)
(0.015589075 0.00029659034 1.9227834e-21)
(0.015562372 0.00024612958 -1.45976e-21)
(0.015539885 0.00020849905 0)
(0.015423418 0.0014206452 0)
(0.015507349 0.001304968 -6.9289302e-23)
(0.015568909 0.0011847427 2.13006e-23)
(0.015614096 0.0010689955 -3.0169624e-22)
(0.015647674 0.00096011543 -3.6339585e-22)
(0.015671462 0.00085879483 2.9987512e-23)
(0.015685847 0.00076535713 -4.1978176e-22)
(0.015693547 0.00067898634 1.2126385e-21)
(0.015693115 0.0005991332 1.0043647e-21)
(0.015687915 0.00052690615 -7.3371956e-23)
(0.015677397 0.00046140393 0)
(0.015663148 0.00040180565 -9.2651255e-22)
(0.015645972 0.00034774326 9.0878657e-22)
(0.015625849 0.00029842203 3.1901277e-22)
(0.015606511 0.00025593546 -8.6269565e-22)
(0.015409192 0.0010045103 0)
(0.015454313 0.00095217712 2.528276e-23)
(0.015493554 0.00089461205 1.9401351e-24)
(0.015526836 0.00083618175 2.1434406e-22)
(0.015554398 0.0007778169 2.1167796e-22)
(0.015576523 0.00071999939 0)
(0.0155937 0.00066309727 2.8386954e-22)
(0.015606221 0.00060750226 -3.0547666e-22)
(0.015614739 0.00055378677 -6.434822e-22)
(0.01561949 0.00050190776 0)
(0.015621089 0.00045224377 3.2586005e-22)
(0.015620132 0.00040511627 6.8363145e-22)
(0.015616878 0.00036121162 -6.7933869e-22)
(0.015611827 0.00032015107 2.8703051e-22)
(0.015605273 0.00028067163 6.3236448e-22)
(0.015355428 0.00064603589 -3.6516844e-23)
(0.01537715 0.00062511767 5.1594115e-23)
(0.015398372 0.00060076866 -3.5726623e-23)
(0.015418315 0.00057489884 2.7356011e-23)
(0.015436669 0.00054788568 3.22391e-23)
(0.015453463 0.00051994119 0)
(0.015468717 0.00049127317 -3.3218291e-23)
(0.015482415 0.00046208054 -1.8082393e-24)
(0.01549455 0.00043257525 0)
(0.015505145 0.00040298594 0)
(0.015514237 0.0003735333 -2.3223769e-22)
(0.015521865 0.00034440214 4.2289029e-23)
(0.015528116 0.00031572273 -2.4135144e-23)
(0.015533257 0.00028761262 2.7026476e-22)
(0.015536622 0.00026006049 -1.6175117e-23)
(0.015307314 0.00038592921 3.0841806e-23)
(0.015317257 0.00037834413 7.5685723e-24)
(0.015327717 0.00036914079 0)
(0.015338234 0.00035911546 0)
(0.015348606 0.00034837788 9.9907202e-23)
(0.01535883 0.00033695578 -2.0603045e-22)
(0.015368887 0.00032486951 3.215879e-23)
(0.015378724 0.000312144 -4.6542483e-23)
(0.01538829 0.00029881122 1.7687666e-22)
(0.015397542 0.00028490773 -1.6425569e-22)
(0.015406443 0.00027047392 8.0735319e-23)
(0.015414966 0.0002555555 0)
(0.015423089 0.00024020525 0)
(0.015430857 0.00022447321 0)
(0.015437804 0.00020835736 0)
(0.015260586 0.00019475011 -6.788971e-23)
(0.015264947 0.00019238465 1.0209935e-22)
(0.015269885 0.00018937552 -9.5629472e-23)
(0.015275102 0.00018603841 1.682939e-22)
(0.015280469 0.00018240116 -3.9210133e-22)
(0.015286014 0.00017845578 1.8215812e-22)
(0.015291759 0.00017419054 -2.4251881e-23)
(0.015297694 0.00016959535 3.5607266e-23)
(0.01530381 0.00016466293 0)
(0.015310097 0.00015938946 1.8130276e-22)
(0.015316545 0.00015377535 -1.0310025e-23)
(0.015323145 0.00014782603 -1.3880216e-22)
(0.01532988 0.00014155234 0)
(0.015336755 0.00013497112 8.5869215e-23)
(0.015343589 0.00012809283 -8.7602694e-23)
(0.015169914 5.5695233e-05 9.2853669e-24)
(0.015172309 5.5200657e-05 0)
(0.015175126 5.4540757e-05 -2.2621737e-22)
(0.015178157 5.3802856e-05 4.8775916e-22)
(0.015181339 5.2992267e-05 -2.4044059e-22)
(0.015184701 5.210536e-05 0)
(0.015188266 5.1137707e-05 1.5135308e-23)
(0.015192039 5.0085415e-05 0)
(0.015196021 4.8945315e-05 0)
(0.015200217 4.7715115e-05 0)
(0.015204631 4.6393701e-05 -5.690199e-22)
(0.015209265 4.498163e-05 5.6551322e-22)
(0.015214117 4.3482414e-05 0)
(0.015219166 4.1910516e-05 0)
(0.015224581 4.0306202e-05 0)
(0.015297025 6.61523e-05 0)
(0.01519857 2.8972328e-05 0)
(0.015105031 -9.280327e-06 0)
(0.015005145 -4.4115314e-05 0)
(0.014900372 -7.3058813e-05 0)
(0.014794938 -9.6418096e-05 0)
(0.014690962 -0.00011376683 0)
(0.014591258 -0.00012591689 0)
(0.014499261 -0.00013268641 0)
(0.014416296 -0.00013543553 0)
(0.014345481 -0.00013231435 0)
(0.014284253 -0.00012979853 0)
(0.0142397 -0.0001158157 0)
(0.01420367 -0.0001211647 0)
(0.014178046 -7.8872795e-05 0)
(0.015389995 0.00010305877 0)
(0.015305009 6.4678735e-05 0)
(0.0152202 2.4914209e-05 0)
(0.015128566 -1.2363251e-05 0)
(0.015030331 -4.4208901e-05 0)
(0.014929092 -7.0811164e-05 0)
(0.014826914 -9.1652184e-05 0)
(0.014726621 -0.00010741079 0)
(0.014631811 -0.00011769005 0)
(0.014544144 -0.0001236559 0)
(0.014466835 -0.0001233579 0)
(0.014398093 -0.00012326831 0)
(0.01434435 -0.00011146792 -3.6886045e-19)
(0.014300658 -0.00011790319 -3.5874153e-19)
(0.014262669 -7.772654e-05 0)
(0.015495954 0.00015443573 0)
(0.015432453 0.00011407493 0)
(0.015363394 7.3755541e-05 0)
(0.015287012 3.4487591e-05 0)
(0.015202315 -5.6009136e-07 0)
(0.015111523 -3.0916312e-05 0)
(0.015016421 -5.6218619e-05 0)
(0.014919651 -7.6925013e-05 0)
(0.01482483 -9.2273773e-05 0)
(0.014733912 -0.00010299355 0)
(0.014650097 -0.00010714405 0)
(0.014572705 -0.00011073856 0)
(0.014507144 -0.00010284537 5.3404829e-19)
(0.014452743 -0.00011092884 5.2711929e-19)
(0.01439731 -7.4928314e-05 0)
(0.015580008 0.00021040107 0)
(0.015545316 0.00017211043 0)
(0.015501928 0.00013360356 0)
(0.015450688 9.499522e-05 0)
(0.015390529 5.8501705e-05 0)
(0.015321629 2.5546752e-05 0)
(0.015244886 -3.658063e-06 0)
(0.015162246 -2.9587885e-05 0)
(0.01507681 -5.0966268e-05 0)
(0.014990326 -6.7727053e-05 0)
(0.014905517 -7.8181281e-05 0)
(0.014822941 -8.6916655e-05 0)
(0.01474674 -8.5529812e-05 0)
(0.014680631 -9.5603213e-05 0)
(0.014603784 -6.8700788e-05 0)
(0.015598263 0.00024502603 0)
(0.015588789 0.00021404905 0)
(0.015573679 0.00018211176 0)
(0.015551899 0.00014899553 0)
(0.015523139 0.00011683141 0)
(0.015487491 8.7876789e-05 0)
(0.015445083 6.0248946e-05 0)
(0.015393299 3.2517877e-05 0)
(0.015335046 7.302984e-06 0)
(0.015270853 -1.4448364e-05 0)
(0.015201911 -3.1357923e-05 0)
(0.015129108 -4.5766738e-05 0)
(0.015054865 -5.2855668e-05 0)
(0.014986789 -6.4551311e-05 0)
(0.014894697 -5.342329e-05 0)
(0.015540414 0.00023702256 0)
(0.015545166 0.00021668919 0)
(0.015547601 0.00019602258 0)
(0.015546054 0.00017375946 0)
(0.015541085 0.000149388 0)
(0.015532627 0.000124953 0)
(0.015519468 0.00010039072 0)
(0.015501892 7.6597935e-05 0)
(0.015479968 5.4356909e-05 0)
(0.015452321 3.5023566e-05 0)
(0.015420524 1.9370897e-05 0)
(0.01538275 5.8751478e-06 0)
(0.015339134 -4.914432e-06 0)
(0.015294405 -1.5937004e-05 0)
(0.015219922 -2.1323859e-05 0)
(0.015445041 0.00019504478 0)
(0.015453352 0.00018294595 0)
(0.015461284 0.0001696408 0)
(0.015468316 0.00015517396 0)
(0.01547436 0.00013966998 0)
(0.015479136 0.00012352061 0)
(0.015482233 0.00010737102 0)
(0.015483398 9.1777782e-05 0)
(0.015481165 7.5816502e-05 0)
(0.015477352 5.9713418e-05 0)
(0.0154704 4.4893121e-05 0)
(0.015460208 3.1366402e-05 0)
(0.015448778 2.0423319e-05 0)
(0.01543617 1.2844534e-05 0)
(0.015413662 5.7253557e-06 0)
(0.015350368 0.00012231838 0)
(0.015357889 0.00011706657 0)
(0.015365684 0.00011109978 0)
(0.015373501 0.00010431153 0)
(0.015381377 9.6673082e-05 0)
(0.015389187 8.8211109e-05 -8.8722315e-35)
(0.015396715 7.9007836e-05 9.2444662e-35)
(0.015403814 6.924241e-05 0)
(0.015410354 5.9178684e-05 0)
(0.015416087 4.9147193e-05 0)
(0.015420853 3.981811e-05 0)
(0.015424482 3.1932051e-05 0)
(0.015426944 2.5732963e-05 0)
(0.015427798 2.1255081e-05 0)
(0.015426306 1.5596565e-05 0)
(0.015229388 3.8659121e-05 0)
(0.015235109 3.7248269e-05 0)
(0.015240982 3.5639067e-05 0)
(0.015247179 3.3785552e-05 0)
(0.01525383 3.1672248e-05 0)
(0.015260844 2.9292024e-05 0)
(0.015268075 2.665203e-05 0)
(0.01527538 2.3777825e-05 0)
(0.015282595 2.0708436e-05 0)
(0.015289524 1.750798e-05 0)
(0.015295958 1.427718e-05 0)
(0.015301745 1.1126424e-05 0)
(0.015306913 8.2332586e-06 0)
(0.015311291 6.1116284e-06 0)
(0.01531691 4.6488075e-06 0)
(2.5156323e-09 9.1889277e-08 0)
(1.7543635e-08 2.9338327e-07 0)
(4.9673703e-08 5.343892e-07 0)
(1.1016213e-07 8.2235829e-07 1.2983814e-25)
(2.1297369e-07 1.1662124e-06 -1.4641668e-27)
(3.7932762e-07 1.5764427e-06 -1.8593567e-25)
(6.4016692e-07 2.0653537e-06 0)
(1.0400986e-06 2.6473147e-06 -2.6273248e-25)
(1.6430874e-06 3.339012e-06 1.0218362e-27)
(2.5403846e-06 4.1596887e-06 3.5846089e-25)
(3.8614246e-06 5.1313474e-06 0)
(5.7886709e-06 6.2788768e-06 0)
(8.5776082e-06 7.63005e-06 0)
(1.2583258e-05 9.215319e-06 -6.8615653e-25)
(1.8294701e-05 1.106731e-05 7.9298896e-25)
(2.6378985e-05 1.3219901e-05 -2.2322255e-25)
(3.7735324e-05 1.5706736e-05 1.9776497e-24)
(5.3559433e-05 1.8559056e-05 -2.1969309e-24)
(7.5415915e-05 2.1802703e-05 3.6324874e-20)
(0.00010531358 2.5454286e-05 -4.1112989e-20)
(0.0001457744 2.9516588e-05 0)
(0.00019988182 3.3973536e-05 0)
(0.00027128909 3.8785321e-05 0)
(0.00036416543 4.3884557e-05 9.1691376e-24)
(0.00048305901 4.9174573e-05 4.3975581e-20)
(0.00063266412 5.453094e-05 -4.2266891e-20)
(0.00081749579 5.9806955e-05 0)
(0.0010414976 6.4843093e-05 2.7863563e-23)
(0.001307631 6.9479439e-05 -2.4701257e-23)
(0.0016175093 7.3569286e-05 -3.8106082e-23)
(0.0019711452 7.6991315e-05 8.881832e-21)
(0.002366832 7.9659714e-05 9.078163e-21)
(0.0028012919 8.1528066e-05 3.9674622e-23)
(0.0032696815 8.2590476e-05 8.8715214e-23)
(0.003766671 8.2851514e-05 4.1805657e-24)
(0.004284283 8.2410739e-05 1.15941e-22)
(0.0048202317 8.1245429e-05 -5.9546111e-24)
(0.0053559298 7.952899e-05 -1.6637437e-22)
(0.0059126708 7.8358905e-05 0)
(1.9538149e-08 2.7788192e-07 2.0378813e-25)
(7.1909925e-08 8.8713772e-07 0)
(1.487545e-07 1.6157426e-06 -8.2706576e-28)
(2.6274458e-07 2.4863896e-06 4.9436071e-28)
(4.2955151e-07 3.5260841e-06 1.1806027e-27)
(6.7241547e-07 4.7665873e-06 -2.8154718e-27)
(1.0246743e-06 6.2451559e-06 0)
(1.5337676e-06 8.0053028e-06 1.0198544e-24)
(2.267002e-06 1.009756e-05 -3.9738951e-27)
(3.3195591e-06 1.2580203e-05 2.7979417e-26)
(4.825478e-06 1.5519852e-05 -1.6948169e-24)
(6.9725912e-06 1.8991853e-05 -6.1998765e-26)
(1.0022603e-05 2.308025e-05 1.4467419e-25)
(1.4337682e-05 2.7877148e-05 2.5031325e-24)
(2.0415026e-05 3.3481166e-05 -3.0900875e-24)
(2.8930771e-05 3.9994622e-05 -2.1762875e-25)
(4.07941e-05 4.751904e-05 -4.8389749e-24)
(5.7211374e-05 5.614856e-05 4.3052969e-24)
(7.9758149e-05 6.5960898e-05 3.8663025e-20)
(0.00011045394 7.7005753e-05 -3.9214353e-20)
(0.00015183041 8.9290927e-05 0)
(0.00020697871 0.00010276713 -4.1129476e-21)
(0.00027955674 0.00011731326 -4.1682712e-21)
(0.00037373431 0.0001327248 -1.841895e-25)
(0.00049405536 0.00014870875 -1.7118115e-23)
(0.0006452049 0.00016488825 4.2791001e-25)
(0.00083168424 0.00018081926 3.5471302e-23)
(0.0010574203 0.00019601913 2.5042497e-23)
(0.0013253574 0.00021000422 7.9065875e-21)
(0.0016370941 0.00022233094 7.7068181e-21)
(0.0019926333 0.00023263247 -8.6610514e-21)
(0.0023902661 0.00024064936 -9.5280703e-21)
(0.0028267232 0.00024624187 -6.2613278e-23)
(0.0032971835 0.0002493908 -1.045019e-22)
(0.0037963422 0.00025011189 2.2907398e-24)
(0.0043162578 0.00024869984 -1.0553483e-22)
(0.0048547622 0.00024509104 4.0833722e-22)
(0.0053928783 0.00023981785 1.749455e-22)
(0.0059537954 0.00023612553 0)
(5.5017673e-08 4.6826616e-07 -1.0093416e-31)
(1.852466e-07 1.4949259e-06 6.8677285e-25)
(3.5535121e-07 2.7226715e-06 -8.2213999e-25)
(5.8098767e-07 4.1897944e-06 -5.4133996e-23)
(8.8141621e-07 5.9418128e-06 2.5898021e-23)
(1.2841333e-06 8.0322625e-06 1.4027807e-24)
(1.8275261e-06 1.0523942e-05 -6.5066599e-27)
(2.5650121e-06 1.3490195e-05 0)
(3.5709538e-06 1.7016187e-05 2.3665475e-24)
(4.9488318e-06 2.1200122e-05 -2.8111833e-24)
(6.8424034e-06 2.6154247e-05 0)
(9.4508183e-06 3.2005465e-05 -3.6643317e-24)
(1.3048868e-05 3.8895266e-05 4.6576681e-24)
(1.801372e-05 4.6978615e-05 5.0342979e-24)
(2.4859569e-05 5.6421296e-05 -6.0210245e-24)
(3.4281513e-05 6.7395112e-05 7.1887745e-24)
(4.7209484e-05 8.0070269e-05 -6.7120012e-24)
(6.4871946e-05 9.4604217e-05 8.3071841e-24)
(8.8867156e-05 0.00011112641 -1.1374296e-23)
(0.00012123677 0.00012971876 9.4148052e-24)
(0.00016453246 0.00015039231 -1.9595115e-23)
(0.00022186122 0.00017306174 3.3092987e-21)
(0.00029689043 0.00019752064 5.0024704e-21)
(0.00039379085 0.00022342225 -3.6796697e-23)
(0.00051709725 0.00025027107 1.7629845e-23)
(0.00067147498 0.00027743088 -3.6778249e-20)
(0.00086139637 0.00030415297 5.3830004e-20)
(0.0010907533 0.00032962436 -5.0940653e-23)
(0.001362454 0.00035303102 -3.1846513e-19)
(0.0016780658 0.00037362668 5.1518884e-19)
(0.0020375713 0.00039079437 -1.1808133e-22)
(0.0024392562 0.00040409767 1.1731811e-22)
(0.0028798684 0.00041330359 0)
(0.0033546322 0.00041837586 0)
(0.0038582958 0.00041934479 2.577983e-22)
(0.0043829883 0.00041669241 5.5950935e-22)
(0.0049267855 0.00041030864 -4.460183e-22)
(0.0054699101 0.00040116116 -7.5520837e-22)
(0.0060394409 0.00039420728 3.9987024e-23)
(1.1069019e-07 6.6258351e-07 3.826386e-25)
(3.6309567e-07 2.1152508e-06 -6.6660583e-25)
(6.7955622e-07 3.8523884e-06 -7.9554821e-25)
(1.0804173e-06 5.9281775e-06 -4.3221388e-23)
(1.590578e-06 8.4069923e-06 8.9385217e-23)
(2.2442239e-06 1.1364539e-05 1.355178e-24)
(3.0876793e-06 1.4889608e-05 2.5615322e-27)
(4.1837585e-06 1.908588e-05 -1.9099809e-24)
(5.6179156e-06 2.4073723e-05 1.7799788e-26)
(7.5066747e-06 2.9991888e-05 2.6959859e-24)
(1.0009061e-05 3.6998909e-05 -3.1948607e-24)
(1.3341994e-05 4.527393e-05 3.6166262e-24)
(1.7800794e-05 5.5016566e-05 -4.662785e-24)
(2.3786128e-05 6.6445254e-05 6.3422202e-25)
(3.1838768e-05 7.9793419e-05 1.0883179e-23)
(4.2683423e-05 9.530259e-05 -1.3341136e-23)
(5.7282345e-05 0.00011321151 -1.8573509e-24)
(7.6898347e-05 0.00013374028 2.0365519e-23)
(0.00010316488 0.0001570687 -1.3478907e-23)
(0.00013815781 0.00018330865 1.8554566e-23)
(0.00018445959 0.00021247121 3.8363764e-20)
(0.00024520141 0.00024443074 -5.3456748e-20)
(0.00032406483 0.00027889036 0)
(0.00042522146 0.00031535509 1.8025843e-23)
(0.00055319116 0.00035312046 -5.1449361e-23)
(0.00071260797 0.00039128443 -5.6462519e-20)
(0.00090789851 0.00042878753 3.5453072e-20)
(0.0011428996 0.00046448117 0)
(0.0014204625 0.00049721662 -5.5740821e-19)
(0.0017421058 0.00052594171 2.9788919e-19)
(0.0021077799 0.00054978659 1.386978e-22)
(0.0025157605 0.00056813637 -1.1974696e-22)
(0.0029628219 0.00058066679 0)
(0.0034442569 0.00058731987 0)
(0.0039548948 0.00058814167 -2.9895392e-22)
(0.0044869691 0.00058379598 -4.4833217e-22)
(0.0050389225 0.00057408678 -9.0585954e-22)
(0.0055897692 0.00056061187 8.135917e-22)
(0.0061724523 0.00054913678 -8.134397e-23)
(1.8844609e-07 8.5997835e-07 7.4251027e-25)
(6.1148676e-07 2.7453716e-06 0)
(1.1323433e-06 4.9998794e-06 -1.5439599e-24)
(1.7779062e-06 7.6937907e-06 1.8457491e-24)
(2.5809424e-06 1.0910581e-05 0)
(3.5849691e-06 1.4748403e-05 0)
(4.8473812e-06 1.9322344e-05 -3.1423805e-24)
(6.4440953e-06 2.4766745e-05 7.4412174e-24)
(8.476026e-06 3.1237515e-05 -4.9510582e-26)
(1.1077871e-05 3.8914286e-05 -5.2508844e-24)
(1.4429919e-05 4.8002183e-05 6.1697273e-24)
(1.8773818e-05 5.8732829e-05 -1.4536793e-23)
(2.4433435e-05 7.1364075e-05 8.5253712e-24)
(3.1842075e-05 8.6177756e-05 -3.0844848e-25)
(4.1577374e-05 0.00010347457 1.2715074e-23)
(5.4405019e-05 0.00012356501 -2.7460118e-23)
(7.1331884e-05 0.00014675503 1.6432651e-23)
(9.3668053e-05 0.00017332537 -9.2646811e-27)
(0.00012309521 0.00020350331 -1.0900427e-26)
(0.00016173592 0.00023742689 9.040679e-24)
(0.0002122143 0.00027510235 5.0829354e-20)
(0.000277694 0.000316358 -3.9347892e-20)
(0.00036187503 0.0003608 0)
(0.00046892892 0.00040777833 -3.6658531e-23)
(0.0006033537 0.00045637299 0)
(0.00076973901 0.00050541027 6.3775038e-23)
(0.00097244732 0.00055351539 2.8195061e-23)
(0.0012152384 0.00059920113 -7.7334354e-23)
(0.0015008846 0.00064098273 4.8024658e-23)
(0.0018308361 0.00067750177 -3.8794721e-23)
(0.0022049979 0.00070763511 1.0423747e-22)
(0.0026216292 0.00073058992 -6.4224779e-23)
(0.0030775399 0.0007459555 -4.1585515e-22)
(0.0035681129 0.00075364649 -4.4020056e-22)
(0.004088285 0.00075372341 -4.5186463e-22)
(0.0046304271 0.00074702935 -6.9419845e-23)
(0.0051934539 0.00073320857 9.6912033e-22)
(0.0057547976 0.00071480055 -9.9702983e-23)
(0.0063550969 0.00069697863 1.156283e-21)
(2.9034816e-07 1.0593846e-06 7.1950224e-25)
(9.3700061e-07 3.3818703e-06 0)
(1.7256899e-06 6.1588873e-06 0)
(2.6918721e-06 9.476951e-06 1.7878531e-24)
(3.8786053e-06 1.3438759e-05 -2.1382996e-24)
(5.3416084e-06 1.816503e-05 2.5463264e-24)
(7.1527437e-06 2.3797264e-05 -6.0503108e-24)
(9.4050409e-06 3.0500558e-05 3.6181409e-24)
(1.2219593e-05 3.8466411e-05 4.2822602e-24)
(1.57548e-05 4.7915318e-05 -2.0811146e-26)
(2.021865e-05 5.9098864e-05 -6.0116724e-24)
(2.5884975e-05 7.2300855e-05 0)
(3.3114741e-05 8.783684e-05 0)
(4.2383604e-05 0.00010605118 9.5391211e-24)
(5.4316939e-05 0.00012731052 -1.1779841e-23)
(6.9733384e-05 0.0001519924 3.1438745e-24)
(8.969731e-05 0.00018046736 -1.052228e-23)
(0.0001155795 0.00021307324 -3.6647792e-24)
(0.00014912332 0.0002500803 1.2944453e-23)
(0.00019251064 0.00029164713 -2.6788588e-23)
(0.00024841811 0.00033776858 3.8251764e-23)
(0.00032004958 0.00038821949 3.770166e-23)
(0.00041112694 0.00044250132 -3.8616121e-23)
(0.00052581953 0.00049980146 3.6698508e-23)
(0.00066859509 0.00055897777 0)
(0.00084398395 0.00061857996 -3.626028e-25)
(0.0010562641 0.00067691527 5.6705056e-23)
(0.0013090945 0.00073215769 -5.4435045e-23)
(0.0016051441 0.0007824884 -4.4829831e-23)
(0.0019457746 0.00082624589 4.2785572e-23)
(0.0023308304 0.00086205577 0)
(0.0027585446 0.00088895028 0)
(0.0032257708 0.00090644105 3.0190196e-24)
(0.0037280015 0.00091440853 -4.4370352e-22)
(0.0042603037 0.00091292481 8.7026716e-23)
(0.004815216 0.00090301097 0)
(0.0053921986 0.00088405236 -1.0417745e-22)
(0.0059667944 0.00085993612 -1.2362559e-21)
(0.0065888949 0.00083339474 -2.5069756e-21)
(4.1860881e-07 1.2593759e-06 0)
(1.3466922e-06 4.0201819e-06 0)
(2.4724307e-06 7.3210717e-06 -1.4139327e-27)
(3.8420395e-06 1.1264779e-05 1.7280789e-24)
(5.5114962e-06 1.5973185e-05 -2.0789976e-24)
(7.5518285e-06 2.1589508e-05 0)
(1.0053037e-05 2.828154e-05 -1.1501979e-26)
(1.3129591e-05 3.6244948e-05 6.7338366e-21)
(1.6927839e-05 4.5706532e-05 -8.5098617e-21)
(2.1635809e-05 5.6927214e-05 0)
(2.749608e-05 7.0204404e-05 0)
(3.4822601e-05 8.5873173e-05 1.3413432e-23)
(4.4022509e-05 0.00010430549 -1.6047841e-23)
(5.562405e-05 0.00012590644 -5.7983936e-25)
(7.0311743e-05 0.00015110626 1.3369462e-24)
(8.8969632e-05 0.0001803463 -1.5310308e-24)
(0.00011273286 0.00021405761 -3.450955e-24)
(0.00014304662 0.00025262991 0)
(0.00018172943 0.00029637008 3.1229511e-20)
(0.00023103495 0.00034544979 -4.9637183e-20)
(0.00029370262 0.00039984403 0)
(0.00037298343 0.00045926518 0)
(0.00047262327 0.00052310095 0)
(0.00059678553 0.00059036801 3.629442e-23)
(0.00074989723 0.00065969577 0)
(0.00093641245 0.00072935369 -2.7791706e-20)
(0.0011605021 0.00079733077 7.329733e-20)
(0.0014256987 0.00086146532 0)
(0.0017345417 0.00091961048 -9.0312143e-23)
(0.0020882822 0.00096980889 8.6340671e-23)
(0.0024866875 0.0010104394 0)
(0.0029279502 0.0010403649 3.7627328e-22)
(0.0034089748 0.0010590346 4.4166766e-22)
(0.0039253796 0.0010662862 7.4671204e-22)
(0.0044723763 0.0010621997 1.3309293e-21)
(0.0050426988 0.0010479729 -1.2459681e-22)
(0.0056363816 0.0010226183 7.9354283e-22)
(0.0062268633 0.00099184374 1.919773e-21)
(0.0068744438 0.00095371631 -1.4478339e-22)
(5.7557202e-07 1.4581236e-06 1.3486666e-24)
(1.8480337e-06 4.6544579e-06 0)
(3.3861531e-06 8.4757534e-06 2.8056714e-24)
(5.2492802e-06 1.3040795e-05 -6.7070344e-24)
(7.5091519e-06 1.8490407e-05 8.0250975e-24)
(1.0255457e-05 2.4990005e-05 -4.7734062e-24)
(1.3600288e-05 3.273327e-05 0)
(1.7684197e-05 4.1945904e-05 6.9465985e-21)
(2.2684226e-05 5.28893e-05 -7.8015691e-21)
(2.8824361e-05 6.5863872e-05 9.5813265e-24)
(3.6389084e-05 8.1211613e-05 -1.1279859e-23)
(4.5740863e-05 9.9317225e-05 -1.2987357e-23)
(5.7342536e-05 0.00012060693 3.1464821e-23)
(7.1785642e-05 0.00014554379 9.6997692e-25)
(8.9825656e-05 0.00017461794 -4.4178772e-23)
(0.00011242481 0.00020833004 2.2416812e-23)
(0.00014080249 0.00024716585 -2.661138e-23)
(0.00017649197 0.00029156002 7.9370277e-24)
(0.00022140017 0.0003418478 4.3822002e-20)
(0.00027786436 0.00039820447 -3.2569584e-20)
(0.00034869614 0.00046057482 0)
(0.00043719907 0.00052859812 -4.3729309e-25)
(0.00054714343 0.00060153823 -1.1080964e-22)
(0.00068268072 0.00067823263 -1.0510996e-22)
(0.00084818453 0.00075707652 1.3899816e-22)
(0.0010480132 0.00083605726 -7.325311e-20)
(0.0012862059 0.00091284815 2.4375103e-20)
(0.0015661403 0.00098495894 -2.1038507e-22)
(0.0018901991 0.0010499255 0)
(0.002259499 0.0011055066 7.9627548e-23)
(0.0026737122 0.0011498411 -4.3317407e-22)
(0.0031309696 0.0011816307 -4.3769166e-22)
(0.0036282326 0.0012002882 4.2927493e-22)
(0.0041612557 0.0012055956 0)
(0.0047254013 0.0011976388 -1.5597e-22)
(0.0053136184 0.0011777905 1.8335439e-23)
(0.0059264909 0.001144574 -7.7972512e-22)
(0.0065352506 0.0011060263 7.0939141e-20)
(0.007211242 0.0010530407 7.6217535e-19)
(7.6366155e-07 1.6532855e-06 2.6071088e-24)
(2.4487485e-06 5.2772106e-06 -2.268521e-24)
(4.4808945e-06 9.6092717e-06 0)
(6.9351443e-06 1.4783935e-05 3.1719833e-27)
(9.9020475e-06 2.0960487e-05 -7.5759834e-27)
(1.3493552e-05 2.8325939e-05 -1.8036078e-26)
(1.7848076e-05 3.7099108e-05 0)
(2.3137216e-05 4.7534777e-05 -5.1138976e-26)
(2.9574493e-05 5.9927728e-05 -6.0872788e-26)
(3.7426556e-05 7.4616332e-05 9.1909808e-24)
(4.7027518e-05 9.1985215e-05 -2.1759244e-23)
(5.8797169e-05 0.00011246623 1.2840556e-23)
(7.3263992e-05 0.00013653674 -2.5039366e-27)
(9.1093876e-05 0.00016471376 -1.6823333e-23)
(0.00011312534 0.00019754245 2.2761264e-23)
(0.00014041173 0.00023557662 -1.8574686e-23)
(0.00017427009 0.00027934933 2.6216455e-23)
(0.00021633512 0.00032933133 -4.896697e-26)
(0.00026861469 0.00038587596 3.1403884e-23)
(0.00033354048 0.00044915072 1.5743072e-23)
(0.000414004 0.00051905807 -2.0141224e-24)
(0.00051336494 0.00059515209 -3.7727998e-23)
(0.00063541589 0.00067656188 3.6446439e-23)
(0.00078428795 0.00076193722 7.1845998e-23)
(0.00096428566 0.0008494345 6.5941899e-23)
(0.0011796496 0.00093675937 -6.5735273e-23)
(0.0014342595 0.0010212755 -2.2998278e-22)
(0.0017313086 0.0011001759 2.2034171e-22)
(0.0020729921 0.0011706954 9.8440964e-23)
(0.0024602697 0.001230327 -3.3038115e-22)
(0.0028926962 0.0012769777 2.92485e-22)
(0.0033683136 0.0013091998 6.2108944e-22)
(0.0038841418 0.0013264081 -6.5619727e-22)
(0.0044360759 0.0013283119 -6.4015256e-22)
(0.0050196245 0.0013150051 -6.3872674e-22)
(0.0056279592 0.0012880324 -8.1905517e-22)
(0.0062621278 0.001245325 -2.4592422e-22)
(0.0068911812 0.0011977551 -8.3474811e-19)
(0.0075975269 0.0011263626 -3.6662013e-20)
(9.8530788e-07 1.8419095e-06 1.2587753e-24)
(3.1565782e-06 5.8790091e-06 -1.0721363e-27)
(5.7707167e-06 1.070443e-05 -2.6171817e-24)
(8.9212048e-06 1.6467703e-05 3.1291354e-24)
(1.2720667e-05 2.3345791e-05 -3.7339536e-24)
(1.7307145e-05 3.1546342e-05 8.926138e-24)
(2.2849884e-05 4.131213e-05 -5.3198377e-24)
(2.9556786e-05 5.2925563e-05 6.3358164e-24)
(3.7683958e-05 6.6713002e-05 -1.5012988e-23)
(4.754777e-05 8.3048536e-05 8.8436131e-24)
(5.9540038e-05 0.00010235665 0)
(7.414703e-05 0.00012511289 0)
(9.1973116e-05 0.00015184149 -4.5382548e-25)
(0.00011376983 0.00018310823 1.6770627e-23)
(0.00014047092 0.0002195068 -2.0800698e-23)
(0.0001732337 0.00026163646 -2.7957069e-24)
(0.00021348591 0.00031006833 0)
(0.00026297638 0.00036529851 4.8697181e-23)
(0.00032382534 0.0004276863 -6.2355892e-23)
(0.00039856803 0.00049737814 0)
(0.0004901816 0.00057422049 6.8878094e-23)
(0.00060208275 0.00065766902 -1.0875127e-22)
(0.0007380814 0.00074670675 -3.621428e-23)
(0.00090227644 0.00083978786 -1.0222439e-24)
(0.0010988846 0.00093482703 -4.2827969e-24)
(0.0013320035 0.0010292515 5.7981181e-23)
(0.0016053237 0.0011201258 -3.4758997e-22)
(0.0019218212 0.0012043428 2.3157753e-24)
(0.0022834722 0.0012788601 -9.8353776e-23)
(0.0026910558 0.0013409303 6.6518435e-22)
(0.0031439854 0.0013882416 -1.3937454e-22)
(0.0036401787 0.0014192032 -3.7554688e-22)
(0.0041767034 0.0014332789 -8.6444554e-22)
(0.0047495991 0.0014301082 1.1984992e-23)
(0.0053545048 0.0014097889 1.2643968e-21)
(0.0059848029 0.0013740348 -2.3795825e-22)
(0.0066418559 0.001320112 -1.7701676e-21)
(0.0072927002 0.0012621972 5.6289502e-22)
(0.0080301498 0.0011687786 -2.5875877e-21)
(1.2428341e-06 2.0203203e-06 -1.2126208e-24)
(3.9789181e-06 6.4481152e-06 2.1118088e-24)
(7.2690428e-06 1.1739838e-05 -2.5221822e-24)
(1.1228038e-05 1.8059159e-05 3.01564e-24)
(1.5994056e-05 2.5599567e-05 -3.5981912e-24)
(2.1735286e-05 3.4587956e-05 8.593221e-24)
(2.8656541e-05 4.5289364e-05 -5.1066456e-24)
(3.7007549e-05 5.8011761e-05 0)
(4.7093397e-05 7.3110571e-05 0)
(5.9287515e-05 9.0992536e-05 8.4167759e-24)
(7.4047774e-05 0.00011211825 -1.015186e-23)
(9.1936317e-05 0.00013700243 -3.7048847e-25)
(0.00011364383 0.00016621062 0)
(0.00014001883 0.00020035068 -1.0201748e-24)
(0.00017210242 0.00024005689 -1.1681134e-24)
(0.00021116832 0.00028596442 2.675485e-24)
(0.00025876739 0.00033867145 -3.0293377e-24)
(0.00031677411 0.0003986868 0)
(0.00038743096 0.00046636176 0)
(0.00047338374 0.00054180689 0)
(0.00057769821 0.00062479767 -1.6900163e-23)
(0.00070384579 0.00071467762 1.1056608e-24)
(0.00085564515 0.00081027255 7.2091511e-23)
(0.0010371475 0.00090983446 6.9872648e-23)
(0.0012524594 0.0010110359 -3.2931311e-22)
(0.0015055072 0.0011110331 1.2915084e-22)
(0.0017997595 0.001206606 2.3282217e-22)
(0.0021379405 0.0012943706 3.6716187e-24)
(0.0025217725 0.0013710384 1.9074333e-22)
(0.0029518337 0.0014336599 1.6783049e-22)
(0.0034273679 0.0014797273 0)
(0.0039461362 0.0015074736 6.2026011e-22)
(0.0045051896 0.0015164795 1.6261875e-21)
(0.0051007569 0.0015064134 1.4321836e-23)
(0.0057285743 0.0014772899 -2.5508543e-21)
(0.0063821827 0.0014310039 1.0959159e-21)
(0.0070630527 0.00136414 1.8326775e-21)
(0.0077365191 0.0012945843 1.2339376e-21)
(0.0085044875 0.0011758627 2.3272554e-21)
(1.5383033e-06 2.1840176e-06 -2.3314482e-24)
(4.9223315e-06 6.9701654e-06 4.0613244e-24)
(8.9877729e-06 1.2689333e-05 4.8478539e-24)
(1.3873863e-05 1.9518038e-05 -5.7991516e-24)
(1.9747894e-05 2.7664703e-05 0)
(2.6812435e-05 3.737356e-05 0)
(3.53128e-05 4.8929608e-05 -3.8428928e-26)
(4.5546274e-05 6.2663602e-05 0)
(5.7873517e-05 7.8956688e-05 -5.3993654e-26)
(7.273256e-05 9.824423e-05 1.2937317e-25)
(9.0655845e-05 0.00012101809 -1.5111909e-25)
(0.0001122909 0.00014782635 1.1105962e-20)
(0.00013842514 0.00017926893 -1.614163e-20)
(0.00017001531 0.00021598753 -3.2095438e-23)
(0.00020822156 0.00025864733 4.281864e-25)
(0.00025444587 0.00030790818 3.9137438e-23)
(0.00031037352 0.00036438242 2.9548285e-24)
(0.0003780147 0.00042857725 5.8598143e-23)
(0.00045974186 0.0005008204 -1.229074e-22)
(0.0005583157 0.00058117045 1.2503843e-22)
(0.00067689024 0.00066931632 -5.0490928e-23)
(0.00081898558 0.00076447566 -1.3551278e-22)
(0.0009884164 0.0008653071 1.387969e-22)
(0.0011891666 0.00096985612 0)
(0.0014252064 0.0010755564 2.5979166e-22)
(0.0017002593 0.0011793046 -2.49372e-22)
(0.002017537 0.0012776173 0)
(0.0023794747 0.0013668615 -9.5862057e-23)
(0.0027875007 0.0014435405 -4.6686432e-22)
(0.0032419704 0.0015045502 -5.054193e-22)
(0.0037419142 0.0015472245 0)
(0.0042848306 0.0015693351 -1.1581732e-23)
(0.0048679701 0.0015713129 -8.7704055e-22)
(0.0054874975 0.0015525161 1.6882914e-23)
(0.0061392973 0.0015127307 2.2414298e-21)
(0.0068169453 0.0014541486 2.913328e-22)
(0.0075217692 0.001372733 0)
(0.0082178135 0.0012903969 -2.8447759e-23)
(0.0090139344 0.0011437206 0)
(1.8732963e-06 2.3275848e-06 -2.2369381e-24)
(5.9918836e-06 7.4278399e-06 1.8857624e-27)
(1.093605e-05 1.3521401e-05 4.652271e-24)
(1.6872652e-05 2.0795858e-05 -5.5706954e-24)
(2.4001824e-05 2.947247e-05 -6.4336848e-27)
(3.2564864e-05 3.9810287e-05 -7.9103228e-24)
(4.2852649e-05 5.2111254e-05 9.4686166e-24)
(5.5215861e-05 6.6725308e-05 0)
(7.0077441e-05 8.4055012e-05 -1.3250857e-23)
(8.7947622e-05 0.00010455923 1.58337e-23)
(0.00010944196 0.000128755 1.4673233e-25)
(0.00013530278 0.00015721653 1.2670839e-20)
(0.00016642449 0.0001905697 -1.2017875e-20)
(0.00020388282 0.00022948012 9.4375458e-25)
(0.00024896805 0.00027463242 2.167048e-24)
(0.00030322123 0.00032669807 0)
(0.00036847191 0.00038628897 0)
(0.00044687403 0.00045389475 -1.262898e-23)
(0.00054093518 0.00052980283 -6.7733122e-24)
(0.00065353202 0.00061400301 0)
(0.00078790268 0.00070608207 0)
(0.00094760553 0.00080511909 3.3449407e-23)
(0.0011364341 0.0009095977 -6.7746049e-23)
(0.0013582807 0.001017356 0)
(0.0016169496 0.0011255968 -1.2487684e-22)
(0.0019159267 0.0012309753 3.6665307e-22)
(0.0022581302 0.0013297714 1.0866822e-22)
(0.0026456696 0.001418137 3.0193188e-22)
(0.003079635 0.0014924064 3.7124885e-22)
(0.0035601165 0.0015493429 0)
(0.0040858318 0.00158608 0)
(0.0046541558 0.001601507 -7.4101623e-22)
(0.0052632174 0.001593705 4.3364754e-22)
(0.0059066821 0.0015637884 -1.7790171e-22)
(0.006582951 0.001511408 -1.278278e-21)
(0.0072846316 0.0014388446 0)
(0.0080126314 0.001341515 0)
(0.0087301847 0.0012455282 -1.6088927e-21)
(0.0095501854 0.0010690349 0)
(2.2486817e-06 2.4446416e-06 -9.3092069e-30)
(7.1903393e-06 7.8007394e-06 -1.8297884e-27)
(1.311883e-05 1.4198928e-05 0)
(2.0231917e-05 2.1835541e-05 5.2286048e-27)
(2.8766308e-05 3.0941989e-05 6.2430432e-27)
(3.9006407e-05 4.1788913e-05 1.462591e-26)
(5.1293731e-05 5.4691367e-05 0)
(6.6038198e-05 7.0013912e-05 0)
(8.3731681e-05 8.8175137e-05 4.9220206e-26)
(0.00010496413 0.00010965103 -7.2408955e-21)
(0.00013044254 0.00013497635 7.0561191e-21)
(0.00016101319 0.00016474268 -2.1051897e-23)
(0.00019768716 0.00019959168 2.4095311e-23)
(0.00024166932 0.00024020121 -2.8797757e-23)
(0.00029439008 0.00028726211 -2.0703627e-24)
(0.00035753898 0.00034144265 -3.7777121e-23)
(0.00043309779 0.00040333807 8.6410557e-23)
(0.0005233698 0.00047340324 5.1459245e-24)
(0.0006309998 0.0005518677 -1.0662795e-22)
(0.00075897779 0.00063863568 5.8761446e-23)
(0.00091061759 0.00073317721 -3.0245442e-23)
(0.0010895008 0.00083442228 1.9090569e-22)
(0.0012993776 0.00094067519 -5.4233696e-24)
(0.0015440206 0.001049571 -2.5771741e-22)
(0.0018270337 0.001158096 1.2816578e-22)
(0.002151629 0.0012626898 -2.3580249e-22)
(0.0025203955 0.0013594327 0)
(0.0029350908 0.0014443067 -5.9318776e-22)
(0.0033964736 0.0015135293 1.8820532e-22)
(0.0039045002 0.0015637867 -3.1458848e-22)
(0.0044572923 0.0015924592 -2.68976e-22)
(0.0050505737 0.0015980248 7.4142863e-22)
(0.0056840328 0.0015783875 -2.0198021e-22)
(0.0063541358 0.0015355469 1.2814401e-21)
(0.0070545642 0.0014688318 -3.3434419e-22)
(0.0077793867 0.0013808253 -1.0435799e-21)
(0.0085287867 0.0012666307 1.7440604e-21)
(0.0092657197 0.0011565317 0)
(0.010103681 0.00094936371 0)
(2.664276e-06 2.5277623e-06 -5.0121884e-28)
(8.5170123e-06 8.065226e-06 3.53255e-24)
(1.5534838e-05 1.4678879e-05 -8.4526161e-24)
(2.3949582e-05 2.2570945e-05 5.0592856e-24)
(3.4038214e-05 3.1979589e-05 5.8123815e-27)
(4.6132536e-05 4.3183015e-05 -7.1956869e-24)
(6.0629655e-05 5.6504623e-05 8.5636654e-24)
(7.800439e-05 7.2317976e-05 0)
(9.8823971e-05 9.1051079e-05 -4.7772627e-26)
(0.00012376523 0.00011318932 -6.3852513e-21)
(0.00015363455 0.00013927614 9.1233048e-21)
(0.00018939062 0.00016991016 -2.001043e-23)
(0.00023217019 0.00020573686 -2.2889993e-23)
(0.00028331622 0.0002474329 2.6540772e-23)
(0.00034440789 0.00029568027 1.9682334e-24)
(0.00041729075 0.00035112756 0)
(0.00050410444 0.00041433584 4.329891e-23)
(0.00060730425 0.0004857071 -4.6618744e-23)
(0.00072967071 0.00056539535 1.2908753e-23)
(0.00087430047 0.0006532032 1.3628382e-23)
(0.00104457 0.00074847134 -2.9869751e-23)
(0.0012440641 0.0008499735 3.0190636e-23)
(0.0014764631 0.00095583541 1.2237702e-22)
(0.0017453864 0.0010634998 -1.2729716e-22)
(0.0020541998 0.0011697593 0)
(0.0024058003 0.0012708741 1.1622831e-22)
(0.0028024035 0.0013627745 2.0899133e-22)
(0.0032453615 0.001441337 1.9811759e-22)
(0.0037350191 0.0015027076 0)
(0.0042706106 0.0015434995 3.1792918e-22)
(0.0048495331 0.0015610799 -5.390979e-22)
(0.0054709241 0.0015535451 -7.1738193e-22)
(0.006130705 0.0015213303 1.0350186e-21)
(0.0068246647 0.0014633272 0)
(0.0075477989 0.0013808349 -2.8939339e-22)
(0.0082938876 0.0012764006 1.3398429e-21)
(0.0090618821 0.0011450064 -1.7708314e-21)
(0.0098149928 0.0010209667 0)
(0.010663569 0.00078376344 0)
(3.1185073e-06 2.5686455e-06 0)
(9.9668502e-06 8.1948307e-06 0)
(1.817481e-05 1.4913108e-05 0)
(2.8011267e-05 2.2928083e-05 -4.7241276e-27)
(3.979695e-05 3.2480515e-05 -5.6400838e-27)
(5.3915094e-05 4.3851263e-05 0)
(7.082303e-05 5.736628e-05 8.0987562e-24)
(9.1065755e-05 7.3401343e-05 -9.6486869e-24)
(0.00011529178 9.2385939e-05 -1.1450671e-23)
(0.00014427139 0.00011480563 1.3581733e-23)
(0.00017891745 0.00014120195 0)
(0.00022030864 0.00017216833 -1.8470564e-23)
(0.00026971505 0.00020834039 2.1838958e-23)
(0.00032862524 0.00025037825 8.1577199e-25)
(0.00039877389 0.00029893824 -2.9634197e-23)
(0.00048216779 0.00035463135 3.448638e-23)
(0.00058110733 0.00041796581 -2.468098e-24)
(0.00069819913 0.00048927232 -5.3594263e-24)
(0.00083635426 0.0005686122 5.9275656e-24)
(0.00099876498 0.0006556723 -4.6505421e-25)
(0.0011888529 0.00074965461 0)
(0.0014101815 0.00084917445 -5.6539784e-20)
(0.0016663296 0.0009521862 2.0222857e-20)
(0.0019607269 0.001055959 0)
(0.0022964606 0.0011571235 0)
(0.0026760703 0.0012518046 -7.5477103e-25)
(0.0031013559 0.0013358384 -1.1528157e-22)
(0.0035732216 0.0014050574 1.8171162e-22)
(0.0040915676 0.0014556079 -1.7777462e-22)
(0.0046552223 0.0014841959 -9.2410962e-20)
(0.0052619602 0.0014882805 -7.3432634e-21)
(0.005909365 0.001466107 2.2230648e-22)
(0.0065936818 0.0014177023 -1.0401817e-21)
(0.0073105839 0.0013433857 1.0092757e-21)
(0.0080546418 0.0012440913 -3.7414425e-23)
(0.0088193019 0.0011227757 -7.4875703e-22)
(0.0096021061 0.00097463166 5.1682858e-23)
(0.010367159 0.00083767424 3.9589543e-22)
(0.011217794 0.00057294238 0)
(3.6078284e-06 2.5580993e-06 1.8030672e-24)
(1.152851e-05 8.1602525e-06 -3.1335649e-24)
(2.101805e-05 1.4848335e-05 3.7519902e-24)
(3.2385061e-05 2.2825119e-05 4.4742338e-24)
(4.5997144e-05 3.232897e-05 -7.6163529e-27)
(6.2292559e-05 4.3637531e-05 -6.3852095e-24)
(8.1792956e-05 5.7072422e-05 0)
(0.00010511813 7.3003596e-05 -9.0146302e-24)
(0.00013300301 9.1852682e-05 1.075143e-23)
(0.00016631697 0.00011409466 0)
(0.00020608532 0.00014025683 1.4952447e-23)
(0.00025351292 0.00017091354 -1.8014506e-23)
(0.00031000922 0.00020667501 -1.9954083e-23)
(0.00037721393 0.00024816775 2.5009239e-23)
(0.00045702156 0.00029600415 2.6870432e-23)
(0.00055160261 0.00035073848 -6.2252535e-23)
(0.0006634178 0.00041280701 3.6860193e-23)
(0.00079522082 0.00048245101 1.0239402e-23)
(0.00095004392 0.00055962347 -5.0662687e-23)
(0.0011311597 0.00064388411 -5.9920249e-23)
(0.001342013 0.00073429141 1.0758678e-22)
(0.0015861173 0.00082930636 -2.2972979e-20)
(0.0018669156 0.00092672739 6.3845638e-20)
(0.0021876087 0.0010236784 -1.1010848e-22)
(0.002550964 0.0011166706 1.1334015e-22)
(0.0029591238 0.0012017489 7.6515499e-20)
(0.0034134354 0.0012747209 -1.5170658e-20)
(0.0039143274 0.0013314457 1.7530603e-22)
(0.0044612388 0.0013681442 0)
(0.0050526066 0.0013816551 1.6190087e-21)
(0.0056859784 0.0013696047 9.7159054e-20)
(0.0063583765 0.001330656 0)
(0.0070658312 0.0012648197 -9.4213719e-22)
(0.0078035611 0.0011729183 -1.9098569e-22)
(0.0085657861 0.0010562715 8.0760378e-22)
(0.0093454116 0.00091831795 0)
(0.010138327 0.00075482803 0)
(0.010910163 0.00060702293 3.0344755e-22)
(0.011753455 0.00031938471 1.3612198e-21)
(4.1266782e-06 2.4866403e-06 1.6745017e-24)
(1.3184202e-05 7.9312632e-06 -2.9171859e-24)
(2.4032091e-05 1.4429601e-05 -3.4842582e-24)
(3.7020878e-05 2.2177644e-05 8.3301972e-24)
(5.2567567e-05 3.1405529e-05 -9.9414194e-24)
(7.1168323e-05 4.2380825e-05 1.756182e-26)
(9.3412366e-05 5.5412815e-05 1.4119328e-23)
(0.0001199979 7.0856307e-05 -1.6791377e-23)
(0.00015175024 8.9114316e-05 1.003115e-23)
(0.000189642 0.00011063891 1.1678618e-23)
(0.00023481529 0.00013592915 -1.3991112e-23)
(0.00028860533 0.00016552465 0)
(0.00035256475 0.00019999289 -3.074075e-25)
(0.00042848727 0.00023990808 -7.169045e-25)
(0.0005184287 0.00028581895 2.5786487e-23)
(0.00062472244 0.00033820304 -3.3807595e-23)
(0.00074998559 0.00039740531 -2.623773e-20)
(0.00089711084 0.00046356035 2.2099859e-20)
(0.0010692384 0.00053649955 0)
(0.0012697022 0.00061564834 -4.1295899e-20)
(0.0015019447 0.00069992319 2.7807652e-20)
(0.0017693981 0.00078764333 -1.0555576e-22)
(0.0020753328 0.00087647688 -1.0357518e-22)
(0.0024226815 0.00096344288 1.088599e-22)
(0.0028138524 0.0010449877 5.5859725e-23)
(0.0032505534 0.0011171451 1.9770076e-20)
(0.0037336491 0.0011757732 -8.1234425e-20)
(0.0042630698 0.0012168447 -1.7590476e-22)
(0.0048377784 0.0012367499 1.4880961e-22)
(0.0054557957 0.0012325545 4.0679778e-22)
(0.00611431 0.0012021826 -5.0387153e-22)
(0.0068098591 0.001144651 -2.0409356e-22)
(0.0075381036 0.0010602007 1.8583887e-21)
(0.0082937796 0.00095010228 -7.897267e-22)
(0.0090705898 0.0008162946 -7.2299533e-23)
(0.0098607489 0.00066282773 9.0058904e-22)
(0.01065831 0.00048649893 0)
(0.011431043 0.00033111802 0)
(0.012257243 2.7475541e-05 -1.6738345e-21)
(4.6660928e-06 2.3443108e-06 -1.5395562e-24)
(1.4905337e-05 7.4761413e-06 -6.7270696e-28)
(2.7164917e-05 1.3599265e-05 3.2027964e-24)
(4.1838758e-05 2.0897195e-05 -3.8335723e-24)
(5.9394959e-05 2.9585134e-05 -4.5865642e-27)
(8.0389489e-05 3.9912729e-05 0)
(0.00010548124 5.216779e-05 0)
(0.00013544911 6.6679402e-05 7.6935499e-24)
(0.00017121117 8.3819818e-05 -1.8269059e-23)
(0.00021384573 0.00010400436 1.0958913e-23)
(0.00026461394 0.00012768832 9.6634279e-26)
(0.00032498323 0.00015535931 0)
(0.00039665053 0.00018752336 0)
(0.00048156351 0.00022468246 0)
(0.00058193733 0.00026730127 7.1922644e-25)
(0.00070026381 0.00031576052 3.4160466e-24)
(0.00083930854 0.00037029548 -1.9637377e-20)
(0.001002091 0.00043091902 3.0404852e-20)
(0.0011918424 0.00049733126 0)
(0.0014119348 0.00056882149 -2.6008634e-20)
(0.0016657805 0.00064417263 4.6434768e-20)
(0.001956697 0.00072158359 0)
(0.0022877461 0.0007986288 -2.3553698e-23)
(0.002661555 0.00087227529 0)
(0.0030801372 0.00093897354 -4.9791538e-23)
(0.0035447362 0.00099482855 -8.8562027e-23)
(0.0040557101 0.0010358418 -8.9721345e-23)
(0.0046124743 0.0010581984 -3.0715449e-22)
(0.0052135016 0.0010585599 1.246659e-23)
(0.0058563698 0.0010343174 -8.3133026e-24)
(0.0065378514 0.00098377929 -1.2120972e-22)
(0.007254002 0.0009063639 3.8573423e-22)
(0.0080000165 0.00080269578 -7.2613883e-22)
(0.0087700838 0.00067456452 6.2643538e-22)
(0.0095572253 0.00052466535 -8.3130192e-23)
(0.010352834 0.00035781824 -1.7532963e-21)
(0.011149043 0.00017234345 1.046947e-21)
(0.011916337 1.3933297e-05 1.5961815e-21)
(0.012715932 -0.0002964799 0)
(5.2153654e-06 2.1224548e-06 -3.5288421e-28)
(1.6657666e-05 6.7673133e-06 -2.4240516e-24)
(3.0354029e-05 1.2307226e-05 2.9010586e-24)
(4.6742311e-05 1.8906892e-05 3.4614716e-24)
(6.6342272e-05 2.6759113e-05 -1.1113999e-26)
(8.977025e-05 3.6086916e-05 -4.9365044e-24)
(0.00011775533 4.714652e-05 0)
(0.00015115749 6.0229628e-05 0)
(0.00019098778 7.566438e-05 -6.4501133e-26)
(0.00023843002 9.3814247e-05 0)
(0.00029486371 0.00011507383 -9.3805704e-26)
(0.00036188704 0.00013986017 0)
(0.00044133864 0.0001685978 0)
(0.00053531596 0.00020169552 0)
(0.00064618738 0.00023951269 -1.3430006e-24)
(0.00077659441 0.000282313 -2.6897074e-23)
(0.00092943916 0.00033020435 5.889171e-25)
(0.0011078522 0.00038306487 2.7998458e-23)
(0.0013151354 0.0004404577 -4.2018156e-24)
(0.001554675 0.0005015406 0)
(0.0018298241 0.00056498088 0)
(0.002143754 0.00062889085 0)
(0.0024992846 0.00069080211 1.3152772e-22)
(0.0028987056 0.00074769765 -1.7939109e-22)
(0.0033436084 0.00079611553 4.8955266e-23)
(0.0038347501 0.00083232794 6.327791e-24)
(0.0043719692 0.00085258379 7.1376403e-24)
(0.0049541594 0.00085338792 1.5343684e-22)
(0.0055792976 0.00083178001 0)
(0.0062445034 0.00078557576 0)
(0.0069461059 0.00071355092 2.0129273e-22)
(0.0076796688 0.00061560618 -3.8958667e-22)
(0.0084398541 0.00049286988 4.6123308e-22)
(0.0092202141 0.00034774593 -1.4930608e-22)
(0.010012955 0.00018379651 -1.001819e-21)
(0.010808528 6.7696211e-06 1.6206737e-21)
(0.011597162 -0.00018299014 -1.4194601e-21)
(0.012352601 -0.00033866517 -1.2862073e-22)
(0.013116978 -0.00064434302 -1.4911424e-22)
(5.7571696e-06 1.8124301e-06 -1.2361783e-24)
(1.8386053e-05 5.7772673e-06 2.1530979e-24)
(3.3499337e-05 1.0503536e-05 0)
(5.1578082e-05 1.6130147e-05 -2.4428965e-21)
(7.319282e-05 2.2819329e-05 2.8793079e-21)
(9.9019148e-05 3.0757963e-05 4.3804742e-24)
(0.00012985495 4.0159668e-05 0)
(0.00016663958 5.1266113e-05 -6.180727e-24)
(0.00021047482 6.4346937e-05 7.1930754e-26)
(0.00026264721 7.9697584e-05 8.7166196e-24)
(0.00032465099 9.7634087e-05 0)
(0.00039821044 0.00011848349 1.2008034e-23)
(0.00048529986 0.00014256834 -2.8271627e-23)
(0.00058815868 0.00017018332 3.2951222e-23)
(0.0007092985 0.00020156228 -1.8324371e-23)
(0.0008514977 0.00023683377 7.1941861e-25)
(0.001017779 0.00027596425 -2.4696946e-23)
(0.0012113644 0.00031868938 5.6211873e-23)
(0.0014356034 0.00036443647 6.8671078e-24)
(0.0016938699 0.0004122443 -3.0688446e-23)
(0.001989429 0.00046069113 0)
(0.0023252764 0.00050784544 0)
(0.0027039626 0.00055125681 -3.9562682e-23)
(0.0031274163 0.0005880034 -1.8763739e-23)
(0.0035967904 0.00061480701 4.569959e-24)
(0.0041123487 0.00062821601 7.3270816e-23)
(0.0046734117 0.00062484247 -6.7774226e-23)
(0.0052783601 0.00060162708 6.8948729e-23)
(0.0059246841 0.00055609844 -2.2815591e-22)
(0.0066090471 0.00048659687 1.1363662e-22)
(0.0073273262 0.00039245025 -2.9447546e-22)
(0.0080745845 0.00027412627 8.9296881e-23)
(0.0088449034 0.00013335457 -3.59732e-23)
(0.0096311178 -2.6756884e-05 -2.3682084e-22)
(0.010424514 -0.00020169652 0)
(0.01121449 -0.00038466536 -7.7878507e-22)
(0.011989461 -0.00057283741 -5.6743137e-22)
(0.012726893 -0.00071906823 -1.4464533e-21)
(0.013448834 -0.0010064686 8.3927872e-22)
(6.277236e-06 1.4102563e-06 -5.3496384e-25)
(2.0044687e-05 4.4933819e-06 9.3177418e-25)
(3.6516953e-05 8.165362e-06 0)
(5.6216183e-05 1.2532107e-05 -2.1980962e-21)
(7.9761098e-05 1.7716814e-05 2.667056e-21)
(0.0001078834 2.3860405e-05 1.8889359e-24)
(0.00014144593 3.1122572e-05 6.6429194e-23)
(0.00018146269 3.9681985e-05 -1.1352628e-22)
(0.00022912049 4.9735088e-05 -3.1624706e-24)
(0.00028580162 6.1492853e-05 7.5087574e-24)
(0.00035310667 7.5174619e-05 -4.4499556e-24)
(0.00043287593 9.0997872e-05 0)
(0.00052720741 0.00010916256 0)
(0.00063846852 0.00012982838 7.1662068e-24)
(0.00076929778 0.00015308353 -8.5779176e-24)
(0.00092259198 0.00017890361 2.7367486e-25)
(0.0011014738 0.00020710019 6.2276495e-25)
(0.0013092344 0.00023726021 0)
(0.001549247 0.00026867943 -2.8560225e-23)
(0.0018248492 0.00030029647 2.9454683e-23)
(0.0021391951 0.0003306376 0)
(0.0024950845 0.0003577854 0)
(0.0028947831 0.00037938665 1.0447753e-23)
(0.0033398511 0.00039271287 2.5766076e-24)
(0.003831004 0.00039478201 5.3952105e-23)
(0.0043680243 0.00038253911 -3.4131092e-23)
(0.0049497351 0.00035308156 0)
(0.0055740309 0.00030390373 0)
(0.0062379424 0.00023313176 1.6341997e-22)
(0.0069376968 0.00013972637 3.7140519e-23)
(0.0076687292 2.3648383e-05 -1.5764053e-22)
(0.0084256025 -0.00011399214 1.4385879e-22)
(0.0092017918 -0.00027078956 -3.3112341e-22)
(0.0099893618 -0.00044286926 6.6793531e-22)
(0.010778606 -0.0006247425 -2.814076e-22)
(0.01155775 -0.00080851905 1.7366674e-22)
(0.012313466 -0.00098857641 3.3298985e-22)
(0.013026881 -0.0011184591 8.7838161e-23)
(0.013699274 -0.0013725492 -4.6725149e-22)
(6.7439129e-06 9.12061e-07 1.1765621e-28)
(2.1533165e-05 2.9032983e-06 -7.7063626e-25)
(3.9225198e-05 5.2702351e-06 2.2674091e-27)
(6.037911e-05 8.0782714e-06 1.101424e-24)
(8.5656964e-05 1.1402793e-05 0)
(0.00011584092 1.5328584e-05 -1.5614299e-24)
(0.00015185222 1.9949693e-05 5.3501226e-23)
(0.00019477194 2.5368434e-05 -2.6251321e-23)
(0.00024586318 3.1693003e-05 -2.6324869e-24)
(0.00030659398 3.9033198e-05 5.5094781e-27)
(0.0003786598 4.7493514e-05 0)
(0.00046400388 5.7162677e-05 4.2850949e-24)
(0.00056483306 6.8098506e-05 -6.2961781e-26)
(0.00068362588 8.0306929e-05 -5.9766864e-24)
(0.00082312889 9.3714027e-05 0)
(0.0009863363 0.00010813033 -7.9992414e-24)
(0.0011764478 0.00012320737 1.6926355e-23)
(0.0013967994 0.00013838782 -1.0146943e-23)
(0.001650764 0.00015285277 9.429719e-24)
(0.0019416198 0.00016547217 -1.7086696e-23)
(0.0022723908 0.00017476791 0)
(0.0026456684 0.0001789014 0)
(0.0030634298 0.00017569865 -1.997153e-23)
(0.0035268744 0.00016272355 6.6878467e-23)
(0.004036301 0.00013740375 2.0075954e-23)
(0.0045910439 9.720431e-05 -6.7256611e-23)
(0.0051894732 3.9833758e-05 4.0446438e-23)
(0.0058290476 -3.6539923e-05 -7.1595829e-23)
(0.0065063884 -0.00013308566 -1.5780986e-23)
(0.0072173293 -0.00025013168 -8.0983016e-23)
(0.007956895 -0.00038701161 7.775199e-23)
(0.0087191684 -0.00054191298 -1.4070266e-22)
(0.0094970222 -0.00071170738 5.7841376e-23)
(0.010281741 -0.00089173599 -1.1778006e-22)
(0.011062599 -0.0010755916 -8.5989097e-23)
(0.011826551 -0.0012544079 0)
(0.012558492 -0.0014198704 4.4639841e-22)
(0.01324167 -0.0015282273 3.2572574e-22)
(0.013854103 -0.0017327081 2.1542967e-23)
(7.1497825e-06 3.234555e-07 8.7763259e-26)
(2.2826851e-05 1.0251373e-06 -1.5237093e-25)
(4.1577487e-05 1.8514806e-06 1.8235318e-25)
(6.3992169e-05 2.8204939e-06 2.3697083e-28)
(9.0769584e-05 3.95172e-06 0)
(0.00012273428 5.2645601e-06 -3.0879932e-25)
(0.00016085621 6.7768558e-06 1.7474882e-27)
(0.00020627195 8.5026044e-06 4.3864144e-25)
(0.00026030716 1.0448386e-05 5.1686507e-25)
(0.00032449946 1.2608117e-05 -6.2123962e-25)
(0.00040062039 1.4955579e-05 0)
(0.00049069459 1.7434051e-05 0)
(0.00059701354 1.9942293e-05 0)
(0.00072214043 2.2316098e-05 -4.0449408e-26)
(0.00086890165 2.4304846e-05 0)
(0.0010403601 2.5542817e-05 0)
(0.0012397644 2.5515875e-05 3.6989726e-24)
(0.0014704702 2.3525316e-05 -3.9932132e-24)
(0.0017358285 1.8652513e-05 0)
(0.0020390435 9.7300762e-06 6.0289077e-24)
(0.002383003 -4.6725469e-06 -5.2512661e-24)
(0.0027700941 -2.6239711e-05 0)
(0.0032020235 -5.686723e-05 0)
(0.003679663 -9.8580454e-05 9.0163435e-25)
(0.0042029442 -0.00015341158 2.8502086e-20)
(0.0047708179 -0.00022324256 -2.9573542e-20)
(0.0053812763 -0.0003096276 1.1618919e-23)
(0.006031422 -0.00041361287 0)
(0.0067175429 -0.00053556866 1.1473209e-23)
(0.0074351455 -0.00067503882 4.4171955e-23)
(0.0081788975 -0.00083059826 1.3424196e-23)
(0.0089424457 -0.00099969719 -5.784705e-23)
(0.0097180989 -0.0011784727 -1.1523003e-23)
(0.010496408 -0.0013615186 0)
(0.0112657 -0.0015416698 0)
(0.012011719 -0.0017094222 0)
(0.012717836 -0.0018548442 -9.9116211e-23)
(0.013367395 -0.0019421012 -2.376723e-23)
(0.013920842 -0.0020793049 1.3756529e-22)
(7.4446584e-06 -3.6618606e-07 -1.1680294e-25)
(2.3767294e-05 -1.1751179e-06 2.0344831e-25)
(4.3288437e-05 -2.1529195e-06 9.9961913e-22)
(6.6621807e-05 -3.3367588e-06 -1.2e-21)
(9.4493307e-05 -4.7720118e-06 0)
(0.00012775909 -6.5151321e-06 0)
(0.00016742555 -8.6364701e-06 -7.4381161e-28)
(0.00021467093 -1.1223922e-05 0)
(0.00027086796 -1.438769e-05 2.0906339e-27)
(0.00033760661 -1.8266388e-05 0)
(0.00041671557 -2.3034787e-05 0)
(0.00051028019 -2.891354e-05 6.8211422e-27)
(0.00062065421 -3.618123e-05 0)
(0.00075046132 -4.5188947e-05 1.4822136e-24)
(0.00090258221 -5.6377407e-05 -1.8317737e-24)
(0.0010801216 -7.02962e-05 9.7722354e-26)
(0.0012863503 -8.7624041e-05 9.3165475e-21)
(0.0015246172 -0.00010918795 -1.1141407e-20)
(0.0017982301 -0.00013597798 3.1031936e-24)
(0.0021103043 -0.00016915266 -3.2172874e-24)
(0.0024635889 -0.00021002923 6.432856e-25)
(0.0028602814 -0.00026005209 0)
(0.003301852 -0.00032073427 0)
(0.0037889001 -0.00039356943 -7.2609732e-24)
(0.0043210651 -0.00047991706 2.0515059e-20)
(0.0048970036 -0.00058086894 -2.1427054e-20)
(0.0055144284 -0.00069710873 0)
(0.0061701853 -0.00082877636 0)
(0.0068603218 -0.00097534282 0)
(0.0075800982 -0.0011354903 1.0247919e-23)
(0.0083238921 -0.0013069819 -2.443651e-23)
(0.0090849739 -0.0014865017 -2.5245163e-23)
(0.009855153 -0.0016694536 0)
(0.010624345 -0.0018497408 0)
(0.011380109 -0.0020196318 -6.239873e-23)
(0.012107288 -0.0021693516 5.0448254e-23)
(0.012788728 -0.0022889975 0)
(0.013407577 -0.0023582426 6.0828599e-23)
(0.013918229 -0.002418835 0)
(7.6199056e-06 -1.1306271e-06 -1.3051252e-25)
(2.432518e-05 -3.6137526e-06 2.2736123e-25)
(4.4301541e-05 -6.5906309e-06 5.5436997e-22)
(6.8175607e-05 -1.0159304e-05 -6.6017763e-22)
(9.6688141e-05 -1.4436686e-05 0)
(0.00013071223 -1.9562689e-05 -2.6491221e-28)
(0.00017127336 -2.5704506e-05 7.4382972e-28)
(0.000219571 -3.3061644e-05 0)
(0.00027700104 -4.1871826e-05 -2.0907374e-27)
(0.00034517825 -5.2417797e-05 0)
(0.00042595691 -6.5035028e-05 0)
(0.00052144782 -8.0120284e-05 -1.1924406e-27)
(0.00063402834 -9.8140855e-05 -1.4303785e-24)
(0.00076634182 -0.00011964408 1.7276001e-24)
(0.00092128167 -0.0001452665 4.121944e-21)
(0.0011019548 -0.00017574146 -5.0020775e-21)
(0.0013116194 -0.00021190369 5.1545531e-21)
(0.0015535923 -0.00025468838 -5.6232432e-21)
(0.0018311244 -0.00030512205 -2.9178424e-24)
(0.0021472465 -0.00036430171 1.3263218e-23)
(0.0025045927 -0.00043335892 -7.9202219e-24)
(0.0029052177 -0.00051340615 9.6087049e-25)
(0.0033504268 -0.00060546456 0)
(0.0038406438 -0.00071037537 7.3659995e-24)
(0.0043753361 -0.00082870067 -1.5057942e-23)
(0.0049530053 -0.00096062221 7.5672307e-24)
(0.0055712345 -0.0011058468 0)
(0.0062267621 -0.0012635225 0)
(0.0069155342 -0.0014321604 0)
(0.0076326859 -0.0016095476 -2.039053e-23)
(0.0083724092 -0.0017926296 5.281811e-23)
(0.0091276928 -0.0019773459 7.654231e-24)
(0.0098899541 -0.002158419 0)
(0.010648633 -0.0023291575 1.6561277e-24)
(0.011390762 -0.0024814402 2.8400697e-23)
(0.012100613 -0.0026052114 -6.8821905e-23)
(0.012761656 -0.00269037 0)
(0.013358824 -0.0027235285 -6.1473267e-23)
(0.0138627 -0.0027173384 0)
(7.6198853e-06 -1.9088676e-06 7.841103e-30)
(2.4324513e-05 -6.0959485e-06 8.5852581e-26)
(4.4299258e-05 -1.1106769e-05 -9.8139173e-28)
(6.8170183e-05 -1.7100897e-05 -1.2179859e-25)
(9.6677227e-05 -2.4267461e-05 1.422718e-25)
(0.00013069227 -3.2830435e-05 -1.6965531e-25)
(0.00017123903 -4.3054314e-05 -1.9648498e-25)
(0.00021951444 -5.5250407e-05 5.4456478e-27)
(0.00027691074 -6.9783715e-05 5.393846e-25)
(0.00034503749 -8.7080183e-05 -6.2219903e-25)
(0.00042574163 -0.00010763406 3.6392047e-25)
(0.00052112369 -0.00013201484 -4.0044114e-25)
(0.00063354682 -0.00016087322 4.6795026e-25)
(0.00076563507 -0.00019494484 0)
(0.00092025603 -0.00023505068 6.3073406e-22)
(0.0011004829 -0.00028209223 -5.7107252e-22)
(0.0013095309 -0.00033703928 0)
(0.0015506639 -0.00040090803 -1.2788831e-25)
(0.0018270708 -0.000474727 -2.0840663e-25)
(0.0021417122 -0.00055948903 -7.8817947e-25)
(0.0024971491 -0.00065608867 1.5323091e-25)
(0.0028953658 -0.00076524663 -5.7456436e-25)
(0.0033376089 -0.00088742565 1.8766051e-24)
(0.0038242642 -0.0010227453 0)
(0.0043547898 -0.0011709046 -4.1076237e-24)
(0.0049277106 -0.0013311211 0)
(0.0055406613 -0.0015020898 6.4081611e-25)
(0.0061904458 -0.0016819556 -6.5224781e-25)
(0.0068730642 -0.0018682852 0)
(0.0075836607 -0.0020580117 -1.3042163e-23)
(0.0083163584 -0.0022473289 -2.3582237e-23)
(0.009063975 -0.0024315245 -2.12727e-23)
(0.009817659 -0.0026047595 0)
(0.010566545 -0.0027599095 2.8952269e-23)
(0.011297352 -0.0028887063 9.1384609e-23)
(0.011993752 -0.0029808746 -1.3120673e-22)
(0.012640193 -0.0030262059 9.9004546e-23)
(0.013222617 -0.0030149196 -2.2498678e-22)
(0.013719498 -0.0029497647 -2.6408667e-22)
(7.4539077e-06 -2.667067e-06 -1.632209e-22)
(2.3794284e-05 -8.5139268e-06 2.8900679e-22)
(4.3333046e-05 -1.5505464e-05 -3.0019098e-28)
(6.6682376e-05 -2.386086e-05 0)
(9.4565699e-05 -3.3839125e-05 5.3213191e-25)
(0.00012783536 -4.5745442e-05 -6.3765542e-25)
(0.00016749205 -5.9938089e-05 7.6236996e-25)
(0.00021470558 -7.683585e-05 -8.310941e-22)
(0.00027083654 -9.6925641e-05 1.052628e-21)
(0.00033745761 -0.00012076997 -1.2943314e-24)
(0.00041637322 -0.00014901358 4.6449341e-28)
(0.00050963531 -0.00018238845 -1.5750297e-21)
(0.00061955221 -0.00022171581 2.1088313e-21)
(0.00074868709 -0.00026790368 -2.618089e-24)
(0.00089984143 -0.00032193775 6.0073637e-24)
(0.0010760186 -0.00038486336 -3.5174508e-24)
(0.0012803631 -0.00045775603 0)
(0.0015160712 -0.00054167808 5.895489e-25)
(0.0017862728 -0.00063762002 -1.043939e-24)
(0.0020938863 -0.00074642652 1.224105e-23)
(0.0024414557 -0.00086870964 -1.338927e-23)
(0.0028309839 -0.001004755 -1.9732909e-23)
(0.003263781 -0.00115443 1.3693559e-23)
(0.0037403484 -0.0013171061 -1.5619908e-23)
(0.0042603135 -0.0014916068 2.0696727e-23)
(0.0048224173 -0.0016761888 0)
(0.0054245408 -0.0018685559 0)
(0.0060637362 -0.0020658901 1.5297362e-23)
(0.0067362188 -0.0022648723 2.3416328e-24)
(0.0074372773 -0.0024616606 6.4949358e-23)
(0.0081610787 -0.0026517976 1.7945554e-22)
(0.0089003713 -0.002830045 -2.0888768e-23)
(0.0096461394 -0.0029901539 -6.907902e-23)
(0.010387342 -0.0031247854 6.7540652e-23)
(0.011110546 -0.0032257376 -6.806206e-23)
(0.011798627 -0.0032827258 -2.8013371e-22)
(0.012437236 -0.0032858648 7.4741091e-23)
(0.013012804 -0.0032281361 1.5615553e-22)
(0.0135071 -0.0031090842 8.6160813e-23)
(7.1133211e-06 -3.3641781e-06 -3.6547571e-22)
(2.270745e-05 -1.0736771e-05 6.3013939e-22)
(4.1354719e-05 -1.9548567e-05 1.7170194e-24)
(6.3639912e-05 -3.007323e-05 6.4543168e-28)
(9.0254152e-05 -4.2633565e-05 8.5844535e-28)
(0.00012201198 -5.760874e-05 0)
(0.00015987004 -7.5442288e-05 0)
(0.00020494713 -9.6650412e-05 -1.8882639e-21)
(0.00025854516 -0.00012183015 2.1860265e-21)
(0.00032216993 -0.00015166678 5.2586719e-26)
(0.00039755058 -0.00018693959 7.0096703e-24)
(0.00048665535 -0.00022852461 -3.6828528e-21)
(0.00059170133 -0.00027739267 4.1154927e-21)
(0.0007151545 -0.00033460057 1.1471497e-23)
(0.00085971607 -0.00040127261 0)
(0.0010282906 -0.00047856972 0)
(0.0012239314 -0.00056764327 1.7563576e-23)
(0.0014497604 -0.00066957123 -2.0809559e-23)
(0.00170886 -0.00078527623 1.0439315e-24)
(0.0020041419 -0.00091542713 -2.4961718e-23)
(0.0023381975 -0.0010603299 2.3720308e-23)
(0.0027131447 -0.0012198179 -2.3693714e-23)
(0.0031304866 -0.0013931555 1.3232768e-24)
(0.0035909999 -0.0015789718 5.3315494e-23)
(0.0040946629 -0.0017752376 4.2845266e-23)
(0.0046406267 -0.0019792925 -1.2798889e-22)
(0.0052272103 -0.0021879147 6.3832272e-23)
(0.0058518919 -0.0023974089 -4.3548624e-23)
(0.0065112547 -0.0026036745 8.8453603e-21)
(0.0072008566 -0.0028022139 -3.8130672e-20)
(0.007915009 -0.0029880531 1.5175605e-22)
(0.0086464785 -0.0031555824 0)
(0.009386176 -0.003298319 -3.4379658e-22)
(0.010122849 -0.0034091351 0)
(0.010843353 -0.0034796158 -2.1163199e-22)
(0.011529597 -0.0035002345 9.8747118e-22)
(0.012167647 -0.0034618302 0)
(0.012745143 -0.0033599815 -2.0106995e-20)
(0.013245227 -0.0031940115 5.5514353e-19)
(6.6137648e-06 -3.9637448e-06 2.6022054e-24)
(2.1113682e-05 -1.2648278e-05 -4.5291322e-24)
(3.8454262e-05 -2.3024782e-05 2.650682e-27)
(5.9180435e-05 -3.541346e-05 3.2388143e-24)
(8.393643e-05 -5.0191524e-05 0)
(0.00011348205 -6.7801104e-05 -4.6067454e-24)
(0.00014871038 -8.8758083e-05 5.5060117e-24)
(0.00019066689 -0.00011366105 0)
(0.00024056959 -0.00014319976 0)
(0.00029982933 -0.00017816228 -9.1907367e-24)
(0.00037006915 -0.00021943964 1.0968581e-23)
(0.00045314073 -0.00026802629 8.245251e-26)
(0.0005511359 -0.00032501417 1.5084562e-23)
(0.00066638979 -0.00039157774 -1.7828713e-23)
(0.00080147235 -0.00046894672 0)
(0.00095916392 -0.00055836323 0)
(0.0011424111 -0.00066102024 0)
(0.0013542595 -0.00077797944 3.0829808e-23)
(0.0015977625 -0.00091006857 -3.7995974e-23)
(0.0018758672 -0.0010577623 0)
(0.0021912835 -0.0012210548 1.0556281e-23)
(0.002546347 -0.0013993387 -5.7600165e-23)
(0.0029428873 -0.0015913074 4.8593479e-23)
(0.003382116 -0.0017949022 8.1895921e-24)
(0.0038645417 -0.0020073192 2.0329037e-23)
(0.0043899119 -0.0022250794 0)
(0.0049571648 -0.0024441522 1.0706218e-22)
(0.0055643674 -0.0026600955 -1.664567e-22)
(0.0062086065 -0.0028681685 4.6631218e-20)
(0.0068858122 -0.0030633662 -1.71137e-20)
(0.0075905119 -0.0032403512 -3.424218e-22)
(0.0083155597 -0.0033932947 1.2283619e-22)
(0.0090519445 -0.0035155601 3.4363176e-22)
(0.0097870275 -0.003601127 0)
(0.010512071 -0.0036407744 7.4096915e-22)
(0.011202112 -0.0036255581 -4.771699e-22)
(0.01184645 -0.0035492583 -1.1445383e-21)
(0.012435128 -0.0034091617 -6.2866208e-19)
(0.012949741 -0.0032049275 7.5278483e-20)
(5.9728519e-06 -4.4291194e-06 1.7774065e-24)
(1.9069323e-05 -1.4131641e-05 8.5379026e-28)
(3.4734493e-05 -2.5721753e-05 -3.6939991e-24)
(5.3462521e-05 -3.9555438e-05 4.4240023e-24)
(7.5837999e-05 -5.6051659e-05 5.2710314e-24)
(0.00010255127 -7.5700706e-05 -6.3003749e-24)
(0.00013441495 -9.9073591e-05 -8.2770862e-27)
(0.00017238198 -0.00012683138 -8.903267e-24)
(0.00021756489 -0.00015973369 1.0646578e-23)
(0.00027125575 -0.00019864542 1.2486696e-23)
(0.00033494559 -0.0002445402 -1.4895428e-23)
(0.00041034225 -0.00029849865 -6.6399383e-21)
(0.00049938441 -0.00036169884 9.2653645e-21)
(0.0006042494 -0.00043539591 0)
(0.00072735184 -0.0005208871 -2.7810166e-23)
(0.00087132943 -0.00061945874 3.2610849e-23)
(0.0010390125 -0.00073231183 -3.802147e-23)
(0.0012333744 -0.00086046453 4.2536325e-23)
(0.0014574602 -0.0010046328 2.5667988e-24)
(0.0017142959 -0.0011650947 7.3332729e-24)
(0.0020067791 -0.0013415491 -6.1865761e-24)
(0.0023375594 -0.001532987 3.666265e-20)
(0.0027089167 -0.0017375962 -7.4850947e-21)
(0.0031226443 -0.0019527237 -2.8424418e-23)
(0.0035799432 -0.0021749106 7.3000696e-23)
(0.0040813239 -0.0024000038 0)
(0.0046265035 -0.0026233252 -1.0705947e-22)
(0.0052142781 -0.0028398598 0)
(0.0058423511 -0.0030444052 0)
(0.006507102 -0.0032316324 -2.1528052e-22)
(0.0072033114 -0.0033960276 0)
(0.0079239734 -0.0035317535 -2.9321105e-22)
(0.0086612284 -0.0036322385 2.8750688e-22)
(0.0094012375 -0.0036916341 0)
(0.010129766 -0.0037021109 -1.1426077e-21)
(0.01083227 -0.003655575 -4.273581e-22)
(0.011493202 -0.0035473533 3.3282561e-22)
(0.012098631 -0.003376017 -5.9602974e-23)
(0.012635205 -0.0031436833 1.64329e-21)
(5.2203501e-06 -4.7304967e-06 0)
(1.666926e-05 -1.5091869e-05 -8.5379026e-28)
(3.036795e-05 -2.7466787e-05 -4.6600051e-24)
(4.6751196e-05 -4.2233976e-05 5.5769756e-24)
(6.6333901e-05 -5.9838827e-05 -2.9121501e-27)
(8.9725337e-05 -8.0801922e-05 -7.9244672e-24)
(0.00011764436 -0.00010572868 9.4796513e-24)
(0.00015093625 -0.00013531875 0)
(0.00019059119 -0.00017037438 1.3301378e-23)
(0.00023776373 -0.00021180645 -9.5572772e-26)
(0.00029379285 -0.00026063686 -1.8850506e-23)
(0.00036022139 -0.00031799477 -8.8496981e-21)
(0.00043881363 -0.00038510405 9.0937239e-21)
(0.00053156896 -0.0004632585 0)
(0.00064072936 -0.00055378097 0)
(0.00076877779 -0.00065796246 0)
(0.00091842439 -0.00077697808 1.305598e-24)
(0.0010925775 -0.00091177852 0)
(0.0012942972 -0.0010629588 0)
(0.0015267296 -0.0012306116 -7.333302e-24)
(0.0017930229 -0.0014141774 -1.3916259e-22)
(0.0020962263 -0.0016123133 1.8212682e-20)
(0.0024391765 -0.0018228023 -5.2429925e-20)
(0.0028243726 -0.0020425307 0)
(0.0032538422 -0.0022675483 8.4098478e-23)
(0.0037289947 -0.0024932136 -1.1089079e-23)
(0.0042504525 -0.0027144019 -4.5048674e-22)
(0.004817852 -0.0029257293 2.392568e-23)
(0.005429601 -0.0031217356 2.755783e-22)
(0.00608259 -0.0032969683 4.7538141e-22)
(0.0067718667 -0.00344593 4.6656842e-22)
(0.0074903105 -0.0035628071 0)
(0.0082273537 -0.0036413883 3.1998619e-22)
(0.0089778796 -0.0036769171 -3.1280183e-22)
(0.0097224538 -0.0036627157 0)
(0.010441322 -0.0035888863 1.6780094e-21)
(0.011121309 -0.0034557798 1.3432947e-21)
(0.011750773 -0.0032627872 -7.2485727e-22)
(0.012315009 -0.0030137685 -1.0486057e-21)
(4.3917917e-06 -4.8442776e-06 0)
(1.4026841e-05 -1.5453778e-05 -1.2302459e-27)
(2.5560885e-05 -2.8123263e-05 5.5875943e-24)
(3.9363528e-05 -4.3239379e-05 -6.6903036e-24)
(5.5873245e-05 -6.1256561e-05 -7.9674012e-24)
(7.561049e-05 -8.2705452e-05 9.5235487e-24)
(9.9191512e-05 -0.00010820246 0)
(0.000127344 -0.00013845896 0)
(0.00016092466 -0.00017428918 -1.5989358e-23)
(0.00020093848 -0.00021661565 1.9015857e-23)
(0.00024855948 -0.0002664704 9.4234962e-26)
(0.00030515231 -0.00032498975 -2.2203012e-25)
(0.00037229388 -0.00039339947 0)
(0.0004517939 -0.00047298707 -3.5971775e-23)
(0.00054571249 -0.00056505704 4.2366488e-23)
(0.00065637285 -0.00067086515 0)
(0.0007863662 -0.00079152879 5.3075403e-23)
(0.00093854605 -0.00092791225 -6.365079e-23)
(0.0011160083 -0.0010804895 0)
(0.0013220543 -0.0012491924 -1.043086e-23)
(0.0015601325 -0.0014332587 1.6554108e-22)
(0.0018337577 -0.0016311022 -7.8935718e-24)
(0.0021464034 -0.0018402298 -1.9276331e-22)
(0.0025013653 -0.0020572317 -1.8688891e-22)
(0.0029015938 -0.0022778627 1.2214718e-23)
(0.0033494909 -0.0024972112 1.3266851e-23)
(0.0038466709 -0.0027099333 5.3361912e-22)
(0.004393682 -0.0029105013 -2.8465547e-23)
(0.0049896955 -0.0030934046 -3.2628311e-22)
(0.0056321735 -0.0032532483 9.9898263e-24)
(0.0063165452 -0.0033847134 -7.9260622e-22)
(0.0070359123 -0.0034823948 -4.7658468e-22)
(0.0077802099 -0.0035410297 -3.7864244e-22)
(0.0085389805 -0.0035546287 3.7022319e-22)
(0.0092979628 -0.0035192849 0)
(0.010040242 -0.0034273294 1.1272536e-21)
(0.010747036 -0.0032786162 0)
(0.011405146 -0.0030742733 0)
(0.012000985 -0.0028200244 -4.1982139e-21)
(3.5289224e-06 -4.7564311e-06 -3.1044787e-24)
(1.1275162e-05 -1.5172682e-05 1.2302459e-27)
(2.0555361e-05 -2.7610004e-05 6.4500093e-24)
(3.1671407e-05 -4.2447104e-05 -7.7171376e-24)
(4.4982416e-05 -6.0128871e-05 -9.1889264e-24)
(6.0916679e-05 -8.1174403e-05 1.1005825e-23)
(7.9984078e-05 -0.00010618614 0)
(0.00010279052 -0.00013585856 1.5514242e-23)
(0.0001300547 -0.00017098543 -1.8477603e-23)
(0.00016262723 -0.00021246452 -9.0590658e-26)
(0.0002015123 -0.00026129789 -2.0127467e-25)
(0.00024789161 -0.0003185856 2.2203019e-25)
(0.00030315063 -0.00038550974 0)
(0.00036890641 -0.00046330528 0)
(0.00044703623 -0.00055321392 -4.8087159e-23)
(0.0005397054 -0.000656417 5.6388221e-23)
(0.00064939213 -0.00077394469 -6.1372575e-23)
(0.00077890621 -0.00090656059 7.326349e-23)
(0.00093139717 -0.0010546248 5.3558582e-24)
(0.0011103464 -0.001217944 1.0431025e-23)
(0.0013195359 -0.0013956232 -1.2813572e-23)
(0.0015629862 -0.001585942 2.72945e-23)
(0.0018448538 -0.0017862806 0)
(0.0021692809 -0.0019931223 -5.819489e-23)
(0.0025401893 -0.0022021462 0)
(0.0029610186 -0.0024084111 0)
(0.0034344095 -0.002606601 -2.1724299e-22)
(0.0039618449 -0.0027912831 -3.7096402e-22)
(0.0045432662 -0.0029571177 3.7345347e-22)
(0.0051766898 -0.0030989639 0)
(0.0058578565 -0.003211858 -6.8964879e-23)
(0.0065799272 -0.0032909017 0)
(0.0073330477 -0.0033313873 0)
(0.0081058572 -0.0033290818 0)
(0.0088838467 -0.0032789989 -8.0111988e-22)
(0.0096494516 -0.0031761842 -1.7716773e-21)
(0.010384758 -0.0030210404 2.187183e-21)
(0.01107416 -0.0028161072 0)
(0.011703551 -0.0025680637 2.9158654e-21)
(2.6764059e-06 -4.4629629e-06 -3.4795941e-24)
(8.5566291e-06 -1.4235891e-05 1.2113044e-23)
(1.5610375e-05 -2.5904027e-05 -7.2478441e-24)
(2.4072758e-05 -3.9822018e-05 0)
(3.4224669e-05 -5.6406332e-05 -1.030714e-23)
(4.6403613e-05 -7.6142601e-05 1.2315392e-23)
(6.1014769e-05 -9.9594016e-05 0)
(7.8544275e-05 -0.00012740922 0)
(9.9575254e-05 -0.00016032875 0)
(0.00012480692 -0.000199189 2.4421366e-23)
(0.00015507715 -0.0002449218 -2.9085961e-23)
(0.00019138906 -0.00029854768 2.7895863e-25)
(0.00023494182 -0.00036115977 0)
(0.00028716602 -0.0004338951 0)
(0.00034976339 -0.00051788961 0)
(0.00042474989 -0.00061421326 0)
(0.00051450053 -0.0007237828 0)
(0.0006217924 -0.00084725148 -7.9920985e-23)
(0.00074984056 -0.00098487894 8.6489206e-23)
(0.00090231891 -0.0011363898 0)
(0.001083355 -0.0013008356 2.6953498e-23)
(0.0012974858 -0.0014764813 2.8107915e-24)
(0.0015495587 -0.0016607421 0)
(0.0018445652 -0.0018501936 -5.9395609e-24)
(0.0021873965 -0.0020406703 6.4047343e-23)
(0.0025825199 -0.0022274504 -2.3170257e-22)
(0.0030335866 -0.0024054982 4.5623691e-22)
(0.0035429915 -0.0025697179 0)
(0.0041114194 -0.0027151591 -3.7999234e-22)
(0.0047374123 -0.0028371262 3.7915694e-22)
(0.0054169963 -0.0029311741 2.4711267e-22)
(0.0061433925 -0.0029930314 -3.0376767e-22)
(0.0069067831 -0.0030186436 1.053666e-21)
(0.0076950103 -0.0030043992 0)
(0.0084932564 -0.002946408 1.4637414e-21)
(0.0092837363 -0.0028413825 -1.3905829e-21)
(0.010048054 -0.0026898228 -2.1957846e-21)
(0.010769096 -0.0024950876 2.9951571e-21)
(0.011431829 -0.0022642193 6.9003012e-22)
(1.8795394e-06 -3.9709383e-06 1.9050597e-24)
(6.0158583e-06 -1.2665874e-05 6.6225238e-24)
(1.0988799e-05 -2.3046334e-05 -7.9289856e-24)
(1.6971413e-05 -3.5427262e-05 0)
(2.417152e-05 -5.0178571e-05 5.7129318e-27)
(3.2841964e-05 -6.7731349e-05 0)
(4.3290348e-05 -8.8585238e-05 0)
(5.5891267e-05 -0.00011331528 0)
(7.1101705e-05 -0.00014257741 0)
(8.948015e-05 -0.0001771116 1.0024886e-25)
(0.00011171019 -0.00021774108 1.1843693e-25)
(0.00013862953 -0.00026536573 -3.7410267e-23)
(0.00017126534 -0.00032094695 8.7527836e-23)
(0.00021087679 -0.00038548121 -5.1021396e-23)
(0.00025900529 -0.00045995881 0)
(0.00031753218 -0.00054530486 0)
(0.00038874227 -0.00064230016 -7.729415e-23)
(0.00047538989 -0.00075148175 8.6689358e-23)
(0.00058076081 -0.00087302601 0)
(0.00070871975 -0.0010066224 9.3002961e-23)
(0.0008637293 -0.0011513512 -1.3465375e-22)
(0.0010508214 -0.0013055849 2.3950192e-24)
(0.0012755013 -0.0014669355 1.2792358e-22)
(0.0015435645 -0.0016322702 -7.3853785e-23)
(0.0018608152 -0.0017978065 -6.4061008e-23)
(0.0022326838 -0.0019592851 0)
(0.002663763 -0.0021121948 0)
(0.0031572925 -0.0022520059 -2.4192759e-22)
(0.0037146395 -0.0023743604 4.13972e-22)
(0.0043348215 -0.0024751762 -4.1315875e-22)
(0.0050141167 -0.002550654 3.1106209e-22)
(0.005745789 -0.0025972229 0)
(0.0065199444 -0.0026115396 -1.0558472e-21)
(0.0073238891 -0.0025906137 8.5036795e-20)
(0.0081422308 -0.002531573 1.7593442e-19)
(0.0089568858 -0.0024323667 2.1173252e-21)
(0.0097488407 -0.0022937203 0)
(0.010499766 -0.0021191805 -2.0695123e-21)
(0.011193607 -0.0019154735 -8.6800086e-22)
(1.1815252e-06 -3.2984077e-06 -2.5575411e-28)
(3.7907407e-06 -1.0520244e-05 -8.8968652e-28)
(6.9412953e-06 -1.9141763e-05 -2.0036802e-27)
(1.0752429e-05 -2.9424004e-05 0)
(1.5367883e-05 -4.1673874e-05 -6.0496603e-24)
(2.0966481e-05 -5.6248794e-05 7.2209928e-24)
(2.7770564e-05 -7.3562836e-05 -8.5676533e-24)
(3.6057309e-05 -9.409229e-05 1.024262e-23)
(4.6173603e-05 -0.00011838008 2.4299777e-26)
(5.855522e-05 -0.00014703815 0)
(7.3751366e-05 -0.0001807465 1.6901479e-23)
(9.2455917e-05 -0.00022024737 -1.9123998e-25)
(0.00011554681 -0.00026633213 -2.3570413e-23)
(0.00014413501 -0.00031981873 2.6762459e-23)
(0.00017962406 -0.00038151673 -6.3509215e-23)
(0.00022378068 -0.0004521774 3.6940585e-23)
(0.00027881497 -0.00053242712 0)
(0.00034746662 -0.00062268391 5.8900402e-24)
(0.00043308966 -0.00072305967 1.0418741e-22)
(0.00053972346 -0.00083325501 -2.1157705e-22)
(0.00067213221 -0.00095245811 1.289051e-22)
(0.00083579017 -0.0010792641 9.8963286e-23)
(0.001036787 -0.0012116342 -1.7990681e-22)
(0.0012816299 -0.0013469119 1.3915679e-22)
(0.0015769272 -0.0014819078 -7.4668184e-23)
(0.0019289553 -0.0016130481 0)
(0.0023431296 -0.0017365674 2.5716403e-22)
(0.0028234243 -0.0018487079 2.2072464e-22)
(0.0033717952 -0.0019458815 -4.6340906e-22)
(0.0039876653 -0.0020247614 8.359742e-22)
(0.00466752 -0.0020822925 -4.1827703e-22)
(0.0054046429 -0.0021156527 6.598888e-22)
(0.0061890135 -0.0021222379 2.4741782e-22)
(0.0070075283 -0.002099738 -1.6703244e-19)
(0.0078442453 -0.002046125 -9.6554131e-20)
(0.0086806717 -0.0019601937 8.1820947e-23)
(0.0094971642 -0.0018428071 -6.3307144e-22)
(0.010274386 -0.0016972407 6.1640701e-22)
(0.010995339 -0.0015293277 -1.0806507e-21)
(6.2075561e-07 -2.4731732e-06 4.6980579e-23)
(2.0032065e-06 -7.887915e-06 -9.0589901e-23)
(3.6897357e-06 -1.4352002e-05 0)
(5.7564429e-06 -2.2060846e-05 -5.3285756e-24)
(8.2955801e-06 -3.1244395e-05 1.2730752e-23)
(1.1426551e-05 -4.217031e-05 -7.5909691e-24)
(1.5303291e-05 -5.5148555e-05 -8.6086766e-27)
(2.0124884e-05 -7.053552e-05 0)
(2.6150063e-05 -8.8737226e-05 -2.429978e-26)
(3.3716446e-05 -0.000110211 2.9993036e-26)
(4.3265829e-05 -0.00013546466 0)
(5.5377256e-05 -0.00016505186 -2.0824341e-23)
(7.0809739e-05 -0.00019956208 2.478097e-23)
(9.0556424e-05 -0.00023960332 0)
(0.00011591179 -0.00028577552 0)
(0.00014855259 -0.0003386327 0)
(0.00019063155 -0.0003986325 0)
(0.00024487983 -0.00046607316 -3.0309851e-24)
(0.00031471013 -0.00054101984 3.5271293e-24)
(0.00040430645 -0.00062322557 -6.7612822e-23)
(0.0005186801 -0.00071205567 2.6612772e-24)
(0.00066366564 -0.00080642804 9.0173938e-23)
(0.00084582706 -0.00090478383 3.5909472e-23)
(0.0010722473 -0.001005102 1.4606304e-22)
(0.0013501839 -0.0011049651 -3.356532e-22)
(0.0016865937 -0.0012016744 1.5211229e-22)
(0.0020875527 -0.0012923972 7.107233e-23)
(0.0025576215 -0.0013743189 0)
(0.0030992234 -0.0014447673 0)
(0.0037120996 -0.0015012837 -2.1466654e-22)
(0.0043928926 -0.0015416328 3.8529702e-22)
(0.0051348891 -0.0015637763 -3.4237576e-22)
(0.005927938 -0.0015658574 2.9422739e-22)
(0.0067586171 -0.0015462522 1.8325796e-21)
(0.0076105341 -0.0015036306 -4.6810908e-22)
(0.0084647855 -0.0014373399 -1.5956157e-21)
(0.0093011703 -0.0013481893 6.6532064e-22)
(0.010099552 -0.0012388088 -1.8707568e-21)
(0.010842161 -0.0011136877 2.0246053e-21)
(2.2896414e-07 -1.5354659e-06 3.0268093e-23)
(7.5437266e-07 -4.8970107e-06 -4.3961413e-23)
(1.4180726e-06 -8.9096359e-06 2.3053449e-24)
(2.2660552e-06 -1.3693989e-05 -2.7582552e-24)
(3.3545541e-06 -1.9391929e-05 3.2841245e-24)
(4.7614093e-06 -2.616818e-05 -3.9313961e-24)
(6.5926892e-06 -3.4213085e-05 -4.6643697e-24)
(8.9928376e-06 -4.3745311e-05 5.5651565e-24)
(1.2159e-05 -5.5014832e-05 1.2978778e-26)
(1.6360334e-05 -6.8306237e-05 -2.9993044e-26)
(2.1963777e-05 -8.3936028e-05 0)
(2.9468321e-05 -0.00010224653 -8.3423196e-26)
(3.9550057e-05 -0.00012360145 -1.2755146e-23)
(5.3120162e-05 -0.00014837551 2.0212194e-25)
(7.1397424e-05 -0.00017693782 1.7378111e-23)
(9.5996517e-05 -0.00020962811 6.2567873e-25)
(0.00012903114 -0.00024672529 -4.7083172e-20)
(0.00017322797 -0.00028840814 5.2249834e-20)
(0.00023204263 -0.00033470948 -2.9108092e-23)
(0.0003097626 -0.00038546713 1.2642388e-22)
(0.00041157469 -0.00044027721 -7.421032e-23)
(0.00054356833 -0.00049845747 5.332647e-23)
(0.0007126421 -0.00055902978 5.6032748e-24)
(0.00092628406 -0.00062073 -7.9938919e-23)
(0.0011922077 -0.00068205005 1.7460931e-23)
(0.0015178465 -0.00074131029 6.7591015e-23)
(0.0019097377 -0.0007967521 -2.2187139e-22)
(0.0023728506 -0.00084663332 0)
(0.0029099326 -0.00088930619 6.2949562e-23)
(0.0035209433 -0.00092326202 -2.1739261e-22)
(0.0042026304 -0.00094713879 -8.1763048e-23)
(0.0049482758 -0.000959705 9.7236094e-24)
(0.0057476245 -0.0009598498 0)
(0.006587031 -0.00094661367 -8.1754433e-22)
(0.0074497851 -0.00091924862 -9.5986581e-22)
(0.0083166599 -0.00087744785 1.9913675e-22)
(0.00916704 -0.00082178171 0)
(0.0099802279 -0.00075394809 1.8621595e-21)
(0.010737913 -0.00067676905 0)
(2.5197182e-08 -5.2313249e-07 -5.6395354e-25)
(1.1039303e-07 -1.6674451e-06 1.9634357e-24)
(2.4685076e-07 -3.0312261e-06 -1.1754163e-24)
(4.6677094e-07 -4.6538317e-06 1.4017461e-24)
(8.0777644e-07 -6.582109e-06 -1.6764398e-24)
(1.326604e-06 -8.8705386e-06 1.9929837e-24)
(2.1052416e-06 -1.1582972e-05 -5.6426399e-27)
(3.2622331e-06 -1.4795041e-05 -2.8326184e-24)
(4.9589884e-06 -1.8598647e-05 -1.297878e-26)
(7.4248637e-06 -2.3097401e-05 0)
(1.0998446e-05 -2.839376e-05 0)
(1.6137996e-05 -3.459736e-05 0)
(2.3469782e-05 -4.1831271e-05 6.5304635e-24)
(3.3864974e-05 -5.0221758e-05 -7.6000362e-24)
(4.8504466e-05 -5.989314e-05 -8.6889032e-24)
(6.8971217e-05 -7.0959707e-05 1.9560862e-23)
(9.7359089e-05 -8.3514996e-05 -4.6487943e-20)
(0.00013639289 -9.7618468e-05 5.6132445e-20)
(0.0001895509 -0.00011327999 -1.6600419e-23)
(0.00026117449 -0.0001304432 0)
(0.00035654153 -0.00014896972 2.1365997e-23)
(0.00048187336 -0.00016862669 -8.5229276e-25)
(0.00064424149 -0.00018908097 -2.9393276e-23)
(0.00085134308 -0.00020990255 0)
(0.0011111266 -0.00023057902 -1.088457e-19)
(0.0014312712 -0.00025054028 1.1390782e-19)
(0.001818551 -0.00026919011 3.8303026e-23)
(0.0022781453 -0.00028593875 -1.2232937e-37)
(0.0028129673 -0.00030022944 -6.3030132e-23)
(0.0034230878 -0.00031155368 0)
(0.0041053068 -0.00031945399 2.0200644e-22)
(0.0048529017 -0.00032351852 -2.8031749e-24)
(0.0056555607 -0.00032337768 1.6408278e-22)
(0.0064995225 -0.00031871451 -7.6094878e-23)
(0.0073679121 -0.00030928826 6.1189018e-22)
(0.0082413264 -0.00029501095 -6.4621725e-22)
(0.0090989294 -0.00027608758 -7.6116221e-23)
(0.0099197337 -0.0002531044 -6.1412519e-22)
(0.010685149 -0.00022702322 1.4840285e-22)
(0.0064121379 7.0471963e-05 1.4649933e-23)
(0.0068627784 6.6687232e-05 -1.4738303e-23)
(0.0072912404 6.0580211e-05 0)
(0.0076696572 5.6048165e-05 6.2828827e-23)
(0.0080259612 5.1746204e-05 1.9445581e-23)
(0.0083518136 4.7938134e-05 0)
(0.0086564716 4.449663e-05 0)
(0.0089403944 4.1353899e-05 1.2220074e-22)
(0.0092069191 3.8462431e-05 -1.0988958e-22)
(0.0094575071 3.5777155e-05 0)
(0.009694403 3.3254563e-05 0)
(0.0099177663 3.0871573e-05 -5.8085034e-23)
(0.010131394 2.8623098e-05 0)
(0.010331018 2.6329362e-05 0)
(0.01052636 2.4685661e-05 0)
(0.0064516648 0.00021254418 0)
(0.0068977176 0.00020133152 0)
(0.0073239027 0.00018284492 -4.5522635e-23)
(0.0077002048 0.00016912446 1.4538929e-24)
(0.0080550494 0.00015611455 -3.9588341e-23)
(0.0083798439 0.00014457433 0)
(0.0086836966 0.00013415689 0)
(0.00896703 0.00012464012 -1.0032974e-22)
(0.0092330807 0.0001158913 8.8028336e-23)
(0.0094832624 0.00010776926 3.6503836e-23)
(0.0097197721 0.00010014967 -6.7819379e-23)
(0.0099427081 9.2951613e-05 9.0121955e-23)
(0.010155893 8.6177373e-05 -1.012807e-22)
(0.010354844 7.9262563e-05 8.3908263e-23)
(0.010549753 7.4321336e-05 5.0258959e-24)
(0.0065353154 0.00035490795 0)
(0.0069738235 0.00033673736 0)
(0.0073965579 0.00030588326 -3.9969969e-22)
(0.007769174 0.00028307965 8.112265e-23)
(0.0081213589 0.0002613378 -8.0922284e-23)
(0.0084439684 0.00024204705 -2.6548806e-22)
(0.0087459618 0.00022459635 -2.8879495e-22)
(0.009027691 0.00020864469 6.2249429e-24)
(0.0092922472 0.0001939683 5.3862707e-24)
(0.0095409712 0.00018033851 -2.7262755e-22)
(0.0097759845 0.00016755445 5.313287e-19)
(0.0099972913 0.00015547589 4.7853324e-19)
(0.010208769 0.00014412278 1.1225057e-18)
(0.010405529 0.00013253584 -1.3777611e-18)
(0.010598741 0.00012424527 1.4941225e-22)
(0.0066659579 0.00049445256 0)
(0.0070938831 0.00047008978 -5.5313555e-22)
(0.0075119396 0.00042710278 1.0764858e-22)
(0.0078792269 0.0003954834 0)
(0.0082274681 0.00036515723 5.4572123e-22)
(0.0085466787 0.00033824015 4.0713517e-22)
(0.0088456691 0.00031383951 2.3073232e-22)
(0.0091246847 0.00029152259 -4.7255799e-22)
(0.0093866281 0.00027097486 -3.6526268e-22)
(0.0096327405 0.0002518893 3.5784753e-22)
(0.0098650425 0.00023399478 -5.1806901e-19)
(0.010083409 0.00021709252 -5.0866894e-19)
(0.010291806 0.00020122537 3.8303156e-19)
(0.010484741 0.00018504843 3.0955714e-19)
(0.010674887 0.00017345185 -1.5186616e-22)
(0.0068458556 0.00062756814 1.2749768e-22)
(0.0072601187 0.00059814713 3.2663478e-22)
(0.0076722145 0.00054353342 4.1539248e-22)
(0.0080324728 0.00050358503 -8.4039329e-23)
(0.0083754002 0.00046503416 8.1214485e-24)
(0.0086899159 0.00043079496 6.2257511e-22)
(0.008984674 0.00039969858 -4.823844e-22)
(0.0092597782 0.00037124237 4.2372107e-22)
(0.0095179011 0.00034502779 3.7109781e-22)
(0.0097601571 0.0003206805 -3.2374783e-22)
(0.0099884426 0.00029786696 -3.3453028e-23)
(0.010202467 0.00027633559 2.7947279e-22)
(0.010406326 0.00025614825 -1.6216439e-18)
(0.010593719 0.00023561135 1.1795918e-18)
(0.010779354 0.00022084495 0)
(0.0070764911 0.00075024573 0)
(0.0074740074 0.00071734537 -9.0670466e-22)
(0.0078788135 0.000651905 1.9595922e-22)
(0.0082303009 0.00060436957 -9.1242588e-22)
(0.008566458 0.00055819042 -6.3799392e-22)
(0.0088749093 0.00051714131 -1.8726093e-24)
(0.0091641288 0.00047979625 1.6817483e-24)
(0.0094340466 0.00044560321 0)
(0.0096870653 0.00041409187 8.8687742e-23)
(0.009924146 0.00038483441 3.1831695e-22)
(0.010147041 0.00035744436 -7.6084741e-23)
(0.010355262 0.00033162821 0)
(0.010553068 0.00030745468 2.7669292e-23)
(0.010733166 0.00028294352 -3.568067e-23)
(0.010912807 0.00026524607 -2.9338187e-22)
(0.0073583844 0.00085815062 -1.1801009e-21)
(0.0077360883 0.0008238764 1.1409882e-21)
(0.0081322685 0.00074872073 6.2828216e-22)
(0.008473208 0.00069461511 4.1339849e-24)
(0.0088010558 0.00064166602 0)
(0.0091020123 0.00059455158 -8.0682611e-19)
(0.0093843245 0.00055161746 -6.5541229e-19)
(0.0096477198 0.00051228372 1.1523286e-22)
(0.0098942941 0.00047602612 1.2974816e-18)
(0.01012483 0.00044238052 -2.7760773e-18)
(0.01034092 0.00041091882 6.8038304e-23)
(0.010541849 0.00038132113 -7.6923335e-24)
(0.010732071 0.00035364453 3.7305502e-22)
(0.01090314 0.00032570504 -3.7940632e-22)
(0.011075307 0.00030542612 3.076391e-22)
(0.0076909135 0.00094670084 1.4600159e-21)
(0.0080457536 0.00091377479 -4.444666e-23)
(0.0084320698 0.00083036141 -8.8173586e-22)
(0.0087606341 0.00077098193 5.3209857e-22)
(0.0090785592 0.00071241059 -1.1353642e-21)
(0.0093705499 0.00066023011 6.9809029e-19)
(0.009644544 0.00061259544 7.7932486e-19)
(0.0099000428 0.00056892395 0)
(0.010138801 0.00052866154 2.9835493e-18)
(0.010361404 0.00049132851 -1.4226326e-18)
(0.010569267 0.00045646871 -6.5118642e-22)
(0.010761431 0.00042375545 0)
(0.010942572 0.00039321135 2.5771431e-23)
(0.011102953 0.00036254817 7.3950176e-22)
(0.011266224 0.0003401507 0)
(0.00807216 0.001011163 2.9764837e-22)
(0.0084009968 0.00098282777 6.7405048e-22)
(0.0087765583 0.00089322019 2.1101069e-23)
(0.0090908146 0.00083013483 -1.2520946e-21)
(0.0093971475 0.00076740789 1.2988161e-21)
(0.0096786904 0.00071143408 -1.1344457e-21)
(0.0099429428 0.00066022666 2.3441927e-22)
(0.010189162 0.00061323384 6.3278553e-22)
(0.010418735 0.00056990256 -1.7955862e-22)
(0.01063203 0.00052976254 -1.1485487e-21)
(0.010830281 0.00049234574 1.7263254e-21)
(0.011012272 0.00045734163 0)
(0.011182914 0.00042471332 -9.0756618e-22)
(0.011331094 0.00039217981 -3.3432342e-22)
(0.011484162 0.00036823524 0)
(0.008498857 0.0010469722 1.2323092e-21)
(0.0088013077 0.001027075 -9.0100316e-22)
(0.0091628914 0.00093393529 0)
(0.0094606537 0.00086889529 1.4606088e-21)
(0.0097537156 0.00080382656 0)
(0.010023359 0.00074561552 1.3879949e-21)
(0.01027647 0.00069220399 -3.0191474e-23)
(0.010512055 0.00064311745 -1.1003241e-21)
(0.010731111 0.0005978426 -1.5051569e-21)
(0.01093378 0.000555948 1.8215399e-21)
(0.011121114 0.00051697278 -1.0007922e-21)
(0.011291637 0.00048064826 9.9666291e-22)
(0.011450505 0.00044685279 9.1283641e-22)
(0.011585183 0.00041343151 -5.0158268e-23)
(0.011726907 0.00038860725 -5.894082e-22)
(0.0089675048 0.0010506405 -3.6928367e-21)
(0.0092446668 0.0010417272 6.9941519e-22)
(0.0095853266 0.00094832906 -4.3224698e-22)
(0.0098656245 0.00088439758 -1.7746468e-21)
(0.010143842 0.00081919898 -6.2983893e-22)
(0.010400207 0.00076057767 -3.1268586e-22)
(0.010640847 0.00070656095 9.7552779e-22)
(0.010864512 0.00065680652 0)
(0.0110718 0.00061088718 1.5100561e-21)
(0.011262627 0.00056844454 -1.3184572e-21)
(0.011437866 0.00052904706 0)
(0.011595795 0.00049249555 -1.2075327e-23)
(0.011741805 0.00045856014 8.4421586e-22)
(0.011861957 0.00042533363 7.5903388e-22)
(0.01199142 0.00040037266 1.1723145e-21)
(0.0094698287 0.0010190521 5.3110466e-22)
(0.0097186756 0.0010244058 -5.2996548e-22)
(0.010038071 0.00093359217 -1.2788545e-21)
(0.010299852 0.0008743668 1.0449726e-21)
(0.010561831 0.00081157953 -2.7988968e-22)
(0.010803659 0.00075463152 -1.6541821e-21)
(0.011030615 0.0007018168 -2.9320629e-21)
(0.01124119 0.00065299352 -4.2739862e-22)
(0.011435586 0.00060787577 1.9802068e-22)
(0.011613501 0.00056621739 0)
(0.011775642 0.00052764146 1.1183596e-21)
(0.011920064 0.00049204705 -9.9043387e-22)
(0.012052378 0.00045907597 3.7709709e-23)
(0.012157311 0.00042718847 -3.7702639e-23)
(0.012273866 0.00040288163 -6.025174e-22)
(0.0099963208 0.00094925018 1.5037928e-23)
(0.010213138 0.00097484451 -4.138461e-22)
(0.010514028 0.00088906148 2.4639795e-21)
(0.010756133 0.00083736574 -1.8895833e-20)
(0.011000783 0.00077972616 1.5443531e-18)
(0.011227028 0.00072674695 6.4387064e-19)
(0.011439264 0.00067711044 -8.2856363e-19)
(0.011635744 0.0006309523 -6.0345303e-19)
(0.011816294 0.00058819094 0)
(0.011980415 0.0005487363 1.5062408e-22)
(0.012128671 0.0005122941 -1.2657519e-21)
(0.012258932 0.00047889071 0)
(0.012376998 0.00044802414 -5.2429133e-19)
(0.012466393 0.00041863569 -4.8369913e-19)
(0.012569694 0.00039578833 5.5372097e-22)
(0.010538768 0.00083895071 1.9396709e-21)
(0.010723727 0.00089028321 2.0812595e-21)
(0.011004225 0.00081403623 1.5950054e-21)
(0.011226291 0.00077286369 -6.0444348e-19)
(0.011452841 0.00072325792 -6.3695896e-19)
(0.011662733 0.00067667857 -9.1660737e-19)
(0.011859444 0.00063230758 6.330811e-19)
(0.012041036 0.00059063231 7.9276494e-19)
(0.012206999 0.00055184223 1.4155171e-21)
(0.01235667 0.00051605065 0)
(0.012490503 0.00048307604 0)
(0.012606238 0.00045310012 0)
(0.012709816 0.00042546718 4.9190116e-19)
(0.012783755 0.00039970292 5.1329505e-19)
(0.012873772 0.00037909821 5.2275306e-22)
(0.01108651 0.00068779541 1.4098648e-18)
(0.011241267 0.00076936529 4.7239371e-19)
(0.011499618 0.00070862247 -1.6067733e-21)
(0.011701544 0.00068127488 -1.7040268e-21)
(0.011909519 0.00064271575 0)
(0.012102601 0.00060503827 -2.0468552e-21)
(0.012283261 0.00056806481 -1.3666766e-21)
(0.012449424 0.00053271281 -4.8399343e-23)
(0.012600301 0.00049951246 -1.7788387e-21)
(0.012735121 0.00046882976 0)
(0.012854268 0.00044062693 0)
(0.012955415 0.00041526683 -1.8318827e-21)
(0.013044588 0.00039193623 1.564539e-21)
(0.013103551 0.0003708344 1.3863938e-21)
(0.013180569 0.00035319644 -1.0377167e-21)
(0.011627955 0.00049725529 -7.9231516e-19)
(0.011754977 0.00061325699 -1.0694885e-18)
(0.011990475 0.00057393597 -2.9570296e-21)
(0.012172707 0.0005639811 2.2187134e-21)
(0.01236205 0.00053957859 -1.9441678e-21)
(0.012538223 0.00051331029 2.5012939e-21)
(0.012702626 0.00048583887 3.0462117e-21)
(0.0128531 0.00045860616 3.6456356e-22)
(0.012988662 0.00043255693 -6.7910173e-22)
(0.013108501 0.00040835973 3.146638e-22)
(0.013212981 0.00038615105 6.0114655e-19)
(0.013299784 0.00036649681 4.932738e-19)
(0.013374952 0.00034842896 -1.464062e-21)
(0.013419792 0.00033289176 -1.5124688e-21)
(0.013484381 0.00031885181 1.0090356e-21)
(0.012151051 0.00027035165 -1.7808989e-21)
(0.012253884 0.00042416841 -8.0445053e-22)
(0.012466875 0.00041238747 3.6013293e-21)
(0.012630601 0.00042338951 -5.2337579e-21)
(0.012801782 0.00041623405 2.7351359e-21)
(0.012961364 0.00040380484 1.3806667e-21)
(0.01310965 0.00038783508 -1.7151021e-21)
(0.013244475 0.00037040453 -3.5093299e-22)
(0.013364768 0.00035295047 3.4675898e-22)
(0.01346977 0.00033649243 2.6864581e-22)
(0.013559882 0.0003213695 -5.1240202e-19)
(0.013632873 0.000308367 -5.6993723e-19)
(0.013694724 0.0002963717 0)
(0.013726622 0.00028712331 3.7293755e-23)
(0.01377959 0.00027719249 -2.0138141e-21)
(0.012643795 1.1808891e-05 4.2293774e-22)
(0.012727351 0.00020564085 -9.6662124e-23)
(0.012919264 0.00022752858 -9.6221853e-22)
(0.013066508 0.00026286116 4.734297e-21)
(0.013220611 0.00027587728 5.9561864e-23)
(0.013364364 0.00027954448 -3.1791738e-21)
(0.013497033 0.00027689319 0)
(0.01361655 0.00027076953 3.3569915e-22)
(0.013721897 0.00026318264 -3.3195668e-22)
(0.013812469 0.00025554733 2.5748911e-22)
(0.013888771 0.00024842933 -4.7938085e-22)
(0.013948743 0.00024284256 1.2430893e-22)
(0.013998205 0.00023754596 1.416559e-21)
(0.014018598 0.00023510146 8.5151576e-23)
(0.014060929 0.00022965233 9.6681555e-22)
(0.013094737 -0.00027198199 4.0586773e-21)
(0.013165532 -3.7587103e-05 -3.9495085e-22)
(0.01333894 2.3788361e-05 2.4480104e-21)
(0.013472602 8.6511851e-05 -2.2400066e-21)
(0.013611383 0.00012231948 0)
(0.013740526 0.00014407879 1.7704081e-21)
(0.013858429 0.00015631274 0)
(0.013963268 0.00016276949 0)
(0.014054246 0.00016610695 0)
(0.01413104 0.00016817187 0)
(0.014194322 0.00016977498 0)
(0.01424228 0.00017215971 5.2218431e-19)
(0.014280468 0.00017398344 4.271578e-19)
(0.014290963 0.00017863157 -1.1987741e-21)
(0.014323739 0.00017789011 -9.2754529e-22)
(0.013493622 -0.00057288095 -3.8904368e-21)
(0.013559905 -0.00029963928 0)
(0.013718489 -0.00019378833 -1.8400541e-21)
(0.013842322 -0.00010102441 -5.4786177e-22)
(0.013968226 -4.0237615e-05 -4.3533795e-22)
(0.014084419 1.2681476e-06 3.6223945e-21)
(0.014188734 2.9649007e-05 -3.4151599e-22)
(0.014279782 4.9688805e-05 3.3887728e-22)
(0.014357199 6.4763153e-05 0)
(0.014421081 7.7176356e-05 -1.9247793e-21)
(0.014472328 8.7995366e-05 -1.6848419e-21)
(0.01450944 9.8685084e-05 -4.5358812e-19)
(0.014537587 0.00010783894 -4.8398117e-19)
(0.014539869 0.00011963955 -1.2647923e-21)
(0.01456419 0.00012368775 9.5050911e-22)
(0.013832228 -0.00088061702 -3.1662937e-22)
(0.013904291 -0.00057295096 6.3486232e-23)
(0.014052529 -0.00041934273 2.6029398e-22)
(0.014170876 -0.00029455138 0)
(0.014286934 -0.00020725004 0)
(0.014392181 -0.00014482516 -2.7508309e-21)
(0.014484328 -9.9427316e-05 -3.5841623e-22)
(0.014562669 -6.5125926e-05 -2.6093974e-21)
(0.014627516 -3.7779825e-05 2.7980805e-22)
(0.014679527 -1.4621235e-05 1.6701819e-21)
(0.014719875 5.6736888e-06 1.8719255e-21)
(0.014747413 2.477299e-05 1.6745014e-22)
(0.014766803 4.1258104e-05 -1.65807e-22)
(0.014762539 6.0050358e-05 4.5235355e-21)
(0.014779443 6.8839776e-05 -1.622282e-21)
(0.014103101 -0.0011846475 -2.7471958e-22)
(0.014195255 -0.0008485571 5.1358515e-22)
(0.014338461 -0.00064630609 2.1672881e-22)
(0.014455766 -0.0004884535 -4.3802693e-23)
(0.014565304 -0.0003739924 -3.4368436e-21)
(0.014661743 -0.00029011013 3.328169e-22)
(0.014743235 -0.000227299 -3.5862625e-23)
(0.014810054 -0.00017842488 1.9754625e-21)
(0.01486344 -0.00013857396 4.7233379e-19)
(0.014904743 -0.00010453849 3.2885045e-19)
(0.014935423 -7.4750387e-05 0)
(0.014954701 -4.7365731e-05 -1.5703867e-22)
(0.014966594 -2.3746253e-05 -2.1035451e-21)
(0.014957348 1.6713544e-06 -2.2377405e-21)
(0.01496774 1.5045862e-05 1.6609157e-21)
(0.014295175 -0.0014787888 -1.3511246e-21)
(0.014426238 -0.0011225422 1.1771644e-21)
(0.014572934 -0.0008726367 2.9610825e-21)
(0.014694644 -0.00068042595 3.2175587e-21)
(0.014801791 -0.0005380217 2.5487684e-21)
(0.014892016 -0.00043205901 0)
(0.014964635 -0.00035142603 0)
(0.015021314 -0.00028772835 0)
(0.015064515 -0.00023525516 -3.3706261e-19)
(0.015096406 -0.00019036233 -4.4349069e-19)
(0.015118735 -0.00015123154 -1.6678035e-22)
(0.015131065 -0.00011585453 1.6581193e-22)
(0.01513665 -8.5448698e-05 2.0894221e-21)
(0.01512382 -5.3922439e-05 1.2944209e-22)
(0.015128402 -3.6219254e-05 0)
(0.014384629 -0.0017800555 1.6567188e-21)
(0.014571575 -0.0014074363 -1.5473839e-21)
(0.014739849 -0.0011100942 -3.2313503e-21)
(0.014877571 -0.00087791973 -3.4098355e-21)
(0.014990731 -0.00070323156 -5.9132226e-19)
(0.015079976 -0.00057219661 -3.0595931e-19)
(0.015147048 -0.00047192254 -2.8502467e-22)
(0.015195902 -0.00039239293 -3.7515537e-21)
(0.015230792 -0.00032680914 3.2996043e-21)
(0.01525496 -0.00027091733 0)
(0.015270477 -0.00022253979 2.5204432e-21)
(0.015277243 -0.00017946566 -1.3356713e-22)
(0.015277661 -0.00014264231 1.3146336e-22)
(0.015262521 -0.00010553177 0)
(0.015261712 -8.3900329e-05 -1.2973849e-21)
(0.010714431 2.1381627e-05 0)
(0.010898531 1.9301609e-05 0)
(0.011092063 1.7030276e-05 0)
(0.011280444 1.4892969e-05 0)
(0.011470044 1.3006753e-05 0)
(0.011656348 1.127357e-05 0)
(0.01184017 9.738147e-06 0)
(0.012019754 8.3800918e-06 0)
(0.01219576 7.1764789e-06 0)
(0.01236559 6.1441603e-06 0)
(0.012532824 5.2000507e-06 0)
(0.012688837 4.4810656e-06 0)
(0.01285137 3.6086803e-06 0)
(0.012976264 3.4637049e-06 0)
(0.013174804 2.0552865e-06 0)
(0.010735872 6.4467052e-05 0)
(0.010917046 5.8238621e-05 0)
(0.011108208 5.1405992e-05 0)
(0.0112944 4.4974959e-05 0)
(0.011482049 3.9292448e-05 0)
(0.011666642 3.406893e-05 0)
(0.01184896 2.9437914e-05 0)
(0.012027235 2.5339703e-05 0)
(0.012202107 2.1705862e-05 0)
(0.012370961 1.8587527e-05 0)
(0.012537354 1.5734886e-05 0)
(0.012692656 1.3561311e-05 0)
(0.012854567 1.0923731e-05 0)
(0.012978998 1.0483857e-05 0)
(0.013176865 6.2135863e-06 0)
(0.01078045 0.00010787745 0)
(0.010955562 9.7536909e-05 0)
(0.011141812 8.6173345e-05 0)
(0.011323462 7.5462313e-05 0)
(0.011507061 6.5977704e-05 0)
(0.011688099 5.7249949e-05 0)
(0.011867288 4.9500281e-05 0)
(0.012042842 4.2634487e-05 0)
(0.012215351 3.6540444e-05 0)
(0.012382172 3.1305442e-05 0)
(0.012546811 2.6513108e-05 0)
(0.012700631 2.2858409e-05 0)
(0.012861243 1.8420821e-05 0)
(0.012984705 1.7677729e-05 0)
(0.013181175 1.0473604e-05 0)
(0.010849607 0.00015084375 0)
(0.011015388 0.00013655357 0)
(0.011194054 0.00012083275 0)
(0.011368687 0.0001059622 0)
(0.011546017 9.2757657e-05 0)
(0.011721542 8.0582784e-05 0)
(0.011895876 6.9746875e-05 0)
(0.0120672 6.0129554e-05 0)
(0.012236034 5.1579023e-05 0)
(0.012399689 4.422236e-05 0)
(0.012561595 3.7479034e-05 0)
(0.012713103 3.2331094e-05 0)
(0.012871686 2.6071077e-05 0)
(0.012993628 2.5019564e-05 0)
(0.013187928 1.4834012e-05 0)
(0.010944453 0.00019251227 0)
(0.011097588 0.00017456591 0)
(0.01126593 0.00015481843 0)
(0.011430997 0.00013602738 0)
(0.011599756 0.00011928369 0)
(0.01176773 0.00010379861 0)
(0.0119354 8.9971716e-05 0)
(0.012100907 7.7668425e-05 0)
(0.01226468 6.6703629e-05 0)
(0.012423969 5.7249867e-05 0)
(0.012582101 4.8567092e-05 0)
(0.012730413 4.1930582e-05 0)
(0.012886183 3.3839841e-05 0)
(0.01300601 3.247879e-05 0)
(0.013197326 1.9278523e-05 0)
(0.011065679 0.00023195294 0)
(0.011202914 0.00021078563 0)
(0.011358192 0.00018750518 0)
(0.011511131 0.00016516119 0)
(0.011668985 0.00014516584 0)
(0.011827323 0.00012659485 0)
(0.011986467 0.0001099416 0)
(0.012144515 9.5072936e-05 0)
(0.012301783 8.1779237e-05 0)
(0.01245545 7.0286222e-05 0)
(0.012608713 5.9701457e-05 0)
(0.012752896 5.1600025e-05 0)
(0.012905021 4.1686383e-05 0)
(0.013022094 4.0019507e-05 0)
(0.013209573 2.3766844e-05 0)
(0.011213467 0.00026818238 0)
(0.011331727 0.0002443769 0)
(0.011471291 0.00021821988 0)
(0.011609602 0.00019282497 0)
(0.01175424 0.00016997733 0)
(0.011900857 0.0001486377 0)
(0.012049594 0.00012939741 0)
(0.012198509 0.00011214377 0)
(0.012347792 9.6653839e-05 0)
(0.012494538 8.3216197e-05 0)
(0.012641796 7.0795753e-05 0)
(0.012780876 6.1274143e-05 0)
(0.012928476 4.9563467e-05 0)
(0.013042116 4.7601136e-05 0)
(0.013224904 2.829165e-05 0)
(0.011387412 0.00030019633 0)
(0.011483933 0.00027448081 0)
(0.011605314 0.00024625797 0)
(0.011726644 0.00021844907 0)
(0.011855845 0.00019326162 0)
(0.011988706 0.00016956647 0)
(0.01212518 0.00014805664 0)
(0.012263291 0.00012866182 0)
(0.012403093 0.00011115908 0)
(0.0125416 9.5911293e-05 0)
(0.012681688 8.1753008e-05 0)
(0.012814658 7.0879002e-05 0)
(0.012956813 5.741715e-05 0)
(0.013066316 5.5181147e-05 0)
(0.013243573 3.2848499e-05 0)
(0.011586453 0.00032700962 0)
(0.011658917 0.00030024602 0)
(0.011759929 0.00027090468 0)
(0.011862161 0.00024144759 0)
(0.011973869 0.00021454228 0)
(0.012091055 0.00018899996 0)
(0.01221348 0.00016561737 0)
(0.012339154 0.00014439057 0)
(0.012467998 0.00012511158 0)
(0.012596946 0.00010823039 0)
(0.012728686 9.2465901e-05 0)
(0.012854522 8.0331932e-05 0)
(0.012990279 6.5186636e-05 0)
(0.013094921 6.2712302e-05 0)
(0.013265807 3.7389198e-05 0)
(0.011808819 0.00034770241 0)
(0.01185549 0.00032086482 0)
(0.01193434 0.00029146118 0)
(0.012015687 0.00026123676 0)
(0.01210809 0.00023333571 0)
(0.012207859 0.00020654491 0)
(0.012314576 0.00018176379 0)
(0.012426264 0.0001590795 0)
(0.012542722 0.000138315 0)
(0.012660816 0.00012002096 0)
(0.01278304 0.00010281736 0)
(0.012900712 8.9541667e-05 0)
(0.013029093 7.2804211e-05 0)
(0.013128142 7.0115985e-05 0)
(0.013291824 4.1893255e-05 0)
(0.012052015 0.00036147103 0)
(0.012071856 0.00033561327 0)
(0.012127245 0.00030727478 0)
(0.012186343 0.00027725677 0)
(0.012257959 0.00024916664 0)
(0.012338817 0.00022180666 0)
(0.012428349 0.00019617333 0)
(0.012524631 0.00017246883 0)
(0.012627364 0.00015056301 0)
(0.012733365 0.00013112081 0)
(0.012844938 0.00011268159 0)
(0.012953429 9.8408826e-05 0)
(0.013073448 8.0196749e-05 0)
(0.013166214 7.7351335e-05 0)
(0.013321829 4.6343795e-05 0)
(0.012312827 0.00036768018 0)
(0.0123056 0.00034389342 0)
(0.012336818 0.00031777226 0)
(0.012372815 0.00028899648 0)
(0.012422569 0.00026158633 0)
(0.01248334 0.00023440199 0)
(0.012554455 0.00020852556 0)
(0.012634091 0.00018429542 0)
(0.012721888 0.00016164321 0)
(0.012814649 0.00014136062 0)
(0.01291449 0.00012192552 0)
(0.013012816 0.00010682709 0)
(0.013123513 8.7288618e-05 0)
(0.013209347 8.4366978e-05 0)
(0.013356 5.0643005e-05 0)
(0.012587376 0.00036591282 0)
(0.01255371 0.00034527482 0)
(0.01256071 0.00032249455 0)
(0.012573337 0.00029601992 0)
(0.012600638 0.00027019265 0)
(0.012640532 0.00024397375 0)
(0.012692301 0.00021851258 0)
(0.012754284 0.00019430003 0)
(0.012826108 0.00017134193 0)
(0.012904605 0.00015056712 0)
(0.012991723 0.00013041078 0)
(0.013078954 0.00011468473 0)
(0.013179416 9.3994624e-05 0)
(0.013257679 9.1097201e-05 0)
(0.013394482 5.4824588e-05 0)
(0.012871218 0.00035601313 0)
(0.012812631 0.0003395321 0)
(0.012796074 0.0003211304 0)
(0.0127857 0.00029799321 0)
(0.0127905 0.00027465148 0)
(0.012809174 0.00025020709 0)
(0.01284103 0.00022585092 0)
(0.012884635 0.00020223575 0)
(0.012939667 0.0001794502 0)
(0.013003037 0.00015856704 0)
(0.013076561 0.00013799627 0)
(0.013151843 0.00012186639 0)
(0.013241237 0.00010021833 0)
(0.013311323 9.744906e-05 0)
(0.013437377 5.8864062e-05 0)
(0.013159483 0.00033811764 0)
(0.01307835 0.0003266747 0)
(0.013039624 0.0003135464 0)
(0.013007278 0.00029471024 0)
(0.012990117 0.00027471813 0)
(0.012987722 0.00025284628 0)
(0.012999508 0.00023029439 0)
(0.013024342 0.00020787755 0)
(0.013062023 0.00018577048 0)
(0.013109607 0.00016519191 0)
(0.013168813 0.00014454138 0)
(0.013231403 0.00012825634 0)
(0.013309029 0.00010588889 0)
(0.01337034 0.00010335269 0)
(0.013484762 6.2670091e-05 0)
(0.013447054 0.00031267 0)
(0.013346527 0.0003069652 0)
(0.013287715 0.00029981019 0)
(0.013235083 0.00028611472 0)
(0.013197105 0.00027025727 0)
(0.013174317 0.00025171154 0)
(0.013166325 0.00023164742 0)
(0.013172368 0.00021103246 0)
(0.01319244 0.00019012426 0)
(0.013223815 0.00017028346 0)
(0.013268164 0.00014991025 0)
(0.013317471 0.00013374204 0)
(0.013382761 0.00011092728 0)
(0.013434726 0.00010872676 0)
(0.013536679 6.6207707e-05 0)
(0.013728784 0.00028041571 0)
(0.01361265 0.00028092284 0)
(0.013536462 0.00028020383 0)
(0.013465837 0.0002723166 0)
(0.013408781 0.00026125982 0)
(0.013366812 0.00024671451 0)
(0.013339807 0.00022977826 0)
(0.01332744 0.00021155019 0)
(0.013329982 0.00019236022 0)
(0.013344998 0.00017369962 0)
(0.013374166 0.00015397634 0)
(0.013409773 0.00013821646 0)
(0.013462281 0.00011522714 0)
(0.01350441 0.00011348839 0)
(0.013593125 6.9435737e-05 0)
(0.013999722 0.00024237478 0)
(0.013872222 0.00024931004 0)
(0.013781876 0.00025522467 0)
(0.013696079 0.0002536004 0)
(0.013622231 0.00024785501 0)
(0.013562812 0.0002378712 0)
(0.013518037 0.00022463093 0)
(0.013488064 0.00020933343 0)
(0.013473516 0.00019236253 0)
(0.013472321 0.00017532104 0)
(0.013486227 0.00015662711 0)
(0.013507916 0.00014158066 0)
(0.01354735 0.00011871136 0)
(0.013579252 0.00011755378 0)
(0.013654049 7.230673e-05 0)
(0.014255345 0.00019979253 0)
(0.014120948 0.00021310101 0)
(0.014020023 0.00022557197 0)
(0.013922281 0.00023042378 0)
(0.013834399 0.00023031569 0)
(0.013759738 0.00022531105 0)
(0.013698893 0.00021623521 0)
(0.013652541 0.00020434733 0)
(0.013621716 0.00019005903 0)
(0.013604782 0.00017505759 0)
(0.013603611 0.00015776895 0)
(0.013611383 0.00014374759 0)
(0.013637624 0.0001213048 0)
(0.013659029 0.00012084171 0)
(0.013719348 7.4772448e-05 0)
(0.014491772 0.00015407132 0)
(0.014354939 0.00017343376 0)
(0.01424719 0.00019211862 0)
(0.014140989 0.00020340502 0)
(0.014042192 0.00020905598 0)
(0.013954896 0.00020928073 0)
(0.013880101 0.00020471352 0)
(0.013819001 0.00019662729 0)
(0.013773086 0.00018542872 0)
(0.013741216 0.00017285493 0)
(0.013725439 0.00015733221 0)
(0.013719528 0.00014464627 0)
(0.013732659 0.00012294367 0)
(0.013743437 0.00012327799 0)
(0.013788859 7.6786738e-05 0)
(0.01470593 0.00010668735 0)
(0.014570879 0.00013154921 0)
(0.014460046 0.00015586907 0)
(0.01434896 0.00017329903 0)
(0.01424259 0.00018461981 0)
(0.014145574 0.00019014172 0)
(0.014059296 0.00019028357 0)
(0.013985446 0.00018628428 0)
(0.013925988 0.00017850787 0)
(0.013880315 0.00016870026 0)
(0.013850695 0.00015527589 0)
(0.013831575 0.00014422577 0)
(0.013831905 0.00012356515 0)
(0.013832085 0.00012479862 0)
(0.013862357 7.8308544e-05 0)
(0.014895677 5.9101899e-05 0)
(0.014766174 8.8722861e-05 0)
(0.014655787 0.00011790589 0)
(0.014543303 0.00014096195 0)
(0.014432773 0.00015765993 0)
(0.014329134 0.00016836013 0)
(0.014234104 0.00017325539 0)
(0.014149806 0.00017350627 0)
(0.014078674 0.00016939371 0)
(0.014020647 0.00016262671 0)
(0.013978238 0.00015159148 0)
(0.013946623 0.00014245498 0)
(0.013934532 0.00012313541 0)
(0.013924448 0.0001253216 0)
(0.013939551 7.9295909e-05 0)
(0.015059848 1.2704164e-05 0)
(0.014939043 4.6187164e-05 0)
(0.014832253 7.9330606e-05 0)
(0.014721599 0.00010730729 0)
(0.014610235 0.00012890731 0)
(0.014503121 0.0001444888 0)
(0.014402219 0.00015402227 0)
(0.014310005 0.00015855516 0)
(0.014229338 0.00015824491 0)
(0.01416069 0.00015471606 0)
(0.014106821 0.00014630534 0)
(0.014063658 0.0001393324 0)
(0.014039565 0.00012160196 0)
(0.014019825 0.00012483416 0)
(0.01402008 7.9711848e-05 0)
(0.015198245 -3.1127907e-05 0)
(0.015088581 5.0054087e-06 0)
(0.014987999 4.1211879e-05 0)
(0.014882001 7.3269351e-05 0)
(0.014772891 9.9140351e-05 0)
(0.014665356 0.00011915029 0)
(0.014561498 0.00013305227 0)
(0.01446403 0.00014176512 0)
(0.014376167 0.00014528299 0)
(0.01429887 0.00014510381 0)
(0.01423512 0.00013948315 0)
(0.014181631 0.00013483097 0)
(0.014146146 0.00011901773 0)
(0.014117406 0.00012334202 0)
(0.014103447 7.9535999e-05 0)
(0.01443434 -0.0023837283 -9.5434079e-23)
(0.014850597 -0.0022244304 2.4229886e-23)
(0.015163929 -0.0019424241 -1.8260058e-23)
(0.015311429 -0.0015029316 3.9846211e-22)
(0.015330594 -0.0010326444 8.7180205e-22)
(0.015306066 -0.00065162702 0)
(0.015276858 -0.00038383344 0)
(0.015240045 -0.00019046348 0)
(0.015153622 -5.194852e-05 -6.0433272e-22)
(0.014352756 -0.0026307073 8.8864472e-23)
(0.014745076 -0.0024036422 0)
(0.015032228 -0.0020336081 0)
(0.015178583 -0.0015307511 -4.2003957e-22)
(0.015224025 -0.001036557 -7.9218497e-22)
(0.015233074 -0.00065250978 -4.7946246e-21)
(0.015228987 -0.00038488568 -1.3283358e-20)
(0.01520804 -0.00019236419 -1.7888784e-20)
(0.015130712 -5.4236513e-05 0)
(0.01417129 -0.0028056441 0)
(0.014560028 -0.0025190785 0)
(0.014856796 -0.0020791293 0)
(0.015030301 -0.0015332601 0)
(0.015115261 -0.0010283675 -4.5512097e-22)
(0.015160436 -0.0006462895 5.0156669e-21)
(0.015181338 -0.00038087034 2.810634e-20)
(0.015175798 -0.00019073437 1.6102611e-20)
(0.01510952 -5.4221805e-05 1.6470855e-21)
(0.013945439 -0.0029119244 1.660379e-22)
(0.014341278 -0.0025742384 0)
(0.014662802 -0.002083129 -3.5317657e-21)
(0.014876176 -0.0015131862 -4.0453065e-21)
(0.015006214 -0.0010083904 1.1780425e-20)
(0.015088696 -0.00063295928 -2.0225403e-21)
(0.015134855 -0.00037269816 -1.6669154e-20)
(0.015145067 -0.00018730863 -1.2498683e-21)
(0.015091433 -5.3528839e-05 9.3621316e-21)
(0.013686791 -0.0029521505 6.7686103e-22)
(0.014101652 -0.0025743184 -2.8357683e-22)
(0.014459655 -0.0020503971 7.5216737e-21)
(0.014721164 -0.0014727831 4.0928942e-21)
(0.01489909 -0.00097706879 -9.0009402e-19)
(0.015018885 -0.0006126727 -7.2341845e-19)
(0.015090008 -0.0003604728 -4.148971e-20)
(0.015115625 -0.00018195335 5.1006834e-20)
(0.015075407 -5.2040519e-05 0)
(0.013406919 -0.0029286808 -3.400867e-21)
(0.01385116 -0.0025234801 4.0352533e-21)
(0.014254293 -0.0019844414 -4.2431999e-21)
(0.014568769 -0.0014135118 0)
(0.014795395 -0.00093474232 6.3824209e-19)
(0.014951763 -0.00058560073 8.8139399e-19)
(0.015047294 -0.00034427189 9.0565568e-20)
(0.015087722 -0.00017457048 6.8387267e-20)
(0.015061387 -4.9934554e-05 1.4927302e-19)
(0.013117301 -0.0028448191 2.9602156e-21)
(0.01359876 -0.0024260225 -8.8966254e-21)
(0.014052499 -0.0018883504 0)
(0.01442191 -0.0013366233 0)
(0.014696481 -0.00088182791 1.8321352e-20)
(0.014888042 -0.0005520011 8.2128009e-20)
(0.015007128 -0.00032421535 -5.0812999e-20)
(0.015061821 -0.00016503911 -1.0713952e-19)
(0.015049648 -4.7613129e-05 -3.2275716e-19)
(0.012828448 -0.0027046905 -1.9773678e-21)
(0.013352187 -0.0022862883 5.6091974e-21)
(0.013859073 -0.0017649849 0)
(0.014283068 -0.0012433547 1.8942261e-21)
(0.014603592 -0.00081886673 -1.5130097e-21)
(0.014828369 -0.00051222214 -4.5140548e-20)
(0.014969889 -0.00030048466 0)
(0.01503875 -0.00015337009 0)
(0.015037338 -4.490803e-05 1.8716073e-19)
(0.012549578 -0.0025130251 2.2787857e-21)
(0.013117978 -0.0021085547 5.5155778e-21)
(0.013677993 -0.0016170488 0)
(0.014154381 -0.0011349964 -1.9678406e-20)
(0.014517872 -0.00074652309 0)
(0.014773338 -0.00046670043 -5.7924161e-20)
(0.014935925 -0.00027339776 7.0160123e-20)
(0.015017856 -0.00013980912 -2.6805503e-21)
(0.01502723 -4.1404734e-05 -2.0483168e-19)
(0.012288688 -0.0022749632 6.4789845e-21)
(0.012901661 -0.0018970557 -1.4429751e-20)
(0.013512606 -0.0014471836 0)
(0.014037708 -0.0010129325 2.2435014e-20)
(0.014440387 -0.00066557659 2.1048666e-20)
(0.014723514 -0.00041595779 1.1952258e-19)
(0.014905661 -0.0002435508 -1.3765065e-19)
(0.015000405 -0.00012432706 -1.800196e-19)
(0.015017978 -3.7031165e-05 1.1575138e-20)
(0.012052653 -0.0019959897 -9.731729e-21)
(0.012707907 -0.0016560402 7.1341443e-21)
(0.013365735 -0.001258048 0)
(0.013934667 -0.00087866368 0)
(0.01437214 -0.00057691923 1.6070556e-21)
(0.014679528 -0.00036052362 -5.9232029e-20)
(0.014877369 -0.00021128261 1.4908348e-19)
(0.01498424 -0.00010759805 7.5332678e-20)
(0.015011219 -3.2100402e-05 2.5140604e-19)
(0.011847274 -0.0016818893 5.1429294e-21)
(0.012540623 -0.0013898177 7.1326896e-22)
(0.013239753 -0.0010523688 8.9686951e-21)
(0.013846638 -0.00073381192 1.1387649e-20)
(0.014313966 -0.00048153918 -5.8591003e-20)
(0.014642234 -0.00030091747 0)
(0.014853819 -0.00017655762 -8.234089e-20)
(0.014970826 -8.9921394e-05 1.0090886e-19)
(0.015005016 -2.6787399e-05 -1.7403278e-20)
(0.011677323 -0.0013386982 -2.3806981e-21)
(0.012403006 -0.0011027839 1.221705e-21)
(0.013136618 -0.0008329654 -9.4485135e-21)
(0.013774787 -0.00058011502 -1.4195996e-20)
(0.014266558 -0.00038051447 2.993953e-20)
(0.014611985 -0.00023774712 5.9236826e-21)
(0.014835293 -0.00013946399 -4.5066337e-20)
(0.014960713 -7.0968081e-05 -4.1660666e-21)
(0.014999902 -2.1206018e-05 1.5890696e-19)
(0.011546579 -0.00097265929 0)
(0.01229759 -0.0007994308 0)
(0.013057892 -0.0006027556 -1.3183292e-21)
(0.013720057 -0.00041941346 -1.3413775e-20)
(0.014230486 -0.00027500343 1.9680955e-21)
(0.01458898 -0.00017176216 1.9624024e-20)
(0.01482117 -0.00010066745 4.7688117e-20)
(0.014953045 -5.1208396e-05 -7.0603641e-20)
(0.014995809 -1.5271127e-05 -1.725989e-19)
(0.011457857 -0.00059018477 -8.8450285e-22)
(0.012226262 -0.00048434922 0)
(0.013004751 -0.00036475894 0)
(0.013683168 -0.00025365035 7.386577e-21)
(0.01420619 -0.00016625436 -1.0416009e-20)
(0.014573465 -0.00010378358 -2.1803764e-20)
(0.014811454 -6.076779e-05 0)
(0.01494717 -3.0953404e-05 3.6063457e-20)
(0.014993538 -9.1486811e-06 0)
(0.011413029 -0.0001978315 1.1083721e-21)
(0.012190284 -0.00016223648 -1.740878e-22)
(0.012977982 -0.00012210952 0)
(0.013664603 -8.4889226e-05 7.4674471e-21)
(0.014193969 -5.5629875e-05 9.6897958e-21)
(0.014565652 -3.4714863e-05 4.8589812e-22)
(0.014806535 -2.0330958e-05 0)
(0.014944192 -1.0432936e-05 4.4633108e-20)
(0.014992447 -2.9201778e-06 1.8596788e-21)
(0.014605038 -0.0019897971 0)
(0.014805506 -0.0016193646 3.8342671e-19)
(0.014974778 -0.0013050414 4.2287857e-19)
(0.015107626 -0.0010519117 5.8514148e-24)
(0.0152083 -0.00085559931 4.6519155e-19)
(0.015279912 -0.00070434936 4.5866519e-19)
(0.015327845 -0.00058592685 0)
(0.015358669 -0.00049034397 3.9067351e-21)
(0.01537791 -0.00041080211 -2.9472186e-22)
(0.015389063 -0.00034307606 -2.7941416e-21)
(0.015393787 -0.00028481655 -5.1107545e-21)
(0.015391844 -0.00023377438 0)
(0.015384465 -0.00019026463 -3.6424215e-24)
(0.015365023 -0.00014779108 3.2899521e-18)
(0.015356556 -0.0001222252 2.772213e-18)
(0.015015619 -0.0019202483 4.7626654e-22)
(0.01520688 -0.0016122969 -3.7213452e-19)
(0.01533864 -0.0013502067 -4.1542048e-19)
(0.01542645 -0.0011323962 1.7304212e-21)
(0.015482067 -0.00095356916 0)
(0.015512583 -0.00080631701 2.8936896e-23)
(0.015526845 -0.00068353659 -2.9031349e-23)
(0.015531378 -0.00057940158 0)
(0.015530343 -0.00049000371 -3.3873008e-21)
(0.015525498 -0.00041284195 4.3806491e-22)
(0.015517057 -0.00034615069 5.0390801e-21)
(0.015504209 -0.00028806869 -1.8381444e-23)
(0.015487193 -0.00023819232 0)
(0.015462013 -0.00019100559 -3.6371605e-18)
(0.015444663 -0.00016056083 -3.0439068e-18)
(0.015304588 -0.0017666861 -3.7832708e-22)
(0.015442594 -0.001561189 5.6739064e-22)
(0.015533187 -0.001365147 1.3230456e-21)
(0.015589903 -0.0011880854 -1.3756522e-21)
(0.015624327 -0.0010321278 -3.648996e-23)
(0.015643484 -0.00089477462 0)
(0.015652564 -0.00077303171 -3.6884364e-23)
(0.015654146 -0.00066558254 1.0842609e-21)
(0.015650254 -0.00057068257 -2.3937944e-24)
(0.015641867 -0.00048768492 2.4091297e-21)
(0.01562857 -0.00041520889 -2.2618008e-21)
(0.015610733 -0.00035192619 0)
(0.015589075 -0.00029659034 0)
(0.015562372 -0.00024612958 1.45976e-21)
(0.015539885 -0.00020849905 0)
(0.015423418 -0.0014206452 0)
(0.015507349 -0.001304968 6.9289302e-23)
(0.015568909 -0.0011847427 -2.376829e-22)
(0.015614096 -0.0010689955 3.0169624e-22)
(0.015647674 -0.00096011543 3.6339585e-22)
(0.015671462 -0.00085879483 -2.9987513e-23)
(0.015685847 -0.00076535713 0)
(0.015693547 -0.00067898634 -1.2126385e-21)
(0.015693115 -0.0005991332 -9.3369436e-22)
(0.015687915 -0.00052690615 0)
(0.015677397 -0.00046140393 0)
(0.015663148 -0.00040180565 9.2651255e-22)
(0.015645972 -0.00034774326 -9.0878657e-22)
(0.015625849 -0.00029842203 -3.1901277e-22)
(0.015606511 -0.00025593546 8.6269565e-22)
(0.015409192 -0.0010045103 0)
(0.015454313 -0.00095217712 -2.528276e-23)
(0.015493554 -0.00089461205 1.3368205e-22)
(0.015526836 -0.00083618175 -2.0781077e-22)
(0.015554398 -0.0007778169 -2.1167796e-22)
(0.015576523 -0.00071999939 0)
(0.0155937 -0.00066309727 0)
(0.015606221 -0.00060750226 3.0547666e-22)
(0.015614739 -0.00055378677 6.434822e-22)
(0.01561949 -0.00050190776 -5.5169708e-23)
(0.015621089 -0.00045224377 -2.680989e-22)
(0.015620132 -0.00040511627 -6.8363145e-22)
(0.015616878 -0.00036121162 6.7933869e-22)
(0.015611827 -0.00032015107 -2.8703051e-22)
(0.015605273 -0.00028067163 -6.3236447e-22)
(0.015355428 -0.00064603589 3.6516844e-23)
(0.01537715 -0.00062511767 -1.6573735e-23)
(0.015398372 -0.00060076866 3.5726623e-23)
(0.015418315 -0.00057489884 -2.7356011e-23)
(0.015436669 -0.00054788568 -3.22391e-23)
(0.015453463 -0.00051994119 6.8265218e-24)
(0.015468717 -0.00049127317 2.5993781e-23)
(0.015482415 -0.00046208054 1.8082393e-24)
(0.01549455 -0.00043257525 0)
(0.015505145 -0.00040298594 1.3483486e-23)
(0.015514237 -0.0003735333 2.1805258e-22)
(0.015521865 -0.00034440214 -4.2289029e-23)
(0.015528116 -0.00031572273 2.4135144e-23)
(0.015533257 -0.00028761262 -2.7026476e-22)
(0.015536622 -0.00026006049 1.6175117e-23)
(0.015307314 -0.00038592921 -4.8818925e-23)
(0.015317257 -0.00037834413 -1.5166217e-23)
(0.015327717 -0.00036914079 0)
(0.015338234 -0.00035911546 0)
(0.015348606 -0.00034837788 -9.9907202e-23)
(0.01535883 -0.00033695578 2.0603045e-22)
(0.015368887 -0.00032486951 -3.215879e-23)
(0.015378724 -0.000312144 4.6542483e-23)
(0.01538829 -0.00029881122 -1.7687666e-22)
(0.015397542 -0.00028490773 1.6425569e-22)
(0.015406443 -0.00027047392 -8.0735319e-23)
(0.015414966 -0.0002555555 0)
(0.015423089 -0.00024020525 0)
(0.015430857 -0.00022447321 0)
(0.015437804 -0.00020835736 0)
(0.015260586 -0.00019475011 1.4055857e-23)
(0.015264947 -0.00019238465 -6.1208884e-23)
(0.015269885 -0.00018937552 8.4745087e-23)
(0.015275102 -0.00018603841 -1.682939e-22)
(0.015280469 -0.00018240116 3.9210133e-22)
(0.015286014 -0.00017845578 -1.8215812e-22)
(0.015291759 -0.00017419054 2.4251881e-23)
(0.015297694 -0.00016959535 -3.5607266e-23)
(0.01530381 -0.00016466293 0)
(0.015310097 -0.00015938946 -1.8130276e-22)
(0.015316545 -0.00015377535 1.909391e-22)
(0.015323145 -0.00014782603 -2.3003782e-22)
(0.01532988 -0.00014155234 1.8781849e-22)
(0.015336755 -0.00013497112 -8.5869215e-23)
(0.015343589 -0.00012809283 8.7602694e-23)
(0.015169914 -5.5695233e-05 -9.2853669e-24)
(0.015172309 -5.5200657e-05 0)
(0.015175126 -5.4540757e-05 2.331013e-22)
(0.015178157 -5.3802856e-05 -4.8775916e-22)
(0.015181339 -5.2992267e-05 2.4044059e-22)
(0.015184701 -5.210536e-05 0)
(0.015188266 -5.1137707e-05 -1.5135308e-23)
(0.015192039 -5.0085415e-05 0)
(0.015196021 -4.8945315e-05 0)
(0.015200217 -4.7715115e-05 0)
(0.015204631 -4.6393701e-05 5.690199e-22)
(0.015209265 -4.498163e-05 -5.6551322e-22)
(0.015214117 -4.3482414e-05 0)
(0.015219166 -4.1910516e-05 0)
(0.015224581 -4.0306202e-05 0)
(0.015297025 -6.61523e-05 0)
(0.01519857 -2.8972328e-05 0)
(0.015105031 9.280327e-06 0)
(0.015005145 4.4115314e-05 0)
(0.014900372 7.3058813e-05 0)
(0.014794938 9.6418096e-05 0)
(0.014690962 0.00011376683 0)
(0.014591258 0.00012591689 0)
(0.014499261 0.00013268641 0)
(0.014416296 0.00013543553 0)
(0.014345481 0.00013231435 0)
(0.014284253 0.00012979853 0)
(0.0142397 0.0001158157 0)
(0.01420367 0.0001211647 0)
(0.014178046 7.8872795e-05 0)
(0.015389995 -0.00010305877 0)
(0.015305009 -6.4678735e-05 0)
(0.0152202 -2.4914209e-05 0)
(0.015128566 1.2363251e-05 0)
(0.015030331 4.4208901e-05 0)
(0.014929092 7.0811164e-05 0)
(0.014826914 9.1652184e-05 0)
(0.014726621 0.00010741079 0)
(0.014631811 0.00011769005 0)
(0.014544144 0.0001236559 0)
(0.014466835 0.0001233579 0)
(0.014398093 0.00012326831 0)
(0.01434435 0.00011146792 -3.6886045e-19)
(0.014300658 0.00011790319 -3.5874153e-19)
(0.014262669 7.772654e-05 0)
(0.015495954 -0.00015443573 0)
(0.015432453 -0.00011407493 0)
(0.015363394 -7.375554e-05 0)
(0.015287012 -3.4487591e-05 0)
(0.015202315 5.6009137e-07 0)
(0.015111523 3.0916312e-05 0)
(0.015016421 5.6218619e-05 0)
(0.014919651 7.6925013e-05 0)
(0.01482483 9.2273772e-05 0)
(0.014733912 0.00010299355 0)
(0.014650097 0.00010714405 0)
(0.014572705 0.00011073856 0)
(0.014507144 0.00010284537 5.3404829e-19)
(0.014452743 0.00011092884 5.2711929e-19)
(0.01439731 7.4928314e-05 0)
(0.015580008 -0.00021040107 0)
(0.015545316 -0.00017211043 0)
(0.015501928 -0.00013360356 0)
(0.015450688 -9.499522e-05 0)
(0.015390529 -5.8501705e-05 0)
(0.015321629 -2.5546752e-05 0)
(0.015244886 3.6580629e-06 0)
(0.015162246 2.9587885e-05 0)
(0.01507681 5.0966268e-05 0)
(0.014990326 6.7727053e-05 0)
(0.014905517 7.8181281e-05 0)
(0.014822941 8.6916655e-05 0)
(0.01474674 8.5529812e-05 0)
(0.014680631 9.5603213e-05 0)
(0.014603784 6.8700788e-05 0)
(0.015598263 -0.00024502603 0)
(0.015588789 -0.00021404905 0)
(0.015573679 -0.00018211176 0)
(0.015551899 -0.00014899553 0)
(0.015523139 -0.00011683141 0)
(0.015487491 -8.7876789e-05 0)
(0.015445083 -6.0248947e-05 0)
(0.015393299 -3.2517877e-05 0)
(0.015335046 -7.302984e-06 0)
(0.015270853 1.4448364e-05 0)
(0.015201911 3.1357923e-05 0)
(0.015129108 4.5766738e-05 0)
(0.015054865 5.2855668e-05 0)
(0.014986789 6.4551311e-05 0)
(0.014894697 5.342329e-05 0)
(0.015540414 -0.00023702256 0)
(0.015545166 -0.00021668919 0)
(0.015547601 -0.00019602258 0)
(0.015546054 -0.00017375946 0)
(0.015541085 -0.000149388 0)
(0.015532627 -0.000124953 0)
(0.015519468 -0.00010039072 0)
(0.015501892 -7.6597935e-05 0)
(0.015479968 -5.4356909e-05 0)
(0.015452321 -3.5023566e-05 0)
(0.015420524 -1.9370896e-05 0)
(0.01538275 -5.8751477e-06 0)
(0.015339134 4.9144321e-06 0)
(0.015294405 1.5937004e-05 0)
(0.015219922 2.1323859e-05 0)
(0.015445041 -0.00019504478 0)
(0.015453352 -0.00018294595 0)
(0.015461284 -0.0001696408 0)
(0.015468316 -0.00015517396 0)
(0.01547436 -0.00013966998 0)
(0.015479136 -0.00012352061 0)
(0.015482233 -0.00010737102 0)
(0.015483398 -9.1777782e-05 0)
(0.015481165 -7.5816502e-05 0)
(0.015477352 -5.9713418e-05 0)
(0.0154704 -4.4893121e-05 0)
(0.015460208 -3.1366402e-05 0)
(0.015448778 -2.0423319e-05 0)
(0.01543617 -1.2844534e-05 0)
(0.015413662 -5.7253556e-06 0)
(0.015350368 -0.00012231838 0)
(0.015357889 -0.00011706657 0)
(0.015365684 -0.00011109978 0)
(0.015373501 -0.00010431153 0)
(0.015381377 -9.6673082e-05 0)
(0.015389187 -8.8211109e-05 8.8722315e-35)
(0.015396715 -7.9007836e-05 -9.2444662e-35)
(0.015403814 -6.924241e-05 0)
(0.015410354 -5.9178684e-05 0)
(0.015416087 -4.9147193e-05 0)
(0.015420853 -3.981811e-05 0)
(0.015424482 -3.1932051e-05 0)
(0.015426944 -2.5732963e-05 0)
(0.015427798 -2.1255081e-05 0)
(0.015426306 -1.5596565e-05 0)
(0.015229388 -3.8659121e-05 0)
(0.015235109 -3.7248269e-05 0)
(0.015240982 -3.5639067e-05 0)
(0.015247179 -3.3785552e-05 0)
(0.01525383 -3.1672248e-05 0)
(0.015260844 -2.9292024e-05 0)
(0.015268075 -2.665203e-05 0)
(0.01527538 -2.3777825e-05 0)
(0.015282595 -2.0708436e-05 0)
(0.015289524 -1.750798e-05 0)
(0.015295958 -1.427718e-05 0)
(0.015301745 -1.1126424e-05 0)
(0.015306913 -8.2332587e-06 0)
(0.015311291 -6.1116285e-06 0)
(0.01531691 -4.6488075e-06 0)
)
;

boundaryField
{
    inlet
    {
        type            fixedValue;
        value           uniform (0.015 0 0);
    }
    outlet
    {
        type            zeroGradient;
    }
    cylinder
    {
        type            noSlip;
    }
    frontAndBack
    {
        type            empty;
    }
}


// ************************************************************************* //
