# Force coefficients
# liftDir       : (0.00000000e+00 1.00000000e+00 0.00000000e+00)
# dragDir       : (1.00000000e+00 0.00000000e+00 0.00000000e+00)
# pitchAxis     : (0.00000000e+00 1.00000000e+00 0.00000000e+00)
# magUInf       : 1.50000000e-02
# lRef          : 1.00000000e-03
# Aref          : 1.00000000e-06
# CofR          : (0.00000000e+00 0.00000000e+00 0.00000000e+00)
# Time          	Cm              	Cd              	Cl              	Cl(f)           	Cl(r)           
0               	0.00000000e+00	0.00000000e+00	0.00000000e+00	0.00000000e+00	0.00000000e+00
1               	-2.47556216e-16	3.25854198e+01	3.19176572e-02	1.59588286e-02	1.59588286e-02
2               	-6.05544163e-16	6.06548563e+01	8.52571688e-02	4.26285844e-02	4.26285844e-02
3               	-6.00464425e-16	2.48534171e+01	-1.01813520e-02	-5.09067598e-03	-5.09067598e-03
4               	-3.80776259e-16	-2.65881328e+01	-1.58305595e-02	-7.91527973e-03	-7.91527973e-03
5               	-1.17300933e-16	-5.27480591e+01	-3.20422198e-02	-1.60211099e-02	-1.60211099e-02
6               	1.21923875e-16	-7.29945067e+01	-7.92842650e-02	-3.96421325e-02	-3.96421325e-02
7               	1.69530590e-16	-4.90955445e+01	-9.25278125e-03	-4.62639062e-03	-4.62639062e-03
8               	1.59593081e-16	-1.60175816e+00	9.21959368e-02	4.60979684e-02	4.60979684e-02
9               	1.18703895e-16	3.21955737e+01	3.12961705e-02	1.56480853e-02	1.56480853e-02
10              	3.26467401e-17	5.47859563e+01	-6.96654012e-03	-3.48327006e-03	-3.48327006e-03
11              	-2.83104444e-17	5.55481780e+01	-6.93182196e-03	-3.46591098e-03	-3.46591098e-03
12              	-4.25375330e-17	3.21156503e+01	-5.75768761e-02	-2.87884380e-02	-2.87884380e-02
13              	-5.57687118e-17	4.17844262e+00	-7.57180285e-02	-3.78590142e-02	-3.78590142e-02
14              	-3.81085200e-17	-1.86327170e+01	-2.79754734e-02	-1.39877367e-02	-1.39877367e-02
15              	-2.47253777e-17	-3.10354601e+01	1.56469884e-02	7.82349422e-03	7.82349422e-03
16              	-1.09606707e-17	-3.12522877e+01	3.13344755e-02	1.56672377e-02	1.56672377e-02
17              	-2.13236686e-17	-1.73356017e+01	6.44730536e-02	3.22365268e-02	3.22365268e-02
18              	-1.28546155e-17	-3.95538063e+00	4.87112089e-02	2.43556045e-02	2.43556045e-02
19              	-1.14290458e-18	6.01012508e+00	7.58825416e-03	3.79412708e-03	3.79412708e-03
20              	-4.79535627e-18	1.24934357e+01	-2.79840117e-02	-1.39920059e-02	-1.39920059e-02
21              	-5.36085496e-18	1.44684507e+01	-3.85512123e-02	-1.92756062e-02	-1.92756062e-02
22              	-1.20029416e-18	1.03825926e+01	-3.88502469e-02	-1.94251234e-02	-1.94251234e-02
23              	-2.84261820e-18	4.63167047e+00	-3.07365325e-02	-1.53682663e-02	-1.53682663e-02
24              	-1.14635207e-17	5.47495508e-01	-4.74863504e-03	-2.37431752e-03	-2.37431752e-03
25              	-1.44574795e-17	-3.06147399e+00	1.65734558e-02	8.28672788e-03	8.28672788e-03
26              	-1.36633862e-17	-4.43619025e+00	2.73798720e-02	1.36899360e-02	1.36899360e-02
27              	-1.59340885e-17	-3.69701728e+00	2.48593756e-02	1.24296878e-02	1.24296878e-02
28              	-1.57716172e-17	-1.79450743e+00	1.90093858e-02	9.50469292e-03	9.50469292e-03
29              	-1.25011720e-17	-1.34146297e-01	1.05097764e-02	5.25488818e-03	5.25488818e-03
30              	-9.95121314e-18	1.20624198e+00	-3.10797261e-03	-1.55398631e-03	-1.55398631e-03
31              	-8.14588167e-18	1.69412064e+00	-1.33441367e-02	-6.67206837e-03	-6.67206837e-03
32              	-7.92570120e-18	1.86019658e+00	-1.57223003e-02	-7.86115015e-03	-7.86115015e-03
33              	-6.86694281e-18	1.25080744e+00	-1.28954405e-02	-6.44772024e-03	-6.44772024e-03
34              	-7.48216189e-18	6.84008569e-01	-7.93248097e-03	-3.96624048e-03	-3.96624048e-03
35              	-8.86545206e-18	2.95640760e-01	6.45344347e-04	3.22672174e-04	3.22672174e-04
36              	-1.06353308e-17	2.78636865e-01	6.28856571e-03	3.14428285e-03	3.14428285e-03
37              	-1.12086489e-17	2.87573926e-01	7.19336605e-03	3.59668303e-03	3.59668303e-03
38              	-1.15021166e-17	3.52568503e-01	5.75058134e-03	2.87529067e-03	2.87529067e-03
39              	-1.18020696e-17	5.54756226e-01	2.46120372e-03	1.23060186e-03	1.23060186e-03
40              	-1.16740544e-17	7.16684604e-01	3.25018569e-04	1.62509284e-04	1.62509284e-04
41              	-1.10484581e-17	7.68782699e-01	-2.50531097e-03	-1.25265549e-03	-1.25265549e-03
42              	-1.00746564e-17	7.02577685e-01	-2.89219526e-03	-1.44609763e-03	-1.44609763e-03
43              	-9.32246564e-18	6.27839122e-01	-2.00601227e-03	-1.00300614e-03	-1.00300614e-03
44              	-9.14752699e-18	6.09142474e-01	-9.34493741e-04	-4.67246871e-04	-4.67246871e-04
45              	-9.16191869e-18	6.03255774e-01	-3.54070986e-06	-1.77035493e-06	-1.77035493e-06
46              	-9.31149889e-18	6.08906678e-01	7.92679825e-04	3.96339912e-04	3.96339912e-04
47              	-9.50197957e-18	6.21358000e-01	1.44084203e-03	7.20421015e-04	7.20421015e-04
48              	-9.59578480e-18	6.36910855e-01	1.32906009e-03	6.64530043e-04	6.64530043e-04
49              	-9.61117705e-18	6.58471638e-01	7.03705486e-04	3.51852743e-04	3.51852743e-04
50              	-9.58388608e-18	6.90552370e-01	9.61840534e-06	4.80920267e-06	4.80920267e-06
51              	-9.54544861e-18	7.17959149e-01	-3.41605066e-04	-1.70802533e-04	-1.70802533e-04
52              	-9.49149339e-18	7.26077080e-01	-3.53175661e-04	-1.76587831e-04	-1.76587831e-04
53              	-9.36580698e-18	7.13185970e-01	-1.20171345e-04	-6.00856724e-05	-6.00856724e-05
54              	-9.27346006e-18	7.05967269e-01	5.39619942e-05	2.69809971e-05	2.69809971e-05
55              	-9.18846568e-18	7.09637817e-01	1.89433754e-04	9.47168768e-05	9.47168768e-05
56              	-9.11900389e-18	7.18802763e-01	2.30572044e-04	1.15286022e-04	1.15286022e-04
57              	-9.05951262e-18	7.31761660e-01	2.02345241e-04	1.01172621e-04	1.01172621e-04
58              	-9.00501874e-18	7.44775082e-01	1.57267892e-04	7.86339459e-05	7.86339459e-05
59              	-8.95285798e-18	7.56349215e-01	1.31012910e-04	6.55064551e-05	6.55064551e-05
60              	-8.89844561e-18	7.65262325e-01	1.43098302e-04	7.15491512e-05	7.15491512e-05
61              	-8.84359922e-18	7.72492583e-01	1.76881851e-04	8.84409254e-05	8.84409254e-05
62              	-8.78883171e-18	7.79231342e-01	2.07042919e-04	1.03521460e-04	1.03521460e-04
63              	-8.73573562e-18	7.86646281e-01	2.06962324e-04	1.03481162e-04	1.03481162e-04
64              	-8.68489647e-18	7.95150852e-01	1.68433593e-04	8.42167963e-05	8.42167963e-05
65              	-8.63579271e-18	8.04550664e-01	1.03757170e-04	5.18785849e-05	5.18785849e-05
66              	-8.58918709e-18	8.14078476e-01	3.31633254e-05	1.65816627e-05	1.65816627e-05
67              	-8.54548875e-18	8.24543005e-01	-1.95798614e-06	-9.78993070e-07	-9.78993070e-07
68              	-8.50239608e-18	8.34349674e-01	-1.02872910e-05	-5.14364548e-06	-5.14364548e-06
69              	-8.45903598e-18	8.42404792e-01	-9.16607868e-06	-4.58303934e-06	-4.58303934e-06
70              	-8.41766217e-18	8.50433601e-01	2.42439252e-05	1.21219626e-05	1.21219626e-05
71              	-8.37666941e-18	8.56416714e-01	5.76105876e-05	2.88052938e-05	2.88052938e-05
72              	-8.34504874e-18	8.66302973e-01	1.04755705e-04	5.23778526e-05	5.23778526e-05
73              	-8.31497949e-18	8.76278989e-01	1.37559733e-04	6.87798667e-05	6.87798667e-05
74              	-8.28552071e-18	8.86167374e-01	1.57159202e-04	7.85796008e-05	7.85796008e-05
75              	-8.25217211e-18	8.92918453e-01	1.54402518e-04	7.72012592e-05	7.72012592e-05
76              	-8.22471899e-18	9.00299658e-01	1.46479242e-04	7.32396209e-05	7.32396209e-05
77              	-8.20409429e-18	9.08201978e-01	1.38188241e-04	6.90941207e-05	6.90941207e-05
78              	-8.19011205e-18	9.16853199e-01	1.33677517e-04	6.68387583e-05	6.68387583e-05
79              	-8.18561402e-18	9.23339547e-01	1.37959972e-04	6.89799860e-05	6.89799860e-05
80              	-8.18819588e-18	9.32195081e-01	1.47042350e-04	7.35211748e-05	7.35211748e-05
81              	-8.19345539e-18	9.42470963e-01	1.52924254e-04	7.64621269e-05	7.64621269e-05
82              	-8.19657922e-18	9.52711009e-01	1.50122648e-04	7.50613239e-05	7.50613239e-05
83              	-8.18660987e-18	9.55828449e-01	1.36208744e-04	6.81043720e-05	6.81043720e-05
84              	-8.18730457e-18	9.66062073e-01	1.24889873e-04	6.24449363e-05	6.24449363e-05
85              	-8.18492550e-18	9.68464986e-01	1.21046490e-04	6.05232450e-05	6.05232450e-05
86              	-8.18878027e-18	9.78492418e-01	1.15369869e-04	5.76849347e-05	5.76849347e-05
87              	-8.19588252e-18	9.84261228e-01	1.19395820e-04	5.96979102e-05	5.96979102e-05
88              	-8.20493552e-18	9.91658606e-01	1.24427198e-04	6.22135992e-05	6.22135992e-05
89              	-8.21445118e-18	1.00010315e+00	1.28955261e-04	6.44776307e-05	6.44776307e-05
90              	-8.29247272e-18	1.03616193e+00	1.50539123e-04	7.52695616e-05	7.52695616e-05
91              	-8.29323915e-18	1.03883367e+00	1.51083859e-04	7.55419293e-05	7.55419293e-05
92              	-8.29230285e-18	1.04077759e+00	1.51418866e-04	7.57094332e-05	7.57094332e-05
93              	-8.39645544e-18	1.05067918e+00	1.84363517e-04	9.21817585e-05	9.21817585e-05
94              	-8.38752620e-18	1.04869289e+00	1.66459838e-04	8.32299190e-05	8.32299190e-05
95              	-8.38456874e-18	1.04798808e+00	1.50718096e-04	7.53590481e-05	7.53590481e-05
96              	-8.39139165e-18	1.04980906e+00	1.41257602e-04	7.06288010e-05	7.06288010e-05
97              	-8.43583901e-18	1.05737616e+00	1.23496305e-04	6.17481527e-05	6.17481527e-05
98              	-8.44218950e-18	1.06038244e+00	1.21350116e-04	6.06750579e-05	6.06750579e-05
99              	-8.45413312e-18	1.06560537e+00	1.17201841e-04	5.86009206e-05	5.86009206e-05
100             	-8.48450672e-18	1.07984921e+00	8.32174974e-05	4.16087487e-05	4.16087487e-05
101             	-8.49071105e-18	1.08526354e+00	7.82456744e-05	3.91228372e-05	3.91228372e-05
102             	-8.49911178e-18	1.09597594e+00	6.75416396e-05	3.37708198e-05	3.37708198e-05
103             	-8.51180858e-18	1.11250090e+00	6.50384949e-05	3.25192475e-05	3.25192475e-05
104             	-8.51151508e-18	1.11741277e+00	6.63602485e-05	3.31801243e-05	3.31801243e-05
105             	-8.51722398e-18	1.13104926e+00	9.01996255e-05	4.50998128e-05	4.50998128e-05
106             	-8.51765696e-18	1.13849652e+00	1.08195081e-04	5.40975403e-05	5.40975403e-05
107             	-8.51775968e-18	1.14480917e+00	1.26447343e-04	6.32236713e-05	6.32236713e-05
108             	-8.51771036e-18	1.15023215e+00	1.40002983e-04	7.00014915e-05	7.00014915e-05
109             	-8.51928860e-18	1.15596673e+00	1.45858426e-04	7.29292128e-05	7.29292128e-05
110             	-8.52079656e-18	1.16072774e+00	1.40248862e-04	7.01244310e-05	7.01244310e-05
111             	-8.52536266e-18	1.16674867e+00	1.25480903e-04	6.27404517e-05	6.27404517e-05
112             	-8.53030919e-18	1.17273249e+00	1.10463655e-04	5.52318277e-05	5.52318277e-05
113             	-8.53900318e-18	1.18061076e+00	9.53184005e-05	4.76592003e-05	4.76592003e-05
114             	-8.54906071e-18	1.18903545e+00	8.62544956e-05	4.31272478e-05	4.31272478e-05
115             	-8.56012451e-18	1.19775463e+00	8.41561118e-05	4.20780559e-05	4.20780559e-05
116             	-8.56985390e-18	1.20577905e+00	8.72572971e-05	4.36286486e-05	4.36286486e-05
117             	-8.57853073e-18	1.21326052e+00	9.27694454e-05	4.63847227e-05	4.63847227e-05
118             	-8.58638178e-18	1.22031477e+00	9.79100139e-05	4.89550070e-05	4.89550070e-05
119             	-8.59301107e-18	1.22692927e+00	1.00239140e-04	5.01195699e-05	5.01195699e-05
120             	-8.59976132e-18	1.23366854e+00	9.97939699e-05	4.98969849e-05	4.98969849e-05
121             	-8.60540067e-18	1.24033600e+00	9.62897023e-05	4.81448512e-05	4.81448512e-05
122             	-8.61039366e-18	1.24725892e+00	9.13466201e-05	4.56733100e-05	4.56733100e-05
123             	-8.61509304e-18	1.25467727e+00	8.65592697e-05	4.32796349e-05	4.32796349e-05
124             	-8.61831574e-18	1.26214100e+00	8.26482111e-05	4.13241056e-05	4.13241056e-05
125             	-8.62096031e-18	1.27000725e+00	8.02556530e-05	4.01278265e-05	4.01278265e-05
126             	-8.62059984e-18	1.27685302e+00	7.88421930e-05	3.94210965e-05	3.94210965e-05
127             	-8.62110448e-18	1.28495954e+00	7.78616793e-05	3.89308396e-05	3.89308396e-05
128             	-8.62076476e-18	1.29292734e+00	7.65745119e-05	3.82872560e-05	3.82872560e-05
129             	-8.61904445e-18	1.29999783e+00	7.49517250e-05	3.74758625e-05	3.74758625e-05
130             	-8.61747756e-18	1.30735203e+00	7.29235580e-05	3.64617790e-05	3.64617790e-05
131             	-8.61632212e-18	1.31519435e+00	7.10043064e-05	3.55021532e-05	3.55021532e-05
132             	-8.61531454e-18	1.32330308e+00	6.96286693e-05	3.48143347e-05	3.48143347e-05
133             	-8.61386801e-18	1.33133132e+00	6.88112809e-05	3.44056405e-05	3.44056405e-05
134             	-8.61153906e-18	1.33901509e+00	6.82563002e-05	3.41281501e-05	3.41281501e-05
135             	-8.60833982e-18	1.34628006e+00	6.75661944e-05	3.37830972e-05	3.37830972e-05
136             	-8.60463032e-18	1.35328938e+00	6.63926213e-05	3.31963106e-05	3.31963106e-05
137             	-8.60082809e-18	1.36030589e+00	6.44956556e-05	3.22478278e-05	3.22478278e-05
138             	-8.59846430e-18	1.36895938e+00	6.13415940e-05	3.06707970e-05	3.06707970e-05
139             	-8.59261423e-18	1.37656868e+00	5.70362588e-05	2.85181294e-05	2.85181294e-05
140             	-8.58720403e-18	1.38244940e+00	5.55891926e-05	2.77945963e-05	2.77945963e-05
141             	-8.58203393e-18	1.38923156e+00	5.45027355e-05	2.72513677e-05	2.72513677e-05
142             	-8.57855327e-18	1.39818059e+00	5.39195292e-05	2.69597646e-05	2.69597646e-05
143             	-8.57586481e-18	1.40801301e+00	5.23186830e-05	2.61593415e-05	2.61593415e-05
144             	-8.57027926e-18	1.41539243e+00	4.96392669e-05	2.48196334e-05	2.48196334e-05
145             	-8.56512918e-18	1.42310102e+00	4.76166399e-05	2.38083200e-05	2.38083200e-05
146             	-8.56095663e-18	1.43123080e+00	4.72162479e-05	2.36081240e-05	2.36081240e-05
147             	-8.55792701e-18	1.43954134e+00	4.84108121e-05	2.42054060e-05	2.42054060e-05
148             	-8.55592021e-18	1.44772562e+00	5.00894123e-05	2.50447061e-05	2.50447061e-05
149             	-8.55463527e-18	1.45552353e+00	5.07458067e-05	2.53729033e-05	2.53729033e-05
150             	-8.55435644e-18	1.46340383e+00	4.85098409e-05	2.42549205e-05	2.42549205e-05
151             	-8.55313413e-18	1.47012451e+00	4.58459737e-05	2.29229868e-05	2.29229868e-05
152             	-8.55403949e-18	1.47784237e+00	4.09033638e-05	2.04516819e-05	2.04516819e-05
153             	-8.55306060e-18	1.48517226e+00	3.54091197e-05	1.77045599e-05	1.77045599e-05
154             	-8.55059339e-18	1.49246421e+00	3.02320937e-05	1.51160469e-05	1.51160469e-05
155             	-8.54713357e-18	1.50003018e+00	2.62075303e-05	1.31037651e-05	1.31037651e-05
156             	-8.54299612e-18	1.50804760e+00	2.39080959e-05	1.19540480e-05	1.19540480e-05
157             	-8.53824904e-18	1.51652144e+00	2.34803206e-05	1.17401603e-05	1.17401603e-05
158             	-8.53281682e-18	1.52530227e+00	2.46248311e-05	1.23124155e-05	1.23124155e-05
159             	-8.52673174e-18	1.53414916e+00	2.66996481e-05	1.33498241e-05	1.33498241e-05
160             	-8.52025119e-18	1.54282804e+00	2.87832521e-05	1.43916260e-05	1.43916260e-05
161             	-8.51380811e-18	1.55119341e+00	2.99247165e-05	1.49623583e-05	1.49623583e-05
162             	-8.50783133e-18	1.55922436e+00	2.94283913e-05	1.47141956e-05	1.47141956e-05
163             	-8.50256228e-18	1.56700294e+00	2.71103449e-05	1.35551724e-05	1.35551724e-05
164             	-8.49797295e-18	1.57467113e+00	2.33790733e-05	1.16895367e-05	1.16895367e-05
165             	-8.49382507e-18	1.58240274e+00	1.90192486e-05	9.50962428e-06	9.50962428e-06
166             	-8.48972254e-18	1.59036065e+00	1.48220973e-05	7.41104867e-06	7.41104867e-06
167             	-8.48515040e-18	1.59860892e+00	1.14608636e-05	5.73043181e-06	5.73043181e-06
168             	-8.47962414e-18	1.60710692e+00	9.39337975e-06	4.69668988e-06	4.69668988e-06
169             	-8.47292079e-18	1.61572427e+00	8.81348301e-06	4.40674150e-06	4.40674150e-06
170             	-8.46530850e-18	1.62433329e+00	9.45770847e-06	4.72885424e-06	4.72885424e-06
171             	-8.45733170e-18	1.63289841e+00	1.05253321e-05	5.26266607e-06	5.26266607e-06
172             	-8.44947092e-18	1.64139605e+00	1.10349478e-05	5.51747389e-06	5.51747389e-06
173             	-8.43939535e-18	1.65019803e+00	7.64356023e-06	3.82178011e-06	3.82178011e-06
174             	-8.42928170e-18	1.65803595e+00	6.21299332e-06	3.10649666e-06	3.10649666e-06
175             	-8.41956081e-18	1.66510838e+00	2.38273590e-06	1.19136795e-06	1.19136795e-06
176             	-8.41329999e-18	1.67266272e+00	-8.31850966e-07	-4.15925483e-07	-4.15925483e-07
177             	-8.40925161e-18	1.68177717e+00	-2.74934834e-06	-1.37467417e-06	-1.37467417e-06
178             	-8.40369135e-18	1.69109979e+00	-2.39423324e-06	-1.19711662e-06	-1.19711662e-06
179             	-8.39697937e-18	1.69995611e+00	-5.97996790e-08	-2.98998395e-08	-2.98998395e-08
180             	-8.38745757e-18	1.70936748e+00	1.56982630e-06	7.84913152e-07	7.84913152e-07
181             	-8.37788314e-18	1.71837739e+00	4.24565366e-06	2.12282683e-06	2.12282683e-06
182             	-8.36595343e-18	1.72588112e+00	7.74052479e-07	3.87026240e-07	3.87026240e-07
183             	-8.35603008e-18	1.73339463e+00	-6.12287824e-06	-3.06143912e-06	-3.06143912e-06
184             	-8.35097283e-18	1.74231177e+00	-9.02802769e-06	-4.51401384e-06	-4.51401384e-06
185             	-8.34537277e-18	1.75128975e+00	-8.97820491e-06	-4.48910245e-06	-4.48910245e-06
186             	-8.33816684e-18	1.76019003e+00	-7.38584010e-06	-3.69292005e-06	-3.69292005e-06
187             	-8.32903894e-18	1.76888921e+00	-6.32665893e-06	-3.16332946e-06	-3.16332946e-06
188             	-8.32254514e-18	1.77794978e+00	-2.50647430e-06	-1.25323715e-06	-1.25323715e-06
189             	-8.31485170e-18	1.78653673e+00	-1.46621821e-06	-7.33109105e-07	-7.33109105e-07
190             	-8.30574129e-18	1.79475966e+00	-3.69460806e-06	-1.84730403e-06	-1.84730403e-06
191             	-8.29247855e-18	1.80274072e+00	-8.15051422e-06	-4.07525711e-06	-4.07525711e-06
192             	-8.28153360e-18	1.81113267e+00	-1.42563637e-05	-7.12818183e-06	-7.12818183e-06
193             	-8.27062398e-18	1.81972881e+00	-1.90676428e-05	-9.53382139e-06	-9.53382139e-06
194             	-8.26034971e-18	1.82850370e+00	-2.19811103e-05	-1.09905552e-05	-1.09905552e-05
195             	-8.25090357e-18	1.83738491e+00	-2.33088955e-05	-1.16544477e-05	-1.16544477e-05
196             	-8.24194636e-18	1.84629717e+00	-2.36309049e-05	-1.18154524e-05	-1.18154524e-05
197             	-8.23326093e-18	1.85517129e+00	-2.36379779e-05	-1.18189890e-05	-1.18189890e-05
198             	-8.22422115e-18	1.86399105e+00	-2.36172174e-05	-1.18086087e-05	-1.18086087e-05
199             	-8.21496628e-18	1.87275356e+00	-2.38267932e-05	-1.19133966e-05	-1.19133966e-05
200             	-8.20551139e-18	1.88148474e+00	-2.42790007e-05	-1.21395003e-05	-1.21395003e-05
201             	-8.19623949e-18	1.89022109e+00	-2.49365450e-05	-1.24682725e-05	-1.24682725e-05
202             	-8.18791660e-18	1.89872689e+00	-2.66924381e-05	-1.33462190e-05	-1.33462190e-05
203             	-8.17953629e-18	1.90726797e+00	-2.97865220e-05	-1.48932610e-05	-1.48932610e-05
204             	-8.17110539e-18	1.91613685e+00	-3.25111490e-05	-1.62555745e-05	-1.62555745e-05
205             	-8.16157473e-18	1.92506957e+00	-3.53277976e-05	-1.76638988e-05	-1.76638988e-05
206             	-8.15160470e-18	1.93421286e+00	-3.65010093e-05	-1.82505047e-05	-1.82505047e-05
207             	-8.14107049e-18	1.94337137e+00	-3.64653759e-05	-1.82326879e-05	-1.82326879e-05
208             	-8.13073955e-18	1.95258309e+00	-3.48176187e-05	-1.74088094e-05	-1.74088094e-05
209             	-8.12056275e-18	1.96169395e+00	-3.26764849e-05	-1.63382425e-05	-1.63382425e-05
210             	-8.11074532e-18	1.97070888e+00	-3.06959452e-05	-1.53479726e-05	-1.53479726e-05
211             	-8.10119007e-18	1.97961284e+00	-2.96725217e-05	-1.48362609e-05	-1.48362609e-05
212             	-8.09189872e-18	1.98847146e+00	-3.01755123e-05	-1.50877561e-05	-1.50877561e-05
213             	-8.08277490e-18	1.99733380e+00	-3.22901432e-05	-1.61450716e-05	-1.61450716e-05
214             	-8.07369340e-18	2.00623833e+00	-3.54759804e-05	-1.77379902e-05	-1.77379902e-05
215             	-8.06453397e-18	2.01520931e+00	-3.89135749e-05	-1.94567874e-05	-1.94567874e-05
216             	-8.05518570e-18	2.02424179e+00	-4.17998347e-05	-2.08999174e-05	-2.08999174e-05
217             	-8.04562949e-18	2.03332872e+00	-4.36025252e-05	-2.18012626e-05	-2.18012626e-05
218             	-8.03587008e-18	2.04244344e+00	-4.42229218e-05	-2.21114609e-05	-2.21114609e-05
219             	-8.02598889e-18	2.05156499e+00	-4.39684472e-05	-2.19842236e-05	-2.19842236e-05
220             	-8.01610281e-18	2.06068069e+00	-4.33600381e-05	-2.16800190e-05	-2.16800190e-05
221             	-8.00631711e-18	2.06978676e+00	-4.29423493e-05	-2.14711747e-05	-2.14711747e-05
222             	-7.99670556e-18	2.07889277e+00	-4.30274085e-05	-2.15137043e-05	-2.15137043e-05
223             	-7.98725658e-18	2.08800363e+00	-4.36921115e-05	-2.18460558e-05	-2.18460558e-05
224             	-7.97790856e-18	2.09712801e+00	-4.49033667e-05	-2.24516833e-05	-2.24516833e-05
225             	-7.96856886e-18	2.10626866e+00	-4.64022370e-05	-2.32011185e-05	-2.32011185e-05
226             	-7.95917934e-18	2.11543338e+00	-4.78739871e-05	-2.39369936e-05	-2.39369936e-05
227             	-7.94968153e-18	2.12461645e+00	-4.91316277e-05	-2.45658138e-05	-2.45658138e-05
228             	-7.94009176e-18	2.13382225e+00	-5.00472900e-05	-2.50236450e-05	-2.50236450e-05
229             	-7.93033749e-18	2.14302193e+00	-5.05427710e-05	-2.52713855e-05	-2.52713855e-05
230             	-7.92061545e-18	2.15224903e+00	-5.11440741e-05	-2.55720371e-05	-2.55720371e-05
231             	-7.91084292e-18	2.16144061e+00	-5.19064629e-05	-2.59532314e-05	-2.59532314e-05
232             	-7.90140733e-18	2.17070966e+00	-5.22816268e-05	-2.61408134e-05	-2.61408134e-05
233             	-7.89179569e-18	2.17989547e+00	-5.31846215e-05	-2.65923108e-05	-2.65923108e-05
234             	-7.88252515e-18	2.18917312e+00	-5.38322047e-05	-2.69161024e-05	-2.69161024e-05
235             	-7.87328904e-18	2.19846912e+00	-5.45205047e-05	-2.72602523e-05	-2.72602523e-05
236             	-7.86389930e-18	2.20772427e+00	-5.55257141e-05	-2.77628570e-05	-2.77628570e-05
237             	-7.85465858e-18	2.21703850e+00	-5.63386518e-05	-2.81693259e-05	-2.81693259e-05
238             	-7.84527046e-18	2.22632188e+00	-5.72772292e-05	-2.86386146e-05	-2.86386146e-05
239             	-7.83339011e-18	2.23492829e+00	-6.14945813e-05	-3.07472906e-05	-3.07472906e-05
240             	-7.82585177e-18	2.24459551e+00	-6.16127281e-05	-3.08063640e-05	-3.08063640e-05
241             	-7.81524320e-18	2.25362965e+00	-6.34965617e-05	-3.17482809e-05	-3.17482809e-05
242             	-7.80554817e-18	2.26292669e+00	-6.40911102e-05	-3.20455551e-05	-3.20455551e-05
243             	-7.79943589e-18	2.27301535e+00	-6.20688973e-05	-3.10344487e-05	-3.10344487e-05
244             	-7.78922950e-18	2.28234435e+00	-6.14055005e-05	-3.07027503e-05	-3.07027503e-05
245             	-7.77934106e-18	2.29171613e+00	-6.09263761e-05	-3.04631881e-05	-3.04631881e-05
246             	-7.76939851e-18	2.30103676e+00	-6.10908210e-05	-3.05454105e-05	-3.05454105e-05
247             	-7.76034919e-18	2.31048492e+00	-6.14879019e-05	-3.07439509e-05	-3.07439509e-05
248             	-7.75101159e-18	2.31985567e+00	-6.24986259e-05	-3.12493130e-05	-3.12493130e-05
249             	-7.74252484e-18	2.32937466e+00	-6.34315918e-05	-3.17157959e-05	-3.17157959e-05
250             	-7.73380468e-18	2.33886130e+00	-6.45717550e-05	-3.22858775e-05	-3.22858775e-05
251             	-7.72015591e-18	2.34747557e+00	-6.74597893e-05	-3.37298946e-05	-3.37298946e-05
252             	-7.71396130e-18	2.35741434e+00	-6.75973993e-05	-3.37986996e-05	-3.37986996e-05
253             	-7.70287846e-18	2.36653479e+00	-6.84947488e-05	-3.42473744e-05	-3.42473744e-05
254             	-7.69808398e-18	2.37675305e+00	-6.75788037e-05	-3.37894019e-05	-3.37894019e-05
255             	-7.69188086e-18	2.38675796e+00	-6.69268656e-05	-3.34634328e-05	-3.34634328e-05
256             	-7.67946934e-18	2.39568689e+00	-6.83418444e-05	-3.41709222e-05	-3.41709222e-05
257             	-7.66806327e-18	2.40477667e+00	-6.96273496e-05	-3.48136748e-05	-3.48136748e-05
258             	-7.66183081e-18	2.41473662e+00	-6.98206227e-05	-3.49103114e-05	-3.49103114e-05
259             	-7.65108630e-18	2.42394819e+00	-7.06785350e-05	-3.53392675e-05	-3.53392675e-05
260             	-7.64145107e-18	2.43334979e+00	-7.11796258e-05	-3.55898129e-05	-3.55898129e-05
261             	-7.63714343e-18	2.44363542e+00	-7.08342895e-05	-3.54171448e-05	-3.54171448e-05
262             	-7.63080315e-18	2.45361097e+00	-7.09854929e-05	-3.54927465e-05	-3.54927465e-05
263             	-7.61852188e-18	2.46259802e+00	-7.28766455e-05	-3.64383228e-05	-3.64383228e-05
264             	-7.60687328e-18	2.47169009e+00	-7.45341542e-05	-3.72670771e-05	-3.72670771e-05
265             	-7.59656280e-18	2.48101095e+00	-7.54621732e-05	-3.77310866e-05	-3.77310866e-05
266             	-7.59201421e-18	2.49127603e+00	-7.51952934e-05	-3.75976467e-05	-3.75976467e-05
267             	-7.58185973e-18	2.50066638e+00	-7.50714040e-05	-3.75357020e-05	-3.75357020e-05
268             	-7.57232077e-18	2.51016797e+00	-7.50737595e-05	-3.75368798e-05	-3.75368798e-05
269             	-7.56347743e-18	2.51978336e+00	-7.54007372e-05	-3.77003686e-05	-3.77003686e-05
270             	-7.55522654e-18	2.52949040e+00	-7.60469770e-05	-3.80234885e-05	-3.80234885e-05
271             	-7.54682980e-18	2.53917249e+00	-7.70036389e-05	-3.85018195e-05	-3.85018195e-05
272             	-7.53934782e-18	2.54900015e+00	-7.79083218e-05	-3.89541609e-05	-3.89541609e-05
273             	-7.53128690e-18	2.55874232e+00	-7.88492115e-05	-3.94246057e-05	-3.94246057e-05
274             	-7.52320437e-18	2.56848975e+00	-7.96584663e-05	-3.98292331e-05	-3.98292331e-05
275             	-7.51438153e-18	2.57813161e+00	-8.04315072e-05	-4.02157536e-05	-4.02157536e-05
276             	-7.50577823e-18	2.58781827e+00	-8.10321340e-05	-4.05160670e-05	-4.05160670e-05
277             	-7.49670084e-18	2.59743974e+00	-8.15799363e-05	-4.07899681e-05	-4.07899681e-05
278             	-7.48803861e-18	2.60713284e+00	-8.20000630e-05	-4.10000315e-05	-4.10000315e-05
279             	-7.47892637e-18	2.61675925e+00	-8.25049947e-05	-4.12524974e-05	-4.12524974e-05
280             	-7.47081235e-18	2.62654762e+00	-8.28951630e-05	-4.14475815e-05	-4.14475815e-05
281             	-7.46261015e-18	2.63632630e+00	-8.33123130e-05	-4.16561565e-05	-4.16561565e-05
282             	-7.45426130e-18	2.64608053e+00	-8.37917865e-05	-4.18958932e-05	-4.18958932e-05
283             	-7.44619341e-18	2.65587586e+00	-8.43000299e-05	-4.21500149e-05	-4.21500149e-05
284             	-7.43765948e-18	2.66559297e+00	-8.48995066e-05	-4.24497533e-05	-4.24497533e-05
285             	-7.42989741e-18	2.67543455e+00	-8.54263967e-05	-4.27131984e-05	-4.27131984e-05
286             	-7.42181110e-18	2.68523063e+00	-8.59783216e-05	-4.29891608e-05	-4.29891608e-05
287             	-7.41353756e-18	2.69500618e+00	-8.65306687e-05	-4.32653344e-05	-4.32653344e-05
288             	-7.40508421e-18	2.70476147e+00	-8.71831744e-05	-4.35915872e-05	-4.35915872e-05
289             	-7.39675174e-18	2.71454276e+00	-8.78197298e-05	-4.39098649e-05	-4.39098649e-05
290             	-7.38717370e-18	2.72413206e+00	-8.83954148e-05	-4.41977074e-05	-4.41977074e-05
291             	-7.37975567e-18	2.73406507e+00	-8.87661203e-05	-4.43830601e-05	-4.43830601e-05
292             	-7.37182404e-18	2.74392678e+00	-8.91343010e-05	-4.45671505e-05	-4.45671505e-05
293             	-7.36428220e-18	2.75385644e+00	-8.94172254e-05	-4.47086127e-05	-4.47086127e-05
294             	-7.35625502e-18	2.76371725e+00	-8.98658879e-05	-4.49329440e-05	-4.49329440e-05
295             	-7.34819398e-18	2.77357665e+00	-9.04934982e-05	-4.52467491e-05	-4.52467491e-05
296             	-7.33998970e-18	2.78341636e+00	-9.12899472e-05	-4.56449736e-05	-4.56449736e-05
297             	-7.33170798e-18	2.79324609e+00	-9.21090522e-05	-4.60545261e-05	-4.60545261e-05
298             	-7.32349267e-18	2.80308766e+00	-9.28328263e-05	-4.64164131e-05	-4.64164131e-05
299             	-7.31906030e-18	2.81352647e+00	-9.34002608e-05	-4.67001304e-05	-4.67001304e-05
300             	-7.31280862e-18	2.82369418e+00	-9.41450445e-05	-4.70725223e-05	-4.70725223e-05
301             	-7.30070459e-18	2.83292441e+00	-9.51849134e-05	-4.75924567e-05	-4.75924567e-05
302             	-7.28937269e-18	2.84228613e+00	-9.56985792e-05	-4.78492896e-05	-4.78492896e-05
303             	-7.27946029e-18	2.85188711e+00	-9.53657065e-05	-4.76828532e-05	-4.76828532e-05
304             	-7.27123720e-18	2.86177122e+00	-9.44605764e-05	-4.72302882e-05	-4.72302882e-05
305             	-7.26754689e-18	2.87237559e+00	-9.36020603e-05	-4.68010302e-05	-4.68010302e-05
306             	-7.25911136e-18	2.88224390e+00	-9.33966822e-05	-4.66983411e-05	-4.66983411e-05
307             	-7.25124380e-18	2.89219960e+00	-9.40499120e-05	-4.70249560e-05	-4.70249560e-05
308             	-7.24348511e-18	2.90216533e+00	-9.53705374e-05	-4.76852687e-05	-4.76852687e-05
309             	-7.23568961e-18	2.91212027e+00	-9.69342993e-05	-4.84671496e-05	-4.84671496e-05
310             	-7.23172329e-18	2.92268105e+00	-9.82990171e-05	-4.91495085e-05	-4.91495085e-05
311             	-7.22191767e-18	2.93232459e+00	-9.96218838e-05	-4.98109419e-05	-4.98109419e-05
312             	-7.21234048e-18	2.94201235e+00	-1.00345481e-04	-5.01727403e-05	-5.01727403e-05
313             	-7.20341605e-18	2.95181339e+00	-1.00418428e-04	-5.02092140e-05	-5.02092140e-05
314             	-7.19883013e-18	2.96231294e+00	-1.00237657e-04	-5.01188286e-05	-5.01188286e-05
315             	-7.18918109e-18	2.97201346e+00	-9.98270376e-05	-4.99135188e-05	-4.99135188e-05
316             	-7.18010392e-18	2.98180786e+00	-9.95100692e-05	-4.97550346e-05	-4.97550346e-05
317             	-7.17173790e-18	2.99171499e+00	-9.93612542e-05	-4.96806271e-05	-4.96806271e-05
318             	-7.16779862e-18	3.00232537e+00	-9.96462804e-05	-4.98231402e-05	-4.98231402e-05
319             	-7.15856658e-18	3.01209034e+00	-1.00240859e-04	-5.01204295e-05	-5.01204295e-05
320             	-7.14989430e-18	3.02194880e+00	-1.01024399e-04	-5.05121997e-05	-5.05121997e-05
321             	-7.14171009e-18	3.03189020e+00	-1.01769096e-04	-5.08845482e-05	-5.08845482e-05
322             	-7.13738325e-18	3.04245659e+00	-1.02523151e-04	-5.12615757e-05	-5.12615757e-05
323             	-7.12817616e-18	3.05224018e+00	-1.03101268e-04	-5.15506339e-05	-5.15506339e-05
324             	-7.11918194e-18	3.06206327e+00	-1.03490037e-04	-5.17450187e-05	-5.17450187e-05
325             	-7.11468422e-18	3.07261986e+00	-1.03909378e-04	-5.19546888e-05	-5.19546888e-05
326             	-7.10488500e-18	3.08231451e+00	-1.04164978e-04	-5.20824889e-05	-5.20824889e-05
327             	-7.09600779e-18	3.09216353e+00	-1.04290363e-04	-5.21451816e-05	-5.21451816e-05
328             	-7.09119800e-18	3.10268029e+00	-1.04520343e-04	-5.22601717e-05	-5.22601717e-05
329             	-7.08200716e-18	3.11248557e+00	-1.04604718e-04	-5.23023592e-05	-5.23023592e-05
330             	-7.07318363e-18	3.12235906e+00	-1.04653256e-04	-5.23266278e-05	-5.23266278e-05
331             	-7.06525647e-18	3.13238603e+00	-1.04680302e-04	-5.23401509e-05	-5.23401509e-05
332             	-7.06141773e-18	3.14307977e+00	-1.05047703e-04	-5.25238516e-05	-5.25238516e-05
333             	-7.05255542e-18	3.15295239e+00	-1.05440673e-04	-5.27203367e-05	-5.27203367e-05
334             	-7.04428224e-18	3.16292293e+00	-1.05999962e-04	-5.29999812e-05	-5.29999812e-05
335             	-7.03613582e-18	3.17291432e+00	-1.06575306e-04	-5.32876532e-05	-5.32876532e-05
336             	-7.02875319e-18	3.18303410e+00	-1.07046064e-04	-5.35230320e-05	-5.35230320e-05
337             	-7.02157203e-18	3.19319216e+00	-1.07313948e-04	-5.36569738e-05	-5.36569738e-05
338             	-7.01779047e-18	3.20391278e+00	-1.07670201e-04	-5.38351004e-05	-5.38351004e-05
339             	-7.00886874e-18	3.21378928e+00	-1.08101663e-04	-5.40508316e-05	-5.40508316e-05
340             	-7.00014925e-18	3.22370351e+00	-1.08590662e-04	-5.42953312e-05	-5.42953312e-05
341             	-6.99174978e-18	3.23366947e+00	-1.09064625e-04	-5.45323126e-05	-5.45323126e-05
342             	-6.98396939e-18	3.24373681e+00	-1.09278314e-04	-5.46391571e-05	-5.46391571e-05
343             	-6.97973943e-18	3.25438552e+00	-1.09500973e-04	-5.47504865e-05	-5.47504865e-05
344             	-6.97101138e-18	3.26429861e+00	-1.09207971e-04	-5.46039857e-05	-5.46039857e-05
345             	-6.96250966e-18	3.27425470e+00	-1.08948227e-04	-5.44741134e-05	-5.44741134e-05
346             	-6.95829055e-18	3.28491938e+00	-1.09087675e-04	-5.45438373e-05	-5.45438373e-05
347             	-6.94929074e-18	3.29479331e+00	-1.09478417e-04	-5.47392085e-05	-5.47392085e-05
348             	-6.94056624e-18	3.30471802e+00	-1.10006076e-04	-5.50030378e-05	-5.50030378e-05
349             	-6.93242067e-18	3.31474499e+00	-1.10415582e-04	-5.52077909e-05	-5.52077909e-05
350             	-6.92819249e-18	3.32542700e+00	-1.10956526e-04	-5.54782630e-05	-5.54782630e-05
351             	-6.91964393e-18	3.33538596e+00	-1.11053139e-04	-5.55265694e-05	-5.55265694e-05
352             	-6.91152094e-18	3.34541875e+00	-1.11096159e-04	-5.55480794e-05	-5.55480794e-05
353             	-6.90715760e-18	3.35607984e+00	-1.11468680e-04	-5.57343400e-05	-5.57343400e-05
354             	-6.89828257e-18	3.36597655e+00	-1.11704696e-04	-5.58523479e-05	-5.58523479e-05
355             	-6.88960159e-18	3.37590805e+00	-1.11944859e-04	-5.59724296e-05	-5.59724296e-05
356             	-6.88180473e-18	3.38599312e+00	-1.12115233e-04	-5.60576167e-05	-5.60576167e-05
357             	-6.87777413e-18	3.39671172e+00	-1.12464616e-04	-5.62323079e-05	-5.62323079e-05
358             	-6.86933774e-18	3.40668857e+00	-1.12520901e-04	-5.62604503e-05	-5.62604503e-05
359             	-6.86112511e-18	3.41670801e+00	-1.12592192e-04	-5.62960962e-05	-5.62960962e-05
360             	-6.85366156e-18	3.42685778e+00	-1.12688851e-04	-5.63444254e-05	-5.63444254e-05
361             	-6.84947721e-18	3.43755907e+00	-1.13078230e-04	-5.65391152e-05	-5.65391152e-05
362             	-6.84118280e-18	3.44755766e+00	-1.13284863e-04	-5.66424315e-05	-5.66424315e-05
363             	-6.83301802e-18	3.45758121e+00	-1.13510564e-04	-5.67552819e-05	-5.67552819e-05
364             	-6.82536519e-18	3.46769760e+00	-1.13731418e-04	-5.68657090e-05	-5.68657090e-05
365             	-6.82151054e-18	3.47846024e+00	-1.14255006e-04	-5.71275029e-05	-5.71275029e-05
366             	-6.81627062e-18	3.48899292e+00	-1.14578869e-04	-5.72894346e-05	-5.72894346e-05
367             	-6.80615807e-18	3.49867401e+00	-1.14905501e-04	-5.74527506e-05	-5.74527506e-05
368             	-6.79675794e-18	3.50849159e+00	-1.15088667e-04	-5.75443336e-05	-5.75443336e-05
369             	-6.78836868e-18	3.51849428e+00	-1.14966409e-04	-5.74832047e-05	-5.74832047e-05
370             	-6.78435691e-18	3.52924806e+00	-1.15040493e-04	-5.75202465e-05	-5.75202465e-05
371             	-6.77627822e-18	3.53929774e+00	-1.14588722e-04	-5.72943612e-05	-5.72943612e-05
372             	-6.76869593e-18	3.54943334e+00	-1.14315433e-04	-5.71577165e-05	-5.71577165e-05
373             	-6.76514239e-18	3.56025624e+00	-1.14600437e-04	-5.73002186e-05	-5.73002186e-05
374             	-6.76020986e-18	3.57084446e+00	-1.15046265e-04	-5.75231325e-05	-5.75231325e-05
375             	-6.75016568e-18	3.58052358e+00	-1.15820200e-04	-5.79101000e-05	-5.79101000e-05
376             	-6.74080185e-18	3.59033909e+00	-1.16443568e-04	-5.82217839e-05	-5.82217839e-05
377             	-6.73606495e-18	3.60098159e+00	-1.16885699e-04	-5.84428496e-05	-5.84428496e-05
378             	-6.72704329e-18	3.61085706e+00	-1.16664824e-04	-5.83324118e-05	-5.83324118e-05
379             	-6.72257602e-18	3.62154041e+00	-1.16386528e-04	-5.81932638e-05	-5.81932638e-05
380             	-6.71734605e-18	3.63208572e+00	-1.16012936e-04	-5.80064681e-05	-5.80064681e-05
381             	-6.71027495e-18	3.64229655e+00	-1.15947050e-04	-5.79735249e-05	-5.79735249e-05
382             	-6.69951208e-18	3.65182128e+00	-1.16446710e-04	-5.82233550e-05	-5.82233550e-05
383             	-6.69051187e-18	3.66168295e+00	-1.16730003e-04	-5.83650013e-05	-5.83650013e-05
384             	-6.68642992e-18	3.67242479e+00	-1.16916550e-04	-5.84582748e-05	-5.84582748e-05
385             	-6.68205396e-18	3.68311289e+00	-1.16723842e-04	-5.83619211e-05	-5.83619211e-05
386             	-6.67330677e-18	3.69301123e+00	-1.16542199e-04	-5.82710993e-05	-5.82710993e-05
387             	-6.66539064e-18	3.70306490e+00	-1.16547704e-04	-5.82738522e-05	-5.82738522e-05
388             	-6.66157245e-18	3.71384299e+00	-1.16983801e-04	-5.84919004e-05	-5.84919004e-05
389             	-6.65336487e-18	3.72383218e+00	-1.17171488e-04	-5.85857439e-05	-5.85857439e-05
390             	-6.64566873e-18	3.73391612e+00	-1.17334490e-04	-5.86672448e-05	-5.86672448e-05
391             	-6.64157733e-18	3.74463903e+00	-1.17651604e-04	-5.88258018e-05	-5.88258018e-05
392             	-6.63335884e-18	3.75461491e+00	-1.17653734e-04	-5.88268671e-05	-5.88268671e-05
393             	-6.62562960e-18	3.76468288e+00	-1.17617074e-04	-5.88085369e-05	-5.88085369e-05
394             	-6.61880294e-18	3.77491594e+00	-1.17544554e-04	-5.87722772e-05	-5.87722772e-05
395             	-6.61539941e-18	3.78575026e+00	-1.17625928e-04	-5.88129639e-05	-5.88129639e-05
396             	-6.60762432e-18	3.79579326e+00	-1.17579622e-04	-5.87898108e-05	-5.87898108e-05
397             	-6.60024564e-18	3.80591279e+00	-1.17709916e-04	-5.88549579e-05	-5.88549579e-05
398             	-6.59311965e-18	3.81608066e+00	-1.17914417e-04	-5.89572083e-05	-5.89572083e-05
399             	-6.58939151e-18	3.82685144e+00	-1.18349059e-04	-5.91745294e-05	-5.91745294e-05
400             	-6.58392120e-18	3.83730583e+00	-1.18509594e-04	-5.92547972e-05	-5.92547972e-05
401             	-6.57473792e-18	3.84707255e+00	-1.18622166e-04	-5.93110829e-05	-5.93110829e-05
402             	-6.56620012e-18	3.85696998e+00	-1.18594280e-04	-5.92971401e-05	-5.92971401e-05
403             	-6.55857565e-18	3.86704189e+00	-1.18326868e-04	-5.91634341e-05	-5.91634341e-05
404             	-6.55464999e-18	3.87777614e+00	-1.18183087e-04	-5.90915437e-05	-5.90915437e-05
405             	-6.54747047e-18	3.88790747e+00	-1.17707675e-04	-5.88538373e-05	-5.88538373e-05
406             	-6.54061885e-18	3.89809507e+00	-1.17458166e-04	-5.87290832e-05	-5.87290832e-05
407             	-6.53708728e-18	3.90887488e+00	-1.17717749e-04	-5.88588747e-05	-5.88588747e-05
408             	-6.52951743e-18	3.91891043e+00	-1.18020157e-04	-5.90100787e-05	-5.90100787e-05
409             	-6.52209193e-18	3.92897911e+00	-1.18422499e-04	-5.92112495e-05	-5.92112495e-05
410             	-6.51492823e-18	3.93910010e+00	-1.18752717e-04	-5.93763586e-05	-5.93763586e-05
411             	-6.50837082e-18	3.94933077e+00	-1.18863078e-04	-5.94315390e-05	-5.94315390e-05
412             	-6.50478425e-18	3.96008247e+00	-1.19028021e-04	-5.95140104e-05	-5.95140104e-05
413             	-6.49741480e-18	3.97013599e+00	-1.18728482e-04	-5.93642412e-05	-5.93642412e-05
414             	-6.49028199e-18	3.98023509e+00	-1.18498164e-04	-5.92490820e-05	-5.92490820e-05
415             	-6.48619926e-18	3.99088438e+00	-1.18617246e-04	-5.93086230e-05	-5.93086230e-05
416             	-6.47812573e-18	4.00079946e+00	-1.18563897e-04	-5.92819484e-05	-5.92819484e-05
417             	-6.47040327e-18	4.01078683e+00	-1.18493601e-04	-5.92468007e-05	-5.92468007e-05
418             	-6.46598187e-18	4.02137895e+00	-1.18525198e-04	-5.92625990e-05	-5.92625990e-05
419             	-6.45813764e-18	4.03132816e+00	-1.18245772e-04	-5.91228860e-05	-5.91228860e-05
420             	-6.45362504e-18	4.04189240e+00	-1.18143760e-04	-5.90718801e-05	-5.90718801e-05
421             	-6.44585949e-18	4.05183986e+00	-1.17983540e-04	-5.89917701e-05	-5.89917701e-05
422             	-6.43838264e-18	4.06184517e+00	-1.17905565e-04	-5.89527823e-05	-5.89527823e-05
423             	-6.43148515e-18	4.07195964e+00	-1.17848236e-04	-5.89241181e-05	-5.89241181e-05
424             	-6.42593935e-18	4.08232039e+00	-1.17864255e-04	-5.89321275e-05	-5.89321275e-05
425             	-6.42042694e-18	4.09267243e+00	-1.17885305e-04	-5.89426525e-05	-5.89426525e-05
426             	-6.41781082e-18	4.10353260e+00	-1.18246315e-04	-5.91231577e-05	-5.91231577e-05
427             	-6.41090259e-18	4.11359039e+00	-1.18407461e-04	-5.92037306e-05	-5.92037306e-05
428             	-6.40359439e-18	4.12358605e+00	-1.18596102e-04	-5.92980508e-05	-5.92980508e-05
429             	-6.39625818e-18	4.13358936e+00	-1.18651447e-04	-5.93257236e-05	-5.93257236e-05
430             	-6.39165547e-18	4.14410404e+00	-1.18699934e-04	-5.93499671e-05	-5.93499671e-05
431             	-6.38404966e-18	4.15404010e+00	-1.18304933e-04	-5.91524664e-05	-5.91524664e-05
432             	-6.37953241e-18	4.16454899e+00	-1.18030799e-04	-5.90153995e-05	-5.90153995e-05
433             	-6.37159569e-18	4.17439799e+00	-1.17656517e-04	-5.88282585e-05	-5.88282585e-05
434             	-6.36445448e-18	4.18440270e+00	-1.17424537e-04	-5.87122684e-05	-5.87122684e-05
435             	-6.35791285e-18	4.19452058e+00	-1.17290847e-04	-5.86454235e-05	-5.86454235e-05
436             	-6.35481264e-18	4.20526374e+00	-1.17548203e-04	-5.87741014e-05	-5.87741014e-05
437             	-6.34808626e-18	4.21531252e+00	-1.17518621e-04	-5.87593103e-05	-5.87593103e-05
438             	-6.34153561e-18	4.22539656e+00	-1.17553204e-04	-5.87766020e-05	-5.87766020e-05
439             	-6.33780262e-18	4.23600587e+00	-1.17807185e-04	-5.89035926e-05	-5.89035926e-05
440             	-6.33018596e-18	4.24587187e+00	-1.17807172e-04	-5.89035861e-05	-5.89035861e-05
441             	-6.32297112e-18	4.25582366e+00	-1.17698134e-04	-5.88490670e-05	-5.88490670e-05
442             	-6.31890759e-18	4.26636835e+00	-1.17700833e-04	-5.88504164e-05	-5.88504164e-05
443             	-6.31148211e-18	4.27625799e+00	-1.17361816e-04	-5.86809078e-05	-5.86809078e-05
444             	-6.30461034e-18	4.28625479e+00	-1.16998635e-04	-5.84993173e-05	-5.84993173e-05
445             	-6.30092155e-18	4.29684336e+00	-1.16921592e-04	-5.84607958e-05	-5.84607958e-05
446             	-6.29372949e-18	4.30675197e+00	-1.16679949e-04	-5.83399746e-05	-5.83399746e-05
447             	-6.28937793e-18	4.31720326e+00	-1.16735717e-04	-5.83678585e-05	-5.83678585e-05
448             	-6.28187442e-18	4.32704070e+00	-1.16737578e-04	-5.83687889e-05	-5.83687889e-05
449             	-6.27490480e-18	4.33698866e+00	-1.16716230e-04	-5.83581149e-05	-5.83581149e-05
450             	-6.27104525e-18	4.34752311e+00	-1.16858523e-04	-5.84292615e-05	-5.84292615e-05
451             	-6.26413846e-18	4.35745587e+00	-1.16630065e-04	-5.83150324e-05	-5.83150324e-05
452             	-6.25765244e-18	4.36746867e+00	-1.16359234e-04	-5.81796171e-05	-5.81796171e-05
453             	-6.25408120e-18	4.37802674e+00	-1.16304674e-04	-5.81523372e-05	-5.81523372e-05
454             	-6.24711915e-18	4.38792118e+00	-1.16081820e-04	-5.80409102e-05	-5.80409102e-05
455             	-6.24051589e-18	4.39789112e+00	-1.15946675e-04	-5.79733376e-05	-5.79733376e-05
456             	-6.23428208e-18	4.40793382e+00	-1.15831389e-04	-5.79156947e-05	-5.79156947e-05
457             	-6.23104769e-18	4.41853441e+00	-1.15966234e-04	-5.79831168e-05	-5.79831168e-05
458             	-6.22420592e-18	4.42842423e+00	-1.15802454e-04	-5.79012271e-05	-5.79012271e-05
459             	-6.21766673e-18	4.43837691e+00	-1.15659837e-04	-5.78299187e-05	-5.78299187e-05
460             	-6.21401494e-18	4.44888047e+00	-1.15730939e-04	-5.78654697e-05	-5.78654697e-05
461             	-6.20884527e-18	4.45907992e+00	-1.15663265e-04	-5.78316324e-05	-5.78316324e-05
462             	-6.20081978e-18	4.46871083e+00	-1.15606685e-04	-5.78033424e-05	-5.78033424e-05
463             	-6.19336240e-18	4.47846874e+00	-1.15429511e-04	-5.77147556e-05	-5.77147556e-05
464             	-6.18945581e-18	4.48891300e+00	-1.15298650e-04	-5.76493248e-05	-5.76493248e-05
465             	-6.18260839e-18	4.49876397e+00	-1.14873142e-04	-5.74365710e-05	-5.74365710e-05
466             	-6.17642997e-18	4.50874211e+00	-1.14474520e-04	-5.72372602e-05	-5.72372602e-05
467             	-6.17323585e-18	4.51927758e+00	-1.14343341e-04	-5.71716707e-05	-5.71716707e-05
468             	-6.16666734e-18	4.52914585e+00	-1.14197982e-04	-5.70989912e-05	-5.70989912e-05
469             	-6.16042883e-18	4.53908410e+00	-1.14163950e-04	-5.70819751e-05	-5.70819751e-05
470             	-6.15674421e-18	4.54951255e+00	-1.14370486e-04	-5.71852429e-05	-5.71852429e-05
471             	-6.14997364e-18	4.55932423e+00	-1.14408519e-04	-5.72042595e-05	-5.72042595e-05
472             	-6.14347835e-18	4.56919433e+00	-1.14330742e-04	-5.71653711e-05	-5.71653711e-05
473             	-6.13733260e-18	4.57913123e+00	-1.14084235e-04	-5.70421176e-05	-5.70421176e-05
474             	-6.13173924e-18	4.58916628e+00	-1.13732510e-04	-5.68662548e-05	-5.68662548e-05
475             	-6.12830874e-18	4.59959907e+00	-1.13553059e-04	-5.67765296e-05	-5.67765296e-05
476             	-6.12218153e-18	4.60948130e+00	-1.13198696e-04	-5.65993479e-05	-5.65993479e-05
477             	-6.11845724e-18	4.61983248e+00	-1.13090882e-04	-5.65454410e-05	-5.65454410e-05
478             	-6.11138627e-18	4.62951819e+00	-1.13065746e-04	-5.65328729e-05	-5.65328729e-05
479             	-6.10454778e-18	4.63926771e+00	-1.13048170e-04	-5.65240849e-05	-5.65240849e-05
480             	-6.09822168e-18	4.64912435e+00	-1.12887011e-04	-5.64435053e-05	-5.64435053e-05
481             	-6.09453624e-18	4.65948369e+00	-1.12734681e-04	-5.63673403e-05	-5.63673403e-05
482             	-6.08825681e-18	4.66929969e+00	-1.12374624e-04	-5.61873122e-05	-5.61873122e-05
483             	-6.08235880e-18	4.67918593e+00	-1.12083035e-04	-5.60415177e-05	-5.60415177e-05
484             	-6.07874760e-18	4.68951156e+00	-1.12000934e-04	-5.60004669e-05	-5.60004669e-05
485             	-6.07234146e-18	4.69927130e+00	-1.11905827e-04	-5.59529137e-05	-5.59529137e-05
486             	-6.06612098e-18	4.70907631e+00	-1.11823611e-04	-5.59118057e-05	-5.59118057e-05
487             	-6.06217366e-18	4.71932849e+00	-1.11789367e-04	-5.58946834e-05	-5.58946834e-05
488             	-6.05787278e-18	4.72949080e+00	-1.11610452e-04	-5.58052258e-05	-5.58052258e-05
489             	-6.05056007e-18	4.73903730e+00	-1.11398143e-04	-5.56990713e-05	-5.56990713e-05
490             	-6.04381282e-18	4.74871099e+00	-1.11112744e-04	-5.55563720e-05	-5.55563720e-05
491             	-6.03770582e-18	4.75851417e+00	-1.10764535e-04	-5.53822673e-05	-5.53822673e-05
492             	-6.03241364e-18	4.76846702e+00	-1.10410824e-04	-5.52054118e-05	-5.52054118e-05
493             	-6.02943324e-18	4.77884613e+00	-1.10256832e-04	-5.51284160e-05	-5.51284160e-05
494             	-6.02376808e-18	4.78866314e+00	-1.10062868e-04	-5.50314338e-05	-5.50314338e-05
495             	-6.01814254e-18	4.79849098e+00	-1.10008075e-04	-5.50040374e-05	-5.50040374e-05
496             	-6.01450230e-18	4.80871582e+00	-1.10086953e-04	-5.50434767e-05	-5.50434767e-05
497             	-6.00797335e-18	4.81835198e+00	-1.10089418e-04	-5.50447088e-05	-5.50447088e-05
498             	-6.00157017e-18	4.82802360e+00	-1.09944324e-04	-5.49721620e-05	-5.49721620e-05
499             	-5.99770674e-18	4.83820109e+00	-1.09729550e-04	-5.48647750e-05	-5.48647750e-05
500             	-5.99116557e-18	4.84781075e+00	-1.09312568e-04	-5.46562840e-05	-5.46562840e-05
501             	-5.98510014e-18	4.85751464e+00	-1.08880125e-04	-5.44400627e-05	-5.44400627e-05
502             	-5.97944541e-18	4.86729502e+00	-1.08496131e-04	-5.42480654e-05	-5.42480654e-05
503             	-5.97437603e-18	4.87718137e+00	-1.08221651e-04	-5.41108255e-05	-5.41108255e-05
504             	-5.97133311e-18	4.88744748e+00	-1.08162093e-04	-5.40810467e-05	-5.40810467e-05
505             	-5.96557372e-18	4.89714568e+00	-1.08062737e-04	-5.40313685e-05	-5.40313685e-05
506             	-5.95980694e-18	4.90684913e+00	-1.07985735e-04	-5.39928676e-05	-5.39928676e-05
507             	-5.95631135e-18	4.91701098e+00	-1.07931142e-04	-5.39655712e-05	-5.39655712e-05
508             	-5.94979685e-18	4.92654507e+00	-1.07749912e-04	-5.38749561e-05	-5.38749561e-05
509             	-5.94354648e-18	4.93614045e+00	-1.07456973e-04	-5.37284864e-05	-5.37284864e-05
510             	-5.93949332e-18	4.94617690e+00	-1.07153315e-04	-5.35766576e-05	-5.35766576e-05
511             	-5.93317240e-18	4.95572303e+00	-1.06755108e-04	-5.33775540e-05	-5.33775540e-05
512             	-5.92728951e-18	4.96535565e+00	-1.06399518e-04	-5.31997591e-05	-5.31997591e-05
513             	-5.92382400e-18	4.97546454e+00	-1.06199360e-04	-5.30996798e-05	-5.30996798e-05
514             	-5.91789904e-18	4.98504985e+00	-1.06026111e-04	-5.30130557e-05	-5.30130557e-05
515             	-5.91233647e-18	4.99471141e+00	-1.05914833e-04	-5.29574166e-05	-5.29574166e-05
516             	-5.90885385e-18	5.00478879e+00	-1.05885384e-04	-5.29426921e-05	-5.29426921e-05
517             	-5.90290568e-18	5.01434307e+00	-1.05747613e-04	-5.28738064e-05	-5.28738064e-05
518             	-5.89710145e-18	5.02393099e+00	-1.05559890e-04	-5.27799451e-05	-5.27799451e-05
519             	-5.89353596e-18	5.03397065e+00	-1.05346085e-04	-5.26730424e-05	-5.26730424e-05
520             	-5.88739736e-18	5.04345731e+00	-1.05079407e-04	-5.25397033e-05	-5.25397033e-05
521             	-5.88162938e-18	5.05302211e+00	-1.04774552e-04	-5.23872760e-05	-5.23872760e-05
522             	-5.87811600e-18	5.06303978e+00	-1.04482643e-04	-5.22413214e-05	-5.22413214e-05
523             	-5.87206310e-18	5.07250930e+00	-1.04178158e-04	-5.20890788e-05	-5.20890788e-05
524             	-5.86625591e-18	5.08203262e+00	-1.03890184e-04	-5.19450919e-05	-5.19450919e-05
525             	-5.86270845e-18	5.09201467e+00	-1.03656821e-04	-5.18284104e-05	-5.18284104e-05
526             	-5.85681370e-18	5.10148777e+00	-1.03433188e-04	-5.17165938e-05	-5.17165938e-05
527             	-5.85128011e-18	5.11103688e+00	-1.03222154e-04	-5.16110769e-05	-5.16110769e-05
528             	-5.84792215e-18	5.12102404e+00	-1.03026474e-04	-5.15132371e-05	-5.15132371e-05
529             	-5.84197699e-18	5.13045207e+00	-1.02833205e-04	-5.14166027e-05	-5.14166027e-05
530             	-5.83626169e-18	5.13993193e+00	-1.02608599e-04	-5.13042995e-05	-5.13042995e-05
531             	-5.83269346e-18	5.14985028e+00	-1.02343722e-04	-5.11718610e-05	-5.11718610e-05
532             	-5.82677649e-18	5.15925540e+00	-1.02079129e-04	-5.10395647e-05	-5.10395647e-05
533             	-5.82123686e-18	5.16874018e+00	-1.01796753e-04	-5.08983764e-05	-5.08983764e-05
534             	-5.81782356e-18	5.17865562e+00	-1.01527113e-04	-5.07635567e-05	-5.07635567e-05
535             	-5.81196381e-18	5.18803723e+00	-1.01327224e-04	-5.06636121e-05	-5.06636121e-05
536             	-5.80628820e-18	5.19746120e+00	-1.01129309e-04	-5.05646546e-05	-5.05646546e-05
537             	-5.80289408e-18	5.20735416e+00	-1.00892480e-04	-5.04462401e-05	-5.04462401e-05
538             	-5.79710590e-18	5.21672023e+00	-1.00634462e-04	-5.03172311e-05	-5.03172311e-05
539             	-5.79159727e-18	5.22614597e+00	-1.00343631e-04	-5.01718155e-05	-5.01718155e-05
540             	-5.78634345e-18	5.23562067e+00	-1.00045259e-04	-5.00226293e-05	-5.00226293e-05
541             	-5.78152031e-18	5.24517343e+00	-9.97646659e-05	-4.98823330e-05	-4.98823330e-05
542             	-5.77834116e-18	5.25504454e+00	-9.95222054e-05	-4.97611027e-05	-4.97611027e-05
543             	-5.77300279e-18	5.26443623e+00	-9.93075766e-05	-4.96537883e-05	-4.96537883e-05
544             	-5.76767363e-18	5.27383333e+00	-9.90941393e-05	-4.95470696e-05	-4.95470696e-05
545             	-5.76392651e-18	5.28356206e+00	-9.88100137e-05	-4.94050068e-05	-4.94050068e-05
546             	-5.75984676e-18	5.29320217e+00	-9.85394117e-05	-4.92697058e-05	-4.92697058e-05
547             	-5.75330154e-18	5.30230939e+00	-9.83208427e-05	-4.91604214e-05	-4.91604214e-05
548             	-5.74724747e-18	5.31153482e+00	-9.79402383e-05	-4.89701192e-05	-4.89701192e-05
549             	-5.74179470e-18	5.32088412e+00	-9.75273672e-05	-4.87636836e-05	-4.87636836e-05
550             	-5.73705896e-18	5.33036442e+00	-9.71900415e-05	-4.85950208e-05	-4.85950208e-05
551             	-5.73418043e-18	5.34019746e+00	-9.70201351e-05	-4.85100676e-05	-4.85100676e-05
552             	-5.72915909e-18	5.34954569e+00	-9.69467671e-05	-4.84733835e-05	-4.84733835e-05
553             	-5.72412077e-18	5.35889313e+00	-9.68800508e-05	-4.84400254e-05	-4.84400254e-05
554             	-5.72076017e-18	5.36859539e+00	-9.66651108e-05	-4.83325554e-05	-4.83325554e-05
555             	-5.71500582e-18	5.37777962e+00	-9.63897605e-05	-4.81948803e-05	-4.81948803e-05
556             	-5.70938289e-18	5.38700137e+00	-9.59821762e-05	-4.79910881e-05	-4.79910881e-05
557             	-5.70554203e-18	5.39659797e+00	-9.54194134e-05	-4.77097067e-05	-4.77097067e-05
558             	-5.69987960e-18	5.40577563e+00	-9.50698589e-05	-4.75349294e-05	-4.75349294e-05
559             	-5.69455362e-18	5.41501848e+00	-9.47932019e-05	-4.73966010e-05	-4.73966010e-05
560             	-5.69111243e-18	5.42464665e+00	-9.45304231e-05	-4.72652116e-05	-4.72652116e-05
561             	-5.68732585e-18	5.43417008e+00	-9.42947818e-05	-4.71473909e-05	-4.71473909e-05
562             	-5.68138493e-18	5.44322192e+00	-9.41987636e-05	-4.70993818e-05	-4.70993818e-05
563             	-5.67570693e-18	5.45234347e+00	-9.40190832e-05	-4.70095416e-05	-4.70095416e-05
564             	-5.67049756e-18	5.46156632e+00	-9.37542109e-05	-4.68771054e-05	-4.68771054e-05
565             	-5.66585021e-18	5.47089398e+00	-9.35231070e-05	-4.67615535e-05	-4.67615535e-05
566             	-5.66158975e-18	5.48027863e+00	-9.32939561e-05	-4.66469781e-05	-4.66469781e-05
567             	-5.65737220e-18	5.48964666e+00	-9.30276386e-05	-4.65138193e-05	-4.65138193e-05
568             	-5.65321132e-18	5.49900973e+00	-9.27170621e-05	-4.63585310e-05	-4.63585310e-05
569             	-5.64853312e-18	5.50825081e+00	-9.24029093e-05	-4.62014546e-05	-4.62014546e-05
570             	-5.64414732e-18	5.51755395e+00	-9.20098071e-05	-4.60049035e-05	-4.60049035e-05
571             	-5.63941070e-18	5.52677346e+00	-9.16132842e-05	-4.58066421e-05	-4.58066421e-05
572             	-5.63476455e-18	5.53600526e+00	-9.12025208e-05	-4.56012604e-05	-4.56012604e-05
573             	-5.62990573e-18	5.54517916e+00	-9.07829018e-05	-4.53914509e-05	-4.53914509e-05
574             	-5.62514777e-18	5.55436361e+00	-9.04082060e-05	-4.52041030e-05	-4.52041030e-05
575             	-5.62043930e-18	5.56354483e+00	-9.00601710e-05	-4.50300855e-05	-4.50300855e-05
576             	-5.61574712e-18	5.57271468e+00	-8.98063489e-05	-4.49031745e-05	-4.49031745e-05
577             	-5.61122232e-18	5.58190624e+00	-8.96109237e-05	-4.48054618e-05	-4.48054618e-05
578             	-5.60638206e-18	5.59101331e+00	-8.95127619e-05	-4.47563810e-05	-4.47563810e-05
579             	-5.60206137e-18	5.60022338e+00	-8.93607669e-05	-4.46803834e-05	-4.46803834e-05
580             	-5.59768419e-18	5.60940396e+00	-8.91182027e-05	-4.45591014e-05	-4.45591014e-05
581             	-5.59328774e-18	5.61856601e+00	-8.87610816e-05	-4.43805408e-05	-4.43805408e-05
582             	-5.58855922e-18	5.62764382e+00	-8.83548476e-05	-4.41774238e-05	-4.41774238e-05
583             	-5.58413191e-18	5.63678230e+00	-8.79132680e-05	-4.39566340e-05	-4.39566340e-05
584             	-5.57946765e-18	5.64585802e+00	-8.75315129e-05	-4.37657565e-05	-4.37657565e-05
585             	-5.57501740e-18	5.65497160e+00	-8.71929583e-05	-4.35964792e-05	-4.35964792e-05
586             	-5.57044251e-18	5.66404429e+00	-8.69177967e-05	-4.34588983e-05	-4.34588983e-05
587             	-5.56593466e-18	5.67311904e+00	-8.66660799e-05	-4.33330399e-05	-4.33330399e-05
588             	-5.56129957e-18	5.68215203e+00	-8.64338409e-05	-4.32169205e-05	-4.32169205e-05
589             	-5.55689409e-18	5.69122358e+00	-8.61721838e-05	-4.30860919e-05	-4.30860919e-05
590             	-5.55233540e-18	5.70024630e+00	-8.59102381e-05	-4.29551191e-05	-4.29551191e-05
591             	-5.54797312e-18	5.70930015e+00	-8.56093767e-05	-4.28046884e-05	-4.28046884e-05
592             	-5.54348174e-18	5.71831152e+00	-8.53067825e-05	-4.26533913e-05	-4.26533913e-05
593             	-5.53906873e-18	5.72732896e+00	-8.49845565e-05	-4.24922782e-05	-4.24922782e-05
594             	-5.53457886e-18	5.73631753e+00	-8.46612557e-05	-4.23306278e-05	-4.23306278e-05
595             	-5.53019195e-18	5.74531813e+00	-8.43220185e-05	-4.21610092e-05	-4.21610092e-05
596             	-5.52552826e-18	5.75424461e+00	-8.40150121e-05	-4.20075060e-05	-4.20075060e-05
597             	-5.52122558e-18	5.76324184e+00	-8.36792918e-05	-4.18396459e-05	-4.18396459e-05
598             	-5.51680603e-18	5.77219763e+00	-8.33698608e-05	-4.16849304e-05	-4.16849304e-05
599             	-5.51252303e-18	5.78117033e+00	-8.30559218e-05	-4.15279609e-05	-4.15279609e-05
600             	-5.50804498e-18	5.79008553e+00	-8.27685779e-05	-4.13842890e-05	-4.13842890e-05
601             	-5.50364440e-18	5.79900747e+00	-8.24739984e-05	-4.12369992e-05	-4.12369992e-05
602             	-5.49918930e-18	5.80790538e+00	-8.21867019e-05	-4.10933510e-05	-4.10933510e-05
603             	-5.49487693e-18	5.81682351e+00	-8.18785569e-05	-4.09392785e-05	-4.09392785e-05
604             	-5.49036949e-18	5.82568377e+00	-8.15905794e-05	-4.07952897e-05	-4.07952897e-05
605             	-5.48612230e-18	5.83459089e+00	-8.12630243e-05	-4.06315122e-05	-4.06315122e-05
606             	-5.48175007e-18	5.84345519e+00	-8.09423368e-05	-4.04711684e-05	-4.04711684e-05
607             	-5.47745429e-18	5.85232443e+00	-8.06032415e-05	-4.03016208e-05	-4.03016208e-05
608             	-5.47303908e-18	5.86115414e+00	-8.02756078e-05	-4.01378039e-05	-4.01378039e-05
609             	-5.46876639e-18	5.87000497e+00	-7.99305723e-05	-3.99652861e-05	-3.99652861e-05
610             	-5.46435522e-18	5.87881150e+00	-7.96101660e-05	-3.98050830e-05	-3.98050830e-05
611             	-5.46005251e-18	5.88763071e+00	-7.92856867e-05	-3.96428433e-05	-3.96428433e-05
612             	-5.45562080e-18	5.89640717e+00	-7.89934738e-05	-3.94967369e-05	-3.94967369e-05
613             	-5.45141353e-18	5.90522225e+00	-7.86813061e-05	-3.93406531e-05	-3.93406531e-05
614             	-5.44710754e-18	5.91400030e+00	-7.83848789e-05	-3.91924395e-05	-3.91924395e-05
615             	-5.44283716e-18	5.92277372e+00	-7.80797307e-05	-3.90398654e-05	-3.90398654e-05
616             	-5.43846195e-18	5.93151079e+00	-7.77781803e-05	-3.88890901e-05	-3.88890901e-05
617             	-5.43428902e-18	5.94028253e+00	-7.74408250e-05	-3.87204125e-05	-3.87204125e-05
618             	-5.43000505e-18	5.94901491e+00	-7.71105610e-05	-3.85552805e-05	-3.85552805e-05
619             	-5.42578278e-18	5.95774860e+00	-7.67633076e-05	-3.83816538e-05	-3.83816538e-05
620             	-5.42143706e-18	5.96644105e+00	-7.64299444e-05	-3.82149722e-05	-3.82149722e-05
621             	-5.41721427e-18	5.97514985e+00	-7.60804940e-05	-3.80402470e-05	-3.80402470e-05
622             	-5.41288088e-18	5.98382004e+00	-7.57628509e-05	-3.78814255e-05	-3.78814255e-05
623             	-5.40868441e-18	5.99250908e+00	-7.54459732e-05	-3.77229866e-05	-3.77229866e-05
624             	-5.40434420e-18	6.00115092e+00	-7.51782973e-05	-3.75891487e-05	-3.75891487e-05
625             	-5.40026331e-18	6.00983956e+00	-7.48612809e-05	-3.74306404e-05	-3.74306404e-05
626             	-5.39607797e-18	6.01848887e+00	-7.46147490e-05	-3.73073745e-05	-3.73073745e-05
627             	-5.39191217e-18	6.02713018e+00	-7.43674303e-05	-3.71837151e-05	-3.71837151e-05
628             	-5.38753714e-18	6.03571189e+00	-7.41035996e-05	-3.70517998e-05	-3.70517998e-05
629             	-5.38346271e-18	6.04435357e+00	-7.37334133e-05	-3.68667067e-05	-3.68667067e-05
630             	-5.37917231e-18	6.05293164e+00	-7.33542939e-05	-3.66771470e-05	-3.66771470e-05
631             	-5.37510928e-18	6.06155011e+00	-7.29287495e-05	-3.64643747e-05	-3.64643747e-05
632             	-5.37091584e-18	6.07012320e+00	-7.25443539e-05	-3.62721769e-05	-3.62721769e-05
633             	-5.36678583e-18	6.07869803e+00	-7.21870810e-05	-3.60935405e-05	-3.60935405e-05
634             	-5.36255206e-18	6.08723541e+00	-7.18756323e-05	-3.59378161e-05	-3.59378161e-05
635             	-5.35844862e-18	6.09579088e+00	-7.15545322e-05	-3.57772661e-05	-3.57772661e-05
636             	-5.35424715e-18	6.10430919e+00	-7.12656156e-05	-3.56328078e-05	-3.56328078e-05
637             	-5.35013500e-18	6.11283519e+00	-7.09684069e-05	-3.54842035e-05	-3.54842035e-05
638             	-5.34582955e-18	6.12130160e+00	-7.07198032e-05	-3.53599016e-05	-3.53599016e-05
639             	-5.34188353e-18	6.12984061e+00	-7.04022014e-05	-3.52011007e-05	-3.52011007e-05
640             	-5.33769545e-18	6.13830725e+00	-7.01167624e-05	-3.50583812e-05	-3.50583812e-05
641             	-5.33378915e-18	6.14682813e+00	-6.97606564e-05	-3.48803282e-05	-3.48803282e-05
642             	-5.32975906e-18	6.15530575e+00	-6.93959630e-05	-3.46979815e-05	-3.46979815e-05
643             	-5.32568909e-18	6.16376250e+00	-6.90087217e-05	-3.45043609e-05	-3.45043609e-05
644             	-5.32147780e-18	6.17217500e+00	-6.86372292e-05	-3.43186146e-05	-3.43186146e-05
645             	-5.31738675e-18	6.18060479e+00	-6.82549961e-05	-3.41274981e-05	-3.41274981e-05
646             	-5.31315671e-18	6.18898746e+00	-6.79419875e-05	-3.39709937e-05	-3.39709937e-05
647             	-5.30916999e-18	6.19741332e+00	-6.76242594e-05	-3.38121297e-05	-3.38121297e-05
648             	-5.30514948e-18	6.20581438e+00	-6.73488002e-05	-3.36744001e-05	-3.36744001e-05
649             	-5.30111846e-18	6.21419833e+00	-6.70865227e-05	-3.35432613e-05	-3.35432613e-05
650             	-5.29706687e-18	6.22256491e+00	-6.68158033e-05	-3.34079017e-05	-3.34079017e-05
651             	-5.29306865e-18	6.23093261e+00	-6.65054551e-05	-3.32527275e-05	-3.32527275e-05
652             	-5.28880293e-18	6.23922472e+00	-6.62346798e-05	-3.31173399e-05	-3.31173399e-05
653             	-5.28490473e-18	6.24759356e+00	-6.58742212e-05	-3.29371106e-05	-3.29371106e-05
654             	-5.28105459e-18	6.25595742e+00	-6.54979647e-05	-3.27489824e-05	-3.27489824e-05
655             	-5.27692714e-18	6.26423974e+00	-6.51799554e-05	-3.25899777e-05	-3.25899777e-05
656             	-5.27306090e-18	6.27257292e+00	-6.48043291e-05	-3.24021645e-05	-3.24021645e-05
657             	-5.26901862e-18	6.28085083e+00	-6.44626090e-05	-3.22313045e-05	-3.22313045e-05
658             	-5.26508082e-18	6.28914211e+00	-6.40959703e-05	-3.20479851e-05	-3.20479851e-05
659             	-5.26102762e-18	6.29739283e+00	-6.37592393e-05	-3.18796196e-05	-3.18796196e-05
660             	-5.25704148e-18	6.30564677e+00	-6.34221968e-05	-3.17110984e-05	-3.17110984e-05
661             	-5.25305967e-18	6.31388754e+00	-6.31051159e-05	-3.15525579e-05	-3.15525579e-05
662             	-5.24907663e-18	6.32211372e+00	-6.28092746e-05	-3.14046373e-05	-3.14046373e-05
663             	-5.24513364e-18	6.33033566e+00	-6.25164548e-05	-3.12582274e-05	-3.12582274e-05
664             	-5.24112414e-18	6.33852815e+00	-6.22448901e-05	-3.11224451e-05	-3.11224451e-05
665             	-5.23725143e-18	6.34674098e+00	-6.19339010e-05	-3.09669505e-05	-3.09669505e-05
666             	-5.23325703e-18	6.35491097e+00	-6.16425452e-05	-3.08212726e-05	-3.08212726e-05
667             	-5.22941347e-18	6.36310497e+00	-6.13263087e-05	-3.06631543e-05	-3.06631543e-05
668             	-5.22551246e-18	6.37127149e+00	-6.09988743e-05	-3.04994372e-05	-3.04994372e-05
669             	-5.22152387e-18	6.37940422e+00	-6.06631793e-05	-3.03315896e-05	-3.03315896e-05
670             	-5.21763213e-18	6.38754820e+00	-6.02827583e-05	-3.01413792e-05	-3.01413792e-05
671             	-5.21351695e-18	6.39562476e+00	-5.99711278e-05	-2.99855639e-05	-2.99855639e-05
672             	-5.20974049e-18	6.40377068e+00	-5.96123446e-05	-2.98061723e-05	-2.98061723e-05
673             	-5.20592491e-18	6.41189086e+00	-5.92979163e-05	-2.96489581e-05	-2.96489581e-05
674             	-5.20212112e-18	6.41999930e+00	-5.89941144e-05	-2.94970572e-05	-2.94970572e-05
675             	-5.19808370e-18	6.42803866e+00	-5.87451109e-05	-2.93725555e-05	-2.93725555e-05
676             	-5.19428073e-18	6.43612456e+00	-5.84193657e-05	-2.92096828e-05	-2.92096828e-05
677             	-5.19042515e-18	6.44418420e+00	-5.80815967e-05	-2.90407984e-05	-2.90407984e-05
678             	-5.18657052e-18	6.45223037e+00	-5.77245700e-05	-2.88622850e-05	-2.88622850e-05
679             	-5.18265454e-18	6.46025465e+00	-5.73712981e-05	-2.86856491e-05	-2.86856491e-05
680             	-5.17874423e-18	6.46826990e+00	-5.70193746e-05	-2.85096873e-05	-2.85096873e-05
681             	-5.17480915e-18	6.47626580e+00	-5.67036382e-05	-2.83518191e-05	-2.83518191e-05
682             	-5.17094983e-18	6.48426678e+00	-5.63951628e-05	-2.81975814e-05	-2.81975814e-05
683             	-5.16686547e-18	6.49219909e+00	-5.61802830e-05	-2.80901415e-05	-2.80901415e-05
684             	-5.16308457e-18	6.50018743e+00	-5.59120595e-05	-2.79560297e-05	-2.79560297e-05
685             	-5.15946387e-18	6.50820029e+00	-5.55989887e-05	-2.77994944e-05	-2.77994944e-05
686             	-5.15567163e-18	6.51615628e+00	-5.52969464e-05	-2.76484732e-05	-2.76484732e-05
687             	-5.15190563e-18	6.52410702e+00	-5.49347055e-05	-2.74673527e-05	-2.74673527e-05
688             	-5.14799289e-18	6.53201160e+00	-5.45599600e-05	-2.72799800e-05	-2.72799800e-05
689             	-5.14413227e-18	6.53991843e+00	-5.41510370e-05	-2.70755185e-05	-2.70755185e-05
690             	-5.14018218e-18	6.54779048e+00	-5.37918368e-05	-2.68959184e-05	-2.68959184e-05
691             	-5.13640105e-18	6.55568930e+00	-5.34420125e-05	-2.67210062e-05	-2.67210062e-05
692             	-5.13258633e-18	6.56356294e+00	-5.31691728e-05	-2.65845864e-05	-2.65845864e-05
693             	-5.12884492e-18	6.57143904e+00	-5.29236315e-05	-2.64618158e-05	-2.64618158e-05
694             	-5.12507083e-18	6.57929327e+00	-5.26988924e-05	-2.63494462e-05	-2.63494462e-05
695             	-5.12131290e-18	6.58713993e+00	-5.24441481e-05	-2.62220740e-05	-2.62220740e-05
696             	-5.11748357e-18	6.59495805e+00	-5.21651284e-05	-2.60825642e-05	-2.60825642e-05
697             	-5.11374503e-18	6.60278728e+00	-5.18149197e-05	-2.59074599e-05	-2.59074599e-05
698             	-5.10989515e-18	6.61057578e+00	-5.14708270e-05	-2.57354135e-05	-2.57354135e-05
699             	-5.10619578e-18	6.61838768e+00	-5.10798427e-05	-2.55399214e-05	-2.55399214e-05
700             	-5.10245713e-18	6.62617456e+00	-5.07139431e-05	-2.53569716e-05	-2.53569716e-05
701             	-5.09866657e-18	6.63393427e+00	-5.03892415e-05	-2.51946207e-05	-2.51946207e-05
702             	-5.09493848e-18	6.64169613e+00	-5.00711749e-05	-2.50355874e-05	-2.50355874e-05
703             	-5.09106917e-18	6.64941025e+00	-4.98248054e-05	-2.49124027e-05	-2.49124027e-05
704             	-5.08744423e-18	6.65717232e+00	-4.95239140e-05	-2.47619570e-05	-2.47619570e-05
705             	-5.08371281e-18	6.66489377e+00	-4.92609937e-05	-2.46304968e-05	-2.46304968e-05
706             	-5.08007535e-18	6.67262490e+00	-4.89569678e-05	-2.44784839e-05	-2.44784839e-05
707             	-5.07637100e-18	6.68032608e+00	-4.86427341e-05	-2.43213670e-05	-2.43213670e-05
708             	-5.07261497e-18	6.68800211e+00	-4.83120397e-05	-2.41560198e-05	-2.41560198e-05
709             	-5.06889891e-18	6.69567562e+00	-4.79530410e-05	-2.39765205e-05	-2.39765205e-05
710             	-5.06513096e-18	6.70332288e+00	-4.76242732e-05	-2.38121366e-05	-2.38121366e-05
711             	-5.06147985e-18	6.71098513e+00	-4.72937570e-05	-2.36468785e-05	-2.36468785e-05
712             	-5.05772530e-18	6.71860717e+00	-4.70398238e-05	-2.35199119e-05	-2.35199119e-05
713             	-5.05413423e-18	6.72625584e+00	-4.67850352e-05	-2.33925176e-05	-2.33925176e-05
714             	-5.05048990e-18	6.73387762e+00	-4.65468271e-05	-2.32734136e-05	-2.32734136e-05
715             	-5.04682825e-18	6.74148317e+00	-4.62783447e-05	-2.31391724e-05	-2.31391724e-05
716             	-5.04317289e-18	6.74907923e+00	-4.59606644e-05	-2.29803322e-05	-2.29803322e-05
717             	-5.03949181e-18	6.75665759e+00	-4.56131113e-05	-2.28065557e-05	-2.28065557e-05
718             	-5.03583671e-18	6.76423010e+00	-4.52552111e-05	-2.26276055e-05	-2.26276055e-05
719             	-5.03212656e-18	6.77177601e+00	-4.49598386e-05	-2.24799193e-05	-2.24799193e-05
720             	-5.02852169e-18	6.77933415e+00	-4.46720204e-05	-2.23360102e-05	-2.23360102e-05
721             	-5.02482669e-18	6.78685608e+00	-4.44491850e-05	-2.22245925e-05	-2.22245925e-05
722             	-5.02124799e-18	6.79439307e+00	-4.41907545e-05	-2.20953772e-05	-2.20953772e-05
723             	-5.01762867e-18	6.80190668e+00	-4.39216098e-05	-2.19608049e-05	-2.19608049e-05
724             	-5.01394686e-18	6.80939235e+00	-4.36380317e-05	-2.18190159e-05	-2.18190159e-05
725             	-5.01034909e-18	6.81688620e+00	-4.32975117e-05	-2.16487559e-05	-2.16487559e-05
726             	-5.00655434e-18	6.82431837e+00	-4.30207515e-05	-2.15103757e-05	-2.15103757e-05
727             	-5.00308795e-18	6.83181797e+00	-4.26533377e-05	-2.13266688e-05	-2.13266688e-05
728             	-4.99944029e-18	6.83925791e+00	-4.23716472e-05	-2.11858236e-05	-2.11858236e-05
729             	-4.99599078e-18	6.84673312e+00	-4.20400470e-05	-2.10200235e-05	-2.10200235e-05
730             	-4.99241171e-18	6.85416359e+00	-4.17443547e-05	-2.08721774e-05	-2.08721774e-05
731             	-4.98882144e-18	6.86158029e+00	-4.14252533e-05	-2.07126266e-05	-2.07126266e-05
732             	-4.98516090e-18	6.86896870e+00	-4.11068051e-05	-2.05534026e-05	-2.05534026e-05
733             	-4.98156825e-18	6.87636172e+00	-4.07623897e-05	-2.03811949e-05	-2.03811949e-05
734             	-4.97789821e-18	6.88372168e+00	-4.04758574e-05	-2.02379287e-05	-2.02379287e-05
735             	-4.97436186e-18	6.89109978e+00	-4.01914656e-05	-2.00957328e-05	-2.00957328e-05
736             	-4.97078930e-18	6.89845345e+00	-3.99632541e-05	-1.99816270e-05	-1.99816270e-05
737             	-4.96726375e-18	6.90580455e+00	-3.97389867e-05	-1.98694934e-05	-1.98694934e-05
738             	-4.96370521e-18	6.91312832e+00	-3.95294316e-05	-1.97647158e-05	-1.97647158e-05
739             	-4.96026122e-18	6.92046815e+00	-3.92489790e-05	-1.96244895e-05	-1.96244895e-05
740             	-4.95674644e-18	6.92777858e+00	-3.89479082e-05	-1.94739541e-05	-1.94739541e-05
741             	-4.95324223e-18	6.93507991e+00	-3.86023145e-05	-1.93011572e-05	-1.93011572e-05
742             	-4.94960761e-18	6.94233681e+00	-3.82924737e-05	-1.91462369e-05	-1.91462369e-05
743             	-4.94616410e-18	6.94962802e+00	-3.79266391e-05	-1.89633196e-05	-1.89633196e-05
744             	-4.94268054e-18	6.95689483e+00	-3.76034000e-05	-1.88017000e-05	-1.88017000e-05
745             	-4.93917668e-18	6.96414258e+00	-3.73185045e-05	-1.86592523e-05	-1.86592523e-05
746             	-4.93567258e-18	6.97137697e+00	-3.70579666e-05	-1.85289833e-05	-1.85289833e-05
747             	-4.93218572e-18	6.97860289e+00	-3.68037373e-05	-1.84018687e-05	-1.84018687e-05
748             	-4.92865778e-18	6.98580606e+00	-3.65711142e-05	-1.82855571e-05	-1.82855571e-05
749             	-4.92522738e-18	6.99302077e+00	-3.62994127e-05	-1.81497064e-05	-1.81497064e-05
750             	-4.92173455e-18	7.00020677e+00	-3.60459383e-05	-1.80229691e-05	-1.80229691e-05
751             	-4.91831259e-18	7.00739747e+00	-3.57554710e-05	-1.78777355e-05	-1.78777355e-05
752             	-4.91485403e-18	7.01456612e+00	-3.54665811e-05	-1.77332905e-05	-1.77332905e-05
753             	-4.91137577e-18	7.02171735e+00	-3.51763089e-05	-1.75881544e-05	-1.75881544e-05
754             	-4.90791760e-18	7.02886097e+00	-3.48757057e-05	-1.74378529e-05	-1.74378529e-05
755             	-4.90445260e-18	7.03599008e+00	-3.45767500e-05	-1.72883750e-05	-1.72883750e-05
756             	-4.90101904e-18	7.04311394e+00	-3.42785531e-05	-1.71392766e-05	-1.71392766e-05
757             	-4.89753322e-18	7.05021141e+00	-3.40249625e-05	-1.70124812e-05	-1.70124812e-05
758             	-4.89415692e-18	7.05732252e+00	-3.37484179e-05	-1.68742090e-05	-1.68742090e-05
759             	-4.89073387e-18	7.06440795e+00	-3.35050460e-05	-1.67525230e-05	-1.67525230e-05
760             	-4.88734213e-18	7.07148781e+00	-3.32463978e-05	-1.66231989e-05	-1.66231989e-05
761             	-4.88388905e-18	7.07853970e+00	-3.29964712e-05	-1.64982356e-05	-1.64982356e-05
762             	-4.88050931e-18	7.08559767e+00	-3.26987178e-05	-1.63493589e-05	-1.63493589e-05
763             	-4.87709595e-18	7.09263490e+00	-3.23996687e-05	-1.61998343e-05	-1.61998343e-05
764             	-4.87369321e-18	7.09966242e+00	-3.20946958e-05	-1.60473479e-05	-1.60473479e-05
765             	-4.87019060e-18	7.10665249e+00	-3.18523145e-05	-1.59261573e-05	-1.59261573e-05
766             	-4.86688376e-18	7.11367838e+00	-3.15643940e-05	-1.57821970e-05	-1.57821970e-05
767             	-4.86353454e-18	7.12067994e+00	-3.13140586e-05	-1.56570293e-05	-1.56570293e-05
768             	-4.86016434e-18	7.12766342e+00	-3.10700272e-05	-1.55350136e-05	-1.55350136e-05
769             	-4.85667683e-18	7.13460551e+00	-3.08699197e-05	-1.54349598e-05	-1.54349598e-05
770             	-4.85337967e-18	7.14158277e+00	-3.05803844e-05	-1.52901922e-05	-1.52901922e-05
771             	-4.85004352e-18	7.14853699e+00	-3.02837271e-05	-1.51418636e-05	-1.51418636e-05
772             	-4.84665893e-18	7.15546617e+00	-2.99898681e-05	-1.49949340e-05	-1.49949340e-05
773             	-4.84330054e-18	7.16238935e+00	-2.96809975e-05	-1.48404988e-05	-1.48404988e-05
774             	-4.83988779e-18	7.16928650e+00	-2.94098911e-05	-1.47049456e-05	-1.47049456e-05
775             	-4.83605557e-18	7.17606482e+00	-2.94055176e-05	-1.47027588e-05	-1.47027588e-05
776             	-4.83307745e-18	7.18304241e+00	-2.90981610e-05	-1.45490805e-05	-1.45490805e-05
777             	-4.83001734e-18	7.18998525e+00	-2.88342419e-05	-1.44171209e-05	-1.44171209e-05
778             	-4.82634488e-18	7.19676540e+00	-2.87012313e-05	-1.43506156e-05	-1.43506156e-05
779             	-4.82286767e-18	7.20358449e+00	-2.84716191e-05	-1.42358096e-05	-1.42358096e-05
780             	-4.82001686e-18	7.21054530e+00	-2.81005242e-05	-1.40502621e-05	-1.40502621e-05
781             	-4.81702788e-18	7.21746147e+00	-2.77071734e-05	-1.38535867e-05	-1.38535867e-05
782             	-4.81374840e-18	7.22429676e+00	-2.72784148e-05	-1.36392074e-05	-1.36392074e-05
783             	-4.81024586e-18	7.23106767e+00	-2.68069324e-05	-1.34034662e-05	-1.34034662e-05
784             	-4.80665569e-18	7.23780426e+00	-2.63442896e-05	-1.31721448e-05	-1.31721448e-05
785             	-4.80267768e-18	7.24442379e+00	-2.63335702e-05	-1.31667851e-05	-1.31667851e-05
786             	-4.79960457e-18	7.25124934e+00	-2.60306363e-05	-1.30153181e-05	-1.30153181e-05
787             	-4.79662548e-18	7.25807694e+00	-2.58955677e-05	-1.29477839e-05	-1.29477839e-05
788             	-4.79355358e-18	7.26486770e+00	-2.59067943e-05	-1.29533971e-05	-1.29533971e-05
789             	-4.79034527e-18	7.27161916e+00	-2.59102440e-05	-1.29551220e-05	-1.29551220e-05
790             	-4.78655900e-18	7.27822250e+00	-2.59642544e-05	-1.29821272e-05	-1.29821272e-05
791             	-4.78352742e-18	7.28500683e+00	-2.56214240e-05	-1.28107120e-05	-1.28107120e-05
792             	-4.78043823e-18	7.29176421e+00	-2.51510510e-05	-1.25755255e-05	-1.25755255e-05
793             	-4.77722347e-18	7.29847605e+00	-2.46378068e-05	-1.23189034e-05	-1.23189034e-05
794             	-4.77388660e-18	7.30514381e+00	-2.41535939e-05	-1.20767970e-05	-1.20767970e-05
795             	-4.77004416e-18	7.31167055e+00	-2.39988398e-05	-1.19994199e-05	-1.19994199e-05
796             	-4.76703061e-18	7.31838839e+00	-2.36359620e-05	-1.18179810e-05	-1.18179810e-05
797             	-4.76397620e-18	7.32508021e+00	-2.34020622e-05	-1.17010311e-05	-1.17010311e-05
798             	-4.76038655e-18	7.33162516e+00	-2.34592295e-05	-1.17296147e-05	-1.17296147e-05
799             	-4.75751573e-18	7.33833675e+00	-2.32829957e-05	-1.16414978e-05	-1.16414978e-05
800             	-4.75448311e-18	7.34499908e+00	-2.31102782e-05	-1.15551391e-05	-1.15551391e-05
801             	-4.75082323e-18	7.35149717e+00	-2.30238325e-05	-1.15119162e-05	-1.15119162e-05
802             	-4.74785422e-18	7.35815611e+00	-2.26809510e-05	-1.13404755e-05	-1.13404755e-05
803             	-4.74469850e-18	7.36475668e+00	-2.23022640e-05	-1.11511320e-05	-1.11511320e-05
804             	-4.74104101e-18	7.37121866e+00	-2.20739050e-05	-1.10369525e-05	-1.10369525e-05
805             	-4.73809208e-18	7.37784075e+00	-2.16491273e-05	-1.08245637e-05	-1.08245637e-05
806             	-4.73458110e-18	7.38430854e+00	-2.14954520e-05	-1.07477260e-05	-1.07477260e-05
807             	-4.73175536e-18	7.39093107e+00	-2.11850011e-05	-1.05925005e-05	-1.05925005e-05
808             	-4.72867496e-18	7.39748031e+00	-2.09819120e-05	-1.04909560e-05	-1.04909560e-05
809             	-4.72509859e-18	7.40389808e+00	-2.09253411e-05	-1.04626705e-05	-1.04626705e-05
810             	-4.72170891e-18	7.41035117e+00	-2.08051621e-05	-1.04025810e-05	-1.04025810e-05
811             	-4.71850890e-18	7.41683737e+00	-2.06016093e-05	-1.03008046e-05	-1.03008046e-05
812             	-4.71532350e-18	7.42331374e+00	-2.03339129e-05	-1.01669565e-05	-1.01669565e-05
813             	-4.71237808e-18	7.42983211e+00	-2.00134874e-05	-1.00067437e-05	-1.00067437e-05
814             	-4.70987505e-18	7.43644250e+00	-1.97521155e-05	-9.87605774e-06	-9.87605774e-06
815             	-4.70649628e-18	7.44284006e+00	-1.95011521e-05	-9.75057603e-06	-9.75057603e-06
816             	-4.70307594e-18	7.44922043e+00	-1.92683698e-05	-9.63418492e-06	-9.63418492e-06
817             	-4.70012663e-18	7.45570400e+00	-1.89761496e-05	-9.48807481e-06	-9.48807481e-06
818             	-4.69656545e-18	7.46202386e+00	-1.87664471e-05	-9.38322356e-06	-9.38322356e-06
819             	-4.69359020e-18	7.46846974e+00	-1.83831237e-05	-9.19156186e-06	-9.19156186e-06
820             	-4.69008053e-18	7.47476380e+00	-1.82612019e-05	-9.13060096e-06	-9.13060096e-06
821             	-4.68678190e-18	7.48109125e+00	-1.81393526e-05	-9.06967630e-06	-9.06967630e-06
822             	-4.68406794e-18	7.48754844e+00	-1.78680463e-05	-8.93402316e-06	-8.93402316e-06
823             	-4.68083544e-18	7.49386469e+00	-1.77733043e-05	-8.88665215e-06	-8.88665215e-06
824             	-4.67766989e-18	7.50018915e+00	-1.76161231e-05	-8.80806154e-06	-8.80806154e-06
825             	-4.67459139e-18	7.50652681e+00	-1.73729313e-05	-8.68646564e-06	-8.68646564e-06
826             	-4.67196237e-18	7.51296993e+00	-1.71003768e-05	-8.55018839e-06	-8.55018839e-06
827             	-4.66903330e-18	7.51932983e+00	-1.67984948e-05	-8.39924738e-06	-8.39924738e-06
828             	-4.66548196e-18	7.52551642e+00	-1.65010813e-05	-8.25054067e-06	-8.25054067e-06
829             	-4.66207131e-18	7.53172457e+00	-1.62298906e-05	-8.11494531e-06	-8.11494531e-06
830             	-4.65918436e-18	7.53805166e+00	-1.58568975e-05	-7.92844876e-06	-7.92844876e-06
831             	-4.65593439e-18	7.54426375e+00	-1.57426435e-05	-7.87132177e-06	-7.87132177e-06
832             	-4.65282737e-18	7.55049625e+00	-1.56697812e-05	-7.83489061e-06	-7.83489061e-06
833             	-4.64984328e-18	7.55674794e+00	-1.55869790e-05	-7.79348951e-06	-7.79348951e-06
834             	-4.64730170e-18	7.56310432e+00	-1.54299165e-05	-7.71495827e-06	-7.71495827e-06
835             	-4.64409036e-18	7.56928594e+00	-1.53018047e-05	-7.65090237e-06	-7.65090237e-06
836             	-4.64089517e-18	7.57546545e+00	-1.50970240e-05	-7.54851199e-06	-7.54851199e-06
837             	-4.63774648e-18	7.58164664e+00	-1.48167845e-05	-7.40839223e-06	-7.40839223e-06
838             	-4.63465443e-18	7.58782784e+00	-1.44971799e-05	-7.24858997e-06	-7.24858997e-06
839             	-4.63201677e-18	7.59410883e+00	-1.41662915e-05	-7.08314577e-06	-7.08314577e-06
840             	-4.62875884e-18	7.60021720e+00	-1.39597374e-05	-6.97986869e-06	-6.97986869e-06
841             	-4.62555793e-18	7.60632612e+00	-1.38082005e-05	-6.90410026e-06	-6.90410026e-06
842             	-4.62244382e-18	7.61244367e+00	-1.36796595e-05	-6.83982976e-06	-6.83982976e-06
843             	-4.61943971e-18	7.61857588e+00	-1.35405717e-05	-6.77028583e-06	-6.77028583e-06
844             	-4.61650227e-18	7.62471236e+00	-1.33751335e-05	-6.68756676e-06	-6.68756676e-06
845             	-4.61353831e-18	7.63083125e+00	-1.31808350e-05	-6.59041750e-06	-6.59041750e-06
846             	-4.61062797e-18	7.63695335e+00	-1.29630453e-05	-6.48152266e-06	-6.48152266e-06
847             	-4.60767587e-18	7.64305629e+00	-1.27403340e-05	-6.37016699e-06	-6.37016699e-06
848             	-4.60468351e-18	7.64913998e+00	-1.25313203e-05	-6.26566017e-06	-6.26566017e-06
849             	-4.60166034e-18	7.65520521e+00	-1.23444255e-05	-6.17221277e-06	-6.17221277e-06
850             	-4.59862091e-18	7.66125343e+00	-1.21754879e-05	-6.08774394e-06	-6.08774394e-06
851             	-4.59560118e-18	7.66729184e+00	-1.20146079e-05	-6.00730395e-06	-6.00730395e-06
852             	-4.59294518e-18	7.67340814e+00	-1.18254310e-05	-5.91271548e-06	-5.91271548e-06
853             	-4.58972794e-18	7.67936948e+00	-1.16932098e-05	-5.84660491e-06	-5.84660491e-06
854             	-4.58657883e-18	7.68533505e+00	-1.15339201e-05	-5.76696005e-06	-5.76696005e-06
855             	-4.58352890e-18	7.69131252e+00	-1.13339099e-05	-5.66695496e-06	-5.66695496e-06
856             	-4.58056940e-18	7.69729991e+00	-1.11002158e-05	-5.55010788e-06	-5.55010788e-06
857             	-4.57767307e-18	7.70329147e+00	-1.08539934e-05	-5.42699669e-06	-5.42699669e-06
858             	-4.57481364e-18	7.70928213e+00	-1.06225914e-05	-5.31129570e-06	-5.31129570e-06
859             	-4.57192709e-18	7.71525745e+00	-1.04250442e-05	-5.21252210e-06	-5.21252210e-06
860             	-4.56902169e-18	7.72121945e+00	-1.02648069e-05	-5.13240345e-06	-5.13240345e-06
861             	-4.56607501e-18	7.72716184e+00	-1.01275390e-05	-5.06376950e-06	-5.06376950e-06
862             	-4.56310036e-18	7.73308599e+00	-9.99534413e-06	-4.99767206e-06	-4.99767206e-06
863             	-4.56012648e-18	7.73899696e+00	-9.85510011e-06	-4.92755006e-06	-4.92755006e-06
864             	-4.55713381e-18	7.74488864e+00	-9.69802408e-06	-4.84901204e-06	-4.84901204e-06
865             	-4.55421078e-18	7.75078244e+00	-9.52461132e-06	-4.76230566e-06	-4.76230566e-06
866             	-4.55130601e-18	7.75666700e+00	-9.34293647e-06	-4.67146824e-06	-4.67146824e-06
867             	-4.54838500e-18	7.76253543e+00	-9.15950111e-06	-4.57975056e-06	-4.57975056e-06
868             	-4.54550784e-18	7.76840386e+00	-8.97452056e-06	-4.48726028e-06	-4.48726028e-06
869             	-4.54262209e-18	7.77426070e+00	-8.79316191e-06	-4.39658095e-06	-4.39658095e-06
870             	-4.53969118e-18	7.78009705e+00	-8.61238919e-06	-4.30619460e-06	-4.30619460e-06
871             	-4.53678175e-18	7.78592830e+00	-8.43051113e-06	-4.21525556e-06	-4.21525556e-06
872             	-4.53390005e-18	7.79175509e+00	-8.25277596e-06	-4.12638798e-06	-4.12638798e-06
873             	-4.53097481e-18	7.79755939e+00	-8.07919791e-06	-4.03959895e-06	-4.03959895e-06
874             	-4.52810675e-18	7.80336482e+00	-7.91832007e-06	-3.95916003e-06	-3.95916003e-06
875             	-4.52522565e-18	7.80915476e+00	-7.76986488e-06	-3.88493244e-06	-3.88493244e-06
876             	-4.52234949e-18	7.81493381e+00	-7.63169798e-06	-3.81584899e-06	-3.81584899e-06
877             	-4.51944866e-18	7.82069512e+00	-7.49601451e-06	-3.74800725e-06	-3.74800725e-06
878             	-4.51657799e-18	7.82645212e+00	-7.35328661e-06	-3.67664331e-06	-3.67664331e-06
879             	-4.51371874e-18	7.83220045e+00	-7.19942383e-06	-3.59971191e-06	-3.59971191e-06
880             	-4.51083708e-18	7.83793187e+00	-7.03212265e-06	-3.51606133e-06	-3.51606133e-06
881             	-4.50799089e-18	7.84366040e+00	-6.85580097e-06	-3.42790049e-06	-3.42790049e-06
882             	-4.50514899e-18	7.84937881e+00	-6.67809405e-06	-3.33904703e-06	-3.33904703e-06
883             	-4.50228410e-18	7.85508061e+00	-6.50103474e-06	-3.25051737e-06	-3.25051737e-06
884             	-4.49944162e-18	7.86077731e+00	-6.33490804e-06	-3.16745402e-06	-3.16745402e-06
885             	-4.49659159e-18	7.86646168e+00	-6.18314302e-06	-3.09157151e-06	-3.09157151e-06
886             	-4.49374387e-18	7.87213552e+00	-6.04407782e-06	-3.02203891e-06	-3.02203891e-06
887             	-4.49088907e-18	7.87779595e+00	-5.91091914e-06	-2.95545957e-06	-2.95545957e-06
888             	-4.48805912e-18	7.88345022e+00	-5.77783231e-06	-2.88891615e-06	-2.88891615e-06
889             	-4.48523088e-18	7.88909279e+00	-5.63879754e-06	-2.81939877e-06	-2.81939877e-06
890             	-4.48241496e-18	7.89472644e+00	-5.49267983e-06	-2.74633992e-06	-2.74633992e-06
891             	-4.47958228e-18	7.90034467e+00	-5.33807192e-06	-2.66903596e-06	-2.66903596e-06
892             	-4.47678311e-18	7.90595981e+00	-5.18068451e-06	-2.59034226e-06	-2.59034226e-06
893             	-4.47398013e-18	7.91156343e+00	-5.02510029e-06	-2.51255015e-06	-2.51255015e-06
894             	-4.47115642e-18	7.91715146e+00	-4.87285555e-06	-2.43642778e-06	-2.43642778e-06
895             	-4.46835416e-18	7.92273372e+00	-4.72698918e-06	-2.36349459e-06	-2.36349459e-06
896             	-4.46555179e-18	7.92830495e+00	-4.58673733e-06	-2.29336866e-06	-2.29336866e-06
897             	-4.46274937e-18	7.93386489e+00	-4.45058790e-06	-2.22529395e-06	-2.22529395e-06
898             	-4.45995476e-18	7.93941522e+00	-4.31705938e-06	-2.15852969e-06	-2.15852969e-06
899             	-4.45714508e-18	7.94495040e+00	-4.18069768e-06	-2.09034884e-06	-2.09034884e-06
900             	-4.45437477e-18	7.95048326e+00	-4.04342837e-06	-2.02171418e-06	-2.02171418e-06
901             	-4.45160459e-18	7.95600488e+00	-3.90611678e-06	-1.95305839e-06	-1.95305839e-06
902             	-4.44883130e-18	7.96151467e+00	-3.77045064e-06	-1.88522532e-06	-1.88522532e-06
903             	-4.44605859e-18	7.96701359e+00	-3.63809644e-06	-1.81904822e-06	-1.81904822e-06
904             	-4.44329222e-18	7.97250306e+00	-3.50471851e-06	-1.75235926e-06	-1.75235926e-06
905             	-4.44048725e-18	7.97797244e+00	-3.36102148e-06	-1.68051074e-06	-1.68051074e-06
906             	-4.43775145e-18	7.98344695e+00	-3.21602982e-06	-1.60801491e-06	-1.60801491e-06
907             	-4.43499631e-18	7.98890603e+00	-3.07280073e-06	-1.53640036e-06	-1.53640036e-06
908             	-4.43224729e-18	7.99435555e+00	-2.93465618e-06	-1.46732809e-06	-1.46732809e-06
909             	-4.42951422e-18	7.99979793e+00	-2.80965288e-06	-1.40482644e-06	-1.40482644e-06
910             	-4.42677278e-18	8.00522756e+00	-2.69814558e-06	-1.34907279e-06	-1.34907279e-06
911             	-4.42403217e-18	8.01064648e+00	-2.59606306e-06	-1.29803153e-06	-1.29803153e-06
912             	-4.42128047e-18	8.01605160e+00	-2.49241170e-06	-1.24620585e-06	-1.24620585e-06
913             	-4.41855122e-18	8.02145076e+00	-2.37760156e-06	-1.18880078e-06	-1.18880078e-06
914             	-4.41581520e-18	8.02683703e+00	-2.25018573e-06	-1.12509287e-06	-1.12509287e-06
915             	-4.41310379e-18	8.03221771e+00	-2.11705569e-06	-1.05852784e-06	-1.05852784e-06
916             	-4.41039474e-18	8.03758781e+00	-1.98071554e-06	-9.90357771e-07	-9.90357771e-07
917             	-4.40757512e-18	8.04292101e+00	-1.81650950e-06	-9.08254751e-07	-9.08254751e-07
918             	-4.40493306e-18	8.04828390e+00	-1.65831945e-06	-8.29159726e-07	-8.29159726e-07
919             	-4.40229122e-18	8.05363663e+00	-1.51292870e-06	-7.56464351e-07	-7.56464351e-07
920             	-4.39960135e-18	8.05896856e+00	-1.39129578e-06	-6.95647888e-07	-6.95647888e-07
921             	-4.39692615e-18	8.06429372e+00	-1.30638962e-06	-6.53194808e-07	-6.53194808e-07
922             	-4.39422068e-18	8.06960200e+00	-1.24548858e-06	-6.22744289e-07	-6.22744289e-07
923             	-4.39150777e-18	8.07489792e+00	-1.19208572e-06	-5.96042860e-07	-5.96042860e-07
924             	-4.38877086e-18	8.08017660e+00	-1.11302805e-06	-5.56514026e-07	-5.56514026e-07
925             	-4.38607720e-18	8.08545300e+00	-9.96706993e-07	-4.98353497e-07	-4.98353497e-07
926             	-4.38341195e-18	8.09072378e+00	-8.48981269e-07	-4.24490635e-07	-4.24490634e-07
927             	-4.38074602e-18	8.09598276e+00	-6.81614163e-07	-3.40807082e-07	-3.40807082e-07
928             	-4.37809702e-18	8.10123493e+00	-5.20770032e-07	-2.60385016e-07	-2.60385016e-07
929             	-4.37544330e-18	8.10647616e+00	-3.82772513e-07	-1.91386257e-07	-1.91386257e-07
930             	-4.37278936e-18	8.11170787e+00	-2.73331822e-07	-1.36665911e-07	-1.36665911e-07
931             	-4.37008447e-18	8.11691790e+00	-1.72328145e-07	-8.61640727e-08	-8.61640727e-08
932             	-4.36746249e-18	8.12213677e+00	-8.62461996e-08	-4.31230998e-08	-4.31230998e-08
933             	-4.36483768e-18	8.12734447e+00	-2.41605189e-09	-1.20802595e-09	-1.20802594e-09
934             	-4.36218495e-18	8.13253486e+00	8.69423270e-08	4.34711635e-08	4.34711635e-08
935             	-4.35953623e-18	8.13771509e+00	1.82243331e-07	9.11216655e-08	9.11216655e-08
936             	-4.35691229e-18	8.14289010e+00	2.80198915e-07	1.40099458e-07	1.40099458e-07
937             	-4.35426969e-18	8.14805025e+00	3.85120579e-07	1.92560289e-07	1.92560289e-07
938             	-4.35164561e-18	8.15320401e+00	4.90580322e-07	2.45290161e-07	2.45290161e-07
939             	-4.34901910e-18	8.15834671e+00	6.00083012e-07	3.00041506e-07	3.00041506e-07
940             	-4.34638726e-18	8.16347762e+00	7.08737710e-07	3.54368855e-07	3.54368855e-07
941             	-4.34376982e-18	8.16860105e+00	8.11943525e-07	4.05971763e-07	4.05971763e-07
942             	-4.34113176e-18	8.17370877e+00	9.16251139e-07	4.58125569e-07	4.58125569e-07
943             	-4.33854557e-18	8.17881746e+00	1.01313207e-06	5.06566034e-07	5.06566034e-07
944             	-4.33595996e-18	8.18391587e+00	1.10594249e-06	5.52971247e-07	5.52971247e-07
945             	-4.33336328e-18	8.18900155e+00	1.19729123e-06	5.98645617e-07	5.98645617e-07
946             	-4.33077370e-18	8.19407872e+00	1.28613792e-06	6.43068961e-07	6.43068962e-07
947             	-4.32818119e-18	8.19914504e+00	1.37496082e-06	6.87480411e-07	6.87480411e-07
948             	-4.32558875e-18	8.20420097e+00	1.46526238e-06	7.32631192e-07	7.32631192e-07
949             	-4.32300460e-18	8.20924817e+00	1.55668507e-06	7.78342537e-07	7.78342537e-07
950             	-4.32032439e-18	8.21426243e+00	1.68053373e-06	8.40266867e-07	8.40266867e-07
951             	-4.31781028e-18	8.21930306e+00	1.79822083e-06	8.99110416e-07	8.99110416e-07
952             	-4.31529801e-18	8.22433398e+00	1.90590757e-06	9.52953783e-07	9.52953783e-07
953             	-4.31274445e-18	8.22934598e+00	1.99455093e-06	9.97275467e-07	9.97275467e-07
954             	-4.31020435e-18	8.23435139e+00	2.05062221e-06	1.02531110e-06	1.02531110e-06
955             	-4.30763623e-18	8.23934121e+00	2.09497665e-06	1.04748832e-06	1.04748832e-06
956             	-4.30506329e-18	8.24432018e+00	2.13788271e-06	1.06894135e-06	1.06894135e-06
957             	-4.30248082e-18	8.24928636e+00	2.19659820e-06	1.09829910e-06	1.09829910e-06
958             	-4.29991994e-18	8.25424604e+00	2.27726764e-06	1.13863382e-06	1.13863382e-06
959             	-4.29736008e-18	8.25919425e+00	2.38522842e-06	1.19261421e-06	1.19261421e-06
960             	-4.29483043e-18	8.26413805e+00	2.51025879e-06	1.25512939e-06	1.25512939e-06
961             	-4.29230371e-18	8.26907240e+00	2.64249687e-06	1.32124844e-06	1.32124844e-06
962             	-4.28975094e-18	8.27399184e+00	2.77780685e-06	1.38890343e-06	1.38890343e-06
963             	-4.28723222e-18	8.27891014e+00	2.89223998e-06	1.44611999e-06	1.44611999e-06
964             	-4.28469372e-18	8.28381575e+00	2.98730310e-06	1.49365155e-06	1.49365155e-06
965             	-4.28216896e-18	8.28871515e+00	3.05591899e-06	1.52795950e-06	1.52795950e-06
966             	-4.27960895e-18	8.29359692e+00	3.11476235e-06	1.55738117e-06	1.55738117e-06
967             	-4.27710068e-18	8.29847877e+00	3.15600419e-06	1.57800210e-06	1.57800210e-06
968             	-4.27459116e-18	8.30334938e+00	3.19266846e-06	1.59633423e-06	1.59633423e-06
969             	-4.27206497e-18	8.30820552e+00	3.23552431e-06	1.61776215e-06	1.61776215e-06
970             	-4.26955756e-18	8.31305520e+00	3.28655156e-06	1.64327578e-06	1.64327578e-06
971             	-4.26704755e-18	8.31789428e+00	3.35252904e-06	1.67626452e-06	1.67626452e-06
972             	-4.26454407e-18	8.32272498e+00	3.43576399e-06	1.71788200e-06	1.71788200e-06
973             	-4.26202784e-18	8.32754341e+00	3.53502953e-06	1.76751476e-06	1.76751476e-06
974             	-4.25954763e-18	8.33236003e+00	3.63351603e-06	1.81675802e-06	1.81675802e-06
975             	-4.25706514e-18	8.33716684e+00	3.72794990e-06	1.86397495e-06	1.86397495e-06
976             	-4.25457513e-18	8.34196273e+00	3.81405221e-06	1.90702611e-06	1.90702611e-06
977             	-4.25208899e-18	8.34674998e+00	3.88808308e-06	1.94404154e-06	1.94404154e-06
978             	-4.24959556e-18	8.35152614e+00	3.95372507e-06	1.97686253e-06	1.97686253e-06
979             	-4.24711561e-18	8.35629520e+00	4.01070468e-06	2.00535234e-06	2.00535234e-06
980             	-4.24461432e-18	8.36104971e+00	4.07129091e-06	2.03564546e-06	2.03564546e-06
981             	-4.24215797e-18	8.36580299e+00	4.12736158e-06	2.06368079e-06	2.06368079e-06
982             	-4.23970365e-18	8.37054640e+00	4.18279252e-06	2.09139626e-06	2.09139626e-06
983             	-4.23724168e-18	8.37527805e+00	4.23872634e-06	2.11936317e-06	2.11936317e-06
984             	-4.23478784e-18	8.38000144e+00	4.29348054e-06	2.14674027e-06	2.14674027e-06
985             	-4.23233153e-18	8.38471470e+00	4.35003474e-06	2.17501737e-06	2.17501737e-06
986             	-4.22983294e-18	8.38940955e+00	4.42474874e-06	2.21237437e-06	2.21237437e-06
987             	-4.22740826e-18	8.39410982e+00	4.49860969e-06	2.24930484e-06	2.24930484e-06
988             	-4.22498518e-18	8.39880087e+00	4.57167473e-06	2.28583736e-06	2.28583736e-06
989             	-4.22254784e-18	8.40347939e+00	4.63885815e-06	2.31942907e-06	2.31942907e-06
990             	-4.22011842e-18	8.40814990e+00	4.69221704e-06	2.34610852e-06	2.34610852e-06
991             	-4.21768284e-18	8.41280959e+00	4.73512394e-06	2.36756197e-06	2.36756197e-06
992             	-4.21523428e-18	8.41745693e+00	4.77781539e-06	2.38890769e-06	2.38890769e-06
993             	-4.21281042e-18	8.42209944e+00	4.82171676e-06	2.41085838e-06	2.41085838e-06
994             	-4.21038761e-18	8.42673220e+00	4.87393585e-06	2.43696792e-06	2.43696792e-06
995             	-4.20797434e-18	8.43135687e+00	4.93267485e-06	2.46633742e-06	2.46633742e-06
996             	-4.20555061e-18	8.43596944e+00	5.00012369e-06	2.50006184e-06	2.50006184e-06
997             	-4.20315235e-18	8.44057750e+00	5.06561366e-06	2.53280683e-06	2.53280683e-06
998             	-4.20075240e-18	8.44517578e+00	5.12793439e-06	2.56396720e-06	2.56396720e-06
999             	-4.19835048e-18	8.44976429e+00	5.18422318e-06	2.59211159e-06	2.59211159e-06
1000            	-4.19594994e-18	8.45434385e+00	5.23275322e-06	2.61637661e-06	2.61637661e-06
1001            	-4.19355363e-18	8.45891510e+00	5.27371589e-06	2.63685795e-06	2.63685795e-06
1002            	-4.19112267e-18	8.46346990e+00	5.32426635e-06	2.66213318e-06	2.66213318e-06
1003            	-4.18875725e-18	8.46802829e+00	5.37008466e-06	2.68504233e-06	2.68504233e-06
1004            	-4.18639230e-18	8.47257716e+00	5.41602355e-06	2.70801178e-06	2.70801178e-06
1005            	-4.18401003e-18	8.47711282e+00	5.46269901e-06	2.73134951e-06	2.73134951e-06
1006            	-4.18163911e-18	8.48164113e+00	5.50254840e-06	2.75127420e-06	2.75127420e-06
1007            	-4.17926149e-18	8.48615870e+00	5.53777341e-06	2.76888670e-06	2.76888670e-06
1008            	-4.17687282e-18	8.49066471e+00	5.57538617e-06	2.78769309e-06	2.78769309e-06
1009            	-4.17450604e-18	8.49516583e+00	5.61537149e-06	2.80768574e-06	2.80768574e-06
1010            	-4.17212265e-18	8.49965415e+00	5.67011560e-06	2.83505780e-06	2.83505780e-06
1011            	-4.16977896e-18	8.50414083e+00	5.72768452e-06	2.86384226e-06	2.86384226e-06
1012            	-4.16743698e-18	8.50861837e+00	5.78520975e-06	2.89260488e-06	2.89260488e-06
1013            	-4.16509085e-18	8.51308569e+00	5.83619920e-06	2.91809960e-06	2.91809960e-06
1014            	-4.16273899e-18	8.51754257e+00	5.87844333e-06	2.93922166e-06	2.93922166e-06
1015            	-4.16039154e-18	8.52199107e+00	5.91206867e-06	2.95603434e-06	2.95603434e-06
1016            	-4.15804579e-18	8.52643060e+00	5.94182484e-06	2.97091242e-06	2.97091242e-06
1017            	-4.15570694e-18	8.53086210e+00	5.97428519e-06	2.98714260e-06	2.98714260e-06
1018            	-4.15336904e-18	8.53528429e+00	6.01137925e-06	3.00568962e-06	3.00568962e-06
1019            	-4.15104520e-18	8.53969979e+00	6.04944342e-06	3.02472171e-06	3.02472171e-06
1020            	-4.14871421e-18	8.54410442e+00	6.09137323e-06	3.04568662e-06	3.04568662e-06
1021            	-4.14640217e-18	8.54850355e+00	6.13028437e-06	3.06514218e-06	3.06514218e-06
1022            	-4.14408975e-18	8.55289350e+00	6.16675405e-06	3.08337702e-06	3.08337702e-06
1023            	-4.14174296e-18	8.55726739e+00	6.21377132e-06	3.10688566e-06	3.10688566e-06
1024            	-4.13945460e-18	8.56164373e+00	6.25360414e-06	3.12680207e-06	3.12680207e-06
1025            	-4.13716612e-18	8.56601095e+00	6.28861046e-06	3.14430523e-06	3.14430523e-06
1026            	-4.13486486e-18	8.57036645e+00	6.31836936e-06	3.15918468e-06	3.15918468e-06
1027            	-4.13257061e-18	8.57471414e+00	6.33935863e-06	3.16967932e-06	3.16967932e-06
1028            	-4.13027278e-18	8.57905192e+00	6.35551414e-06	3.17775707e-06	3.17775707e-06
1029            	-4.12796485e-18	8.58337838e+00	6.37568887e-06	3.18784444e-06	3.18784444e-06
1030            	-4.12567915e-18	8.58769993e+00	6.40708762e-06	3.20354381e-06	3.20354381e-06
1031            	-4.12339877e-18	8.59201331e+00	6.44514295e-06	3.22257147e-06	3.22257147e-06
1032            	-4.12109249e-18	8.59631238e+00	6.49745528e-06	3.24872764e-06	3.24872764e-06
1033            	-4.11883944e-18	8.60061282e+00	6.54461959e-06	3.27230979e-06	3.27230979e-06
1034            	-4.11658680e-18	8.60490464e+00	6.58453092e-06	3.29226546e-06	3.29226546e-06
1035            	-4.11432769e-18	8.60918659e+00	6.61462172e-06	3.30731086e-06	3.30731086e-06
1036            	-4.11202101e-18	8.61345049e+00	6.65094705e-06	3.32547353e-06	3.32547353e-06
1037            	-4.10978002e-18	8.61771825e+00	6.67357179e-06	3.33678590e-06	3.33678590e-06
1038            	-4.10752090e-18	8.62197340e+00	6.69420754e-06	3.34710377e-06	3.34710377e-06
1039            	-4.10528093e-18	8.62622297e+00	6.70482359e-06	3.35241179e-06	3.35241179e-06
1040            	-4.10303653e-18	8.63046232e+00	6.70935203e-06	3.35467601e-06	3.35467601e-06
1041            	-4.10079020e-18	8.63469199e+00	6.71213738e-06	3.35606869e-06	3.35606869e-06
1042            	-4.09854156e-18	8.63891208e+00	6.72073390e-06	3.36036695e-06	3.36036695e-06
1043            	-4.09630126e-18	8.64312484e+00	6.73890207e-06	3.36945103e-06	3.36945103e-06
1044            	-4.09401524e-18	8.64731959e+00	6.78935737e-06	3.39467869e-06	3.39467869e-06
1045            	-4.09181880e-18	8.65152289e+00	6.84044919e-06	3.42022459e-06	3.42022459e-06
1046            	-4.08961233e-18	8.65571554e+00	6.89202308e-06	3.44601154e-06	3.44601154e-06
1047            	-4.08741211e-18	8.65990070e+00	6.92539139e-06	3.46269570e-06	3.46269570e-06
1048            	-4.08519150e-18	8.66407330e+00	6.93953065e-06	3.46976533e-06	3.46976533e-06
1049            	-4.08297419e-18	8.66823796e+00	6.93432260e-06	3.46716130e-06	3.46716130e-06
1050            	-4.08074222e-18	8.67239100e+00	6.92588339e-06	3.46294170e-06	3.46294170e-06
1051            	-4.07853106e-18	8.67653906e+00	6.91995511e-06	3.45997756e-06	3.45997756e-06
1052            	-4.07632393e-18	8.68067863e+00	6.92621390e-06	3.46310695e-06	3.46310695e-06
1053            	-4.07410732e-18	8.68480690e+00	6.95278462e-06	3.47639231e-06	3.47639231e-06
1054            	-4.07192329e-18	8.68893228e+00	6.98811190e-06	3.49405595e-06	3.49405595e-06
1055            	-4.06973607e-18	8.69304823e+00	7.02975352e-06	3.51487676e-06	3.51487676e-06
1056            	-4.06756001e-18	8.69715793e+00	7.06546621e-06	3.53273310e-06	3.53273310e-06
1057            	-4.06537979e-18	8.70125865e+00	7.09133954e-06	3.54566977e-06	3.54566977e-06
1058            	-4.06319915e-18	8.70535105e+00	7.10532284e-06	3.55266142e-06	3.55266142e-06
1059            	-4.06100992e-18	8.70943328e+00	7.11353034e-06	3.55676517e-06	3.55676517e-06
1060            	-4.05883906e-18	8.71351022e+00	7.10942063e-06	3.55471032e-06	3.55471032e-06
1061            	-4.05666819e-18	8.71757811e+00	7.10637147e-06	3.55318573e-06	3.55318573e-06
1062            	-4.05446808e-18	8.72163110e+00	7.12317367e-06	3.56158683e-06	3.56158683e-06
1063            	-4.05232388e-18	8.72568587e+00	7.14148901e-06	3.57074450e-06	3.57074450e-06
1064            	-4.05017724e-18	8.72973137e+00	7.16012460e-06	3.58006230e-06	3.58006230e-06
1065            	-4.04802945e-18	8.73376798e+00	7.17037916e-06	3.58518958e-06	3.58518958e-06
1066            	-4.04586552e-18	8.73779285e+00	7.17566389e-06	3.58783195e-06	3.58783195e-06
1067            	-4.04372301e-18	8.74181345e+00	7.17273083e-06	3.58636541e-06	3.58636541e-06
1068            	-4.04157451e-18	8.74582450e+00	7.17166120e-06	3.58583060e-06	3.58583060e-06
1069            	-4.03943478e-18	8.74982878e+00	7.17452358e-06	3.58726179e-06	3.58726179e-06
1070            	-4.03729148e-18	8.75382446e+00	7.20997020e-06	3.60498510e-06	3.60498510e-06
1071            	-4.03514268e-18	8.75781196e+00	7.25668466e-06	3.62834233e-06	3.62834233e-06
1072            	-4.03299715e-18	8.76179276e+00	7.29578485e-06	3.64789242e-06	3.64789242e-06
1073            	-4.03083522e-18	8.76576228e+00	7.32856061e-06	3.66428031e-06	3.66428031e-06
1074            	-4.02871296e-18	8.76973072e+00	7.34273888e-06	3.67136944e-06	3.67136944e-06
1075            	-4.02659565e-18	8.77369103e+00	7.34386863e-06	3.67193431e-06	3.67193431e-06
1076            	-4.02445922e-18	8.77763848e+00	7.34377037e-06	3.67188518e-06	3.67188518e-06
1077            	-4.02235077e-18	8.78158248e+00	7.33687336e-06	3.66843668e-06	3.66843668e-06
1078            	-4.02024659e-18	8.78551896e+00	7.32743757e-06	3.66371879e-06	3.66371879e-06
1079            	-4.01810723e-18	8.78944056e+00	7.33048308e-06	3.66524154e-06	3.66524154e-06
1080            	-4.01600046e-18	8.79336032e+00	7.33363874e-06	3.66681937e-06	3.66681937e-06
1081            	-4.01390560e-18	8.79727428e+00	7.33466732e-06	3.66733366e-06	3.66733366e-06
1082            	-4.01180743e-18	8.80117938e+00	7.33275928e-06	3.66637964e-06	3.66637964e-06
1083            	-4.00968883e-18	8.80507218e+00	7.33424962e-06	3.66712481e-06	3.66712481e-06
1084            	-4.00759382e-18	8.80896099e+00	7.33144463e-06	3.66572231e-06	3.66572231e-06
1085            	-4.00549927e-18	8.81284146e+00	7.32937613e-06	3.66468807e-06	3.66468807e-06
1086            	-4.00339901e-18	8.81671239e+00	7.33379093e-06	3.66689546e-06	3.66689546e-06
1087            	-4.00131333e-18	8.82057762e+00	7.34210320e-06	3.67105160e-06	3.67105160e-06
1088            	-3.99922886e-18	8.82443457e+00	7.35609768e-06	3.67804884e-06	3.67804884e-06
1089            	-3.99707599e-18	8.82826989e+00	7.40780768e-06	3.70390384e-06	3.70390384e-06
1090            	-3.99504256e-18	8.83211946e+00	7.44129077e-06	3.72064538e-06	3.72064538e-06
1091            	-3.99300397e-18	8.83596005e+00	7.45867743e-06	3.72933872e-06	3.72933872e-06
1092            	-3.99096824e-18	8.83979309e+00	7.44240009e-06	3.72120005e-06	3.72120005e-06
1093            	-3.98890100e-18	8.84361216e+00	7.40176576e-06	3.70088288e-06	3.70088288e-06
1094            	-3.98683921e-18	8.84742420e+00	7.34457366e-06	3.67228683e-06	3.67228683e-06
1095            	-3.98476797e-18	8.85122638e+00	7.29422477e-06	3.64711239e-06	3.64711239e-06
1096            	-3.98269792e-18	8.85502049e+00	7.26804212e-06	3.63402106e-06	3.63402106e-06
1097            	-3.98062878e-18	8.85880618e+00	7.27743441e-06	3.63871720e-06	3.63871720e-06
1098            	-3.97857906e-18	8.86258677e+00	7.31473343e-06	3.65736672e-06	3.65736672e-06
1099            	-3.97652407e-18	8.86635770e+00	7.37515309e-06	3.68757655e-06	3.68757655e-06
1100            	-3.97450936e-18	8.87012775e+00	7.42538100e-06	3.71269050e-06	3.71269050e-06
1101            	-3.97248441e-18	8.87388804e+00	7.45847726e-06	3.72923863e-06	3.72923863e-06
1102            	-3.97047398e-18	8.87764342e+00	7.45681731e-06	3.72840866e-06	3.72840866e-06
1103            	-3.96841031e-18	8.88138161e+00	7.44435656e-06	3.72217828e-06	3.72217828e-06
1104            	-3.96642558e-18	8.88512669e+00	7.39905729e-06	3.69952864e-06	3.69952864e-06
1105            	-3.96441095e-18	8.88885846e+00	7.34517755e-06	3.67258877e-06	3.67258877e-06
1106            	-3.96240163e-18	8.89258309e+00	7.28663225e-06	3.64331612e-06	3.64331612e-06
1107            	-3.96038234e-18	8.89629749e+00	7.23634483e-06	3.61817241e-06	3.61817241e-06
1108            	-3.95835557e-18	8.90000202e+00	7.20594781e-06	3.60297391e-06	3.60297391e-06
1109            	-3.95633344e-18	8.90369902e+00	7.20133479e-06	3.60066740e-06	3.60066740e-06
1110            	-3.95426121e-18	8.90737833e+00	7.25305985e-06	3.62652992e-06	3.62652992e-06
1111            	-3.95229326e-18	8.91106885e+00	7.30857937e-06	3.65428968e-06	3.65428968e-06
1112            	-3.95033163e-18	8.91475249e+00	7.36139533e-06	3.68069767e-06	3.68069767e-06
1113            	-3.94836111e-18	8.91842664e+00	7.38873183e-06	3.69436592e-06	3.69436592e-06
1114            	-3.94638405e-18	8.92209208e+00	7.37732621e-06	3.68866311e-06	3.68866311e-06
1115            	-3.94437246e-18	8.92574389e+00	7.34353595e-06	3.67176798e-06	3.67176798e-06
1116            	-3.94238797e-18	8.92939338e+00	7.29216456e-06	3.64608228e-06	3.64608228e-06
1117            	-3.94040232e-18	8.93303491e+00	7.24419415e-06	3.62209707e-06	3.62209707e-06
1118            	-3.93842274e-18	8.93666929e+00	7.21021547e-06	3.60510773e-06	3.60510773e-06
1119            	-3.93643922e-18	8.94029438e+00	7.19909437e-06	3.59954719e-06	3.59954719e-06
1120            	-3.93447531e-18	8.94391457e+00	7.20309360e-06	3.60154680e-06	3.60154680e-06
1121            	-3.93251141e-18	8.94752663e+00	7.21864999e-06	3.60932500e-06	3.60932500e-06
1122            	-3.93055399e-18	8.95113215e+00	7.23535855e-06	3.61767928e-06	3.61767928e-06
1123            	-3.92859476e-18	8.95472992e+00	7.24803325e-06	3.62401663e-06	3.62401663e-06
1124            	-3.92664195e-18	8.95832152e+00	7.25023381e-06	3.62511691e-06	3.62511691e-06
1125            	-3.92467630e-18	8.96190340e+00	7.24822382e-06	3.62411191e-06	3.62411191e-06
1126            	-3.92275433e-18	8.96548541e+00	7.22587765e-06	3.61293883e-06	3.61293883e-06
1127            	-3.92081598e-18	8.96905661e+00	7.19436698e-06	3.59718349e-06	3.59718349e-06
1128            	-3.91888590e-18	8.97262133e+00	7.15291733e-06	3.57645867e-06	3.57645867e-06
1129            	-3.91696170e-18	8.97617919e+00	7.10543085e-06	3.55271542e-06	3.55271542e-06
1130            	-3.91502680e-18	8.97972737e+00	7.06216097e-06	3.53108049e-06	3.53108049e-06
1131            	-3.91308372e-18	8.98326639e+00	7.03289008e-06	3.51644504e-06	3.51644504e-06
1132            	-3.91114305e-18	8.98679817e+00	7.02317987e-06	3.51158993e-06	3.51158993e-06
1133            	-3.90920847e-18	8.99032330e+00	7.03375418e-06	3.51687709e-06	3.51687709e-06
1134            	-3.90727945e-18	8.99384160e+00	7.06051629e-06	3.53025814e-06	3.53025814e-06
1135            	-3.90536793e-18	8.99735523e+00	7.08906151e-06	3.54453076e-06	3.54453076e-06
1136            	-3.90345895e-18	9.00086161e+00	7.11058112e-06	3.55529056e-06	3.55529056e-06
1137            	-3.90155778e-18	9.00436185e+00	7.11407115e-06	3.55703557e-06	3.55703557e-06
1138            	-3.89965121e-18	9.00785376e+00	7.10015069e-06	3.55007534e-06	3.55007534e-06
1139            	-3.89775401e-18	9.01134004e+00	7.06816685e-06	3.53408343e-06	3.53408343e-06
1140            	-3.89585535e-18	9.01481870e+00	7.02674027e-06	3.51337013e-06	3.51337013e-06
1141            	-3.89393558e-18	9.01828607e+00	6.99475087e-06	3.49737543e-06	3.49737543e-06
1142            	-3.89207176e-18	9.02175565e+00	6.95827169e-06	3.47913585e-06	3.47913585e-06
1143            	-3.89020726e-18	9.02521730e+00	6.92118832e-06	3.46059416e-06	3.46059416e-06
1144            	-3.88831820e-18	9.02866678e+00	6.88964546e-06	3.44482273e-06	3.44482273e-06
1145            	-3.88642374e-18	9.03210768e+00	6.86707219e-06	3.43353609e-06	3.43353609e-06
1146            	-3.88456033e-18	9.03554687e+00	6.84507276e-06	3.42253638e-06	3.42253638e-06
1147            	-3.88268281e-18	9.03897622e+00	6.83081290e-06	3.41540645e-06	3.41540645e-06
1148            	-3.88080862e-18	9.04239895e+00	6.82051419e-06	3.41025709e-06	3.41025709e-06
1149            	-3.87892780e-18	9.04581330e+00	6.81838722e-06	3.40919361e-06	3.40919361e-06
1150            	-3.87705865e-18	9.04922244e+00	6.81946024e-06	3.40973012e-06	3.40973012e-06
1151            	-3.87519143e-18	9.05262422e+00	6.82219486e-06	3.41109743e-06	3.41109743e-06
1152            	-3.87332673e-18	9.05601852e+00	6.82327523e-06	3.41163762e-06	3.41163762e-06
1153            	-3.87146690e-18	9.05940581e+00	6.82012165e-06	3.41006083e-06	3.41006083e-06
1154            	-3.86960065e-18	9.06278433e+00	6.81830835e-06	3.40915418e-06	3.40915418e-06
1155            	-3.86777058e-18	9.06616198e+00	6.80522677e-06	3.40261338e-06	3.40261338e-06
1156            	-3.86594616e-18	9.06953345e+00	6.78128490e-06	3.39064245e-06	3.39064245e-06
1157            	-3.86410911e-18	9.07289560e+00	6.75077110e-06	3.37538555e-06	3.37538555e-06
1158            	-3.86229142e-18	9.07625406e+00	6.70746693e-06	3.35373346e-06	3.35373346e-06
1159            	-3.86046643e-18	9.07960412e+00	6.65758002e-06	3.32879001e-06	3.32879001e-06
1160            	-3.85863146e-18	9.08294526e+00	6.60947945e-06	3.30473972e-06	3.30473972e-06
1161            	-3.85679882e-18	9.08627949e+00	6.56898697e-06	3.28449348e-06	3.28449348e-06
1162            	-3.85496657e-18	9.08960632e+00	6.54244940e-06	3.27122470e-06	3.27122470e-06
1163            	-3.85310655e-18	9.09292055e+00	6.54755258e-06	3.27377629e-06	3.27377629e-06
1164            	-3.85131312e-18	9.09623897e+00	6.55541117e-06	3.27770558e-06	3.27770558e-06
1165            	-3.84952812e-18	9.09955135e+00	6.55836250e-06	3.27918125e-06	3.27918125e-06
1166            	-3.84773206e-18	9.10285448e+00	6.54858874e-06	3.27429437e-06	3.27429437e-06
1167            	-3.84593465e-18	9.10615044e+00	6.52017558e-06	3.26008779e-06	3.26008779e-06
1168            	-3.84411771e-18	9.10943616e+00	6.48430189e-06	3.24215095e-06	3.24215095e-06
1169            	-3.84231134e-18	9.11271700e+00	6.44641022e-06	3.22320511e-06	3.22320511e-06
1170            	-3.84050410e-18	9.11599059e+00	6.41802163e-06	3.20901082e-06	3.20901082e-06
1171            	-3.83870278e-18	9.11925782e+00	6.40399100e-06	3.20199550e-06	3.20199550e-06
1172            	-3.83691591e-18	9.12251992e+00	6.39939651e-06	3.19969826e-06	3.19969826e-06
1173            	-3.83510254e-18	9.12576964e+00	6.41484898e-06	3.20742449e-06	3.20742449e-06
1174            	-3.83335298e-18	9.12902313e+00	6.41647603e-06	3.20823801e-06	3.20823801e-06
1175            	-3.83161265e-18	9.13227112e+00	6.39630723e-06	3.19815362e-06	3.19815362e-06
1176            	-3.82984903e-18	9.13550820e+00	6.35498975e-06	3.17749488e-06	3.17749488e-06
1177            	-3.82808192e-18	9.13873813e+00	6.29522552e-06	3.14761276e-06	3.14761276e-06
1178            	-3.82630617e-18	9.14195991e+00	6.22356220e-06	3.11178110e-06	3.11178110e-06
1179            	-3.82451859e-18	9.14517234e+00	6.16067716e-06	3.08033858e-06	3.08033858e-06
1180            	-3.82275356e-18	9.14838119e+00	6.11940873e-06	3.05970437e-06	3.05970437e-06
1181            	-3.82099377e-18	9.15158311e+00	6.10576604e-06	3.05288302e-06	3.05288302e-06
1182            	-3.81924971e-18	9.15478017e+00	6.11217450e-06	3.05608725e-06	3.05608725e-06
1183            	-3.81750371e-18	9.15796946e+00	6.13066568e-06	3.06533284e-06	3.06533284e-06
1184            	-3.81577447e-18	9.16115486e+00	6.14275134e-06	3.07137567e-06	3.07137567e-06
1185            	-3.81403352e-18	9.16433152e+00	6.14517028e-06	3.07258514e-06	3.07258514e-06
1186            	-3.81229976e-18	9.16750300e+00	6.13033735e-06	3.06516867e-06	3.06516867e-06
1187            	-3.81057516e-18	9.17066949e+00	6.09647105e-06	3.04823552e-06	3.04823552e-06
1188            	-3.80885546e-18	9.17382994e+00	6.04702943e-06	3.02351471e-06	3.02351471e-06
1189            	-3.80712966e-18	9.17698213e+00	5.99129655e-06	2.99564827e-06	2.99564827e-06
1190            	-3.80540641e-18	9.18012756e+00	5.93691309e-06	2.96845654e-06	2.96845654e-06
1191            	-3.80368148e-18	9.18326551e+00	5.89346930e-06	2.94673465e-06	2.94673465e-06
1192            	-3.80196370e-18	9.18639769e+00	5.86426530e-06	2.93213265e-06	2.93213265e-06
1193            	-3.80023933e-18	9.18952170e+00	5.85543090e-06	2.92771545e-06	2.92771545e-06
1194            	-3.79853479e-18	9.19264232e+00	5.85549918e-06	2.92774959e-06	2.92774959e-06
1195            	-3.79684057e-18	9.19575789e+00	5.85665394e-06	2.92832697e-06	2.92832697e-06
1196            	-3.79513474e-18	9.19886449e+00	5.85705766e-06	2.92852883e-06	2.92852883e-06
1197            	-3.79344710e-18	9.20196758e+00	5.84226365e-06	2.92113182e-06	2.92113182e-06
1198            	-3.79174724e-18	9.20506164e+00	5.81622938e-06	2.90811469e-06	2.90811469e-06
1199            	-3.79005802e-18	9.20815086e+00	5.77728406e-06	2.88864203e-06	2.88864203e-06
1200            	-3.78836870e-18	9.21123322e+00	5.73232712e-06	2.86616356e-06	2.86616356e-06
1201            	-3.78667578e-18	9.21430805e+00	5.69055411e-06	2.84527705e-06	2.84527705e-06
1202            	-3.78499311e-18	9.21737785e+00	5.65498733e-06	2.82749366e-06	2.82749366e-06
1203            	-3.78331278e-18	9.22044120e+00	5.62839486e-06	2.81419743e-06	2.81419743e-06
1204            	-3.78163054e-18	9.22349735e+00	5.61218505e-06	2.80609252e-06	2.80609252e-06
1205            	-3.77996253e-18	9.22654929e+00	5.59888777e-06	2.79944389e-06	2.79944389e-06
1206            	-3.77829582e-18	9.22959472e+00	5.58563105e-06	2.79281552e-06	2.79281552e-06
1207            	-3.77663227e-18	9.23263405e+00	5.56880954e-06	2.78440477e-06	2.78440477e-06
1208            	-3.77495744e-18	9.23566473e+00	5.55375459e-06	2.77687729e-06	2.77687729e-06
1209            	-3.77330753e-18	9.23869324e+00	5.53141006e-06	2.76570503e-06	2.76570503e-06
1210            	-3.77165633e-18	9.24171485e+00	5.50299066e-06	2.75149533e-06	2.75149533e-06
1211            	-3.76998874e-18	9.24472682e+00	5.47517912e-06	2.73758956e-06	2.73758956e-06
1212            	-3.76834908e-18	9.24773712e+00	5.43979110e-06	2.71989555e-06	2.71989555e-06
1213            	-3.76670615e-18	9.25074015e+00	5.40092434e-06	2.70046217e-06	2.70046217e-06
1214            	-3.76505267e-18	9.25373459e+00	5.36522798e-06	2.68261399e-06	2.68261399e-06
1215            	-3.76340510e-18	9.25672346e+00	5.33586551e-06	2.66793275e-06	2.66793275e-06
1216            	-3.76177443e-18	9.25970875e+00	5.31005102e-06	2.65502551e-06	2.65502551e-06
1217            	-3.76014311e-18	9.26268728e+00	5.28862655e-06	2.64431328e-06	2.64431328e-06
1218            	-3.75850625e-18	9.26565817e+00	5.27212556e-06	2.63606278e-06	2.63606278e-06
1219            	-3.75687909e-18	9.26862420e+00	5.25531005e-06	2.62765502e-06	2.62765502e-06
1220            	-3.75525338e-18	9.27158391e+00	5.23705443e-06	2.61852721e-06	2.61852721e-06
1221            	-3.75362783e-18	9.27453706e+00	5.21715829e-06	2.60857915e-06	2.60857915e-06
1222            	-3.75201194e-18	9.27748534e+00	5.19267008e-06	2.59633504e-06	2.59633504e-06
1223            	-3.75039672e-18	9.28042714e+00	5.16529520e-06	2.58264760e-06	2.58264760e-06
1224            	-3.74878554e-18	9.28336306e+00	5.13560048e-06	2.56780024e-06	2.56780024e-06
1225            	-3.74717298e-18	9.28629217e+00	5.10732621e-06	2.55366311e-06	2.55366311e-06
1226            	-3.74557258e-18	9.28921693e+00	5.07816545e-06	2.53908272e-06	2.53908272e-06
1227            	-3.74397196e-18	9.29213516e+00	5.04990301e-06	2.52495150e-06	2.52495150e-06
1228            	-3.74237478e-18	9.29504755e+00	5.02166168e-06	2.51083084e-06	2.51083084e-06
1229            	-3.74075259e-18	9.29794906e+00	5.00651538e-06	2.50325769e-06	2.50325769e-06
1230            	-3.73917571e-18	9.30085209e+00	4.98768778e-06	2.49384389e-06	2.49384389e-06
1231            	-3.73760433e-18	9.30374956e+00	4.96218922e-06	2.48109461e-06	2.48109461e-06
1232            	-3.73602025e-18	9.30663825e+00	4.93024742e-06	2.46512371e-06	2.46512371e-06
1233            	-3.73442800e-18	9.30951911e+00	4.89575269e-06	2.44787634e-06	2.44787634e-06
1234            	-3.73285605e-18	9.31239725e+00	4.85594693e-06	2.42797347e-06	2.42797347e-06
1235            	-3.73127482e-18	9.31526743e+00	4.81919574e-06	2.40959787e-06	2.40959787e-06
1236            	-3.72970136e-18	9.31813263e+00	4.78621481e-06	2.39310741e-06	2.39310741e-06
1237            	-3.72812727e-18	9.32099125e+00	4.76044042e-06	2.38022021e-06	2.38022021e-06
1238            	-3.72655835e-18	9.32384425e+00	4.74102859e-06	2.37051430e-06	2.37051430e-06
1239            	-3.72498493e-18	9.32668989e+00	4.73019134e-06	2.36509567e-06	2.36509567e-06
1240            	-3.72342391e-18	9.32953130e+00	4.72227003e-06	2.36113501e-06	2.36113501e-06
1241            	-3.72187511e-18	9.33236848e+00	4.70999379e-06	2.35499689e-06	2.35499689e-06
1242            	-3.72032676e-18	9.33519948e+00	4.69007530e-06	2.34503765e-06	2.34503765e-06
1243            	-3.71877152e-18	9.33802310e+00	4.66393655e-06	2.33196828e-06	2.33196828e-06
1244            	-3.71722853e-18	9.34084273e+00	4.62843272e-06	2.31421636e-06	2.31421636e-06
1245            	-3.71568558e-18	9.34365620e+00	4.58740799e-06	2.29370399e-06	2.29370399e-06
1246            	-3.71414027e-18	9.34646306e+00	4.54610166e-06	2.27305083e-06	2.27305083e-06
1247            	-3.71260405e-18	9.34926526e+00	4.50582039e-06	2.25291019e-06	2.25291019e-06
1248            	-3.71106215e-18	9.35206024e+00	4.47312329e-06	2.23656165e-06	2.23656165e-06
1249            	-3.70953522e-18	9.35485150e+00	4.44382940e-06	2.22191470e-06	2.22191470e-06
1250            	-3.70801197e-18	9.35763651e+00	4.39129517e-06	2.19564759e-06	2.19564759e-06
1251            	-3.70648283e-18	9.36041335e+00	4.34216747e-06	2.17108373e-06	2.17108373e-06
1252            	-3.70497260e-18	9.36318665e+00	4.30544599e-06	2.15272300e-06	2.15272300e-06
1253            	-3.70346335e-18	9.36595382e+00	4.28553296e-06	2.14276648e-06	2.14276648e-06
1254            	-3.70195105e-18	9.36871458e+00	4.27728025e-06	2.13864013e-06	2.13864013e-06
1255            	-3.70044068e-18	9.37146999e+00	4.27081712e-06	2.13540856e-06	2.13540856e-06
1256            	-3.69891859e-18	9.37421755e+00	4.26449420e-06	2.13224710e-06	2.13224710e-06
1257            	-3.69742155e-18	9.37696346e+00	4.24719276e-06	2.12359638e-06	2.12359638e-06
1258            	-3.69592511e-18	9.37970322e+00	4.21931529e-06	2.10965765e-06	2.10965765e-06
1259            	-3.69443410e-18	9.38243753e+00	4.18126693e-06	2.09063347e-06	2.09063347e-06
1260            	-3.69293145e-18	9.38516341e+00	4.14313097e-06	2.07156549e-06	2.07156549e-06
1261            	-3.69144880e-18	9.38788658e+00	4.10522238e-06	2.05261119e-06	2.05261119e-06
1262            	-3.68997288e-18	9.39060478e+00	4.06905760e-06	2.03452880e-06	2.03452880e-06
1263            	-3.68849215e-18	9.39331607e+00	4.03700130e-06	2.01850065e-06	2.01850065e-06
1264            	-3.68701548e-18	9.39602202e+00	4.00781171e-06	2.00390585e-06	2.00390585e-06
1265            	-3.68553300e-18	9.39872092e+00	3.98394057e-06	1.99197029e-06	1.99197029e-06
1266            	-3.68405985e-18	9.40141541e+00	3.96300794e-06	1.98150397e-06	1.98150397e-06
1267            	-3.68258801e-18	9.40410413e+00	3.94484939e-06	1.97242470e-06	1.97242470e-06
1268            	-3.68109258e-18	9.40678275e+00	3.93934830e-06	1.96967415e-06	1.96967415e-06
1269            	-3.67964673e-18	9.40946404e+00	3.92825657e-06	1.96412829e-06	1.96412829e-06
1270            	-3.67819836e-18	9.41213885e+00	3.90788325e-06	1.95394163e-06	1.95394163e-06
1271            	-3.67674815e-18	9.41480731e+00	3.87331220e-06	1.93665610e-06	1.93665610e-06
1272            	-3.67528853e-18	9.41746808e+00	3.82942780e-06	1.91471390e-06	1.91471390e-06
1273            	-3.67383774e-18	9.42012439e+00	3.77984087e-06	1.88992044e-06	1.88992044e-06
1274            	-3.67238004e-18	9.42277354e+00	3.73603260e-06	1.86801630e-06	1.86801630e-06
1275            	-3.67093456e-18	9.42541892e+00	3.70181954e-06	1.85090977e-06	1.85090977e-06
1276            	-3.66949173e-18	9.42805888e+00	3.68023250e-06	1.84011625e-06	1.84011625e-06
1277            	-3.66804750e-18	9.43069270e+00	3.67123472e-06	1.83561736e-06	1.83561736e-06
1278            	-3.66661278e-18	9.43332226e+00	3.66733648e-06	1.83366824e-06	1.83366824e-06
1279            	-3.66517963e-18	9.43594617e+00	3.66248476e-06	1.83124238e-06	1.83124238e-06
1280            	-3.66374682e-18	9.43856421e+00	3.65178128e-06	1.82589064e-06	1.82589064e-06
1281            	-3.66232119e-18	9.44117752e+00	3.63068216e-06	1.81534108e-06	1.81534108e-06
1282            	-3.66086786e-18	9.44378005e+00	3.61295858e-06	1.80647929e-06	1.80647929e-06
1283            	-3.65947068e-18	9.44638621e+00	3.58312655e-06	1.79156328e-06	1.79156328e-06
1284            	-3.65807291e-18	9.44898627e+00	3.54248902e-06	1.77124451e-06	1.77124451e-06
1285            	-3.65666759e-18	9.45157914e+00	3.49257253e-06	1.74628626e-06	1.74628626e-06
1286            	-3.65525738e-18	9.45416547e+00	3.43865460e-06	1.71932730e-06	1.71932730e-06
1287            	-3.65384284e-18	9.45674553e+00	3.38940573e-06	1.69470287e-06	1.69470287e-06
1288            	-3.65242367e-18	9.45931925e+00	3.35453237e-06	1.67726618e-06	1.67726618e-06
1289            	-3.65101601e-18	9.46188930e+00	3.33553278e-06	1.66776639e-06	1.66776639e-06
1290            	-3.64961119e-18	9.46445390e+00	3.33154186e-06	1.66577093e-06	1.66577093e-06
1291            	-3.64821499e-18	9.46701390e+00	3.33466567e-06	1.66733283e-06	1.66733283e-06
1292            	-3.64680518e-18	9.46956544e+00	3.34508334e-06	1.67254167e-06	1.67254167e-06
1293            	-3.64542658e-18	9.47211642e+00	3.34504442e-06	1.67252221e-06	1.67252221e-06
1294            	-3.64405416e-18	9.47466273e+00	3.32769002e-06	1.66384501e-06	1.66384501e-06
1295            	-3.64266923e-18	9.47720131e+00	3.29450057e-06	1.64725028e-06	1.64725028e-06
1296            	-3.64127547e-18	9.47973296e+00	3.25356183e-06	1.62678092e-06	1.62678092e-06
1297            	-3.63990887e-18	9.48226381e+00	3.20469525e-06	1.60234762e-06	1.60234762e-06
1298            	-3.63854036e-18	9.48478876e+00	3.15404470e-06	1.57702235e-06	1.57702235e-06
1299            	-3.63716380e-18	9.48730659e+00	3.10880651e-06	1.55440325e-06	1.55440325e-06
1300            	-3.63579340e-18	9.48981968e+00	3.07176684e-06	1.53588342e-06	1.53588342e-06
1301            	-3.63442248e-18	9.49232684e+00	3.04577271e-06	1.52288635e-06	1.52288635e-06
1302            	-3.63305269e-18	9.49482841e+00	3.03119949e-06	1.51559974e-06	1.51559974e-06
1303            	-3.63168912e-18	9.49732529e+00	3.02449405e-06	1.51224703e-06	1.51224703e-06
1304            	-3.63032998e-18	9.49981725e+00	3.02118289e-06	1.51059144e-06	1.51059144e-06
1305            	-3.62897512e-18	9.50230433e+00	3.01615252e-06	1.50807626e-06	1.50807626e-06
1306            	-3.62762640e-18	9.50478688e+00	3.00411175e-06	1.50205587e-06	1.50205587e-06
1307            	-3.62626804e-18	9.50726223e+00	2.98802247e-06	1.49401124e-06	1.49401124e-06
1308            	-3.62493102e-18	9.50973560e+00	2.96181923e-06	1.48090961e-06	1.48090961e-06
1309            	-3.62359249e-18	9.51220299e+00	2.92794774e-06	1.46397387e-06	1.46397387e-06
1310            	-3.62224759e-18	9.51466366e+00	2.89163887e-06	1.44581944e-06	1.44581944e-06
1311            	-3.62091587e-18	9.51712114e+00	2.85361018e-06	1.42680509e-06	1.42680509e-06
1312            	-3.61958279e-18	9.51957303e+00	2.81803465e-06	1.40901733e-06	1.40901733e-06
1313            	-3.61825813e-18	9.52202091e+00	2.78452785e-06	1.39226393e-06	1.39226393e-06
1314            	-3.61689906e-18	9.52445740e+00	2.76802843e-06	1.38401421e-06	1.38401421e-06
1315            	-3.61559494e-18	9.52689755e+00	2.75226725e-06	1.37613363e-06	1.37613363e-06
1316            	-3.61427914e-18	9.52933000e+00	2.73592602e-06	1.36796301e-06	1.36796301e-06
1317            	-3.61297042e-18	9.53175812e+00	2.71071321e-06	1.35535661e-06	1.35535661e-06
1318            	-3.61165205e-18	9.53417922e+00	2.67781798e-06	1.33890899e-06	1.33890899e-06
1319            	-3.61033415e-18	9.53659518e+00	2.64047125e-06	1.32023563e-06	1.32023563e-06
1320            	-3.60900901e-18	9.53900463e+00	2.60799637e-06	1.30399819e-06	1.30399819e-06
1321            	-3.60769498e-18	9.54141054e+00	2.58376112e-06	1.29188056e-06	1.29188056e-06
1322            	-3.60638577e-18	9.54381163e+00	2.56959002e-06	1.28479501e-06	1.28479501e-06
1323            	-3.60507378e-18	9.54620648e+00	2.56674440e-06	1.28337220e-06	1.28337220e-06
1324            	-3.60378185e-18	9.54859902e+00	2.56437772e-06	1.28218886e-06	1.28218886e-06
1325            	-3.60249226e-18	9.55098640e+00	2.55657239e-06	1.27828619e-06	1.27828619e-06
1326            	-3.60120319e-18	9.55336856e+00	2.53840691e-06	1.26920346e-06	1.26920346e-06
1327            	-3.59990529e-18	9.55574406e+00	2.51263746e-06	1.25631873e-06	1.25631873e-06
1328            	-3.59862147e-18	9.55811688e+00	2.47869467e-06	1.23934733e-06	1.23934733e-06
1329            	-3.59733136e-18	9.56048342e+00	2.44316797e-06	1.22158398e-06	1.22158398e-06
1330            	-3.59605259e-18	9.56284654e+00	2.40734879e-06	1.20367439e-06	1.20367439e-06
1331            	-3.59476812e-18	9.56520319e+00	2.37675675e-06	1.18837837e-06	1.18837837e-06
1332            	-3.59349603e-18	9.56755638e+00	2.34962761e-06	1.17481381e-06	1.17481381e-06
1333            	-3.59222473e-18	9.56990422e+00	2.32580635e-06	1.16290318e-06	1.16290318e-06
1334            	-3.59095185e-18	9.57224641e+00	2.30539109e-06	1.15269555e-06	1.15269555e-06
1335            	-3.58968242e-18	9.57458392e+00	2.28727593e-06	1.14363797e-06	1.14363797e-06
1336            	-3.58840329e-18	9.57691456e+00	2.27601209e-06	1.13800605e-06	1.13800605e-06
1337            	-3.58714822e-18	9.57924405e+00	2.26368312e-06	1.13184156e-06	1.13184156e-06
1338            	-3.58589530e-18	9.58156860e+00	2.24736354e-06	1.12368177e-06	1.12368177e-06
1339            	-3.58463389e-18	9.58388637e+00	2.22776646e-06	1.11388323e-06	1.11388323e-06
1340            	-3.58338434e-18	9.58620086e+00	2.20168286e-06	1.10084143e-06	1.10084143e-06
1341            	-3.58213167e-18	9.58850960e+00	2.17213560e-06	1.08606780e-06	1.08606780e-06
1342            	-3.58088244e-18	9.59081374e+00	2.14143049e-06	1.07071524e-06	1.07071524e-06
1343            	-3.57963236e-18	9.59311255e+00	2.11386493e-06	1.05693246e-06	1.05693246e-06
1344            	-3.57838686e-18	9.59540693e+00	2.09124462e-06	1.04562231e-06	1.04562231e-06
1345            	-3.57713287e-18	9.59769462e+00	2.07914111e-06	1.03957056e-06	1.03957056e-06
1346            	-3.57590449e-18	9.59998131e+00	2.06869834e-06	1.03434917e-06	1.03434917e-06
1347            	-3.57467885e-18	9.60226313e+00	2.05521410e-06	1.02760705e-06	1.02760705e-06
1348            	-3.57344892e-18	9.60453897e+00	2.03606750e-06	1.01803375e-06	1.01803375e-06
1349            	-3.57222314e-18	9.60681040e+00	2.00930080e-06	1.00465040e-06	1.00465040e-06
1350            	-3.57099373e-18	9.60907621e+00	1.97830643e-06	9.89153214e-07	9.89153214e-07
1351            	-3.56976610e-18	9.61133736e+00	1.94718871e-06	9.73594355e-07	9.73594355e-07
1352            	-3.56853373e-18	9.61359264e+00	1.92285625e-06	9.61428124e-07	9.61428124e-07
1353            	-3.56731672e-18	9.61584537e+00	1.90445499e-06	9.52227497e-07	9.52227497e-07
1354            	-3.56609771e-18	9.61809248e+00	1.89292571e-06	9.46462854e-07	9.46462854e-07
1355            	-3.56489233e-18	9.62033661e+00	1.88153425e-06	9.40767126e-07	9.40767126e-07
1356            	-3.56368633e-18	9.62257541e+00	1.86704666e-06	9.33523330e-07	9.33523330e-07
1357            	-3.56247902e-18	9.62480893e+00	1.84781603e-06	9.23908017e-07	9.23908017e-07
1358            	-3.56127346e-18	9.62703781e+00	1.82398933e-06	9.11994665e-07	9.11994665e-07
1359            	-3.56006463e-18	9.62926121e+00	1.79946573e-06	8.99732866e-07	8.99732866e-07
1360            	-3.55886553e-18	9.63148128e+00	1.77498729e-06	8.87493644e-07	8.87493644e-07
1361            	-3.55766345e-18	9.63369573e+00	1.75404659e-06	8.77023295e-07	8.77023295e-07
1362            	-3.55647327e-18	9.63590700e+00	1.73450333e-06	8.67251664e-07	8.67251664e-07
1363            	-3.55527785e-18	9.63811219e+00	1.71828373e-06	8.59141867e-07	8.59141867e-07
1364            	-3.55409633e-18	9.64031461e+00	1.70069107e-06	8.50345537e-07	8.50345537e-07
1365            	-3.55291416e-18	9.64251190e+00	1.68067037e-06	8.40335186e-07	8.40335186e-07
1366            	-3.55171338e-18	9.64470116e+00	1.66541150e-06	8.32705748e-07	8.32705748e-07
1367            	-3.55054447e-18	9.64689091e+00	1.64850817e-06	8.24254083e-07	8.24254083e-07
1368            	-3.54937581e-18	9.64907561e+00	1.62831924e-06	8.14159620e-07	8.14159620e-07
1369            	-3.54820186e-18	9.65125429e+00	1.60349394e-06	8.01746969e-07	8.01746969e-07
1370            	-3.54703085e-18	9.65342846e+00	1.57509571e-06	7.87547857e-07	7.87547857e-07
1371            	-3.54585393e-18	9.65559664e+00	1.54910804e-06	7.74554018e-07	7.74554018e-07
1372            	-3.54468610e-18	9.65776147e+00	1.52762524e-06	7.63812622e-07	7.63812622e-07
1373            	-3.54351510e-18	9.65992073e+00	1.51381663e-06	7.56908314e-07	7.56908314e-07
1374            	-3.54235629e-18	9.66207706e+00	1.50418267e-06	7.52091333e-07	7.52091333e-07
1375            	-3.54119735e-18	9.66422827e+00	1.49653265e-06	7.48266325e-07	7.48266325e-07
1376            	-3.54004636e-18	9.66637582e+00	1.48582511e-06	7.42912555e-07	7.42912555e-07
1377            	-3.53889493e-18	9.66851835e+00	1.47046703e-06	7.35233513e-07	7.35233513e-07
1378            	-3.53774657e-18	9.67065658e+00	1.44980477e-06	7.24902387e-07	7.24902387e-07
1379            	-3.53659360e-18	9.67278923e+00	1.42759847e-06	7.13799236e-07	7.13799236e-07
1380            	-3.53545060e-18	9.67491884e+00	1.40457033e-06	7.02285165e-07	7.02285165e-07
1381            	-3.53430987e-18	9.67704402e+00	1.38203379e-06	6.91016896e-07	6.91016896e-07
1382            	-3.53316621e-18	9.67916380e+00	1.36234364e-06	6.81171820e-07	6.81171820e-07
1383            	-3.53203240e-18	9.68128037e+00	1.34416008e-06	6.72080042e-07	6.72080042e-07
1384            	-3.53089606e-18	9.68339155e+00	1.32811199e-06	6.64055994e-07	6.64055994e-07
1385            	-3.52976657e-18	9.68549902e+00	1.31220593e-06	6.56102965e-07	6.56102965e-07
1386            	-3.52863704e-18	9.68760163e+00	1.29592320e-06	6.47961601e-07	6.47961601e-07
1387            	-3.52750919e-18	9.68969973e+00	1.27901521e-06	6.39507603e-07	6.39507603e-07
1388            	-3.52638725e-18	9.69179408e+00	1.26068600e-06	6.30343002e-07	6.30343002e-07
1389            	-3.52526063e-18	9.69388281e+00	1.24335301e-06	6.21676503e-07	6.21676503e-07
1390            	-3.52414023e-18	9.69596788e+00	1.22755195e-06	6.13775974e-07	6.13775974e-07
1391            	-3.52302664e-18	9.69804938e+00	1.21222456e-06	6.06112280e-07	6.06112280e-07
1392            	-3.52190975e-18	9.70012555e+00	1.19833761e-06	5.99168805e-07	5.99168805e-07
1393            	-3.52080025e-18	9.70219826e+00	1.18411378e-06	5.92056891e-07	5.92056891e-07
1394            	-3.51969359e-18	9.70426670e+00	1.16830690e-06	5.84153448e-07	5.84153448e-07
1395            	-3.51858388e-18	9.70632975e+00	1.15359137e-06	5.76795685e-07	5.76795685e-07
1396            	-3.51748378e-18	9.70838957e+00	1.13655127e-06	5.68275633e-07	5.68275633e-07
1397            	-3.51638495e-18	9.71044481e+00	1.11764838e-06	5.58824190e-07	5.58824190e-07
1398            	-3.51529070e-18	9.71249609e+00	1.09699719e-06	5.48498594e-07	5.48498594e-07
1399            	-3.51419394e-18	9.71454221e+00	1.07689300e-06	5.38446502e-07	5.38446502e-07
1400            	-3.51310314e-18	9.71658463e+00	1.05763011e-06	5.28815053e-07	5.28815053e-07
1401            	-3.51201288e-18	9.71862239e+00	1.04047101e-06	5.20235505e-07	5.20235505e-07
1402            	-3.51092616e-18	9.72065605e+00	1.02490572e-06	5.12452858e-07	5.12452858e-07
1403            	-3.50984387e-18	9.72268582e+00	1.00999091e-06	5.04995455e-07	5.04995455e-07
1404            	-3.50875753e-18	9.72471028e+00	9.97275697e-07	4.98637849e-07	4.98637849e-07
1405            	-3.50767863e-18	9.72673148e+00	9.85837168e-07	4.92918584e-07	4.92918584e-07
1406            	-3.50660354e-18	9.72874872e+00	9.75328853e-07	4.87664427e-07	4.87664427e-07
1407            	-3.50553046e-18	9.73076160e+00	9.62604003e-07	4.81302002e-07	4.81302002e-07
1408            	-3.50445495e-18	9.73276938e+00	9.47999192e-07	4.73999596e-07	4.73999596e-07
1409            	-3.50338683e-18	9.73477388e+00	9.31195190e-07	4.65597595e-07	4.65597595e-07
1410            	-3.50231507e-18	9.73677320e+00	9.15128821e-07	4.57564410e-07	4.57564410e-07
1411            	-3.50125183e-18	9.73876945e+00	8.99015017e-07	4.49507509e-07	4.49507509e-07
1412            	-3.50018318e-18	9.74076013e+00	8.84970306e-07	4.42485153e-07	4.42485153e-07
1413            	-3.49912826e-18	9.74274854e+00	8.69800094e-07	4.34900047e-07	4.34900047e-07
1414            	-3.49807230e-18	9.74473209e+00	8.53352122e-07	4.26676061e-07	4.26676061e-07
1415            	-3.49702141e-18	9.74671191e+00	8.34885142e-07	4.17442571e-07	4.17442571e-07
1416            	-3.49596807e-18	9.74868673e+00	8.16347757e-07	4.08173879e-07	4.08173879e-07
1417            	-3.49491873e-18	9.75065773e+00	7.98695651e-07	3.99347825e-07	3.99347825e-07
1418            	-3.49386521e-18	9.75262347e+00	7.84937283e-07	3.92468641e-07	3.92468641e-07
1419            	-3.49282128e-18	9.75458634e+00	7.73761052e-07	3.86880526e-07	3.86880526e-07
1420            	-3.49177494e-18	9.75654419e+00	7.65617797e-07	3.82808898e-07	3.82808898e-07
1421            	-3.49073775e-18	9.75849904e+00	7.57086223e-07	3.78543112e-07	3.78543112e-07
1422            	-3.48970201e-18	9.76044957e+00	7.46400260e-07	3.73200130e-07	3.73200130e-07
1423            	-3.48866540e-18	9.76239547e+00	7.33646426e-07	3.66823213e-07	3.66823213e-07
1424            	-3.48763454e-18	9.76433793e+00	7.18335900e-07	3.59167950e-07	3.59167950e-07
1425            	-3.48659815e-18	9.76627504e+00	7.04146349e-07	3.52073174e-07	3.52073174e-07
1426            	-3.48557425e-18	9.76820990e+00	6.89790246e-07	3.44895123e-07	3.44895123e-07
1427            	-3.48455157e-18	9.77014051e+00	6.75254594e-07	3.37627297e-07	3.37627297e-07
1428            	-3.48352528e-18	9.77206602e+00	6.61936483e-07	3.30968242e-07	3.30968242e-07
1429            	-3.48250638e-18	9.77398833e+00	6.48790615e-07	3.24395308e-07	3.24395308e-07
1430            	-3.48148984e-18	9.77590659e+00	6.35157597e-07	3.17578799e-07	3.17578799e-07
1431            	-3.48046908e-18	9.77781969e+00	6.22912308e-07	3.11456154e-07	3.11456154e-07
1432            	-3.47945533e-18	9.77972963e+00	6.11641893e-07	3.05820947e-07	3.05820947e-07
1433            	-3.47844919e-18	9.78163645e+00	5.99163225e-07	2.99581613e-07	2.99581613e-07
1434            	-3.47744260e-18	9.78353878e+00	5.84921398e-07	2.92460699e-07	2.92460699e-07
1435            	-3.47643815e-18	9.78543708e+00	5.68687079e-07	2.84343540e-07	2.84343540e-07
1436            	-3.47542325e-18	9.78732923e+00	5.55406322e-07	2.77703161e-07	2.77703161e-07
1437            	-3.47442560e-18	9.78922003e+00	5.43350014e-07	2.71675007e-07	2.71675007e-07
1438            	-3.47342742e-18	9.79110634e+00	5.32017211e-07	2.66008606e-07	2.66008606e-07
1439            	-3.47243138e-18	9.79298865e+00	5.20547504e-07	2.60273752e-07	2.60273752e-07
1440            	-3.47143498e-18	9.79486655e+00	5.08983415e-07	2.54491708e-07	2.54491708e-07
1441            	-3.47044180e-18	9.79674072e+00	4.97067866e-07	2.48533933e-07	2.48533933e-07
1442            	-3.46944698e-18	9.79861031e+00	4.86421161e-07	2.43210580e-07	2.43210580e-07
1443            	-3.46845902e-18	9.80047680e+00	4.76825162e-07	2.38412581e-07	2.38412581e-07
1444            	-3.46747049e-18	9.80233885e+00	4.69272248e-07	2.34636124e-07	2.34636124e-07
1445            	-3.46648990e-18	9.80419788e+00	4.61863375e-07	2.30931688e-07	2.30931688e-07
1446            	-3.46551363e-18	9.80605322e+00	4.52668502e-07	2.26334251e-07	2.26334251e-07
1447            	-3.46453400e-18	9.80790361e+00	4.42222207e-07	2.21111104e-07	2.21111104e-07
1448            	-3.46355606e-18	9.80975003e+00	4.31494331e-07	2.15747165e-07	2.15747165e-07
1449            	-3.46258292e-18	9.81159302e+00	4.20669988e-07	2.10334994e-07	2.10334994e-07
1450            	-3.46161962e-18	9.81343346e+00	4.07340629e-07	2.03670315e-07	2.03670315e-07
1451            	-3.46065814e-18	9.81526992e+00	3.89936982e-07	1.94968491e-07	1.94968491e-07
1452            	-3.45969481e-18	9.81710176e+00	3.68865726e-07	1.84432863e-07	1.84432863e-07
1453            	-3.45872610e-18	9.81892850e+00	3.47513627e-07	1.73756813e-07	1.73756813e-07
1454            	-3.45776276e-18	9.82075213e+00	3.28400799e-07	1.64200400e-07	1.64200400e-07
1455            	-3.45679525e-18	9.82257099e+00	3.15833269e-07	1.57916635e-07	1.57916635e-07
1456            	-3.45583689e-18	9.82438719e+00	3.10176257e-07	1.55088128e-07	1.55088128e-07
1457            	-3.45488045e-18	9.82619929e+00	3.10899209e-07	1.55449605e-07	1.55449605e-07
1458            	-3.45392912e-18	9.82800780e+00	3.14727305e-07	1.57363653e-07	1.57363653e-07
1459            	-3.45298164e-18	9.82981264e+00	3.17308855e-07	1.58654427e-07	1.58654427e-07
1460            	-3.45202938e-18	9.83161262e+00	3.17173525e-07	1.58586763e-07	1.58586763e-07
1461            	-3.45108718e-18	9.83341045e+00	3.10407806e-07	1.55203903e-07	1.55203903e-07
1462            	-3.45014764e-18	9.83520485e+00	2.95345459e-07	1.47672729e-07	1.47672729e-07
1463            	-3.44920415e-18	9.83699457e+00	2.74439956e-07	1.37219978e-07	1.37219978e-07
1464            	-3.44826438e-18	9.83878076e+00	2.50944965e-07	1.25472483e-07	1.25472483e-07
1465            	-3.44732009e-18	9.84056192e+00	2.31062952e-07	1.15531476e-07	1.15531476e-07
1466            	-3.44638303e-18	9.84234008e+00	2.18082798e-07	1.09041399e-07	1.09041399e-07
1467            	-3.44545263e-18	9.84411516e+00	2.11313550e-07	1.05656775e-07	1.05656775e-07
1468            	-3.44452259e-18	9.84588614e+00	2.08652619e-07	1.04326310e-07	1.04326310e-07
1469            	-3.44358857e-18	9.84765237e+00	2.08837603e-07	1.04418801e-07	1.04418801e-07
1470            	-3.44265633e-18	9.84941483e+00	2.10524363e-07	1.05262181e-07	1.05262181e-07
1471            	-3.44174083e-18	9.85117602e+00	2.07576083e-07	1.03788041e-07	1.03788041e-07
1472            	-3.44081958e-18	9.85293211e+00	1.99437435e-07	9.97187176e-08	9.97187176e-08
1473            	-3.43990675e-18	9.85468557e+00	1.84435418e-07	9.22177092e-08	9.22177092e-08
1474            	-3.43898874e-18	9.85643417e+00	1.65493907e-07	8.27469534e-08	8.27469534e-08
1475            	-3.43807271e-18	9.85817928e+00	1.45790216e-07	7.28951082e-08	7.28951082e-08
1476            	-3.43715697e-18	9.85992057e+00	1.28680379e-07	6.43401893e-08	6.43401893e-08
1477            	-3.43623773e-18	9.86165720e+00	1.18476707e-07	5.92383535e-08	5.92383535e-08
1478            	-3.43532704e-18	9.86339105e+00	1.15284713e-07	5.76423567e-08	5.76423567e-08
1479            	-3.43442070e-18	9.86512135e+00	1.16682450e-07	5.83412252e-08	5.83412252e-08
1480            	-3.43351099e-18	9.86684694e+00	1.21476636e-07	6.07383181e-08	6.07383181e-08
1481            	-3.43261084e-18	9.86857018e+00	1.24772830e-07	6.23864150e-08	6.23864150e-08
1482            	-3.43171736e-18	9.87029064e+00	1.21922897e-07	6.09614484e-08	6.09614484e-08
1483            	-3.43082282e-18	9.87200697e+00	1.11666809e-07	5.58334045e-08	5.58334045e-08
1484            	-3.42992071e-18	9.87371807e+00	9.79502075e-08	4.89751037e-08	4.89751038e-08
1485            	-3.42902662e-18	9.87542656e+00	8.33880396e-08	4.16940198e-08	4.16940198e-08
1486            	-3.42814107e-18	9.87713252e+00	6.85321131e-08	3.42660565e-08	3.42660565e-08
1487            	-3.42725467e-18	9.87883431e+00	5.43410324e-08	2.71705162e-08	2.71705162e-08
1488            	-3.42636615e-18	9.88053176e+00	4.25712515e-08	2.12856257e-08	2.12856257e-08
1489            	-3.42548231e-18	9.88222610e+00	3.31588616e-08	1.65794308e-08	1.65794308e-08
1490            	-3.42459529e-18	9.88391601e+00	2.75389929e-08	1.37694965e-08	1.37694965e-08
1491            	-3.42371570e-18	9.88560330e+00	2.45700172e-08	1.22850086e-08	1.22850086e-08
1492            	-3.42283546e-18	9.88728652e+00	2.38589723e-08	1.19294861e-08	1.19294862e-08
1493            	-3.42196002e-18	9.88896660e+00	2.32816899e-08	1.16408449e-08	1.16408450e-08
1494            	-3.42105820e-18	9.89063837e+00	3.26740142e-08	1.63370071e-08	1.63370071e-08
1495            	-3.42020029e-18	9.89231357e+00	4.02662917e-08	2.01331459e-08	2.01331459e-08
1496            	-3.41934550e-18	9.89398531e+00	3.92481188e-08	1.96240594e-08	1.96240594e-08
1497            	-3.41849218e-18	9.89565335e+00	2.42321323e-08	1.21160662e-08	1.21160662e-08
1498            	-3.41763199e-18	9.89731648e+00	-3.42294646e-09	-1.71147324e-09	-1.71147323e-09
1499            	-3.41676061e-18	9.89897414e+00	-3.54933317e-08	-1.77466659e-08	-1.77466659e-08
1500            	-3.41589090e-18	9.90062852e+00	-6.21407179e-08	-3.10703589e-08	-3.10703589e-08
1501            	-3.41502544e-18	9.90227987e+00	-7.71019808e-08	-3.85509904e-08	-3.85509904e-08
1502            	-3.41416320e-18	9.90392776e+00	-7.79039211e-08	-3.89519605e-08	-3.89519605e-08
1503            	-3.41330605e-18	9.90557234e+00	-6.69747160e-08	-3.34873580e-08	-3.34873580e-08
1504            	-3.41245470e-18	9.90721372e+00	-5.06388368e-08	-2.53194184e-08	-2.53194184e-08
1505            	-3.41160548e-18	9.90885147e+00	-3.54109622e-08	-1.77054811e-08	-1.77054811e-08
1506            	-3.41076167e-18	9.91048636e+00	-2.79992452e-08	-1.39996226e-08	-1.39996226e-08
1507            	-3.40991767e-18	9.91211766e+00	-3.10081649e-08	-1.55040825e-08	-1.55040825e-08
1508            	-3.40907294e-18	9.91374536e+00	-4.34460329e-08	-2.17230164e-08	-2.17230164e-08
1509            	-3.40822986e-18	9.91536980e+00	-6.21449566e-08	-3.10724783e-08	-3.10724783e-08
1510            	-3.40738514e-18	9.91699030e+00	-8.17603691e-08	-4.08801846e-08	-4.08801845e-08
1511            	-3.40654738e-18	9.91860813e+00	-9.92794579e-08	-4.96397289e-08	-4.96397289e-08
1512            	-3.40571027e-18	9.92022214e+00	-1.12517817e-07	-5.62589085e-08	-5.62589085e-08
1513            	-3.40487639e-18	9.92183277e+00	-1.20878689e-07	-6.04393444e-08	-6.04393444e-08
1514            	-3.40403829e-18	9.92343888e+00	-1.22577991e-07	-6.12889953e-08	-6.12889953e-08
1515            	-3.40321101e-18	9.92504305e+00	-1.21082466e-07	-6.05412332e-08	-6.05412332e-08
1516            	-3.40238465e-18	9.92664371e+00	-1.19145877e-07	-5.95729384e-08	-5.95729383e-08
1517            	-3.40155745e-18	9.92824059e+00	-1.18533713e-07	-5.92668566e-08	-5.92668566e-08
1518            	-3.40073160e-18	9.92983408e+00	-1.20261949e-07	-6.01309746e-08	-6.01309746e-08
1519            	-3.39989933e-18	9.93142286e+00	-1.21267067e-07	-6.06335334e-08	-6.06335334e-08
1520            	-3.39908213e-18	9.93301046e+00	-1.23725264e-07	-6.18626321e-08	-6.18626321e-08
1521            	-3.39826495e-18	9.93459428e+00	-1.27937486e-07	-6.39687428e-08	-6.39687428e-08
1522            	-3.39745126e-18	9.93617488e+00	-1.34768103e-07	-6.73840516e-08	-6.73840516e-08
1523            	-3.39663111e-18	9.93775064e+00	-1.41264075e-07	-7.06320374e-08	-7.06320374e-08
1524            	-3.39582318e-18	9.93932477e+00	-1.48557607e-07	-7.42788034e-08	-7.42788034e-08
1525            	-3.39501444e-18	9.94089514e+00	-1.56336656e-07	-7.81683281e-08	-7.81683281e-08
1526            	-3.39420627e-18	9.94246201e+00	-1.64044794e-07	-8.20223969e-08	-8.20223969e-08
1527            	-3.39339717e-18	9.94402512e+00	-1.70338439e-07	-8.51692194e-08	-8.51692194e-08
1528            	-3.39259210e-18	9.94558529e+00	-1.75110100e-07	-8.75550498e-08	-8.75550498e-08
1529            	-3.39178185e-18	9.94714095e+00	-1.75759601e-07	-8.78798004e-08	-8.78798004e-08
1530            	-3.39098173e-18	9.94869466e+00	-1.73642616e-07	-8.68213078e-08	-8.68213078e-08
1531            	-3.39018942e-18	9.95024600e+00	-1.72519122e-07	-8.62595609e-08	-8.62595609e-08
1532            	-3.38939685e-18	9.95179364e+00	-1.74620282e-07	-8.73101410e-08	-8.73101410e-08
1533            	-3.38858259e-18	9.95333413e+00	-1.73036452e-07	-8.65182258e-08	-8.65182258e-08
1534            	-3.38780131e-18	9.95487651e+00	-1.73658866e-07	-8.68294329e-08	-8.68294329e-08
1535            	-3.38702026e-18	9.95641537e+00	-1.80172854e-07	-9.00864268e-08	-9.00864268e-08
1536            	-3.38623554e-18	9.95795007e+00	-1.93203054e-07	-9.66015272e-08	-9.66015272e-08
1537            	-3.38544773e-18	9.95948077e+00	-2.10218926e-07	-1.05109463e-07	-1.05109463e-07
1538            	-3.38465212e-18	9.96100674e+00	-2.24561946e-07	-1.12280973e-07	-1.12280973e-07
1539            	-3.38386432e-18	9.96253056e+00	-2.31929530e-07	-1.15964765e-07	-1.15964765e-07
1540            	-3.38308187e-18	9.96405167e+00	-2.31806910e-07	-1.15903455e-07	-1.15903455e-07
1541            	-3.38230026e-18	9.96556915e+00	-2.24856642e-07	-1.12428321e-07	-1.12428321e-07
1542            	-3.38152530e-18	9.96708393e+00	-2.15367440e-07	-1.07683720e-07	-1.07683720e-07
1543            	-3.38075239e-18	9.96859534e+00	-2.07424804e-07	-1.03712402e-07	-1.03712402e-07
1544            	-3.37998009e-18	9.97010332e+00	-2.03861793e-07	-1.01930896e-07	-1.01930896e-07
1545            	-3.37920308e-18	9.97160715e+00	-2.03621376e-07	-1.01810688e-07	-1.01810688e-07
1546            	-3.37843072e-18	9.97310845e+00	-2.05471571e-07	-1.02735786e-07	-1.02735786e-07
1547            	-3.37766758e-18	9.97460790e+00	-2.10333255e-07	-1.05166627e-07	-1.05166627e-07
1548            	-3.37690796e-18	9.97610444e+00	-2.19007704e-07	-1.09503852e-07	-1.09503852e-07
1549            	-3.37614961e-18	9.97759764e+00	-2.31494027e-07	-1.15747013e-07	-1.15747013e-07
1550            	-3.37538938e-18	9.97908702e+00	-2.45960281e-07	-1.22980140e-07	-1.22980140e-07
1551            	-3.37462734e-18	9.98057265e+00	-2.59159578e-07	-1.29579789e-07	-1.29579789e-07
1552            	-3.37386300e-18	9.98205447e+00	-2.67011395e-07	-1.33505697e-07	-1.33505697e-07
1553            	-3.37310354e-18	9.98353369e+00	-2.67900028e-07	-1.33950014e-07	-1.33950014e-07
1554            	-3.37234744e-18	9.98500996e+00	-2.62638038e-07	-1.31319019e-07	-1.31319019e-07
1555            	-3.37159250e-18	9.98648288e+00	-2.53002091e-07	-1.26501046e-07	-1.26501046e-07
1556            	-3.37084465e-18	9.98795342e+00	-2.43459060e-07	-1.21729530e-07	-1.21729530e-07
1557            	-3.37009897e-18	9.98942084e+00	-2.37658217e-07	-1.18829108e-07	-1.18829108e-07
1558            	-3.36935288e-18	9.99088479e+00	-2.37248968e-07	-1.18624484e-07	-1.18624484e-07
1559            	-3.36860780e-18	9.99234561e+00	-2.42616643e-07	-1.21308322e-07	-1.21308322e-07
1560            	-3.36786463e-18	9.99380342e+00	-2.52179254e-07	-1.26089627e-07	-1.26089627e-07
1561            	-3.36712211e-18	9.99525791e+00	-2.63070942e-07	-1.31535471e-07	-1.31535471e-07
1562            	-3.36638060e-18	9.99670910e+00	-2.72393757e-07	-1.36196878e-07	-1.36196878e-07
1563            	-3.36563663e-18	9.99815651e+00	-2.77046704e-07	-1.38523352e-07	-1.38523352e-07
1564            	-3.36489150e-18	9.99960046e+00	-2.74175578e-07	-1.37087789e-07	-1.37087789e-07
1565            	-3.36416608e-18	1.00010443e+01	-2.69242105e-07	-1.34621053e-07	-1.34621053e-07
1566            	-3.36343958e-18	1.00024843e+01	-2.66019346e-07	-1.33009673e-07	-1.33009673e-07
1567            	-3.36271140e-18	1.00039204e+01	-2.66055522e-07	-1.33027761e-07	-1.33027761e-07
1568            	-3.36198853e-18	1.00053539e+01	-2.70594168e-07	-1.35297084e-07	-1.35297084e-07
1569            	-3.36126355e-18	1.00067837e+01	-2.78908693e-07	-1.39454346e-07	-1.39454346e-07
1570            	-3.36053578e-18	1.00082101e+01	-2.88215731e-07	-1.44107865e-07	-1.44107865e-07
1571            	-3.35980635e-18	1.00096331e+01	-2.94701970e-07	-1.47350985e-07	-1.47350985e-07
1572            	-3.35908260e-18	1.00110539e+01	-2.96724000e-07	-1.48362000e-07	-1.48362000e-07
1573            	-3.35836191e-18	1.00124718e+01	-2.94418494e-07	-1.47209247e-07	-1.47209247e-07
1574            	-3.35764431e-18	1.00138867e+01	-2.89112951e-07	-1.44556475e-07	-1.44556475e-07
1575            	-3.35692882e-18	1.00152984e+01	-2.82749453e-07	-1.41374727e-07	-1.41374727e-07
1576            	-3.35621261e-18	1.00167066e+01	-2.76580707e-07	-1.38290353e-07	-1.38290353e-07
1577            	-3.35549920e-18	1.00181120e+01	-2.72245633e-07	-1.36122816e-07	-1.36122816e-07
1578            	-3.35479206e-18	1.00195152e+01	-2.71295881e-07	-1.35647941e-07	-1.35647941e-07
1579            	-3.35408596e-18	1.00209153e+01	-2.74504016e-07	-1.37252008e-07	-1.37252008e-07
1580            	-3.35338023e-18	1.00223123e+01	-2.81252560e-07	-1.40626280e-07	-1.40626280e-07
1581            	-3.35267462e-18	1.00237061e+01	-2.89680818e-07	-1.44840409e-07	-1.44840409e-07
1582            	-3.35196861e-18	1.00250966e+01	-2.97063868e-07	-1.48531934e-07	-1.48531934e-07
1583            	-3.35126373e-18	1.00264840e+01	-3.00871856e-07	-1.50435928e-07	-1.50435928e-07
1584            	-3.35056539e-18	1.00278693e+01	-3.01095868e-07	-1.50547934e-07	-1.50547934e-07
1585            	-3.34986703e-18	1.00292513e+01	-2.98868344e-07	-1.49434172e-07	-1.49434172e-07
1586            	-3.34916870e-18	1.00306300e+01	-2.95121565e-07	-1.47560783e-07	-1.47560783e-07
1587            	-3.34847528e-18	1.00320062e+01	-2.91633237e-07	-1.45816618e-07	-1.45816618e-07
1588            	-3.34778049e-18	1.00333790e+01	-2.89172157e-07	-1.44586079e-07	-1.44586079e-07
1589            	-3.34708810e-18	1.00347489e+01	-2.87759478e-07	-1.43879739e-07	-1.43879739e-07
1590            	-3.34639738e-18	1.00361159e+01	-2.87065428e-07	-1.43532714e-07	-1.43532714e-07
1591            	-3.34571082e-18	1.00374804e+01	-2.87172363e-07	-1.43586182e-07	-1.43586182e-07
1592            	-3.34502625e-18	1.00388420e+01	-2.86496095e-07	-1.43248048e-07	-1.43248048e-07
1593            	-3.34434827e-18	1.00402015e+01	-2.87101866e-07	-1.43550933e-07	-1.43550933e-07
1594            	-3.34367141e-18	1.00415580e+01	-2.90162977e-07	-1.45081489e-07	-1.45081489e-07
1595            	-3.34299257e-18	1.00429110e+01	-2.94714287e-07	-1.47357143e-07	-1.47357143e-07
1596            	-3.34231383e-18	1.00442608e+01	-2.98492818e-07	-1.49246409e-07	-1.49246409e-07
1597            	-3.34163953e-18	1.00456082e+01	-3.00399573e-07	-1.50199787e-07	-1.50199787e-07
1598            	-3.34096313e-18	1.00469521e+01	-2.99510616e-07	-1.49755308e-07	-1.49755308e-07
1599            	-3.34028860e-18	1.00482932e+01	-2.95357239e-07	-1.47678620e-07	-1.47678620e-07
1600            	-3.33961692e-18	1.00496317e+01	-2.89385326e-07	-1.44692663e-07	-1.44692663e-07
1601            	-3.33894680e-18	1.00509677e+01	-2.84133408e-07	-1.42066704e-07	-1.42066704e-07
1602            	-3.33827794e-18	1.00523011e+01	-2.81808778e-07	-1.40904389e-07	-1.40904389e-07
1603            	-3.33761009e-18	1.00536316e+01	-2.82918299e-07	-1.41459150e-07	-1.41459150e-07
1604            	-3.33694240e-18	1.00549587e+01	-2.85599694e-07	-1.42799847e-07	-1.42799847e-07
1605            	-3.33628320e-18	1.00562836e+01	-2.88618876e-07	-1.44309438e-07	-1.44309438e-07
1606            	-3.33562317e-18	1.00576049e+01	-2.90523667e-07	-1.45261833e-07	-1.45261833e-07
1607            	-3.33496821e-18	1.00589237e+01	-2.91129590e-07	-1.45564795e-07	-1.45564795e-07
1608            	-3.33431562e-18	1.00602401e+01	-2.91815537e-07	-1.45907769e-07	-1.45907769e-07
1609            	-3.33365970e-18	1.00615532e+01	-2.92971028e-07	-1.46485514e-07	-1.46485514e-07
1610            	-3.33300387e-18	1.00628635e+01	-2.93960168e-07	-1.46980084e-07	-1.46980084e-07
1611            	-3.33235091e-18	1.00641712e+01	-2.94172110e-07	-1.47086055e-07	-1.47086055e-07
1612            	-3.33169707e-18	1.00654756e+01	-2.92255647e-07	-1.46127824e-07	-1.46127824e-07
1613            	-3.33104844e-18	1.00667775e+01	-2.88027919e-07	-1.44013959e-07	-1.44013959e-07
1614            	-3.33040369e-18	1.00680770e+01	-2.82976858e-07	-1.41488429e-07	-1.41488429e-07
1615            	-3.32975694e-18	1.00693730e+01	-2.78025739e-07	-1.39012869e-07	-1.39012869e-07
1616            	-3.32911442e-18	1.00706668e+01	-2.74526459e-07	-1.37263229e-07	-1.37263229e-07
1617            	-3.32847512e-18	1.00719582e+01	-2.73974760e-07	-1.36987380e-07	-1.36987380e-07
1618            	-3.32783430e-18	1.00732464e+01	-2.76084515e-07	-1.38042257e-07	-1.38042257e-07
1619            	-3.32719488e-18	1.00745318e+01	-2.79330510e-07	-1.39665255e-07	-1.39665255e-07
1620            	-3.32655911e-18	1.00758147e+01	-2.82505876e-07	-1.41252938e-07	-1.41252938e-07
1621            	-3.32592113e-18	1.00770942e+01	-2.83933594e-07	-1.41966797e-07	-1.41966797e-07
1622            	-3.32528669e-18	1.00783713e+01	-2.82708455e-07	-1.41354227e-07	-1.41354227e-07
1623            	-3.32465524e-18	1.00796459e+01	-2.79529242e-07	-1.39764621e-07	-1.39764621e-07
1624            	-3.32402752e-18	1.00809182e+01	-2.76195852e-07	-1.38097926e-07	-1.38097926e-07
1625            	-3.32339882e-18	1.00821872e+01	-2.73947016e-07	-1.36973508e-07	-1.36973508e-07
1626            	-3.32277286e-18	1.00834538e+01	-2.73241489e-07	-1.36620744e-07	-1.36620744e-07
1627            	-3.32214573e-18	1.00847172e+01	-2.73588453e-07	-1.36794226e-07	-1.36794226e-07
1628            	-3.32152029e-18	1.00859778e+01	-2.73726957e-07	-1.36863478e-07	-1.36863478e-07
1629            	-3.32089764e-18	1.00872360e+01	-2.72985035e-07	-1.36492518e-07	-1.36492518e-07
1630            	-3.32027731e-18	1.00884915e+01	-2.71175963e-07	-1.35587982e-07	-1.35587982e-07
1631            	-3.31965938e-18	1.00897445e+01	-2.68680383e-07	-1.34340191e-07	-1.34340191e-07
1632            	-3.31904287e-18	1.00909947e+01	-2.66102650e-07	-1.33051325e-07	-1.33051325e-07
1633            	-3.31842665e-18	1.00922421e+01	-2.63651591e-07	-1.31825796e-07	-1.31825796e-07
1634            	-3.31780895e-18	1.00934862e+01	-2.60411995e-07	-1.30205998e-07	-1.30205998e-07
1635            	-3.31719803e-18	1.00947287e+01	-2.57066393e-07	-1.28533196e-07	-1.28533196e-07
1636            	-3.31658759e-18	1.00959683e+01	-2.54444010e-07	-1.27222005e-07	-1.27222005e-07
1637            	-3.31597756e-18	1.00972051e+01	-2.52572450e-07	-1.26286225e-07	-1.26286225e-07
1638            	-3.31537213e-18	1.00984397e+01	-2.51974602e-07	-1.25987301e-07	-1.25987301e-07
1639            	-3.31476736e-18	1.00996714e+01	-2.52594326e-07	-1.26297163e-07	-1.26297163e-07
1640            	-3.31416314e-18	1.01009003e+01	-2.53605709e-07	-1.26802854e-07	-1.26802854e-07
1641            	-3.31355569e-18	1.01021258e+01	-2.53081659e-07	-1.26540829e-07	-1.26540829e-07
1642            	-3.31295188e-18	1.01033492e+01	-2.49990921e-07	-1.24995460e-07	-1.24995460e-07
1643            	-3.31235812e-18	1.01045715e+01	-2.47133816e-07	-1.23566908e-07	-1.23566908e-07
1644            	-3.31176129e-18	1.01057903e+01	-2.46272398e-07	-1.23136199e-07	-1.23136199e-07
1645            	-3.31116774e-18	1.01070066e+01	-2.48183426e-07	-1.24091713e-07	-1.24091713e-07
1646            	-3.31057279e-18	1.01082198e+01	-2.52220917e-07	-1.26110459e-07	-1.26110459e-07
1647            	-3.30997594e-18	1.01094298e+01	-2.55903141e-07	-1.27951570e-07	-1.27951570e-07
1648            	-3.30938254e-18	1.01106376e+01	-2.56582337e-07	-1.28291168e-07	-1.28291168e-07
1649            	-3.30878709e-18	1.01118424e+01	-2.52914766e-07	-1.26457383e-07	-1.26457383e-07
1650            	-3.30819948e-18	1.01130458e+01	-2.46021653e-07	-1.23010826e-07	-1.23010826e-07
1651            	-3.30761322e-18	1.01142466e+01	-2.38265418e-07	-1.19132709e-07	-1.19132709e-07
1652            	-3.30702464e-18	1.01154441e+01	-2.31046506e-07	-1.15523253e-07	-1.15523253e-07
1653            	-3.30643878e-18	1.01166394e+01	-2.25608133e-07	-1.12804066e-07	-1.12804066e-07
1654            	-3.30585544e-18	1.01178323e+01	-2.23047408e-07	-1.11523704e-07	-1.11523704e-07
1655            	-3.30527402e-18	1.01190228e+01	-2.23715085e-07	-1.11857543e-07	-1.11857543e-07
1656            	-3.30468953e-18	1.01202099e+01	-2.25941287e-07	-1.12970644e-07	-1.12970644e-07
1657            	-3.30410847e-18	1.01213948e+01	-2.27609600e-07	-1.13804800e-07	-1.13804800e-07
1658            	-3.30353248e-18	1.01225777e+01	-2.28074927e-07	-1.14037463e-07	-1.14037463e-07
1659            	-3.30295526e-18	1.01237575e+01	-2.26864257e-07	-1.13432128e-07	-1.13432128e-07
1660            	-3.30238156e-18	1.01249350e+01	-2.23416856e-07	-1.11708428e-07	-1.11708428e-07
1661            	-3.30181156e-18	1.01261103e+01	-2.18728333e-07	-1.09364166e-07	-1.09364166e-07
1662            	-3.30123931e-18	1.01272824e+01	-2.13674654e-07	-1.06837327e-07	-1.06837327e-07
1663            	-3.30066858e-18	1.01284522e+01	-2.08811258e-07	-1.04405629e-07	-1.04405629e-07
1664            	-3.30010171e-18	1.01296202e+01	-2.05468737e-07	-1.02734368e-07	-1.02734368e-07
1665            	-3.29953201e-18	1.01307851e+01	-2.03798832e-07	-1.01899416e-07	-1.01899416e-07
1666            	-3.29896578e-18	1.01319479e+01	-2.03638458e-07	-1.01819229e-07	-1.01819229e-07
1667            	-3.29839663e-18	1.01331073e+01	-2.03980994e-07	-1.01990497e-07	-1.01990497e-07
1668            	-3.29783102e-18	1.01342644e+01	-2.03695190e-07	-1.01847595e-07	-1.01847595e-07
1669            	-3.29727008e-18	1.01354195e+01	-2.02980034e-07	-1.01490017e-07	-1.01490017e-07
1670            	-3.29670771e-18	1.01365713e+01	-2.01274410e-07	-1.00637205e-07	-1.00637205e-07
1671            	-3.29615087e-18	1.01377214e+01	-1.98434785e-07	-9.92173926e-08	-9.92173926e-08
1672            	-3.29559600e-18	1.01388691e+01	-1.95225672e-07	-9.76128360e-08	-9.76128360e-08
1673            	-3.29504014e-18	1.01400140e+01	-1.91610264e-07	-9.58051318e-08	-9.58051318e-08
1674            	-3.29448760e-18	1.01411569e+01	-1.88043299e-07	-9.40216493e-08	-9.40216493e-08
1675            	-3.29393454e-18	1.01422972e+01	-1.84858953e-07	-9.24294763e-08	-9.24294763e-08
1676            	-3.29338124e-18	1.01434347e+01	-1.81938455e-07	-9.09692274e-08	-9.09692274e-08
1677            	-3.29283114e-18	1.01445702e+01	-1.79593521e-07	-8.97967606e-08	-8.97967606e-08
1678            	-3.29227997e-18	1.01457028e+01	-1.77652498e-07	-8.88262490e-08	-8.88262490e-08
1679            	-3.29173123e-18	1.01468330e+01	-1.75627575e-07	-8.78137875e-08	-8.78137875e-08
1680            	-3.29118671e-18	1.01479611e+01	-1.73759126e-07	-8.68795632e-08	-8.68795632e-08
1681            	-3.29064391e-18	1.01490868e+01	-1.72469035e-07	-8.62345174e-08	-8.62345174e-08
1682            	-3.29010286e-18	1.01502101e+01	-1.71914620e-07	-8.59573099e-08	-8.59573099e-08
1683            	-3.28955992e-18	1.01513304e+01	-1.71290436e-07	-8.56452182e-08	-8.56452181e-08
1684            	-3.28901854e-18	1.01524484e+01	-1.69469662e-07	-8.47348311e-08	-8.47348311e-08
1685            	-3.28847875e-18	1.01535641e+01	-1.65943554e-07	-8.29717771e-08	-8.29717771e-08
1686            	-3.28794189e-18	1.01546777e+01	-1.61162862e-07	-8.05814312e-08	-8.05814312e-08
1687            	-3.28740892e-18	1.01557894e+01	-1.56750596e-07	-7.83752981e-08	-7.83752981e-08
1688            	-3.28687415e-18	1.01568981e+01	-1.53574340e-07	-7.67871698e-08	-7.67871698e-08
1689            	-3.28634093e-18	1.01580044e+01	-1.51697006e-07	-7.58485031e-08	-7.58485031e-08
1690            	-3.28580917e-18	1.01591083e+01	-1.50848591e-07	-7.54242953e-08	-7.54242953e-08
1691            	-3.28527664e-18	1.01602094e+01	-1.49920675e-07	-7.49603376e-08	-7.49603376e-08
1692            	-3.28474745e-18	1.01613084e+01	-1.47908703e-07	-7.39543516e-08	-7.39543516e-08
1693            	-3.28422088e-18	1.01624052e+01	-1.44838399e-07	-7.24191995e-08	-7.24191995e-08
1694            	-3.28369661e-18	1.01634999e+01	-1.41377554e-07	-7.06887770e-08	-7.06887769e-08
1695            	-3.28317304e-18	1.01645922e+01	-1.38166680e-07	-6.90833398e-08	-6.90833397e-08
1696            	-3.28264981e-18	1.01656820e+01	-1.35440024e-07	-6.77200121e-08	-6.77200121e-08
1697            	-3.28219086e-18	1.01667816e+01	-1.36169531e-07	-6.80847656e-08	-6.80847656e-08
1698            	-3.28162434e-18	1.01678578e+01	-1.52527994e-07	-7.62639969e-08	-7.62639969e-08
1699            	-3.28106898e-18	1.01689340e+01	-1.61592794e-07	-8.07963969e-08	-8.07963969e-08
1700            	-3.28053478e-18	1.01700116e+01	-1.56652523e-07	-7.83262615e-08	-7.83262615e-08
1701            	-3.28008209e-18	1.01711022e+01	-1.32948094e-07	-6.64740472e-08	-6.64740472e-08
1702            	-3.27953476e-18	1.01721712e+01	-1.29036738e-07	-6.45183688e-08	-6.45183688e-08
1703            	-3.27900161e-18	1.01732403e+01	-1.19242786e-07	-5.96213931e-08	-5.96213931e-08
1704            	-3.27848518e-18	1.01743103e+01	-1.03309297e-07	-5.16546485e-08	-5.16546485e-08
1705            	-3.27796757e-18	1.01753778e+01	-7.97095771e-08	-3.98547886e-08	-3.98547886e-08
1706            	-3.27747676e-18	1.01764477e+01	-5.82696469e-08	-2.91348235e-08	-2.91348235e-08
1707            	-3.27705422e-18	1.01775277e+01	-6.11437459e-08	-3.05718730e-08	-3.05718729e-08
1708            	-3.27650955e-18	1.01785826e+01	-7.93208356e-08	-3.96604178e-08	-3.96604178e-08
1709            	-3.27596871e-18	1.01796364e+01	-1.04929988e-07	-5.24649941e-08	-5.24649941e-08
1710            	-3.27544280e-18	1.01806907e+01	-1.26093030e-07	-6.30465152e-08	-6.30465151e-08
1711            	-3.27493352e-18	1.01817453e+01	-1.34838899e-07	-6.74194496e-08	-6.74194496e-08
1712            	-3.27448993e-18	1.01828092e+01	-1.28291232e-07	-6.41456159e-08	-6.41456159e-08
1713            	-3.27396681e-18	1.01838546e+01	-1.30185548e-07	-6.50927742e-08	-6.50927742e-08
1714            	-3.27350537e-18	1.01849098e+01	-1.13402132e-07	-5.67010658e-08	-5.67010658e-08
1715            	-3.27295951e-18	1.01859457e+01	-1.16915383e-07	-5.84576917e-08	-5.84576917e-08
1716            	-3.27243342e-18	1.01869836e+01	-1.04880627e-07	-5.24403137e-08	-5.24403137e-08
1717            	-3.27193044e-18	1.01880240e+01	-7.83666058e-08	-3.91833029e-08	-3.91833029e-08
1718            	-3.27144518e-18	1.01890656e+01	-4.59521790e-08	-2.29760895e-08	-2.29760895e-08
1719            	-3.27096711e-18	1.01901058e+01	-1.84894307e-08	-9.24471537e-09	-9.24471537e-09
1720            	-3.27048267e-18	1.01911421e+01	-2.77065653e-09	-1.38532827e-09	-1.38532826e-09
1721            	-3.27000322e-18	1.01921764e+01	-4.68589885e-09	-2.34294943e-09	-2.34294942e-09
1722            	-3.26951257e-18	1.01932062e+01	-2.11801232e-08	-1.05900616e-08	-1.05900616e-08
1723            	-3.26902408e-18	1.01942340e+01	-4.53988980e-08	-2.26994490e-08	-2.26994490e-08
1724            	-3.26853825e-18	1.01952601e+01	-7.07041907e-08	-3.53520953e-08	-3.53520953e-08
1725            	-3.26805153e-18	1.01962836e+01	-9.04234918e-08	-4.52117459e-08	-4.52117459e-08
1726            	-3.26757005e-18	1.01973057e+01	-1.00098414e-07	-5.00492071e-08	-5.00492071e-08
1727            	-3.26709170e-18	1.01983256e+01	-9.92225228e-08	-4.96112614e-08	-4.96112614e-08
1728            	-3.26661413e-18	1.01993431e+01	-8.99471474e-08	-4.49735737e-08	-4.49735737e-08
1729            	-3.26613453e-18	1.02003577e+01	-7.52684457e-08	-3.76342228e-08	-3.76342228e-08
1730            	-3.26564938e-18	1.02013690e+01	-5.74083453e-08	-2.87041726e-08	-2.87041726e-08
1731            	-3.26516345e-18	1.02023780e+01	-3.73873198e-08	-1.86936599e-08	-1.86936599e-08
1732            	-3.26469320e-18	1.02033875e+01	-2.07649630e-08	-1.03824815e-08	-1.03824815e-08
1733            	-3.26422221e-18	1.02043945e+01	-1.20585605e-08	-6.02928026e-09	-6.02928025e-09
1734            	-3.26374911e-18	1.02053988e+01	-1.21353798e-08	-6.06768992e-09	-6.06768991e-09
1735            	-3.26327173e-18	1.02064000e+01	-1.81333437e-08	-9.06667187e-09	-9.06667186e-09
1736            	-3.26279107e-18	1.02073984e+01	-2.41823048e-08	-1.20911524e-08	-1.20911524e-08
1737            	-3.26231786e-18	1.02083957e+01	-2.57685242e-08	-1.28842621e-08	-1.28842621e-08
1738            	-3.26185164e-18	1.02093916e+01	-2.31211191e-08	-1.15605595e-08	-1.15605595e-08
1739            	-3.26138698e-18	1.02103852e+01	-1.79509460e-08	-8.97547302e-09	-8.97547301e-09
1740            	-3.26093385e-18	1.02113783e+01	-1.51703948e-08	-7.58519739e-09	-7.58519739e-09
1741            	-3.26047545e-18	1.02123682e+01	-1.80758251e-08	-9.03791256e-09	-9.03791255e-09
1742            	-3.26001258e-18	1.02133550e+01	-2.57926546e-08	-1.28963273e-08	-1.28963273e-08
1743            	-3.25954497e-18	1.02143390e+01	-3.46122580e-08	-1.73061290e-08	-1.73061290e-08
1744            	-3.25907191e-18	1.02153199e+01	-3.87419971e-08	-1.93709986e-08	-1.93709985e-08
1745            	-3.25860327e-18	1.02162992e+01	-3.32974144e-08	-1.66487072e-08	-1.66487072e-08
1746            	-3.25814680e-18	1.02172782e+01	-2.01971096e-08	-1.00985548e-08	-1.00985548e-08
1747            	-3.25769166e-18	1.02182547e+01	-4.01334136e-09	-2.00667068e-09	-2.00667068e-09
1748            	-3.25723498e-18	1.02192285e+01	1.17122530e-08	5.85612652e-09	5.85612652e-09
1749            	-3.25678322e-18	1.02202007e+01	2.28203142e-08	1.14101571e-08	1.14101571e-08
1750            	-3.25632766e-18	1.02211701e+01	2.79065178e-08	1.39532589e-08	1.39532589e-08
1751            	-3.25586892e-18	1.02221370e+01	2.87693679e-08	1.43846839e-08	1.43846839e-08
1752            	-3.25542031e-18	1.02231035e+01	2.70191530e-08	1.35095765e-08	1.35095765e-08
1753            	-3.25497256e-18	1.02240678e+01	2.24940187e-08	1.12470093e-08	1.12470094e-08
1754            	-3.25451900e-18	1.02250288e+01	1.76014294e-08	8.80071471e-09	8.80071471e-09
1755            	-3.25406979e-18	1.02259881e+01	1.50583076e-08	7.52915380e-09	7.52915381e-09
1756            	-3.25361865e-18	1.02269448e+01	1.62466974e-08	8.12334870e-09	8.12334871e-09
1757            	-3.25317995e-18	1.02279013e+01	1.99508878e-08	9.97544391e-09	9.97544391e-09
1758            	-3.25274160e-18	1.02288555e+01	2.26265591e-08	1.13132795e-08	1.13132795e-08
1759            	-3.25230011e-18	1.02298069e+01	2.31895454e-08	1.15947727e-08	1.15947727e-08
1760            	-3.25185389e-18	1.02307553e+01	2.27628074e-08	1.13814037e-08	1.13814037e-08
1761            	-3.25140570e-18	1.02317012e+01	2.41813134e-08	1.20906567e-08	1.20906567e-08
1762            	-3.25096758e-18	1.02326467e+01	2.81369514e-08	1.40684757e-08	1.40684757e-08
1763            	-3.25052910e-18	1.02335898e+01	3.29798479e-08	1.64899239e-08	1.64899240e-08
1764            	-3.25008961e-18	1.02345303e+01	3.85300110e-08	1.92650055e-08	1.92650055e-08
1765            	-3.24965108e-18	1.02354688e+01	4.44691546e-08	2.22345773e-08	2.22345773e-08
1766            	-3.24920834e-18	1.02364043e+01	5.16363174e-08	2.58181587e-08	2.58181587e-08
1767            	-3.24877355e-18	1.02373391e+01	6.03652348e-08	3.01826174e-08	3.01826174e-08
1768            	-3.24834554e-18	1.02382729e+01	6.72481505e-08	3.36240752e-08	3.36240752e-08
1769            	-3.24791149e-18	1.02392034e+01	7.10893467e-08	3.55446733e-08	3.55446733e-08
1770            	-3.24748330e-18	1.02401327e+01	7.16924080e-08	3.58462040e-08	3.58462040e-08
1771            	-3.24705763e-18	1.02410603e+01	6.81747831e-08	3.40873916e-08	3.40873916e-08
1772            	-3.24663258e-18	1.02419859e+01	6.07505410e-08	3.03752705e-08	3.03752705e-08
1773            	-3.24620411e-18	1.02429087e+01	5.14612000e-08	2.57306000e-08	2.57306000e-08
1774            	-3.24577223e-18	1.02438287e+01	4.40288723e-08	2.20144361e-08	2.20144361e-08
1775            	-3.24533739e-18	1.02447460e+01	4.26904475e-08	2.13452238e-08	2.13452238e-08
1776            	-3.24490523e-18	1.02456616e+01	5.05672420e-08	2.52836210e-08	2.52836210e-08
1777            	-3.24448458e-18	1.02465769e+01	6.51523625e-08	3.25761813e-08	3.25761813e-08
1778            	-3.24406800e-18	1.02474906e+01	8.03487670e-08	4.01743835e-08	4.01743835e-08
1779            	-3.24365056e-18	1.02484019e+01	9.15570397e-08	4.57785199e-08	4.57785199e-08
1780            	-3.24322540e-18	1.02493098e+01	9.76310719e-08	4.88155360e-08	4.88155360e-08
1781            	-3.24280713e-18	1.02502170e+01	9.89537677e-08	4.94768839e-08	4.94768839e-08
1782            	-3.24238433e-18	1.02511213e+01	9.65841726e-08	4.82920863e-08	4.82920863e-08
1783            	-3.24196189e-18	1.02520236e+01	9.42874733e-08	4.71437367e-08	4.71437367e-08
1784            	-3.24155143e-18	1.02529258e+01	9.27605509e-08	4.63802754e-08	4.63802754e-08
1785            	-3.24113961e-18	1.02538254e+01	9.06521915e-08	4.53260958e-08	4.53260958e-08
1786            	-3.24072740e-18	1.02547226e+01	8.82803710e-08	4.41401855e-08	4.41401855e-08
1787            	-3.24031182e-18	1.02556171e+01	8.68272904e-08	4.34136452e-08	4.34136452e-08
1788            	-3.23989614e-18	1.02565095e+01	8.82444380e-08	4.41222190e-08	4.41222190e-08
1789            	-3.23947663e-18	1.02573993e+01	9.46231220e-08	4.73115610e-08	4.73115610e-08
1790            	-3.23907040e-18	1.02582893e+01	1.05191032e-07	5.25955158e-08	5.25955159e-08
1791            	-3.23866697e-18	1.02591774e+01	1.15766827e-07	5.78834135e-08	5.78834135e-08
1792            	-3.23826338e-18	1.02600632e+01	1.23572519e-07	6.17862597e-08	6.17862597e-08
1793            	-3.23786016e-18	1.02609468e+01	1.26825552e-07	6.34127761e-08	6.34127761e-08
1794            	-3.23745868e-18	1.02618288e+01	1.25058975e-07	6.25294877e-08	6.25294877e-08
1795            	-3.23705400e-18	1.02627083e+01	1.19834937e-07	5.99174687e-08	5.99174687e-08
1796            	-3.23665232e-18	1.02635864e+01	1.13996558e-07	5.69982790e-08	5.69982790e-08
1797            	-3.23624948e-18	1.02644621e+01	1.09357485e-07	5.46787427e-08	5.46787427e-08
1798            	-3.23584723e-18	1.02653358e+01	1.07738851e-07	5.38694255e-08	5.38694256e-08
1799            	-3.23544603e-18	1.02662075e+01	1.09863012e-07	5.49315062e-08	5.49315062e-08
1800            	-3.23504183e-18	1.02670765e+01	1.16498175e-07	5.82490877e-08	5.82490877e-08
1801            	-3.23464712e-18	1.02679451e+01	1.26601095e-07	6.33005476e-08	6.33005476e-08
1802            	-3.23425200e-18	1.02688116e+01	1.37122250e-07	6.85611250e-08	6.85611250e-08
1803            	-3.23386048e-18	1.02696766e+01	1.45519828e-07	7.27599139e-08	7.27599139e-08
1804            	-3.23346868e-18	1.02705395e+01	1.49812658e-07	7.49063288e-08	7.49063288e-08
1805            	-3.23307586e-18	1.02714002e+01	1.49898303e-07	7.49491515e-08	7.49491515e-08
1806            	-3.23268161e-18	1.02722586e+01	1.47567953e-07	7.37839763e-08	7.37839763e-08
1807            	-3.23229130e-18	1.02731155e+01	1.45223934e-07	7.26119671e-08	7.26119671e-08
1808            	-3.23190112e-18	1.02739704e+01	1.44037013e-07	7.20185065e-08	7.20185065e-08
1809            	-3.23151482e-18	1.02748238e+01	1.44659804e-07	7.23299020e-08	7.23299020e-08
1810            	-3.23112901e-18	1.02756754e+01	1.46202291e-07	7.31011456e-08	7.31011456e-08
1811            	-3.23074231e-18	1.02765250e+01	1.48198543e-07	7.40992714e-08	7.40992714e-08
1812            	-3.23035643e-18	1.02773728e+01	1.50558172e-07	7.52790861e-08	7.52790861e-08
1813            	-3.22997161e-18	1.02782188e+01	1.53108314e-07	7.65541572e-08	7.65541572e-08
1814            	-3.22958718e-18	1.02790629e+01	1.55826643e-07	7.79133214e-08	7.79133214e-08
1815            	-3.22920302e-18	1.02799050e+01	1.58893790e-07	7.94468952e-08	7.94468952e-08
1816            	-3.22881878e-18	1.02807450e+01	1.62608593e-07	8.13042963e-08	8.13042963e-08
1817            	-3.22843836e-18	1.02815836e+01	1.66880615e-07	8.34403077e-08	8.34403077e-08
1818            	-3.22805833e-18	1.02824202e+01	1.70890125e-07	8.54450627e-08	8.54450628e-08
1819            	-3.22767947e-18	1.02832550e+01	1.74401239e-07	8.72006195e-08	8.72006195e-08
1820            	-3.22730434e-18	1.02840884e+01	1.76830946e-07	8.84154731e-08	8.84154732e-08
1821            	-3.22692956e-18	1.02849199e+01	1.77511375e-07	8.87556877e-08	8.87556877e-08
1822            	-3.22655491e-18	1.02857495e+01	1.76732541e-07	8.83662705e-08	8.83662705e-08
1823            	-3.22618024e-18	1.02865771e+01	1.75574481e-07	8.77872407e-08	8.77872407e-08
1824            	-3.22580545e-18	1.02874029e+01	1.75163617e-07	8.75818084e-08	8.75818084e-08
1825            	-3.22542965e-18	1.02882265e+01	1.76560989e-07	8.82804946e-08	8.82804946e-08
1826            	-3.22505667e-18	1.02890486e+01	1.80379211e-07	9.01896053e-08	9.01896053e-08
1827            	-3.22468432e-18	1.02898687e+01	1.85999943e-07	9.29999714e-08	9.29999714e-08
1828            	-3.22431893e-18	1.02906880e+01	1.91919470e-07	9.59597351e-08	9.59597351e-08
1829            	-3.22395403e-18	1.02915054e+01	1.95551512e-07	9.77757560e-08	9.77757560e-08
1830            	-3.22358857e-18	1.02923207e+01	1.96046453e-07	9.80232265e-08	9.80232265e-08
1831            	-3.22322212e-18	1.02931340e+01	1.93991505e-07	9.69957527e-08	9.69957527e-08
1832            	-3.22285483e-18	1.02939452e+01	1.91107016e-07	9.55535081e-08	9.55535081e-08
1833            	-3.22248518e-18	1.02947542e+01	1.89824858e-07	9.49124291e-08	9.49124291e-08
1834            	-3.22212296e-18	1.02955626e+01	1.91883318e-07	9.59416592e-08	9.59416592e-08
1835            	-3.22176198e-18	1.02963692e+01	1.95769928e-07	9.78849640e-08	9.78849640e-08
1836            	-3.22140144e-18	1.02971739e+01	2.00329946e-07	1.00164973e-07	1.00164973e-07
1837            	-3.22104022e-18	1.02979764e+01	2.04455330e-07	1.02227665e-07	1.02227665e-07
1838            	-3.22067830e-18	1.02987768e+01	2.08544560e-07	1.04272280e-07	1.04272280e-07
1839            	-3.22032196e-18	1.02995763e+01	2.12589903e-07	1.06294952e-07	1.06294952e-07
1840            	-3.21996387e-18	1.03003737e+01	2.15520961e-07	1.07760480e-07	1.07760480e-07
1841            	-3.21960989e-18	1.03011699e+01	2.17397024e-07	1.08698512e-07	1.08698512e-07
1842            	-3.21925447e-18	1.03019639e+01	2.17523028e-07	1.08761514e-07	1.08761514e-07
1843            	-3.21890170e-18	1.03027566e+01	2.16474400e-07	1.08237200e-07	1.08237200e-07
1844            	-3.21854874e-18	1.03035473e+01	2.14413574e-07	1.07206787e-07	1.07206787e-07
1845            	-3.21819467e-18	1.03043359e+01	2.12522100e-07	1.06261050e-07	1.06261050e-07
1846            	-3.21784315e-18	1.03051230e+01	2.12140436e-07	1.06070218e-07	1.06070218e-07
1847            	-3.21749089e-18	1.03059081e+01	2.13681753e-07	1.06840876e-07	1.06840876e-07
1848            	-3.21714207e-18	1.03066919e+01	2.17362146e-07	1.08681073e-07	1.08681073e-07
1849            	-3.21679396e-18	1.03074739e+01	2.22071784e-07	1.11035892e-07	1.11035892e-07
1850            	-3.21644552e-18	1.03082540e+01	2.27042520e-07	1.13521260e-07	1.13521260e-07
1851            	-3.21610040e-18	1.03090327e+01	2.31491770e-07	1.15745885e-07	1.15745885e-07
1852            	-3.21575564e-18	1.03098097e+01	2.34275374e-07	1.17137687e-07	1.17137687e-07
1853            	-3.21541072e-18	1.03105849e+01	2.35292032e-07	1.17646016e-07	1.17646016e-07
1854            	-3.21506641e-18	1.03113583e+01	2.35154390e-07	1.17577195e-07	1.17577195e-07
1855            	-3.21472341e-18	1.03121301e+01	2.34650126e-07	1.17325063e-07	1.17325063e-07
1856            	-3.21437967e-18	1.03128999e+01	2.34643128e-07	1.17321564e-07	1.17321564e-07
1857            	-3.21403981e-18	1.03136684e+01	2.35996571e-07	1.17998286e-07	1.17998286e-07
1858            	-3.21370145e-18	1.03144354e+01	2.37954759e-07	1.18977380e-07	1.18977380e-07
1859            	-3.21336340e-18	1.03152005e+01	2.39898731e-07	1.19949366e-07	1.19949366e-07
1860            	-3.21302356e-18	1.03159636e+01	2.41777524e-07	1.20888762e-07	1.20888762e-07
1861            	-3.21268422e-18	1.03167250e+01	2.44397669e-07	1.22198835e-07	1.22198835e-07
1862            	-3.21235047e-18	1.03174855e+01	2.47507039e-07	1.23753520e-07	1.23753520e-07
1863            	-3.21201801e-18	1.03182445e+01	2.49522775e-07	1.24761387e-07	1.24761387e-07
1864            	-3.21168494e-18	1.03190016e+01	2.49785477e-07	1.24892739e-07	1.24892739e-07
1865            	-3.21134992e-18	1.03197564e+01	2.48706558e-07	1.24353279e-07	1.24353279e-07
1866            	-3.21101555e-18	1.03205096e+01	2.47734769e-07	1.23867385e-07	1.23867385e-07
1867            	-3.21068210e-18	1.03212611e+01	2.47936939e-07	1.23968470e-07	1.23968470e-07
1868            	-3.21035217e-18	1.03220115e+01	2.49618898e-07	1.24809449e-07	1.24809449e-07
1869            	-3.21002320e-18	1.03227602e+01	2.52006207e-07	1.26003103e-07	1.26003103e-07
1870            	-3.20969486e-18	1.03235071e+01	2.54564013e-07	1.27282006e-07	1.27282006e-07
1871            	-3.20936638e-18	1.03242523e+01	2.57014846e-07	1.28507423e-07	1.28507423e-07
1872            	-3.20903954e-18	1.03249959e+01	2.59340310e-07	1.29670155e-07	1.29670155e-07
1873            	-3.20871233e-18	1.03257377e+01	2.61443414e-07	1.30721707e-07	1.30721707e-07
1874            	-3.20838785e-18	1.03264782e+01	2.63457450e-07	1.31728725e-07	1.31728725e-07
1875            	-3.20806380e-18	1.03272171e+01	2.64859790e-07	1.32429895e-07	1.32429895e-07
1876            	-3.20773800e-18	1.03279539e+01	2.65928542e-07	1.32964271e-07	1.32964271e-07
1877            	-3.20741701e-18	1.03286897e+01	2.67236013e-07	1.33618007e-07	1.33618007e-07
1878            	-3.20709763e-18	1.03294241e+01	2.67821896e-07	1.33910948e-07	1.33910948e-07
1879            	-3.20677829e-18	1.03301567e+01	2.67387910e-07	1.33693955e-07	1.33693955e-07
1880            	-3.20645673e-18	1.03308872e+01	2.66295616e-07	1.33147808e-07	1.33147808e-07
1881            	-3.20613596e-18	1.03316160e+01	2.65904534e-07	1.32952267e-07	1.32952267e-07
1882            	-3.20581684e-18	1.03323434e+01	2.66786708e-07	1.33393354e-07	1.33393354e-07
1883            	-3.20549691e-18	1.03330689e+01	2.69191909e-07	1.34595954e-07	1.34595954e-07
1884            	-3.20518155e-18	1.03337935e+01	2.73068730e-07	1.36534365e-07	1.36534365e-07
1885            	-3.20486717e-18	1.03345165e+01	2.76889591e-07	1.38444796e-07	1.38444796e-07
1886            	-3.20455201e-18	1.03352376e+01	2.79945006e-07	1.39972503e-07	1.39972503e-07
1887            	-3.20423961e-18	1.03359574e+01	2.81955598e-07	1.40977799e-07	1.40977799e-07
1888            	-3.20392730e-18	1.03366756e+01	2.82383024e-07	1.41191512e-07	1.41191512e-07
1889            	-3.20361541e-18	1.03373922e+01	2.81646625e-07	1.40823313e-07	1.40823313e-07
1890            	-3.20330424e-18	1.03381072e+01	2.80498787e-07	1.40249394e-07	1.40249394e-07
1891            	-3.20299418e-18	1.03388207e+01	2.79630057e-07	1.39815029e-07	1.39815029e-07
1892            	-3.20268498e-18	1.03395326e+01	2.79338201e-07	1.39669100e-07	1.39669100e-07
1893            	-3.20237616e-18	1.03402428e+01	2.79630152e-07	1.39815076e-07	1.39815076e-07
1894            	-3.20206763e-18	1.03409513e+01	2.80444381e-07	1.40222191e-07	1.40222191e-07
1895            	-3.20175966e-18	1.03416581e+01	2.81740454e-07	1.40870227e-07	1.40870227e-07
1896            	-3.20145263e-18	1.03423634e+01	2.83487963e-07	1.41743981e-07	1.41743981e-07
1897            	-3.20114675e-18	1.03430673e+01	2.85627072e-07	1.42813536e-07	1.42813536e-07
1898            	-3.20084207e-18	1.03437697e+01	2.88039726e-07	1.44019863e-07	1.44019863e-07
1899            	-3.20053852e-18	1.03444707e+01	2.90541222e-07	1.45270611e-07	1.45270611e-07
1900            	-3.20023574e-18	1.03451702e+01	2.92944541e-07	1.46472271e-07	1.46472271e-07
1901            	-3.19993366e-18	1.03458681e+01	2.95132926e-07	1.47566463e-07	1.47566463e-07
1902            	-3.19963254e-18	1.03465644e+01	2.97109920e-07	1.48554960e-07	1.48554960e-07
1903            	-3.19933155e-18	1.03472593e+01	2.98270835e-07	1.49135417e-07	1.49135417e-07
1904            	-3.19902952e-18	1.03479526e+01	2.97922694e-07	1.48961347e-07	1.48961347e-07
1905            	-3.19872611e-18	1.03486445e+01	2.96130670e-07	1.48065335e-07	1.48065335e-07
1906            	-3.19842216e-18	1.03493348e+01	2.93911446e-07	1.46955723e-07	1.46955723e-07
1907            	-3.19811914e-18	1.03500235e+01	2.92647691e-07	1.46323845e-07	1.46323845e-07
1908            	-3.19781825e-18	1.03507107e+01	2.93273576e-07	1.46636788e-07	1.46636788e-07
1909            	-3.19751991e-18	1.03513963e+01	2.95791790e-07	1.47895895e-07	1.47895895e-07
1910            	-3.19722384e-18	1.03520804e+01	2.99344254e-07	1.49672127e-07	1.49672127e-07
1911            	-3.19692875e-18	1.03527630e+01	3.02758180e-07	1.51379090e-07	1.51379090e-07
1912            	-3.19663313e-18	1.03534439e+01	3.05422067e-07	1.52711033e-07	1.52711033e-07
1913            	-3.19633948e-18	1.03541237e+01	3.07506283e-07	1.53753142e-07	1.53753142e-07
1914            	-3.19604665e-18	1.03548022e+01	3.08827939e-07	1.54413970e-07	1.54413970e-07
1915            	-3.19575470e-18	1.03554792e+01	3.09467451e-07	1.54733726e-07	1.54733726e-07
1916            	-3.19546213e-18	1.03561545e+01	3.09487313e-07	1.54743657e-07	1.54743657e-07
1917            	-3.19517110e-18	1.03568284e+01	3.09254528e-07	1.54627264e-07	1.54627264e-07
1918            	-3.19488070e-18	1.03575008e+01	3.08525588e-07	1.54262794e-07	1.54262794e-07
1919            	-3.19459050e-18	1.03581715e+01	3.07340638e-07	1.53670319e-07	1.53670319e-07
1920            	-3.19430202e-18	1.03588410e+01	3.06024043e-07	1.53012021e-07	1.53012021e-07
1921            	-3.19401245e-18	1.03595086e+01	3.04783485e-07	1.52391743e-07	1.52391743e-07
1922            	-3.19372443e-18	1.03601748e+01	3.04701429e-07	1.52350715e-07	1.52350715e-07
1923            	-3.19343982e-18	1.03608401e+01	3.05729751e-07	1.52864875e-07	1.52864875e-07
1924            	-3.19315467e-18	1.03615038e+01	3.07055745e-07	1.53527872e-07	1.53527872e-07
1925            	-3.19287053e-18	1.03621660e+01	3.08577809e-07	1.54288904e-07	1.54288904e-07
1926            	-3.19258534e-18	1.03628265e+01	3.09977227e-07	1.54988613e-07	1.54988613e-07
1927            	-3.19230089e-18	1.03634856e+01	3.11541854e-07	1.55770927e-07	1.55770927e-07
1928            	-3.19201773e-18	1.03641433e+01	3.13133277e-07	1.56566638e-07	1.56566638e-07
1929            	-3.19173492e-18	1.03647995e+01	3.14441192e-07	1.57220596e-07	1.57220596e-07
1930            	-3.19145328e-18	1.03654543e+01	3.15462502e-07	1.57731251e-07	1.57731251e-07
1931            	-3.19117319e-18	1.03661076e+01	3.16073858e-07	1.58036929e-07	1.58036929e-07
1932            	-3.19089315e-18	1.03667594e+01	3.16165339e-07	1.58082669e-07	1.58082669e-07
1933            	-3.19061552e-18	1.03674100e+01	3.16069860e-07	1.58034930e-07	1.58034930e-07
1934            	-3.19033878e-18	1.03680593e+01	3.15410816e-07	1.57705408e-07	1.57705408e-07
1935            	-3.19006187e-18	1.03687070e+01	3.14083778e-07	1.57041889e-07	1.57041889e-07
1936            	-3.18978413e-18	1.03693531e+01	3.12513414e-07	1.56256707e-07	1.56256707e-07
1937            	-3.18950773e-18	1.03699980e+01	3.11535472e-07	1.55767736e-07	1.55767736e-07
1938            	-3.18923148e-18	1.03706413e+01	3.11446742e-07	1.55723371e-07	1.55723371e-07
1939            	-3.18895635e-18	1.03712832e+01	3.12721672e-07	1.56360836e-07	1.56360836e-07
1940            	-3.18868332e-18	1.03719239e+01	3.15227820e-07	1.57613910e-07	1.57613910e-07
1941            	-3.18841050e-18	1.03725631e+01	3.18329590e-07	1.59164795e-07	1.59164795e-07
1942            	-3.18813826e-18	1.03732007e+01	3.21598770e-07	1.60799385e-07	1.60799385e-07
1943            	-3.18786771e-18	1.03738372e+01	3.24377147e-07	1.62188573e-07	1.62188573e-07
1944            	-3.18759723e-18	1.03744721e+01	3.25887220e-07	1.62943610e-07	1.62943610e-07
1945            	-3.18732668e-18	1.03751056e+01	3.26012350e-07	1.63006175e-07	1.63006175e-07
1946            	-3.18705792e-18	1.03757379e+01	3.25059283e-07	1.62529641e-07	1.62529641e-07
1947            	-3.18678874e-18	1.03763686e+01	3.23210413e-07	1.61605206e-07	1.61605206e-07
1948            	-3.18652085e-18	1.03769981e+01	3.21407618e-07	1.60703809e-07	1.60703809e-07
1949            	-3.18625487e-18	1.03776263e+01	3.20050768e-07	1.60025384e-07	1.60025384e-07
1950            	-3.18598917e-18	1.03782530e+01	3.19141782e-07	1.59570891e-07	1.59570891e-07
1951            	-3.18572298e-18	1.03788781e+01	3.18971583e-07	1.59485791e-07	1.59485791e-07
1952            	-3.18545864e-18	1.03795020e+01	3.19850591e-07	1.59925295e-07	1.59925295e-07
1953            	-3.18519431e-18	1.03801244e+01	3.21322819e-07	1.60661410e-07	1.60661410e-07
1954            	-3.18493198e-18	1.03807457e+01	3.23083175e-07	1.61541588e-07	1.61541588e-07
1955            	-3.18466977e-18	1.03813655e+01	3.24364424e-07	1.62182212e-07	1.62182212e-07
1956            	-3.18440701e-18	1.03819838e+01	3.25052049e-07	1.62526025e-07	1.62526025e-07
1957            	-3.18414612e-18	1.03826009e+01	3.25466843e-07	1.62733422e-07	1.62733422e-07
1958            	-3.18388525e-18	1.03832165e+01	3.25486016e-07	1.62743008e-07	1.62743008e-07
1959            	-3.18362647e-18	1.03838310e+01	3.25383014e-07	1.62691507e-07	1.62691507e-07
1960            	-3.18336785e-18	1.03844440e+01	3.24914752e-07	1.62457376e-07	1.62457376e-07
1961            	-3.18310893e-18	1.03850555e+01	3.24373444e-07	1.62186722e-07	1.62186722e-07
1962            	-3.18285198e-18	1.03856659e+01	3.24184111e-07	1.62092056e-07	1.62092056e-07
1963            	-3.18259442e-18	1.03862747e+01	3.24172389e-07	1.62086195e-07	1.62086195e-07
1964            	-3.18233893e-18	1.03868824e+01	3.24634390e-07	1.62317195e-07	1.62317195e-07
1965            	-3.18208337e-18	1.03874887e+01	3.25140542e-07	1.62570271e-07	1.62570271e-07
1966            	-3.18182929e-18	1.03880937e+01	3.25816971e-07	1.62908486e-07	1.62908486e-07
1967            	-3.18157420e-18	1.03886972e+01	3.26333954e-07	1.63166977e-07	1.63166977e-07
1968            	-3.18132130e-18	1.03892996e+01	3.26873140e-07	1.63436570e-07	1.63436570e-07
1969            	-3.18106817e-18	1.03899006e+01	3.26925226e-07	1.63462613e-07	1.63462613e-07
1970            	-3.18081675e-18	1.03905003e+01	3.26628803e-07	1.63314401e-07	1.63314401e-07
1971            	-3.18056359e-18	1.03910983e+01	3.26017647e-07	1.63008823e-07	1.63008823e-07
1972            	-3.18031235e-18	1.03916952e+01	3.26097127e-07	1.63048564e-07	1.63048564e-07
1973            	-3.18006434e-18	1.03922912e+01	3.26622155e-07	1.63311078e-07	1.63311078e-07
1974            	-3.17981632e-18	1.03928858e+01	3.26696400e-07	1.63348200e-07	1.63348200e-07
1975            	-3.17956808e-18	1.03934790e+01	3.26180396e-07	1.63090198e-07	1.63090198e-07
1976            	-3.17932002e-18	1.03940708e+01	3.25263344e-07	1.62631672e-07	1.62631672e-07
1977            	-3.17907135e-18	1.03946611e+01	3.24304074e-07	1.62152037e-07	1.62152037e-07
1978            	-3.17882426e-18	1.03952502e+01	3.23956239e-07	1.61978119e-07	1.61978119e-07
1979            	-3.17857590e-18	1.03958377e+01	3.24354192e-07	1.62177096e-07	1.62177096e-07
1980            	-3.17833180e-18	1.03964244e+01	3.26043718e-07	1.63021859e-07	1.63021859e-07
1981            	-3.17808915e-18	1.03970099e+01	3.27687879e-07	1.63843940e-07	1.63843940e-07
1982            	-3.17784604e-18	1.03975939e+01	3.28555287e-07	1.64277644e-07	1.64277644e-07
1983            	-3.17760475e-18	1.03981768e+01	3.28572211e-07	1.64286106e-07	1.64286106e-07
1984            	-3.17736262e-18	1.03987582e+01	3.27474078e-07	1.63737039e-07	1.63737039e-07
1985            	-3.17712137e-18	1.03993384e+01	3.25950299e-07	1.62975149e-07	1.62975149e-07
1986            	-3.17687972e-18	1.03999171e+01	3.24395959e-07	1.62197980e-07	1.62197980e-07
1987            	-3.17663905e-18	1.04004947e+01	3.23507780e-07	1.61753890e-07	1.61753890e-07
1988            	-3.17639859e-18	1.04010709e+01	3.23414700e-07	1.61707350e-07	1.61707350e-07
1989            	-3.17615994e-18	1.04016460e+01	3.24177807e-07	1.62088904e-07	1.62088904e-07
1990            	-3.17592138e-18	1.04022197e+01	3.25238003e-07	1.62619001e-07	1.62619001e-07
1991            	-3.17568476e-18	1.04027923e+01	3.26357493e-07	1.63178747e-07	1.63178747e-07
1992            	-3.17544621e-18	1.04033631e+01	3.27016338e-07	1.63508169e-07	1.63508169e-07
1993            	-3.17521179e-18	1.04039334e+01	3.27689737e-07	1.63844868e-07	1.63844868e-07
1994            	-3.17497698e-18	1.04045023e+01	3.27287230e-07	1.63643615e-07	1.63643615e-07
1995            	-3.17474309e-18	1.04050699e+01	3.25968454e-07	1.62984227e-07	1.62984227e-07
1996            	-3.17450829e-18	1.04056361e+01	3.23922700e-07	1.61961350e-07	1.61961350e-07
1997            	-3.17427486e-18	1.04062011e+01	3.22080119e-07	1.61040060e-07	1.61040060e-07
1998            	-3.17404090e-18	1.04067646e+01	3.20780290e-07	1.60390145e-07	1.60390145e-07
1999            	-3.17380872e-18	1.04073271e+01	3.20648223e-07	1.60324111e-07	1.60324111e-07
2000            	-3.17357619e-18	1.04078882e+01	3.21370933e-07	1.60685467e-07	1.60685467e-07
2001            	-3.17334578e-18	1.04084483e+01	3.22853641e-07	1.61426821e-07	1.61426821e-07
2002            	-3.17311303e-18	1.04090066e+01	3.24387365e-07	1.62193683e-07	1.62193683e-07
2003            	-3.17288469e-18	1.04095644e+01	3.26351391e-07	1.63175696e-07	1.63175696e-07
2004            	-3.17265746e-18	1.04101210e+01	3.27190945e-07	1.63595473e-07	1.63595473e-07
2005            	-3.17242939e-18	1.04106762e+01	3.26321861e-07	1.63160930e-07	1.63160930e-07
2006            	-3.17220201e-18	1.04112301e+01	3.24225946e-07	1.62112973e-07	1.62112973e-07
2007            	-3.17197320e-18	1.04117825e+01	3.21308971e-07	1.60654485e-07	1.60654485e-07
2008            	-3.17174635e-18	1.04123339e+01	3.18952216e-07	1.59476108e-07	1.59476108e-07
2009            	-3.17151738e-18	1.04128837e+01	3.17526137e-07	1.58763068e-07	1.58763068e-07
2010            	-3.17129319e-18	1.04134329e+01	3.18166597e-07	1.59083299e-07	1.59083299e-07
2011            	-3.17106962e-18	1.04139809e+01	3.19336675e-07	1.59668337e-07	1.59668337e-07
2012            	-3.17084607e-18	1.04145275e+01	3.20278615e-07	1.60139308e-07	1.60139308e-07
2013            	-3.17062133e-18	1.04150726e+01	3.20683747e-07	1.60341873e-07	1.60341873e-07
2014            	-3.17039865e-18	1.04156168e+01	3.20928238e-07	1.60464119e-07	1.60464119e-07
2015            	-3.17017589e-18	1.04161597e+01	3.20620827e-07	1.60310413e-07	1.60310413e-07
2016            	-3.16995390e-18	1.04167014e+01	3.20026488e-07	1.60013244e-07	1.60013244e-07
2017            	-3.16972954e-18	1.04172414e+01	3.19457474e-07	1.59728737e-07	1.59728737e-07
2018            	-3.16951080e-18	1.04177811e+01	3.20000490e-07	1.60000245e-07	1.60000245e-07
2019            	-3.16929246e-18	1.04183196e+01	3.20022550e-07	1.60011275e-07	1.60011275e-07
2020            	-3.16907359e-18	1.04188566e+01	3.19153305e-07	1.59576652e-07	1.59576652e-07
2021            	-3.16885482e-18	1.04193923e+01	3.17654727e-07	1.58827364e-07	1.58827364e-07
2022            	-3.16863659e-18	1.04199269e+01	3.15909588e-07	1.57954794e-07	1.57954794e-07
2023            	-3.16841780e-18	1.04204601e+01	3.14301711e-07	1.57150855e-07	1.57150855e-07
2024            	-3.16820051e-18	1.04209924e+01	3.13526845e-07	1.56763423e-07	1.56763423e-07
2025            	-3.16798304e-18	1.04215233e+01	3.13476008e-07	1.56738004e-07	1.56738004e-07
2026            	-3.16776774e-18	1.04220532e+01	3.14252954e-07	1.57126477e-07	1.57126477e-07
2027            	-3.16755304e-18	1.04225820e+01	3.15049045e-07	1.57524522e-07	1.57524522e-07
2028            	-3.16733600e-18	1.04231091e+01	3.15634107e-07	1.57817053e-07	1.57817053e-07
2029            	-3.16712382e-18	1.04236358e+01	3.16703022e-07	1.58351511e-07	1.58351511e-07
2030            	-3.16691191e-18	1.04241612e+01	3.16720587e-07	1.58360293e-07	1.58360293e-07
2031            	-3.16669965e-18	1.04246854e+01	3.15434095e-07	1.57717047e-07	1.57717047e-07
2032            	-3.16648716e-18	1.04252082e+01	3.13191541e-07	1.56595771e-07	1.56595771e-07
2033            	-3.16626862e-18	1.04257288e+01	3.10924406e-07	1.55462203e-07	1.55462203e-07
2034            	-3.16605948e-18	1.04262498e+01	3.11814160e-07	1.55907080e-07	1.55907080e-07
2035            	-3.16585007e-18	1.04267694e+01	3.12986736e-07	1.56493368e-07	1.56493368e-07
2036            	-3.16564401e-18	1.04272884e+01	3.13668075e-07	1.56834038e-07	1.56834038e-07
2037            	-3.16543690e-18	1.04278058e+01	3.12262331e-07	1.56131166e-07	1.56131166e-07
2038            	-3.16522651e-18	1.04283215e+01	3.08906381e-07	1.54453190e-07	1.54453190e-07
2039            	-3.16501755e-18	1.04288362e+01	3.05601120e-07	1.52800560e-07	1.52800560e-07
2040            	-3.16480881e-18	1.04293498e+01	3.02947303e-07	1.51473652e-07	1.51473652e-07
2041            	-3.16459777e-18	1.04298618e+01	3.01786456e-07	1.50893228e-07	1.50893228e-07
2042            	-3.16439195e-18	1.04303734e+01	3.03412136e-07	1.51706068e-07	1.51706068e-07
2043            	-3.16418716e-18	1.04308839e+01	3.05864764e-07	1.52932382e-07	1.52932382e-07
2044            	-3.16398206e-18	1.04313930e+01	3.07976601e-07	1.53988301e-07	1.53988301e-07
2045            	-3.16377836e-18	1.04319012e+01	3.09187311e-07	1.54593656e-07	1.54593656e-07
2046            	-3.16357438e-18	1.04324081e+01	3.08851584e-07	1.54425792e-07	1.54425792e-07
2047            	-3.16336987e-18	1.04329138e+01	3.07277733e-07	1.53638866e-07	1.53638866e-07
2048            	-3.16316639e-18	1.04334185e+01	3.05275882e-07	1.52637941e-07	1.52637941e-07
2049            	-3.16296294e-18	1.04339220e+01	3.03217076e-07	1.51608538e-07	1.51608538e-07
2050            	-3.16276076e-18	1.04344245e+01	3.01687266e-07	1.50843633e-07	1.50843633e-07
2051            	-3.16255789e-18	1.04349256e+01	3.00714861e-07	1.50357430e-07	1.50357430e-07
2052            	-3.16235765e-18	1.04354259e+01	3.00816554e-07	1.50408277e-07	1.50408277e-07
2053            	-3.16215866e-18	1.04359252e+01	3.01143384e-07	1.50571692e-07	1.50571692e-07
2054            	-3.16195966e-18	1.04364232e+01	3.01044113e-07	1.50522056e-07	1.50522056e-07
2055            	-3.16176026e-18	1.04369200e+01	3.00369858e-07	1.50184929e-07	1.50184929e-07
2056            	-3.16156191e-18	1.04374158e+01	2.99366276e-07	1.49683138e-07	1.49683138e-07
2057            	-3.16136360e-18	1.04379105e+01	2.97921227e-07	1.48960613e-07	1.48960613e-07
2058            	-3.16116416e-18	1.04384039e+01	2.96381432e-07	1.48190716e-07	1.48190716e-07
2059            	-3.16096743e-18	1.04388966e+01	2.95668878e-07	1.47834439e-07	1.47834439e-07
2060            	-3.16077063e-18	1.04393880e+01	2.95210069e-07	1.47605035e-07	1.47605035e-07
2061            	-3.16057498e-18	1.04398784e+01	2.95085652e-07	1.47542826e-07	1.47542826e-07
2062            	-3.16037758e-18	1.04403673e+01	2.94999107e-07	1.47499554e-07	1.47499554e-07
2063            	-3.16018375e-18	1.04408557e+01	2.95605800e-07	1.47802900e-07	1.47802900e-07
2064            	-3.15999018e-18	1.04413429e+01	2.95624049e-07	1.47812024e-07	1.47812024e-07
2065            	-3.15979654e-18	1.04418289e+01	2.94738352e-07	1.47369176e-07	1.47369176e-07
2066            	-3.15960126e-18	1.04423135e+01	2.93098686e-07	1.46549343e-07	1.46549343e-07
2067            	-3.15940878e-18	1.04427975e+01	2.91847256e-07	1.45923628e-07	1.45923628e-07
2068            	-3.15921658e-18	1.04432803e+01	2.90508606e-07	1.45254303e-07	1.45254303e-07
2069            	-3.15902229e-18	1.04437616e+01	2.89324445e-07	1.44662222e-07	1.44662222e-07
2070            	-3.15883241e-18	1.04442425e+01	2.89443727e-07	1.44721863e-07	1.44721863e-07
2071            	-3.15864211e-18	1.04447221e+01	2.89394550e-07	1.44697275e-07	1.44697275e-07
2072            	-3.15845275e-18	1.04452007e+01	2.89047221e-07	1.44523610e-07	1.44523610e-07
2073            	-3.15826349e-18	1.04456782e+01	2.88009144e-07	1.44004572e-07	1.44004572e-07
2074            	-3.15807211e-18	1.04461542e+01	2.86455913e-07	1.43227957e-07	1.43227957e-07
2075            	-3.15788405e-18	1.04466297e+01	2.85699893e-07	1.42849946e-07	1.42849946e-07
2076            	-3.15769543e-18	1.04471039e+01	2.84994779e-07	1.42497390e-07	1.42497390e-07
2077            	-3.15750830e-18	1.04475773e+01	2.84611216e-07	1.42305608e-07	1.42305608e-07
2078            	-3.15732096e-18	1.04480494e+01	2.84061982e-07	1.42030991e-07	1.42030991e-07
2079            	-3.15713453e-18	1.04485206e+01	2.83407702e-07	1.41703851e-07	1.41703851e-07
2080            	-3.15694694e-18	1.04489904e+01	2.82467758e-07	1.41233879e-07	1.41233879e-07
2081            	-3.15676197e-18	1.04494595e+01	2.81945201e-07	1.40972600e-07	1.40972600e-07
2082            	-3.15657665e-18	1.04499275e+01	2.81169931e-07	1.40584966e-07	1.40584966e-07
2083            	-3.15639255e-18	1.04503945e+01	2.80376249e-07	1.40188124e-07	1.40188124e-07
2084            	-3.15620858e-18	1.04508604e+01	2.79299710e-07	1.39649855e-07	1.39649855e-07
2085            	-3.15602428e-18	1.04513252e+01	2.78070158e-07	1.39035079e-07	1.39035079e-07
2086            	-3.15584100e-18	1.04517890e+01	2.77099000e-07	1.38549500e-07	1.38549500e-07
2087            	-3.15565724e-18	1.04522517e+01	2.76318442e-07	1.38159221e-07	1.38159221e-07
2088            	-3.15547544e-18	1.04527136e+01	2.76118237e-07	1.38059119e-07	1.38059119e-07
2089            	-3.15529408e-18	1.04531744e+01	2.75870323e-07	1.37935161e-07	1.37935161e-07
2090            	-3.15511236e-18	1.04536340e+01	2.75377482e-07	1.37688741e-07	1.37688741e-07
2091            	-3.15493209e-18	1.04540928e+01	2.74845774e-07	1.37422887e-07	1.37422887e-07
2092            	-3.15475194e-18	1.04545505e+01	2.73919768e-07	1.36959884e-07	1.36959884e-07
2093            	-3.15457201e-18	1.04550072e+01	2.72737365e-07	1.36368682e-07	1.36368682e-07
2094            	-3.15439184e-18	1.04554627e+01	2.71531278e-07	1.35765639e-07	1.35765639e-07
2095            	-3.15421349e-18	1.04559174e+01	2.70734341e-07	1.35367170e-07	1.35367170e-07
2096            	-3.15403549e-18	1.04563711e+01	2.69889665e-07	1.34944833e-07	1.34944833e-07
2097            	-3.15385700e-18	1.04568237e+01	2.68949508e-07	1.34474754e-07	1.34474754e-07
2098            	-3.15368006e-18	1.04572754e+01	2.68258568e-07	1.34129284e-07	1.34129284e-07
2099            	-3.15350331e-18	1.04577260e+01	2.67416816e-07	1.33708408e-07	1.33708408e-07
2100            	-3.15332638e-18	1.04581755e+01	2.66478495e-07	1.33239247e-07	1.33239247e-07
2101            	-3.15315057e-18	1.04586242e+01	2.65728165e-07	1.32864082e-07	1.32864082e-07
2102            	-3.15297408e-18	1.04590716e+01	2.64976884e-07	1.32488442e-07	1.32488442e-07
2103            	-3.15279983e-18	1.04595184e+01	2.64667573e-07	1.32333787e-07	1.32333787e-07
2104            	-3.15262551e-18	1.04599641e+01	2.64077051e-07	1.32038526e-07	1.32038526e-07
2105            	-3.15245190e-18	1.04604088e+01	2.63192693e-07	1.31596347e-07	1.31596347e-07
2106            	-3.15227827e-18	1.04608525e+01	2.61842951e-07	1.30921476e-07	1.30921476e-07
2107            	-3.15210087e-18	1.04612944e+01	2.60305920e-07	1.30152960e-07	1.30152960e-07
2108            	-3.15192986e-18	1.04617364e+01	2.60717099e-07	1.30358550e-07	1.30358550e-07
2109            	-3.15175946e-18	1.04621775e+01	2.60849979e-07	1.30424989e-07	1.30424989e-07
2110            	-3.15158825e-18	1.04626173e+01	2.60023619e-07	1.30011809e-07	1.30011809e-07
2111            	-3.15141769e-18	1.04630562e+01	2.58410034e-07	1.29205017e-07	1.29205017e-07
2112            	-3.15124636e-18	1.04634939e+01	2.55990412e-07	1.27995206e-07	1.27995206e-07
2113            	-3.15107526e-18	1.04639306e+01	2.53568860e-07	1.26784430e-07	1.26784430e-07
2114            	-3.15090294e-18	1.04643660e+01	2.51683556e-07	1.25841778e-07	1.25841778e-07
2115            	-3.15073362e-18	1.04648010e+01	2.51465635e-07	1.25732818e-07	1.25732818e-07
2116            	-3.15056346e-18	1.04652347e+01	2.51969238e-07	1.25984619e-07	1.25984619e-07
2117            	-3.15039628e-18	1.04656678e+01	2.53263332e-07	1.26631666e-07	1.26631666e-07
2118            	-3.15022890e-18	1.04660999e+01	2.53889640e-07	1.26944820e-07	1.26944820e-07
2119            	-3.15006197e-18	1.04665310e+01	2.53509032e-07	1.26754516e-07	1.26754516e-07
2120            	-3.14989474e-18	1.04669610e+01	2.51941671e-07	1.25970836e-07	1.25970836e-07
2121            	-3.14972718e-18	1.04673900e+01	2.49645869e-07	1.24822934e-07	1.24822935e-07
2122            	-3.14956048e-18	1.04678181e+01	2.47391479e-07	1.23695740e-07	1.23695740e-07
2123            	-3.14939393e-18	1.04682452e+01	2.45447891e-07	1.22723945e-07	1.22723945e-07
2124            	-3.14922813e-18	1.04686714e+01	2.44201094e-07	1.22100547e-07	1.22100547e-07
2125            	-3.14906272e-18	1.04690967e+01	2.43625367e-07	1.21812684e-07	1.21812684e-07
2126            	-3.14889848e-18	1.04695210e+01	2.43641482e-07	1.21820741e-07	1.21820741e-07
2127            	-3.14873127e-18	1.04699438e+01	2.43780915e-07	1.21890458e-07	1.21890458e-07
2128            	-3.14857006e-18	1.04703666e+01	2.45280786e-07	1.22640393e-07	1.22640393e-07
2129            	-3.14840837e-18	1.04707884e+01	2.45681257e-07	1.22840629e-07	1.22840629e-07
2130            	-3.14824696e-18	1.04712092e+01	2.44612664e-07	1.22306332e-07	1.22306332e-07
2131            	-3.14808465e-18	1.04716289e+01	2.41919124e-07	1.20959562e-07	1.20959562e-07
2132            	-3.14792157e-18	1.04720474e+01	2.38395627e-07	1.19197813e-07	1.19197813e-07
2133            	-3.14775924e-18	1.04724651e+01	2.35272394e-07	1.17636197e-07	1.17636197e-07
2134            	-3.14759700e-18	1.04728818e+01	2.33096724e-07	1.16548362e-07	1.16548362e-07
2135            	-3.14743599e-18	1.04732976e+01	2.32401191e-07	1.16200596e-07	1.16200596e-07
2136            	-3.14727373e-18	1.04737122e+01	2.32871260e-07	1.16435630e-07	1.16435630e-07
2137            	-3.14711540e-18	1.04741265e+01	2.34906239e-07	1.17453119e-07	1.17453119e-07
2138            	-3.14695720e-18	1.04745397e+01	2.36569538e-07	1.18284769e-07	1.18284769e-07
2139            	-3.14679966e-18	1.04749521e+01	2.37107291e-07	1.18553645e-07	1.18553645e-07
2140            	-3.14664117e-18	1.04753634e+01	2.35939744e-07	1.17969872e-07	1.17969872e-07
2141            	-3.14648321e-18	1.04757738e+01	2.33664762e-07	1.16832381e-07	1.16832381e-07
2142            	-3.14632457e-18	1.04761832e+01	2.30556974e-07	1.15278487e-07	1.15278487e-07
2143            	-3.14616649e-18	1.04765917e+01	2.27550318e-07	1.13775159e-07	1.13775159e-07
2144            	-3.14600841e-18	1.04769993e+01	2.25044167e-07	1.12522083e-07	1.12522083e-07
2145            	-3.14584996e-18	1.04774059e+01	2.23510332e-07	1.11755166e-07	1.11755166e-07
2146            	-3.14569354e-18	1.04778118e+01	2.23479359e-07	1.11739679e-07	1.11739679e-07
2147            	-3.14553755e-18	1.04782167e+01	2.24152639e-07	1.12076320e-07	1.12076320e-07
2148            	-3.14538191e-18	1.04786207e+01	2.25023945e-07	1.12511972e-07	1.12511972e-07
2149            	-3.14522685e-18	1.04790238e+01	2.25617032e-07	1.12808516e-07	1.12808516e-07
2150            	-3.14506700e-18	1.04794251e+01	2.25475309e-07	1.12737654e-07	1.12737654e-07
2151            	-3.14491552e-18	1.04798269e+01	2.26987246e-07	1.13493623e-07	1.13493623e-07
2152            	-3.14476413e-18	1.04802279e+01	2.26903995e-07	1.13451998e-07	1.13451998e-07
2153            	-3.14461157e-18	1.04806276e+01	2.24636546e-07	1.12318273e-07	1.12318273e-07
2154            	-3.14445904e-18	1.04810264e+01	2.20831203e-07	1.10415601e-07	1.10415601e-07
2155            	-3.14430413e-18	1.04814237e+01	2.16109050e-07	1.08054525e-07	1.08054525e-07
2156            	-3.14415155e-18	1.04818206e+01	2.12785486e-07	1.06392743e-07	1.06392743e-07
2157            	-3.14399922e-18	1.04822166e+01	2.10749468e-07	1.05374734e-07	1.05374734e-07
2158            	-3.14384621e-18	1.04826114e+01	2.10153520e-07	1.05076760e-07	1.05076760e-07
2159            	-3.14369428e-18	1.04830054e+01	2.11331046e-07	1.05665523e-07	1.05665523e-07
2160            	-3.14354475e-18	1.04833989e+01	2.13565690e-07	1.06782845e-07	1.06782845e-07
2161            	-3.14339521e-18	1.04837914e+01	2.15295816e-07	1.07647908e-07	1.07647908e-07
2162            	-3.14324606e-18	1.04841831e+01	2.15888769e-07	1.07944385e-07	1.07944385e-07
2163            	-3.14309661e-18	1.04845738e+01	2.14973471e-07	1.07486736e-07	1.07486736e-07
2164            	-3.14294661e-18	1.04849635e+01	2.12878809e-07	1.06439404e-07	1.06439404e-07
2165            	-3.14279782e-18	1.04853525e+01	2.10510323e-07	1.05255162e-07	1.05255162e-07
2166            	-3.14264933e-18	1.04857406e+01	2.08063499e-07	1.04031750e-07	1.04031750e-07
2167            	-3.14250024e-18	1.04861277e+01	2.05936112e-07	1.02968056e-07	1.02968056e-07
2168            	-3.14235343e-18	1.04865141e+01	2.04945513e-07	1.02472757e-07	1.02472757e-07
2169            	-3.14220667e-18	1.04868996e+01	2.04367171e-07	1.02183585e-07	1.02183585e-07
2170            	-3.14206055e-18	1.04872843e+01	2.04084186e-07	1.02042093e-07	1.02042093e-07
2171            	-3.14191218e-18	1.04876677e+01	2.03655846e-07	1.01827923e-07	1.01827923e-07
2172            	-3.14176765e-18	1.04880509e+01	2.04177793e-07	1.02088897e-07	1.02088897e-07
2173            	-3.14162328e-18	1.04884332e+01	2.04041920e-07	1.02020960e-07	1.02020960e-07
2174            	-3.14147861e-18	1.04888145e+01	2.02871010e-07	1.01435505e-07	1.01435505e-07
2175            	-3.14133312e-18	1.04891947e+01	2.00783042e-07	1.00391521e-07	1.00391521e-07
2176            	-3.14118854e-18	1.04895742e+01	1.98624844e-07	9.93124218e-08	9.93124218e-08
2177            	-3.14104302e-18	1.04899526e+01	1.96569182e-07	9.82845910e-08	9.82845910e-08
2178            	-3.14089971e-18	1.04903305e+01	1.95684344e-07	9.78421722e-08	9.78421722e-08
2179            	-3.14075613e-18	1.04907074e+01	1.95338813e-07	9.76694063e-08	9.76694063e-08
2180            	-3.14061421e-18	1.04910836e+01	1.95620963e-07	9.78104814e-08	9.78104814e-08
2181            	-3.14047228e-18	1.04914590e+01	1.95657697e-07	9.78288486e-08	9.78288486e-08
2182            	-3.14033024e-18	1.04918334e+01	1.95181045e-07	9.75905227e-08	9.75905227e-08
2183            	-3.14018865e-18	1.04922070e+01	1.94244644e-07	9.71223219e-08	9.71223219e-08
2184            	-3.14004562e-18	1.04925795e+01	1.92783410e-07	9.63917051e-08	9.63917052e-08
2185            	-3.13990548e-18	1.04929516e+01	1.91969937e-07	9.59849687e-08	9.59849687e-08
2186            	-3.13976450e-18	1.04933227e+01	1.90875707e-07	9.54378535e-08	9.54378535e-08
2187            	-3.13962520e-18	1.04936931e+01	1.90033990e-07	9.50169950e-08	9.50169950e-08
2188            	-3.13948612e-18	1.04940627e+01	1.88893981e-07	9.44469907e-08	9.44469907e-08
2189            	-3.13934707e-18	1.04944313e+01	1.87408098e-07	9.37040490e-08	9.37040490e-08
2190            	-3.13920666e-18	1.04947989e+01	1.85662034e-07	9.28310169e-08	9.28310169e-08
2191            	-3.13906844e-18	1.04951659e+01	1.84694265e-07	9.23471324e-08	9.23471324e-08
2192            	-3.13892968e-18	1.04955320e+01	1.83788621e-07	9.18943103e-08	9.18943103e-08
2193            	-3.13879230e-18	1.04958975e+01	1.83273685e-07	9.16368425e-08	9.16368425e-08
2194            	-3.13865442e-18	1.04962619e+01	1.82609026e-07	9.13045131e-08	9.13045131e-08
2195            	-3.13851781e-18	1.04966257e+01	1.82111991e-07	9.10559953e-08	9.10559953e-08
2196            	-3.13838131e-18	1.04969886e+01	1.81374747e-07	9.06873733e-08	9.06873733e-08
2197            	-3.13824456e-18	1.04973506e+01	1.80424682e-07	9.02123409e-08	9.02123409e-08
2198            	-3.13810847e-18	1.04977119e+01	1.79580409e-07	8.97902045e-08	8.97902045e-08
2199            	-3.13797190e-18	1.04980722e+01	1.78727858e-07	8.93639292e-08	8.93639292e-08
2200            	-3.13783693e-18	1.04984320e+01	1.78319236e-07	8.91596179e-08	8.91596179e-08
2201            	-3.13770228e-18	1.04987909e+01	1.77760208e-07	8.88801041e-08	8.88801041e-08
2202            	-3.13756735e-18	1.04991489e+01	1.76863520e-07	8.84317598e-08	8.84317598e-08
2203            	-3.13743349e-18	1.04995062e+01	1.75906773e-07	8.79533866e-08	8.79533866e-08
2204            	-3.13729970e-18	1.04998627e+01	1.74642041e-07	8.73210204e-08	8.73210204e-08
2205            	-3.13716599e-18	1.05002183e+01	1.73245086e-07	8.66225429e-08	8.66225429e-08
2206            	-3.13703259e-18	1.05005731e+01	1.71986518e-07	8.59932591e-08	8.59932591e-08
2207            	-3.13689987e-18	1.05009272e+01	1.71025777e-07	8.55128887e-08	8.55128888e-08
2208            	-3.13676711e-18	1.05012805e+01	1.70223638e-07	8.51118188e-08	8.51118188e-08
2209            	-3.13663524e-18	1.05016330e+01	1.69713541e-07	8.48567706e-08	8.48567706e-08
2210            	-3.13650166e-18	1.05019843e+01	1.69081002e-07	8.45405011e-08	8.45405011e-08
2211            	-3.13637170e-18	1.05023355e+01	1.69379192e-07	8.46895961e-08	8.46895961e-08
2212            	-3.13624188e-18	1.05026858e+01	1.69086468e-07	8.45432341e-08	8.45432341e-08
2213            	-3.13611103e-18	1.05030351e+01	1.67835573e-07	8.39177866e-08	8.39177866e-08
2214            	-3.13598116e-18	1.05033837e+01	1.66246502e-07	8.31232510e-08	8.31232510e-08
2215            	-3.13585074e-18	1.05037314e+01	1.64207104e-07	8.21035519e-08	8.21035519e-08
2216            	-3.13572096e-18	1.05040784e+01	1.62406107e-07	8.12030534e-08	8.12030534e-08
2217            	-3.13559133e-18	1.05044246e+01	1.60967626e-07	8.04838128e-08	8.04838128e-08
2218            	-3.13546083e-18	1.05047698e+01	1.60033051e-07	8.00165253e-08	8.00165254e-08
2219            	-3.13533265e-18	1.05051145e+01	1.60345799e-07	8.01728994e-08	8.01728994e-08
2220            	-3.13520517e-18	1.05054585e+01	1.60890490e-07	8.04452448e-08	8.04452448e-08
2221            	-3.13507750e-18	1.05058017e+01	1.61022211e-07	8.05111055e-08	8.05111055e-08
2222            	-3.13495048e-18	1.05061441e+01	1.60633437e-07	8.03167183e-08	8.03167183e-08
2223            	-3.13481994e-18	1.05064851e+01	1.59233315e-07	7.96166573e-08	7.96166573e-08
2224            	-3.13469499e-18	1.05068263e+01	1.59215527e-07	7.96077636e-08	7.96077636e-08
2225            	-3.13457004e-18	1.05071667e+01	1.58406539e-07	7.92032694e-08	7.92032694e-08
2226            	-3.13444368e-18	1.05075060e+01	1.56465967e-07	7.82329836e-08	7.82329836e-08
2227            	-3.13431798e-18	1.05078446e+01	1.54273667e-07	7.71368337e-08	7.71368337e-08
2228            	-3.13419265e-18	1.05081824e+01	1.52018595e-07	7.60092973e-08	7.60092974e-08
2229            	-3.13406672e-18	1.05085193e+01	1.49859542e-07	7.49297711e-08	7.49297711e-08
2230            	-3.13394148e-18	1.05088556e+01	1.48502625e-07	7.42513124e-08	7.42513124e-08
2231            	-3.13381642e-18	1.05091910e+01	1.47893619e-07	7.39468095e-08	7.39468095e-08
2232            	-3.13369171e-18	1.05095257e+01	1.48022755e-07	7.40113777e-08	7.40113777e-08
2233            	-3.13356795e-18	1.05098597e+01	1.48712552e-07	7.43562758e-08	7.43562758e-08
2234            	-3.13344340e-18	1.05101927e+01	1.49337402e-07	7.46687011e-08	7.46687011e-08
2235            	-3.13332131e-18	1.05105254e+01	1.50236858e-07	7.51184288e-08	7.51184289e-08
2236            	-3.13319922e-18	1.05108573e+01	1.50251206e-07	7.51256032e-08	7.51256032e-08
2237            	-3.13307703e-18	1.05111884e+01	1.49208903e-07	7.46044517e-08	7.46044517e-08
2238            	-3.13295382e-18	1.05115186e+01	1.47210430e-07	7.36052150e-08	7.36052150e-08
2239            	-3.13283229e-18	1.05118482e+01	1.45331846e-07	7.26659229e-08	7.26659229e-08
2240            	-3.13271080e-18	1.05121771e+01	1.43289239e-07	7.16446193e-08	7.16446194e-08
2241            	-3.13258880e-18	1.05125051e+01	1.41313642e-07	7.06568210e-08	7.06568210e-08
2242            	-3.13246795e-18	1.05128324e+01	1.40049702e-07	7.00248512e-08	7.00248512e-08
2243            	-3.13234546e-18	1.05131587e+01	1.39079341e-07	6.95396704e-08	6.95396704e-08
2244            	-3.13222618e-18	1.05134848e+01	1.39530933e-07	6.97654665e-08	6.97654665e-08
2245            	-3.13210638e-18	1.05138100e+01	1.39902703e-07	6.99513513e-08	6.99513513e-08
2246            	-3.13198742e-18	1.05141345e+01	1.40132824e-07	7.00664122e-08	7.00664122e-08
2247            	-3.13186859e-18	1.05144583e+01	1.39692393e-07	6.98461963e-08	6.98461963e-08
2248            	-3.13174910e-18	1.05147811e+01	1.38410533e-07	6.92052662e-08	6.92052663e-08
2249            	-3.13163035e-18	1.05151034e+01	1.36887947e-07	6.84439734e-08	6.84439734e-08
2250            	-3.13151060e-18	1.05154247e+01	1.35089760e-07	6.75448798e-08	6.75448798e-08
2251            	-3.13139295e-18	1.05157456e+01	1.34112653e-07	6.70563265e-08	6.70563265e-08
2252            	-3.13127560e-18	1.05160657e+01	1.33346816e-07	6.66734082e-08	6.66734082e-08
2253            	-3.13115812e-18	1.05163851e+01	1.32654138e-07	6.63270688e-08	6.63270688e-08
2254            	-3.13104060e-18	1.05167037e+01	1.31987005e-07	6.59935027e-08	6.59935027e-08
2255            	-3.13092271e-18	1.05170215e+01	1.31262114e-07	6.56310572e-08	6.56310572e-08
2256            	-3.13080562e-18	1.05173388e+01	1.30764703e-07	6.53823517e-08	6.53823517e-08
2257            	-3.13068828e-18	1.05176552e+01	1.30217734e-07	6.51088671e-08	6.51088671e-08
2258            	-3.13057237e-18	1.05179710e+01	1.30022159e-07	6.50110797e-08	6.50110797e-08
2259            	-3.13045689e-18	1.05182861e+01	1.29660967e-07	6.48304833e-08	6.48304833e-08
2260            	-3.13034149e-18	1.05186005e+01	1.28951385e-07	6.44756926e-08	6.44756926e-08
2261            	-3.13022661e-18	1.05189141e+01	1.28024108e-07	6.40120539e-08	6.40120539e-08
2262            	-3.13011012e-18	1.05192268e+01	1.26653230e-07	6.33266152e-08	6.33266152e-08
2263            	-3.12999679e-18	1.05195392e+01	1.26286348e-07	6.31431741e-08	6.31431741e-08
2264            	-3.12988335e-18	1.05198510e+01	1.25610005e-07	6.28050023e-08	6.28050023e-08
2265            	-3.12976987e-18	1.05201619e+01	1.24544916e-07	6.22724579e-08	6.22724579e-08
2266            	-3.12965620e-18	1.05204721e+01	1.23115676e-07	6.15578381e-08	6.15578381e-08
2267            	-3.12954244e-18	1.05207815e+01	1.21582048e-07	6.07910239e-08	6.07910239e-08
2268            	-3.12942904e-18	1.05210902e+01	1.20304810e-07	6.01524051e-08	6.01524051e-08
2269            	-3.12931496e-18	1.05213981e+01	1.19306214e-07	5.96531072e-08	5.96531072e-08
2270            	-3.12920286e-18	1.05217055e+01	1.19342742e-07	5.96713708e-08	5.96713709e-08
2271            	-3.12909111e-18	1.05220123e+01	1.19544375e-07	5.97721876e-08	5.97721876e-08
2272            	-3.12897896e-18	1.05223182e+01	1.19506526e-07	5.97532630e-08	5.97532630e-08
2273            	-3.12886800e-18	1.05226236e+01	1.19443220e-07	5.97216098e-08	5.97216098e-08
2274            	-3.12875668e-18	1.05229282e+01	1.18776844e-07	5.93884218e-08	5.93884218e-08
2275            	-3.12864607e-18	1.05232322e+01	1.17849030e-07	5.89245148e-08	5.89245148e-08
2276            	-3.12853548e-18	1.05235355e+01	1.16525876e-07	5.82629381e-08	5.82629381e-08
2277            	-3.12842466e-18	1.05238380e+01	1.15007067e-07	5.75035337e-08	5.75035337e-08
2278            	-3.12831446e-18	1.05241399e+01	1.13764636e-07	5.68823178e-08	5.68823178e-08
2279            	-3.12820389e-18	1.05244410e+01	1.12732148e-07	5.63660740e-08	5.63660740e-08
2280            	-3.12809474e-18	1.05247416e+01	1.12413926e-07	5.62069628e-08	5.62069628e-08
2281            	-3.12798586e-18	1.05250415e+01	1.12214434e-07	5.61072172e-08	5.61072172e-08
2282            	-3.12787675e-18	1.05253407e+01	1.11860078e-07	5.59300389e-08	5.59300389e-08
2283            	-3.12776843e-18	1.05256392e+01	1.11517837e-07	5.57589186e-08	5.57589186e-08
2284            	-3.12766012e-18	1.05259371e+01	1.10851488e-07	5.54257437e-08	5.54257438e-08
2285            	-3.12755188e-18	1.05262342e+01	1.09939441e-07	5.49697204e-08	5.49697204e-08
2286            	-3.12744366e-18	1.05265307e+01	1.08928443e-07	5.44642217e-08	5.44642217e-08
2287            	-3.12733629e-18	1.05268266e+01	1.08132982e-07	5.40664910e-08	5.40664910e-08
2288            	-3.12722913e-18	1.05271218e+01	1.07341261e-07	5.36706303e-08	5.36706303e-08
2289            	-3.12712065e-18	1.05274160e+01	1.06417245e-07	5.32086225e-08	5.32086225e-08
2290            	-3.12701503e-18	1.05277101e+01	1.06519618e-07	5.32598088e-08	5.32598089e-08
2291            	-3.12690941e-18	1.05280034e+01	1.06343725e-07	5.31718625e-08	5.31718625e-08
2292            	-3.12680367e-18	1.05282960e+01	1.05679464e-07	5.28397321e-08	5.28397321e-08
2293            	-3.12669789e-18	1.05285879e+01	1.04562513e-07	5.22812563e-08	5.22812563e-08
2294            	-3.12659188e-18	1.05288790e+01	1.03151061e-07	5.15755307e-08	5.15755307e-08
2295            	-3.12648641e-18	1.05291696e+01	1.01914437e-07	5.09572186e-08	5.09572186e-08
2296            	-3.12638102e-18	1.05294594e+01	1.00871892e-07	5.04359460e-08	5.04359460e-08
2297            	-3.12627610e-18	1.05297487e+01	1.00237610e-07	5.01188050e-08	5.01188050e-08
2298            	-3.12617146e-18	1.05300372e+01	9.99238150e-08	4.99619075e-08	4.99619075e-08
2299            	-3.12606746e-18	1.05303252e+01	9.98987583e-08	4.99493792e-08	4.99493792e-08
2300            	-3.12596353e-18	1.05306125e+01	9.98331367e-08	4.99165683e-08	4.99165683e-08
2301            	-3.12586024e-18	1.05308992e+01	9.97236489e-08	4.98618245e-08	4.98618245e-08
2302            	-3.12577051e-18	1.05311881e+01	1.02484921e-07	5.12424603e-08	5.12424603e-08
2303            	-3.12565871e-18	1.05314717e+01	9.68648255e-08	4.84324127e-08	4.84324127e-08
2304            	-3.12554855e-18	1.05317549e+01	9.18549944e-08	4.59274972e-08	4.59274972e-08
2305            	-3.12544185e-18	1.05320382e+01	8.91512945e-08	4.45756472e-08	4.45756472e-08
2306            	-3.12533537e-18	1.05323209e+01	8.89055621e-08	4.44527810e-08	4.44527810e-08
2307            	-3.12523698e-18	1.05326043e+01	9.37270448e-08	4.68635224e-08	4.68635224e-08
2308            	-3.12513982e-18	1.05328873e+01	9.92467393e-08	4.96233696e-08	4.96233696e-08
2309            	-3.12504236e-18	1.05331695e+01	1.03006698e-07	5.15033491e-08	5.15033491e-08
2310            	-3.12494106e-18	1.05334504e+01	1.03327536e-07	5.16637680e-08	5.16637680e-08
2311            	-3.12484136e-18	1.05337311e+01	1.01410738e-07	5.07053692e-08	5.07053692e-08
2312            	-3.12474043e-18	1.05340108e+01	9.69104651e-08	4.84552325e-08	4.84552325e-08
2313            	-3.12463878e-18	1.05342898e+01	9.10721846e-08	4.55360923e-08	4.55360923e-08
2314            	-3.12453502e-18	1.05345676e+01	8.49665045e-08	4.24832523e-08	4.24832523e-08
2315            	-3.12443511e-18	1.05348454e+01	8.19956107e-08	4.09978053e-08	4.09978053e-08
2316            	-3.12433608e-18	1.05351226e+01	8.10836399e-08	4.05418199e-08	4.05418200e-08
2317            	-3.12423736e-18	1.05353991e+01	8.19089059e-08	4.09544529e-08	4.09544529e-08
2318            	-3.12413898e-18	1.05356750e+01	8.39789288e-08	4.19894644e-08	4.19894644e-08
2319            	-3.12404030e-18	1.05359502e+01	8.64645407e-08	4.32322704e-08	4.32322704e-08
2320            	-3.12394176e-18	1.05362248e+01	8.88548980e-08	4.44274490e-08	4.44274490e-08
2321            	-3.12384345e-18	1.05364989e+01	9.05434164e-08	4.52717082e-08	4.52717082e-08
2322            	-3.12374520e-18	1.05367722e+01	9.10863180e-08	4.55431590e-08	4.55431590e-08
2323            	-3.12364810e-18	1.05370451e+01	9.05879957e-08	4.52939978e-08	4.52939978e-08
2324            	-3.12355133e-18	1.05373173e+01	8.88308101e-08	4.44154050e-08	4.44154050e-08
2325            	-3.12345484e-18	1.05375889e+01	8.62119748e-08	4.31059874e-08	4.31059874e-08
2326            	-3.12335872e-18	1.05378599e+01	8.33592628e-08	4.16796314e-08	4.16796314e-08
2327            	-3.12326062e-18	1.05381298e+01	8.04735264e-08	4.02367632e-08	4.02367632e-08
2328            	-3.12316602e-18	1.05383998e+01	7.98243950e-08	3.99121975e-08	3.99121975e-08
2329            	-3.12307148e-18	1.05386691e+01	7.97639430e-08	3.98819715e-08	3.98819715e-08
2330            	-3.12297642e-18	1.05389378e+01	7.97418423e-08	3.98709212e-08	3.98709212e-08
2331            	-3.12288116e-18	1.05392057e+01	7.95711820e-08	3.97855910e-08	3.97855910e-08
2332            	-3.12279740e-18	1.05394756e+01	8.22545423e-08	4.11272711e-08	4.11272712e-08
2333            	-3.12269398e-18	1.05397405e+01	7.71453963e-08	3.85726981e-08	3.85726981e-08
2334            	-3.12259205e-18	1.05400052e+01	7.29812262e-08	3.64906131e-08	3.64906131e-08
2335            	-3.12249357e-18	1.05402699e+01	7.14781202e-08	3.57390601e-08	3.57390601e-08
2336            	-3.12239924e-18	1.05405348e+01	7.31961513e-08	3.65980757e-08	3.65980757e-08
2337            	-3.12230737e-18	1.05407993e+01	7.70085335e-08	3.85042668e-08	3.85042668e-08
2338            	-3.12221706e-18	1.05410635e+01	8.13747151e-08	4.06873575e-08	4.06873575e-08
2339            	-3.12212469e-18	1.05413267e+01	8.43599784e-08	4.21799892e-08	4.21799892e-08
2340            	-3.12203437e-18	1.05415898e+01	8.58503266e-08	4.29251633e-08	4.29251633e-08
2341            	-3.12194255e-18	1.05418520e+01	8.44135411e-08	4.22067705e-08	4.22067705e-08
2342            	-3.12185004e-18	1.05421136e+01	8.05912960e-08	4.02956480e-08	4.02956480e-08
2343            	-3.12176818e-18	1.05423767e+01	7.83190624e-08	3.91595312e-08	3.91595312e-08
2344            	-3.12166764e-18	1.05426353e+01	6.86977504e-08	3.43488752e-08	3.43488752e-08
2345            	-3.12156856e-18	1.05428934e+01	6.08672267e-08	3.04336134e-08	3.04336134e-08
2346            	-3.12147285e-18	1.05431516e+01	5.71530127e-08	2.85765063e-08	2.85765063e-08
2347            	-3.12137998e-18	1.05434096e+01	5.83134982e-08	2.91567491e-08	2.91567491e-08
2348            	-3.12129126e-18	1.05436677e+01	6.43003588e-08	3.21501794e-08	3.21501794e-08
2349            	-3.12120357e-18	1.05439254e+01	7.21472354e-08	3.60736177e-08	3.60736177e-08
2350            	-3.12111591e-18	1.05441826e+01	7.91176630e-08	3.95588315e-08	3.95588315e-08
2351            	-3.12102659e-18	1.05444389e+01	8.29425201e-08	4.14712601e-08	4.14712601e-08
2352            	-3.12093693e-18	1.05446947e+01	8.30145777e-08	4.15072888e-08	4.15072889e-08
2353            	-3.12084592e-18	1.05449496e+01	7.93230266e-08	3.96615133e-08	3.96615133e-08
2354            	-3.12075535e-18	1.05452041e+01	7.35326146e-08	3.67663073e-08	3.67663073e-08
2355            	-3.12066474e-18	1.05454577e+01	6.69082352e-08	3.34541176e-08	3.34541176e-08
2356            	-3.12057503e-18	1.05457109e+01	6.13167207e-08	3.06583604e-08	3.06583604e-08
2357            	-3.12048594e-18	1.05459634e+01	5.77625870e-08	2.88812935e-08	2.88812935e-08
2358            	-3.12040804e-18	1.05462177e+01	6.03283288e-08	3.01641644e-08	3.01641644e-08
2359            	-3.12031312e-18	1.05464677e+01	5.73006709e-08	2.86503354e-08	2.86503354e-08
2360            	-3.12021931e-18	1.05467174e+01	5.65527291e-08	2.82763645e-08	2.82763645e-08
2361            	-3.12012541e-18	1.05469666e+01	5.80863405e-08	2.90431702e-08	2.90431702e-08
2362            	-3.12003843e-18	1.05472167e+01	6.39356603e-08	3.19678302e-08	3.19678302e-08
2363            	-3.11995331e-18	1.05474665e+01	7.00992701e-08	3.50496351e-08	3.50496351e-08
2364            	-3.11986878e-18	1.05477158e+01	7.42885061e-08	3.71442531e-08	3.71442531e-08
2365            	-3.11978319e-18	1.05479643e+01	7.50147284e-08	3.75073642e-08	3.75073642e-08
2366            	-3.11969723e-18	1.05482121e+01	7.25010109e-08	3.62505055e-08	3.62505055e-08
2367            	-3.11960992e-18	1.05484591e+01	6.74782540e-08	3.37391270e-08	3.37391270e-08
2368            	-3.11952254e-18	1.05487055e+01	6.18242932e-08	3.09121466e-08	3.09121466e-08
2369            	-3.11943514e-18	1.05489513e+01	5.68290888e-08	2.84145444e-08	2.84145444e-08
2370            	-3.11935998e-18	1.05491990e+01	5.76465602e-08	2.88232801e-08	2.88232801e-08
2371            	-3.11926573e-18	1.05494420e+01	5.16263345e-08	2.58131672e-08	2.58131672e-08
2372            	-3.11917379e-18	1.05496848e+01	4.84717036e-08	2.42358518e-08	2.42358518e-08
2373            	-3.11908533e-18	1.05499278e+01	4.88905025e-08	2.44452512e-08	2.44452512e-08
2374            	-3.11901123e-18	1.05501733e+01	5.74002053e-08	2.87001026e-08	2.87001026e-08
2375            	-3.11892056e-18	1.05504145e+01	5.77810294e-08	2.88905147e-08	2.88905147e-08
2376            	-3.11883248e-18	1.05506557e+01	5.92856334e-08	2.96428167e-08	2.96428167e-08
2377            	-3.11874707e-18	1.05508970e+01	6.15544722e-08	3.07772361e-08	3.07772361e-08
2378            	-3.11867435e-18	1.05511405e+01	6.62885435e-08	3.31442717e-08	3.31442717e-08
2379            	-3.11858496e-18	1.05513799e+01	6.37970973e-08	3.18985487e-08	3.18985487e-08
2380            	-3.11849688e-18	1.05516189e+01	6.04045930e-08	3.02022965e-08	3.02022965e-08
2381            	-3.11841062e-18	1.05518578e+01	5.71893953e-08	2.85946976e-08	2.85946976e-08
2382            	-3.11832707e-18	1.05520966e+01	5.53337550e-08	2.76668775e-08	2.76668775e-08
2383            	-3.11824568e-18	1.05523352e+01	5.48334002e-08	2.74167001e-08	2.74167001e-08
2384            	-3.11816473e-18	1.05525732e+01	5.49345871e-08	2.74672936e-08	2.74672936e-08
2385            	-3.11808363e-18	1.05528106e+01	5.50896397e-08	2.75448198e-08	2.75448198e-08
2386            	-3.11800165e-18	1.05530473e+01	5.48182960e-08	2.74091480e-08	2.74091480e-08
2387            	-3.11791951e-18	1.05532835e+01	5.42105392e-08	2.71052696e-08	2.71052696e-08
2388            	-3.11784776e-18	1.05535213e+01	5.59507751e-08	2.79753875e-08	2.79753875e-08
2389            	-3.11775812e-18	1.05537548e+01	5.07767296e-08	2.53883648e-08	2.53883648e-08
2390            	-3.11766981e-18	1.05539880e+01	4.63022674e-08	2.31511337e-08	2.31511337e-08
2391            	-3.11758163e-18	1.05542207e+01	4.32221290e-08	2.16110645e-08	2.16110645e-08
2392            	-3.11750134e-18	1.05544543e+01	4.59115175e-08	2.29557588e-08	2.29557588e-08
2393            	-3.11743425e-18	1.05546899e+01	5.32754421e-08	2.66377210e-08	2.66377211e-08
2394            	-3.11734994e-18	1.05549214e+01	5.38905304e-08	2.69452652e-08	2.69452652e-08
2395            	-3.11726615e-18	1.05551525e+01	5.35269229e-08	2.67634614e-08	2.67634614e-08
2396            	-3.11718337e-18	1.05553834e+01	5.27145031e-08	2.63572515e-08	2.63572515e-08
2397            	-3.11710258e-18	1.05556142e+01	5.22427099e-08	2.61213550e-08	2.61213550e-08
2398            	-3.11702300e-18	1.05558447e+01	5.19430249e-08	2.59715124e-08	2.59715124e-08
2399            	-3.11694378e-18	1.05560747e+01	5.15260451e-08	2.57630226e-08	2.57630226e-08
2400            	-3.11686532e-18	1.05563042e+01	5.09428884e-08	2.54714442e-08	2.54714442e-08
2401            	-3.11678671e-18	1.05565330e+01	4.98231559e-08	2.49115779e-08	2.49115779e-08
2402            	-3.11670785e-18	1.05567613e+01	4.82914030e-08	2.41457015e-08	2.41457015e-08
2403            	-3.11662863e-18	1.05569889e+01	4.66353932e-08	2.33176966e-08	2.33176966e-08
2404            	-3.11654979e-18	1.05572160e+01	4.53676905e-08	2.26838452e-08	2.26838453e-08
2405            	-3.11647094e-18	1.05574426e+01	4.44697124e-08	2.22348562e-08	2.22348562e-08
2406            	-3.11640233e-18	1.05576709e+01	4.71338681e-08	2.35669341e-08	2.35669341e-08
2407            	-3.11631745e-18	1.05578952e+01	4.31320808e-08	2.15660404e-08	2.15660404e-08
2408            	-3.11623388e-18	1.05581191e+01	4.00651980e-08	2.00325990e-08	2.00325990e-08
2409            	-3.11616257e-18	1.05583453e+01	4.40692838e-08	2.20346419e-08	2.20346419e-08
2410            	-3.11607780e-18	1.05585678e+01	4.05893208e-08	2.02946604e-08	2.02946604e-08
2411            	-3.11599679e-18	1.05587905e+01	3.99453101e-08	1.99726550e-08	1.99726551e-08
2412            	-3.11591889e-18	1.05590133e+01	4.19425088e-08	2.09712544e-08	2.09712544e-08
2413            	-3.11584421e-18	1.05592363e+01	4.60736684e-08	2.30368342e-08	2.30368342e-08
2414            	-3.11577051e-18	1.05594590e+01	5.02683307e-08	2.51341654e-08	2.51341654e-08
2415            	-3.11569630e-18	1.05596810e+01	5.27854605e-08	2.63927303e-08	2.63927303e-08
2416            	-3.11562116e-18	1.05599025e+01	5.27045389e-08	2.63522695e-08	2.63522695e-08
2417            	-3.11554465e-18	1.05601231e+01	4.99824363e-08	2.49912181e-08	2.49912181e-08
2418            	-3.11546813e-18	1.05603432e+01	4.57349367e-08	2.28674683e-08	2.28674683e-08
2419            	-3.11540091e-18	1.05605648e+01	4.36898669e-08	2.18449334e-08	2.18449334e-08
2420            	-3.11531839e-18	1.05607825e+01	3.58648478e-08	1.79324239e-08	1.79324239e-08
2421            	-3.11523746e-18	1.05609999e+01	3.01770217e-08	1.50885108e-08	1.50885108e-08
2422            	-3.11515933e-18	1.05612173e+01	2.81517026e-08	1.40758513e-08	1.40758513e-08
2423            	-3.11508435e-18	1.05614347e+01	3.03209241e-08	1.51604621e-08	1.51604621e-08
2424            	-3.11501130e-18	1.05616520e+01	3.55521634e-08	1.77760817e-08	1.77760817e-08
2425            	-3.11493868e-18	1.05618689e+01	4.19699594e-08	2.09849797e-08	2.09849797e-08
2426            	-3.11486648e-18	1.05620855e+01	4.76366754e-08	2.38183377e-08	2.38183377e-08
2427            	-3.11479313e-18	1.05623014e+01	5.06874010e-08	2.53437005e-08	2.53437005e-08
2428            	-3.11471949e-18	1.05625167e+01	5.06148346e-08	2.53074173e-08	2.53074173e-08
2429            	-3.11464517e-18	1.05627315e+01	4.75116840e-08	2.37558420e-08	2.37558420e-08
2430            	-3.11457041e-18	1.05629456e+01	4.24206881e-08	2.12103441e-08	2.12103441e-08
2431            	-3.11449625e-18	1.05631592e+01	3.70396544e-08	1.85198272e-08	1.85198272e-08
2432            	-3.11443129e-18	1.05633742e+01	3.57274046e-08	1.78637023e-08	1.78637023e-08
2433            	-3.11435268e-18	1.05635856e+01	2.93488329e-08	1.46744165e-08	1.46744165e-08
2434            	-3.11427531e-18	1.05637968e+01	2.56855568e-08	1.28427784e-08	1.28427784e-08
2435            	-3.11420963e-18	1.05640101e+01	3.09129610e-08	1.54564805e-08	1.54564805e-08
2436            	-3.11413041e-18	1.05642198e+01	2.95930493e-08	1.47965246e-08	1.47965246e-08
2437            	-3.11405433e-18	1.05644297e+01	3.13060199e-08	1.56530100e-08	1.56530100e-08
2438            	-3.11398156e-18	1.05646399e+01	3.54219264e-08	1.77109632e-08	1.77109632e-08
2439            	-3.11391079e-18	1.05648499e+01	4.04982757e-08	2.02491379e-08	2.02491379e-08
2440            	-3.11384166e-18	1.05650599e+01	4.50186383e-08	2.25093191e-08	2.25093191e-08
2441            	-3.11377236e-18	1.05652693e+01	4.72448701e-08	2.36224351e-08	2.36224351e-08
2442            	-3.11370242e-18	1.05654781e+01	4.64885831e-08	2.32442915e-08	2.32442915e-08
2443            	-3.11363111e-18	1.05656861e+01	4.29488484e-08	2.14744242e-08	2.14744242e-08
2444            	-3.11356003e-18	1.05658936e+01	3.80939085e-08	1.90469542e-08	1.90469543e-08
2445            	-3.11348832e-18	1.05661005e+01	3.27868599e-08	1.63934300e-08	1.63934300e-08
2446            	-3.11341739e-18	1.05663070e+01	2.86468793e-08	1.43234396e-08	1.43234396e-08
2447            	-3.11334696e-18	1.05665130e+01	2.61693429e-08	1.30846714e-08	1.30846714e-08
2448            	-3.11327634e-18	1.05667184e+01	2.54142825e-08	1.27071412e-08	1.27071413e-08
2449            	-3.11320653e-18	1.05669235e+01	2.67273983e-08	1.33636991e-08	1.33636991e-08
2450            	-3.11313714e-18	1.05671282e+01	2.93504499e-08	1.46752250e-08	1.46752250e-08
2451            	-3.11306765e-18	1.05673325e+01	3.23339561e-08	1.61669780e-08	1.61669780e-08
2452            	-3.11299814e-18	1.05675363e+01	3.49446920e-08	1.74723460e-08	1.74723460e-08
2453            	-3.11292855e-18	1.05677396e+01	3.65716271e-08	1.82858135e-08	1.82858135e-08
2454            	-3.11285916e-18	1.05679424e+01	3.69817815e-08	1.84908907e-08	1.84908907e-08
2455            	-3.11278985e-18	1.05681447e+01	3.61573151e-08	1.80786576e-08	1.80786576e-08
2456            	-3.11272104e-18	1.05683467e+01	3.45297178e-08	1.72648589e-08	1.72648589e-08
2457            	-3.11266217e-18	1.05685502e+01	3.54308974e-08	1.77154487e-08	1.77154487e-08
2458            	-3.11258747e-18	1.05687498e+01	2.97058825e-08	1.48529412e-08	1.48529412e-08
2459            	-3.11251413e-18	1.05689492e+01	2.51007695e-08	1.25503848e-08	1.25503848e-08
2460            	-3.11244337e-18	1.05691487e+01	2.29920412e-08	1.14960206e-08	1.14960206e-08
2461            	-3.11237315e-18	1.05693479e+01	2.33757277e-08	1.16878638e-08	1.16878638e-08
2462            	-3.11230805e-18	1.05695475e+01	2.77905165e-08	1.38952583e-08	1.38952583e-08
2463            	-3.11224369e-18	1.05697468e+01	3.29025949e-08	1.64512974e-08	1.64512974e-08
2464            	-3.11217840e-18	1.05699455e+01	3.66735404e-08	1.83367702e-08	1.83367702e-08
2465            	-3.11211263e-18	1.05701436e+01	3.81080772e-08	1.90540386e-08	1.90540386e-08
2466            	-3.11204554e-18	1.05703410e+01	3.67793634e-08	1.83896817e-08	1.83896817e-08
2467            	-3.11197802e-18	1.05705380e+01	3.35250383e-08	1.67625191e-08	1.67625191e-08
2468            	-3.11191015e-18	1.05707343e+01	2.93196379e-08	1.46598190e-08	1.46598190e-08
2469            	-3.11184263e-18	1.05709302e+01	2.54443526e-08	1.27221763e-08	1.27221763e-08
2470            	-3.11177572e-18	1.05711257e+01	2.28258048e-08	1.14129024e-08	1.14129024e-08
2471            	-3.11170955e-18	1.05713207e+01	2.19650949e-08	1.09825474e-08	1.09825474e-08
2472            	-3.11164401e-18	1.05715154e+01	2.28164516e-08	1.14082258e-08	1.14082258e-08
2473            	-3.11158724e-18	1.05717115e+01	2.73929935e-08	1.36964967e-08	1.36964967e-08
2474            	-3.11151663e-18	1.05719042e+01	2.64725315e-08	1.32362657e-08	1.32362657e-08
2475            	-3.11144665e-18	1.05720966e+01	2.57587353e-08	1.28793677e-08	1.28793677e-08
2476            	-3.11137877e-18	1.05722891e+01	2.60337829e-08	1.30168914e-08	1.30168914e-08
2477            	-3.11131033e-18	1.05724810e+01	2.68326522e-08	1.34163261e-08	1.34163261e-08
2478            	-3.11124783e-18	1.05726736e+01	3.02919119e-08	1.51459559e-08	1.51459559e-08
2479            	-3.11118582e-18	1.05728657e+01	3.31576712e-08	1.65788356e-08	1.65788356e-08
2480            	-3.11113259e-18	1.05730592e+01	3.54562762e-08	1.77281381e-08	1.77281381e-08
2481            	-3.11106441e-18	1.05732491e+01	3.15070157e-08	1.57535078e-08	1.57535078e-08
2482            	-3.11099571e-18	1.05734386e+01	2.61052191e-08	1.30526095e-08	1.30526095e-08
2483            	-3.11093669e-18	1.05736299e+01	2.53238770e-08	1.26619385e-08	1.26619385e-08
2484            	-3.11086497e-18	1.05738178e+01	1.87972968e-08	9.39864839e-09	9.39864840e-09
2485            	-3.11079640e-18	1.05740058e+01	1.54530338e-08	7.72651689e-09	7.72651690e-09
2486            	-3.11073160e-18	1.05741940e+01	1.59993313e-08	7.99966563e-09	7.99966564e-09
2487            	-3.11067925e-18	1.05743845e+01	2.42928152e-08	1.21464076e-08	1.21464076e-08
2488            	-3.11061233e-18	1.05745712e+01	2.51987019e-08	1.25993510e-08	1.25993510e-08
2489            	-3.11054692e-18	1.05747579e+01	2.67267549e-08	1.33633775e-08	1.33633775e-08
2490            	-3.11048325e-18	1.05749446e+01	2.85732692e-08	1.42866346e-08	1.42866346e-08
2491            	-3.11042968e-18	1.05751332e+01	3.21125513e-08	1.60562756e-08	1.60562756e-08
2492            	-3.11036225e-18	1.05753184e+01	2.98559377e-08	1.49279688e-08	1.49279689e-08
2493            	-3.11029607e-18	1.05755033e+01	2.67880679e-08	1.33940340e-08	1.33940340e-08
2494            	-3.11023199e-18	1.05756882e+01	2.39135931e-08	1.19567966e-08	1.19567966e-08
2495            	-3.11016829e-18	1.05758726e+01	2.16325738e-08	1.08162869e-08	1.08162869e-08
2496            	-3.11010858e-18	1.05760574e+01	2.19816243e-08	1.09908122e-08	1.09908122e-08
2497            	-3.11004944e-18	1.05762418e+01	2.31971660e-08	1.15985830e-08	1.15985830e-08
2498            	-3.10998979e-18	1.05764256e+01	2.43586880e-08	1.21793440e-08	1.21793440e-08
2499            	-3.10992929e-18	1.05766088e+01	2.48678132e-08	1.24339066e-08	1.24339066e-08
2500            	-3.10987643e-18	1.05767934e+01	2.64758314e-08	1.32379157e-08	1.32379157e-08
2501            	-3.10980884e-18	1.05769745e+01	2.24612533e-08	1.12306266e-08	1.12306266e-08
2502            	-3.10974209e-18	1.05771553e+01	1.86747564e-08	9.33737820e-09	9.33737821e-09
2503            	-3.10967764e-18	1.05773361e+01	1.64552602e-08	8.22763012e-09	8.22763013e-09
2504            	-3.10961638e-18	1.05775170e+01	1.67727509e-08	8.38637545e-09	8.38637545e-09
2505            	-3.10955727e-18	1.05776978e+01	1.91592360e-08	9.57961802e-09	9.57961802e-09
2506            	-3.10949928e-18	1.05778783e+01	2.26613807e-08	1.13306904e-08	1.13306904e-08
2507            	-3.10943878e-18	1.05780579e+01	2.58672975e-08	1.29336488e-08	1.29336488e-08
2508            	-3.10938144e-18	1.05782378e+01	2.91255954e-08	1.45627977e-08	1.45627977e-08
2509            	-3.10932327e-18	1.05784172e+01	3.02093689e-08	1.51046844e-08	1.51046844e-08
2510            	-3.10926395e-18	1.05785960e+01	2.86634984e-08	1.43317492e-08	1.43317492e-08
2511            	-3.10920380e-18	1.05787742e+01	2.49954662e-08	1.24977331e-08	1.24977331e-08
2512            	-3.10915102e-18	1.05789536e+01	2.31447958e-08	1.15723979e-08	1.15723979e-08
2513            	-3.10908548e-18	1.05791297e+01	1.56637211e-08	7.83186056e-09	7.83186056e-09
2514            	-3.10902128e-18	1.05793056e+01	1.01448063e-08	5.07240313e-09	5.07240314e-09
2515            	-3.10895963e-18	1.05794815e+01	8.25053503e-09	4.12526751e-09	4.12526752e-09
2516            	-3.10890070e-18	1.05796575e+01	1.04918654e-08	5.24593272e-09	5.24593272e-09
2517            	-3.10885152e-18	1.05798352e+01	1.85579343e-08	9.27896717e-09	9.27896717e-09
2518            	-3.10878998e-18	1.05800097e+01	2.15530781e-08	1.07765391e-08	1.07765391e-08
2519            	-3.10872925e-18	1.05801841e+01	2.42475721e-08	1.21237861e-08	1.21237861e-08
2520            	-3.10866982e-18	1.05803585e+01	2.62264459e-08	1.31132229e-08	1.31132229e-08
2521            	-3.10861129e-18	1.05805327e+01	2.70998574e-08	1.35499287e-08	1.35499287e-08
2522            	-3.10855412e-18	1.05807068e+01	2.69140823e-08	1.34570411e-08	1.34570412e-08
2523            	-3.10849732e-18	1.05808804e+01	2.54117562e-08	1.27058781e-08	1.27058781e-08
2524            	-3.10844049e-18	1.05810536e+01	2.28701788e-08	1.14350894e-08	1.14350894e-08
2525            	-3.10838349e-18	1.05812263e+01	1.99003683e-08	9.95018413e-09	9.95018413e-09
2526            	-3.10832647e-18	1.05813985e+01	1.72398658e-08	8.61993292e-09	8.61993292e-09
2527            	-3.10826900e-18	1.05815702e+01	1.52924873e-08	7.64624363e-09	7.64624364e-09
2528            	-3.10821194e-18	1.05817416e+01	1.46408033e-08	7.32040165e-09	7.32040165e-09
2529            	-3.10816274e-18	1.05819143e+01	1.76555841e-08	8.82779203e-09	8.82779204e-09
2530            	-3.10810799e-18	1.05820856e+01	1.99533321e-08	9.97666605e-09	9.97666606e-09
2531            	-3.10804158e-18	1.05822536e+01	1.44281862e-08	7.21409309e-09	7.21409310e-09
2532            	-3.10797869e-18	1.05824221e+01	1.13224095e-08	5.66120477e-09	5.66120477e-09
2533            	-3.10792698e-18	1.05825927e+01	1.67558543e-08	8.37792717e-09	8.37792718e-09
2534            	-3.10787372e-18	1.05827624e+01	2.07578485e-08	1.03789242e-08	1.03789242e-08
2535            	-3.10781312e-18	1.05829298e+01	1.73224639e-08	8.66123193e-09	8.66123194e-09
2536            	-3.10775537e-18	1.05830975e+01	1.62107977e-08	8.10539883e-09	8.10539883e-09
2537            	-3.10769837e-18	1.05832651e+01	1.74493658e-08	8.72468290e-09	8.72468291e-09
2538            	-3.10764565e-18	1.05834333e+01	2.17590560e-08	1.08795280e-08	1.08795280e-08
2539            	-3.10759336e-18	1.05836012e+01	2.58641606e-08	1.29320803e-08	1.29320803e-08
2540            	-3.10754021e-18	1.05837686e+01	2.77070312e-08	1.38535156e-08	1.38535156e-08
2541            	-3.10748589e-18	1.05839353e+01	2.63737037e-08	1.31868519e-08	1.31868519e-08
2542            	-3.10743026e-18	1.05841013e+01	2.22258839e-08	1.11129420e-08	1.11129420e-08
2543            	-3.10737436e-18	1.05842668e+01	1.68691675e-08	8.43458376e-09	8.43458376e-09
2544            	-3.10732547e-18	1.05844335e+01	1.48219881e-08	7.41099406e-09	7.41099407e-09
2545            	-3.10726566e-18	1.05845972e+01	8.52042429e-09	4.26021214e-09	4.26021215e-09
2546            	-3.10720724e-18	1.05847608e+01	5.00389373e-09	2.50194686e-09	2.50194687e-09
2547            	-3.10715110e-18	1.05849245e+01	5.18812863e-09	2.59406431e-09	2.59406432e-09
2548            	-3.10710455e-18	1.05850899e+01	1.29068603e-08	6.45343013e-09	6.45343013e-09
2549            	-3.10705304e-18	1.05852538e+01	1.85748143e-08	9.28740714e-09	9.28740714e-09
2550            	-3.10699275e-18	1.05854152e+01	1.76054124e-08	8.80270618e-09	8.80270618e-09
2551            	-3.10693505e-18	1.05855770e+01	1.76091504e-08	8.80457522e-09	8.80457523e-09
2552            	-3.10688710e-18	1.05857407e+01	2.22522877e-08	1.11261439e-08	1.11261439e-08
2553            	-3.10683013e-18	1.05859019e+01	2.07498405e-08	1.03749202e-08	1.03749202e-08
2554            	-3.10678230e-18	1.05860647e+01	2.29127815e-08	1.14563907e-08	1.14563908e-08
2555            	-3.10672444e-18	1.05862248e+01	1.87801762e-08	9.39008808e-09	9.39008809e-09
2556            	-3.10667580e-18	1.05863867e+01	1.93345090e-08	9.66725449e-09	9.66725449e-09
2557            	-3.10661775e-18	1.05865459e+01	1.43792459e-08	7.18962295e-09	7.18962296e-09
2558            	-3.10656978e-18	1.05867072e+01	1.63067927e-08	8.15339635e-09	8.15339636e-09
2559            	-3.10651179e-18	1.05868656e+01	1.19860663e-08	5.99303314e-09	5.99303315e-09
2560            	-3.10645693e-18	1.05870244e+01	1.05589012e-08	5.27945061e-09	5.27945062e-09
2561            	-3.10640493e-18	1.05871834e+01	1.18550527e-08	5.92752633e-09	5.92752633e-09
2562            	-3.10636200e-18	1.05873440e+01	1.70099814e-08	8.50499072e-09	8.50499073e-09
2563            	-3.10631462e-18	1.05875034e+01	2.00129337e-08	1.00064669e-08	1.00064669e-08
2564            	-3.10625499e-18	1.05876596e+01	1.69271506e-08	8.46357528e-09	8.46357529e-09
2565            	-3.10619771e-18	1.05878161e+01	1.45786663e-08	7.28933315e-09	7.28933316e-09
2566            	-3.10614382e-18	1.05879729e+01	1.37764491e-08	6.88822452e-09	6.88822453e-09
2567            	-3.10610064e-18	1.05881316e+01	1.80427687e-08	9.02138436e-09	9.02138437e-09
2568            	-3.10605275e-18	1.05882889e+01	2.00407902e-08	1.00203951e-08	1.00203951e-08
2569            	-3.10599516e-18	1.05884435e+01	1.49543464e-08	7.47717319e-09	7.47717319e-09
2570            	-3.10594022e-18	1.05885983e+01	1.15889200e-08	5.79445998e-09	5.79445999e-09
2571            	-3.10588823e-18	1.05887534e+01	1.07766706e-08	5.38833532e-09	5.38833532e-09
2572            	-3.10583861e-18	1.05889088e+01	1.24713325e-08	6.23566626e-09	6.23566627e-09
2573            	-3.10579705e-18	1.05890654e+01	1.70558122e-08	8.52790611e-09	8.52790611e-09
2574            	-3.10574401e-18	1.05892193e+01	1.75494282e-08	8.77471409e-09	8.77471410e-09
2575            	-3.10569095e-18	1.05893728e+01	1.72454748e-08	8.62273737e-09	8.62273738e-09
2576            	-3.10563877e-18	1.05895261e+01	1.65699415e-08	8.28497073e-09	8.28497074e-09
2577            	-3.10559456e-18	1.05896809e+01	1.79723732e-08	8.98618658e-09	8.98618658e-09
2578            	-3.10554028e-18	1.05898330e+01	1.48541156e-08	7.42705778e-09	7.42705779e-09
2579            	-3.10548738e-18	1.05899849e+01	1.21758629e-08	6.08793146e-09	6.08793146e-09
2580            	-3.10543657e-18	1.05901369e+01	1.09117927e-08	5.45589637e-09	5.45589638e-09
2581            	-3.10539441e-18	1.05902904e+01	1.45480259e-08	7.27401296e-09	7.27401296e-09
2582            	-3.10534165e-18	1.05904411e+01	1.27916005e-08	6.39580025e-09	6.39580025e-09
2583            	-3.10528990e-18	1.05905918e+01	1.20484325e-08	6.02421623e-09	6.02421623e-09
2584            	-3.10524617e-18	1.05907439e+01	1.54105760e-08	7.70528799e-09	7.70528799e-09
2585            	-3.10519280e-18	1.05908936e+01	1.40333945e-08	7.01669727e-09	7.01669727e-09
2586            	-3.10514110e-18	1.05910432e+01	1.34644098e-08	6.73220488e-09	6.73220488e-09
2587            	-3.10509137e-18	1.05911929e+01	1.38538810e-08	6.92694052e-09	6.92694052e-09
2588            	-3.10505035e-18	1.05913441e+01	1.74313954e-08	8.71569769e-09	8.71569769e-09
2589            	-3.10499827e-18	1.05914925e+01	1.57146893e-08	7.85734463e-09	7.85734463e-09
2590            	-3.10494726e-18	1.05916408e+01	1.40734297e-08	7.03671484e-09	7.03671484e-09
2591            	-3.10489777e-18	1.05917890e+01	1.31040192e-08	6.55200958e-09	6.55200958e-09
2592            	-3.10484786e-18	1.05919368e+01	1.26849266e-08	6.34246330e-09	6.34246330e-09
2593            	-3.10480161e-18	1.05920850e+01	1.43770012e-08	7.18850058e-09	7.18850058e-09
2594            	-3.10475559e-18	1.05922329e+01	1.60517246e-08	8.02586231e-09	8.02586231e-09
2595            	-3.10470921e-18	1.05923803e+01	1.68297795e-08	8.41488975e-09	8.41488976e-09
2596            	-3.10466922e-18	1.05925288e+01	1.79347728e-08	8.96738640e-09	8.96738641e-09
2597            	-3.10461661e-18	1.05926743e+01	1.38779212e-08	6.93896060e-09	6.93896061e-09
2598            	-3.10456445e-18	1.05928195e+01	9.84695265e-09	4.92347632e-09	4.92347633e-09
2599            	-3.10452069e-18	1.05929664e+01	1.15150220e-08	5.75751101e-09	5.75751101e-09
2600            	-3.10446786e-18	1.05931106e+01	7.57493416e-09	3.78746708e-09	3.78746709e-09
2601            	-3.10441782e-18	1.05932550e+01	6.20136751e-09	3.10068375e-09	3.10068376e-09
2602            	-3.10437684e-18	1.05934010e+01	1.17165892e-08	5.85829461e-09	5.85829462e-09
2603            	-3.10432736e-18	1.05935447e+01	1.15721755e-08	5.78608773e-09	5.78608774e-09
2604            	-3.10427935e-18	1.05936884e+01	1.27245988e-08	6.36229940e-09	6.36229941e-09
2605            	-3.10423290e-18	1.05938323e+01	1.49786553e-08	7.48932765e-09	7.48932766e-09
2606            	-3.10418731e-18	1.05939760e+01	1.74401894e-08	8.72009468e-09	8.72009469e-09
2607            	-3.10414199e-18	1.05941195e+01	1.91398231e-08	9.56991155e-09	9.56991155e-09
2608            	-3.10410213e-18	1.05942638e+01	1.99303503e-08	9.96517512e-09	9.96517513e-09
2609            	-3.10405262e-18	1.05944057e+01	1.66892716e-08	8.34463577e-09	8.34463578e-09
2610            	-3.10400327e-18	1.05945473e+01	1.25638789e-08	6.28193943e-09	6.28193944e-09
2611            	-3.10395502e-18	1.05946887e+01	8.99428506e-09	4.49714253e-09	4.49714253e-09
2612            	-3.10390849e-18	1.05948301e+01	7.19842703e-09	3.59921351e-09	3.59921352e-09
2613            	-3.10386346e-18	1.05949713e+01	7.47640958e-09	3.73820479e-09	3.73820479e-09
2614            	-3.10381905e-18	1.05951123e+01	9.31123377e-09	4.65561688e-09	4.65561689e-09
2615            	-3.10377494e-18	1.05952531e+01	1.19641275e-08	5.98206377e-09	5.98206377e-09
2616            	-3.10373617e-18	1.05953947e+01	1.57369938e-08	7.86849688e-09	7.86849689e-09
2617            	-3.10368766e-18	1.05955339e+01	1.51413211e-08	7.57066052e-09	7.57066053e-09
2618            	-3.10363907e-18	1.05956729e+01	1.36769465e-08	6.83847325e-09	6.83847326e-09
2619            	-3.10359184e-18	1.05958119e+01	1.23872870e-08	6.19364352e-09	6.19364352e-09
2620            	-3.10355252e-18	1.05959522e+01	1.46060104e-08	7.30300519e-09	7.30300519e-09
2621            	-3.10350375e-18	1.05960899e+01	1.16768076e-08	5.83840378e-09	5.83840378e-09
2622            	-3.10345667e-18	1.05962276e+01	9.70889435e-09	4.85444717e-09	4.85444718e-09
2623            	-3.10341152e-18	1.05963654e+01	9.27704153e-09	4.63852076e-09	4.63852077e-09
2624            	-3.10336786e-18	1.05965032e+01	1.03830986e-08	5.19154931e-09	5.19154932e-09
2625            	-3.10332493e-18	1.05966408e+01	1.24825495e-08	6.24127472e-09	6.24127473e-09
2626            	-3.10328217e-18	1.05967782e+01	1.47064184e-08	7.35320918e-09	7.35320918e-09
2627            	-3.10323870e-18	1.05969151e+01	1.61126072e-08	8.05630358e-09	8.05630358e-09
2628            	-3.10319502e-18	1.05970517e+01	1.63919279e-08	8.19596396e-09	8.19596397e-09
2629            	-3.10315102e-18	1.05971879e+01	1.54119603e-08	7.70598016e-09	7.70598017e-09
2630            	-3.10310666e-18	1.05973237e+01	1.34521401e-08	6.72607003e-09	6.72607003e-09
2631            	-3.10306266e-18	1.05974591e+01	1.13008939e-08	5.65044694e-09	5.65044695e-09
2632            	-3.10301881e-18	1.05975943e+01	9.39909026e-09	4.69954513e-09	4.69954513e-09
2633            	-3.10297536e-18	1.05977291e+01	8.29082422e-09	4.14541211e-09	4.14541212e-09
2634            	-3.10293204e-18	1.05978636e+01	8.10054762e-09	4.05027381e-09	4.05027381e-09
2635            	-3.10288907e-18	1.05979979e+01	8.90094005e-09	4.45047002e-09	4.45047003e-09
2636            	-3.10285164e-18	1.05981331e+01	1.20546535e-08	6.02732672e-09	6.02732673e-09
2637            	-3.10280504e-18	1.05982659e+01	1.12069479e-08	5.60347393e-09	5.60347393e-09
2638            	-3.10275933e-18	1.05983987e+01	1.07311261e-08	5.36556305e-09	5.36556306e-09
2639            	-3.10271485e-18	1.05985314e+01	1.08075126e-08	5.40375630e-09	5.40375631e-09
2640            	-3.10267198e-18	1.05986642e+01	1.16706637e-08	5.83533182e-09	5.83533183e-09
2641            	-3.10263020e-18	1.05987968e+01	1.29530559e-08	6.47652795e-09	6.47652795e-09
2642            	-3.10258882e-18	1.05989291e+01	1.41328984e-08	7.06644920e-09	7.06644921e-09
2643            	-3.10254769e-18	1.05990611e+01	1.48444098e-08	7.42220490e-09	7.42220490e-09
2644            	-3.10250618e-18	1.05991928e+01	1.47080552e-08	7.35402761e-09	7.35402761e-09
2645            	-3.10246428e-18	1.05993241e+01	1.37904420e-08	6.89522101e-09	6.89522102e-09
2646            	-3.10242210e-18	1.05994550e+01	1.23680592e-08	6.18402960e-09	6.18402960e-09
2647            	-3.10237980e-18	1.05995856e+01	1.08210585e-08	5.41052926e-09	5.41052927e-09
2648            	-3.10233771e-18	1.05997159e+01	9.56242529e-09	4.78121264e-09	4.78121265e-09
2649            	-3.10230147e-18	1.05998472e+01	1.10392072e-08	5.51960361e-09	5.51960361e-09
2650            	-3.10225621e-18	1.05999761e+01	8.43341942e-09	4.21670971e-09	4.21670971e-09
2651            	-3.10221179e-18	1.06001049e+01	6.72500063e-09	3.36250031e-09	3.36250032e-09
2652            	-3.10216888e-18	1.06002336e+01	6.56049425e-09	3.28024712e-09	3.28024713e-09
2653            	-3.10212759e-18	1.06003624e+01	8.11606772e-09	4.05803386e-09	4.05803386e-09
2654            	-3.10209250e-18	1.06004923e+01	1.25280942e-08	6.26404710e-09	6.26404710e-09
2655            	-3.10204947e-18	1.06006201e+01	1.31694118e-08	6.58470590e-09	6.58470591e-09
2656            	-3.10200687e-18	1.06007477e+01	1.34527332e-08	6.72636659e-09	6.72636660e-09
2657            	-3.10196511e-18	1.06008752e+01	1.35680989e-08	6.78404946e-09	6.78404947e-09
2658            	-3.10193045e-18	1.06010040e+01	1.56041392e-08	7.80206959e-09	7.80206960e-09
2659            	-3.10188607e-18	1.06011303e+01	1.31085503e-08	6.55427514e-09	6.55427514e-09
2660            	-3.10184295e-18	1.06012566e+01	1.08014799e-08	5.40073992e-09	5.40073993e-09
2661            	-3.10180158e-18	1.06013828e+01	9.34275916e-09	4.67137958e-09	4.67137959e-09
2662            	-3.10176660e-18	1.06015102e+01	1.11814573e-08	5.59072865e-09	5.59072866e-09
2663            	-3.10172440e-18	1.06016356e+01	9.41916151e-09	4.70958075e-09	4.70958076e-09
2664            	-3.10168294e-18	1.06017609e+01	8.51010930e-09	4.25505465e-09	4.25505465e-09
2665            	-3.10164248e-18	1.06018862e+01	8.78736936e-09	4.39368468e-09	4.39368468e-09
2666            	-3.10160272e-18	1.06020113e+01	1.00843053e-08	5.04215266e-09	5.04215267e-09
2667            	-3.10156371e-18	1.06021363e+01	1.19865882e-08	5.99329408e-09	5.99329409e-09
2668            	-3.10152482e-18	1.06022609e+01	1.36365094e-08	6.81825468e-09	6.81825469e-09
2669            	-3.10148582e-18	1.06023853e+01	1.44435313e-08	7.22176565e-09	7.22176566e-09
2670            	-3.10144651e-18	1.06025093e+01	1.41426476e-08	7.07132378e-09	7.07132379e-09
2671            	-3.10140725e-18	1.06026330e+01	1.30011982e-08	6.50059909e-09	6.50059910e-09
2672            	-3.10136787e-18	1.06027563e+01	1.13172799e-08	5.65863992e-09	5.65863993e-09
2673            	-3.10133391e-18	1.06028806e+01	1.16940525e-08	5.84702625e-09	5.84702625e-09
2674            	-3.10129115e-18	1.06030026e+01	8.14835199e-09	4.07417599e-09	4.07417600e-09
2675            	-3.10124925e-18	1.06031245e+01	5.70645373e-09	2.85322686e-09	2.85322687e-09
2676            	-3.10120888e-18	1.06032464e+01	5.07385270e-09	2.53692635e-09	2.53692636e-09
2677            	-3.10117004e-18	1.06033683e+01	6.37427358e-09	3.18713679e-09	3.18713679e-09
2678            	-3.10113756e-18	1.06034913e+01	1.10631948e-08	5.53159740e-09	5.53159741e-09
2679            	-3.10109681e-18	1.06036121e+01	1.17995913e-08	5.89979566e-09	5.89979567e-09
2680            	-3.10105657e-18	1.06037328e+01	1.23538547e-08	6.17692736e-09	6.17692737e-09
2681            	-3.10102293e-18	1.06038548e+01	1.49257521e-08	7.46287602e-09	7.46287603e-09
2682            	-3.10098078e-18	1.06039746e+01	1.29947690e-08	6.49738450e-09	6.49738451e-09
2683            	-3.10094010e-18	1.06040943e+01	1.12058905e-08	5.60294527e-09	5.60294528e-09
2684            	-3.10090647e-18	1.06042154e+01	1.29677777e-08	6.48388885e-09	6.48388886e-09
2685            	-3.10086555e-18	1.06043345e+01	1.00313738e-08	5.01568692e-09	5.01568692e-09
2686            	-3.10082611e-18	1.06044535e+01	8.12789232e-09	4.06394616e-09	4.06394616e-09
2687            	-3.10078827e-18	1.06045726e+01	7.80944162e-09	3.90472081e-09	3.90472081e-09
2688            	-3.10075167e-18	1.06046917e+01	8.98695899e-09	4.49347949e-09	4.49347950e-09
2689            	-3.10071528e-18	1.06048106e+01	1.08938306e-08	5.44691528e-09	5.44691528e-09
2690            	-3.10067902e-18	1.06049293e+01	1.28032231e-08	6.40161156e-09	6.40161156e-09
2691            	-3.10064224e-18	1.06050476e+01	1.38706165e-08	6.93530822e-09	6.93530823e-09
2692            	-3.10060506e-18	1.06051655e+01	1.38012226e-08	6.90061130e-09	6.90061131e-09
2693            	-3.10056752e-18	1.06052831e+01	1.26534223e-08	6.32671115e-09	6.32671116e-09
2694            	-3.10053001e-18	1.06054003e+01	1.09239954e-08	5.46199771e-09	5.46199771e-09
2695            	-3.10049774e-18	1.06055185e+01	1.12165016e-08	5.60825080e-09	5.60825081e-09
2696            	-3.10045747e-18	1.06056344e+01	7.69162334e-09	3.84581167e-09	3.84581167e-09
2697            	-3.10041799e-18	1.06057503e+01	5.15628661e-09	2.57814330e-09	2.57814331e-09
2698            	-3.10038503e-18	1.06058674e+01	7.99677377e-09	3.99838688e-09	3.99838689e-09
2699            	-3.10034482e-18	1.06059825e+01	6.18402443e-09	3.09201221e-09	3.09201222e-09
2700            	-3.10030642e-18	1.06060977e+01	6.32945542e-09	3.16472771e-09	3.16472771e-09
2701            	-3.10026987e-18	1.06062130e+01	8.28446358e-09	4.14223179e-09	4.14223179e-09
2702            	-3.10023451e-18	1.06063284e+01	1.12955513e-08	5.64777564e-09	5.64777565e-09
2703            	-3.10019976e-18	1.06064436e+01	1.43281857e-08	7.16409287e-09	7.16409288e-09
2704            	-3.10016489e-18	1.06065586e+01	1.62941283e-08	8.14706416e-09	8.14706417e-09
2705            	-3.10012948e-18	1.06066732e+01	1.65546298e-08	8.27731490e-09	8.27731491e-09
2706            	-3.10009365e-18	1.06067874e+01	1.51582627e-08	7.57913136e-09	7.57913137e-09
2707            	-3.10005745e-18	1.06069012e+01	1.25761964e-08	6.28809820e-09	6.28809821e-09
2708            	-3.10002127e-18	1.06070148e+01	9.66324473e-09	4.83162236e-09	4.83162237e-09
2709            	-3.09998523e-18	1.06071281e+01	7.14334408e-09	3.57167204e-09	3.57167204e-09
2710            	-3.09994949e-18	1.06072411e+01	5.61862690e-09	2.80931345e-09	2.80931346e-09
2711            	-3.09991411e-18	1.06073539e+01	5.35250261e-09	2.67625130e-09	2.67625131e-09
2712            	-3.09988344e-18	1.06074674e+01	8.13257898e-09	4.06628949e-09	4.06628949e-09
2713            	-3.09984550e-18	1.06075791e+01	7.65248863e-09	3.82624431e-09	3.82624432e-09
2714            	-3.09980778e-18	1.06076906e+01	7.61983051e-09	3.80991525e-09	3.80991526e-09
2715            	-3.09977148e-18	1.06078021e+01	8.65575258e-09	4.32787629e-09	4.32787629e-09
2716            	-3.09973608e-18	1.06079136e+01	1.03003869e-08	5.15019342e-09	5.15019343e-09
2717            	-3.09970184e-18	1.06080251e+01	1.23096900e-08	6.15484498e-09	6.15484498e-09
2718            	-3.09966810e-18	1.06081363e+01	1.38982822e-08	6.94914111e-09	6.94914112e-09
2719            	-3.09963927e-18	1.06082484e+01	1.55103618e-08	7.75518089e-09	7.75518090e-09
2720            	-3.09960197e-18	1.06083583e+01	1.32161880e-08	6.60809400e-09	6.60809401e-09
2721            	-3.09956481e-18	1.06084681e+01	1.03068468e-08	5.15342338e-09	5.15342339e-09
2722            	-3.09953366e-18	1.06085790e+01	1.05881993e-08	5.29409963e-09	5.29409964e-09
2723            	-3.09949505e-18	1.06086878e+01	6.81831206e-09	3.40915603e-09	3.40915603e-09
2724            	-3.09945834e-18	1.06087967e+01	4.84615186e-09	2.42307593e-09	2.42307593e-09
2725            	-3.09942374e-18	1.06089058e+01	5.04275217e-09	2.52137608e-09	2.52137609e-09
2726            	-3.09939551e-18	1.06090160e+01	9.39278625e-09	4.69639312e-09	4.69639313e-09
2727            	-3.09936001e-18	1.06091244e+01	9.93541498e-09	4.96770749e-09	4.96770749e-09
2728            	-3.09932497e-18	1.06092326e+01	1.06569301e-08	5.32846505e-09	5.32846506e-09
2729            	-3.09929047e-18	1.06093408e+01	1.14816558e-08	5.74082789e-09	5.74082790e-09
2730            	-3.09925676e-18	1.06094489e+01	1.23477608e-08	6.17388038e-09	6.17388039e-09
2731            	-3.09922343e-18	1.06095568e+01	1.28626512e-08	6.43132561e-09	6.43132562e-09
2732            	-3.09919004e-18	1.06096644e+01	1.27355230e-08	6.36776148e-09	6.36776149e-09
2733            	-3.09915704e-18	1.06097718e+01	1.21094057e-08	6.05470282e-09	6.05470283e-09
2734            	-3.09912828e-18	1.06098798e+01	1.22395583e-08	6.11977913e-09	6.11977914e-09
2735            	-3.09909234e-18	1.06099860e+01	9.13808138e-09	4.56904069e-09	4.56904069e-09
2736            	-3.09905672e-18	1.06100920e+01	6.44057024e-09	3.22028511e-09	3.22028512e-09
2737            	-3.09902210e-18	1.06101980e+01	5.04309328e-09	2.52154664e-09	2.52154664e-09
2738            	-3.09898870e-18	1.06103040e+01	5.36321166e-09	2.68160583e-09	2.68160583e-09
2739            	-3.09896078e-18	1.06104109e+01	9.09373033e-09	4.54686516e-09	4.54686517e-09
2740            	-3.09892586e-18	1.06105160e+01	9.41224256e-09	4.70612128e-09	4.70612128e-09
2741            	-3.09889146e-18	1.06106209e+01	9.86671282e-09	4.93335641e-09	4.93335641e-09
2742            	-3.09886201e-18	1.06107268e+01	1.22838370e-08	6.14191850e-09	6.14191850e-09
2743            	-3.09882665e-18	1.06108310e+01	1.11717421e-08	5.58587103e-09	5.58587104e-09
2744            	-3.09879229e-18	1.06109352e+01	1.01983671e-08	5.09918356e-09	5.09918357e-09
2745            	-3.09875925e-18	1.06110395e+01	9.79927705e-09	4.89963852e-09	4.89963853e-09
2746            	-3.09872730e-18	1.06111437e+01	1.00561197e-08	5.02805982e-09	5.02805983e-09
2747            	-3.09869602e-18	1.06112478e+01	1.07210991e-08	5.36054956e-09	5.36054956e-09
2748            	-3.09866976e-18	1.06113527e+01	1.24739658e-08	6.23698292e-09	6.23698293e-09
2749            	-3.09863955e-18	1.06114566e+01	1.26764812e-08	6.33824059e-09	6.33824059e-09
2750            	-3.09860183e-18	1.06115586e+01	8.93708459e-09	4.46854229e-09	4.46854230e-09
2751            	-3.09856580e-18	1.06116606e+01	6.18089924e-09	3.09044962e-09	3.09044962e-09
2752            	-3.09853220e-18	1.06117630e+01	5.15515750e-09	2.57757875e-09	2.57757875e-09
2753            	-3.09850085e-18	1.06118655e+01	6.06128629e-09	3.03064314e-09	3.03064315e-09
2754            	-3.09847513e-18	1.06119690e+01	1.00601599e-08	5.03007995e-09	5.03007995e-09
2755            	-3.09844263e-18	1.06120707e+01	1.06682708e-08	5.33413541e-09	5.33413541e-09
2756            	-3.09841018e-18	1.06121722e+01	1.10718745e-08	5.53593723e-09	5.53593724e-09
2757            	-3.09837800e-18	1.06122736e+01	1.13791519e-08	5.68957593e-09	5.68957594e-09
2758            	-3.09834632e-18	1.06123750e+01	1.16497244e-08	5.82486221e-09	5.82486221e-09
2759            	-3.09831501e-18	1.06124761e+01	1.17234036e-08	5.86170178e-09	5.86170179e-09
2760            	-3.09828819e-18	1.06125780e+01	1.27138660e-08	6.35693299e-09	6.35693299e-09
2761            	-3.09825459e-18	1.06126780e+01	1.03698051e-08	5.18490254e-09	5.18490254e-09
2762            	-3.09822515e-18	1.06127788e+01	1.01695774e-08	5.08478872e-09	5.08478872e-09
2763            	-3.09819056e-18	1.06128781e+01	6.54107780e-09	3.27053890e-09	3.27053890e-09
2764            	-3.09815748e-18	1.06129775e+01	4.40296260e-09	2.20148130e-09	2.20148130e-09
2765            	-3.09812611e-18	1.06130770e+01	4.37580535e-09	2.18790267e-09	2.18790268e-09
2766            	-3.09809615e-18	1.06131766e+01	6.37687234e-09	3.18843617e-09	3.18843617e-09
2767            	-3.09807123e-18	1.06132770e+01	1.07347471e-08	5.36737354e-09	5.36737355e-09
2768            	-3.09803909e-18	1.06133756e+01	1.20093474e-08	6.00467369e-09	6.00467370e-09
2769            	-3.09801103e-18	1.06134751e+01	1.37046007e-08	6.85230033e-09	6.85230034e-09
2770            	-3.09797669e-18	1.06135728e+01	1.20206444e-08	6.01032217e-09	6.01032218e-09
2771            	-3.09794362e-18	1.06136706e+01	1.01841322e-08	5.09206610e-09	5.09206611e-09
2772            	-3.09791223e-18	1.06137685e+01	8.82596414e-09	4.41298207e-09	4.41298207e-09
2773            	-3.09788248e-18	1.06138664e+01	8.39015647e-09	4.19507823e-09	4.19507824e-09
2774            	-3.09785343e-18	1.06139642e+01	8.70306121e-09	4.35153060e-09	4.35153061e-09
2775            	-3.09782489e-18	1.06140619e+01	9.61177278e-09	4.80588639e-09	4.80588639e-09
2776            	-3.09779601e-18	1.06141593e+01	1.04827883e-08	5.24139416e-09	5.24139417e-09
2777            	-3.09776660e-18	1.06142563e+01	1.09755708e-08	5.48778539e-09	5.48778539e-09
2778            	-3.09773677e-18	1.06143531e+01	1.09586865e-08	5.47934327e-09	5.47934327e-09
2779            	-3.09771072e-18	1.06144506e+01	1.16168532e-08	5.80842661e-09	5.80842662e-09
2780            	-3.09767797e-18	1.06145462e+01	9.22729663e-09	4.61364831e-09	4.61364832e-09
2781            	-3.09764595e-18	1.06146418e+01	7.04785481e-09	3.52392740e-09	3.52392741e-09
2782            	-3.09761522e-18	1.06147373e+01	5.73109076e-09	2.86554538e-09	2.86554538e-09
2783            	-3.09758574e-18	1.06148329e+01	5.65322870e-09	2.82661435e-09	2.82661435e-09
2784            	-3.09755721e-18	1.06149283e+01	6.86468281e-09	3.43234140e-09	3.43234141e-09
2785            	-3.09752926e-18	1.06150237e+01	8.92436594e-09	4.46218297e-09	4.46218297e-09
2786            	-3.09750118e-18	1.06151189e+01	1.10131250e-08	5.50656249e-09	5.50656249e-09
2787            	-3.09747176e-18	1.06152136e+01	1.23445330e-08	6.17226651e-09	6.17226651e-09
2788            	-3.09744342e-18	1.06153083e+01	1.33094061e-08	6.65470305e-09	6.65470306e-09
2789            	-3.09741476e-18	1.06154028e+01	1.30806730e-08	6.54033649e-09	6.54033650e-09
2790            	-3.09738571e-18	1.06154969e+01	1.16751421e-08	5.83757104e-09	5.83757105e-09
2791            	-3.09735672e-18	1.06155908e+01	9.66104907e-09	4.83052453e-09	4.83052454e-09
2792            	-3.09732770e-18	1.06156844e+01	7.51905840e-09	3.75952920e-09	3.75952920e-09
2793            	-3.09729889e-18	1.06157778e+01	5.93972114e-09	2.96986057e-09	2.96986057e-09
2794            	-3.09727016e-18	1.06158710e+01	5.27051156e-09	2.63525578e-09	2.63525578e-09
2795            	-3.09724183e-18	1.06159640e+01	5.78581408e-09	2.89290704e-09	2.89290704e-09
2796            	-3.09721353e-18	1.06160568e+01	7.09602372e-09	3.54801186e-09	3.54801186e-09
2797            	-3.09718547e-18	1.06161494e+01	8.83762687e-09	4.41881343e-09	4.41881344e-09
2798            	-3.09715739e-18	1.06162419e+01	1.03835029e-08	5.19175145e-09	5.19175146e-09
2799            	-3.09713309e-18	1.06163350e+01	1.24926493e-08	6.24632467e-09	6.24632468e-09
2800            	-3.09710243e-18	1.06164264e+01	1.11419286e-08	5.57096430e-09	5.57096430e-09
2801            	-3.09707221e-18	1.06165177e+01	9.34540750e-09	4.67270375e-09	4.67270376e-09
2802            	-3.09704296e-18	1.06166090e+01	7.86468332e-09	3.93234166e-09	3.93234166e-09
2803            	-3.09701906e-18	1.06167013e+01	9.57835241e-09	4.78917620e-09	4.78917621e-09
2804            	-3.09699242e-18	1.06167927e+01	1.03774618e-08	5.18873091e-09	5.18873092e-09
2805            	-3.09696081e-18	1.06168827e+01	7.13197236e-09	3.56598617e-09	3.56598618e-09
2806            	-3.09693093e-18	1.06169728e+01	5.50351627e-09	2.75175813e-09	2.75175814e-09
2807            	-3.09690687e-18	1.06170641e+01	8.53122919e-09	4.26561459e-09	4.26561460e-09
2808            	-3.09687753e-18	1.06171539e+01	7.95915422e-09	3.97957711e-09	3.97957711e-09
2809            	-3.09685314e-18	1.06172447e+01	1.05123823e-08	5.25619114e-09	5.25619115e-09
2810            	-3.09682337e-18	1.06173340e+01	9.53638487e-09	4.76819243e-09	4.76819244e-09
2811            	-3.09679477e-18	1.06174234e+01	9.11704451e-09	4.55852225e-09	4.55852226e-09
2812            	-3.09676736e-18	1.06175129e+01	9.30326813e-09	4.65163406e-09	4.65163407e-09
2813            	-3.09674437e-18	1.06176031e+01	1.09176399e-08	5.45881996e-09	5.45881997e-09
2814            	-3.09671585e-18	1.06176919e+01	1.01128004e-08	5.05640017e-09	5.05640018e-09
2815            	-3.09669077e-18	1.06177812e+01	1.04199186e-08	5.20995929e-09	5.20995929e-09
2816            	-3.09666109e-18	1.06178693e+01	8.24213807e-09	4.12106903e-09	4.12106904e-09
2817            	-3.09663242e-18	1.06179573e+01	6.72325334e-09	3.36162667e-09	3.36162667e-09
2818            	-3.09660873e-18	1.06180463e+01	8.55882783e-09	4.27941391e-09	4.27941392e-09
2819            	-3.09657991e-18	1.06181338e+01	7.29876894e-09	3.64938447e-09	3.64938447e-09
2820            	-3.09655216e-18	1.06182214e+01	6.99292055e-09	3.49646027e-09	3.49646028e-09
2821            	-3.09652550e-18	1.06183090e+01	7.68535845e-09	3.84267922e-09	3.84267923e-09
2822            	-3.09650341e-18	1.06183974e+01	1.04637211e-08	5.23186052e-09	5.23186053e-09
2823            	-3.09647538e-18	1.06184842e+01	1.02978373e-08	5.14891866e-09	5.14891867e-09
2824            	-3.09644765e-18	1.06185710e+01	9.90317359e-09	4.95158679e-09	4.95158680e-09
2825            	-3.09642429e-18	1.06186586e+01	1.09961391e-08	5.49806954e-09	5.49806955e-09
2826            	-3.09639536e-18	1.06187447e+01	9.17262063e-09	4.58631031e-09	4.58631032e-09
2827            	-3.09636741e-18	1.06188308e+01	7.71614191e-09	3.85807095e-09	3.85807096e-09
2828            	-3.09634066e-18	1.06189169e+01	7.03426645e-09	3.51713322e-09	3.51713323e-09
2829            	-3.09631502e-18	1.06190029e+01	7.31146887e-09	3.65573443e-09	3.65573444e-09
2830            	-3.09629372e-18	1.06190898e+01	9.60901462e-09	4.80450730e-09	4.80450731e-09
2831            	-3.09626623e-18	1.06191751e+01	9.08505857e-09	4.54252928e-09	4.54252929e-09
2832            	-3.09623895e-18	1.06192602e+01	8.61779590e-09	4.30889795e-09	4.30889795e-09
2833            	-3.09621602e-18	1.06193462e+01	1.00191258e-08	5.00956289e-09	5.00956289e-09
2834            	-3.09618749e-18	1.06194306e+01	8.56892828e-09	4.28446414e-09	4.28446414e-09
2835            	-3.09615990e-18	1.06195151e+01	7.52121191e-09	3.76060595e-09	3.76060596e-09
2836            	-3.09613374e-18	1.06195996e+01	7.30848877e-09	3.65424438e-09	3.65424439e-09
2837            	-3.09610860e-18	1.06196842e+01	7.82064094e-09	3.91032047e-09	3.91032047e-09
2838            	-3.09608409e-18	1.06197686e+01	8.83143443e-09	4.41571721e-09	4.41571722e-09
2839            	-3.09605963e-18	1.06198529e+01	9.86561692e-09	4.93280846e-09	4.93280846e-09
2840            	-3.09603499e-18	1.06199369e+01	1.05648103e-08	5.28240514e-09	5.28240514e-09
2841            	-3.09601364e-18	1.06200215e+01	1.14274078e-08	5.71370392e-09	5.71370393e-09
2842            	-3.09598591e-18	1.06201045e+01	9.68549279e-09	4.84274639e-09	4.84274640e-09
2843            	-3.09595834e-18	1.06201874e+01	7.70721694e-09	3.85360847e-09	3.85360847e-09
2844            	-3.09593505e-18	1.06202711e+01	8.32325718e-09	4.16162859e-09	4.16162859e-09
2845            	-3.09590726e-18	1.06203533e+01	5.95554695e-09	2.97777347e-09	2.97777348e-09
2846            	-3.09588084e-18	1.06204357e+01	4.75880510e-09	2.37940255e-09	2.37940255e-09
2847            	-3.09585584e-18	1.06205181e+01	5.06867624e-09	2.53433812e-09	2.53433812e-09
2848            	-3.09583179e-18	1.06206006e+01	6.70646485e-09	3.35323242e-09	3.35323243e-09
2849            	-3.09580804e-18	1.06206829e+01	9.04430607e-09	4.52215303e-09	4.52215304e-09
2850            	-3.09578440e-18	1.06207651e+01	1.13080938e-08	5.65404691e-09	5.65404692e-09
2851            	-3.09576026e-18	1.06208471e+01	1.26435173e-08	6.32175866e-09	6.32175866e-09
2852            	-3.09573578e-18	1.06209288e+01	1.27272682e-08	6.36363407e-09	6.36363408e-09
2853            	-3.09571091e-18	1.06210102e+01	1.15601732e-08	5.78008661e-09	5.78008662e-09
2854            	-3.09568599e-18	1.06210914e+01	9.63242717e-09	4.81621358e-09	4.81621359e-09
2855            	-3.09566114e-18	1.06211724e+01	7.48449958e-09	3.74224979e-09	3.74224979e-09
2856            	-3.09563651e-18	1.06212532e+01	5.72670336e-09	2.86335168e-09	2.86335168e-09
2857            	-3.09561219e-18	1.06213338e+01	4.81737819e-09	2.40868909e-09	2.40868910e-09
2858            	-3.09559122e-18	1.06214150e+01	6.38798239e-09	3.19399119e-09	3.19399120e-09
2859            	-3.09556522e-18	1.06214948e+01	5.71675291e-09	2.85837645e-09	2.85837646e-09
2860            	-3.09554262e-18	1.06215753e+01	7.70320703e-09	3.85160351e-09	3.85160352e-09
2861            	-3.09551554e-18	1.06216546e+01	6.72149301e-09	3.36074650e-09	3.36074651e-09
2862            	-3.09548967e-18	1.06217339e+01	6.59682893e-09	3.29841446e-09	3.29841447e-09
2863            	-3.09546511e-18	1.06218133e+01	7.38034194e-09	3.69017097e-09	3.69017097e-09
2864            	-3.09544186e-18	1.06218928e+01	8.98198046e-09	4.49099023e-09	4.49099023e-09
2865            	-3.09541918e-18	1.06219723e+01	1.06800312e-08	5.34001561e-09	5.34001561e-09
2866            	-3.09539640e-18	1.06220515e+01	1.18078369e-08	5.90391844e-09	5.90391845e-09
2867            	-3.09537343e-18	1.06221305e+01	1.20237663e-08	6.01188316e-09	6.01188317e-09
2868            	-3.09535361e-18	1.06222100e+01	1.18382753e-08	5.91913762e-09	5.91913763e-09
2869            	-3.09532750e-18	1.06222880e+01	9.18621199e-09	4.59310599e-09	4.59310600e-09
2870            	-3.09530164e-18	1.06223658e+01	6.48111833e-09	3.24055916e-09	3.24055917e-09
2871            	-3.09527668e-18	1.06224437e+01	4.54167577e-09	2.27083788e-09	2.27083789e-09
2872            	-3.09525288e-18	1.06225215e+01	3.89322855e-09	1.94661427e-09	1.94661428e-09
2873            	-3.09522992e-18	1.06225993e+01	4.53677259e-09	2.26838629e-09	2.26838630e-09
2874            	-3.09520752e-18	1.06226769e+01	6.20602596e-09	3.10301297e-09	3.10301298e-09
2875            	-3.09518509e-18	1.06227544e+01	8.23193232e-09	4.11596616e-09	4.11596617e-09
2876            	-3.09516258e-18	1.06228318e+01	1.00501244e-08	5.02506220e-09	5.02506221e-09
2877            	-3.09514285e-18	1.06229096e+01	1.17368414e-08	5.86842069e-09	5.86842070e-09
2878            	-3.09511760e-18	1.06229861e+01	1.07191329e-08	5.35956642e-09	5.35956643e-09
2879            	-3.09509253e-18	1.06230624e+01	9.05245763e-09	4.52622881e-09	4.52622882e-09
2880            	-3.09506825e-18	1.06231387e+01	7.41064338e-09	3.70532169e-09	3.70532169e-09
2881            	-3.09504494e-18	1.06232149e+01	6.33564791e-09	3.16782395e-09	3.16782396e-09
2882            	-3.09502531e-18	1.06232918e+01	7.46583915e-09	3.73291957e-09	3.73291958e-09
2883            	-3.09500148e-18	1.06233674e+01	6.47443759e-09	3.23721879e-09	3.23721880e-09
2884            	-3.09497801e-18	1.06234430e+01	6.09562338e-09	3.04781169e-09	3.04781169e-09
2885            	-3.09495502e-18	1.06235185e+01	6.47372779e-09	3.23686389e-09	3.23686390e-09
2886            	-3.09493247e-18	1.06235940e+01	7.49639539e-09	3.74819769e-09	3.74819770e-09
2887            	-3.09491016e-18	1.06236693e+01	8.76470456e-09	4.38235227e-09	4.38235228e-09
2888            	-3.09488810e-18	1.06237446e+01	9.86127007e-09	4.93063503e-09	4.93063504e-09
2889            	-3.09486909e-18	1.06238203e+01	1.11392893e-08	5.56964465e-09	5.56964465e-09
2890            	-3.09484484e-18	1.06238947e+01	9.66157401e-09	4.83078700e-09	4.83078701e-09
2891            	-3.09482081e-18	1.06239689e+01	7.75421375e-09	3.87710687e-09	3.87710688e-09
2892            	-3.09480056e-18	1.06240439e+01	7.98544407e-09	3.99272203e-09	3.99272204e-09
2893            	-3.09477595e-18	1.06241175e+01	5.57355867e-09	2.78677933e-09	2.78677934e-09
2894            	-3.09475234e-18	1.06241912e+01	4.24979601e-09	2.12489800e-09	2.12489801e-09
2895            	-3.09473001e-18	1.06242650e+01	4.48903922e-09	2.24451961e-09	2.24451962e-09
2896            	-3.09470871e-18	1.06243389e+01	6.05656328e-09	3.02828164e-09	3.02828164e-09
2897            	-3.09468774e-18	1.06244126e+01	8.18550370e-09	4.09275185e-09	4.09275185e-09
2898            	-3.09466669e-18	1.06244862e+01	1.00887785e-08	5.04438925e-09	5.04438925e-09
2899            	-3.09464528e-18	1.06245596e+01	1.11450671e-08	5.57253356e-09	5.57253356e-09
2900            	-3.09462351e-18	1.06246327e+01	1.11116150e-08	5.55580752e-09	5.55580753e-09
2901            	-3.09460148e-18	1.06247056e+01	1.01071670e-08	5.05358348e-09	5.05358348e-09
2902            	-3.09457937e-18	1.06247783e+01	8.50879052e-09	4.25439526e-09	4.25439526e-09
2903            	-3.09455742e-18	1.06248508e+01	6.85198147e-09	3.42599073e-09	3.42599074e-09
2904            	-3.09453563e-18	1.06249232e+01	5.50708206e-09	2.75354103e-09	2.75354103e-09
2905            	-3.09451410e-18	1.06249954e+01	4.82929766e-09	2.41464883e-09	2.41464883e-09
2906            	-3.09449572e-18	1.06250681e+01	6.32454831e-09	3.16227415e-09	3.16227416e-09
2907            	-3.09447250e-18	1.06251395e+01	5.53692519e-09	2.76846259e-09	2.76846260e-09
2908            	-3.09444962e-18	1.06252109e+01	5.29956204e-09	2.64978102e-09	2.64978102e-09
2909            	-3.09443033e-18	1.06252830e+01	7.50296293e-09	3.75148146e-09	3.75148147e-09
2910            	-3.09440689e-18	1.06253539e+01	7.01762686e-09	3.50881343e-09	3.50881343e-09
2911            	-3.09438443e-18	1.06254248e+01	7.04022099e-09	3.52011049e-09	3.52011050e-09
2912            	-3.09436303e-18	1.06254958e+01	7.60265151e-09	3.80132575e-09	3.80132576e-09
2913            	-3.09434230e-18	1.06255668e+01	8.47215490e-09	4.23607745e-09	4.23607745e-09
2914            	-3.09432152e-18	1.06256376e+01	9.33619796e-09	4.66809898e-09	4.66809898e-09
2915            	-3.09430168e-18	1.06257084e+01	1.02074396e-08	5.10371978e-09	5.10371979e-09
2916            	-3.09428144e-18	1.06257790e+01	1.03078230e-08	5.15391149e-09	5.15391149e-09
2917            	-3.09426092e-18	1.06258494e+01	9.60464691e-09	4.80232345e-09	4.80232346e-09
2918            	-3.09424001e-18	1.06259195e+01	8.23130857e-09	4.11565428e-09	4.11565429e-09
2919            	-3.09421888e-18	1.06259894e+01	6.59734305e-09	3.29867152e-09	3.29867153e-09
2920            	-3.09420072e-18	1.06260598e+01	6.63618172e-09	3.31809085e-09	3.31809086e-09
2921            	-3.09417771e-18	1.06261289e+01	4.37701692e-09	2.18850846e-09	2.18850846e-09
2922            	-3.09415524e-18	1.06261979e+01	3.02555076e-09	1.51277538e-09	1.51277538e-09
2923            	-3.09413621e-18	1.06262676e+01	4.81660079e-09	2.40830039e-09	2.40830040e-09
2924            	-3.09411403e-18	1.06263362e+01	4.51352513e-09	2.25676256e-09	2.25676257e-09
2925            	-3.09409270e-18	1.06264049e+01	5.17418584e-09	2.58709292e-09	2.58709292e-09
2926            	-3.09407531e-18	1.06264744e+01	8.27184624e-09	4.13592312e-09	4.13592312e-09
2927            	-3.09405359e-18	1.06265428e+01	8.71017135e-09	4.35508567e-09	4.35508568e-09
2928            	-3.09403243e-18	1.06266111e+01	9.08156051e-09	4.54078025e-09	4.54078026e-09
2929            	-3.09401190e-18	1.06266794e+01	9.33922471e-09	4.66961235e-09	4.66961236e-09
2930            	-3.09399507e-18	1.06267484e+01	1.03487962e-08	5.17439811e-09	5.17439812e-09
2931            	-3.09397315e-18	1.06268160e+01	8.85660806e-09	4.42830403e-09	4.42830403e-09
2932            	-3.09395172e-18	1.06268836e+01	7.25269868e-09	3.62634934e-09	3.62634934e-09
2933            	-3.09393105e-18	1.06269512e+01	5.99404601e-09	2.99702300e-09	2.99702301e-09
2934            	-3.09391105e-18	1.06270188e+01	5.35502774e-09	2.67751387e-09	2.67751388e-09
2935            	-3.09389154e-18	1.06270862e+01	5.42220574e-09	2.71110287e-09	2.71110287e-09
2936            	-3.09387207e-18	1.06271535e+01	5.96375756e-09	2.98187878e-09	2.98187878e-09
2937            	-3.09385274e-18	1.06272207e+01	6.82125005e-09	3.41062502e-09	3.41062503e-09
2938            	-3.09383318e-18	1.06272877e+01	7.55981933e-09	3.77990966e-09	3.77990967e-09
2939            	-3.09381346e-18	1.06273545e+01	7.98370741e-09	3.99185370e-09	3.99185371e-09
2940            	-3.09379640e-18	1.06274218e+01	8.92705518e-09	4.46352759e-09	4.46352759e-09
2941            	-3.09377460e-18	1.06274878e+01	7.42145216e-09	3.71072608e-09	3.71072609e-09
2942            	-3.09375324e-18	1.06275538e+01	5.92308790e-09	2.96154395e-09	2.96154395e-09
2943            	-3.09373272e-18	1.06276197e+01	4.93991280e-09	2.46995640e-09	2.46995640e-09
2944            	-3.09371560e-18	1.06276863e+01	6.28229908e-09	3.14114953e-09	3.14114954e-09
2945            	-3.09369491e-18	1.06277518e+01	5.48781327e-09	2.74390663e-09	2.74390664e-09
2946            	-3.09367472e-18	1.06278173e+01	5.31398081e-09	2.65699040e-09	2.65699041e-09
2947            	-3.09365526e-18	1.06278828e+01	5.93998503e-09	2.96999251e-09	2.96999252e-09
2948            	-3.09363906e-18	1.06279489e+01	8.05912412e-09	4.02956205e-09	4.02956206e-09
2949            	-3.09361835e-18	1.06280139e+01	8.02590607e-09	4.01295303e-09	4.01295304e-09
2950            	-3.09359802e-18	1.06280788e+01	7.84870228e-09	3.92435114e-09	3.92435114e-09
2951            	-3.09357826e-18	1.06281436e+01	7.60426107e-09	3.80213053e-09	3.80213054e-09
2952            	-3.09355908e-18	1.06282084e+01	7.38942461e-09	3.69471230e-09	3.69471231e-09
2953            	-3.09354319e-18	1.06282738e+01	8.32517093e-09	4.16258546e-09	4.16258547e-09
2954            	-3.09352266e-18	1.06283380e+01	6.87648593e-09	3.43824296e-09	3.43824297e-09
2955            	-3.09350247e-18	1.06284021e+01	5.60150765e-09	2.80075382e-09	2.80075383e-09
2956            	-3.09348292e-18	1.06284661e+01	4.91973464e-09	2.45986732e-09	2.45986732e-09
2957            	-3.09346390e-18	1.06285301e+01	4.95986003e-09	2.47993001e-09	2.47993002e-09
2958            	-3.09344542e-18	1.06285941e+01	5.69993760e-09	2.84996880e-09	2.84996880e-09
2959            	-3.09342717e-18	1.06286580e+01	6.74804760e-09	3.37402380e-09	3.37402380e-09
2960            	-3.09341161e-18	1.06287223e+01	8.43760780e-09	4.21880390e-09	4.21880390e-09
2961            	-3.09339135e-18	1.06287855e+01	7.83240029e-09	3.91620014e-09	3.91620015e-09
2962            	-3.09337121e-18	1.06288485e+01	6.87998296e-09	3.43999148e-09	3.43999148e-09
2963            	-3.09335162e-18	1.06289115e+01	6.02358363e-09	3.01179181e-09	3.01179182e-09
2964            	-3.09333272e-18	1.06289745e+01	5.58254167e-09	2.79127083e-09	2.79127084e-09
2965            	-3.09331703e-18	1.06290380e+01	6.92021946e-09	3.46010973e-09	3.46010973e-09
2966            	-3.09329732e-18	1.06291004e+01	6.05515565e-09	3.02757782e-09	3.02757783e-09
2967            	-3.09327798e-18	1.06291628e+01	5.48666010e-09	2.74333005e-09	2.74333005e-09
2968            	-3.09325919e-18	1.06292251e+01	5.42167918e-09	2.71083959e-09	2.71083959e-09
2969            	-3.09324332e-18	1.06292880e+01	6.92773062e-09	3.46386531e-09	3.46386531e-09
2970            	-3.09322374e-18	1.06293499e+01	6.52512322e-09	3.26256161e-09	3.26256161e-09
2971            	-3.09320455e-18	1.06294117e+01	6.27115606e-09	3.13557802e-09	3.13557803e-09
2972            	-3.09318594e-18	1.06294735e+01	6.27918950e-09	3.13959475e-09	3.13959475e-09
2973            	-3.09316772e-18	1.06295353e+01	6.49816689e-09	3.24908344e-09	3.24908345e-09
2974            	-3.09314997e-18	1.06295969e+01	6.92826494e-09	3.46413247e-09	3.46413247e-09
2975            	-3.09313244e-18	1.06296585e+01	7.32051618e-09	3.66025809e-09	3.66025809e-09
2976            	-3.09311483e-18	1.06297199e+01	7.42543482e-09	3.71271741e-09	3.71271741e-09
2977            	-3.09309955e-18	1.06297817e+01	7.94370036e-09	3.97185018e-09	3.97185018e-09
2978            	-3.09307995e-18	1.06298424e+01	6.41855307e-09	3.20927653e-09	3.20927654e-09
2979            	-3.09306053e-18	1.06299029e+01	4.94348404e-09	2.47174202e-09	2.47174202e-09
2980            	-3.09304170e-18	1.06299635e+01	4.01697580e-09	2.00848790e-09	2.00848790e-09
2981            	-3.09302359e-18	1.06300240e+01	3.91454703e-09	1.95727351e-09	1.95727352e-09
2982            	-3.09300609e-18	1.06300845e+01	4.61491189e-09	2.30745594e-09	2.30745595e-09
2983            	-3.09298898e-18	1.06301449e+01	5.81606197e-09	2.90803098e-09	2.90803099e-09
2984            	-3.09297450e-18	1.06302058e+01	7.80301701e-09	3.90150850e-09	3.90150851e-09
2985            	-3.09295557e-18	1.06302656e+01	7.58684028e-09	3.79342014e-09	3.79342015e-09
2986            	-3.09293662e-18	1.06303252e+01	6.94475229e-09	3.47237614e-09	3.47237615e-09
2987            	-3.09291821e-18	1.06303848e+01	6.32441813e-09	3.16220906e-09	3.16220907e-09
2988            	-3.09290286e-18	1.06304450e+01	7.12481786e-09	3.56240893e-09	3.56240893e-09
2989            	-3.09288392e-18	1.06305042e+01	5.82452445e-09	2.91226222e-09	2.91226223e-09
2990            	-3.09286557e-18	1.06305633e+01	4.86340299e-09	2.43170149e-09	2.43170150e-09
2991            	-3.09284786e-18	1.06306224e+01	4.49336774e-09	2.24668387e-09	2.24668387e-09
2992            	-3.09283081e-18	1.06306815e+01	4.88793196e-09	2.44396598e-09	2.44396598e-09
2993            	-3.09281416e-18	1.06307406e+01	5.79629589e-09	2.89814794e-09	2.89814795e-09
2994            	-3.09279748e-18	1.06307995e+01	6.76406222e-09	3.38203110e-09	3.38203111e-09
2995            	-3.09278066e-18	1.06308583e+01	7.43528612e-09	3.71764306e-09	3.71764306e-09
2996            	-3.09276354e-18	1.06309169e+01	7.55891691e-09	3.77945845e-09	3.77945846e-09
2997            	-3.09274634e-18	1.06309753e+01	7.19752806e-09	3.59876403e-09	3.59876403e-09
2998            	-3.09272866e-18	1.06310335e+01	6.30494020e-09	3.15247010e-09	3.15247010e-09
2999            	-3.09271164e-18	1.06310916e+01	5.67238782e-09	2.83619391e-09	2.83619391e-09
3000            	-3.09269464e-18	1.06311496e+01	5.07185137e-09	2.53592568e-09	2.53592569e-09
3001            	-3.09267783e-18	1.06312075e+01	4.71727575e-09	2.35863787e-09	2.35863788e-09
3002            	-3.09266104e-18	1.06312652e+01	4.59439600e-09	2.29719800e-09	2.29719800e-09
3003            	-3.09264427e-18	1.06313228e+01	4.72105158e-09	2.36052579e-09	2.36052579e-09
3004            	-3.09262742e-18	1.06313803e+01	5.00418919e-09	2.50209459e-09	2.50209460e-09
3005            	-3.09261062e-18	1.06314376e+01	5.43425544e-09	2.71712772e-09	2.71712772e-09
3006            	-3.09259369e-18	1.06314948e+01	5.81935471e-09	2.90967735e-09	2.90967736e-09
3007            	-3.09257702e-18	1.06315519e+01	6.22028966e-09	3.11014483e-09	3.11014483e-09
3008            	-3.09256038e-18	1.06316088e+01	6.41191399e-09	3.20595699e-09	3.20595700e-09
3009            	-3.09254367e-18	1.06316656e+01	6.32565149e-09	3.16282574e-09	3.16282575e-09
3010            	-3.09252714e-18	1.06317223e+01	6.12886194e-09	3.06443097e-09	3.06443097e-09
3011            	-3.09251047e-18	1.06317788e+01	5.75861845e-09	2.87930922e-09	2.87930923e-09
3012            	-3.09249407e-18	1.06318353e+01	5.52033208e-09	2.76016603e-09	2.76016604e-09
3013            	-3.09247771e-18	1.06318916e+01	5.34382702e-09	2.67191351e-09	2.67191351e-09
3014            	-3.09246122e-18	1.06319477e+01	5.18108906e-09	2.59054453e-09	2.59054454e-09
3015            	-3.09244496e-18	1.06320038e+01	5.21840318e-09	2.60920159e-09	2.60920159e-09
3016            	-3.09242868e-18	1.06320597e+01	5.27566202e-09	2.63783101e-09	2.63783101e-09
3017            	-3.09241232e-18	1.06321154e+01	5.29361036e-09	2.64680518e-09	2.64680518e-09
3018            	-3.09239608e-18	1.06321711e+01	5.35459929e-09	2.67729964e-09	2.67729965e-09
3019            	-3.09237975e-18	1.06322265e+01	5.36216359e-09	2.68108179e-09	2.68108180e-09
3020            	-3.09236362e-18	1.06322819e+01	5.44085131e-09	2.72042565e-09	2.72042566e-09
3021            	-3.09234750e-18	1.06323372e+01	5.47823473e-09	2.73911736e-09	2.73911737e-09
3022            	-3.09233142e-18	1.06323923e+01	5.48520070e-09	2.74260035e-09	2.74260035e-09
3023            	-3.09231532e-18	1.06324473e+01	5.43647821e-09	2.71823910e-09	2.71823911e-09
3024            	-3.09229935e-18	1.06325022e+01	5.41114013e-09	2.70557006e-09	2.70557007e-09
3025            	-3.09228328e-18	1.06325569e+01	5.32393384e-09	2.66196692e-09	2.66196692e-09
3026            	-3.09226742e-18	1.06326116e+01	5.33052754e-09	2.66526377e-09	2.66526377e-09
3027            	-3.09225158e-18	1.06326661e+01	5.31491837e-09	2.65745918e-09	2.65745919e-09
3028            	-3.09223573e-18	1.06327204e+01	5.25839280e-09	2.62919639e-09	2.62919640e-09
3029            	-3.09221991e-18	1.06327747e+01	5.19498615e-09	2.59749307e-09	2.59749308e-09
3030            	-3.09220382e-18	1.06328287e+01	5.04138987e-09	2.52069493e-09	2.52069494e-09
3031            	-3.09218823e-18	1.06328828e+01	5.18755715e-09	2.59377857e-09	2.59377858e-09
3032            	-3.09217268e-18	1.06329367e+01	5.31454833e-09	2.65727416e-09	2.65727417e-09
3033            	-3.09215696e-18	1.06329904e+01	5.30416967e-09	2.65208483e-09	2.65208484e-09
3034            	-3.09214139e-18	1.06330440e+01	5.30220559e-09	2.65110279e-09	2.65110280e-09
3035            	-3.09212587e-18	1.06330975e+01	5.24299570e-09	2.62149785e-09	2.62149785e-09
3036            	-3.09211032e-18	1.06331509e+01	5.10787292e-09	2.55393646e-09	2.55393646e-09
3037            	-3.09209477e-18	1.06332041e+01	4.96061665e-09	2.48030832e-09	2.48030833e-09
3038            	-3.09207926e-18	1.06332573e+01	4.85411829e-09	2.42705914e-09	2.42705915e-09
3039            	-3.09206355e-18	1.06333102e+01	4.72586343e-09	2.36293171e-09	2.36293172e-09
3040            	-3.09204825e-18	1.06333631e+01	4.89483216e-09	2.44741608e-09	2.44741608e-09
3041            	-3.09203302e-18	1.06334159e+01	5.09291206e-09	2.54645603e-09	2.54645603e-09
3042            	-3.09201780e-18	1.06334685e+01	5.22107870e-09	2.61053935e-09	2.61053935e-09
3043            	-3.09200254e-18	1.06335211e+01	5.22107934e-09	2.61053967e-09	2.61053967e-09
3044            	-3.09198732e-18	1.06335735e+01	5.13702627e-09	2.56851313e-09	2.56851314e-09
3045            	-3.09197204e-18	1.06336257e+01	4.96448935e-09	2.48224467e-09	2.48224468e-09
3046            	-3.09195684e-18	1.06336779e+01	4.82185829e-09	2.41092914e-09	2.41092915e-09
3047            	-3.09194155e-18	1.06337299e+01	4.67677292e-09	2.33838645e-09	2.33838646e-09
3048            	-3.09192651e-18	1.06337818e+01	4.71590823e-09	2.35795411e-09	2.35795412e-09
3049            	-3.09191151e-18	1.06338336e+01	4.79136712e-09	2.39568356e-09	2.39568356e-09
3050            	-3.09189638e-18	1.06338852e+01	4.80815452e-09	2.40407726e-09	2.40407726e-09
3051            	-3.09188151e-18	1.06339368e+01	4.93776629e-09	2.46888314e-09	2.46888315e-09
3052            	-3.09186662e-18	1.06339883e+01	4.98854159e-09	2.49427079e-09	2.49427080e-09
3053            	-3.09185175e-18	1.06340396e+01	4.96700720e-09	2.48350360e-09	2.48350360e-09
3054            	-3.09183673e-18	1.06340907e+01	4.82771488e-09	2.41385744e-09	2.41385744e-09
3055            	-3.09182167e-18	1.06341418e+01	4.69608697e-09	2.34804348e-09	2.34804349e-09
3056            	-3.09180702e-18	1.06341928e+01	4.79784283e-09	2.39892141e-09	2.39892142e-09
3057            	-3.09179238e-18	1.06342436e+01	4.86403336e-09	2.43201668e-09	2.43201668e-09
3058            	-3.09177777e-18	1.06342944e+01	4.86388763e-09	2.43194381e-09	2.43194382e-09
3059            	-3.09176293e-18	1.06343450e+01	4.69633039e-09	2.34816519e-09	2.34816520e-09
3060            	-3.09174833e-18	1.06343955e+01	4.62852780e-09	2.31426390e-09	2.31426390e-09
3061            	-3.09173374e-18	1.06344458e+01	4.55241218e-09	2.27620609e-09	2.27620609e-09
3062            	-3.09171908e-18	1.06344961e+01	4.45283726e-09	2.22641863e-09	2.22641864e-09
3063            	-3.09170454e-18	1.06345462e+01	4.43506166e-09	2.21753083e-09	2.21753083e-09
3064            	-3.09168996e-18	1.06345962e+01	4.42255776e-09	2.21127888e-09	2.21127888e-09
3065            	-3.09167551e-18	1.06346462e+01	4.48346561e-09	2.24173280e-09	2.24173281e-09
3066            	-3.09166105e-18	1.06346959e+01	4.52817755e-09	2.26408877e-09	2.26408878e-09
3067            	-3.09164668e-18	1.06347456e+01	4.58876601e-09	2.29438300e-09	2.29438301e-09
3068            	-3.09163232e-18	1.06347952e+01	4.60853713e-09	2.30426856e-09	2.30426857e-09
3069            	-3.09161793e-18	1.06348446e+01	4.57567875e-09	2.28783937e-09	2.28783938e-09
3070            	-3.09160367e-18	1.06348940e+01	4.57349188e-09	2.28674594e-09	2.28674594e-09
3071            	-3.09158941e-18	1.06349432e+01	4.53934428e-09	2.26967214e-09	2.26967214e-09
3072            	-3.09157518e-18	1.06349923e+01	4.48769397e-09	2.24384698e-09	2.24384699e-09
3073            	-3.09156099e-18	1.06350413e+01	4.43870185e-09	2.21935092e-09	2.21935093e-09
3074            	-3.09154677e-18	1.06350902e+01	4.37414725e-09	2.18707362e-09	2.18707363e-09
3075            	-3.09153269e-18	1.06351389e+01	4.37847101e-09	2.18923550e-09	2.18923551e-09
3076            	-3.09151863e-18	1.06351876e+01	4.37755965e-09	2.18877982e-09	2.18877983e-09
3077            	-3.09150431e-18	1.06352361e+01	4.27982375e-09	2.13991187e-09	2.13991188e-09
3078            	-3.09149045e-18	1.06352846e+01	4.43260944e-09	2.21630472e-09	2.21630472e-09
3079            	-3.09147660e-18	1.06353329e+01	4.53424915e-09	2.26712457e-09	2.26712458e-09
3080            	-3.09146261e-18	1.06353811e+01	4.48967573e-09	2.24483786e-09	2.24483787e-09
3081            	-3.09144874e-18	1.06354292e+01	4.43075775e-09	2.21537887e-09	2.21537888e-09
3082            	-3.09143490e-18	1.06354772e+01	4.32448597e-09	2.16224298e-09	2.16224299e-09
3083            	-3.09142095e-18	1.06355251e+01	4.14247956e-09	2.07123978e-09	2.07123978e-09
3084            	-3.09140716e-18	1.06355728e+01	4.06941708e-09	2.03470854e-09	2.03470854e-09
3085            	-3.09139315e-18	1.06356204e+01	3.95823042e-09	1.97911521e-09	1.97911522e-09
3086            	-3.09137953e-18	1.06356680e+01	4.10501311e-09	2.05250655e-09	2.05250656e-09
3087            	-3.09136590e-18	1.06357154e+01	4.24700906e-09	2.12350453e-09	2.12350453e-09
3088            	-3.09135233e-18	1.06357628e+01	4.34948284e-09	2.17474142e-09	2.17474142e-09
3089            	-3.09133863e-18	1.06358100e+01	4.30651354e-09	2.15325677e-09	2.15325677e-09
3090            	-3.09132501e-18	1.06358571e+01	4.25541583e-09	2.12770791e-09	2.12770792e-09
3091            	-3.09131147e-18	1.06359041e+01	4.19361552e-09	2.09680776e-09	2.09680776e-09
3092            	-3.09129766e-18	1.06359509e+01	4.01535710e-09	2.00767855e-09	2.00767855e-09
3093            	-3.09128429e-18	1.06359977e+01	4.08992781e-09	2.04496390e-09	2.04496391e-09
3094            	-3.09127091e-18	1.06360444e+01	4.13956177e-09	2.06978088e-09	2.06978089e-09
3095            	-3.09125754e-18	1.06360910e+01	4.13681625e-09	2.06840812e-09	2.06840813e-09
3096            	-3.09124406e-18	1.06361374e+01	4.02728468e-09	2.01364234e-09	2.01364235e-09
3097            	-3.09123068e-18	1.06361838e+01	3.95123178e-09	1.97561589e-09	1.97561590e-09
3098            	-3.09121733e-18	1.06362300e+01	3.88692135e-09	1.94346067e-09	1.94346068e-09
3099            	-3.09120357e-18	1.06362761e+01	3.71443181e-09	1.85721590e-09	1.85721591e-09
3100            	-3.09119049e-18	1.06363221e+01	3.98400621e-09	1.99200310e-09	1.99200311e-09
3101            	-3.09117745e-18	1.06363681e+01	4.23090457e-09	2.11545228e-09	2.11545229e-09
3102            	-3.09116439e-18	1.06364139e+01	4.32662611e-09	2.16331305e-09	2.16331306e-09
3103            	-3.09115126e-18	1.06364597e+01	4.23084938e-09	2.11542468e-09	2.11542469e-09
3104            	-3.09113801e-18	1.06365052e+01	3.96028278e-09	1.98014139e-09	1.98014139e-09
3105            	-3.09112482e-18	1.06365507e+01	3.70763742e-09	1.85381871e-09	1.85381871e-09
3106            	-3.09111166e-18	1.06365961e+01	3.52491086e-09	1.76245543e-09	1.76245543e-09
3107            	-3.09109835e-18	1.06366413e+01	3.40087485e-09	1.70043742e-09	1.70043743e-09
3108            	-3.09108542e-18	1.06366865e+01	3.59022434e-09	1.79511217e-09	1.79511218e-09
3109            	-3.09107254e-18	1.06367316e+01	3.83043949e-09	1.91521974e-09	1.91521975e-09
3110            	-3.09105967e-18	1.06367766e+01	4.00871008e-09	2.00435504e-09	2.00435504e-09
3111            	-3.09104678e-18	1.06368215e+01	4.06825526e-09	2.03412763e-09	2.03412763e-09
3112            	-3.09103386e-18	1.06368662e+01	4.00761631e-09	2.00380815e-09	2.00380816e-09
3113            	-3.09102096e-18	1.06369109e+01	3.89090298e-09	1.94545149e-09	1.94545149e-09
3114            	-3.09100803e-18	1.06369555e+01	3.73224801e-09	1.86612400e-09	1.86612401e-09
3115            	-3.09099522e-18	1.06369999e+01	3.65848396e-09	1.82924198e-09	1.82924198e-09
3116            	-3.09098226e-18	1.06370442e+01	3.55905135e-09	1.77952567e-09	1.77952568e-09
3117            	-3.09096965e-18	1.06370885e+01	3.67818438e-09	1.83909219e-09	1.83909219e-09
3118            	-3.09095705e-18	1.06371327e+01	3.77663846e-09	1.88831922e-09	1.88831923e-09
3119            	-3.09094444e-18	1.06371767e+01	3.81272127e-09	1.90636063e-09	1.90636064e-09
3120            	-3.09093184e-18	1.06372207e+01	3.77521821e-09	1.88760910e-09	1.88760911e-09
3121            	-3.09091912e-18	1.06372645e+01	3.63544790e-09	1.81772395e-09	1.81772395e-09
3122            	-3.09090653e-18	1.06373082e+01	3.55258162e-09	1.77629081e-09	1.77629081e-09
3123            	-3.09089393e-18	1.06373519e+01	3.47863687e-09	1.73931843e-09	1.73931844e-09
3124            	-3.09088141e-18	1.06373954e+01	3.46328710e-09	1.73164355e-09	1.73164355e-09
3125            	-3.09086881e-18	1.06374388e+01	3.44208650e-09	1.72104325e-09	1.72104325e-09
3126            	-3.09085642e-18	1.06374822e+01	3.53361348e-09	1.76680673e-09	1.76680674e-09
3127            	-3.09084404e-18	1.06375254e+01	3.60588437e-09	1.80294218e-09	1.80294219e-09
3128            	-3.09083166e-18	1.06375686e+01	3.62990877e-09	1.81495438e-09	1.81495439e-09
3129            	-3.09081925e-18	1.06376116e+01	3.59657696e-09	1.79828848e-09	1.79828848e-09
3130            	-3.09080693e-18	1.06376545e+01	3.56905283e-09	1.78452641e-09	1.78452642e-09
3131            	-3.09079461e-18	1.06376974e+01	3.51042555e-09	1.75521277e-09	1.75521278e-09
3132            	-3.09078230e-18	1.06377401e+01	3.44323544e-09	1.72161772e-09	1.72161772e-09
3133            	-3.09077004e-18	1.06377827e+01	3.40439773e-09	1.70219886e-09	1.70219887e-09
3134            	-3.09075744e-18	1.06378252e+01	3.25473208e-09	1.62736604e-09	1.62736604e-09
3135            	-3.09074542e-18	1.06378677e+01	3.48249502e-09	1.74124751e-09	1.74124751e-09
3136            	-3.09073349e-18	1.06379101e+01	3.69764983e-09	1.84882491e-09	1.84882492e-09
3137            	-3.09072143e-18	1.06379523e+01	3.73890723e-09	1.86945361e-09	1.86945362e-09
3138            	-3.09070945e-18	1.06379945e+01	3.68534532e-09	1.84267266e-09	1.84267266e-09
3139            	-3.09069736e-18	1.06380365e+01	3.46048944e-09	1.73024472e-09	1.73024472e-09
3140            	-3.09068527e-18	1.06380785e+01	3.20398734e-09	1.60199367e-09	1.60199367e-09
3141            	-3.09067312e-18	1.06381203e+01	2.95865044e-09	1.47932522e-09	1.47932522e-09
3142            	-3.09066108e-18	1.06381621e+01	2.87000837e-09	1.43500418e-09	1.43500419e-09
3143            	-3.09064907e-18	1.06382037e+01	2.90091730e-09	1.45045865e-09	1.45045865e-09
3144            	-3.09063717e-18	1.06382453e+01	3.06163264e-09	1.53081632e-09	1.53081632e-09
3145            	-3.09062500e-18	1.06382867e+01	3.15778928e-09	1.57889464e-09	1.57889465e-09
3146            	-3.09061335e-18	1.06383281e+01	3.51560338e-09	1.75780169e-09	1.75780169e-09
3147            	-3.09060169e-18	1.06383694e+01	3.75376350e-09	1.87688175e-09	1.87688175e-09
3148            	-3.09058999e-18	1.06384106e+01	3.79339753e-09	1.89669876e-09	1.89669877e-09
3149            	-3.09057824e-18	1.06384517e+01	3.62733581e-09	1.81366790e-09	1.81366791e-09
3150            	-3.09056643e-18	1.06384927e+01	3.32358312e-09	1.66179156e-09	1.66179156e-09
3151            	-3.09055464e-18	1.06385336e+01	3.01332791e-09	1.50666395e-09	1.50666396e-09
3152            	-3.09054278e-18	1.06385744e+01	2.74690058e-09	1.37345029e-09	1.37345029e-09
3153            	-3.09053112e-18	1.06386151e+01	2.71189607e-09	1.35594803e-09	1.35594804e-09
3154            	-3.09051944e-18	1.06386557e+01	2.77786205e-09	1.38893102e-09	1.38893103e-09
3155            	-3.09050787e-18	1.06386962e+01	2.96839567e-09	1.48419783e-09	1.48419784e-09
3156            	-3.09049640e-18	1.06387367e+01	3.20143970e-09	1.60071984e-09	1.60071985e-09
3157            	-3.09048654e-18	1.06387774e+01	3.97848293e-09	1.98924146e-09	1.98924147e-09
3158            	-3.09047399e-18	1.06388174e+01	3.29785329e-09	1.64892664e-09	1.64892665e-09
3159            	-3.09046159e-18	1.06388573e+01	2.60446299e-09	1.30223149e-09	1.30223150e-09
3160            	-3.09044950e-18	1.06388973e+01	2.13497512e-09	1.06748756e-09	1.06748757e-09
3161            	-3.09043800e-18	1.06389372e+01	2.20660211e-09	1.10330105e-09	1.10330106e-09
3162            	-3.09042681e-18	1.06389771e+01	2.64057361e-09	1.32028680e-09	1.32028681e-09
3163            	-3.09041584e-18	1.06390170e+01	3.27586779e-09	1.63793389e-09	1.63793390e-09
3164            	-3.09040478e-18	1.06390567e+01	3.80814370e-09	1.90407185e-09	1.90407185e-09
3165            	-3.09039372e-18	1.06390963e+01	4.11990903e-09	2.05995451e-09	2.05995452e-09
3166            	-3.09038250e-18	1.06391359e+01	4.07748209e-09	2.03874104e-09	2.03874105e-09
3167            	-3.09037114e-18	1.06391753e+01	3.71030195e-09	1.85515097e-09	1.85515098e-09
3168            	-3.09035976e-18	1.06392146e+01	3.18228826e-09	1.59114413e-09	1.59114413e-09
3169            	-3.09034835e-18	1.06392538e+01	2.60348909e-09	1.30174454e-09	1.30174455e-09
3170            	-3.09033710e-18	1.06392929e+01	2.21377366e-09	1.10688683e-09	1.10688684e-09
3171            	-3.09032594e-18	1.06393320e+01	2.03176350e-09	1.01588175e-09	1.01588175e-09
3172            	-3.09031464e-18	1.06393709e+01	2.00216616e-09	1.00108308e-09	1.00108308e-09
3173            	-3.09030372e-18	1.06394097e+01	2.37884754e-09	1.18942377e-09	1.18942377e-09
3174            	-3.09029282e-18	1.06394485e+01	2.83069836e-09	1.41534918e-09	1.41534918e-09
3175            	-3.09028187e-18	1.06394872e+01	3.19820204e-09	1.59910102e-09	1.59910102e-09
3176            	-3.09027086e-18	1.06395259e+01	3.38605361e-09	1.69302680e-09	1.69302681e-09
3177            	-3.09025960e-18	1.06395643e+01	3.29970338e-09	1.64985169e-09	1.64985169e-09
3178            	-3.09024868e-18	1.06396028e+01	3.26800533e-09	1.63400266e-09	1.63400267e-09
3179            	-3.09023776e-18	1.06396411e+01	3.11849839e-09	1.55924919e-09	1.55924920e-09
3180            	-3.09022686e-18	1.06396793e+01	2.89374363e-09	1.44687181e-09	1.44687182e-09
3181            	-3.09021592e-18	1.06397175e+01	2.63140114e-09	1.31570057e-09	1.31570057e-09
3182            	-3.09020511e-18	1.06397555e+01	2.48187399e-09	1.24093699e-09	1.24093700e-09
3183            	-3.09019429e-18	1.06397935e+01	2.40266994e-09	1.20133497e-09	1.20133497e-09
3184            	-3.09018347e-18	1.06398314e+01	2.40116194e-09	1.20058097e-09	1.20058097e-09
3185            	-3.09017269e-18	1.06398692e+01	2.49311010e-09	1.24655505e-09	1.24655506e-09
3186            	-3.09016183e-18	1.06399069e+01	2.59034440e-09	1.29517220e-09	1.29517220e-09
3187            	-3.09015115e-18	1.06399445e+01	2.77882616e-09	1.38941308e-09	1.38941308e-09
3188            	-3.09014045e-18	1.06399821e+01	2.89864234e-09	1.44932117e-09	1.44932117e-09
3189            	-3.09012981e-18	1.06400195e+01	2.95978245e-09	1.47989122e-09	1.47989123e-09
3190            	-3.09011907e-18	1.06400569e+01	2.88090558e-09	1.44045279e-09	1.44045279e-09
3191            	-3.09010851e-18	1.06400942e+01	2.83398921e-09	1.41699460e-09	1.41699461e-09
3192            	-3.09009796e-18	1.06401314e+01	2.73718694e-09	1.36859347e-09	1.36859347e-09
3193            	-3.09008739e-18	1.06401685e+01	2.60384730e-09	1.30192365e-09	1.30192365e-09
3194            	-3.09007683e-18	1.06402055e+01	2.48280916e-09	1.24140458e-09	1.24140458e-09
3195            	-3.09006624e-18	1.06402424e+01	2.38574672e-09	1.19287336e-09	1.19287336e-09
3196            	-3.09005575e-18	1.06402792e+01	2.39189055e-09	1.19594527e-09	1.19594528e-09
3197            	-3.09004503e-18	1.06403160e+01	2.36045192e-09	1.18022596e-09	1.18022596e-09
3198            	-3.09003474e-18	1.06403527e+01	2.59677498e-09	1.29838749e-09	1.29838749e-09
3199            	-3.09002447e-18	1.06403893e+01	2.79018902e-09	1.39509451e-09	1.39509451e-09
3200            	-3.09001415e-18	1.06404258e+01	2.84610518e-09	1.42305258e-09	1.42305259e-09
3201            	-3.09000381e-18	1.06404622e+01	2.77202184e-09	1.38601092e-09	1.38601093e-09
3202            	-3.08999333e-18	1.06404985e+01	2.55533276e-09	1.27766638e-09	1.27766638e-09
3203            	-3.08998297e-18	1.06405348e+01	2.40994436e-09	1.20497218e-09	1.20497218e-09
3204            	-3.08997270e-18	1.06405710e+01	2.33423359e-09	1.16711679e-09	1.16711680e-09
3205            	-3.08996239e-18	1.06406070e+01	2.28623905e-09	1.14311952e-09	1.14311953e-09
3206            	-3.08995218e-18	1.06406431e+01	2.32605909e-09	1.16302954e-09	1.16302955e-09
3207            	-3.08994173e-18	1.06406789e+01	2.29349869e-09	1.14674934e-09	1.14674935e-09
3208            	-3.08993169e-18	1.06407148e+01	2.51135119e-09	1.25567559e-09	1.25567560e-09
3209            	-3.08992167e-18	1.06407506e+01	2.67382053e-09	1.33691026e-09	1.33691027e-09
3210            	-3.08991160e-18	1.06407862e+01	2.70589741e-09	1.35294870e-09	1.35294871e-09
3211            	-3.08990150e-18	1.06408218e+01	2.61586504e-09	1.30793252e-09	1.30793252e-09
3212            	-3.08989117e-18	1.06408573e+01	2.36717136e-09	1.18358568e-09	1.18358568e-09
3213            	-3.08988112e-18	1.06408927e+01	2.29695292e-09	1.14847646e-09	1.14847646e-09
3214            	-3.08987113e-18	1.06409281e+01	2.28110968e-09	1.14055484e-09	1.14055484e-09
3215            	-3.08986113e-18	1.06409633e+01	2.26636630e-09	1.13318315e-09	1.13318315e-09
3216            	-3.08985118e-18	1.06409985e+01	2.27551317e-09	1.13775658e-09	1.13775659e-09
3217            	-3.08984111e-18	1.06410336e+01	2.23120625e-09	1.11560312e-09	1.11560313e-09
3218            	-3.08983120e-18	1.06410686e+01	2.27894126e-09	1.13947063e-09	1.13947063e-09
3219            	-3.08982132e-18	1.06411036e+01	2.32639168e-09	1.16319584e-09	1.16319584e-09
3220            	-3.08981139e-18	1.06411384e+01	2.33156125e-09	1.16578062e-09	1.16578063e-09
3221            	-3.08980154e-18	1.06411732e+01	2.34785678e-09	1.17392839e-09	1.17392839e-09
3222            	-3.08979162e-18	1.06412079e+01	2.30941355e-09	1.15470677e-09	1.15470678e-09
3223            	-3.08978183e-18	1.06412425e+01	2.31543132e-09	1.15771565e-09	1.15771566e-09
3224            	-3.08977205e-18	1.06412770e+01	2.29666430e-09	1.14833215e-09	1.14833215e-09
3225            	-3.08976227e-18	1.06413115e+01	2.25824205e-09	1.12912102e-09	1.12912103e-09
3226            	-3.08975249e-18	1.06413458e+01	2.21274786e-09	1.10637392e-09	1.10637393e-09
3227            	-3.08974278e-18	1.06413801e+01	2.19516910e-09	1.09758455e-09	1.09758455e-09
3228            	-3.08973307e-18	1.06414143e+01	2.17816810e-09	1.08908404e-09	1.08908405e-09
3229            	-3.08972338e-18	1.06414485e+01	2.16552494e-09	1.08276247e-09	1.08276247e-09
3230            	-3.08971373e-18	1.06414825e+01	2.17246447e-09	1.08623223e-09	1.08623224e-09
3231            	-3.08970387e-18	1.06415164e+01	2.10142704e-09	1.05071352e-09	1.05071352e-09
3232            	-3.08969436e-18	1.06415504e+01	2.24780543e-09	1.12390271e-09	1.12390272e-09
3233            	-3.08968491e-18	1.06415842e+01	2.38242388e-09	1.19121194e-09	1.19121194e-09
3234            	-3.08967546e-18	1.06416180e+01	2.42367902e-09	1.21183951e-09	1.21183951e-09
3235            	-3.08966733e-18	1.06416519e+01	2.90536832e-09	1.45268415e-09	1.45268416e-09
3236            	-3.08965691e-18	1.06416853e+01	2.12709157e-09	1.06354578e-09	1.06354579e-09
3237            	-3.08964662e-18	1.06417186e+01	1.40973465e-09	7.04867321e-10	7.04867328e-10
3238            	-3.08963667e-18	1.06417520e+01	1.01980105e-09	5.09900522e-10	5.09900529e-10
3239            	-3.08962713e-18	1.06417853e+01	1.08620856e-09	5.43104277e-10	5.43104284e-10
3240            	-3.08961924e-18	1.06418189e+01	2.19841934e-09	1.09920967e-09	1.09920967e-09
3241            	-3.08960927e-18	1.06418520e+01	2.16835930e-09	1.08417965e-09	1.08417965e-09
3242            	-3.08959947e-18	1.06418850e+01	2.18344594e-09	1.09172297e-09	1.09172297e-09
3243            	-3.08958991e-18	1.06419180e+01	2.27575545e-09	1.13787772e-09	1.13787773e-09
3244            	-3.08958189e-18	1.06419512e+01	2.98902746e-09	1.49451373e-09	1.49451373e-09
3245            	-3.08957186e-18	1.06419840e+01	2.54705968e-09	1.27352983e-09	1.27352984e-09
3246            	-3.08956205e-18	1.06420167e+01	2.10205814e-09	1.05102907e-09	1.05102907e-09
3247            	-3.08955250e-18	1.06420493e+01	1.78406068e-09	8.92030338e-10	8.92030344e-10
3248            	-3.08954334e-18	1.06420820e+01	1.75183627e-09	8.75918132e-10	8.75918139e-10
3249            	-3.08953437e-18	1.06421146e+01	1.90643395e-09	9.53216973e-10	9.53216979e-10
3250            	-3.08952545e-18	1.06421472e+01	2.14054309e-09	1.07027154e-09	1.07027155e-09
3251            	-3.08951651e-18	1.06421797e+01	2.33662866e-09	1.16831433e-09	1.16831433e-09
3252            	-3.08950882e-18	1.06422124e+01	2.82840190e-09	1.41420095e-09	1.41420095e-09
3253            	-3.08949881e-18	1.06422445e+01	2.20716821e-09	1.10358410e-09	1.10358411e-09
3254            	-3.08948882e-18	1.06422765e+01	1.51272393e-09	7.56361961e-10	7.56361968e-10
3255            	-3.08947926e-18	1.06423085e+01	1.11630781e-09	5.58153902e-10	5.58153909e-10
3256            	-3.08947006e-18	1.06423406e+01	1.05083681e-09	5.25418400e-10	5.25418406e-10
3257            	-3.08946121e-18	1.06423726e+01	1.34170087e-09	6.70850430e-10	6.70850436e-10
3258            	-3.08945371e-18	1.06424048e+01	2.30767058e-09	1.15383529e-09	1.15383529e-09
3259            	-3.08944425e-18	1.06424365e+01	2.21281107e-09	1.10640553e-09	1.10640554e-09
3260            	-3.08943486e-18	1.06424682e+01	2.08696668e-09	1.04348333e-09	1.04348334e-09
3261            	-3.08942563e-18	1.06424998e+01	2.00733436e-09	1.00366718e-09	1.00366718e-09
3262            	-3.08941630e-18	1.06425313e+01	1.91910749e-09	9.59553741e-10	9.59553747e-10
3263            	-3.08940758e-18	1.06425629e+01	2.18086698e-09	1.09043349e-09	1.09043350e-09
3264            	-3.08939897e-18	1.06425945e+01	2.41413586e-09	1.20706793e-09	1.20706793e-09
3265            	-3.08939039e-18	1.06426259e+01	2.48615531e-09	1.24307765e-09	1.24307766e-09
3266            	-3.08938290e-18	1.06426575e+01	2.76438556e-09	1.38219278e-09	1.38219278e-09
3267            	-3.08937333e-18	1.06426886e+01	1.89671801e-09	9.48359002e-10	9.48359009e-10
3268            	-3.08936384e-18	1.06427197e+01	1.10011463e-09	5.50057310e-10	5.50057317e-10
3269            	-3.08935461e-18	1.06427507e+01	6.27824217e-10	3.13912105e-10	3.13912111e-10
3270            	-3.08934569e-18	1.06427817e+01	5.98010915e-10	2.99005454e-10	2.99005461e-10
3271            	-3.08933707e-18	1.06428127e+01	1.00447063e-09	5.02235314e-10	5.02235320e-10
3272            	-3.08932861e-18	1.06428436e+01	1.63501329e-09	8.17506642e-10	8.17506648e-10
3273            	-3.08932018e-18	1.06428744e+01	2.26334311e-09	1.13167155e-09	1.13167156e-09
3274            	-3.08931296e-18	1.06429055e+01	3.06828205e-09	1.53414102e-09	1.53414103e-09
3275            	-3.08930356e-18	1.06429360e+01	2.69474355e-09	1.34737177e-09	1.34737178e-09
3276            	-3.08929421e-18	1.06429665e+01	2.11559692e-09	1.05779846e-09	1.05779847e-09
3277            	-3.08928639e-18	1.06429973e+01	2.35217859e-09	1.17608929e-09	1.17608930e-09
3278            	-3.08927675e-18	1.06430275e+01	1.32712085e-09	6.63560423e-10	6.63560429e-10
3279            	-3.08926761e-18	1.06430577e+01	7.06124717e-10	3.53062355e-10	3.53062362e-10
3280            	-3.08925899e-18	1.06430880e+01	5.92176305e-10	2.96088149e-10	2.96088155e-10
3281            	-3.08925076e-18	1.06431183e+01	9.69304536e-10	4.84652265e-10	4.84652271e-10
3282            	-3.08924269e-18	1.06431485e+01	1.62331263e-09	8.11656310e-10	8.11656316e-10
3283            	-3.08923454e-18	1.06431787e+01	2.27749616e-09	1.13874808e-09	1.13874808e-09
3284            	-3.08922631e-18	1.06432088e+01	2.74637609e-09	1.37318804e-09	1.37318805e-09
3285            	-3.08921792e-18	1.06432388e+01	2.86850962e-09	1.43425481e-09	1.43425482e-09
3286            	-3.08920938e-18	1.06432687e+01	2.62149521e-09	1.31074760e-09	1.31074761e-09
3287            	-3.08920085e-18	1.06432986e+01	2.14995589e-09	1.07497794e-09	1.07497795e-09
3288            	-3.08919235e-18	1.06433283e+01	1.56873998e-09	7.84369987e-10	7.84369993e-10
3289            	-3.08918509e-18	1.06433583e+01	1.70419682e-09	8.52098408e-10	8.52098415e-10
3290            	-3.08917596e-18	1.06433877e+01	7.70157721e-10	3.85078858e-10	3.85078864e-10
3291            	-3.08916703e-18	1.06434171e+01	1.51002708e-10	7.55013507e-11	7.55013569e-11
3292            	-3.08915950e-18	1.06434467e+01	8.72042324e-10	4.36021159e-10	4.36021165e-10
3293            	-3.08915052e-18	1.06434760e+01	6.07642557e-10	3.03821276e-10	3.03821282e-10
3294            	-3.08914189e-18	1.06435052e+01	7.69556818e-10	3.84778406e-10	3.84778412e-10
3295            	-3.08913363e-18	1.06435345e+01	1.30329256e-09	6.51646275e-10	6.51646281e-10
3296            	-3.08912558e-18	1.06435637e+01	2.01151431e-09	1.00575715e-09	1.00575716e-09
3297            	-3.08911769e-18	1.06435930e+01	2.68261606e-09	1.34130803e-09	1.34130804e-09
3298            	-3.08910977e-18	1.06436221e+01	3.06049345e-09	1.53024672e-09	1.53024673e-09
3299            	-3.08910174e-18	1.06436512e+01	3.02793531e-09	1.51396765e-09	1.51396766e-09
3300            	-3.08909362e-18	1.06436801e+01	2.62066655e-09	1.31033327e-09	1.31033328e-09
3301            	-3.08908545e-18	1.06437090e+01	1.97748208e-09	9.88741036e-10	9.88741042e-10
3302            	-3.08907835e-18	1.06437381e+01	1.78932717e-09	8.94663583e-10	8.94663589e-10
3303            	-3.08906944e-18	1.06437666e+01	6.86511303e-10	3.43255648e-10	3.43255654e-10
3304            	-3.08906073e-18	1.06437951e+01	-6.01036775e-11	-3.00518418e-11	-3.00518357e-11
3305            	-3.08905238e-18	1.06438237e+01	-2.46300818e-10	-1.23150412e-10	-1.23150406e-10
3306            	-3.08904439e-18	1.06438522e+01	1.29036311e-10	6.45181523e-11	6.45181584e-11
3307            	-3.08903660e-18	1.06438807e+01	8.88298286e-10	4.44149140e-10	4.44149146e-10
3308            	-3.08902892e-18	1.06439092e+01	1.78082442e-09	8.90412205e-10	8.90412211e-10
3309            	-3.08902100e-18	1.06439375e+01	2.47235975e-09	1.23617987e-09	1.23617988e-09
3310            	-3.08901330e-18	1.06439659e+01	2.95803840e-09	1.47901920e-09	1.47901920e-09
3311            	-3.08900548e-18	1.06439941e+01	2.99095622e-09	1.49547811e-09	1.49547811e-09
3312            	-3.08899756e-18	1.06440223e+01	2.59987843e-09	1.29993921e-09	1.29993922e-09
3313            	-3.08899074e-18	1.06440507e+01	2.42582856e-09	1.21291428e-09	1.21291428e-09
3314            	-3.08898199e-18	1.06440785e+01	1.18978363e-09	5.94891812e-10	5.94891818e-10
3315            	-3.08897336e-18	1.06441063e+01	1.08026952e-10	5.40134728e-11	5.40134790e-11
3316            	-3.08896517e-18	1.06441341e+01	-3.82210327e-10	-1.91105166e-10	-1.91105160e-10
3317            	-3.08895735e-18	1.06441619e+01	-2.43197514e-10	-1.21598760e-10	-1.21598754e-10
3318            	-3.08894982e-18	1.06441897e+01	4.28288412e-10	2.14144203e-10	2.14144209e-10
3319            	-3.08894237e-18	1.06442174e+01	1.33644989e-09	6.68224941e-10	6.68224947e-10
3320            	-3.08893490e-18	1.06442451e+01	2.18425798e-09	1.09212899e-09	1.09212899e-09
3321            	-3.08892843e-18	1.06442730e+01	2.95888943e-09	1.47944471e-09	1.47944472e-09
3322            	-3.08892107e-18	1.06443006e+01	3.11995239e-09	1.55997619e-09	1.55997620e-09
3323            	-3.08891193e-18	1.06443277e+01	2.02288340e-09	1.01144170e-09	1.01144170e-09
3324            	-3.08890319e-18	1.06443549e+01	9.75003277e-10	4.87501636e-10	4.87501642e-10
3325            	-3.08889505e-18	1.06443821e+01	2.77174464e-10	1.38587229e-10	1.38587235e-10
3326            	-3.08888749e-18	1.06444093e+01	1.51807083e-10	7.59035386e-11	7.59035447e-11
3327            	-3.08888037e-18	1.06444366e+01	5.88914009e-10	2.94457001e-10	2.94457007e-10
3328            	-3.08887333e-18	1.06444638e+01	1.29213198e-09	6.46065989e-10	6.46065995e-10
3329            	-3.08886612e-18	1.06444909e+01	1.95996074e-09	9.79980366e-10	9.79980372e-10
3330            	-3.08885878e-18	1.06445180e+01	2.40484272e-09	1.20242136e-09	1.20242136e-09
3331            	-3.08885237e-18	1.06445452e+01	2.70059118e-09	1.35029559e-09	1.35029559e-09
3332            	-3.08884393e-18	1.06445719e+01	2.07457367e-09	1.03728683e-09	1.03728684e-09
3333            	-3.08883558e-18	1.06445986e+01	1.27560854e-09	6.37804268e-10	6.37804274e-10
3334            	-3.08882756e-18	1.06446252e+01	5.72495473e-10	2.86247734e-10	2.86247740e-10
3335            	-3.08881994e-18	1.06446518e+01	1.87252193e-10	9.36260932e-11	9.36260994e-11
3336            	-3.08881372e-18	1.06446787e+01	9.08775638e-10	4.54387816e-10	4.54387822e-10
3337            	-3.08880590e-18	1.06447052e+01	6.49985748e-10	3.24992871e-10	3.24992877e-10
3338            	-3.08879824e-18	1.06447316e+01	6.86037309e-10	3.43018651e-10	3.43018658e-10
3339            	-3.08879077e-18	1.06447580e+01	1.00152407e-09	5.00762030e-10	5.00762036e-10
3340            	-3.08878455e-18	1.06447846e+01	1.91267749e-09	9.56338742e-10	9.56338748e-10
3341            	-3.08877655e-18	1.06448108e+01	1.89559040e-09	9.47795197e-10	9.47795203e-10
3342            	-3.08876871e-18	1.06448370e+01	1.76655348e-09	8.83276735e-10	8.83276741e-10
3343            	-3.08876108e-18	1.06448631e+01	1.57294368e-09	7.86471837e-10	7.86471843e-10
3344            	-3.08875378e-18	1.06448893e+01	1.44661643e-09	7.23308214e-10	7.23308220e-10
3345            	-3.08874667e-18	1.06449154e+01	1.37586717e-09	6.87933583e-10	6.87933589e-10
3346            	-3.08873961e-18	1.06449414e+01	1.33063522e-09	6.65317605e-10	6.65317611e-10
3347            	-3.08873257e-18	1.06449674e+01	1.32279970e-09	6.61399847e-10	6.61399853e-10
3348            	-3.08872546e-18	1.06449933e+01	1.29301514e-09	6.46507565e-10	6.46507571e-10
3349            	-3.08871808e-18	1.06450191e+01	1.16799330e-09	5.83996648e-10	5.83996655e-10
3350            	-3.08871093e-18	1.06450449e+01	1.20568151e-09	6.02840754e-10	6.02840760e-10
3351            	-3.08870373e-18	1.06450706e+01	1.20219527e-09	6.01097632e-10	6.01097638e-10
3352            	-3.08869655e-18	1.06450963e+01	1.15775429e-09	5.78877142e-10	5.78877148e-10
3353            	-3.08868933e-18	1.06451219e+01	1.04796246e-09	5.23981229e-10	5.23981235e-10
3354            	-3.08868219e-18	1.06451474e+01	9.73743437e-10	4.86871716e-10	4.86871722e-10
3355            	-3.08867500e-18	1.06451729e+01	9.03982891e-10	4.51991442e-10	4.51991449e-10
3356            	-3.08866792e-18	1.06451983e+01	9.57353455e-10	4.78676724e-10	4.78676730e-10
3357            	-3.08866089e-18	1.06452236e+01	1.08264532e-09	5.41322658e-10	5.41322664e-10
3358            	-3.08865488e-18	1.06452492e+01	1.63415813e-09	8.17079062e-10	8.17079068e-10
3359            	-3.08864717e-18	1.06452743e+01	1.28209910e-09	6.41049545e-10	6.41049551e-10
3360            	-3.08863958e-18	1.06452993e+01	9.38024554e-10	4.69012274e-10	4.69012280e-10
3361            	-3.08863224e-18	1.06453244e+01	7.44502250e-10	3.72251122e-10	3.72251128e-10
3362            	-3.08862518e-18	1.06453494e+01	7.58710951e-10	3.79355472e-10	3.79355479e-10
3363            	-3.08861834e-18	1.06453745e+01	9.78689936e-10	4.89344965e-10	4.89344971e-10
3364            	-3.08861160e-18	1.06453994e+01	1.28508894e-09	6.42544465e-10	6.42544471e-10
3365            	-3.08860485e-18	1.06454244e+01	1.55467519e-09	7.77337590e-10	7.77337597e-10
3366            	-3.08859806e-18	1.06454492e+01	1.70973033e-09	8.54865161e-10	8.54865167e-10
3367            	-3.08859222e-18	1.06454743e+01	2.01332963e-09	1.00666481e-09	1.00666482e-09
3368            	-3.08858460e-18	1.06454988e+01	1.43894576e-09	7.19472875e-10	7.19472881e-10
3369            	-3.08857709e-18	1.06455234e+01	8.36758269e-10	4.18379131e-10	4.18379138e-10
3370            	-3.08856984e-18	1.06455479e+01	4.04949155e-10	2.02474575e-10	2.02474581e-10
3371            	-3.08856267e-18	1.06455723e+01	1.46656188e-10	7.33280907e-11	7.33280969e-11
3372            	-3.08855611e-18	1.06455969e+01	4.83952661e-10	2.41976327e-10	2.41976333e-10
3373            	-3.08854967e-18	1.06456214e+01	1.00449699e-09	5.02248492e-10	5.02248499e-10
3374            	-3.08854319e-18	1.06456458e+01	1.48369703e-09	7.41848514e-10	7.41848520e-10
3375            	-3.08853660e-18	1.06456701e+01	1.76746137e-09	8.83730682e-10	8.83730688e-10
3376            	-3.08852985e-18	1.06456944e+01	1.78104736e-09	8.90523675e-10	8.90523681e-10
3377            	-3.08852301e-18	1.06457186e+01	1.58397229e-09	7.91986144e-10	7.91986150e-10
3378            	-3.08851713e-18	1.06457430e+01	1.67777106e-09	8.38885527e-10	8.38885533e-10
3379            	-3.08850961e-18	1.06457669e+01	8.94265601e-10	4.47132797e-10	4.47132804e-10
3380            	-3.08850229e-18	1.06457908e+01	2.58886346e-10	1.29443170e-10	1.29443176e-10
3381            	-3.08849531e-18	1.06458147e+01	-5.07936197e-11	-2.53968129e-11	-2.53968068e-11
3382            	-3.08848840e-18	1.06458386e+01	-8.19677305e-11	-4.09838684e-11	-4.09838622e-11
3383            	-3.08848210e-18	1.06458625e+01	5.24873398e-10	2.62436696e-10	2.62436702e-10
3384            	-3.08847690e-18	1.06458866e+01	1.57417191e-09	7.87085951e-10	7.87085957e-10
3385            	-3.08846994e-18	1.06459103e+01	1.75167334e-09	8.75836666e-10	8.75836673e-10
3386            	-3.08846293e-18	1.06459339e+01	1.68164911e-09	8.40824550e-10	8.40824556e-10
3387            	-3.08845604e-18	1.06459575e+01	1.46781401e-09	7.33907000e-10	7.33907006e-10
3388            	-3.08844927e-18	1.06459811e+01	1.20174321e-09	6.00871601e-10	6.00871608e-10
3389            	-3.08844272e-18	1.06460046e+01	1.00946056e-09	5.04730279e-10	5.04730285e-10
3390            	-3.08843626e-18	1.06460281e+01	8.78182665e-10	4.39091329e-10	4.39091335e-10
3391            	-3.08842990e-18	1.06460516e+01	8.52839509e-10	4.26419752e-10	4.26419758e-10
3392            	-3.08842353e-18	1.06460750e+01	8.71431393e-10	4.35715694e-10	4.35715700e-10
3393            	-3.08841713e-18	1.06460983e+01	9.15343570e-10	4.57671782e-10	4.57671788e-10
3394            	-3.08841161e-18	1.06461218e+01	1.31832342e-09	6.59161706e-10	6.59161712e-10
3395            	-3.08840452e-18	1.06461449e+01	9.39381069e-10	4.69690532e-10	4.69690538e-10
3396            	-3.08839751e-18	1.06461679e+01	5.88917292e-10	2.94458643e-10	2.94458649e-10
3397            	-3.08839073e-18	1.06461909e+01	3.97268972e-10	1.98634483e-10	1.98634489e-10
3398            	-3.08838424e-18	1.06462140e+01	4.49084106e-10	2.24542050e-10	2.24542056e-10
3399            	-3.08837886e-18	1.06462372e+01	1.16758959e-09	5.83794790e-10	5.83794796e-10
3400            	-3.08837209e-18	1.06462600e+01	1.03793943e-09	5.18969713e-10	5.18969719e-10
3401            	-3.08836546e-18	1.06462829e+01	9.69037819e-10	4.84518906e-10	4.84518913e-10
3402            	-3.08835895e-18	1.06463057e+01	9.74743726e-10	4.87371860e-10	4.87371866e-10
3403            	-3.08835264e-18	1.06463285e+01	1.10529414e-09	5.52647066e-10	5.52647072e-10
3404            	-3.08834646e-18	1.06463512e+01	1.28446969e-09	6.42234843e-10	6.42234849e-10
3405            	-3.08834029e-18	1.06463739e+01	1.39240925e-09	6.96204623e-10	6.96204629e-10
3406            	-3.08833411e-18	1.06463966e+01	1.37756648e-09	6.88783238e-10	6.88783244e-10
3407            	-3.08832786e-18	1.06464192e+01	1.21869905e-09	6.09349521e-10	6.09349527e-10
3408            	-3.08832160e-18	1.06464417e+01	9.95180929e-10	4.97590461e-10	4.97590467e-10
3409            	-3.08831623e-18	1.06464644e+01	1.15338149e-09	5.76690743e-10	5.76690749e-10
3410            	-3.08830938e-18	1.06464867e+01	5.60623804e-10	2.80311899e-10	2.80311905e-10
3411            	-3.08830264e-18	1.06465089e+01	1.10712741e-10	5.53563677e-11	5.53563738e-11
3412            	-3.08829615e-18	1.06465311e+01	-5.32194310e-11	-2.66097186e-11	-2.66097124e-11
3413            	-3.08829079e-18	1.06465536e+01	6.74563919e-10	3.37281956e-10	3.37281963e-10
3414            	-3.08828419e-18	1.06465757e+01	5.85039635e-10	2.92519814e-10	2.92519821e-10
3415            	-3.08827778e-18	1.06465978e+01	6.46764689e-10	3.23382341e-10	3.23382348e-10
3416            	-3.08827152e-18	1.06466198e+01	8.41145197e-10	4.20572595e-10	4.20572601e-10
3417            	-3.08826550e-18	1.06466419e+01	1.18536298e-09	5.92681485e-10	5.92681491e-10
3418            	-3.08825959e-18	1.06466640e+01	1.52009601e-09	7.60048004e-10	7.60048010e-10
3419            	-3.08825364e-18	1.06466860e+01	1.69132441e-09	8.45662202e-10	8.45662208e-10
3420            	-3.08824769e-18	1.06467079e+01	1.66689790e-09	8.33448947e-10	8.33448953e-10
3421            	-3.08824163e-18	1.06467298e+01	1.41323086e-09	7.06615425e-10	7.06615431e-10
3422            	-3.08823557e-18	1.06467516e+01	1.04552563e-09	5.22762810e-10	5.22762817e-10
3423            	-3.08822949e-18	1.06467733e+01	6.46843499e-10	3.23421746e-10	3.23421753e-10
3424            	-3.08822425e-18	1.06467952e+01	7.64757738e-10	3.82378866e-10	3.82378872e-10
3425            	-3.08821766e-18	1.06468167e+01	1.79186835e-10	8.95934145e-11	8.95934207e-11
3426            	-3.08821119e-18	1.06468382e+01	-1.87930149e-10	-9.39650774e-11	-9.39650712e-11
3427            	-3.08820494e-18	1.06468597e+01	-2.34570333e-10	-1.17285169e-10	-1.17285163e-10
3428            	-3.08819898e-18	1.06468812e+01	9.12671578e-11	4.56335758e-11	4.56335820e-11
3429            	-3.08819317e-18	1.06469026e+01	6.36202117e-10	3.18101055e-10	3.18101061e-10
3430            	-3.08818746e-18	1.06469241e+01	1.23044177e-09	6.15220880e-10	6.15220886e-10
3431            	-3.08818260e-18	1.06469457e+01	1.90684756e-09	9.53423777e-10	9.53423784e-10
3432            	-3.08817622e-18	1.06469669e+01	1.74823228e-09	8.74116137e-10	8.74116143e-10
3433            	-3.08816985e-18	1.06469880e+01	1.36008830e-09	6.80044149e-10	6.80044155e-10
3434            	-3.08816363e-18	1.06470092e+01	9.13860754e-10	4.56930374e-10	4.56930380e-10
3435            	-3.08815766e-18	1.06470303e+01	5.88306489e-10	2.94153241e-10	2.94153247e-10
3436            	-3.08815270e-18	1.06470516e+01	8.94806554e-10	4.47403274e-10	4.47403280e-10
3437            	-3.08814648e-18	1.06470725e+01	4.67142523e-10	2.33571258e-10	2.33571265e-10
3438            	-3.08814040e-18	1.06470935e+01	2.14576869e-10	1.07288431e-10	1.07288438e-10
3439            	-3.08813449e-18	1.06471144e+01	2.07493369e-10	1.03746681e-10	1.03746687e-10
3440            	-3.08812873e-18	1.06471353e+01	4.29736504e-10	2.14868249e-10	2.14868255e-10
3441            	-3.08812389e-18	1.06471564e+01	1.11045234e-09	5.55226166e-10	5.55226172e-10
3442            	-3.08811771e-18	1.06471771e+01	1.08920463e-09	5.44602310e-10	5.44602316e-10
3443            	-3.08811157e-18	1.06471978e+01	9.72758148e-10	4.86379071e-10	4.86379077e-10
3444            	-3.08810564e-18	1.06472185e+01	8.99748855e-10	4.49874425e-10	4.49874431e-10
3445            	-3.08809989e-18	1.06472391e+01	8.66331010e-10	4.33165502e-10	4.33165508e-10
3446            	-3.08809428e-18	1.06472598e+01	8.82470593e-10	4.41235293e-10	4.41235299e-10
3447            	-3.08808856e-18	1.06472803e+01	8.50391076e-10	4.25195535e-10	4.25195541e-10
3448            	-3.08808312e-18	1.06473009e+01	9.73918326e-10	4.86959160e-10	4.86959166e-10
3449            	-3.08807764e-18	1.06473214e+01	1.03192942e-09	5.15964708e-10	5.15964714e-10
3450            	-3.08807207e-18	1.06473418e+01	9.77136646e-10	4.88568320e-10	4.88568326e-10
3451            	-3.08806721e-18	1.06473624e+01	1.14462534e-09	5.72312666e-10	5.72312672e-10
3452            	-3.08806099e-18	1.06473826e+01	5.94135082e-10	2.97067538e-10	2.97067544e-10
3453            	-3.08805485e-18	1.06474028e+01	1.09770793e-10	5.48853935e-11	5.48853997e-11
3454            	-3.08804893e-18	1.06474229e+01	-1.41139507e-10	-7.05697565e-11	-7.05697503e-11
3455            	-3.08804325e-18	1.06474431e+01	-8.24229868e-11	-4.12114965e-11	-4.12114903e-11
3456            	-3.08803861e-18	1.06474635e+01	7.00014306e-10	3.50007150e-10	3.50007156e-10
3457            	-3.08803272e-18	1.06474835e+01	7.52913919e-10	3.76456956e-10	3.76456963e-10
3458            	-3.08802694e-18	1.06475034e+01	8.39532613e-10	4.19766303e-10	4.19766309e-10
3459            	-3.08802130e-18	1.06475234e+01	9.60373256e-10	4.80186625e-10	4.80186631e-10
3460            	-3.08801580e-18	1.06475434e+01	1.09759379e-09	5.48796891e-10	5.48796897e-10
3461            	-3.08801036e-18	1.06475633e+01	1.19037365e-09	5.95186824e-10	5.95186830e-10
3462            	-3.08800499e-18	1.06475832e+01	1.21362928e-09	6.06814638e-10	6.06814645e-10
3463            	-3.08800037e-18	1.06476032e+01	1.39494638e-09	6.97473187e-10	6.97473194e-10
3464            	-3.08799444e-18	1.06476229e+01	8.74883733e-10	4.37441863e-10	4.37441869e-10
3465            	-3.08798857e-18	1.06476425e+01	3.60637657e-10	1.80318826e-10	1.80318832e-10
3466            	-3.08798287e-18	1.06476622e+01	3.36878298e-11	1.68439118e-11	1.68439180e-11
3467            	-3.08797737e-18	1.06476818e+01	-3.27907266e-11	-1.63953664e-11	-1.63953602e-11
3468            	-3.08797206e-18	1.06477014e+01	1.69690157e-10	8.48450756e-11	8.48450817e-11
3469            	-3.08796759e-18	1.06477211e+01	8.55603779e-10	4.27801886e-10	4.27801892e-10
3470            	-3.08796185e-18	1.06477405e+01	8.37201215e-10	4.18600604e-10	4.18600610e-10
3471            	-3.08795617e-18	1.06477599e+01	7.85978495e-10	3.92989244e-10	3.92989251e-10
3472            	-3.08795061e-18	1.06477793e+01	7.51963130e-10	3.75981562e-10	3.75981568e-10
3473            	-3.08794595e-18	1.06477988e+01	1.14128072e-09	5.70640355e-10	5.70640362e-10
3474            	-3.08794015e-18	1.06478180e+01	8.17259529e-10	4.08629761e-10	4.08629768e-10
3475            	-3.08793452e-18	1.06478372e+01	5.54226007e-10	2.77113000e-10	2.77113006e-10
3476            	-3.08792911e-18	1.06478564e+01	4.38476471e-10	2.19238233e-10	2.19238239e-10
3477            	-3.08792388e-18	1.06478756e+01	4.84713496e-10	2.42356745e-10	2.42356751e-10
3478            	-3.08791874e-18	1.06478948e+01	6.42375760e-10	3.21187877e-10	3.21187883e-10
3479            	-3.08791365e-18	1.06479139e+01	8.45380169e-10	4.22690082e-10	4.22690088e-10
3480            	-3.08790851e-18	1.06479330e+01	9.86471551e-10	4.93235773e-10	4.93235779e-10
3481            	-3.08790331e-18	1.06479520e+01	1.01561719e-09	5.07808594e-10	5.07808600e-10
3482            	-3.08789807e-18	1.06479710e+01	9.28456180e-10	4.64228087e-10	4.64228093e-10
3483            	-3.08789278e-18	1.06479899e+01	7.53784904e-10	3.76892449e-10	3.76892455e-10
3484            	-3.08788752e-18	1.06480087e+01	5.61421909e-10	2.80710951e-10	2.80710958e-10
3485            	-3.08788300e-18	1.06480277e+01	7.69512268e-10	3.84756131e-10	3.84756137e-10
3486            	-3.08787733e-18	1.06480464e+01	3.13721978e-10	1.56860986e-10	1.56860992e-10
3487            	-3.08787176e-18	1.06480651e+01	-2.08640710e-11	-1.04320386e-11	-1.04320324e-11
3488            	-3.08786709e-18	1.06480839e+01	4.07542340e-10	2.03771167e-10	2.03771173e-10
3489            	-3.08786148e-18	1.06481024e+01	1.55143335e-10	7.75716646e-11	7.75716708e-11
3490            	-3.08785609e-18	1.06481209e+01	1.38280970e-10	6.91404817e-11	6.91404879e-11
3491            	-3.08785091e-18	1.06481395e+01	3.46622089e-10	1.73311041e-10	1.73311047e-10
3492            	-3.08784667e-18	1.06481582e+01	1.05207582e-09	5.26037908e-10	5.26037914e-10
3493            	-3.08784131e-18	1.06481766e+01	1.11806530e-09	5.59032645e-10	5.59032652e-10
3494            	-3.08783601e-18	1.06481950e+01	1.08812882e-09	5.44064407e-10	5.44064413e-10
3495            	-3.08783081e-18	1.06482134e+01	1.00205682e-09	5.01028405e-10	5.01028411e-10
3496            	-3.08782575e-18	1.06482318e+01	9.00679669e-10	4.50339831e-10	4.50339837e-10
3497            	-3.08782150e-18	1.06482503e+01	1.08459359e-09	5.42296793e-10	5.42296799e-10
3498            	-3.08781606e-18	1.06482684e+01	6.40890719e-10	3.20445357e-10	3.20445363e-10
3499            	-3.08781071e-18	1.06482866e+01	2.51096590e-10	1.25548292e-10	1.25548298e-10
3500            	-3.08780554e-18	1.06483047e+01	3.97668282e-11	1.98834110e-11	1.98834172e-11
3501            	-3.08780052e-18	1.06483229e+01	5.11501870e-11	2.55750904e-11	2.55750966e-11
3502            	-3.08779565e-18	1.06483410e+01	2.61992371e-10	1.30996183e-10	1.30996189e-10
3503            	-3.08779153e-18	1.06483592e+01	8.54078245e-10	4.27039119e-10	4.27039125e-10
3504            	-3.08778620e-18	1.06483771e+01	7.91069144e-10	3.95534569e-10	3.95534575e-10
3505            	-3.08778093e-18	1.06483950e+01	6.94429227e-10	3.47214610e-10	3.47214617e-10
3506            	-3.08777579e-18	1.06484129e+01	6.22658914e-10	3.11329454e-10	3.11329460e-10
3507            	-3.08777082e-18	1.06484308e+01	6.12017075e-10	3.06008535e-10	3.06008541e-10
3508            	-3.08776661e-18	1.06484488e+01	9.47671815e-10	4.73835905e-10	4.73835911e-10
3509            	-3.08776141e-18	1.06484666e+01	6.90284761e-10	3.45142378e-10	3.45142384e-10
3510            	-3.08775628e-18	1.06484843e+01	4.45840043e-10	2.22920018e-10	2.22920024e-10
3511            	-3.08775124e-18	1.06485020e+01	2.91227182e-10	1.45613588e-10	1.45613594e-10
3512            	-3.08774639e-18	1.06485196e+01	3.27970940e-10	1.63985467e-10	1.63985473e-10
3513            	-3.08774228e-18	1.06485375e+01	7.63507410e-10	3.81753702e-10	3.81753708e-10
3514            	-3.08773713e-18	1.06485550e+01	6.59254036e-10	3.29627015e-10	3.29627021e-10
3515            	-3.08773204e-18	1.06485725e+01	5.47674182e-10	2.73837088e-10	2.73837094e-10
3516            	-3.08772706e-18	1.06485900e+01	4.76077034e-10	2.38038514e-10	2.38038520e-10
3517            	-3.08772222e-18	1.06486074e+01	4.94183587e-10	2.47091790e-10	2.47091797e-10
3518            	-3.08771749e-18	1.06486249e+01	5.75057283e-10	2.87528638e-10	2.87528645e-10
3519            	-3.08771348e-18	1.06486425e+01	9.54578224e-10	4.77289109e-10	4.77289115e-10
3520            	-3.08770837e-18	1.06486597e+01	7.23318845e-10	3.61659420e-10	3.61659426e-10
3521            	-3.08770327e-18	1.06486770e+01	4.58764336e-10	2.29382165e-10	2.29382171e-10
3522            	-3.08769835e-18	1.06486942e+01	3.15868932e-10	1.57934463e-10	1.57934469e-10
3523            	-3.08769357e-18	1.06487114e+01	3.05755979e-10	1.52877987e-10	1.52877993e-10
3524            	-3.08768891e-18	1.06487287e+01	4.21490402e-10	2.10745198e-10	2.10745204e-10
3525            	-3.08768430e-18	1.06487458e+01	5.86326515e-10	2.93163254e-10	2.93163261e-10
3526            	-3.08767972e-18	1.06487630e+01	7.49081597e-10	3.74540796e-10	3.74540802e-10
3527            	-3.08767510e-18	1.06487801e+01	8.26430775e-10	4.13215385e-10	4.13215391e-10
3528            	-3.08767045e-18	1.06487971e+01	8.17846425e-10	4.08923209e-10	4.08923216e-10
3529            	-3.08766576e-18	1.06488141e+01	7.20521512e-10	3.60260753e-10	3.60260759e-10
3530            	-3.08766165e-18	1.06488312e+01	8.34519839e-10	4.17259916e-10	4.17259923e-10
3531            	-3.08765657e-18	1.06488480e+01	4.09809481e-10	2.04904737e-10	2.04904743e-10
3532            	-3.08765211e-18	1.06488650e+01	4.64547580e-10	2.32273787e-10	2.32273793e-10
3533            	-3.08764692e-18	1.06488817e+01	-4.83952321e-11	-2.41976191e-11	-2.41976130e-11
3534            	-3.08764198e-18	1.06488984e+01	-2.98847933e-10	-1.49423970e-10	-1.49423964e-10
3535            	-3.08763730e-18	1.06489151e+01	-2.09952237e-10	-1.04976121e-10	-1.04976115e-10
3536            	-3.08763285e-18	1.06489318e+01	1.81443333e-10	9.07216634e-11	9.07216695e-11
3537            	-3.08762851e-18	1.06489486e+01	7.19902765e-10	3.59951380e-10	3.59951386e-10
3538            	-3.08762415e-18	1.06489653e+01	1.19217009e-09	5.96085041e-10	5.96085048e-10
3539            	-3.08761972e-18	1.06489819e+01	1.44450936e-09	7.22254677e-10	7.22254683e-10
3540            	-3.08761519e-18	1.06489985e+01	1.41142879e-09	7.05714393e-10	7.05714400e-10
3541            	-3.08761061e-18	1.06490150e+01	1.13735050e-09	5.68675246e-10	5.68675252e-10
3542            	-3.08760665e-18	1.06490317e+01	1.00515771e-09	5.02578850e-10	5.02578857e-10
3543            	-3.08760162e-18	1.06490480e+01	2.87553154e-10	1.43776574e-10	1.43776580e-10
3544            	-3.08759671e-18	1.06490643e+01	-3.01804341e-10	-1.50902174e-10	-1.50902167e-10
3545            	-3.08759200e-18	1.06490806e+01	-5.98764809e-10	-2.99382408e-10	-2.99382401e-10
3546            	-3.08758750e-18	1.06490969e+01	-5.38965347e-10	-2.69482676e-10	-2.69482670e-10
3547            	-3.08758317e-18	1.06491133e+01	-1.50796936e-10	-7.53984709e-11	-7.53984647e-11
3548            	-3.08757889e-18	1.06491295e+01	3.99141699e-10	1.99570847e-10	1.99570853e-10
3549            	-3.08757460e-18	1.06491458e+01	9.36226574e-10	4.68113284e-10	4.68113290e-10
3550            	-3.08757085e-18	1.06491622e+01	1.42379866e-09	7.11899328e-10	7.11899334e-10
3551            	-3.08756604e-18	1.06491782e+01	1.30110656e-09	6.50553277e-10	6.50553283e-10
3552            	-3.08756123e-18	1.06491943e+01	9.59160783e-10	4.79580389e-10	4.79580395e-10
3553            	-3.08755710e-18	1.06492104e+01	8.99732761e-10	4.49866377e-10	4.49866383e-10
3554            	-3.08755224e-18	1.06492264e+01	2.79907244e-10	1.39953619e-10	1.39953625e-10
3555            	-3.08754759e-18	1.06492423e+01	-1.55206930e-10	-7.76034682e-11	-7.76034620e-11
3556            	-3.08754319e-18	1.06492582e+01	-2.90702066e-10	-1.45351036e-10	-1.45351030e-10
3557            	-3.08753895e-18	1.06492742e+01	-1.23637203e-10	-6.18186048e-11	-6.18185986e-11
3558            	-3.08753479e-18	1.06492901e+01	2.60975361e-10	1.30487678e-10	1.30487684e-10
3559            	-3.08753064e-18	1.06493060e+01	7.08199276e-10	3.54099635e-10	3.54099641e-10
3560            	-3.08752642e-18	1.06493218e+01	1.04529892e-09	5.22649454e-10	5.22649461e-10
3561            	-3.08752209e-18	1.06493376e+01	1.17048891e-09	5.85244452e-10	5.85244458e-10
3562            	-3.08751774e-18	1.06493533e+01	1.08572599e-09	5.42862993e-10	5.42862999e-10
3563            	-3.08751334e-18	1.06493690e+01	8.21204351e-10	4.10602172e-10	4.10602179e-10
3564            	-3.08750898e-18	1.06493847e+01	4.93005070e-10	2.46502532e-10	2.46502538e-10
3565            	-3.08750465e-18	1.06494003e+01	1.83683230e-10	9.18416117e-11	9.18416179e-11
3566            	-3.08750038e-18	1.06494159e+01	-1.81461795e-11	-9.07309286e-12	-9.07308669e-12
3567            	-3.08749669e-18	1.06494316e+01	2.35182233e-10	1.17591113e-10	1.17591119e-10
3568            	-3.08749211e-18	1.06494470e+01	2.14210124e-11	1.07105031e-11	1.07105093e-11
3569            	-3.08748758e-18	1.06494624e+01	-6.05563632e-11	-3.02781847e-11	-3.02781785e-11
3570            	-3.08748320e-18	1.06494778e+01	5.06457432e-11	2.53228685e-11	2.53228747e-11
3571            	-3.08747895e-18	1.06494932e+01	3.04653293e-10	1.52326643e-10	1.52326649e-10
3572            	-3.08747482e-18	1.06495086e+01	6.33259371e-10	3.16629683e-10	3.16629689e-10
3573            	-3.08747133e-18	1.06495242e+01	1.11603733e-09	5.58018663e-10	5.58018670e-10
3574            	-3.08746685e-18	1.06495394e+01	9.96516985e-10	4.98258489e-10	4.98258496e-10
3575            	-3.08746239e-18	1.06495546e+01	7.50891274e-10	3.75445634e-10	3.75445640e-10
3576            	-3.08745805e-18	1.06495698e+01	4.92326355e-10	2.46163174e-10	2.46163180e-10
3577            	-3.08745382e-18	1.06495850e+01	2.98591453e-10	1.49295724e-10	1.49295730e-10
3578            	-3.08744973e-18	1.06496002e+01	2.45886145e-10	1.22943070e-10	1.22943076e-10
3579            	-3.08744569e-18	1.06496153e+01	2.90765190e-10	1.45382592e-10	1.45382598e-10
3580            	-3.08744165e-18	1.06496304e+01	3.77455384e-10	1.88727689e-10	1.88727695e-10
3581            	-3.08743761e-18	1.06496455e+01	4.83882241e-10	2.41941117e-10	2.41941123e-10
3582            	-3.08743353e-18	1.06496605e+01	5.48113072e-10	2.74056533e-10	2.74056539e-10
3583            	-3.08742942e-18	1.06496755e+01	5.65537524e-10	2.82768759e-10	2.82768765e-10
3584            	-3.08742591e-18	1.06496906e+01	7.92624791e-10	3.96312392e-10	3.96312398e-10
3585            	-3.08742136e-18	1.06497054e+01	4.36447421e-10	2.18223708e-10	2.18223714e-10
3586            	-3.08741692e-18	1.06497202e+01	1.30773923e-10	6.53869585e-11	6.53869647e-11
3587            	-3.08741267e-18	1.06497350e+01	-3.32409656e-11	-1.66204859e-11	-1.66204797e-11
3588            	-3.08740859e-18	1.06497498e+01	-2.26272743e-11	-1.13136403e-11	-1.13136341e-11
3589            	-3.08740466e-18	1.06497646e+01	1.75332120e-10	8.76660567e-11	8.76660629e-11
3590            	-3.08740079e-18	1.06497794e+01	4.54247513e-10	2.27123754e-10	2.27123760e-10
3591            	-3.08739688e-18	1.06497941e+01	7.08363589e-10	3.54181791e-10	3.54181797e-10
3592            	-3.08739296e-18	1.06498088e+01	8.80149836e-10	4.40074915e-10	4.40074921e-10
3593            	-3.08738956e-18	1.06498236e+01	1.08347130e-09	5.41735647e-10	5.41735653e-10
3594            	-3.08738514e-18	1.06498382e+01	7.47351481e-10	3.73675738e-10	3.73675744e-10
3595            	-3.08738077e-18	1.06498527e+01	3.62517775e-10	1.81258885e-10	1.81258891e-10
3596            	-3.08737656e-18	1.06498671e+01	5.71258435e-11	2.85629186e-11	2.85629248e-11
3597            	-3.08737253e-18	1.06498816e+01	-9.12008128e-11	-4.56004095e-11	-4.56004033e-11
3598            	-3.08736866e-18	1.06498961e+01	-3.47157633e-11	-1.73578847e-11	-1.73578785e-11
3599            	-3.08736487e-18	1.06499106e+01	1.65002278e-10	8.25011360e-11	8.25011422e-11
3600            	-3.08736106e-18	1.06499250e+01	4.20396708e-10	2.10198351e-10	2.10198357e-10
3601            	-3.08735724e-18	1.06499394e+01	6.65085732e-10	3.32542863e-10	3.32542869e-10
3602            	-3.08735333e-18	1.06499537e+01	8.01783771e-10	4.00891883e-10	4.00891889e-10
3603            	-3.08734941e-18	1.06499681e+01	8.29337217e-10	4.14668605e-10	4.14668611e-10
3604            	-3.08734547e-18	1.06499823e+01	7.29967371e-10	3.64983682e-10	3.64983688e-10
3605            	-3.08734151e-18	1.06499966e+01	5.36088253e-10	2.68044124e-10	2.68044130e-10
3606            	-3.08733759e-18	1.06500108e+01	3.30295624e-10	1.65147809e-10	1.65147815e-10
3607            	-3.08733369e-18	1.06500249e+01	1.56119155e-10	7.80595746e-11	7.80595808e-11
3608            	-3.08732984e-18	1.06500391e+01	6.59929145e-11	3.29964541e-11	3.29964603e-11
3609            	-3.08732590e-18	1.06500531e+01	3.17033969e-11	1.58516954e-11	1.58517016e-11
3610            	-3.08732213e-18	1.06500672e+01	1.96160423e-10	9.80802086e-11	9.80802148e-11
3611            	-3.08731837e-18	1.06500813e+01	4.00128254e-10	2.00064124e-10	2.00064130e-10
3612            	-3.08731460e-18	1.06500953e+01	5.64848011e-10	2.82424002e-10	2.82424009e-10
3613            	-3.08731078e-18	1.06501093e+01	6.32696969e-10	3.16348482e-10	3.16348488e-10
3614            	-3.08730696e-18	1.06501232e+01	6.18703703e-10	3.09351849e-10	3.09351855e-10
3615            	-3.08730313e-18	1.06501371e+01	5.26004444e-10	2.63002219e-10	2.63002225e-10
3616            	-3.08729929e-18	1.06501510e+01	3.93274558e-10	1.96637276e-10	1.96637282e-10
3617            	-3.08729549e-18	1.06501649e+01	2.90959371e-10	1.45479683e-10	1.45479689e-10
3618            	-3.08729221e-18	1.06501788e+01	4.69335814e-10	2.34667904e-10	2.34667910e-10
3619            	-3.08728814e-18	1.06501925e+01	2.19227489e-10	1.09613742e-10	1.09613748e-10
3620            	-3.08728410e-18	1.06502062e+01	2.16061048e-11	1.08030493e-11	1.08030555e-11
3621            	-3.08728022e-18	1.06502199e+01	3.08903850e-13	1.54448838e-13	1.54455012e-13
3622            	-3.08727649e-18	1.06502335e+01	1.35899461e-10	6.79497276e-11	6.79497337e-11
3623            	-3.08727340e-18	1.06502473e+01	6.16138257e-10	3.08069125e-10	3.08069131e-10
3624            	-3.08726943e-18	1.06502609e+01	5.82101331e-10	2.91050662e-10	2.91050669e-10
3625            	-3.08726552e-18	1.06502744e+01	5.12277608e-10	2.56138801e-10	2.56138807e-10
3626            	-3.08726171e-18	1.06502880e+01	4.51925083e-10	2.25962539e-10	2.25962545e-10
3627            	-3.08725799e-18	1.06503015e+01	4.25997985e-10	2.12998989e-10	2.12998996e-10
3628            	-3.08725435e-18	1.06503150e+01	4.38836604e-10	2.19418299e-10	2.19418305e-10
3629            	-3.08725077e-18	1.06503285e+01	4.84185276e-10	2.42092635e-10	2.42092641e-10
3630            	-3.08724719e-18	1.06503420e+01	5.09203659e-10	2.54601826e-10	2.54601833e-10
3631            	-3.08724410e-18	1.06503555e+01	6.84957953e-10	3.42478974e-10	3.42478980e-10
3632            	-3.08724013e-18	1.06503688e+01	4.05102107e-10	2.02551050e-10	2.02551056e-10
3633            	-3.08723620e-18	1.06503821e+01	1.34612777e-10	6.73063855e-11	6.73063917e-11
3634            	-3.08723238e-18	1.06503953e+01	-2.97128895e-11	-1.48564478e-11	-1.48564416e-11
3635            	-3.08722870e-18	1.06504086e+01	-3.65635498e-11	-1.82817780e-11	-1.82817718e-11
3636            	-3.08722513e-18	1.06504219e+01	9.97938623e-11	4.98969280e-11	4.98969342e-11
3637            	-3.08722165e-18	1.06504351e+01	3.32101457e-10	1.66050726e-10	1.66050732e-10
3638            	-3.08721871e-18	1.06504484e+01	7.56295873e-10	3.78147933e-10	3.78147939e-10
3639            	-3.08721485e-18	1.06504615e+01	6.69532857e-10	3.34766425e-10	3.34766432e-10
3640            	-3.08721101e-18	1.06504746e+01	5.08344289e-10	2.54172141e-10	2.54172148e-10
3641            	-3.08720774e-18	1.06504878e+01	6.33097497e-10	3.16548745e-10	3.16548751e-10
3642            	-3.08720378e-18	1.06505007e+01	2.89940221e-10	1.44970108e-10	1.44970114e-10
3643            	-3.08720000e-18	1.06505137e+01	5.50348501e-11	2.75174219e-11	2.75174281e-11
3644            	-3.08719638e-18	1.06505267e+01	-2.27343231e-11	-1.13671647e-11	-1.13671585e-11
3645            	-3.08719295e-18	1.06505397e+01	9.97516147e-11	4.98758042e-11	4.98758104e-11
3646            	-3.08718959e-18	1.06505526e+01	3.28997358e-10	1.64498676e-10	1.64498682e-10
3647            	-3.08718622e-18	1.06505656e+01	5.62979199e-10	2.81489596e-10	2.81489602e-10
3648            	-3.08718281e-18	1.06505785e+01	7.24886337e-10	3.62443165e-10	3.62443171e-10
3649            	-3.08717986e-18	1.06505915e+01	8.97346725e-10	4.48673359e-10	4.48673366e-10
3650            	-3.08717599e-18	1.06506042e+01	6.18880438e-10	3.09440216e-10	3.09440222e-10
3651            	-3.08717214e-18	1.06506170e+01	2.73611263e-10	1.36805628e-10	1.36805635e-10
3652            	-3.08716845e-18	1.06506297e+01	1.13903668e-11	5.69518031e-12	5.69518648e-12
3653            	-3.08716491e-18	1.06506424e+01	-1.12046048e-10	-5.60230270e-11	-5.60230208e-11
3654            	-3.08716153e-18	1.06506551e+01	-5.41143244e-11	-2.70571653e-11	-2.70571591e-11
3655            	-3.08715820e-18	1.06506678e+01	1.25587386e-10	6.27936898e-11	6.27936960e-11
3656            	-3.08715490e-18	1.06506804e+01	3.75180726e-10	1.87590360e-10	1.87590366e-10
3657            	-3.08715156e-18	1.06506931e+01	5.93521168e-10	2.96760581e-10	2.96760587e-10
3658            	-3.08714817e-18	1.06507057e+01	7.17690030e-10	3.58845012e-10	3.58845018e-10
3659            	-3.08714474e-18	1.06507182e+01	7.24101115e-10	3.62050554e-10	3.62050560e-10
3660            	-3.08714175e-18	1.06507309e+01	8.08181064e-10	4.04090529e-10	4.04090535e-10
3661            	-3.08713798e-18	1.06507433e+01	4.28856967e-10	2.14428481e-10	2.14428487e-10
3662            	-3.08713428e-18	1.06507557e+01	5.92267189e-11	2.96133563e-11	2.96133625e-11
3663            	-3.08713073e-18	1.06507681e+01	-1.78745570e-10	-8.93727880e-11	-8.93727818e-11
3664            	-3.08712782e-18	1.06507806e+01	1.22546801e-10	6.12733972e-11	6.12734034e-11
3665            	-3.08712422e-18	1.06507929e+01	-1.90958917e-11	-9.54794892e-12	-9.54794275e-12
3666            	-3.08712071e-18	1.06508052e+01	-1.96595431e-11	-9.82977464e-12	-9.82976846e-12
3667            	-3.08711732e-18	1.06508175e+01	1.47917132e-10	7.39585628e-11	7.39585690e-11
3668            	-3.08711404e-18	1.06508299e+01	4.20292995e-10	2.10146494e-10	2.10146501e-10
3669            	-3.08711082e-18	1.06508422e+01	6.96396143e-10	3.48198069e-10	3.48198075e-10
3670            	-3.08710756e-18	1.06508544e+01	8.57267300e-10	4.28633647e-10	4.28633653e-10
3671            	-3.08710430e-18	1.06508666e+01	8.69406506e-10	4.34703250e-10	4.34703256e-10
3672            	-3.08710100e-18	1.06508788e+01	7.23782630e-10	3.61891312e-10	3.61891318e-10
3673            	-3.08709765e-18	1.06508910e+01	4.69545411e-10	2.34772702e-10	2.34772709e-10
3674            	-3.08709432e-18	1.06509031e+01	2.13393137e-10	1.06696566e-10	1.06696572e-10
3675            	-3.08709143e-18	1.06509153e+01	2.38979252e-10	1.19489623e-10	1.19489629e-10
3676            	-3.08708786e-18	1.06509273e+01	-8.54845334e-11	-4.27422698e-11	-4.27422636e-11
3677            	-3.08708435e-18	1.06509393e+01	-2.76906783e-10	-1.38453394e-10	-1.38453388e-10
3678            	-3.08708095e-18	1.06509513e+01	-2.85341295e-10	-1.42670650e-10	-1.42670644e-10
3679            	-3.08707768e-18	1.06509632e+01	-8.35337694e-11	-4.17668878e-11	-4.17668816e-11
3680            	-3.08707452e-18	1.06509752e+01	2.42446970e-10	1.21223482e-10	1.21223488e-10
3681            	-3.08707138e-18	1.06509872e+01	5.73050020e-10	2.86525007e-10	2.86525013e-10
3682            	-3.08706824e-18	1.06509991e+01	8.10812934e-10	4.05406464e-10	4.05406470e-10
3683            	-3.08706552e-18	1.06510111e+01	1.01990593e-09	5.09952963e-10	5.09952969e-10
3684            	-3.08706199e-18	1.06510229e+01	7.53716257e-10	3.76858126e-10	3.76858132e-10
3685            	-3.08705850e-18	1.06510346e+01	4.17017699e-10	2.08508846e-10	2.08508853e-10
3686            	-3.08705512e-18	1.06510464e+01	1.20128087e-10	6.00640405e-11	6.00640466e-11
3687            	-3.08705187e-18	1.06510581e+01	-5.55378254e-11	-2.77689158e-11	-2.77689096e-11
3688            	-3.08704874e-18	1.06510699e+01	-7.14206697e-11	-3.57103379e-11	-3.57103318e-11
3689            	-3.08704565e-18	1.06510816e+01	3.85045897e-11	1.92522918e-11	1.92522980e-11
3690            	-3.08704259e-18	1.06510933e+01	2.22328366e-10	1.11164180e-10	1.11164186e-10
3691            	-3.08703993e-18	1.06511050e+01	5.56753715e-10	2.78376854e-10	2.78376860e-10
3692            	-3.08703653e-18	1.06511166e+01	4.99331824e-10	2.49665909e-10	2.49665915e-10
3693            	-3.08703312e-18	1.06511282e+01	3.82900218e-10	1.91450106e-10	1.91450112e-10
3694            	-3.08702972e-18	1.06511397e+01	2.30491314e-10	1.15245654e-10	1.15245660e-10
3695            	-3.08702656e-18	1.06511512e+01	2.40808583e-10	1.20404288e-10	1.20404295e-10
3696            	-3.08702351e-18	1.06511628e+01	3.05800270e-10	1.52900132e-10	1.52900138e-10
3697            	-3.08702049e-18	1.06511743e+01	3.77542281e-10	1.88771138e-10	1.88771144e-10
3698            	-3.08701749e-18	1.06511858e+01	4.30617747e-10	2.15308871e-10	2.15308877e-10
3699            	-3.08701445e-18	1.06511972e+01	4.32005223e-10	2.16002608e-10	2.16002614e-10
3700            	-3.08701135e-18	1.06512086e+01	3.80038202e-10	1.90019098e-10	1.90019104e-10
3701            	-3.08700824e-18	1.06512200e+01	3.29062536e-10	1.64531265e-10	1.64531271e-10
3702            	-3.08700512e-18	1.06512314e+01	2.68464938e-10	1.34232466e-10	1.34232472e-10
3703            	-3.08700201e-18	1.06512427e+01	2.25841315e-10	1.12920655e-10	1.12920661e-10
3704            	-3.08699936e-18	1.06512541e+01	4.24124534e-10	2.12062264e-10	2.12062270e-10
3705            	-3.08699599e-18	1.06512653e+01	1.90237846e-10	9.51189200e-11	9.51189261e-11
3706            	-3.08699269e-18	1.06512765e+01	9.89427925e-12	4.94713654e-12	4.94714271e-12
3707            	-3.08698953e-18	1.06512877e+01	-5.07915876e-11	-2.53957969e-11	-2.53957907e-11
3708            	-3.08698648e-18	1.06512989e+01	2.28355289e-11	1.14177614e-11	1.14177675e-11
3709            	-3.08698353e-18	1.06513101e+01	2.11634630e-10	1.05817312e-10	1.05817318e-10
3710            	-3.08698062e-18	1.06513213e+01	4.35631869e-10	2.17815932e-10	2.17815938e-10
3711            	-3.08697815e-18	1.06513325e+01	7.48791686e-10	3.74395840e-10	3.74395846e-10
3712            	-3.08697489e-18	1.06513436e+01	6.40044933e-10	3.20022463e-10	3.20022469e-10
3713            	-3.08697164e-18	1.06513546e+01	4.50405740e-10	2.25202867e-10	2.25202873e-10
3714            	-3.08696847e-18	1.06513656e+01	2.60725473e-10	1.30362733e-10	1.30362740e-10
3715            	-3.08696584e-18	1.06513767e+01	3.89028476e-10	1.94514235e-10	1.94514241e-10
3716            	-3.08696261e-18	1.06513876e+01	1.25869647e-10	6.29348203e-11	6.29348265e-11
3717            	-3.08695949e-18	1.06513986e+01	-3.56370626e-11	-1.78185344e-11	-1.78185282e-11
3718            	-3.08695649e-18	1.06514095e+01	-5.19428873e-11	-2.59714468e-11	-2.59714406e-11
3719            	-3.08695357e-18	1.06514204e+01	6.29229309e-11	3.14614624e-11	3.14614685e-11
3720            	-3.08695072e-18	1.06514313e+01	2.77556022e-10	1.38778008e-10	1.38778014e-10
3721            	-3.08694787e-18	1.06514422e+01	4.95133635e-10	2.47566814e-10	2.47566820e-10
3722            	-3.08694497e-18	1.06514531e+01	6.29689794e-10	3.14844894e-10	3.14844900e-10
3723            	-3.08694205e-18	1.06514639e+01	6.63092419e-10	3.31546207e-10	3.31546213e-10
3724            	-3.08693913e-18	1.06514747e+01	5.94198332e-10	2.97099163e-10	2.97099169e-10
3725            	-3.08693618e-18	1.06514855e+01	4.35773032e-10	2.17886513e-10	2.17886519e-10
3726            	-3.08693324e-18	1.06514962e+01	2.42146088e-10	1.21073041e-10	1.21073047e-10
3727            	-3.08693070e-18	1.06515070e+01	2.91146449e-10	1.45573221e-10	1.45573228e-10
3728            	-3.08692753e-18	1.06515176e+01	-2.10041819e-11	-1.05020940e-11	-1.05020879e-11
3729            	-3.08692443e-18	1.06515282e+01	-2.17245672e-10	-1.08622839e-10	-1.08622833e-10
3730            	-3.08692144e-18	1.06515388e+01	-2.38613881e-10	-1.19306944e-10	-1.19306938e-10
3731            	-3.08691855e-18	1.06515495e+01	-8.87562482e-11	-4.43781272e-11	-4.43781210e-11
3732            	-3.08691575e-18	1.06515601e+01	1.82801528e-10	9.14007611e-11	9.14007672e-11
3733            	-3.08691299e-18	1.06515706e+01	4.77514253e-10	2.38757123e-10	2.38757130e-10
3734            	-3.08691021e-18	1.06515812e+01	6.93468191e-10	3.46734093e-10	3.46734099e-10
3735            	-3.08690740e-18	1.06515917e+01	7.73314600e-10	3.86657297e-10	3.86657303e-10
3736            	-3.08690456e-18	1.06516022e+01	7.12282197e-10	3.56141095e-10	3.56141102e-10
3737            	-3.08690211e-18	1.06516128e+01	7.04519482e-10	3.52259738e-10	3.52259744e-10
3738            	-3.08689898e-18	1.06516232e+01	3.13694436e-10	1.56847215e-10	1.56847221e-10
3739            	-3.08689590e-18	1.06516335e+01	-4.49916586e-11	-2.24958324e-11	-2.24958262e-11
3740            	-3.08689285e-18	1.06516439e+01	-3.20381015e-10	-1.60190511e-10	-1.60190505e-10
3741            	-3.08689008e-18	1.06516543e+01	-2.66810621e-10	-1.33405314e-10	-1.33405308e-10
3742            	-3.08688740e-18	1.06516646e+01	-4.33678912e-11	-2.16839487e-11	-2.16839425e-11
3743            	-3.08688474e-18	1.06516750e+01	2.45430898e-10	1.22715446e-10	1.22715452e-10
3744            	-3.08688250e-18	1.06516854e+01	6.33376126e-10	3.16688060e-10	3.16688066e-10
3745            	-3.08687985e-18	1.06516957e+01	7.79219855e-10	3.89609924e-10	3.89609931e-10
3746            	-3.08687655e-18	1.06517058e+01	4.51902752e-10	2.25951373e-10	2.25951379e-10
3747            	-3.08687339e-18	1.06517160e+01	1.52986916e-10	7.64934549e-11	7.64934611e-11
3748            	-3.08687045e-18	1.06517262e+01	-2.04353032e-11	-1.02176547e-11	-1.02176485e-11
3749            	-3.08686772e-18	1.06517364e+01	-2.31196353e-11	-1.15598207e-11	-1.15598146e-11
3750            	-3.08686513e-18	1.06517465e+01	1.15440580e-10	5.77202867e-11	5.77202929e-11
3751            	-3.08686294e-18	1.06517568e+01	4.48422117e-10	2.24211055e-10	2.24211062e-10
3752            	-3.08686012e-18	1.06517669e+01	4.61518930e-10	2.30759462e-10	2.30759468e-10
3753            	-3.08685726e-18	1.06517769e+01	4.17060097e-10	2.08530046e-10	2.08530052e-10
3754            	-3.08685476e-18	1.06517870e+01	4.98084664e-10	2.49042329e-10	2.49042335e-10
3755            	-3.08685174e-18	1.06517970e+01	2.95744527e-10	1.47872260e-10	1.47872266e-10
3756            	-3.08684880e-18	1.06518070e+01	1.21854900e-10	6.09274470e-11	6.09274532e-11
3757            	-3.08684602e-18	1.06518170e+01	5.00754445e-11	2.50377192e-11	2.50377254e-11
3758            	-3.08684330e-18	1.06518269e+01	5.10960917e-11	2.55480428e-11	2.55480489e-11
3759            	-3.08684076e-18	1.06518369e+01	2.03684098e-10	1.01842046e-10	1.01842052e-10
3760            	-3.08683823e-18	1.06518468e+01	3.72739030e-10	1.86369512e-10	1.86369518e-10
3761            	-3.08683607e-18	1.06518569e+01	6.07876474e-10	3.03938234e-10	3.03938240e-10
3762            	-3.08683318e-18	1.06518667e+01	4.78483447e-10	2.39241721e-10	2.39241727e-10
3763            	-3.08683027e-18	1.06518765e+01	2.88247440e-10	1.44123717e-10	1.44123723e-10
3764            	-3.08682743e-18	1.06518863e+01	1.18777937e-10	5.93889656e-11	5.93889718e-11
3765            	-3.08682504e-18	1.06518962e+01	2.51951266e-10	1.25975630e-10	1.25975636e-10
3766            	-3.08682217e-18	1.06519059e+01	5.35880487e-11	2.67940213e-11	2.67940274e-11
3767            	-3.08681941e-18	1.06519156e+01	-3.67484645e-11	-1.83742353e-11	-1.83742292e-11
3768            	-3.08681712e-18	1.06519254e+01	2.41058453e-10	1.20529224e-10	1.20529230e-10
3769            	-3.08681433e-18	1.06519351e+01	1.66421067e-10	8.32105304e-11	8.32105366e-11
3770            	-3.08681161e-18	1.06519448e+01	1.63788091e-10	8.18940423e-11	8.18940485e-11
3771            	-3.08680895e-18	1.06519544e+01	2.29544564e-10	1.14772279e-10	1.14772285e-10
3772            	-3.08680639e-18	1.06519641e+01	3.58046744e-10	1.79023369e-10	1.79023375e-10
3773            	-3.08680385e-18	1.06519737e+01	4.78805973e-10	2.39402983e-10	2.39402989e-10
3774            	-3.08680131e-18	1.06519834e+01	5.44571545e-10	2.72285769e-10	2.72285776e-10
3775            	-3.08679913e-18	1.06519930e+01	6.42261127e-10	3.21130560e-10	3.21130566e-10
3776            	-3.08679632e-18	1.06520026e+01	3.99297636e-10	1.99648815e-10	1.99648821e-10
3777            	-3.08679353e-18	1.06520120e+01	1.33129543e-10	6.65647682e-11	6.65647744e-11
3778            	-3.08679082e-18	1.06520215e+01	-6.20837196e-11	-3.10418629e-11	-3.10418567e-11
3779            	-3.08678858e-18	1.06520311e+01	1.18234368e-10	5.91171808e-11	5.91171869e-11
3780            	-3.08678582e-18	1.06520405e+01	-2.92142134e-11	-1.46071098e-11	-1.46071036e-11
3781            	-3.08678313e-18	1.06520499e+01	-7.57896410e-11	-3.78948236e-11	-3.78948174e-11
3782            	-3.08678056e-18	1.06520593e+01	2.44948159e-11	1.22474049e-11	1.22474110e-11
3783            	-3.08677806e-18	1.06520688e+01	2.06276742e-10	1.03138368e-10	1.03138374e-10
3784            	-3.08677562e-18	1.06520782e+01	4.20332054e-10	2.10166024e-10	2.10166030e-10
3785            	-3.08677316e-18	1.06520875e+01	5.77369642e-10	2.88684818e-10	2.88684824e-10
3786            	-3.08677069e-18	1.06520969e+01	6.40933087e-10	3.20466540e-10	3.20466547e-10
3787            	-3.08676854e-18	1.06521063e+01	6.97689478e-10	3.48844736e-10	3.48844742e-10
3788            	-3.08676579e-18	1.06521155e+01	4.16757022e-10	2.08378508e-10	2.08378514e-10
3789            	-3.08676338e-18	1.06521249e+01	3.41063069e-10	1.70531531e-10	1.70531538e-10
3790            	-3.08676051e-18	1.06521340e+01	-7.31388466e-11	-3.65694264e-11	-3.65694202e-11
3791            	-3.08675778e-18	1.06521432e+01	-3.44305069e-10	-1.72152538e-10	-1.72152532e-10
3792            	-3.08675526e-18	1.06521524e+01	-3.60069383e-10	-1.80034695e-10	-1.80034689e-10
3793            	-3.08675321e-18	1.06521617e+01	5.31528167e-11	2.65764053e-11	2.65764114e-11
3794            	-3.08675066e-18	1.06521708e+01	1.72990739e-10	8.64953664e-11	8.64953726e-11
3795            	-3.08674815e-18	1.06521799e+01	3.20920664e-10	1.60460329e-10	1.60460335e-10
3796            	-3.08674567e-18	1.06521891e+01	4.62642784e-10	2.31321389e-10	2.31321395e-10
3797            	-3.08674321e-18	1.06521982e+01	5.64759410e-10	2.82379702e-10	2.82379708e-10
3798            	-3.08674072e-18	1.06522072e+01	5.84597291e-10	2.92298642e-10	2.92298649e-10
3799            	-3.08673832e-18	1.06522163e+01	5.69632199e-10	2.84816096e-10	2.84816103e-10
3800            	-3.08673592e-18	1.06522254e+01	4.70691587e-10	2.35345791e-10	2.35345797e-10
3801            	-3.08673351e-18	1.06522344e+01	3.20792557e-10	1.60396276e-10	1.60396282e-10
3802            	-3.08673110e-18	1.06522434e+01	1.53414111e-10	7.67070526e-11	7.67070588e-11
3803            	-3.08672861e-18	1.06522524e+01	-2.11480446e-11	-1.05740254e-11	-1.05740192e-11
3804            	-3.08672621e-18	1.06522613e+01	-6.02667495e-11	-3.01333778e-11	-3.01333717e-11
3805            	-3.08672382e-18	1.06522702e+01	-1.78984346e-11	-8.94922041e-12	-8.94921424e-12
3806            	-3.08672143e-18	1.06522792e+01	7.47006993e-11	3.73503466e-11	3.73503528e-11
3807            	-3.08671938e-18	1.06522881e+01	3.34701815e-10	1.67350904e-10	1.67350910e-10
3808            	-3.08671674e-18	1.06522970e+01	2.43864987e-10	1.21932490e-10	1.21932496e-10
3809            	-3.08671416e-18	1.06523058e+01	1.58355643e-10	7.91778185e-11	7.91778247e-11
3810            	-3.08671166e-18	1.06523146e+01	1.21399070e-10	6.06995317e-11	6.06995378e-11
3811            	-3.08670927e-18	1.06523234e+01	1.48548597e-10	7.42742952e-11	7.42743014e-11
3812            	-3.08670695e-18	1.06523322e+01	2.33987770e-10	1.16993882e-10	1.16993888e-10
3813            	-3.08670465e-18	1.06523410e+01	3.32643027e-10	1.66321511e-10	1.66321517e-10
3814            	-3.08670237e-18	1.06523497e+01	4.18220148e-10	2.09110071e-10	2.09110077e-10
3815            	-3.08670006e-18	1.06523585e+01	4.48965050e-10	2.24482522e-10	2.24482528e-10
3816            	-3.08669773e-18	1.06523672e+01	4.16897180e-10	2.08448587e-10	2.08448593e-10
3817            	-3.08669536e-18	1.06523759e+01	3.31259469e-10	1.65629731e-10	1.65629738e-10
3818            	-3.08669300e-18	1.06523845e+01	2.33683005e-10	1.16841500e-10	1.16841506e-10
3819            	-3.08669064e-18	1.06523932e+01	1.37573762e-10	6.87868781e-11	6.87868843e-11
3820            	-3.08668822e-18	1.06524018e+01	2.71949413e-11	1.35974675e-11	1.35974737e-11
3821            	-3.08668593e-18	1.06524104e+01	5.45209192e-11	2.72604565e-11	2.72604627e-11
3822            	-3.08668366e-18	1.06524190e+01	1.21711831e-10	6.08559124e-11	6.08559186e-11
3823            	-3.08668138e-18	1.06524275e+01	1.89049849e-10	9.45249215e-11	9.45249277e-11
3824            	-3.08667911e-18	1.06524361e+01	2.50228025e-10	1.25114009e-10	1.25114016e-10
3825            	-3.08667682e-18	1.06524446e+01	2.76551987e-10	1.38275990e-10	1.38275997e-10
3826            	-3.08667451e-18	1.06524531e+01	2.72382925e-10	1.36191459e-10	1.36191466e-10
3827            	-3.08667220e-18	1.06524616e+01	2.47978404e-10	1.23989199e-10	1.23989205e-10
3828            	-3.08666989e-18	1.06524701e+01	2.20496852e-10	1.10248423e-10	1.10248429e-10
3829            	-3.08666760e-18	1.06524785e+01	1.99311226e-10	9.96556098e-11	9.96556160e-11
3830            	-3.08666532e-18	1.06524870e+01	1.89169225e-10	9.45846094e-11	9.45846156e-11
3831            	-3.08666306e-18	1.06524954e+01	1.95022271e-10	9.75111324e-11	9.75111386e-11
3832            	-3.08666116e-18	1.06525038e+01	3.70130687e-10	1.85065341e-10	1.85065347e-10
3833            	-3.08665868e-18	1.06525121e+01	2.15496847e-10	1.07748421e-10	1.07748427e-10
3834            	-3.08665625e-18	1.06525205e+01	8.71969804e-11	4.35984871e-11	4.35984933e-11
3835            	-3.08665390e-18	1.06525288e+01	2.87958068e-11	1.43979003e-11	1.43979065e-11
3836            	-3.08665196e-18	1.06525371e+01	2.51014690e-10	1.25507342e-10	1.25507348e-10
3837            	-3.08664957e-18	1.06525454e+01	1.62087563e-10	8.10437785e-11	8.10437847e-11
3838            	-3.08664724e-18	1.06525536e+01	1.26059069e-10	6.30295314e-11	6.30295376e-11
3839            	-3.08664499e-18	1.06525619e+01	1.56458673e-10	7.82293333e-11	7.82293395e-11
3840            	-3.08664280e-18	1.06525701e+01	2.37164635e-10	1.18582314e-10	1.18582321e-10
3841            	-3.08664065e-18	1.06525784e+01	3.33700704e-10	1.66850349e-10	1.66850355e-10
3842            	-3.08663850e-18	1.06525866e+01	4.07224643e-10	2.03612319e-10	2.03612325e-10
3843            	-3.08663668e-18	1.06525948e+01	5.33805326e-10	2.66902660e-10	2.66902666e-10
3844            	-3.08663456e-18	1.06526030e+01	5.21944558e-10	2.60972276e-10	2.60972282e-10
3845            	-3.08663197e-18	1.06526111e+01	1.65569699e-10	8.27848465e-11	8.27848527e-11
3846            	-3.08662949e-18	1.06526191e+01	-1.16368510e-10	-5.81842581e-11	-5.81842519e-11
3847            	-3.08662748e-18	1.06526273e+01	4.51428721e-11	2.25714330e-11	2.25714391e-11
3848            	-3.08662514e-18	1.06526353e+01	-1.22113182e-10	-6.10565943e-11	-6.10565881e-11
3849            	-3.08662294e-18	1.06526433e+01	-1.26429740e-10	-6.32148733e-11	-6.32148671e-11
3850            	-3.08662084e-18	1.06526514e+01	1.60001916e-11	8.00009270e-12	8.00009887e-12
3851            	-3.08661877e-18	1.06526594e+01	2.39533980e-10	1.19766987e-10	1.19766993e-10
3852            	-3.08661672e-18	1.06526675e+01	4.73262200e-10	2.36631097e-10	2.36631103e-10
3853            	-3.08661493e-18	1.06526755e+01	6.65223016e-10	3.32611505e-10	3.32611511e-10
3854            	-3.08661261e-18	1.06526835e+01	5.92673060e-10	2.96336527e-10	2.96336533e-10
3855            	-3.08661028e-18	1.06526914e+01	4.11354382e-10	2.05677188e-10	2.05677194e-10
3856            	-3.08660800e-18	1.06526993e+01	1.93580370e-10	9.67901820e-11	9.67901882e-11
3857            	-3.08660582e-18	1.06527072e+01	2.28836465e-11	1.14418202e-11	1.14418263e-11
3858            	-3.08660401e-18	1.06527152e+01	1.36786541e-10	6.83932673e-11	6.83932734e-11
3859            	-3.08660175e-18	1.06527230e+01	-2.82569367e-11	-1.41284714e-11	-1.41284653e-11
3860            	-3.08659955e-18	1.06527308e+01	-9.98229734e-11	-4.99114898e-11	-4.99114836e-11
3861            	-3.08659740e-18	1.06527387e+01	-6.10553247e-11	-3.05276655e-11	-3.05276593e-11
3862            	-3.08659532e-18	1.06527465e+01	8.25463728e-11	4.12731833e-11	4.12731895e-11
3863            	-3.08659327e-18	1.06527543e+01	2.67013916e-10	1.33506955e-10	1.33506961e-10
3864            	-3.08659122e-18	1.06527621e+01	4.25328450e-10	2.12664222e-10	2.12664228e-10
3865            	-3.08658916e-18	1.06527699e+01	5.08748103e-10	2.54374048e-10	2.54374055e-10
3866            	-3.08658707e-18	1.06527776e+01	4.97385684e-10	2.48692839e-10	2.48692845e-10
3867            	-3.08658499e-18	1.06527854e+01	4.07739691e-10	2.03869842e-10	2.03869849e-10
3868            	-3.08658289e-18	1.06527931e+01	2.69147733e-10	1.34573864e-10	1.34573870e-10
3869            	-3.08658081e-18	1.06528008e+01	1.35210311e-10	6.76051524e-11	6.76051586e-11
3870            	-3.08657903e-18	1.06528085e+01	1.92090253e-10	9.60451235e-11	9.60451297e-11
3871            	-3.08657678e-18	1.06528161e+01	-9.19604762e-13	-4.59805468e-13	-4.59799295e-13
3872            	-3.08657457e-18	1.06528237e+01	-1.23736156e-10	-6.18680812e-11	-6.18680751e-11
3873            	-3.08657244e-18	1.06528313e+01	-1.39212154e-10	-6.96060803e-11	-6.96060742e-11
3874            	-3.08657069e-18	1.06528390e+01	1.53660765e-10	7.68303794e-11	7.68303855e-11
3875            	-3.08656848e-18	1.06528466e+01	1.46842345e-10	7.34211692e-11	7.34211754e-11
3876            	-3.08656634e-18	1.06528541e+01	1.79077112e-10	8.95385528e-11	8.95385589e-11
3877            	-3.08656428e-18	1.06528617e+01	2.47049413e-10	1.23524703e-10	1.23524710e-10
3878            	-3.08656257e-18	1.06528693e+01	4.62685556e-10	2.31342775e-10	2.31342781e-10
3879            	-3.08656041e-18	1.06528768e+01	3.87783621e-10	1.93891807e-10	1.93891814e-10
3880            	-3.08655828e-18	1.06528842e+01	2.95340680e-10	1.47670337e-10	1.47670343e-10
3881            	-3.08655622e-18	1.06528917e+01	2.22008471e-10	1.11004233e-10	1.11004239e-10
3882            	-3.08655452e-18	1.06528992e+01	3.24004662e-10	1.62002328e-10	1.62002334e-10
3883            	-3.08655236e-18	1.06529067e+01	1.71040803e-10	8.55203982e-11	8.55204043e-11
3884            	-3.08655024e-18	1.06529141e+01	5.29498900e-11	2.64749419e-11	2.64749481e-11
3885            	-3.08654820e-18	1.06529215e+01	1.16439996e-11	5.82199672e-12	5.82200289e-12
3886            	-3.08654623e-18	1.06529289e+01	4.83144725e-11	2.41572332e-11	2.41572393e-11
3887            	-3.08654429e-18	1.06529362e+01	1.35637418e-10	6.78187061e-11	6.78187123e-11
3888            	-3.08654237e-18	1.06529436e+01	2.44277967e-10	1.22138980e-10	1.22138986e-10
3889            	-3.08654044e-18	1.06529510e+01	3.25647826e-10	1.62823910e-10	1.62823916e-10
3890            	-3.08653849e-18	1.06529583e+01	3.58168805e-10	1.79084399e-10	1.79084406e-10
3891            	-3.08653651e-18	1.06529656e+01	3.31743957e-10	1.65871975e-10	1.65871981e-10
3892            	-3.08653454e-18	1.06529729e+01	2.75796208e-10	1.37898101e-10	1.37898107e-10
3893            	-3.08653257e-18	1.06529802e+01	1.97944231e-10	9.89721123e-11	9.89721185e-11
3894            	-3.08653060e-18	1.06529874e+01	1.25249588e-10	6.26247910e-11	6.26247971e-11
3895            	-3.08652864e-18	1.06529947e+01	6.88883679e-11	3.44441809e-11	3.44441870e-11
3896            	-3.08652670e-18	1.06530019e+01	5.55703472e-11	2.77851705e-11	2.77851767e-11
3897            	-3.08652504e-18	1.06530092e+01	2.10509537e-10	1.05254765e-10	1.05254772e-10
3898            	-3.08652294e-18	1.06530163e+01	1.18337437e-10	5.91687153e-11	5.91687215e-11
3899            	-3.08652087e-18	1.06530235e+01	5.42723935e-11	2.71361936e-11	2.71361998e-11
3900            	-3.08651887e-18	1.06530306e+01	4.65806729e-11	2.32903333e-11	2.32903395e-11
3901            	-3.08651694e-18	1.06530377e+01	1.04016673e-10	5.20083335e-11	5.20083397e-11
3902            	-3.08651505e-18	1.06530449e+01	1.99957414e-10	9.99787039e-11	9.99787101e-11
3903            	-3.08651320e-18	1.06530520e+01	3.04065285e-10	1.52032640e-10	1.52032646e-10
3904            	-3.08651134e-18	1.06530591e+01	3.73012513e-10	1.86506253e-10	1.86506259e-10
3905            	-3.08650948e-18	1.06530662e+01	3.93052819e-10	1.96526406e-10	1.96526413e-10
3906            	-3.08650754e-18	1.06530732e+01	3.35617844e-10	1.67808919e-10	1.67808925e-10
3907            	-3.08650567e-18	1.06530803e+01	2.88137133e-10	1.44068563e-10	1.44068569e-10
3908            	-3.08650379e-18	1.06530873e+01	2.17113117e-10	1.08556555e-10	1.08556561e-10
3909            	-3.08650191e-18	1.06530943e+01	1.36008533e-10	6.80042635e-11	6.80042697e-11
3910            	-3.08650030e-18	1.06531014e+01	2.15145800e-10	1.07572897e-10	1.07572903e-10
3911            	-3.08649823e-18	1.06531083e+01	2.74848045e-11	1.37423992e-11	1.37424054e-11
3912            	-3.08649618e-18	1.06531152e+01	-1.20090790e-10	-6.00453983e-11	-6.00453921e-11
3913            	-3.08649423e-18	1.06531221e+01	-1.41289975e-10	-7.06449908e-11	-7.06449846e-11
3914            	-3.08649237e-18	1.06531291e+01	-4.47091642e-11	-2.23545852e-11	-2.23545790e-11
3915            	-3.08649057e-18	1.06531360e+01	1.27643570e-10	6.38217822e-11	6.38217883e-11
3916            	-3.08648906e-18	1.06531430e+01	4.04478817e-10	2.02239405e-10	2.02239411e-10
3917            	-3.08648710e-18	1.06531498e+01	4.16573788e-10	2.08286891e-10	2.08286897e-10
3918            	-3.08648513e-18	1.06531567e+01	3.59581067e-10	1.79790530e-10	1.79790537e-10
3919            	-3.08648321e-18	1.06531635e+01	2.82926891e-10	1.41463442e-10	1.41463449e-10
3920            	-3.08648134e-18	1.06531703e+01	2.11006149e-10	1.05503071e-10	1.05503077e-10
3921            	-3.08647953e-18	1.06531771e+01	1.71652764e-10	8.58263787e-11	8.58263849e-11
3922            	-3.08647775e-18	1.06531840e+01	1.54349465e-10	7.71747292e-11	7.71747354e-11
3923            	-3.08647597e-18	1.06531907e+01	1.53199689e-10	7.65998414e-11	7.65998475e-11
3924            	-3.08647419e-18	1.06531975e+01	1.57301437e-10	7.86507152e-11	7.86507214e-11
3925            	-3.08647239e-18	1.06532043e+01	1.63096611e-10	8.15483022e-11	8.15483084e-11
3926            	-3.08647058e-18	1.06532110e+01	1.65138973e-10	8.25694834e-11	8.25694896e-11
3927            	-3.08646876e-18	1.06532177e+01	1.64558803e-10	8.22793984e-11	8.22794046e-11
3928            	-3.08646695e-18	1.06532244e+01	1.61387395e-10	8.06936943e-11	8.06937005e-11
3929            	-3.08646539e-18	1.06532312e+01	2.80793944e-10	1.40396969e-10	1.40396975e-10
3930            	-3.08646342e-18	1.06532378e+01	1.51471894e-10	7.57359438e-11	7.57359500e-11
3931            	-3.08646150e-18	1.06532444e+01	4.12596218e-11	2.06298078e-11	2.06298140e-11
3932            	-3.08645964e-18	1.06532511e+01	-9.23517714e-12	-4.61759166e-12	-4.61758549e-12
3933            	-3.08645786e-18	1.06532577e+01	1.93052969e-11	9.65264536e-12	9.65265154e-12
3934            	-3.08645639e-18	1.06532644e+01	2.43873912e-10	1.21936953e-10	1.21936959e-10
3935            	-3.08645451e-18	1.06532709e+01	2.27442098e-10	1.13721046e-10	1.13721052e-10
3936            	-3.08645265e-18	1.06532775e+01	2.09797147e-10	1.04898571e-10	1.04898577e-10
3937            	-3.08645110e-18	1.06532841e+01	3.44644520e-10	1.72322257e-10	1.72322263e-10
3938            	-3.08644916e-18	1.06532906e+01	2.27334994e-10	1.13667494e-10	1.13667500e-10
3939            	-3.08644729e-18	1.06532971e+01	1.34177818e-10	6.70889059e-11	6.70889121e-11
3940            	-3.08644576e-18	1.06533037e+01	2.66158181e-10	1.33079087e-10	1.33079094e-10
3941            	-3.08644409e-18	1.06533102e+01	3.26706823e-10	1.63353409e-10	1.63353415e-10
3942            	-3.08644212e-18	1.06533167e+01	8.44998959e-11	4.22499449e-11	4.22499510e-11
3943            	-3.08644025e-18	1.06533231e+01	-6.08324796e-11	-3.04162429e-11	-3.04162367e-11
3944            	-3.08643872e-18	1.06533296e+01	9.47084894e-11	4.73542416e-11	4.73542478e-11
3945            	-3.08643691e-18	1.06533360e+01	4.88415955e-11	2.44207947e-11	2.44208008e-11
3946            	-3.08643515e-18	1.06533425e+01	7.65269752e-11	3.82634845e-11	3.82634907e-11
3947            	-3.08643344e-18	1.06533489e+01	1.61050918e-10	8.05254560e-11	8.05254622e-11
3948            	-3.08643176e-18	1.06533553e+01	2.67568305e-10	1.33784149e-10	1.33784155e-10
3949            	-3.08643009e-18	1.06533617e+01	3.52330831e-10	1.76165412e-10	1.76165418e-10
3950            	-3.08642842e-18	1.06533681e+01	3.84722674e-10	1.92361334e-10	1.92361340e-10
3951            	-3.08642697e-18	1.06533745e+01	4.31241915e-10	2.15620954e-10	2.15620961e-10
3952            	-3.08642511e-18	1.06533808e+01	2.48693745e-10	1.24346869e-10	1.24346876e-10
3953            	-3.08642327e-18	1.06533871e+01	5.98615584e-11	2.99307761e-11	2.99307823e-11
3954            	-3.08642148e-18	1.06533934e+01	-8.21192223e-11	-4.10596143e-11	-4.10596081e-11
3955            	-3.08641977e-18	1.06533997e+01	-1.15706001e-10	-5.78530035e-11	-5.78529973e-11
3956            	-3.08641812e-18	1.06534059e+01	-5.57616973e-11	-2.78808517e-11	-2.78808456e-11
3957            	-3.08641651e-18	1.06534122e+01	7.10023511e-11	3.55011725e-11	3.55011786e-11
3958            	-3.08641488e-18	1.06534185e+01	2.08914665e-10	1.04457330e-10	1.04457336e-10
3959            	-3.08641325e-18	1.06534247e+01	3.21685040e-10	1.60842517e-10	1.60842523e-10
3960            	-3.08641160e-18	1.06534310e+01	3.73065929e-10	1.86532962e-10	1.86532968e-10
3961            	-3.08640992e-18	1.06534372e+01	3.59926910e-10	1.79963452e-10	1.79963458e-10
3962            	-3.08640850e-18	1.06534434e+01	4.03220971e-10	2.01610482e-10	2.01610488e-10
3963            	-3.08640664e-18	1.06534496e+01	1.94157002e-10	9.70784979e-11	9.70785041e-11
3964            	-3.08640483e-18	1.06534557e+01	6.11404770e-12	3.05702076e-12	3.05702693e-12
3965            	-3.08640310e-18	1.06534618e+01	-1.07170996e-10	-5.35855010e-11	-5.35854948e-11
3966            	-3.08640142e-18	1.06534679e+01	-1.36815566e-10	-6.84077859e-11	-6.84077797e-11
3967            	-3.08639985e-18	1.06534741e+01	-2.38946863e-11	-1.19473462e-11	-1.19473401e-11
3968            	-3.08639830e-18	1.06534802e+01	1.39775170e-10	6.98875821e-11	6.98875883e-11
3969            	-3.08639674e-18	1.06534863e+01	2.90444845e-10	1.45222419e-10	1.45222425e-10
3970            	-3.08639515e-18	1.06534924e+01	3.85734969e-10	1.92867481e-10	1.92867487e-10
3971            	-3.08639351e-18	1.06534985e+01	3.98452880e-10	1.99226437e-10	1.99226443e-10
3972            	-3.08639187e-18	1.06535045e+01	3.44557948e-10	1.72278971e-10	1.72278977e-10
3973            	-3.08639022e-18	1.06535106e+01	2.41208240e-10	1.20604117e-10	1.20604123e-10
3974            	-3.08638858e-18	1.06535166e+01	1.28175300e-10	6.40876468e-11	6.40876529e-11
3975            	-3.08638689e-18	1.06535226e+01	3.64131260e-12	1.82065322e-12	1.82065939e-12
3976            	-3.08638555e-18	1.06535286e+01	1.12485290e-10	5.62426420e-11	5.62426481e-11
3977            	-3.08638384e-18	1.06535346e+01	3.16201655e-11	1.58100797e-11	1.58100858e-11
3978            	-3.08638215e-18	1.06535405e+01	-1.46640795e-11	-7.33204282e-12	-7.33203665e-12
3979            	-3.08638051e-18	1.06535465e+01	-4.24180659e-12	-2.12090638e-12	-2.12090021e-12
3980            	-3.08637891e-18	1.06535524e+01	5.69122754e-11	2.84561346e-11	2.84561408e-11
3981            	-3.08637735e-18	1.06535583e+01	1.45983714e-10	7.29918538e-11	7.29918600e-11
3982            	-3.08637580e-18	1.06535642e+01	2.41136689e-10	1.20568341e-10	1.20568348e-10
3983            	-3.08637425e-18	1.06535701e+01	3.05481049e-10	1.52740522e-10	1.52740528e-10
3984            	-3.08637269e-18	1.06535760e+01	3.27944029e-10	1.63972012e-10	1.63972018e-10
3985            	-3.08637111e-18	1.06535819e+01	2.99510972e-10	1.49755483e-10	1.49755489e-10
3986            	-3.08636954e-18	1.06535878e+01	2.41877802e-10	1.20938898e-10	1.20938904e-10
3987            	-3.08636797e-18	1.06535936e+01	1.66743233e-10	8.33716134e-11	8.33716196e-11
3988            	-3.08636662e-18	1.06535995e+01	2.12254490e-10	1.06127242e-10	1.06127248e-10
3989            	-3.08636491e-18	1.06536053e+01	5.14158182e-11	2.57079060e-11	2.57079122e-11
3990            	-3.08636324e-18	1.06536110e+01	-6.73979906e-11	-3.36989984e-11	-3.36989922e-11
3991            	-3.08636162e-18	1.06536168e+01	-1.08934201e-10	-5.44671035e-11	-5.44670973e-11
3992            	-3.08636007e-18	1.06536226e+01	-5.62129021e-11	-2.81064541e-11	-2.81064480e-11
3993            	-3.08635878e-18	1.06536284e+01	1.70789345e-10	8.53946696e-11	8.53946758e-11
3994            	-3.08635715e-18	1.06536341e+01	1.99930094e-10	9.99650441e-11	9.99650503e-11
3995            	-3.08635555e-18	1.06536399e+01	2.21158093e-10	1.10579043e-10	1.10579049e-10
3996            	-3.08635398e-18	1.06536456e+01	2.38264301e-10	1.19132147e-10	1.19132153e-10
3997            	-3.08635245e-18	1.06536513e+01	2.53388645e-10	1.26694319e-10	1.26694325e-10
3998            	-3.08635117e-18	1.06536570e+01	3.56492886e-10	1.78246440e-10	1.78246446e-10
3999            	-3.08634953e-18	1.06536627e+01	2.45267742e-10	1.22633868e-10	1.22633874e-10
4000            	-3.08634791e-18	1.06536683e+01	1.27047778e-10	6.35238858e-11	6.35238920e-11
4001            	-3.08634635e-18	1.06536740e+01	4.03616892e-11	2.01808415e-11	2.01808477e-11
4002            	-3.08634483e-18	1.06536796e+01	7.98200570e-12	3.99099976e-12	3.99100593e-12
4003            	-3.08634335e-18	1.06536852e+01	3.53678160e-11	1.76839049e-11	1.76839111e-11
4004            	-3.08634190e-18	1.06536909e+01	1.01651093e-10	5.08255433e-11	5.08255495e-11
4005            	-3.08634066e-18	1.06536965e+01	2.63898671e-10	1.31949332e-10	1.31949339e-10
4006            	-3.08633904e-18	1.06537021e+01	2.15227414e-10	1.07613704e-10	1.07613710e-10
4007            	-3.08633743e-18	1.06537076e+01	1.56342360e-10	7.81711767e-11	7.81711828e-11
4008            	-3.08633586e-18	1.06537132e+01	1.09466971e-10	5.47334825e-11	5.47334887e-11
4009            	-3.08633432e-18	1.06537187e+01	7.25325258e-11	3.62662598e-11	3.62662660e-11
4010            	-3.08633288e-18	1.06537243e+01	1.13325053e-10	5.66625232e-11	5.66625294e-11
4011            	-3.08633146e-18	1.06537298e+01	1.69608638e-10	8.48043161e-11	8.48043223e-11
4012            	-3.08633004e-18	1.06537353e+01	2.11986081e-10	1.05993038e-10	1.05993044e-10
4013            	-3.08632861e-18	1.06537408e+01	2.29585979e-10	1.14792986e-10	1.14792992e-10
4014            	-3.08632715e-18	1.06537463e+01	2.14727192e-10	1.07363593e-10	1.07363599e-10
4015            	-3.08632586e-18	1.06537519e+01	2.58393657e-10	1.29196825e-10	1.29196831e-10
4016            	-3.08632426e-18	1.06537573e+01	1.26775749e-10	6.33878714e-11	6.33878775e-11
4017            	-3.08632285e-18	1.06537627e+01	1.49838873e-10	7.49194333e-11	7.49194395e-11
4018            	-3.08632120e-18	1.06537681e+01	-2.40409490e-11	-1.20204776e-11	-1.20204714e-11
4019            	-3.08631963e-18	1.06537735e+01	-1.17171437e-10	-5.85857216e-11	-5.85857154e-11
4020            	-3.08631816e-18	1.06537789e+01	-1.09800172e-10	-5.49000889e-11	-5.49000828e-11
4021            	-3.08631677e-18	1.06537843e+01	8.95106538e-12	4.47552960e-12	4.47553577e-12
4022            	-3.08631562e-18	1.06537898e+01	2.48852141e-10	1.24426067e-10	1.24426073e-10
4023            	-3.08631413e-18	1.06537951e+01	3.12904728e-10	1.56452361e-10	1.56452367e-10
4024            	-3.08631264e-18	1.06538005e+01	3.25219187e-10	1.62609590e-10	1.62609597e-10
4025            	-3.08631116e-18	1.06538058e+01	2.96265936e-10	1.48132965e-10	1.48132971e-10
4026            	-3.08630969e-18	1.06538112e+01	2.43860854e-10	1.21930424e-10	1.21930430e-10
4027            	-3.08630826e-18	1.06538165e+01	1.86625598e-10	9.33127959e-11	9.33128020e-11
4028            	-3.08630686e-18	1.06538218e+01	1.36015593e-10	6.80077936e-11	6.80077997e-11
4029            	-3.08630568e-18	1.06538271e+01	2.05531638e-10	1.02765816e-10	1.02765822e-10
4030            	-3.08630415e-18	1.06538324e+01	7.47348403e-11	3.73674171e-11	3.73674232e-11
4031            	-3.08630265e-18	1.06538376e+01	-2.65515481e-11	-1.32757771e-11	-1.32757709e-11
4032            	-3.08630118e-18	1.06538429e+01	-6.54064366e-11	-3.27032214e-11	-3.27032152e-11
4033            	-3.08629977e-18	1.06538481e+01	-3.23506783e-11	-1.61753423e-11	-1.61753361e-11
4034            	-3.08629839e-18	1.06538534e+01	6.02359313e-11	3.01179625e-11	3.01179687e-11
4035            	-3.08629703e-18	1.06538586e+01	1.71661479e-10	8.58307363e-11	8.58307425e-11
4036            	-3.08629568e-18	1.06538638e+01	2.66858414e-10	1.33429204e-10	1.33429210e-10
4037            	-3.08629430e-18	1.06538690e+01	3.11286304e-10	1.55643149e-10	1.55643155e-10
4038            	-3.08629314e-18	1.06538743e+01	3.79202114e-10	1.89601054e-10	1.89601060e-10
4039            	-3.08629161e-18	1.06538794e+01	2.46443717e-10	1.23221855e-10	1.23221861e-10
4040            	-3.08629011e-18	1.06538846e+01	9.81997373e-11	4.90998656e-11	4.90998717e-11
4041            	-3.08628866e-18	1.06538897e+01	-1.44234988e-11	-7.21175248e-12	-7.21174631e-12
4042            	-3.08628745e-18	1.06538949e+01	7.18003812e-11	3.59001875e-11	3.59001937e-11
4043            	-3.08628599e-18	1.06539000e+01	-1.62448345e-11	-8.12242036e-12	-8.12241418e-12
4044            	-3.08628457e-18	1.06539051e+01	-4.00959431e-11	-2.00479746e-11	-2.00479684e-11
4045            	-3.08628320e-18	1.06539102e+01	2.87431441e-12	1.43715412e-12	1.43716029e-12
4046            	-3.08628186e-18	1.06539153e+01	9.77686969e-11	4.88843453e-11	4.88843515e-11
4047            	-3.08628075e-18	1.06539204e+01	2.81907427e-10	1.40953710e-10	1.40953717e-10
4048            	-3.08627929e-18	1.06539254e+01	2.82600259e-10	1.41300126e-10	1.41300133e-10
4049            	-3.08627785e-18	1.06539305e+01	2.44774858e-10	1.22387426e-10	1.22387432e-10
4050            	-3.08627644e-18	1.06539355e+01	1.89010797e-10	9.45053954e-11	9.45054015e-11
4051            	-3.08627508e-18	1.06539406e+01	1.46780906e-10	7.33904497e-11	7.33904559e-11
4052            	-3.08627395e-18	1.06539456e+01	2.21442718e-10	1.10721356e-10	1.10721362e-10
4053            	-3.08627252e-18	1.06539506e+01	1.12382049e-10	5.61910213e-11	5.61910274e-11
4054            	-3.08627112e-18	1.06539556e+01	2.86721229e-11	1.43360583e-11	1.43360645e-11
4055            	-3.08626975e-18	1.06539606e+01	-7.94837097e-12	-3.97418857e-12	-3.97418240e-12
4056            	-3.08626843e-18	1.06539655e+01	1.67276761e-11	8.36383496e-12	8.36384113e-12
4057            	-3.08626713e-18	1.06539705e+01	8.15601305e-11	4.07800621e-11	4.07800683e-11
4058            	-3.08626584e-18	1.06539755e+01	1.61640979e-10	8.08204865e-11	8.08204926e-11
4059            	-3.08626455e-18	1.06539804e+01	2.22792447e-10	1.11396221e-10	1.11396227e-10
4060            	-3.08626325e-18	1.06539853e+01	2.48932446e-10	1.24466220e-10	1.24466226e-10
4061            	-3.08626212e-18	1.06539903e+01	3.06605076e-10	1.53302535e-10	1.53302541e-10
4062            	-3.08626068e-18	1.06539952e+01	1.82014895e-10	9.10074446e-11	9.10074507e-11
4063            	-3.08625926e-18	1.06540000e+01	5.50933918e-11	2.75466928e-11	2.75466990e-11
4064            	-3.08625789e-18	1.06540049e+01	-2.95253575e-11	-1.47626818e-11	-1.47626757e-11
4065            	-3.08625658e-18	1.06540098e+01	-5.05303975e-11	-2.52652018e-11	-2.52651956e-11
4066            	-3.08625531e-18	1.06540146e+01	-2.51549071e-12	-1.25774844e-12	-1.25774227e-12
4067            	-3.08625406e-18	1.06540195e+01	8.49431394e-11	4.24715666e-11	4.24715728e-11
4068            	-3.08625281e-18	1.06540243e+01	1.76306471e-10	8.81532326e-11	8.81532387e-11
4069            	-3.08625155e-18	1.06540292e+01	2.49286276e-10	1.24643135e-10	1.24643141e-10
4070            	-3.08625047e-18	1.06540340e+01	3.39901803e-10	1.69950898e-10	1.69950904e-10
4071            	-3.08624905e-18	1.06540388e+01	2.44973784e-10	1.22486889e-10	1.22486895e-10
4072            	-3.08624765e-18	1.06540436e+01	1.28890497e-10	6.44452453e-11	6.44452515e-11
4073            	-3.08624630e-18	1.06540483e+01	3.22503360e-11	1.61251649e-11	1.61251711e-11
4074            	-3.08624501e-18	1.06540531e+01	-1.59074407e-11	-7.95372344e-12	-7.95371727e-12
4075            	-3.08624373e-18	1.06540579e+01	-2.24839933e-11	-1.12419997e-11	-1.12419936e-11
4076            	-3.08624253e-18	1.06540626e+01	5.76276969e-11	2.88138454e-11	2.88138515e-11
4077            	-3.08624133e-18	1.06540674e+01	1.51944324e-10	7.59721588e-11	7.59721650e-11
4078            	-3.08624011e-18	1.06540721e+01	2.22675222e-10	1.11337608e-10	1.11337614e-10
4079            	-3.08623887e-18	1.06540768e+01	2.51155862e-10	1.25577928e-10	1.25577934e-10
4080            	-3.08623761e-18	1.06540815e+01	2.33894488e-10	1.16947241e-10	1.16947247e-10
4081            	-3.08623650e-18	1.06540863e+01	2.59365195e-10	1.29682595e-10	1.29682601e-10
4082            	-3.08623511e-18	1.06540909e+01	1.12105133e-10	5.60525636e-11	5.60525698e-11
4083            	-3.08623375e-18	1.06540955e+01	-1.82987915e-11	-9.14939884e-12	-9.14939266e-12
4084            	-3.08623245e-18	1.06541002e+01	-8.63451082e-11	-4.31725572e-11	-4.31725510e-11
4085            	-3.08623138e-18	1.06541049e+01	4.99470449e-11	2.49735193e-11	2.49735255e-11
4086            	-3.08623007e-18	1.06541095e+01	1.72372825e-11	8.61863818e-12	8.61864436e-12
4087            	-3.08622879e-18	1.06541141e+01	3.04536290e-11	1.52268114e-11	1.52268176e-11
4088            	-3.08622755e-18	1.06541187e+01	8.57144135e-11	4.28572037e-11	4.28572098e-11
4089            	-3.08622634e-18	1.06541233e+01	1.62594863e-10	8.12974284e-11	8.12974346e-11
4090            	-3.08622514e-18	1.06541279e+01	2.39258590e-10	1.19629292e-10	1.19629298e-10
4091            	-3.08622395e-18	1.06541325e+01	2.85268728e-10	1.42634361e-10	1.42634367e-10
4092            	-3.08622270e-18	1.06541371e+01	2.68731142e-10	1.34365568e-10	1.34365574e-10
4093            	-3.08622151e-18	1.06541417e+01	2.52375453e-10	1.26187723e-10	1.26187729e-10
4094            	-3.08622032e-18	1.06541462e+01	2.00298739e-10	1.00149366e-10	1.00149373e-10
4095            	-3.08621911e-18	1.06541508e+01	1.22275974e-10	6.11379841e-11	6.11379902e-11
4096            	-3.08621790e-18	1.06541553e+01	4.54484156e-11	2.27242047e-11	2.27242109e-11
4097            	-3.08621669e-18	1.06541598e+01	-1.51643370e-11	-7.58217161e-12	-7.58216544e-12
4098            	-3.08621548e-18	1.06541643e+01	-4.29337632e-11	-2.14668847e-11	-2.14668785e-11
4099            	-3.08621427e-18	1.06541688e+01	-3.05362340e-11	-1.52681201e-11	-1.52681139e-11
4100            	-3.08621324e-18	1.06541733e+01	1.04682744e-10	5.23413688e-11	5.23413750e-11
4101            	-3.08621194e-18	1.06541778e+01	8.07218777e-11	4.03609358e-11	4.03609419e-11
4102            	-3.08621065e-18	1.06541822e+01	6.59954312e-11	3.29977125e-11	3.29977187e-11
4103            	-3.08620957e-18	1.06541867e+01	1.84686879e-10	9.23434364e-11	9.23434426e-11
4104            	-3.08620827e-18	1.06541911e+01	1.25819260e-10	6.29096270e-11	6.29096332e-11
4105            	-3.08620703e-18	1.06541956e+01	9.05526482e-11	4.52763210e-11	4.52763272e-11
4106            	-3.08620584e-18	1.06542000e+01	9.17575369e-11	4.58787654e-11	4.58787716e-11
4107            	-3.08620469e-18	1.06542044e+01	1.24280767e-10	6.21403805e-11	6.21403867e-11
4108            	-3.08620356e-18	1.06542088e+01	1.73815730e-10	8.69078617e-11	8.69078679e-11
4109            	-3.08620244e-18	1.06542132e+01	2.18297661e-10	1.09148828e-10	1.09148834e-10
4110            	-3.08620130e-18	1.06542176e+01	2.33295545e-10	1.16647769e-10	1.16647775e-10
4111            	-3.08620030e-18	1.06542220e+01	2.61336544e-10	1.30668269e-10	1.30668275e-10
4112            	-3.08619902e-18	1.06542264e+01	1.47027888e-10	7.35139407e-11	7.35139469e-11
4113            	-3.08619776e-18	1.06542307e+01	3.00420241e-11	1.50210089e-11	1.50210151e-11
4114            	-3.08619653e-18	1.06542350e+01	-5.32991889e-11	-2.66495975e-11	-2.66495914e-11
4115            	-3.08619536e-18	1.06542394e+01	-6.99355233e-11	-3.49677647e-11	-3.49677586e-11
4116            	-3.08619423e-18	1.06542437e+01	-2.83270173e-11	-1.41635117e-11	-1.41635056e-11
4117            	-3.08619312e-18	1.06542480e+01	5.14841988e-11	2.57420963e-11	2.57421025e-11
4118            	-3.08619202e-18	1.06542523e+01	1.43079028e-10	7.15395110e-11	7.15395172e-11
4119            	-3.08619106e-18	1.06542567e+01	2.69361072e-10	1.34680533e-10	1.34680539e-10
4120            	-3.08618983e-18	1.06542609e+01	2.34987019e-10	1.17493507e-10	1.17493513e-10
4121            	-3.08618856e-18	1.06542652e+01	1.47853882e-10	7.39269377e-11	7.39269439e-11
4122            	-3.08618737e-18	1.06542694e+01	1.11351159e-10	5.56755763e-11	5.56755824e-11
4123            	-3.08618623e-18	1.06542737e+01	9.24946199e-11	4.62473068e-11	4.62473130e-11
4124            	-3.08618513e-18	1.06542779e+01	9.26822882e-11	4.63411410e-11	4.63411472e-11
4125            	-3.08618419e-18	1.06542822e+01	1.72480318e-10	8.62401557e-11	8.62401619e-11
4126            	-3.08618317e-18	1.06542864e+01	2.10059772e-10	1.05029883e-10	1.05029889e-10
4127            	-3.08618187e-18	1.06542906e+01	5.11950751e-11	2.55975345e-11	2.55975407e-11
4128            	-3.08618062e-18	1.06542948e+01	-5.86613675e-11	-2.93306868e-11	-2.93306807e-11
4129            	-3.08617944e-18	1.06542990e+01	-8.69436886e-11	-4.34718474e-11	-4.34718412e-11
4130            	-3.08617849e-18	1.06543032e+01	7.65543773e-11	3.82771856e-11	3.82771918e-11
4131            	-3.08617732e-18	1.06543074e+01	8.82257665e-11	4.41128802e-11	4.41128864e-11
4132            	-3.08617618e-18	1.06543115e+01	1.19461873e-10	5.97309333e-11	5.97309395e-11
4133            	-3.08617508e-18	1.06543157e+01	1.60404540e-10	8.02022668e-11	8.02022730e-11
4134            	-3.08617416e-18	1.06543199e+01	2.59063316e-10	1.29531655e-10	1.29531661e-10
4135            	-3.08617297e-18	1.06543240e+01	2.07934973e-10	1.03967484e-10	1.03967490e-10
4136            	-3.08617180e-18	1.06543281e+01	1.47260195e-10	7.36300942e-11	7.36301004e-11
4137            	-3.08617067e-18	1.06543322e+01	9.70821693e-11	4.85410816e-11	4.85410877e-11
4138            	-3.08616958e-18	1.06543363e+01	7.13575218e-11	3.56787578e-11	3.56787640e-11
4139            	-3.08616851e-18	1.06543404e+01	6.58434798e-11	3.29217368e-11	3.29217430e-11
4140            	-3.08616745e-18	1.06543445e+01	7.61758812e-11	3.80879375e-11	3.80879437e-11
4141            	-3.08616638e-18	1.06543486e+01	9.05565543e-11	4.52782741e-11	4.52782803e-11
4142            	-3.08616532e-18	1.06543527e+01	1.08744084e-10	5.43720389e-11	5.43720451e-11
4143            	-3.08616424e-18	1.06543567e+01	1.18449533e-10	5.92247636e-11	5.92247698e-11
4144            	-3.08616316e-18	1.06543608e+01	1.20137975e-10	6.00689842e-11	6.00689903e-11
4145            	-3.08616207e-18	1.06543648e+01	1.11119105e-10	5.55595493e-11	5.55595555e-11
4146            	-3.08616099e-18	1.06543688e+01	9.94289550e-11	4.97144744e-11	4.97144806e-11
4147            	-3.08615989e-18	1.06543729e+01	7.54700509e-11	3.77350224e-11	3.77350285e-11
4148            	-3.08615883e-18	1.06543769e+01	8.04768183e-11	4.02384060e-11	4.02384122e-11
4149            	-3.08615778e-18	1.06543809e+01	9.32476953e-11	4.66238446e-11	4.66238507e-11
4150            	-3.08615672e-18	1.06543849e+01	1.01159193e-10	5.05795935e-11	5.05795997e-11
4151            	-3.08615568e-18	1.06543888e+01	1.10413989e-10	5.52069914e-11	5.52069975e-11
4152            	-3.08615462e-18	1.06543928e+01	1.10490193e-10	5.52450932e-11	5.52450994e-11
4153            	-3.08615356e-18	1.06543968e+01	1.05079072e-10	5.25395332e-11	5.25395393e-11
4154            	-3.08615250e-18	1.06544007e+01	9.51126249e-11	4.75563094e-11	4.75563156e-11
4155            	-3.08615145e-18	1.06544047e+01	8.93249564e-11	4.46624751e-11	4.46624813e-11
4156            	-3.08615055e-18	1.06544087e+01	1.61890535e-10	8.09452645e-11	8.09452707e-11
4157            	-3.08614940e-18	1.06544126e+01	8.86023527e-11	4.43011733e-11	4.43011794e-11
4158            	-3.08614827e-18	1.06544165e+01	2.62572330e-11	1.31286134e-11	1.31286196e-11
4159            	-3.08614719e-18	1.06544204e+01	-2.80990454e-12	-1.40495535e-12	-1.40494918e-12
4160            	-3.08614615e-18	1.06544243e+01	1.15334952e-11	5.76674454e-12	5.76675071e-12
4161            	-3.08614530e-18	1.06544282e+01	1.49415110e-10	7.47075517e-11	7.47075579e-11
4162            	-3.08614419e-18	1.06544321e+01	1.28291769e-10	6.41458815e-11	6.41458877e-11
4163            	-3.08614310e-18	1.06544359e+01	1.12426971e-10	5.62134824e-11	5.62134886e-11
4164            	-3.08614205e-18	1.06544398e+01	1.08651737e-10	5.43258654e-11	5.43258716e-11
4165            	-3.08614118e-18	1.06544437e+01	1.96425943e-10	9.82129686e-11	9.82129748e-11
4166            	-3.08614007e-18	1.06544475e+01	1.34054174e-10	6.70270837e-11	6.70270899e-11
4167            	-3.08613898e-18	1.06544513e+01	8.02569799e-11	4.01284869e-11	4.01284931e-11
4168            	-3.08613794e-18	1.06544552e+01	4.82953350e-11	2.41476644e-11	2.41476706e-11
4169            	-3.08613693e-18	1.06544590e+01	4.68621782e-11	2.34310860e-11	2.34310922e-11
4170            	-3.08613610e-18	1.06544628e+01	1.43421262e-10	7.17106277e-11	7.17106339e-11
4171            	-3.08613502e-18	1.06544666e+01	1.02012035e-10	5.10060143e-11	5.10060204e-11
4172            	-3.08613409e-18	1.06544704e+01	1.55279852e-10	7.76399231e-11	7.76399293e-11
4173            	-3.08613295e-18	1.06544742e+01	6.22700739e-11	3.11350339e-11	3.11350401e-11
4174            	-3.08613186e-18	1.06544779e+01	3.35920057e-12	1.67959720e-12	1.67960337e-12
4175            	-3.08613083e-18	1.06544817e+01	-2.48917638e-12	-1.24459128e-12	-1.24458511e-12
4176            	-3.08613000e-18	1.06544855e+01	1.24613878e-10	6.23069359e-11	6.23069420e-11
4177            	-3.08612896e-18	1.06544892e+01	1.10789503e-10	5.53947486e-11	5.53947548e-11
4178            	-3.08612806e-18	1.06544930e+01	1.75663877e-10	8.78319354e-11	8.78319415e-11
4179            	-3.08612697e-18	1.06544967e+01	1.09261372e-10	5.46306827e-11	5.46306889e-11
4180            	-3.08612591e-18	1.06545004e+01	5.91745480e-11	2.95872709e-11	2.95872771e-11
4181            	-3.08612490e-18	1.06545041e+01	5.06880770e-11	2.53440354e-11	2.53440416e-11
4182            	-3.08612393e-18	1.06545078e+01	7.85113668e-11	3.92556803e-11	3.92556865e-11
4183            	-3.08612298e-18	1.06545116e+01	1.19601876e-10	5.98009349e-11	5.98009411e-11
4184            	-3.08612204e-18	1.06545152e+01	1.56913339e-10	7.84566662e-11	7.84566723e-11
4185            	-3.08612108e-18	1.06545189e+01	1.69578463e-10	8.47892283e-11	8.47892345e-11
4186            	-3.08612012e-18	1.06545226e+01	1.58408241e-10	7.92041176e-11	7.92041237e-11
4187            	-3.08611914e-18	1.06545263e+01	1.25584997e-10	6.27924952e-11	6.27925014e-11
4188            	-3.08611830e-18	1.06545300e+01	1.48922377e-10	7.44611855e-11	7.44611916e-11
4189            	-3.08611723e-18	1.06545336e+01	4.69365867e-11	2.34682903e-11	2.34682964e-11
4190            	-3.08611617e-18	1.06545372e+01	-3.68622485e-11	-1.84311273e-11	-1.84311212e-11
4191            	-3.08611516e-18	1.06545408e+01	-7.26721574e-11	-3.63360818e-11	-3.63360756e-11
4192            	-3.08611434e-18	1.06545445e+01	5.56696753e-11	2.78348346e-11	2.78348407e-11
4193            	-3.08611344e-18	1.06545481e+01	1.49143840e-10	7.45719169e-11	7.45719231e-11
4194            	-3.08611234e-18	1.06545517e+01	5.83343493e-11	2.91671716e-11	2.91671777e-11
4195            	-3.08611130e-18	1.06545552e+01	1.57971123e-11	7.89855305e-12	7.89855922e-12
4196            	-3.08611033e-18	1.06545588e+01	3.02907976e-11	1.51453957e-11	1.51454019e-11
4197            	-3.08610941e-18	1.06545624e+01	8.89051443e-11	4.44525690e-11	4.44525752e-11
4198            	-3.08610851e-18	1.06545660e+01	1.63619348e-10	8.18096710e-11	8.18096771e-11
4199            	-3.08610761e-18	1.06545696e+01	2.22904716e-10	1.11452355e-10	1.11452361e-10
4200            	-3.08610669e-18	1.06545731e+01	2.39435853e-10	1.19717923e-10	1.19717929e-10
4201            	-3.08610576e-18	1.06545767e+01	2.12967527e-10	1.06483760e-10	1.06483767e-10
4202            	-3.08610481e-18	1.06545802e+01	1.51169373e-10	7.55846836e-11	7.55846898e-11
4203            	-3.08610400e-18	1.06545838e+01	1.41415043e-10	7.07075186e-11	7.07075248e-11
4204            	-3.08610295e-18	1.06545873e+01	1.07392188e-11	5.36960629e-12	5.36961246e-12
4205            	-3.08610193e-18	1.06545908e+01	-8.94226186e-11	-4.47113124e-11	-4.47113062e-11
4206            	-3.08610096e-18	1.06545942e+01	-1.31804492e-10	-6.59022490e-11	-6.59022428e-11
4207            	-3.08610003e-18	1.06545977e+01	-1.02800554e-10	-5.14002802e-11	-5.14002741e-11
4208            	-3.08609912e-18	1.06546012e+01	-2.09865110e-11	-1.04932586e-11	-1.04932524e-11
4209            	-3.08609824e-18	1.06546047e+01	9.40776834e-11	4.70388386e-11	4.70388448e-11
4210            	-3.08609749e-18	1.06546082e+01	2.36216271e-10	1.18108132e-10	1.18108139e-10
4211            	-3.08609651e-18	1.06546117e+01	2.45120854e-10	1.22560424e-10	1.22560430e-10
4212            	-3.08609552e-18	1.06546151e+01	2.08827562e-10	1.04413778e-10	1.04413784e-10
4213            	-3.08609468e-18	1.06546186e+01	2.27574944e-10	1.13787469e-10	1.13787475e-10
4214            	-3.08609376e-18	1.06546220e+01	2.07972444e-10	1.03986219e-10	1.03986225e-10
4215            	-3.08609270e-18	1.06546254e+01	2.36710406e-11	1.18355172e-11	1.18355234e-11
4216            	-3.08609171e-18	1.06546288e+01	-9.93964781e-11	-4.96982421e-11	-4.96982360e-11
4217            	-3.08609080e-18	1.06546322e+01	-1.33664709e-10	-6.68323578e-11	-6.68323516e-11
4218            	-3.08608994e-18	1.06546357e+01	-7.58273721e-11	-3.79136891e-11	-3.79136830e-11
4219            	-3.08608911e-18	1.06546391e+01	3.92717441e-11	1.96358690e-11	1.96358751e-11
4220            	-3.08608826e-18	1.06546425e+01	1.62094469e-10	8.10472314e-11	8.10472376e-11
4221            	-3.08608739e-18	1.06546459e+01	2.53692657e-10	1.26846325e-10	1.26846332e-10
4222            	-3.08608650e-18	1.06546492e+01	2.83715125e-10	1.41857560e-10	1.41857566e-10
4223            	-3.08608573e-18	1.06546526e+01	2.87009665e-10	1.43504829e-10	1.43504835e-10
4224            	-3.08608472e-18	1.06546560e+01	1.60587331e-10	8.02936623e-11	8.02936685e-11
4225            	-3.08608373e-18	1.06546593e+01	1.98600446e-11	9.93001923e-12	9.93002541e-12
4226            	-3.08608279e-18	1.06546626e+01	-8.72463976e-11	-4.36232019e-11	-4.36231957e-11
4227            	-3.08608189e-18	1.06546660e+01	-1.33810733e-10	-6.69053697e-11	-6.69053636e-11
4228            	-3.08608104e-18	1.06546693e+01	-1.00470774e-10	-5.02353899e-11	-5.02353837e-11
4229            	-3.08608020e-18	1.06546726e+01	-1.48877342e-11	-7.44387017e-12	-7.44386400e-12
4230            	-3.08607936e-18	1.06546760e+01	9.51858793e-11	4.75929365e-11	4.75929427e-11
4231            	-3.08607849e-18	1.06546793e+01	1.83914259e-10	9.19571262e-11	9.19571324e-11
4232            	-3.08607763e-18	1.06546826e+01	2.46930922e-10	1.23465458e-10	1.23465464e-10
4233            	-3.08607676e-18	1.06546859e+01	2.53988489e-10	1.26994241e-10	1.26994248e-10
4234            	-3.08607587e-18	1.06546891e+01	2.12129154e-10	1.06064574e-10	1.06064580e-10
4235            	-3.08607499e-18	1.06546924e+01	1.33984818e-10	6.69924060e-11	6.69924122e-11
4236            	-3.08607411e-18	1.06546957e+01	4.81610941e-11	2.40805439e-11	2.40805501e-11
4237            	-3.08607324e-18	1.06546989e+01	-2.24900805e-11	-1.12450433e-11	-1.12450372e-11
4238            	-3.08607237e-18	1.06547022e+01	-5.77975561e-11	-2.88987811e-11	-2.88987750e-11
4239            	-3.08607152e-18	1.06547054e+01	-5.21382926e-11	-2.60691494e-11	-2.60691432e-11
4240            	-3.08607067e-18	1.06547087e+01	-1.17931219e-11	-5.89656403e-12	-5.89655786e-12
4241            	-3.08606982e-18	1.06547119e+01	4.73663867e-11	2.36831903e-11	2.36831965e-11
4242            	-3.08606909e-18	1.06547151e+01	1.58926125e-10	7.94630594e-11	7.94630655e-11
4243            	-3.08606816e-18	1.06547183e+01	1.43183322e-10	7.15916577e-11	7.15916638e-11
4244            	-3.08606723e-18	1.06547215e+01	1.08698393e-10	5.43491936e-11	5.43491998e-11
4245            	-3.08606646e-18	1.06547248e+01	1.58997293e-10	7.94986436e-11	7.94986498e-11
4246            	-3.08606552e-18	1.06547279e+01	7.26101709e-11	3.63050823e-11	3.63050885e-11
4247            	-3.08606463e-18	1.06547311e+01	1.23974610e-11	6.19872740e-12	6.19873358e-12
4248            	-3.08606378e-18	1.06547343e+01	-4.56406417e-12	-2.28203517e-12	-2.28202900e-12
4249            	-3.08606309e-18	1.06547375e+01	9.17779095e-11	4.58889517e-11	4.58889578e-11
4250            	-3.08606221e-18	1.06547406e+01	7.67210467e-11	3.83605203e-11	3.83605264e-11
4251            	-3.08606133e-18	1.06547438e+01	7.23672673e-11	3.61836306e-11	3.61836368e-11
4252            	-3.08606048e-18	1.06547469e+01	8.26246354e-11	4.13123146e-11	4.13123208e-11
4253            	-3.08605977e-18	1.06547501e+01	1.56076719e-10	7.80383566e-11	7.80383627e-11
4254            	-3.08605887e-18	1.06547532e+01	1.17664722e-10	5.88323581e-11	5.88323643e-11
4255            	-3.08605798e-18	1.06547563e+01	7.25906761e-11	3.62953350e-11	3.62953411e-11
4256            	-3.08605713e-18	1.06547594e+01	4.59745028e-11	2.29872483e-11	2.29872545e-11
4257            	-3.08605631e-18	1.06547625e+01	3.86123709e-11	1.93061824e-11	1.93061886e-11
4258            	-3.08605551e-18	1.06547656e+01	5.09572428e-11	2.54786183e-11	2.54786245e-11
4259            	-3.08605472e-18	1.06547687e+01	7.39220599e-11	3.69610269e-11	3.69610331e-11
4260            	-3.08605392e-18	1.06547718e+01	9.70495775e-11	4.85247857e-11	4.85247918e-11
4261            	-3.08605311e-18	1.06547749e+01	1.11416954e-10	5.57084741e-11	5.57084803e-11
4262            	-3.08605229e-18	1.06547780e+01	1.11152558e-10	5.55762760e-11	5.55762822e-11
4263            	-3.08605148e-18	1.06547811e+01	1.02124483e-10	5.10622385e-11	5.10622447e-11
4264            	-3.08605066e-18	1.06547841e+01	8.35305293e-11	4.17652615e-11	4.17652677e-11
4265            	-3.08604995e-18	1.06547872e+01	1.20344003e-10	6.01719985e-11	6.01720047e-11
4266            	-3.08604906e-18	1.06547902e+01	4.46773802e-11	2.23386870e-11	2.23386932e-11
4267            	-3.08604820e-18	1.06547933e+01	-1.68611631e-11	-8.43058463e-12	-8.43057846e-12
4268            	-3.08604736e-18	1.06547963e+01	-4.23901576e-11	-2.11950819e-11	-2.11950757e-11
4269            	-3.08604655e-18	1.06547993e+01	-2.53771544e-11	-1.26885803e-11	-1.26885741e-11
4270            	-3.08604578e-18	1.06548023e+01	2.91985906e-11	1.45992922e-11	1.45992984e-11
4271            	-3.08604501e-18	1.06548053e+01	9.77858257e-11	4.88929098e-11	4.88929159e-11
4272            	-3.08604422e-18	1.06548083e+01	1.50635081e-10	7.53175373e-11	7.53175435e-11
4273            	-3.08604345e-18	1.06548113e+01	1.91965101e-10	9.59825473e-11	9.59825535e-11
4274            	-3.08604267e-18	1.06548143e+01	1.95275665e-10	9.76378294e-11	9.76378356e-11
4275            	-3.08604199e-18	1.06548174e+01	2.08562202e-10	1.04281098e-10	1.04281104e-10
4276            	-3.08604111e-18	1.06548203e+01	9.84221731e-11	4.92110835e-11	4.92110897e-11
4277            	-3.08604025e-18	1.06548233e+01	-6.26099432e-12	-3.13050025e-12	-3.13049407e-12
4278            	-3.08603942e-18	1.06548262e+01	-7.46132422e-11	-3.73066242e-11	-3.73066180e-11
4279            	-3.08603863e-18	1.06548292e+01	-8.75420393e-11	-4.37710227e-11	-4.37710166e-11
4280            	-3.08603797e-18	1.06548321e+01	1.65014975e-11	8.25074566e-12	8.25075183e-12
4281            	-3.08603716e-18	1.06548351e+01	2.63213305e-11	1.31606622e-11	1.31606683e-11
4282            	-3.08603635e-18	1.06548380e+01	4.98094399e-11	2.49047169e-11	2.49047230e-11
4283            	-3.08603556e-18	1.06548409e+01	8.55984269e-11	4.27992104e-11	4.27992166e-11
4284            	-3.08603478e-18	1.06548438e+01	1.23962899e-10	6.19814462e-11	6.19814524e-11
4285            	-3.08603402e-18	1.06548468e+01	1.54269583e-10	7.71347883e-11	7.71347945e-11
4286            	-3.08603324e-18	1.06548497e+01	1.55922470e-10	7.79612320e-11	7.79612382e-11
4287            	-3.08603249e-18	1.06548526e+01	1.56911143e-10	7.84555685e-11	7.84555746e-11
4288            	-3.08603174e-18	1.06548555e+01	1.37260344e-10	6.86301689e-11	6.86301751e-11
4289            	-3.08603099e-18	1.06548584e+01	9.79006329e-11	4.89503134e-11	4.89503195e-11
4290            	-3.08603023e-18	1.06548612e+01	5.11391848e-11	2.55695893e-11	2.55695955e-11
4291            	-3.08602956e-18	1.06548641e+01	6.16462904e-11	3.08231421e-11	3.08231483e-11
4292            	-3.08602882e-18	1.06548670e+01	5.76104011e-11	2.88051975e-11	2.88052036e-11
4293            	-3.08602794e-18	1.06548698e+01	-5.01768855e-11	-2.50884458e-11	-2.50884396e-11
4294            	-3.08602710e-18	1.06548727e+01	-1.10087637e-10	-5.50438214e-11	-5.50438153e-11
4295            	-3.08602631e-18	1.06548755e+01	-1.04731666e-10	-5.23658359e-11	-5.23658297e-11
4296            	-3.08602557e-18	1.06548783e+01	-3.34246560e-11	-1.67123311e-11	-1.67123249e-11
4297            	-3.08602497e-18	1.06548812e+01	1.19691166e-10	5.98455799e-11	5.98455861e-11
4298            	-3.08602430e-18	1.06548841e+01	2.16149252e-10	1.08074623e-10	1.08074629e-10
4299            	-3.08602345e-18	1.06548869e+01	1.84789898e-10	9.23949458e-11	9.23949520e-11
4300            	-3.08602263e-18	1.06548897e+01	1.38887082e-10	6.94435380e-11	6.94435442e-11
4301            	-3.08602184e-18	1.06548924e+01	9.60939541e-11	4.80469740e-11	4.80469801e-11
4302            	-3.08602121e-18	1.06548953e+01	1.36895932e-10	6.84479630e-11	6.84479691e-11
4303            	-3.08602043e-18	1.06548981e+01	7.45680524e-11	3.72840231e-11	3.72840293e-11
4304            	-3.08601966e-18	1.06549008e+01	2.27350717e-11	1.13675328e-11	1.13675389e-11
4305            	-3.08601903e-18	1.06549036e+01	6.58778398e-11	3.29389168e-11	3.29389230e-11
4306            	-3.08601824e-18	1.06549064e+01	1.67188299e-11	8.35941184e-12	8.35941801e-12
4307            	-3.08601747e-18	1.06549092e+01	-8.01660260e-12	-4.00830438e-12	-4.00829821e-12
4308            	-3.08601673e-18	1.06549119e+01	4.26886588e-12	2.13442986e-12	2.13443603e-12
4309            	-3.08601600e-18	1.06549147e+01	4.08553372e-11	2.04276655e-11	2.04276717e-11
4310            	-3.08601529e-18	1.06549174e+01	8.57247281e-11	4.28623610e-11	4.28623672e-11
4311            	-3.08601459e-18	1.06549202e+01	1.21838585e-10	6.09192892e-11	6.09192954e-11
4312            	-3.08601398e-18	1.06549229e+01	1.75161440e-10	8.75807169e-11	8.75807231e-11
4313            	-3.08601319e-18	1.06549257e+01	1.21633917e-10	6.08169552e-11	6.08169614e-11
4314            	-3.08601241e-18	1.06549284e+01	5.38200650e-11	2.69100294e-11	2.69100356e-11
4315            	-3.08601165e-18	1.06549311e+01	6.75241823e-12	3.37620603e-12	3.37621220e-12
4316            	-3.08601103e-18	1.06549338e+01	6.03458953e-11	3.01729446e-11	3.01729507e-11
4317            	-3.08601026e-18	1.06549365e+01	1.19417649e-11	5.97087936e-12	5.97088553e-12
4318            	-3.08600951e-18	1.06549392e+01	-9.86617342e-12	-4.93308980e-12	-4.93308362e-12
4319            	-3.08600878e-18	1.06549419e+01	-7.92768607e-14	-3.96415163e-14	-3.96353443e-14
4320            	-3.08600808e-18	1.06549446e+01	3.72579740e-11	1.86289839e-11	1.86289901e-11
4321            	-3.08600740e-18	1.06549472e+01	8.85086325e-11	4.42543132e-11	4.42543193e-11
4322            	-3.08600672e-18	1.06549499e+01	1.31926444e-10	6.59632187e-11	6.59632248e-11
4323            	-3.08600613e-18	1.06549526e+01	1.84478235e-10	9.22391144e-11	9.22391205e-11
4324            	-3.08600536e-18	1.06549553e+01	1.36831255e-10	6.84156243e-11	6.84156305e-11
4325            	-3.08600459e-18	1.06549579e+01	7.28887950e-11	3.64443944e-11	3.64444006e-11
4326            	-3.08600385e-18	1.06549605e+01	1.68839303e-11	8.44196206e-12	8.44196823e-12
4327            	-3.08600314e-18	1.06549632e+01	-1.39871054e-11	-6.99355577e-12	-6.99354960e-12
4328            	-3.08600255e-18	1.06549658e+01	4.99790981e-11	2.49895460e-11	2.49895521e-11
4329            	-3.08600181e-18	1.06549685e+01	1.99060799e-11	9.95303686e-12	9.95304304e-12
4330            	-3.08600108e-18	1.06549711e+01	4.17185885e-12	2.08592634e-12	2.08593251e-12
4331            	-3.08600038e-18	1.06549737e+01	1.80368115e-11	9.01840265e-12	9.01840883e-12
4332            	-3.08599969e-18	1.06549763e+01	5.51578986e-11	2.75789462e-11	2.75789524e-11
4333            	-3.08599902e-18	1.06549789e+01	9.99676007e-11	4.99837973e-11	4.99838034e-11
4334            	-3.08599835e-18	1.06549815e+01	1.31675128e-10	6.58375610e-11	6.58375672e-11
4335            	-3.08599767e-18	1.06549841e+01	1.43221925e-10	7.16109595e-11	7.16109656e-11
4336            	-3.08599699e-18	1.06549867e+01	1.27820750e-10	6.39103720e-11	6.39103782e-11
4337            	-3.08599631e-18	1.06549893e+01	9.70029893e-11	4.85014916e-11	4.85014978e-11
4338            	-3.08599562e-18	1.06549918e+01	5.77190476e-11	2.88595207e-11	2.88595269e-11
4339            	-3.08599494e-18	1.06549944e+01	2.26549224e-11	1.13274581e-11	1.13274643e-11
4340            	-3.08599435e-18	1.06549970e+01	5.27281686e-11	2.63640812e-11	2.63640874e-11
4341            	-3.08599361e-18	1.06549995e+01	-1.55019894e-12	-7.75102555e-13	-7.75096383e-13
4342            	-3.08599288e-18	1.06550021e+01	-3.57179084e-11	-1.78589573e-11	-1.78589511e-11
4343            	-3.08599227e-18	1.06550046e+01	3.46864116e-11	1.73432027e-11	1.73432089e-11
4344            	-3.08599154e-18	1.06550072e+01	6.22503853e-12	3.11251618e-12	3.11252235e-12
4345            	-3.08599083e-18	1.06550097e+01	5.09080840e-12	2.54540112e-12	2.54540729e-12
4346            	-3.08599015e-18	1.06550122e+01	3.07494771e-11	1.53747355e-11	1.53747416e-11
4347            	-3.08598950e-18	1.06550147e+01	7.86315252e-11	3.93157595e-11	3.93157657e-11
4348            	-3.08598887e-18	1.06550173e+01	1.27154780e-10	6.35773869e-11	6.35773931e-11
4349            	-3.08598823e-18	1.06550198e+01	1.58664685e-10	7.93323395e-11	7.93323457e-11
4350            	-3.08598769e-18	1.06550223e+01	1.89946841e-10	9.49734175e-11	9.49734237e-11
4351            	-3.08598696e-18	1.06550248e+01	1.27642545e-10	6.38212697e-11	6.38212758e-11
4352            	-3.08598623e-18	1.06550273e+01	5.26970542e-11	2.63485240e-11	2.63485302e-11
4353            	-3.08598562e-18	1.06550298e+01	5.61729773e-11	2.80864856e-11	2.80864918e-11
4354            	-3.08598489e-18	1.06550322e+01	-2.83188657e-11	-1.41594360e-11	-1.41594298e-11
4355            	-3.08598420e-18	1.06550347e+01	-7.50740041e-11	-3.75370051e-11	-3.75369990e-11
4356            	-3.08598354e-18	1.06550372e+01	-7.04357378e-11	-3.52178720e-11	-3.52178658e-11
4357            	-3.08598291e-18	1.06550396e+01	-2.23928221e-11	-1.11964142e-11	-1.11964080e-11
4358            	-3.08598230e-18	1.06550421e+01	5.32228596e-11	2.66114267e-11	2.66114329e-11
4359            	-3.08598177e-18	1.06550446e+01	1.50115034e-10	7.50575139e-11	7.50575201e-11
4360            	-3.08598108e-18	1.06550470e+01	1.61402504e-10	8.07012489e-11	8.07012551e-11
4361            	-3.08598039e-18	1.06550494e+01	1.40935814e-10	7.04679037e-11	7.04679099e-11
4362            	-3.08597981e-18	1.06550519e+01	1.56027684e-10	7.80138391e-11	7.80138453e-11
4363            	-3.08597915e-18	1.06550543e+01	1.43766410e-10	7.18832020e-11	7.18832082e-11
4364            	-3.08597840e-18	1.06550567e+01	1.39369163e-11	6.96845505e-12	6.96846122e-12
4365            	-3.08597770e-18	1.06550591e+01	-7.50967372e-11	-3.75483717e-11	-3.75483655e-11
4366            	-3.08597716e-18	1.06550615e+01	5.77179095e-12	2.88589239e-12	2.88589856e-12
4367            	-3.08597649e-18	1.06550639e+01	-3.74300933e-11	-1.87150497e-11	-1.87150435e-11
4368            	-3.08597585e-18	1.06550663e+01	-2.90151712e-11	-1.45075887e-11	-1.45075825e-11
4369            	-3.08597523e-18	1.06550687e+01	2.07297367e-11	1.03648653e-11	1.03648715e-11
4370            	-3.08597472e-18	1.06550711e+01	1.12388382e-10	5.61941878e-11	5.61941940e-11
4371            	-3.08597405e-18	1.06550735e+01	1.35182737e-10	6.75913652e-11	6.75913714e-11
4372            	-3.08597337e-18	1.06550759e+01	1.33775785e-10	6.68878892e-11	6.68878954e-11
4373            	-3.08597282e-18	1.06550783e+01	1.60314255e-10	8.01571246e-11	8.01571308e-11
4374            	-3.08597219e-18	1.06550807e+01	1.55793548e-10	7.78967710e-11	7.78967772e-11
4375            	-3.08597146e-18	1.06550830e+01	2.98378156e-11	1.49189047e-11	1.49189109e-11
4376            	-3.08597077e-18	1.06550853e+01	-6.02643746e-11	-3.01321904e-11	-3.01321842e-11
4377            	-3.08597024e-18	1.06550877e+01	6.05996502e-12	3.02997942e-12	3.02998560e-12
4378            	-3.08596959e-18	1.06550900e+01	-3.88320298e-11	-1.94160180e-11	-1.94160118e-11
4379            	-3.08596907e-18	1.06550924e+01	4.64958276e-11	2.32479107e-11	2.32479169e-11
4380            	-3.08596848e-18	1.06550947e+01	9.50498522e-11	4.75249230e-11	4.75249292e-11
4381            	-3.08596785e-18	1.06550971e+01	1.36223268e-10	6.81116309e-11	6.81116371e-11
4382            	-3.08596719e-18	1.06550994e+01	1.45177385e-10	7.25886894e-11	7.25886956e-11
4383            	-3.08596654e-18	1.06551017e+01	1.67782183e-10	8.38910884e-11	8.38910946e-11
4384            	-3.08596591e-18	1.06551040e+01	1.67373912e-10	8.36869527e-11	8.36869589e-11
4385            	-3.08596529e-18	1.06551063e+01	1.33516278e-10	6.67581360e-11	6.67581422e-11
4386            	-3.08596469e-18	1.06551086e+01	7.66971737e-11	3.83485838e-11	3.83485899e-11
4387            	-3.08596410e-18	1.06551109e+01	1.14978590e-11	5.74892641e-12	5.74893258e-12
4388            	-3.08596352e-18	1.06551132e+01	-3.79987333e-11	-1.89993697e-11	-1.89993635e-11
4389            	-3.08596292e-18	1.06551155e+01	-6.95047395e-11	-3.47523729e-11	-3.47523667e-11
4390            	-3.08596233e-18	1.06551178e+01	-5.56694329e-11	-2.78347196e-11	-2.78347134e-11
4391            	-3.08596171e-18	1.06551200e+01	-3.66022502e-11	-1.83011282e-11	-1.83011220e-11
4392            	-3.08596112e-18	1.06551223e+01	3.31294936e-11	1.65647437e-11	1.65647499e-11
4393            	-3.08596051e-18	1.06551246e+01	9.59681735e-11	4.79840837e-11	4.79840898e-11
4394            	-3.08595990e-18	1.06551268e+01	1.36833533e-10	6.84167633e-11	6.84167695e-11
4395            	-3.08595929e-18	1.06551291e+01	1.47285410e-10	7.36427021e-11	7.36427083e-11
4396            	-3.08595870e-18	1.06551313e+01	1.41311725e-10	7.06558593e-11	7.06558655e-11
4397            	-3.08595810e-18	1.06551336e+01	9.33427887e-11	4.66713913e-11	4.66713975e-11
4398            	-3.08595753e-18	1.06551358e+01	6.45347142e-11	3.22673540e-11	3.22673602e-11
4399            	-3.08595695e-18	1.06551380e+01	3.16041568e-11	1.58020753e-11	1.58020815e-11
4400            	-3.08595636e-18	1.06551403e+01	1.85926255e-12	9.29628190e-13	9.29634362e-13
4401            	-3.08595577e-18	1.06551425e+01	-5.30496704e-12	-2.65248661e-12	-2.65248044e-12
4402            	-3.08595518e-18	1.06551447e+01	3.73946311e-12	1.86972847e-12	1.86973464e-12
4403            	-3.08595460e-18	1.06551469e+01	2.57585999e-11	1.28792969e-11	1.28793031e-11
4404            	-3.08595401e-18	1.06551491e+01	5.12194723e-11	2.56097331e-11	2.56097392e-11
4405            	-3.08595342e-18	1.06551513e+01	6.21924396e-11	3.10962167e-11	3.10962229e-11
4406            	-3.08595285e-18	1.06551535e+01	8.29946372e-11	4.14973155e-11	4.14973217e-11
4407            	-3.08595227e-18	1.06551557e+01	8.81201053e-11	4.40600496e-11	4.40600558e-11
4408            	-3.08595169e-18	1.06551579e+01	7.21208095e-11	3.60604017e-11	3.60604078e-11
4409            	-3.08595111e-18	1.06551601e+01	6.26372574e-11	3.13186256e-11	3.13186318e-11
4410            	-3.08595054e-18	1.06551623e+01	5.19728547e-11	2.59864243e-11	2.59864304e-11
4411            	-3.08594997e-18	1.06551644e+01	4.35306239e-11	2.17653088e-11	2.17653150e-11
4412            	-3.08594940e-18	1.06551666e+01	4.03195690e-11	2.01597814e-11	2.01597876e-11
4413            	-3.08594882e-18	1.06551688e+01	3.53476607e-11	1.76738273e-11	1.76738334e-11
4414            	-3.08594826e-18	1.06551709e+01	4.45398183e-11	2.22699061e-11	2.22699122e-11
4415            	-3.08594769e-18	1.06551731e+01	4.83991670e-11	2.41995804e-11	2.41995866e-11
4416            	-3.08594712e-18	1.06551752e+01	5.52679739e-11	2.76339839e-11	2.76339900e-11
4417            	-3.08594654e-18	1.06551773e+01	3.67268551e-11	1.83634245e-11	1.83634306e-11
4418            	-3.08594599e-18	1.06551795e+01	5.49075238e-11	2.74537588e-11	2.74537650e-11
4419            	-3.08594543e-18	1.06551816e+01	6.08079766e-11	3.04039852e-11	3.04039914e-11
4420            	-3.08594487e-18	1.06551837e+01	6.65472404e-11	3.32736171e-11	3.32736233e-11
4421            	-3.08594431e-18	1.06551859e+01	6.42079994e-11	3.21039966e-11	3.21040028e-11
4422            	-3.08594374e-18	1.06551880e+01	6.35861653e-11	3.17930796e-11	3.17930857e-11
4423            	-3.08594318e-18	1.06551901e+01	5.95951409e-11	2.97975674e-11	2.97975736e-11
4424            	-3.08594263e-18	1.06551922e+01	5.33492488e-11	2.66746213e-11	2.66746275e-11
4425            	-3.08594207e-18	1.06551943e+01	4.92453702e-11	2.46226820e-11	2.46226882e-11
4426            	-3.08594151e-18	1.06551964e+01	2.16248851e-11	1.08124395e-11	1.08124456e-11
4427            	-3.08594098e-18	1.06551985e+01	3.26516389e-11	1.63258164e-11	1.63258225e-11
4428            	-3.08594043e-18	1.06552006e+01	3.86415090e-11	1.93207514e-11	1.93207576e-11
4429            	-3.08593988e-18	1.06552026e+01	4.78267214e-11	2.39133576e-11	2.39133638e-11
4430            	-3.08593932e-18	1.06552047e+01	5.01403929e-11	2.50701934e-11	2.50701996e-11
4431            	-3.08593877e-18	1.06552068e+01	5.23079293e-11	2.61539615e-11	2.61539677e-11
4432            	-3.08593823e-18	1.06552089e+01	6.44746413e-11	3.22373176e-11	3.22373237e-11
4433            	-3.08593768e-18	1.06552109e+01	6.24923572e-11	3.12461755e-11	3.12461817e-11
4434            	-3.08593714e-18	1.06552130e+01	6.23856118e-11	3.11928028e-11	3.11928090e-11
4435            	-3.08593660e-18	1.06552150e+01	4.95453291e-11	2.47726615e-11	2.47726676e-11
4436            	-3.08593606e-18	1.06552171e+01	4.70477032e-11	2.35238485e-11	2.35238547e-11
4437            	-3.08593552e-18	1.06552191e+01	4.10092237e-11	2.05046088e-11	2.05046149e-11
4438            	-3.08593498e-18	1.06552212e+01	4.07837775e-11	2.03918857e-11	2.03918918e-11
4439            	-3.08593444e-18	1.06552232e+01	4.50960219e-11	2.25480079e-11	2.25480140e-11
4440            	-3.08593390e-18	1.06552252e+01	3.53118431e-11	1.76559185e-11	1.76559246e-11
4441            	-3.08593338e-18	1.06552272e+01	5.22788361e-11	2.61394150e-11	2.61394211e-11
4442            	-3.08593284e-18	1.06552293e+01	6.17259029e-11	3.08629484e-11	3.08629545e-11
4443            	-3.08593231e-18	1.06552313e+01	5.96984829e-11	2.98492383e-11	2.98492445e-11
4444            	-3.08593177e-18	1.06552333e+01	5.92586590e-11	2.96293264e-11	2.96293326e-11
4445            	-3.08593124e-18	1.06552353e+01	5.51570315e-11	2.75785127e-11	2.75785189e-11
4446            	-3.08593072e-18	1.06552373e+01	5.33808389e-11	2.66904164e-11	2.66904225e-11
4447            	-3.08593019e-18	1.06552393e+01	4.54683232e-11	2.27341585e-11	2.27341647e-11
4448            	-3.08592967e-18	1.06552413e+01	4.41704251e-11	2.20852095e-11	2.20852156e-11
4449            	-3.08592914e-18	1.06552433e+01	3.64365431e-11	1.82182684e-11	1.82182746e-11
4450            	-3.08592862e-18	1.06552452e+01	4.17868704e-11	2.08934321e-11	2.08934383e-11
4451            	-3.08592809e-18	1.06552472e+01	3.31379378e-11	1.65689658e-11	1.65689720e-11
4452            	-3.08592758e-18	1.06552492e+01	4.33693919e-11	2.16846928e-11	2.16846990e-11
4453            	-3.08592706e-18	1.06552512e+01	4.88883452e-11	2.44441695e-11	2.44441757e-11
4454            	-3.08592653e-18	1.06552531e+01	4.30901017e-11	2.15450478e-11	2.15450539e-11
4455            	-3.08592602e-18	1.06552551e+01	5.57476292e-11	2.78738115e-11	2.78738177e-11
4456            	-3.08592551e-18	1.06552570e+01	6.11421284e-11	3.05710611e-11	3.05710673e-11
4457            	-3.08592499e-18	1.06552590e+01	5.59143488e-11	2.79571713e-11	2.79571775e-11
4458            	-3.08592448e-18	1.06552609e+01	5.96262661e-11	2.98131300e-11	2.98131361e-11
4459            	-3.08592396e-18	1.06552629e+01	5.54099661e-11	2.77049799e-11	2.77049861e-11
4460            	-3.08592345e-18	1.06552648e+01	4.31429530e-11	2.15714734e-11	2.15714796e-11
4461            	-3.08592294e-18	1.06552667e+01	4.49095185e-11	2.24547562e-11	2.24547623e-11
4462            	-3.08592244e-18	1.06552687e+01	4.15515063e-11	2.07757501e-11	2.07757562e-11
4463            	-3.08592193e-18	1.06552706e+01	3.78288381e-11	1.89144160e-11	1.89144221e-11
4464            	-3.08592142e-18	1.06552725e+01	3.73559091e-11	1.86779515e-11	1.86779576e-11
4465            	-3.08592092e-18	1.06552744e+01	4.07548334e-11	2.03774136e-11	2.03774198e-11
4466            	-3.08592041e-18	1.06552763e+01	4.55758656e-11	2.27879297e-11	2.27879359e-11
4467            	-3.08591991e-18	1.06552782e+01	5.01913952e-11	2.50956945e-11	2.50957007e-11
4468            	-3.08591941e-18	1.06552801e+01	5.71620703e-11	2.85810321e-11	2.85810382e-11
4469            	-3.08591900e-18	1.06552821e+01	1.96720391e-10	9.83601925e-11	9.83601987e-11
4470            	-3.08591843e-18	1.06552839e+01	1.77333536e-10	8.86667649e-11	8.86667711e-11
4471            	-3.08591787e-18	1.06552858e+01	1.56887189e-10	7.84435916e-11	7.84435978e-11
4472            	-3.08591735e-18	1.06552877e+01	1.18489216e-10	5.92446048e-11	5.92446110e-11
4473            	-3.08591686e-18	1.06552896e+01	5.05739322e-11	2.52869630e-11	2.52869692e-11
4474            	-3.08591639e-18	1.06552914e+01	-3.08872364e-11	-1.54436213e-11	-1.54436151e-11
4475            	-3.08591592e-18	1.06552933e+01	-1.34737217e-10	-6.73686115e-11	-6.73686054e-11
4476            	-3.08591547e-18	1.06552952e+01	-1.65556500e-10	-8.27782530e-11	-8.27782469e-11
4477            	-3.08591500e-18	1.06552970e+01	-1.57696182e-10	-7.88480941e-11	-7.88480879e-11
4478            	-3.08591450e-18	1.06552989e+01	-9.80402089e-11	-4.90201075e-11	-4.90201013e-11
4479            	-3.08591399e-18	1.06553008e+01	-2.00488978e-12	-1.00244798e-12	-1.00244180e-12
4480            	-3.08591348e-18	1.06553026e+01	1.09006759e-10	5.45033762e-11	5.45033824e-11
4481            	-3.08591297e-18	1.06553044e+01	1.94654741e-10	9.73273674e-11	9.73273736e-11
4482            	-3.08591248e-18	1.06553063e+01	2.37253918e-10	1.18626956e-10	1.18626962e-10
4483            	-3.08591200e-18	1.06553081e+01	2.20244690e-10	1.10122342e-10	1.10122348e-10
4484            	-3.08591152e-18	1.06553099e+01	1.56937763e-10	7.84688782e-11	7.84688844e-11
4485            	-3.08591106e-18	1.06553118e+01	7.27893879e-11	3.63946909e-11	3.63946971e-11
4486            	-3.08591067e-18	1.06553136e+01	1.13449602e-10	5.67247978e-11	5.67248040e-11
4487            	-3.08591013e-18	1.06553154e+01	3.68313962e-11	1.84156950e-11	1.84157012e-11
4488            	-3.08590961e-18	1.06553172e+01	1.99948115e-12	9.99737491e-13	9.99743663e-13
4489            	-3.08590910e-18	1.06553190e+01	-8.77360569e-12	-4.38680593e-12	-4.38679976e-12
4490            	-3.08590862e-18	1.06553208e+01	-1.03817701e-11	-5.19088814e-12	-5.19088197e-12
4491            	-3.08590816e-18	1.06553226e+01	-2.34592856e-11	-1.17296459e-11	-1.17296397e-11
4492            	-3.08590772e-18	1.06553244e+01	-3.85237362e-11	-1.92618712e-11	-1.92618650e-11
4493            	-3.08590726e-18	1.06553262e+01	-5.15326341e-11	-2.57663201e-11	-2.57663140e-11
4494            	-3.08590690e-18	1.06553280e+01	6.70850083e-11	3.35425011e-11	3.35425072e-11
4495            	-3.08590635e-18	1.06553298e+01	8.32515209e-11	4.16257574e-11	4.16257636e-11
4496            	-3.08590582e-18	1.06553316e+01	1.25708334e-10	6.28541639e-11	6.28541701e-11
4497            	-3.08590531e-18	1.06553333e+01	1.62475801e-10	8.12378976e-11	8.12379038e-11
4498            	-3.08590482e-18	1.06553351e+01	1.48987173e-10	7.44935834e-11	7.44935895e-11
4499            	-3.08590438e-18	1.06553369e+01	9.78431395e-11	4.89215667e-11	4.89215729e-11
4500            	-3.08590395e-18	1.06553386e+01	1.07094722e-11	5.35473302e-12	5.35473919e-12
4501            	-3.08590352e-18	1.06553404e+01	-8.15702889e-11	-4.07851475e-11	-4.07851414e-11
4502            	-3.08590317e-18	1.06553422e+01	-1.71940225e-11	-8.59701434e-12	-8.59700816e-12
4503            	-3.08590264e-18	1.06553439e+01	-3.74905449e-11	-1.87452756e-11	-1.87452694e-11
4504            	-3.08590221e-18	1.06553457e+01	1.55498120e-10	7.77490570e-11	7.77490631e-11
4505            	-3.08590163e-18	1.06553474e+01	2.30593391e-10	1.15296692e-10	1.15296698e-10
4506            	-3.08590110e-18	1.06553491e+01	2.55501362e-10	1.27750678e-10	1.27750684e-10
4507            	-3.08590062e-18	1.06553509e+01	2.08770905e-10	1.04385449e-10	1.04385456e-10
4508            	-3.08590029e-18	1.06553526e+01	2.66022170e-10	1.33011082e-10	1.33011088e-10
4509            	-3.08589983e-18	1.06553543e+01	5.37933755e-11	2.68966846e-11	2.68966908e-11
4510            	-3.08589937e-18	1.06553561e+01	-1.46607576e-10	-7.33037913e-11	-7.33037851e-11
4511            	-3.08589892e-18	1.06553578e+01	-2.91655982e-10	-1.45827994e-10	-1.45827988e-10
4512            	-3.08589848e-18	1.06553595e+01	-3.36037198e-10	-1.68018602e-10	-1.68018596e-10
4513            	-3.08589803e-18	1.06553612e+01	-2.84347367e-10	-1.42173687e-10	-1.42173681e-10
4514            	-3.08589767e-18	1.06553629e+01	-6.28255290e-11	-3.14127676e-11	-3.14127614e-11
4515            	-3.08589715e-18	1.06553646e+01	6.93913002e-11	3.46956470e-11	3.46956532e-11
4516            	-3.08589665e-18	1.06553663e+01	1.93040240e-10	9.65201169e-11	9.65201231e-11
4517            	-3.08589617e-18	1.06553680e+01	2.64209894e-10	1.32104944e-10	1.32104950e-10
4518            	-3.08589572e-18	1.06553697e+01	2.61468061e-10	1.30734028e-10	1.30734034e-10
4519            	-3.08589529e-18	1.06553714e+01	1.89725391e-10	9.48626923e-11	9.48626985e-11
4520            	-3.08589498e-18	1.06553731e+01	2.25787028e-10	1.12893511e-10	1.12893517e-10
4521            	-3.08589449e-18	1.06553748e+01	8.13480811e-11	4.06740374e-11	4.06740436e-11
4522            	-3.08589410e-18	1.06553764e+01	1.23909021e-10	6.19545072e-11	6.19545134e-11
4523            	-3.08589356e-18	1.06553781e+01	5.32647751e-11	2.66323845e-11	2.66323906e-11
4524            	-3.08589305e-18	1.06553797e+01	1.70329395e-11	8.51646666e-12	8.51647283e-12
4525            	-3.08589260e-18	1.06553814e+01	-2.62739148e-11	-1.31369605e-11	-1.31369543e-11
4526            	-3.08589228e-18	1.06553831e+01	9.02272528e-11	4.51136233e-11	4.51136295e-11
4527            	-3.08589182e-18	1.06553847e+01	-1.01564065e-11	-5.07820632e-12	-5.07820015e-12
4528            	-3.08589137e-18	1.06553864e+01	-9.82330328e-11	-4.91165195e-11	-4.91165133e-11
4529            	-3.08589093e-18	1.06553880e+01	-1.60671665e-10	-8.03358353e-11	-8.03358292e-11
4530            	-3.08589051e-18	1.06553897e+01	-1.73155651e-10	-8.65778286e-11	-8.65778224e-11
4531            	-3.08589017e-18	1.06553913e+01	-7.91199512e-12	-3.95600065e-12	-3.95599448e-12
4532            	-3.08588968e-18	1.06553930e+01	4.21272800e-11	2.10636369e-11	2.10636431e-11
4533            	-3.08588919e-18	1.06553946e+01	9.49470632e-11	4.74735285e-11	4.74735347e-11
4534            	-3.08588883e-18	1.06553962e+01	3.03300192e-10	1.51650093e-10	1.51650099e-10
4535            	-3.08588843e-18	1.06553979e+01	4.50967406e-10	2.25483700e-10	2.25483706e-10
4536            	-3.08588790e-18	1.06553995e+01	3.78132640e-10	1.89066317e-10	1.89066323e-10
4537            	-3.08588740e-18	1.06554011e+01	2.35258181e-10	1.17629088e-10	1.17629094e-10
4538            	-3.08588697e-18	1.06554027e+01	3.52824251e-11	1.76412094e-11	1.76412156e-11
4539            	-3.08588658e-18	1.06554043e+01	-1.89074810e-10	-9.45374081e-11	-9.45374019e-11
4540            	-3.08588645e-18	1.06554060e+01	-1.11250768e-10	-5.56253870e-11	-5.56253809e-11
4541            	-3.08588593e-18	1.06554075e+01	-2.10900645e-10	-1.05450326e-10	-1.05450320e-10
4542            	-3.08588540e-18	1.06554091e+01	-2.01998717e-10	-1.00999362e-10	-1.00999356e-10
4543            	-3.08588490e-18	1.06554107e+01	-1.24386807e-10	-6.21934066e-11	-6.21934005e-11
4544            	-3.08588445e-18	1.06554123e+01	-2.83713652e-11	-1.41856857e-11	-1.41856795e-11
4545            	-3.08588413e-18	1.06554139e+01	1.64338557e-10	8.21692755e-11	8.21692817e-11
4546            	-3.08588378e-18	1.06554155e+01	2.79630817e-10	1.39815405e-10	1.39815412e-10
4547            	-3.08588340e-18	1.06554171e+01	3.71602141e-10	1.85801067e-10	1.85801074e-10
4548            	-3.08588285e-18	1.06554186e+01	2.79997026e-10	1.39998510e-10	1.39998516e-10
4549            	-3.08588236e-18	1.06554202e+01	1.63463862e-10	8.17319280e-11	8.17319342e-11
4550            	-3.08588219e-18	1.06554218e+01	3.00085726e-10	1.50042860e-10	1.50042866e-10
4551            	-3.08588165e-18	1.06554233e+01	1.05841017e-10	5.29205057e-11	5.29205118e-11
4552            	-3.08588115e-18	1.06554249e+01	-8.37439842e-11	-4.18719952e-11	-4.18719890e-11
4553            	-3.08588071e-18	1.06554264e+01	-2.52328897e-10	-1.26164451e-10	-1.26164445e-10
4554            	-3.08588042e-18	1.06554280e+01	-2.65363694e-10	-1.32681850e-10	-1.32681844e-10
4555            	-3.08587999e-18	1.06554295e+01	-3.45422659e-10	-1.72711333e-10	-1.72711326e-10
4556            	-3.08587967e-18	1.06554311e+01	-2.23321204e-10	-1.11660605e-10	-1.11660599e-10
4557            	-3.08587930e-18	1.06554327e+01	8.77617986e-12	4.38808685e-12	4.38809302e-12
4558            	-3.08587887e-18	1.06554342e+01	2.94364455e-10	1.47182224e-10	1.47182230e-10
4559            	-3.08587857e-18	1.06554358e+01	6.70272085e-10	3.35136039e-10	3.35136046e-10
4560            	-3.08587822e-18	1.06554373e+01	8.02995007e-10	4.01497501e-10	4.01497507e-10
4561            	-3.08587781e-18	1.06554388e+01	6.20426323e-10	3.10213158e-10	3.10213165e-10
4562            	-3.08587734e-18	1.06554403e+01	2.07933652e-10	1.03966823e-10	1.03966829e-10
4563            	-3.08587685e-18	1.06554418e+01	-2.47704257e-10	-1.23852132e-10	-1.23852125e-10
4564            	-3.08587636e-18	1.06554433e+01	-5.50739977e-10	-2.75369992e-10	-2.75369985e-10
4565            	-3.08587590e-18	1.06554448e+01	-6.12125413e-10	-3.06062710e-10	-3.06062703e-10
4566            	-3.08587547e-18	1.06554463e+01	-4.36552242e-10	-2.18276124e-10	-2.18276118e-10
4567            	-3.08587507e-18	1.06554479e+01	-1.14026058e-10	-5.70130319e-11	-5.70130257e-11
4568            	-3.08587470e-18	1.06554494e+01	2.30922427e-10	1.15461210e-10	1.15461216e-10
4569            	-3.08587431e-18	1.06554509e+01	4.78860222e-10	2.39430108e-10	2.39430114e-10
4570            	-3.08587397e-18	1.06554524e+01	5.70053382e-10	2.85026688e-10	2.85026694e-10
4571            	-3.08587358e-18	1.06554539e+01	4.87075474e-10	2.43537734e-10	2.43537740e-10
4572            	-3.08587323e-18	1.06554554e+01	2.80714531e-10	1.40357263e-10	1.40357269e-10
4573            	-3.08587283e-18	1.06554569e+01	3.55592900e-11	1.77796419e-11	1.77796481e-11
4574            	-3.08587246e-18	1.06554583e+01	-1.85786013e-10	-9.28930097e-11	-9.28930035e-11
4575            	-3.08587204e-18	1.06554598e+01	-2.98666374e-10	-1.49333190e-10	-1.49333184e-10
4576            	-3.08587166e-18	1.06554613e+01	-3.12719249e-10	-1.56359628e-10	-1.56359622e-10
4577            	-3.08587123e-18	1.06554628e+01	-2.09139664e-10	-1.04569835e-10	-1.04569829e-10
4578            	-3.08587084e-18	1.06554642e+01	-6.58716718e-11	-3.29358390e-11	-3.29358328e-11
4579            	-3.08587046e-18	1.06554657e+01	8.57038619e-11	4.28519279e-11	4.28519341e-11
4580            	-3.08587009e-18	1.06554672e+01	2.01558805e-10	1.00779400e-10	1.00779406e-10
4581            	-3.08586971e-18	1.06554686e+01	2.51993607e-10	1.25996800e-10	1.25996807e-10
4582            	-3.08586933e-18	1.06554701e+01	2.28123337e-10	1.14061666e-10	1.14061672e-10
4583            	-3.08586892e-18	1.06554715e+01	1.52384000e-10	7.61919972e-11	7.61920033e-11
4584            	-3.08586856e-18	1.06554730e+01	4.81603527e-11	2.40801733e-11	2.40801794e-11
4585            	-3.08586815e-18	1.06554744e+01	-2.96250410e-11	-1.48125236e-11	-1.48125174e-11
4586            	-3.08586779e-18	1.06554759e+01	-8.04265125e-11	-4.02132593e-11	-4.02132531e-11
4587            	-3.08586743e-18	1.06554773e+01	-8.19378422e-11	-4.09689242e-11	-4.09689180e-11
4588            	-3.08586706e-18	1.06554787e+01	-4.28550212e-11	-2.14275137e-11	-2.14275075e-11
4589            	-3.08586669e-18	1.06554802e+01	7.51449786e-12	3.75724584e-12	3.75725202e-12
4590            	-3.08586626e-18	1.06554816e+01	5.79084859e-11	2.89542399e-11	2.89542460e-11
4591            	-3.08586590e-18	1.06554830e+01	7.63752231e-11	3.81876085e-11	3.81876146e-11
4592            	-3.08586553e-18	1.06554844e+01	8.12718325e-11	4.06359132e-11	4.06359194e-11
4593            	-3.08586517e-18	1.06554859e+01	6.97342104e-11	3.48671021e-11	3.48671083e-11
4594            	-3.08586477e-18	1.06554873e+01	5.81598820e-11	2.90799379e-11	2.90799441e-11
4595            	-3.08586442e-18	1.06554887e+01	3.39431320e-11	1.69715629e-11	1.69715691e-11
4596            	-3.08586403e-18	1.06554901e+01	2.43165969e-11	1.21582954e-11	1.21583015e-11
4597            	-3.08586368e-18	1.06554915e+01	1.33766073e-11	6.68830057e-12	6.68830674e-12
4598            	-3.08586332e-18	1.06554929e+01	1.51094968e-11	7.55474533e-12	7.55475151e-12
4599            	-3.08586296e-18	1.06554943e+01	2.09435094e-11	1.04717516e-11	1.04717578e-11
4600            	-3.08586258e-18	1.06554957e+01	2.81075344e-11	1.40537641e-11	1.40537703e-11
4601            	-3.08586222e-18	1.06554971e+01	2.66618065e-11	1.33309002e-11	1.33309063e-11
4602            	-3.08586180e-18	1.06554985e+01	3.26872913e-11	1.63436426e-11	1.63436487e-11
4603            	-3.08586144e-18	1.06554999e+01	2.75752774e-11	1.37876356e-11	1.37876418e-11
4604            	-3.08586111e-18	1.06555013e+01	2.81246004e-11	1.40622971e-11	1.40623033e-11
4605            	-3.08586074e-18	1.06555026e+01	4.38573566e-11	2.19286752e-11	2.19286814e-11
4606            	-3.08586040e-18	1.06555040e+01	5.06034041e-11	2.53016989e-11	2.53017051e-11
4607            	-3.08586003e-18	1.06555054e+01	5.56344627e-11	2.78172282e-11	2.78172344e-11
4608            	-3.08585968e-18	1.06555068e+01	4.40546360e-11	2.20273149e-11	2.20273211e-11
4609            	-3.08585929e-18	1.06555081e+01	3.19786984e-11	1.59893461e-11	1.59893523e-11
4610            	-3.08585895e-18	1.06555095e+01	1.11854152e-11	5.59270451e-12	5.59271069e-12
4611            	-3.08585859e-18	1.06555108e+01	1.62915448e-12	8.14574152e-13	8.14580324e-13
4612            	-3.08585824e-18	1.06555122e+01	-3.54537006e-13	-1.77271589e-13	-1.77265417e-13
4613            	-3.08585786e-18	1.06555136e+01	1.24235832e-11	6.21178853e-12	6.21179470e-12
4614            	-3.08585752e-18	1.06555149e+01	2.01816542e-11	1.00908240e-11	1.00908302e-11
4615            	-3.08585713e-18	1.06555162e+01	3.99618314e-11	1.99809126e-11	1.99809188e-11
4616            	-3.08585680e-18	1.06555176e+01	4.50375807e-11	2.25187873e-11	2.25187934e-11
4617            	-3.08585645e-18	1.06555189e+01	5.27006569e-11	2.63503254e-11	2.63503316e-11
4618            	-3.08585612e-18	1.06555203e+01	5.27153911e-11	2.63576925e-11	2.63576986e-11
4619            	-3.08585576e-18	1.06555216e+01	4.90251585e-11	2.45125762e-11	2.45125823e-11
4620            	-3.08585542e-18	1.06555229e+01	3.25370937e-11	1.62685438e-11	1.62685500e-11
4621            	-3.08585503e-18	1.06555243e+01	2.06447766e-11	1.03223852e-11	1.03223914e-11
4622            	-3.08585470e-18	1.06555256e+01	2.87263420e-12	1.43631401e-12	1.43632018e-12
4623            	-3.08585436e-18	1.06555269e+01	-7.50901564e-13	-3.75453868e-13	-3.75447696e-13
4624            	-3.08585402e-18	1.06555282e+01	5.77104778e-12	2.88552080e-12	2.88552697e-12
4625            	-3.08585367e-18	1.06555296e+01	1.79446458e-11	8.97231983e-12	8.97232600e-12
4626            	-3.08585332e-18	1.06555309e+01	3.01894913e-11	1.50947425e-11	1.50947487e-11
4627            	-3.08585297e-18	1.06555322e+01	3.44120490e-11	1.72060214e-11	1.72060276e-11
4628            	-3.08585258e-18	1.06555335e+01	4.30548137e-11	2.15274038e-11	2.15274099e-11
4629            	-3.08585225e-18	1.06555348e+01	3.74805103e-11	1.87402521e-11	1.87402583e-11
4630            	-3.08585194e-18	1.06555361e+01	3.56791971e-11	1.78395955e-11	1.78396016e-11
4631            	-3.08585160e-18	1.06555374e+01	4.27780259e-11	2.13890099e-11	2.13890161e-11
4632            	-3.08585128e-18	1.06555387e+01	4.18836423e-11	2.09418181e-11	2.09418242e-11
4633            	-3.08585091e-18	1.06555400e+01	4.07158798e-11	2.03579368e-11	2.03579430e-11
4634            	-3.08585058e-18	1.06555413e+01	2.51344035e-11	1.25671987e-11	1.25672048e-11
4635            	-3.08585025e-18	1.06555426e+01	1.15802001e-11	5.79009695e-12	5.79010312e-12
4636            	-3.08584991e-18	1.06555438e+01	2.72504134e-12	1.36251758e-12	1.36252375e-12
4637            	-3.08584958e-18	1.06555451e+01	-2.21552644e-12	-1.10776631e-12	-1.10776013e-12
4638            	-3.08584921e-18	1.06555464e+01	5.56572819e-12	2.78286101e-12	2.78286718e-12
4639            	-3.08584889e-18	1.06555477e+01	7.86597423e-12	3.93298403e-12	3.93299020e-12
4640            	-3.08584852e-18	1.06555489e+01	2.75410934e-11	1.37705436e-11	1.37705498e-11
4641            	-3.08584822e-18	1.06555502e+01	3.77412176e-11	1.88706057e-11	1.88706119e-11
4642            	-3.08584789e-18	1.06555515e+01	5.29493999e-11	2.64746969e-11	2.64747030e-11
4643            	-3.08584758e-18	1.06555527e+01	5.76649362e-11	2.88324650e-11	2.88324712e-11
4644            	-3.08584723e-18	1.06555540e+01	5.56254136e-11	2.78127037e-11	2.78127099e-11
4645            	-3.08584691e-18	1.06555553e+01	3.74191378e-11	1.87095658e-11	1.87095720e-11
4646            	-3.08584656e-18	1.06555565e+01	1.92151184e-11	9.60755612e-12	9.60756229e-12
4647            	-3.08584624e-18	1.06555578e+01	-3.03762513e-12	-1.51881565e-12	-1.51880948e-12
4648            	-3.08584591e-18	1.06555590e+01	-1.02103096e-11	-5.10515790e-12	-5.10515173e-12
4649            	-3.08584559e-18	1.06555602e+01	-1.04161695e-11	-5.20808786e-12	-5.20808169e-12
4650            	-3.08584525e-18	1.06555615e+01	5.26960005e-12	2.63479694e-12	2.63480311e-12
4651            	-3.08584493e-18	1.06555627e+01	1.87447043e-11	9.37234907e-12	9.37235524e-12
4652            	-3.08584458e-18	1.06555640e+01	3.95209125e-11	1.97604532e-11	1.97604593e-11
4653            	-3.08584428e-18	1.06555652e+01	4.55799674e-11	2.27899806e-11	2.27899868e-11
4654            	-3.08584396e-18	1.06555664e+01	5.00221643e-11	2.50110790e-11	2.50110852e-11
4655            	-3.08584365e-18	1.06555677e+01	4.55466038e-11	2.27732988e-11	2.27733050e-11
4656            	-3.08584332e-18	1.06555689e+01	3.66399383e-11	1.83199661e-11	1.83199722e-11
4657            	-3.08584300e-18	1.06555701e+01	2.04117874e-11	1.02058906e-11	1.02058968e-11
4658            	-3.08584266e-18	1.06555713e+01	8.40496461e-12	4.20247922e-12	4.20248539e-12
4659            	-3.08584235e-18	1.06555725e+01	-4.59919780e-12	-2.29960199e-12	-2.29959582e-12
4660            	-3.08584200e-18	1.06555737e+01	2.42190154e-12	1.21094768e-12	1.21095386e-12
4661            	-3.08584169e-18	1.06555750e+01	9.11251279e-12	4.55625331e-12	4.55625948e-12
4662            	-3.08584140e-18	1.06555762e+01	2.20263818e-11	1.10131878e-11	1.10131940e-11
4663            	-3.08584107e-18	1.06555774e+01	4.52216446e-11	2.26108192e-11	2.26108254e-11
4664            	-3.08584077e-18	1.06555786e+01	5.35549489e-11	2.67774714e-11	2.67774775e-11
4665            	-3.08584047e-18	1.06555798e+01	5.13784533e-11	2.56892235e-11	2.56892297e-11
4666            	-3.08584015e-18	1.06555810e+01	3.85833622e-11	1.92916780e-11	1.92916842e-11
4667            	-3.08584009e-18	1.06555822e+01	-2.12820126e-11	-1.06410094e-11	-1.06410032e-11
4668            	-3.08583975e-18	1.06555834e+01	-1.30280683e-10	-6.51403444e-11	-6.51403382e-11
4669            	-3.08583934e-18	1.06555846e+01	-2.78910152e-10	-1.39455079e-10	-1.39455073e-10
4670            	-3.08583893e-18	1.06555858e+01	-3.73208794e-10	-1.86604400e-10	-1.86604394e-10
4671            	-3.08583853e-18	1.06555869e+01	-3.46857160e-10	-1.73428583e-10	-1.73428577e-10
4672            	-3.08583824e-18	1.06555881e+01	-1.50945017e-10	-7.54725115e-11	-7.54725053e-11
4673            	-3.08583787e-18	1.06555892e+01	6.73530844e-11	3.36765391e-11	3.36765453e-11
4674            	-3.08583755e-18	1.06555904e+01	2.54315414e-10	1.27157704e-10	1.27157710e-10
4675            	-3.08583726e-18	1.06555916e+01	3.54336867e-10	1.77168431e-10	1.77168437e-10
4676            	-3.08583706e-18	1.06555928e+01	3.56524783e-10	1.78262389e-10	1.78262395e-10
4677            	-3.08583672e-18	1.06555939e+01	2.27749150e-10	1.13874572e-10	1.13874578e-10
4678            	-3.08583639e-18	1.06555951e+01	4.99137853e-11	2.49568896e-11	2.49568957e-11
4679            	-3.08583615e-18	1.06555963e+01	-2.40648789e-10	-1.20324398e-10	-1.20324391e-10
4680            	-3.08583580e-18	1.06555974e+01	-2.72067868e-10	-1.36033937e-10	-1.36033931e-10
4681            	-3.08583546e-18	1.06555986e+01	-2.03467027e-10	-1.01733517e-10	-1.01733511e-10
4682            	-3.08583523e-18	1.06555997e+01	-8.39577533e-11	-4.19788797e-11	-4.19788736e-11
4683            	-3.08583494e-18	1.06556009e+01	8.53485997e-11	4.26742968e-11	4.26743029e-11
4684            	-3.08583456e-18	1.06556020e+01	2.06032625e-10	1.03016309e-10	1.03016315e-10
4685            	-3.08583423e-18	1.06556032e+01	2.42066809e-10	1.21033402e-10	1.21033408e-10
4686            	-3.08583392e-18	1.06556043e+01	1.92319679e-10	9.61598365e-11	9.61598426e-11
4687            	-3.08583372e-18	1.06556054e+01	1.20357594e-10	6.01787938e-11	6.01788000e-11
4688            	-3.08583347e-18	1.06556066e+01	-2.74153343e-11	-1.37076702e-11	-1.37076641e-11
4689            	-3.08583309e-18	1.06556077e+01	-1.25886991e-10	-6.29434986e-11	-6.29434924e-11
4690            	-3.08583275e-18	1.06556089e+01	-1.73317982e-10	-8.66589939e-11	-8.66589877e-11
4691            	-3.08583244e-18	1.06556100e+01	-1.40168078e-10	-7.00840419e-11	-7.00840357e-11
4692            	-3.08583223e-18	1.06556111e+01	-8.49349017e-11	-4.24674539e-11	-4.24674478e-11
4693            	-3.08583196e-18	1.06556122e+01	-5.55179645e-12	-2.77590131e-12	-2.77589514e-12
4694            	-3.08583165e-18	1.06556134e+01	7.34106458e-11	3.67053198e-11	3.67053260e-11
4695            	-3.08583131e-18	1.06556145e+01	1.51713360e-10	7.58566767e-11	7.58566828e-11
4696            	-3.08583099e-18	1.06556156e+01	2.34884232e-10	1.17442113e-10	1.17442119e-10
4697            	-3.08583068e-18	1.06556167e+01	3.12787390e-10	1.56393692e-10	1.56393698e-10
4698            	-3.08583039e-18	1.06556178e+01	3.51281103e-10	1.75640548e-10	1.75640554e-10
4699            	-3.08583011e-18	1.06556189e+01	3.13651666e-10	1.56825830e-10	1.56825836e-10
4700            	-3.08582984e-18	1.06556200e+01	1.87437509e-10	9.37187516e-11	9.37187578e-11
4701            	-3.08582958e-18	1.06556211e+01	-4.63622168e-12	-2.31811392e-12	-2.31810775e-12
4702            	-3.08582930e-18	1.06556222e+01	-2.08169099e-10	-1.04084552e-10	-1.04084546e-10
4703            	-3.08582902e-18	1.06556233e+01	-3.57005022e-10	-1.78502514e-10	-1.78502508e-10
4704            	-3.08582872e-18	1.06556244e+01	-3.99772622e-10	-1.99886314e-10	-1.99886308e-10
4705            	-3.08582842e-18	1.06556255e+01	-3.20980892e-10	-1.60490449e-10	-1.60490443e-10
4706            	-3.08582812e-18	1.06556266e+01	-1.47906562e-10	-7.39532842e-11	-7.39532781e-11
4707            	-3.08582782e-18	1.06556277e+01	6.02833739e-11	3.01416839e-11	3.01416900e-11
4708            	-3.08582753e-18	1.06556288e+01	2.36227460e-10	1.18113727e-10	1.18113733e-10
4709            	-3.08582724e-18	1.06556298e+01	3.28634747e-10	1.64317370e-10	1.64317376e-10
4710            	-3.08582697e-18	1.06556309e+01	3.18997825e-10	1.59498909e-10	1.59498916e-10
4711            	-3.08582669e-18	1.06556320e+01	2.23106677e-10	1.11553336e-10	1.11553342e-10
4712            	-3.08582642e-18	1.06556331e+01	8.22452597e-11	4.11226268e-11	4.11226329e-11
4713            	-3.08582615e-18	1.06556341e+01	-5.45078707e-11	-2.72539384e-11	-2.72539322e-11
4714            	-3.08582587e-18	1.06556352e+01	-1.46762019e-10	-7.33810128e-11	-7.33810066e-11
4715            	-3.08582558e-18	1.06556363e+01	-1.74866393e-10	-8.74331994e-11	-8.74331932e-11
4716            	-3.08582530e-18	1.06556373e+01	-1.42491033e-10	-7.12455198e-11	-7.12455136e-11
4717            	-3.08582501e-18	1.06556384e+01	-7.14743198e-11	-3.57371630e-11	-3.57371568e-11
4718            	-3.08582473e-18	1.06556395e+01	8.90576970e-12	4.45288176e-12	4.45288793e-12
4719            	-3.08582445e-18	1.06556405e+01	7.25834329e-11	3.62917134e-11	3.62917195e-11
4720            	-3.08582418e-18	1.06556416e+01	1.04484211e-10	5.22421027e-11	5.22421088e-11
4721            	-3.08582390e-18	1.06556426e+01	1.02494882e-10	5.12474377e-11	5.12474439e-11
4722            	-3.08582363e-18	1.06556437e+01	7.54940172e-11	3.77470055e-11	3.77470117e-11
4723            	-3.08582335e-18	1.06556447e+01	3.75964862e-11	1.87982400e-11	1.87982462e-11
4724            	-3.08582308e-18	1.06556458e+01	2.94398570e-12	1.47198977e-12	1.47199594e-12
4725            	-3.08582281e-18	1.06556468e+01	-1.91319372e-11	-9.56597169e-12	-9.56596552e-12
4726            	-3.08582253e-18	1.06556479e+01	-2.54030774e-11	-1.27015418e-11	-1.27015356e-11
4727            	-3.08582226e-18	1.06556489e+01	-1.85116720e-11	-9.25583910e-12	-9.25583293e-12
4728            	-3.08582199e-18	1.06556499e+01	-4.21366307e-12	-2.10683462e-12	-2.10682845e-12
4729            	-3.08582172e-18	1.06556510e+01	1.09179386e-11	5.45896621e-12	5.45897238e-12
4730            	-3.08582144e-18	1.06556520e+01	2.21342420e-11	1.10671179e-11	1.10671241e-11
4731            	-3.08582117e-18	1.06556530e+01	2.71666703e-11	1.35833321e-11	1.35833382e-11
4732            	-3.08582090e-18	1.06556540e+01	2.64935198e-11	1.32467568e-11	1.32467630e-11
4733            	-3.08582064e-18	1.06556551e+01	2.20112617e-11	1.10056278e-11	1.10056340e-11
4734            	-3.08582037e-18	1.06556561e+01	1.63792855e-11	8.18963966e-12	8.18964584e-12
4735            	-3.08582010e-18	1.06556571e+01	1.16008580e-11	5.80042594e-12	5.80043211e-12
4736            	-3.08581983e-18	1.06556581e+01	8.88319097e-12	4.44159240e-12	4.44159857e-12
4737            	-3.08581957e-18	1.06556591e+01	8.18175509e-12	4.09087446e-12	4.09088063e-12
4738            	-3.08581930e-18	1.06556601e+01	9.04640656e-12	4.52320019e-12	4.52320636e-12
4739            	-3.08581904e-18	1.06556612e+01	1.05102344e-11	5.25511412e-12	5.25512029e-12
4740            	-3.08581877e-18	1.06556622e+01	1.19624498e-11	5.98122181e-12	5.98122798e-12
4741            	-3.08581851e-18	1.06556632e+01	1.28466229e-11	6.42330838e-12	6.42331455e-12
4742            	-3.08581825e-18	1.06556642e+01	1.31980365e-11	6.59901515e-12	6.59902132e-12
4743            	-3.08581798e-18	1.06556652e+01	1.29729475e-11	6.48647065e-12	6.48647683e-12
4744            	-3.08581772e-18	1.06556662e+01	1.25723698e-11	6.28618183e-12	6.28618800e-12
4745            	-3.08581746e-18	1.06556672e+01	1.20558720e-11	6.02793292e-12	6.02793909e-12
4746            	-3.08581720e-18	1.06556681e+01	1.17068226e-11	5.85340822e-12	5.85341439e-12
4747            	-3.08581694e-18	1.06556691e+01	1.14498491e-11	5.72492147e-12	5.72492764e-12
4748            	-3.08581668e-18	1.06556701e+01	1.13087312e-11	5.65436250e-12	5.65436867e-12
4749            	-3.08581642e-18	1.06556711e+01	1.11503695e-11	5.57518168e-12	5.57518785e-12
4750            	-3.08581616e-18	1.06556721e+01	1.10652281e-11	5.53261096e-12	5.53261713e-12
4751            	-3.08581590e-18	1.06556731e+01	1.09485037e-11	5.47424877e-12	5.47425494e-12
4752            	-3.08581565e-18	1.06556741e+01	1.08798861e-11	5.43993998e-12	5.43994615e-12
4753            	-3.08581539e-18	1.06556750e+01	1.08047003e-11	5.40234706e-12	5.40235323e-12
4754            	-3.08581514e-18	1.06556760e+01	1.07949834e-11	5.39748863e-12	5.39749481e-12
4755            	-3.08581488e-18	1.06556770e+01	1.07382674e-11	5.36913059e-12	5.36913676e-12
4756            	-3.08581463e-18	1.06556779e+01	1.07017174e-11	5.35085561e-12	5.35086178e-12
4757            	-3.08581437e-18	1.06556789e+01	1.06066455e-11	5.30331965e-12	5.30332582e-12
4758            	-3.08581412e-18	1.06556799e+01	1.05049676e-11	5.25248071e-12	5.25248688e-12
4759            	-3.08581387e-18	1.06556808e+01	1.03135044e-11	5.15674910e-12	5.15675527e-12
4760            	-3.08581361e-18	1.06556818e+01	1.01676653e-11	5.08382957e-12	5.08383574e-12
4761            	-3.08581336e-18	1.06556828e+01	9.99589071e-12	4.99794227e-12	4.99794844e-12
4762            	-3.08581360e-18	1.06556835e+01	-1.13937550e-10	-5.69687783e-11	-5.69687721e-11
4763            	-3.08581296e-18	1.06556846e+01	-1.11089958e-10	-5.55449820e-11	-5.55449758e-11
4764            	-3.08581236e-18	1.06556856e+01	-1.15488627e-10	-5.77443166e-11	-5.77443105e-11
4765            	-3.08581227e-18	1.06556866e+01	9.71543322e-11	4.85771630e-11	4.85771692e-11
4766            	-3.08581246e-18	1.06556875e+01	-4.54467174e-12	-2.27233896e-12	-2.27233278e-12
4767            	-3.08581180e-18	1.06556885e+01	2.63093473e-10	1.31546733e-10	1.31546740e-10
4768            	-3.08581152e-18	1.06556895e+01	2.58534137e-10	1.29267066e-10	1.29267072e-10
4769            	-3.08581121e-18	1.06556905e+01	-4.12536046e-12	-2.06268332e-12	-2.06267714e-12
4770            	-3.08581148e-18	1.06556912e+01	-6.78053932e-11	-3.39026997e-11	-3.39026935e-11
4771            	-3.08581109e-18	1.06556922e+01	-2.67465211e-10	-1.33732608e-10	-1.33732602e-10
4772            	-3.08581069e-18	1.06556932e+01	-2.83521045e-10	-1.41760525e-10	-1.41760519e-10
4773            	-3.08581027e-18	1.06556941e+01	-5.33981993e-11	-2.66991027e-11	-2.66990965e-11
4774            	-3.08581039e-18	1.06556949e+01	-9.93078524e-11	-4.96539293e-11	-4.96539231e-11
4775            	-3.08580983e-18	1.06556959e+01	-1.67993848e-11	-8.39969550e-12	-8.39968933e-12
4776            	-3.08580937e-18	1.06556969e+01	6.78274136e-11	3.39137037e-11	3.39137099e-11
4777            	-3.08580954e-18	1.06556977e+01	1.15199846e-10	5.75999201e-11	5.75999262e-11
4778            	-3.08580917e-18	1.06556987e+01	1.37221871e-10	6.86109326e-11	6.86109388e-11
4779            	-3.08580871e-18	1.06556997e+01	2.67216385e-10	1.33608189e-10	1.33608196e-10
4780            	-3.08580845e-18	1.06557007e+01	1.76869112e-11	8.84345252e-12	8.84345869e-12
4781            	-3.08580872e-18	1.06557014e+01	8.54538534e-11	4.27269236e-11	4.27269298e-11
4782            	-3.08580839e-18	1.06557024e+01	-5.73820594e-11	-2.86910328e-11	-2.86910266e-11
4783            	-3.08580804e-18	1.06557033e+01	-1.46279122e-10	-7.31395642e-11	-7.31395580e-11
4784            	-3.08580765e-18	1.06557043e+01	-7.79477656e-11	-3.89738859e-11	-3.89738797e-11
4785            	-3.08580784e-18	1.06557050e+01	-1.63617934e-10	-8.18089699e-11	-8.18089637e-11
4786            	-3.08580738e-18	1.06557060e+01	-7.89239392e-11	-3.94619727e-11	-3.94619665e-11
4787            	-3.08580683e-18	1.06557069e+01	-7.61167256e-11	-3.80583659e-11	-3.80583597e-11
4788            	-3.08580651e-18	1.06557078e+01	5.78730579e-11	2.89365259e-11	2.89365320e-11
4789            	-3.08580661e-18	1.06557086e+01	1.32031774e-10	6.60158841e-11	6.60158903e-11
4790            	-3.08580625e-18	1.06557096e+01	5.21050618e-11	2.60525278e-11	2.60525340e-11
4791            	-3.08580593e-18	1.06557105e+01	-5.51187295e-11	-2.75593679e-11	-2.75593617e-11
4792            	-3.08580564e-18	1.06557114e+01	-1.31649135e-10	-6.58245707e-11	-6.58245645e-11
4793            	-3.08580594e-18	1.06557122e+01	9.11554417e-11	4.55777178e-11	4.55777239e-11
4794            	-3.08580560e-18	1.06557131e+01	1.84923848e-10	9.24619209e-11	9.24619270e-11
4795            	-3.08580524e-18	1.06557141e+01	2.65116635e-10	1.32558315e-10	1.32558321e-10
4796            	-3.08580483e-18	1.06557150e+01	2.79958946e-10	1.39979470e-10	1.39979476e-10
4797            	-3.08580498e-18	1.06557157e+01	-3.11183641e-11	-1.55591851e-11	-1.55591790e-11
4798            	-3.08580450e-18	1.06557166e+01	-1.80174955e-10	-9.00874807e-11	-9.00874745e-11
4799            	-3.08580408e-18	1.06557176e+01	-2.90739790e-10	-1.45369898e-10	-1.45369892e-10
4800            	-3.08580370e-18	1.06557185e+01	-3.51793931e-10	-1.75896969e-10	-1.75896963e-10
4801            	-3.08580389e-18	1.06557192e+01	-1.51375364e-10	-7.56876852e-11	-7.56876791e-11
4802            	-3.08580353e-18	1.06557201e+01	-8.50743305e-11	-4.25371683e-11	-4.25371621e-11
4803            	-3.08580321e-18	1.06557211e+01	5.52805611e-11	2.76402775e-11	2.76402836e-11
4804            	-3.08580290e-18	1.06557220e+01	1.91671525e-10	9.58357596e-11	9.58357657e-11
4805            	-3.08580313e-18	1.06557227e+01	2.89226568e-10	1.44613281e-10	1.44613287e-10
4806            	-3.08580275e-18	1.06557236e+01	3.19394342e-10	1.59697168e-10	1.59697174e-10
4807            	-3.08580237e-18	1.06557245e+01	2.41887573e-10	1.20943783e-10	1.20943789e-10
4808            	-3.08580199e-18	1.06557254e+01	8.67891254e-11	4.33945596e-11	4.33945658e-11
4809            	-3.08580217e-18	1.06557261e+01	-1.34371403e-10	-6.71857046e-11	-6.71856985e-11
4810            	-3.08580178e-18	1.06557270e+01	-2.59341396e-10	-1.29670701e-10	-1.29670695e-10
4811            	-3.08580141e-18	1.06557280e+01	-2.73690021e-10	-1.36845014e-10	-1.36845007e-10
4812            	-3.08580106e-18	1.06557288e+01	-2.08672255e-10	-1.04336131e-10	-1.04336125e-10
4813            	-3.08580126e-18	1.06557295e+01	-4.37716138e-11	-2.18858100e-11	-2.18858038e-11
4814            	-3.08580089e-18	1.06557304e+01	5.49811820e-11	2.74905879e-11	2.74905941e-11
4815            	-3.08580054e-18	1.06557313e+01	1.35934997e-10	6.79674954e-11	6.79675016e-11
4816            	-3.08580020e-18	1.06557322e+01	1.57754094e-10	7.88770437e-11	7.88770499e-11
4817            	-3.08580040e-18	1.06557329e+01	1.34932435e-10	6.74662146e-11	6.74662208e-11
4818            	-3.08580002e-18	1.06557338e+01	7.73418414e-11	3.86709176e-11	3.86709238e-11
4819            	-3.08579966e-18	1.06557347e+01	1.29518192e-11	6.47590651e-12	6.47591268e-12
4820            	-3.08579986e-18	1.06557354e+01	-5.65800461e-11	-2.82900261e-11	-2.82900199e-11
4821            	-3.08579939e-18	1.06557363e+01	-6.68175676e-11	-3.34087869e-11	-3.34087807e-11
4822            	-3.08579894e-18	1.06557372e+01	-4.12640521e-11	-2.06320291e-11	-2.06320229e-11
4823            	-3.08579852e-18	1.06557381e+01	-8.18794441e-11	-4.09397251e-11	-4.09397190e-11
4824            	-3.08579870e-18	1.06557387e+01	-4.56405160e-12	-2.28202889e-12	-2.28202272e-12
4825            	-3.08579835e-18	1.06557396e+01	-5.52822593e-11	-2.76411327e-11	-2.76411266e-11
4826            	-3.08579806e-18	1.06557405e+01	-5.83979998e-11	-2.91990030e-11	-2.91989968e-11
4827            	-3.08579827e-18	1.06557412e+01	1.08630356e-11	5.43151469e-12	5.43152087e-12
4828            	-3.08579791e-18	1.06557421e+01	7.29544668e-11	3.64772303e-11	3.64772365e-11
4829            	-3.08579755e-18	1.06557430e+01	1.84825116e-10	9.24125548e-11	9.24125610e-11
4830            	-3.08579716e-18	1.06557438e+01	1.73746880e-10	8.68734371e-11	8.68734433e-11
4831            	-3.08579733e-18	1.06557445e+01	8.68898663e-11	4.34449300e-11	4.34449362e-11
4832            	-3.08579691e-18	1.06557453e+01	-6.64727654e-11	-3.32363858e-11	-3.32363796e-11
4833            	-3.08579654e-18	1.06557462e+01	-2.14866346e-10	-1.07433176e-10	-1.07433170e-10
4834            	-3.08579673e-18	1.06557469e+01	-1.44759995e-10	-7.23800004e-11	-7.23799942e-11
4835            	-3.08579634e-18	1.06557478e+01	-1.27373968e-10	-6.36869873e-11	-6.36869812e-11
4836            	-3.08579598e-18	1.06557486e+01	1.23529803e-11	6.17648705e-12	6.17649322e-12
4837            	-3.08579618e-18	1.06557493e+01	4.73123184e-11	2.36561561e-11	2.36561623e-11
4838            	-3.08579568e-18	1.06557502e+01	1.79050397e-10	8.95251954e-11	8.95252016e-11
4839            	-3.08579524e-18	1.06557511e+01	1.84242302e-10	9.21211478e-11	9.21211539e-11
4840            	-3.08579540e-18	1.06557517e+01	1.05699822e-10	5.28499081e-11	5.28499143e-11
4841            	-3.08579495e-18	1.06557526e+01	-3.48359127e-11	-1.74179594e-11	-1.74179533e-11
4842            	-3.08579514e-18	1.06557532e+01	-7.56645891e-11	-3.78322977e-11	-3.78322915e-11
4843            	-3.08579435e-18	1.06557541e+01	-3.41344158e-11	-1.70672110e-11	-1.70672048e-11
4844            	-3.08579406e-18	1.06557550e+01	-3.18598450e-11	-1.59299256e-11	-1.59299194e-11
4845            	-3.08579429e-18	1.06557557e+01	-8.34123778e-11	-4.17061920e-11	-4.17061858e-11
4846            	-3.08579398e-18	1.06557566e+01	1.34140767e-10	6.70703805e-11	6.70703867e-11
4847            	-3.08579366e-18	1.06557574e+01	2.06301221e-10	1.03150608e-10	1.03150614e-10
4848            	-3.08579385e-18	1.06557581e+01	1.27250778e-10	6.36253860e-11	6.36253922e-11
4849            	-3.08579341e-18	1.06557589e+01	-4.49280852e-11	-2.24640457e-11	-2.24640395e-11
4850            	-3.08579358e-18	1.06557595e+01	-8.77565605e-11	-4.38782834e-11	-4.38782772e-11
4851            	-3.08579281e-18	1.06557604e+01	-2.08285175e-10	-1.04142591e-10	-1.04142584e-10
4852            	-3.08579248e-18	1.06557612e+01	-3.20008407e-10	-1.60004207e-10	-1.60004200e-10
4853            	-3.08579261e-18	1.06557619e+01	-1.67556363e-10	-8.37781848e-11	-8.37781786e-11
4854            	-3.08579223e-18	1.06557628e+01	6.23919377e-11	3.11959658e-11	3.11959719e-11
4855            	-3.08579188e-18	1.06557636e+01	2.11216031e-10	1.05608013e-10	1.05608019e-10
4856            	-3.08579212e-18	1.06557642e+01	2.02192566e-10	1.01096280e-10	1.01096286e-10
4857            	-3.08579179e-18	1.06557651e+01	1.33926519e-10	6.69632563e-11	6.69632625e-11
4858            	-3.08579202e-18	1.06557657e+01	1.02351608e-10	5.11758008e-11	5.11758070e-11
4859            	-3.08579145e-18	1.06557665e+01	-6.19422749e-12	-3.09711683e-12	-3.09711066e-12
4860            	-3.08579095e-18	1.06557674e+01	-1.76604210e-10	-8.83021079e-11	-8.83021017e-11
4861            	-3.08579107e-18	1.06557680e+01	-2.26833494e-10	-1.13416750e-10	-1.13416744e-10
4862            	-3.08579068e-18	1.06557689e+01	-9.41695152e-11	-4.70847607e-11	-4.70847545e-11
4863            	-3.08579033e-18	1.06557697e+01	9.07114479e-12	4.53556931e-12	4.53557548e-12
4864            	-3.08579050e-18	1.06557703e+01	9.29312538e-11	4.64656238e-11	4.64656300e-11
4865            	-3.08579009e-18	1.06557711e+01	7.04886644e-11	3.52443291e-11	3.52443353e-11
4866            	-3.08579030e-18	1.06557718e+01	1.57282498e-10	7.86412461e-11	7.86412523e-11
4867            	-3.08578986e-18	1.06557726e+01	4.38050098e-11	2.19025018e-11	2.19025080e-11
4868            	-3.08578944e-18	1.06557734e+01	2.94394549e-11	1.47197244e-11	1.47197306e-11
4869            	-3.08578961e-18	1.06557740e+01	-1.19000228e-10	-5.95001170e-11	-5.95001108e-11
4870            	-3.08578911e-18	1.06557748e+01	-1.81368684e-11	-9.06843728e-12	-9.06843110e-12
4871            	-3.08578926e-18	1.06557755e+01	-1.63826798e-10	-8.19134023e-11	-8.19133961e-11
4872            	-3.08578872e-18	1.06557763e+01	-7.54328942e-11	-3.77164502e-11	-3.77164440e-11
4873            	-3.08578828e-18	1.06557771e+01	-1.04255328e-11	-5.21276947e-12	-5.21276330e-12
4874            	-3.08578844e-18	1.06557777e+01	7.28380423e-11	3.64190180e-11	3.64190242e-11
4875            	-3.08578806e-18	1.06557785e+01	1.44851209e-11	7.24255735e-12	7.24256353e-12
4876            	-3.08578825e-18	1.06557792e+01	9.69094235e-11	4.84547087e-11	4.84547148e-11
4877            	-3.08578784e-18	1.06557800e+01	5.21228404e-11	2.60614171e-11	2.60614233e-11
4878            	-3.08578746e-18	1.06557808e+01	3.74192939e-11	1.87096439e-11	1.87096501e-11
4879            	-3.08578763e-18	1.06557814e+01	-2.78226543e-11	-1.39113302e-11	-1.39113241e-11
4880            	-3.08578719e-18	1.06557822e+01	1.37982773e-11	6.89913559e-12	6.89914176e-12
4881            	-3.08578736e-18	1.06557828e+01	-7.69238729e-11	-3.84619395e-11	-3.84619334e-11
4882            	-3.08578687e-18	1.06557836e+01	-4.35811074e-11	-2.17905568e-11	-2.17905506e-11
4883            	-3.08578645e-18	1.06557844e+01	-1.15767409e-12	-5.78840132e-13	-5.78833960e-13
4884            	-3.08578660e-18	1.06557850e+01	-5.39992767e-12	-2.69996692e-12	-2.69996075e-12
4885            	-3.08578619e-18	1.06557858e+01	-9.71744606e-12	-4.85872612e-12	-4.85871994e-12
4886            	-3.08578636e-18	1.06557864e+01	1.30061837e-11	6.50308876e-12	6.50309493e-12
4887            	-3.08578592e-18	1.06557872e+01	8.78950846e-12	4.39475114e-12	4.39475731e-12
4888            	-3.08578611e-18	1.06557878e+01	-1.29248407e-12	-6.46245120e-13	-6.46238948e-13
4889            	-3.08578543e-18	1.06557886e+01	5.84219698e-11	2.92109818e-11	2.92109880e-11
4890            	-3.08578506e-18	1.06557894e+01	1.70965776e-10	8.54828851e-11	8.54828913e-11
4891            	-3.08578522e-18	1.06557900e+01	3.67203568e-12	1.83601476e-12	1.83602093e-12
4892            	-3.08578485e-18	1.06557908e+01	5.65544354e-11	2.82772146e-11	2.82772208e-11
4893            	-3.08578501e-18	1.06557914e+01	-5.22177059e-11	-2.61088560e-11	-2.61088499e-11
4894            	-3.08578462e-18	1.06557922e+01	-9.94294343e-11	-4.97147202e-11	-4.97147141e-11
4895            	-3.08578480e-18	1.06557928e+01	-8.42051589e-11	-4.21025826e-11	-4.21025764e-11
4896            	-3.08578432e-18	1.06557936e+01	-1.16752542e-10	-5.83762742e-11	-5.83762680e-11
4897            	-3.08578389e-18	1.06557943e+01	-4.69024440e-11	-2.34512251e-11	-2.34512189e-11
4898            	-3.08578402e-18	1.06557949e+01	-4.84165579e-11	-2.42082820e-11	-2.42082759e-11
4899            	-3.08578356e-18	1.06557956e+01	4.77709477e-11	2.38854708e-11	2.38854769e-11
4900            	-3.08578370e-18	1.06557962e+01	1.33042972e-11	6.65214552e-12	6.65215170e-12
4901            	-3.08578326e-18	1.06557970e+01	2.51542662e-11	1.25771300e-11	1.25771362e-11
4902            	-3.08578345e-18	1.06557976e+01	1.28181581e-11	6.40907595e-12	6.40908212e-12
4903            	-3.08578297e-18	1.06557984e+01	3.13489138e-11	1.56744538e-11	1.56744600e-11
4904            	-3.08578258e-18	1.06557992e+01	9.32796821e-11	4.66398380e-11	4.66398441e-11
4905            	-3.08578273e-18	1.06557997e+01	4.60506490e-11	2.30253214e-11	2.30253276e-11
4906            	-3.08578232e-18	1.06558005e+01	5.16906350e-11	2.58453144e-11	2.58453206e-11
4907            	-3.08578246e-18	1.06558010e+01	-1.76760616e-11	-8.83803391e-12	-8.83802774e-12
4908            	-3.08578205e-18	1.06558018e+01	-8.13587080e-11	-4.06793571e-11	-4.06793509e-11
4909            	-3.08578222e-18	1.06558024e+01	-1.06146669e-10	-5.30733374e-11	-5.30733312e-11
4910            	-3.08578175e-18	1.06558032e+01	-1.09062627e-10	-5.45313168e-11	-5.45313106e-11
4911            	-3.08578134e-18	1.06558039e+01	1.35863159e-12	6.79312709e-13	6.79318881e-13
4912            	-3.08578149e-18	1.06558045e+01	-4.64355465e-12	-2.32178041e-12	-2.32177424e-12
4913            	-3.08578107e-18	1.06558052e+01	9.69500160e-11	4.84750049e-11	4.84750111e-11
4914            	-3.08578121e-18	1.06558057e+01	5.89383958e-11	2.94691948e-11	2.94692010e-11
4915            	-3.08578081e-18	1.06558065e+01	2.38019534e-11	1.19009736e-11	1.19009798e-11
4916            	-3.08578098e-18	1.06558071e+01	-1.28374643e-11	-6.41873526e-12	-6.41872908e-12
4917            	-3.08578050e-18	1.06558079e+01	-3.92388651e-11	-1.96194356e-11	-1.96194295e-11
4918            	-3.08578069e-18	1.06558084e+01	-7.07586075e-11	-3.53793068e-11	-3.53793007e-11
4919            	-3.08578012e-18	1.06558092e+01	1.87905852e-11	9.39528951e-12	9.39529568e-12
4920            	-3.08578028e-18	1.06558098e+01	-5.51692149e-11	-2.75846105e-11	-2.75846043e-11
4921            	-3.08577965e-18	1.06558105e+01	1.03020597e-10	5.15102955e-11	5.15103017e-11
4922            	-3.08577979e-18	1.06558111e+01	-1.03040981e-11	-5.15205212e-12	-5.15204594e-12
4923            	-3.08577921e-18	1.06558119e+01	5.86180859e-11	2.93090399e-11	2.93090460e-11
4924            	-3.08577936e-18	1.06558124e+01	-1.91421962e-11	-9.57110118e-12	-9.57109501e-12
4925            	-3.08577897e-18	1.06558132e+01	-1.02342422e-10	-5.11712142e-11	-5.11712080e-11
4926            	-3.08577915e-18	1.06558137e+01	-8.06794596e-11	-4.03397329e-11	-4.03397267e-11
4927            	-3.08577863e-18	1.06558145e+01	-7.26117541e-11	-3.63058802e-11	-3.63058740e-11
4928            	-3.08577879e-18	1.06558150e+01	-1.90695899e-11	-9.53479804e-12	-9.53479187e-12
4929            	-3.08577833e-18	1.06558157e+01	4.13620248e-11	2.06810093e-11	2.06810155e-11
4930            	-3.08577848e-18	1.06558163e+01	1.01712106e-11	5.08560223e-12	5.08560840e-12
4931            	-3.08577799e-18	1.06558170e+01	9.40954567e-11	4.70477253e-11	4.70477314e-11
4932            	-3.08577814e-18	1.06558176e+01	7.22614248e-12	3.61306816e-12	3.61307433e-12
4933            	-3.08577763e-18	1.06558183e+01	8.68514548e-11	4.34257243e-11	4.34257305e-11
4934            	-3.08577779e-18	1.06558189e+01	1.01447724e-11	5.07238314e-12	5.07238931e-12
4935            	-3.08577729e-18	1.06558196e+01	5.39379849e-11	2.69689894e-11	2.69689955e-11
4936            	-3.08577746e-18	1.06558201e+01	-1.72963520e-11	-8.64817908e-12	-8.64817291e-12
4937            	-3.08577696e-18	1.06558209e+01	-1.25644768e-11	-6.28224148e-12	-6.28223531e-12
4938            	-3.08577712e-18	1.06558214e+01	-7.85557577e-11	-3.92778819e-11	-3.92778758e-11
4939            	-3.08577664e-18	1.06558221e+01	-6.42547958e-11	-3.21274010e-11	-3.21273948e-11
4940            	-3.08577679e-18	1.06558227e+01	-9.66174420e-11	-4.83087241e-11	-4.83087179e-11
4941            	-3.08577631e-18	1.06558234e+01	-3.41194967e-11	-1.70597514e-11	-1.70597453e-11
4942            	-3.08577646e-18	1.06558239e+01	-3.38943198e-11	-1.69471630e-11	-1.69471568e-11
4943            	-3.08577598e-18	1.06558246e+01	5.06975389e-11	2.53487664e-11	2.53487726e-11
4944            	-3.08577613e-18	1.06558252e+01	3.48925893e-11	1.74462915e-11	1.74462977e-11
4945            	-3.08577565e-18	1.06558259e+01	9.33006812e-11	4.66503375e-11	4.66503437e-11
4946            	-3.08577581e-18	1.06558264e+01	2.91934908e-11	1.45967423e-11	1.45967485e-11
4947            	-3.08577533e-18	1.06558271e+01	5.07840428e-11	2.53920183e-11	2.53920245e-11
4948            	-3.08577548e-18	1.06558277e+01	-3.51567773e-11	-1.75783917e-11	-1.75783855e-11
4949            	-3.08577509e-18	1.06558284e+01	-5.57346919e-11	-2.78673490e-11	-2.78673429e-11
4950            	-3.08577524e-18	1.06558289e+01	-8.59418200e-11	-4.29709131e-11	-4.29709069e-11
4951            	-3.08577467e-18	1.06558296e+01	-5.77702258e-11	-2.88851160e-11	-2.88851098e-11
4952            	-3.08577481e-18	1.06558301e+01	-4.48411020e-11	-2.24205541e-11	-2.24205479e-11
4953            	-3.08577431e-18	1.06558308e+01	2.74330645e-12	1.37165014e-12	1.37165631e-12
4954            	-3.08577445e-18	1.06558313e+01	-1.29677776e-11	-6.48389189e-12	-6.48388571e-12
4955            	-3.08577409e-18	1.06558320e+01	2.58912127e-11	1.29456033e-11	1.29456094e-11
4956            	-3.08577424e-18	1.06558326e+01	1.30198731e-12	6.50990569e-13	6.50996741e-13
4957            	-3.08577369e-18	1.06558333e+01	4.51861950e-11	2.25930944e-11	2.25931006e-11
4958            	-3.08577384e-18	1.06558338e+01	2.49938636e-11	1.24969287e-11	1.24969349e-11
4959            	-3.08577337e-18	1.06558345e+01	5.38737814e-11	2.69368876e-11	2.69368938e-11
4960            	-3.08577352e-18	1.06558350e+01	-5.01763667e-12	-2.50882142e-12	-2.50881525e-12
4961            	-3.08577307e-18	1.06558357e+01	3.18303462e-11	1.59151700e-11	1.59151762e-11
4962            	-3.08577321e-18	1.06558362e+01	-5.31603956e-11	-2.65802009e-11	-2.65801947e-11
4963            	-3.08577338e-18	1.06558367e+01	-1.24452438e-10	-6.22262219e-11	-6.22262157e-11
4964            	-3.08577271e-18	1.06558374e+01	-5.76701904e-11	-2.88350983e-11	-2.88350921e-11
4965            	-3.08577223e-18	1.06558381e+01	1.48298252e-10	7.41491231e-11	7.41491293e-11
4966            	-3.08577238e-18	1.06558386e+01	4.59963347e-11	2.29981643e-11	2.29981705e-11
4967            	-3.08577253e-18	1.06558391e+01	-7.36310173e-11	-3.68155117e-11	-3.68155056e-11
4968            	-3.08577202e-18	1.06558398e+01	5.70574521e-11	2.85287229e-11	2.85287291e-11
4969            	-3.08577217e-18	1.06558403e+01	-3.87425496e-11	-1.93712779e-11	-1.93712717e-11
4970            	-3.08577168e-18	1.06558410e+01	-4.88264539e-12	-2.44132578e-12	-2.44131961e-12
4971            	-3.08577183e-18	1.06558415e+01	-4.20773781e-11	-2.10386921e-11	-2.10386860e-11
4972            	-3.08577137e-18	1.06558422e+01	-3.88658548e-11	-1.94329305e-11	-1.94329243e-11
4973            	-3.08577151e-18	1.06558427e+01	-4.28912786e-11	-2.14456424e-11	-2.14456362e-11
4974            	-3.08577166e-18	1.06558432e+01	-5.00714181e-11	-2.50357122e-11	-2.50357060e-11
4975            	-3.08577099e-18	1.06558439e+01	-1.77139202e-11	-8.85696320e-12	-8.85695703e-12
4976            	-3.08577052e-18	1.06558446e+01	1.47700564e-10	7.38502790e-11	7.38502852e-11
4977            	-3.08577066e-18	1.06558450e+01	4.26858334e-11	2.13429136e-11	2.13429198e-11
4978            	-3.08577081e-18	1.06558455e+01	-8.37685268e-11	-4.18842665e-11	-4.18842603e-11
4979            	-3.08577099e-18	1.06558461e+01	-1.83794935e-10	-9.18974705e-11	-9.18974643e-11
4980            	-3.08577024e-18	1.06558468e+01	-4.74895878e-11	-2.37447970e-11	-2.37447908e-11
4981            	-3.08576975e-18	1.06558475e+01	1.89390139e-10	9.46950662e-11	9.46950724e-11
4982            	-3.08576990e-18	1.06558479e+01	6.86632951e-11	3.43316445e-11	3.43316506e-11
4983            	-3.08577005e-18	1.06558484e+01	-4.29970834e-11	-2.14985448e-11	-2.14985386e-11
4984            	-3.08577022e-18	1.06558489e+01	-1.07085486e-10	-5.35427462e-11	-5.35427401e-11
4985            	-3.08576951e-18	1.06558496e+01	-1.21563439e-10	-6.07817228e-11	-6.07817166e-11
4986            	-3.08576902e-18	1.06558503e+01	6.94190506e-11	3.47095222e-11	3.47095284e-11
4987            	-3.08576917e-18	1.06558508e+01	2.56639355e-11	1.28319647e-11	1.28319708e-11
4988            	-3.08576931e-18	1.06558512e+01	-4.36359996e-11	-2.18180029e-11	-2.18179967e-11
4989            	-3.08576947e-18	1.06558517e+01	-1.11759136e-10	-5.58795710e-11	-5.58795648e-11
4990            	-3.08576872e-18	1.06558525e+01	1.59192417e-11	7.95961775e-12	7.95962392e-12
4991            	-3.08576825e-18	1.06558531e+01	1.95448086e-10	9.77240399e-11	9.77240460e-11
4992            	-3.08576839e-18	1.06558536e+01	9.33508164e-11	4.66754051e-11	4.66754113e-11
4993            	-3.08576854e-18	1.06558540e+01	-1.17897974e-11	-5.89490177e-12	-5.89489560e-12
4994            	-3.08576871e-18	1.06558546e+01	-9.34868094e-11	-4.67434078e-11	-4.67434016e-11
4995            	-3.08576804e-18	1.06558552e+01	-8.76079858e-11	-4.38039960e-11	-4.38039898e-11
4996            	-3.08576759e-18	1.06558559e+01	9.34959267e-11	4.67479602e-11	4.67479664e-11
4997            	-3.08576773e-18	1.06558563e+01	-7.14753699e-14	-3.57407707e-14	-3.57345992e-14
4998            	-3.08576788e-18	1.06558568e+01	-1.00342591e-10	-5.01712986e-11	-5.01712924e-11
4999            	-3.08576804e-18	1.06558573e+01	-1.68971420e-10	-8.44857132e-11	-8.44857071e-11
5000            	-3.08576728e-18	1.06558580e+01	-5.73763025e-11	-2.86881544e-11	-2.86881482e-11
