/*--------------------------------*- C++ -*----------------------------------*\
  =========                 |
  \\      /  F ield         | OpenFOAM: The Open Source CFD Toolbox
   \\    /   O peration     | Website:  https://openfoam.org
    \\  /    A nd           | Version:  14
     \\/     M anipulation  |
\*---------------------------------------------------------------------------*/
FoamFile
{
    format      ascii;
    class       surfaceScalarField;
    location    "2500";
    object      phi;
}
// * * * * * * * * * * * * * * * * * * * * * * * * * * * * * * * * * * * * * //

dimensions      [0 3 -1 0 0 0 0];

internalField   nonuniform List<scalar> 
10657
(
1.0481614e-16
-1.0481595e-16
-5.7835495e-24
5.0648245e-16
-4.016663e-16
-2.3333917e-23
1.3846417e-15
-8.7815941e-16
-5.2015883e-23
3.0071398e-15
-1.6224984e-15
-9.6337085e-23
5.7703374e-15
-2.763198e-15
-1.6312218e-22
1.0257155e-14
-4.4868184e-15
-2.6167954e-22
1.7320526e-14
-7.0633715e-15
-4.0417862e-22
2.8203099e-14
-1.0882573e-14
-6.0530481e-22
4.4708535e-14
-1.6505436e-14
-8.7996523e-22
6.9446008e-14
-2.4737471e-14
-1.2372716e-21
1.0617818e-13
-3.6732172e-14
-1.6701025e-21
1.6031488e-13
-5.4136689e-14
-2.1461597e-21
2.3961075e-13
-7.9295868e-14
-2.6239493e-21
3.5514703e-13
-1.1553628e-13
-3.1425981e-21
5.2270571e-13
-1.675587e-13
-4.0302403e-21
7.6468144e-13
-2.4197577e-13
-6.1455743e-21
1.1127219e-12
-3.4804058e-13
-1.0733782e-20
1.6113436e-12
-4.9862179e-13
-1.8193014e-20
2.3228327e-12
-7.1148927e-13
-2.5680005e-20
3.3338127e-12
-1.0109802e-12
-2.5704625e-20
4.7639286e-12
-1.430116e-12
-9.7449036e-21
6.7771634e-12
-2.013235e-12
2.2361163e-20
9.5963555e-12
-2.8191924e-12
5.5526992e-20
1.3521518e-11
-3.925163e-12
6.7300514e-20
1.8952592e-11
-5.4310748e-12
5.0250284e-20
2.6417298e-11
-7.464707e-12
2.8507506e-20
3.6604826e-11
-1.0187528e-11
4.5746355e-20
5.0406245e-11
-1.380142e-11
1.2733912e-19
6.8962769e-11
-1.8556524e-11
2.51232e-19
9.3723322e-11
-2.4760554e-11
3.613966e-19
1.2651326e-10
-3.278994e-11
4.1167288e-19
1.6961678e-10
-4.3103518e-11
4.0256416e-19
2.2587609e-10
-5.6259312e-11
3.6937031e-19
2.9880942e-10
-7.293333e-11
3.6405122e-19
3.9274697e-10
-9.3937554e-11
4.0146123e-19
5.1301075e-10
-1.2026378e-10
1.620336e-19
6.6611778e-10
-1.5310703e-10
-3.5685946e-19
8.5984682e-10
-1.9372904e-10
-2.8351201e-19
-2.4564818e-10
1.105495e-09
-3.1481017e-18
1.0818765e-16
-2.1300351e-16
5.2275658e-16
-8.1623534e-16
1.4290793e-15
-1.7844825e-15
3.1036181e-15
-3.2970377e-15
5.9555137e-15
-5.6150942e-15
1.0586531e-14
-9.1178364e-15
1.7877249e-14
-1.4354091e-14
2.9110711e-14
-2.2116036e-14
4.6149371e-14
-3.3544097e-14
7.1687678e-14
-5.0275778e-14
1.0961156e-13
-7.4656057e-14
1.6550842e-13
-1.1003354e-13
2.4738776e-13
-1.6117521e-13
3.6669519e-13
-2.3484373e-13
5.3973152e-13
-3.4059506e-13
7.896266e-13
-4.9187093e-13
1.1490651e-12
-7.0747915e-13
1.6640177e-12
-1.0135746e-12
2.398799e-12
-1.4462707e-12
3.4428428e-12
-2.0550242e-12
4.9196616e-12
-2.906935e-12
6.998521e-12
-4.0920948e-12
9.9094154e-12
-5.7300876e-12
1.396197e-11
-7.9777186e-12
1.956892e-11
-1.1038027e-11
2.7274866e-11
-1.5170654e-11
3.7791067e-11
-2.0703731e-11
5.2037212e-11
-2.8047567e-11
7.119134e-11
-3.7710655e-11
9.6749443e-11
-5.0318661e-11
1.3059667e-10
-6.6637173e-11
1.7509279e-10
-8.7599647e-11
2.3317552e-10
-1.1434204e-10
3.0848264e-10
-1.4824046e-10
4.0549532e-10
-1.9095023e-10
5.2972078e-10
-2.4448922e-10
6.87916e-10
-3.1130223e-10
8.8813519e-10
-3.9394818e-10
-4.9957798e-10
1.1420651e-09
1.1210684e-16
-3.2511023e-16
5.4169266e-16
-1.2458212e-15
1.4808453e-15
-2.7236355e-15
3.2160333e-15
-5.0322261e-15
6.1711976e-15
-8.5702592e-15
1.0969859e-14
-1.3916498e-14
1.8524409e-14
-2.1908643e-14
3.0164205e-14
-3.3755832e-14
4.7818861e-14
-5.1198754e-14
7.4279872e-14
-7.6736789e-14
1.1357292e-13
-1.139491e-13
1.7148594e-13
-1.6794656e-13
2.5631527e-13
-2.4600455e-13
3.7991515e-13
-3.5844363e-13
5.5916621e-13
-5.1984615e-13
8.1801734e-13
-7.5072213e-13
1.1903043e-12
-1.0797662e-12
1.7236071e-12
-1.5468775e-12
2.484476e-12
-2.2071398e-12
3.5654317e-12
-3.1359801e-12
5.0942182e-12
-4.4357218e-12
7.2458592e-12
-6.2437362e-12
1.0258124e-11
-8.7423529e-12
1.4451052e-11
-1.2170647e-11
2.0251218e-11
-1.6838193e-11
2.8221468e-11
-2.3140906e-11
3.9096947e-11
-3.1579211e-11
5.38284e-11
-4.2779021e-11
7.3634013e-11
-5.7516269e-11
1.0006142e-10
-7.6746065e-11
1.3506187e-10
-1.0163763e-10
1.8107954e-10
-1.3361731e-10
2.4116011e-10
-1.7442261e-10
3.1907848e-10
-2.2615882e-10
4.1949103e-10
-2.9136278e-10
5.4812488e-10
-3.7312306e-10
7.1201884e-10
-4.7519619e-10
9.1958167e-10
-6.01511e-10
-7.6288359e-10
1.1828873e-09
1.1663408e-16
-4.4174419e-16
5.6355875e-16
-1.692746e-15
1.5405955e-15
-3.7006725e-15
3.3457206e-15
-6.8373516e-15
6.4198707e-15
-1.164441e-14
1.1411504e-14
-1.8908132e-14
1.9269406e-14
-2.9766546e-14
3.1375797e-14
-4.5862224e-14
4.973676e-14
-6.9559719e-14
7.7253982e-14
-1.0425401e-13
1.1811135e-13
-1.5480648e-13
1.7832317e-13
-2.2815838e-13
2.6650845e-13
-3.3418983e-13
3.9497965e-13
-4.8691484e-13
5.8126546e-13
-7.06132e-13
8.5022723e-13
-1.019684e-12
1.2369789e-12
-1.466518e-12
1.7908812e-12
-2.1007799e-12
2.58095e-12
-2.9972088e-12
3.7030969e-12
-4.2581272e-12
5.2896974e-12
-6.0223225e-12
7.5220543e-12
-8.4760934e-12
1.0646387e-11
-1.1866686e-11
1.4994024e-11
-1.6518284e-11
2.1006513e-11
-2.2850684e-11
2.9266436e-11
-3.140083e-11
4.0534791e-11
-4.2847566e-11
5.5796027e-11
-5.8040259e-11
7.6312094e-11
-7.8032337e-11
1.0368725e-10
-1.0412122e-10
1.3994578e-10
-1.3789616e-10
1.8762582e-10
-1.8129735e-10
2.498948e-10
-2.366916e-10
3.3068392e-10
-3.0694793e-10
4.3485139e-10
-3.9553026e-10
5.6838233e-10
-5.06654e-10
7.3864269e-10
-6.4545655e-10
9.5448079e-10
-8.1734909e-10
-1.0367611e-09
1.2283584e-09
1.2178233e-16
-5.635264e-16
5.8841785e-16
-2.1593816e-15
1.6085092e-15
-4.7207641e-15
3.4930979e-15
-8.7219408e-15
6.7024075e-15
-1.485372e-14
1.191318e-14
-2.4118905e-14
2.011545e-14
-3.7968817e-14
3.2751299e-14
-5.8498075e-14
5.1913313e-14
-8.8721734e-14
8.0627662e-14
-1.3296836e-13
1.2325669e-13
-1.974355e-13
1.860695e-13
-2.9097119e-13
2.7804751e-13
-4.2616784e-13
4.1201648e-13
-6.2088382e-13
6.0622883e-13
-9.0034438e-13
8.8656148e-13
-1.3000167e-12
1.2895461e-12
-1.8695027e-12
1.866511e-12
-2.6777449e-12
2.6891863e-12
-3.8198843e-12
3.8572031e-12
-5.4261443e-12
5.5079981e-12
-7.6731178e-12
7.829712e-12
-1.0797808e-11
1.1077737e-11
-1.5114712e-11
1.5595624e-11
-2.1036172e-11
2.1841105e-11
-2.9096165e-11
3.0418073e-11
-3.9977798e-11
4.2115469e-11
-5.4544963e-11
5.7954262e-11
-7.3879052e-11
7.9244003e-11
-9.9322079e-11
1.076509e-10
-1.3252812e-10
1.4527958e-10
-1.7552484e-10
1.9477236e-10
-2.3079014e-10
2.5943307e-10
-3.013523e-10
3.4336963e-10
-3.908845e-10
4.5167033e-10
-5.0383096e-10
5.9061827e-10
-6.4560193e-10
7.6795528e-10
-8.2279355e-10
9.9305261e-10
-1.0424464e-09
-1.3224789e-09
1.2787703e-09
1.276008e-16
-6.9112709e-16
6.1650881e-16
-2.6482897e-15
1.6852396e-15
-5.7894952e-15
3.659578e-15
-1.069628e-14
7.0214996e-15
-1.8215642e-14
1.2479625e-14
-2.9577031e-14
2.1070444e-14
-4.6559637e-14
3.4303398e-14
-7.1731031e-14
5.4368306e-14
-1.0878664e-13
8.4431098e-14
-1.6303115e-13
1.2905417e-13
-2.4205858e-13
1.9479184e-13
-3.5670886e-13
2.9103035e-13
-5.2240635e-13
4.3116759e-13
-7.6102108e-13
6.3426071e-13
-1.1034375e-12
9.273127e-13
-1.5930687e-12
1.3484223e-12
-2.2906124e-12
1.9510855e-12
-3.2804083e-12
2.8100123e-12
-4.6788113e-12
4.0289017e-12
-6.6450339e-12
5.7507055e-12
-9.3949219e-12
8.1709896e-12
-1.3218092e-11
1.1555075e-11
-1.8498798e-11
1.6259705e-11
-2.5740803e-11
2.2760049e-11
-3.5596509e-11
3.1682943e-11
-4.8900693e-11
4.384743e-11
-6.6709452e-11
6.0313892e-11
-9.0345515e-11
8.2443451e-11
-1.2145164e-10
1.1196976e-10
-1.6205442e-10
1.5108537e-10
-2.1464045e-10
2.0254714e-10
-2.8225191e-10
2.6981041e-10
-3.6861557e-10
3.5718085e-10
-4.7825494e-10
4.7000563e-10
-6.1665573e-10
6.14906e-10
-7.905023e-10
8.0004956e-10
-1.0079371e-09
1.0354083e-09
-1.2778052e-09
-1.6213271e-09
1.3342565e-09
1.3411905e-16
-8.2524602e-16
6.4797393e-16
-3.1621446e-15
1.7711754e-15
-6.9126969e-15
3.8460049e-15
-1.277111e-14
7.3787666e-15
-2.1748405e-14
1.3113719e-14
-3.5311984e-14
2.2139253e-14
-5.5585173e-14
3.604002e-14
-8.5631799e-14
5.711431e-14
-1.2986094e-13
8.8683817e-14
-1.9460066e-13
1.3553366e-13
-2.8890842e-13
2.0453519e-13
-4.257104e-13
3.0552405e-13
-6.2339522e-13
4.5253197e-13
-9.0802902e-13
6.6550569e-13
-1.3164113e-12
9.7268989e-13
-1.900253e-12
1.4139064e-12
-2.731829e-12
2.0450275e-12
-3.9115296e-12
2.944018e-12
-5.577802e-12
4.2190054e-12
-7.9200215e-12
6.0189233e-12
-1.119484e-11
8.5473628e-12
-1.5746532e-11
1.2080341e-11
-2.2031777e-11
1.6988774e-11
-3.0649236e-11
2.3766525e-11
-4.2374261e-11
3.3065006e-11
-5.8199175e-11
4.5735503e-11
-7.9379949e-11
6.2880689e-11
-1.074907e-10
8.5917201e-11
-1.4448815e-10
1.1665163e-10
-1.9278885e-10
1.5737193e-10
-2.5536076e-10
2.109596e-10
-3.3583958e-10
2.8103644e-10
-4.3869241e-10
3.7212645e-10
-5.6934495e-10
4.8986365e-10
-7.3439293e-10
6.4124567e-10
-9.4188431e-10
8.3491377e-10
-1.2016052e-09
1.0815081e-09
-1.5243995e-09
-1.9345513e-09
1.3947324e-09
1.4135724e-16
-9.6660315e-16
6.8291042e-16
-3.7036979e-15
1.8665812e-15
-8.096368e-15
4.0529495e-15
-1.4957478e-14
7.7752945e-15
-2.547075e-14
1.381737e-14
-4.1354061e-14
2.3325058e-14
-6.5092862e-14
3.7966259e-14
-1.00273e-13
6.0159246e-14
-1.5205392e-13
9.3397846e-14
-2.2783926e-13
1.4271304e-13
-3.3822361e-13
2.1532578e-13
-4.9832314e-13
3.2156643e-13
-7.2963587e-13
4.7616341e-13
-1.062626e-12
7.0003929e-13
-1.5402872e-12
1.0227978e-12
-2.2230116e-12
1.486142e-12
-3.1951733e-12
2.1485305e-12
-4.5739183e-12
3.0914604e-12
-6.5207321e-12
4.4278475e-12
-9.2564089e-12
6.3130715e-12
-1.3080064e-11
8.9593401e-12
-1.8392801e-11
1.2654116e-11
-2.5726553e-11
1.778344e-11
-3.5778561e-11
2.4861076e-11
-4.9451898e-11
3.4564562e-11
-6.7902662e-11
4.7779458e-11
-9.2594846e-11
6.5653441e-11
-1.2536469e-10
8.9662377e-11
-1.6849709e-10
1.2169104e-10
-2.2481752e-10
1.6412983e-10
-2.9779955e-10
2.1999391e-10
-3.9170365e-10
2.9308553e-10
-5.1178404e-10
3.8816601e-10
-6.6442542e-10
5.111815e-10
-8.5740841e-10
6.6953942e-10
-1.1002422e-09
8.7239679e-10
-1.4044626e-09
1.1311134e-09
-1.7831161e-09
-2.2632688e-09
1.4598309e-09
1.4931151e-16
-1.1159145e-15
7.2129914e-16
-4.2756856e-15
1.971404e-15
-9.3464731e-15
4.2802943e-15
-1.7266369e-14
8.210853e-15
-2.940131e-14
1.459016e-14
-4.7733368e-14
2.4627132e-14
-7.5129835e-14
4.0080896e-14
-1.1572677e-13
6.350111e-14
-1.7547414e-13
9.8569946e-14
-2.629081e-13
1.5058714e-13
-3.9024081e-13
2.2715535e-13
-5.7489135e-13
3.391444e-13
-8.4162493e-13
5.0204122e-13
-1.2255228e-12
7.3782887e-13
-1.7760749e-12
1.0775849e-12
-2.5627677e-12
1.5650472e-12
-3.6826357e-12
2.2614652e-12
-5.2703364e-12
3.2521346e-12
-7.5114017e-12
4.6551046e-12
-1.0659379e-11
6.6326404e-12
-1.5057601e-11
9.4061209e-12
-2.1166282e-11
1.327515e-11
-2.9595583e-11
1.8641757e-11
-4.1145169e-11
2.6040696e-11
-5.6850838e-11
3.617701e-11
-7.8038976e-11
4.9972311e-11
-1.0639015e-10
6.8621634e-11
-1.4401401e-10
9.3663307e-11
-1.9353876e-10
1.2706495e-10
-2.5821916e-10
1.713256e-10
-3.4206019e-10
2.2960099e-10
-4.4997904e-10
3.0588596e-10
-5.8806901e-10
4.0519503e-10
-7.6373449e-10
5.3380663e-10
-9.8602001e-10
6.9956338e-10
-1.265999e-09
9.1216949e-10
-1.6170687e-09
1.1837351e-09
-2.0546817e-09
-2.6083729e-09
1.5288392e-09
1.5794955e-16
-1.273864e-15
7.629838e-16
-4.8807199e-15
2.0852156e-15
-1.0668705e-14
4.5271082e-15
-1.9708262e-14
8.6836516e-15
-3.3557854e-14
1.5428897e-14
-5.4478615e-14
2.604007e-14
-8.5741009e-14
4.2375098e-14
-1.320618e-13
6.7125839e-14
-2.0022488e-13
1.0417816e-13
-2.9996042e-13
1.5912218e-13
-4.4518483e-13
2.3997255e-13
-6.5574172e-13
3.5818062e-13
-9.59833e-13
5.3004971e-13
-1.3973919e-12
7.7870232e-13
-2.0247275e-12
1.1367963e-12
-2.9208618e-12
1.6502466e-12
-4.1960861e-12
2.3832797e-12
-6.0033697e-12
3.425232e-12
-8.5533543e-12
4.8995947e-12
-1.2133742e-11
6.9759061e-12
-1.7133912e-11
9.8851974e-12
-2.4075574e-11
1.3939801e-11
-3.3650187e-11
1.9558457e-11
-4.6763825e-11
2.7297784e-11
-6.4590165e-11
3.7891411e-11
-8.8632604e-11
5.2298367e-11
-1.207971e-10
7.1762801e-11
-1.6347845e-10
9.7887892e-11
-2.1966385e-10
1.3272781e-10
-2.9305908e-10
1.7889501e-10
-3.8822739e-10
2.3968945e-10
-5.1077348e-10
3.19308e-10
-6.6768756e-10
4.230283e-10
-8.6745478e-10
5.5747431e-10
-1.120466e-09
7.3093685e-10
-1.4394615e-09
9.5368263e-10
-1.8398144e-09
1.2385772e-09
-2.3395763e-09
-2.9704262e-09
1.6006306e-09
1.6720148e-16
-1.4410653e-15
8.0762726e-16
-5.5211458e-15
2.2070951e-15
-1.2068173e-14
4.7913907e-15
-2.2292558e-14
9.1898512e-15
-3.7956315e-14
1.6326757e-14
-6.1615521e-14
2.755234e-14
-9.6966594e-14
4.4830076e-14
-1.4933953e-13
7.1003631e-14
-2.2639844e-13
1.1017616e-13
-3.3913295e-13
1.6824727e-13
-5.0325594e-13
2.5367021e-13
-7.4116467e-13
3.7851467e-13
-1.0846775e-12
5.5995071e-13
-1.578828e-12
8.2230847e-13
-2.2870853e-12
1.1999173e-12
-3.2984707e-12
1.7409891e-12
-4.737158e-12
2.5128831e-12
-6.7752639e-12
3.6091748e-12
-9.6496462e-12
5.1590443e-12
-1.3683612e-11
7.339605e-12
-1.9314473e-11
1.03919e-11
-2.7127869e-11
1.4641415e-11
-3.7899702e-11
2.0524082e-11
-5.2646493e-11
2.8618945e-11
-7.2685029e-11
3.9688862e-11
-9.9702522e-11
5.4731019e-11
-1.3583926e-10
7.5039539e-11
-1.8378697e-10
1.022835e-10
-2.4690781e-10
1.3860582e-10
-3.2938141e-10
1.867353e-10
-4.3635687e-10
2.5011696e-10
-5.7415514e-10
3.3315112e-10
-7.5072172e-10
4.4138167e-10
-9.7568534e-10
5.817833e-10
-1.2608676e-09
7.6308967e-10
-1.6207679e-09
9.9612182e-10
-2.0728466e-09
1.2944736e-09
-2.6379281e-09
-3.3495863e-09
1.6736337e-09
1.7694915e-16
-1.6180144e-15
8.5465975e-16
-6.1988564e-15
2.3354868e-15
-1.3549001e-14
5.0697676e-15
-2.5026839e-14
9.7229834e-15
-4.2609531e-14
1.7272251e-14
-6.916479e-14
2.9144568e-14
-1.0883891e-13
4.7414321e-14
-1.6760929e-13
7.5084603e-14
-2.5406872e-13
1.1648657e-13
-3.8053493e-13
1.7784431e-13
-5.6461368e-13
2.6807039e-13
-8.3139075e-13
3.9988117e-13
-1.2164882e-12
5.9135183e-13
-1.7702987e-12
8.6807125e-13
-2.5638047e-12
1.2661073e-12
-3.6965067e-12
1.8360549e-12
-5.3071057e-12
2.6485143e-12
-7.5877234e-12
3.8014311e-12
-1.0802563e-11
5.429829e-12
-1.531201e-11
7.7185697e-12
-2.1603214e-11
1.0918892e-11
-3.0328192e-11
1.5369612e-11
-4.2350422e-11
2.1524012e-11
-5.8800893e-11
2.9983665e-11
-8.1144682e-11
4.1540689e-11
-1.1125955e-10
5.7230341e-11
-1.5152891e-10
7.8396371e-11
-2.04953e-10
1.0677275e-10
-2.7528419e-10
1.4459057e-10
-3.6719923e-10
1.9469604e-10
-4.8646234e-10
2.6068511e-10
-6.4014421e-10
3.4712584e-10
-8.3716244e-10
4.5985198e-10
-1.0884115e-09
6.0617101e-10
-1.4071867e-09
7.9522947e-10
-1.8098263e-09
1.0383623e-09
-2.3159794e-09
1.3498026e-09
-2.9493684e-09
-3.7451648e-09
1.7453811e-09
1.870224e-16
-1.8050367e-15
9.0325698e-16
-6.9150911e-15
2.4681368e-15
-1.5113881e-14
5.3573434e-15
-2.7916046e-14
1.0273656e-14
-4.7525845e-14
1.8248692e-14
-7.7139826e-14
3.0788586e-14
-1.2137881e-13
5.0081998e-14
-1.869027e-13
7.9296155e-14
-2.8328288e-13
1.2299675e-13
-4.2423553e-13
1.8774128e-13
-6.2935821e-13
2.8291371e-13
-9.2656318e-13
4.2189311e-13
-1.3554677e-12
6.2368064e-13
-1.9720862e-12
9.1515029e-13
-2.8552744e-12
1.3341406e-12
-4.1154971e-12
1.933667e-12
-5.9066322e-12
2.7876104e-12
-8.441667e-12
3.998324e-12
-1.2013277e-11
5.7066993e-12
-1.7020385e-11
8.1053406e-12
-2.4001856e-11
1.1455621e-11
-3.3678473e-11
1.6109532e-11
-4.7004333e-11
2.2537411e-11
-6.5228771e-11
3.1362857e-11
-8.9970129e-11
4.3406478e-11
-1.2330317e-10
5.9740483e-11
-1.6786292e-10
8.1756708e-11
-2.2696922e-10
1.1125096e-10
-3.0477844e-10
1.5053414e-10
-4.0648241e-10
2.0255566e-10
-5.3848386e-10
2.710835e-10
-7.0867204e-10
3.6084352e-10
-9.2692246e-10
4.7790134e-10
-1.2054693e-09
6.2989052e-10
-1.5591758e-09
8.2631225e-10
-2.0062481e-09
1.0789361e-09
-2.5686032e-09
1.4024843e-09
-3.2729166e-09
-4.1555529e-09
1.8128725e-09
1.9717757e-16
-2.0022141e-15
9.5224152e-16
-7.6701551e-15
2.6018226e-15
-1.6763462e-14
5.6471213e-15
-3.0961345e-14
1.0828457e-14
-5.2707181e-14
1.9232272e-14
-8.5543642e-14
3.2444272e-14
-1.3459081e-13
5.2767931e-14
-2.0722636e-13
8.3535259e-14
-3.1405021e-13
1.295472e-13
-4.7024747e-13
1.9769525e-13
-6.9750627e-13
2.9783503e-13
-1.026703e-12
4.4400755e-13
-1.5016402e-12
6.5613698e-13
-2.1842156e-12
9.6237539e-13
-3.1615128e-12
1.4023171e-12
-4.5554388e-12
2.0313698e-12
-6.5356849e-12
2.9266437e-12
-9.336941e-12
4.1948101e-12
-1.3281444e-11
5.982478e-12
-1.8808053e-11
8.4897499e-12
-2.6509128e-11
1.1987746e-11
-3.717647e-11
1.6841037e-11
-5.1857624e-11
2.3536116e-11
-7.192385e-11
3.2717305e-11
-9.9151319e-11
4.523185e-11
-1.3581771e-10
6.218648e-11
-1.8481755e-10
8.5018589e-11
-2.4980133e-10
1.1558661e-10
-3.3534646e-10
1.5626988e-10
-4.4716568e-10
2.1006292e-10
-5.922769e-10
2.8086764e-10
-7.7947676e-10
3.7371466e-10
-1.0197695e-09
4.9483396e-10
-1.3265886e-09
6.5199246e-10
-1.7163343e-09
8.5501827e-10
-2.2092739e-09
1.1160079e-09
-2.8295929e-09
1.4499807e-09
-3.6068894e-09
-4.578326e-09
1.8727539e-09
2.071062e-16
-2.2093202e-15
1.0001264e-15
-8.4631753e-15
2.7324897e-15
-1.8495825e-14
5.9303083e-15
-3.4159164e-14
1.1370528e-14
-5.8147401e-14
2.0193045e-14
-9.436616e-14
3.4061084e-14
-1.4845885e-13
5.5389872e-14
-2.2855515e-13
8.7671622e-14
-3.4633196e-13
1.3593568e-13
-5.1851153e-13
2.0739734e-13
-7.6896793e-13
3.1236855e-13
-1.1316742e-12
4.6552935e-13
-1.654801e-12
6.8769268e-13
-2.406379e-12
1.0082373e-12
-3.4820574e-12
1.4684366e-12
-5.0156382e-12
2.1259758e-12
-7.1932241e-12
3.0610237e-12
-1.0271989e-11
4.3843164e-12
-1.4604736e-11
6.247806e-12
-2.0671543e-11
8.8585427e-12
-2.9119865e-11
1.249659e-11
-4.0814517e-11
1.7537931e-11
-5.6898966e-11
2.4483539e-11
-7.8869458e-11
3.399605e-11
-1.0866383e-10
4.694588e-11
-1.4876754e-10
6.4469072e-11
-2.0234074e-10
8.8039585e-11
-2.7337184e-10
1.1955781e-10
-3.6686469e-10
1.6145339e-10
-4.8906126e-10
2.1686442e-10
-6.4768793e-10
2.8981511e-10
-8.5242744e-10
3.8534748e-10
-1.1153019e-09
5.0983961e-10
-1.4510807e-09
6.7130985e-10
-1.8778046e-09
8.7973272e-10
-2.4176967e-09
1.1473534e-09
-3.0972136e-09
1.4892464e-09
-3.9487824e-09
-5.0099953e-09
1.9209157e-09
2.1638347e-16
-2.4257036e-15
1.0448603e-15
-9.2916521e-15
2.8545352e-15
-2.03055e-14
6.1947564e-15
-3.7499385e-14
1.1876611e-14
-6.3829256e-14
2.1089789e-14
-1.0357934e-13
3.5569658e-14
-1.6293872e-13
5.7835341e-14
-2.5082084e-13
9.1527804e-14
-3.8002443e-13
1.4188814e-13
-5.6887186e-13
2.1643126e-13
-8.4351106e-13
3.2589041e-13
-1.2411333e-12
4.8553396e-13
-1.8144445e-12
7.1699024e-13
-2.6378352e-12
1.0507587e-12
-3.8158258e-12
1.5296388e-12
-5.4945183e-12
2.2133722e-12
-7.8769575e-12
3.1848683e-12
-1.1243485e-11
4.558471e-12
-1.5978339e-11
6.4908213e-12
-2.2603894e-11
9.1949862e-12
-3.182403e-11
1.2958655e-11
-4.4578186e-11
1.8167374e-11
-6.2107685e-11
2.5334004e-11
-8.6036089e-11
3.5135892e-11
-1.1846572e-10
4.8461621e-11
-1.6209327e-10
6.6469672e-11
-2.2034879e-10
9.0661738e-11
-2.9756391e-10
1.2297371e-10
-3.9917666e-10
1.6589074e-10
-5.3197829e-10
2.2261559e-10
-7.0441279e-10
2.9721419e-10
-9.2702604e-10
3.9480895e-10
-1.2128966e-09
5.2185091e-10
-1.5781227e-09
6.864277e-10
-2.0423814e-09
8.9853402e-10
-2.6298031e-09
1.1703553e-09
-3.3690348e-09
1.5167319e-09
-4.295159e-09
-5.4458509e-09
1.9525875e-09
2.2455827e-16
-2.6502618e-15
1.0842697e-15
-1.0151364e-14
2.9620233e-15
-2.2183254e-14
6.4275732e-15
-4.0964935e-14
1.2321949e-14
-6.9723632e-14
2.1878442e-14
-1.1313583e-13
3.689547e-14
-1.7795575e-13
5.9982753e-14
-2.7390812e-13
9.4910626e-14
-4.149523e-13
1.4710374e-13
-6.2106498e-13
2.2433581e-13
-9.2074312e-13
3.3770228e-13
-1.3544998e-12
5.029747e-13
-1.9797169e-12
7.4247438e-13
-2.8773349e-12
1.087646e-12
-4.1609975e-12
1.582565e-12
-5.9894372e-12
2.2886741e-12
-8.5830666e-12
3.2911206e-12
-1.2245932e-11
4.7071488e-12
-1.7394367e-11
6.6970973e-12
-2.4593842e-11
9.4786659e-12
-3.4605599e-11
1.3345245e-11
-4.8444765e-11
1.8689279e-11
-6.7451718e-11
2.6031852e-11
-9.3378662e-11
3.6060014e-11
-1.2849388e-10
4.9673731e-11
-1.7570699e-10
6.8044872e-11
-2.3871993e-10
9.2691111e-11
-3.2221015e-10
1.2556843e-10
-4.3205397e-10
1.6918874e-10
-5.755986e-10
2.2677377e-10
-7.6199781e-10
3.0240454e-10
-1.0026568e-09
4.0121614e-10
-1.3117082e-09
5.2964416e-10
-1.7065507e-09
6.9570059e-10
-2.2084378e-09
9.0920586e-10
-2.8433083e-09
1.1820262e-09
-3.6418552e-09
1.52843e-09
-4.6415627e-09
-5.8798766e-09
1.9624557e-09
2.3093432e-16
-2.881196e-15
1.1149821e-15
-1.1035411e-14
3.0457387e-15
-2.4114011e-14
6.6087951e-15
-4.4527992e-14
1.2668384e-14
-7.5783221e-14
2.2491523e-14
-1.2295897e-13
3.7925297e-14
-1.9338952e-13
6.1649165e-14
-2.9763199e-13
9.7532717e-14
-4.5083585e-13
1.5114088e-13
-6.7467314e-13
2.3044407e-13
-1.0000463e-12
3.4681137e-13
-1.4708671e-12
5.1639129e-13
-2.1492969e-12
7.6201889e-13
-3.1229625e-12
1.1158304e-12
-4.514809e-12
1.622818e-12
-6.4964249e-12
2.3456195e-12
-9.305868e-12
3.3709079e-12
-1.327122e-11
4.8178284e-12
-1.8841288e-11
6.8490232e-12
-2.6625037e-11
9.6848907e-12
-3.7441466e-11
1.3621861e-11
-5.2381735e-11
1.9055633e-11
-7.2885491e-11
2.6510567e-11
-1.008336e-10
3.6676715e-11
-1.3866003e-10
5.0456406e-11
-1.8948668e-10
6.9022778e-11
-2.572863e-10
9.3893183e-11
-3.4708055e-10
1.2702101e-10
-4.651818e-10
1.7091088e-10
-6.1948848e-10
2.2876086e-10
-8.1984779e-10
3.0461289e-10
-1.0785088e-09
4.035341e-10
-1.4106294e-09
5.3182849e-10
-1.8348451e-09
6.9726818e-10
-2.3738775e-09
9.0926739e-10
-3.0553075e-09
1.1790623e-09
-3.91165e-09
1.5199628e-09
-4.9824633e-09
-6.3047007e-09
1.944787e-09
2.3501237e-16
-3.1162083e-15
1.134612e-15
-1.1935011e-14
3.0991774e-15
-2.6078576e-14
6.7242596e-15
-4.8153074e-14
1.2888579e-14
-8.1947541e-14
2.2880027e-14
-1.3295042e-13
3.8575496e-14
-2.0908499e-13
6.2696627e-14
-3.2175312e-13
9.9172133e-14
-4.8731136e-13
1.5364896e-13
-7.2914996e-13
2.3420999e-13
-1.0806073e-12
3.5237642e-13
-1.5890335e-12
5.2449921e-13
-2.3214196e-12
7.7367769e-13
-3.372141e-12
1.1323846e-12
-4.8735159e-12
1.6460273e-12
-7.0100676e-12
2.3777344e-12
-1.0037575e-11
3.4147236e-12
-1.4308209e-11
4.8766856e-12
-2.030325e-11
6.9267022e-12
-2.8675054e-11
9.7853208e-12
-4.0300085e-11
1.374853e-11
-5.6344944e-11
1.9210552e-11
-7.8347513e-11
2.6692608e-11
-1.0831565e-10
3.6879102e-11
-1.4884652e-10
5.06631e-11
-2.0327068e-10
6.9203418e-11
-2.7582662e-10
9.399604e-11
-3.7187317e-10
1.2696299e-10
-4.9814875e-10
1.7056189e-10
-6.6308737e-10
2.2791685e-10
-8.7720275e-10
3.029605e-10
-1.1535525e-09
4.0059344e-10
-1.5082624e-09
5.2685365e-10
-1.9611053e-09
6.8908378e-10
-2.5361076e-09
8.9602746e-10
-3.2622512e-09
1.157933e-09
-4.1735556e-09
1.4867167e-09
-5.3112469e-09
-6.7115811e-09
1.8935971e-09
2.3554953e-16
-3.3517578e-15
1.1371092e-15
-1.2836571e-14
3.1057942e-15
-2.8047261e-14
6.7381851e-15
-5.1785465e-14
1.2914371e-14
-8.8123727e-14
2.2923989e-14
-1.4296004e-13
3.8646023e-14
-2.2480702e-13
6.2804361e-14
-3.4591146e-13
9.9329615e-14
-5.2383661e-13
1.5386913e-13
-7.8368948e-13
2.3450237e-13
-1.1612406e-12
3.5273886e-13
-1.70727e-12
5.2490138e-13
-2.4935822e-12
7.740298e-13
-3.6212694e-12
1.1324802e-12
-5.2319662e-12
1.6454419e-12
-7.5230292e-12
2.3756497e-12
-1.0767783e-11
3.4096318e-12
-1.5342191e-11
4.8659046e-12
-2.1759523e-11
6.905604e-12
-3.0714753e-11
9.7461403e-12
-4.3140621e-11
1.3678581e-11
-6.0277384e-11
1.908962e-11
-8.3758552e-11
2.6489222e-11
-1.1571525e-10
3.6545303e-11
-1.589026e-10
5.012721e-11
-2.1685258e-10
6.8360118e-11
-2.9405953e-10
9.2692789e-11
-3.9620584e-10
1.249811e-10
-5.3043706e-10
1.6758908e-10
-7.0569536e-10
2.2350633e-10
-9.3312e-10
2.9647339e-10
-1.2265195e-09
3.9111117e-10
-1.6029001e-09
5.1303943e-10
-2.0830335e-09
6.6896325e-10
-2.6920315e-09
8.6666696e-10
-3.4599549e-09
1.1150144e-09
-4.4219029e-09
1.4240327e-09
-5.6202653e-09
-7.0904023e-09
1.8028539e-09
2.325209e-16
-3.5842786e-15
1.1224613e-15
-1.3726511e-14
3.0656104e-15
-2.9990411e-14
6.6504191e-15
-5.5370274e-14
1.2744693e-14
-9.4218001e-14
2.2619571e-14
-1.5283492e-13
3.8126236e-14
-2.4031369e-13
6.1946842e-14
-3.6973206e-13
9.7949372e-14
-5.5983914e-13
1.5168719e-13
-8.374273e-13
2.3109873e-13
-1.2406521e-12
3.474818e-13
-1.8236531e-12
5.1684168e-13
-2.662942e-12
7.6174241e-13
-3.8661701e-12
1.1138287e-12
-5.5840525e-12
1.6172299e-12
-8.0264303e-12
2.3331082e-12
-1.1483661e-11
3.3456726e-12
-1.6354756e-11
4.7700381e-12
-2.3183888e-11
6.7623832e-12
-3.2707098e-11
9.5329322e-12
-4.591117e-11
1.3362394e-11
-6.4106845e-11
1.8622629e-11
-8.9018787e-11
2.5802536e-11
-1.2289516e-10
3.5540403e-11
-1.6864047e-10
4.8664336e-11
-2.2997652e-10
6.6242597e-11
-3.1163779e-10
8.9645848e-11
-4.1960909e-10
1.2062287e-10
-5.6141408e-10
1.6139011e-10
-7.4646259e-10
2.1473203e-10
-9.8646192e-10
2.8410313e-10
-1.2958906e-09
3.7371994e-10
-1.6925169e-09
4.8861992e-10
-2.1979335e-09
6.3465395e-10
-2.8380655e-09
8.1835019e-10
-3.6436512e-09
1.046764e-09
-4.6503167e-09
1.3274359e-09
-5.9009372e-09
-7.4296571e-09
1.6666908e-09
2.2320022e-16
-3.8074788e-15
1.0772841e-15
-1.4580595e-14
2.941942e-15
-3.1855068e-14
6.3817346e-15
-5.8810067e-14
1.2229175e-14
-1.0006544e-13
2.1703597e-14
-1.6230934e-13
3.6580526e-14
-2.5519062e-13
5.9432114e-14
-3.9258365e-13
9.3966973e-14
-5.94374e-13
1.4550828e-13
-8.8896861e-13
2.2166285e-13
-1.3168067e-12
3.3325169e-13
-1.9352419e-12
4.9559562e-13
-2.8252859e-12
7.3027708e-13
-4.1008515e-12
1.0675337e-12
-5.9213091e-12
1.5494775e-12
-8.5083742e-12
2.2343784e-12
-1.2168562e-11
3.2022964e-12
-1.7322674e-11
4.5624015e-12
-2.4543993e-11
6.4623753e-12
-3.4607072e-11
9.1003611e-12
-4.8549155e-11
1.2740019e-11
-6.7746503e-11
1.7729371e-11
-9.4008139e-11
2.452428e-11
-1.2969007e-10
3.371764e-11
-1.7783383e-10
4.6075597e-11
-2.4233447e-10
6.2582278e-11
-3.2814447e-10
8.4494467e-11
-4.4152128e-10
1.134069e-10
-5.9032652e-10
1.5132711e-10
-7.843828e-10
2.0075494e-10
-1.0358897e-09
2.6475561e-10
-1.3598913e-09
3.470086e-10
-1.7747699e-09
4.5180157e-10
-2.3027265e-09
5.8392201e-10
-2.9701859e-09
7.4836784e-10
-3.808097e-09
9.4997007e-10
-4.8519189e-09
1.192974e-09
-6.1439411e-09
-7.7165968e-09
1.4799137e-09
2.0973783e-16
-4.0172166e-15
1.0123798e-15
-1.5383237e-14
2.7645553e-15
-3.3607244e-14
5.9961121e-15
-6.2041623e-14
1.1487867e-14
-1.055572e-13
2.0382568e-14
-1.7120404e-13
3.4342767e-14
-2.6915082e-13
5.5774509e-14
-4.1401539e-13
8.8142869e-14
-6.2674236e-13
1.3641486e-13
-9.3724059e-13
2.0767763e-13
-1.3880694e-12
3.1199594e-13
-2.0395602e-12
4.6359312e-13
-2.9768831e-12
6.8246442e-13
-4.3197228e-12
9.9656151e-13
-6.2354062e-12
1.4447208e-12
-8.9565335e-12
2.0805463e-12
-1.2804387e-11
2.977497e-12
-1.8219624e-11
4.23547e-12
-2.5801966e-11
5.9892109e-12
-3.6360812e-11
8.4189242e-12
-5.0978868e-11
1.1763518e-11
-7.1091096e-11
1.6337004e-11
-9.8581625e-11
2.2548729e-11
-1.3590179e-10
3.0928286e-11
-1.8621339e-10
4.2156168e-11
-2.5356235e-10
5.7101218e-11
-3.4308952e-10
7.6865639e-11
-4.612857e-10
1.0283727e-10
-6.1629814e-10
1.3674656e-10
-8.1829209e-10
1.8072168e-10
-1.0798649e-09
2.3732838e-10
-1.416498e-09
3.0957282e-10
-1.8470144e-09
4.0083146e-10
-2.3939851e-09
5.1464928e-10
-3.0840037e-09
6.5430599e-10
-3.9477537e-09
8.2216825e-10
-5.0197811e-09
1.0182738e-09
-6.3400467e-09
-7.9375874e-09
1.2392645e-09
1.8613918e-16
-4.2033558e-15
8.9819772e-16
-1.6095295e-14
2.4523585e-15
-3.5161405e-14
5.3185109e-15
-6.4907776e-14
1.0189105e-14
-1.1042779e-13
1.8077538e-14
-1.7909247e-13
3.0458105e-14
-2.8153138e-13
4.9464246e-14
-4.3302153e-13
7.8168077e-14
-6.5544619e-13
1.2097249e-13
-9.80045e-13
1.8415789e-13
-1.4512548e-12
2.7663952e-13
-2.1320418e-12
4.1100822e-13
-3.1112518e-12
6.0494815e-13
-4.5136627e-12
8.8314848e-13
-6.5136065e-12
1.2798517e-12
-9.3532367e-12
1.842208e-12
-1.3366744e-11
2.6346297e-12
-1.9012046e-11
3.7443651e-12
-2.6911701e-11
5.2885352e-12
-3.7904982e-11
7.4229038e-12
-5.3113237e-11
1.0352701e-11
-7.4020894e-11
1.4345884e-11
-1.0257481e-10
1.9749301e-11
-1.4130521e-10
2.7008361e-11
-1.9347245e-10
3.6690826e-11
-2.6324482e-10
4.9515284e-11
-3.5591397e-10
6.6384303e-11
-4.7815472e-10
8.8420983e-11
-6.3833482e-10
1.1700503e-10
-8.4687614e-10
1.5380019e-10
-1.11666e-09
2.0075818e-10
-1.463456e-09
2.6007576e-10
-1.906332e-09
3.3406919e-10
-2.4679786e-09
4.2490898e-10
-3.1748435e-09
5.3412297e-10
-4.0569677e-09
6.6192576e-10
-5.1475839e-09
8.0493286e-10
-6.4830538e-09
-8.0784411e-09
9.4578656e-10
1.6214489e-16
-4.3655007e-15
7.8241962e-16
-1.671557e-14
2.1361443e-15
-3.6515129e-14
4.6322732e-15
-6.7403904e-14
8.8731831e-15
-1.146687e-13
1.5739965e-14
-1.8595925e-13
2.6513586e-14
-2.92305e-13
4.3046231e-14
-4.4955418e-13
6.8002409e-14
-6.8040237e-13
1.051963e-13
-1.0172389e-12
1.6006072e-13
-1.5061193e-12
2.4029419e-13
-2.2122753e-12
3.5674613e-13
-3.2277037e-12
5.2461581e-13
-4.6815324e-12
7.6505814e-13
-6.7540488e-12
1.1073068e-12
-9.6954854e-12
1.5914419e-12
-1.3850879e-11
2.2719411e-12
-1.9692545e-11
3.2221629e-12
-2.7861923e-11
4.5399102e-12
-3.9222729e-11
6.3542253e-12
-5.4927552e-11
8.8335774e-12
-7.6500245e-11
1.2195625e-11
-1.0593685e-10
1.6718793e-11
-1.4582838e-10
2.2755928e-11
-1.9950958e-10
3.0750293e-11
-2.7123918e-10
4.1253823e-11
-3.664175e-10
5.4946861e-11
-4.9184776e-10
7.2656883e-11
-6.5604485e-10
9.5370901e-11
-8.6959016e-10
1.2423161e-10
-1.1455207e-09
1.6050108e-10
-1.4997255e-09
2.0546838e-10
-1.9512993e-09
2.602706e-10
-2.5227808e-09
3.2558418e-10
-3.2401571e-09
4.0112722e-10
-4.1325107e-09
4.8532077e-10
-5.2317774e-09
5.7480782e-10
-6.5725408e-09
-8.1842329e-09
6.8059959e-10
1.1728105e-16
-4.4827818e-15
5.6576776e-16
-1.7164057e-14
1.5440468e-15
-3.7493408e-14
3.3465927e-15
-6.920645e-14
6.406396e-15
-1.177285e-13
1.1355486e-14
-1.9090834e-13
1.9110522e-14
-3.0006004e-13
3.0993205e-14
-4.6143686e-13
4.889867e-14
-6.9830783e-13
7.552943e-14
-1.0438696e-12
1.1471786e-13
-1.5453077e-12
1.7186688e-13
-2.2694243e-12
2.5454591e-13
-3.3103827e-12
3.7328745e-13
-4.8002739e-12
5.4263728e-13
-6.9233986e-12
7.8251744e-13
-9.9353655e-12
1.1199638e-12
-1.4188325e-11
1.5912968e-12
-2.0163878e-11
2.2447735e-12
-2.85154e-11
3.1437488e-12
-4.0121704e-11
4.3703472e-12
-5.615415e-11
6.0296173e-12
-7.8159515e-11
8.2541113e-12
-1.0816135e-10
1.1208811e-11
-1.4878307e-10
1.5096278e-11
-2.0339705e-10
2.0161755e-11
-2.7630466e-10
2.669755e-11
-3.729533e-10
3.5045093e-11
-5.001953e-10
4.5591295e-11
-6.6659105e-10
5.8752961e-11
-8.8275183e-10
7.4938847e-11
-1.1617066e-09
9.4473784e-11
-1.5192604e-09
1.1746453e-10
-1.97429e-09
1.4358685e-10
-2.5489031e-09
1.7175896e-10
-3.2683292e-09
1.9961012e-10
-4.1603618e-09
2.2329776e-10
-5.2554651e-09
2.3732089e-10
-6.5865639e-09
-8.1843709e-09
2.3745907e-10
6.3060982e-17
-4.5458428e-15
3.0382905e-16
-1.7404825e-14
8.2838766e-16
-3.8017967e-14
1.7937913e-15
-7.0171854e-14
3.4303924e-15
-1.193651e-13
6.0734241e-15
-1.9355137e-13
1.0207335e-14
-3.0419395e-13
1.6527587e-14
-4.6775711e-13
2.6026102e-14
-7.0780635e-13
4.0108266e-14
-1.0579518e-12
6.075132e-14
-1.5659507e-12
9.0715816e-14
-2.2993888e-12
1.3382313e-13
-3.3534901e-12
1.953121e-13
-4.8617629e-12
2.8228518e-13
-7.0103717e-12
4.0424785e-13
-1.0057328e-11
5.7373132e-13
-1.4357808e-11
8.0696626e-13
-2.0397113e-11
1.1245425e-12
-2.8832976e-11
1.5519452e-12
-4.0549107e-11
2.1198088e-12
-5.6722013e-11
2.8636702e-12
-7.8903376e-11
3.8229495e-12
-1.0912063e-10
5.0388017e-12
-1.4999893e-10
6.5503524e-12
-2.049086e-10
8.3885542e-12
-2.7814286e-10
1.0566356e-11
-3.751311e-10
1.3062839e-11
-5.0269178e-10
1.5797212e-11
-6.6932542e-10
1.8585828e-11
-8.8554045e-10
2.1071846e-11
-1.1641926e-09
2.2613276e-11
-1.5208018e-09
2.2112909e-11
-1.9737896e-09
1.7780216e-11
-2.5445704e-09
6.80635e-12
-3.2573553e-09
-1.5286905e-11
-4.1382686e-09
-5.4736681e-11
-5.2160153e-09
-1.1983391e-10
-6.5214667e-09
-8.0841934e-09
-2.2001153e-10
5.1650298e-18
-4.5510079e-15
2.4408982e-17
-1.7424069e-14
6.5210556e-17
-3.8058768e-14
1.3778188e-16
-7.0244425e-14
2.5564843e-16
-1.1948297e-13
4.3597281e-16
-1.937317e-13
6.9919898e-16
-3.0445718e-13
1.0671703e-15
-4.6812508e-13
1.5581588e-15
-7.0829733e-13
2.1760164e-15
-1.0585697e-12
2.8885953e-15
-1.5666633e-12
3.5871961e-15
-2.3000874e-12
4.0133498e-15
-3.3539162e-12
3.6306785e-15
-4.8613802e-12
1.406492e-15
-7.0081475e-12
-4.5516452e-15
-1.005137e-11
-1.7587017e-14
-1.4344773e-11
-4.343372e-14
-2.0371266e-11
-9.1677975e-14
-2.8784731e-11
-1.7797871e-13
-4.0462806e-11
-3.273655e-13
-5.6572626e-11
-5.7902642e-13
-7.8651715e-11
-9.9310742e-13
-1.0870655e-10
-1.6601791e-12
-1.4933185e-10
-2.7142211e-12
-2.0385456e-10
-4.3503148e-12
-2.7650677e-10
-6.8488612e-12
-3.7263255e-10
-1.0609242e-11
-4.989314e-10
-1.6197588e-11
-6.6373707e-10
-2.4415782e-11
-8.7732225e-10
-3.6401637e-11
-1.1522068e-09
-5.3772462e-11
-1.503431e-09
-7.882396e-11
-1.9487381e-09
-1.1479447e-10
-2.5085999e-09
-1.6611576e-10
-3.206034e-09
-2.3931268e-10
-4.0650716e-09
-3.4286683e-10
-5.1124611e-09
-4.8734762e-10
-6.3769858e-09
-7.8860041e-09
-6.8553691e-10
-5.8235537e-17
-4.4927725e-15
-2.8171456e-16
-1.720059e-14
-7.7095683e-16
-3.7569526e-14
-1.676298e-15
-6.9339083e-14
-3.220991e-15
-1.1793828e-13
-5.7347263e-15
-1.9121796e-13
-9.702238e-15
-3.0048966e-13
-1.5833724e-14
-4.6199359e-13
-2.5166784e-14
-6.9896427e-13
-3.9213866e-14
-1.0445226e-12
-6.0175323e-14
-1.5457019e-12
-9.1246935e-14
-2.2690158e-12
-1.3706308e-13
-3.3081e-12
-2.0433412e-13
-4.7941092e-12
-3.0276045e-13
-6.9097212e-12
-4.4633871e-13
-9.9077917e-12
-6.5521899e-13
-1.4135893e-11
-9.5832897e-13
-2.0068156e-11
-1.3970526e-12
-2.8346008e-11
-2.0303369e-12
-3.9829522e-11
-2.9417027e-12
-5.566126e-11
-4.2487502e-12
-7.7344667e-11
-6.1158917e-12
-1.068394e-10
-8.7712224e-12
-1.4667652e-10
-1.252871e-11
-2.0009707e-10
-1.7817297e-11
-2.7121818e-10
-2.5219209e-11
-3.6523064e-10
-3.5520826e-11
-4.8862979e-10
-4.9781135e-11
-6.4947677e-10
-6.9424871e-11
-8.5767852e-10
-9.6369518e-11
-1.1252621e-09
-1.3319497e-10
-1.4666055e-09
-1.8335794e-10
-1.8985752e-09
-2.5150534e-10
-2.4404525e-09
-3.4356671e-10
-3.1139726e-09
-4.6797623e-10
-3.9406621e-09
-6.3507787e-10
-4.9453595e-09
-8.5739264e-10
-6.154671e-09
-7.5932762e-09
-1.1501206e-09
-1.2384702e-16
-4.3689256e-15
-5.9843047e-16
-1.6726006e-14
-1.6359865e-15
-3.653197e-14
-3.5530365e-15
-6.7422033e-14
-6.8180197e-15
-1.1467329e-13
-1.2119951e-14
-1.8591603e-13
-2.046716e-14
-2.9214245e-13
-3.3328986e-14
-4.4913176e-13
-5.2838639e-14
-6.7945461e-13
-8.2082928e-14
-1.0152783e-12
-1.2551492e-13
-1.5022699e-12
-1.8953988e-13
-2.2049908e-12
-2.8334436e-13
-3.2142956e-12
-4.2006442e-13
-4.6573891e-12
-6.1842406e-13
-6.7113615e-12
-9.0502025e-13
-9.6211955e-12
-1.3174892e-12
-1.3723424e-11
-1.9088617e-12
-1.9476783e-11
-2.753503e-12
-2.7501366e-11
-3.9551411e-12
-3.8627883e-11
-5.6576079e-12
-5.3958793e-11
-8.0590649e-12
-7.494321e-11
-1.1430656e-11
-1.0346781e-10
-1.6140747e-11
-1.4196643e-10
-2.2686218e-11
-1.935516e-10
-3.1732726e-11
-2.6217167e-10
-4.4166551e-11
-3.5279682e-10
-6.116169e-11
-4.7163465e-10
-8.4267319e-11
-6.2637114e-10
-1.1552266e-10
-8.2642318e-10
-1.5760805e-10
-1.0831768e-09
-2.1403727e-10
-1.4101763e-09
-2.8936297e-10
-1.8232495e-09
-3.8948473e-10
-2.3403307e-09
-5.220809e-10
-2.9813764e-09
-6.9669901e-10
-3.7660439e-09
-9.2535219e-10
-4.7167062e-09
-1.2226972e-09
-5.8573259e-09
-7.2106652e-09
-1.6053082e-09
-1.912025e-16
-4.1777232e-15
-9.2358395e-16
-1.5993625e-14
-2.5240394e-15
-3.4931514e-14
-5.4795671e-15
-6.4466505e-14
-1.0510022e-14
-1.0964284e-13
-1.8672701e-14
-1.7775335e-13
-3.1512291e-14
-2.7930286e-13
-5.1275282e-14
-4.2936877e-13
-8.1215676e-14
-6.4951422e-13
-1.260295e-13
-9.7046446e-13
-1.9247024e-13
-1.4358291e-12
-2.9021719e-13
-2.1072438e-12
-4.3309514e-13
-3.0714176e-12
-6.4077909e-13
-4.4497051e-12
-9.4116313e-13
-6.4109774e-12
-1.373631e-12
-9.1887276e-12
-1.9935383e-12
-1.3103516e-11
-2.8783056e-12
-1.8592016e-11
-4.1356259e-12
-2.6244046e-11
-5.9144142e-12
-3.6849095e-11
-8.4192663e-12
-5.145394e-11
-1.1929356e-11
-7.1433119e-11
-1.6822899e-11
-9.857427e-11
-2.3608544e-11
-1.3518079e-10
-3.2965426e-11
-1.8419472e-10
-4.5794034e-11
-2.4934307e-10
-6.3280762e-11
-3.3531009e-10
-8.697988e-11
-4.4793553e-10
-1.1891776e-10
-5.9443326e-10
-1.6172585e-10
-7.8361509e-10
-2.1881249e-10
-1.0260901e-09
-2.9459299e-10
-1.3343958e-09
-3.947756e-10
-1.7230668e-09
-5.2609868e-10
-2.2090076e-09
-6.9769454e-10
-2.8097805e-09
-9.207045e-10
-3.5430339e-09
-1.2083378e-09
-4.4290729e-09
-1.5766007e-09
-5.489063e-09
-6.743864e-09
-2.0434019e-09
-2.5816043e-16
-3.919563e-15
-1.2467922e-15
-1.5004993e-14
-3.4067447e-15
-3.2771562e-14
-7.3944606e-15
-6.0478789e-14
-1.4179691e-14
-1.0285761e-13
-2.5185791e-14
-1.6674725e-13
-4.2490568e-14
-2.6199808e-13
-6.9112976e-14
-4.0274636e-13
-1.0942103e-13
-6.0920616e-13
-1.6971019e-13
-9.101753e-13
-2.5902024e-13
-1.3465191e-12
-3.9028405e-13
-1.97598e-12
-5.8193496e-13
-2.8797667e-12
-8.6014337e-13
-4.1714967e-12
-1.261909e-12
-6.0092118e-12
-1.8393057e-12
-8.6113309e-12
-2.665261e-12
-1.2277561e-11
-3.8413571e-12
-1.741592e-11
-5.5082579e-12
-2.4577145e-11
-7.8595052e-12
-3.4497847e-11
-1.1159583e-11
-4.8153863e-11
-1.5767324e-11
-6.6825378e-11
-2.2165955e-11
-9.2175639e-11
-3.1001327e-11
-1.2634542e-10
-4.313025e-11
-1.720658e-10
-5.9681306e-11
-2.3279201e-10
-8.2131117e-11
-3.1286028e-10
-1.1239974e-10
-4.1766691e-10
-1.5296946e-10
-5.5386354e-10
-2.0703128e-10
-7.2955327e-10
-2.7866148e-10
-9.5445993e-10
-3.7303246e-10
-1.2400249e-09
-4.9682807e-10
-1.5992712e-09
-6.5832759e-10
-2.0475081e-09
-8.6739483e-10
-2.6007132e-09
-1.1360081e-09
-3.2744207e-09
-1.4787882e-09
-4.0862927e-09
-1.9129176e-09
-5.0549335e-09
-6.1993846e-09
-2.457397e-09
-3.2330326e-16
-3.5962599e-15
-1.5612364e-15
-1.376706e-14
-4.265492e-15
-3.0067306e-14
-9.2573016e-15
-5.5486979e-14
-1.7749406e-14
-9.4365501e-14
-3.152103e-14
-1.5297563e-13
-5.3168149e-14
-2.4035096e-13
-8.6460309e-14
-3.694542e-13
-1.3684766e-13
-5.588188e-13
-2.1217874e-13
-8.3484421e-13
-3.2371246e-13
-1.2349853e-12
-4.875381e-13
-1.8121544e-12
-7.265574e-13
-2.6407474e-12
-1.0732346e-12
-3.8248195e-12
-1.5733862e-12
-5.5090601e-12
-2.2913634e-12
-7.8933537e-12
-3.3170793e-12
-1.1251845e-11
-4.775448e-12
-1.5957551e-11
-6.838937e-12
-2.2513656e-11
-9.7440815e-12
-3.1592702e-11
-1.3812977e-11
-4.4084967e-11
-1.9480957e-11
-6.1157398e-11
-2.733188e-11
-8.4324716e-11
-3.8142746e-11
-1.1553455e-10
-5.2939705e-11
-1.5726884e-10
-7.306799e-11
-2.1266373e-10
-1.0027886e-10
-2.8564941e-10
-1.3683716e-10
-3.8110862e-10
-1.8565341e-10
-5.0504729e-10
-2.5044428e-10
-6.647624e-10
-3.3592432e-10
-8.689799e-10
-4.4802966e-10
-1.1279195e-09
-5.9406757e-10
-1.4532333e-09
-7.8334547e-10
-1.8582302e-09
-1.0270112e-09
-2.3570475e-09
-1.3379598e-09
-2.963472e-09
-1.7316006e-09
-3.6926519e-09
-2.2259414e-09
-4.5605927e-09
-5.5843592e-09
-2.8409667e-09
-3.8481147e-16
-3.2114487e-15
-1.8581274e-15
-1.2293744e-14
-5.076283e-15
-2.684915e-14
-1.1016076e-14
-4.9547186e-14
-2.1119625e-14
-8.4261952e-14
-3.7502071e-14
-1.3659318e-13
-6.3248464e-14
-2.1460457e-13
-1.0283673e-13
-3.2986593e-13
-1.6273818e-13
-4.9891735e-13
-2.5226674e-13
-7.4531564e-13
-3.8477474e-13
-1.1024773e-12
-5.7932845e-13
-1.6176007e-12
-8.6304291e-13
-2.3570329e-12
-1.2743149e-12
-3.4135475e-12
-1.867268e-12
-4.916107e-12
-2.7178151e-12
-7.0428066e-12
-3.9318537e-12
-1.0037806e-11
-5.6562373e-12
-1.4233167e-11
-8.0933079e-12
-2.0076585e-11
-1.1519936e-11
-2.8166074e-11
-1.6312189e-11
-3.9292714e-11
-2.297694e-11
-5.4492647e-11
-3.219197e-11
-7.5109687e-11
-4.4856393e-11
-1.0287013e-10
-6.2153592e-11
-1.3997164e-10
-8.5629297e-11
-1.8918803e-10
-1.1728787e-10
-2.5399084e-10
-1.5971023e-10
-3.3868626e-10
-2.1619675e-10
-4.4856078e-10
-2.9093758e-10
-5.9002157e-10
-3.8921033e-10
-7.7070715e-10
-5.17596e-10
-9.9953384e-10
-6.8417536e-10
-1.2866539e-09
-8.9894838e-10
-1.6434571e-09
-1.1739708e-09
-2.082025e-09
-1.5230758e-09
-2.614367e-09
-1.9624293e-09
-3.2532984e-09
-2.5106561e-09
-4.0123658e-09
-4.9064781e-09
-3.1885372e-09
-4.4111751e-16
-2.7703314e-15
-2.1299039e-15
-1.0604958e-14
-5.8184775e-15
-2.3160576e-14
-1.2626012e-14
-4.2739651e-14
-2.4204534e-14
-7.2683429e-14
-4.2976557e-14
-1.1782115e-13
-7.2474583e-14
-1.8510654e-13
-1.1782454e-13
-2.8451597e-13
-1.8643168e-13
-4.3031021e-13
-2.8894984e-13
-6.4279747e-13
-4.4064508e-13
-9.5078208e-13
-6.633043e-13
-1.3949414e-12
-9.8789163e-13
-2.0324456e-12
-1.4582214e-12
-2.9432177e-12
-2.1359995e-12
-4.2383289e-12
-3.1076861e-12
-6.07112e-12
-4.4937518e-12
-8.6517407e-12
-6.461037e-12
-1.2265882e-11
-9.2390773e-12
-1.7298544e-11
-1.3141422e-11
-2.4263728e-11
-1.8593159e-11
-3.3840977e-11
-2.6166046e-11
-4.6919761e-11
-3.6622898e-11
-6.4652834e-11
-5.0973157e-11
-8.8519872e-11
-7.0541899e-11
-1.204029e-10
-9.705497e-11
-1.6267496e-10
-1.3274325e-10
-2.1830257e-10
-1.8046918e-10
-2.9096033e-10
-2.4387827e-10
-3.8515169e-10
-3.2757665e-10
-5.063232e-10
-4.3733247e-10
-6.6095132e-10
-5.802921e-10
-8.5657421e-10
-7.6519814e-10
-1.1017479e-09
-1.0026904e-09
-1.4059648e-09
-1.3054592e-09
-1.7792562e-09
-1.6881118e-09
-2.2317144e-09
-2.1674798e-09
-2.7739303e-09
-2.7627224e-09
-3.4171233e-09
-4.1739159e-09
-3.4952845e-09
-4.9063005e-16
-2.2797015e-15
-2.3688792e-15
-8.7267085e-15
-6.471076e-15
-1.9058379e-14
-1.404157e-14
-3.5169156e-14
-2.6916939e-14
-5.9808059e-14
-4.7789924e-14
-9.6948166e-14
-8.0586399e-14
-1.5231006e-13
-1.3100195e-13
-2.3410042e-13
-2.0726282e-13
-3.5404933e-13
-3.2120066e-13
-5.2885962e-13
-4.8976353e-13
-7.822192e-13
-7.3712929e-13
-1.1475757e-12
-1.0976442e-12
-1.6719306e-12
-1.6198819e-12
-2.42098e-12
-2.3722075e-12
-3.4860033e-12
-3.4503409e-12
-4.9929866e-12
-4.9875404e-12
-7.1145411e-12
-7.1681747e-12
-1.0085248e-11
-1.0245609e-11
-1.422111e-11
-1.4565504e-11
-1.9943833e-11
-2.0595817e-11
-2.7810664e-11
-2.8964972e-11
-3.8550605e-11
-4.050994e-11
-5.3107867e-11
-5.6336191e-11
-7.2693622e-11
-7.7891868e-11
-9.8847227e-11
-1.0705884e-10
-1.33508e-10
-1.4626357e-10
-1.7909785e-10
-1.9861063e-10
-2.3861327e-10
-2.6804098e-10
-3.1572135e-10
-3.5951492e-10
-4.1484925e-10
-4.7921633e-10
-5.4124991e-10
-6.3476878e-10
-7.0102176e-10
-8.3545285e-10
-9.0106383e-10
-1.092446e-09
-1.1489716e-09
-1.418953e-09
-1.4527492e-09
-1.8301672e-09
-1.8205001e-09
-2.3434509e-09
-2.2606465e-09
-2.9784278e-09
-2.7821464e-09
-3.3952375e-09
-3.7571062e-09
-5.3204829e-16
-1.7476535e-15
-2.5687871e-15
-6.6899697e-15
-7.0169633e-15
-1.4610203e-14
-1.5225611e-14
-2.6960508e-14
-2.9185627e-14
-4.5848042e-14
-5.1815694e-14
-7.4318098e-14
-8.7370553e-14
-1.167552e-13
-1.4202199e-13
-1.7944898e-13
-2.2468245e-13
-2.7138886e-13
-3.481679e-13
-4.0537417e-13
-5.3083178e-13
-5.9955531e-13
-7.9884925e-13
-8.7955819e-13
-1.1893911e-12
-1.2813887e-12
-1.7550045e-12
-1.8553666e-12
-2.569612e-12
-2.6713957e-12
-3.7366585e-12
-3.8259402e-12
-5.4000656e-12
-5.451134e-12
-7.7588103e-12
-7.7265028e-12
-1.1086107e-11
-1.0893814e-11
-1.5754345e-11
-1.5275594e-11
-2.2267136e-11
-2.1297873e-11
-3.1299989e-11
-2.9517752e-11
-4.375141e-11
-4.0656447e-11
-6.0806442e-11
-5.5638591e-11
-8.4015016e-11
-7.5638656e-11
-1.1538776e-10
-1.0213526e-10
-1.5751211e-10
-1.369735e-10
-2.1369129e-10
-1.8243409e-10
-2.8810774e-10
-2.4130491e-10
-3.8601006e-10
-3.1694694e-10
-5.1391881e-10
-4.1334116e-10
-6.7984103e-10
-5.3509953e-10
-8.934802e-10
-6.8742465e-10
-1.1664378e-09
-8.7601402e-10
-1.512328e-09
-1.106859e-09
-1.9467832e-09
-1.3860449e-09
-2.4875672e-09
-1.7198625e-09
-3.1546832e-09
-2.1150304e-09
-2.5793153e-09
-3.9706053e-09
-5.6326566e-16
-1.1843881e-15
-2.7194822e-15
-4.5337533e-15
-7.4286333e-15
-9.9010512e-15
-1.611917e-14
-1.8269971e-14
-3.0899604e-14
-3.1067607e-14
-5.486184e-14
-5.0355861e-14
-9.2514512e-14
-7.9102528e-14
-1.5039957e-13
-1.2156392e-13
-2.3796526e-13
-1.8382316e-13
-3.6879496e-13
-2.7454446e-13
-5.6233452e-13
-4.0601574e-13
-8.4631056e-13
-5.9558214e-13
-1.260087e-12
-8.6761234e-13
-1.8592944e-12
-1.2561592e-12
-2.7221664e-12
-1.8085237e-12
-3.9581357e-12
-2.5899709e-12
-5.7193844e-12
-3.6898853e-12
-8.2161987e-12
-5.2296885e-12
-1.1737148e-11
-7.3728644e-12
-1.6675288e-11
-1.0337453e-11
-2.3561773e-11
-1.4411388e-11
-3.3108459e-11
-1.9971066e-11
-4.626131e-11
-2.7503596e-11
-6.4266675e-11
-3.7633228e-11
-8.8752793e-11
-5.1152541e-11
-1.2182919e-10
-6.9058864e-11
-1.6620669e-10
-9.2596014e-11
-2.253404e-10
-1.2330038e-10
-3.0359685e-10
-1.6304847e-10
-4.0644361e-10
-2.1410019e-10
-5.4065583e-10
-2.7912894e-10
-7.1452843e-10
-3.6122692e-10
-9.3807808e-10
-4.6387498e-10
-1.2232202e-09
-5.9087191e-10
-1.5838729e-09
-7.4620624e-10
-2.0359823e-09
-9.3393535e-10
-2.5976024e-09
-1.1582424e-09
-3.2890229e-09
-1.4236099e-09
-1.7352595e-09
-4.1330786e-09
-5.849876e-16
-5.9940078e-16
-2.8244412e-15
-2.2942997e-15
-7.7161839e-15
-5.0093082e-15
-1.6745622e-14
-9.2405326e-15
-3.2105881e-14
-1.5707348e-14
-5.7013351e-14
-2.544839e-14
-9.6157693e-14
-3.9958184e-14
-1.5634035e-13
-6.1381264e-14
-2.473744e-13
-9.2789109e-14
-3.8335514e-13
-1.3856372e-13
-5.844618e-13
-2.0490907e-13
-8.7947274e-13
-3.005712e-13
-1.3092414e-12
-4.3784366e-13
-1.9314946e-12
-6.3390602e-13
-2.8273976e-12
-9.1262079e-13
-4.1104582e-12
-1.3069103e-12
-5.938484e-12
-1.8618595e-12
-8.5294669e-12
-2.6387056e-12
-1.2182442e-11
-3.7198892e-12
-1.730455e-11
-5.2153456e-12
-2.4445712e-11
-7.2702259e-12
-3.4342537e-11
-1.0074241e-11
-4.7973283e-11
-1.387285e-11
-6.6625966e-11
-1.8980546e-11
-9.1981993e-11
-2.5796517e-11
-1.2621794e-10
-3.4822924e-11
-1.7212814e-10
-4.6685815e-11
-2.3327036e-10
-6.2158178e-11
-3.141352e-10
-8.2183637e-11
-4.2033749e-10
-1.0789791e-10
-5.5882297e-10
-1.4064345e-10
-7.3807836e-10
-1.8197153e-10
-9.6832722e-10
-2.3362608e-10
-1.2616924e-09
-2.9750667e-10
-1.6322928e-09
-3.7560578e-10
-2.0962765e-09
-4.6995169e-10
-2.6718858e-09
-5.8263313e-10
-3.3796028e-09
-7.1589285e-10
-8.7235482e-10
-4.2425075e-09
-5.9940093e-16
-3.9989667e-24
-2.8937007e-15
-1.2605388e-23
-7.9030087e-15
-2.3112332e-23
-1.7143541e-14
-3.4335842e-23
-3.2850888e-14
-4.190888e-23
-5.8299277e-14
-3.7307839e-23
-9.825746e-14
-5.60496e-24
-1.5963872e-13
7.7505062e-23
-2.5242783e-13
2.4896189e-22
-3.9099155e-13
5.5547297e-22
-5.9590062e-13
1.0656362e-21
-8.9647182e-13
1.8808868e-21
-1.3343155e-12
3.1120502e-21
-1.9682215e-12
4.8750533e-21
-2.8808423e-12
7.2845977e-21
-4.1877527e-12
1.0500023e-20
-6.0496122e-12
1.4939968e-20
-8.6883179e-12
2.1849348e-20
-1.2408207e-11
3.4322828e-20
-1.7623553e-11
5.8401689e-20
-2.4893779e-11
1.0286152e-19
-3.496802e-11
1.7542431e-19
-4.8840871e-11
2.7385387e-19
-6.782142e-11
3.7407599e-19
-9.3617941e-11
4.2486459e-19
-1.2844087e-10
3.6649523e-19
-1.7512669e-10
1.5917007e-19
-2.3728488e-10
-3.2486178e-19
-3.1946853e-10
-1.6046473e-18
-4.2736643e-10
-4.2795631e-18
-5.6800988e-10
-7.7129284e-18
-7.4998138e-10
-1.0338477e-17
-9.8360742e-10
-1.0991693e-17
-1.281114e-09
-8.3219895e-18
-1.6567198e-09
-2.8382361e-18
-2.1266714e-09
-8.4282277e-19
-2.7093046e-09
-1.1948102e-17
-3.4251974e-09
-3.5664898e-17
-4.2975521e-09
-4.8893564e-17
1.2883001e-09
-1.8280512e-10
-2.2073377e-19
1.4834025e-09
-1.9510239e-10
-2.7890309e-18
1.6871568e-09
-2.0375428e-10
-4.1944457e-19
1.9006432e-09
-2.1348629e-10
-6.0114196e-19
2.1233795e-09
-2.2273627e-10
-8.0412815e-19
2.354933e-09
-2.3155355e-10
2.7634716e-20
2.5946289e-09
-2.3969579e-10
-4.4528446e-19
2.841372e-09
-2.4674307e-10
-5.3633793e-19
3.0936778e-09
-2.5230579e-10
3.7493763e-18
3.3495342e-09
-2.558563e-10
9.3891818e-18
3.6063151e-09
-2.5678084e-10
1.8453753e-17
3.860655e-09
-2.5433979e-10
3.0519638e-17
4.108437e-09
-2.4778202e-10
4.5212652e-17
4.3439605e-09
-2.3552344e-10
6.4178293e-17
-2.1877222e-10
4.5627327e-09
6.5038046e-17
1.3300148e-09
-3.7075475e-10
1.5308632e-09
-3.9595066e-10
1.7408231e-09
-4.1371408e-10
1.961003e-09
-4.3366598e-10
2.1908636e-09
-4.5259664e-10
2.4299606e-09
-4.7065024e-10
2.6775691e-09
-4.8730403e-10
2.9325511e-09
-5.0172463e-10
3.1933559e-09
-5.1311002e-10
3.4578898e-09
-5.2038959e-10
3.723427e-09
-5.2231745e-10
3.9864664e-09
-5.1737855e-10
4.2427517e-09
-5.0406688e-10
4.4863524e-09
-4.7912384e-10
-4.4503867e-10
4.7126189e-09
1.3766384e-09
-5.645058e-10
1.5839312e-09
-6.0324343e-10
1.8008883e-09
-6.3067113e-10
2.0285971e-09
-6.6137479e-10
2.2664705e-09
-6.9046998e-10
2.5140355e-09
-7.1821522e-10
2.7705082e-09
-7.4377669e-10
3.0346925e-09
-7.6590877e-10
3.3049544e-09
-7.8337186e-10
3.5790996e-09
-7.9453464e-10
3.8542804e-09
-7.9749817e-10
4.1268381e-09
-7.8993613e-10
4.3923464e-09
-7.6957516e-10
4.6446375e-09
-7.314149e-10
-6.7922373e-10
4.8788225e-09
1.4286673e-09
-7.6481475e-10
1.6432125e-09
-8.1778862e-10
1.8680743e-09
-8.5553283e-10
2.1042648e-09
-8.9756527e-10
2.3511601e-09
-9.373652e-10
2.6082386e-09
-9.7529373e-10
2.8746478e-09
-1.0101857e-09
3.1491161e-09
-1.040377e-09
3.4299079e-09
-1.0641636e-09
3.7147064e-09
-1.0793331e-09
4.0005178e-09
-1.0833094e-09
4.2835027e-09
-1.072921e-09
4.55903e-09
-1.0451023e-09
4.8206887e-09
-9.9307361e-10
-9.2179487e-10
5.0632598e-09
1.4864824e-09
-9.7252684e-10
1.7092001e-09
-1.0405063e-09
1.9429867e-09
-1.0893194e-09
2.1887295e-09
-1.143308e-09
2.4457746e-09
-1.1944102e-09
2.7135335e-09
-1.2430526e-09
2.9910733e-09
-1.2877254e-09
3.2770286e-09
-1.3263322e-09
3.5695413e-09
-1.3566762e-09
3.8661495e-09
-1.3759412e-09
4.1636865e-09
-1.3808463e-09
4.4581084e-09
-1.3673428e-09
4.7445431e-09
-1.331537e-09
5.0163274e-09
-1.2648579e-09
-1.1732902e-09
5.2678226e-09
1.5502933e-09
-1.1885636e-09
1.7822059e-09
-1.2724188e-09
2.0260472e-09
-1.3331607e-09
2.2825249e-09
-1.3997856e-09
2.5509616e-09
-1.4628469e-09
2.8306862e-09
-1.5227771e-09
3.1206716e-09
-1.5777108e-09
3.4194384e-09
-1.625099e-09
3.7249845e-09
-1.6622222e-09
4.0346783e-09
-1.6856349e-09
4.3451538e-09
-1.6913218e-09
4.6521366e-09
-1.6743256e-09
4.9504788e-09
-1.6298792e-09
5.2332519e-09
-1.5476311e-09
-1.434349e-09
5.4943107e-09
1.6200708e-09
-1.413902e-09
1.8622853e-09
-1.5146333e-09
2.1174162e-09
-1.5882915e-09
2.3859108e-09
-1.6682803e-09
2.6670854e-09
-1.7440215e-09
2.9601727e-09
-1.8158644e-09
3.2640352e-09
-1.8815731e-09
3.5770581e-09
-1.9381219e-09
3.8970728e-09
-1.9822368e-09
4.2212538e-09
-2.0098158e-09
4.5460087e-09
-2.0160766e-09
4.8668071e-09
-1.995124e-09
5.1781913e-09
-1.9412634e-09
5.4729528e-09
-1.8423926e-09
-1.7057511e-09
5.7443548e-09
1.6954701e-09
-1.6495412e-09
1.9491551e-09
-1.7683183e-09
2.2169084e-09
-1.8560447e-09
2.4987811e-09
-1.9501529e-09
2.7941298e-09
-2.0393702e-09
3.1020787e-09
-2.1238132e-09
3.421359e-09
-2.2008534e-09
3.7501991e-09
-2.266962e-09
4.0862413e-09
-2.3182789e-09
4.426442e-09
-2.3500165e-09
4.7669571e-09
-2.3565917e-09
5.1029755e-09
-2.3311424e-09
5.4286986e-09
-2.2669866e-09
5.7366207e-09
-2.1503148e-09
-1.988464e-09
6.0193335e-09
1.7757519e-09
-1.896454e-09
2.0421184e-09
-2.0346847e-09
2.3239044e-09
-2.1378307e-09
2.6205655e-09
-2.246814e-09
2.9315968e-09
-2.3504014e-09
3.2559945e-09
-2.4482109e-09
3.5923337e-09
-2.5371926e-09
3.9386636e-09
-2.6132918e-09
4.2924152e-09
-2.6720304e-09
4.6503051e-09
-2.7079064e-09
5.0082145e-09
-2.7145011e-09
5.361029e-09
-2.6839569e-09
5.7025812e-09
-2.6085389e-09
6.0250515e-09
-2.4727852e-09
-2.2836977e-09
6.3202852e-09
1.8600573e-09
-2.1558807e-09
2.140362e-09
-2.3149894e-09
2.4372758e-09
-2.4347445e-09
2.750131e-09
-2.5596692e-09
3.0784078e-09
-2.6786782e-09
3.4209158e-09
-2.7907189e-09
3.7760445e-09
-2.8923212e-09
4.1416416e-09
-2.9788888e-09
4.5149075e-09
-3.0452963e-09
4.8922995e-09
-3.0852984e-09
5.2694047e-09
-3.0916063e-09
5.6407868e-09
-3.0553391e-09
5.9998868e-09
-2.9676389e-09
6.3385547e-09
-2.8114532e-09
-2.5929654e-09
6.6478223e-09
1.9471022e-09
-2.4293492e-09
2.2423999e-09
-2.6102871e-09
2.5551471e-09
-2.7474917e-09
2.8856834e-09
-2.8902054e-09
3.2328177e-09
-3.0258125e-09
3.5951563e-09
-3.1530574e-09
3.9708834e-09
-3.2680482e-09
4.3576246e-09
-3.36563e-09
4.7523321e-09
-3.4400039e-09
5.151189e-09
-3.4841553e-09
5.5494742e-09
-3.4898916e-09
5.9414166e-09
-3.4472815e-09
6.3200471e-09
-3.3462696e-09
6.6768724e-09
-3.1682787e-09
-2.9181468e-09
7.0020536e-09
2.0335445e-09
-2.7175126e-09
2.3449326e-09
-2.9216752e-09
2.6750833e-09
-3.0776423e-09
3.0247338e-09
-3.2398558e-09
3.3923502e-09
-3.3934288e-09
3.7762843e-09
-3.5369914e-09
4.1744875e-09
-3.6662515e-09
4.5843439e-09
-3.7754864e-09
5.0025436e-09
-3.8582036e-09
5.4249857e-09
-3.9065974e-09
5.8466338e-09
-3.9115398e-09
6.2613746e-09
-3.8620224e-09
6.6618185e-09
-3.7467136e-09
7.0391192e-09
-3.5455795e-09
-3.2615498e-09
7.3825221e-09
2.1158784e-09
-3.0205185e-09
2.4443182e-09
-3.250115e-09
2.7937585e-09
-3.4270826e-09
3.164022e-09
-3.6101194e-09
3.5537618e-09
-3.7831686e-09
3.9610937e-09
-3.9443233e-09
4.3837136e-09
-4.0888714e-09
4.8187478e-09
-4.2105205e-09
5.2626156e-09
-4.3020715e-09
5.7109289e-09
-4.3549108e-09
6.158336e-09
-4.3589469e-09
6.5983827e-09
-4.3020692e-09
7.0232547e-09
-4.1715856e-09
7.4237494e-09
-3.9460744e-09
-3.6259676e-09
7.788167e-09
2.1911921e-09
-3.3389568e-09
2.5373459e-09
-3.5962687e-09
2.9071757e-09
-3.7969124e-09
3.2995372e-09
-4.0024809e-09
3.7130558e-09
-4.1966871e-09
4.1456207e-09
-4.3768881e-09
4.5946583e-09
-4.5379089e-09
5.0570251e-09
-4.6728873e-09
5.5288662e-09
-4.7739126e-09
6.0055107e-09
-4.8315554e-09
6.4812999e-09
-4.8347362e-09
6.9494485e-09
-4.7702179e-09
7.4017214e-09
-4.6238587e-09
7.8285631e-09
-4.3729162e-09
-4.014722e-09
8.2173175e-09
2.2552702e-09
-3.6733113e-09
2.6196369e-09
-3.9606354e-09
3.0107768e-09
-4.1880523e-09
3.4266077e-09
-4.4183117e-09
3.8655492e-09
-4.6356287e-09
4.3252133e-09
-4.8365522e-09
4.8027328e-09
-5.0154285e-09
5.2946835e-09
-5.164838e-09
5.7969385e-09
-5.2761677e-09
6.3045564e-09
-5.3391733e-09
6.8115886e-09
-5.3417685e-09
7.3109375e-09
-5.2695668e-09
7.7939587e-09
-5.10688e-09
8.2507552e-09
-4.8297127e-09
-4.4316911e-09
8.6677243e-09
2.3031125e-09
-4.0238363e-09
2.6860583e-09
-4.3435813e-09
3.0993815e-09
-4.6013754e-09
3.5399876e-09
-4.8589178e-09
4.0059888e-09
-5.1016299e-09
4.4946559e-09
-5.3252193e-09
5.0027933e-09
-5.5235659e-09
5.5266842e-09
-5.6887289e-09
6.0619371e-09
-5.8114206e-09
6.6033603e-09
-5.8805965e-09
7.1447416e-09
-5.88315e-09
7.6786974e-09
-5.8035227e-09
8.1961939e-09
-5.6243767e-09
8.687011e-09
-5.3205298e-09
-4.8813134e-09
9.1366333e-09
2.3292564e-09
-4.390637e-09
2.7310171e-09
-4.745342e-09
3.1673388e-09
-5.0376971e-09
3.6340025e-09
-5.3255815e-09
4.1287166e-09
-5.5963439e-09
4.648346e-09
-5.8448488e-09
5.1893239e-09
-6.0645438e-09
5.7476282e-09
-6.2470332e-09
6.318616e-09
-6.3824085e-09
6.8968731e-09
-6.4588538e-09
7.4759575e-09
-6.4622345e-09
8.0482328e-09
-6.3757981e-09
8.6043019e-09
-6.1804459e-09
9.133648e-09
-5.8498759e-09
-5.3685655e-09
9.6209002e-09
2.3278966e-09
-4.7737466e-09
2.7486433e-09
-5.1660888e-09
3.2087328e-09
-5.4977866e-09
3.7027535e-09
-5.8196022e-09
4.2278838e-09
-6.1214743e-09
4.7805156e-09
-6.3974806e-09
5.3566629e-09
-6.6406912e-09
5.951986e-09
-6.8423564e-09
6.5616087e-09
-6.9920313e-09
7.1799299e-09
-7.077175e-09
7.800317e-09
-7.0826217e-09
8.4149185e-09
-6.9903997e-09
9.014005e-09
-6.7795325e-09
9.5867949e-09
-6.4226659e-09
-5.8989125e-09
1.0117142e-08
2.2930671e-09
-5.1732166e-09
2.7330272e-09
-5.6060489e-09
3.2176303e-09
-5.9823897e-09
3.7403623e-09
-6.3423342e-09
4.2976992e-09
-6.6788112e-09
4.8854829e-09
-6.9852642e-09
5.4992566e-09
-7.254465e-09
6.1343516e-09
-7.4774515e-09
6.7856828e-09
-7.6433625e-09
7.4475023e-09
-7.7389946e-09
8.1130304e-09
-7.7481499e-09
8.7742378e-09
-7.6516073e-09
9.421097e-09
-7.4263917e-09
1.0042597e-08
-7.0441663e-09
-6.4782303e-09
1.0621915e-08
2.2188181e-09
-5.5891808e-09
2.6784647e-09
-6.0656955e-09
3.1883485e-09
-6.4922735e-09
3.7412344e-09
-6.8952201e-09
4.3326911e-09
-7.270268e-09
4.9579144e-09
-7.6104875e-09
5.6119211e-09
-7.9084717e-09
6.2897039e-09
-8.1552343e-09
6.9859984e-09
-8.3396571e-09
7.6949546e-09
-8.4479509e-09
8.4096883e-09
-8.4628837e-09
9.1220254e-09
-8.3639444e-09
9.8216744e-09
-8.1260408e-09
1.0497432e-08
-7.7199237e-09
-7.1127053e-09
1.1131907e-08
2.0992752e-09
-6.0217653e-09
2.5795862e-09
-6.5460065e-09
3.1156656e-09
-7.0283528e-09
3.7002907e-09
-7.4798451e-09
4.32795e-09
-7.8979272e-09
4.9930719e-09
-8.2756095e-09
5.6900892e-09
-8.605489e-09
6.413652e-09
-8.8787971e-09
7.1583526e-09
-9.0843578e-09
7.9182843e-09
-9.2078827e-09
8.6864964e-09
-9.2310959e-09
9.4546931e-09
-9.1321412e-09
1.0212352e-08
-8.8837e-09
1.094811e-08
-8.4556813e-09
-7.8087141e-09
1.1644119e-08
1.9290193e-09
-6.470871e-09
2.4314803e-09
-7.0484674e-09
2.9950242e-09
-7.5918967e-09
3.6132011e-09
-8.0980221e-09
4.2793662e-09
-8.5640922e-09
4.9870467e-09
-8.98329e-09
5.7300382e-09
-9.3484804e-09
6.5026562e-09
-9.6514152e-09
7.2993934e-09
-9.8810951e-09
8.1143295e-09
-1.0022819e-08
8.9404756e-09
-1.0057242e-08
9.7694222e-09
-9.9610879e-09
1.0590449e-08
-9.7047264e-09
1.1392052e-08
-9.2572848e-09
-8.5726928e-09
1.2156031e-08
1.7049123e-09
-6.9365188e-09
2.2311271e-09
-7.5746823e-09
2.8235235e-09
-8.1842931e-09
3.4770304e-09
-8.751529e-09
4.1840433e-09
-9.2711051e-09
4.9370378e-09
-9.7362846e-09
5.7290973e-09
-1.014054e-08
6.5542012e-09
-1.0476519e-08
7.4067763e-09
-1.073367e-08
8.2809158e-09
-1.0896958e-08
9.169602e-09
-1.0945929e-08
1.0064295e-08
-1.0855781e-08
1.0954117e-08
-1.0594549e-08
1.1827403e-08
-1.0130571e-08
-9.4110201e-09
1.2665731e-08
1.4317826e-09
-7.4225149e-09
1.9809707e-09
-8.1238704e-09
2.6018909e-09
-8.8052133e-09
3.2912034e-09
-9.4408415e-09
4.0406944e-09
-1.0020596e-08
4.8414806e-09
-1.0537071e-08
5.6856732e-09
-1.0984733e-08
6.5667903e-09
-1.1357636e-08
7.4791559e-09
-1.1646036e-08
8.4168538e-09
-1.1834656e-08
9.372811e-09
-1.1901886e-08
1.0338321e-08
-1.1821291e-08
1.1302361e-08
-1.1558589e-08
1.2253209e-08
-1.1081419e-08
1.3171738e-08
-1.0329549e-08
4.6419947e-09
-7.9262151e-11
8.2079559e-17
4.7232787e-09
-8.1284109e-11
6.798206e-17
4.8046714e-09
-8.1392756e-11
2.0227973e-17
4.8853986e-09
-8.0727299e-11
2.8836793e-17
4.9653134e-09
-7.9914819e-11
-1.4922723e-17
5.0437425e-09
-7.8429134e-11
-1.1255415e-17
5.1203729e-09
-7.6630239e-11
-1.535807e-16
5.1948231e-09
-7.4450759e-11
4.9677886e-16
5.2666884e-09
-7.1863756e-11
-1.5076928e-15
5.3357478e-09
-6.9062354e-11
2.9652161e-15
5.4012316e-09
-6.5480303e-11
-3.5198651e-15
5.4636713e-09
-6.243964e-11
-1.1824429e-16
5.5199193e-09
-5.6251936e-11
3.9137925e-15
5.5777146e-09
-5.7804318e-11
9.0572838e-15
-3.6582626e-11
-1.1243699e-15
4.7930795e-09
-1.5972311e-10
4.8757075e-09
-1.6391293e-10
4.9585493e-09
-1.6423573e-10
5.0408294e-09
-1.6300882e-10
5.1223696e-09
-1.6145628e-10
5.2024834e-09
-1.585439e-10
5.2808345e-09
-1.5498227e-10
5.3570236e-09
-1.5063931e-10
5.4306263e-09
-1.4546915e-10
5.5014048e-09
-1.3983844e-10
5.5685645e-09
-1.3264473e-10
5.6326379e-09
-1.2651459e-10
5.6903984e-09
-1.1400751e-10
5.7497477e-09
-1.171464e-10
-7.4181708e-11
4.9591472e-09
-2.4004777e-10
5.0418408e-09
-2.4660666e-10
5.1250049e-09
-2.4739991e-10
5.2078347e-09
-2.4583868e-10
5.2901174e-09
-2.4373901e-10
5.3711496e-09
-2.3957623e-10
5.4505601e-09
-2.3439278e-10
5.5279232e-09
-2.2800243e-10
5.6027861e-09
-2.2033206e-10
5.6748839e-09
-2.1193623e-10
5.7433908e-09
-2.0115166e-10
5.8088306e-09
-1.9195442e-10
5.8678998e-09
-1.7307679e-10
5.9286118e-09
-1.7785833e-10
-1.1269084e-10
5.1419324e-09
-3.1872047e-10
5.2232334e-09
-3.2790771e-10
5.3054284e-09
-3.2959504e-10
5.3876514e-09
-3.2806175e-10
5.4696557e-09
-3.2574329e-10
5.5507155e-09
-3.2063616e-10
5.6304133e-09
-3.1409062e-10
5.7082882e-09
-3.058773e-10
5.7838484e-09
-2.9589233e-10
5.856792e-09
-2.8487978e-10
5.9262534e-09
-2.7061315e-10
5.9927382e-09
-2.5843919e-10
6.0528648e-09
-2.332035e-10
6.1147073e-09
-2.3970078e-10
-1.5197845e-10
5.3431665e-09
-3.9406436e-10
5.4214613e-09
-4.0620269e-10
5.5012424e-09
-4.093762e-10
5.5815587e-09
-4.083781e-10
5.6621296e-09
-4.0631427e-10
5.7422036e-09
-4.0071015e-10
5.8213056e-09
-3.9319265e-10
5.8989303e-09
-3.835021e-10
5.9745369e-09
-3.7149902e-10
6.0477753e-09
-3.5811811e-10
6.1177315e-09
-3.4056947e-10
6.1848809e-09
-3.2558855e-10
6.2457632e-09
-2.9408586e-10
6.3084582e-09
-3.0239572e-10
-1.9188894e-10
5.5645264e-09
-4.6428016e-10
5.6380798e-09
-4.7975624e-10
5.7138714e-09
-4.8516784e-10
5.7908542e-09
-4.8536093e-10
5.868714e-09
-4.8417414e-10
5.9466723e-09
-4.7866854e-10
6.0241875e-09
-4.707079e-10
6.1007018e-09
-4.6001641e-10
6.175615e-09
-4.4641229e-10
6.2485178e-09
-4.3102097e-10
6.3184395e-09
-4.1049124e-10
6.385811e-09
-3.9295996e-10
6.4470926e-09
-3.5536756e-10
6.5103173e-09
-3.6562036e-10
-2.3224641e-10
5.8075736e-09
-5.2749903e-10
5.8745743e-09
-5.4675703e-10
5.944704e-09
-5.5529763e-10
6.0168253e-09
-5.5748224e-10
6.0905915e-09
-5.5794031e-10
6.1652007e-09
-5.5327782e-10
6.2400381e-09
-5.4554541e-10
6.3144872e-09
-5.3446558e-10
6.3878801e-09
-5.198053e-10
6.4597381e-09
-5.0287895e-10
6.5290249e-09
-4.7977824e-10
6.5961113e-09
-4.600462e-10
6.6573794e-09
-4.1663577e-10
6.7207703e-09
-4.2901132e-10
-2.7285721e-10
6.0736845e-09
-5.8185015e-10
6.1323042e-09
-6.053768e-10
6.1950487e-09
-6.1804212e-10
6.2607148e-09
-6.2314835e-10
6.3289264e-09
-6.2615189e-10
6.3988681e-09
-6.2321967e-10
6.46985e-09
-6.1652732e-10
6.5411934e-09
-6.0580918e-10
6.6121572e-09
-5.9076916e-10
6.6821841e-09
-5.7290586e-10
6.7501657e-09
-5.4776006e-10
6.8163939e-09
-5.2627428e-10
6.8771767e-09
-4.7741866e-10
6.9403278e-09
-4.9216244e-10
-3.135051e-10
6.3639766e-09
-6.2554165e-10
6.4124413e-09
-6.5384154e-10
6.4660833e-09
-6.7168419e-10
6.5236805e-09
-6.8074552e-10
6.5848336e-09
-6.8730497e-10
6.648731e-09
-6.8711719e-10
6.7146115e-09
-6.8240789e-10
6.7817364e-09
-6.729343e-10
6.8492889e-09
-6.583217e-10
6.9166271e-09
-6.402441e-10
6.9825657e-09
-6.136988e-10
7.0472978e-09
-5.9100631e-10
7.1070707e-09
-5.3719174e-10
7.1695307e-09
-5.5462207e-10
-3.5394063e-10
6.6792324e-09
-6.5695182e-10
6.7159038e-09
-6.9051296e-10
6.7588011e-09
-7.1458145e-10
6.806751e-09
-7.2869542e-10
6.8593429e-09
-7.3989687e-10
6.9157946e-09
-7.4356897e-10
6.9752858e-09
-7.4189914e-10
7.0370253e-09
-7.3467409e-10
7.100124e-09
-7.2142048e-10
7.1638531e-09
-7.0397328e-10
7.2269486e-09
-6.7679441e-10
7.289488e-09
-6.5354566e-10
7.347683e-09
-5.9538694e-10
7.4089453e-09
-6.15884e-10
-3.9387502e-10
7.0198277e-09
-6.74726e-10
7.0432913e-09
-7.1397656e-10
7.0739535e-09
-7.4524347e-10
7.1107775e-09
-7.6551944e-10
7.1533597e-09
-7.8247898e-10
7.2009815e-09
-7.911909e-10
7.2527854e-09
-7.9370316e-10
7.3079431e-09
-7.8983215e-10
7.3655031e-09
-7.789806e-10
7.4246526e-09
-7.6312282e-10
7.4840511e-09
-7.3619303e-10
7.5436491e-09
-7.1314364e-10
7.599647e-09
-6.5138499e-10
7.659142e-09
-6.753791e-10
-4.3298876e-10
7.3856689e-09
-6.7787282e-10
7.3948237e-09
-7.2313134e-10
7.4119949e-09
-7.6241453e-10
7.4363849e-09
-7.8990939e-10
7.4676228e-09
-8.1371684e-10
7.505097e-09
-8.2866518e-10
7.5479449e-09
-8.3655121e-10
7.5953252e-09
-8.3721279e-10
7.6462419e-09
-8.2989749e-10
7.6998077e-09
-8.166886e-10
7.7546131e-09
-7.9099859e-10
7.8104746e-09
-7.6900509e-10
7.8636017e-09
-7.0451209e-10
7.9207048e-09
-7.3248235e-10
-4.7093368e-10
7.776146e-09
-6.6585177e-10
7.7702894e-09
-7.1727463e-10
7.7730319e-09
-7.6515693e-10
7.7839242e-09
-8.0080156e-10
7.8026629e-09
-8.3245549e-10
7.8287929e-09
-8.5479536e-10
7.8614904e-09
-8.692489e-10
7.8999344e-09
-8.7565717e-10
7.9431117e-09
-8.7307503e-10
7.9900774e-09
-8.6365422e-10
8.0393669e-09
-8.402883e-10
8.0906596e-09
-8.2029769e-10
8.1402005e-09
-7.5405288e-10
8.1942431e-09
-7.8652493e-10
-5.0732869e-10
8.1901091e-09
-6.3864334e-10
8.1690092e-09
-6.9617454e-10
8.1567812e-09
-7.5292876e-10
8.1534294e-09
-7.9744968e-10
8.1587607e-09
-8.3778677e-10
8.1725306e-09
-8.6856547e-10
8.194008e-09
-8.9072641e-10
8.2224349e-09
-9.0408461e-10
8.2568184e-09
-9.0745864e-10
8.2961809e-09
-9.0301674e-10
8.3390243e-09
-8.8313184e-10
8.3848931e-09
-8.6616639e-10
8.4301053e-09
-7.9926509e-10
8.4803807e-09
-8.3680022e-10
-5.4176102e-10
8.6258739e-09
-5.9679287e-10
8.5898216e-09
-6.6012197e-10
8.5625422e-09
-7.2564921e-10
8.5445839e-09
-7.7949121e-10
8.5359118e-09
-8.2911469e-10
8.5365464e-09
-8.6920037e-10
8.5459116e-09
-9.000918e-10
8.5633647e-09
-9.2153825e-10
8.5879788e-09
-9.320729e-10
8.618779e-09
-9.338169e-10
8.6542619e-09
-9.1861494e-10
8.6938494e-09
-9.0575372e-10
8.733977e-09
-8.3939265e-10
8.7797458e-09
-8.8256891e-10
-5.7379023e-10
9.0812607e-09
-5.4142017e-10
9.0310937e-09
-6.0995467e-10
8.9891884e-09
-6.8374369e-10
8.9566984e-09
-7.4700112e-10
8.9337974e-09
-8.0621371e-10
8.9208203e-09
-8.5622363e-10
8.9174134e-09
-8.9668503e-10
8.9231076e-09
-9.2723304e-10
8.9370973e-09
-9.4606276e-10
8.9584536e-09
-9.5517315e-10
8.9857057e-09
-9.4586721e-10
9.0181747e-09
-9.3822244e-10
9.0524627e-09
-8.7368056e-10
9.0929645e-09
-9.2307065e-10
-6.0295432e-10
9.5536697e-09
-4.7418959e-10
9.4907627e-09
-5.4704736e-10
9.4351812e-09
-6.2816193e-10
9.3887069e-09
-7.0052669e-10
9.3517678e-09
-7.6927476e-10
9.3250526e-09
-8.2950884e-10
9.3084967e-09
-8.8012933e-10
9.3018674e-09
-9.2060432e-10
9.3045413e-09
-9.4873689e-10
9.3156872e-09
-9.6631888e-10
9.3339128e-09
-9.6409294e-10
9.3584699e-09
-9.627793e-10
9.3861834e-09
-9.0139375e-10
9.4206535e-09
-9.5754073e-10
-6.2877721e-10
1.0040191e-08
-3.9723868e-10
9.9664085e-09
-4.7326435e-10
9.8986103e-09
-5.6036351e-10
9.8391814e-09
-6.4109777e-10
9.7888396e-09
-7.1893316e-10
9.7486497e-09
-7.8931928e-10
9.7188964e-09
-8.5037628e-10
9.6996451e-09
-9.0135365e-10
9.6905192e-09
-9.396111e-10
9.6908419e-09
-9.6664133e-10
9.6993532e-09
-9.7260445e-10
9.7152775e-09
-9.7870321e-10
9.7357232e-09
-9.2183919e-10
9.7634104e-09
-9.8522799e-10
-6.5077795e-10
1.0537745e-08
-3.1306825e-10
1.0455356e-08
-3.9087519e-10
1.0377261e-08
-4.8226789e-10
1.0306371e-08
-5.7020794e-10
1.0243711e-08
-6.5627386e-10
1.0190723e-08
-7.363315e-10
1.0148087e-08
-8.0774022e-10
1.0116222e-08
-8.6948896e-10
1.009506e-08
-9.1844955e-10
1.0084139e-08
-9.5572061e-10
1.0082392e-08
-9.7085688e-10
1.0089065e-08
-9.8537583e-10
1.0101616e-08
-9.343906e-10
1.0121804e-08
-1.0054159e-09
-6.6848192e-10
1.1043241e-08
-2.2440198e-10
1.0954804e-08
-3.0243753e-10
1.0868705e-08
-3.9616935e-10
1.0788262e-08
-4.8976464e-10
1.0714798e-08
-5.8281001e-10
1.0650104e-08
-6.7163821e-10
1.0595282e-08
-7.5291812e-10
1.0551147e-08
-8.2535518e-10
1.0517998e-08
-8.8530059e-10
1.0495645e-08
-9.3336659e-10
1.048327e-08
-9.5848263e-10
1.0480208e-08
-9.8231346e-10
1.0484334e-08
-9.3851555e-10
1.0496364e-08
-1.0174469e-09
-6.8143406e-10
1.1553746e-08
-1.3402917e-10
1.1461965e-08
-2.106558e-10
1.1370417e-08
-3.0462163e-10
1.1282661e-08
-4.0200883e-10
1.1200284e-08
-5.0043358e-10
1.1125373e-08
-5.9672754e-10
1.1059446e-08
-6.8699088e-10
1.1003742e-08
-7.6965169e-10
1.0958966e-08
-8.4052424e-10
1.0925251e-08
-8.9965108e-10
1.0902092e-08
-9.3532345e-10
1.0888977e-08
-9.6919892e-10
1.0884266e-08
-9.3380428e-10
1.0887569e-08
-1.0207492e-09
-6.8921405e-10
1.2066647e-08
-4.4644786e-11
1.1974221e-08
-1.1822964e-10
1.1879899e-08
-2.1029975e-10
1.1787299e-08
-3.0940882e-10
1.1698204e-08
-4.1133896e-10
1.1614913e-08
-5.1343705e-10
1.1539325e-08
-6.1140343e-10
1.1473107e-08
-7.0343337e-10
1.1417391e-08
-7.8480796e-10
1.1372673e-08
-8.5493251e-10
1.1338807e-08
-9.0145749e-10
1.1315519e-08
-9.4591084e-10
1.1301717e-08
-9.2000192e-10
1.1295833e-08
-1.0148654e-09
-6.9145277e-10
1.2579777e-08
4.1309422e-11
1.2489266e-08
-2.7718284e-11
1.2394811e-08
-1.1584524e-10
1.2299938e-08
-2.1453602e-10
1.2206523e-08
-3.1792401e-10
1.2116969e-08
-4.2388326e-10
1.2033488e-08
-5.2792221e-10
1.1958147e-08
-6.2809256e-10
1.1892507e-08
-7.1916781e-10
1.1837445e-08
-7.9987005e-10
1.1793207e-08
-8.5721869e-10
1.1759822e-08
-9.1252631e-10
1.173686e-08
-8.9703972e-10
1.1721483e-08
-9.994883e-10
-6.87829e-10
1.3091745e-08
1.2130299e-10
1.3005157e-08
5.887009e-11
1.2913097e-08
-2.3785831e-11
1.2818505e-08
-1.1994322e-10
1.2723245e-08
-2.226646e-10
1.2629735e-08
-3.3037308e-10
1.2540383e-08
-4.3856987e-10
1.2457611e-08
-5.453212e-10
1.2383373e-08
-6.4492975e-10
1.2318934e-08
-7.3542968e-10
1.2264916e-08
-8.0320085e-10
1.2221703e-08
-8.693136e-10
1.2189665e-08
-8.650013e-10
1.2164744e-08
-9.7456689e-10
-6.7804566e-10
7.4891333e-10
-1.0946027e-08
1.0877713e-08
8.2200015e-10
-1.8325747e-08
1.825266e-08
8.2431206e-10
-3.0415062e-08
3.041275e-08
6.6054929e-10
-4.9926219e-08
5.0089982e-08
2.585631e-10
-8.1345115e-08
8.1747101e-08
-4.5180063e-10
-1.3227885e-07
1.3298922e-07
-1.6398778e-09
-2.1513355e-07
2.1632163e-07
-3.6754912e-09
-3.4976037e-07
3.5179598e-07
-5.667962e-07
5.7034362e-07
1.8865765e-10
-1.0897225e-08
4.8820598e-11
-1.818591e-08
-2.8420873e-10
-3.0082033e-08
-9.6276395e-10
-4.9247664e-08
-2.1602878e-09
-8.014759e-08
-4.1389784e-09
-1.3030016e-07
-7.3833433e-09
-2.1188919e-07
-1.274918e-08
-3.4439453e-07
-5.5794621e-07
-3.934061e-10
-1.0723831e-08
-7.3747625e-10
-1.784184e-08
-1.3941702e-09
-2.9425339e-08
-2.5700508e-09
-4.8071784e-08
-4.5441166e-09
-7.8173525e-08
-7.7708569e-09
-1.2707342e-07
-1.3041052e-08
-2.0661899e-07
-2.1685261e-08
-3.3575032e-07
-5.4386406e-07
-9.8168108e-10
-1.0427686e-08
-1.5229451e-09
-1.7300576e-08
-2.4889701e-09
-2.8459314e-08
-4.1422502e-09
-4.6418504e-08
-6.8693405e-09
-7.5446434e-08
-1.1311889e-08
-1.2263087e-07
-1.8554845e-08
-1.9937604e-07
-3.0390765e-08
-3.239144e-07
-5.2466362e-07
-1.5646001e-09
-1.0013207e-08
-2.293962e-09
-1.6571214e-08
-3.5533078e-09
-2.7199968e-08
-5.6619966e-09
-4.4309815e-08
-9.1133085e-09
-7.1995122e-08
-1.4728285e-08
-1.170159e-07
-2.3872791e-08
-1.9023153e-07
-3.8784754e-08
-3.0900243e-07
-5.0051097e-07
-2.1322068e-09
-9.4863082e-09
-3.0388201e-09
-1.5664601e-08
-4.5739014e-09
-2.5664887e-08
-7.1135233e-09
-4.1770194e-08
-1.1254438e-08
-6.7854208e-08
-1.7987612e-08
-1.1028272e-07
-2.8945176e-08
-1.7927397e-07
-4.6788734e-08
-2.9115888e-07
-4.7162222e-07
-2.6754959e-09
-8.8542141e-09
-3.7471363e-09
-1.4592961e-08
-5.5389304e-09
-2.3873093e-08
-8.4822763e-09
-3.8826848e-08
-1.3272228e-08
-6.3064256e-08
-2.105893e-08
-1.0249602e-07
-3.372469e-08
-1.6660821e-07
-5.4328737e-08
-2.7055483e-07
-4.3826222e-07
-3.1864253e-09
-8.1251858e-09
-4.4097208e-09
-1.3369665e-08
-6.437799e-09
-2.1845015e-08
-9.7547907e-09
-3.5509856e-08
-1.5147381e-08
-5.7671665e-08
-2.3913023e-08
-9.3730379e-08
-3.816662e-08
-1.5235461e-07
-6.1333942e-08
-2.473875e-07
-4.0074066e-07
-3.6578799e-09
-7.3082726e-09
-5.0184865e-09
-1.2009059e-08
-7.2610172e-09
-1.9602484e-08
-1.0918696e-08
-3.1852177e-08
-1.6861972e-08
-5.172839e-08
-2.6522563e-08
-8.4069787e-08
-4.2228091e-08
-1.3664908e-07
-6.7741283e-08
-2.2187431e-07
-3.5941169e-07
-4.0836416e-09
-6.4131683e-09
-5.5663647e-09
-1.0526335e-08
-8.000137e-09
-1.7168712e-08
-1.1962769e-08
-2.7889546e-08
-1.839964e-08
-4.5291518e-08
-2.8862471e-08
-7.3606956e-08
-4.5871769e-08
-1.1963978e-07
-7.3491572e-08
-1.9425451e-07
-3.1466869e-07
-4.4583486e-09
-5.4501042e-09
-6.0472376e-09
-8.9374465e-09
-8.6477221e-09
-1.4568228e-08
-1.2876996e-08
-2.3660272e-08
-1.9745816e-08
-3.8422698e-08
-3.0909395e-08
-6.2443376e-08
-4.9056665e-08
-1.0149251e-07
-7.8524586e-08
-1.6478658e-07
-2.6693303e-07
-4.7774559e-09
-4.4297545e-09
-6.4558943e-09
-7.2590081e-09
-9.1973441e-09
-1.1826778e-08
-1.3652615e-08
-1.9205001e-08
-2.0887891e-08
-3.1187423e-08
-3.2646415e-08
-5.0684852e-08
-5.1759307e-08
-8.2379623e-08
-8.2793445e-08
-1.3375244e-07
-2.1665652e-07
-5.0372074e-09
-3.3631524e-09
-6.7880052e-09
-5.5082103e-09
-9.6435988e-09
-8.9711846e-09
-1.4282197e-08
-1.4566403e-08
-2.1814976e-08
-2.3654644e-08
-3.4057113e-08
-3.8442715e-08
-5.3955599e-08
-6.2481138e-08
-8.6262006e-08
-1.0144604e-07
-1.6432039e-07
-5.2346154e-09
-2.2616156e-09
-7.0401093e-09
-3.7027164e-09
-9.982127e-09
-6.029167e-09
-1.4759715e-08
-9.7888147e-09
-2.2518138e-08
-1.5896221e-08
-3.5127039e-08
-2.5833814e-08
-5.5621248e-08
-4.1986929e-08
-8.8893421e-08
-6.8173861e-08
-1.1042228e-07
-5.3674488e-09
-1.1366743e-09
-7.2096106e-09
-1.8605546e-09
-1.0209636e-08
-3.0291419e-09
-1.5080597e-08
-4.9178531e-09
-2.2990633e-08
-7.9861862e-09
-3.584574e-08
-1.2978707e-08
-5.6739009e-08
-2.1093661e-08
-9.0661226e-08
-3.4251642e-08
-5.5473739e-08
-5.4342263e-09
-3.9862017e-17
-7.2947809e-09
-3.0762893e-17
-1.0323923e-08
-1.0984698e-17
-1.5241776e-08
-5.9834595e-17
-2.3227962e-08
2.3695044e-18
-3.6206668e-08
-2.80041e-16
-5.7300331e-08
3.8282237e-17
-9.1551971e-08
-1.8718552e-16
-1.0074451e-15
1.0961438e-08
-7.5062404e-09
1.1029086e-08
-8.191518e-09
1.1065546e-08
-8.841673e-09
1.1072241e-08
-9.4475368e-09
1.1051791e-08
-1.0000146e-08
1.1008206e-08
-1.0493486e-08
1.094669e-08
-1.0923217e-08
1.087225e-08
-1.1283196e-08
1.0788813e-08
-1.1562599e-08
1.0698908e-08
-1.1744751e-08
1.0604168e-08
-1.1807145e-08
1.0505719e-08
-1.1722842e-08
1.0404819e-08
-1.1457689e-08
1.0304091e-08
-1.0980691e-08
-1.02268e-08
1.0201343e-08
1.8386166e-08
-7.6397467e-09
1.8453499e-08
-8.2588504e-09
1.8459992e-08
-8.8481662e-09
1.8413552e-08
-9.4010967e-09
1.8325569e-08
-9.912163e-09
1.8207678e-08
-1.0375596e-08
1.8070043e-08
-1.0785582e-08
1.7919707e-08
-1.113286e-08
1.7760993e-08
-1.1403885e-08
1.7596114e-08
-1.1579872e-08
1.7426492e-08
-1.1637524e-08
1.7253247e-08
-1.1549596e-08
1.7079122e-08
-1.1283564e-08
1.6905229e-08
-1.0806797e-08
-1.0058363e-08
1.6736792e-08
3.0517372e-08
-7.7443698e-09
3.0527832e-08
-8.2693098e-09
3.0461225e-08
-8.7815596e-09
3.0331746e-08
-9.2716174e-09
3.0154558e-08
-9.7349755e-09
2.9943667e-08
-1.0164705e-08
2.9708474e-08
-1.0550388e-08
2.9455209e-08
-1.0879596e-08
2.91875e-08
-1.1136175e-08
2.8908157e-08
-1.1300529e-08
2.8620163e-08
-1.1349529e-08
2.8327385e-08
-1.1256817e-08
2.8035161e-08
-1.0991339e-08
2.7746032e-08
-1.0517668e-08
-9.7859759e-09
2.7473645e-08
5.0068648e-08
-7.7230359e-09
4.996391e-08
-8.1645723e-09
4.9787469e-08
-8.605119e-09
4.9551422e-08
-9.0355702e-09
4.9264814e-08
-9.4483676e-09
4.8934258e-08
-9.8341488e-09
4.8565415e-08
-1.0181544e-08
4.8164109e-08
-1.0478289e-08
4.7735722e-08
-1.0707788e-08
4.7287222e-08
-1.0852029e-08
4.6825776e-08
-1.0888083e-08
4.635945e-08
-1.079049e-08
4.5896106e-08
-1.0527994e-08
4.544364e-08
-1.0065201e-08
-9.3610669e-09
4.5018732e-08
8.1487051e-08
-7.4629872e-09
8.1167458e-08
-7.8449796e-09
8.07896e-08
-8.2272606e-09
8.0355981e-08
-8.6019508e-09
7.9869431e-08
-8.9618176e-09
7.9333778e-08
-9.2984963e-09
7.8754169e-08
-9.6019353e-09
7.8135838e-08
-9.8599578e-09
7.7485783e-08
-1.0057733e-08
7.6811588e-08
-1.0177834e-08
7.6122908e-08
-1.0199402e-08
7.5430043e-08
-1.0097625e-08
7.4744687e-08
-9.8426388e-09
7.4080579e-08
-9.4010921e-09
-8.7349984e-09
7.3454511e-08
1.3234729e-07
-6.8210615e-09
1.3165418e-07
-7.1518696e-09
1.3090837e-07
-7.4814441e-09
1.3011018e-07
-7.8037669e-09
1.2926102e-07
-8.1126511e-09
1.2836333e-07
-8.4008064e-09
1.2742073e-07
-8.6593416e-09
1.2643823e-07
-8.8774522e-09
1.2542262e-07
-9.0421231e-09
1.2438254e-07
-9.1377533e-09
1.2332886e-07
-9.1457285e-09
1.2227521e-07
-9.0439758e-09
1.2123908e-07
-8.8065079e-09
1.2024092e-07
-8.4029311e-09
-7.7976645e-09
1.1930359e-07
2.1510238e-07
-5.6018094e-09
2.1381854e-07
-5.8680351e-09
2.1246932e-07
-6.1322227e-09
2.1105549e-07
-6.3899344e-09
2.0957909e-07
-6.6362469e-09
2.0804355e-07
-6.8652709e-09
2.0645405e-07
-7.0698358e-09
2.0481784e-07
-7.2412448e-09
2.0314474e-07
-7.3690217e-09
2.014476e-07
-7.4406152e-09
1.9974293e-07
-7.4410602e-09
1.9805156e-07
-7.3526006e-09
1.9639932e-07
-7.154275e-09
1.9481789e-07
-6.8215005e-09
-6.3255358e-09
1.9334576e-07
3.4968605e-07
-3.4918792e-09
3.4747503e-07
-3.6570163e-09
3.4516346e-07
-3.8206565e-09
3.4275368e-07
-3.9801492e-09
3.402499e-07
-4.1324649e-09
3.3765858e-07
-4.2739571e-09
3.3498894e-07
-4.4001884e-09
3.3225347e-07
-4.5057814e-09
3.2946871e-07
-4.5842604e-09
3.2665596e-07
-4.6278669e-09
3.2384225e-07
-4.6273486e-09
3.2106138e-07
-4.5717256e-09
3.1835513e-07
-4.4480324e-09
3.1577467e-07
-4.2410392e-09
-3.932978e-09
3.1338211e-07
5.6685174e-07
5.6319472e-07
5.5937407e-07
5.5539392e-07
5.5126145e-07
5.469875e-07
5.4258731e-07
5.3808153e-07
5.3349727e-07
5.288694e-07
5.2424205e-07
5.1967033e-07
5.1522229e-07
5.1098125e-07
5.0704828e-07
1.014696e-08
1.7568588e-10
1.0085153e-08
1.2067793e-10
1.0019249e-08
4.2118133e-11
9.9500972e-09
-5.0791672e-11
9.8790579e-09
-1.5162541e-10
9.8079384e-09
-2.5925361e-10
9.7385602e-09
-3.6919128e-10
9.6729291e-09
-4.7969008e-10
9.612718e-09
-5.8471849e-10
9.5591283e-09
-6.8183922e-10
9.5128242e-09
-7.5689659e-10
9.4743728e-09
-8.3086228e-10
9.4445492e-09
-8.3517762e-10
9.419808e-09
-9.4982556e-10
-6.6656251e-10
1.6655813e-08
2.5666529e-10
1.6567907e-08
2.0858386e-10
1.6470102e-08
1.3992432e-10
1.6365436e-08
5.3874179e-11
1.6255828e-08
-4.2016877e-11
1.614343e-08
-1.4685582e-10
1.6031284e-08
-2.5704491e-10
1.5922784e-08
-3.7118931e-10
1.5820923e-08
-4.8285749e-10
1.5727838e-08
-5.8875388e-10
1.5645261e-08
-6.7431902e-10
1.5573945e-08
-7.5954581e-10
1.5517039e-08
-7.7827253e-10
1.5466645e-08
-8.9943138e-10
-6.4178166e-10
2.7371974e-08
3.5833743e-10
2.7259101e-08
3.2145669e-10
2.7129341e-08
2.6968484e-10
2.6984571e-08
1.9864362e-10
2.6827898e-08
1.1465606e-10
2.6661017e-08
2.0025341e-11
2.648837e-08
-8.4396703e-11
2.631559e-08
-1.9840837e-10
2.6147672e-08
-3.1493899e-10
2.5988248e-08
-4.2932903e-10
2.5841566e-08
-5.276373e-10
2.570829e-08
-6.2626969e-10
2.5597662e-08
-6.6764504e-10
2.5492628e-08
-7.9439809e-10
-5.8741364e-10
4.4928894e-08
4.4817545e-10
4.4817827e-08
4.3252297e-10
4.4682607e-08
4.0490423e-10
4.4520761e-08
3.6048895e-10
4.4333797e-08
3.0162e-10
4.4121546e-08
2.3227663e-10
4.3889028e-08
1.4812189e-10
4.3644029e-08
4.6589872e-11
4.3392683e-08
-6.3593103e-11
4.3140426e-08
-1.7707127e-10
4.2895275e-08
-2.8248757e-10
4.265858e-08
-3.8957624e-10
4.2449393e-08
-4.5846116e-10
4.2237771e-08
-5.8277913e-10
-4.6781321e-10
7.342087e-08
4.8181641e-10
7.3363189e-08
4.9020393e-10
7.3278122e-08
4.8996998e-10
7.316138e-08
4.7723132e-10
7.301157e-08
4.514301e-10
7.2827029e-08
4.1681772e-10
7.2606304e-08
3.6884773e-10
7.2349163e-08
3.037319e-10
7.2060917e-08
2.2465483e-10
7.1745943e-08
1.3790415e-10
7.1412165e-08
5.1290493e-11
7.1063268e-08
-4.0683674e-11
7.0725643e-08
-1.208397e-10
7.0363572e-08
-2.2071033e-10
-2.266336e-10
1.1934566e-07
4.3973937e-10
1.1937252e-07
4.6334967e-10
1.1937869e-07
4.8379768e-10
1.1935865e-07
4.9727091e-10
1.1930978e-07
5.0029906e-10
1.1923187e-07
4.9472668e-10
1.1912316e-07
4.7755934e-10
1.189785e-07
4.4838263e-10
1.1879596e-07
4.0719328e-10
1.185756e-07
3.5826415e-10
1.1831817e-07
3.0872572e-10
1.1801755e-07
2.5993187e-10
1.1768198e-07
2.1474145e-10
1.17284e-07
1.7727439e-10
1.0906287e-10
1.9345124e-07
3.3426036e-10
1.9355436e-07
3.6023536e-10
1.936535e-07
3.8465865e-10
1.9374461e-07
4.0615828e-10
1.9382168e-07
4.2322337e-10
1.9388181e-07
4.3459883e-10
1.9391927e-07
4.4009725e-10
1.9392757e-07
4.40087e-10
1.9390412e-07
4.3063599e-10
1.938509e-07
4.1148535e-10
1.9377213e-07
3.8749589e-10
1.9367282e-07
3.5924212e-10
1.9355469e-07
3.3287712e-10
1.9341573e-07
3.1623885e-10
2.8522365e-10
3.1353443e-07
1.8194502e-10
3.1369552e-07
1.9914647e-10
3.1386373e-07
2.1644842e-10
3.1403676e-07
2.3312237e-10
3.142116e-07
2.4838151e-10
3.1438492e-07
2.6127625e-10
3.1455424e-07
2.7078246e-10
3.1471841e-07
2.7590883e-10
3.1487316e-07
2.7589207e-10
3.1501436e-07
2.7028383e-10
3.1514172e-07
2.6014482e-10
3.152518e-07
2.491659e-10
3.1534295e-07
2.4172483e-10
3.1541531e-07
2.4387155e-10
2.4142254e-10
5.0723022e-07
5.0742937e-07
5.0764582e-07
5.0787894e-07
5.0812732e-07
5.0838859e-07
5.0865938e-07
5.0893528e-07
5.0921118e-07
5.0948146e-07
5.0974161e-07
5.0999078e-07
5.102325e-07
5.1047636e-07
1.0481606e-16
-1.0481598e-16
5.064823e-16
-4.0166638e-16
1.3846415e-15
-8.7815959e-16
3.0071396e-15
-1.6224987e-15
5.7703373e-15
-2.7631985e-15
1.0257155e-14
-4.4868193e-15
1.7320527e-14
-7.0633729e-15
2.82031e-14
-1.0882575e-14
4.4708538e-14
-1.6505439e-14
6.9446012e-14
-2.4737476e-14
1.0617819e-13
-3.6732178e-14
1.6031489e-13
-5.4136698e-14
2.3961076e-13
-7.929588e-14
3.5514703e-13
-1.1553629e-13
5.2270571e-13
-1.6755872e-13
7.6468143e-13
-2.419758e-13
1.1127219e-12
-3.4804063e-13
1.6113436e-12
-4.9862185e-13
2.3228327e-12
-7.1148934e-13
3.3338128e-12
-1.0109802e-12
4.7639286e-12
-1.4301161e-12
6.7771634e-12
-2.0132352e-12
9.5963555e-12
-2.8191927e-12
1.3521518e-11
-3.9251635e-12
1.8952592e-11
-5.4310754e-12
2.6417298e-11
-7.4647078e-12
3.6604826e-11
-1.0187529e-11
5.0406245e-11
-1.3801421e-11
6.8962769e-11
-1.8556526e-11
9.3723322e-11
-2.4760556e-11
1.2651326e-10
-3.2789943e-11
1.6961678e-10
-4.310352e-11
2.2587609e-10
-5.6259313e-11
2.9880942e-10
-7.2933329e-11
3.9274697e-10
-9.3937548e-11
5.1301075e-10
-1.2026376e-10
6.6611778e-10
-1.5310701e-10
8.5984682e-10
-1.93729e-10
-2.4564812e-10
1.105495e-09
1.0818766e-16
-2.1300353e-16
5.2275662e-16
-8.1623541e-16
1.4290794e-15
-1.7844826e-15
3.1036183e-15
-3.297038e-15
5.9555139e-15
-5.6150947e-15
1.0586531e-14
-9.1178371e-15
1.787725e-14
-1.4354092e-14
2.9110712e-14
-2.2116038e-14
4.6149372e-14
-3.3544099e-14
7.1687678e-14
-5.0275782e-14
1.0961156e-13
-7.4656063e-14
1.6550841e-13
-1.1003355e-13
2.4738775e-13
-1.6117522e-13
3.6669518e-13
-2.3484374e-13
5.397315e-13
-3.4059508e-13
7.8962658e-13
-4.9187096e-13
1.149065e-12
-7.0747918e-13
1.6640177e-12
-1.0135746e-12
2.398799e-12
-1.4462708e-12
3.4428428e-12
-2.0550242e-12
4.9196615e-12
-2.9069351e-12
6.9985209e-12
-4.0920949e-12
9.9094153e-12
-5.7300877e-12
1.396197e-11
-7.9777186e-12
1.956892e-11
-1.1038027e-11
2.7274866e-11
-1.5170654e-11
3.7791067e-11
-2.0703731e-11
5.2037212e-11
-2.8047567e-11
7.119134e-11
-3.7710655e-11
9.6749443e-11
-5.0318661e-11
1.3059667e-10
-6.6637172e-11
1.750928e-10
-8.7599646e-11
2.3317552e-10
-1.1434204e-10
3.0848264e-10
-1.4824045e-10
4.0549532e-10
-1.9095023e-10
5.2972078e-10
-2.4448922e-10
6.8791601e-10
-3.1130223e-10
8.8813519e-10
-3.9394818e-10
-4.9957798e-10
1.1420651e-09
1.1210684e-16
-3.2511025e-16
5.4169265e-16
-1.2458213e-15
1.4808453e-15
-2.7236356e-15
3.2160332e-15
-5.0322263e-15
6.1711974e-15
-8.5702595e-15
1.0969858e-14
-1.3916499e-14
1.8524408e-14
-2.1908644e-14
3.0164203e-14
-3.3755834e-14
4.7818859e-14
-5.1198756e-14
7.4279869e-14
-7.6736792e-14
1.1357291e-13
-1.1394911e-13
1.7148593e-13
-1.6794657e-13
2.5631525e-13
-2.4600455e-13
3.7991514e-13
-3.5844364e-13
5.5916619e-13
-5.1984617e-13
8.1801732e-13
-7.5072215e-13
1.1903043e-12
-1.0797662e-12
1.7236071e-12
-1.5468775e-12
2.484476e-12
-2.2071398e-12
3.5654317e-12
-3.1359801e-12
5.0942181e-12
-4.4357218e-12
7.2458591e-12
-6.2437363e-12
1.0258124e-11
-8.742353e-12
1.4451052e-11
-1.2170647e-11
2.0251218e-11
-1.6838193e-11
2.8221468e-11
-2.3140906e-11
3.9096947e-11
-3.1579211e-11
5.38284e-11
-4.2779021e-11
7.3634013e-11
-5.7516269e-11
1.0006142e-10
-7.6746065e-11
1.3506187e-10
-1.0163763e-10
1.8107954e-10
-1.3361731e-10
2.4116011e-10
-1.7442261e-10
3.1907848e-10
-2.2615882e-10
4.1949103e-10
-2.9136278e-10
5.4812488e-10
-3.7312306e-10
7.1201884e-10
-4.7519619e-10
9.1958167e-10
-6.01511e-10
-7.6288359e-10
1.1828873e-09
1.1663407e-16
-4.417442e-16
5.6355874e-16
-1.692746e-15
1.5405955e-15
-3.7006727e-15
3.3457206e-15
-6.8373518e-15
6.4198706e-15
-1.164441e-14
1.1411503e-14
-1.8908132e-14
1.9269406e-14
-2.9766547e-14
3.1375796e-14
-4.5862226e-14
4.973676e-14
-6.955972e-14
7.7253981e-14
-1.0425401e-13
1.1811135e-13
-1.5480648e-13
1.7832317e-13
-2.2815839e-13
2.6650845e-13
-3.3418983e-13
3.9497965e-13
-4.8691485e-13
5.8126546e-13
-7.0613201e-13
8.5022722e-13
-1.019684e-12
1.2369789e-12
-1.466518e-12
1.7908812e-12
-2.1007799e-12
2.58095e-12
-2.9972088e-12
3.7030969e-12
-4.2581273e-12
5.2896973e-12
-6.0223226e-12
7.5220542e-12
-8.4760935e-12
1.0646387e-11
-1.1866686e-11
1.4994024e-11
-1.6518284e-11
2.1006513e-11
-2.2850684e-11
2.9266436e-11
-3.1400829e-11
4.0534791e-11
-4.2847566e-11
5.5796027e-11
-5.8040259e-11
7.6312094e-11
-7.8032337e-11
1.0368725e-10
-1.0412122e-10
1.3994578e-10
-1.3789616e-10
1.8762582e-10
-1.8129735e-10
2.498948e-10
-2.366916e-10
3.3068392e-10
-3.0694793e-10
4.3485139e-10
-3.9553025e-10
5.6838233e-10
-5.0665399e-10
7.386427e-10
-6.4545654e-10
9.5448079e-10
-8.1734909e-10
-1.0367611e-09
1.2283584e-09
1.2178233e-16
-5.6352642e-16
5.8841783e-16
-2.1593816e-15
1.6085091e-15
-4.7207642e-15
3.4930978e-15
-8.7219409e-15
6.7024073e-15
-1.485372e-14
1.191318e-14
-2.4118906e-14
2.0115449e-14
-3.7968818e-14
3.2751298e-14
-5.8498076e-14
5.1913312e-14
-8.8721735e-14
8.062766e-14
-1.3296836e-13
1.2325669e-13
-1.974355e-13
1.8606949e-13
-2.909712e-13
2.780475e-13
-4.2616785e-13
4.1201647e-13
-6.2088383e-13
6.0622882e-13
-9.0034439e-13
8.8656146e-13
-1.3000167e-12
1.2895461e-12
-1.8695027e-12
1.8665109e-12
-2.6777449e-12
2.6891863e-12
-3.8198843e-12
3.8572031e-12
-5.4261443e-12
5.507998e-12
-7.6731178e-12
7.8297119e-12
-1.0797808e-11
1.1077737e-11
-1.5114712e-11
1.5595624e-11
-2.1036172e-11
2.1841105e-11
-2.9096165e-11
3.0418072e-11
-3.9977798e-11
4.2115469e-11
-5.4544963e-11
5.7954261e-11
-7.3879052e-11
7.9244002e-11
-9.9322079e-11
1.076509e-10
-1.3252812e-10
1.4527958e-10
-1.7552484e-10
1.9477236e-10
-2.3079014e-10
2.5943307e-10
-3.013523e-10
3.4336963e-10
-3.908845e-10
4.5167033e-10
-5.0383096e-10
5.9061827e-10
-6.4560193e-10
7.6795528e-10
-8.2279355e-10
9.9305261e-10
-1.0424464e-09
-1.3224789e-09
1.2787703e-09
1.276008e-16
-6.911271e-16
6.1650881e-16
-2.6482897e-15
1.6852396e-15
-5.7894953e-15
3.659578e-15
-1.069628e-14
7.0214996e-15
-1.8215643e-14
1.2479625e-14
-2.9577032e-14
2.1070444e-14
-4.6559638e-14
3.4303398e-14
-7.1731032e-14
5.4368306e-14
-1.0878664e-13
8.4431097e-14
-1.6303116e-13
1.2905417e-13
-2.4205858e-13
1.9479184e-13
-3.5670886e-13
2.9103034e-13
-5.2240636e-13
4.3116759e-13
-7.6102109e-13
6.3426071e-13
-1.1034375e-12
9.2731269e-13
-1.5930687e-12
1.3484223e-12
-2.2906124e-12
1.9510855e-12
-3.2804083e-12
2.8100123e-12
-4.6788113e-12
4.0289016e-12
-6.6450339e-12
5.7507054e-12
-9.3949219e-12
8.1709896e-12
-1.3218092e-11
1.1555075e-11
-1.8498798e-11
1.6259705e-11
-2.5740803e-11
2.2760048e-11
-3.5596509e-11
3.1682943e-11
-4.8900693e-11
4.384743e-11
-6.6709451e-11
6.0313891e-11
-9.0345515e-11
8.244345e-11
-1.2145164e-10
1.1196976e-10
-1.6205442e-10
1.5108537e-10
-2.1464045e-10
2.0254714e-10
-2.8225191e-10
2.6981041e-10
-3.6861557e-10
3.5718085e-10
-4.7825494e-10
4.7000563e-10
-6.1665573e-10
6.14906e-10
-7.905023e-10
8.0004957e-10
-1.0079371e-09
1.0354083e-09
-1.2778052e-09
-1.6213271e-09
1.3342565e-09
1.3411905e-16
-8.2524603e-16
6.4797392e-16
-3.1621447e-15
1.7711753e-15
-6.912697e-15
3.8460048e-15
-1.277111e-14
7.3787665e-15
-2.1748405e-14
1.3113718e-14
-3.5311985e-14
2.2139253e-14
-5.5585173e-14
3.604002e-14
-8.56318e-14
5.711431e-14
-1.2986094e-13
8.8683816e-14
-1.9460066e-13
1.3553365e-13
-2.8890842e-13
2.0453519e-13
-4.257104e-13
3.0552405e-13
-6.2339522e-13
4.5253197e-13
-9.0802902e-13
6.6550568e-13
-1.3164113e-12
9.7268988e-13
-1.900253e-12
1.4139064e-12
-2.731829e-12
2.0450275e-12
-3.9115296e-12
2.944018e-12
-5.5778021e-12
4.2190053e-12
-7.9200215e-12
6.0189233e-12
-1.119484e-11
8.5473628e-12
-1.5746532e-11
1.2080341e-11
-2.2031777e-11
1.6988774e-11
-3.0649236e-11
2.3766525e-11
-4.2374261e-11
3.3065006e-11
-5.8199175e-11
4.5735502e-11
-7.9379949e-11
6.2880689e-11
-1.074907e-10
8.5917201e-11
-1.4448815e-10
1.1665163e-10
-1.9278885e-10
1.5737193e-10
-2.5536076e-10
2.109596e-10
-3.3583958e-10
2.8103644e-10
-4.3869241e-10
3.7212645e-10
-5.6934494e-10
4.8986365e-10
-7.3439293e-10
6.4124567e-10
-9.4188431e-10
8.3491377e-10
-1.2016052e-09
1.0815081e-09
-1.5243995e-09
-1.9345513e-09
1.3947324e-09
1.4135724e-16
-9.6660315e-16
6.8291041e-16
-3.7036979e-15
1.8665812e-15
-8.0963681e-15
4.0529495e-15
-1.4957478e-14
7.7752944e-15
-2.547075e-14
1.381737e-14
-4.1354061e-14
2.3325057e-14
-6.5092862e-14
3.7966259e-14
-1.00273e-13
6.0159245e-14
-1.5205392e-13
9.3397844e-14
-2.2783926e-13
1.4271304e-13
-3.3822361e-13
2.1532577e-13
-4.9832314e-13
3.2156642e-13
-7.2963587e-13
4.761634e-13
-1.062626e-12
7.0003928e-13
-1.5402872e-12
1.0227978e-12
-2.2230116e-12
1.486142e-12
-3.1951733e-12
2.1485305e-12
-4.5739183e-12
3.0914603e-12
-6.5207321e-12
4.4278474e-12
-9.2564089e-12
6.3130714e-12
-1.3080064e-11
8.9593401e-12
-1.8392801e-11
1.2654116e-11
-2.5726553e-11
1.778344e-11
-3.5778561e-11
2.4861076e-11
-4.9451898e-11
3.4564562e-11
-6.7902661e-11
4.7779457e-11
-9.2594846e-11
6.565344e-11
-1.2536469e-10
8.9662377e-11
-1.6849709e-10
1.2169104e-10
-2.2481752e-10
1.6412983e-10
-2.9779955e-10
2.1999391e-10
-3.9170365e-10
2.9308553e-10
-5.1178404e-10
3.8816601e-10
-6.6442542e-10
5.111815e-10
-8.5740841e-10
6.6953942e-10
-1.1002422e-09
8.7239679e-10
-1.4044626e-09
1.1311134e-09
-1.7831161e-09
-2.2632688e-09
1.4598309e-09
1.4931151e-16
-1.1159145e-15
7.2129913e-16
-4.2756856e-15
1.9714039e-15
-9.3464731e-15
4.2802942e-15
-1.7266369e-14
8.2108528e-15
-2.940131e-14
1.4590159e-14
-4.7733368e-14
2.4627131e-14
-7.5129835e-14
4.0080896e-14
-1.1572677e-13
6.3501109e-14
-1.7547414e-13
9.8569944e-14
-2.629081e-13
1.5058714e-13
-3.9024081e-13
2.2715534e-13
-5.7489135e-13
3.391444e-13
-8.4162493e-13
5.0204121e-13
-1.2255228e-12
7.3782886e-13
-1.7760749e-12
1.0775849e-12
-2.5627677e-12
1.5650472e-12
-3.6826357e-12
2.2614652e-12
-5.2703364e-12
3.2521346e-12
-7.5114017e-12
4.6551046e-12
-1.0659379e-11
6.6326403e-12
-1.50576e-11
9.4061208e-12
-2.1166282e-11
1.327515e-11
-2.9595583e-11
1.8641757e-11
-4.1145169e-11
2.6040696e-11
-5.6850838e-11
3.617701e-11
-7.8038976e-11
4.997231e-11
-1.0639015e-10
6.8621634e-11
-1.4401401e-10
9.3663307e-11
-1.9353876e-10
1.2706495e-10
-2.5821916e-10
1.713256e-10
-3.4206019e-10
2.2960099e-10
-4.4997904e-10
3.0588596e-10
-5.8806901e-10
4.0519503e-10
-7.6373449e-10
5.3380663e-10
-9.8602001e-10
6.9956338e-10
-1.265999e-09
9.1216949e-10
-1.6170687e-09
1.1837351e-09
-2.0546817e-09
-2.6083729e-09
1.5288392e-09
1.5794954e-16
-1.273864e-15
7.6298378e-16
-4.8807199e-15
2.0852156e-15
-1.0668705e-14
4.5271081e-15
-1.9708262e-14
8.6836514e-15
-3.3557854e-14
1.5428897e-14
-5.4478615e-14
2.6040069e-14
-8.5741009e-14
4.2375097e-14
-1.320618e-13
6.7125838e-14
-2.0022488e-13
1.0417816e-13
-2.9996042e-13
1.5912218e-13
-4.4518483e-13
2.3997255e-13
-6.5574172e-13
3.5818062e-13
-9.59833e-13
5.300497e-13
-1.3973919e-12
7.7870231e-13
-2.0247275e-12
1.1367963e-12
-2.9208618e-12
1.6502466e-12
-4.1960861e-12
2.3832797e-12
-6.0033697e-12
3.425232e-12
-8.5533542e-12
4.8995946e-12
-1.2133742e-11
6.9759061e-12
-1.7133912e-11
9.8851973e-12
-2.4075574e-11
1.3939801e-11
-3.3650187e-11
1.9558457e-11
-4.6763825e-11
2.7297784e-11
-6.4590165e-11
3.7891411e-11
-8.8632604e-11
5.2298367e-11
-1.207971e-10
7.1762801e-11
-1.6347845e-10
9.7887892e-11
-2.1966385e-10
1.3272781e-10
-2.9305908e-10
1.7889501e-10
-3.8822739e-10
2.3968945e-10
-5.1077348e-10
3.19308e-10
-6.6768756e-10
4.230283e-10
-8.6745478e-10
5.5747431e-10
-1.120466e-09
7.3093685e-10
-1.4394615e-09
9.5368263e-10
-1.8398144e-09
1.2385773e-09
-2.3395763e-09
-2.9704262e-09
1.6006306e-09
1.6720148e-16
-1.4410653e-15
8.0762725e-16
-5.5211458e-15
2.207095e-15
-1.2068173e-14
4.7913906e-15
-2.2292558e-14
9.189851e-15
-3.7956315e-14
1.6326756e-14
-6.1615521e-14
2.755234e-14
-9.6966594e-14
4.4830075e-14
-1.4933953e-13
7.100363e-14
-2.2639844e-13
1.1017616e-13
-3.3913295e-13
1.6824726e-13
-5.0325594e-13
2.5367021e-13
-7.4116466e-13
3.7851466e-13
-1.0846775e-12
5.599507e-13
-1.578828e-12
8.2230846e-13
-2.2870853e-12
1.1999173e-12
-3.2984706e-12
1.7409891e-12
-4.737158e-12
2.5128831e-12
-6.7752639e-12
3.6091748e-12
-9.6496461e-12
5.1590442e-12
-1.3683612e-11
7.339605e-12
-1.9314473e-11
1.03919e-11
-2.7127869e-11
1.4641415e-11
-3.7899702e-11
2.0524082e-11
-5.2646493e-11
2.8618945e-11
-7.2685028e-11
3.9688862e-11
-9.9702522e-11
5.4731019e-11
-1.3583926e-10
7.5039538e-11
-1.8378696e-10
1.022835e-10
-2.4690781e-10
1.3860582e-10
-3.2938141e-10
1.867353e-10
-4.3635686e-10
2.5011696e-10
-5.7415514e-10
3.3315112e-10
-7.5072172e-10
4.4138167e-10
-9.7568534e-10
5.817833e-10
-1.2608676e-09
7.6308967e-10
-1.6207679e-09
9.9612182e-10
-2.0728466e-09
1.2944736e-09
-2.6379281e-09
-3.3495863e-09
1.6736337e-09
1.7694914e-16
-1.6180144e-15
8.5465974e-16
-6.1988564e-15
2.3354868e-15
-1.3549001e-14
5.0697675e-15
-2.5026839e-14
9.7229833e-15
-4.2609531e-14
1.7272251e-14
-6.9164789e-14
2.9144568e-14
-1.0883891e-13
4.741432e-14
-1.6760929e-13
7.5084602e-14
-2.5406872e-13
1.1648657e-13
-3.8053493e-13
1.7784431e-13
-5.6461368e-13
2.6807039e-13
-8.3139074e-13
3.9988116e-13
-1.2164882e-12
5.9135182e-13
-1.7702987e-12
8.6807124e-13
-2.5638047e-12
1.2661073e-12
-3.6965067e-12
1.8360549e-12
-5.3071057e-12
2.6485143e-12
-7.5877234e-12
3.8014311e-12
-1.0802563e-11
5.429829e-12
-1.531201e-11
7.7185697e-12
-2.1603214e-11
1.0918892e-11
-3.0328192e-11
1.5369612e-11
-4.2350422e-11
2.1524011e-11
-5.8800893e-11
2.9983664e-11
-8.1144682e-11
4.1540689e-11
-1.1125955e-10
5.7230341e-11
-1.5152891e-10
7.8396371e-11
-2.04953e-10
1.0677275e-10
-2.7528419e-10
1.4459057e-10
-3.6719923e-10
1.9469604e-10
-4.8646234e-10
2.6068511e-10
-6.4014421e-10
3.4712584e-10
-8.3716244e-10
4.5985198e-10
-1.0884115e-09
6.0617102e-10
-1.4071867e-09
7.9522947e-10
-1.8098263e-09
1.0383623e-09
-2.3159794e-09
1.3498026e-09
-2.9493684e-09
-3.7451648e-09
1.7453811e-09
1.870224e-16
-1.8050367e-15
9.0325697e-16
-6.9150911e-15
2.4681368e-15
-1.5113881e-14
5.3573433e-15
-2.7916046e-14
1.0273656e-14
-4.7525845e-14
1.8248692e-14
-7.7139826e-14
3.0788586e-14
-1.2137881e-13
5.0081998e-14
-1.869027e-13
7.9296154e-14
-2.8328288e-13
1.2299675e-13
-4.2423553e-13
1.8774128e-13
-6.2935821e-13
2.829137e-13
-9.2656317e-13
4.2189311e-13
-1.3554677e-12
6.2368063e-13
-1.9720862e-12
9.1515028e-13
-2.8552744e-12
1.3341406e-12
-4.115497e-12
1.9336669e-12
-5.9066322e-12
2.7876104e-12
-8.4416669e-12
3.998324e-12
-1.2013277e-11
5.7066992e-12
-1.7020385e-11
8.1053405e-12
-2.4001856e-11
1.1455621e-11
-3.3678473e-11
1.6109532e-11
-4.7004333e-11
2.253741e-11
-6.5228771e-11
3.1362857e-11
-8.9970129e-11
4.3406478e-11
-1.2330317e-10
5.9740483e-11
-1.6786292e-10
8.1756708e-11
-2.2696922e-10
1.1125096e-10
-3.0477844e-10
1.5053414e-10
-4.0648241e-10
2.0255566e-10
-5.3848386e-10
2.710835e-10
-7.0867204e-10
3.6084352e-10
-9.2692246e-10
4.7790134e-10
-1.2054693e-09
6.2989052e-10
-1.5591758e-09
8.2631226e-10
-2.0062481e-09
1.0789361e-09
-2.5686032e-09
1.4024843e-09
-3.2729166e-09
-4.1555529e-09
1.8128725e-09
1.9717757e-16
-2.0022141e-15
9.522415e-16
-7.670155e-15
2.6018225e-15
-1.6763462e-14
5.6471212e-15
-3.0961345e-14
1.0828457e-14
-5.2707181e-14
1.9232272e-14
-8.5543641e-14
3.2444271e-14
-1.3459081e-13
5.276793e-14
-2.0722636e-13
8.3535258e-14
-3.1405021e-13
1.295472e-13
-4.7024747e-13
1.9769525e-13
-6.9750626e-13
2.9783502e-13
-1.026703e-12
4.4400754e-13
-1.5016402e-12
6.5613698e-13
-2.1842156e-12
9.6237538e-13
-3.1615128e-12
1.4023171e-12
-4.5554388e-12
2.0313698e-12
-6.5356849e-12
2.9266437e-12
-9.3369409e-12
4.1948101e-12
-1.3281444e-11
5.982478e-12
-1.8808053e-11
8.4897498e-12
-2.6509128e-11
1.1987746e-11
-3.7176469e-11
1.6841037e-11
-5.1857624e-11
2.3536115e-11
-7.192385e-11
3.2717304e-11
-9.9151318e-11
4.523185e-11
-1.3581771e-10
6.218648e-11
-1.8481755e-10
8.5018588e-11
-2.4980133e-10
1.1558661e-10
-3.3534646e-10
1.5626988e-10
-4.4716568e-10
2.1006292e-10
-5.922769e-10
2.8086764e-10
-7.7947676e-10
3.7371466e-10
-1.0197695e-09
4.9483396e-10
-1.3265886e-09
6.5199246e-10
-1.7163344e-09
8.5501827e-10
-2.2092739e-09
1.1160079e-09
-2.8295929e-09
1.4499807e-09
-3.6068894e-09
-4.5783261e-09
1.8727539e-09
2.0710619e-16
-2.2093202e-15
1.0001263e-15
-8.4631752e-15
2.7324896e-15
-1.8495825e-14
5.9303082e-15
-3.4159164e-14
1.1370527e-14
-5.8147401e-14
2.0193045e-14
-9.4366159e-14
3.4061084e-14
-1.4845885e-13
5.5389871e-14
-2.2855515e-13
8.7671621e-14
-3.4633196e-13
1.3593568e-13
-5.1851152e-13
2.0739734e-13
-7.6896793e-13
3.1236854e-13
-1.1316742e-12
4.6552935e-13
-1.654801e-12
6.8769267e-13
-2.4063789e-12
1.0082373e-12
-3.4820574e-12
1.4684366e-12
-5.0156382e-12
2.1259757e-12
-7.1932241e-12
3.0610236e-12
-1.0271989e-11
4.3843164e-12
-1.4604736e-11
6.247806e-12
-2.0671543e-11
8.8585426e-12
-2.9119865e-11
1.249659e-11
-4.0814517e-11
1.7537931e-11
-5.6898966e-11
2.4483539e-11
-7.8869458e-11
3.399605e-11
-1.0866383e-10
4.694588e-11
-1.4876754e-10
6.4469071e-11
-2.0234074e-10
8.8039585e-11
-2.7337184e-10
1.1955781e-10
-3.6686469e-10
1.6145339e-10
-4.8906126e-10
2.1686442e-10
-6.4768793e-10
2.8981511e-10
-8.5242744e-10
3.8534748e-10
-1.1153019e-09
5.0983961e-10
-1.4510807e-09
6.7130985e-10
-1.8778046e-09
8.7973272e-10
-2.4176967e-09
1.1473534e-09
-3.0972136e-09
1.4892464e-09
-3.9487824e-09
-5.0099953e-09
1.9209157e-09
2.1638347e-16
-2.4257036e-15
1.0448603e-15
-9.291652e-15
2.8545352e-15
-2.03055e-14
6.1947563e-15
-3.7499385e-14
1.1876611e-14
-6.3829255e-14
2.1089789e-14
-1.0357934e-13
3.5569658e-14
-1.6293872e-13
5.783534e-14
-2.5082083e-13
9.1527803e-14
-3.8002442e-13
1.4188813e-13
-5.6887185e-13
2.1643126e-13
-8.4351105e-13
3.2589041e-13
-1.2411333e-12
4.8553396e-13
-1.8144445e-12
7.1699023e-13
-2.6378352e-12
1.0507587e-12
-3.8158258e-12
1.5296387e-12
-5.4945183e-12
2.2133721e-12
-7.8769575e-12
3.1848683e-12
-1.1243485e-11
4.558471e-12
-1.5978339e-11
6.4908212e-12
-2.2603894e-11
9.1949861e-12
-3.182403e-11
1.2958655e-11
-4.4578186e-11
1.8167374e-11
-6.2107685e-11
2.5334004e-11
-8.6036088e-11
3.5135892e-11
-1.1846572e-10
4.8461621e-11
-1.6209327e-10
6.6469672e-11
-2.2034879e-10
9.0661738e-11
-2.9756391e-10
1.2297371e-10
-3.9917666e-10
1.6589074e-10
-5.3197829e-10
2.2261559e-10
-7.0441279e-10
2.9721419e-10
-9.2702604e-10
3.9480895e-10
-1.2128966e-09
5.2185091e-10
-1.5781227e-09
6.864277e-10
-2.0423814e-09
8.9853402e-10
-2.6298031e-09
1.1703553e-09
-3.3690348e-09
1.5167319e-09
-4.295159e-09
-5.4458509e-09
1.9525875e-09
2.2455827e-16
-2.6502618e-15
1.0842697e-15
-1.0151363e-14
2.9620233e-15
-2.2183254e-14
6.4275731e-15
-4.0964935e-14
1.2321949e-14
-6.9723631e-14
2.1878442e-14
-1.1313583e-13
3.689547e-14
-1.7795574e-13
5.9982753e-14
-2.7390812e-13
9.4910625e-14
-4.149523e-13
1.4710374e-13
-6.2106497e-13
2.2433581e-13
-9.2074312e-13
3.3770228e-13
-1.3544998e-12
5.029747e-13
-1.9797169e-12
7.4247437e-13
-2.8773349e-12
1.087646e-12
-4.1609975e-12
1.582565e-12
-5.9894372e-12
2.2886741e-12
-8.5830665e-12
3.2911206e-12
-1.2245932e-11
4.7071487e-12
-1.7394367e-11
6.6970973e-12
-2.4593842e-11
9.4786658e-12
-3.4605598e-11
1.3345245e-11
-4.8444765e-11
1.8689279e-11
-6.7451718e-11
2.6031852e-11
-9.3378662e-11
3.6060014e-11
-1.2849388e-10
4.9673731e-11
-1.7570699e-10
6.8044871e-11
-2.3871993e-10
9.2691111e-11
-3.2221015e-10
1.2556842e-10
-4.3205397e-10
1.6918874e-10
-5.755986e-10
2.2677377e-10
-7.6199781e-10
3.0240454e-10
-1.0026568e-09
4.0121614e-10
-1.3117082e-09
5.2964416e-10
-1.7065507e-09
6.9570059e-10
-2.2084378e-09
9.0920586e-10
-2.8433083e-09
1.1820262e-09
-3.6418552e-09
1.52843e-09
-4.6415627e-09
-5.8798766e-09
1.9624557e-09
2.3093432e-16
-2.881196e-15
1.114982e-15
-1.1035411e-14
3.0457387e-15
-2.4114011e-14
6.608795e-15
-4.4527992e-14
1.2668384e-14
-7.578322e-14
2.2491523e-14
-1.2295897e-13
3.7925297e-14
-1.9338952e-13
6.1649164e-14
-2.9763199e-13
9.7532716e-14
-4.5083585e-13
1.5114088e-13
-6.7467313e-13
2.3044407e-13
-1.0000463e-12
3.4681137e-13
-1.4708671e-12
5.1639128e-13
-2.1492968e-12
7.6201888e-13
-3.1229625e-12
1.1158304e-12
-4.514809e-12
1.622818e-12
-6.4964248e-12
2.3456195e-12
-9.305868e-12
3.3709078e-12
-1.327122e-11
4.8178284e-12
-1.8841288e-11
6.8490232e-12
-2.6625037e-11
9.6848907e-12
-3.7441466e-11
1.362186e-11
-5.2381735e-11
1.9055633e-11
-7.2885491e-11
2.6510567e-11
-1.008336e-10
3.6676715e-11
-1.3866003e-10
5.0456406e-11
-1.8948668e-10
6.9022778e-11
-2.572863e-10
9.3893183e-11
-3.4708055e-10
1.2702101e-10
-4.651818e-10
1.7091088e-10
-6.1948848e-10
2.2876086e-10
-8.1984779e-10
3.0461289e-10
-1.0785088e-09
4.035341e-10
-1.4106294e-09
5.3182849e-10
-1.8348451e-09
6.9726818e-10
-2.3738775e-09
9.0926739e-10
-3.0553075e-09
1.1790623e-09
-3.91165e-09
1.5199628e-09
-4.9824633e-09
-6.3047007e-09
1.944787e-09
2.3501237e-16
-3.1162083e-15
1.1346119e-15
-1.1935011e-14
3.0991774e-15
-2.6078576e-14
6.7242595e-15
-4.8153074e-14
1.2888579e-14
-8.194754e-14
2.2880027e-14
-1.3295042e-13
3.8575496e-14
-2.0908499e-13
6.2696626e-14
-3.2175312e-13
9.9172132e-14
-4.8731136e-13
1.5364896e-13
-7.2914996e-13
2.3420999e-13
-1.0806073e-12
3.5237641e-13
-1.5890335e-12
5.2449921e-13
-2.3214196e-12
7.7367768e-13
-3.3721409e-12
1.1323846e-12
-4.8735158e-12
1.6460273e-12
-7.0100675e-12
2.3777344e-12
-1.0037575e-11
3.4147236e-12
-1.4308209e-11
4.8766855e-12
-2.030325e-11
6.9267022e-12
-2.8675054e-11
9.7853207e-12
-4.0300084e-11
1.374853e-11
-5.6344944e-11
1.9210552e-11
-7.8347513e-11
2.6692608e-11
-1.0831565e-10
3.6879102e-11
-1.4884652e-10
5.06631e-11
-2.0327068e-10
6.9203418e-11
-2.7582662e-10
9.399604e-11
-3.7187317e-10
1.2696299e-10
-4.9814875e-10
1.7056189e-10
-6.6308737e-10
2.2791685e-10
-8.7720275e-10
3.029605e-10
-1.1535525e-09
4.0059344e-10
-1.5082624e-09
5.2685365e-10
-1.9611053e-09
6.8908378e-10
-2.5361076e-09
8.9602746e-10
-3.2622512e-09
1.157933e-09
-4.1735556e-09
1.4867167e-09
-5.311247e-09
-6.7115811e-09
1.8935971e-09
2.3554953e-16
-3.3517577e-15
1.1371092e-15
-1.283657e-14
3.1057942e-15
-2.8047261e-14
6.738185e-15
-5.1785465e-14
1.2914371e-14
-8.8123726e-14
2.2923989e-14
-1.4296004e-13
3.8646023e-14
-2.2480702e-13
6.2804361e-14
-3.4591145e-13
9.9329614e-14
-5.2383661e-13
1.5386913e-13
-7.8368947e-13
2.3450237e-13
-1.1612406e-12
3.5273886e-13
-1.70727e-12
5.2490138e-13
-2.4935821e-12
7.740298e-13
-3.6212693e-12
1.1324802e-12
-5.2319662e-12
1.6454419e-12
-7.5230292e-12
2.3756496e-12
-1.0767783e-11
3.4096318e-12
-1.5342191e-11
4.8659046e-12
-2.1759523e-11
6.905604e-12
-3.0714753e-11
9.7461403e-12
-4.3140621e-11
1.3678581e-11
-6.0277384e-11
1.908962e-11
-8.3758552e-11
2.6489222e-11
-1.1571525e-10
3.6545303e-11
-1.589026e-10
5.012721e-11
-2.1685258e-10
6.8360118e-11
-2.9405953e-10
9.2692789e-11
-3.9620584e-10
1.249811e-10
-5.3043706e-10
1.6758908e-10
-7.0569536e-10
2.2350633e-10
-9.3312e-10
2.9647339e-10
-1.2265195e-09
3.9111117e-10
-1.6029001e-09
5.1303943e-10
-2.0830335e-09
6.6896325e-10
-2.6920315e-09
8.6666696e-10
-3.4599549e-09
1.1150143e-09
-4.4219029e-09
1.4240327e-09
-5.6202653e-09
-7.0904023e-09
1.8028539e-09
2.325209e-16
-3.5842786e-15
1.1224613e-15
-1.3726511e-14
3.0656104e-15
-2.999041e-14
6.650419e-15
-5.5370273e-14
1.2744693e-14
-9.4218e-14
2.2619571e-14
-1.5283492e-13
3.8126236e-14
-2.4031369e-13
6.1946841e-14
-3.6973206e-13
9.7949371e-14
-5.5983914e-13
1.5168719e-13
-8.3742729e-13
2.3109872e-13
-1.2406521e-12
3.474818e-13
-1.823653e-12
5.1684167e-13
-2.662942e-12
7.617424e-13
-3.8661701e-12
1.1138287e-12
-5.5840525e-12
1.6172298e-12
-8.0264303e-12
2.3331082e-12
-1.1483661e-11
3.3456726e-12
-1.6354756e-11
4.7700381e-12
-2.3183888e-11
6.7623832e-12
-3.2707098e-11
9.5329322e-12
-4.591117e-11
1.3362394e-11
-6.4106845e-11
1.8622629e-11
-8.9018787e-11
2.5802536e-11
-1.2289516e-10
3.5540403e-11
-1.6864047e-10
4.8664336e-11
-2.2997652e-10
6.6242597e-11
-3.1163779e-10
8.9645848e-11
-4.1960909e-10
1.2062287e-10
-5.6141408e-10
1.6139011e-10
-7.4646259e-10
2.1473203e-10
-9.8646192e-10
2.8410313e-10
-1.2958906e-09
3.7371994e-10
-1.6925169e-09
4.8861992e-10
-2.1979335e-09
6.3465395e-10
-2.8380655e-09
8.1835019e-10
-3.6436512e-09
1.046764e-09
-4.6503167e-09
1.3274359e-09
-5.9009372e-09
-7.4296571e-09
1.6666908e-09
2.2320021e-16
-3.8074788e-15
1.0772841e-15
-1.4580595e-14
2.941942e-15
-3.1855068e-14
6.3817345e-15
-5.8810066e-14
1.2229175e-14
-1.0006544e-13
2.1703597e-14
-1.6230934e-13
3.6580526e-14
-2.5519062e-13
5.9432114e-14
-3.9258365e-13
9.3966972e-14
-5.94374e-13
1.4550828e-13
-8.889686e-13
2.2166284e-13
-1.3168067e-12
3.3325169e-13
-1.9352419e-12
4.9559562e-13
-2.8252859e-12
7.3027707e-13
-4.1008515e-12
1.0675337e-12
-5.9213091e-12
1.5494775e-12
-8.5083741e-12
2.2343784e-12
-1.2168562e-11
3.2022964e-12
-1.7322674e-11
4.5624015e-12
-2.4543993e-11
6.4623753e-12
-3.4607072e-11
9.1003611e-12
-4.8549155e-11
1.2740019e-11
-6.7746503e-11
1.7729371e-11
-9.4008139e-11
2.452428e-11
-1.2969007e-10
3.3717641e-11
-1.7783383e-10
4.6075597e-11
-2.4233447e-10
6.2582278e-11
-3.2814447e-10
8.4494468e-11
-4.4152128e-10
1.134069e-10
-5.9032652e-10
1.5132711e-10
-7.843828e-10
2.0075494e-10
-1.0358897e-09
2.6475561e-10
-1.3598913e-09
3.4700859e-10
-1.7747699e-09
4.5180157e-10
-2.3027265e-09
5.8392201e-10
-2.9701859e-09
7.4836784e-10
-3.808097e-09
9.4997007e-10
-4.8519189e-09
1.192974e-09
-6.1439411e-09
-7.7165968e-09
1.4799136e-09
2.0973783e-16
-4.0172166e-15
1.0123798e-15
-1.5383237e-14
2.7645553e-15
-3.3607244e-14
5.996112e-15
-6.2041623e-14
1.1487866e-14
-1.055572e-13
2.0382567e-14
-1.7120404e-13
3.4342767e-14
-2.6915082e-13
5.5774508e-14
-4.1401539e-13
8.8142869e-14
-6.2674236e-13
1.3641486e-13
-9.3724059e-13
2.0767763e-13
-1.3880694e-12
3.1199594e-13
-2.0395602e-12
4.6359312e-13
-2.9768831e-12
6.8246441e-13
-4.3197228e-12
9.9656151e-13
-6.2354062e-12
1.4447208e-12
-8.9565334e-12
2.0805463e-12
-1.2804387e-11
2.977497e-12
-1.8219624e-11
4.23547e-12
-2.5801966e-11
5.9892109e-12
-3.6360812e-11
8.4189242e-12
-5.0978868e-11
1.1763518e-11
-7.1091096e-11
1.6337004e-11
-9.8581625e-11
2.2548729e-11
-1.3590179e-10
3.0928286e-11
-1.8621339e-10
4.2156169e-11
-2.5356235e-10
5.7101218e-11
-3.4308952e-10
7.6865639e-11
-4.612857e-10
1.0283727e-10
-6.1629814e-10
1.3674656e-10
-8.1829209e-10
1.8072168e-10
-1.0798649e-09
2.3732837e-10
-1.416498e-09
3.0957282e-10
-1.8470144e-09
4.0083146e-10
-2.3939851e-09
5.1464928e-10
-3.0840037e-09
6.5430599e-10
-3.9477537e-09
8.2216825e-10
-5.0197811e-09
1.0182738e-09
-6.3400467e-09
-7.9375874e-09
1.2392645e-09
1.8613918e-16
-4.2033557e-15
8.9819771e-16
-1.6095295e-14
2.4523585e-15
-3.5161404e-14
5.3185109e-15
-6.4907775e-14
1.0189105e-14
-1.1042779e-13
1.8077538e-14
-1.7909247e-13
3.0458105e-14
-2.8153138e-13
4.9464246e-14
-4.3302153e-13
7.8168077e-14
-6.5544619e-13
1.2097248e-13
-9.8004499e-13
1.8415788e-13
-1.4512548e-12
2.7663952e-13
-2.1320418e-12
4.1100821e-13
-3.1112518e-12
6.0494815e-13
-4.5136627e-12
8.8314848e-13
-6.5136065e-12
1.2798517e-12
-9.3532367e-12
1.842208e-12
-1.3366744e-11
2.6346297e-12
-1.9012046e-11
3.7443652e-12
-2.6911701e-11
5.2885352e-12
-3.7904982e-11
7.4229038e-12
-5.3113237e-11
1.0352701e-11
-7.4020894e-11
1.4345884e-11
-1.0257481e-10
1.9749301e-11
-1.4130521e-10
2.7008362e-11
-1.9347245e-10
3.6690827e-11
-2.6324482e-10
4.9515284e-11
-3.5591397e-10
6.6384303e-11
-4.7815472e-10
8.8420983e-11
-6.3833482e-10
1.1700503e-10
-8.4687614e-10
1.5380019e-10
-1.11666e-09
2.0075818e-10
-1.463456e-09
2.6007576e-10
-1.906332e-09
3.3406918e-10
-2.4679786e-09
4.2490898e-10
-3.1748435e-09
5.3412297e-10
-4.0569677e-09
6.6192575e-10
-5.1475839e-09
8.0493285e-10
-6.4830538e-09
-8.0784411e-09
9.4578654e-10
1.6214489e-16
-4.3655006e-15
7.8241961e-16
-1.671557e-14
2.1361443e-15
-3.6515129e-14
4.6322731e-15
-6.7403904e-14
8.873183e-15
-1.146687e-13
1.5739965e-14
-1.8595925e-13
2.6513586e-14
-2.92305e-13
4.3046231e-14
-4.4955417e-13
6.8002409e-14
-6.8040236e-13
1.051963e-13
-1.0172389e-12
1.6006072e-13
-1.5061193e-12
2.4029419e-13
-2.2122753e-12
3.5674613e-13
-3.2277037e-12
5.2461581e-13
-4.6815324e-12
7.6505814e-13
-6.7540488e-12
1.1073068e-12
-9.6954853e-12
1.5914419e-12
-1.3850879e-11
2.2719411e-12
-1.9692545e-11
3.222163e-12
-2.7861923e-11
4.5399102e-12
-3.9222729e-11
6.3542253e-12
-5.4927552e-11
8.8335774e-12
-7.6500245e-11
1.2195625e-11
-1.0593685e-10
1.6718793e-11
-1.4582838e-10
2.2755929e-11
-1.9950958e-10
3.0750293e-11
-2.7123918e-10
4.1253824e-11
-3.664175e-10
5.4946861e-11
-4.9184776e-10
7.2656883e-11
-6.5604485e-10
9.53709e-11
-8.6959016e-10
1.2423161e-10
-1.1455207e-09
1.6050108e-10
-1.4997255e-09
2.0546838e-10
-1.9512993e-09
2.602706e-10
-2.5227808e-09
3.2558418e-10
-3.2401571e-09
4.0112721e-10
-4.1325107e-09
4.8532077e-10
-5.2317774e-09
5.7480781e-10
-6.5725408e-09
-8.1842329e-09
6.8059957e-10
1.1728105e-16
-4.4827817e-15
5.6576775e-16
-1.7164057e-14
1.5440468e-15
-3.7493408e-14
3.3465927e-15
-6.920645e-14
6.4063959e-15
-1.177285e-13
1.1355486e-14
-1.9090834e-13
1.9110522e-14
-3.0006004e-13
3.0993204e-14
-4.6143686e-13
4.889867e-14
-6.9830783e-13
7.552943e-14
-1.0438696e-12
1.1471786e-13
-1.5453077e-12
1.7186688e-13
-2.2694243e-12
2.5454591e-13
-3.3103827e-12
3.7328745e-13
-4.8002739e-12
5.4263728e-13
-6.9233986e-12
7.8251744e-13
-9.9353655e-12
1.1199638e-12
-1.4188325e-11
1.5912968e-12
-2.0163878e-11
2.2447736e-12
-2.85154e-11
3.1437488e-12
-4.0121704e-11
4.3703472e-12
-5.615415e-11
6.0296173e-12
-7.8159515e-11
8.2541114e-12
-1.0816135e-10
1.1208811e-11
-1.4878307e-10
1.5096278e-11
-2.0339705e-10
2.0161755e-11
-2.7630466e-10
2.669755e-11
-3.729533e-10
3.5045093e-11
-5.001953e-10
4.5591295e-11
-6.6659105e-10
5.8752961e-11
-8.8275183e-10
7.4938846e-11
-1.1617066e-09
9.4473782e-11
-1.5192604e-09
1.1746453e-10
-1.97429e-09
1.4358685e-10
-2.5489031e-09
1.7175896e-10
-3.2683292e-09
1.9961011e-10
-4.1603618e-09
2.2329775e-10
-5.2554651e-09
2.3732088e-10
-6.5865639e-09
-8.1843709e-09
2.3745905e-10
6.3060981e-17
-4.5458428e-15
3.0382904e-16
-1.7404825e-14
8.2838765e-16
-3.8017967e-14
1.7937913e-15
-7.0171853e-14
3.4303924e-15
-1.193651e-13
6.073424e-15
-1.9355137e-13
1.0207335e-14
-3.0419395e-13
1.6527587e-14
-4.6775711e-13
2.6026102e-14
-7.0780634e-13
4.0108266e-14
-1.0579518e-12
6.0751321e-14
-1.5659507e-12
9.0715816e-14
-2.2993888e-12
1.3382313e-13
-3.35349e-12
1.953121e-13
-4.8617629e-12
2.8228518e-13
-7.0103717e-12
4.0424786e-13
-1.0057328e-11
5.7373133e-13
-1.4357808e-11
8.0696628e-13
-2.0397113e-11
1.1245425e-12
-2.8832976e-11
1.5519453e-12
-4.0549107e-11
2.1198088e-12
-5.6722013e-11
2.8636702e-12
-7.8903376e-11
3.8229496e-12
-1.0912063e-10
5.0388018e-12
-1.4999893e-10
6.5503525e-12
-2.049086e-10
8.3885544e-12
-2.7814286e-10
1.0566356e-11
-3.751311e-10
1.3062839e-11
-5.0269178e-10
1.5797212e-11
-6.6932542e-10
1.8585828e-11
-8.8554045e-10
2.1071845e-11
-1.1641926e-09
2.2613274e-11
-1.5208018e-09
2.2112907e-11
-1.9737896e-09
1.7780211e-11
-2.5445704e-09
6.8063441e-12
-3.2573553e-09
-1.5286913e-11
-4.1382685e-09
-5.4736692e-11
-5.2160153e-09
-1.1983393e-10
-6.5214666e-09
-8.0841933e-09
-2.2001155e-10
5.1650296e-18
-4.5510079e-15
2.4408982e-17
-1.7424069e-14
6.5210554e-17
-3.8058768e-14
1.3778188e-16
-7.0244424e-14
2.5564843e-16
-1.1948297e-13
4.3597282e-16
-1.937317e-13
6.9919901e-16
-3.0445717e-13
1.0671703e-15
-4.6812508e-13
1.558159e-15
-7.0829733e-13
2.1760167e-15
-1.0585697e-12
2.8885959e-15
-1.5666633e-12
3.5871972e-15
-2.3000874e-12
4.0133516e-15
-3.3539162e-12
3.6306816e-15
-4.8613802e-12
1.4064971e-15
-7.0081475e-12
-4.5516372e-15
-1.005137e-11
-1.7587004e-14
-1.4344773e-11
-4.3433702e-14
-2.0371266e-11
-9.1677948e-14
-2.8784731e-11
-1.7797867e-13
-4.0462806e-11
-3.2736545e-13
-5.6572626e-11
-5.7902635e-13
-7.8651715e-11
-9.9310733e-13
-1.0870655e-10
-1.660179e-12
-1.4933185e-10
-2.7142209e-12
-2.0385456e-10
-4.3503147e-12
-2.7650677e-10
-6.8488612e-12
-3.7263255e-10
-1.0609242e-11
-4.989314e-10
-1.6197589e-11
-6.6373707e-10
-2.4415782e-11
-8.7732225e-10
-3.6401638e-11
-1.1522068e-09
-5.3772464e-11
-1.503431e-09
-7.8823963e-11
-1.9487381e-09
-1.1479447e-10
-2.5085999e-09
-1.6611576e-10
-3.206034e-09
-2.3931268e-10
-4.0650716e-09
-3.4286685e-10
-5.1124611e-09
-4.8734763e-10
-6.3769858e-09
-7.8860041e-09
-6.8553693e-10
-5.8235537e-17
-4.4927724e-15
-2.8171456e-16
-1.720059e-14
-7.7095682e-16
-3.7569526e-14
-1.676298e-15
-6.9339083e-14
-3.2209909e-15
-1.1793828e-13
-5.7347262e-15
-1.9121796e-13
-9.7022379e-15
-3.0048966e-13
-1.5833724e-14
-4.6199359e-13
-2.5166784e-14
-6.9896426e-13
-3.9213865e-14
-1.0445226e-12
-6.0175322e-14
-1.5457018e-12
-9.1246933e-14
-2.2690158e-12
-1.3706308e-13
-3.3081e-12
-2.0433411e-13
-4.7941091e-12
-3.0276044e-13
-6.9097211e-12
-4.463387e-13
-9.9077917e-12
-6.5521897e-13
-1.4135893e-11
-9.5832895e-13
-2.0068156e-11
-1.3970526e-12
-2.8346008e-11
-2.0303369e-12
-3.9829522e-11
-2.9417027e-12
-5.566126e-11
-4.2487502e-12
-7.7344667e-11
-6.1158916e-12
-1.068394e-10
-8.7712223e-12
-1.4667652e-10
-1.252871e-11
-2.0009707e-10
-1.7817297e-11
-2.7121818e-10
-2.5219209e-11
-3.6523064e-10
-3.5520826e-11
-4.8862979e-10
-4.9781135e-11
-6.4947677e-10
-6.9424872e-11
-8.5767852e-10
-9.636952e-11
-1.1252621e-09
-1.3319497e-10
-1.4666055e-09
-1.8335794e-10
-1.8985752e-09
-2.5150535e-10
-2.4404525e-09
-3.4356672e-10
-3.1139726e-09
-4.6797623e-10
-3.940662e-09
-6.3507788e-10
-4.9453594e-09
-8.5739266e-10
-6.154671e-09
-7.5932761e-09
-1.1501206e-09
-1.2384702e-16
-4.3689256e-15
-5.9843046e-16
-1.6726006e-14
-1.6359865e-15
-3.653197e-14
-3.5530365e-15
-6.7422033e-14
-6.8180196e-15
-1.1467329e-13
-1.2119951e-14
-1.8591603e-13
-2.046716e-14
-2.9214245e-13
-3.3328986e-14
-4.4913176e-13
-5.2838639e-14
-6.7945461e-13
-8.2082927e-14
-1.0152783e-12
-1.2551492e-13
-1.5022699e-12
-1.8953988e-13
-2.2049908e-12
-2.8334436e-13
-3.2142955e-12
-4.2006441e-13
-4.6573891e-12
-6.1842405e-13
-6.7113615e-12
-9.0502024e-13
-9.6211955e-12
-1.3174892e-12
-1.3723424e-11
-1.9088616e-12
-1.9476783e-11
-2.7535029e-12
-2.7501366e-11
-3.955141e-12
-3.8627883e-11
-5.6576078e-12
-5.3958793e-11
-8.0590648e-12
-7.494321e-11
-1.1430656e-11
-1.0346781e-10
-1.6140747e-11
-1.4196643e-10
-2.2686218e-11
-1.935516e-10
-3.1732726e-11
-2.6217167e-10
-4.4166551e-11
-3.5279682e-10
-6.116169e-11
-4.7163465e-10
-8.4267319e-11
-6.2637114e-10
-1.1552266e-10
-8.2642318e-10
-1.5760805e-10
-1.0831768e-09
-2.1403727e-10
-1.4101763e-09
-2.8936297e-10
-1.8232495e-09
-3.8948473e-10
-2.3403307e-09
-5.2208091e-10
-2.9813764e-09
-6.9669901e-10
-3.7660439e-09
-9.253522e-10
-4.7167062e-09
-1.2226972e-09
-5.8573259e-09
-7.2106652e-09
-1.6053082e-09
-1.912025e-16
-4.1777232e-15
-9.2358394e-16
-1.5993625e-14
-2.5240393e-15
-3.4931514e-14
-5.4795671e-15
-6.4466505e-14
-1.0510022e-14
-1.0964284e-13
-1.8672701e-14
-1.7775335e-13
-3.1512291e-14
-2.7930286e-13
-5.1275282e-14
-4.2936877e-13
-8.1215675e-14
-6.4951421e-13
-1.260295e-13
-9.7046445e-13
-1.9247024e-13
-1.4358291e-12
-2.9021718e-13
-2.1072438e-12
-4.3309513e-13
-3.0714176e-12
-6.4077908e-13
-4.4497051e-12
-9.4116312e-13
-6.4109774e-12
-1.373631e-12
-9.1887276e-12
-1.9935383e-12
-1.3103516e-11
-2.8783055e-12
-1.8592016e-11
-4.1356258e-12
-2.6244046e-11
-5.9144141e-12
-3.6849095e-11
-8.4192663e-12
-5.145394e-11
-1.1929356e-11
-7.1433119e-11
-1.6822899e-11
-9.857427e-11
-2.3608544e-11
-1.3518079e-10
-3.2965426e-11
-1.8419472e-10
-4.5794034e-11
-2.4934307e-10
-6.3280762e-11
-3.3531009e-10
-8.697988e-11
-4.4793553e-10
-1.1891776e-10
-5.9443326e-10
-1.6172585e-10
-7.8361509e-10
-2.1881249e-10
-1.0260901e-09
-2.9459299e-10
-1.3343958e-09
-3.947756e-10
-1.7230668e-09
-5.2609869e-10
-2.2090076e-09
-6.9769455e-10
-2.8097805e-09
-9.2070451e-10
-3.5430339e-09
-1.2083378e-09
-4.4290728e-09
-1.5766007e-09
-5.489063e-09
-6.7438639e-09
-2.0434019e-09
-2.5816043e-16
-3.9195629e-15
-1.2467922e-15
-1.5004993e-14
-3.4067447e-15
-3.2771561e-14
-7.3944606e-15
-6.0478788e-14
-1.4179691e-14
-1.0285761e-13
-2.5185791e-14
-1.6674725e-13
-4.2490568e-14
-2.6199808e-13
-6.9112976e-14
-4.0274636e-13
-1.0942103e-13
-6.0920615e-13
-1.6971019e-13
-9.1017529e-13
-2.5902024e-13
-1.346519e-12
-3.9028405e-13
-1.97598e-12
-5.8193496e-13
-2.8797667e-12
-8.6014337e-13
-4.1714967e-12
-1.261909e-12
-6.0092118e-12
-1.8393057e-12
-8.6113309e-12
-2.665261e-12
-1.2277561e-11
-3.8413571e-12
-1.741592e-11
-5.5082578e-12
-2.4577145e-11
-7.8595051e-12
-3.4497847e-11
-1.1159583e-11
-4.8153863e-11
-1.5767324e-11
-6.6825378e-11
-2.2165955e-11
-9.2175639e-11
-3.1001327e-11
-1.2634542e-10
-4.313025e-11
-1.720658e-10
-5.9681306e-11
-2.3279201e-10
-8.2131117e-11
-3.1286028e-10
-1.1239974e-10
-4.1766691e-10
-1.5296946e-10
-5.5386354e-10
-2.0703129e-10
-7.2955327e-10
-2.7866148e-10
-9.5445993e-10
-3.7303246e-10
-1.2400249e-09
-4.9682808e-10
-1.5992712e-09
-6.583276e-10
-2.0475081e-09
-8.6739484e-10
-2.6007132e-09
-1.1360081e-09
-3.2744207e-09
-1.4787882e-09
-4.0862927e-09
-1.9129176e-09
-5.0549335e-09
-6.1993846e-09
-2.457397e-09
-3.2330325e-16
-3.5962599e-15
-1.5612363e-15
-1.376706e-14
-4.265492e-15
-3.0067305e-14
-9.2573016e-15
-5.5486978e-14
-1.7749406e-14
-9.43655e-14
-3.152103e-14
-1.5297562e-13
-5.3168149e-14
-2.4035096e-13
-8.6460309e-14
-3.694542e-13
-1.3684766e-13
-5.588188e-13
-2.1217874e-13
-8.348442e-13
-3.2371246e-13
-1.2349853e-12
-4.8753809e-13
-1.8121544e-12
-7.2655739e-13
-2.6407474e-12
-1.0732346e-12
-3.8248195e-12
-1.5733862e-12
-5.5090601e-12
-2.2913634e-12
-7.8933537e-12
-3.3170793e-12
-1.1251845e-11
-4.7754479e-12
-1.5957551e-11
-6.838937e-12
-2.2513656e-11
-9.7440814e-12
-3.1592702e-11
-1.3812977e-11
-4.4084967e-11
-1.9480957e-11
-6.1157398e-11
-2.733188e-11
-8.4324717e-11
-3.8142746e-11
-1.1553455e-10
-5.2939705e-11
-1.5726884e-10
-7.306799e-11
-2.1266373e-10
-1.0027886e-10
-2.8564941e-10
-1.3683716e-10
-3.8110862e-10
-1.8565341e-10
-5.0504729e-10
-2.5044429e-10
-6.647624e-10
-3.3592432e-10
-8.689799e-10
-4.4802966e-10
-1.1279195e-09
-5.9406757e-10
-1.4532333e-09
-7.8334547e-10
-1.8582301e-09
-1.0270112e-09
-2.3570474e-09
-1.3379599e-09
-2.963472e-09
-1.7316006e-09
-3.6926519e-09
-2.2259414e-09
-4.5605926e-09
-5.5843592e-09
-2.8409668e-09
-3.8481147e-16
-3.2114486e-15
-1.8581274e-15
-1.2293744e-14
-5.076283e-15
-2.684915e-14
-1.1016076e-14
-4.9547185e-14
-2.1119625e-14
-8.4261951e-14
-3.7502071e-14
-1.3659318e-13
-6.3248464e-14
-2.1460457e-13
-1.0283673e-13
-3.2986593e-13
-1.6273818e-13
-4.9891735e-13
-2.5226674e-13
-7.4531564e-13
-3.8477473e-13
-1.1024773e-12
-5.7932844e-13
-1.6176007e-12
-8.630429e-13
-2.3570329e-12
-1.2743149e-12
-3.4135474e-12
-1.867268e-12
-4.916107e-12
-2.717815e-12
-7.0428066e-12
-3.9318537e-12
-1.0037806e-11
-5.6562373e-12
-1.4233167e-11
-8.0933079e-12
-2.0076585e-11
-1.1519936e-11
-2.8166074e-11
-1.6312189e-11
-3.9292714e-11
-2.297694e-11
-5.4492647e-11
-3.219197e-11
-7.5109687e-11
-4.4856393e-11
-1.0287013e-10
-6.2153592e-11
-1.3997164e-10
-8.5629297e-11
-1.8918803e-10
-1.1728787e-10
-2.5399084e-10
-1.5971023e-10
-3.3868626e-10
-2.1619675e-10
-4.4856078e-10
-2.9093758e-10
-5.9002157e-10
-3.8921033e-10
-7.7070715e-10
-5.17596e-10
-9.9953384e-10
-6.8417536e-10
-1.2866539e-09
-8.9894839e-10
-1.6434571e-09
-1.1739708e-09
-2.082025e-09
-1.5230758e-09
-2.614367e-09
-1.9624293e-09
-3.2532984e-09
-2.5106561e-09
-4.0123658e-09
-4.906478e-09
-3.1885372e-09
-4.4111751e-16
-2.7703313e-15
-2.1299038e-15
-1.0604958e-14
-5.8184775e-15
-2.3160576e-14
-1.2626011e-14
-4.2739651e-14
-2.4204534e-14
-7.2683428e-14
-4.2976557e-14
-1.1782115e-13
-7.2474583e-14
-1.8510654e-13
-1.1782454e-13
-2.8451597e-13
-1.8643168e-13
-4.303102e-13
-2.8894984e-13
-6.4279746e-13
-4.4064508e-13
-9.5078207e-13
-6.633043e-13
-1.3949414e-12
-9.8789162e-13
-2.0324456e-12
-1.4582214e-12
-2.9432177e-12
-2.1359995e-12
-4.2383289e-12
-3.1076861e-12
-6.07112e-12
-4.4937518e-12
-8.6517406e-12
-6.461037e-12
-1.2265882e-11
-9.2390773e-12
-1.7298544e-11
-1.3141422e-11
-2.4263728e-11
-1.8593159e-11
-3.3840977e-11
-2.6166046e-11
-4.6919761e-11
-3.6622898e-11
-6.4652834e-11
-5.0973157e-11
-8.8519872e-11
-7.0541899e-11
-1.204029e-10
-9.705497e-11
-1.6267496e-10
-1.3274325e-10
-2.1830257e-10
-1.8046918e-10
-2.9096033e-10
-2.4387827e-10
-3.8515169e-10
-3.2757665e-10
-5.0632319e-10
-4.3733248e-10
-6.6095132e-10
-5.8029211e-10
-8.5657421e-10
-7.6519814e-10
-1.1017479e-09
-1.0026904e-09
-1.4059648e-09
-1.3054592e-09
-1.7792562e-09
-1.6881118e-09
-2.2317144e-09
-2.1674798e-09
-2.7739303e-09
-2.7627224e-09
-3.4171232e-09
-4.1739159e-09
-3.4952845e-09
-4.9063005e-16
-2.2797015e-15
-2.3688792e-15
-8.7267084e-15
-6.471076e-15
-1.9058379e-14
-1.404157e-14
-3.5169156e-14
-2.6916939e-14
-5.9808058e-14
-4.7789924e-14
-9.6948165e-14
-8.0586399e-14
-1.5231006e-13
-1.3100195e-13
-2.3410041e-13
-2.0726282e-13
-3.5404933e-13
-3.2120066e-13
-5.2885962e-13
-4.8976353e-13
-7.8221919e-13
-7.3712929e-13
-1.1475757e-12
-1.0976442e-12
-1.6719306e-12
-1.6198819e-12
-2.42098e-12
-2.3722075e-12
-3.4860033e-12
-3.4503409e-12
-4.9929866e-12
-4.9875404e-12
-7.1145411e-12
-7.1681747e-12
-1.0085248e-11
-1.0245609e-11
-1.422111e-11
-1.4565504e-11
-1.9943833e-11
-2.0595817e-11
-2.7810664e-11
-2.8964972e-11
-3.8550605e-11
-4.050994e-11
-5.3107867e-11
-5.6336191e-11
-7.2693622e-11
-7.7891868e-11
-9.8847227e-11
-1.0705884e-10
-1.33508e-10
-1.4626357e-10
-1.7909785e-10
-1.9861063e-10
-2.3861327e-10
-2.6804098e-10
-3.1572135e-10
-3.5951492e-10
-4.1484925e-10
-4.7921634e-10
-5.4124991e-10
-6.3476879e-10
-7.0102175e-10
-8.3545285e-10
-9.0106382e-10
-1.092446e-09
-1.1489716e-09
-1.418953e-09
-1.4527492e-09
-1.8301672e-09
-1.8205001e-09
-2.3434509e-09
-2.2606465e-09
-2.9784278e-09
-2.7821463e-09
-3.3952375e-09
-3.7571062e-09
-5.3204829e-16
-1.7476535e-15
-2.568787e-15
-6.6899696e-15
-7.0169632e-15
-1.4610202e-14
-1.5225611e-14
-2.6960508e-14
-2.9185627e-14
-4.5848041e-14
-5.1815694e-14
-7.4318097e-14
-8.7370553e-14
-1.167552e-13
-1.4202199e-13
-1.7944898e-13
-2.2468245e-13
-2.7138886e-13
-3.4816789e-13
-4.0537417e-13
-5.3083178e-13
-5.995553e-13
-7.9884924e-13
-8.7955818e-13
-1.1893911e-12
-1.2813887e-12
-1.7550044e-12
-1.8553666e-12
-2.569612e-12
-2.6713957e-12
-3.7366584e-12
-3.8259402e-12
-5.4000655e-12
-5.451134e-12
-7.7588103e-12
-7.7265028e-12
-1.1086106e-11
-1.0893814e-11
-1.5754345e-11
-1.5275594e-11
-2.2267136e-11
-2.1297873e-11
-3.1299989e-11
-2.9517752e-11
-4.375141e-11
-4.0656447e-11
-6.0806442e-11
-5.5638591e-11
-8.4015016e-11
-7.5638656e-11
-1.1538776e-10
-1.0213526e-10
-1.5751211e-10
-1.369735e-10
-2.1369129e-10
-1.8243409e-10
-2.8810775e-10
-2.4130491e-10
-3.8601006e-10
-3.1694694e-10
-5.1391881e-10
-4.1334116e-10
-6.7984103e-10
-5.3509952e-10
-8.934802e-10
-6.8742464e-10
-1.1664378e-09
-8.76014e-10
-1.512328e-09
-1.106859e-09
-1.9467832e-09
-1.3860448e-09
-2.4875672e-09
-1.7198624e-09
-3.1546832e-09
-2.1150304e-09
-2.5793153e-09
-3.9706054e-09
-5.6326566e-16
-1.1843881e-15
-2.7194822e-15
-4.5337531e-15
-7.4286334e-15
-9.9010509e-15
-1.611917e-14
-1.8269971e-14
-3.0899604e-14
-3.1067606e-14
-5.486184e-14
-5.035586e-14
-9.2514513e-14
-7.9102526e-14
-1.5039957e-13
-1.2156392e-13
-2.3796526e-13
-1.8382316e-13
-3.6879496e-13
-2.7454446e-13
-5.6233452e-13
-4.0601574e-13
-8.4631056e-13
-5.9558214e-13
-1.260087e-12
-8.6761234e-13
-1.8592944e-12
-1.2561592e-12
-2.7221664e-12
-1.8085237e-12
-3.9581357e-12
-2.5899709e-12
-5.7193844e-12
-3.6898853e-12
-8.2161987e-12
-5.2296885e-12
-1.1737148e-11
-7.3728644e-12
-1.6675288e-11
-1.0337453e-11
-2.3561773e-11
-1.4411388e-11
-3.3108459e-11
-1.9971066e-11
-4.626131e-11
-2.7503596e-11
-6.4266675e-11
-3.7633228e-11
-8.8752793e-11
-5.1152541e-11
-1.2182919e-10
-6.9058864e-11
-1.6620669e-10
-9.2596014e-11
-2.2534041e-10
-1.2330038e-10
-3.0359685e-10
-1.6304847e-10
-4.0644361e-10
-2.1410019e-10
-5.4065583e-10
-2.7912894e-10
-7.1452843e-10
-3.6122692e-10
-9.3807808e-10
-4.6387497e-10
-1.2232201e-09
-5.908719e-10
-1.5838729e-09
-7.4620621e-10
-2.0359823e-09
-9.3393532e-10
-2.5976024e-09
-1.1582424e-09
-3.2890229e-09
-1.4236098e-09
-1.7352595e-09
-4.1330787e-09
-5.8498759e-16
-5.9940076e-16
-2.8244411e-15
-2.2942996e-15
-7.7161838e-15
-5.009308e-15
-1.6745622e-14
-9.2405322e-15
-3.210588e-14
-1.5707347e-14
-5.701335e-14
-2.5448389e-14
-9.6157692e-14
-3.9958183e-14
-1.5634035e-13
-6.1381262e-14
-2.473744e-13
-9.2789108e-14
-3.8335513e-13
-1.3856372e-13
-5.844618e-13
-2.0490907e-13
-8.7947273e-13
-3.005712e-13
-1.3092414e-12
-4.3784366e-13
-1.9314946e-12
-6.3390602e-13
-2.8273975e-12
-9.126208e-13
-4.1104581e-12
-1.3069103e-12
-5.938484e-12
-1.8618595e-12
-8.5294668e-12
-2.6387057e-12
-1.2182442e-11
-3.7198892e-12
-1.730455e-11
-5.2153457e-12
-2.4445712e-11
-7.270226e-12
-3.4342537e-11
-1.0074241e-11
-4.7973283e-11
-1.387285e-11
-6.6625966e-11
-1.8980546e-11
-9.1981993e-11
-2.5796517e-11
-1.2621794e-10
-3.4822924e-11
-1.7212814e-10
-4.6685815e-11
-2.3327036e-10
-6.2158177e-11
-3.141352e-10
-8.2183635e-11
-4.2033749e-10
-1.0789791e-10
-5.5882298e-10
-1.4064345e-10
-7.3807836e-10
-1.8197152e-10
-9.6832722e-10
-2.3362607e-10
-1.2616924e-09
-2.9750665e-10
-1.6322928e-09
-3.7560575e-10
-2.0962765e-09
-4.6995166e-10
-2.6718858e-09
-5.8263309e-10
-3.3796028e-09
-7.1589281e-10
-8.7235477e-10
-4.2425075e-09
-5.9940084e-16
-2.8937004e-15
-7.9030081e-15
-1.714354e-14
-3.2850886e-14
-5.8299274e-14
-9.8257455e-14
-1.5963871e-13
-2.5242782e-13
-3.9099153e-13
-5.959006e-13
-8.9647179e-13
-1.3343155e-12
-1.9682215e-12
-2.8808423e-12
-4.1877526e-12
-6.0496121e-12
-8.6883177e-12
-1.2408207e-11
-1.7623552e-11
-2.4893778e-11
-3.496802e-11
-4.8840871e-11
-6.782142e-11
-9.3617942e-11
-1.2844087e-10
-1.7512669e-10
-2.3728488e-10
-3.1946853e-10
-4.2736644e-10
-5.6800988e-10
-7.4998138e-10
-9.8360741e-10
-1.281114e-09
-1.6567198e-09
-2.1266714e-09
-2.7093046e-09
-3.4251974e-09
-4.2975521e-09
1.2883001e-09
-1.8280504e-10
1.4834025e-09
-1.9510229e-10
1.6871568e-09
-2.0375416e-10
1.9006432e-09
-2.1348614e-10
2.1233795e-09
-2.2273609e-10
2.354933e-09
-2.3155331e-10
2.5946289e-09
-2.3969549e-10
2.841372e-09
-2.4674269e-10
3.0936778e-09
-2.5230534e-10
3.3495342e-09
-2.5585579e-10
3.6063151e-09
-2.5678029e-10
3.860655e-09
-2.5433924e-10
4.108437e-09
-2.477815e-10
4.3439605e-09
-2.355231e-10
-2.1877206e-10
4.5627327e-09
1.3300148e-09
-3.7075475e-10
1.5308632e-09
-3.9595065e-10
1.7408231e-09
-4.1371407e-10
1.961003e-09
-4.3366597e-10
2.1908636e-09
-4.5259663e-10
2.4299606e-09
-4.7065023e-10
2.6775692e-09
-4.8730401e-10
2.9325512e-09
-5.0172462e-10
3.1933559e-09
-5.1311e-10
3.4578898e-09
-5.2038956e-10
3.723427e-09
-5.223174e-10
3.9864663e-09
-5.1737849e-10
4.2427517e-09
-5.040668e-10
4.4863524e-09
-4.7912375e-10
-4.4503856e-10
4.7126189e-09
1.3766384e-09
-5.645058e-10
1.5839312e-09
-6.0324343e-10
1.8008883e-09
-6.3067113e-10
2.0285971e-09
-6.6137477e-10
2.2664705e-09
-6.9046997e-10
2.5140355e-09
-7.182152e-10
2.7705083e-09
-7.4377667e-10
3.0346925e-09
-7.6590875e-10
3.3049544e-09
-7.8337183e-10
3.5790996e-09
-7.945346e-10
3.8542804e-09
-7.9749812e-10
4.1268381e-09
-7.8993607e-10
4.3923464e-09
-7.6957509e-10
4.6446375e-09
-7.3141483e-10
-6.7922363e-10
4.8788225e-09
1.4286673e-09
-7.6481474e-10
1.6432125e-09
-8.1778862e-10
1.8680743e-09
-8.5553283e-10
2.1042648e-09
-8.9756526e-10
2.3511601e-09
-9.3736519e-10
2.6082386e-09
-9.7529372e-10
2.8746478e-09
-1.0101857e-09
3.1491161e-09
-1.040377e-09
3.4299079e-09
-1.0641635e-09
3.7147064e-09
-1.0793331e-09
4.0005178e-09
-1.0833094e-09
4.2835027e-09
-1.072921e-09
4.55903e-09
-1.0451023e-09
4.8206887e-09
-9.9307354e-10
-9.2179478e-10
5.0632598e-09
1.4864824e-09
-9.7252684e-10
1.7092001e-09
-1.0405063e-09
1.9429867e-09
-1.0893194e-09
2.1887295e-09
-1.143308e-09
2.4457746e-09
-1.1944102e-09
2.7135335e-09
-1.2430526e-09
2.9910733e-09
-1.2877254e-09
3.2770286e-09
-1.3263322e-09
3.5695414e-09
-1.3566762e-09
3.8661495e-09
-1.3759411e-09
4.1636865e-09
-1.3808463e-09
4.4581084e-09
-1.3673428e-09
4.7445431e-09
-1.331537e-09
5.0163274e-09
-1.2648578e-09
-1.1732901e-09
5.2678226e-09
1.5502933e-09
-1.1885636e-09
1.7822059e-09
-1.2724188e-09
2.0260472e-09
-1.3331607e-09
2.2825249e-09
-1.3997856e-09
2.5509616e-09
-1.4628469e-09
2.8306862e-09
-1.5227771e-09
3.1206716e-09
-1.5777108e-09
3.4194384e-09
-1.625099e-09
3.7249845e-09
-1.6622222e-09
4.0346783e-09
-1.6856349e-09
4.3451538e-09
-1.6913217e-09
4.6521366e-09
-1.6743256e-09
4.9504788e-09
-1.6298791e-09
5.2332519e-09
-1.547631e-09
-1.4343489e-09
5.4943106e-09
1.6200708e-09
-1.413902e-09
1.8622853e-09
-1.5146333e-09
2.1174162e-09
-1.5882915e-09
2.3859108e-09
-1.6682802e-09
2.6670854e-09
-1.7440215e-09
2.9601728e-09
-1.8158644e-09
3.2640352e-09
-1.8815731e-09
3.5770581e-09
-1.9381218e-09
3.8970728e-09
-1.9822368e-09
4.2212538e-09
-2.0098158e-09
4.5460087e-09
-2.0160766e-09
4.8668071e-09
-1.9951239e-09
5.1781913e-09
-1.9412634e-09
5.4729528e-09
-1.8423926e-09
-1.705751e-09
5.7443548e-09
1.6954702e-09
-1.6495412e-09
1.9491552e-09
-1.7683183e-09
2.2169084e-09
-1.8560447e-09
2.4987811e-09
-1.9501529e-09
2.7941298e-09
-2.0393702e-09
3.1020787e-09
-2.1238132e-09
3.421359e-09
-2.2008534e-09
3.7501992e-09
-2.266962e-09
4.0862413e-09
-2.3182789e-09
4.426442e-09
-2.3500164e-09
4.7669571e-09
-2.3565917e-09
5.1029755e-09
-2.3311423e-09
5.4286986e-09
-2.2669865e-09
5.7366207e-09
-2.1503148e-09
-1.9884639e-09
6.0193335e-09
1.775752e-09
-1.896454e-09
2.0421184e-09
-2.0346847e-09
2.3239044e-09
-2.1378307e-09
2.6205655e-09
-2.246814e-09
2.9315968e-09
-2.3504014e-09
3.2559945e-09
-2.4482109e-09
3.5923338e-09
-2.5371926e-09
3.9386636e-09
-2.6132917e-09
4.2924152e-09
-2.6720304e-09
4.6503051e-09
-2.7079064e-09
5.0082145e-09
-2.7145011e-09
5.361029e-09
-2.6839569e-09
5.7025812e-09
-2.6085388e-09
6.0250515e-09
-2.4727852e-09
-2.2836976e-09
6.3202852e-09
1.8600573e-09
-2.1558807e-09
2.140362e-09
-2.3149894e-09
2.4372758e-09
-2.4347445e-09
2.750131e-09
-2.5596692e-09
3.0784078e-09
-2.6786782e-09
3.4209159e-09
-2.7907189e-09
3.7760445e-09
-2.8923212e-09
4.1416416e-09
-2.9788888e-09
4.5149075e-09
-3.0452963e-09
4.8922995e-09
-3.0852984e-09
5.2694047e-09
-3.0916063e-09
5.6407868e-09
-3.0553391e-09
5.9998868e-09
-2.9676389e-09
6.3385547e-09
-2.8114532e-09
-2.5929654e-09
6.6478223e-09
1.9471022e-09
-2.4293492e-09
2.2423999e-09
-2.6102871e-09
2.5551471e-09
-2.7474917e-09
2.8856834e-09
-2.8902054e-09
3.2328177e-09
-3.0258125e-09
3.5951563e-09
-3.1530574e-09
3.9708834e-09
-3.2680482e-09
4.3576246e-09
-3.36563e-09
4.7523321e-09
-3.4400039e-09
5.151189e-09
-3.4841553e-09
5.5494742e-09
-3.4898916e-09
5.9414166e-09
-3.4472815e-09
6.3200471e-09
-3.3462696e-09
6.6768724e-09
-3.1682787e-09
-2.9181467e-09
7.0020536e-09
2.0335445e-09
-2.7175126e-09
2.3449326e-09
-2.9216752e-09
2.6750833e-09
-3.0776423e-09
3.0247338e-09
-3.2398558e-09
3.3923502e-09
-3.3934288e-09
3.7762843e-09
-3.5369914e-09
4.1744875e-09
-3.6662515e-09
4.5843439e-09
-3.7754864e-09
5.0025437e-09
-3.8582036e-09
5.4249858e-09
-3.9065974e-09
5.8466338e-09
-3.9115398e-09
6.2613746e-09
-3.8620224e-09
6.6618185e-09
-3.7467135e-09
7.0391192e-09
-3.5455795e-09
-3.2615498e-09
7.3825221e-09
2.1158784e-09
-3.0205186e-09
2.4443182e-09
-3.250115e-09
2.7937585e-09
-3.4270826e-09
3.164022e-09
-3.6101194e-09
3.5537618e-09
-3.7831686e-09
3.9610937e-09
-3.9443233e-09
4.3837136e-09
-4.0888714e-09
4.8187478e-09
-4.2105205e-09
5.2626156e-09
-4.3020715e-09
5.710929e-09
-4.3549108e-09
6.158336e-09
-4.3589469e-09
6.5983827e-09
-4.3020692e-09
7.0232547e-09
-4.1715856e-09
7.4237494e-09
-3.9460743e-09
-3.6259675e-09
7.788167e-09
2.1911921e-09
-3.3389568e-09
2.5373459e-09
-3.5962688e-09
2.9071757e-09
-3.7969124e-09
3.2995372e-09
-4.0024809e-09
3.7130558e-09
-4.1966871e-09
4.1456207e-09
-4.3768881e-09
4.5946583e-09
-4.5379089e-09
5.0570251e-09
-4.6728873e-09
5.5288662e-09
-4.7739126e-09
6.0055107e-09
-4.8315554e-09
6.4812999e-09
-4.8347362e-09
6.9494485e-09
-4.7702179e-09
7.4017214e-09
-4.6238586e-09
7.8285631e-09
-4.3729162e-09
-4.014722e-09
8.2173175e-09
2.2552702e-09
-3.6733113e-09
2.6196369e-09
-3.9606354e-09
3.0107768e-09
-4.1880523e-09
3.4266077e-09
-4.4183117e-09
3.8655492e-09
-4.6356287e-09
4.3252133e-09
-4.8365522e-09
4.8027328e-09
-5.0154285e-09
5.2946835e-09
-5.164838e-09
5.7969386e-09
-5.2761677e-09
6.3045564e-09
-5.3391733e-09
6.8115886e-09
-5.3417685e-09
7.3109375e-09
-5.2695668e-09
7.7939587e-09
-5.10688e-09
8.2507552e-09
-4.8297127e-09
-4.4316911e-09
8.6677243e-09
2.3031125e-09
-4.0238363e-09
2.6860583e-09
-4.3435813e-09
3.0993815e-09
-4.6013754e-09
3.5399876e-09
-4.8589178e-09
4.0059888e-09
-5.1016299e-09
4.4946559e-09
-5.3252194e-09
5.0027933e-09
-5.5235659e-09
5.5266842e-09
-5.6887289e-09
6.0619371e-09
-5.8114206e-09
6.6033603e-09
-5.8805966e-09
7.1447416e-09
-5.88315e-09
7.6786974e-09
-5.8035227e-09
8.1961939e-09
-5.6243767e-09
8.687011e-09
-5.3205298e-09
-4.8813134e-09
9.1366333e-09
2.3292564e-09
-4.390637e-09
2.7310171e-09
-4.745342e-09
3.1673388e-09
-5.0376972e-09
3.6340025e-09
-5.3255815e-09
4.1287166e-09
-5.5963439e-09
4.648346e-09
-5.8448488e-09
5.1893239e-09
-6.0645438e-09
5.7476283e-09
-6.2470332e-09
6.318616e-09
-6.3824085e-09
6.8968731e-09
-6.4588538e-09
7.4759575e-09
-6.4622345e-09
8.0482328e-09
-6.3757981e-09
8.6043019e-09
-6.1804459e-09
9.133648e-09
-5.8498759e-09
-5.3685656e-09
9.6209002e-09
2.3278966e-09
-4.7737466e-09
2.7486433e-09
-5.1660888e-09
3.2087328e-09
-5.4977866e-09
3.7027535e-09
-5.8196022e-09
4.2278838e-09
-6.1214743e-09
4.7805156e-09
-6.3974806e-09
5.3566629e-09
-6.6406912e-09
5.951986e-09
-6.8423564e-09
6.5616088e-09
-6.9920313e-09
7.1799299e-09
-7.077175e-09
7.800317e-09
-7.0826217e-09
8.4149185e-09
-6.9903997e-09
9.014005e-09
-6.7795325e-09
9.5867949e-09
-6.4226659e-09
-5.8989125e-09
1.0117142e-08
2.2930671e-09
-5.1732166e-09
2.7330272e-09
-5.6060489e-09
3.2176303e-09
-5.9823897e-09
3.7403623e-09
-6.3423342e-09
4.2976992e-09
-6.6788112e-09
4.8854829e-09
-6.9852642e-09
5.4992566e-09
-7.254465e-09
6.1343516e-09
-7.4774515e-09
6.7856828e-09
-7.6433626e-09
7.4475023e-09
-7.7389946e-09
8.1130304e-09
-7.7481499e-09
8.7742378e-09
-7.6516073e-09
9.421097e-09
-7.4263917e-09
1.0042597e-08
-7.0441663e-09
-6.4782303e-09
1.0621915e-08
2.2188181e-09
-5.5891808e-09
2.6784647e-09
-6.0656955e-09
3.1883485e-09
-6.4922735e-09
3.7412343e-09
-6.8952201e-09
4.3326911e-09
-7.270268e-09
4.9579144e-09
-7.6104875e-09
5.6119211e-09
-7.9084717e-09
6.2897039e-09
-8.1552343e-09
6.9859984e-09
-8.3396571e-09
7.6949546e-09
-8.4479509e-09
8.4096883e-09
-8.4628837e-09
9.1220254e-09
-8.3639444e-09
9.8216744e-09
-8.1260408e-09
1.0497432e-08
-7.7199237e-09
-7.1127053e-09
1.1131907e-08
2.0992752e-09
-6.0217653e-09
2.5795862e-09
-6.5460065e-09
3.1156656e-09
-7.0283528e-09
3.7002907e-09
-7.4798451e-09
4.3279499e-09
-7.8979272e-09
4.9930719e-09
-8.2756095e-09
5.6900892e-09
-8.605489e-09
6.413652e-09
-8.8787971e-09
7.1583526e-09
-9.0843578e-09
7.9182843e-09
-9.2078827e-09
8.6864964e-09
-9.2310959e-09
9.454693e-09
-9.1321412e-09
1.0212352e-08
-8.8837e-09
1.094811e-08
-8.4556813e-09
-7.8087141e-09
1.1644119e-08
1.9290193e-09
-6.470871e-09
2.4314803e-09
-7.0484674e-09
2.9950242e-09
-7.5918967e-09
3.6132011e-09
-8.0980221e-09
4.2793662e-09
-8.5640922e-09
4.9870467e-09
-8.98329e-09
5.7300382e-09
-9.3484804e-09
6.5026562e-09
-9.6514152e-09
7.2993934e-09
-9.8810951e-09
8.1143295e-09
-1.0022819e-08
8.9404756e-09
-1.0057242e-08
9.7694222e-09
-9.9610879e-09
1.0590449e-08
-9.7047265e-09
1.1392052e-08
-9.2572848e-09
-8.5726928e-09
1.2156031e-08
1.7049123e-09
-6.9365188e-09
2.2311271e-09
-7.5746823e-09
2.8235235e-09
-8.1842931e-09
3.4770304e-09
-8.751529e-09
4.1840433e-09
-9.2711051e-09
4.9370378e-09
-9.7362846e-09
5.7290973e-09
-1.014054e-08
6.5542011e-09
-1.0476519e-08
7.4067763e-09
-1.073367e-08
8.2809158e-09
-1.0896958e-08
9.169602e-09
-1.0945929e-08
1.0064295e-08
-1.0855781e-08
1.0954117e-08
-1.0594549e-08
1.1827403e-08
-1.0130571e-08
-9.4110201e-09
1.2665731e-08
1.4317826e-09
-7.4225149e-09
1.9809707e-09
-8.1238704e-09
2.6018909e-09
-8.8052133e-09
3.2912034e-09
-9.4408415e-09
4.0406944e-09
-1.0020596e-08
4.8414806e-09
-1.0537071e-08
5.6856731e-09
-1.0984733e-08
6.5667903e-09
-1.1357636e-08
7.4791559e-09
-1.1646036e-08
8.4168538e-09
-1.1834656e-08
9.3728109e-09
-1.1901886e-08
1.0338321e-08
-1.1821291e-08
1.1302361e-08
-1.1558589e-08
1.2253209e-08
-1.1081419e-08
1.3171738e-08
-1.0329549e-08
4.6419947e-09
-7.9262371e-11
4.7232787e-09
-8.1284709e-11
4.8046714e-09
-8.1393838e-11
4.8853986e-09
-8.0728564e-11
4.9653134e-09
-7.9916114e-11
5.0437425e-09
-7.8430133e-11
5.1203729e-09
-7.6631079e-11
5.1948231e-09
-7.4450597e-11
5.2666884e-09
-7.1866011e-11
5.3357477e-09
-6.9060733e-11
5.4012316e-09
-6.5484128e-11
5.4636713e-09
-6.2441219e-11
5.5199193e-09
-5.6247581e-11
5.5777146e-09
-5.7798305e-11
-3.6581888e-11
4.7930795e-09
-1.5972303e-10
4.8757075e-09
-1.639128e-10
4.9585493e-09
-1.6423569e-10
5.0408294e-09
-1.6300877e-10
5.1223696e-09
-1.6145631e-10
5.2024834e-09
-1.5854403e-10
5.2808346e-09
-1.5498221e-10
5.3570235e-09
-1.5063963e-10
5.4306264e-09
-1.4546881e-10
5.5014047e-09
-1.3983912e-10
5.5685645e-09
-1.3264394e-10
5.6326379e-09
-1.2651458e-10
5.6903985e-09
-1.1400818e-10
5.7497476e-09
-1.1714745e-10
-7.4181181e-11
4.9591471e-09
-2.400477e-10
5.0418408e-09
-2.4660655e-10
5.1250049e-09
-2.4739987e-10
5.2078347e-09
-2.4583864e-10
5.2901174e-09
-2.4373904e-10
5.3711496e-09
-2.3957635e-10
5.4505602e-09
-2.3439272e-10
5.5279232e-09
-2.2800273e-10
5.6027862e-09
-2.2033177e-10
5.6748838e-09
-2.1193685e-10
5.7433908e-09
-2.0115094e-10
5.8088306e-09
-1.9195439e-10
5.8678998e-09
-1.730774e-10
5.9286117e-09
-1.7785929e-10
-1.126903e-10
5.1419324e-09
-3.187204e-10
5.2232334e-09
-3.2790762e-10
5.3054284e-09
-3.29595e-10
5.3876514e-09
-3.2806172e-10
5.4696557e-09
-3.2574331e-10
5.5507155e-09
-3.2063628e-10
5.6304134e-09
-3.1409058e-10
5.7082881e-09
-3.0587758e-10
5.7838485e-09
-2.9589209e-10
5.8567919e-09
-2.8488035e-10
5.9262534e-09
-2.7061251e-10
5.9927382e-09
-2.5843914e-10
6.0528648e-09
-2.3320407e-10
6.1147073e-09
-2.3970165e-10
-1.5197791e-10
5.3431664e-09
-3.940643e-10
5.4214613e-09
-4.0620261e-10
5.5012424e-09
-4.0937615e-10
5.5815587e-09
-4.0837807e-10
5.6621297e-09
-4.0631429e-10
5.7422036e-09
-4.0071027e-10
5.8213056e-09
-3.9319261e-10
5.8989303e-09
-3.8350237e-10
5.974537e-09
-3.7149881e-10
6.0477752e-09
-3.5811862e-10
6.1177315e-09
-3.4056891e-10
6.1848809e-09
-3.2558849e-10
6.2457632e-09
-2.9408638e-10
6.3084582e-09
-3.0239651e-10
-1.9188839e-10
5.5645264e-09
-4.642801e-10
5.6380798e-09
-4.7975617e-10
5.7138714e-09
-4.8516778e-10
5.7908542e-09
-4.853609e-10
5.868714e-09
-4.8417414e-10
5.9466723e-09
-4.7866865e-10
6.0241876e-09
-4.7070786e-10
6.1007017e-09
-4.6001667e-10
6.175615e-09
-4.4641212e-10
6.2485177e-09
-4.3102144e-10
6.3184395e-09
-4.1049074e-10
6.385811e-09
-3.9295988e-10
6.4470926e-09
-3.5536803e-10
6.5103172e-09
-3.6562107e-10
-2.3224585e-10
5.8075735e-09
-5.2749896e-10
5.8745743e-09
-5.4675697e-10
5.944704e-09
-5.5529757e-10
6.0168253e-09
-5.5748221e-10
6.0905915e-09
-5.579403e-10
6.1652007e-09
-5.5327793e-10
6.2400382e-09
-5.4554538e-10
6.3144871e-09
-5.3446582e-10
6.3878802e-09
-5.1980516e-10
6.459738e-09
-5.0287938e-10
6.529025e-09
-4.797778e-10
6.5961113e-09
-4.6004611e-10
6.6573794e-09
-4.166362e-10
6.7207703e-09
-4.2901196e-10
-2.7285664e-10
6.0736845e-09
-5.8185009e-10
6.1323042e-09
-6.0537674e-10
6.1950487e-09
-6.1804206e-10
6.2607148e-09
-6.2314833e-10
6.3289264e-09
-6.2615188e-10
6.3988681e-09
-6.2321977e-10
6.46985e-09
-6.1652729e-10
6.5411934e-09
-6.058094e-10
6.6121572e-09
-5.9076905e-10
6.682184e-09
-5.7290625e-10
6.7501658e-09
-5.4775968e-10
6.8163939e-09
-5.2627418e-10
6.8771767e-09
-4.7741904e-10
6.9403278e-09
-4.9216302e-10
-3.1350452e-10
6.3639766e-09
-6.2554159e-10
6.4124412e-09
-6.5384149e-10
6.4660833e-09
-6.7168413e-10
6.5236805e-09
-6.8074549e-10
6.5848336e-09
-6.8730495e-10
6.648731e-09
-6.8711728e-10
6.7146116e-09
-6.8240786e-10
6.7817364e-09
-6.7293451e-10
6.8492889e-09
-6.5832161e-10
6.916627e-09
-6.4024445e-10
6.9825657e-09
-6.1369848e-10
7.0472978e-09
-5.910062e-10
7.1070708e-09
-5.3719208e-10
7.1695307e-09
-5.5462258e-10
-3.5394004e-10
6.6792324e-09
-6.5695177e-10
6.7159037e-09
-6.9051292e-10
6.7588011e-09
-7.1458139e-10
6.806751e-09
-7.286954e-10
6.8593429e-09
-7.3989685e-10
6.9157946e-09
-7.4356905e-10
6.9752858e-09
-7.4189911e-10
7.0370253e-09
-7.3467429e-10
7.1001241e-09
-7.2142042e-10
7.1638531e-09
-7.039736e-10
7.2269486e-09
-6.7679416e-10
7.2894881e-09
-6.5354554e-10
7.3476831e-09
-5.9538725e-10
7.4089453e-09
-6.1588446e-10
-3.9387442e-10
7.0198277e-09
-6.7472595e-10
7.0432913e-09
-7.1397652e-10
7.0739534e-09
-7.4524341e-10
7.1107775e-09
-7.6551942e-10
7.1533597e-09
-7.8247896e-10
7.2009815e-09
-7.9119097e-10
7.2527855e-09
-7.9370314e-10
7.3079431e-09
-7.8983233e-10
7.3655032e-09
-7.7898056e-10
7.4246526e-09
-7.631231e-10
7.4840511e-09
-7.3619282e-10
7.5436492e-09
-7.1314351e-10
7.599647e-09
-6.5138526e-10
7.659142e-09
-6.7537951e-10
-4.3298816e-10
7.3856689e-09
-6.7787278e-10
7.3948237e-09
-7.2313131e-10
7.4119949e-09
-7.6241448e-10
7.4363849e-09
-7.8990936e-10
7.4676228e-09
-8.1371682e-10
7.505097e-09
-8.2866523e-10
7.547945e-09
-8.3655119e-10
7.5953251e-09
-8.3721296e-10
7.646242e-09
-8.2989747e-10
7.6998076e-09
-8.1668885e-10
7.7546131e-09
-7.9099844e-10
7.8104746e-09
-7.6900496e-10
7.8636017e-09
-7.0451233e-10
7.9207048e-09
-7.3248272e-10
-4.7093307e-10
7.776146e-09
-6.6585173e-10
7.7702893e-09
-7.1727461e-10
7.7730319e-09
-7.6515688e-10
7.7839242e-09
-8.0080153e-10
7.8026629e-09
-8.3245547e-10
7.8287929e-09
-8.547954e-10
7.8614905e-09
-8.6924889e-10
7.8999343e-09
-8.7565731e-10
7.9431118e-09
-8.7307503e-10
7.9900773e-09
-8.6365444e-10
8.0393669e-09
-8.4028819e-10
8.0906596e-09
-8.2029757e-10
8.1402005e-09
-7.5405309e-10
8.1942431e-09
-7.8652525e-10
-5.0732808e-10
8.1901091e-09
-6.3864332e-10
8.1690091e-09
-6.9617453e-10
8.1567812e-09
-7.5292872e-10
8.1534294e-09
-7.9744965e-10
8.1587607e-09
-8.3778675e-10
8.1725306e-09
-8.685655e-10
8.1940081e-09
-8.907264e-10
8.2224349e-09
-9.0408474e-10
8.2568185e-09
-9.0745865e-10
8.2961809e-09
-9.0301694e-10
8.3390243e-09
-8.8313176e-10
8.3848931e-09
-8.6616627e-10
8.4301054e-09
-7.9926527e-10
8.4803807e-09
-8.3680051e-10
-5.4176041e-10
8.6258739e-09
-5.9679286e-10
8.5898215e-09
-6.6012196e-10
8.5625422e-09
-7.2564918e-10
8.5445839e-09
-7.7949118e-10
8.5359118e-09
-8.2911466e-10
8.5365464e-09
-8.6920039e-10
8.5459117e-09
-9.0009179e-10
8.5633647e-09
-9.2153835e-10
8.5879789e-09
-9.3207292e-10
8.618779e-09
-9.3381707e-10
8.6542619e-09
-9.186149e-10
8.6938495e-09
-9.057536e-10
8.7339771e-09
-8.3939281e-10
8.7797458e-09
-8.8256917e-10
-5.7378962e-10
9.0812607e-09
-5.4142017e-10
9.0310936e-09
-6.0995467e-10
8.9891884e-09
-6.8374367e-10
8.9566984e-09
-7.4700109e-10
8.9337974e-09
-8.0621369e-10
8.9208204e-09
-8.5622364e-10
8.9174134e-09
-8.9668502e-10
8.9231075e-09
-9.2723313e-10
8.9370974e-09
-9.460628e-10
8.9584536e-09
-9.551733e-10
8.9857057e-09
-9.4586721e-10
9.0181747e-09
-9.3822232e-10
9.0524628e-09
-8.736807e-10
9.0929646e-09
-9.2307088e-10
-6.0295372e-10
9.5536697e-09
-4.7418959e-10
9.4907627e-09
-5.4704736e-10
9.4351812e-09
-6.2816191e-10
9.3887068e-09
-7.0052667e-10
9.3517678e-09
-7.6927474e-10
9.3250526e-09
-8.2950884e-10
9.3084968e-09
-8.8012934e-10
9.3018673e-09
-9.206044e-10
9.3045414e-09
-9.4873693e-10
9.3156872e-09
-9.6631902e-10
9.3339128e-09
-9.6409296e-10
9.35847e-09
-9.6277918e-10
9.3861834e-09
-9.0139388e-10
9.4206535e-09
-9.5754094e-10
-6.2877662e-10
1.0040191e-08
-3.9723869e-10
9.9664085e-09
-4.7326436e-10
9.8986103e-09
-5.603635e-10
9.8391814e-09
-6.4109775e-10
9.7888396e-09
-7.1893315e-10
9.7486497e-09
-7.8931927e-10
9.7188965e-09
-8.5037628e-10
9.6996451e-09
-9.0135371e-10
9.6905193e-09
-9.3961114e-10
9.6908418e-09
-9.6664145e-10
9.6993533e-09
-9.726045e-10
9.7152775e-09
-9.787031e-10
9.7357232e-09
-9.218393e-10
9.7634104e-09
-9.8522818e-10
-6.5077738e-10
1.0537745e-08
-3.1306827e-10
1.0455356e-08
-3.908752e-10
1.0377261e-08
-4.8226789e-10
1.0306371e-08
-5.7020793e-10
1.0243711e-08
-6.5627384e-10
1.0190723e-08
-7.3633149e-10
1.0148087e-08
-8.0774023e-10
1.0116221e-08
-8.6948901e-10
1.009506e-08
-9.1844959e-10
1.0084139e-08
-9.5572072e-10
1.0082392e-08
-9.7085694e-10
1.0089065e-08
-9.8537572e-10
1.0101616e-08
-9.343907e-10
1.0121804e-08
-1.0054161e-09
-6.6848136e-10
1.1043241e-08
-2.2440201e-10
1.0954803e-08
-3.0243755e-10
1.0868705e-08
-3.9616936e-10
1.0788262e-08
-4.8976463e-10
1.0714798e-08
-5.8280999e-10
1.0650104e-08
-6.7163819e-10
1.0595282e-08
-7.5291813e-10
1.0551147e-08
-8.2535522e-10
1.0517998e-08
-8.8530062e-10
1.0495645e-08
-9.333667e-10
1.048327e-08
-9.584827e-10
1.0480208e-08
-9.8231336e-10
1.0484334e-08
-9.3851565e-10
1.0496364e-08
-1.0174471e-09
-6.8143352e-10
1.1553746e-08
-1.3402921e-10
1.1461965e-08
-2.1065583e-10
1.1370417e-08
-3.0462165e-10
1.1282661e-08
-4.0200884e-10
1.1200284e-08
-5.0043357e-10
1.1125373e-08
-5.9672751e-10
1.1059446e-08
-6.8699089e-10
1.1003742e-08
-7.6965172e-10
1.0958966e-08
-8.4052426e-10
1.0925251e-08
-8.9965119e-10
1.0902092e-08
-9.3532353e-10
1.0888977e-08
-9.6919882e-10
1.0884266e-08
-9.3380437e-10
1.0887569e-08
-1.0207494e-09
-6.8921353e-10
1.2066647e-08
-4.4644828e-11
1.1974221e-08
-1.1822968e-10
1.1879899e-08
-2.1029977e-10
1.1787299e-08
-3.0940883e-10
1.1698204e-08
-4.1133896e-10
1.1614913e-08
-5.1343702e-10
1.1539325e-08
-6.1140345e-10
1.1473107e-08
-7.034334e-10
1.1417391e-08
-7.8480798e-10
1.1372673e-08
-8.5493261e-10
1.1338807e-08
-9.0145758e-10
1.1315519e-08
-9.4591074e-10
1.1301717e-08
-9.20002e-10
1.1295833e-08
-1.0148655e-09
-6.9145227e-10
1.2579777e-08
4.1309373e-11
1.2489266e-08
-2.7718326e-11
1.2394811e-08
-1.1584527e-10
1.2299938e-08
-2.1453604e-10
1.2206523e-08
-3.1792401e-10
1.2116969e-08
-4.2388322e-10
1.2033488e-08
-5.2792223e-10
1.1958147e-08
-6.2809259e-10
1.1892507e-08
-7.1916781e-10
1.1837445e-08
-7.9987015e-10
1.1793207e-08
-8.5721879e-10
1.1759822e-08
-9.1252622e-10
1.173686e-08
-8.9703979e-10
1.1721483e-08
-9.9948846e-10
-6.8782853e-10
1.3091745e-08
1.2130294e-10
1.3005157e-08
5.8870041e-11
1.2913097e-08
-2.3785865e-11
1.2818505e-08
-1.1994325e-10
1.2723245e-08
-2.2266461e-10
1.2629735e-08
-3.3037304e-10
1.2540383e-08
-4.3856988e-10
1.2457611e-08
-5.4532124e-10
1.2383373e-08
-6.4492974e-10
1.2318934e-08
-7.3542978e-10
1.2264916e-08
-8.0320096e-10
1.2221703e-08
-8.693135e-10
1.2189665e-08
-8.6500137e-10
1.2164744e-08
-9.7456705e-10
-6.7804521e-10
7.4891331e-10
-1.0946027e-08
1.0877713e-08
8.2200012e-10
-1.8325747e-08
1.825266e-08
8.2431203e-10
-3.0415061e-08
3.041275e-08
6.6054925e-10
-4.9926219e-08
5.0089982e-08
2.5856307e-10
-8.1345114e-08
8.17471e-08
-4.5180066e-10
-1.3227885e-07
1.3298922e-07
-1.6398778e-09
-2.1513355e-07
2.1632163e-07
-3.6754912e-09
-3.4976037e-07
3.5179598e-07
-5.667962e-07
5.7034362e-07
1.8865763e-10
-1.0897225e-08
4.8820571e-11
-1.818591e-08
-2.8420876e-10
-3.0082033e-08
-9.6276398e-10
-4.9247664e-08
-2.1602879e-09
-8.014759e-08
-4.1389785e-09
-1.3030016e-07
-7.3833434e-09
-2.1188919e-07
-1.274918e-08
-3.4439453e-07
-5.5794621e-07
-3.9340612e-10
-1.072383e-08
-7.3747628e-10
-1.784184e-08
-1.3941702e-09
-2.9425339e-08
-2.5700508e-09
-4.8071784e-08
-4.5441166e-09
-7.8173524e-08
-7.7708569e-09
-1.2707342e-07
-1.3041052e-08
-2.0661899e-07
-2.1685261e-08
-3.3575032e-07
-5.4386406e-07
-9.8168111e-10
-1.0427686e-08
-1.5229452e-09
-1.7300576e-08
-2.4889702e-09
-2.8459314e-08
-4.1422502e-09
-4.6418504e-08
-6.8693405e-09
-7.5446434e-08
-1.1311889e-08
-1.2263087e-07
-1.8554845e-08
-1.9937604e-07
-3.0390765e-08
-3.239144e-07
-5.2466362e-07
-1.5646001e-09
-1.0013207e-08
-2.2939621e-09
-1.6571214e-08
-3.5533079e-09
-2.7199968e-08
-5.6619966e-09
-4.4309815e-08
-9.1133085e-09
-7.1995122e-08
-1.4728285e-08
-1.170159e-07
-2.3872791e-08
-1.9023153e-07
-3.8784754e-08
-3.0900243e-07
-5.0051097e-07
-2.1322069e-09
-9.4863081e-09
-3.0388201e-09
-1.5664601e-08
-4.5739014e-09
-2.5664887e-08
-7.1135233e-09
-4.1770193e-08
-1.1254438e-08
-6.7854208e-08
-1.7987612e-08
-1.1028272e-07
-2.8945176e-08
-1.7927397e-07
-4.6788734e-08
-2.9115887e-07
-4.7162222e-07
-2.6754959e-09
-8.8542141e-09
-3.7471363e-09
-1.459296e-08
-5.5389305e-09
-2.3873093e-08
-8.4822763e-09
-3.8826848e-08
-1.3272228e-08
-6.3064255e-08
-2.105893e-08
-1.0249602e-07
-3.372469e-08
-1.6660821e-07
-5.4328737e-08
-2.7055483e-07
-4.3826222e-07
-3.1864253e-09
-8.1251857e-09
-4.4097208e-09
-1.3369665e-08
-6.437799e-09
-2.1845015e-08
-9.7547907e-09
-3.5509856e-08
-1.5147381e-08
-5.7671665e-08
-2.3913023e-08
-9.3730379e-08
-3.816662e-08
-1.5235461e-07
-6.1333942e-08
-2.473875e-07
-4.0074066e-07
-3.6578799e-09
-7.3082726e-09
-5.0184866e-09
-1.2009058e-08
-7.2610172e-09
-1.9602484e-08
-1.0918696e-08
-3.1852177e-08
-1.6861972e-08
-5.172839e-08
-2.6522563e-08
-8.4069787e-08
-4.2228091e-08
-1.3664908e-07
-6.7741283e-08
-2.2187431e-07
-3.5941169e-07
-4.0836416e-09
-6.4131682e-09
-5.5663647e-09
-1.0526335e-08
-8.000137e-09
-1.7168712e-08
-1.1962769e-08
-2.7889545e-08
-1.839964e-08
-4.5291518e-08
-2.8862471e-08
-7.3606956e-08
-4.5871769e-08
-1.1963978e-07
-7.3491572e-08
-1.9425451e-07
-3.1466869e-07
-4.4583486e-09
-5.4501041e-09
-6.0472376e-09
-8.9374464e-09
-8.6477222e-09
-1.4568228e-08
-1.2876996e-08
-2.3660272e-08
-1.9745816e-08
-3.8422698e-08
-3.0909395e-08
-6.2443376e-08
-4.9056665e-08
-1.0149251e-07
-7.8524586e-08
-1.6478658e-07
-2.6693303e-07
-4.7774559e-09
-4.4297544e-09
-6.4558943e-09
-7.259008e-09
-9.1973441e-09
-1.1826778e-08
-1.3652615e-08
-1.9205001e-08
-2.0887891e-08
-3.1187422e-08
-3.2646415e-08
-5.0684851e-08
-5.1759307e-08
-8.2379623e-08
-8.2793445e-08
-1.3375244e-07
-2.1665652e-07
-5.0372074e-09
-3.3631523e-09
-6.7880052e-09
-5.5082102e-09
-9.6435988e-09
-8.9711845e-09
-1.4282197e-08
-1.4566403e-08
-2.1814976e-08
-2.3654644e-08
-3.4057113e-08
-3.8442715e-08
-5.3955599e-08
-6.2481138e-08
-8.6262006e-08
-1.0144604e-07
-1.6432039e-07
-5.2346154e-09
-2.2616156e-09
-7.0401093e-09
-3.7027163e-09
-9.982127e-09
-6.0291668e-09
-1.4759715e-08
-9.7888145e-09
-2.2518138e-08
-1.5896221e-08
-3.5127039e-08
-2.5833814e-08
-5.5621248e-08
-4.1986929e-08
-8.8893421e-08
-6.8173861e-08
-1.1042228e-07
-5.3674488e-09
-1.1366743e-09
-7.2096106e-09
-1.8605545e-09
-1.0209636e-08
-3.0291417e-09
-1.5080597e-08
-4.917853e-09
-2.2990633e-08
-7.986186e-09
-3.584574e-08
-1.2978706e-08
-5.6739009e-08
-2.1093661e-08
-9.0661226e-08
-3.4251642e-08
-5.5473739e-08
-5.4342263e-09
-7.2947808e-09
-1.0323923e-08
-1.5241776e-08
-2.3227962e-08
-3.6206668e-08
-5.7300331e-08
-9.1551971e-08
1.0961438e-08
-7.5062404e-09
1.1029086e-08
-8.1915181e-09
1.1065546e-08
-8.841673e-09
1.1072241e-08
-9.4475368e-09
1.1051791e-08
-1.0000146e-08
1.1008206e-08
-1.0493486e-08
1.094669e-08
-1.0923217e-08
1.087225e-08
-1.1283196e-08
1.0788813e-08
-1.1562599e-08
1.0698908e-08
-1.1744751e-08
1.0604168e-08
-1.1807145e-08
1.0505719e-08
-1.1722842e-08
1.0404819e-08
-1.1457689e-08
1.0304091e-08
-1.0980691e-08
-1.02268e-08
1.0201343e-08
1.8386166e-08
-7.6397467e-09
1.8453499e-08
-8.2588504e-09
1.8459992e-08
-8.8481662e-09
1.8413552e-08
-9.4010967e-09
1.8325569e-08
-9.912163e-09
1.8207678e-08
-1.0375596e-08
1.8070043e-08
-1.0785582e-08
1.7919707e-08
-1.113286e-08
1.7760993e-08
-1.1403885e-08
1.7596113e-08
-1.1579872e-08
1.7426492e-08
-1.1637524e-08
1.7253246e-08
-1.1549596e-08
1.7079122e-08
-1.1283564e-08
1.6905229e-08
-1.0806797e-08
-1.0058363e-08
1.6736792e-08
3.0517372e-08
-7.7443698e-09
3.0527832e-08
-8.2693098e-09
3.0461225e-08
-8.7815596e-09
3.0331746e-08
-9.2716174e-09
3.0154558e-08
-9.7349755e-09
2.9943667e-08
-1.0164705e-08
2.9708474e-08
-1.0550388e-08
2.9455209e-08
-1.0879596e-08
2.91875e-08
-1.1136175e-08
2.8908157e-08
-1.1300529e-08
2.8620163e-08
-1.1349529e-08
2.8327385e-08
-1.1256818e-08
2.8035161e-08
-1.0991339e-08
2.7746031e-08
-1.0517668e-08
-9.7859759e-09
2.7473645e-08
5.0068648e-08
-7.7230359e-09
4.996391e-08
-8.1645723e-09
4.9787469e-08
-8.605119e-09
4.9551422e-08
-9.0355702e-09
4.9264814e-08
-9.4483677e-09
4.8934258e-08
-9.8341488e-09
4.8565415e-08
-1.0181544e-08
4.8164109e-08
-1.0478289e-08
4.7735722e-08
-1.0707788e-08
4.7287222e-08
-1.0852029e-08
4.6825776e-08
-1.0888083e-08
4.635945e-08
-1.079049e-08
4.5896106e-08
-1.0527994e-08
4.544364e-08
-1.0065201e-08
-9.361067e-09
4.5018731e-08
8.1487051e-08
-7.4629872e-09
8.1167458e-08
-7.8449796e-09
8.07896e-08
-8.2272606e-09
8.035598e-08
-8.6019508e-09
7.9869431e-08
-8.9618176e-09
7.9333778e-08
-9.2984964e-09
7.8754169e-08
-9.6019353e-09
7.8135838e-08
-9.8599578e-09
7.7485783e-08
-1.0057733e-08
7.6811588e-08
-1.0177834e-08
7.6122908e-08
-1.0199402e-08
7.5430043e-08
-1.0097625e-08
7.4744687e-08
-9.8426388e-09
7.4080578e-08
-9.4010921e-09
-8.7349984e-09
7.345451e-08
1.3234729e-07
-6.8210615e-09
1.3165418e-07
-7.1518696e-09
1.3090837e-07
-7.4814441e-09
1.3011018e-07
-7.8037669e-09
1.2926102e-07
-8.1126511e-09
1.2836333e-07
-8.4008064e-09
1.2742073e-07
-8.6593416e-09
1.2643823e-07
-8.8774522e-09
1.2542262e-07
-9.0421231e-09
1.2438254e-07
-9.1377533e-09
1.2332886e-07
-9.1457285e-09
1.2227521e-07
-9.0439758e-09
1.2123908e-07
-8.8065079e-09
1.2024092e-07
-8.4029311e-09
-7.7976645e-09
1.1930359e-07
2.1510238e-07
-5.6018095e-09
2.1381854e-07
-5.8680351e-09
2.1246932e-07
-6.1322227e-09
2.1105549e-07
-6.3899344e-09
2.0957909e-07
-6.6362469e-09
2.0804355e-07
-6.8652709e-09
2.0645405e-07
-7.0698358e-09
2.0481784e-07
-7.2412448e-09
2.0314474e-07
-7.3690217e-09
2.014476e-07
-7.4406152e-09
1.9974293e-07
-7.4410602e-09
1.9805156e-07
-7.3526006e-09
1.9639932e-07
-7.154275e-09
1.9481789e-07
-6.8215005e-09
-6.3255358e-09
1.9334576e-07
3.4968605e-07
-3.4918792e-09
3.4747503e-07
-3.6570163e-09
3.4516346e-07
-3.8206565e-09
3.4275368e-07
-3.9801492e-09
3.402499e-07
-4.1324649e-09
3.3765858e-07
-4.2739571e-09
3.3498894e-07
-4.4001884e-09
3.3225347e-07
-4.5057814e-09
3.2946871e-07
-4.5842604e-09
3.2665596e-07
-4.6278669e-09
3.2384225e-07
-4.6273486e-09
3.2106138e-07
-4.5717256e-09
3.1835513e-07
-4.4480324e-09
3.1577467e-07
-4.2410392e-09
-3.932978e-09
3.1338211e-07
5.6685174e-07
5.6319472e-07
5.5937407e-07
5.5539392e-07
5.5126145e-07
5.469875e-07
5.4258731e-07
5.3808153e-07
5.3349727e-07
5.288694e-07
5.2424205e-07
5.1967033e-07
5.1522229e-07
5.1098125e-07
5.0704828e-07
1.014696e-08
1.7568583e-10
1.0085153e-08
1.2067788e-10
1.0019249e-08
4.2118096e-11
9.9500971e-09
-5.0791702e-11
9.8790579e-09
-1.5162543e-10
9.8079384e-09
-2.5925357e-10
9.7385602e-09
-3.6919127e-10
9.6729291e-09
-4.7969016e-10
9.612718e-09
-5.8471845e-10
9.5591283e-09
-6.8183932e-10
9.5128242e-09
-7.5689672e-10
9.4743728e-09
-8.3086218e-10
9.4445492e-09
-8.3517768e-10
9.419808e-09
-9.4982572e-10
-6.6656209e-10
1.6655813e-08
2.5666523e-10
1.6567907e-08
2.085838e-10
1.6470102e-08
1.3992427e-10
1.6365436e-08
5.3874142e-11
1.6255828e-08
-4.2016902e-11
1.614343e-08
-1.4685578e-10
1.6031284e-08
-2.5704491e-10
1.5922784e-08
-3.7118937e-10
1.5820923e-08
-4.8285746e-10
1.5727838e-08
-5.8875397e-10
1.5645261e-08
-6.7431913e-10
1.5573945e-08
-7.5954573e-10
1.5517039e-08
-7.7827259e-10
1.5466645e-08
-8.9943155e-10
-6.4178126e-10
2.7371974e-08
3.5833737e-10
2.7259101e-08
3.2145663e-10
2.7129341e-08
2.6968479e-10
2.6984571e-08
1.9864358e-10
2.6827898e-08
1.1465603e-10
2.6661017e-08
2.0025364e-11
2.648837e-08
-8.4396709e-11
2.631559e-08
-1.984084e-10
2.6147672e-08
-3.1493897e-10
2.5988248e-08
-4.2932912e-10
2.5841566e-08
-5.2763738e-10
2.5708291e-08
-6.2626963e-10
2.5597662e-08
-6.6764511e-10
2.5492628e-08
-7.9439824e-10
-5.8741329e-10
4.4928894e-08
4.4817541e-10
4.4817827e-08
4.3252293e-10
4.4682607e-08
4.0490419e-10
4.4520761e-08
3.6048892e-10
4.4333797e-08
3.0161998e-10
4.4121546e-08
2.3227664e-10
4.3889028e-08
1.4812189e-10
4.3644029e-08
4.6589853e-11
4.3392683e-08
-6.3593082e-11
4.3140426e-08
-1.7707134e-10
4.2895274e-08
-2.8248762e-10
4.265858e-08
-3.8957619e-10
4.2449393e-08
-4.5846122e-10
4.2237771e-08
-5.8277922e-10
-4.6781293e-10
7.3420869e-08
4.8181638e-10
7.3363188e-08
4.902039e-10
7.3278122e-08
4.8996995e-10
7.316138e-08
4.7723129e-10
7.301157e-08
4.5143008e-10
7.2827029e-08
4.1681773e-10
7.2606304e-08
3.6884774e-10
7.2349163e-08
3.0373189e-10
7.2060917e-08
2.2465485e-10
7.1745943e-08
1.3790413e-10
7.1412165e-08
5.129047e-11
7.1063268e-08
-4.068363e-11
7.0725643e-08
-1.2083972e-10
7.0363572e-08
-2.2071035e-10
-2.2663341e-10
1.1934566e-07
4.3973935e-10
1.1937252e-07
4.6334965e-10
1.1937869e-07
4.8379767e-10
1.1935865e-07
4.972709e-10
1.1930978e-07
5.0029906e-10
1.1923187e-07
4.9472668e-10
1.1912316e-07
4.7755935e-10
1.189785e-07
4.4838263e-10
1.1879596e-07
4.071933e-10
1.185756e-07
3.5826416e-10
1.1831817e-07
3.0872573e-10
1.1801755e-07
2.5993192e-10
1.1768198e-07
2.1474149e-10
1.17284e-07
1.7727442e-10
1.09063e-10
1.9345124e-07
3.3426035e-10
1.9355436e-07
3.6023536e-10
1.936535e-07
3.8465865e-10
1.9374461e-07
4.0615828e-10
1.9382168e-07
4.2322337e-10
1.9388181e-07
4.3459884e-10
1.9391927e-07
4.4009726e-10
1.9392757e-07
4.4008701e-10
1.9390412e-07
4.3063601e-10
1.938509e-07
4.1148537e-10
1.9377213e-07
3.8749592e-10
1.9367282e-07
3.5924216e-10
1.9355469e-07
3.3287716e-10
1.9341572e-07
3.162389e-10
2.8522373e-10
3.1353443e-07
1.8194502e-10
3.1369552e-07
1.9914647e-10
3.1386373e-07
2.1644842e-10
3.1403676e-07
2.3312237e-10
3.142116e-07
2.4838152e-10
3.1438492e-07
2.6127626e-10
3.1455424e-07
2.7078247e-10
3.1471841e-07
2.7590885e-10
3.1487316e-07
2.7589208e-10
3.1501436e-07
2.7028385e-10
3.1514172e-07
2.6014484e-10
3.152518e-07
2.4916593e-10
3.1534295e-07
2.4172487e-10
3.1541531e-07
2.4387159e-10
2.4142258e-10
5.0723022e-07
5.0742937e-07
5.0764582e-07
5.0787894e-07
5.0812732e-07
5.0838859e-07
5.0865938e-07
5.0893528e-07
5.0921118e-07
5.0948146e-07
5.0974161e-07
5.0999078e-07
5.102325e-07
5.1047636e-07
)
;

boundaryField
{
    inlet
    {
        type            calculated;
        value           nonuniform List<scalar> 
92
(
-7.22291e-09
-2.1599169e-08
-3.5767417e-08
-4.9591205e-08
-6.2937402e-08
-7.5677478e-08
-8.7688738e-08
-9.8855508e-08
-1.0907025e-07
-1.1823458e-07
-1.2626024e-07
-1.3306996e-07
-1.3859813e-07
-1.4279153e-07
-1.4560977e-07
-1.4702571e-07
0
0
0
0
0
0
0
0
0
0
0
0
0
0
0
0
0
0
0
0
0
0
0
0
0
0
0
0
0
0
-7.22291e-09
-2.1599169e-08
-3.5767417e-08
-4.9591205e-08
-6.2937402e-08
-7.5677478e-08
-8.7688738e-08
-9.8855508e-08
-1.0907025e-07
-1.1823458e-07
-1.2626024e-07
-1.3306996e-07
-1.3859813e-07
-1.4279153e-07
-1.4560977e-07
-1.4702571e-07
0
0
0
0
0
0
0
0
0
0
0
0
0
0
0
0
0
0
0
0
0
0
0
0
0
0
0
0
0
0
)
;
    }
    outlet
    {
        type            calculated;
        value           nonuniform List<scalar> 
66
(
5.6142983e-09
5.7873469e-09
5.9671208e-09
6.1539948e-09
6.3483686e-09
6.5506747e-09
6.761381e-09
6.9809754e-09
7.209966e-09
7.4488799e-09
7.6982559e-09
7.9586497e-09
8.2306381e-09
8.5148131e-09
8.8117751e-09
9.1221288e-09
9.4464765e-09
9.7854113e-09
1.0139508e-08
1.0509317e-08
1.0895349e-08
1.1298072e-08
1.171786e-08
1.215496e-08
9.4083246e-09
1.5441864e-08
2.5438258e-08
4.2118167e-08
7.0122393e-08
1.1694831e-07
1.9323956e-07
3.1545911e-07
5.1071779e-07
5.6142984e-09
5.7873469e-09
5.9671208e-09
6.1539948e-09
6.3483686e-09
6.5506747e-09
6.761381e-09
6.9809754e-09
7.209966e-09
7.4488799e-09
7.6982559e-09
7.9586498e-09
8.2306382e-09
8.5148132e-09
8.8117751e-09
9.1221288e-09
9.4464766e-09
9.7854114e-09
1.0139509e-08
1.0509317e-08
1.0895349e-08
1.1298072e-08
1.171786e-08
1.215496e-08
9.4083246e-09
1.5441864e-08
2.5438258e-08
4.2118167e-08
7.0122393e-08
1.1694831e-07
1.9323956e-07
3.1545911e-07
5.1071779e-07
)
;
    }
    cylinder
    {
        type            calculated;
        value           uniform 0;
    }
    frontAndBack
    {
        type            empty;
    }
}


// ************************************************************************* //
