/*--------------------------------*- C++ -*----------------------------------*\
  =========                 |
  \\      /  F ield         | OpenFOAM: The Open Source CFD Toolbox
   \\    /   O peration     | Website:  https://openfoam.org
    \\  /    A nd           | Version:  14
     \\/     M anipulation  |
\*---------------------------------------------------------------------------*/
FoamFile
{
    format      ascii;
    class       volVectorField;
    location    "2500";
    object      U;
}
// * * * * * * * * * * * * * * * * * * * * * * * * * * * * * * * * * * * * * //

dimensions      [0 1 -1 0 0 0 0];

internalField   nonuniform List<vector> 
5388
(
(2.4639743e-09 -8.9998758e-08 0)
(1.7184135e-08 -2.873686e-07 0)
(4.8658659e-08 -5.2348694e-07 0)
(1.079203e-07 -8.0569712e-07 -1.2873554e-25)
(2.0866374e-07 -1.1427983e-06 1.448882e-27)
(3.7170542e-07 -1.5451459e-06 1.8436011e-25)
(6.2741457e-07 -2.0248955e-06 0)
(1.0195925e-06 -2.5962543e-06 2.6052615e-25)
(1.6110812e-06 -3.2757349e-06 -1.0027862e-27)
(2.4915791e-06 -4.0823976e-06 -3.5546242e-25)
(3.78839e-06 -5.0380562e-06 0)
(5.6810799e-06 -6.1674121e-06 0)
(8.4212297e-06 -7.49806e-06 0)
(1.2358656e-05 -9.0602948e-06 6.8058884e-25)
(1.7975582e-05 -1.0886623e-05 -7.8655443e-25)
(2.5930138e-05 -1.3010857e-05 2.2143657e-25)
(3.7110126e-05 -1.5466661e-05 -1.9620569e-24)
(5.2696916e-05 -1.8285396e-05 1.0987431e-24)
(7.4237457e-05 -2.1493167e-05 3.6044305e-20)
(0.00010371938 -2.5107008e-05 -4.0794304e-20)
(0.00014364 -2.9130319e-05 0)
(0.00019705511 -3.3547842e-05 0)
(0.00026758831 -3.8320787e-05 0)
(0.00035937888 -4.3382967e-05 -9.1035746e-24)
(0.00047694717 -4.8639042e-05 4.3670079e-20)
(0.00062496469 -5.3965978e-05 -4.1973306e-20)
(0.00080793208 -5.9218437e-05 0)
(0.00102979 -6.4238128e-05 -2.9889846e-24)
(0.0012935113 -6.8866134e-05 2.4542707e-23)
(0.0016007359 -7.2956419e-05 3.7867779e-23)
(0.0019515183 -7.638792e-05 8.8604264e-21)
(0.002344208 -7.9074609e-05 8.9042496e-21)
(0.002775591 -8.0968984e-05 -3.9442237e-23)
(0.0032408902 -8.2064132e-05 -8.8202321e-23)
(0.0037348446 -8.2363049e-05 -4.156406e-24)
(0.0042495319 -8.1963021e-05 -1.1526581e-22)
(0.0047827188 -8.0838394e-05 5.9180892e-24)
(0.0053158117 -7.9159213e-05 1.6533106e-22)
(0.0058701528 -7.8021646e-05 -2.7433545e-22)
(1.9137229e-08 -2.7217895e-07 -1.9708636e-28)
(7.0440785e-08 -8.6899542e-07 0)
(1.4572968e-07 -1.5828608e-06 8.2004657e-28)
(2.5743458e-07 -2.4361395e-06 -4.9016206e-28)
(4.2093495e-07 -3.455466e-06 -1.1705958e-27)
(6.590448e-07 -4.6721915e-06 2.7917201e-27)
(1.004503e-06 -6.1231221e-06 0)
(1.5039166e-06 -7.8512808e-06 -1.0113029e-24)
(2.2234416e-06 -9.9066742e-06 3.9003853e-27)
(3.2566788e-06 -1.2347023e-05 -2.7800999e-26)
(4.7355095e-06 -1.5238378e-05 1.6807266e-24)
(6.8448438e-06 -1.8655517e-05 6.148826e-26)
(9.8424622e-06 -2.2681943e-05 0)
(1.4085315e-05 -2.7409286e-05 -2.482848e-24)
(2.0063741e-05 -3.2935801e-05 3.0650426e-24)
(2.8444973e-05 -3.9363612e-05 2.158929e-25)
(4.0126816e-05 -4.6794294e-05 9.6495909e-25)
(5.6301348e-05 -5.5322358e-05 1.0595156e-24)
(7.8526568e-05 -6.502631e-05 3.83645e-20)
(0.00010880094 -7.5957131e-05 -3.89176e-20)
(0.00014963166 -8.8124477e-05 0)
(0.00020408242 -0.00010148153 -4.0921674e-21)
(0.00027578175 -0.00011591025 -4.1377499e-21)
(0.00036886982 -0.00013120975 1.8235178e-25)
(0.00048786306 -0.00014709103 1.6997894e-23)
(0.00063742401 -0.00016318146 -4.2384086e-25)
(0.00082203991 -0.00017904111 -3.5231978e-23)
(0.0010456351 -0.00019419105 -4.9825436e-23)
(0.0013111652 -0.00020815067 7.8118421e-21)
(0.0016202557 -0.0002204784 7.6583524e-21)
(0.0019729515 -0.00023080821 -8.6096331e-21)
(0.0023675996 -0.00023888001 -9.4142129e-21)
(0.0028009945 -0.00024455075 7.3936673e-23)
(0.003268381 -0.00024779818 9.268702e-23)
(0.0037645233 -0.00024863332 -1.4481581e-22)
(0.0042815347 -0.00024734399 1.0492116e-22)
(0.0048172999 -0.00024385774 -4.2988035e-22)
(0.0053528347 -0.00023869687 -1.5046173e-22)
(0.0059113837 -0.00023510183 2.7861356e-22)
(5.3894638e-08 -4.5870786e-07 9.3172788e-32)
(1.8148275e-07 -1.464519e-06 -6.8094931e-25)
(3.4816929e-07 -2.6675611e-06 8.1516863e-25)
(5.693295e-07 -4.1055731e-06 -5.3676698e-23)
(8.6388608e-07 -5.8234512e-06 2.7999714e-23)
(1.2588599e-06 -7.8740432e-06 -1.3909508e-24)
(1.791986e-06 -1.0319391e-05 6.4521353e-27)
(2.5157924e-06 -1.3232015e-05 0)
(3.5034315e-06 -1.6696199e-05 -2.3468414e-24)
(4.8567427e-06 -2.0809214e-05 2.7877747e-24)
(6.7172666e-06 -2.568235e-05 0)
(9.2811762e-06 -3.1441551e-05 3.6342884e-24)
(1.2819295e-05 -3.8227399e-05 -4.7590621e-24)
(1.7703542e-05 -4.6194057e-05 -4.9935905e-24)
(2.4441245e-05 -5.550669e-05 5.972341e-24)
(3.3718628e-05 -6.6336776e-05 -7.1316411e-24)
(4.6454314e-05 -7.8854594e-05 6.6586416e-24)
(6.3862607e-05 -9.3218218e-05 -8.2425887e-24)
(8.7524399e-05 -0.00010955841 1.1285957e-23)
(0.00011946057 -0.00012795924 -9.3434635e-24)
(0.00016219867 -0.00014843485 1.9447698e-23)
(0.00021881871 -0.00017090403 3.2358536e-21)
(0.00029295921 -0.00019516555 4.9665177e-21)
(0.0003887619 -0.0002208787 1.7888321e-23)
(0.0005107347 -0.0002475547 -1.7504726e-23)
(0.00066352115 -0.00027456439 -3.649668e-20)
(0.00085158013 -0.00030116599 5.3463678e-20)
(0.0010788014 -0.00032655276 5.0605522e-23)
(0.0013481051 -0.00034991574 -3.1644335e-19)
(0.0016610855 -0.0003705121 5.1171526e-19)
(0.0020177673 -0.0003877262 -1.7820533e-23)
(0.0024164924 -0.00040112059 -1.1660876e-22)
(0.0028540718 -0.0004104566 -2.2396498e-22)
(0.0033257955 -0.00041569299 2.2873836e-23)
(0.0038264804 -0.00041685224 -1.1050579e-22)
(0.0043483104 -0.00041440472 -5.561909e-22)
(0.0048894145 -0.00040822561 4.4330317e-22)
(0.0054300068 -0.00039926603 7.5038235e-22)
(0.0059972341 -0.00039247301 -3.9719079e-23)
(1.0844978e-07 -6.4917324e-07 -3.7940643e-25)
(3.5578066e-07 -2.0725894e-06 6.6097496e-25)
(6.6594046e-07 -3.7750673e-06 7.8884674e-25)
(1.0589332e-06 -5.8100118e-06 -4.2864574e-23)
(1.5592491e-06 -8.2409241e-06 8.6378618e-23)
(2.2005215e-06 -1.1142544e-05 -1.3438334e-24)
(3.0283392e-06 -1.4602599e-05 -1.5092501e-26)
(4.1045379e-06 -1.8723614e-05 1.8940365e-24)
(5.5132683e-06 -2.3624715e-05 -1.7653247e-26)
(7.3693177e-06 -2.9443344e-05 -2.6737365e-24)
(9.8294013e-06 -3.6336684e-05 3.1684943e-24)
(1.3107374e-05 -4.4482532e-05 -3.587099e-24)
(1.7494516e-05 -5.407922e-05 4.6247135e-24)
(2.3386195e-05 -6.5344049e-05 -6.2909701e-25)
(3.1316304e-05 -7.8509571e-05 -1.1519049e-23)
(4.2000708e-05 -9.3816839e-05 1.3234526e-23)
(5.6390451e-05 -0.00011150469 1.8427467e-24)
(7.5734371e-05 -0.00013179408 -2.0207432e-23)
(0.00010164884 -0.00015486665 1.3374085e-23)
(0.00013618937 -0.00018083726 -1.8414166e-23)
(0.00018191481 -0.00020972134 3.8135733e-20)
(0.00024193006 -0.00024139902 -5.3039335e-20)
(0.00031988865 -0.00027558065 0)
(0.00041993408 -0.00031177974 -1.7897717e-23)
(0.00054656034 -0.00034930127 5.1088065e-23)
(0.0007043807 -0.00038725309 -5.6141523e-20)
(0.00089780926 -0.00042458545 3.5237368e-20)
(0.0011306816 -0.00046015852 0)
(0.0014058614 -0.00049283074 -5.5393774e-19)
(0.0017248948 -0.00052155475 2.9630283e-19)
(0.0020877741 -0.0005454627 0)
(0.0024928316 -0.00056393833 1.1902356e-22)
(0.0029369042 -0.00057664911 2.0441399e-22)
(0.0034153495 -0.00058353037 0)
(0.0039230655 -0.00058461733 2.9720029e-22)
(0.0044523404 -0.00058055728 4.4568651e-22)
(0.0050016709 -0.00057113355 9.0016559e-22)
(0.0055500603 -0.00055792149 -8.0838019e-22)
(0.0061305378 -0.00054666732 8.0789633e-23)
(1.8467588e-07 -8.4277409e-07 -7.3591949e-25)
(5.9930952e-07 -2.6906394e-06 0)
(1.1099178e-06 -4.9006802e-06 1.5310427e-24)
(1.7429665e-06 -7.5421878e-06 -1.8303071e-24)
(2.5307162e-06 -1.0697517e-05 0)
(3.5160259e-06 -1.446358e-05 0)
(4.7554399e-06 -1.8954098e-05 3.128466e-24)
(6.3237733e-06 -2.4301928e-05 -7.379603e-24)
(8.3205079e-06 -3.0661382e-05 4.8967809e-26)
(1.0878472e-05 -3.8210406e-05 5.2076331e-24)
(1.4175512e-05 -4.7152388e-05 -6.119361e-24)
(1.8450091e-05 -5.7717215e-05 1.4418443e-23)
(2.4021929e-05 -7.0161081e-05 -8.4561513e-24)
(3.1318958e-05 -8.4764351e-05 -9.4383673e-24)
(4.0911904e-05 -0.00010182659 -5.9389303e-25)
(5.355765e-05 -0.00012165765 1.4495639e-23)
(7.0251986e-05 -0.0001445636 -1.6105832e-23)
(9.2291262e-05 -0.00017082623 1.605838e-23)
(0.00012134047 -0.00020067517 1.0701295e-26)
(0.00015950234 -0.00023425226 -8.9726977e-24)
(0.00020937815 -0.00027156928 5.0488761e-20)
(0.00027410615 -0.00031246194 -3.9073542e-20)
(0.00035735942 -0.00035654564 0)
(0.00046328264 -0.00040318124 0)
(0.00059634932 -0.00045146087 6.8562241e-23)
(0.0007611297 -0.0005002235 -6.3332335e-23)
(0.00096197504 -0.00054810683 8.705204e-23)
(0.001202645 -0.00059363492 7.68198e-23)
(0.0014859252 -0.00063533219 4.3987484e-23)
(0.001813294 -0.00067184647 -1.2227658e-22)
(0.0021846985 -0.00070205737 -1.0358449e-22)
(0.0025984549 -0.00072517048 -1.7667816e-22)
(0.0030514347 -0.00074076384 0)
(0.0035390846 -0.00074874406 4.375307e-22)
(0.0040564107 -0.00074915809 4.4910034e-22)
(0.004595838 -0.00074282748 6.9000342e-23)
(0.005156336 -0.00072937009 -9.6301175e-22)
(0.005715324 -0.00071129799 9.9063149e-23)
(0.006313549 -0.00069375132 -1.1471898e-21)
(2.8462455e-07 -1.0385027e-06 7.1289667e-25)
(9.1861426e-07 -3.3154366e-06 1.1635758e-29)
(1.6920139e-06 -6.0384787e-06 -1.4854794e-24)
(2.6397477e-06 -9.2929318e-06 -1.7730489e-24)
(3.8042425e-06 -1.3180132e-05 2.1205936e-24)
(5.2404231e-06 -1.7819292e-05 -2.5253288e-24)
(7.0191536e-06 -2.3350251e-05 6.0122371e-24)
(9.2322037e-06 -2.99363e-05 -3.5883824e-24)
(1.1999067e-05 -3.7766997e-05 -4.2472674e-24)
(1.54761e-05 -4.7060786e-05 2.0476489e-26)
(1.9868682e-05 -5.8067134e-05 5.9627428e-24)
(2.5447295e-05 -7.1067729e-05 0)
(3.256862e-05 -8.6376095e-05 0)
(4.1702835e-05 -0.00010433479 -9.4631676e-24)
(5.3468361e-05 -0.00012530906 1.168605e-23)
(6.8675065e-05 -0.00014967564 -3.1191334e-24)
(8.8376384e-05 -0.00017780519 1.044052e-23)
(0.00011392966 -0.00021003678 3.6375372e-24)
(0.00014706201 -0.00024664346 -1.2844694e-23)
(0.00018993618 -0.00028778842 2.6587311e-23)
(0.00024520685 -0.00033347318 -3.7963721e-23)
(0.00031605365 -0.00038348155 -3.7424854e-23)
(0.0004061729 -0.00043732614 3.8332658e-23)
(0.00051970867 -0.00049420754 0)
(0.00066110588 -0.00055299833 -1.0246664e-22)
(0.00083487723 -0.00061226361 3.3144495e-23)
(0.0010452911 -0.00067032578 -1.1632495e-22)
(0.001296008 -0.00072537255 0)
(0.0015897111 -0.00077559624 4.4536474e-23)
(0.0019277909 -0.00081934304 -4.2505833e-23)
(0.0023101344 -0.00085524221 0)
(0.0027350324 -0.0008823243 2.4522206e-22)
(0.0031993989 -0.00090008625 4.1867913e-22)
(0.0036987892 -0.00090839965 4.4089775e-22)
(0.0042283396 -0.00090732059 -8.6592994e-23)
(0.004780643 -0.00089784343 0)
(0.0053552151 -0.00087932166 1.0349005e-22)
(0.0059275838 -0.00085561118 1.2279378e-21)
(0.0065477739 -0.00082939176 2.487011e-21)
(4.1050412e-07 -1.234995e-06 0)
(1.3207367e-06 -3.9426147e-06 -1.1753305e-27)
(2.4250392e-06 -7.1804829e-06 1.4023904e-27)
(3.7689639e-06 -1.1049916e-05 -1.7139176e-24)
(5.4077043e-06 -1.5671202e-05 2.0619613e-24)
(7.4113278e-06 -2.1185802e-05 0)
(9.8686561e-06 -2.7759565e-05 0)
(1.2892703e-05 -3.5586047e-05 6.6826197e-21)
(1.6628011e-05 -4.4889773e-05 -8.444909e-21)
(2.1260356e-05 -5.5929266e-05 0)
(2.7029491e-05 -6.8999452e-05 0)
(3.4245818e-05 -8.4432915e-05 -1.3306251e-23)
(4.3312006e-05 -0.00010259924 1.5919615e-23)
(5.4750693e-05 -0.0001239014 1.8939323e-23)
(6.9239373e-05 -0.00014876793 -2.2697132e-23)
(8.765335e-05 -0.00017763927 1.5190211e-24)
(0.000111117 -0.00021094648 3.4241047e-24)
(0.00014106238 -0.00024908074 0)
(0.00017929234 -0.00029235211 3.1058274e-20)
(0.00022804217 -0.00034093756 -4.9323931e-20)
(0.00029003048 -0.00039481984 -1.8373899e-23)
(0.00036848535 -0.00045372171 0)
(0.00046712877 -0.00051704389 -3.6624582e-23)
(0.00059010077 -0.00058381845 3.6968498e-23)
(0.00074180763 -0.00065269192 0)
(0.00092668789 -0.00072195178 -2.7283177e-20)
(0.001148905 -0.00078960471 7.2901457e-20)
(0.0014119945 -0.00085350507 -5.4375632e-23)
(0.0017185119 -0.00091151907 8.9713726e-23)
(0.0020697377 -0.00096169838 -8.5769118e-23)
(0.0024654822 -0.0010024266 0)
(0.0029039974 -0.0010325652 -4.9173324e-22)
(0.0033822457 -0.0010515443 -3.2584974e-22)
(0.0038959077 -0.0010591928 -7.4207741e-22)
(0.004440265 -0.0010555726 -7.0564797e-22)
(0.0050081053 -0.0010418495 1.2377944e-22)
(0.0055995196 -0.0010169991 8.9830293e-23)
(0.00618793 -0.00098669558 -1.9066777e-21)
(0.0068337958 -0.00094892759 1.4324001e-22)
(5.6466233e-07 -1.4304878e-06 -1.3377042e-24)
(1.8131607e-06 -4.5665323e-06 0)
(3.3226022e-06 -8.3163889e-06 -2.7829245e-24)
(5.1515186e-06 -1.2797232e-05 6.6526966e-24)
(7.3706822e-06 -1.8148083e-05 -7.9601818e-24)
(1.0068625e-05 -2.4532357e-05 4.7348256e-24)
(1.3356045e-05 -3.2141534e-05 0)
(1.737181e-05 -4.1198916e-05 6.8907764e-21)
(2.229091e-05 -5.1963315e-05 -7.7390182e-21)
(2.8334823e-05 -6.4732412e-05 -9.5049185e-24)
(3.5784954e-05 -7.9845375e-05 5.6620148e-26)
(4.4999977e-05 -9.768407e-05 2.6054311e-23)
(5.6438047e-05 -0.000118672 -3.1216608e-23)
(7.0684926e-05 -0.00014326978 1.6836191e-23)
(8.8488968e-05 -0.00017196563 2.3100334e-23)
(0.00011080368 -0.00020525907 -2.3711444e-23)
(0.00013883785 -0.00024363588 2.6407257e-23)
(0.000174112 -0.00028753227 -7.8748151e-24)
(0.00021851796 -0.00033728702 4.3361792e-20)
(0.00027437559 -0.00039308137 -3.2296847e-20)
(0.00034447683 -0.0004548688 1.8148614e-23)
(0.00043210396 -0.00052230031 4.3310257e-25)
(0.00054100526 -0.00059465445 1.100036e-22)
(0.00067531111 -0.0006707861 6.8351819e-23)
(0.00083937672 -0.00074910987 -1.3800477e-22)
(0.0010375475 -0.00082763353 -7.2992236e-20)
(0.0012738573 -0.00090405046 2.420634e-20)
(0.0015516894 -0.00097588858 2.0893564e-22)
(0.0018734437 -0.0010406986 0)
(0.0022402681 -0.0010962496 -7.9099159e-23)
(0.0026518772 -0.0011406866 4.3029977e-22)
(0.003106465 -0.0011727103 4.3487606e-22)
(0.0036010459 -0.0011917095 -4.2645343e-22)
(0.0041314383 -0.0011974577 0)
(0.0046930742 -0.0011900217 -4.7418394e-22)
(0.0052789562 -0.0011707362 -1.8243012e-23)
(0.0058897253 -0.0011380837 -1.2122478e-22)
(0.0064965968 -0.0011000661 6.9088748e-20)
(0.0071711003 -0.0010474678 7.5341311e-19)
(7.4953539e-07 -1.6227055e-06 -2.5862175e-24)
(2.4036489e-06 -5.1799147e-06 2.250346e-24)
(4.3988113e-06 -9.4329221e-06 0)
(6.80907e-06 -1.4514408e-05 -3.1464583e-27)
(9.7238028e-06 -2.0581664e-05 7.5151103e-27)
(1.3253574e-05 -2.7819484e-05 1.7892429e-26)
(1.7535159e-05 -3.6444246e-05 0)
(2.2738205e-05 -4.6708074e-05 5.0733387e-26)
(2.9073895e-05 -5.8902883e-05 0)
(3.680608e-05 -7.3364013e-05 -9.118596e-24)
(4.6265494e-05 -9.0472948e-05 2.1588161e-23)
(5.7867849e-05 -0.00011065839 -1.2739776e-23)
(7.2136687e-05 -0.00013439465 2.4408954e-27)
(8.973191e-05 -0.00016219603 5.4207303e-25)
(0.0001114848 -0.00019460551 -2.4969373e-24)
(0.00013843997 -0.00023217559 1.9864504e-23)
(0.00017190404 -0.00027543929 -2.601571e-23)
(0.00021349935 -0.000324869 4.8161643e-26)
(0.00026521938 -0.00038082191 -3.116833e-23)
(0.00032947934 -0.000443472 -1.5628676e-23)
(0.00040915252 -0.00051273129 1.9949072e-24)
(0.00050757907 -0.00058816673 3.7448601e-23)
(0.00062853179 -0.00066892361 -3.6181096e-23)
(0.00077612311 -0.00075367093 -7.1328224e-23)
(0.00095464201 -0.00084058653 -6.5470555e-23)
(0.0011683189 -0.00092739865 1.2693475e-22)
(0.0014210311 -0.0010114932 5.5399402e-23)
(0.0017159799 -0.0010900832 9.9055364e-23)
(0.00205538 -0.0011604201 -9.7762191e-23)
(0.0024402229 -0.001220008 3.2811543e-22)
(0.0028701067 -0.0012667621 -2.9053989e-22)
(0.0033431406 -0.0012992344 -6.1688413e-22)
(0.0038563898 -0.0013168099 6.5186502e-22)
(0.0044058193 -0.0013191902 -9.8823288e-23)
(0.0049870045 -0.0013064498 6.3448677e-22)
(0.0055931708 -0.0012800894 8.1329094e-22)
(0.0062254237 -0.0012379962 2.4419562e-22)
(0.0068527986 -0.0011910083 -8.2665645e-19)
(0.0075579131 -0.0011200249 -3.5548647e-20)
(9.6757557e-07 -1.8087637e-06 -1.2488423e-24)
(3.1000118e-06 -5.7735454e-06 1.063615e-27)
(5.6678531e-06 -1.0513275e-05 2.5965725e-24)
(8.7633815e-06 -1.6175542e-05 -3.1044946e-24)
(1.2497816e-05 -2.2935147e-05 0)
(1.7007561e-05 -3.0997332e-05 -4.4275177e-24)
(2.2459941e-05 -4.0602225e-05 5.2781216e-24)
(2.9060603e-05 -5.2029342e-05 -6.3351587e-24)
(3.7062998e-05 -6.5601931e-05 1.489588e-23)
(4.6780365e-05 -8.1690785e-05 -8.7747167e-24)
(5.86008e-05 -0.00010071696 0)
(7.3006165e-05 -0.00012315258 0)
(9.0595591e-05 -0.00014951854 4.5030759e-25)
(0.00011211438 -0.00018037763 -1.7690953e-23)
(0.00013848889 -0.00021632114 2.0641431e-23)
(0.00017086768 -0.00025794685 2.7743481e-24)
(0.00021066823 -0.00030582577 0)
(0.00025962741 -0.00036045569 -4.8332409e-23)
(0.0003198518 -0.00042219998 6.1888379e-23)
(0.00039386125 -0.00049121202 0)
(0.00048461619 -0.0005673485 -6.8371298e-23)
(0.00059551574 -0.00065007896 1.0795247e-22)
(0.00073035242 -0.0007384039 3.5950646e-23)
(0.00089320926 -0.00083079825 -6.8594552e-23)
(0.0010882905 -0.00092519992 4.2513003e-24)
(0.0013196868 -0.0010190607 1.8962333e-22)
(0.0015910894 -0.0011094691 1.131761e-22)
(0.0019054853 -0.0011933398 -3.0701356e-24)
(0.0022648725 -0.0012676482 0)
(0.0026700634 -0.0013296588 -6.6057573e-22)
(0.0031205148 -0.00137707 1.3841416e-22)
(0.0036142191 -0.0014082915 3.7301103e-22)
(0.0041482734 -0.0014227548 8.5839803e-22)
(0.0047188055 -0.0014200864 7.3617912e-22)
(0.0053215095 -0.0014003686 -1.2553247e-21)
(0.0059498246 -0.0013652646 2.3585994e-22)
(0.006605171 -0.0013119949 1.7563441e-21)
(0.0072545712 -0.0012547055 -5.5830664e-22)
(0.0079910754 -0.001161718 2.561536e-21)
(1.2211376e-06 -1.9850534e-06 1.2032138e-24)
(3.9097452e-06 -6.3358985e-06 -4.1885532e-24)
(7.1433327e-06 -1.1536442e-05 5.0086911e-24)
(1.1035307e-05 -1.7748283e-05 -2.9922808e-24)
(1.5722159e-05 -2.5162609e-05 3.5703834e-24)
(2.1370157e-05 -3.4003754e-05 -8.5434365e-24)
(2.8181887e-05 -4.4533932e-05 5.0672348e-24)
(3.6404489e-05 -5.7058031e-05 6.0817471e-24)
(4.6340038e-05 -7.1928158e-05 -7.1917789e-24)
(5.8358459e-05 -8.9547532e-05 1.322505e-25)
(7.2913528e-05 -0.00011037309 1.5621687e-25)
(9.0562613e-05 -0.00013491587 3.6768438e-25)
(0.00011199082 -0.00016373785 0)
(0.00013804015 -0.00019744365 1.0123979e-24)
(0.00016974412 -0.00023666497 1.1593528e-24)
(0.00020836769 -0.00028203533 -2.655489e-24)
(0.00025545156 -0.0003341527 3.006779e-24)
(0.00031285871 -0.00039352764 0)
(0.00038281869 -0.00046051564 0)
(0.0004679631 -0.00053523453 0)
(0.00057134256 -0.00061747057 1.6776196e-23)
(0.00069641305 -0.00070658193 -1.0965501e-24)
(0.00084697842 -0.0008014129 -7.1565356e-23)
(0.001027077 -0.00090023752 0)
(0.0012408064 -0.001000753 3.2693655e-22)
(0.0014920893 -0.0011001416 -2.5350494e-22)
(0.0017843988 -0.0011952091 -3.8932738e-24)
(0.002120473 -0.0012825945 -2.0979443e-22)
(0.0025020591 -0.0013590278 -1.8935984e-22)
(0.0029297699 -0.0014215721 1.5944896e-22)
(0.0034028934 -0.0014677312 0)
(0.0039192747 -0.0014957368 -6.157935e-22)
(0.0044759663 -0.0015051505 -1.6145995e-21)
(0.0050693297 -0.0014955997 -1.4435251e-23)
(0.0056951207 -0.0014671 2.5321611e-21)
(0.0063469489 -0.0014214885 -1.0878735e-21)
(0.0070263416 -0.0013553023 -1.8184641e-21)
(0.007698618 -0.0012864031 -1.2241263e-21)
(0.0084659402 -0.0011681142 -2.3035265e-21)
(1.5123267e-06 -2.1471397e-06 2.3136777e-24)
(4.839546e-06 -6.8528165e-06 -8.0561685e-24)
(8.8373919e-06 -1.2476633e-05 6.7591602e-27)
(1.3643435e-05 -1.9192936e-05 3.8312766e-27)
(1.9423027e-05 -2.7207741e-05 6.879789e-24)
(2.6376513e-05 -3.6762599e-05 1.6088671e-26)
(3.4746646e-05 -4.8139552e-05 1.9170646e-26)
(4.4827758e-05 -6.166613e-05 0)
(5.6977115e-05 -7.7719997e-05 0)
(7.1628831e-05 -9.6732822e-05 -1.2838918e-25)
(8.9310846e-05 -0.00011919263 -1.6989281e-27)
(0.0001106655 -0.00014564362 1.0999197e-20)
(0.00013647426 -0.00017668197 -1.5994275e-20)
(0.00016768702 -0.00021294595 3.1855928e-23)
(0.00020545615 -0.00025509798 -1.5383638e-24)
(0.00025117476 -0.00030379612 -3.8846263e-23)
(0.00030651815 -0.00035965241 4.3349614e-23)
(0.00037348541 -0.00042317577 -1.1084016e-22)
(0.00045443683 -0.00049469821 6.5195444e-23)
(0.00055212013 -0.0005742858 -6.126064e-23)
(0.00066967587 -0.0006616386 5.0120838e-23)
(0.00081061096 -0.00075598944 1.3452352e-22)
(0.00097872802 -0.00085601618 -1.3778462e-22)
(0.0011780013 -0.00095978725 0)
(0.0014123958 -0.0010647621 -2.5790826e-22)
(0.0016856351 -0.0011678647 2.4755763e-22)
(0.002000939 -0.0012656384 -2.2861676e-22)
(0.0023607606 -0.0013544748 3.0305251e-22)
(0.0027665563 -0.0014308959 4.634763e-22)
(0.0032187177 -0.0014918104 1.7151357e-22)
(0.0037163238 -0.0015345662 0)
(0.0042569729 -0.0015569279 1.1610108e-23)
(0.0048378301 -0.0015593254 8.706767e-22)
(0.005455349 -0.0015410439 -1.7005842e-23)
(0.0061053069 -0.0015018895 -2.2242722e-21)
(0.0067813934 -0.0014439909 -2.8907774e-22)
(0.0074849893 -0.0013632601 0)
(0.0081801209 -0.0012815907 2.890478e-23)
(0.0089759128 -0.001135316 0)
(1.8427807e-06 -2.2896623e-06 2.2201881e-24)
(5.8946411e-06 -7.3071771e-06 -1.871772e-27)
(1.0759478e-05 -1.3302684e-05 -4.6152134e-24)
(1.6602199e-05 -2.0461556e-05 5.5290394e-24)
(2.3620714e-05 -2.9002571e-05 6.3860404e-27)
(3.2053771e-05 -3.9182016e-05 7.8513221e-24)
(4.2189328e-05 -5.1298795e-05 -9.3795854e-24)
(5.4374731e-05 -6.5699521e-05 0)
(6.9029107e-05 -8.2783169e-05 1.3204412e-23)
(8.6658344e-05 -0.00010300479 -1.5716045e-23)
(0.00010787304 -0.00012687747 -1.4563591e-25)
(0.00013340992 -0.0001549714 1.2598804e-20)
(0.00016415699 -0.00018790857 -1.1954345e-20)
(0.00020118283 -0.00022635103 -9.3674816e-25)
(0.00024576963 -0.00027098051 0)
(0.00029944953 -0.00032246659 0)
(0.00036404218 -0.00038142078 0)
(0.00044169085 -0.00044833437 1.2536516e-23)
(0.00053489175 -0.00052349907 6.7243161e-24)
(0.0006465098 -0.00060691222 -1.4818093e-23)
(0.00077977144 -0.00069817196 0)
(0.00093822416 -0.00079637284 -3.3205264e-23)
(0.0011256523 -0.00090001812 6.7252032e-23)
(0.0013459422 -0.0010069694 0)
(0.0016028962 -0.001114456 1.2396152e-22)
(0.0019000048 -0.001219161 -3.6396376e-22)
(0.0022401983 -0.0013173922 -1.078666e-22)
(0.0026256076 -0.0014053267 -2.9969725e-22)
(0.0030573549 -0.0014793184 -3.6852553e-22)
(0.0035355671 -0.0015361444 0)
(0.0040590184 -0.001572953 -1.3554626e-22)
(0.0046251569 -0.0015886019 8.6606637e-22)
(0.0052320962 -0.0015812052 -4.3030544e-22)
(0.0058737371 -0.0015518116 -8.9455375e-22)
(0.0065483539 -0.001500055 1.6042296e-21)
(0.0072487071 -0.0014281685 0)
(0.0079757492 -0.0013315111 0)
(0.0086926985 -0.0012361739 1.5950634e-21)
(0.009512712 -0.0010600135 0)
(2.2134226e-06 -2.4063027e-06 9.1720688e-30)
(7.0780062e-06 -7.6787518e-06 1.8162133e-27)
(1.2914909e-05 -1.3977807e-05 0)
(1.9919672e-05 -2.1497562e-05 -5.1898576e-27)
(2.8326469e-05 -3.0466913e-05 -6.1968106e-27)
(3.8416816e-05 -4.115371e-05 -1.4519517e-26)
(5.0528937e-05 -5.3869927e-05 0)
(6.5069007e-05 -6.8976761e-05 0)
(8.2524655e-05 -8.6889164e-05 -1.2658935e-23)
(0.00010348102 -0.00010807927 -7.1731459e-21)
(0.00012863969 -0.00013307779 6.9691322e-21)
(0.00015884084 -0.00016247227 2.089831e-23)
(0.00019508877 -0.00019690038 3.7723501e-25)
(0.00023858075 -0.00023703638 -8.7915608e-25)
(0.00029073888 -0.00028356809 1.0173351e-24)
(0.00035324362 -0.0003371618 3.7502785e-23)
(0.00042806699 -0.00039841232 -4.5905519e-23)
(0.00051750197 -0.00046777604 -5.3667316e-23)
(0.00062418276 -0.00054548677 1.0585415e-22)
(0.00075108889 -0.00063145623 -4.3801317e-23)
(0.00090152428 -0.00072516576 3.0024664e-23)
(0.001079062 -0.00082556083 -1.895118e-22)
(0.0012874462 -0.0009309655 5.3875714e-24)
(0.0015304468 -0.0010390384 2.5582276e-22)
(0.00181167 -0.0011467925 -1.2722162e-22)
(0.0021343366 -0.0012506958 2.3404816e-22)
(0.002501052 -0.0013468564 0)
(0.0029135987 -0.0014312821 3.9683981e-22)
(0.00337277 -0.0015002098 5.234908e-22)
(0.0038785543 -0.0015503417 1.4546113e-22)
(0.0044291615 -0.0015790593 2.6686748e-22)
(0.0050203555 -0.0015848416 -7.3551088e-22)
(0.0056519387 -0.0015655762 2.0033486e-22)
(0.0063203084 -0.0015232469 -1.9339796e-22)
(0.0070193018 -0.0014571302 0)
(0.0077430479 -0.0013697756 1.0341276e-21)
(0.0084917807 -0.0012562187 -1.7271922e-21)
(0.0092284467 -0.001146728 0)
(0.010066796 -0.00093981144 0)
(2.6241481e-06 -2.4896834e-06 4.9756484e-28)
(8.3891894e-06 -7.9440641e-06 -3.5070393e-24)
(1.5302844e-05 -1.4459253e-05 8.3936074e-24)
(2.3594435e-05 -2.2235247e-05 -5.0179279e-24)
(3.3538086e-05 -3.1507713e-05 5.9730755e-24)
(4.5462358e-05 -4.2552082e-05 -4.6975301e-27)
(5.9760682e-05 -5.5688691e-05 -1.6993472e-23)
(7.6903718e-05 -7.1287756e-05 1.01361e-23)
(9.7454002e-05 -8.9773667e-05 -1.1938439e-23)
(0.00012208309 -0.00011162796 -6.3107698e-21)
(0.00015159145 -0.00013739009 9.0073709e-21)
(0.00018693122 -0.00016765458 1.5013327e-25)
(0.00022923185 -0.00020306297 2.2934537e-23)
(0.00027982837 -0.00024428829 2.7748986e-23)
(0.00034029132 -0.00029200948 -3.2491231e-23)
(0.00041245702 -0.00034687315 -2.2141519e-24)
(0.00049845546 -0.00040943979 -4.0404872e-23)
(0.00060073198 -0.00048011288 4.6283014e-23)
(0.00072205732 -0.0005590505 -1.2815253e-23)
(0.00086551887 -0.00064606259 0)
(0.0010344851 -0.00074050093 2.9652372e-23)
(0.0012325347 -0.00084115447 -2.9969367e-23)
(0.0014633447 -0.00094616839 0)
(0.0017305359 -0.0010530087 0)
(0.0020374804 -0.0011584944 0)
(0.0023870883 -0.0012589133 -1.1535719e-22)
(0.0027815961 -0.0013502238 -2.073748e-22)
(0.0032223852 -0.0014283271 -1.9660302e-22)
(0.0037098396 -0.001489389 -3.5445586e-22)
(0.0042432428 -0.0015300395 -4.6418509e-22)
(0.004820084 -0.0015476475 6.7855469e-22)
(0.005439457 -0.0015403252 7.1153508e-22)
(0.0060974752 -0.0015084315 -1.0261447e-21)
(0.0067898994 -0.0014509087 0)
(0.0075118329 -0.001368972 2.8674942e-22)
(0.0082571121 -0.0012651403 -1.3276995e-21)
(0.0090247471 -0.001134325 1.7537162e-21)
(0.0097779488 -0.0010108269 0)
(0.010627306 -0.00077377901 0)
(3.0734705e-06 -2.5315426e-06 0)
(9.8234097e-06 -8.0767734e-06 0)
(1.791451e-05 -1.4699108e-05 -1.9627522e-27)
(2.7612864e-05 -2.2600981e-05 0)
(3.9236031e-05 -3.2020719e-05 5.5996992e-27)
(5.3163657e-05 -4.3236474e-05 0)
(6.9849008e-05 -5.6571215e-05 -8.0412612e-24)
(8.9832498e-05 -7.2397455e-05 9.5801897e-24)
(0.00011375749 -9.1141151e-05 4.3612071e-26)
(0.00014238852 -0.00011328411 0)
(0.00017663204 -0.00013936395 0)
(0.00021755968 -0.00016997013 1.833939e-23)
(0.00026643378 -0.00020573438 -2.1683866e-23)
(0.00032473455 -0.00024731326 0)
(0.00039418771 -0.0002953601 2.8484982e-23)
(0.00047679067 -0.00035048389 -2.9999889e-23)
(0.00057483421 -0.00041319224 2.4503941e-24)
(0.00069091541 -0.0004838172 0)
(0.00082793627 -0.00056242397 -5.8848811e-24)
(0.00098908105 -0.00064870639 -1.2794249e-23)
(0.0011777651 -0.00074187711 0)
(0.0013975482 -0.00084056612 -5.6006676e-20)
(0.0016520093 -0.00094274655 1.9959503e-20)
(0.0019445827 -0.00104571 1.2104613e-22)
(0.0022783663 -0.0011461126 0)
(0.0026559173 -0.0012401062 7.452507e-25)
(0.0030790612 -0.0013235535 1.1442923e-22)
(0.0035487367 -0.0013923111 -1.8025112e-22)
(0.0040648874 -0.0014425445 1.7634765e-22)
(0.0046263956 -0.0014709738 -9.163318e-20)
(0.0052310989 -0.0014750628 -7.8307712e-21)
(0.0058766244 -0.0014530615 0)
(0.0065593186 -0.0014049619 8.1817033e-22)
(0.0072748747 -0.0013310684 -3.2697913e-22)
(0.0080179656 -0.0012322676 3.7181105e-23)
(0.0087820925 -0.0011114808 7.4121454e-22)
(0.0095648571 -0.00096383059 -5.1335204e-23)
(0.010330373 -0.00082731925 -3.9167146e-22)
(0.011182185 -0.00056262677 0)
(3.5579399e-06 -2.5227192e-06 -1.7904354e-24)
(1.1369634e-05 -8.0476765e-06 3.1116116e-24)
(2.0729774e-05 -1.464427e-05 -3.7257043e-24)
(3.1943902e-05 -2.25132e-05 0)
(4.537614e-05 -3.1890514e-05 -5.3077941e-24)
(6.1460805e-05 -4.3051271e-05 6.3404698e-24)
(8.0715098e-05 -5.6314246e-05 0)
(0.00010375382 -7.2046274e-05 8.9514316e-24)
(0.00013130629 -9.0665617e-05 -1.0676053e-23)
(0.00016423567 -0.00011264367 0)
(0.00020356037 -0.00013850398 -1.4847427e-23)
(0.00025047769 -0.00016881711 1.7887967e-23)
(0.0003063889 -0.00020418955 1.9813548e-23)
(0.0003729249 -0.00024524438 -2.4833107e-23)
(0.00045197096 -0.00029259111 -2.6680271e-23)
(0.00054568803 -0.00034678204 5.9781396e-23)
(0.00065652726 -0.0004082528 -3.6598393e-23)
(0.00078723314 -0.00047724586 -4.9754319e-24)
(0.00094082959 -0.00055371782 5.0296734e-23)
(0.0011205824 -0.00063723494 5.9480903e-23)
(0.0013299319 -0.00072686571 -1.0680286e-22)
(0.0015723904 -0.00082108493 -2.2964184e-20)
(0.0018514039 -0.0009177087 6.3484652e-20)
(0.0021701815 -0.0010138822 1.0926326e-22)
(0.0025315055 -0.0011061404 -1.1247376e-22)
(0.0029375403 -0.0011905538 7.5907054e-20)
(0.0033896637 -0.0012629551 -1.4557585e-20)
(0.0038883434 -0.001319226 -1.7383276e-22)
(0.0044330665 -0.0013556056 0)
(0.0050223265 -0.0013689453 2.3181476e-21)
(0.0056537333 -0.0013568766 9.4668084e-20)
(0.0063243685 -0.0013180559 0)
(0.0070303458 -0.0012524771 7.4944078e-22)
(0.0077669268 -0.0011609305 -3.1523537e-22)
(0.0085284233 -0.0010446955 -7.9883157e-22)
(0.0093077986 -0.00090717172 0)
(0.010101001 -0.00074406226 0)
(0.010873677 -0.00059657668 -2.9926346e-22)
(0.011718537 -0.00030884043 -1.332987e-21)
(4.0721005e-06 -2.4537461e-06 -1.6628995e-24)
(1.3010407e-05 -7.8265967e-06 2.8969735e-24)
(2.3716776e-05 -1.4239872e-05 3.4601072e-24)
(3.6538398e-05 -2.1887639e-05 -8.272449e-24)
(5.1888492e-05 -3.0997875e-05 9.8724805e-24)
(7.0258945e-05 -4.1835749e-05 -1.745774e-26)
(9.2234159e-05 -5.4707897e-05 -1.4021332e-23)
(0.00011850694 -6.9966227e-05 8.3550217e-24)
(0.00014989655 -8.8010622e-05 -1.892472e-27)
(0.00018736894 -0.00010928981 -1.1597303e-23)
(0.00023205885 -0.00013429937 2.7688305e-23)
(0.00028529347 -0.00016357536 -1.6363885e-23)
(0.00034861678 -0.00019768181 3.052502e-25)
(0.00042381331 -0.00023718971 7.118615e-25)
(0.00051292931 -0.00028264508 -2.560447e-23)
(0.00061828847 -0.00033452359 3.3568863e-23)
(0.00074249835 -0.00039316957 -2.6119192e-20)
(0.00088844279 -0.00045871865 2.2033263e-20)
(0.0010592544 -0.00053100546 0)
(0.0012582614 -0.00060946142 -4.0992436e-20)
(0.0014889035 -0.00069301214 2.7399967e-20)
(0.0017546138 -0.00077998948 1.0477002e-22)
(0.002058669 -0.00086807776 1.0277789e-22)
(0.0024040134 -0.00095431546 -1.0802236e-22)
(0.0027930742 -0.0010351709 -1.0566668e-22)
(0.003227586 -0.001106701 1.9493549e-20)
(0.0037084485 -0.0011647868 -8.0840955e-20)
(0.0042356357 -0.0012054217 1.7442663e-22)
(0.0048081628 -0.0012250121 -1.4747662e-22)
(0.0054241106 -0.0012206344 -4.0306356e-22)
(0.0060807323 -0.0011902162 4.9926733e-22)
(0.0067746325 -0.0011327651 2.0207299e-22)
(0.007501549 -0.001048507 -1.8396172e-21)
(0.0082562758 -0.00093867819 7.8119279e-22)
(0.0090325987 -0.000805178 1.1188883e-21)
(0.0098227931 -0.00065201476 -8.8963493e-22)
(0.010620969 -0.00047592293 1.4831928e-21)
(0.011394914 -0.00032070189 0)
(0.01222306 -1.6803068e-05 1.6411733e-21)
(4.6071086e-06 -2.3146696e-06 -7.4524263e-28)
(1.4717523e-05 -7.3818253e-06 6.6805967e-28)
(2.6824193e-05 -1.3428298e-05 -3.0989907e-27)
(4.1317448e-05 -2.0635869e-05 3.7019194e-27)
(5.8661315e-05 -2.9217792e-05 4.5548444e-27)
(7.940717e-05 -3.9421557e-05 0)
(0.00010420874 -5.1532582e-05 0)
(0.00013383914 -6.5877344e-05 0)
(0.00016920999 -8.2825268e-05 8.9937132e-24)
(0.0002113925 -0.00010278867 -1.0882979e-23)
(0.00026164 -0.00012621969 -9.5961208e-26)
(0.00032141146 -0.00015360275 1.489186e-23)
(0.00039239474 -0.00018544073 -1.762093e-23)
(0.00047652792 -0.00022223274 0)
(0.00057601632 -0.00026444095 -2.349565e-23)
(0.00069334191 -0.00031244438 2.4040777e-23)
(0.00083126079 -0.00036647769 -1.9463439e-20)
(0.00099278393 -0.00042655462 3.0138188e-20)
(0.0011811354 -0.00049237812 0)
(0.001399683 -0.00056324275 -2.5855481e-20)
(0.0016518376 -0.00063793949 4.6146295e-20)
(0.00194092 -0.00071467844 0)
(0.0022700007 -0.00079104833 2.3366632e-23)
(0.0026417222 -0.00086403334 0)
(0.003058121 -0.00093010329 0)
(0.0035204712 -0.00098538355 0)
(0.0040291706 -0.0010258956 8.8956675e-23)
(0.0045836829 -0.0010478422 3.0432491e-22)
(0.0051825373 -0.0010478987 -1.240031e-23)
(0.0058233752 -0.0010234642 8.3050485e-24)
(0.0065030379 -0.00097284794 1.2001901e-22)
(0.0072176524 -0.00089545806 -3.8153472e-22)
(0.0079624902 -0.00079190217 7.1852743e-22)
(0.0087318067 -0.00066393613 -6.195737e-22)
(0.009518701 -0.00051421558 0)
(0.010314628 -0.00034751762 1.7309165e-21)
(0.011111773 -0.00016210495 -2.8837367e-21)
(0.011880638 -3.6609758e-06 -1.2352322e-21)
(0.012682529 0.00030718685 0)
(5.1523755e-06 -2.0968138e-06 3.5045505e-28)
(1.6457108e-05 -6.6857256e-06 2.4073518e-24)
(2.9990209e-05 -1.2159333e-05 -2.8810726e-24)
(4.6185708e-05 -1.8680833e-05 -3.4375898e-24)
(6.5559034e-05 -2.6441349e-05 1.1064784e-26)
(8.8721646e-05 -3.5662035e-05 4.9024131e-24)
(0.00011639714 -4.6597046e-05 0)
(0.0001494394 -5.9535827e-05 0)
(0.00018885263 -7.4804074e-05 3.330614e-26)
(0.00023581316 -9.2762652e-05 9.7055162e-24)
(0.00029169228 -0.00011380344 -2.2901326e-23)
(0.00035807933 -0.00013834071 1.3591019e-23)
(0.00043680346 -0.00016679628 0)
(0.00052995224 -0.00019957641 0)
(0.00063988395 -0.00023703833 6.3927296e-25)
(0.00076923009 -0.00027944422 2.6703095e-23)
(0.00092088336 -0.00032690138 -5.8683292e-25)
(0.0010979661 -0.00037928865 -2.7794242e-23)
(0.0013037737 -0.00043617152 0)
(0.0015416891 -0.00049671218 0)
(0.0018150654 -0.00055958473 0)
(0.0021270793 -0.00062291086 0)
(0.002480562 -0.00068423421 -1.3045503e-22)
(0.0028778216 -0.00074055212 1.7790163e-22)
(0.0033204757 -0.0007884188 -4.8559131e-23)
(0.0038093165 -0.00082412333 7.9552651e-23)
(0.0043442262 -0.00084393093 7.47837e-23)
(0.0049241509 -0.00084436066 -1.5201396e-22)
(0.005547128 -0.00082246257 0)
(0.0062103447 -0.0007760573 0)
(0.0069102025 -0.00070391855 0)
(0.0076423409 -0.00060593536 3.8534558e-22)
(0.0084014996 -0.00048321671 -4.5550026e-22)
(0.0091813025 -0.00033813353 1.4748843e-22)
(0.00997403 -0.00017420871 0)
(0.010770194 2.852144e-06 -1.5976727e-21)
(0.01156007 0.00019275596 1.3987717e-21)
(0.012317414 0.00034869221 1.2901321e-22)
(0.0130844 0.00065500369 1.3971416e-22)
(5.6907238e-06 -1.7915058e-06 0)
(1.81745e-05 -5.7106881e-06 0)
(3.3115591e-05 -1.0382849e-05 0)
(5.099103e-05 -1.5945675e-05 -2.4228167e-21)
(7.2366796e-05 -2.2560023e-05 2.86286e-21)
(9.7913358e-05 -3.0411249e-05 -4.3498934e-24)
(0.00012842285 -3.9711287e-05 0)
(0.00016482821 -5.0699963e-05 6.137318e-24)
(0.00020822409 -6.3644923e-05 -4.1738326e-26)
(0.00025988919 -7.8839483e-05 -8.6552224e-24)
(0.00032130922 -9.6597455e-05 0)
(0.00039419923 -0.00011724362 -1.1922336e-23)
(0.00048052375 -0.00014109829 2.8069219e-23)
(0.00058251206 -0.00016845408 -3.271365e-23)
(0.00070266541 -0.00019954307 1.8191763e-23)
(0.00084375212 -0.00023449255 -7.1419597e-25)
(0.0010087855 -0.00027326844 2.4512108e-23)
(0.0012009797 -0.00031560689 -5.578792e-23)
(0.0014236783 -0.00036093702 2.7782846e-23)
(0.0016802527 -0.00040830105 -3.9861333e-24)
(0.0019739695 -0.00045628253 0)
(0.0023078315 -0.00050295729 0)
(0.0026844026 -0.00054588428 3.9226753e-23)
(0.0031056329 -0.00058215277 1.8593626e-23)
(0.0035727045 -0.00060849695 -4.5524441e-24)
(0.0040859201 -0.00062147796 -7.9130905e-23)
(0.0046446474 -0.00061771989 -6.4234214e-24)
(0.0052473235 -0.00059417341 -6.8254961e-23)
(0.005891503 -0.00054837345 2.2559719e-22)
(0.0065739204 -0.00047866165 -1.1238169e-22)
(0.0072905292 -0.00038436066 9.0512901e-23)
(0.0080364718 -0.00026592446 -8.8207932e-23)
(0.0088059096 -0.00012506107 3.5952328e-23)
(0.0095917523 3.5154199e-05 2.3326899e-22)
(0.010385358 0.00021024791 0)
(0.011176181 0.00039346119 7.6706287e-22)
(0.011952675 0.00058201274 5.5664339e-22)
(0.012692307 0.00072876397 9.2931198e-22)
(0.013417122 0.0010170231 -8.0743515e-22)
(6.2079871e-06 -1.3946927e-06 5.3115688e-25)
(1.9824218e-05 -4.44386e-06 -9.251434e-25)
(3.6117053e-05 -8.0755941e-06 0)
(5.5604453e-05 -1.2394896e-05 -2.1810773e-21)
(7.8900407e-05 -1.7523941e-05 2.6495734e-21)
(0.0001067313 -2.3602519e-05 -1.8754183e-24)
(0.000139954 -3.0789066e-05 6.3720935e-23)
(0.00017957585 -3.9260883e-05 -1.1006285e-22)
(0.0002267763 -4.921293e-05 3.1395734e-24)
(0.00028292955 -6.0854594e-05 -7.4542676e-24)
(0.00034962737 -7.4403559e-05 4.4175888e-24)
(0.00042870059 -9.0075619e-05 0)
(0.00052223719 -0.00010806905 -8.7701688e-26)
(0.00063259421 -0.00012854201 -7.11249e-24)
(0.00076239972 -0.00015158135 8.5136676e-24)
(0.00091454039 -0.00017716167 -2.7152357e-25)
(0.0010921296 -0.0002050941 -6.1778808e-25)
(0.0012984508 -0.00023496585 0)
(0.0015368721 -0.00026607387 2.9871843e-23)
(0.001810729 -0.00029735912 -2.9213184e-23)
(0.0021231785 -0.00032735146 0)
(0.0024770289 -0.0003541385 0)
(0.0028745612 -0.00037537331 -1.0362237e-23)
(0.0033173592 -0.00038833487 -2.5664333e-24)
(0.0038061706 -0.00039004919 -5.3437506e-23)
(0.0043408192 -0.00037746938 6.3732102e-23)
(0.0049201791 -0.00034769996 0)
(0.0055422043 -0.00029824038 0)
(0.0062039934 -0.00022721855 -1.6151289e-22)
(0.0069018483 -0.00013359241 -3.6569653e-23)
(0.007631284 -1.731402e-05 1.554157e-22)
(0.0083869457 0.00012052269 -1.4172147e-22)
(0.0091623911 0.00027753575 3.26307e-22)
(0.0099497614 0.00044988314 -5.5358619e-22)
(0.010739418 0.00063211194 1.7600988e-22)
(0.011519639 0.00081636732 -1.7056297e-22)
(0.012277128 0.00099706373 -3.2757464e-22)
(0.012992996 0.0011277523 4.1119867e-22)
(0.013668472 0.001382962 4.4864221e-22)
(6.6727236e-06 -9.0242762e-07 -1.1680172e-28)
(2.1306524e-05 -2.8726459e-06 7.6488997e-25)
(3.8814112e-05 -5.214672e-06 -2.2619299e-27)
(5.9750289e-05 -7.9933431e-06 -1.0931975e-24)
(8.4772262e-05 -1.1283413e-05 5.7816685e-28)
(0.00011465673 -1.5168964e-05 1.5496838e-24)
(0.00015031883 -1.9743268e-05 5.3087408e-23)
(0.00019283281 -2.510779e-05 -3.4837904e-23)
(0.00024345423 -3.1369805e-05 2.6125348e-24)
(0.00030364286 -3.8638127e-05 -5.4657044e-27)
(0.00037508517 -4.7016218e-05 0)
(0.00045971475 -5.6591746e-05 -4.2517521e-24)
(0.00055972826 -6.7421476e-05 1.4802726e-25)
(0.00067759376 -7.9510342e-05 5.9297468e-24)
(0.00081604726 -9.2783541e-05 0)
(0.00097807284 -0.00010705092 7.9336941e-24)
(0.001166861 -0.00012196359 -1.6786023e-23)
(0.0013857404 -0.00013696424 1.0062025e-23)
(0.001638079 -0.00015123443 -1.0850557e-23)
(0.0019271537 -0.0001636452 1.557655e-23)
(0.0022559923 -0.00017272018 0)
(0.0026271958 -0.0001766232 0)
(0.0030427584 -0.0001731833 1.976212e-23)
(0.0035039045 -0.00015996769 -6.6193689e-23)
(0.0040109674 -0.00013440744 -1.9843306e-23)
(0.004563325 -9.3970478e-05 3.6731171e-23)
(0.0051594009 -3.6367024e-05 -3.9963962e-23)
(0.0057967161 4.0235265e-05 7.0656924e-23)
(0.0064719626 0.0001370086 1.5498702e-23)
(0.007181052 0.00025428855 7.9814372e-23)
(0.0079190918 0.00039142117 -7.6628171e-23)
(0.0086802504 0.00054661281 1.3860519e-22)
(0.0094574849 0.00071676052 -5.6845568e-23)
(0.010242156 0.00089723804 1.159271e-22)
(0.011023604 0.0010816699 8.4280466e-23)
(0.01178883 0.0012612171 0)
(0.012522752 0.0014275922 -3.3337097e-22)
(0.013208592 0.0015370507 -4.1666344e-22)
(0.013824273 0.0017429183 -1.1249389e-22)
(7.0775097e-06 -3.2018056e-07 -8.7056347e-26)
(2.259677e-05 -1.0147152e-06 1.5114053e-25)
(4.1160178e-05 -1.8325857e-06 -1.8088064e-25)
(6.335386e-05 -2.7916077e-06 -2.3513351e-28)
(8.9871589e-05 -3.9111071e-06 -5.6100941e-28)
(0.00012153239 -5.210243e-06 3.0627673e-25)
(0.00015930002 -6.7065886e-06 -1.7465319e-27)
(0.00020430417 -8.4138451e-06 -4.3504226e-25)
(0.00025786291 -1.033827e-05 -5.1257449e-25)
(0.00032150549 -1.247343e-05 6.1608452e-25)
(0.00039699441 -1.4792733e-05 0)
(0.00048634459 -1.7239071e-05 0)
(0.00059183732 -1.9710798e-05 0)
(0.00071602526 -2.2043306e-05 4.0115336e-26)
(0.00086172429 -2.3985579e-05 0)
(0.0010319872 -2.5171526e-05 0)
(0.0012300537 -2.5086672e-05 -3.66459e-24)
(0.0014592721 -2.3032018e-05 3.9559292e-24)
(0.0017229889 -1.8088678e-05 0)
(0.0020244075 -9.0890209e-06 -4.638414e-24)
(0.0023664198 5.3977747e-06 5.1972091e-24)
(0.0027514236 2.7056444e-05 0)
(0.0031811433 5.778342e-05 0)
(0.003656477 9.9605097e-05 -8.9867839e-25)
(0.0041773922 0.00015455539 2.8113083e-20)
(0.0047428847 0.00022451899 -2.9193161e-20)
(0.0053510019 0.00031105426 -2.1180436e-23)
(0.0059989107 0.00041521347 1.8831615e-23)
(0.0066829719 0.00053737563 -2.0329675e-23)
(0.0073987721 0.00067709662 -4.3447396e-23)
(0.0081410644 0.00083296758 -1.3155636e-23)
(0.0089035838 0.0010024601 5.6792187e-23)
(0.0096787253 0.0011817382 1.127517e-23)
(0.010457116 0.0013654284 0)
(0.011227139 0.0015463907 0)
(0.011974584 0.0017151353 0)
(0.012682835 0.0018617414 9.624414e-23)
(0.013335204 0.0019503693 2.2466915e-23)
(0.013891983 0.0020890819 -3.7507616e-23)
(7.3725698e-06 3.6264509e-07 1.1570068e-25)
(2.3537794e-05 1.1638537e-06 -2.0152839e-25)
(4.2872178e-05 2.1325068e-06 9.9013604e-22)
(6.5985094e-05 3.3055686e-06 -1.1886109e-21)
(9.359754e-05 4.7281876e-06 0)
(0.00012656015 6.456566e-06 0)
(0.00016587316 8.5607795e-06 7.3551356e-28)
(0.00021270793 1.1128426e-05 0)
(0.00026842958 1.4269394e-05 -2.0669034e-27)
(0.00033461978 1.8121966e-05 0)
(0.00041309816 2.2860581e-05 0)
(0.00050594042 2.8705576e-05 -6.7405686e-27)
(0.00061549011 3.5935247e-05 0)
(0.00074436049 4.4900468e-05 -1.4666345e-24)
(0.00089542181 5.6041853e-05 1.8123537e-24)
(0.0010717688 6.9909053e-05 -9.6454165e-26)
(0.0012766635 8.7181096e-05 9.2080319e-21)
(0.0015134477 0.00010868566 -1.1010427e-20)
(0.0017854248 0.00013541392 -3.0642796e-24)
(0.0020957098 0.00016852612 3.177587e-24)
(0.0024470561 0.00020934198 -6.3284526e-25)
(0.0028416722 0.00025930934 0)
(0.0032810464 0.0003199457 0)
(0.0037658049 0.00039275052 4.3795308e-24)
(0.0042956232 0.00047909046 2.0138486e-20)
(0.0048692037 0.00058006601 -2.1049689e-20)
(0.0054843152 0.00069637123 0)
(0.0061378687 0.00082815834 0)
(0.0068259858 0.00097491273 0)
(0.0075440085 0.0011353335 -9.9824349e-24)
(0.0082864021 0.0013072036 2.36678e-23)
(0.0090465272 0.0014872308 0)
(0.0098162814 0.0016708469 0)
(0.010585655 0.001851989 0)
(0.01134225 0.0020229407 5.9078885e-23)
(0.012070952 0.0021739227 -4.7338186e-23)
(0.012754613 0.0022950233 0)
(0.013376333 0.0023658851 -5.539364e-23)
(0.013890386 0.0024281566 0)
(7.5490977e-06 1.1201253e-06 0)
(2.4099763e-05 3.5803414e-06 -3.2318143e-29)
(4.3892697e-05 6.5300768e-06 5.4685818e-22)
(6.7550253e-05 1.0066765e-05 -6.5122305e-22)
(9.5808385e-05 1.4306641e-05 0)
(0.00012953477 1.9388862e-05 2.5947117e-28)
(0.00016974885 2.5479793e-05 -7.3553147e-28)
(0.00021764334 3.2778043e-05 0)
(0.00027460671 4.1520369e-05 2.0670058e-27)
(0.00034224555 5.1988501e-05 0)
(0.00042240531 6.451687e-05 0)
(0.00051718731 7.9501207e-05 1.2405246e-27)
(0.00062895895 9.7407837e-05 1.4082995e-24)
(0.00076035333 0.00011878328 -1.7010497e-24)
(0.00091425364 0.00014426347 4.0585034e-21)
(0.0010937571 0.00017458157 -4.9233071e-21)
(0.001302113 0.00021057263 5.063324e-21)
(0.0015426313 0.00025317294 -5.5174761e-21)
(0.0018185588 0.00030341107 2.8606449e-24)
(0.0021329254 0.00036238735 -1.2992026e-23)
(0.00248837 0.00043123815 7.7561905e-24)
(0.0028869575 0.0005110825 -9.2051524e-25)
(0.0033300111 0.0006029501 0)
(0.0038179812 0.00070769278 2.7752141e-24)
(0.0043503705 0.00082588537 7.0066982e-24)
(0.0049257261 0.00095772445 -7.3282333e-24)
(0.0055416866 0.0011029335 3.0354077e-24)
(0.0061950554 0.0012606791 0)
(0.0068818528 0.0014294925 0)
(0.0075972963 0.0016071822 1.9377132e-23)
(0.0083356666 0.0017907168 -5.0313141e-23)
(0.0090900451 0.0019760606 1.6918703e-23)
(0.0098519402 0.0021579646 0)
(0.010610864 0.0023297747 -3.3959516e-24)
(0.011353871 0.0024833714 -3.1691271e-23)
(0.012065276 0.0026086701 6.4065802e-23)
(0.012728552 0.0026955442 0)
(0.013328562 0.0027305522 4.4897062e-23)
(0.013835783 0.0027262524 0)
(7.5517501e-06 1.8918032e-06 -4.7013308e-26)
(2.4107601e-05 6.0416597e-06 6.7986459e-28)
(4.390583e-05 1.1008378e-05 9.962395e-28)
(6.7568394e-05 1.6950539e-05 1.1510339e-25)
(9.5830598e-05 2.4056167e-05 -1.342043e-25)
(0.00012955911 3.2548012e-05 1.6000455e-25)
(0.00016977182 4.2689226e-05 1.8485512e-25)
(0.00021765914 5.4789657e-05 -5.5271936e-27)
(0.00027460615 6.9212738e-05 -5.0593145e-25)
(0.00034221452 8.6382763e-05 2.9638198e-25)
(0.00042232263 0.00010679228 0)
(0.00051702184 0.00013100911 3.7123199e-25)
(0.00062866566 0.00015968234 -4.3348264e-25)
(0.00075986816 0.00019354623 0)
(0.00091348697 0.00023342076 5.7604972e-22)
(0.0010925857 0.00028020697 -5.1123287e-22)
(0.0013003711 0.00033487504 0)
(0.0015401001 0.00039844267 1.3246141e-25)
(0.0018149569 0.00047194137 2.0169109e-25)
(0.0021279016 0.00055636881 6.8645754e-25)
(0.0024814989 0.00065262661 -1.5643001e-25)
(0.0028777427 0.00076144511 6.8078833e-25)
(0.0033178964 0.00088329944 -1.9532972e-24)
(0.0038023709 0.0010183244 4.7067303e-25)
(0.0043306584 0.0011662373 3.7953301e-24)
(0.0049013273 0.0013262761 0)
(0.0055120664 0.0014971585 -3.0358765e-24)
(0.006159743 0.0016770538 0)
(0.0068404305 0.0018635536 0)
(0.0075493549 0.0020536167 1.3960732e-23)
(0.008280728 0.0022434619 2.5409091e-23)
(0.0090274626 0.0024284015 2.3067484e-23)
(0.0097808038 0.0026026235 4.9397487e-24)
(0.010529959 0.00275905 -3.3697436e-23)
(0.011261629 0.0028893986 -1.3284561e-23)
(0.011959547 0.0029833291 0)
(0.01260816 0.0030305964 -1.0490748e-22)
(0.013193332 0.0030213474 2.5259513e-22)
(0.013693406 0.0029582113 2.8512079e-22)
(7.3895745e-06 2.6440519e-06 -1.6468508e-22)
(2.3589471e-05 8.4407074e-06 2.9189077e-22)
(4.2961553e-05 1.5372765e-05 3.0159132e-28)
(6.611412e-05 2.3658077e-05 3.6074791e-28)
(9.3766214e-05 3.3554166e-05 -5.3759858e-25)
(0.00012676525 4.5364565e-05 6.4420606e-25)
(0.00016610638 5.9445744e-05 -7.7034843e-25)
(0.00021295329 7.6214518e-05 -8.3817655e-22)
(0.00026865972 9.6155693e-05 1.0635732e-21)
(0.00033479087 0.00011982955 0)
(0.00041314305 0.00014787856 1.5569571e-24)
(0.00050575942 0.00018103243 -1.5933566e-21)
(0.00061493908 0.00022011024 2.1276542e-21)
(0.00074323565 0.00026601816 2.584175e-24)
(0.00089344097 0.0003197405 -6.0800695e-24)
(0.0010685491 0.00038232202 3.5606802e-24)
(0.0012716961 0.0004548387 0)
(0.0015060711 0.00053835486 -5.9750532e-25)
(0.0017747994 0.00063386491 1.0521126e-24)
(0.0020807978 0.00074221985 -1.2436873e-23)
(0.0024266131 0.00086404093 1.3595378e-23)
(0.0028142565 0.0009996262 2.0036907e-23)
(0.0032450531 0.0011488591 -1.389002e-23)
(0.0037195271 0.0013111305 1.5940592e-23)
(0.0042373373 0.0014852869 -2.1224991e-23)
(0.0047972659 0.0016696108 0)
(0.0053972449 0.001861834 7.3484893e-24)
(0.0060343875 0.0020591677 -4.6621817e-23)
(0.0067049799 0.0022583225 -2.3242754e-24)
(0.0074043904 0.0024554851 -6.6668844e-23)
(0.0081268737 0.0026462241 -1.8652696e-22)
(0.0088652747 0.0028253225 2.0839805e-23)
(0.009610686 0.0029865538 7.2494959e-23)
(0.010352151 0.0031226428 -7.0882046e-23)
(0.011076151 0.0032253642 1.7570626e-22)
(0.011765647 0.0032843079 4.2924451e-22)
(0.012406303 0.0032895488 -7.4711303e-23)
(0.012984466 0.0032339878 -1.7265609e-22)
(0.013481757 0.0031170241 -9.672401e-23)
(7.053881e-06 3.33607e-06 -3.6713157e-22)
(2.2518206e-05 1.0647351e-05 6.3587028e-22)
(4.1011443e-05 1.9386509e-05 -2.6794712e-27)
(6.3114783e-05 2.9825588e-05 -2.0578403e-24)
(8.9515283e-05 4.2285576e-05 -8.6253383e-28)
(0.00012102291 5.7143631e-05 0)
(0.00015858916 7.4841083e-05 0)
(0.00020332712 9.5891735e-05 -1.897402e-21)
(0.00025653232 0.00012089005 2.2015573e-21)
(0.00031970358 0.00015051862 -2.9531327e-26)
(0.00039456239 0.00018555394 0)
(0.00048306877 0.00022686928 -3.6942565e-21)
(0.00058743105 0.00027543289 4.1470775e-21)
(0.0007101061 0.00033229932 -1.1444069e-23)
(0.0008537859 0.0003985912 -2.6543833e-25)
(0.0010213659 0.00047546878 0)
(0.0012158911 0.000564084 -1.7638184e-23)
(0.001440476 0.00066551728 2.0899386e-23)
(0.001698198 0.00078069599 -1.0521049e-24)
(0.0019919661 0.00091029664 2.5100016e-23)
(0.0023243731 0.0010546363 -2.3858819e-23)
(0.0026975433 0.0012135633 2.3837743e-23)
(0.0031129924 0.0013863612 -1.3081107e-24)
(0.0035715166 0.0015716821 -5.3683575e-23)
(0.0040731226 0.0017675241 -4.3316401e-23)
(0.0046169988 0.0019712569 6.6708007e-23)
(0.0052015116 0.0021796915 2.3474787e-23)
(0.0058241966 0.0023891658 4.4350712e-23)
(0.0064817043 0.0025956126 9.1489803e-21)
(0.0071696689 0.0027945653 -3.8640406e-20)
(0.0078824854 0.0029810757 -1.5322989e-22)
(0.0086130161 0.0031495497 0)
(0.0093522971 0.0032935156 3.5012137e-22)
(0.010089213 0.0034059156 0)
(0.0108104 0.0034783674 4.2363702e-23)
(0.011497873 0.0035010822 -1.0175947e-21)
(0.012137805 0.0034648872 0)
(0.012717703 0.0033652752 -2.1111365e-20)
(0.013220553 0.00320141 5.7131237e-19)
(6.5600945e-06 3.9315824e-06 -2.6027112e-24)
(2.0942795e-05 1.2545961e-05 4.5297464e-24)
(3.8144259e-05 2.2839356e-05 -2.5866475e-27)
(5.8706157e-05 3.5130115e-05 -3.2393614e-24)
(8.3269026e-05 4.9793376e-05 -3.862394e-24)
(0.00011258852 6.7268973e-05 9.2271911e-24)
(0.00014755302 8.8070271e-05 -5.507493e-24)
(0.0001892028 0.00011279312 0)
(0.00023875002 0.00014212435 0)
(0.00029759912 0.00017684895 9.1954685e-24)
(0.00036736607 0.00021785478 -1.1009074e-23)
(0.00044989494 0.00026613315 -8.2581455e-26)
(0.00054726936 0.00032277308 0)
(0.00066181588 0.00038894649 0)
(0.00079609559 0.00046588124 2.6543819e-25)
(0.00095288003 0.00055481869 0)
(0.0011351074 0.00065695258 0)
(0.0013458157 0.0007733474 -3.0885357e-23)
(0.0015880523 0.0009048364 3.8062865e-23)
(0.0018647607 0.001051903 0)
(0.0021786503 0.0012145541 -1.0584612e-23)
(0.0025320606 0.0013921993 5.7777802e-23)
(0.0029268306 0.0015835537 -4.8756331e-23)
(0.0033641878 0.0017865848 -8.1631542e-24)
(0.0038446651 0.001998519 -2.0463137e-23)
(0.0043680428 0.0022159111 -9.3425009e-23)
(0.0049333022 0.0024347665 -1.1313412e-23)
(0.0055385634 0.00265068 1.678311e-22)
(0.0061809765 0.0028589466 4.6761974e-20)
(0.0068565436 0.0030545949 -1.7225331e-20)
(0.00755987 0.0032323144 3.4715033e-22)
(0.0082838967 0.0033862867 -1.243603e-22)
(0.0090197426 0.003509884 -3.499525e-22)
(0.0097551515 0.0035970878 0)
(0.010480596 0.0036388306 -7.5314092e-22)
(0.011171685 0.00362578 4.8911858e-22)
(0.011817659 0.0035517487 1.1672995e-21)
(0.012408525 0.0034139096 -6.4605424e-19)
(0.01292566 0.003211751 7.8251163e-20)
(5.9256418e-06 4.3941139e-06 -1.7757328e-24)
(1.8918988e-05 1.4020282e-05 -8.5283632e-28)
(3.4461738e-05 2.5519942e-05 3.6910588e-24)
(5.3045164e-05 3.9247064e-05 -4.420481e-24)
(7.5250586e-05 5.5618353e-05 -5.2670902e-24)
(0.00010176465 7.5121605e-05 6.2956651e-24)
(0.00013339581 9.8325097e-05 8.268779e-27)
(0.00017109231 0.00012588692 8.8975974e-24)
(0.00021596149 0.00015856353 -1.0639791e-23)
(0.00026928957 0.00019721646 4.2557217e-26)
(0.00033256122 0.00024281594 -1.517813e-26)
(0.00040747728 0.00029643919 -6.6201955e-21)
(0.00049596885 0.00035926113 9.24062e-21)
(0.00060020522 0.00043253415 0)
(0.00072259258 0.00051755356 2.7808981e-23)
(0.00086576005 0.00061560492 -3.2609465e-23)
(0.0010325295 0.0007278901 3.803154e-23)
(0.0012258662 0.00085543043 -4.2548298e-23)
(0.0014488086 0.00099894796 -2.5698327e-24)
(0.0017043772 0.0011587303 -7.3362745e-24)
(0.0019954671 0.0013344902 6.197748e-24)
(0.0023247292 0.0015252372 3.6688252e-20)
(0.0026944488 0.0017291827 -7.5391512e-21)
(0.0031064311 0.0019437018 2.851477e-23)
(0.0035618967 0.0021653682 -7.3166245e-23)
(0.0040613838 0.002390065 0)
(0.0046046476 0.0026131525 1.0762765e-22)
(0.0051905332 0.002829654 0)
(0.0058168034 0.003034405 0)
(0.0064799066 0.0032221111 2.165776e-22)
(0.0071746975 0.0033872865 0)
(0.0078942393 0.0035240971 2.9614472e-22)
(0.0086306032 0.0036259875 -2.90389e-22)
(0.0093706474 0.0036871762 0)
(0.010100043 0.0036996511 1.1607221e-21)
(0.010803164 0.0036553488 4.3287373e-22)
(0.011465497 0.0035493275 -3.4437233e-22)
(0.012072814 0.0033802306 -6.5529968e-22)
(0.012611652 0.0031499013 -2.2091824e-21)
(5.1800416e-06 4.6939729e-06 0)
(1.6540881e-05 1.4975681e-05 8.5283632e-28)
(3.0134986e-05 2.7256231e-05 4.6538158e-24)
(4.6394642e-05 4.1912245e-05 -5.569568e-24)
(6.5831928e-05 5.9386765e-05 -6.6342864e-24)
(8.9052912e-05 8.0197774e-05 1.5852184e-23)
(0.00011677282 0.00010494784 -9.4676947e-24)
(0.00014983285 0.00013433353 0)
(0.00018921859 0.00016915377 -1.3286047e-23)
(0.00023607944 0.00021031599 1.5862038e-23)
(0.00029174866 0.00025883853 6.5526505e-26)
(0.0003577628 0.00031584704 -8.8631208e-21)
(0.00043587919 0.00038256212 9.1109782e-21)
(0.00052808974 0.00046027479 -3.0067336e-23)
(0.00063662842 0.0005503059 3.5412406e-23)
(0.00076396981 0.0006539457 0)
(0.00091281546 0.00077237034 -1.3053473e-24)
(0.0010860653 0.00090653389 0)
(0.0012867713 0.0010570378 0)
(0.0015180729 0.0012239848 7.3363028e-24)
(0.0017831131 0.0014068301 1.3922074e-22)
(0.0020849393 0.00160425 1.7912743e-20)
(0.0024263897 0.0018140521 -5.2443272e-20)
(0.0028099706 0.0020331519 0)
(0.003237724 0.0022576331 -8.4241098e-23)
(0.0037110816 0.0024828912 1.1027998e-23)
(0.0042306987 0.0027038403 4.5180185e-22)
(0.004796256 0.0029151356 -2.3806953e-23)
(0.0054062175 0.0031113538 -2.7664378e-22)
(0.0060575416 0.003287075 -4.7785238e-22)
(0.0067453545 0.0034368264 -5.7669213e-23)
(0.0074626202 0.0035548037 -4.0516029e-22)
(0.0081988148 0.0036348127 -3.2294528e-22)
(0.008948816 0.0036721296 3.1570028e-22)
(0.0096939559 0.0036598999 0)
(0.010413372 0.0035882781 -8.3015688e-22)
(0.011094586 0.0034573286 -2.2116314e-21)
(0.011725678 0.0032664911 2.0018048e-21)
(0.012291923 0.0030193615 1.0698339e-21)
(4.3585697e-06 4.8076347e-06 0)
(1.3921005e-05 1.5337213e-05 1.2280491e-27)
(2.5368774e-05 2.7912027e-05 -5.5783571e-24)
(3.9069397e-05 4.2916615e-05 6.6792432e-24)
(5.5458983e-05 6.0803059e-05 4.1867252e-27)
(7.5055284e-05 8.2099399e-05 0)
(9.8471477e-05 0.00010741919 0)
(0.00012643176 0.00013747071 0)
(0.00015978889 0.00017306489 1.5965378e-23)
(0.00019954338 0.00021512078 -1.1809027e-25)
(0.00024686425 0.00026466688 -2.2549767e-23)
(0.00030311048 0.00032283601 -2.6022857e-23)
(0.00036985272 0.00039085069 3.1106357e-23)
(0.00044889374 0.00046999567 0)
(0.00054228605 0.00056157351 0)
(0.00065234463 0.0006668393 0)
(0.00078165197 0.00078691152 -5.3029246e-23)
(0.0009330525 0.00092265796 6.3594978e-23)
(0.0011096331 0.0010745591 0)
(0.0013146864 0.0012425572 1.042408e-23)
(0.0015516533 0.0014259046 -1.6551642e-22)
(0.0018240432 0.0016230347 7.8468321e-24)
(0.0021353271 0.0018314787 1.9278533e-22)
(0.0024888031 0.0020478565 1.8703191e-22)
(0.00288743 0.0022679564 -1.2149312e-23)
(0.0033336272 0.0024869034 -1.3198384e-23)
(0.0038290358 0.0026993919 -5.3468283e-22)
(0.0043742433 0.002899932 2.833027e-23)
(0.0049684729 0.0030830485 3.271998e-22)
(0.0056092518 0.0032433761 -9.9791567e-24)
(0.0062920856 0.0033756173 1.2825407e-21)
(0.0070101599 0.0034743746 0)
(0.0077534803 0.0035343954 3.8147455e-22)
(0.0085117272 0.0035497338 -3.7299878e-22)
(0.0092707634 0.0035163884 0)
(0.010013474 0.003426504 -1.2155232e-22)
(0.010721201 0.0032798363 -9.8808695e-22)
(0.011380696 0.003077494 0)
(0.011978304 0.0028249794 4.2619892e-21)
(3.5026966e-06 4.7210845e-06 3.0990058e-24)
(1.1191581e-05 1.5060242e-05 -1.2280491e-27)
(2.040358e-05 2.7406247e-05 -6.4379768e-24)
(3.1438898e-05 4.2135774e-05 7.7027413e-24)
(4.4654734e-05 5.9691444e-05 9.1720786e-24)
(6.0477174e-05 8.0589848e-05 -1.0985646e-23)
(7.9413573e-05 0.00010543068 0)
(0.00010206694 0.00013490544 -1.548693e-23)
(0.00012915263 0.00016980472 1.844507e-23)
(0.00016151748 0.00021102294 2.1854703e-23)
(0.0002001613 0.00025955877 -2.5700009e-23)
(0.00024626084 0.00031650894 -2.2169607e-25)
(0.00030119589 0.00038305241 0)
(0.0003665771 0.00046042154 0)
(0.00044427452 0.00054985622 4.8020904e-23)
(0.00053644536 0.00065253718 -5.6310537e-23)
(0.00064555891 0.00076949573 6.1300409e-23)
(0.00077441528 0.00090149892 -7.3177548e-23)
(0.00092615374 0.0010489133 -5.3500334e-24)
(0.0011042452 0.0012115555 -1.0424244e-23)
(0.0013124614 0.001388545 1.2803837e-23)
(0.0015548141 0.00157818 -2.727934e-23)
(0.0018354532 0.0017778647 0)
(0.002158518 0.0019841104 5.8192399e-23)
(0.0025279337 0.0021926287 0)
(0.0029471511 0.0023985134 0)
(0.0034188326 0.0025964847 2.1747648e-22)
(0.0039444948 0.0027811457 3.7173331e-22)
(0.004524127 0.0029471893 -3.742317e-22)
(0.0051558072 0.0030895021 3.4189173e-22)
(0.0058353506 0.0032031398 6.8779204e-23)
(0.0065560003 0.0032832129 0)
(0.0073079808 0.0033250188 0)
(0.0080800418 0.0033243394 0)
(0.0088578352 0.003276138 8.0635745e-22)
(0.0096236979 0.0031752402 1.7881024e-21)
(0.010359709 0.0030219899 -2.2091019e-21)
(0.011050273 0.0028188641 8.6019037e-22)
(0.011681219 0.0025723705 -3.7964087e-21)
(2.656812e-06 4.4302911e-06 3.4721284e-24)
(8.4941448e-06 1.4131961e-05 -1.2088508e-23)
(1.5496822e-05 2.5715693e-05 7.2331971e-24)
(2.3898657e-05 3.953426e-05 0)
(3.3979048e-05 5.6002033e-05 0)
(4.6073764e-05 7.560233e-05 1.1347384e-26)
(6.058597e-05 9.8895808e-05 0)
(7.7999458e-05 0.00012652836 0)
(9.8894624e-05 0.0001592376 0)
(0.00012396749 0.00019785684 -2.4376279e-23)
(0.00015405224 0.00024331479 2.8914019e-23)
(0.0001901476 0.00029662891 -2.7844515e-25)
(0.00023344767 0.00035888947 3.9727729e-23)
(0.00028537713 0.00043123113 -4.6954966e-23)
(0.00034763078 0.00051478815 8.8560323e-25)
(0.00042221662 0.00061063005 0)
(0.00051150051 0.00071967465 0)
(0.00061824921 0.00084257848 7.9820094e-23)
(0.00074566637 0.00097960723 -8.6379131e-23)
(0.00089741357 0.0011304949 0)
(0.0010776057 0.0012943062 -2.6929966e-23)
(0.0012907674 0.0014693237 -2.8022061e-24)
(0.0015417354 0.0016529846 0)
(0.0018354939 0.0018418905 5.9214826e-24)
(0.002176932 0.0020319058 -6.4045438e-23)
(0.0025705228 0.0022183408 0)
(0.0030199336 0.002396193 -2.1754735e-22)
(0.0035275886 0.0025603989 4.1394601e-22)
(0.0040942162 0.0027060379 -6.2386429e-22)
(0.0047184175 0.0028284389 -3.4215675e-22)
(0.0053962918 0.0029231745 -2.4836374e-22)
(0.0061211445 0.0029859819 3.0484236e-22)
(0.006883246 0.0030128085 -1.0584988e-21)
(0.0076705458 0.0030000405 0)
(0.0084683542 0.0029437287 -1.4745088e-21)
(0.0092588712 0.002840419 1.4013848e-21)
(0.010023686 0.0026905478 2.2177671e-21)
(0.010745691 0.0024973951 -3.0277744e-21)
(0.01140979 0.00226787 -7.0085182e-22)
(1.8659468e-06 3.9422266e-06 -1.9009984e-24)
(5.9724695e-06 1.257454e-05 -6.6084856e-24)
(1.0909844e-05 2.2880829e-05 1.5810854e-23)
(1.6850173e-05 3.5174387e-05 -9.4573858e-24)
(2.4000165e-05 4.9823289e-05 -5.7007925e-27)
(3.261135e-05 6.7256591e-05 0)
(4.298978e-05 8.797171e-05 0)
(5.5508209e-05 0.00011254128 0)
(7.0621426e-05 0.00014161866 -2.253169e-23)
(8.8885291e-05 0.00017594114 7.8112748e-26)
(0.00011098024 0.00021632921 3.1744914e-23)
(0.00013774019 0.00026368005 3.7340186e-23)
(0.00017018772 0.0003189526 -8.7366101e-23)
(0.0002095765 0.00038314124 5.1340987e-23)
(0.00025744134 0.00045723486 -8.8560533e-25)
(0.00031565565 0.00054215818 0)
(0.0003864949 0.00063869304 7.7176594e-23)
(0.00047270249 0.00074737938 -8.6557533e-23)
(0.00057755165 0.00086839896 0)
(0.00070489313 0.0010014495 -9.2897921e-23)
(0.00085917448 0.0011456232 1.345016e-22)
(0.0010454123 0.0012993077 -2.3877525e-24)
(0.0012690974 0.0014601347 -1.2785048e-22)
(0.0015360138 0.0016249941 7.3795984e-23)
(0.0018519584 0.0017901296 6.4059025e-23)
(0.0022223628 0.00195131 -2.5255046e-22)
(0.0026518309 0.002104053 1.3138518e-22)
(0.0031436274 0.0022438571 2.4213395e-22)
(0.0036991595 0.0023663897 2.0722953e-22)
(0.004317502 0.0024675901 -4.0564983e-22)
(0.0049950057 0.0025436738 -3.1212385e-22)
(0.0057250208 0.0025910768 0)
(0.0064977478 0.0026064547 1.0606821e-21)
(0.0073005993 0.0025868039 8.297461e-20)
(0.0081182954 0.0025291972 1.7495408e-19)
(0.0089327834 0.0024314637 -2.1336271e-21)
(0.0097250492 0.0022942583 0)
(0.010476762 0.0021210501 1.0640753e-21)
(0.01117181 0.0019184628 1.0027417e-21)
(1.1730638e-06 3.2747908e-06 -2.0375043e-24)
(3.7636669e-06 1.044512e-05 8.877148e-28)
(6.8919067e-06 1.9005634e-05 1.9993727e-27)
(1.067636e-05 2.9216015e-05 2.3882199e-27)
(1.5259986e-05 4.1381659e-05 6.0366447e-24)
(2.0820656e-05 5.585832e-05 -7.2054571e-24)
(2.7579557e-05 7.3058238e-05 8.5495345e-24)
(3.5812449e-05 9.3455729e-05 -1.0220958e-23)
(4.5864481e-05 0.00011759161 -2.4248661e-26)
(5.8169274e-05 0.00014607559 -1.4287813e-23)
(7.327336e-05 0.00017958547 1.3572884e-25)
(9.1867292e-05 0.00021886126 1.9001595e-25)
(0.00011482487 0.00026469231 2.3524355e-23)
(0.00014325189 0.00031789488 -2.7125517e-23)
(0.00017854552 0.00037927738 6.3393875e-23)
(0.00022246464 0.0004495908 -3.6874714e-23)
(0.00027720976 0.00052946239 0)
(0.00034550913 0.00061931264 -5.8808316e-24)
(0.00043070326 0.00071925788 -1.04041e-22)
(0.00053681608 0.00082900561 2.1129312e-22)
(0.00066859473 0.00094775371 -1.2874131e-22)
(0.00083149548 0.0010741101 -9.8871093e-23)
(0.0010315904 0.0012060519 1.7974046e-22)
(0.0012753711 0.0013409416 -1.3908883e-22)
(0.001569435 0.0014756111 7.4625926e-23)
(0.0019200551 0.0016065097 0)
(0.0023326541 0.0017298956 1.2913078e-22)
(0.0028112273 0.001842034 -4.8303293e-22)
(0.0033577682 0.0019393575 2.4248886e-22)
(0.0039717549 0.0020185563 -2.102256e-22)
(0.0046497455 0.0020765872 4.1902056e-22)
(0.0053851119 0.0021106328 -6.619778e-22)
(0.0061679322 0.0021180856 3.5545634e-22)
(0.0069852102 0.0020966195 -1.6166476e-19)
(0.0078211109 0.0020441609 -9.9095225e-20)
(0.0086571968 0.0019594186 1.5159406e-21)
(0.009473841 0.0018431898 6.3858257e-22)
(0.010251703 0.0016986824 -6.2177889e-22)
(0.010973735 0.0015316528 1.0914775e-21)
(6.1634254e-07 2.4555937e-06 4.2591116e-23)
(1.9890035e-06 7.8319976e-06 -8.6651269e-23)
(3.6636722e-06 1.4250675e-05 4.4599133e-24)
(5.7160094e-06 2.1906032e-05 5.3167846e-24)
(8.2377451e-06 3.1026891e-05 -1.2702669e-23)
(1.1347617e-05 4.1879671e-05 7.5742761e-24)
(1.5198717e-05 5.4772977e-05 8.5901726e-27)
(1.9989048e-05 7.0061728e-05 0)
(2.597596e-05 8.8150376e-05 2.4248664e-26)
(3.3495293e-05 0.00010949461 -2.9929586e-26)
(4.2986547e-05 0.00013460058 0)
(5.5025807e-05 0.00016402031 2.0782511e-23)
(7.0368277e-05 0.00019834178 -2.4731189e-23)
(9.0002225e-05 0.00023817174 0)
(0.00011521592 0.00028410929 0)
(0.0001476783 0.00033670825 0)
(0.00018953234 0.00039642694 0)
(0.00024349729 0.00046356545 3.0261196e-24)
(0.0003129716 0.00053819226 -3.5216287e-24)
(0.00040212264 0.00062006557 6.7521035e-23)
(0.00051594304 0.00070855794 -2.6481152e-24)
(0.00066024726 0.00080259682 -9.0066216e-23)
(0.00084157909 0.00090063524 -3.5877836e-23)
(0.0010670029 0.0010006662 0)
(0.0013437623 0.0011002883 1.8042129e-22)
(0.0016788072 0.0011968197 -1.5206099e-22)
(0.0020782176 0.0012874455 -7.1080465e-23)
(0.0025465725 0.0013693677 0)
(0.0030863306 0.0014399298 0)
(0.0036972872 0.0014966852 2.1501681e-22)
(0.0043761575 0.0015374072 -3.8616038e-22)
(0.0051163178 0.0015600604 7.9884925e-24)
(0.0059077187 0.0015627842 -2.7623578e-22)
(0.006737047 0.0015439404 -2.1307794e-21)
(0.0075880162 0.0015021649 4.7061764e-22)
(0.008441792 0.0014367467 0)
(0.0092782034 0.0013484428 -6.7083978e-22)
(0.010077113 0.0012398313 1.3121218e-21)
(0.010820704 0.0011153477 -1.483607e-21)
(2.2734405e-07 1.5246021e-06 3.1305999e-23)
(7.4904876e-07 4.8624561e-06 -4.5789476e-23)
(1.4081005e-06 8.8470226e-06 -5.669266e-28)
(2.2502057e-06 1.3598332e-05 -6.4359366e-28)
(3.3312561e-06 1.9257554e-05 -3.2768084e-24)
(4.7286234e-06 2.5988654e-05 3.9226382e-24)
(6.5477455e-06 3.3981148e-05 4.591025e-27)
(8.9322199e-06 4.345281e-05 0)
(1.2078056e-05 5.4652656e-05 -1.295065e-26)
(1.6252885e-05 6.7864254e-05 2.9929593e-26)
(2.1821611e-05 8.3403059e-05 0)
(2.9280519e-05 0.00010161039 8.3252559e-26)
(3.9302124e-05 0.00012284903 1.2729679e-23)
(5.2792908e-05 0.00014749295 -2.0093835e-25)
(7.0965575e-05 0.00017591072 -1.7344338e-23)
(9.5426988e-05 0.00020844196 -6.2451769e-25)
(0.00012828099 0.00024536602 -4.6956788e-20)
(0.00017224203 0.0002868628 5.2161224e-20)
(0.00023075093 0.00033296719 2.9066654e-23)
(0.00030807773 0.00038352023 -1.2623804e-22)
(0.00040938942 0.00043812249 7.41062e-23)
(0.00054075386 0.00049609763 -5.3268785e-23)
(0.00070904766 0.00055647485 -5.6120705e-24)
(0.00092173832 0.00061799872 -1.4980087e-23)
(0.0011865229 0.00067917094 6.258294e-23)
(0.0015108259 0.00073832243 7.8486703e-23)
(0.0019011862 0.00079370533 7.1126342e-23)
(0.0023625897 0.00084358788 0)
(0.0028978176 0.00088633165 -6.3003343e-23)
(0.0035068829 0.00092043555 2.1774747e-22)
(0.0041866061 0.00094454258 8.2046008e-23)
(0.0049303596 0.00095742286 -1.9270151e-22)
(0.0057279922 0.00095796255 0)
(0.006565969 0.00094519254 8.2117735e-22)
(0.0074276857 0.00091834409 9.6498334e-22)
(0.0082939928 0.00087707598 -2.0050683e-22)
(0.0091443139 0.00082192567 0)
(0.0099579536 0.00075455846 -1.8787068e-21)
(0.010716554 0.00067776448 0)
(2.5019564e-08 5.1944023e-07 -5.6266412e-25)
(1.0961559e-07 1.655708e-06 9.8005501e-25)
(2.4511694e-07 3.009976e-06 1.1707862e-24)
(4.6350539e-07 4.6214032e-06 -1.4014717e-24)
(8.0215484e-07 6.5366115e-06 1.6682808e-24)
(1.3174321e-06 8.8098339e-06 -1.9951703e-24)
(2.0908009e-06 1.1504645e-05 2.3619391e-24)
(3.2400635e-06 1.4696365e-05 -2.8263445e-24)
(4.9256439e-06 1.847652e-05 1.2950652e-26)
(7.3755359e-06 2.2948328e-05 0)
(1.0926358e-05 2.8213921e-05 -4.65498e-24)
(1.6033787e-05 3.4382638e-05 5.5297654e-24)
(2.3320682e-05 4.1577238e-05 -6.5173161e-24)
(3.3653603e-05 4.992373e-05 1.0232559e-25)
(4.8207411e-05 5.9546262e-05 8.8126322e-24)
(6.8557264e-05 7.0559085e-05 6.2452182e-25)
(9.6787102e-05 8.3055882e-05 -4.6372121e-20)
(0.00013560935 9.7096503e-05 5.5991732e-20)
(0.00018848721 0.00011269151 1.6134314e-23)
(0.00025974418 0.00012978564 -1.6311737e-23)
(0.00035463772 0.00014824201 -4.3068605e-24)
(0.00047936689 0.00016782976 1.8075658e-23)
(0.00064098026 0.00018821822 -1.0242558e-23)
(0.00084715342 0.00020898034 1.951582e-23)
(0.0011058173 0.00022960701 -1.0883397e-19)
(0.0014246406 0.00024953167 1.1385505e-19)
(0.0018103985 0.00026816177 3.8296631e-23)
(0.0022682854 0.00028491103 -3.3139798e-23)
(0.0028012478 0.00029922583 9.6493776e-23)
(0.0034094095 0.00031060023 5.5365264e-23)
(0.0040896434 0.0003185784 -5.8759907e-23)
(0.0048353179 0.000322749 -1.8631795e-22)
(0.0056362259 0.00032274134 1.6461412e-22)
(0.0064787175 0.0003182351 -7.6373319e-23)
(0.0073460244 0.00030898254 -4.9637507e-22)
(0.0082188245 0.00029488431 3.2813318e-22)
(0.009076325 0.0002761342 1.0070638e-22)
(0.0098975425 0.00025330734 4.8848022e-22)
(0.010663841 0.00022735492 1.4978203e-22)
(0.0063674396 -7.0159141e-05 -1.4157551e-22)
(0.0068161044 -6.6409948e-05 1.461896e-23)
(0.007242834 -6.0324e-05 0)
(0.0076196156 -5.5812027e-05 -8.1417079e-23)
(0.0079744363 -5.1525192e-05 0)
(0.0082988749 -4.7730297e-05 0)
(0.0086022072 -4.430007e-05 0)
(0.0088848594 -4.1167021e-05 -1.2016004e-22)
(0.0091501658 -3.8283697e-05 1.0787236e-22)
(0.0093995673 -3.5604971e-05 -7.4476669e-23)
(0.0096353033 -3.3087076e-05 0)
(0.0098574997 -3.0706827e-05 5.651822e-23)
(0.010069971 -2.8459078e-05 0)
(0.010268354 -2.6161582e-05 0)
(0.010462456 -2.4518276e-05 0)
(0.0064070994 -0.0002115937 1.2950056e-22)
(0.0068511962 -0.00020048842 0)
(0.0072756719 -0.00018206569 4.506752e-23)
(0.0076503584 -0.00016840598 -1.452908e-24)
(0.0080037378 -0.00015544182 3.9145685e-23)
(0.0083271353 -0.00014394137 0)
(0.0086296777 -0.00013355802 0)
(0.008911755 -0.00012407051 9.8673991e-23)
(0.0091766008 -0.00011534639 -8.6392626e-23)
(0.0094256087 -0.00010724428 -1.1130062e-22)
(0.0096609698 -9.9639184e-05 6.621433e-23)
(0.0098827489 -9.2449704e-05 -8.7746436e-23)
(0.010094786 -8.5678193e-05 9.8125478e-23)
(0.010292501 -7.8752571e-05 -8.1009089e-23)
(0.010486178 -7.3812833e-05 -4.835943e-24)
(0.0064910045 -0.00035329822 0)
(0.0069275895 -0.00033530808 0)
(0.0073486566 -0.00030456119 3.9589843e-22)
(0.0077196941 -0.00028185937 -8.0210437e-23)
(0.0080704493 -0.00026019392 8.0013377e-23)
(0.0083916954 -0.00024096981 2.6196048e-22)
(0.0086924106 -0.00022357629 2.8447777e-22)
(0.0089729147 -0.00020767386 -6.2224621e-24)
(0.0092362952 -0.00019303916 -5.387243e-24)
(0.009483873 -0.00017944316 4.5721141e-22)
(0.0097177637 -0.00016668391 5.1881351e-19)
(0.0099379368 -0.00015462026 4.6528447e-19)
(0.010148288 -0.00014327245 1.0852305e-18)
(0.010343828 -0.00013166813 -1.3317503e-18)
(0.010535828 -0.00012338055 -1.431124e-22)
(0.0066220135 -0.00049216136 0)
(0.0070480629 -0.0004680529 5.4802247e-22)
(0.0074645143 -0.00042521713 -1.0669512e-22)
(0.0078302776 -0.00039374037 0)
(0.0081771428 -0.00036352082 -6.1123099e-22)
(0.0084950409 -0.00033669705 -3.3011327e-22)
(0.0087928024 -0.00031237656 -2.2722161e-22)
(0.0090706405 -0.00029012891 4.6470578e-22)
(0.009331454 -0.00026964003 3.5838233e-22)
(0.0095764637 -0.00025060241 -3.5025078e-22)
(0.0098076838 -0.00023274343 -5.0584926e-19)
(0.010024953 -0.00021586292 -4.942334e-19)
(0.010232259 -0.00020000425 3.7121088e-19)
(0.010423998 -0.00018380422 2.980392e-19)
(0.010612966 -0.00017221249 1.4546574e-22)
(0.0068023789 -0.00062457422 -1.2643278e-22)
(0.007214829 -0.00059548145 -3.2351466e-22)
(0.0076254029 -0.0005410635 -4.1140551e-22)
(0.0079842106 -0.00050129755 -6.1746961e-22)
(0.0083258334 -0.00046288243 -8.004885e-24)
(0.0086391054 -0.00042876246 -6.1419148e-22)
(0.0089327014 -0.00039776859 4.750982e-22)
(0.0092066931 -0.00036940134 -8.3226282e-22)
(0.0094637484 -0.00034326258 -3.6411469e-22)
(0.0097049613 -0.00031897742 3.1680031e-22)
(0.009932221 -0.00029621042 3.2595469e-23)
(0.0101452 -0.00027470811 -2.7190944e-22)
(0.010348014 -0.00025453306 -1.5676333e-18)
(0.010534246 -0.00023396865 1.1411669e-18)
(0.010718751 -0.00021920931 0)
(0.0070335722 -0.0007465304 0)
(0.0074293545 -0.0007140313 8.9789117e-22)
(0.0078327445 -0.00064883133 6.3852717e-22)
(0.0081828735 -0.0006015161 1.6141127e-21)
(0.0085178157 -0.00055550006 1.5059178e-22)
(0.0088251098 -0.0005145947 -1.4524879e-22)
(0.0091132518 -0.00047737345 1.1190334e-22)
(0.0093821393 -0.00044328821 3.0914141e-22)
(0.0096341698 -0.00041186912 -8.6893191e-23)
(0.0098702832 -0.00038268771 -2.3558182e-22)
(0.010092224 -0.00035535523 0)
(0.010299464 -0.00032957582 2.8425338e-23)
(0.010496287 -0.00030541897 -5.467536e-23)
(0.010675269 -0.0002808774 3.4427168e-23)
(0.010853838 -0.00026318945 2.8040377e-22)
(0.0073161032 -0.00085369938 0)
(0.0076921677 -0.00081989752 -1.1298584e-21)
(0.0080870625 -0.00074502617 -6.2537016e-22)
(0.0084267545 -0.00069117504 -4.2880423e-24)
(0.008753495 -0.00063841386 4.8677917e-22)
(0.0090533988 -0.00059146575 -7.9198625e-19)
(0.0093347353 -0.0005486751 -6.4586468e-19)
(0.0095972 -0.00050946668 -1.1335788e-22)
(0.0098428819 -0.0004733168 1.2714856e-18)
(0.010072543 -0.00043976058 -2.7185812e-18)
(0.010287765 -0.00040836725 -6.6252725e-23)
(0.010487792 -0.0003788142 6.4895472e-23)
(0.010677106 -0.00035115908 -4.1679968e-22)
(0.010847112 -0.00032318791 3.6580795e-22)
(0.01101828 -0.00030292104 -2.9409182e-22)
(0.0076493424 -0.00094150473 -2.628524e-22)
(0.0080026491 -0.00090911854 4.4362505e-23)
(0.0083878402 -0.00082603247 2.1922736e-22)
(0.0087152855 -0.00076693618 -7.2236799e-22)
(0.0090322279 -0.00070857423 1.1207682e-21)
(0.0093232878 -0.00065658007 6.8392509e-19)
(0.0095964256 -0.00060910635 7.6747025e-19)
(0.00985111 -0.0005655759 0)
(0.010089088 -0.00052543527 2.9200452e-18)
(0.010310922 -0.00048820401 -1.3938367e-18)
(0.010518019 -0.00045342286 0)
(0.010709374 -0.00042076216 -4.8648323e-22)
(0.010889693 -0.00039024459 -2.4887241e-23)
(0.011049075 -0.00035955013 -7.1279821e-22)
(0.011211431 -0.00033716714 0)
(0.0080313689 -0.0010052192 -2.9504732e-22)
(0.0083587788 -0.00097748032 -6.666055e-22)
(0.0087334137 -0.0008882479 -2.0998302e-23)
(0.0090466934 -0.00082546619 1.2365028e-21)
(0.0093521848 -0.00076296615 -1.2820515e-21)
(0.009632936 -0.0007071955 1.1181458e-21)
(0.009896468 -0.00065616371 -2.3043782e-22)
(0.010142005 -0.0006093253 -6.2094391e-22)
(0.010370925 -0.00056612807 9.2234538e-22)
(0.010583573 -0.00052610095 4.7182949e-22)
(0.010781173 -0.00048877229 -1.1178395e-21)
(0.010962459 -0.00045382845 1.4620298e-21)
(0.011132378 -0.00042123176 8.2705284e-22)
(0.011279632 -0.00038866896 3.706439e-22)
(0.011431878 -0.00036474102 0)
(0.0084589156 -0.0010402742 -1.2219896e-21)
(0.0087601662 -0.0010210201 8.9114801e-22)
(0.0091209404 -0.00092831142 0)
(0.0094178735 -0.00086358741 -1.4426816e-21)
(0.0097102513 -0.00079875982 0)
(0.0099792586 -0.00074076505 -2.6229775e-22)
(0.010231801 -0.00068754045 3.0129005e-23)
(0.010466851 -0.00063861884 1.0804503e-21)
(0.010685395 -0.00059348813 1.4736105e-21)
(0.010887552 -0.00055171599 -1.7792354e-21)
(0.011074362 -0.00051283736 9.7458982e-22)
(0.011244298 -0.0004765804 -1.9443481e-21)
(0.01140255 -0.00044282151 -8.8189703e-22)
(0.011536384 -0.00040937441 4.8378024e-23)
(0.011677389 -0.00038456841 5.6055378e-22)
(0.0089282549 -0.0010433567 3.6613587e-21)
(0.0092047217 -0.0010349246 -6.9180066e-22)
(0.0095446188 -0.00094199972 3.6425536e-23)
(0.0098242848 -0.00087843319 2.140811e-21)
(0.010101996 -0.00081348989 9.18321e-22)
(0.010357897 -0.00075509336 0)
(0.010598134 -0.00070127068 -9.5861438e-22)
(0.010821423 -0.0006516884 0)
(0.011028354 -0.00060592084 -1.4784199e-21)
(0.011218815 -0.00056360848 1.2874537e-21)
(0.011393669 -0.00052431482 0)
(0.011551136 -0.00048783753 1.2452351e-23)
(0.011696648 -0.00045394332 -8.1432306e-22)
(0.011816045 -0.0004206958 -7.3008487e-22)
(0.0119449 -0.00039575392 -1.1139615e-21)
(0.0094312341 -0.0010111884 -5.2654039e-22)
(0.0096796674 -0.0010170447 5.2459299e-22)
(0.0099987237 -0.00092660139 1.6492703e-21)
(0.010260038 -0.00086774041 -1.4153374e-21)
(0.010521712 -0.00080521393 2.7495698e-22)
(0.010763265 -0.00074849304 5.3161176e-22)
(0.010989996 -0.00069587449 2.8805277e-21)
(0.011200365 -0.0006472269 4.1906905e-22)
(0.011394567 -0.00060226597 -1.9394082e-22)
(0.011572273 -0.00056074388 0)
(0.011734175 -0.00052227765 -1.0869696e-21)
(0.011878271 -0.00048676337 1.905794e-21)
(0.012010212 -0.0004538376 -3.5478754e-23)
(0.012114484 -0.00042193505 5.7316298e-23)
(0.012230548 -0.00039764709 5.524491e-22)
(0.0099587353 -0.00094073015 -1.5811091e-23)
(0.010175133 -0.00096701114 4.0859052e-22)
(0.010476008 -0.0008814505 -2.4337287e-21)
(0.010717921 -0.00083008561 -1.9511287e-20)
(0.01096249 -0.00077269561 1.5187764e-18)
(0.011188662 -0.00071993605 6.3069183e-19)
(0.011400859 -0.00067049183 -8.1457695e-19)
(0.011597313 -0.00062450904 -5.9130208e-19)
(0.011777841 -0.00058190702 0)
(0.011941916 -0.00054259292 -1.4659861e-22)
(0.012090086 -0.00050626496 1.230428e-21)
(0.012220163 -0.00047294672 -8.3586749e-22)
(0.012337984 -0.00044212889 -5.0313988e-19)
(0.01242682 -0.00041273232 -4.628955e-19)
(0.012529751 -0.00038990232 -5.235445e-22)
(0.010502188 -0.00082981041 -4.3196568e-21)
(0.010687009 -0.0008817832 -2.0531142e-21)
(0.010967655 -0.00080582905 -1.5740332e-21)
(0.011189775 -0.00076493904 -5.9586131e-19)
(0.011416466 -0.00071555545 -6.2430199e-19)
(0.011626493 -0.00066917836 -9.0199536e-19)
(0.011823358 -0.00062498967 6.2029224e-19)
(0.012005108 -0.00058348577 7.7627095e-19)
(0.012171223 -0.00054485534 -1.3817395e-21)
(0.012321017 -0.00050920703 0)
(0.012454923 -0.00047634991 0)
(0.012570617 -0.0004464632 0)
(0.012674083 -0.0004188816 4.7359297e-19)
(0.012747566 -0.00039311692 4.9270479e-19)
(0.012837339 -0.0003725265 -4.9189489e-22)
(0.011050945 -0.00067812387 1.3951201e-18)
(0.011205873 -0.00076026635 4.6936805e-19)
(0.011464588 -0.00069980055 1.5856676e-21)
(0.011666806 -0.00067270322 3.5707484e-22)
(0.011875144 -0.00063433307 -2.3491039e-21)
(0.012068566 -0.00059683279 2.0092332e-21)
(0.012249575 -0.00056002639 1.3392825e-21)
(0.012416079 -0.00052483879 4.8255331e-23)
(0.012567286 -0.00049179682 1.7367211e-21)
(0.012702399 -0.00046125901 0)
(0.012821779 -0.00043317575 1.2142899e-22)
(0.012923031 -0.00040790789 1.6489206e-21)
(0.013012225 -0.00038463022 -1.5018483e-21)
(0.013070838 -0.00036353624 -1.365671e-21)
(0.013147736 -0.00034590774 1.0155004e-21)
(0.011593425 -0.0004871288 -7.8713444e-19)
(0.011720932 -0.00060359045 -1.0569461e-18)
(0.01195704 -0.00056450014 2.9134086e-21)
(0.01213981 -0.00055475912 -2.1820771e-21)
(0.012329732 -0.00053050717 1.9095079e-21)
(0.012506451 -0.00050438512 -2.4547117e-21)
(0.012671392 -0.00047706158 -2.9827282e-21)
(0.01282239 -0.00044998443 -3.5582328e-22)
(0.012958458 -0.00042409155 6.6196292e-22)
(0.01307876 -0.00040004024 -3.0627336e-22)
(0.013183632 -0.00037795218 5.8359077e-19)
(0.013270684 -0.00035839205 4.7012489e-19)
(0.013346004 -0.00034037757 1.4055575e-21)
(0.013390601 -0.00032485684 1.4483887e-21)
(0.013455192 -0.00031081967 -9.4686917e-22)
(0.01211758 -0.00025984631 1.7628192e-21)
(0.012221212 -0.0004139752 -1.8568808e-21)
(0.01243507 -0.00040235135 -3.5472926e-21)
(0.012599582 -0.00041351834 5.1451141e-21)
(0.012771557 -0.00040646782 -2.6861945e-21)
(0.012931882 -0.00039414885 -1.3518808e-21)
(0.013080888 -0.00037830516 1.6787947e-21)
(0.013216414 -0.00036102075 3.4212412e-22)
(0.013337387 -0.00034372124 -3.3805842e-22)
(0.013443018 -0.00032740998 1.912865e-21)
(0.013533678 -0.00031240777 -4.9921719e-19)
(0.013607059 -0.00029949995 -5.4780665e-19)
(0.013669185 -0.00028755715 -1.3051605e-21)
(0.013700947 -0.000278334 -3.5350804e-23)
(0.013754036 -0.00026839747 1.8874478e-21)
(0.012611405 -1.0012962e-06 -4.1690788e-22)
(0.012696065 -0.00019496856 2.6971364e-21)
(0.012889102 -0.00021691456 9.4571617e-22)
(0.013037377 -0.00025234852 -4.6497837e-21)
(0.013192486 -0.00026541531 -5.9150917e-23)
(0.013337167 -0.00026915201 1.3483793e-21)
(0.013470729 -0.00026660367 0)
(0.013591117 -0.00026061751 -3.045457e-21)
(0.01369731 -0.00025318467 3.232037e-22)
(0.013788673 -0.0002456973 -2.3961731e-21)
(0.013865672 -0.00023869912 2.329527e-21)
(0.013926166 -0.00023320614 -1.2024506e-22)
(0.013976021 -0.00022795971 3.6746682e-23)
(0.01399638 -0.00022554927 -8.1288964e-23)
(0.014038946 -0.00022008437 -9.0461963e-22)
(0.01306344 0.00028301767 -4.0019608e-21)
(0.013135629 4.8686174e-05 3.8883434e-22)
(0.013310408 -1.2626032e-05 -2.4031437e-21)
(0.013445341 -7.5373357e-05 2.1983019e-21)
(0.013585327 -0.00011116837 0)
(0.013715573 -0.0001329521 0)
(0.013834529 -0.00014526576 0)
(0.013940397 -0.00015185354 2.6747066e-21)
(0.014032382 -0.00015534667 0)
(0.014110122 -0.00015756127 0)
(0.014174241 -0.00015928217 0)
(0.014222844 -0.00016175808 5.0065373e-19)
(0.014261531 -0.0001636282 4.0792388e-19)
(0.01427209 -0.00016831925 1.1391143e-21)
(0.014305205 -0.00016755088 8.6279762e-22)
(0.013463415 0.00058408118 3.8346379e-21)
(0.013531359 0.00031110907 0)
(0.013691551 0.00020546189 1.8071161e-21)
(0.013816882 0.00011276397 5.3701938e-22)
(0.01394418 5.2061442e-05 4.2548684e-22)
(0.014061632 1.0580127e-05 -3.5349418e-21)
(0.014167146 -1.7858159e-05 0)
(0.014259372 -3.8025792e-05 2.4179465e-21)
(0.014337947 -5.3260253e-05 0)
(0.014402922 -6.5825413e-05 1.8565331e-21)
(0.014455134 -7.6758722e-05 1.6183134e-21)
(0.014493001 -8.7535145e-05 -4.3505555e-19)
(0.014521738 -9.6730373e-05 -4.5976365e-19)
(0.014524174 -0.00010858295 1.1947315e-21)
(0.014548929 -0.00011259281 -8.8437436e-22)
(0.013803092 0.00089192871 3.1059871e-22)
(0.013877046 0.00058472916 -6.3059972e-23)
(0.014027124 0.0004314806 -2.545552e-22)
(0.014147182 0.00030685593 0)
(0.014264804 0.00021971748 0)
(0.014371448 0.0001573691 2.6844698e-21)
(0.014464924 0.00011193432 -2.2072864e-21)
(0.014544581 7.7504326e-05 1.6286394e-22)
(0.01461073 4.999073e-05 -2.7103917e-22)
(0.01466397 2.6677848e-05 -1.6115752e-21)
(0.014705395 6.274117e-06 -1.798227e-21)
(0.01473378 -1.2905367e-05 0)
(0.014753833 -2.9425995e-05 0)
(0.014749807 -4.8279801e-05 -4.2785996e-21)
(0.014767229 -5.7020117e-05 1.4971956e-21)
(0.014075062 0.001195957 2.6883091e-22)
(0.014169235 0.00086055304 -5.0197586e-22)
(0.014314503 0.00065884653 -2.1176039e-22)
(0.014433715 0.00050127515 8.4785648e-22)
(0.014544965 0.00038706098 2.5394569e-21)
(0.01464292 0.00030330932 -3.2348173e-22)
(0.014725856 0.00024047925 2.5246479e-21)
(0.014794121 0.00019147147 -1.9141465e-21)
(0.014848944 0.00015144311 4.5690755e-19)
(0.014891597 0.00011725182 3.1540235e-19)
(0.014923449 8.7362967e-05 0)
(0.014943644 5.9906504e-05 1.4907442e-22)
(0.014956255 3.6257335e-05 1.9849489e-21)
(0.014947323 1.076752e-05 2.1124209e-21)
(0.014958305 -2.5490323e-06 -1.5334654e-21)
(0.014268129 0.0014902192 1.3058221e-21)
(0.014401355 0.0011347039 -1.332205e-21)
(0.014550311 0.00088552645 -2.674672e-21)
(0.014674102 0.00069372172 3.578011e-22)
(0.014783087 0.00055164855 -3.2010494e-21)
(0.014874927 0.00044586915 0)
(0.014949093 0.00036523142 0)
(0.01500734 0.00030139009 0)
(0.015052105 0.00024872609 -3.2673341e-19)
(0.015085456 0.00020367566 -4.2567682e-19)
(0.015109028 0.00016445293 1.5872153e-22)
(0.015122323 0.00012901209 -1.578015e-22)
(0.015128661 9.8580153e-05 -1.9728502e-21)
(0.015116213 6.6968545e-05 -1.2175968e-22)
(0.015121446 4.9329264e-05 0)
(0.014358393 0.0017915973 -1.6038893e-21)
(0.014547759 0.0014199235 1.4959278e-21)
(0.01471841 0.0011233712 2.9768604e-22)
(0.014858363 0.00089169855 3.3287864e-22)
(0.014973467 0.00071740261 -5.7485881e-19)
(0.015064413 0.00058659295 -2.9600966e-19)
(0.015133128 0.00048632264 -2.0407632e-21)
(0.015183669 0.00040663203 3.6052272e-21)
(0.015220246 0.00034083509 -3.1590977e-21)
(0.015245968 0.00028477697 0)
(0.015262776 0.00023631093 -2.390834e-21)
(0.01527053 0.0001931762 1.2583954e-22)
(0.015271716 0.0001563252 -1.2385878e-22)
(0.015257025 0.00011911166 0)
(0.015256916 9.7548677e-05 1.180783e-21)
(0.010649099 -2.1197119e-05 0)
(0.010831439 -1.9115921e-05 0)
(0.01102302 -1.6836024e-05 0)
(0.011208988 -1.4687676e-05 0)
(0.011395728 -1.2789668e-05 0)
(0.01157858 -1.1041039e-05 0)
(0.011758141 -9.4896552e-06 0)
(0.011932659 -8.1103536e-06 0)
(0.012102152 -6.8869084e-06 0)
(0.012264492 -5.8220176e-06 0)
(0.012421283 -4.8565819e-06 0)
(0.012566391 -4.0737731e-06 0)
(0.01271031 -3.2286701e-06 0)
(0.012823952 -2.9195838e-06 0)
(0.012981502 -1.6323064e-06 0)
(0.010670868 -6.3907536e-05 0)
(0.010850274 -5.7675696e-05 0)
(0.011039485 -5.0817504e-05 0)
(0.011223265 -4.435323e-05 0)
(0.011408058 -3.8635097e-05 0)
(0.011589206 -3.3364926e-05 0)
(0.011767274 -2.8685597e-05 0)
(0.011940499 -2.452321e-05 0)
(0.012108879 -2.0829458e-05 0)
(0.012270269 -1.7612523e-05 0)
(0.012426258 -1.4695286e-05 0)
(0.012570698 -1.2329202e-05 0)
(0.012714068 -9.773113e-06 0)
(0.0128273 -8.8363587e-06 0)
(0.012984345 -4.9292825e-06 0)
(0.010716106 -0.00010692963 0)
(0.010889434 -9.6584104e-05 0)
(0.01107373 -8.51784e-05 0)
(0.011252971 -7.4412051e-05 0)
(0.01143372 -6.4867754e-05 0)
(0.011611327 -5.6061807e-05 0)
(0.011786288 -4.823086e-05 0)
(0.011956821 -4.1257257e-05 0)
(0.012122881 -3.5062251e-05 0)
(0.012282291 -2.9661431e-05 0)
(0.012436602 -2.4759919e-05 0)
(0.012579645 -2.0781654e-05 0)
(0.012721863 -1.6480545e-05 0)
(0.012834231 -1.4900927e-05 0)
(0.012990217 -8.3048692e-06 0)
(0.010786253 -0.0001494925 0)
(0.010950225 -0.00013519661 0)
(0.011126933 -0.00011941831 0)
(0.011299158 -0.00010447101 0)
(0.011473647 -9.1182957e-05 0)
(0.011645762 -7.8898472e-05 1.1834848e-35)
(0.011815899 -6.7948055e-05 -1.0481297e-35)
(0.011982246 -5.8178955e-05 0)
(0.012144693 -4.9485631e-05 0)
(0.012301015 -4.1895197e-05 0)
(0.012452703 -3.4997008e-05 0)
(0.012593563 -2.9392659e-05 0)
(0.012733967 -2.3325025e-05 0)
(0.012844968 -2.1092163e-05 0)
(0.012999294 -1.1766749e-05 0)
(0.010882415 -0.00019074069 0)
(0.011033706 -0.00017278906 0)
(0.011200084 -0.00015297088 0)
(0.011362742 -0.00013408281 0)
(0.011528672 -0.00011723246 0)
(0.01169326 -0.00010160685 0)
(0.011856773 -8.7632303e-05 0)
(0.01201736 -7.513328e-05 0)
(0.012174826 -6.3983498e-05 0)
(0.012326885 -5.4227583e-05 0)
(0.012474944 -4.5343504e-05 0)
(0.012612775 -3.8116672e-05 0)
(0.012750648 -3.0274736e-05 0)
(0.012859732 -2.7384297e-05 0)
(0.013011754 -1.5283674e-05 0)
(0.011005274 -0.00022974216 0)
(0.011140622 -0.00020857138 0)
(0.011293928 -0.00018520999 0)
(0.011444455 -0.0001627504 0)
(0.011599493 -0.00014262646 0)
(0.011754473 -0.00012388498 0)
(0.011909507 -0.00010705143 0)
(0.012062703 -9.1943525e-05 0)
(0.012213761 -7.842263e-05 0)
(0.012360322 -6.6559107e-05 0)
(0.012503691 -5.5726111e-05 0)
(0.012637599 -4.6900129e-05 0)
(0.01277217 -3.7291967e-05 0)
(0.01287874 -3.37489e-05 0)
(0.013027791 -1.8843268e-05 0)
(0.011155002 -0.00026551154 0)
(0.011271326 -0.00024170595 0)
(0.011408904 -0.00021546142 0)
(0.011544801 -0.00018993462 0)
(0.011686635 -0.00016693818 0)
(0.011829924 -0.00014539959 0)
(0.011974605 -0.0001259473 0)
(0.012118746 -0.00010841181 0)
(0.012261931 -9.2652835e-05 0)
(0.012401718 -7.877683e-05 0)
(0.012539288 -6.6061089e-05 0)
(0.012668335 -5.5681114e-05 0)
(0.012798782 -4.4332602e-05 0)
(0.012902203 -4.015634e-05 0)
(0.013047618 -2.2448518e-05 0)
(0.011331181 -0.00029704257 0)
(0.01142571 -0.00027133203 0)
(0.011545089 -0.00024301936 0)
(0.011663998 -0.00021506518 0)
(0.011790407 -0.00018971102 0)
(0.011919975 -0.00016579047 0)
(0.012052451 -0.00014403834 0)
(0.012185874 -0.00012432043 0)
(0.012319706 -0.00010650759 0)
(0.012451417 -9.0754578e-05 0)
(0.012582052 -7.6254182e-05 0)
(0.012705265 -6.4389144e-05 0)
(0.012830723 -5.1345803e-05 0)
(0.012930327 -4.654675e-05 0)
(0.013071429 -2.6073301e-05 0)
(0.011532733 -0.00032334822 0)
(0.011603146 -0.00029659654 0)
(0.011702136 -0.00026716776 0)
(0.011801939 -0.00023755545 0)
(0.011910865 -0.00021046835 0)
(0.012024792 -0.00018467676 0)
(0.012143283 -0.0001610235 0)
(0.012264363 -0.00013943426 0)
(0.012387376 -0.00011980531 0)
(0.012509708 -0.00010235357 0)
(0.012632256 -8.6200844e-05 0)
(0.012748643 -7.2945129e-05 0)
(0.012868209 -5.8274267e-05 0)
(0.012963331 -5.287483e-05 0)
(0.013099399 -2.9679637e-05 0)
(0.01175787 -0.000343507 0)
(0.011802425 -0.00031669019 0)
(0.011879232 -0.00028720644 0)
(0.011958139 -0.00025682084 0)
(0.012047769 -0.00022872628 0)
(0.012144315 -0.00020166547 0)
(0.012247163 -0.00017658775 0)
(0.012354357 -0.00015350409 0)
(0.012465135 -0.00013235148 0)
(0.012576808 -0.00011342361 0)
(0.012690122 -9.5786834e-05 0)
(0.012798683 -8.1261847e-05 0)
(0.012911446 -6.5055249e-05 0)
(0.013001435 -5.9131792e-05 0)
(0.013131679 -3.3230781e-05 0)
(0.01200407 -0.0003567139 0)
(0.012021732 -0.00033088774 0)
(0.012075054 -0.00030248145 0)
(0.012131701 -0.00027230077 0)
(0.012200552 -0.00024400922 0)
(0.012278222 -0.00021636214 0)
(0.012363954 -0.00019040925 0)
(0.012455847 -0.00016627141 0)
(0.012553058 -0.00014394148 0)
(0.012652847 -0.0001238048 0)
(0.012755811 -0.0001048892 0)
(0.012855556 -8.9244838e-05 0)
(0.012960615 -7.1620687e-05 0)
(0.013044788 -6.5258213e-05 0)
(0.01316839 -3.6746326e-05 0)
(0.012268093 -0.00036233275 0)
(0.012258628 -0.00033859032 0)
(0.012287754 -0.00031241849 0)
(0.012321289 -0.00028348338 0)
(0.012368285 -0.00025586805 0)
(0.012425904 -0.00022838367 0)
(0.012493289 -0.0002021682 0)
(0.012568646 -0.00017747425 0)
(0.012651087 -0.00015436459 0)
(0.012737854 -0.00013333006 0)
(0.012829405 -0.00011337778 0)
(0.012919376 -9.6793172e-05 0)
(0.013015845 -7.7896497e-05 0)
(0.01309349 -7.1154355e-05 0)
(0.013209633 -4.0186927e-05 0)
(0.012546031 -0.00035994631 0)
(0.012510073 -0.00033936721 0)
(0.012514956 -0.00031655774 0)
(0.012525112 -0.00028993217 0)
(0.012549663 -0.00026390042 0)
(0.012586441 -0.00023737309 0)
(0.012634552 -0.00021155733 0)
(0.012692368 -0.00018685451 0)
(0.012759009 -0.00016340876 0)
(0.012831737 -0.00014182828 0)
(0.012910898 -0.00012111716 0)
(0.01299019 -0.00010380036 0)
(0.013077211 -8.3802198e-05 0)
(0.01314763 -7.6773586e-05 0)
(0.013255496 -4.349644e-05 0)
(0.012833402 -0.00034939949 0)
(0.012772477 -0.00033299349 0)
(0.012753784 -0.00031458776 0)
(0.012740933 -0.00029131311 0)
(0.012742993 -0.00026777214 0)
(0.012758589 -0.00024301573 0)
(0.01278686 -0.00021829379 0)
(0.012826414 -0.00019416638 0)
(0.012876439 -0.00017086656 0)
(0.012934275 -0.00014912828 0)
(0.013000183 -0.00012796926 0)
(0.013067969 -0.00011015585 0)
(0.013144734 -8.9252616e-05 0)
(0.013207269 -8.2052207e-05 0)
(0.013306041 -4.6648582e-05 0)
(0.013125295 -0.00033083075 0)
(0.013041793 -0.00031948016 0)
(0.013000918 -0.00030637575 0)
(0.012966097 -0.00028742044 0)
(0.012946208 -0.0002672388 0)
(0.012940776 -0.00024505628 0)
(0.012949053 -0.00022213208 0)
(0.012969954 -0.00019918591 0)
(0.01300281 -0.00017654197 0)
(0.013045097 -0.00015506355 0)
(0.013097039 -0.00013379652 0)
(0.013152597 -0.00011574733 0)
(0.013218378 -9.4163601e-05 0)
(0.01327242 -8.691452e-05 0)
(0.013361294 -4.9607599e-05 0)
(0.013416548 -0.00030468718 0)
(0.013313639 -0.00029909263 0)
(0.013252675 -0.00029199096 0)
(0.013197578 -0.000278199 0)
(0.013156894 -0.00026216585 0)
(0.013131115 -0.00024331563 0)
(0.013119693 -0.00022287749 0)
(0.013121923 -0.0002017213 0)
(0.013137356 -0.00018025797 0)
(0.013163677 -0.00015947771 0)
(0.013201119 -0.0001384657 0)
(0.013243862 -0.00012046357 0)
(0.013298033 -9.8448979e-05 0)
(0.013343036 -9.1282972e-05 0)
(0.013421246 -5.2333082e-05 0)
(0.013701962 -0.00027171952 0)
(0.013583457 -0.00027235452 0)
(0.013505127 -0.00027171838 0)
(0.013432062 -0.00026376079 0)
(0.013372331 -0.00025254572 0)
(0.013327424 -0.00023770655 0)
(0.013297075 -0.00022039936 0)
(0.01328102 -0.0002016235 0)
(0.013279112 -0.00018186472 0)
(0.013289318 -0.00016223053 0)
(0.01331194 -0.00014185224 0)
(0.013341444 -0.00012419749 0)
(0.013383508 -0.0001020198 0)
(0.013419009 -9.5080409e-05 0)
(0.013485846 -5.4782975e-05 0)
(0.013976533 -0.00023295494 0)
(0.0138467 -0.00024003434 0)
(0.013754243 -0.00024605981 0)
(0.013666047 -0.00024439358 0)
(0.01358957 -0.00023850995 0)
(0.013527276 -0.0002282468 0)
(0.01347925 -0.00021464321 0)
(0.01344572 -0.00019879671 0)
(0.013426915 -0.00018124799 0)
(0.013421157 -0.0001632044 0)
(0.01342888 -0.00014384513 0)
(0.013444912 -0.00012684952 0)
(0.013474517 -0.00010479419 0)
(0.013500158 -9.8230123e-05 0)
(0.013554995 -5.6914531e-05 0)
(0.014235686 -0.00018964805 0)
(0.014099023 -0.0002031142 0)
(0.013996039 -0.0002157206 0)
(0.013895962 -0.0002205596 0)
(0.013805514 -0.00022033486 0)
(0.013728054 -0.00021506825 0)
(0.013664063 -0.00020564085 0)
(0.013614291 -0.00019320786 0)
(0.013579408 -0.00017833735 0)
(0.01355816 -0.00016231102 0)
(0.013551172 -0.0001443519 0)
(0.013553712 -0.00012833141 0)
(0.013570683 -0.00010669597 0)
(0.013586227 -0.00010065741 0)
(0.01362854 -5.8685045e-05 0)
(0.014475483 -0.00014321235 0)
(0.014336486 -0.0001627417 0)
(0.014226755 -0.00018158143 0)
(0.014118306 -0.00019288314 0)
(0.014017027 -0.00019843911 0)
(0.013927028 -0.00019842095 0)
(0.013849203 -0.00019351731 0)
(0.013784831 -0.00018489455 0)
(0.013735065 -0.00017311373 0)
(0.013699132 -0.00015949784 0)
(0.013677904 -0.00014330393 0)
(0.013667167 -0.00012857041 0)
(0.013671526 -0.00010765855 0)
(0.013676874 -0.00010229202 0)
(0.013706272 -6.0052849e-05 0)
(0.014692804 -9.5136739e-05 0)
(0.014555724 -0.00012016877 0)
(0.014443012 -0.00014465602 0)
(0.014329791 -0.00016212655 0)
(0.014221049 -0.00017337247 0)
(0.014121444 -0.00017867069 0)
(0.01403227 -0.00017849367 0)
(0.013955307 -0.00017397047 0)
(0.013892214 -0.00016561569 0)
(0.013842733 -0.00015475406 0)
(0.013808028 -0.00014066143 0)
(0.013784475 -0.00012751355 0)
(0.013776462 -0.00010763169 0)
(0.013771674 -0.00010307211 0)
(0.013787919 -6.0978949e-05 0)
(0.014885461 -4.6896308e-05 0)
(0.014754096 -7.6683086e-05 0)
(0.014641961 -0.00010603769 0)
(0.014527482 -0.00012915489 0)
(0.014414717 -0.00014579492 0)
(0.014308626 -0.00015628914 0)
(0.014210852 -0.0001608844 0)
(0.014123617 -0.00016062717 0)
(0.014049075 -0.00015594333 0)
(0.0139875 -0.0001481153 0)
(0.013940375 -0.00013641794 0)
(0.013904715 -0.00012513192 0)
(0.013884804 -0.00010657352 0)
(0.013870113 -0.00010295015 0)
(0.013873145 -6.1429549e-05 0)
(0.015052257 1.0423253e-07 0)
(0.014929785 -3.3529924e-05 0)
(0.014821402 -6.6840008e-05 0)
(0.014708919 -9.4892264e-05 0)
(0.014595486 -0.00011644632 0)
(0.01448608 -0.00013183626 0)
(0.014382607 -0.00014108861 0)
(0.014287648 -0.00014513137 0)
(0.014203811 -0.00014425935 0)
(0.014131881 -0.00013966666 0)
(0.014073669 -0.00013060335 0)
(0.014026851 -0.00012142312 0)
(0.013995712 -0.00010444325 0)
(0.013971593 -0.00010188072 0)
(0.013961505 -6.1375896e-05 0)
(0.01519297 4.4471084e-05 0)
(0.015081856 8.2183302e-06 0)
(0.014979855 -2.8142084e-05 0)
(0.014872219 -6.0282285e-05 0)
(0.014761232 -8.6112769e-05 0)
(0.014651592 -0.00010594037 0)
(0.014545358 -0.00011957882 0)
(0.014445357 -0.00012782019 0)
(0.014354577 -0.00013078759 0)
(0.014274271 -0.00012954408 0)
(0.014206554 -0.00012328368 0)
(0.01414976 -0.00011640809 0)
(0.014108146 -0.0001012613 0)
(0.014075373 -9.9834303e-05 0)
(0.014052458 -6.0782879e-05 0)
(0.014410358 0.0023947089 8.5607878e-23)
(0.014831267 0.0022371521 -2.0663672e-23)
(0.015150079 0.0019565626 1.5571941e-23)
(0.015302609 0.0015170624 -5.2068189e-22)
(0.015325753 0.0010452929 -1.0450391e-21)
(0.015304329 0.0006621098 1.7792584e-21)
(0.015277711 0.00039207479 -5.5278806e-21)
(0.015242947 0.00019603046 0)
(0.015157652 5.3832348e-05 6.7476737e-22)
(0.014329751 0.0026413986 -7.9711559e-23)
(0.01472654 0.0024160456 0)
(0.015018717 0.002047262 0)
(0.015169652 0.0015441259 5.4895974e-22)
(0.01521882 0.0010483462 9.581936e-22)
(0.015230913 0.00066222574 3.3848411e-21)
(0.015229388 0.00039247759 2.0919827e-20)
(0.015210356 0.00019747815 0)
(0.015133697 5.5992018e-05 0)
(0.014148847 0.0028159442 4.9432899e-22)
(0.014541797 0.0025310682 0)
(0.014843238 0.0020921628 0)
(0.015021043 0.0015458161 0)
(0.015109616 0.0010393254 5.022471e-22)
(0.015157839 0.00065528546 -5.6000198e-21)
(0.015181306 0.00038784047 -3.1029909e-20)
(0.015177593 0.00019538295 1.9525641e-21)
(0.01511195 5.5799819e-05 -1.8128626e-21)
(0.013923465 0.0029217371 -9.9763889e-22)
(0.014323238 0.0025856845 2.6014681e-22)
(0.014649123 0.0020954211 3.7338649e-21)
(0.014866578 0.0015248697 4.2976087e-21)
(0.015000157 0.0010185177 -1.2619731e-20)
(0.015085698 0.0006412444 2.1957996e-21)
(0.01513443 0.00037906495 1.828023e-20)
(0.015146397 0.00019152259 1.3652286e-21)
(0.015093341 5.4953653e-05 -2.0307153e-21)
(0.013665208 0.0029613948 -4.2758484e-22)
(0.014083721 0.0025851054 2.9787744e-22)
(0.014445808 0.0020618547 -7.8856759e-21)
(0.014711231 0.0014835585 -4.3478724e-21)
(0.014892649 0.00098636388 -9.1346722e-19)
(0.015015517 0.00062025362 -7.7533009e-19)
(0.015089226 0.00036625431 4.465599e-20)
(0.01511655 0.00018575067 -5.5228079e-20)
(0.0150769 5.3326597e-05 -9.0574506e-21)
(0.013385659 0.0029372829 3.4984122e-21)
(0.013833279 0.0025335088 -4.156892e-21)
(0.014240257 0.0019949925 4.4264702e-21)
(0.014558516 0.0014233546 0)
(0.014788602 0.00094320474 6.9550666e-19)
(0.014948057 0.00059248516 1.0277093e-18)
(0.01504619 0.0003494856 -9.7149853e-20)
(0.015088303 0.00017796406 -7.3362043e-20)
(0.015062555 5.1104831e-05 -1.6042354e-19)
(0.013096308 0.0028527164 -2.2415162e-21)
(0.013580892 0.002435214 8.5080181e-21)
(0.014038271 0.0018979437 0)
(0.014411362 0.0013455189 0)
(0.014689373 0.00088945932 -1.925688e-20)
(0.014884028 0.00055819804 -8.687731e-20)
(0.015005731 0.00032887822 5.4350793e-20)
(0.015062135 0.00016803913 1.1542691e-19)
(0.015050498 4.8678023e-05 3.4634925e-19)
(0.012807677 0.0027118342 2.0169451e-21)
(0.013334312 0.0022945847 -5.748523e-21)
(0.013844663 0.001773587 0)
(0.014272257 0.0012512963 -1.9647717e-21)
(0.014596204 0.00082567073 1.5692944e-21)
(0.014824077 0.00051774142 4.7623547e-20)
(0.014968228 0.00030461623 0)
(0.015038832 0.00015599145 0)
(0.0150379 4.5848979e-05 -2.0051474e-19)
(0.012528991 0.0025193787 -2.31865e-21)
(0.013100086 0.0021159154 -5.6257504e-21)
(0.01366342 0.00162464 0)
(0.014143341 0.001141983 2.0272298e-20)
(0.014510242 0.00075250457 0)
(0.0147688 0.0004715517 3.2025749e-21)
(0.014934027 0.00027702528 -7.4157361e-20)
(0.015017776 0.0001420717 2.8437295e-21)
(0.015027652 4.2210705e-05 2.1842962e-19)
(0.012268256 0.0022805002 -5.3724601e-21)
(0.012883751 0.0019034546 1.373181e-20)
(0.013497892 0.0014537545 0)
(0.014026474 0.0010189672 -2.3114346e-20)
(0.014432553 0.00067074134 -2.179528e-20)
(0.014718766 0.00042014747 -6.5530758e-20)
(0.014903497 0.00024668956 1.4530861e-19)
(0.015000077 0.00012627486 1.9132681e-19)
(0.015018253 3.771469e-05 -1.2773066e-20)
(0.012032349 0.0020006916 9.873926e-21)
(0.012689982 0.0016614617 -7.2632731e-21)
(0.013350905 0.0012635964 0)
(0.013923271 0.00088375188 0)
(0.014364136 0.00058127341 -1.6118864e-21)
(0.014674616 0.00036405495 6.1870793e-20)
(0.014875038 0.00021393 -1.5705798e-19)
(0.014983748 0.00010925095 -8.0251737e-20)
(0.015011378 3.2665721e-05 -2.675737e-19)
(0.011827076 0.0016857441 -4.3828407e-21)
(0.012522686 0.0013942537 -7.2923335e-22)
(0.01322483 0.0010568969 -9.1494353e-21)
(0.013835113 0.00073796052 -1.1670423e-20)
(0.014305826 0.00048508921 6.0530131e-20)
(0.01463719 0.00030379431 0)
(0.014851372 0.00017870674 8.6652871e-20)
(0.0149702 9.1261692e-05 -1.070373e-19)
(0.015005078 2.7242394e-05 0)
(0.01165721 0.0013416992 -2.4311194e-21)
(0.012385063 0.0011062319 0)
(0.013121625 0.00083647822 9.6338662e-21)
(0.013763163 0.00058333133 1.4548602e-20)
(0.014258312 0.00038326666 -3.0903366e-20)
(0.014606834 0.00023997569 -6.1658249e-21)
(0.014832744 0.00014112411 4.7260837e-20)
(0.014960005 7.2001941e-05 4.3850389e-21)
(0.014999885 2.1556275e-05 2.0879396e-20)
(0.011526531 0.00097480332 3.358501e-21)
(0.012279644 0.00080189125 0)
(0.013042851 0.00060525888 1.3449733e-21)
(0.013708363 0.00042170444 1.3734999e-20)
(0.014222162 0.00027696372 -2.0335956e-21)
(0.014583749 0.00017334856 -2.0402415e-20)
(0.01481854 0.00010184746 -5.0046176e-20)
(0.014952266 5.1943792e-05 7.4666843e-20)
(0.014995736 1.5517763e-05 -6.2055688e-21)
(0.011437855 0.00059147102 8.9514224e-22)
(0.012208318 0.0004858241 0)
(0.01298968 0.00036625814 0)
(0.013671428 0.00025502197 -7.5639826e-21)
(0.014197816 0.00016742784 1.0733067e-20)
(0.014568182 0.00010473262 1.072002e-20)
(0.014808768 6.1472963e-05 0)
(0.014946335 3.1394109e-05 -3.814513e-20)
(0.014993434 9.2943584e-06 0)
(0.01139305 0.00019826019 -6.9443359e-22)
(0.012172341 0.00016272781 1.0921862e-22)
(0.012962898 0.00012260872 -6.0391941e-22)
(0.013652843 8.5345863e-05 -8.249238e-21)
(0.014185571 5.6020493e-05 -9.7615e-21)
(0.014560343 3.5030614e-05 1.2840465e-20)
(0.01480382 2.0565504e-05 -9.6611353e-22)
(0.014943328 1.0580246e-05 -4.2269125e-20)
(0.014992329 2.9674501e-06 -5.1904432e-21)
(0.014581525 0.0020017993 0)
(0.014784282 0.0016324674 3.6943819e-19)
(0.014955791 0.0013189013 4.1290007e-19)
(0.015090727 0.0010662724 -5.6655241e-24)
(0.015193153 0.00087035039 4.526288e-19)
(0.015266349 0.00071932249 4.4316275e-19)
(0.015315885 0.00060086663 2.1160929e-21)
(0.015348396 0.00050507492 -3.7545978e-21)
(0.015369312 0.00042528596 2.9628275e-22)
(0.015381966 0.00035738551 2.6514542e-21)
(0.015387887 0.00029903974 4.8373311e-21)
(0.015386841 0.00024793488 0)
(0.015380161 0.00020438364 -1.7533192e-21)
(0.01536117 0.00016178246 3.0476317e-18)
(0.015353377 0.00013628244 2.5107554e-18)
(0.014996627 0.0019337782 -4.2520492e-22)
(0.015190075 0.0016265488 -3.5718061e-19)
(0.0153239 0.0013649536 -3.9958137e-19)
(0.015413296 0.0011476006 -1.6377559e-21)
(0.015470038 0.00096912394 0)
(0.015501961 0.00082197308 -2.7607682e-23)
(0.015517741 0.00069900418 2.7697423e-23)
(0.015523875 0.00059457303 0)
(0.015524333 0.0005049038 3.2281451e-21)
(0.015520733 0.00042758752 -4.3948217e-22)
(0.015513211 0.00036082719 -4.7374669e-21)
(0.015501056 0.00030267486 1.7228928e-23)
(0.0154846 0.0002527283 2.1167059e-22)
(0.015459832 0.00020538421 -3.3692855e-18)
(0.015443091 0.00017498045 -2.7595385e-18)
(0.015291163 0.0017813653 3.3761561e-22)
(0.015430869 0.0015761331 -5.2893783e-22)
(0.015522895 0.0013805013 -1.2475735e-21)
(0.015580472 0.0012042848 1.3022829e-21)
(0.015616139 0.0010486454 3.4135731e-23)
(0.015636916 0.00091092999 0)
(0.0156473 0.00078880816 3.460095e-23)
(0.015650216 0.00068105953 -1.0053183e-21)
(0.015647328 0.0005859387 2.3375416e-24)
(0.015639654 0.0005028673 -2.2641546e-21)
(0.015626935 0.00043036843 2.1157317e-21)
(0.015609625 0.00036699746 -2.5744785e-23)
(0.015588449 0.00031155888 1.7759639e-21)
(0.015562182 0.00026091985 -1.3153318e-21)
(0.015540285 0.00022324417 0)
(0.015415102 0.0014353451 0)
(0.015500131 0.0013199744 -4.5121974e-23)
(0.01556257 0.0012000001 1.8191353e-23)
(0.015608692 0.0010844884 -2.475668e-22)
(0.015643369 0.00097571466 -3.0812026e-22)
(0.015668143 0.00087430989 2.6592093e-23)
(0.015683399 0.00078067741 -3.6534513e-22)
(0.0156919 0.00069424763 1.1005052e-21)
(0.015691959 0.00061452737 8.838808e-22)
(0.015687447 0.00054230774 -6.6095455e-23)
(0.015677523 0.00047669626 0)
(0.01566385 0.00041698671 -8.111521e-22)
(0.015647216 0.00036285548 7.9204442e-22)
(0.015627618 0.00031332926 3.1840014e-22)
(0.0156086 0.0002707372 -7.4223808e-22)
(0.015404835 0.0010178061 0)
(0.015450651 0.0009657403 -1.508142e-24)
(0.015490524 0.00090839183 -2.039741e-24)
(0.015524422 0.00085013665 1.4459849e-22)
(0.015552617 0.00079189554 1.8135059e-22)
(0.015575366 0.00073415682 0)
(0.015593136 0.00067731511 2.4703571e-22)
(0.015606201 0.00062176393 -2.6735332e-22)
(0.015615298 0.0005681013 -5.6522415e-22)
(0.015620644 0.00051623785 0)
(0.015622831 0.0004666008 2.4420217e-22)
(0.015622458 0.00041954018 5.9886565e-22)
(0.015619757 0.00037581025 -5.9253967e-22)
(0.015615246 0.00033483249 2.8541259e-22)
(0.01560926 0.00029538861 5.4399042e-22)
(0.015354088 0.0006571594 -4.421562e-23)
(0.01537622 0.00063646295 7.1932553e-23)
(0.015397822 0.00061231217 -4.9875737e-23)
(0.015418141 0.00058662658 6.7669736e-23)
(0.015436889 0.00055978477 4.2028125e-23)
(0.015454093 0.00053200048 0)
(0.015469767 0.00050348439 -4.411435e-23)
(0.015483897 0.00047443849 -1.3698211e-23)
(0.015496479 0.00044507768 0)
(0.015507534 0.00041563119 0)
(0.015517096 0.0003863226 -1.655673e-22)
(0.015525206 0.0003573385 1.5097609e-23)
(0.015531959 0.00032880603 -1.0004527e-23)
(0.01553763 0.00030084997 2.0500606e-22)
(0.015541542 0.0002734698 -8.9346372e-24)
(0.015308507 0.00039477811 3.7801932e-23)
(0.015318691 0.0003873664 7.1000385e-24)
(0.015329377 0.00037832872 0)
(0.015340123 0.00036846606 0)
(0.015350744 0.0003578888 1.1734673e-22)
(0.015361235 0.00034662503 -2.5728602e-22)
(0.015371577 0.0003346957 4.6401824e-23)
(0.015381718 0.0003221265 -5.9854053e-23)
(0.015391608 0.00030895029 2.3563656e-22)
(0.015401206 0.00029520457 -2.2549073e-22)
(0.015410477 0.00028093133 1.127868e-22)
(0.015419396 0.00026617854 0)
(0.015427943 0.00025100188 0)
(0.015436165 0.00023545353 0)
(0.0154436 0.00021953528 0)
(0.015263862 0.0002008513 -7.7647972e-23)
(0.015268378 0.00019859979 1.1674408e-22)
(0.015273463 0.00019570231 -1.0971917e-22)
(0.015278835 0.00019247668 1.9466556e-22)
(0.015284373 0.00018895125 -4.5488699e-22)
(0.015290107 0.00018511834 2.11561e-22)
(0.015296056 0.0001809666 -2.7985881e-23)
(0.015302215 0.00017648641 4.4111564e-23)
(0.015308575 0.00017167105 0)
(0.015315128 0.00016651743 2.1627185e-22)
(0.015321869 0.00016102684 -1.0758145e-23)
(0.015328787 0.00015520578 -1.6778882e-22)
(0.015335871 0.00014906642 0)
(0.015343129 0.00014262739 1.0597711e-22)
(0.01535038 0.0001359023 -1.0811501e-22)
(0.01517416 5.7909718e-05 1.0545286e-23)
(0.015176704 5.7458602e-05 0)
(0.015179634 5.6840183e-05 -2.5424919e-22)
(0.015182784 5.6143571e-05 5.489493e-22)
(0.015186102 5.5374432e-05 -2.7058439e-22)
(0.015189617 5.4529219e-05 0)
(0.015193348 5.3603569e-05 1.7465172e-23)
(0.015197303 5.2593669e-05 0)
(0.015201485 5.1496465e-05 0)
(0.015205902 5.0309819e-05 0)
(0.015210558 4.9032818e-05 -6.5288596e-22)
(0.015215458 4.7666304e-05 6.4779114e-22)
(0.015220603 4.6214221e-05 0)
(0.015225976 4.4691907e-05 0)
(0.015231746 4.3142576e-05 0)
(0.015293494 7.9900207e-05 0)
(0.015193791 4.2648456e-05 0)
(0.015098994 4.2546368e-06 0)
(0.014997656 -3.0663598e-05 0)
(0.014891196 -5.9564082e-05 0)
(0.01478384 -8.2742668e-05 0)
(0.014677678 -9.9841073e-05 0)
(0.014575643 -0.0001115348 0)
(0.014480966 -0.00011776429 0)
(0.01439524 -0.00011944837 0)
(0.014320803 -0.00011570078 0)
(0.01425655 -0.00011094701 0)
(0.014206575 -9.7616201e-05 0)
(0.014167008 -9.7205565e-05 0)
(0.014133493 -5.9771198e-05 0)
(0.015388188 0.00011719624 0)
(0.01530219 7.8793287e-05 0)
(0.015216309 3.890641e-05 0)
(0.015123453 1.5504349e-06 0)
(0.015023764 -3.02433e-05 0)
(0.014920827 -5.6661402e-05 0)
(0.014816694 -7.7265159e-05 0)
(0.014714314 -9.2584988e-05 0)
(0.014617108 -0.00010233416 0)
(0.014526968 -0.00010723974 0)
(0.014446435 -0.00010632624 0)
(0.014375018 -0.00010398663 0)
(0.014316541 -9.284107e-05 -1.5617778e-19)
(0.014269921 -9.3540425e-05 -1.1817983e-19)
(0.014225218 -5.8278003e-05 0)
(0.015496286 0.00016903448 0)
(0.015432127 0.00012872432 0)
(0.015362304 8.8334662e-05 0)
(0.015285079 4.9017975e-05 0)
(0.01519933 1.4054317e-05 0)
(0.015107215 -1.6099161e-05 0)
(0.015010544 -4.117751e-05 0)
(0.014912099 -6.1471333e-05 0)
(0.014815344 -7.6290911e-05 0)
(0.014722416 -8.5978166e-05 0)
(0.014635994 -8.9498189e-05 0)
(0.014556478 -9.0912682e-05 0)
(0.014487197 -8.3541807e-05 2.2620731e-19)
(0.014430745 -8.610811e-05 1.7373366e-19)
(0.014370288 -5.4952552e-05 0)
(0.015582321 0.00022540459 0)
(0.015547607 0.00018732984 0)
(0.015503923 0.00014876453 0)
(0.015452395 0.0001101602 0)
(0.015391755 7.3811129e-05 0)
(0.015322116 4.1131146e-05 0)
(0.015244425 1.2168722e-05 0)
(0.015160763 -1.3366607e-05 0)
(0.015074113 -3.41954e-05 0)
(0.014986328 -4.9996e-05 0)
(0.014899818 -5.9746076e-05 0)
(0.014815933 -6.652568e-05 0)
(0.014737407 -6.5331698e-05 0)
(0.014670422 -7.0527378e-05 0)
(0.014590947 -4.7918444e-05 0)
(0.015602497 0.0002598744 0)
(0.015593262 0.00022889796 0)
(0.015578228 0.00019697914 0)
(0.015556726 0.00016408233 0)
(0.015528046 0.00013245461 0)
(0.015492598 0.00010410372 0)
(0.015450005 7.6722714e-05 0)
(0.015397995 4.9360054e-05 0)
(0.015339566 2.4747898e-05 0)
(0.015275125 3.8633534e-06 0)
(0.015205743 -1.2224557e-05 0)
(0.015132773 -2.5057059e-05 0)
(0.015057964 -3.1831221e-05 0)
(0.014990343 -3.9918778e-05 0)
(0.014898853 -3.1637571e-05 0)
(0.015545812 0.00025070424 0)
(0.015550964 0.00023068415 0)
(0.015553794 0.00021043035 0)
(0.015552611 0.00018846491 0)
(0.015548108 0.00016432859 0)
(0.015540179 0.00014016585 0)
(0.015527491 0.00011591464 0)
(0.015510842 9.2700151e-05 0)
(0.015489713 7.1180884e-05 0)
(0.015462967 5.2841211e-05 0)
(0.015432272 3.8337775e-05 0)
(0.015395691 2.620005e-05 0)
(0.015353225 1.6186134e-05 0)
(0.01531038 7.2205297e-06 0)
(0.015239627 5.0245603e-07 0)
(0.015451296 0.0002064782 0)
(0.015460035 0.00019465387 0)
(0.015468468 0.00018165625 0)
(0.015476091 0.00016753548 0)
(0.01548281 0.00015243192 0)
(0.015488349 0.00013676582 0)
(0.015492282 0.00012120909 0)
(0.015494336 0.00010616995 0)
(0.0154933 9.0726747e-05 0)
(0.015490651 7.5190037e-05 0)
(0.015485074 6.0941893e-05 0)
(0.015477437 4.8291906e-05 0)
(0.015468841 3.8342469e-05 0)
(0.015459246 3.1864789e-05 0)
(0.015441888 2.4551307e-05 0)
(0.015357574 0.00013031356 0)
(0.015365498 0.00012526616 0)
(0.015373764 0.00011952575 0)
(0.015382134 0.00011298289 0)
(0.015390658 0.00010560994 0)
(0.01539923 9.7437101e-05 -1.2845258e-34)
(0.015407664 8.8551945e-05 1.338321e-34)
(0.015415852 7.9143988e-05 0)
(0.015423695 6.9505432e-05 0)
(0.015430978 6.0007704e-05 0)
(0.01543758 5.123586e-05 0)
(0.015443283 4.3879407e-05 0)
(0.015448379 3.8213884e-05 0)
(0.01545241 3.4223702e-05 0)
(0.015455583 2.8935771e-05 0)
(0.015236911 4.1539805e-05 0)
(0.015243004 4.0194874e-05 0)
(0.015249305 3.8660367e-05 0)
(0.015256003 3.6887755e-05 0)
(0.015263243 3.4861445e-05 0)
(0.015270945 3.2574241e-05 0)
(0.015278983 3.0032542e-05 0)
(0.015287237 2.7259294e-05 0)
(0.015295569 2.4289572e-05 0)
(0.015303817 2.1181907e-05 0)
(0.015311817 1.8034027e-05 0)
(0.01531946 1.4959e-05 0)
(0.015326855 1.2137805e-05 0)
(0.015333653 1.0125029e-05 0)
(0.015343522 8.7974301e-06 0)
(2.4639737e-09 8.999878e-08 0)
(1.7184134e-08 2.8736868e-07 0)
(4.8658657e-08 5.2348707e-07 0)
(1.079203e-07 8.0569732e-07 1.2873554e-25)
(2.0866374e-07 1.1427985e-06 -1.4488821e-27)
(3.7170543e-07 1.5451463e-06 -1.8436011e-25)
(6.2741458e-07 2.024896e-06 0)
(1.0195925e-06 2.5962549e-06 -2.6052616e-25)
(1.6110812e-06 3.2757357e-06 1.0027861e-27)
(2.4915792e-06 4.0823985e-06 3.5546242e-25)
(3.7883901e-06 5.0380573e-06 0)
(5.6810803e-06 6.1674134e-06 0)
(8.4212302e-06 7.4980615e-06 0)
(1.2358657e-05 9.0602965e-06 -6.8058886e-25)
(1.7975582e-05 1.0886625e-05 7.8655445e-25)
(2.5930138e-05 1.3010859e-05 -2.2143657e-25)
(3.7110125e-05 1.5466663e-05 1.9620569e-24)
(5.2696915e-05 1.8285399e-05 -2.1796094e-24)
(7.4237456e-05 2.149317e-05 3.6045444e-20)
(0.00010371938 2.5107012e-05 -4.079676e-20)
(0.00014364 2.9130322e-05 0)
(0.00019705511 3.3547845e-05 0)
(0.00026758831 3.8320791e-05 0)
(0.00035937888 4.3382971e-05 9.1035746e-24)
(0.00047694717 4.8639049e-05 4.3670081e-20)
(0.00062496469 5.3965986e-05 -4.1973307e-20)
(0.00080793207 5.9218445e-05 0)
(0.00102979 6.4238134e-05 2.7680841e-23)
(0.0012935113 6.8866139e-05 -2.4542707e-23)
(0.0016007359 7.2956424e-05 -3.7867779e-23)
(0.0019515183 7.6387925e-05 8.8276271e-21)
(0.002344208 7.9074613e-05 9.0239922e-21)
(0.002775591 8.0968984e-05 3.9442237e-23)
(0.0032408902 8.2064127e-05 8.820232e-23)
(0.0037348446 8.2363038e-05 4.1564058e-24)
(0.0042495319 8.1963003e-05 1.1526581e-22)
(0.0047827188 8.0838364e-05 -5.9180887e-24)
(0.0053158117 7.9159175e-05 -1.6533107e-22)
(0.0058701528 7.8021598e-05 0)
(1.9137232e-08 2.72179e-07 2.0205124e-25)
(7.0440796e-08 8.6899558e-07 0)
(1.4572969e-07 1.5828611e-06 -8.2004657e-28)
(2.5743461e-07 2.4361399e-06 4.9016206e-28)
(4.2093499e-07 3.4554666e-06 1.1705958e-27)
(6.5904485e-07 4.6721923e-06 -2.79172e-27)
(1.004503e-06 6.1231231e-06 0)
(1.5039166e-06 7.851282e-06 1.0113029e-24)
(2.2234417e-06 9.9066757e-06 -3.9003842e-27)
(3.2566789e-06 1.2347024e-05 2.7801e-26)
(4.7355096e-06 1.523838e-05 -1.6807266e-24)
(6.8448439e-06 1.8655519e-05 -6.148826e-26)
(9.8424623e-06 2.2681946e-05 1.4349039e-25)
(1.4085315e-05 2.7409289e-05 2.482848e-24)
(2.0063741e-05 3.2935805e-05 -3.0650426e-24)
(2.8444972e-05 3.9363616e-05 -2.158929e-25)
(4.0126815e-05 4.6794298e-05 -4.8008226e-24)
(5.6301348e-05 5.5322363e-05 4.2713805e-24)
(7.8526568e-05 6.5026315e-05 3.8365678e-20)
(0.00010880094 7.5957136e-05 -3.8912759e-20)
(0.00014963166 8.8124483e-05 0)
(0.00020408242 0.00010148153 -4.0825057e-21)
(0.00027578175 0.00011591026 -4.1379336e-21)
(0.00036886982 0.00013120976 -1.823521e-25)
(0.00048786305 0.00014709104 -1.6997893e-23)
(0.00063742401 0.00016318147 4.2384083e-25)
(0.00082203991 0.00017904111 3.5231978e-23)
(0.0010456351 0.00019419106 2.4877241e-23)
(0.0013111652 0.00020815067 7.8557852e-21)
(0.0016202557 0.0002204784 7.6584714e-21)
(0.0019729515 0.00023080822 -8.6082113e-21)
(0.0023675996 0.00023888001 -9.4712328e-21)
(0.0028009945 0.00024455075 -6.2246034e-23)
(0.003268381 0.00024779817 -1.0389837e-22)
(0.0037645233 0.00024863331 2.2778993e-24)
(0.0042815347 0.00024734397 -1.0492116e-22)
(0.0048172999 0.00024385771 4.0584341e-22)
(0.0053528347 0.00023869683 1.7385173e-22)
(0.0059113837 0.00023510178 0)
(5.389464e-08 4.5870788e-07 -9.317182e-32)
(1.8148276e-07 1.464519e-06 6.8094932e-25)
(3.481693e-07 2.6675612e-06 -8.1516863e-25)
(5.6932952e-07 4.1055732e-06 -5.3676698e-23)
(8.638861e-07 5.8234514e-06 2.5678528e-23)
(1.2588599e-06 7.8740435e-06 1.3909508e-24)
(1.7919861e-06 1.0319392e-05 -6.4521353e-27)
(2.5157924e-06 1.3232016e-05 0)
(3.5034315e-06 1.6696199e-05 2.3468414e-24)
(4.8567428e-06 2.0809215e-05 -2.7877748e-24)
(6.7172666e-06 2.5682351e-05 0)
(9.2811761e-06 3.1441552e-05 -3.6342885e-24)
(1.2819294e-05 3.8227401e-05 4.6194872e-24)
(1.7703541e-05 4.6194058e-05 4.9935905e-24)
(2.4441245e-05 5.5506692e-05 -5.9723411e-24)
(3.3718628e-05 6.6336778e-05 7.1316411e-24)
(4.6454314e-05 7.8854596e-05 -6.6586417e-24)
(6.3862607e-05 9.321822e-05 8.2425887e-24)
(8.7524398e-05 0.00010955841 -1.1285957e-23)
(0.00011946057 0.00012795924 9.3434636e-24)
(0.00016219867 0.00014843485 -1.9447698e-23)
(0.0002188187 0.00017090403 3.2847656e-21)
(0.00029295921 0.00019516555 4.9660063e-21)
(0.00038876189 0.0002208787 -3.6533087e-23)
(0.00051073469 0.0002475547 1.7504726e-23)
(0.00066352115 0.00027456439 -3.6527997e-20)
(0.00085158013 0.00030116599 5.3463546e-20)
(0.0010788014 0.00032655276 -5.0605521e-23)
(0.0013481051 0.00034991574 -3.1644335e-19)
(0.0016610855 0.00037051209 5.1191159e-19)
(0.0020177673 0.0003877262 -1.1735341e-22)
(0.0024164924 0.00040112058 1.1660876e-22)
(0.0028540718 0.00041045659 0)
(0.0033257955 0.00041569298 0)
(0.0038264804 0.00041685223 2.562831e-22)
(0.0043483104 0.00041440472 5.561909e-22)
(0.0048894145 0.00040822561 -4.4330319e-22)
(0.0054300069 0.00039926603 -7.5038235e-22)
(0.0059972341 0.00039247301 3.9719079e-23)
(1.0844979e-07 6.4917328e-07 3.7940643e-25)
(3.5578068e-07 2.0725895e-06 -6.6097496e-25)
(6.6594049e-07 3.7750675e-06 -7.8884673e-25)
(1.0589332e-06 5.8100121e-06 -4.2858355e-23)
(1.5592492e-06 8.2409245e-06 8.8633332e-23)
(2.2005216e-06 1.1142544e-05 1.3438334e-24)
(3.0283393e-06 1.46026e-05 2.5782321e-27)
(4.104538e-06 1.8723615e-05 -1.8940365e-24)
(5.5132684e-06 2.3624716e-05 1.7653247e-26)
(7.3693179e-06 2.9443345e-05 2.6737365e-24)
(9.8294014e-06 3.6336685e-05 -3.1684943e-24)
(1.3107375e-05 4.4482534e-05 3.587099e-24)
(1.7494516e-05 5.4079221e-05 -4.6247135e-24)
(2.3386196e-05 6.5344051e-05 6.2909701e-25)
(3.1316305e-05 7.8509573e-05 1.0796218e-23)
(4.2000708e-05 9.3816841e-05 -1.3234526e-23)
(5.6390451e-05 0.0001115047 -1.8427467e-24)
(7.5734371e-05 0.00013179409 2.0207432e-23)
(0.00010164884 0.00015486665 -1.3374085e-23)
(0.00013618937 0.00018083726 1.8414166e-23)
(0.00018191481 0.00020972134 3.807777e-20)
(0.00024193006 0.00024139902 -5.3058388e-20)
(0.00031988865 0.00027558066 0)
(0.00041993408 0.00031177974 1.7897717e-23)
(0.00054656034 0.00034930127 -5.1088066e-23)
(0.00070438069 0.00038725309 -5.6075664e-20)
(0.00089780926 0.00042458545 3.5209625e-20)
(0.0011306816 0.00046015852 0)
(0.0014058614 0.00049283073 -5.538257e-19)
(0.0017248948 0.00052155474 2.9596546e-19)
(0.0020877741 0.0005454627 1.378423e-22)
(0.0024928316 0.00056393833 -1.1902356e-22)
(0.0029369042 0.00057664911 0)
(0.0034153495 0.00058353036 0)
(0.0039230655 0.00058461733 -2.9720029e-22)
(0.0044523404 0.00058055728 -4.4568651e-22)
(0.0050016709 0.00057113355 -9.0016558e-22)
(0.0055500603 0.00055792148 8.0838019e-22)
(0.0061305378 0.00054666731 -8.0789632e-23)
(1.8467588e-07 8.427741e-07 7.3627878e-25)
(5.9930953e-07 2.6906395e-06 0)
(1.1099179e-06 4.9006803e-06 -1.5310427e-24)
(1.7429666e-06 7.5421879e-06 1.8303071e-24)
(2.5307162e-06 1.0697518e-05 0)
(3.516026e-06 1.446358e-05 0)
(4.75544e-06 1.8954099e-05 -3.1163201e-24)
(6.3237734e-06 2.4301929e-05 7.379603e-24)
(8.3205079e-06 3.0661382e-05 -4.896781e-26)
(1.0878472e-05 3.8210407e-05 -5.2076331e-24)
(1.4175513e-05 4.7152389e-05 6.119361e-24)
(1.8450091e-05 5.7717216e-05 -1.4418443e-23)
(2.4021929e-05 7.0161082e-05 8.4561513e-24)
(3.1318958e-05 8.4764352e-05 -3.0596163e-25)
(4.0911904e-05 0.00010182659 1.261391e-23)
(5.355765e-05 0.00012165765 -2.7242686e-23)
(7.0251986e-05 0.0001445636 1.6303112e-23)
(9.2291262e-05 0.00017082623 -9.0648791e-27)
(0.00012134047 0.00020067517 -1.0701301e-26)
(0.00015950234 0.00023425226 8.9726977e-24)
(0.00020937815 0.00027156928 5.0450262e-20)
(0.00027410615 0.00031246194 -3.9054314e-20)
(0.00035735942 0.00035654564 0)
(0.00046328264 0.00040318124 -3.6395472e-23)
(0.00059634932 0.00045146087 0)
(0.0007611297 0.0005002235 6.3332336e-23)
(0.00096197504 0.00054810683 2.8004986e-23)
(0.001202645 0.00059363492 -7.68198e-23)
(0.0014859252 0.00063533219 4.7707491e-23)
(0.001813294 0.00067184646 -3.8548599e-23)
(0.0021846985 0.00070205737 1.0358449e-22)
(0.0025984549 0.00072517048 -6.3825509e-23)
(0.0030514347 0.00074076384 -4.1330845e-22)
(0.0035390846 0.00074874406 -4.375307e-22)
(0.0040564107 0.00074915809 -4.4910034e-22)
(0.004595838 0.00074282747 -6.9000341e-23)
(0.005156336 0.00072937008 9.6301174e-22)
(0.005715324 0.00071129799 -9.9063148e-23)
(0.006313549 0.00069375132 1.1471898e-21)
(2.8462456e-07 1.0385027e-06 7.1351699e-25)
(9.1861428e-07 3.3154367e-06 0)
(1.692014e-06 6.0384788e-06 0)
(2.6397477e-06 9.292932e-06 1.7730489e-24)
(3.8042425e-06 1.3180132e-05 -2.1205936e-24)
(5.2404232e-06 1.7819293e-05 2.5253288e-24)
(7.0191537e-06 2.3350251e-05 -6.0004831e-24)
(9.2322039e-06 2.9936301e-05 3.5883823e-24)
(1.1999067e-05 3.7766998e-05 4.2472674e-24)
(1.5476101e-05 4.7060787e-05 -2.0476486e-26)
(1.9868682e-05 5.8067135e-05 -5.9627428e-24)
(2.5447296e-05 7.106773e-05 0)
(3.256862e-05 8.6376096e-05 0)
(4.1702835e-05 0.00010433479 9.4631676e-24)
(5.3468361e-05 0.00012530906 -1.168605e-23)
(6.8675065e-05 0.00014967564 3.1191334e-24)
(8.8376384e-05 0.00017780519 -1.044052e-23)
(0.00011392966 0.00021003678 -3.6375372e-24)
(0.00014706201 0.00024664346 1.2844694e-23)
(0.00018993618 0.00028778842 -2.6587311e-23)
(0.00024520685 0.00033347319 3.7963721e-23)
(0.00031605365 0.00038348155 3.7424854e-23)
(0.0004061729 0.00043732614 -3.8332658e-23)
(0.00051970866 0.00049420754 3.6435193e-23)
(0.00066110587 0.00055299833 0)
(0.00083487722 0.00061226361 -3.62201e-25)
(0.0010452911 0.00067032578 5.6320215e-23)
(0.001296008 0.00072537255 -5.4065826e-23)
(0.0015897111 0.00077559624 -4.4536474e-23)
(0.0019277909 0.00081934304 4.2505833e-23)
(0.0023101344 0.00085524221 0)
(0.0027350324 0.0008823243 0)
(0.0031993989 0.00090008625 3.0563521e-24)
(0.0036987892 0.00090839964 -4.4089775e-22)
(0.0042283396 0.00090732058 8.6592995e-23)
(0.004780643 0.00089784343 0)
(0.0053552151 0.00087932166 -1.0349005e-22)
(0.0059275838 0.00085561118 -1.2279378e-21)
(0.0065477739 0.00082939175 -2.4870109e-21)
(4.1050412e-07 1.234995e-06 0)
(1.3207367e-06 3.9426148e-06 0)
(2.4250392e-06 7.1804829e-06 -1.4023904e-27)
(3.7689639e-06 1.1049916e-05 1.7139176e-24)
(5.4077044e-06 1.5671203e-05 -2.0619613e-24)
(7.4113278e-06 2.1185802e-05 0)
(9.8686562e-06 2.7759565e-05 -1.1407725e-26)
(1.2892703e-05 3.5586047e-05 6.6791538e-21)
(1.6628012e-05 4.4889774e-05 -8.4407804e-21)
(2.1260357e-05 5.5929267e-05 0)
(2.7029491e-05 6.8999452e-05 0)
(3.4245818e-05 8.4432916e-05 1.3306251e-23)
(4.3312006e-05 0.00010259924 -1.5919615e-23)
(5.4750693e-05 0.0001239014 -5.7526719e-25)
(6.9239373e-05 0.00014876793 1.3264684e-24)
(8.765335e-05 0.00017763927 -1.5190211e-24)
(0.000111117 0.00021094648 -3.4241047e-24)
(0.00014106238 0.00024908074 0)
(0.00017929234 0.00029235211 3.0992749e-20)
(0.00022804217 0.00034093757 -4.9261261e-20)
(0.00029003048 0.00039481984 0)
(0.00036848534 0.00045372171 0)
(0.00046712877 0.00051704389 0)
(0.00059010077 0.00058381845 3.6033255e-23)
(0.00074180763 0.00065269192 0)
(0.00092668789 0.00072195178 -2.7600106e-20)
(0.001148905 0.00078960471 7.2789219e-20)
(0.0014119945 0.00085350507 0)
(0.0017185119 0.00091151907 -8.9713726e-23)
(0.0020697377 0.00096169838 8.5769118e-23)
(0.0024654822 0.0010024266 0)
(0.0029039974 0.0010325652 3.7383327e-22)
(0.0033822457 0.0010515443 4.3890525e-22)
(0.0038959077 0.0010591928 7.4207741e-22)
(0.004440265 0.0010555726 1.3224994e-21)
(0.0050081053 0.0010418495 -1.2377944e-22)
(0.0055995196 0.0010169991 7.8812402e-22)
(0.00618793 0.00098669557 1.9066777e-21)
(0.0068337959 0.00094892758 -1.4324e-22)
(5.6466234e-07 1.4304878e-06 1.3377042e-24)
(1.8131607e-06 4.5665324e-06 0)
(3.3226022e-06 8.316389e-06 2.7829245e-24)
(5.1515187e-06 1.2797232e-05 -6.6526967e-24)
(7.3706823e-06 1.8148083e-05 7.9601818e-24)
(1.0068625e-05 2.4532357e-05 -4.7348256e-24)
(1.3356045e-05 3.2141534e-05 0)
(1.737181e-05 4.1198917e-05 6.8908288e-21)
(2.229091e-05 5.1963315e-05 -7.738956e-21)
(2.8334823e-05 6.4732413e-05 9.5049185e-24)
(3.5784954e-05 7.9845376e-05 -1.1189902e-23)
(4.4999977e-05 9.768407e-05 -1.2884655e-23)
(5.6438047e-05 0.000118672 3.1216608e-23)
(7.0684926e-05 0.00014326978 9.631457e-25)
(8.8488968e-05 0.00017196563 -4.3834065e-23)
(0.00011080368 0.00020525907 2.2242344e-23)
(0.00013883785 0.00024363588 -2.6407257e-23)
(0.000174112 0.00028753227 7.8748151e-24)
(0.00021851796 0.00033728702 4.3491036e-20)
(0.00027437559 0.00039308137 -3.2323712e-20)
(0.00034447683 0.0004548688 0)
(0.00043210396 0.00052230031 -4.3310253e-25)
(0.00054100526 0.00059465445 -1.100036e-22)
(0.0006753111 0.0006707861 -1.0435863e-22)
(0.00083937672 0.00074910987 1.3800477e-22)
(0.0010375475 0.00082763353 -7.2740546e-20)
(0.0012738573 0.00090405046 2.4202855e-20)
(0.0015516894 0.00097588857 -2.0893564e-22)
(0.0018734437 0.0010406986 0)
(0.0022402681 0.0010962496 7.9099159e-23)
(0.0026518772 0.0011406866 -4.3029977e-22)
(0.003106465 0.0011727103 -4.3487606e-22)
(0.0036010459 0.0011917095 4.2645343e-22)
(0.0041314383 0.0011974577 0)
(0.0046930742 0.0011900217 -1.5508442e-22)
(0.0052789562 0.0011707362 1.8243012e-23)
(0.0058897253 0.0011380837 -7.7437637e-22)
(0.0064965968 0.0011000661 7.0630079e-20)
(0.0071711003 0.0010474678 7.557545e-19)
(7.495354e-07 1.6227055e-06 2.5862175e-24)
(2.4036489e-06 5.1799147e-06 -2.250346e-24)
(4.3988113e-06 9.4329221e-06 0)
(6.8090701e-06 1.4514408e-05 3.1464583e-27)
(9.7238028e-06 2.0581664e-05 -7.5151103e-27)
(1.3253574e-05 2.7819484e-05 -1.7892429e-26)
(1.7535159e-05 3.6444246e-05 0)
(2.2738206e-05 4.6708074e-05 -5.0733387e-26)
(2.9073895e-05 5.8902883e-05 -6.0388e-26)
(3.680608e-05 7.3364013e-05 9.118596e-24)
(4.6265494e-05 9.0472948e-05 -2.1588161e-23)
(5.7867849e-05 0.00011065839 1.2739776e-23)
(7.2136687e-05 0.00013439465 -2.4408948e-27)
(8.973191e-05 0.00016219603 -1.669298e-23)
(0.0001114848 0.00019460551 2.2585047e-23)
(0.00013843997 0.00023217559 -1.8432485e-23)
(0.00017190404 0.00027543929 2.601571e-23)
(0.00021349935 0.000324869 -4.8161636e-26)
(0.00026521938 0.00038082191 3.116833e-23)
(0.00032947934 0.000443472 1.5628677e-23)
(0.00040915252 0.00051273129 -1.9949072e-24)
(0.00050757907 0.00058816673 -3.7448601e-23)
(0.00062853178 0.00066892361 3.6181096e-23)
(0.0007761231 0.00075367093 7.1328225e-23)
(0.000954642 0.00084058653 6.5470556e-23)
(0.0011683189 0.00092739865 -6.5267782e-23)
(0.0014210311 0.0010114932 -2.2837145e-22)
(0.0017159799 0.0010900832 2.1881684e-22)
(0.00205538 0.0011604201 9.7762191e-23)
(0.0024402229 0.001220008 -3.2811544e-22)
(0.0028701067 0.0012667621 2.9053989e-22)
(0.0033431406 0.0012992343 6.1688413e-22)
(0.0038563898 0.0013168099 -6.5186502e-22)
(0.0044058193 0.0013191902 -6.3579069e-22)
(0.0049870045 0.0013064498 -6.3448676e-22)
(0.0055931708 0.0012800894 -8.1329093e-22)
(0.0062254237 0.0012379962 -2.4419562e-22)
(0.0068527986 0.0011910083 -8.2840168e-19)
(0.0075579131 0.0011200249 -3.5964681e-20)
(9.6757557e-07 1.8087637e-06 1.2488424e-24)
(3.1000118e-06 5.7735454e-06 -1.063615e-27)
(5.6678531e-06 1.0513275e-05 -2.5965726e-24)
(8.7633815e-06 1.6175542e-05 3.1044946e-24)
(1.2497816e-05 2.2935147e-05 -3.704626e-24)
(1.7007561e-05 3.0997332e-05 8.8560856e-24)
(2.2459941e-05 4.0602225e-05 -5.2781217e-24)
(2.9060603e-05 5.2029342e-05 6.2863317e-24)
(3.7062998e-05 6.5601931e-05 -1.489588e-23)
(4.6780365e-05 8.1690785e-05 8.7747167e-24)
(5.86008e-05 0.00010071696 0)
(7.3006165e-05 0.00012315258 0)
(9.0595591e-05 0.00014951854 -4.5030759e-25)
(0.00011211438 0.00018037763 1.664234e-23)
(0.00013848889 0.00021632114 -2.0641431e-23)
(0.00017086768 0.00025794685 -2.7743481e-24)
(0.00021066823 0.00030582577 0)
(0.00025962741 0.00036045569 4.8332409e-23)
(0.0003198518 0.00042219998 -6.188838e-23)
(0.00039386125 0.00049121202 0)
(0.00048461618 0.00056734849 6.8371298e-23)
(0.00059551574 0.00065007896 -1.0795247e-22)
(0.00073035242 0.0007384039 -3.5950646e-23)
(0.00089320925 0.00083079825 -1.0127253e-24)
(0.0010882905 0.00092519992 -4.2513002e-24)
(0.0013196868 0.0010190607 5.7572252e-23)
(0.0015910894 0.0011094691 -3.4511624e-22)
(0.0019054853 0.0011933398 2.3096006e-24)
(0.0022648725 0.0012676482 -9.7665566e-23)
(0.0026700634 0.0013296588 6.6057574e-22)
(0.0031205148 0.00137707 -1.3841416e-22)
(0.0036142191 0.0014082915 -3.7301103e-22)
(0.0041482734 0.0014227548 -8.5839803e-22)
(0.0047188055 0.0014200864 1.2093973e-23)
(0.0053215095 0.0014003686 1.2553247e-21)
(0.0059498246 0.0013652646 -2.3585993e-22)
(0.006605171 0.0013119949 -1.7563441e-21)
(0.0072545712 0.0012547055 5.5830662e-22)
(0.0079910754 0.0011617179 -2.5615359e-21)
(1.2211376e-06 1.9850534e-06 -1.2032139e-24)
(3.9097452e-06 6.3358985e-06 2.0954263e-24)
(7.1433327e-06 1.1536442e-05 -2.5026458e-24)
(1.1035307e-05 1.7748283e-05 2.9922808e-24)
(1.5722159e-05 2.5162609e-05 -3.5703834e-24)
(2.1370157e-05 3.4003754e-05 8.5268574e-24)
(2.8181887e-05 4.4533932e-05 -5.0672348e-24)
(3.6404489e-05 5.7058031e-05 0)
(4.6340038e-05 7.1928158e-05 0)
(5.8358459e-05 8.9547532e-05 8.3523351e-24)
(7.2913528e-05 0.00011037309 -1.0074143e-23)
(9.0562613e-05 0.00013491587 -3.6768438e-25)
(0.00011199082 0.00016373785 0)
(0.00013804015 0.00019744365 -1.0123979e-24)
(0.00016974412 0.00023666497 -1.1593528e-24)
(0.00020836769 0.00028203533 2.655489e-24)
(0.00025545156 0.0003341527 -3.006779e-24)
(0.00031285871 0.00039352764 0)
(0.00038281869 0.00046051564 0)
(0.0004679631 0.00053523453 0)
(0.00057134255 0.00061747057 -1.6776196e-23)
(0.00069641305 0.00070658193 1.09655e-24)
(0.00084697842 0.0008014129 7.1565357e-23)
(0.001027077 0.00090023752 6.9366927e-23)
(0.0012408064 0.001000753 -3.2693655e-22)
(0.0014920893 0.0011001416 1.2822094e-22)
(0.0017843988 0.0011952091 2.3116604e-22)
(0.002120473 0.0012825945 3.6696073e-24)
(0.0025020591 0.0013590278 1.8935984e-22)
(0.0029297699 0.0014215721 1.6658539e-22)
(0.0034028934 0.0014677312 0)
(0.0039192747 0.0014957368 6.157935e-22)
(0.0044759662 0.0015051505 1.6145995e-21)
(0.0050693297 0.0014955997 1.4435251e-23)
(0.0056951207 0.0014671 -2.532161e-21)
(0.0063469489 0.0014214885 1.0878735e-21)
(0.0070263416 0.0013553023 1.8184641e-21)
(0.007698618 0.0012864031 1.2241263e-21)
(0.0084659402 0.0011681142 2.3035264e-21)
(1.5123267e-06 2.1471397e-06 -2.3136777e-24)
(4.839546e-06 6.8528165e-06 4.0303686e-24)
(8.8373919e-06 1.2476633e-05 4.8109494e-24)
(1.3643435e-05 1.9192936e-05 -5.7550059e-24)
(1.9423027e-05 2.7207741e-05 0)
(2.6376513e-05 3.6762599e-05 0)
(3.4746646e-05 4.8139552e-05 -3.8137461e-26)
(4.4827758e-05 6.1666129e-05 0)
(5.6977114e-05 7.7719996e-05 -5.3588769e-26)
(7.1628831e-05 9.6732822e-05 1.2838918e-25)
(8.9310846e-05 0.00011919263 -1.4998989e-25)
(0.0001106655 0.00014564362 1.1022575e-20)
(0.00013647426 0.00017668197 -1.6020615e-20)
(0.00016768702 0.00021294595 -3.1855928e-23)
(0.00020545614 0.00025509798 4.2411597e-25)
(0.00025117476 0.00030379612 3.8846263e-23)
(0.00030651815 0.00035965241 2.9328247e-24)
(0.0003734854 0.00042317577 5.8166126e-23)
(0.00045443683 0.00049469821 -1.2200253e-22)
(0.00055212012 0.00057428579 1.2412034e-22)
(0.00066967587 0.00066163859 -5.0120838e-23)
(0.00081061096 0.00075598944 -1.3452352e-22)
(0.00097872802 0.00085601618 1.3778462e-22)
(0.0011780013 0.00095978725 0)
(0.0014123958 0.0010647621 2.5790826e-22)
(0.0016856351 0.0011678647 -2.4755763e-22)
(0.002000939 0.0012656384 0)
(0.0023607606 0.0013544748 -9.513917e-23)
(0.0027665563 0.0014308959 -4.634763e-22)
(0.0032187177 0.0014918104 -5.017842e-22)
(0.0037163238 0.0015345662 0)
(0.0042569729 0.0015569279 -1.1610108e-23)
(0.0048378301 0.0015593254 -8.706767e-22)
(0.005455349 0.0015410439 1.7005842e-23)
(0.0061053069 0.0015018895 2.2242722e-21)
(0.0067813934 0.0014439909 2.8907774e-22)
(0.0074849894 0.0013632601 0)
(0.0081801209 0.0012815907 -2.8904782e-23)
(0.0089759128 0.001135316 0)
(1.8427806e-06 2.2896622e-06 -2.220188e-24)
(5.8946411e-06 7.3071771e-06 1.871772e-27)
(1.0759478e-05 1.3302684e-05 4.6174822e-24)
(1.6602199e-05 2.0461556e-05 -5.5290394e-24)
(2.3620714e-05 2.9002571e-05 -6.3860403e-27)
(3.2053771e-05 3.9182016e-05 -7.851322e-24)
(4.2189328e-05 5.1298795e-05 9.3979918e-24)
(5.437473e-05 6.5699521e-05 0)
(6.9029107e-05 8.2783169e-05 -1.3152397e-23)
(8.6658343e-05 0.00010300479 1.5716044e-23)
(0.00010787304 0.00012687747 1.4563591e-25)
(0.00013340992 0.0001549714 1.2577078e-20)
(0.00016415699 0.00018790857 -1.1929091e-20)
(0.00020118282 0.00022635103 9.3674815e-25)
(0.00024576963 0.00027098051 2.1510966e-24)
(0.00029944953 0.00032246659 0)
(0.00036404218 0.00038142078 0)
(0.00044169085 0.00044833437 -1.2536516e-23)
(0.00053489175 0.00052349906 -6.7243161e-24)
(0.00064650979 0.00060691222 0)
(0.00077977143 0.00069817196 0)
(0.00093822415 0.00079637284 3.3205264e-23)
(0.0011256523 0.00090001812 -6.7252032e-23)
(0.0013459422 0.0010069694 0)
(0.0016028962 0.001114456 -1.2396152e-22)
(0.0019000047 0.001219161 3.6396377e-22)
(0.0022401983 0.0013173922 1.078666e-22)
(0.0026256076 0.0014053267 2.9969725e-22)
(0.0030573549 0.0014793184 3.6852553e-22)
(0.0035355671 0.0015361444 0)
(0.0040590184 0.001572953 0)
(0.0046251569 0.0015886019 -7.3545619e-22)
(0.0052320962 0.0015812052 4.3030544e-22)
(0.0058737371 0.0015518116 -1.7623345e-22)
(0.0065483539 0.001500055 -1.2682476e-21)
(0.0072487071 0.0014281685 0)
(0.0079757492 0.0013315111 0)
(0.0086926985 0.0012361739 -1.5950634e-21)
(0.0095127121 0.0010600135 0)
(2.2134226e-06 2.4063027e-06 -9.1720671e-30)
(7.0780062e-06 7.6787518e-06 -1.8162133e-27)
(1.2914909e-05 1.3977807e-05 0)
(1.9919672e-05 2.1497562e-05 5.1898575e-27)
(2.8326469e-05 3.0466913e-05 6.1968105e-27)
(3.8416815e-05 4.115371e-05 1.4519517e-26)
(5.0528936e-05 5.3869927e-05 0)
(6.5069007e-05 6.897676e-05 0)
(8.2524655e-05 8.6889164e-05 4.8862915e-26)
(0.00010348102 0.00010807927 -7.1880408e-21)
(0.00012863969 0.00013307779 7.004536e-21)
(0.00015884084 0.00016247227 -2.089831e-23)
(0.00019508876 0.00019690038 2.3919884e-23)
(0.00023858075 0.00023703638 -2.8588116e-23)
(0.00029073888 0.00028356808 -2.0553064e-24)
(0.00035324361 0.0003371618 -3.7502785e-23)
(0.00042806698 0.00039841232 8.5783156e-23)
(0.00051750196 0.00046777604 5.108324e-24)
(0.00062418276 0.00054548677 -1.0585415e-22)
(0.00075108888 0.00063145622 5.8334605e-23)
(0.00090152427 0.00072516576 -3.0024665e-23)
(0.001079062 0.00082556083 1.895118e-22)
(0.0012874462 0.0009309655 -5.3875712e-24)
(0.0015304468 0.0010390384 -2.5582276e-22)
(0.00181167 0.0011467925 1.2722162e-22)
(0.0021343366 0.0012506958 -2.3404816e-22)
(0.002501052 0.0013468564 0)
(0.0029135987 0.0014312821 -5.8869876e-22)
(0.00337277 0.0015002098 1.8677846e-22)
(0.0038785543 0.0015503417 -3.1212261e-22)
(0.0044291615 0.0015790593 -2.6686748e-22)
(0.0050203555 0.0015848416 7.3551089e-22)
(0.0056519387 0.0015655762 -2.0033486e-22)
(0.0063203084 0.0015232469 1.2710246e-21)
(0.0070193018 0.0014571302 -3.3156048e-22)
(0.0077430479 0.0013697756 -1.0341276e-21)
(0.0084917807 0.0012562187 1.7271922e-21)
(0.0092284467 0.001146728 0)
(0.010066796 0.00093981144 0)
(2.624148e-06 2.4896833e-06 -4.9756484e-28)
(8.3891894e-06 7.9440641e-06 3.5070393e-24)
(1.5302844e-05 1.4459253e-05 -8.3915845e-24)
(2.3594435e-05 2.2235247e-05 5.0227616e-24)
(3.3538085e-05 3.1507713e-05 5.7707632e-27)
(4.5462357e-05 4.2552082e-05 -7.1438038e-24)
(5.9760682e-05 5.568869e-05 8.5019189e-24)
(7.6903718e-05 7.1287756e-05 0)
(9.7454001e-05 8.9773667e-05 -4.7425844e-26)
(0.00012208309 0.00011162796 -6.339345e-21)
(0.00015159145 0.00013739009 9.0576214e-21)
(0.00018693122 0.00016765458 -1.986653e-23)
(0.00022923185 0.00020306297 -2.2725509e-23)
(0.00027982837 0.00024428829 2.6350002e-23)
(0.00034029132 0.00029200948 1.9540786e-24)
(0.00041245702 0.00034687315 0)
(0.00049845545 0.00040943979 4.2987141e-23)
(0.00060073197 0.00048011288 -4.6283014e-23)
(0.00072205732 0.0005590505 1.2815253e-23)
(0.00086551887 0.00064606259 1.3529671e-23)
(0.0010344851 0.00074050092 -2.9652372e-23)
(0.0012325346 0.00084115447 2.9969367e-23)
(0.0014633447 0.00094616839 1.2147326e-22)
(0.0017305359 0.0010530087 -1.2635754e-22)
(0.0020374804 0.0011584944 0)
(0.0023870883 0.0012589133 1.1535719e-22)
(0.0027815961 0.0013502238 2.073748e-22)
(0.0032223852 0.0014283271 1.9660302e-22)
(0.0037098395 0.001489389 0)
(0.0042432428 0.0015300395 3.15438e-22)
(0.004820084 0.0015476475 -5.3462506e-22)
(0.005439457 0.0015403252 -7.1153508e-22)
(0.0060974752 0.0015084315 1.0261447e-21)
(0.0067898994 0.0014509087 0)
(0.007511833 0.001368972 -2.8674941e-22)
(0.0082571122 0.0012651403 1.3276995e-21)
(0.0090247471 0.001134325 -1.7537162e-21)
(0.0097779489 0.0010108269 0)
(0.010627306 0.00077377902 0)
(3.0734705e-06 2.5315426e-06 0)
(9.8234097e-06 8.0767734e-06 0)
(1.791451e-05 1.4699108e-05 0)
(2.7612863e-05 2.2600981e-05 -4.6902916e-27)
(3.9236031e-05 3.2020719e-05 -5.5996992e-27)
(5.3163657e-05 4.3236474e-05 0)
(6.9849007e-05 5.6571215e-05 8.0412612e-24)
(8.9832497e-05 7.2397455e-05 -9.5801897e-24)
(0.00011375749 9.114115e-05 -1.1369402e-23)
(0.00014238852 0.00011328411 1.3485338e-23)
(0.00017663204 0.00013936395 0)
(0.00021755968 0.00016997012 -1.833939e-23)
(0.00026643378 0.00020573438 2.1683866e-23)
(0.00032473455 0.00024731326 8.0994036e-25)
(0.00039418771 0.0002953601 -2.9423043e-23)
(0.00047679067 0.00035048389 3.4240724e-23)
(0.00057483421 0.00041319224 -2.4503941e-24)
(0.00069091541 0.00048381719 -5.3210349e-24)
(0.00082793626 0.00056242396 5.8848811e-24)
(0.00098908104 0.00064870639 -4.6175166e-25)
(0.0011777651 0.00074187711 0)
(0.0013975482 0.00084056612 -5.6122637e-20)
(0.0016520093 0.00094274655 2.0075461e-20)
(0.0019445827 0.00104571 0)
(0.0022783663 0.0011461126 0)
(0.0026559173 0.0012401062 -7.4525058e-25)
(0.0030790612 0.0013235535 -1.1442923e-22)
(0.0035487366 0.0013923111 1.8025112e-22)
(0.0040648874 0.0014425445 -1.7634765e-22)
(0.0046263956 0.0014709738 -9.1633181e-20)
(0.0052310989 0.0014750628 -7.2656483e-21)
(0.0058766244 0.0014530615 2.2035573e-22)
(0.0065593186 0.0014049619 -1.031171e-21)
(0.0072748747 0.0013310684 9.9974608e-22)
(0.0080179656 0.0012322676 -3.7181107e-23)
(0.0087820925 0.0011114808 -7.4121451e-22)
(0.0095648571 0.00096383059 5.1335207e-23)
(0.010330373 0.00082731925 3.9167144e-22)
(0.011182185 0.00056262678 0)
(3.5579399e-06 2.5227192e-06 1.7904354e-24)
(1.1369634e-05 8.0476764e-06 -3.1116116e-24)
(2.0729774e-05 1.464427e-05 3.7257043e-24)
(3.1943902e-05 2.25132e-05 4.442886e-24)
(4.537614e-05 3.1890514e-05 -7.5652819e-27)
(6.1460804e-05 4.3051271e-05 -6.3404698e-24)
(8.0715098e-05 5.6314246e-05 0)
(0.00010375381 7.2046274e-05 -8.9514316e-24)
(0.00013130629 9.0665616e-05 1.0676053e-23)
(0.00016423566 0.00011264367 0)
(0.00020356036 0.00013850398 1.4847427e-23)
(0.00025047769 0.00016881711 -1.7887968e-23)
(0.0003063889 0.00020418955 -1.9813548e-23)
(0.0003729249 0.00024524438 2.4833107e-23)
(0.00045197096 0.0002925911 2.6680271e-23)
(0.00054568803 0.00034678203 -6.1811154e-23)
(0.00065652725 0.0004082528 3.6598393e-23)
(0.00078723313 0.00047724586 1.0166062e-23)
(0.00094082959 0.00055371782 -5.0296734e-23)
(0.0011205824 0.00063723494 -5.9480903e-23)
(0.0013299319 0.0007268657 1.0680286e-22)
(0.0015723904 0.00082108493 -2.2800504e-20)
(0.0018514039 0.0009177087 6.3369872e-20)
(0.0021701815 0.0010138822 -1.0926326e-22)
(0.0025315055 0.0011061404 1.1247376e-22)
(0.0029375402 0.0011905538 7.5904546e-20)
(0.0033896637 0.0012629551 -1.5057588e-20)
(0.0038883434 0.001319226 1.7383276e-22)
(0.0044330665 0.0013556056 0)
(0.0050223265 0.0013689453 1.619413e-21)
(0.0056537333 0.0013568766 9.6313071e-20)
(0.0063243685 0.0013180559 0)
(0.0070303458 0.0012524771 -9.3297231e-22)
(0.0077669269 0.0011609305 -1.8935242e-22)
(0.0085284233 0.0010446955 7.9883155e-22)
(0.0093077986 0.00090717172 0)
(0.010101001 0.00074406227 0)
(0.010873677 0.00059657669 2.9926344e-22)
(0.011718537 0.00030884044 1.3329869e-21)
(4.0721005e-06 2.4537461e-06 1.6628995e-24)
(1.3010407e-05 7.8265966e-06 -2.8969735e-24)
(2.3716776e-05 1.4239872e-05 -3.4601073e-24)
(3.6538397e-05 2.1887638e-05 8.2724491e-24)
(5.1888492e-05 3.0997874e-05 -9.8724805e-24)
(7.0258945e-05 4.1835749e-05 1.745774e-26)
(9.2234158e-05 5.4707896e-05 1.4021332e-23)
(0.00011850693 6.9966227e-05 -1.6674761e-23)
(0.00014989655 8.8010621e-05 9.9614569e-24)
(0.00018736894 0.00010928981 1.1597303e-23)
(0.00023205885 0.00013429937 -1.3893697e-23)
(0.00028529347 0.00016357536 0)
(0.00034861678 0.00019768181 -3.052502e-25)
(0.00042381331 0.0002371897 -7.1186151e-25)
(0.00051292931 0.00028264508 2.560447e-23)
(0.00061828846 0.00033452359 -3.3568863e-23)
(0.00074249835 0.00039316957 -2.6050384e-20)
(0.00088844279 0.00045871864 2.1942296e-20)
(0.0010592544 0.00053100546 0)
(0.0012582614 0.00060946142 -4.0992436e-20)
(0.0014889035 0.00069301214 2.7604418e-20)
(0.0017546138 0.00077998948 -1.0477002e-22)
(0.002058669 0.00086807776 -1.0277789e-22)
(0.0024040134 0.00095431546 1.0802236e-22)
(0.0027930742 0.0010351709 5.5429121e-23)
(0.003227586 0.001106701 1.9601021e-20)
(0.0037084485 0.0011647868 -8.0567342e-20)
(0.0042356357 0.0012054217 -1.7442663e-22)
(0.0048081628 0.0012250121 1.4747662e-22)
(0.0054241106 0.0012206344 4.0306357e-22)
(0.0060807323 0.0011902163 -4.9926734e-22)
(0.0067746325 0.0011327651 -2.0207299e-22)
(0.007501549 0.001048507 1.8396172e-21)
(0.0082562758 0.0009386782 -7.8119278e-22)
(0.0090325987 0.00080517801 -7.2482623e-23)
(0.0098227931 0.00065201476 8.896349e-22)
(0.010620969 0.00047592293 0)
(0.011394914 0.00032070189 0)
(0.01222306 1.6803075e-05 -1.6411731e-21)
(4.6071086e-06 2.3146696e-06 -1.5289587e-24)
(1.4717523e-05 7.3818252e-06 -6.6805968e-28)
(2.6824193e-05 1.3428298e-05 3.1807299e-24)
(4.1317447e-05 2.0635868e-05 -3.8071599e-24)
(5.8661315e-05 2.9217792e-05 -4.5548444e-27)
(7.9407169e-05 3.9421556e-05 0)
(0.00010420874 5.1532581e-05 0)
(0.00013383913 6.5877343e-05 7.6403238e-24)
(0.00016920999 8.2825268e-05 -1.8142572e-23)
(0.0002113925 0.00010278867 1.0882979e-23)
(0.00026164 0.00012621969 9.5961209e-26)
(0.00032141146 0.00015360275 0)
(0.00039239474 0.00018544073 0)
(0.00047652791 0.00022223273 0)
(0.00057601632 0.00026444094 7.1412729e-25)
(0.0006933419 0.00031244438 3.3917446e-24)
(0.00083126079 0.00036647769 -1.9496075e-20)
(0.00099278393 0.00042655462 3.0186298e-20)
(0.0011811354 0.00049237812 0)
(0.001399683 0.00056324274 -2.5813988e-20)
(0.0016518376 0.00063793949 4.6088655e-20)
(0.00194092 0.00071467843 0)
(0.0022700007 0.00079104833 -2.3366632e-23)
(0.0026417222 0.00086403334 0)
(0.003058121 0.00093010329 -4.9389576e-23)
(0.0035204712 0.00098538355 -8.7795892e-23)
(0.0040291706 0.0010258956 -8.8956676e-23)
(0.0045836829 0.0010478422 -3.0432491e-22)
(0.0051825373 0.0010478987 1.240031e-23)
(0.0058233752 0.0010234642 -8.3050486e-24)
(0.0065030379 0.00097284795 -1.2001901e-22)
(0.0072176524 0.00089545807 3.8153472e-22)
(0.0079624902 0.00079190217 -7.1852743e-22)
(0.0087318067 0.00066393613 6.1957369e-22)
(0.009518701 0.00051421558 -8.3279754e-23)
(0.010314628 0.00034751762 -1.7309165e-21)
(0.011111773 0.00016210495 1.031441e-21)
(0.011880638 3.6609818e-06 1.5729852e-21)
(0.012682529 -0.00030718684 0)
(5.1523754e-06 2.0968138e-06 -3.5045505e-28)
(1.6457108e-05 6.6857256e-06 -2.4073518e-24)
(2.9990209e-05 1.2159333e-05 2.8810726e-24)
(4.6185707e-05 1.8680833e-05 3.4375898e-24)
(6.5559034e-05 2.6441349e-05 -1.1064784e-26)
(8.8721645e-05 3.5662034e-05 -4.9024131e-24)
(0.00011639714 4.6597045e-05 0)
(0.00014943939 5.9535827e-05 0)
(0.00018885262 7.4804073e-05 -6.4052305e-26)
(0.00023581316 9.2762651e-05 0)
(0.00029169228 0.00011380344 -9.3152335e-26)
(0.00035807933 0.00013834071 0)
(0.00043680346 0.00016679627 0)
(0.00052995224 0.00019957641 0)
(0.00063988395 0.00023703833 -1.333412e-24)
(0.00076923008 0.00027944421 -2.6703095e-23)
(0.00092088335 0.00032690138 5.8683293e-25)
(0.0010979661 0.00037928864 2.7794242e-23)
(0.0013037737 0.00043617152 -4.1700899e-24)
(0.0015416891 0.00049671218 0)
(0.0018150654 0.00055958473 0)
(0.0021270793 0.00062291086 0)
(0.002480562 0.00068423421 1.3045503e-22)
(0.0028778216 0.00074055212 -1.7790163e-22)
(0.0033204757 0.0007884188 4.8559131e-23)
(0.0038093165 0.00082412333 6.3033293e-24)
(0.0043442262 0.00084393093 7.1113613e-24)
(0.0049241509 0.00084436066 1.5201396e-22)
(0.005547128 0.00082246257 0)
(0.0062103447 0.00077605731 0)
(0.0069102025 0.00070391855 1.9900526e-22)
(0.0076423409 0.00060593536 -3.8534558e-22)
(0.0084014996 0.00048321671 4.5550026e-22)
(0.0091813025 0.00033813353 -1.4748843e-22)
(0.00997403 0.00017420872 -9.8917062e-22)
(0.010770194 -2.8521385e-06 1.5976726e-21)
(0.01156007 -0.00019275596 -1.3987716e-21)
(0.012317414 -0.0003486922 -1.2901321e-22)
(0.0130844 -0.00065500368 -1.3971413e-22)
(5.6907237e-06 1.7915058e-06 -1.2275843e-24)
(1.81745e-05 5.7106881e-06 2.1381293e-24)
(3.3115591e-05 1.0382849e-05 0)
(5.099103e-05 1.5945675e-05 -2.4258642e-21)
(7.2366795e-05 2.2560023e-05 2.859236e-21)
(9.7913358e-05 3.0411249e-05 4.3498934e-24)
(0.00012842285 3.9711286e-05 0)
(0.00016482821 5.0699963e-05 -6.137318e-24)
(0.00020822408 6.3644922e-05 7.1577151e-26)
(0.00025988919 7.8839483e-05 8.6552225e-24)
(0.00032130922 9.6597454e-05 0)
(0.00039419923 0.00011724362 1.1922336e-23)
(0.00048052375 0.00014109828 -2.8069219e-23)
(0.00058251205 0.00016845408 3.271365e-23)
(0.00070266541 0.00019954307 -1.8191763e-23)
(0.00084375211 0.00023449255 7.1419598e-25)
(0.0010087855 0.00027326844 -2.4512108e-23)
(0.0012009797 0.00031560689 5.578792e-23)
(0.0014236783 0.00036093702 6.8098724e-24)
(0.0016802527 0.00040830105 -3.0451999e-23)
(0.0019739695 0.00045628253 0)
(0.0023078315 0.00050295729 0)
(0.0026844026 0.00054588427 -3.9226753e-23)
(0.0031056329 0.00058215277 -1.8593626e-23)
(0.0035727045 0.00060849695 4.5524442e-24)
(0.0040859201 0.00062147796 7.2564378e-23)
(0.0046446474 0.00061771989 -6.7082311e-23)
(0.0052473235 0.00059417341 6.8254961e-23)
(0.005891503 0.00054837345 -2.2559719e-22)
(0.0065739204 0.00047866165 1.1238169e-22)
(0.0072905292 0.00038436066 -2.9105136e-22)
(0.0080364718 0.00026592446 8.8207933e-23)
(0.0088059096 0.00012506108 -3.5952328e-23)
(0.0095917523 -3.5154194e-05 -2.3326898e-22)
(0.010385358 -0.0002102479 0)
(0.011176181 -0.00039346118 -7.6706285e-22)
(0.011952675 -0.00058201273 -5.5664336e-22)
(0.012692307 -0.00072876396 -1.4220982e-21)
(0.013417122 -0.0010170231 8.0743505e-22)
(6.207987e-06 1.3946927e-06 -5.3115688e-25)
(1.9824218e-05 4.4438599e-06 9.251434e-25)
(3.6117053e-05 8.0755941e-06 0)
(5.5604452e-05 1.2394896e-05 -2.1823933e-21)
(7.8900407e-05 1.7523941e-05 2.6480065e-21)
(0.0001067313 2.3602519e-05 1.8754183e-24)
(0.00013995399 3.0789066e-05 6.5953531e-23)
(0.00017957585 3.9260883e-05 -1.1270674e-22)
(0.0002267763 4.9212929e-05 -3.1395734e-24)
(0.00028292955 6.0854593e-05 7.4542676e-24)
(0.00034962737 7.4403558e-05 -4.4175888e-24)
(0.00042870058 9.0075618e-05 0)
(0.00052223718 0.00010806905 0)
(0.0006325942 0.00012854201 7.11249e-24)
(0.00076239971 0.00015158135 -8.5136676e-24)
(0.00091454039 0.00017716167 2.7152357e-25)
(0.0010921296 0.0002050941 6.1778808e-25)
(0.0012984508 0.00023496585 0)
(0.0015368721 0.00026607387 -2.8329205e-23)
(0.001810729 0.00029735911 2.9213184e-23)
(0.0021231785 0.00032735146 0)
(0.0024770289 0.0003541385 0)
(0.0028745612 0.00037537331 1.0362237e-23)
(0.0033173592 0.00038833487 2.5664334e-24)
(0.0038061706 0.00039004919 5.3437506e-23)
(0.0043408192 0.00037746938 -3.3788504e-23)
(0.0049201791 0.00034769996 0)
(0.0055422043 0.00029824038 0)
(0.0062039934 0.00022721855 1.615129e-22)
(0.0069018483 0.00013359241 3.6569653e-23)
(0.007631284 1.7314022e-05 -1.554157e-22)
(0.0083869458 -0.00012052269 1.4172147e-22)
(0.0091623911 -0.00027753575 -3.26307e-22)
(0.0099497614 -0.00044988314 6.5716993e-22)
(0.010739418 -0.00063211193 -2.7650501e-22)
(0.011519639 -0.00081636731 1.7056296e-22)
(0.012277128 -0.00099706372 3.2757463e-22)
(0.012992996 -0.0011277523 8.7962026e-23)
(0.013668472 -0.001382962 -4.4864216e-22)
(6.6727235e-06 9.0242762e-07 1.1680172e-28)
(2.1306523e-05 2.8726459e-06 -7.6488997e-25)
(3.8814112e-05 5.214672e-06 2.2619299e-27)
(5.9750288e-05 7.993343e-06 1.0931975e-24)
(8.4772261e-05 1.1283413e-05 0)
(0.00011465673 1.5168964e-05 -1.5496838e-24)
(0.00015031883 1.9743268e-05 5.3100053e-23)
(0.00019283281 2.510779e-05 -2.6049934e-23)
(0.00024345423 3.1369805e-05 -2.6125348e-24)
(0.00030364286 3.8638127e-05 5.4657044e-27)
(0.00037508517 4.7016218e-05 0)
(0.00045971475 5.6591745e-05 4.2517521e-24)
(0.00055972826 6.7421476e-05 -6.2867249e-26)
(0.00067759376 7.9510341e-05 -5.9297468e-24)
(0.00081604726 9.2783541e-05 0)
(0.00097807283 0.00010705092 -7.9336941e-24)
(0.001166861 0.00012196359 1.6786023e-23)
(0.0013857404 0.00013696424 -1.0062025e-23)
(0.001638079 0.00015123443 9.3460737e-24)
(0.0019271537 0.0001636452 -1.6936306e-23)
(0.0022559923 0.00017272018 0)
(0.0026271958 0.0001766232 0)
(0.0030427584 0.00017318329 -1.976212e-23)
(0.0035039045 0.00015996769 6.6193688e-23)
(0.0040109674 0.00013440743 1.9843306e-23)
(0.004563325 9.3970477e-05 -6.6466109e-23)
(0.0051594009 3.6367023e-05 3.9963961e-23)
(0.0057967161 -4.0235266e-05 -7.0656924e-23)
(0.0064719626 -0.00013700861 -1.5498702e-23)
(0.007181052 -0.00025428855 -7.9814372e-23)
(0.0079190918 -0.00039142117 7.6628171e-23)
(0.0086802504 -0.0005466128 -1.386052e-22)
(0.0094574849 -0.00071676051 5.6845568e-23)
(0.010242157 -0.00089723803 -1.159271e-22)
(0.011023604 -0.0010816699 -8.4280465e-23)
(0.01178883 -0.0012612171 0)
(0.012522752 -0.0014275922 4.3526011e-22)
(0.013208592 -0.0015370506 3.1813904e-22)
(0.013824273 -0.0017429183 2.6436998e-23)
(7.0775096e-06 3.2018055e-07 8.7056346e-26)
(2.259677e-05 1.0147152e-06 -1.5114053e-25)
(4.1160178e-05 1.8325857e-06 1.8088064e-25)
(6.335386e-05 2.7916077e-06 2.3513351e-28)
(8.9871588e-05 3.9111071e-06 0)
(0.00012153239 5.2102429e-06 -3.0627673e-25)
(0.00015930002 6.7065885e-06 1.7465319e-27)
(0.00020430417 8.413845e-06 4.3504226e-25)
(0.00025786291 1.033827e-05 5.1257449e-25)
(0.00032150549 1.247343e-05 -6.1608452e-25)
(0.0003969944 1.4792733e-05 0)
(0.00048634459 1.7239071e-05 0)
(0.00059183732 1.9710798e-05 0)
(0.00071602526 2.2043306e-05 -4.0115336e-26)
(0.00086172429 2.3985579e-05 0)
(0.0010319872 2.5171526e-05 0)
(0.0012300537 2.5086672e-05 3.66459e-24)
(0.001459272 2.3032018e-05 -3.9559292e-24)
(0.0017229889 1.8088677e-05 0)
(0.0020244075 9.0890205e-06 5.9679686e-24)
(0.0023664198 -5.3977753e-06 -5.1972091e-24)
(0.0027514235 -2.7056445e-05 0)
(0.0031811433 -5.7783421e-05 0)
(0.003656477 -9.9605098e-05 8.986784e-25)
(0.0041773922 -0.00015455539 2.8122678e-20)
(0.0047428847 -0.00022451899 -2.9180056e-20)
(0.0053510019 -0.00031105426 1.1463918e-23)
(0.0059989107 -0.00041521347 0)
(0.0066829719 -0.00053737563 1.1317964e-23)
(0.0073987721 -0.00067709662 4.3447396e-23)
(0.0081410644 -0.00083296758 1.3155636e-23)
(0.0089035838 -0.0010024601 -5.6792187e-23)
(0.0096787253 -0.0011817382 -1.127517e-23)
(0.010457116 -0.0013654283 0)
(0.011227139 -0.0015463906 0)
(0.011974583 -0.0017151353 0)
(0.012682835 -0.0018617414 -9.6244134e-23)
(0.013335204 -0.0019503692 -2.2466912e-23)
(0.013891983 -0.0020890819 1.2542717e-22)
(7.3725697e-06 -3.6264509e-07 -1.1570068e-25)
(2.3537794e-05 -1.1638537e-06 2.0152839e-25)
(4.2872177e-05 -2.1325068e-06 9.9013613e-22)
(6.5985094e-05 -3.3055686e-06 -1.188611e-21)
(9.3597539e-05 -4.7281876e-06 0)
(0.00012656015 -6.456566e-06 0)
(0.00016587316 -8.5607794e-06 -7.3551355e-28)
(0.00021270793 -1.1128426e-05 0)
(0.00026842958 -1.4269393e-05 2.0669034e-27)
(0.00033461978 -1.8121966e-05 0)
(0.00041309816 -2.2860581e-05 0)
(0.00050594042 -2.8705576e-05 6.7405685e-27)
(0.00061549011 -3.5935247e-05 0)
(0.00074436049 -4.4900468e-05 1.4666345e-24)
(0.0008954218 -5.6041852e-05 -1.8123536e-24)
(0.0010717688 -6.9909053e-05 9.6454164e-26)
(0.0012766635 -8.7181096e-05 9.2102824e-21)
(0.0015134477 -0.00010868566 -1.1013523e-20)
(0.0017854248 -0.00013541392 3.0642795e-24)
(0.0020957098 -0.00016852612 -3.1775869e-24)
(0.0024470561 -0.00020934199 6.3284525e-25)
(0.0028416722 -0.00025930934 0)
(0.0032810464 -0.0003199457 0)
(0.0037658049 -0.00039275052 -7.1418634e-24)
(0.0042956232 -0.00047909046 2.0153641e-20)
(0.0048692037 -0.00058006601 -2.1049688e-20)
(0.0054843152 -0.00069637123 0)
(0.0061378687 -0.00082815834 0)
(0.0068259858 -0.00097491273 0)
(0.0075440085 -0.0011353335 9.9824348e-24)
(0.0082864021 -0.0013072036 -2.3667799e-23)
(0.0090465272 -0.0014872308 -2.4270157e-23)
(0.0098162814 -0.0016708469 0)
(0.010585655 -0.001851989 0)
(0.01134225 -0.0020229406 -5.907888e-23)
(0.012070952 -0.0021739227 4.733818e-23)
(0.012754613 -0.0022950232 0)
(0.013376333 -0.0023658851 5.5393625e-23)
(0.013890386 -0.0024281566 0)
(7.5490976e-06 -1.1201252e-06 -1.2875788e-25)
(2.4099763e-05 -3.5803414e-06 2.2430431e-25)
(4.3892697e-05 -6.5300768e-06 5.4685808e-22)
(6.7550252e-05 -1.0066765e-05 -6.5122312e-22)
(9.5808384e-05 -1.430664e-05 0)
(0.00012953477 -1.9388862e-05 -2.5947116e-28)
(0.00016974885 -2.5479793e-05 7.3553147e-28)
(0.00021764334 -3.2778042e-05 0)
(0.00027460671 -4.1520369e-05 -2.0670057e-27)
(0.00034224555 -5.1988501e-05 0)
(0.0004224053 -6.4516869e-05 0)
(0.0005171873 -7.9501207e-05 -1.2405248e-27)
(0.00062895894 -9.7407837e-05 -1.4082995e-24)
(0.00076035333 -0.00011878328 1.7010497e-24)
(0.00091425364 -0.00014426347 4.0548839e-21)
(0.0010937571 -0.00017458157 -4.9190422e-21)
(0.001302113 -0.00021057263 5.0633239e-21)
(0.0015426313 -0.00025317294 -5.5223174e-21)
(0.0018185588 -0.00030341107 -2.8606448e-24)
(0.0021329254 -0.00036238735 1.2992026e-23)
(0.00248837 -0.00043123815 -7.7561903e-24)
(0.0028869574 -0.0005110825 9.2051515e-25)
(0.0033300111 -0.0006029501 0)
(0.0038179812 -0.00070769278 7.1532423e-24)
(0.0043503705 -0.00082588538 -1.4603474e-23)
(0.0049257261 -0.00095772445 7.3282329e-24)
(0.0055416866 -0.0011029335 0)
(0.0061950554 -0.0012606791 0)
(0.0068818528 -0.0014294925 0)
(0.0075972963 -0.0016071822 -1.9377132e-23)
(0.0083356666 -0.0017907168 5.031314e-23)
(0.0090900451 -0.0019760606 7.641951e-24)
(0.0098519402 -0.0021579646 0)
(0.010610864 -0.0023297747 3.3959532e-24)
(0.011353871 -0.0024833714 3.1691276e-23)
(0.012065276 -0.0026086701 -6.4065793e-23)
(0.012728552 -0.0026955441 0)
(0.013328562 -0.0027305521 -4.4897014e-23)
(0.013835783 -0.0027262523 0)
(7.5517501e-06 -1.8918032e-06 8.1128582e-30)
(2.41076e-05 -6.0416596e-06 8.1194326e-26)
(4.3905829e-05 -1.1008378e-05 -9.9623949e-28)
(6.7568393e-05 -1.6950539e-05 -1.1510337e-25)
(9.5830597e-05 -2.4056166e-05 1.3420428e-25)
(0.00012955911 -3.2548012e-05 -1.6000452e-25)
(0.00016977181 -4.2689226e-05 -1.8485509e-25)
(0.00021765914 -5.4789657e-05 5.5271936e-27)
(0.00027460615 -6.9212737e-05 5.0593137e-25)
(0.00034221452 -8.6382763e-05 -5.8200376e-25)
(0.00042232263 -0.00010679228 3.3990914e-25)
(0.00051702184 -0.00013100911 -3.7123192e-25)
(0.00062866566 -0.00015968234 4.3348255e-25)
(0.00075986816 -0.00019354623 0)
(0.00091348697 -0.00023342076 5.7507212e-22)
(0.0010925857 -0.00028020697 -5.1020128e-22)
(0.0013003711 -0.00033487504 0)
(0.0015401001 -0.00039844267 -1.3246142e-25)
(0.0018149569 -0.00047194137 -2.0169107e-25)
(0.0021279016 -0.00055636881 -6.8645728e-25)
(0.0024814989 -0.00065262661 1.5643002e-25)
(0.0028777427 -0.00076144511 -6.8078862e-25)
(0.0033178964 -0.00088329945 1.9532975e-24)
(0.0038023709 -0.0010183244 0)
(0.0043306584 -0.0011662373 -4.2951997e-24)
(0.0049013273 -0.0013262761 0)
(0.0055120664 -0.0014971585 1.0959713e-24)
(0.006159743 -0.0016770538 -1.1155319e-24)
(0.0068404305 -0.0018635536 0)
(0.0075493549 -0.0020536167 -1.3960733e-23)
(0.008280728 -0.0022434619 -2.5409092e-23)
(0.0090274626 -0.0024284014 -2.3067486e-23)
(0.0097808038 -0.0026026235 0)
(0.010529959 -0.00275905 2.8865743e-23)
(0.011261629 -0.0028893986 8.7919561e-23)
(0.011959547 -0.0029833291 -1.4352978e-22)
(0.01260816 -0.0030305964 1.0490749e-22)
(0.013193332 -0.0030213473 -2.5259521e-22)
(0.013693406 -0.0029582112 -2.8512085e-22)
(7.3895744e-06 -2.6440519e-06 -1.6486511e-22)
(2.358947e-05 -8.4407073e-06 2.9189073e-22)
(4.2961552e-05 -1.5372765e-05 -3.0159133e-28)
(6.6114119e-05 -2.3658077e-05 0)
(9.3766213e-05 -3.3554166e-05 5.3759861e-25)
(0.00012676525 -4.5364564e-05 -6.442061e-25)
(0.00016610638 -5.9445743e-05 7.7034847e-25)
(0.00021295329 -7.6214517e-05 -8.400189e-22)
(0.00026865972 -9.6155693e-05 1.0635786e-21)
(0.00033479087 -0.00011982955 -1.308431e-24)
(0.00041314304 -0.00014787856 1.6359665e-28)
(0.00050575941 -0.00018103242 -1.593402e-21)
(0.00061493908 -0.00022011024 2.1319819e-21)
(0.00074323565 -0.00026601816 -2.648903e-24)
(0.00089344096 -0.0003197405 6.0800699e-24)
(0.0010685491 -0.00038232202 -3.5606805e-24)
(0.0012716961 -0.0004548387 0)
(0.0015060711 -0.00053835486 5.9750536e-25)
(0.0017747994 -0.00063386491 -1.0521126e-24)
(0.0020807978 -0.00074221985 1.2436874e-23)
(0.0024266131 -0.00086404093 -1.3595378e-23)
(0.0028142565 -0.0009996262 -2.0036909e-23)
(0.0032450531 -0.0011488591 1.3890021e-23)
(0.0037195271 -0.0013111305 -1.5940593e-23)
(0.0042373373 -0.0014852869 2.1224992e-23)
(0.0047972659 -0.0016696108 0)
(0.0053972449 -0.001861834 0)
(0.0060343876 -0.0020591677 1.5244325e-23)
(0.0067049799 -0.0022583225 2.3242757e-24)
(0.0074043904 -0.0024554851 6.6668846e-23)
(0.0081268737 -0.0026462241 1.8652697e-22)
(0.0088652747 -0.0028253225 -2.0839805e-23)
(0.009610686 -0.0029865538 -7.2494962e-23)
(0.010352151 -0.0031226428 7.088205e-23)
(0.011076151 -0.0032253642 -7.4526324e-23)
(0.011765647 -0.0032843079 -2.8601683e-22)
(0.012406303 -0.0032895487 7.4711303e-23)
(0.012984466 -0.0032339878 1.7265614e-22)
(0.013481757 -0.003117024 9.6724041e-23)
(7.053881e-06 -3.3360699e-06 -3.6630598e-22)
(2.2518205e-05 -1.064735e-05 6.3155914e-22)
(4.1011443e-05 -1.9386509e-05 1.7209518e-24)
(6.3114783e-05 -2.9825588e-05 6.4609061e-28)
(8.9515282e-05 -4.2285576e-05 8.6253386e-28)
(0.00012102291 -5.7143631e-05 0)
(0.00015858916 -7.4841083e-05 0)
(0.00020332712 -9.5891734e-05 -1.8932371e-21)
(0.00025653232 -0.00012089005 2.191634e-21)
(0.00031970358 -0.00015051862 5.2071478e-26)
(0.00039456239 -0.00018555394 7.029243e-24)
(0.00048306876 -0.00022686928 -3.6943751e-21)
(0.00058743104 -0.00027543289 4.1277675e-21)
(0.0007101061 -0.00033229932 1.1508797e-23)
(0.0008537859 -0.0003985912 0)
(0.0010213659 -0.00047546878 0)
(0.0012158911 -0.000564084 1.7638185e-23)
(0.001440476 -0.00066551728 -2.0899387e-23)
(0.001698198 -0.00078069599 1.052105e-24)
(0.0019919661 -0.00091029664 -2.5100017e-23)
(0.0023243731 -0.0010546363 2.385882e-23)
(0.0026975433 -0.0012135633 -2.3837744e-23)
(0.0031129924 -0.0013863612 1.3081108e-24)
(0.0035715166 -0.0015716821 5.3683576e-23)
(0.0040731226 -0.0017675241 4.3316403e-23)
(0.0046169988 -0.001971257 -1.2929195e-22)
(0.0052015116 -0.0021796915 6.4523145e-23)
(0.0058241966 -0.0023891658 -4.4350713e-23)
(0.0064817043 -0.0025956126 9.0447263e-21)
(0.0071696689 -0.0027945653 -3.868651e-20)
(0.0078824854 -0.0029810757 1.5322989e-22)
(0.0086130161 -0.0031495497 0)
(0.0093522971 -0.0032935156 -3.5012138e-22)
(0.010089213 -0.0034059155 0)
(0.0108104 -0.0034783674 -2.1784502e-22)
(0.011497873 -0.0035010822 1.0175948e-21)
(0.012137805 -0.0034648872 0)
(0.012717703 -0.0033652751 -2.2526639e-20)
(0.013220553 -0.00320141 5.7361906e-19)
(6.5600944e-06 -3.9315823e-06 2.6025234e-24)
(2.0942795e-05 -1.2545961e-05 -4.5297465e-24)
(3.8144259e-05 -2.2839356e-05 2.5866474e-27)
(5.8706156e-05 -3.5130115e-05 3.2393615e-24)
(8.3269026e-05 -4.9793376e-05 0)
(0.00011258851 -6.7268973e-05 -4.6079848e-24)
(0.00014755302 -8.8070271e-05 5.5074931e-24)
(0.00018920279 -0.00011279312 0)
(0.00023875001 -0.00014212435 0)
(0.00029759912 -0.00017684895 -9.1954688e-24)
(0.00036736607 -0.00021785477 1.0974106e-23)
(0.00044989494 -0.00026613315 8.2581458e-26)
(0.00054726936 -0.00032277308 1.5096951e-23)
(0.00066181587 -0.00038894649 -1.7843357e-23)
(0.00079609559 -0.00046588124 0)
(0.00095288003 -0.00055481869 0)
(0.0011351074 -0.00065695258 0)
(0.0013458157 -0.0007733474 3.0885358e-23)
(0.0015880523 -0.0009048364 -3.8062866e-23)
(0.0018647606 -0.001051903 0)
(0.0021786503 -0.0012145541 1.0584612e-23)
(0.0025320606 -0.0013921993 -5.7777803e-23)
(0.0029268306 -0.0015835537 4.8756332e-23)
(0.0033641878 -0.0017865848 8.1631542e-24)
(0.0038446651 -0.001998519 2.0463138e-23)
(0.0043680428 -0.0022159111 0)
(0.0049333022 -0.0024347665 1.0763047e-22)
(0.0055385634 -0.00265068 -1.678311e-22)
(0.0061809765 -0.0028589466 4.7099827e-20)
(0.0068565436 -0.0030545949 -1.7225331e-20)
(0.00755987 -0.0032323143 -3.4715033e-22)
(0.0082838967 -0.0033862867 1.243603e-22)
(0.0090197425 -0.003509884 3.4995251e-22)
(0.0097551515 -0.0035970878 0)
(0.010480596 -0.0036388306 7.5314095e-22)
(0.011171684 -0.0036257799 -4.8911861e-22)
(0.011817658 -0.0035517487 -1.1672996e-21)
(0.012408525 -0.0034139095 -6.4571083e-19)
(0.01292566 -0.0032117509 7.5734959e-20)
(5.9256417e-06 -4.3941138e-06 1.7759206e-24)
(1.8918988e-05 -1.4020281e-05 8.5283634e-28)
(3.4461738e-05 -2.5519942e-05 -3.6910589e-24)
(5.3045164e-05 -3.9247063e-05 4.4204811e-24)
(7.5250585e-05 -5.5618352e-05 5.2670903e-24)
(0.00010176465 -7.5121604e-05 -6.2956652e-24)
(0.0001333958 -9.8325096e-05 -8.2687792e-27)
(0.00017109231 -0.00012588692 -8.8975976e-24)
(0.00021596149 -0.00015856353 1.0639791e-23)
(0.00026928957 -0.00019721646 1.2480101e-23)
(0.00033256122 -0.00024281594 -1.4887626e-23)
(0.00040747728 -0.00029643919 -6.6376404e-21)
(0.00049596884 -0.00035926112 9.2616595e-21)
(0.00060020521 -0.00043253415 0)
(0.00072259258 -0.00051755356 -2.7808982e-23)
(0.00086576005 -0.00061560492 3.2609465e-23)
(0.0010325295 -0.0007278901 -3.803154e-23)
(0.0012258662 -0.00085543043 4.2548299e-23)
(0.0014488086 -0.00099894796 2.5698327e-24)
(0.0017043772 -0.0011587303 7.3362746e-24)
(0.0019954671 -0.0013344902 -6.1977482e-24)
(0.0023247292 -0.0015252372 3.671477e-20)
(0.0026944488 -0.0017291827 -7.5034818e-21)
(0.0031064311 -0.0019437018 -2.851477e-23)
(0.0035618967 -0.0021653682 7.3166246e-23)
(0.0040613838 -0.002390065 0)
(0.0046046476 -0.0026131525 -1.0762766e-22)
(0.0051905332 -0.002829654 0)
(0.0058168034 -0.003034405 0)
(0.0064799066 -0.0032221111 -2.165776e-22)
(0.0071746975 -0.0033872865 0)
(0.0078942393 -0.0035240971 -2.9614472e-22)
(0.0086306032 -0.0036259875 2.90389e-22)
(0.0093706474 -0.0036871762 0)
(0.010100043 -0.003699651 -1.1607221e-21)
(0.010803164 -0.0036553488 -4.3287375e-22)
(0.011465497 -0.0035493274 3.4437236e-22)
(0.012072814 -0.0033802306 -5.9655453e-23)
(0.012611652 -0.0031499012 1.6750012e-21)
(5.1800415e-06 -4.6939728e-06 0)
(1.6540881e-05 -1.4975681e-05 -8.5283634e-28)
(3.0134986e-05 -2.7256231e-05 -4.6538159e-24)
(4.6394642e-05 -4.1912245e-05 5.5695681e-24)
(6.5831927e-05 -5.9386764e-05 -2.9090615e-27)
(8.9052911e-05 -8.0197774e-05 -7.9144706e-24)
(0.00011677282 -0.00010494784 9.4676949e-24)
(0.00014983285 -0.00013433353 0)
(0.00018921858 -0.00016915377 1.3286048e-23)
(0.00023607944 -0.00021031599 -9.4678992e-26)
(0.00029174866 -0.00025883853 -1.8829742e-23)
(0.0003577628 -0.00031584703 -8.8411767e-21)
(0.00043587919 -0.00038256212 9.0846061e-21)
(0.00052808974 -0.00046027479 0)
(0.00063662842 -0.0005503059 0)
(0.00076396981 -0.0006539457 0)
(0.00091281546 -0.00077237034 1.3053474e-24)
(0.0010860653 -0.00090653389 0)
(0.0012867713 -0.0010570378 0)
(0.0015180729 -0.0012239848 -7.336303e-24)
(0.0017831131 -0.0014068301 -1.3922075e-22)
(0.0020849393 -0.00160425 1.8222066e-20)
(0.0024263897 -0.0018140521 -5.2478943e-20)
(0.0028099707 -0.0020331519 0)
(0.003237724 -0.0022576331 8.4241098e-23)
(0.0037110816 -0.0024828912 -1.1027998e-23)
(0.0042306987 -0.0027038403 -4.5180185e-22)
(0.004796256 -0.0029151356 2.3806954e-23)
(0.0054062175 -0.0031113538 2.7664378e-22)
(0.0060575416 -0.003287075 4.7785238e-22)
(0.0067453545 -0.0034368263 4.6910421e-22)
(0.0074626202 -0.0035548036 0)
(0.0081988148 -0.0036348127 3.2294529e-22)
(0.008948816 -0.0036721296 -3.1570028e-22)
(0.0096939559 -0.0036598999 0)
(0.010413372 -0.003588278 1.7006435e-21)
(0.011094586 -0.0034573285 1.3660111e-21)
(0.011725678 -0.003266491 -7.3573538e-22)
(0.012291923 -0.0030193614 -1.0698339e-21)
(4.3585696e-06 -4.8076346e-06 0)
(1.3921005e-05 -1.5337213e-05 -1.2280491e-27)
(2.5368774e-05 -2.7912027e-05 5.5783572e-24)
(3.9069397e-05 -4.2916615e-05 -6.6792433e-24)
(5.5458982e-05 -6.0803058e-05 -7.9545125e-24)
(7.5055283e-05 -8.2099398e-05 9.5081434e-24)
(9.8471476e-05 -0.00010741919 0)
(0.00012643176 -0.00013747071 0)
(0.00015978889 -0.00017306489 -1.5965378e-23)
(0.00019954338 -0.00021512078 1.8987344e-23)
(0.00024686424 -0.00026466688 9.4088295e-26)
(0.00030311048 -0.000322836 -2.2169601e-25)
(0.00036985272 -0.00039085068 0)
(0.00044889373 -0.00046999567 -3.5928621e-23)
(0.00054228604 -0.00056157351 4.2315666e-23)
(0.00065234462 -0.0006668393 0)
(0.00078165196 -0.00078691152 5.3029247e-23)
(0.0009330525 -0.00092265796 -6.3594979e-23)
(0.0011096331 -0.0010745591 0)
(0.0013146864 -0.0012425572 -1.042408e-23)
(0.0015516533 -0.0014259046 1.6551642e-22)
(0.0018240432 -0.0016230347 -7.8468326e-24)
(0.0021353271 -0.0018314787 -1.9278533e-22)
(0.0024888031 -0.0020478565 -1.8703191e-22)
(0.00288743 -0.0022679564 1.2149313e-23)
(0.0033336272 -0.0024869034 1.3198385e-23)
(0.0038290358 -0.0026993919 5.3468283e-22)
(0.0043742433 -0.002899932 -2.8330271e-23)
(0.0049684729 -0.0030830485 -3.271998e-22)
(0.0056092518 -0.0032433761 9.9791565e-24)
(0.0062920856 -0.0033756173 -7.9610975e-22)
(0.0070101599 -0.0034743745 -4.7907743e-22)
(0.0077534803 -0.0035343953 -3.8147455e-22)
(0.0085117272 -0.0035497338 3.7299879e-22)
(0.0092707634 -0.0035163883 0)
(0.010013474 -0.003426504 1.1382816e-21)
(0.0107212 -0.0032798362 0)
(0.011380696 -0.0030774939 0)
(0.011978304 -0.0028249793 -4.2619892e-21)
(3.5026966e-06 -4.7210844e-06 -3.0986046e-24)
(1.1191581e-05 -1.5060242e-05 1.2280491e-27)
(2.0403579e-05 -2.7406247e-05 6.4379769e-24)
(3.1438898e-05 -4.2135773e-05 -7.7027414e-24)
(4.4654733e-05 -5.9691443e-05 -9.1720787e-24)
(6.0477174e-05 -8.0589848e-05 1.0985646e-23)
(7.9413572e-05 -0.00010543068 0)
(0.00010206693 -0.00013490544 1.548693e-23)
(0.00012915263 -0.00016980471 -1.844507e-23)
(0.00016151748 -0.00021102294 -9.0428474e-26)
(0.0002001613 -0.00025955877 -2.0094067e-25)
(0.00024626084 -0.00031650894 2.2169607e-25)
(0.00030119589 -0.00038305241 0)
(0.0003665771 -0.00046042154 0)
(0.00044427452 -0.00054985621 -4.8020905e-23)
(0.00053644536 -0.00065253718 5.6310538e-23)
(0.00064555891 -0.00076949573 -6.130041e-23)
(0.00077441528 -0.00090149892 7.3177549e-23)
(0.00092615374 -0.0010489133 5.3500334e-24)
(0.0011042452 -0.0012115555 1.0424244e-23)
(0.0013124614 -0.001388545 -1.2803837e-23)
(0.0015548141 -0.00157818 2.727934e-23)
(0.0018354532 -0.0017778647 0)
(0.002158518 -0.0019841104 -5.8192399e-23)
(0.0025279337 -0.0021926287 0)
(0.0029471511 -0.0023985134 0)
(0.0034188326 -0.0025964847 -2.1747648e-22)
(0.0039444948 -0.0027811457 -3.7173331e-22)
(0.004524127 -0.0029471893 3.742317e-22)
(0.0051558072 -0.003089502 0)
(0.0058353506 -0.0032031398 -6.8779203e-23)
(0.0065560003 -0.0032832129 0)
(0.0073079808 -0.0033250188 0)
(0.0080800418 -0.0033243393 0)
(0.0088578352 -0.003276138 -8.0635748e-22)
(0.0096236979 -0.0031752402 -1.7881025e-21)
(0.010359709 -0.0030219899 2.209102e-21)
(0.011050273 -0.002818864 0)
(0.011681219 -0.0025723704 2.9585579e-21)
(2.656812e-06 -4.430291e-06 -3.4725297e-24)
(8.4941447e-06 -1.4131961e-05 1.2088508e-23)
(1.5496822e-05 -2.5715693e-05 -7.2331972e-24)
(2.3898657e-05 -3.9534259e-05 0)
(3.3979048e-05 -5.6002032e-05 -1.0286734e-23)
(4.6073764e-05 -7.5602329e-05 1.2291009e-23)
(6.0585969e-05 -9.8895807e-05 0)
(7.7999457e-05 -0.00012652836 0)
(9.8894623e-05 -0.0001592376 0)
(0.00012396749 -0.00019785684 2.4376279e-23)
(0.00015405224 -0.00024331479 -2.9032233e-23)
(0.0001901476 -0.00029662891 2.7844515e-25)
(0.00023344767 -0.00035888947 0)
(0.00028537713 -0.00043123112 0)
(0.00034763078 -0.00051478815 0)
(0.00042221662 -0.00061063004 0)
(0.00051150051 -0.00071967465 0)
(0.00061824921 -0.00084257848 -7.9820095e-23)
(0.00074566637 -0.00097960723 8.6379132e-23)
(0.00089741357 -0.0011304949 0)
(0.0010776057 -0.0012943062 2.6929966e-23)
(0.0012907674 -0.0014693237 2.8022061e-24)
(0.0015417354 -0.0016529846 0)
(0.0018354939 -0.0018418905 -5.9214826e-24)
(0.002176932 -0.0020319058 6.4045438e-23)
(0.0025705228 -0.0022183408 -2.318484e-22)
(0.0030199336 -0.002396193 4.5662197e-22)
(0.0035275886 -0.0025603989 0)
(0.0040942162 -0.0027060379 -3.8080226e-22)
(0.0047184175 -0.0028284389 3.7996925e-22)
(0.0053962918 -0.0029231745 2.4836374e-22)
(0.0061211445 -0.0029859818 -3.0484236e-22)
(0.006883246 -0.0030128085 1.0584988e-21)
(0.0076705458 -0.0030000405 0)
(0.0084683541 -0.0029437286 1.4745089e-21)
(0.0092588711 -0.0028404189 -1.4013848e-21)
(0.010023686 -0.0026905477 -2.2177671e-21)
(0.010745691 -0.002497395 3.0277743e-21)
(0.01140979 -0.0022678699 7.0085182e-22)
(1.8659467e-06 -3.9422266e-06 1.9009984e-24)
(5.9724694e-06 -1.257454e-05 6.6084857e-24)
(1.0909844e-05 -2.2880829e-05 -7.9121782e-24)
(1.6850173e-05 -3.5174387e-05 0)
(2.4000165e-05 -4.9823288e-05 5.7007925e-27)
(3.261135e-05 -6.725659e-05 0)
(4.2989779e-05 -8.7971709e-05 0)
(5.5508208e-05 -0.00011254127 0)
(7.0621425e-05 -0.00014161866 0)
(8.8885291e-05 -0.00017594113 1.0005628e-25)
(0.00011098024 -0.00021632921 1.1821381e-25)
(0.00013774019 -0.00026368005 -3.7340187e-23)
(0.00017018772 -0.0003189526 8.7366102e-23)
(0.0002095765 -0.00038314124 -5.0928453e-23)
(0.00025744134 -0.00045723486 0)
(0.00031565565 -0.00054215818 0)
(0.0003864949 -0.00063869303 -7.7176595e-23)
(0.00047270249 -0.00074737938 8.6557533e-23)
(0.00057755165 -0.00086839896 0)
(0.00070489313 -0.0010014495 9.2897922e-23)
(0.00085917448 -0.0011456232 -1.345016e-22)
(0.0010454123 -0.0012993077 2.3877525e-24)
(0.0012690974 -0.0014601347 1.2785049e-22)
(0.0015360138 -0.0016249941 -7.3795984e-23)
(0.0018519584 -0.0017901296 -6.4059025e-23)
(0.0022223628 -0.00195131 0)
(0.0026518309 -0.002104053 0)
(0.0031436274 -0.002243857 -2.4213394e-22)
(0.0036991595 -0.0023663897 4.1468462e-22)
(0.004317502 -0.0024675901 -4.1387416e-22)
(0.0049950057 -0.0025436738 3.1212385e-22)
(0.0057250208 -0.0025910768 0)
(0.0064977478 -0.0026064546 -1.0606821e-21)
(0.0073005992 -0.0025868039 8.5434178e-20)
(0.0081182954 -0.0025291971 1.7697827e-19)
(0.0089327834 -0.0024314636 2.1336271e-21)
(0.0097250492 -0.0022942582 0)
(0.010476762 -0.00212105 -2.0913125e-21)
(0.01117181 -0.0019184627 -8.7881227e-22)
(1.1730638e-06 -3.2747908e-06 -2.5518547e-28)
(3.7636668e-06 -1.044512e-05 -8.8771481e-28)
(6.8919066e-06 -1.9005633e-05 -1.9993727e-27)
(1.067636e-05 -2.9216015e-05 0)
(1.5259986e-05 -4.1381658e-05 -6.0366448e-24)
(2.0820656e-05 -5.5858319e-05 7.2054572e-24)
(2.7579556e-05 -7.3058237e-05 -8.5495346e-24)
(3.5812449e-05 -9.3455727e-05 1.0220959e-23)
(4.586448e-05 -0.0001175916 2.4248661e-26)
(5.8169273e-05 -0.00014607559 0)
(7.327336e-05 -0.00017958547 1.6867736e-23)
(9.1867292e-05 -0.00021886125 -1.9001595e-25)
(0.00011482487 -0.0002646923 -2.3524355e-23)
(0.00014325188 -0.00031789487 2.6712982e-23)
(0.00017854552 -0.00037927738 -6.3393875e-23)
(0.00022246464 -0.0004495908 3.6874715e-23)
(0.00027720976 -0.00052946239 0)
(0.00034550912 -0.00061931264 5.8808317e-24)
(0.00043070326 -0.00071925788 1.0404101e-22)
(0.00053681608 -0.00082900561 -2.1129312e-22)
(0.00066859473 -0.00094775372 1.2874131e-22)
(0.00083149548 -0.0010741101 9.8871093e-23)
(0.0010315904 -0.0012060519 -1.7974046e-22)
(0.0012753711 -0.0013409416 1.3908883e-22)
(0.001569435 -0.0014756111 -7.4625926e-23)
(0.0019200551 -0.0016065097 0)
(0.0023326541 -0.0017298956 2.5729066e-22)
(0.0028112273 -0.001842034 2.210227e-22)
(0.0033577682 -0.0019393575 -4.6395134e-22)
(0.0039717549 -0.0020185563 8.3744511e-22)
(0.0046497455 -0.0020765871 -4.1902056e-22)
(0.0053851119 -0.0021106328 6.6197781e-22)
(0.0061679322 -0.0021180856 2.4872735e-22)
(0.0069852101 -0.0020966194 -1.6787289e-19)
(0.0078211109 -0.0020441608 -9.716304e-20)
(0.0086571968 -0.0019594185 8.1720274e-23)
(0.0094738409 -0.0018431897 -6.3858256e-22)
(0.010251703 -0.0016986823 6.2177888e-22)
(0.010973735 -0.0015316527 -1.0914775e-21)
(6.1634253e-07 -2.4555936e-06 4.6875261e-23)
(1.9890034e-06 -7.8319974e-06 -9.0386695e-23)
(3.6636722e-06 -1.4250675e-05 0)
(5.7160093e-06 -2.1906032e-05 -5.3167846e-24)
(8.237745e-06 -3.1026891e-05 1.2702669e-23)
(1.1347617e-05 -4.187967e-05 -7.5742762e-24)
(1.5198717e-05 -5.4772977e-05 -8.5901727e-27)
(1.9989048e-05 -7.0061727e-05 0)
(2.597596e-05 -8.8150375e-05 -2.4248664e-26)
(3.3495293e-05 -0.00010949461 2.9929586e-26)
(4.2986547e-05 -0.00013460058 0)
(5.5025807e-05 -0.00016402031 -2.0782511e-23)
(7.0368277e-05 -0.00019834178 2.4731189e-23)
(9.0002225e-05 -0.00023817174 0)
(0.00011521592 -0.00028410929 0)
(0.0001476783 -0.00033670825 0)
(0.00018953234 -0.00039642694 0)
(0.00024349729 -0.00046356545 -3.0261196e-24)
(0.0003129716 -0.00053819226 3.5216288e-24)
(0.00040212264 -0.00062006557 -6.7521035e-23)
(0.00051594304 -0.00070855795 2.6481153e-24)
(0.00066024726 -0.00080259682 9.0066217e-23)
(0.00084157909 -0.00090063525 3.5877836e-23)
(0.0010670029 -0.0010006662 1.4597423e-22)
(0.0013437623 -0.0011002883 -3.3549938e-22)
(0.0016788072 -0.0011968197 1.5206098e-22)
(0.0020782176 -0.0012874454 7.1080464e-23)
(0.0025465725 -0.0013693677 0)
(0.0030863307 -0.0014399298 0)
(0.0036972872 -0.0014966852 -2.1501681e-22)
(0.0043761575 -0.0015374071 3.8616038e-22)
(0.0051163178 -0.0015600603 -3.4338073e-22)
(0.0059077187 -0.0015627841 2.9538719e-22)
(0.006737047 -0.0015439403 1.8412015e-21)
(0.0075880162 -0.0015021648 -4.7061767e-22)
(0.008441792 -0.0014367466 -1.6063016e-21)
(0.0092782034 -0.0013484427 6.7083976e-22)
(0.010077113 -0.0012398312 -1.8870969e-21)
(0.010820704 -0.0011153476 2.0465113e-21)
(2.2734404e-07 -1.524602e-06 3.0199398e-23)
(7.4904872e-07 -4.8624559e-06 -4.3861523e-23)
(1.4081005e-06 -8.8470222e-06 2.3001522e-24)
(2.2502056e-06 -1.3598332e-05 -2.7520424e-24)
(3.3312559e-06 -1.9257553e-05 3.2768085e-24)
(4.7286232e-06 -2.5988653e-05 -3.9226383e-24)
(6.5477453e-06 -3.3981147e-05 -4.6541396e-24)
(8.9322196e-06 -4.3452809e-05 5.5529509e-24)
(1.2078055e-05 -5.4652655e-05 1.295065e-26)
(1.6252885e-05 -6.7864252e-05 -2.9929593e-26)
(2.1821611e-05 -8.3403057e-05 0)
(2.9280519e-05 -0.00010161039 -8.325256e-26)
(3.9302123e-05 -0.00012284903 -1.272968e-23)
(5.2792908e-05 -0.00014749295 2.0093835e-25)
(7.0965574e-05 -0.00017591072 1.7344338e-23)
(9.5426987e-05 -0.00020844196 6.245177e-25)
(0.00012828098 -0.00024536601 -4.7001603e-20)
(0.00017224202 -0.0002868628 5.2159323e-20)
(0.00023075093 -0.00033296719 -2.9066654e-23)
(0.00030807773 -0.00038352023 1.2623804e-22)
(0.00040938941 -0.00043812249 -7.4106201e-23)
(0.00054075386 -0.00049609763 5.3268785e-23)
(0.00070904766 -0.00055647485 5.6120699e-24)
(0.00092173832 -0.00061799872 -7.9866616e-23)
(0.0011865229 -0.00067917094 1.7459353e-23)
(0.0015108259 -0.00073832243 6.7605963e-23)
(0.0019011862 -0.00079370532 -2.2186122e-22)
(0.0023625897 -0.00084358787 0)
(0.0028978176 -0.00088633164 6.3003344e-23)
(0.0035068829 -0.00092043553 -2.1774747e-22)
(0.0041866061 -0.00094454255 -8.2046016e-23)
(0.0049303596 -0.00095742282 9.6831892e-24)
(0.0057279922 -0.00095796249 0)
(0.006565969 -0.00094519247 -8.2117737e-22)
(0.0074276856 -0.000918344 -9.6498333e-22)
(0.0082939928 -0.00087707588 2.0050682e-22)
(0.0091443139 -0.00082192558 0)
(0.0099579536 -0.00075455836 1.8787068e-21)
(0.010716554 -0.00067776437 0)
(2.5019564e-08 -5.1944022e-07 -5.6266412e-25)
(1.0961559e-07 -1.6557079e-06 1.9589521e-24)
(2.4511694e-07 -3.009976e-06 -1.1727356e-24)
(4.6350538e-07 -4.6214031e-06 1.3985744e-24)
(8.0215481e-07 -6.5366114e-06 -1.6726465e-24)
(1.317432e-06 -8.8098338e-06 1.9885302e-24)
(2.0908008e-06 -1.1504645e-05 -5.5831684e-27)
(3.2400635e-06 -1.4696365e-05 -2.8263445e-24)
(4.9256438e-06 -1.8476521e-05 -1.2950652e-26)
(7.3755357e-06 -2.2948328e-05 0)
(1.0926357e-05 -2.8213921e-05 0)
(1.6033786e-05 -3.4382639e-05 0)
(2.3320681e-05 -4.157724e-05 6.5173161e-24)
(3.3653603e-05 -4.9923732e-05 -7.5847372e-24)
(4.820741e-05 -5.9546264e-05 -8.6723881e-24)
(6.8557263e-05 -7.0559088e-05 1.9524347e-23)
(9.6787102e-05 -8.3055886e-05 -4.6406528e-20)
(0.00013560935 -9.7096508e-05 5.6034189e-20)
(0.0001884872 -0.00011269152 -1.6572983e-23)
(0.00025974418 -0.00012978565 0)
(0.00035463772 -0.00014824201 2.1338169e-23)
(0.00047936689 -0.00016782977 -8.4825544e-25)
(0.00064098026 -0.00018821823 -2.936123e-23)
(0.00084715343 -0.00020898035 0)
(0.0011058173 -0.00022960701 -1.0879499e-19)
(0.0014246406 -0.00024953167 1.1385504e-19)
(0.0018103985 -0.00026816176 3.829663e-23)
(0.0022682854 -0.00028491101 -1.2237688e-37)
(0.0028012478 -0.00029922579 -6.3083685e-23)
(0.0034094095 -0.00031060017 0)
(0.0040896434 -0.00031857833 2.0241988e-22)
(0.0048353178 -0.00032274893 -2.7935232e-24)
(0.0056362258 -0.00032274128 1.6461412e-22)
(0.0064787175 -0.00031823505 -7.6373319e-23)
(0.0073460244 -0.00030898248 6.1508608e-22)
(0.0082188245 -0.00029488424 -6.5020331e-22)
(0.009076325 -0.00027613409 -7.6841008e-23)
(0.0098975425 -0.00025330721 -6.1972209e-22)
(0.010663841 -0.0002273548 1.4978203e-22)
(0.0063674396 7.0159079e-05 1.453115e-23)
(0.0068161044 6.6409876e-05 -1.4618957e-23)
(0.007242834 6.0323917e-05 0)
(0.0076196156 5.5811925e-05 6.216308e-23)
(0.0079744363 5.1525081e-05 1.9228327e-23)
(0.0082988749 4.7730158e-05 0)
(0.0086022072 4.4299913e-05 0)
(0.0088848594 4.1166841e-05 1.2016003e-22)
(0.0091501658 3.8283494e-05 -1.0787235e-22)
(0.0093995673 3.5604759e-05 0)
(0.0096353033 3.3086873e-05 0)
(0.0098574997 3.070665e-05 -5.6518239e-23)
(0.010069971 2.8458934e-05 0)
(0.010268354 2.6161511e-05 0)
(0.010462456 2.4518252e-05 0)
(0.0064070994 0.00021159364 0)
(0.0068511962 0.00020048835 0)
(0.0072756719 0.00018206561 -4.5067534e-23)
(0.0076503584 0.00016840587 1.4529361e-24)
(0.0080037378 0.00015544171 -3.91457e-23)
(0.0083271353 0.00014394123 0)
(0.0086296777 0.00013355786 0)
(0.0089117551 0.00012407033 -9.8673997e-23)
(0.0091766008 0.00011534619 8.6392636e-23)
(0.0094256087 0.00010724407 3.569092e-23)
(0.0096609698 9.9638984e-05 -6.6214407e-23)
(0.0098827489 9.2449531e-05 8.7746491e-23)
(0.010094786 8.5678055e-05 -9.8125571e-23)
(0.010292501 7.8752506e-05 8.1009148e-23)
(0.010486178 7.3812816e-05 4.8359452e-24)
(0.0064910045 0.00035329821 0)
(0.0069275896 0.00033530807 0)
(0.0073486566 0.00030456118 -3.9589844e-22)
(0.0077196941 0.00028185935 8.0210443e-23)
(0.0080704494 0.00026019391 -8.0013384e-23)
(0.0083916954 0.00024096979 -2.6196049e-22)
(0.0086924107 0.00022357626 -2.844778e-22)
(0.0089729147 0.00020767383 6.2224597e-24)
(0.0092362952 0.00019303912 5.3872407e-24)
(0.009483873 0.00017944312 -2.6681503e-22)
(0.0097177637 0.00016668386 5.1858183e-19)
(0.0099379368 0.00015462021 4.6554516e-19)
(0.010148288 0.00014327239 1.0854281e-18)
(0.010343828 0.00013166807 -1.3322994e-18)
(0.010535828 0.00012338049 1.4311253e-22)
(0.0066220135 0.00049216136 0)
(0.0070480629 0.00046805289 -5.4802246e-22)
(0.0074645143 0.00042521712 1.0669514e-22)
(0.0078302777 0.00039374036 0)
(0.0081771428 0.00036352081 5.3922847e-22)
(0.0084950409 0.00033669704 4.0173949e-22)
(0.0087928024 0.00031237654 2.2722163e-22)
(0.0090706406 0.00029012889 -4.6470579e-22)
(0.009331454 0.00026964 -3.5838235e-22)
(0.0095764637 0.00025060238 3.5025088e-22)
(0.0098076838 0.00023274339 -5.056821e-19)
(0.010024953 0.00021586287 -4.9491187e-19)
(0.010232258 0.00020000419 3.7100894e-19)
(0.010423998 0.00018380416 2.9875003e-19)
(0.010612966 0.00017221243 -1.4546586e-22)
(0.0068023789 0.00062457421 1.2643278e-22)
(0.007214829 0.00059548144 3.2351465e-22)
(0.0076254029 0.00054106349 4.114055e-22)
(0.0079842107 0.00050129754 -8.3074121e-23)
(0.0083258334 0.00046288241 8.0048847e-24)
(0.0086391054 0.00042876244 6.1419147e-22)
(0.0089327014 0.00039776857 -4.7509819e-22)
(0.0092066931 0.00036940131 4.1663361e-22)
(0.0094637485 0.00034326255 3.6411472e-22)
(0.0097049613 0.00031897738 -3.1680036e-22)
(0.0099322211 0.00029621037 -3.2595482e-23)
(0.0101452 0.00027470806 2.7190957e-22)
(0.010348014 0.00025453301 -1.5682224e-18)
(0.010534246 0.0002339686 1.1407836e-18)
(0.010718751 0.00021920926 0)
(0.0070335722 0.0007465304 0)
(0.0074293546 0.00071403129 -8.9789116e-22)
(0.0078327445 0.00064883132 1.9391255e-22)
(0.0081828735 0.00060151609 -9.0225488e-22)
(0.0085178157 0.00055550004 -6.3026098e-22)
(0.0088251098 0.00051459469 -1.977446e-24)
(0.0091132518 0.00047737343 1.7766769e-24)
(0.0093821393 0.00044328818 0)
(0.0096341698 0.00041186909 8.6893199e-23)
(0.0098702832 0.00038268768 3.1127422e-22)
(0.010092224 0.00035535519 -7.4344982e-23)
(0.010299464 0.00032957578 0)
(0.010496287 0.00030541892 2.6913484e-23)
(0.010675269 0.00028087735 -3.4427192e-23)
(0.010853838 0.00026318941 -2.8040402e-22)
(0.0073161032 0.00085369938 -1.1707973e-21)
(0.0076921677 0.00081989751 1.1298584e-21)
(0.0080870625 0.00074502616 6.2184539e-22)
(0.0084267546 0.00069117503 4.2880476e-24)
(0.008753495 0.00063841385 0)
(0.0090533988 0.00059146573 -7.954529e-19)
(0.0093347354 0.00054867508 -6.4512104e-19)
(0.0095972 0.00050946665 1.1335788e-22)
(0.009842882 0.00047331677 1.270096e-18)
(0.010072543 0.00043976055 -2.7180239e-18)
(0.010287765 0.00040836721 6.6252745e-23)
(0.010487792 0.00037881416 -7.7090735e-24)
(0.010677106 0.00035115904 3.6094239e-22)
(0.010847112 0.00032318787 -3.6580818e-22)
(0.01101828 0.000302921 2.9409208e-22)
(0.0076493424 0.00094150473 1.4482548e-21)
(0.0080026491 0.00090911853 -4.4362504e-23)
(0.0083878402 0.00082603246 -8.7291754e-22)
(0.0087152855 0.00076693617 5.2579508e-22)
(0.009032228 0.00070857422 -1.1207681e-21)
(0.0093232879 0.00065658005 6.883394e-19)
(0.0095964256 0.00060910633 7.6720974e-19)
(0.00985111 0.00056557588 0)
(0.010089088 0.00052543525 2.922278e-18)
(0.010310922 0.00048820398 -1.3937648e-18)
(0.010518019 0.00045342283 -6.3475415e-22)
(0.010709374 0.00042076213 0)
(0.010889693 0.00039024455 2.4887254e-23)
(0.011049075 0.00035955009 7.1279863e-22)
(0.011211431 0.00033716711 0)
(0.008031369 0.0010052192 2.9504731e-22)
(0.0083587789 0.00097748032 6.6660548e-22)
(0.0087334138 0.00088824789 2.0998302e-23)
(0.0090466934 0.00082546618 -1.2365027e-21)
(0.0093521849 0.00076296614 1.2820514e-21)
(0.0096329361 0.00070719548 -1.1181458e-21)
(0.009896468 0.00065616369 2.304378e-22)
(0.010142005 0.00060932528 6.2094388e-22)
(0.010370925 0.00056612805 -1.7572994e-22)
(0.010583573 0.00052610092 -1.12221e-21)
(0.010781173 0.00048877226 1.6817869e-21)
(0.01096246 0.00045382842 0)
(0.011132378 0.00042123173 -8.7682916e-22)
(0.011279632 0.00038866892 -3.2212877e-22)
(0.011431878 0.00036474099 0)
(0.0084589156 0.0010402742 1.2219896e-21)
(0.0087601662 0.00102102 -8.9114799e-22)
(0.0091209404 0.00092831141 0)
(0.0094178735 0.0008635874 1.4426816e-21)
(0.0097102513 0.0007987598 0)
(0.0099792586 0.00074076504 1.3667787e-21)
(0.010231801 0.00068754043 -3.0129005e-23)
(0.010466851 0.00063861883 -1.0804502e-21)
(0.010685395 0.00059348811 -1.4736104e-21)
(0.010887552 0.00055171597 1.7792354e-21)
(0.011074362 0.00051283734 -9.7458995e-22)
(0.011244298 0.00047658037 9.6688087e-22)
(0.01140255 0.00044282148 8.8189741e-22)
(0.011536384 0.00040937437 -4.8378046e-23)
(0.011677389 0.00038456838 -5.605542e-22)
(0.0089282549 0.0010433567 -3.6613586e-21)
(0.0092047217 0.0010349246 6.9180063e-22)
(0.0095446188 0.00094199971 -4.2723903e-22)
(0.0098242848 0.00087843318 -1.7511782e-21)
(0.010101996 0.00081348987 -6.2075809e-22)
(0.010357897 0.00075509335 -3.086772e-22)
(0.010598134 0.00070127067 9.5861433e-22)
(0.010821423 0.00065168839 0)
(0.011028354 0.00060592082 1.4784198e-21)
(0.011218816 0.00056360846 -1.2874537e-21)
(0.011393669 0.00052431479 0)
(0.011551136 0.00048783751 -1.2452393e-23)
(0.011696648 0.00045394329 8.1432332e-22)
(0.011816045 0.00042069577 7.3008518e-22)
(0.0119449 0.0003957539 1.1139623e-21)
(0.0094312341 0.0010111884 5.2654037e-22)
(0.0096796674 0.0010170447 -5.2459297e-22)
(0.0099987237 0.00092660138 -1.2636875e-21)
(0.010260038 0.0008677404 1.0309449e-21)
(0.010521712 0.00080521392 -2.7495697e-22)
(0.010763265 0.00074849303 -1.627725e-21)
(0.010989996 0.00069587448 -2.8805275e-21)
(0.011200365 0.00064722689 -4.1906902e-22)
(0.011394567 0.00060226596 1.9394081e-22)
(0.011572273 0.00056074386 0)
(0.011734175 0.00052227763 1.0869697e-21)
(0.011878271 0.00048676335 -9.6011182e-22)
(0.012010212 0.00045383758 3.5478731e-23)
(0.012114484 0.00042193502 -3.7077841e-23)
(0.012230548 0.00039764707 -5.7215667e-22)
(0.0099587353 0.00094073015 1.5811098e-23)
(0.010175133 0.00096701113 -4.085905e-22)
(0.010476008 0.0008814505 2.4337286e-21)
(0.010717921 0.0008300856 -1.8572969e-20)
(0.01096249 0.0007726956 1.5209204e-18)
(0.011188662 0.00071993604 6.3284926e-19)
(0.011400859 0.00067049182 -8.1309887e-19)
(0.011597313 0.00062450903 -5.908647e-19)
(0.011777841 0.00058190701 0)
(0.011941916 0.0005425929 1.465986e-22)
(0.012090086 0.00050626494 -1.230428e-21)
(0.012220163 0.0004729467 0)
(0.012337984 0.00044212887 -5.0464016e-19)
(0.01242682 0.0004127323 -4.6434411e-19)
(0.012529751 0.00038990231 5.2354483e-22)
(0.010502188 0.00082981041 1.9225885e-21)
(0.010687009 0.00088178319 2.0531141e-21)
(0.010967655 0.00080582904 1.5740331e-21)
(0.011189775 0.00076493903 -5.9557056e-19)
(0.011416467 0.00071555545 -6.2726723e-19)
(0.011626493 0.00066917836 -9.012211e-19)
(0.011823358 0.00062498966 6.2143572e-19)
(0.012005108 0.00058348576 7.7648475e-19)
(0.012171223 0.00054485533 1.3817394e-21)
(0.012321017 0.00050920702 0)
(0.012454923 0.0004763499 0)
(0.012570617 0.00044646319 0)
(0.012674083 0.00041888158 4.7349906e-19)
(0.012747566 0.0003931169 4.9279701e-19)
(0.012837339 0.00037252649 4.9189516e-22)
(0.011050945 0.00067812387 1.3950766e-18)
(0.011205873 0.00076026634 4.640982e-19)
(0.011464588 0.00069980055 -1.5856675e-21)
(0.011666806 0.00067270322 -1.6788258e-21)
(0.011875144 0.00063433307 0)
(0.012068566 0.00059683278 -2.0092331e-21)
(0.012249575 0.00056002639 -1.3392824e-21)
(0.012416079 0.00052483879 -4.8255335e-23)
(0.012567286 0.00049179681 -1.7367209e-21)
(0.012702399 0.000461259 0)
(0.01282178 0.00043317574 0)
(0.012923031 0.00040790788 -1.7682682e-21)
(0.013012225 0.00038463021 1.5018486e-21)
(0.013070838 0.00036353623 1.3278525e-21)
(0.013147736 0.00034590773 -9.7855546e-22)
(0.011593426 0.0004871288 -7.8495182e-19)
(0.011720932 0.00060359045 -1.0540191e-18)
(0.01195704 0.00056450014 -2.9134085e-21)
(0.01213981 0.00055475912 2.182077e-21)
(0.012329732 0.00053050717 -1.9095078e-21)
(0.012506451 0.00050438512 2.4547115e-21)
(0.012671392 0.00047706158 2.982728e-21)
(0.01282239 0.00044998443 3.5582324e-22)
(0.012958458 0.00042409155 -6.6196284e-22)
(0.01307876 0.00040004023 3.0627332e-22)
(0.013183632 0.00037795217 5.8162824e-19)
(0.013270684 0.00035839204 4.7535194e-19)
(0.013346004 0.00034037757 -1.4055577e-21)
(0.013390601 0.00032485683 -1.4483891e-21)
(0.013455192 0.00031081967 9.4686966e-22)
(0.01211758 0.00025984632 -1.7628191e-21)
(0.012221212 0.0004139752 -7.9278415e-22)
(0.01243507 0.00040235135 3.5472924e-21)
(0.012599582 0.00041351834 -5.1451139e-21)
(0.012771557 0.00040646782 2.6861944e-21)
(0.012931882 0.00039414885 1.3518807e-21)
(0.013080888 0.00037830516 -1.6787946e-21)
(0.013216414 0.00036102075 -3.4212408e-22)
(0.013337387 0.00034372124 3.3805838e-22)
(0.013443018 0.00032740998 2.6028067e-22)
(0.013533678 0.00031240776 -4.9589793e-19)
(0.013607059 0.00029949995 -5.4940682e-19)
(0.013669185 0.00028755715 0)
(0.013700947 0.000278334 3.5350816e-23)
(0.013754036 0.00026839747 -1.8874488e-21)
(0.012611405 1.0013041e-06 4.1690786e-22)
(0.012696065 0.00019496857 -9.6300492e-23)
(0.012889102 0.00021691456 -9.4571612e-22)
(0.013037377 0.00025234853 4.6497835e-21)
(0.013192486 0.00026541531 5.9150916e-23)
(0.013337167 0.00026915201 -3.1122986e-21)
(0.013470729 0.00026660367 0)
(0.013591117 0.00026061752 3.2684427e-22)
(0.01369731 0.00025318467 -3.2320365e-22)
(0.013788673 0.0002456973 2.4908909e-22)
(0.013865672 0.00023869912 -4.6289241e-22)
(0.013926166 0.00023320614 1.2024504e-22)
(0.013976021 0.00022795971 1.3527821e-21)
(0.01399638 0.00022554928 8.1288978e-23)
(0.014038946 0.00022008437 9.0462007e-22)
(0.01306344 -0.00028301766 4.0019605e-21)
(0.013135629 -4.8686166e-05 -3.8883431e-22)
(0.013310408 1.262604e-05 2.4031436e-21)
(0.013445341 7.5373364e-05 -2.1983018e-21)
(0.013585327 0.00011116837 0)
(0.013715573 0.00013295211 1.7323609e-21)
(0.013834529 0.00014526576 0)
(0.013940397 0.00015185355 0)
(0.014032382 0.00015534667 0)
(0.014110122 0.00015756127 0)
(0.014174241 0.00015928217 0)
(0.014222844 0.00016175809 5.0047488e-19)
(0.014261531 0.00016362821 4.0672173e-19)
(0.01427209 0.00016831926 -1.1391146e-21)
(0.014305205 0.00016755089 -8.6279798e-22)
(0.013463415 -0.00058408116 -3.8346377e-21)
(0.013531359 -0.00031110905 0)
(0.013691551 -0.00020546188 -1.807116e-21)
(0.013816882 -0.00011276396 -5.3701936e-22)
(0.01394418 -5.2061433e-05 -4.2548682e-22)
(0.014061632 -1.0580119e-05 3.5349416e-21)
(0.014167146 1.7858165e-05 -3.3236842e-22)
(0.014259372 3.8025797e-05 3.298035e-22)
(0.014337947 5.3260258e-05 0)
(0.014402922 6.5825418e-05 -1.8565328e-21)
(0.014455134 7.6758729e-05 -1.6183132e-21)
(0.014493001 8.7535153e-05 -4.3488613e-19)
(0.014521738 9.6730383e-05 -4.6104562e-19)
(0.014524174 0.00010858296 -1.1947317e-21)
(0.014548929 0.00011259282 8.8437472e-22)
(0.013803092 -0.00089192869 -3.1059869e-22)
(0.013877046 -0.00058472914 6.3059968e-23)
(0.014027124 -0.00043148059 2.5455519e-22)
(0.014147182 -0.00030685592 0)
(0.014264804 -0.00021971747 0)
(0.014371448 -0.00015736909 -2.6844696e-21)
(0.014464924 -0.00011193431 -3.4904021e-22)
(0.014544581 -7.7504318e-05 -2.5285097e-21)
(0.01461073 -4.9990723e-05 2.7103913e-22)
(0.01466397 -2.667784e-05 1.611575e-21)
(0.014705395 -6.2741079e-06 1.7982268e-21)
(0.01473378 1.2905378e-05 1.5943771e-22)
(0.014753833 2.9426009e-05 -1.5787503e-22)
(0.014749807 4.8279815e-05 4.2786005e-21)
(0.014767229 5.7020131e-05 -1.4971961e-21)
(0.014075062 -0.001195957 -2.6883089e-22)
(0.014169235 -0.00086055302 5.0197582e-22)
(0.014314503 -0.00065884651 2.1176038e-22)
(0.014433715 -0.00050127513 -4.3259743e-23)
(0.014544965 -0.00038706096 -3.3464019e-21)
(0.01464292 -0.00030330931 3.234817e-22)
(0.014725856 -0.00024047924 -3.5588611e-23)
(0.014794121 -0.00019147146 1.9141462e-21)
(0.014848944 -0.0001514431 4.5507003e-19)
(0.014891597 -0.00011725181 3.1540231e-19)
(0.014923449 -8.7362955e-05 0)
(0.014943644 -5.990649e-05 -1.4907442e-22)
(0.014956255 -3.6257318e-05 -1.984949e-21)
(0.014947323 -1.0767502e-05 -2.1124213e-21)
(0.014958305 2.5490492e-06 1.533466e-21)
(0.014268129 -0.0014902192 -1.3058219e-21)
(0.014401355 -0.0011347039 1.1364588e-21)
(0.014550311 -0.00088552643 2.8734122e-21)
(0.014674102 -0.00069372169 3.123554e-21)
(0.014783087 -0.00055164853 2.481366e-21)
(0.014874927 -0.00044586913 0)
(0.014949093 -0.0003652314 0)
(0.01500734 -0.00030139008 0)
(0.015052105 -0.00024872608 -3.2494334e-19)
(0.015085456 -0.00020367565 -4.2567677e-19)
(0.015109028 -0.00016445292 -1.5872152e-22)
(0.015122323 -0.00012901208 1.5780149e-22)
(0.01512866 -9.8580134e-05 1.9728503e-21)
(0.015116213 -6.6968525e-05 1.217597e-22)
(0.015121446 -4.9329244e-05 0)
(0.014358393 -0.0017915973 1.6038891e-21)
(0.014547759 -0.0014199235 -1.4959276e-21)
(0.01471841 -0.0011233711 -3.1357243e-21)
(0.014858363 -0.00089169852 -3.3084141e-21)
(0.014973467 -0.00071740259 -5.7198366e-19)
(0.015064413 -0.00058659293 -2.9542564e-19)
(0.015133128 -0.00048632262 -2.7530828e-22)
(0.015183669 -0.00040663201 -3.6052269e-21)
(0.015220246 -0.00034083507 3.1590974e-21)
(0.015245968 -0.00028477696 0)
(0.015262776 -0.00023631091 2.3908338e-21)
(0.01527053 -0.00019317618 -1.2583954e-22)
(0.015271716 -0.00015632518 1.2385878e-22)
(0.015257025 -0.00011911164 0)
(0.015256916 -9.7548655e-05 -1.1807833e-21)
(0.010649099 2.1197221e-05 0)
(0.010831439 1.911604e-05 0)
(0.01102302 1.6836246e-05 0)
(0.011208988 1.4687853e-05 0)
(0.011395728 1.2789818e-05 0)
(0.01157858 1.1041146e-05 0)
(0.011758141 9.4896928e-06 0)
(0.011932659 8.1104309e-06 0)
(0.012102152 6.8870432e-06 0)
(0.012264492 5.8220644e-06 0)
(0.012421283 4.8566498e-06 0)
(0.012566391 4.0740348e-06 0)
(0.01271031 3.2284246e-06 0)
(0.012823952 2.9191819e-06 0)
(0.012981501 1.6322853e-06 0)
(0.010670868 6.3907633e-05 0)
(0.010850274 5.7675822e-05 0)
(0.011039485 5.0817707e-05 0)
(0.011223265 4.43534e-05 0)
(0.011408058 3.8635245e-05 0)
(0.011589206 3.3365039e-05 0)
(0.011767274 2.8685626e-05 0)
(0.011940499 2.4523304e-05 0)
(0.012108879 2.0829547e-05 0)
(0.012270269 1.7612604e-05 0)
(0.012426258 1.4695361e-05 0)
(0.012570698 1.2329297e-05 0)
(0.012714068 9.7730168e-06 0)
(0.0128273 8.8362857e-06 0)
(0.012984345 4.9292014e-06 0)
(0.010716106 0.00010692959 0)
(0.010889434 9.6584063e-05 0)
(0.01107373 8.5178389e-05 0)
(0.011252971 7.4412047e-05 0)
(0.01143372 6.4867766e-05 0)
(0.011611327 5.6061841e-05 0)
(0.011786288 4.8230837e-05 0)
(0.011956821 4.1257306e-05 0)
(0.012122881 3.5062224e-05 0)
(0.012282291 2.9661455e-05 0)
(0.012436602 2.4759929e-05 0)
(0.012579646 2.0781606e-05 0)
(0.012721863 1.6480555e-05 0)
(0.012834231 1.4900937e-05 0)
(0.012990217 8.3048311e-06 0)
(0.010786253 0.00014949244 0)
(0.010950225 0.00013519657 0)
(0.011126933 0.00011941828 0)
(0.011299158 0.000104471 0)
(0.011473647 9.1182961e-05 0)
(0.011645762 7.8898502e-05 0)
(0.011815899 6.7948033e-05 0)
(0.011982246 5.8178994e-05 0)
(0.012144693 4.9485599e-05 0)
(0.012301015 4.1895216e-05 0)
(0.012452703 3.4997005e-05 0)
(0.012593563 2.9392624e-05 0)
(0.012733967 2.3325022e-05 0)
(0.012844968 2.1092169e-05 0)
(0.012999294 1.1766711e-05 0)
(0.010882415 0.00019074065 0)
(0.011033706 0.00017278902 0)
(0.011200084 0.00015297087 0)
(0.011362742 0.00013408281 0)
(0.011528672 0.00011723247 0)
(0.01169326 0.00010160688 0)
(0.011856773 8.7632286e-05 0)
(0.01201736 7.5133323e-05 0)
(0.012174826 6.3983474e-05 0)
(0.012326885 5.4227612e-05 0)
(0.012474944 4.5343493e-05 0)
(0.012612775 3.8116658e-05 0)
(0.012750648 3.0274726e-05 0)
(0.012859732 2.7384301e-05 0)
(0.013011754 1.5283625e-05 0)
(0.011005274 0.00022974212 0)
(0.011140622 0.00020857136 0)
(0.011293928 0.00018520998 0)
(0.011444455 0.00016275041 0)
(0.011599493 0.00014262647 0)
(0.011754473 0.00012388501 0)
(0.011909507 0.00010705142 0)
(0.012062703 9.1943567e-05 0)
(0.012213761 7.8422613e-05 0)
(0.012360322 6.6559135e-05 0)
(0.012503691 5.5726102e-05 0)
(0.012637599 4.6900117e-05 0)
(0.01277217 3.7291961e-05 0)
(0.01287874 3.3748898e-05 0)
(0.013027791 1.8843215e-05 0)
(0.011155002 0.0002655115 0)
(0.011271326 0.00024170593 0)
(0.011408904 0.0002154614 0)
(0.011544801 0.00018993462 0)
(0.011686635 0.00016693819 0)
(0.011829924 0.00014539962 0)
(0.011974605 0.00012594729 0)
(0.012118746 0.00010841184 0)
(0.012261931 9.2652823e-05 0)
(0.012401718 7.8776852e-05 0)
(0.012539288 6.6061086e-05 0)
(0.012668335 5.5681099e-05 0)
(0.012798782 4.43326e-05 0)
(0.012902203 4.0156333e-05 0)
(0.013047618 2.2448464e-05 0)
(0.011331181 0.00029704253 0)
(0.01142571 0.00027133201 0)
(0.011545089 0.00024301934 0)
(0.011663998 0.00021506519 0)
(0.011790407 0.00018971103 0)
(0.011919975 0.0001657905 0)
(0.012052451 0.00014403833 0)
(0.012185874 0.00012432047 0)
(0.012319706 0.00010650758 0)
(0.012451417 9.0754592e-05 0)
(0.012582052 7.6254185e-05 0)
(0.012705265 6.4389125e-05 0)
(0.012830723 5.1345803e-05 0)
(0.012930327 4.6546739e-05 0)
(0.013071429 2.6073248e-05 0)
(0.011532733 0.00032334818 0)
(0.011603146 0.00029659652 0)
(0.011702136 0.00026716774 0)
(0.011801939 0.00023755545 0)
(0.011910865 0.00021046836 0)
(0.012024792 0.00018467679 0)
(0.012143283 0.0001610235 0)
(0.012264363 0.00013943429 0)
(0.012387376 0.00011980531 0)
(0.012509708 0.00010235358 0)
(0.012632256 8.6200855e-05 0)
(0.012748643 7.2945107e-05 0)
(0.012868209 5.8274268e-05 0)
(0.012963331 5.2874816e-05 0)
(0.013099399 2.9679584e-05 0)
(0.01175787 0.00034350697 0)
(0.011802425 0.00031669017 0)
(0.011879232 0.00028720642 0)
(0.011958139 0.00025682084 0)
(0.012047769 0.00022872629 0)
(0.012144315 0.0002016655 0)
(0.012247163 0.00017658775 0)
(0.012354357 0.00015350412 0)
(0.012465135 0.00013235148 0)
(0.012576808 0.00011342361 0)
(0.012690122 9.578685e-05 0)
(0.012798683 8.1261824e-05 0)
(0.012911446 6.505525e-05 0)
(0.013001435 5.9131777e-05 0)
(0.013131679 3.323073e-05 0)
(0.01200407 0.00035671387 0)
(0.012021732 0.00033088772 0)
(0.012075054 0.00030248143 0)
(0.012131701 0.00027230077 0)
(0.012200552 0.00024400923 0)
(0.012278222 0.00021636216 0)
(0.012363954 0.00019040925 0)
(0.012455847 0.00016627143 0)
(0.012553058 0.00014394149 0)
(0.012652847 0.0001238048 0)
(0.012755811 0.00010488923 0)
(0.012855556 8.9244813e-05 0)
(0.012960615 7.1620687e-05 0)
(0.013044788 6.5258196e-05 0)
(0.01316839 3.6746277e-05 0)
(0.012268093 0.00036233272 0)
(0.012258628 0.00033859031 0)
(0.012287754 0.00031241847 0)
(0.012321289 0.00028348338 0)
(0.012368285 0.00025586806 0)
(0.012425904 0.00022838369 0)
(0.012493289 0.0002021682 0)
(0.012568646 0.00017747427 0)
(0.012651087 0.0001543646 0)
(0.012737854 0.00013333006 0)
(0.012829405 0.00011337781 0)
(0.012919376 9.6793146e-05 0)
(0.013015845 7.7896498e-05 0)
(0.01309349 7.1154336e-05 0)
(0.013209633 4.0186878e-05 0)
(0.012546031 0.00035994628 0)
(0.012510073 0.00033936719 0)
(0.012514956 0.00031655772 0)
(0.012525112 0.00028993216 0)
(0.012549663 0.00026390043 0)
(0.012586441 0.0002373731 0)
(0.012634552 0.00021155734 0)
(0.012692368 0.00018685453 0)
(0.012759009 0.00016340878 0)
(0.012831737 0.00014182827 0)
(0.012910898 0.00012111719 0)
(0.01299019 0.00010380033 0)
(0.013077211 8.3802201e-05 0)
(0.01314763 7.6773565e-05 0)
(0.013255496 4.3496393e-05 0)
(0.012833402 0.00034939947 0)
(0.012772477 0.00033299348 0)
(0.012753784 0.00031458775 0)
(0.012740933 0.00029131311 0)
(0.012742993 0.00026777215 0)
(0.012758589 0.00024301575 0)
(0.01278686 0.0002182938 0)
(0.012826414 0.00019416639 0)
(0.012876439 0.00017086659 0)
(0.012934275 0.00014912826 0)
(0.013000183 0.0001279693 0)
(0.013067969 0.00011015582 0)
(0.013144734 8.9252619e-05 0)
(0.013207269 8.2052185e-05 0)
(0.013306041 4.6648537e-05 0)
(0.013125295 0.00033083073 0)
(0.013041793 0.00031948015 0)
(0.013000918 0.00030637574 0)
(0.012966097 0.00028742044 0)
(0.012946208 0.00026723881 0)
(0.012940776 0.00024505629 0)
(0.012949053 0.00022213209 0)
(0.012969954 0.00019918592 0)
(0.01300281 0.000176542 0)
(0.013045097 0.00015506353 0)
(0.013097039 0.00013379656 0)
(0.013152597 0.0001157473 0)
(0.013218378 9.4163602e-05 0)
(0.01327242 8.6914497e-05 0)
(0.013361294 4.9607555e-05 0)
(0.013416548 0.00030468717 0)
(0.013313639 0.00029909262 0)
(0.013252675 0.00029199095 0)
(0.013197578 0.000278199 0)
(0.013156894 0.00026216586 0)
(0.013131115 0.00024331564 0)
(0.013119693 0.0002228775 0)
(0.013121923 0.0002017213 0)
(0.013137356 0.000180258 0)
(0.013163677 0.00015947769 0)
(0.013201119 0.00013846573 0)
(0.013243862 0.00012046354 0)
(0.013298033 9.844898e-05 0)
(0.013343036 9.1282948e-05 0)
(0.013421246 5.2333039e-05 0)
(0.013701962 0.00027171951 0)
(0.013583457 0.00027235451 0)
(0.013505127 0.00027171837 0)
(0.013432062 0.00026376079 0)
(0.013372331 0.00025254572 0)
(0.013327424 0.00023770656 0)
(0.013297075 0.00022039937 0)
(0.01328102 0.0002016235 0)
(0.013279112 0.00018186476 0)
(0.013289318 0.00016223051 0)
(0.01331194 0.00014185228 0)
(0.013341444 0.00012419747 0)
(0.013383508 0.0001020198 0)
(0.013419009 9.5080385e-05 0)
(0.013485846 5.4782934e-05 0)
(0.013976533 0.00023295494 0)
(0.013846699 0.00024003434 0)
(0.013754243 0.00024605981 0)
(0.013666047 0.00024439357 0)
(0.01358957 0.00023850995 0)
(0.013527276 0.0002282468 0)
(0.01347925 0.00021464323 0)
(0.01344572 0.00019879671 0)
(0.013426915 0.00018124802 0)
(0.013421157 0.00016320438 0)
(0.01342888 0.00014384516 0)
(0.013444912 0.00012684949 0)
(0.013474517 0.00010479419 0)
(0.013500159 9.8230099e-05 0)
(0.013554995 5.6914492e-05 0)
(0.014235686 0.00018964805 0)
(0.014099023 0.0002031142 0)
(0.013996039 0.0002157206 0)
(0.013895962 0.0002205596 0)
(0.013805514 0.00022033486 0)
(0.013728054 0.00021506826 0)
(0.013664063 0.00020564087 0)
(0.013614291 0.00019320785 0)
(0.013579408 0.00017833738 0)
(0.01355816 0.000162311 0)
(0.013551172 0.00014435194 0)
(0.013553712 0.00012833139 0)
(0.013570683 0.00010669597 0)
(0.013586227 0.00010065739 0)
(0.01362854 5.8685007e-05 0)
(0.014475483 0.00014321236 0)
(0.014336486 0.0001627417 0)
(0.014226755 0.00018158143 0)
(0.014118306 0.00019288314 0)
(0.014017027 0.00019843911 0)
(0.013927028 0.00019842095 0)
(0.013849203 0.00019351732 0)
(0.013784831 0.00018489454 0)
(0.013735065 0.00017311377 0)
(0.013699132 0.00015949783 0)
(0.013677904 0.00014330397 0)
(0.013667167 0.00012857039 0)
(0.013671526 0.00010765855 0)
(0.013676874 0.000102292 0)
(0.013706272 6.0052812e-05 0)
(0.014692804 9.5136749e-05 0)
(0.014555724 0.00012016878 0)
(0.014443012 0.00014465603 0)
(0.014329791 0.00016212655 0)
(0.014221049 0.00017337247 0)
(0.014121444 0.0001786707 0)
(0.01403227 0.00017849369 0)
(0.013955307 0.00017397046 0)
(0.013892214 0.00016561572 0)
(0.013842733 0.00015475405 0)
(0.013808028 0.00014066147 0)
(0.013784475 0.00012751353 0)
(0.013776462 0.00010763168 0)
(0.013771674 0.00010307209 0)
(0.013787919 6.0978914e-05 0)
(0.01488546 4.6896322e-05 0)
(0.014754096 7.6683094e-05 0)
(0.014641961 0.00010603769 0)
(0.014527482 0.0001291549 0)
(0.014414717 0.00014579492 0)
(0.014308626 0.00015628914 0)
(0.014210852 0.00016088442 0)
(0.014123617 0.00016062716 0)
(0.014049075 0.00015594337 0)
(0.0139875 0.00014811528 0)
(0.013940375 0.00013641798 0)
(0.013904715 0.00012513191 0)
(0.013884804 0.00010657352 0)
(0.013870113 0.00010295013 0)
(0.013873145 6.1429516e-05 0)
(0.015052256 -1.0421512e-07 0)
(0.014929785 3.3529934e-05 0)
(0.014821402 6.6840015e-05 0)
(0.014708919 9.4892268e-05 0)
(0.014595486 0.00011644632 0)
(0.01448608 0.00013183626 0)
(0.014382607 0.00014108863 0)
(0.014287648 0.00014513136 0)
(0.014203811 0.00014425939 0)
(0.014131881 0.00013966665 0)
(0.014073669 0.00013060338 0)
(0.014026851 0.00012142311 0)
(0.013995712 0.00010444324 0)
(0.013971593 0.00010188071 0)
(0.013961506 6.1375865e-05 0)
(0.01519297 -4.4471064e-05 0)
(0.015081856 -8.2183173e-06 0)
(0.014979855 2.8142093e-05 0)
(0.014872219 6.0282291e-05 0)
(0.014761232 8.611277e-05 0)
(0.014651592 0.00010594037 0)
(0.014545358 0.00011957884 0)
(0.014445357 0.00012782018 0)
(0.014354577 0.00013078762 0)
(0.014274271 0.00012954408 0)
(0.014206554 0.0001232837 0)
(0.01414976 0.00011640808 0)
(0.014108146 0.0001012613 0)
(0.014075373 9.9834288e-05 0)
(0.014052458 6.078285e-05 0)
(0.014410358 -0.0023947088 -8.5607847e-23)
(0.014831267 -0.0022371521 2.0663662e-23)
(0.015150079 -0.0019565625 -1.5571934e-23)
(0.015302609 -0.0015170624 5.2068211e-22)
(0.015325753 -0.0010452928 1.0450393e-21)
(0.015304329 -0.00066210979 0)
(0.015277711 -0.00039207478 0)
(0.015242947 -0.00019603046 0)
(0.015157652 -5.3832348e-05 -6.747674e-22)
(0.014329751 -0.0026413985 7.971153e-23)
(0.01472654 -0.0024160455 0)
(0.015018717 -0.0020472619 0)
(0.015169652 -0.0015441259 -5.4895997e-22)
(0.01521882 -0.0010483462 -9.5819382e-22)
(0.015230913 -0.00066222572 -5.3614958e-21)
(0.015229388 -0.00039247757 -1.4781542e-20)
(0.015210356 -0.00019747815 -1.9844521e-20)
(0.015133697 -5.5992018e-05 0)
(0.014148847 -0.0028159441 0)
(0.014541797 -0.0025310682 0)
(0.014843238 -0.0020921628 0)
(0.015021043 -0.001545816 0)
(0.015109616 -0.0010393253 -5.0224714e-22)
(0.015157839 -0.00065528544 5.6000201e-21)
(0.015181306 -0.00038784045 3.102991e-20)
(0.015177593 -0.00019538295 1.7880368e-20)
(0.01511195 -5.5799818e-05 1.8128627e-21)
(0.013923465 -0.002921737 1.757901e-22)
(0.014323238 -0.0025856844 0)
(0.014649123 -0.0020954211 -3.7338653e-21)
(0.014866578 -0.0015248697 -4.297609e-21)
(0.015000157 -0.0010185176 1.2619732e-20)
(0.015085698 -0.00064124439 -2.1957997e-21)
(0.01513443 -0.00037906494 -1.8280231e-20)
(0.015146397 -0.00019152259 -1.3652287e-21)
(0.015093341 -5.4953652e-05 1.0193421e-20)
(0.013665208 -0.0029613947 6.9656845e-22)
(0.014083721 -0.0025851053 -2.9787746e-22)
(0.014445808 -0.0020618546 7.8856766e-21)
(0.014711231 -0.0014835584 4.3478728e-21)
(0.014892649 -0.00098636385 -9.5417419e-19)
(0.015015517 -0.0006202536 -7.7292419e-19)
(0.015089226 -0.0003662543 -4.4655991e-20)
(0.01511655 -0.00018575067 5.5228079e-20)
(0.0150769 -5.3326596e-05 0)
(0.013385659 -0.0029372829 -3.4984124e-21)
(0.013833279 -0.0025335087 4.1568922e-21)
(0.014240257 -0.0019949924 -4.4264705e-21)
(0.014558516 -0.0014233546 0)
(0.014788602 -0.00094320471 6.762712e-19)
(0.014948057 -0.00059248515 9.4067163e-19)
(0.01504619 -0.00034948559 9.7149855e-20)
(0.015088303 -0.00017796406 7.3362044e-20)
(0.015062555 -5.110483e-05 1.6042354e-19)
(0.013096308 -0.0028527163 3.0386243e-21)
(0.013580892 -0.002435214 -9.1416595e-21)
(0.014038271 -0.0018979436 0)
(0.014411362 -0.0013455188 0)
(0.014689373 -0.00088945929 1.9256881e-20)
(0.014884028 -0.00055819803 8.6877312e-20)
(0.015005731 -0.0003288782 -5.4350793e-20)
(0.015062135 -0.00016803913 -1.1542691e-19)
(0.015050498 -4.8678022e-05 -3.4634926e-19)
(0.012807676 -0.0027118341 -2.0169451e-21)
(0.013334312 -0.0022945846 5.7485232e-21)
(0.013844662 -0.0017735869 0)
(0.014272257 -0.0012512963 1.9647718e-21)
(0.014596204 -0.0008256707 -1.5692945e-21)
(0.014824077 -0.0005177414 -4.7623548e-20)
(0.014968228 -0.00030461621 0)
(0.015038832 -0.00015599144 0)
(0.0150379 -4.5848977e-05 2.0051475e-19)
(0.012528991 -0.0025193786 2.3186501e-21)
(0.013100086 -0.0021159154 5.6257505e-21)
(0.01366342 -0.0016246399 0)
(0.014143341 -0.001141983 -2.0272298e-20)
(0.014510242 -0.00075250454 0)
(0.0147688 -0.00047155169 -6.0676014e-20)
(0.014934027 -0.00027702527 7.4157361e-20)
(0.015017776 -0.0001420717 -2.8437295e-21)
(0.015027652 -4.2210704e-05 -2.1842962e-19)
(0.012268256 -0.0022805001 6.5796906e-21)
(0.012883751 -0.0019034545 -1.4700741e-20)
(0.013497892 -0.0014537545 0)
(0.014026474 -0.0010189672 2.3114346e-20)
(0.014432553 -0.00067074131 2.179528e-20)
(0.014718766 -0.00042014745 1.2499654e-19)
(0.014903497 -0.00024668954 -1.4530861e-19)
(0.015000077 -0.00012627486 -1.9132682e-19)
(0.015018253 -3.7714688e-05 1.2773067e-20)
(0.012032349 -0.0020006915 -9.8739261e-21)
(0.012689982 -0.0016614616 7.2632732e-21)
(0.013350905 -0.0012635963 0)
(0.013923271 -0.00088375183 0)
(0.014364136 -0.00058127337 1.6118863e-21)
(0.014674616 -0.00036405493 -6.1870794e-20)
(0.014875038 -0.00021392999 1.5705798e-19)
(0.014983748 -0.00010925095 8.0251738e-20)
(0.015011378 -3.2665719e-05 2.675737e-19)
(0.011827076 -0.001685744 5.2146492e-21)
(0.012522686 -0.0013942536 7.2923336e-22)
(0.01322483 -0.0010568969 9.1494355e-21)
(0.013835113 -0.00073796047 1.1670423e-20)
(0.014305826 -0.00048508917 -6.0530131e-20)
(0.01463719 -0.00030379429 0)
(0.014851372 -0.00017870672 -8.6652871e-20)
(0.0149702 -9.1261685e-05 1.070373e-19)
(0.015005078 -2.7242392e-05 -1.8482593e-20)
(0.01165721 -0.0013416991 -2.4117261e-21)
(0.012385063 -0.0011062318 1.2385034e-21)
(0.013121625 -0.00083647816 -9.6338663e-21)
(0.013763163 -0.00058333129 -1.4548602e-20)
(0.014258312 -0.00038326663 3.0903366e-20)
(0.014606834 -0.00023997567 6.165825e-21)
(0.014832744 -0.00014112409 -4.7260837e-20)
(0.014960005 -7.2001934e-05 -4.3850389e-21)
(0.014999885 -2.1556274e-05 1.685211e-19)
(0.011526531 -0.00097480323 0)
(0.012279644 -0.00080189116 0)
(0.013042851 -0.00060525881 -1.3449733e-21)
(0.013708363 -0.00042170439 -1.3734999e-20)
(0.014222162 -0.00027696369 2.0335956e-21)
(0.014583749 -0.00017334854 2.0402416e-20)
(0.01481854 -0.00010184744 5.0046177e-20)
(0.014952266 -5.1943788e-05 -7.4666843e-20)
(0.014995736 -1.5517763e-05 -1.8305494e-19)
(0.011437855 -0.00059147092 -8.9514224e-22)
(0.012208318 -0.00048582401 0)
(0.01298968 -0.00036625807 0)
(0.013671428 -0.00025502192 7.5639827e-21)
(0.014197816 -0.0001674278 -1.0733067e-20)
(0.014568182 -0.0001047326 -2.2663763e-20)
(0.014808768 -6.1472948e-05 0)
(0.014946335 -3.1394104e-05 3.814513e-20)
(0.014993434 -9.2943602e-06 0)
(0.01139305 -0.0001982601 1.1218476e-21)
(0.012172341 -0.00016272775 -1.7630527e-22)
(0.012962898 -0.00012260867 0)
(0.013652843 -8.5345826e-05 7.6407028e-21)
(0.014185571 -5.6020462e-05 9.9790748e-21)
(0.014560343 -3.5030583e-05 5.0165188e-22)
(0.01480382 -2.0565498e-05 0)
(0.014943328 -1.0580226e-05 4.7170208e-20)
(0.014992329 -2.9674385e-06 1.9736798e-21)
(0.014581525 -0.0020017993 0)
(0.014784282 -0.0016324674 3.6817535e-19)
(0.014955791 -0.0013189013 4.0740393e-19)
(0.015090727 -0.0010662723 5.6655236e-24)
(0.015193153 -0.00087035037 4.5003094e-19)
(0.015266349 -0.00071932246 4.4316271e-19)
(0.015315885 -0.00060086661 0)
(0.015348396 -0.0005050749 3.7545974e-21)
(0.015369311 -0.00042528594 -2.9628268e-22)
(0.015381966 -0.00035738549 -2.651454e-21)
(0.015387887 -0.00029903972 -4.8373308e-21)
(0.015386841 -0.00024793486 0)
(0.015380161 -0.00020438361 -3.3948591e-24)
(0.01536117 -0.00016178243 3.0492042e-18)
(0.015353377 -0.00013628241 2.5132269e-18)
(0.014996627 -0.0019337781 4.2520478e-22)
(0.015190075 -0.0016265487 -3.5730971e-19)
(0.0153239 -0.0013649535 -4.0020266e-19)
(0.015413296 -0.0011476005 1.6377557e-21)
(0.015470038 -0.00096912391 0)
(0.015501961 -0.00082197306 2.7607679e-23)
(0.015517741 -0.00069900415 -2.769742e-23)
(0.015523875 -0.00059457301 0)
(0.015524333 -0.00050490378 -3.2281447e-21)
(0.015520733 -0.0004275875 4.3948211e-22)
(0.015513211 -0.00036082717 4.7374666e-21)
(0.015501056 -0.00030267484 -1.7228927e-23)
(0.0154846 -0.00025272828 0)
(0.015459832 -0.00020538418 -3.3710207e-18)
(0.015443091 -0.00017498042 -2.7595335e-18)
(0.015291163 -0.0017813653 -3.376155e-22)
(0.015430869 -0.001576133 5.2893773e-22)
(0.015522895 -0.0013805013 1.2475733e-21)
(0.015580472 -0.0012042848 -1.3022827e-21)
(0.015616139 -0.0010486453 -3.4135725e-23)
(0.015636916 -0.00091092996 0)
(0.0156473 -0.00078880813 -3.4600946e-23)
(0.015650216 -0.0006810595 1.0053182e-21)
(0.015647328 -0.00058593868 -2.3375409e-24)
(0.015639654 -0.00050286727 2.2641544e-21)
(0.015626935 -0.0004303684 -2.1157315e-21)
(0.015609625 -0.00036699743 0)
(0.015588449 -0.00031155886 0)
(0.015562182 -0.00026091983 1.3153319e-21)
(0.015540285 -0.00022324414 0)
(0.015415102 -0.001435345 0)
(0.015500131 -0.0013199744 4.5121934e-23)
(0.01556257 -0.0012000001 -1.8511021e-22)
(0.015608692 -0.0010844884 2.4756671e-22)
(0.015643369 -0.00097571463 3.0812017e-22)
(0.015668143 -0.00087430986 -2.6592087e-23)
(0.015683399 -0.00078067738 0)
(0.015691899 -0.0006942476 -1.100505e-21)
(0.015691959 -0.00061452734 -8.2021913e-22)
(0.015687447 -0.00054230771 0)
(0.015677523 -0.00047669623 0)
(0.01566385 -0.00041698668 8.1115206e-22)
(0.015647216 -0.00036285545 -7.9204441e-22)
(0.015627618 -0.00031332923 -3.184002e-22)
(0.0156086 -0.00027073718 7.4223811e-22)
(0.015404835 -0.001017806 0)
(0.015450651 -0.00096574027 1.508179e-24)
(0.015490524 -0.00090839181 1.0913949e-22)
(0.015524422 -0.00085013662 -1.421955e-22)
(0.015552617 -0.00079189552 -1.8135054e-22)
(0.015575365 -0.0007341568 0)
(0.015593136 -0.00067731508 0)
(0.015606201 -0.00062176391 2.6735327e-22)
(0.015615298 -0.00056810128 5.6522407e-22)
(0.015620644 -0.00051623782 -4.5220376e-23)
(0.015622831 -0.00046660077 -1.9685781e-22)
(0.015622458 -0.00041954016 -5.9886562e-22)
(0.015619757 -0.00037581022 5.9253966e-22)
(0.015615246 -0.00033483247 -2.8541263e-22)
(0.01560926 -0.00029538859 -5.4399045e-22)
(0.015354088 -0.00065715938 4.4215625e-23)
(0.01537622 -0.00063646293 -2.8170126e-23)
(0.015397822 -0.00061231215 4.9875747e-23)
(0.015418141 -0.00058662656 -6.7669771e-23)
(0.015436889 -0.00055978476 -4.2028131e-23)
(0.015454093 -0.00053200046 1.7609468e-23)
(0.015469767 -0.00050348437 2.5478355e-23)
(0.015483897 -0.00047443847 1.3698219e-23)
(0.015496479 -0.00044507766 0)
(0.015507534 -0.00041563117 8.61201e-25)
(0.015517096 -0.00038632258 1.6466125e-22)
(0.015525206 -0.00035733849 -1.5097594e-23)
(0.015531959 -0.00032880601 1.000452e-23)
(0.01553763 -0.00030084995 -2.0500604e-22)
(0.015541542 -0.00027346979 8.9346333e-24)
(0.015308507 -0.0003947781 -5.9048949e-23)
(0.015318691 -0.00038736639 -1.7570195e-23)
(0.015329377 -0.00037832871 0)
(0.015340123 -0.00036846605 0)
(0.015350744 -0.00035788879 -1.1734674e-22)
(0.015361235 -0.00034662502 2.5728605e-22)
(0.015371577 -0.00033469569 -4.6401834e-23)
(0.015381718 -0.00032212649 5.9854061e-23)
(0.015391608 -0.00030895028 -2.3563659e-22)
(0.015401206 -0.00029520456 2.2549077e-22)
(0.015410477 -0.00028093132 -1.1278682e-22)
(0.015419396 -0.00026617853 0)
(0.015427943 -0.00025100187 0)
(0.015436165 -0.00023545352 0)
(0.0154436 -0.00021953527 0)
(0.015263862 -0.0002008513 1.5963653e-23)
(0.015268378 -0.00019859978 -6.9889848e-23)
(0.015273463 -0.00019570231 9.7317904e-23)
(0.015278835 -0.00019247668 -1.9466557e-22)
(0.015284373 -0.00018895125 4.5488702e-22)
(0.015290107 -0.00018511834 -2.1156101e-22)
(0.015296056 -0.0001809666 2.7985882e-23)
(0.015302215 -0.0001764864 -4.4111568e-23)
(0.015308575 -0.00017167105 0)
(0.015315128 -0.00016651743 -2.1627187e-22)
(0.015321869 -0.00016102684 2.2776396e-22)
(0.015328787 -0.00015520578 -2.7703802e-22)
(0.015335871 -0.00014906642 2.2743465e-22)
(0.015343129 -0.00014262739 -1.0597712e-22)
(0.01535038 -0.0001359023 1.0811503e-22)
(0.01517416 -5.7909718e-05 -1.0545286e-23)
(0.015176704 -5.7458602e-05 0)
(0.015179634 -5.6840182e-05 2.620923e-22)
(0.015182784 -5.6143571e-05 -5.4894931e-22)
(0.015186102 -5.5374431e-05 2.705844e-22)
(0.015189617 -5.4529219e-05 0)
(0.015193348 -5.3603568e-05 -1.7465173e-23)
(0.015197303 -5.2593669e-05 0)
(0.015201485 -5.1496465e-05 0)
(0.015205902 -5.0309818e-05 0)
(0.015210558 -4.9032818e-05 6.5288599e-22)
(0.015215458 -4.7666304e-05 -6.4779117e-22)
(0.015220603 -4.6214221e-05 0)
(0.015225976 -4.4691907e-05 0)
(0.015231746 -4.3142577e-05 0)
(0.015293494 -7.9900186e-05 0)
(0.015193791 -4.2648442e-05 0)
(0.015098994 -4.2546279e-06 0)
(0.014997656 3.0663605e-05 0)
(0.014891196 5.9564084e-05 0)
(0.01478384 8.2742664e-05 0)
(0.014677678 9.9841103e-05 0)
(0.014575643 0.00011153479 0)
(0.014480966 0.00011776432 0)
(0.01439524 0.00011944836 0)
(0.014320803 0.00011570081 0)
(0.01425655 0.000110947 0)
(0.014206575 9.7616195e-05 0)
(0.014167008 9.7205549e-05 0)
(0.014133493 5.977117e-05 0)
(0.015388188 -0.00011719622 0)
(0.015302189 -7.8793271e-05 0)
(0.015216308 -3.8906399e-05 0)
(0.015123453 -1.5504253e-06 0)
(0.015023764 3.0243303e-05 0)
(0.014920827 5.6661395e-05 0)
(0.014816694 7.7265186e-05 0)
(0.014714314 9.2584982e-05 0)
(0.014617108 0.00010233418 0)
(0.014526968 0.00010723973 0)
(0.014446435 0.00010632627 0)
(0.014375018 0.00010398662 0)
(0.014316541 9.2841066e-05 -1.5617777e-19)
(0.014269921 9.3540414e-05 -1.1818039e-19)
(0.014225218 5.8277975e-05 0)
(0.015496286 -0.00016903446 0)
(0.015432127 -0.0001287243 0)
(0.015362304 -8.8334649e-05 0)
(0.015285079 -4.9017964e-05 0)
(0.01519933 -1.4054311e-05 0)
(0.015107215 1.6099158e-05 0)
(0.015010544 4.1177531e-05 0)
(0.014912099 6.147133e-05 0)
(0.014815344 7.6290932e-05 0)
(0.014722416 8.597817e-05 0)
(0.014635994 8.9498208e-05 0)
(0.014556478 9.091268e-05 0)
(0.014487197 8.3541804e-05 2.2620729e-19)
(0.014430745 8.6108103e-05 1.7373448e-19)
(0.014370288 5.4952526e-05 0)
(0.015582321 -0.00022540457 0)
(0.015547607 -0.00018732982 0)
(0.015503923 -0.00014876452 0)
(0.015452395 -0.00011016019 0)
(0.015391755 -7.3811122e-05 0)
(0.015322116 -4.1131147e-05 0)
(0.015244425 -1.2168709e-05 0)
(0.015160763 1.3366608e-05 0)
(0.015074113 3.4195414e-05 0)
(0.014986328 4.9996009e-05 0)
(0.014899818 5.9746088e-05 0)
(0.014815933 6.6525681e-05 0)
(0.014737407 6.5331696e-05 0)
(0.014670422 7.0527372e-05 0)
(0.014590947 4.7918421e-05 0)
(0.015602497 -0.00025987438 0)
(0.015593262 -0.00022889795 0)
(0.015578228 -0.00019697913 0)
(0.015556726 -0.00016408232 0)
(0.015528046 -0.0001324546 0)
(0.015492598 -0.00010410372 0)
(0.015450005 -7.6722708e-05 0)
(0.015397995 -4.9360051e-05 0)
(0.015339566 -2.4747892e-05 0)
(0.015275125 -3.8633443e-06 0)
(0.015205743 1.2224563e-05 0)
(0.015132773 2.505706e-05 0)
(0.015057964 3.183122e-05 0)
(0.014990343 3.9918773e-05 0)
(0.014898853 3.1637553e-05 0)
(0.015545812 -0.00025070423 0)
(0.015550964 -0.00023068414 0)
(0.015553794 -0.00021043035 0)
(0.015552611 -0.00018846491 0)
(0.015548108 -0.00016432859 0)
(0.015540179 -0.00014016585 0)
(0.015527491 -0.00011591463 0)
(0.015510842 -9.2700149e-05 0)
(0.015489713 -7.1180883e-05 0)
(0.015462967 -5.2841207e-05 0)
(0.015432272 -3.8337773e-05 0)
(0.015395691 -2.620005e-05 0)
(0.015353225 -1.6186136e-05 0)
(0.015310379 -7.2205344e-06 0)
(0.015239627 -5.0246903e-07 0)
(0.015451296 -0.00020647819 0)
(0.015460035 -0.00019465386 0)
(0.015468468 -0.00018165625 0)
(0.015476091 -0.00016753548 0)
(0.01548281 -0.00015243192 0)
(0.015488349 -0.00013676582 0)
(0.015492281 -0.00012120909 0)
(0.015494336 -0.00010616995 0)
(0.015493299 -9.0726749e-05 0)
(0.015490651 -7.5190038e-05 0)
(0.015485074 -6.0941894e-05 0)
(0.015477437 -4.8291909e-05 0)
(0.015468841 -3.8342473e-05 0)
(0.015459245 -3.1864793e-05 0)
(0.015441888 -2.4551315e-05 0)
(0.015357574 -0.00013031356 0)
(0.015365498 -0.00012526616 0)
(0.015373764 -0.00011952575 0)
(0.015382134 -0.00011298289 0)
(0.015390658 -0.00010560994 0)
(0.01539923 -9.7437103e-05 1.2845261e-34)
(0.015407664 -8.8551948e-05 -1.3383213e-34)
(0.015415852 -7.914399e-05 0)
(0.015423695 -6.9505435e-05 0)
(0.015430978 -6.0007707e-05 0)
(0.01543758 -5.1235863e-05 0)
(0.015443283 -4.3879411e-05 0)
(0.015448379 -3.8213888e-05 0)
(0.01545241 -3.4223706e-05 0)
(0.015455583 -2.8935776e-05 0)
(0.015236911 -4.1539805e-05 0)
(0.015243004 -4.0194875e-05 0)
(0.015249305 -3.8660367e-05 0)
(0.015256003 -3.6887756e-05 0)
(0.015263243 -3.4861445e-05 0)
(0.015270945 -3.2574242e-05 0)
(0.015278983 -3.0032543e-05 0)
(0.015287237 -2.7259295e-05 0)
(0.015295569 -2.4289574e-05 0)
(0.015303817 -2.1181908e-05 0)
(0.015311817 -1.8034028e-05 0)
(0.01531946 -1.4959001e-05 0)
(0.015326855 -1.2137807e-05 0)
(0.015333653 -1.0125031e-05 0)
(0.015343522 -8.7974316e-06 0)
)
;

boundaryField
{
    inlet
    {
        type            fixedValue;
        value           uniform (0.015 0 0);
    }
    outlet
    {
        type            zeroGradient;
    }
    cylinder
    {
        type            noSlip;
    }
    frontAndBack
    {
        type            empty;
    }
}


// ************************************************************************* //
